<?xml version="1.0" encoding="utf-8" ?>
<ROOT>
<ACE-OF-CUPS-ONE >Dette kortet indikerer at du nå føler fornøyd med deg selv og følelser av kjærlighet, glede og romantikk styre tankene dine. Mest sannsynlig vil du komme i kontakt med noen som liker deg, og dette kan bli til en romantisk date. Hvis du allerede er i et forhold så kan du og partneren din tenker på å gifte dere. </ACE-OF-CUPS-ONE >
<TWO-OF-CUPS-ONE >Du vil se din romantiske liv avgjort og løse problemene som du og partneren din har. Du føler rastløs og er ikke i stand til å gi din fulle oppmerksomhet til din partner på grunn av noe som plager deg, og dette forvirrer deg mer. Du må være sterk og ta noen konkrete beslutninger om dine følelser. </TWO-OF-CUPS-ONE >
<THREE-OF-CUPS-ONE >Dette kortet viser at du føler deg veldig sårbar på denne tiden og ønsker å bli tatt vare på. Du vil også prøve å uttrykke din omsorg og medfølelse mot din partner og dine kjære. Ting vil bli glatt veldig snart, og etter hvert vil du finne romantikk vokser i ditt liv. </THREE-OF-CUPS-ONE >
<FOUR-OF-CUPS-ONE >Dette kortet indikerer at du kan ha et sterkt ønske om en partner nå. Hvis du allerede er i et forhold, vil du føle deg svært nær partneren din og ønsker å løse krangler, hvis det er noen. Denne gangen kan være litt urolig for deg siden du prøver å sortere ut problemer med partneren din og prøver å komme sammen som et lykkelig par. </FOUR-OF-CUPS-ONE >
<FIVE-OF-CUPS-ONE >Du føler deg mer følelsesmessig nå, og du ønsker et virkelig seriøst forhold der det er gjensidig forståelse og komfort, og dette kan også være en venn av deg. Du nå innser at det ikke ville være riktig å inngå kompromisser å være deg selv og bare for moro skyld holde et forhold levende, ettersom dette kan til slutt vise seg å være ødeleggende. </FIVE-OF-CUPS-ONE >
<SIX-OF-CUPS-ONE >Dette kortet viser at til tross for at du er tiltrukket av nettopp den spesielle personen, vil du ha noen fantastiske opplevelser som tar deg i forskjellige retninger. Du prøver å gjøre spesielle ting for partneren din, men det er utrygghet om hvor usikker din fremtid som et par ville være. </SIX-OF-CUPS-ONE >
<SEVEN-OF-CUPS-ONE >Du føler deg veldig usikker på følelsene dine, og du vil være på jakt etter den rette veien mot det du vil ha som din partner. Med masse arbeid for å håndtere og diverse andre problemer, vil du ikke være i stand til å gi nok tid til partneren din. Et møte med noen vil være fruktbart for singler. </SEVEN-OF-CUPS-ONE >
<EIGHT-OF-CUPS-ONE >Dette kortet indikerer at forholdet kan føles ganske kjedelig nå, og dette vil hindre deg og din partner til å skape et sterkt bånd. Din forhold må kanskje gå gjennom perioder med stress og usikkerhet, og dette vil føre til bekymring og enda noen bitter utveksling av ord. Du kan også ta en beslutning om å avslutte ditt forhold som hadde blitt veldig traumatisk. </EIGHT-OF-CUPS-ONE >
<NINE-OF-CUPS-ONE >Du er nå ute etter den overlegne tingene om et forhold, og dette kan også være med noen som nettopp har kommet inn i livet ditt. Du vil at ting mellom dere to skal være mer interessant, men på en annen måte. Du har andre tanker om partnerskapet, og selv om du er villig til å gå fremover, vil noen risiko som er involvert holde deg forsiktig. </NINE-OF-CUPS-ONE >
<TEN-OF-CUPS-ONE >Dette kortet viser at du er nå på jakt etter en mer fornøyd og tilfredsstillende forhold, og du forventer full støtte fra partneren din. Noen emosjonelle sammenstøt mellom meninger vil finne sted, som vil etterlate deg spent. Romantikk blir intens med en ny person i livet ditt. Ekteskap er også angitt. </TEN-OF-CUPS-ONE >
<PAGE-OF-CUPS-ONE >Du vil at ting skal komme i harmoni og bygge en konkret fremtid med din kjære. Du får rastløs til å forme fremtiden slik du ønsker å se det, men prosessen vil ta tid. Du vil føle behov for noen å være ved din side og føle deg elsket og tatt vare på fordi du ikke ønsker å oppleve ensomheten i livet ditt igjen. </PAGE-OF-CUPS-ONE >
<KNIGHT-OF-CUPS-ONE >Dette kortet indikerer at du ønsker å dra ut til noen ny plass med partneren din som vil opphisse deg, og det vil være folk rundt som vil oppmuntre deg til kjærlighetens vei. Hvis du er singel, så vil du føle at det er på tide du tok initiativ til å ta forholdet videre og stille spørsmålet til din langvarig partner. </KNIGHT-OF-CUPS-ONE >
<QUEEN-OF-CUPS-ONE >Du vil nå bli mer fremtredende i sosiale sammenkomster, og det er stor sjanse for at du vil møte noen som du vil bli svært tiltrukket av. Hvis du setter i noen innsats, vil dette møtet bli noe romantisk. Hvis du er i et langvarig forhold allerede, kan du bare foreslå ekteskap med partneren din. </QUEEN-OF-CUPS-ONE >
<KING-OF-CUPS-ONE >Dette kortet indikerer at du er på jakt etter noen som du kan dele livet med og bruke litt romantisk tid med. Du vil nesten være på jakt for å finne noen som ville synes å være den ideelle partner, men dette vil ikke komme lett. Du må kanskje sjonglere et par ting for å imponere den personen og gjøre dette til noe vesentlig. </KING-OF-CUPS-ONE >
<ACE-OF-PENTACLES-ONE >Dette er en tid som indikerer nye begynnelser i livet ditt. Du kan føle mer urolig enn noensinne siden du ikke får den forventede medfølelse og forståelse fra partneren din, og dette vil uroe deg dypt. </ACE-OF-PENTACLES-ONE >
<TWO-OF-PENTACLES-ONE >Det kan være noen problemer som må bli møtt av deg og din partner sammen, og dette kan gjøre at du føler deg litt ut av sted, men til slutt, vil din forståelse natur sammen med litt hjelp fra noen, skal hjelpe deg med å håndtere det. </TWO-OF-PENTACLES-ONE >
<THREE-OF-PENTACLES-ONE >Du og din partner vil føle forholdet vokse og vil derfor ta noen skritt mot fremtiden. For single vil dette være en god tid til å finne en som passer for deg, og dette kan være på et uventet sted. </THREE-OF-PENTACLES-ONE >
<FOUR-OF-PENTACLES-ONE >Du vil bare være i stand til å opprettholde forholdet hvis dere begge jobber mot det sammen med litt tålmodighet og forståelse. Hvis dette ikke fungerer så vil du til slutt bestemmer seg for å bryte opp med partneren din, og vil prøve å gå på en ny bane med nye muligheter. </FOUR-OF-PENTACLES-ONE >
<FIVE-OF-PENTACLES-ONE >Dette kortet indikerer at du nå lengter etter å være noen eller gjøre noe som du ønsket å gjøre for lenge siden. Det er også sjansene for at partneren din kan jukse på deg eller omvendt. Dette vil heller ikke være en veldig god tid for folk som allerede er i et forhold. </FIVE-OF-PENTACLES-ONE >
<SIX-OF-PENTACLES-ONE >Du nå lengter etter barndommen elskede å komme tilbake eller å komme i kontakt med deg. Det vil være en følelse av ensomhet fordi du ser at partneren din kommer lenger vekk fra deg. Du må finne ut hva du virkelig ønsker i livet og hvor mye du er villig til å presse deg selv for det. </SIX-OF-PENTACLES-ONE >
<SEVEN-OF-PENTACLES-ONE >Dette kommer til å bli en urovekkende tid for deg og din partner fordi det kan være store forskjeller i meninger og dette kan også føre til slutten av dette forholdet. Hvis du er gift eller i et langvarig forhold, vil du revurdere ditt forhold og din innsats i forholdet. </SEVEN-OF-PENTACLES-ONE >
<EIGHT-OF-PENTACLES-ONE >Du synes å være i en leken stemning i disse dager, og nyter å være single mer enn noe annet. Du vil være i en spekulativ stemning og vil også tenke på hva som vil skje i fremtiden. Din romantisk side vil snart ta over. </EIGHT-OF-PENTACLES-ONE >
<NINE-OF-PENTACLES-ONE >Dette kortet indikerer at du er på utkikk etter nye og forfriskende ting i livet ditt. Du ønsker å kjøre vekk fra konvensjonelle ting til et nytt sted. Du må kanskje bruke litt tid borte fra partneren din for en midlertidig periode, og du vil ta en beslutning som vil være det riktige valget. </NINE-OF-PENTACLES-ONE >
<TEN-OF-PENTACLES-ONE >Kjærlighet er ikke noe som spiller på hjertet ditt fordi du allerede er opptatt med masse andre ting relatert til arbeid og andre familieproblemer. Du vil prøve å løfte humøret ved å gjenforenes med venner eller slektninger, men vil ikke prøve å redusere avstanden mellom deg og din partner. </TEN-OF-PENTACLES-ONE >
<PAGE-OF-PENTACLES-ONE >Dette kortet indikerer at det vil bli en urolig situasjon som vil tvinge deg til å tenke på hva du må gjøre med forholdet for du er usikker på partneren din, og til slutt vil du ta en ansvarlig beslutning som vil få deg til å føle deg bra, hverken forholdet har en fremtid eller ikke. </PAGE-OF-PENTACLES-ONE >
<KNIGHT-OF-PENTACLES-ONE >Du er nå på utkikk etter fred i ditt kjærlighetsforhold og ønsker å leve og nyte med partneren din. Du vil være nølende til å si noe til din partner eller annonsere nyheter som du føler kan ødelegge jevn seiling av forholdet som dere begge deler, men du må være modig. </KNIGHT-OF-PENTACLES-ONE >
<QUEEN-OF-PENTACLES-ONE >Dette kortet indikerer at du vil sterkt bli tiltrukket av noen og at personen vil være like interessert i deg. Du vil se frem til et forhold med denne personen, og forventer forholdet skal være spennende og full av liv. </QUEEN-OF-PENTACLES-ONE >
<KING-OF-PENTACLES-ONE >Dette kortet viser at du vil være litt lei seg eller skuffet over at det var visse løfter brutt av partneren din. Hvis du allerede er i et forhold så vil du oppleve at forholdet mangler fri meningsutveksling, og for eventuelle forhold til arbeid, er det viktig at du snakker og bruke mer tid sammen for å bli kjent med hverandre. </KING-OF-PENTACLES-ONE >
<ACE-OF-SWORDS-ONE >Dette kortet indikerer at du er nå på utkikk etter personlig tilfredsstillelse i forholdet. Dette er en tid da det er stor sjanse for en ny kjærlighet, som vil overraske deg, og du vil ha sterke følelser mot noe. Hvis du allerede er i et forhold, vil bindingen med partneren din vokse sterkere. </ACE-OF-SWORDS-ONE >
<TWO-OF-SWORDS-ONE >Du ønsker å gå videre i livet og leter etter kjærlighet fortvilet. Du kan ha flaks, siden dette kortet indikerer at du kan møte den spesielle personen, og hvis du allerede er i et forhold så forholdet vil bli sterkere og du vil se at din partner eller den potensielle partneren din vil synes å ha kvaliteter som du forestilte deg. </TWO-OF-SWORDS-ONE >
<THREE-OF-SWORDS-ONE >Dette kortet viser at du lengter etter partneren din til å komme tilbake til deg. Din tålmodighet gir opp og du vil snart bestemme deg for å gi opp og starte friskt hvis partneren din nekter å komme tilbake snart. Du kan føle at du har sett mye lidelse, og forelskelse er et spørsmål om risiko. </THREE-OF-SWORDS-ONE >
<FOUR-OF-SWORDS-ONE >Du er nå høyt på åndelighet og vil føle et sterkt ønske om å kjenne deg selv bedre. Du vil prøve å koble til ditt indre og derfor kan miste kontakten med den ytre verden, men vil finne fred til slutt. Det er også en mulighet for at noen som hadde forelsket i deg kan be deg på en date. </FOUR-OF-SWORDS-ONE >
<FIVE-OF-SWORDS-ONE >Dette kortet indikerer at du vil være på en kjærlighet søken nå. Det kan også være enkelte skuffelser i kjærlighetslivet som du kan møte som vil la deg føle oppfylt og litt lurt. Du er nødt til å re-absorbere din selvtillit og gå videre. </FIVE-OF-SWORDS-ONE >
<SIX-OF-SWORDS-ONE >Du kan stå overfor noen problemer i paradis, og ting vil ikke være så glatt som du forventet dem å være. Det kan være noen misnøye i kjærlighetslivet ditt, og det kan virke som alt arbeidet var ikke verdt det likevel. Det kan være noen forvirring om fremtiden, og du vil kjempe for å gjøre ting bedre. </SIX-OF-SWORDS-ONE >
<SEVEN-OF-SWORDS-ONE >Dette kortet indikerer at du vil ha en kjær venn eller noen nær står ved din side, og hjelper deg å rette opp situasjonen, eller du kan også tenke på å gå bort for en stund for å føle deg bedre. Det er sjansene for at en tidligere kjæreste eller noen du var forelsket i vil nærme deg. Du vil ønske noe sterkt i forholdet, men vil være uvillig til å være i en kompromitterende posisjon. </SEVEN-OF-SWORDS-ONE >
<EIGHT-OF-SWORDS-ONE >Det kan være noen form for kvelning eller uro i saker av hjertet. Men det vil ikke være som det ser ut, fordi noe bra er på vei. Det er muligheter for at du kan få en sjanse til å starte i nye omgivelser eller med en ny partner som vil gjøre at du føler frigjort igjen. </EIGHT-OF-SWORDS-ONE >
<NINE-OF-SWORDS-ONE >Dette kortet viser at dette ikke er den beste tiden av livet ditt. Du kan gå gjennom angst og savn, og vil kjempe for å sette ting sammen. Du kan skilles fra din partner for en gang på grunn av profesjonelle forpliktelser. Men din modenhet og rolig personlighet vil hjelpe deg å få ting sammen. </NINE-OF-SWORDS-ONE >
<TEN-OF-SWORDS-ONE >Du ville ha gått gjennom noen av de verste gangene nå, og vil fortsatt samle nye krefter på grunn av det. Deler av dilemmaet vil likevel fortsette mens du prøver å ta noen fast beslutninger om hva som er riktig for deg, men dette vil ikke være en enkel prosess. </TEN-OF-SWORDS-ONE >
<PAGE-OF-SWORDS-ONE >Dette kortet viser at du nå konsentrerer deg om å gjøre livet ditt bedre i saker av hjertet, og også i personlige relasjoner. Du kunne ha gått gjennom tøffe tider, og du skal prøve å få livet tilbake på normalt spor, men finner det vanskelig å gjøre det. Det kan også være noen uventede hendelser som vil føre til bekymring. </PAGE-OF-SWORDS-ONE >
<KNIGHT-OF-SWORDS-ONE >Nå er det på tide å komme over alle de sure gangene og se etter nye begynnelser. Du vil møte en ny person, og vil bli tiltrukket av den personen. Du vil ønske disse hendelsene til å fortsette og se litt romantikk utvikle seg. Dette vil være en sterk start og på kort tid vil du finne deg selv lykkelig og stabilt med partneren din. </KNIGHT-OF-SWORDS-ONE >
<QUEEN-OF-SWORDS-ONE >Dette kortet indikerer at det kan være et dilemma eller en fase med konstant skuffelse siden du kan ha flere kamper og argumenter med din partner og ting kan også komme til en slutt. Dette kan bringe deg til å gå gjennom noen harde tider av tomhet i livet ditt. </QUEEN-OF-SWORDS-ONE >
<KING-OF-SWORDS-ONE >Du vil føle at du trenger en klar visjon om hva livet ditt er akkurat nå, og vil innse at du trenger å gå videre for å leve et fredelig liv. Realitet kan snart ta en ny vending for du kanskje innser at du bodde i en fantasiverden, og det er på tide å endelig møte virkeligheten og leve med det bare for å virke til det bedre. </KING-OF-SWORDS-ONE >
<ACE-OF-WANDS-ONE >Dette kortet indikerer at du er nå på jakt etter et seriøst og langsiktig forhold og er egentlig ikke interessert i kortsiktige relasjoner. Du er på utkikk etter en ny start, og det er også sjansene for ekteskap eller å leve i samliv. Det kan være et familiemedlem eller en slektning med hvem du vil snart diskutere dine forholdet problemer. </ACE-OF-WANDS-ONE >
<TWO-OF-WANDS-ONE >Du håper på noe godt å skje, og ser frem til å se det materialisere seg. Det er sjansene for at noen som trenger støtte vil se etter din veiledning og vil bygge en forbindelse med deg. Du vil være på jakt etter sterke bånd av kjærlighet og vennskap nå. Du vil også løse forskjellene du hadde med noen av dine familiemedlemmer. </TWO-OF-WANDS-ONE >
<THREE-OF-WANDS-ONE >Du kan få ganske mange forslag nå, og for å bestemme den rette vil være et problem. Dette vil markere en flott tid for partnerskap og til tross for din usikkerhet du vil forene med den du elsker. Du vil ønske å overvinne alle hindringer for å leve et lykkelig liv sammen med partneren din. </THREE-OF-WANDS-ONE >
<FOUR-OF-WANDS-ONE >Det kan være muligheter for en gjenforening med en venn som vil komme til unnsetning og ta deg ut for shopping eller noen morsomme aktiviteter for å føle deg bedre. Du vil trenge noen trøst, fordi det kan være noen misnøye i ditt romantiske liv på grunn av deprivasjon. </FOUR-OF-WANDS-ONE >
<FIVE-OF-WANDS-ONE >Du kan nå finne det vanskelig å konsentrere deg om en ting og dette gjør at du føler deg rastløs. Du vil være opptatt med for mange ting, og vil ikke være i stand til å finne tid til partneren din, eller for sosialt samvær. Noen slenger eller tilfeldig dating er også indikert. </FIVE-OF-WANDS-ONE >
<SIX-OF-WANDS-ONE >Dette kortet indikerer at du kommer til å få nye sysler i ditt kjærlighetsliv. Noen som beundrer deg vil prøve lykken for å imponere deg, og du vil nyte oppmerksomheten. Du må kanskje møte en situasjon som vil tvinge deg til å gjøre noen nødvendige endringer i livet ditt for din bedre. </SIX-OF-WANDS-ONE >
<SEVEN-OF-WANDS-ONE >Dette kortet indikerer at kjærlighet er i luften for deg og saker av hjertet vil være herskende over tankene dine. Du vil komme i kontakt med din romantisk side og vil gjøre spesielle ting for partneren din. Dette vil se ut som bilde-perfekt, men det vil være visse ting som du er nødt til å gi slipp for å lede det livet du vil. </SEVEN-OF-WANDS-ONE >
<EIGHT-OF-WANDS-ONE >Du vil være på en sosialt samvær rangel, og saker av hjertet skal styre sinnet nå. Du vil være i godt humør og tenker på positive ting, og du og din partner vil føye på mange aktiviteter sammen. Det vil også være noen positive endringer som vil finne sted på grunn av partneren din. Det kan også være enkelte skuffelser som du er nødt til å forholde deg til. </EIGHT-OF-WANDS-ONE >
<NINE-OF-WANDS-ONE >Du vil merke at din innsats endelig får deg resultater, og du vil være høyt på sosiale aktiviteter. Det vil være visse konflikter i sinnet og meningsforskjeller og noen tøffe utveksling av ord kan også skje. </NINE-OF-WANDS-ONE >
<TEN-OF-WANDS-ONE >Dette kortet indikerer at din kjæreste kan forlate deg forvirret om ulike hendelser, og dette vil gi deg følelsen av nysgjerrighet og rastløshet. Du vil føle at partneren din er sint på deg og dette vil gjøre at du føler deg isolert. Du vil ta arbeidet med å reparere forholdet og legge den manglende gnist til det. </TEN-OF-WANDS-ONE >
<PAGE-OF-WANDS-ONE >Det kan være noen forstyrrelser i forholdet ditt, og du vil forvente noen endringer fra partneren din. Du vil føle deg usikker om det faktum at du og partneren din ikke virkelig får godt overens, og selv om du vil prøve, vil bindingen liksom aldri nå sitt høydepunkt. </PAGE-OF-WANDS-ONE >
<KNIGHT-OF-WANDS-ONE >Dette kortet viser at du føler deg urolig om ulike problemstillinger i forholdet ditt, og du vil ønske å bosette dem før de tar en toll på deg. Du vil se noen som du tror at du allerede vet, og vil prøve å binde med denne personen, og bygge en dyp forbindelse ved å tilbringe mer tid med dem. </KNIGHT-OF-WANDS-ONE >
<QUEEN-OF-WANDS-ONE >Dette kortet indikerer at du snart vil møte noen spesielle og lurer på om du bør ha et forhold med denne personen eller ikke. Du kan også komme over en sterk beundrer av dine som vil antennes noen gnister av kjærlighet, og dette kan bli til et meget lidenskapelig og romantisk kjærlighetsforhold som du har ventet på. </QUEEN-OF-WANDS-ONE >
<KING-OF-WANDS-ONE >Noen problemer rundt deg vil få deg til å se likegyldig og følelsesløs og du vil virke distrahert til partneren din. Du vil ikke ønske å avsløre hva du egentlig tenker til verden, og dette kan føre til spenninger. Du må tenke med hodet kaldt om hvordan du skal takle situasjonen. Et ekteskap forslag kan også være på vei. </KING-OF-WANDS-ONE >
<THE-FOOL-ONE >Hvis du er i et forhold, indikerer det kortet at du vil kjenne en ny spenning og iver i ditt kjærlighetsliv. Hvis du er singel, er du svært sannsynlig å møte noen spesielle snart. Du vil gå med spontane, trygg og muntre fremskritt i ditt kjærlighetsliv. Du må gi slipp på dine tidligere forhold og ser inn i fremtiden, som ser vakkert og gledelig. </THE-FOOL-ONE >
<THE-MAGICIAN-ONE >Din egenvilje og ro vil være svært nyttig i å kontrollere og administrere ditt kjærlighetsliv i tiden som kommer. Med din tillit og eleganse, er du ganske sannsynlig å få det motsatte kjønn i samsvar med deg på de fleste sakene. Hvis du er i et forhold, kan du lære noen skjulte ting om din kjære i nær fremtid. Dessuten skal partneren din mest sannsynlig vise et forbedret interesse for hvert ord som du snakker. </THE-MAGICIAN-ONE >
<THE-HIGH-PRIESTESS-ONE >Dette kortet tyder på at du skal tro på din evne til å oppfatte mennesker og situasjoner for et sunt kjærlighetsliv. Du må ta selvstendige beslutninger om ting som involverer ditt kjærlighetsliv. Hvis du er i et forhold, er partneren din ganske sannsynlig å gi deg svært verdifull rådgivning i nær fremtid. Dessuten virker det som du kan lære noe helt uventet om partneren din, enten god eller dårlig. </THE-HIGH-PRIESTESS-ONE >
<THE-EMPRESS-ONE >Du ser ut til å være bekymret for enten ditt eksisterende eller et nytt forhold. Hvis du ikke er i et forhold, ønsker du å være i ett. I din sak, kan din krevende natur angående hverandre, bringe noen harde tider i ditt kjærlighetsliv. Du trenger å stå med en holdning som viser tålmodighet og tillit for å oppnå stabilitet i ditt kjærlighetsliv. </THE-EMPRESS-ONE >
<THE-EMPEROR-ONE >Kortet tyder på en introduksjon av suksess og prestasjon i forholdet ditt i nær fremtid. Du kan få verdifull kjærlighet råd fra noen som din far, bror, venn, etc. Du er svært sannsynlig å være i kontroll over ditt nåværende forhold, og vil fortsette å dominere en stund. Din partner vil støtte deg helt i alle aspekter uten avhør. Pass på at du ikke blir for krevende i forholdet ditt ellers vil du ende opp med å skade din partner følelsesmessig. </THE-EMPEROR-ONE >
<THE-HIEROPHANT-ONE >Et mer åpent og fleksibelt sinn ville medføre en positiv endring i ditt kjærlighetsliv. Hvis du planlegger for å bli gift helst snart, må du vise tålmodighet mens du takler hindringene som kommer din vei. Opptrer sta med partneren din vil ta forholdet ditt ingen steder. Problemene du møter i ditt kjærlighetsliv kan løses med åndsnærværelse og ved å holde temperamentet ned. </THE-HIEROPHANT-ONE >
<THE-LOVERS-ONE >Du er sannsynligvis å bade i havet av kjærlighet. Du vil ha vakre og minneverdige tider i forholdet ditt i nær fremtid. Du vil sannsynligvis møte en situasjon i ditt kjærlighetsliv, hvor du vil finne det mektig vanskelig å bestemme deg for noe. Lytt til hjertet og ikke hjernen din og du kan oppleve at avgjørelsen var riktig. Du vil koble godt følelsesmessig med partneren din. Ikke bli fristet til å jukse partneren din ved å date noen andre. </THE-LOVERS-ONE >
<THE-CHARIOT-ONE >Ditt kjærlighetsliv kan kjøre inn i en vanskelig tid. Du må kanskje ta noen alvorlige forsøk på å få ut av det. Romantiske saker er ganske sannsynlig å gjennomgå noen måte av endring i nær fremtid. Du må vise mye tålmodighet mot partnerens skiftende følelser. Omsider vil forholdet blomstre med kjærlighet. </THE-CHARIOT-ONE >
<JUSTICE-ONE >Du trenger å få en følelse av balanse og normalitet i ditt nåværende forhold. Det synes å være enten et overskudd eller mangel på et visst element som er viktig for å bringe stabilitet til ditt kjærlighetsliv. Du må kanskje vise en upartisk tilnærming mot dine romantiske saker for å oppnå den nødvendige balansen. Sett stor vekt på din karriere og familieliv. Din ærlighet og tillit vil være svært avgjørende i å forme opp forholdet. Hvis du vet at du gjør en feil i forholdet, rett på det snart. </JUSTICE-ONE >
<THE-HERMIT-ONE >Ta deg tid til å analysere ditt kjærlighetsliv. Du vil sannsynligvis føle utålmodighet med hvordan ting går i din nåværende forhold. Du må holde et rolig sinn og unngå å ta noen forhastede beslutninger knyttet til ditt kjærlighetsforhold. Hvis du trenger kjærlighet råd, ta kontakt med noen eldre og mer erfaren enn deg. Du vil sannsynligvis sortere alle dine romantiske hindringer, hvis du begge gir nok plass til hverandre i forholdet. </THE-HERMIT-ONE >
<WHEEL-OF-FORTUNE-ONE >Kortet viser at du er på vei mot en veldig glad og spesiell fase som vil lyse opp ditt kjærlighetsliv. Lykken er på din side, og du vil finne kjærligheten i livet ditt. Du vil vise modenhet ved håndtering av dine forhold saker. Din drømme partner vil være med deg snart. Alle bekymringer du hadde om ditt fremtidige forholdet vil ende. Du er ganske sannsynlig å bli velsignet med noen fantastiske tider i ditt kjærlighetsliv. </WHEEL-OF-FORTUNE-ONE >
<STRENGTH-ONE >Du vil vise en sterkere og bedre holdning til livet, som vil hjelpe deg å takle hvert hinder du kan stå overfor i forholdet. Hvis du ønsker å gi slipp på visse saker fra fortiden, bør du sannsynligvis gjøre det snart. Skipet av forholdet ditt vil seile glatt, og du kan enkelt gjøre ting som du slitt med å få for en stund nå. Med din vilje og intelligens, vil du få ut av alle dine kjærlighetsproblemer. </STRENGTH-ONE >
<THE-HANGED-MAN-ONE >Du må kanskje vedta en ofre naturen i forholdet. Det kan være spenninger mellom dere to. Det er foreslått at du holder en veldig tålmodig, komponert og modnet sinnstilstand i kjærlighetslivet . Det kan være følelsesmessige kamper mellom dere begge. Det anbefales at du trenger å være mer innadvendt og ser rundt på situasjoner med et åpent sinn for å forstå dem bedre. </THE-HANGED-MAN-ONE >
<DEATH-ONE >Kortet indikerer en fase som vil resultere i noen dramatiske forandringer i ditt kjærlighetsliv. Du kan føle deg trist og deprimert i ditt nåværende forhold. Denne fasen vil presse deg mot en mengde menneskelige følelser, dermed gjør deg innse betydningen av endringene som kommer. Ditt kjærlighetsforhold må kanskje gå gjennom en relativt røff og mørk flekk. Du må vise en sterk personlighet for å komme over dette fasen. </DEATH-ONE >
<TEMPERANCE-ONE >Kortet indikerer en ankomst av forvirrende eller motstridende situasjoner i forholdet ditt, der du kan finne det vanskelig å gjøre valg. Du og partneren din er ganske sannsynlig å ha motstridende syn på ulike saker og dermed skape uro. Du må være tålmodig, samarbeide og finne den beste løsningen som også vil tilfredsstille den kjærligheten til livet ditt. Du vil finne måter å bygge harmoni i forholdet. </TEMPERANCE-ONE >
<THE-DEVIL-ONE >Tiden fremover er ikke lett. Følelser som begjær, grådighet, ambisjoner eller avhengighet kan føre til kjærlighetslivet til å oppføre seg unormalt. Du kan også ønske å dominere helt forholdet ditt. Du må være sterk for å motstå disse fristelsene for å unngå store katastrofer i ditt kjærlighetsliv. Du kan føle deg kraftig for en stakket stund, men går ned feil vei vil gjøre ingen godt for ditt nåværende forhold. Vær forsiktig så dette kortet er en advarsel til deg om de dødelige skrittene du kan ta. </THE-DEVIL-ONE >
<THE-TOWER-ONE >Nær fremtid kan bringe en av de verste fasene i ditt kjærlighetsliv. Du kan se ubehagelige og ugunstige situasjoner som skjer i forholdet ditt. Noen av disse kan være uventet og får deg til å føle deg isolert og ensom på en stund. Denne endringen vil vise deg nye måter og muligheter til å forbedre ditt nåværende kjærlighetsliv. Det vil være en tøff tur fremover, dermed må du holde deg rolig og bare lære de nye tingene som livet lærer deg. </THE-TOWER-ONE >
<THE-STAR-ONE >Dette kortet er en budbringer av gode tider framover. Det indikerer muligheten for et sunt forhold som vil starte snart. Det indikerer også at du kan ta ditt nåværende forhold til det neste nivået av forpliktelse. Du kan føle deg en bedre følelsesmessig og åndelig forbindelse med partneren din. Ditt kjærlighetsliv vil gå gjennom en fase der du vil komme over dine tidligere saker og vil være mer optimistisk om din kjærlighet fremtid. </THE-STAR-ONE >
<THE-MOON-ONE >De eneste tankene som kommer til tankene dine vil være om forholdet ditt. Du kan føle at du er blitt lenket ned på grunn av din nåværende kjærlighetsliv situasjon. Du vil sannsynligvis lære noen hemmeligheter som ble bevisst holdt skjult, noe som kan føre til en følelsesmessig tilbakeslag i forholdet. Ikke bli deprimert og sorgfull. Vis et mer åpent sinn og ta noen alvorlige forsøk på for å komme over disse følelsene. Hengi deg til andre hobbyer for å komme over de emosjonelle følelsene og å få livet tilbake på rett spor. </THE-MOON-ONE >
<THE-SUN-ONE >Du vil snart føle frisk og spennende vibber i forholdet ditt. Hvis du ikke er forelsket, kan du bli forelsket i noen snart. Romantiske forhold som syntes å gå ingen sted vil begynne å gjøre positive fremskritt. En romantisk ferie og noen grøtaktig dates med din kjære er i kortene. Tiden framover ser lystig og minneverdig. Sørg for at du får mest mulig ut av denne vakre fasen. </THE-SUN-ONE >
<JUDGEMENT-ONE >Dette kortet ber deg om å holde sansene åpne for alt som er rundt. Du kan innse at ting kommer din vei, men hvis du ikke gjør god innsats, kan du ikke klare å få mest mulig ut av disse situasjonene. Hvis du ikke er forelsket ennå, er det svært sannsynlig at du vil møte en potensiell partner ganske snart. I et slikt tilfelle, ikke kast bort for mye tid før du spør alle de viktige spørsmålene. Hvis du dumpet noen i det siste, det samme kan skje med deg. Men til slutt, vil ditt kjærlighetsliv flytte positivt. </JUDGEMENT-ONE >
<THE-WORLD-ONE >Kortet markerer slutten på dine problemer og indikerer en ankomst av lystig og kjærlige ganger med kjæresten din. Ditt forhold vil til slutt forme opp, slik du alltid ønsket. Din partner vil oppmuntre og sette pris på deg for ditt hardt arbeid, og dette vil gjøre din kjærlighet til å blomstre. Denne fasen skal hente inn en ny iver til ditt kjærlighetsliv. Hvis du er singel, er sannsynligheten for å møte den spesielle ene betydelig høy.</THE-WORLD-ONE >
    </ROOT>
