<?xml version="1.0" encoding="utf-8" ?>
<ROOT>
<ACE-OF-CUPS-ONE>La carta muestra tu probabilidad de entrar en asuntos de importancia emocional. Es tiempo de dejar que tu corazón guie tu camino. Necesitas confiar en tu intuición y hacer lo que sientas emocionalmente apropiado. Probablemente sentirás que se cuece un vínculo íntimo de compasión y amor. Tu vida amorosa es probable que se mantenga fuerte y brille. </ACE-OF-CUPS-ONE>
<TWO-OF-CUPS-ONE>La carta indica principalmente vínculo, tranquilidad y afecto. Esta carta trata sobre hacer una nueva conexión/ sociedad en el amor, trabajo, amistad o en otra área. Es el tiempo de juntarse y no estar separados. Si hay un conflicto en alguna relación/ Sociedad, resuélvelo y trae la paz. Perdona y olvida. Haz nuevos vínculos individuales y sigue adelante con optimismo. </TWO-OF-CUPS-ONE>
<THREE-OF-CUPS-ONE>Esta carta muestra una mejoría con entusiasmo y determinación hacia la vida. Te encontrarás disfrutando de todas las pequeñas cosas que vienen a tu camino. Te juntarás con viejos amigos y crearás un vínculo más fuerte de confianza con ellos. Harás nuevos contactos en sociedad y experimentarás compañerismo. Pudieras encontrarte trabajando en un equipo/ grupo hacia un objetivo en común. </THREE-OF-CUPS-ONE>
<FOUR-OF-CUPS-ONE>Esta carta representa un tiempo de reflexionar y hacer introspección en tus pensamientos y la vida. Pudieras encontrarte en una situación indeseable. A veces pudieras sentirte apático y te pudiera faltar motivación. Necesitas abrirte a nuevas posibilidades para encontrar la dirección que has estado buscando. Trata de ser más genero y escucha a otros para encontrar tu salida. </FOUR-OF-CUPS-ONE>
<FIVE-OF-CUPS-ONE>Esta carta significa la pérdida de esperanza, decepción y desánimo en la vida sobre eventos pasados. Pudieras sentirte perdido o derrotado debido a algo que ya ha sucedido. Pudieras estarte arrepintiendo de tus decisiones pasadas y posiblemente deseando regresar el tiempo para corregir tus decisiones. Estás reconociendo tus errores, pero no estás pensando en lo que queda. Necesitas dejar ir el pasado, ver lo bueno en tu presente y trabajar hacia el futuro. </FIVE-OF-CUPS-ONE>
<SIX-OF-CUPS-ONE>Esta carta indica tu punto de vista bondadoso e inocente hacia la vida. Estas feliz de esparcir felicidad sin ningún motivo personal. Pudieras sentirte bendecido y disfrutar de ayudar a otros. Pudieras empezar a notar todas las pequeñas cosas a tu alrededor y buscar la felicidad en esos pequeños placeres. Pudieras sentirte nostálgico sobre tu infancia. El amor divino pudiera también estar en tu futuro próximo. </SIX-OF-CUPS-ONE>
<SEVEN-OF-CUPS-ONE>Esta carta es sobre las ilusiones y los sueños. Pudieras estar dejando que tu mente corra libre con la imaginación y no te estés enfocando en las realidades de la vida. Estás enfrentando un tiempo en el que puedes ver muchas opciones de donde elegir. Hay posibilidades que estés siendo negligente con tu salud y estés siendo sobre indulgente con la comida/ bebida. La pereza y la indecisión son tus principales enemigos. </SEVEN-OF-CUPS-ONE>
<EIGHT-OF-CUPS-ONE>Esta carta muestra tus avances en buscar un significado más profundo de la vida. Quieres desenmarañar los problemas de la vida y abandonar situaciones de desesperanza. Pudieras tender a buscar la felicidad verdadera en lugar de enfocarte en las carreras cotidianas. Buscarás la felicidad interior y pudieras tender a alejarte del pasado. Pudieras dedicar más tiempo a actividades espirituales. </EIGHT-OF-CUPS-ONE>
<NINE-OF-CUPS-ONE>Esta carta indica el cumplimiento de los deseos. Ganarás lo que realmente te mereces y deseas. Pudieras sentirte más contento en la vida, desde que el éxito está de tu lado. Tus sueños más preciados pudieran volverse realidad y tus ansiadas metas pudieran finalmente cumplirse. Querrás experimentar y apreciar el lujo. La relajación es lo que deseas ahora. Disfruta este buen tiempo mientras puedas. </NINE-OF-CUPS-ONE>
<TEN-OF-CUPS-ONE>La carta refleja la venida de la felicidad y paz a tu vida. Puedes sentir que la felicidad está a tu alrededor y sentir una sensación de bienestar. Pudieras encontrar que el estrés y las tensiones se reducen y que la vida se vuelve más fácil y armoniosa. Te enfocarás en el amor y la amistad y serás sobresaliente en ambas. Te mantendrás dedicado a tu familia y disfrutarás las reuniones sociales y eventos que los involucren. </TEN-OF-CUPS-ONE>
<PAGE-OF-CUPS-ONE>Esta carta refleja tu lado emocional. Tiendes a ir con tu corazón en lugar de tu mente. Tiendes a ser sentimental y conmoverte por las pequeñas cosas. Ves dentro de ti mismo y confías en tu intuición para guiarte. Es un buen momento para estar en una relación romántica en donde serás emocionalmente cercano a la persona. Debes desarrollar las amistades más cercanas. También es un tiempo de enmendar relaciones rotas. </PAGE-OF-CUPS-ONE>
<KNIGHT-OF-CUPS-ONE>La carta es sinónimo de emociones hermosas y también da indicios sobre sus excesos. En algunos momentos, pudieras ser sentimental en el amor, pero pudieras excederte al expresar tu amor. Los celos pueden meterse sigilosamente en tu romance. Eres sensible, pero a veces, tiendes a salir lastimado muy fácilmente. Eres amigable e inteligente. Sueñas grandes cosas para ti mismo, pero te desanimas fácilmente. </KNIGHT-OF-CUPS-ONE>
<QUEEN-OF-CUPS-ONE>Esta carta significa sensibilidad y madurez al lidiar emociones. Pudieras mostrar un enfoque considerado y pensativo acerca de cada situación que enfrentas. Tiendes a conectarte con tu lado espiritual y aprecias el significado más profundo de la vida. Eres paciente. Sientes empatía con otros y eres amable y gentil con los débiles. Tiendes a comprender las cosas sin preguntar. </QUEEN-OF-CUPS-ONE>
<KING-OF-CUPS-ONE>Esta carta significa una actitud sabia y tolerante. Pudieras tener una comprensión profunda de la naturaleza humana. Puedes ser un buen maestro. Puedes mantener tu cabeza con calma en la crisis y ayudar a resolver un momento tenso. Sabes que decir y cuando decirlo. Sientes compasión por los menos privilegiados. Pudieras ser una persona de mente abierta con opiniones diplomáticas. Tus habilidades de liderazgo son tu ventaja. </KING-OF-CUPS-ONE>
<ACE-OF-PENTACLES-ONE>Esta carta te sugiere que juntes la fortaleza mental que posees y que la enfoques hacia tus objetivos. Pudieras ver que tus esfuerzos se convierten en los resultados que deseas. Esto eventualmente te traerá crecimiento en tu carrera y en tu vida y creará una mentalidad positiva para ti. Debes actuar de manera práctica y ser realista en la vida. Proceder con fe y confianza en los otros será beneficioso para ti. </ACE-OF-PENTACLES-ONE>
<TWO-OF-PENTACLES-ONE>Esta carta habla de tu adaptabilidad y compatibilidad hacia la vida. Balancearás apropiadamente las cosas con las que estas lidiando y avanzaras con progresos estables pero rápidos. Estarás abierto a nuevas ideas y posibilidades, ambas en tu vida tanto personal como profesional. Manejarás eficientemente los cambios que suceden y te divertirás al mismo tiempo. El trabajo y el juego sucederán a la vez para ti. </TWO-OF-PENTACLES-ONE>
<THREE-OF-PENTACLES-ONE>Tu potencial de trabajar como un excelente colaborador está resaltado por esta carta. Estarás coordinando y motivando las tareas que tomas. Pudieras tender a ser muy organizado en tu enfoque. Con tu competencia, lograrás la perfección en tu trabajo y serás capaz de alcanzar tus metas. Esto probará tus habilidades a cualquiera que haya dudado de ellas. </THREE-OF-PENTACLES-ONE>
<FOUR-OF-PENTACLES-ONE>Esta carta resalta tus tonalidades de posesividad y resistencia a los cambios. Pudieras tender a acumular cosas materiales y a no compartirlas con otros. La avaricia pudiera dominar tu mente. Pudieras intentar tomar el control de las cosas que te rodean y demandar que las cosas deberían hacerse a tu manera. También pudieras tender a mantener las cosas sin alteraciones o cambios, resultando en un estancamiento general en la mayoría de los aspectos de tu vida. </FOUR-OF-PENTACLES-ONE>
<FIVE-OF-PENTACLES-ONE>La carta muestra una fase de tiempos difíciles, tanto emocionalmente como físicamente. Pudieras tropezar con algunos problemas financieros o algunos problemas pudieran surgir en tu lugar de trabajo. Pudieras experimentar una falta de habilidades que en realidad necesitas para crecer. Pudieras también pasar por una fase, en donde pudieras sentir una falta de apoyo y pudieras dirigirte a una suave soledad. </FIVE-OF-PENTACLES-ONE>
<SIX-OF-PENTACLES-ONE>Esta carta habla sobre las posibilidades grisáceas de tener fortuna, poder e inteligencia. Ya sea que lo tengas o simplemente no. Estarás ya sea como receptor de las cosas o dándolas. Esto aplica en todos los aspectos de tu vida, pudieras estar ya sea aquí o allá. De cualquier modo, sin embargo, deberías comprender y analizar tu futuro y trabajar hacia él. </SIX-OF-PENTACLES-ONE>
<SEVEN-OF-PENTACLES-ONE>La carta significa una necesidad de asesorar y analizar la situación actual de la vida. Pudieras querer tomarte un tiempo libre solo para mantener un registro de tu progreso hasta ahora y asegurarte que estás en el camino correcto. Hay una fuerte posibilidad que también vas a experimentar el éxito desde tus sinceros esfuerzos y alcanzar los hitos que has estado soñando. Pudieras encontrarte pensando acerca de cambiar tu trabajo/ casa. </SEVEN-OF-PENTACLES-ONE>
<EIGHT-OF-PENTACLES-ONE>La carta muestra tu extrema determinación y un ojo por los detalles. Pudieras estar involucrado en algunas actividades/ tareas y aplicarte totalmente con todo tu corazón al trabajo. Esta actitud te ayudará a incrementar tu experiencia y conocimiento acerca de las cosas en las que estás trabajando. Serás muy cuidadoso y te asegurarás de que estás hacienda todo metódica y correctamente hasta el último detalle. </EIGHT-OF-PENTACLES-ONE>
<NINE-OF-PENTACLES-ONE>La carta habla sobre tu conducta disciplinada con autoestima y afán de mejora. Buscarás resolver los problemas y manejar la vida con un enfoque bien organizado y ordenado. Confiarás en tus propias habilidades y convertirás tu potencial en desempeño tu mismo. Perseguirás la perfección y buscarás disfrutar las cosas finas de la vida. Anhelarás un estilo de vida lujoso. </NINE-OF-PENTACLES-ONE>
<TEN-OF-PENTACLES-ONE>La carta indica la abundancia de fortuna que encontrarás. Pudieras estar disfrutando un éxito saludable en los negocios en donde tus empresas están floreciendo. O pudieras encontrar un trabajo con un salario alto. Experimentarás seguridad financiera de cualquier modo. Pudieras marcar un plan para asegurarte a ti mismo y tu familia de por vida. En todo esto, adoptarás metodologías de eficacia probada y te mantendrás dentro de las reglas en todo lo que hagas. </TEN-OF-PENTACLES-ONE>
<PAGE-OF-PENTACLES-ONE>Esta carta sugiere que seas práctico en la vida y actúes en tus sueños para volverlos realidad. Tendrás que trabajar con lo que tienes y usarás tu fortaleza mental y física para hacerlo. Deberías perder tu actitud de aplazar las cosas y mantener tus pies en la tierra. Deberías actuar en una manera responsable y fiable y confiar en las personas con las que trabajas. </PAGE-OF-PENTACLES-ONE>
<KNIGHT-OF-PENTACLES-ONE>Esta carta habla acerca de tu excesiva inclinación hacia las cosas positivas de la vida. Cuando resuelves perseguir una meta, te mantienes obstinado, no escuchas a nadie y te rehúsas a renunciar incluso en una situación de desesperanza. Eres conservador, temeroso de riesgos y por eso pierdes a veces oportunidades fácilmente. Tu búsqueda por la exactitud a veces bordea la obsesión. Prácticamente te hace pesimista. Haces tanto arduo trabajo que fallas en notar el maravilloso mundo alrededor. </KNIGHT-OF-PENTACLES-ONE>
<QUEEN-OF-PENTACLES-ONE>Esta carta muestra tu naturaleza realista, inspiradora y generosa. Te preocupas y amas a las personas a tu alrededor en una manera desinteresada. Tienes un corazón compasivo y deseas esparcir alegría y felicidad con tu actitud altruista. Eres una persona leal y de fe. No desperdicias las cosas y haces de un pequeño camino un gran camino. Otros se sientes cómodos a tu alrededor por tu naturaleza sin pretensiones y agradable. </QUEEN-OF-PENTACLES-ONE>
<KING-OF-PENTACLES-ONE>Esta carta resalta tus habilidades apreciables en los diferentes caminos de la vida. Tus habilidades emprendedoras te traerán satisfacciones financieras y mentales en la vida. Puedes contarte como una persona en quien depender en crisis. Tu naturaleza flexible te ayuda en cualquier situación. Tu actitud alentadora le ayuda a las personas a tu alrededor. Eres calmado, puntual y un trabajador dedicado. </KING-OF-PENTACLES-ONE>
<ACE-OF-SWORDS-ONE>Esta carta muestra que encontrarás iluminación mental y descifrarás las cosas a tu manera. Con tu intelecto agudo y habilidad de raciocinio aprenderás algunos aspectos nuevos de la vida. Por tu fortaleza mental, te alejarás lentamente de cualquier situación difícil de la vida al cruzar cada obstáculo. Pudieras tender a pelear por la justicia para alguien/algo y procederás en la dirección de la verdad y la honestidad. </ACE-OF-SWORDS-ONE>
<TWO-OF-SWORDS-ONE>Esta carta muestra una oposición a las emociones y supresión de los sentimientos verdaderos. Pudieras esconder tu angustia de los demás y tratarás de mantenerte bien en el exterior. Los tiempos pudieran venir en los que te encontrarás atascado en situaciones no deseables en las cuales estás vacilante para decidir o actuar. Pudieras tender a evitar los hechos claros y la verdad. La situación se mantendrá como es por tu falta de acción. </TWO-OF-SWORDS-ONE>
<THREE-OF-SWORDS-ONE>Esta carta sugiere que pudieras enfrentar un mínimo emocional. Pudieras terminar lastimando los sentimientos de alguien o viceversa. Algunas malas noticias pudieran estar en camino. Pudiera haber una posibilidad que te sientas rechazado. Pudieras sentir que nadie está para ti cuando más necesitas a alguien. La soledad pudiera establecerse. Pudieras darte cuenta de secretos sobre algunas personas cercanas a ti las cuales pudieran perturbarte. Pudieras también experimentar traición por parte de alguien cercano. </THREE-OF-SWORDS-ONE>
<FOUR-OF-SWORDS-ONE>Esta carta sugiere que deberías tomar la vida fácilmente sin sobre exigirte a ti mismo. Deberías tomar un descanso de tu rutina diaria y encontrar alguna paz y quietud. Obtén alguna relajación para tu cuerpo y tu mente. Toma este tiempo de descanso para pensar en donde estás parado en la vida, lo que quieres lograr, lo que has hecho, etc. Por lo tanto, prepárate a ti mismo por el futuro asegurando tu posición presente. </FOUR-OF-SWORDS-ONE>
<FIVE-OF-SWORDS-ONE>Esta carta refleja una mentalidad centrada y actitud discordante con otros. Pudieras tender a pensar solamente en tus propios intereses antes de hacer cualquier actividad. Pudieras encontrar difícil afrontar las ideas y opiniones de otros. Pudieras lograr crear mala voluntad entre los demás. Pudieras lograr obtener el éxito usando los medios incorrectos. </FIVE-OF-SWORDS-ONE>
<SIX-OF-SWORDS-ONE>Esta carta destaca los altos y bajos de las fases de la vida. Pudieras sentirte desganado y deprimido en lo que sea que estés haciendo. Pudiera experimentar una enfermedad. Pudiera tener que tomar un tiempo libre para ti mismo, para sanar y lidiar con las situaciones emocionales de tu vida. Verás el mundo con una nueva esperanza y empezarás a moverte hacia una actitud positiva. Pudieras viajar de un lugar a otro en búsqueda de aventura y cambio. </SIX-OF-SWORDS-ONE>
<SEVEN-OF-SWORDS-ONE>La carta habla sobre tu tendencia de evitar tus responsabilidades y obligaciones que te rodean. Ocultas la verdad para evitar enfrentar la música. Pudieras tender a quedarte solo y al margen y mantener una buena distancia del mundo social a tu alrededor. Durante esta fase de aislamiento pudieras desarrollar una actitud engañosa algunas veces, puedes actuar de manera fraudulenta. </SEVEN-OF-SWORDS-ONE>
<EIGHT-OF-SWORDS-ONE>Esta carta muestra la oscuridad y los caminos difíciles adelante. Pudieras sentirte encadenado por situaciones y también pudieras encontrar difícil encontrar tu propio camino en la vida. Pudieras sentirte confuso en la mayoría de las circunstancias sobre cuál paso tomar después. Te pudiera faltar el enfoque para seguir adelante y pudieras buscar ayuda externa. Pudieras sentir que las cosas se están saliendo de control, mientras todo lo que puedes hacer es quedarte atrás y mirar. </EIGHT-OF-SWORDS-ONE>
<NINE-OF-SWORDS-ONE>Esta carta muestra una fase de ansiedad y tensión para ti. Pudieras desarrollar un sentimiento de culpa por algo que hiciste en el pasado y encontrarás difícil de perdonarte a ti mismo por eso. Pudieras desear regresar el tiempo y corregir tus acciones. Estás a la deriva a través de una fase, en donde pudieras dejar de creer en ti mismo y pudieras sentirte deprimido. Algunas veces, pudieras también sentirte emocionalmente quebrantado. </NINE-OF-SWORDS-ONE>
<TEN-OF-SWORDS-ONE>Esta carta muestra una fase de ansiedad y tensión para ti. Pudieras desarrollar un sentimiento de culpa por algo que hiciste en el pasado y encontrarás difícil de perdonarte a ti mismo por eso. Pudieras desear regresar el tiempo y corregir tus acciones. Estás a la deriva a través de una fase, en donde pudieras dejar de creer en ti mismo y pudieras sentirte deprimido. Algunas veces, pudieras también sentirte emocionalmente quebrantado. </TEN-OF-SWORDS-ONE>
<PAGE-OF-SWORDS-ONE>Esta carta te pide que juntes tu fortaleza mental y enfrentes los problemas que pudieran molestarte en el largo plazo. Tendrás que lógicamente analizar los problemas que enfrentan y hacer planes apropiados para resolver los mismos. Tendrás que ser honesto y veraz y no tratar de ocultar nada. Tendrás que clasificar lo bueno y lo malo, y también aceptar la responsabilidad que viene con ella. Mantén tu espíritu alto y enfrenta las dificultades con vigor. </PAGE-OF-SWORDS-ONE>
<KNIGHT-OF-SWORDS-ONE>Esta carta sugiere confianza, pero con un toque de ímpetu. Tu franqueza pudiera considerarse como pesada ante los demás. Pudieras ser descrito como alguien que puede decir cualquier cosa sin pensar. Pudieras empezar como un buen líder, pero terminar con una actitud dominante. Pudieras mostrar un gran sentido del humor pintado con sarcasmo. Tu profundo conocimiento será apreciado si no bordea a la arrogancia. </KNIGHT-OF-SWORDS-ONE>
<QUEEN-OF-SWORDS-ONE>Esta carta refleja tu naturaleza sincera y sencilla en la vida. Prefieres ser abierto en todas tus relaciones. Tu percepción de cualquier situación/ persona es bastante buena y justo en la marca. Intenta adoptar un enfoque sensato en todo lo que hagas. Tu sentido del humor es excelente y no a costa de nadie. Tu extensiva experiencia te da la fortaleza de avanzar en la vida. </QUEEN-OF-SWORDS-ONE>
<KING-OF-SWORDS-ONE>Esta carta significa tu mente pensativa y personalidad ética. Tiendes a analizar las situaciones de la vida en una manera eficiente con tus bien desarrolladas habilidades lógicas y de razonamiento. Tendrás la capacidad de comunicar tus opiniones e ideas con tus excelentes habilidades verbales. Serás amplio en tu percepción y vas a comprender maduramente todos los aspectos de cualquier problema. Tiendes a ser honesto e íntegro en todo lo que haces. </KING-OF-SWORDS-ONE>
<ACE-OF-WANDS-ONE>Esta carta significa éxito. Posees una manera imaginativa y no convencional de pensar, lo que te carga de creatividad. Tu entusiasmo y confianza brillante tienden a inspirar a otros y saques la pasión en ti. Das más del 100% en todo lo que haces. En la vida no importan si estás enfrentando un problema o desafío, tendrás que enfrentar las dificultades y confianza en ti mismo para tener éxito. </ACE-OF-WANDS-ONE>
<TWO-OF-WANDS-ONE>Esta carta significa una actitud osada. Si has estado esperando tomar una iniciativa o tomar alguna actividad/ viaje, este es el tiempo de hacerlo. Tienes el poder y la influencia de lograr tus objetivos. Así que solo necesitas tener el coraje de tomar tus pasos hacia adelante. Este es el tiempo de ser valiente y enfrentar tu miedo. Tendrás que tener un enfoque innovativo para lograr tus metas. Solo forja tu propio camino. </TWO-OF-WANDS-ONE>
<THREE-OF-WANDS-ONE>Esta carta muestra una sed e impaciencia de explorar algo nuevo. Esto conecta a tu naturaleza en búsqueda aventura y emoción. Tu naturaleza prospectiva deberá continuar para ayudarte en los tiempos que vienen. Tendrás que asumir tu rol de líder para llevar a todos hacia tu misión y objetivo. Encontrarás mucho éxito en el comercio. </THREE-OF-WANDS-ONE>
<FOUR-OF-WANDS-ONE>Pudieras hacer una conexión con tu naturaleza de búsqueda aventura y emoción. Tu naturaleza previsora pudiera continuar a ayudarte en los tiempos por venir. Tendrás que asumir un rol de liderazgo para llevar a todos hacia tu misión y tu objetivo. Pudieras encontrar mucho éxito en el comercio. </FOUR-OF-WANDS-ONE>
<FIVE-OF-WANDS-ONE>Esta carta significa un pequeño problema adelante. Las personas pudieran estar en contra tuya y tu terminarás discutiendo y peleando con las personas. Hay otros que compiten contigo y te sientes como a la altura del desafío de una pelea. Pequeños contratiempos y problemas están guardados para ti. Tendrás que mostrar paciencia y compostura para salir de esta situación. </FIVE-OF-WANDS-ONE>
<SIX-OF-WANDS-ONE>Esta carta refleja victoria, apreciación con un poco de orgullo. Pudieras lograr tus metas con brillantez. Pudieran apreciar tus esfuerzos y te mantendrán motivado para dar lo mejor de ti en todo lo que hagas. Tu disfrutarás tu día en el sol, pero pudieras de repente empezar a sentirte importante. Pudieras empezar a pensar acerca de ti mismo primero lo cual pudiera llevar a las personas a pensar que eres arrogante. </SIX-OF-WANDS-ONE>
<SEVEN-OF-WANDS-ONE>Esta carta significa los esfuerzos de la lucha por tu posición y de defender lo que crees. Tiendes a tener una actitud agresiva y desafiante en la vida. La mayoría de las veces, esta actitud trabaja bien para ti, pero a veces, te sobre entusiasmas. Tiendes a ser terco cuando tomas una posición y eres muy persistente. Sinceramente crees que tus habilidades te ayudarán en tiempos difíciles de sufrimiento. </SEVEN-OF-WANDS-ONE>
<EIGHT-OF-WANDS-ONE>Esta carta sugiere un cambio en el tiempo. El tiempo que has estado esperando a llegado. Es el tiempo de tomar acción y de probar tu potencial de alguna manera u otra. Algunas tareas incompletas pudieran finalmente completarse. Probablemente descubrirás alguna información o noticias que estabas buscando. Pudieras tener que terminar una cierta cosa, solo para comenzar algo mejor. </EIGHT-OF-WANDS-ONE>
<NINE-OF-WANDS-ONE>Esta carta significa las precauciones que tomas y la determinación que muestras. Desde tus dificultades o experiencias pasadas, eres extra cautelosa ahora y siempre te preparas para lo peor. Te guardas a ti mismo y tus seres cercanos. Te levantas contra todo pronóstico y te mantienes luchando por tus objetivos de todo corazón. Tu voluntad y fortaleza física continuarán para que mantengas tus esfuerzos canalizados a la gloria. </NINE-OF-WANDS-ONE>
<TEN-OF-WANDS-ONE>Esta carta indica un incremento en la sensación de carga emocional o mental. Pudieras estarte sobre exigiéndote a ti mismo en el trabajo. Probablemente estás hacienda muchas cosas al mismo tiempo y estás atascado en la mayoría de ellas. Aunque no estás obteniendo crédito por las buenas cosas que haces, terminas tomando la culpa. Pudieras también descubrir que tendrás que luchar por cada pequeño éxito. </TEN-OF-WANDS-ONE>
<PAGE-OF-WANDS-ONE>Esta carta significa nuevas oportunidades para ti para que descubras el verdadero poder y energía que posees. Este es el tiempo para redescubrir la vida y explorarla con una actitud creativa y valiente. Necesitas mostrar más entusiasmo y optimismo en tus esfuerzos. Se apasionado en todo lo que hagas. Cree en tus habilidades y mantén tu enfoque para exprimir lo mejor de ti. Se aventurero y toma riesgos. Este es el tiempo de ser asertivo. </PAGE-OF-WANDS-ONE>
<KNIGHT-OF-WANDS-ONE>Una carta de caballero refleja un buen set de fuertes cualidades acompañados por unas cuantas negativas. Con frecuencia tiendes a ser encantador y confiado pero algunas veces te ves como una persona arrogante. Tiendes a ser audaz pero algunas veces te vuelves imprudente. En tu búsqueda por la aventura, tiendes a ser totalmente imprudente. Eres apasionado por naturaleza, pero eres de temperamento acalorado al mismo tiempo. </KNIGHT-OF-WANDS-ONE>
<QUEEN-OF-WANDS-ONE>Esta carta es una de las más positivas. Muestra un impulso en energía, humor y alegría. Tendrás que lograr navegar entre tus tareas con tu compromiso y dedicación. Tenderás a ser un buen amigo y harás nuevos amigos fácilmente. Experimentarás un tiempo pacífico y de felicidad en los días por venir. Tu postura calmada te ayudará a enfrentar cualquier obstáculo que venga a tu camino. </QUEEN-OF-WANDS-ONE>
<KING-OF-WANDS-ONE>Esta carta refleja el poder del pensamiento creativo e innovativo. Mantén tu mente abierta a nuevas posibilidades y oportunidades. Puedes experimentar algo nuevo en el futuro cercano. Pudieras ser bueno en comunicarte y hacer vínculos con otros e inspirarlos. Incluso pudieras tender a dominar y mandar a las personas a tu alrededor – pero con respeto. Disfrutas la atención que obtienes y tiendes a atraer al sexo opuesto. </KING-OF-WANDS-ONE>
<THE-FOOL-ONE>Se indica un nuevo comienzo. Sentirás que estás empezando fresco con nuevas cosas e ideologías. Pudiera ser relacionado con tu carrera, vida amorosa o el frente personal. Habrá mucha espontaneidad y diversión en este viaje. En el caso de algunos obstáculos, aprenderás algo valioso. Tendrás que dejar ir lo viejo y tomar las nuevas cosas para aventurarte en este nuevo mundo que estás empezando a explorar. </THE-FOOL-ONE>
<THE-MAGICIAN-ONE>Tu fuerza de voluntad es fuerte ahora. Las personas te escuchan y toman todo lo que dices seriamente. Tendrás la capacidad de convencer a las personas y este tiempo significa que serás el mejor en tus habilidades de liderazgo al menos por un tiempo ahora. Tendrás brillantes ideas y dependerá de ti de como hagas uso de ellas. Algunos secretos de otros pudieran también revelarse. </THE-MAGICIAN-ONE>
<THE-HIGH-PRIESTESS-ONE>Este es el tiempo en el que deberías confiar tus instintos y seguir el camino de tus sueños hacia los que sientes fuertemente. Pudiera haber una persona que pronto te dará un consejo muy importante o útil. Pudieras tener que buscar algo que es desconocido para ti y es probable que haya algo que te ha sido ocultado. Tendrás que seguir buscándolo hasta que el secreto no sea revelado ya que pudiera ser una revelación muy importante para ti. </THE-HIGH-PRIESTESS-ONE>
<THE-EMPRESS-ONE>Estás pensando profundamente acerca de algo y estás preocupado acerca del crecimiento o del comienzo de algo en tu carrera, negocio o tu relación. Tu o tu pareja están siendo altamente protectores e incluso pudieran recurrir a medios no éticos para lograr lo deseado. Un poco de paciencia y algunos esfuerzos serán requeridos para logara la estabilidad en la presente situación. </THE-EMPRESS-ONE>
<THE-EMPEROR-ONE>El logro no está muy lejos y el honor está en camino también. Pudieras ser influenciado por una persona masculina que te guía como tu padre, hermano, pareja o tu amigo. Tendrás la autoridad ahora y estarás en control de lo que quieres hacer. Un sistema de apoyo bastante fuerte estará a tu lado. A pesar de eso, tendrás que ser cuidadoso acerca de tu naturaleza superficial o demasiado exigente la cual pudiera lastimar a tus hijos. </THE-EMPEROR-ONE>
<THE-HIEROPHANT-ONE>No seas muy terco sobre tus pensamientos y no te aferres a viejas creencias y tradiciones solo porque han sido seguidas por años. Pudieras estar pensando en el matrimonio. Pudieras quizá atascarte en formalidades legales. Los problemas pudieras llegar y pudieras querer adherirte a viejos métodos para resolverlos. Tendrás que lidiar con los problemas con una mente fría y tener suficiente paciencia. </THE-HIEROPHANT-ONE>
<THE-LOVERS-ONE>El amor está en el aire para ti. Pudieras tener pronto una agradable sorpresa en tu vida amorosa. Pudieras tener que tomar decisiones entre tu corazón y tu mente. Es probable que sigas tu corazón por sobre tu mente y el riesgo que se tome valdrá la pena. Pudieras sentirte tentado lo que pudiera llevar a infidelidades, las cuales deben ser evitadas. Tus conexiones emocionales se volverán fuertes. </THE-LOVERS-ONE>
<THE-CHARIOT-ONE>Estás en alguna lucha para lograr lo que deseas. Algún tipo de cambio o viaje pudiera darse en tu vida. Pudiera tener que enfrentar obstáculos en tu carrera o vida personal. Pudieras ser molestado por alguien con motivos egoístas. Algún control pudiera ser requerido en emociones opuestas y circunstancias, pero al final la victoria será lograda. </THE-CHARIOT-ONE>
<JUSTICE-ONE>Es tiempo de traer cierto equilibrio a lo que estás haciendo. Pudiera haber cierto hábito o actividad el cual está pasando más o menos que lo requerido en tu vida. Necesitas controlarlo. Necesitas tomar esfuerzos para regresar a la normalidad al balancear todos los aspectos de tu vida. Se te requiere que seas imparcial mientras haces acuerdos o sociedades en el futuro cercano. Si hay algo que sepas que estás hacienda mal, rectifícalo pronto antes que tome un giro peligroso. </JUSTICE-ONE>
<THE-HERMIT-ONE>Tómate un tiempo y trata de organizar y analizar las cosas. Pudieras estarte sintiendo impaciente con las cosas que pasan a tu alrededor. No tomes decisiones precipitadas y sería mejor si tomas consejo de alguien mayor y confiable antes de tomar una decisión importante en el futuro cercano. Tómate un corto descanso de tu agenda e intenta encontrar paz y realización personal. </THE-HERMIT-ONE>
<WHEEL-OF-FORTUNE-ONE>Pronto encontrarás una de las mejores fases de tu vida. La suerte te favorecerá y obtendrás los frutos de tus esfuerzos. Algunos cambios ocurrirán y tu vida avanzará hacia la madurez. Es probable que obtengas todo lo que estabas esperando. Tus problemas terminarán y la felicidad vendrá en abundancia. Tus sueños están a punto de realizarse. </WHEEL-OF-FORTUNE-ONE>
<STRENGTH-ONE>Encontrarás que has obtenido la fortaleza y el potencial para hacerle frente a las peores situaciones, tanto física como mentalmente. Esta carta indica un buen tiempo para renunciar a un mal hábito al cual has estado intentando renunciar desde hace mucho tiempo. Obtendrás realización en cosas que estabas luchando antes como en tus relaciones, carrera, salud, etc. Con tu fuerza de voluntad e inteligencia, puedes pasar las pruebas y tribulaciones en tu vida. </STRENGTH-ONE>
<THE-HANGED-MAN-ONE>Pudieras tener que sacrificar algo o dejar a alguien para lograr algo mejor. Mala salud, fallas o tensión pudieran ocurrir. Lidia con cualquier problema al mantener la paz y perseverancia. Una situación adversa pudiera llevar a una fuerza de voluntad débil y a un colapso emocional. Se aconseja que seas perspicaz y utilices este tiempo para ganar claridad en las situaciones. </THE-HANGED-MAN-ONE>
<DEATH-ONE>Esta carta significa transformaciones grandes e importantes o cambios impactantes en la vida. Como el nombre lo sugiere indica la muerte, pero solo en circunstancias como madurez, vejez o muy mala salud. Pudieras sentirte triste, vacío o deprimido pero esta fase te ayudará a realizar que necesitas hacer cambios de por vida que son necesarios para que sigas adelante. Ten la fortaleza de aceptar esos cambios para que puedas superar esta fase. </DEATH-ONE>
<TEMPERANCE-ONE>Pudieras sentirte confundido con las opciones que la vida te está ofreciendo. Pudieras tener que elegir entre los opuestos y tendrás que luchar para encontrar una manera de balancear ambas cosas para tu comodidad y paz. Tienes que darle tiempo y experimentar un poco para encontrar la mejor solución. Necesitas sopesar bien tus opciones para mezclar los aspectos opuestos para mantener la paz. Encontrarás maneras de crear armonía. </TEMPERANCE-ONE>
<THE-DEVIL-ONE>Estrás tentado hacia los sentimientos de lujuria, avaricia, ambición o adicción. Desearás el poder de controlar las cosas y de sentirte atraído por las comodidades de la vida. La falta de auto control puede llevar a situaciones peligrosas y complicadas. Hagas lo que hagas, será hacia los extremos lo que pudiera hacerte sentir poderoso, pero será peligroso al mismo tiempo. Necesitas ser cauteloso ya que esta carta te da una advertencia de los pasos destructivos que pudieras tomar. </THE-DEVIL-ONE>
<THE-TOWER-ONE>El tiempo en el futuro cercano puede ser uno de los más problemáticos que pudieras ver alguna vez. Pudieras enfrentar cambios indeseables y repentinos. Algún sufrimiento pudiera ser causado por razones inesperadas y pudieras tener que enfrentar un poco de aislamiento o soledad. Pero estos cambios pudieran forzarte a ver nuevas direcciones en la vida, la cual pudiera probar ser beneficial a largo plazo. No será un viaje placentero, pero será por lo mejor ya que te enseñará muchas cosas para el futuro. </THE-TOWER-ONE>
<THE-STAR-ONE>Tienes más inclinación espiritual ahora y desearás paz y armonía en tu vida. Este será un tiempo para sanar y dar lugar a nuevas esperanzas en el frente personal, así como en el profesional. Es un buen augurio para empezar una nueva relación o tomar tu relación existente al siguiente nivel. El conocimiento sobre varias cosas pudiera mejorarse y será un buen momento para consentirte en trabajos artísticos. </THE-STAR-ONE>
<THE-MOON-ONE>Pudieras sentirte como viajando en el mundo de la imaginación y la creatividad. Pudieras encontrar algunos secretos ocultos profundos y oscuros y pudiera conducir a una caída en aspectos emocionales. Deberías evitar las drogas o alcohol o cualquier abuso de sustancia la cual pudiera ser peligrosa para tu salud. Pudieras sentirte atrapado en un mundo loco y nómada y tendrás que seguir tu intuición plenamente para tomarte a través del mejor camino, preferiblemente algo que tenga que ver con la música, arte, baile, teatro, etc. </THE-MOON-ONE>
<THE-SUN-ONE>Te sentirás altamente enérgica, joven y conscientemente tomarás las decisiones correctas para tener éxito. La tarjeta del sol tiene que ver con la originalidad, el entusiasmo y significa que todo parecerá caer en su lugar uno por uno. Unas buenas noticias pudieran también estar en camino. Una vacación es también posible en el futuro cercano. Pasarás más tiempo con la familia y amigos en un humor jovial en los próximos días. La alegría y la paz se guardan para ti para los días que vienen. </THE-SUN-ONE>
<JUDGEMENT-ONE>Esta carta indica oportunidades las cuales no deberían ser ignoradas. Estas son oportunidades que has estado esperando. Es el tiempo en el que serás recompensado por los esfuerzos que has hecho en el pasado. Nuevas posibilidades en tu camino cambiarán tu vida para lo mejor. Ya que el juicio necesita ser justo, pudieras tener que enfrentar el peso de tus pecados en el pasado. En conjunto, habrá un final feliz en todo lo que estás haciendo actualmente. </JUDGEMENT-ONE>
<THE-WORLD-ONE>Este es el tiempo en el que tu gran lucha llega a su fin y tienes las recompensas por ello. Esta carta indica la relajación después de un largo camino de esfuerzos. Experimentarás que finalmente estarás obteniendo las cosas y los resultados que por mucho tiempo has deseado y aspirado. Tus seres queridos apreciarán los frutos de tu arduo trabajo. Este periodo emprenderá fuertes logros e indicará nuevos comienzos.</THE-WORLD-ONE>
</ROOT>
