<?xml version="1.0" encoding="utf-8" ?>
<ROOT>
<ACE-OF-CUPS-ONE >Kad ini menunjukkan bahawa anda akan mengambil beberapa langkah yang berani untuk memasuki dunia baru tanpa tertekan atau diganggu tentang risiko yang ditanggung dan akhirnya projek ini akan membantu anda menjaga keperluan anda. Ini adalah masa yang baik untuk mengambil risiko kerana anda akan mendapat faedah-faedah kewangan. </ACE-OF-CUPS-ONE >
<TWO-OF-CUPS-ONE >Apa-apa pertikaian kewangan atau perjanjian kewangan akan setuju dan diselesaikan dan ini akan membuatkan anda berasa lega. Keuntungan anda dalam perniagaan mungkin meningkat atau anda mungkin dapat lebih gaji tidak lama lagi. </TWO-OF-CUPS-ONE >
<THREE-OF-CUPS-ONE >Kad ini menunjukkan bahawa anda mempunyai sumber pendapatan yang stabil sekarang dan anda akan mempunyai pendapatan dan perbelanjaan yang adil. Terdapat aliran masuk wang melalui pelbagai sumber yang kecil dan anda akan berasa gembira. </THREE-OF-CUPS-ONE >
<FOUR-OF-CUPS-ONE >Kad ini menunjukkan bahawa jika terdapat sebarang perubahan maklumat kewangan atau sebarang situasi berkaitan kewangan dan anda akan berada dalam situasi untuk mengurusnya dengan bijaksana. Anda sangat fasih dan berupaya menyiapkan pekerjaan yang dilakukan terutamanya dalam mengumpulkan wang atau dalam menyelesaikan sebarang isu berkaitan dengan wang. </FOUR-OF-CUPS-ONE >
<FIVE-OF-CUPS-ONE >Kad ini menunjukkan bahawa anda sekarang perlu memberi perhatian pada kewangan anda dan status kewangan anda mungkin sedikit tidak stabil sekarang. Anda perlu mengambil setiap langkah dalam perbelanjaan anda dengan teliti dan hanya pendekatan yang praktikal dan tegas membantu anda untuk melalui situasi ini. </FIVE-OF-CUPS-ONE >
<SIX-OF-CUPS-ONE >Kad ini mencadangkan bahawa anda tidak perlu bimbang mengenai kewangan anda sekarang. Perbelanjaan dan pendapatan anda akan dibuat secara cek dan wang akan mengalir masuk dari pelbagai arah. Anda akan merasa gembira daripada pendapatan anda dan mungkin terdapat jackpot yang anda dapat yang akan membuatkan anda terharu dan terkejut. </SIX-OF-CUPS-ONE >
<SEVEN-OF-CUPS-ONE >Kad ini menunjukkan bahawa terdapat beberapa jenis krisis kecil berhubung dengan perbelanjaan anda tetapi anda dapat selesaikannya. Tidak perlu risau kerana ianya akan diperbaiki secepat mungkin dan terdapat juga kemungkinan bahawa anda dapat beberapa keuntungan kecil daripada pelbagai sumber. </SEVEN-OF-CUPS-ONE >
<EIGHT-OF-CUPS-ONE >Kad ini menunjukkan bahawa anda perlu memerhati perbelanjaan anda kerana anda mungkin mendapati perbelanjaan anda menjadi meningkat walaupun anda cuba untuk membendung ia. Anda akan berasa bahawa pendapatan anda tidak mencukupi untuk menguruskan perbelanjaan anda dan ini juga boleh memberikan anda sedikit kecewa dan tidak berpuas hati. </EIGHT-OF-CUPS-ONE >
<NINE-OF-CUPS-ONE >Kad ini menunjukkan bahawa anda akan menghadapi sedikit rasa tidak puas hati dari segi keuntungan kewangan. Anda akan dapat wang dari salah seorang penghutang dalam masa singkat tetapi mungkin ada sedikit perbalahan kerana hubungan yang lebih dengan wang. Tetapi anda akan menyelesaikan dengan keadaan yang baik dan ianya dapat diselesaikan. </NINE-OF-CUPS-ONE >
<TEN-OF-CUPS-ONE >Kad ini menunjukkan bahawa anda mahu untuk membiarkan diri anda rehat dan pergi ke tempat jauh untuk menenangkan diri. Anda juga mungkin akhirnya membeli hadiah untuk orang tersayang dan perbelanjaan tidak akan mengganggu anda sama sekali kerana pendapatan anda membolehkan anda menikmati ruang bersamasa dengan keluarga dan rakan-rakan anda. </TEN-OF-CUPS-ONE >
<PAGE-OF-CUPS-ONE >Anda menjangkakan kenaikan pangkat atau mendapat kehormatan dan ini mungkin berlaku tidak lama lagi. Juga terdapat lebih banyak peluang datang ke anda tidak lama dan anda sudah tidak perlu risau. </PAGE-OF-CUPS-ONE >
<KNIGHT-OF-CUPS-ONE >Kad ini menunjukkan bahawa anda mempunyai nasib yang baik jika berkaitan dengan kewangan anda. Anda akan mendapat kejutan yang menyenangkan seperti kenaikan gaji, peningkatan keuntungan atau sejumlah wang dari sumber yang tidak diduga. Jika wang anda tersangkut di mana-mana, ia akan kembali kepada anda. </KNIGHT-OF-CUPS-ONE >
<QUEEN-OF-CUPS-ONE >Kad ini menunjukkan bahawa anda tidak akan berasa terdedah dari segi kewangan pada bila-bila masa tidak lama lagi. Akan ada banyak orang yang bersedia untuk membantu anda sekiranya berlaku krisis kewangan atau jika anda sedang mencari panduan pelaburan, terdapat orang yang akan membantu anda. Anda tidak akan mempunyai terlalu banyak masalah untuk menerima komisen atau duit dari sumber lain. </QUEEN-OF-CUPS-ONE >
<KING-OF-CUPS-ONE >Kad ini menunjukkan bahawa anda mempunyai sumber wang yang masuk dari pekerjaan anda atau dari tempat lain. Jika anda membuat urusan baru atau menandatangani kontrak baru maka anda perlu berhati-hati tentang dokumentasi dan semua terma dan syarat kerana mungkin ada beberapa elemen yang akan memerhati pergerakan anda. </KING-OF-CUPS-ONE >
<ACE-OF-PENTACLES-ONE >Kad ini menunjukkan bahawa anda akan berdoa untuk berbagai sumber wang dan ianya akan memihak kepada anda dan anda akan menerima sumber pendapatan yang baru. Anda akan berfikir tentang matlamat kewangan jangka panjang dan akan ada rancangan tertentu atau usaha yang datang kepada anda. </ACE-OF-PENTACLES-ONE >
<TWO-OF-PENTACLES-ONE >Kad ini menunjukkan bahawa anda berada dalam proses perancangan kewangan dalam perniagaan dan dalam kehidupan peribadi dan anda akan diambil berat oleh golongan tertentu. Jika terdapat kemungkinan bahawa anda sedang merancang pelaburan baru, terdapat banyaj perbelanjaan yang terlibat. Anda perlu menjaga perbelanjaan anda dengan bijak. </TWO-OF-PENTACLES-ONE >
<THREE-OF-PENTACLES-ONE >Kad ini menunjukkan wang akan datang kepada anda dari sumber yang tidak diduga dan anda akan mempunyai sokongan daripada keluarga dan rakan-rakan anda. Anda juga akan cuba untuk mencari sumber pendapatan tambahan dan membuka sesebuah projek yang belum selesai atau mulakan yang baru. </THREE-OF-PENTACLES-ONE >
<FOUR-OF-PENTACLES-ONE >Kad ini menunjukkan bahawa terdapat banyak aktiviti berkaitan dengan pemindahan wang. Anda perlu melalui banyak kertas kerja yang mungkin termasuk beberapa formaliti undang-undang untuk mendapatkan pulangan kewangan. Anda akan dapati kestabilan dalam kewangan dan anda akan mempunyai kewangan yang cukup untuk menguruskan perbelanjaan anda. </FOUR-OF-PENTACLES-ONE >
<FIVE-OF-PENTACLES-ONE >Kad ini menunjukkan bahawa anda berbelanja untuk meningkatan diri dan memanjakan diri. Kewangan anda akan berada di suatu tempat kerana anda dapat menampung semua perbelanjaan anda dan nasib juga mungkin berada dengan anda selepas anda teruskan perjalanan walaupun banyak masalah. </FIVE-OF-PENTACLES-ONE >
<SIX-OF-PENTACLES-ONE >Kad ini menunjukkan bahawa masa menjadi lebih sukar kerana anda mungkin mempunyai masalah. Rakan-rakan anda mungkin mengambil kesempatan dan tidak kembalikan wang anda atau anda mungkin tidak dapat bayaran sewa tepat pada masanya. Ini boleh membawa kepada beberapa gangguan mental dan terdapat juga beberapa konflik yang ditunjukkan. Disarankan supaya anda bersabar dalam situasi seperti ini. </SIX-OF-PENTACLES-ONE >
<SEVEN-OF-PENTACLES-ONE >Kad ini menunjukkan bahawa ada perkara yang mungkin kelihatan sangat suram dari segi kewangan pada permulaan dan perkara yang mungkin kelihatan samar-samar dan tidak jelas. Tetapi tidak lama kemudian terdapat keuntungan kewangan melalui perniagaan atau usaha peribadi dengan bantuan dan bimbingan seseorang yang rapat dan ini akan memberi anda harapan baru. </SEVEN-OF-PENTACLES-ONE >
<EIGHT-OF-PENTACLES-ONE >Kad ini menunjukkan bahawa anda akan bernasib baik dalam aspek kewangan untuk sementara waktu dan akan tiada ketegangan mengenai wang. Akan ada beberapa keuntungan kewangan atau anda akhirnya akan membeli benda-benda yang anda mahukan. Kunci untuk kehidupan yang bahagia adalah berpuas hati dengan apa yang anda perolehi dan ini akan menjadi kenyataan untuk anda. </EIGHT-OF-PENTACLES-ONE >
<NINE-OF-PENTACLES-ONE >Kad ini menunjukkan bahawa anda akan mempunyai jumlah nasib yang banyak dan sesuatu akan datang je arah yang betul walaupun dalam bentuk wang. Jika anda mempunyai apa-apa jenis masalah kewangan, ianya dapat diselesaikan dan akan ada beberapa berita baik yang akan tiba tidak lama lagi. </NINE-OF-PENTACLES-ONE >
<TEN-OF-PENTACLES-ONE >Kad ini menunjukkan bahawa akan ada satu keseimbangan yang saksama antara pendapatan anda dan perbelanjaan dan anda perlu menyusun pelbagai bil rumah yang akan mengambil sebahagian besar wang anda. Jika ada beberapa pembelian yang perlu menunggu atau beberapa keputusan penting mengenai wang maka ia akan diambil. </TEN-OF-PENTACLES-ONE >
<PAGE-OF-PENTACLES-ONE >Kad ini menunjukkan kewangan anda akan menjadi seimbang sekarang tetapi akan ada masa apabila anda mungkin rasa tidak mencukupi. Ini boleh memburukkan lagi keadaan dan membawa kepada emosi tidak dapat dikawal. Anda perlu bertenang kerana kad ini mencadangkan bahawa ada sesuatu yang baik di hadapan. </PAGE-OF-PENTACLES-ONE >
<KNIGHT-OF-PENTACLES-ONE >Kad ini menunjukkan bahawa tidak ada banyak masalah dengan keadaan kewangan anda. Walaupun mungkin ada sesetengah pihak yang tidak akan sanggup mengembalikan wang dan ini boleh menjadi satu isu. Anda tidak berapa yakin sekarang tapi tidak lama lagi ada tuah akan datang menemui anda. </KNIGHT-OF-PENTACLES-ONE >
<QUEEN-OF-PENTACLES-ONE >Kad ini menunjukkan bahawa wang anda telah ditahan oleh seseorang atau hilang di suatu tempat dan besar kemungkinan bahawa ia akan dibersihkan dan ianya akan dapat diselesaikan. Anda akan mendapat wang anda kembali dan anda juga boleh menjangkakan beberapa keuntungan kewangan yang kecil atau pendapatan bertambah. </QUEEN-OF-PENTACLES-ONE >
<KING-OF-PENTACLES-ONE >Kad ini menunjukkan bahawa hampir tidak ada masalah yang berkaitan dengan kewangan anda. Akan ada beberapa peluang yang menguntungkan akan datang menemui anda tetapi anda perlu mengenalpastinya dengan berhati-hati. Disarankan bahawa anda menjalankan urusan anda di rumah atau tempat di sekitar kerana boleh membuktikan untuk menjadi bertuah untuk anda. </KING-OF-PENTACLES-ONE >
<ACE-OF-SWORDS-ONE >Kad ini menunjukkan bahawa perkara-perkara yang berkaitan dengan wang atau kewangan anda tidak menjadi seperti yang anda jangkakan. Mungkin ada beberapa tanggapan berkaitan dengan perbelanjaan terutamanya yang tidak dijangka. Pendapatan anda akan menjadi stabil tetapi anda perlu berusaha keras untuk mengimbangkan aliran masuk wang dan perbelanjaan yang semakin meningkat. </ACE-OF-SWORDS-ONE >
<TWO-OF-SWORDS-ONE >Kad ini menunjukkan bahawa kewangan anda teratur dan tidak ada banyak yang perlu dibimbangkan. Walaupun mungkin ada satu isu yang mungkin menjadi kebimbangan mengenai usaha baru atau orang gaji dan ada beberapa perkara yang terlintas di fikiran anda dan anda menjadi ragu-ragu untuk mengambil keputusan yang tegas. </TWO-OF-SWORDS-ONE >
<THREE-OF-SWORDS-ONE >Kad ini menunjukkan bahawa sekarang menjadi tempoh yang baik dari segi kewangan anda dan akan ada satu aliran wang. Anda boleh dapat daripada sumber-sumber yang tidak dijangka atau usaha lama anda akan mula menjana pendapatan. Jika sebahagian daripada penghutang tidak sanggup mengembalikan wang anda namun semuanya berjalan dengan lancar. </THREE-OF-SWORDS-ONE >
<FOUR-OF-SWORDS-ONE >Kad ini menunjukkan bahawa aliran masuk wang akan menjadi sedikit perlahan. Mungkin juga terdapat keadaan di mana anda dipersoalkan ke atas wang dengan rakan kongsi perniagaan anda atau penghutang atau mungkin terdapat sedikit kekecewaan kerana kelewatan dalam pembayaran. Tetapi kekecohan ini tidak lama lagi akan sampai ke penghujungnya kerana kewangan anda akan menjadi stabil selepas seketika. </FOUR-OF-SWORDS-ONE >
<FIVE-OF-SWORDS-ONE >Kad ini menunjukkan bahawa anda aberpuas hati kerana pendapatan anda dan perbelanjaan akan berada dalam keseimbangan dan anda juga akan memperolehi dari pelbagai sumber lain. Tapi walaupun ada rasa kesedaran tentang kewangan. Adalah disyorkan bahawa anda jangan bimbang terlalu banyak tentang kewangan dan biarkannya sahaja untuk seketika. </FIVE-OF-SWORDS-ONE >
<SIX-OF-SWORDS-ONE >Kad ini menunjukkan bahawa anda mungkinmempunyai masa yang sukar mendapatkan wang dan mengurus perbelanjaan anda kerana ia mungkin kelihatan nasib tidak bersama dengan anda berkaitan dengan duit. Tetapi masa akan berubah tidak lama lagi dan anda akan membuat sedikit duit tanpa melakukan lebih daripada nasib semata-mata dan anda akan menikmatinya. </SIX-OF-SWORDS-ONE >
<SEVEN-OF-SWORDS-ONE >Kad ini menunjukkan bahawa anda akan berasa sedikit gementar atau marah kerana anda mungkin perlu mengambil beberapa keputusan yang tidak diingini tetapi anda boleh hilangka kebimbangan anda kerana besar kemungkinan bahawa anda akan mengatur segalanya dengan cepat. Mungkin juga ada beberapa jenis keuntungan kewangan yang akan datang menemui anda atau anda mungkin menang sesuatu nanti. </SEVEN-OF-SWORDS-ONE >
<EIGHT-OF-SWORDS-ONE >Kad ini menunjukkan bahawa pendapatan anda sedang bergerak perlahan dan anda mengharapkan penilaian. Anda akan cuba untuk mencari laluan alternative untuk mendapatkan sedikit wang untuk menguruskan keperluan anda. Ia menunjukkan bahawa anda akan berjaya dan akhirnya akan mencari jalan keluar daripada masalah anda </EIGHT-OF-SWORDS-ONE >
<NINE-OF-SWORDS-ONE >Kad ini menunjukkan bahawa ianya masa yang terbaik dalam hidup anda dari segi kewangan. Anda akan mendapat banyak duit daripada pekerjaan tetap anda dan anda boleh juga mendapat kenaikan gaji tidak lama lagi. Mungkin ada beberapa tawaran perniagaan yang baru yang akan menjadi sangat menguntungkan atau anda boleh menemui beberapa laluan terbaik untuk mendapatkan wang. </NINE-OF-SWORDS-ONE >
<TEN-OF-SWORDS-ONE >Kad ini menunjukkan bahawa jika tiada sebarang masalah kewangan yang anda hadapi sekarang maka ianya akan diselesaikan tidak lama lagi. Terdapat juga kemungkinan bahawa anda mungkin diberi kejutan apabila anda mendapat keuntungan kewangan atau manfaat khas di tempat kerja dari usaha yang lama atau penilaian yang akan membuatkan anda gembira. </TEN-OF-SWORDS-ONE >
<PAGE-OF-SWORDS-ONE >Kad ini menunjukkan bahawa akan ada sesuatu yang berkaitan dengan kewangan anda yang akan mengganggu anda. Anda akan berasa khuatir tentang keadaan kewangan anda dan anda akan cuba untuk membendung perbelanjaan anda. Tetapi ini mungkin kelihatan seperti satu masalah yang tidak pernah tamat kerana ia tidak dapat diselesaikan pada perjumpaan pertama. </PAGE-OF-SWORDS-ONE >
<KNIGHT-OF-SWORDS-ONE >Kad ini menunjukkan bahawa salah seorang dari kawan anda akan menawarkan anda satu perjanjian perkongsian baru atau mengambil bahagian dalam suatu usaha yang baru. Mereka akan membuktikan mereka banyak membantu kerana mereka tidak meminta terlalu banyak sebagai balasan dan anda akan rasa berpuas hati dengan apa yang mereka lakukan. </KNIGHT-OF-SWORDS-ONE >
<QUEEN-OF-SWORDS-ONE >Kad ini menunjukkan bahawa anda boleh ditipu oleh seseorang. Mungkin ada orang yang mungkin telah meminjam sedikit wang daripada anda dan tidak akan mengembalikan wang seperti kelewatan bayaran sewa, bil-bil atau bahan. Anda boleh menjadi marah dan akhirnya berlaku pergaduhan dan konfrontasi. </QUEEN-OF-SWORDS-ONE >
<KING-OF-SWORDS-ONE >Kad ini mencadangkan bahawa anda perlu berehat dan berhenti berfikir terlalu banyak tentang kewangan anda. Pendapatan anda akan menjadi stabil tetapi masih akan ada tekanan yang wujud dalam keluarga dan di sekeliling anda kerana sesetengah keadaan yang anda mungkin tidak dapat mengelak. </KING-OF-SWORDS-ONE >
<ACE-OF-WANDS-ONE >Kad ini menunjukkan bahawa anda berkemungkinan untuk mendapatkan sedikit keuntungan kewangan. Ini adalah kerana sesuatu yang berkaitan dengan kemahiran anda. Jika anda sedang merancang untuk pameran karya anda atau datang dengan konsep unik dalam perniagaan anda maka ini adalah masa yang tepat untuk melaksanakannya. </ACE-OF-WANDS-ONE >
<TWO-OF-WANDS-ONE >Kad ini menunjukkan bahawa jika anda mempunyai sebarang pertikaian kewangan atau memikirkan atas beberapa perjanjian kewangan maka mereka akhirnya dipersetujui dan diselesaikan dan ini akan membuat anda berasa lega. Terdapat kemungkinan bahawa ia akan meningkatkan keuntungan anda dalam perniagaan anda atau anda mungkin mendapat peningkatkan gaji tidak lama lagi. </TWO-OF-WANDS-ONE >
<THREE-OF-WANDS-ONE >Kad ini mencadangkan anda sentiasa berhubung dengan rakan-rakan kerana ia akan terbukti boleh membantu kewangan anda. Perniagaan atau kerja anda akan mula berkembang membawa anda lebih banyak keuntungan daripada yang dijangkakan. Akan ada perjanjian perniagaan yang retak yang akan membantu anda dengan menambah manfaat yang anda tidak sabar menunggu. </THREE-OF-WANDS-ONE >
<FOUR-OF-WANDS-ONE >Kad ini menunjukkan bahawa kewangan anda akan stabil sekarang dan anda akan menerima wang dari beberapa sumber. Anda tidak akan mempunyai sebarang masalah dalam urusan kewangan anda kerana kerja anda akan menjadi licin sekarang dan anda akan lakukan lebih baik daripada apa yang anda telah lakukan sebelumnya. </FOUR-OF-WANDS-ONE >
<FIVE-OF-WANDS-ONE >Kad ini menunjukkan bahawa anda mempunyai nasib baik dengan wang. Jika anda mempunyai apa-apa jenis pertikaian kewangan yang berkaitan dengan harta atau pelaburan maka besar kemungkinan bahawa anda mendapat keistimewaa. Anda akan menangani kewangan anda dan ini akan membantu anda menjimatkan banyak dan pengharapan keluarga. </FIVE-OF-WANDS-ONE >
<SIX-OF-WANDS-ONE >Kad ini menunjukkan bahawa ada beberapa isu-isu berkaitan dengan wang yang ditahan oleh seseorang atau di suatu tempat. Ini boleh membuat anda merasa amat bimbang dan mungkin ada masa anda boleh bertindak diluar jangkaan tanpa disedari. Tapi masa sukar ini akan berlalu tidak lama lagi dan wang anda akan diatur. </SIX-OF-WANDS-ONE >
<SEVEN-OF-WANDS-ONE >Kad ini mencadangkan bahawa jika terdapat sebarang masalah atau halangan dari segi kewangan anda maka mereka segera dapat dikosongkan. Anda akan memperoleh faedah daripada simpanan anda dan pergerakan kewangan yang pintar akan membuatkan anda merasa gembira dan bahagia dan ini juga boleh mengakibatkan sedikit pemberian peluang, tetapi anda layak! </SEVEN-OF-WANDS-ONE >
<EIGHT-OF-WANDS-ONE >Kad ini menunjukkan bahawa perkara-perkara akan berubah lebih baik tidak lama lagi. Keadaan kewangan anda akan berkembang lebih daripada apa yang anda harapkan apabila anda mendapat tawaran menguntungkan di syarikat anda yang akan membantu anda mendapat pengiktirafan juga dan akan ada banyak menghadiri mesyuarat dan peluang membuat keuntungan pada masa depan. </EIGHT-OF-WANDS-ONE >
<NINE-OF-WANDS-ONE >Kad ini menunjukkan bahawa keadaan kewangan anda akan seimbang sekarang kerana anda boleh membuat beberapa keuntungan dan kerugian beberapa seketika. Tapi tidak perlu bimbang kerana anda akan mendapat sedikit untuk tinggal kandungan dan menjaga perbelanjaan harian anda dan anda akan berjaya dalam mencari sumber pendapatan yang lebih banyak. </NINE-OF-WANDS-ONE >
<TEN-OF-WANDS-ONE >Kad ini menunjukkan bahawa anda sedikit ragu-ragu dengan urusan anda denga wang sekarang kerana mungkin ada ketidakpersafahaman beberapa pelanggan atau bos yang boleh membawa kepada beberapa masalah. Anda mahu melihat di sebalik situasi ini menyusahkan untuk mendapatkan lebih banyak sumber pendapatan tetapi ini akan membuktikan sukar daripada apa yang anda fikir. </TEN-OF-WANDS-ONE >
<PAGE-OF-WANDS-ONE >Kad ini menunjukkan bahawa anda akan melihat keuntungan yang mengalir apabila bahagian-bahagian tertentu kerja anda berkenaan sedangkan beberapa kawasan tersebut masih terus kekal lemah. Mungkin juga terdapat isu-isu berurusan dengan bank dan dokumen kewangan. </PAGE-OF-WANDS-ONE >
<KNIGHT-OF-WANDS-ONE >Akan ada aliran masuk wang dari beberapa sumber yang tidak diduga tetapi ini tidak akan menjadi jumlah yang besar. Tugas mengumpul wang daripada penghutang akan menjadi sedikit sukar dan anda mungkin tidak mendapat apa yang anda benar-benar jangka yang boleh menyebabkan beberapa pergaduhan dan kekecewaan. </KNIGHT-OF-WANDS-ONE >
<QUEEN-OF-WANDS-ONE >Anda boleh berada dalam mood untuk berbelanja besar dan boleh menikmati lebih daripada apa yang anda jangkakan dan bil kad kredit anda boleh datang sebagai satu kejutan. Ini boleh membuat anda kecewa untuk sementara waktu dan anda akan berfikir tentang alternatif kepada keadaan ini. Tetapi keputusan anda akan benar-benar membuktikan bermanfaat kemudian hari. </QUEEN-OF-WANDS-ONE >
<KING-OF-WANDS-ONE >Kad ini menunjukkan bahawa anda akan dapat wang dari kerja biasa tetapi akan cuba untuk mendapatkan tawaran yang terbaik dari sumber lain. Tetapi pasaran akan menjadi sangat mencabar dan jika anda mempunyai perniagaan anda sendiri maka anda perlu berjuang sedikit untuk mendapat kenalan baru dan projek-projek. Bagi orang-orang yang diambil bekerja, mungkin ada beberapa persaingan yang sengit yang anda mungkin perlu menghadapi tidak lama lagi. </KING-OF-WANDS-ONE >
<THE-MAGICIAN-ONE >Kad ini menunjukkan permulaan baru dalam hidup anda dari segi perniagaan dan juga urusan kewangan. Anda yakin bahawa usaha kewangan anda akan berjaya seperti masa akan datang dalam kemakmuran dan kejayaan dari segi aktiviti perniagaan baru dan lain-lain urusan. </THE-MAGICIAN-ONE >
<THE-HIGH-PRIESTESS-ONE >Kad ini menunjukkan bahawa anda perlu pastikan perkara-perkara di semak untuk seketika. Anda akan menjangkakan satu barang atau ketibaan sesuatu yang berkaitan dengan kewangan anda. Ini mungkin mengambil masa lebih lama daripada apa yang anda harapkan tetapi akhirnya anda akan memperoleh faedah selepas menunggu lama. </THE-HIGH-PRIESTESS-ONE >
<THE-EMPRESS-ONE >Kad ini menunjukkan bahawa anda perlu lebih lebih teratur dengan urusan kewangan anda dan berhati-hati tentang maklumat yang anda kongsikan dengan rakan kongsi perniagaan anda atau rakan sekerja. Tetapi anda boleh melepaskan ketegangan anda kerana jumlah yang dijanjikan dalam peralihan dan akan membuat jalan kepada anda tidak lama lagi. </THE-EMPRESS-ONE >
<THE-EMPEROR-ONE >Kad ini menunjukkan bahawa jika wang anda atau sesetengah dokumen kewangan terjerat kemudian mereka akan segera dibersihkan. Akan ada suatu sebab untuk perayaan kerana anda mungkin mendapat satu kenaikan gaji atau beberapa jenis keuntungan kewangan yang akan mencetuskan anda untuk menikmati sedikit tetapi anda tidak perlu rasa bersalah. </THE-EMPEROR-ONE >
<THE-HIEROPHANT-ONE >Kad ini mencadangkan bahawa anda mempunyai baki pendapatan anda dan berbelanja sedikit dan perlu memerhati perbelanjaan anda. Anda mempunyai beberapa masalah dalam mendapatkan sedikit wang daripada penghutang. Walaupun anda akan bimbang, perkara-perkara yang akan masih berjalan lancar dari segi kewangan. </THE-HIEROPHANT-ONE >
<THE-LOVERS-ONE >Kad ini menunjukkan bahawa akan ada satu aliran wang kerana anda boleh mendapatkan promosi, bonus tambahan dan manfaat lain. Ini akan membantu anda mengekalkan kestabilan kewangan dan anda tidak benar-benar perlu bimbang tentang kelemahan sekarang. Juga terdapat beberapa limpahan kerana anda dapat alasan untuk meraikan tidak lama lagi. </THE-LOVERS-ONE >
<THE-CHARIOT-ONE >Anda akan tertekan kerana wang anda akan tersekat dengan orang dan lain-lain transaksi dan ia akan menjadi sukar untuk mendapatkannya. Ini juga boleh membawa kepada beberapa isu undang-undang yang akan mengecewakan . Tetapi perkara-perkara yang akhirnya akan memudahkan kerana kerja keras anda akan mendapatkan wang dari tempat-tempat lain yang tidak dijangka. </THE-CHARIOT-ONE >
<STRENGTH-ONE >Kad ini menunjukkan bahawa anda akan dapat memikirkan lebih banyak secara praktikal sekarang apabila ia datang untuk urusan kewangan. Ini adalah masa yang baik untuk mendapatkan semula wang daripada penghutang yang perlu dibayar lebih awal tetapi dapat ditangguhkan atas sebab-sebab yang tertentu. Anda akan menguruskan semua dokumen kewangan anda yang akan membantu anda amat dalam masalah. </STRENGTH-ONE >
<THE-HERMIT-ONE >Kad ini menunjukkan bahawa anda berada dalam beberapa pendapatan yang tidak dijangka atau bonus. Ini akan meninggalkan anda terkejut dan terharu serta sangat gembira dan ini juga boleh menjadi punca untuk pemberian peluang beberapa atau beberapa jenis perayaan bersama rakan dan keluarga. Anda juga boleh merancang percutian dengan orang yang anda sayangi kerana wang anda tiba dari penghutang. </THE-HERMIT-ONE >
<WHEEL-OF-FORTUNE-ONE >Kad ini menunjukkan bahawa akan ada suatu sebab yang bimbang kerana anda akan perhatikan bahawa perniagaan anda tidak membuat keuntungan cukup dan ada sesetengah yang anda tidak melihat lebih awal. Beberapa panduan dan pertolongan daripada yang tersayang akan membantu anda bangkit dari anda perlu risau tentang kewangan. </WHEEL-OF-FORTUNE-ONE >
<JUSTICE-ONE >Kad ini menunjukkan bahawa ini akan menjadi masa yang sukar untuk anda dari segi kewangan. Anda akan melihat bahawa perniagaan anda melakukan sangat baik atau sumber pendapatan lain akan meletihkan dalam satu cara atau yang lain. Ada beberapa kali yang anda mungkin menghadapi tetapi yakinlah bahawa masa akan segera berubah untuk lebih baik. </JUSTICE-ONE >
<THE-HANGED-MAN-ONE >Kad ini menunjukkan bahawa anda perlu menghadapi beberapa penurunan kewangan walaupun orang-orang lain sebagai seseorang yang telah menipu anda atau terpesong anda untuk kepentingan mereka sendiri. Tetapi anda tidak lama lagi akan menyedari ini dan mengambil tindakan yang perlu untuk mendapatkan apa yang anda perlukan. </THE-HANGED-MAN-ONE >
<DEATH-ONE >Kad ini menunjukkan bahawa akan ada beberapa ketegangan berkenaan dengan wang sekarang. Ia mungkin bahawa anda mungkin mengalami masalah kewangan dahsyat yang baru-baru atau seseorang yang adalah sepatutnya untuk kembali anda sejumlah besar wang telah melarikan diri sejauh mungkin. Keadaan ini akan membuat anda berjaga-jaga. </DEATH-ONE >
<TEMPERANCE-ONE >Kad ini menunjukkan bahawa wang anda akan dipusing sekarang. Ia akan menjadi seperti naik roller coaster di mana pada satu masa anda mempunyai wang sementara lain kali anda menang. Ini mungkin mendapat sedikit huru-hara pada mulanya tetapi perniagaan anda akan mendapatkan keuntungan mencukupi. </TEMPERANCE-ONE >
<THE-DEVIL-ONE >Kad ini menunjukkan bahawa anda akan menghadapi banyak masalah kewangan sekarang berkaitan dengan wang anda. Ini mungkin berlaku kerana beberapa keputusan yang malang, masalah kesihatan keluarga atau hal-hal undang-undang lain. Ini akan pergi untuk beberapa waktu tetapi perkara-perkara yang akan bertambah baik tidak lama lagi. </THE-DEVIL-ONE >
<THE-TOWER-ONE >Kad ini menunjukkan bahawa anda mungkin perlu menghadapi masalah kewangan yang disebabkan oleh beberapa perbelanjaan yang tidak dijangka. Perniagaan anda mungkin tidak boleh membuat keuntungan yang dikehendaki dan ini sangat membimbangkan. Terdapat juga kemungkinan bahawa anda mungkin akan kehilangan pelanggan-pelanggan utama anda atau projek paling menguntungkan. </THE-TOWER-ONE >
<THE-STAR-ONE >Anda akan mendapat projek-projek baru dan peluang perniagaan yang akan membawa kepada baik aliran masuk wang. Terdapat juga kemungkinan bahawa anda mungkin mendapat keuntungan kewangan kerana keadaan masa depan dari segi kemakmuran nampak cerah. Disarankan bahawa anda tidak lebih melibatkan diri dalam meraikan kerana anda mungkin tidak menyedari bilakah perbelanjaan anda terlebih. </THE-STAR-ONE >
<THE-MOON-ONE >Kad ini menunjukkan bahawa anda akan sedikit tidak berpuas hati dengan perkara-perkara yang akan berlaku apabila ia datang kepada kewangan anda. Mungkin ada seseorang yang boleh mengembalikan amaun hutang tetapi boleh menolak untuk membayar faedah tersebut. Anda mungkin telah diambil untuk diberi tetapi anda akan tahu bagaimana untuk mendapatkan cara anda. </THE-MOON-ONE >
<THE-SUN-ONE >Kad ini menunjukkan bahawa mana-mana aliran wang akan diselesaikan dan peluang-peluang baru akan mengetuk pintu. Jika anda telah terjebak dengan beberapa isu dengan bank atau pemberian pinjaman maka ia adalah mungkin untuk dilupuskan. Kaedah baru pendapatan boleh juga membuka dan tidak lama lagi akan ada berita kewangan baik yang datang melalui surat. </THE-SUN-ONE >
<JUDGEMENT-ONE >Kad ini menunjukkan yang ia merupakan tempoh yang baik untuk kewangan anda. Jika terdapat apa-apa aturan kewangan yang diluluskan maka ia adalah sangat mungkin bahawa mereka akan memihak kepada anda. Akan ada keuntungan kewangan dalam bentuk dividen dan membayar balik hutang dan keadaan kewangan anda tidak lama lagi akan meningkatkan. </JUDGEMENT-ONE >
<THE-WORLD-ONE >Kad ini mencadangkan bahawa anda akan menerima wang dari sumber yang tidak diduga. Mungkin ada kiriman wang yang tidak lama lagi datang pada anda atau anda boleh memperoleh faedah daripada kerja keras anda dalam bentuk bonus. Akan ada wang mengalir masuk dari pelbagai sumber dalam jumlah yang kecil. </THE-WORLD-ONE >
<THE-FOOL-ONE >Kad ini menunjukkan bahawa jika ada apa-apa wang terperangkap di beberapa tempat dan ia tidak lama lagi akan diterima. Dalam tempoh ini anda bersama-sama dengan satu keluarga atau anda akan membuka perniagaan baru atau membuat keputusan untuk membuat pelaburan yang besar. Ini akan menjadi satu keputusan penting dalam hidup anda jadi disarankan anda menimbang kesan dan kontra sebelum mengambil langkah ke hadapan.</THE-FOOL-ONE >
    </ROOT>
