<ROOT>
<ACE-OF-CUPS-ONE >ไพ่ใบนี้บ่งบอกว่าตอนนี้คุณรู้สึกพอใจกับตัวเองและความรู้สึกของความรัก ความสุขและความโรแมนติก เป็นหลักในใจคุณ ดูเหมือนว่าคุณจะได้รู้จักกับคนที่ชอบคุณและนี่อาจกลายเป็นวันที่โรแมนติก หากคุณมีความสัมพันธ์แล้วคุณและคู่ของคุณอาจจะแต่งงานกัน </ACE-OF-CUPS-ONE >
<TWO-OF-CUPS-ONE >คุณต้องการเห็นชีวิตโรแมนติกของคุณลงตัวและแก้ไขปัญหาที่คุณและคู่ของคุณมี คุณรู้สึกกระสับกระส่ายและไม่ได้ให้ความสนใจเต็มที่กับคู่ของคุณเพราะมีบางสิ่งรบกวนและทำให้คุณสับสน คุณจะต้องเข้มแข็งและตัดสินใจอย่างแน่วแน่เกี่ยวกับความรู้สึกของคุณ </TWO-OF-CUPS-ONE >
<THREE-OF-CUPS-ONE >ไพ่ใบนี้แสดงให้เห็นว่าคุณรู้สึกอ่อนแอมากในเวลานี้และต้องการคนดูแล คุณจะพยายามแสดงความห่วงใยและเห็นอกเห็นใจต่อคู่ของคุณและคนที่คุณรัก สิ่งต่าง ๆ จะราบรื่นในไม่ช้าและในเวลาที่เหมาะสม คุณจะพบกับความรักที่เพิ่มขึ้นในชีวิตของคุณ </THREE-OF-CUPS-ONE >
<FOUR-OF-CUPS-ONE >ไพ่ใบนี้บ่งบอกว่าตอนนี้คุณอาจมีความต้องการอย่างมากต่อคนรักของคุณ หากอยู่มีความสัมพันธ์แล้ว คุณจะรู้สึกใกล้ชิดกับคู่ของคุณอย่างมากและต้องการที่จะแก้ไขการทะเลาะเล็ก ๆ น้อย หากมี เวลานี้อาจไม่สงบสำหรับคุณเมื่อคุณพยายามแก้ปัญหากับคนรักและพยายามกลายเป็นคู่รักที่ความสุข </FOUR-OF-CUPS-ONE >
<FIVE-OF-CUPS-ONE >ตอนนี้คุณรู้สึกอารมณ์อ่อนไหวและคุณต้องการความสัมพันธ์แบบจริงจังซึ่งมีความเข้าใจและความสบายร่วมกันและอาจเป็นเพื่อนของคุณได้ ตอนนี้คุณกำลังตระหนักว่ามันจะไม่ถูกต้องที่จะผูกมัดตัวเองเพียงเพื่อรักษาความสัมพันธ์ นี่อาจเป็นทำให้เสียหายมากกว่า </FIVE-OF-CUPS-ONE >
<SIX-OF-CUPS-ONE >ไพ่ใบนี้แสดงให้เห็นว่าแม้จะถูกดึงดูดเข้าหาคนพิเศษ แต่คุณจะได้รับประสบการณ์อันงดงามที่จะพาคุณไปอีกทิศทาง คุณกำลังพยายามทำสิ่งพิเศษสำหรับคู่ของคุณ แต่มีความไม่มั่นใจว่าอนาคตชีวิตคู่จะเป็นอย่างไร </SIX-OF-CUPS-ONE >
<SEVEN-OF-CUPS-ONE >คุณรู้สึกไม่มั่นใจอย่างมากเกี่ยวกับความรู้สึกของคุณและคุณจะมองหาเส้นทางที่ถูกต้องไปหาคนที่คุณต้องการเป็นคู่ชีวิต ด้วยภาระงานมากมายที่ต้องจัดการและปัญหาอื่น ๆ คุณจะไม่สามารถให้เวลากับคู่ของคุณได้มากพอ การเผชิญหน้ากับใครสักคนจะได้ผลสำเร็จสำหรับคนโสด </SEVEN-OF-CUPS-ONE >
<EIGHT-OF-CUPS-ONE >ไพ่ใบนี้บอกว่าตอนนี้ความสัมพันธ์ของคุณอาจจะค่อนข้างน่าเบื่อและนี่ป้องกันคุณและคู่ของคุณในการสร้างความผูกพันที่แข็งแกร่ง ความสัมพันธ์ของคุณอาจต้องผ่านช่วงเวลาที่เครียดและความไม่แน่นอนซึ่งจะทำให้เกิดความกังวลและต่อปากต่อคำกัน คุณอาจตัดสินใจยุติความสัมพันธ์ของคุณ ซึ่งมันจะเจ็บปวดมาก </EIGHT-OF-CUPS-ONE >
<NINE-OF-CUPS-ONE >ตอนนี้คุณอยากได้สิ่งมากขึ้นในความสัมพันธ์และนี่อาจเป็นกับคนที่เพิ่งเข้ามาในชีวิตของคุณ คุณต้องการให้สิ่งต่าง ๆ ระหว่างคุณสองคนน่าสนใจยิ่งขึ้นแต่ในแบบที่ต่างออกกัน คุณไม่แน่ใจเกี่ยวกับการเป็นคู่รักของคุณและแม้ว่าคุณเต็มใจที่จะดำเนินการต่อไป ความเสี่ยงบางอย่างที่เกี่ยวข้องจะทำให้คุณคอยระมัดระวัง </NINE-OF-CUPS-ONE >
<TEN-OF-CUPS-ONE >ไพ่ใบนี้แสดงให้เห็นว่าคุณกำลังมองหาความพึงพอใจและเติมเต็มความสัมพันธ์และคุณคาดหวังว่าจะได้รับการสนับสนุนอย่างเต็มที่จากคู่ของคุณ ความขัดแย้งทางอารมณ์ของความคิดเห็นจะเกิดขึ้นซึ่งจะทำให้คุณรู้สึกเครียด ความโรแมนติกจะเข้มข้นกับคนใหม่ในชีวิตคุณ มีการบ่งบอกถึงแต่งงานด้วย </TEN-OF-CUPS-ONE >
<PAGE-OF-CUPS-ONE >คุณต้องการให้สิ่งต่าง ๆ กลมกลืนและสร้างอนาคตที่เป็นรูปธรรมกับคนที่คุณรัก คุณกำลังกระสับกระส่ายที่จะกำหนดอนาคตในแบบที่คุณต้องการที่จะเห็น แต่กระบวนการจะใช้เวลา คุณจต้องการใครบางคนที่จะอยู่เคียงข้างคุณและทำให้คุณรู้สึกรักและห่วงใยเพราะคุณไม่อยากสัมผัสกับความเหงาในชีวิตของคุณอีก </PAGE-OF-CUPS-ONE >
<KNIGHT-OF-CUPS-ONE >ไพ่ใบนี้บ่งบอกว่าคุณต้องการที่จะออกไปยังสถานที่ใหม่กับคู่ของคุณที่จะทำให้คุณตื่นเต้นและจะมีคนรอบข้างที่จะให้กำลังใจคุณสู่เส้นทางแห่งความรัก หากคุณกำลังโสดคุณจะรู้สึกว่าถึงเวลาแล้วที่คุณจะต้องริเริ่มความสัมพันธ์และตั้งคำถามหาคู่ที่จะอยู่ไปด้วยกันระยะยาว </KNIGHT-OF-CUPS-ONE >
<QUEEN-OF-CUPS-ONE >ตอนนี้คุณจะโดดเด่นยิ่งขึ้นในการสังสรรค์ทางสังคมและมีโอกาสสูงที่คุณจะได้พบใครบางคนที่น่าดึงดูดมาก หากคุณใช้ความพยายาม การเข้าหาครั้งนี้จะกลายเป็นสิ่งที่โรแมนติก หากคุณมีความสัมพันธ์ระยะยาว คุณอาจพึ่งขอแต่งงานกับคู่ของคุณ </QUEEN-OF-CUPS-ONE >
<KING-OF-CUPS-ONE >ไพ่ใบนี้บ่งบอกว่าคุณกำลังมองหาใครบางคนที่คุณสามารถแบ่งปันชีวิตของคุณและใช้เวลาแสนโรแมนติกไปด้วยกันได้ คุณเกือบจะตามล่าเพื่อหาคู่ชีวิตในอุดมคติ แต่มันจะไม่ง่าย คุณอาจต้องทำบางอย่างเพื่อสร้างความประทับใจให้บุคคลนั้นและทำให้สิ่งนี้ให้เป็นจริง </KING-OF-CUPS-ONE >
<ACE-OF-PENTACLES-ONE >นี่คือเวลาที่บ่งบอกถึงจุดเริ่มต้นใหม่ในชีวิตของคุณ คุณอาจรู้สึกกระสับกระส่ายมากขึ้นกว่าเดิมเพราะคุณจะไม่ได้รับความเห็นอกเห็นใจและความเข้าใจจากคู่รักคุณและสิ่งนี้จะทำให้คุณผิดหวังอย่างมาก </ACE-OF-PENTACLES-ONE >
<TWO-OF-PENTACLES-ONE >อาจมีปัญหาบางอย่างที่คุณและคู่ของคุณจะต้องเผชิญด้วยกันและอาจทำให้คุณรู้สึกไม่เข้าใจกันเล็กน้อยแต่ในที่สุดความเข้าใจของคุณพร้อมด้วยความช่วยเหลือจากใครบางคนจะช่วยคุณจัดการกับมันได้ </TWO-OF-PENTACLES-ONE >
<THREE-OF-PENTACLES-ONE >คุณและคู่ของคุณจะรู้สึกถึงความสัมพันธ์เติบโตขึ้นและดังนั้นจะก้าวต่อไปข้างหน้าสู่อนาคต สำหรับคนโสดนี่จะเป็นช่วงเวลาที่ดีในการหาคนที่เหมาะกับคุณและอาจอยู่ในสถานที่ที่ไม่คาดคิด </THREE-OF-PENTACLES-ONE >
<FOUR-OF-PENTACLES-ONE >คุณจะสามารถรักษาความสัมพันธ์ของคุณไว้ได้หากคุณทั้งคู่อยู่ด้วยกันโดยมีความอดทนและความเข้าใจ หากวิธีนี้ไม่ได้ผลคุณจะต้องตัดสินใจแยกทางกับคู่ของคุณและพยายามหาเส้นทางใหม่ที่มีความเป็นไปได้ใหม่ ๆ </FOUR-OF-PENTACLES-ONE >
<FIVE-OF-PENTACLES-ONE >ไพ่ใบนี้บ่งบอกถึงว่าตอนนี้คุณกำลังโหยหาที่จะเป็นใครบางคนหรือทำบางสิ่งที่คุณอยากทำมานานแล้ว นอกจากนี้ยังมีโอกาสที่คู่ของคุณอาจนอกใจคุณหรือคุณเป็นคนนอกใจ นี่จะไม่ใช่เวลาที่ดีสำหรับคนที่มีความสัมพันธ์อยู่แล้ว </FIVE-OF-PENTACLES-ONE >
<SIX-OF-PENTACLES-ONE >ตอนนี้คุณกำลังอยากให้ความรักวัยเด็กกลับมาหรือติดต่อคุณ จะมีความรู้สึกเหงาเมื่อคุณเห็นว่าคู่ของคุณจะอยู่ห่างจากคุณ คุณจะต้องคิดว่าคุณต้องการอะไรในชีวิตและคุณจะพร้อมที่จะผลักดันตัวเองหามันไหม </SIX-OF-PENTACLES-ONE >
<SEVEN-OF-PENTACLES-ONE >นี่จะเป็นช่วงเวลาที่น่ารำคาญสำหรับคุณและคู่ของคุณเนื่องจากอาจมีความคิดเห็นที่แตกต่างกันอย่างมากและอาจนำไปสู่การสิ้นสุดความสัมพันธ์นี้ หากคุณแต่งงานหรืออยู่ในความสัมพันธ์ที่ยาวนาน คุณจะพิจารณาความสัมพันธ์ใหม่และความพยายามในความสัมพันธ์ </SEVEN-OF-PENTACLES-ONE >
<EIGHT-OF-PENTACLES-ONE >ดูเหมือนว่าคุณจะมีอารมณ์ขี้เล่นในทุกวันนี้และเพลิดเพลินไปกับการเป็นเดี่ยวมาก คุณจะลุ้นและจะคิดว่าอะไรจะเกิดขึ้นในอนาคต ด้านที่แสนโรแมนติกของคุณจะเข้าครอบครอง </EIGHT-OF-PENTACLES-ONE >
<NINE-OF-PENTACLES-ONE >ไพ่ใบนี้บ่งบอกว่าคุณกำลังมองหาสิ่งที่สดใหม่ในชีวิต คุณต้องการที่จะหนีจากสิ่งธรรมดาไปสู่สถานที่ใหม่ คุณอาจต้องอยู่ห่างกับคู่ของคุณเป็นระยะเวลาชั่วคราวและคุณจะต้องตัดสินใจเลือกทางที่เหมาะสม </NINE-OF-PENTACLES-ONE >
<TEN-OF-PENTACLES-ONE >ความรักไม่ใช่สิ่งที่อยู่ในความคิดของคุณเพราะคุณหมกมุ่นอยู่กับสิ่งอื่น ๆ อีกมากมายที่เกี่ยวข้องกับการทำงานและปัญหาครอบครัว คุณจะพยายามทำให้อารมณ์ดีขึ้นด้วยการรวมตัวกับเพื่อนหรือญาติ แต่จะไม่พยายามลดช่องว่างระหว่างคุณกับคู่ของคุณ </TEN-OF-PENTACLES-ONE >
<PAGE-OF-PENTACLES-ONE >ไพ่ใบนี้บ่งบอกว่าจะมีสถานการณ์ที่ไม่สงบที่จะบังคับให้คุณคิดเกี่ยวกับสิ่งที่คุณต้องทำกับความสัมพันธ์ของคุณในขณะที่คุณไม่แน่ใจเกี่ยวกับคู่ของคุณและในที่สุดคุณจะตัดสินใจอย่างรับผิดชอบซึ่งจะทำให้คุณรู้สึกดี ไม่ความสัมพันธ์ของคุณจะได้ไปต่อหรือไม่ </PAGE-OF-PENTACLES-ONE >
<KNIGHT-OF-PENTACLES-ONE >ตอนนี้คุณกำลังมองหาความสงบสุขในเรื่องความรักและต้องการที่จะมีชีวิตอยู่และมีความสุขไปกับคนรักของคุณ คุณจะลังเลที่จะพูดอะไรกับคู่ของคุณหรือประกาศอะไรที่คุณรู้สึกว่าสามารถทำลายความสัมพันธ์ที่ราบรื่นที่คุณทั้งคู่แบ่งปัน แต่คุณต้องกล้าหาญ </KNIGHT-OF-PENTACLES-ONE >
<QUEEN-OF-PENTACLES-ONE >ไพ่ใบนี้ระบุว่าคุณจะได้รับความสนใจจากใครบางคนและคน ๆ นั้นจะสนใจคุณเช่นกัน คุณจะตั้งตารอคอยที่จะมีความสัมพันธ์กับบุคคลนี้และคาดหวังว่าความสัมพันธ์จะตื่นเต้นและมีชีวิตชีวา </QUEEN-OF-PENTACLES-ONE >
<KING-OF-PENTACLES-ONE >ไพ่ใบนี้แสดงให้เห็นว่าคุณจะอารมณ์เสียเล็กน้อยหรือผิดหวังเพราะคู่รักของคุณได้ทำผิดสัญญาบางอย่าง หากมีความสัมพันธ์แล้วคุณจะพบว่าความสัมพันธ์ของคุณขาดการแลกเปลี่ยนความคิดเห็นอย่างอิสระและเพื่อให้ความสัมพันธ์ไปได้ดี มันเป็นสิ่งสำคัญที่สุดที่คุณจะพูดคุยและใช้เวลาร่วมกันมากขึ้นเพื่อทำความรู้จักกัน </KING-OF-PENTACLES-ONE >
<ACE-OF-SWORDS-ONE >ไพ่ใบนี้บ่งบอกว่าคุณกำลังมองหาความพึงพอใจส่วนตัวในความสัมพันธ์ของคุณ ครั้งนี้มีโอกาสสูงที่จะได้รับความรักครั้งใหม่ที่จะทำให้คุณตกใจและคุณจะมีอารมณ์ที่ลึกซึ้งต่อบางสิ่ง หากมีความสัมพันธ์อยู่แล้ว ความสัมพันธ์ของคุณกับคู่ของคุณจะแข็งแกร่งขึ้น </ACE-OF-SWORDS-ONE >
<TWO-OF-SWORDS-ONE >คุณต้องการที่จะก้าวไปข้างหน้าในชีวิตและกำลังมองหาความรัก คุณอาจจะโชคดีเพราะไพ่ใบนี้บ่งบอกว่าคุณอาจเจอคนพิเศษและถ้าคุณมีความสัมพันธ์แล้วความสัมพันธ์ของคุณก็จะแข็งแกร่งขึ้นและคุณจะเห็นว่าคู่ของคุณหรือคู่ที่มีศักยภาพของคุณจะมีคุณสมบัติตามที่คุณจินตนาการไว้ </TWO-OF-SWORDS-ONE >
<THREE-OF-SWORDS-ONE >ไพ่ใบนี้แสดงให้เห็นว่าคุณกำลังรอให้คู่ของคุณกลับมาหาคุณ ความอดทนของคุณหมดลงและคุณจะตัดสินใจยอมแพ้และเริ่มต้นใหม่หากพันธมิตรของคุณปฏิเสธที่จะกลับมาเร็ว ๆ นี้ คุณอาจรู้สึกว่าคุณทุกข์ทรมานมากมากและการตกหลุมรักเป็นเรื่องของความเสี่ยง </THREE-OF-SWORDS-ONE >
<FOUR-OF-SWORDS-ONE >ตอนนี้คุณอยู่ในระดับสูงด้านจิตวิญญาณและจะรู้สึกปรารถนาอย่างแรงกล้าที่จะรู้จักตัวเองดีขึ้น คุณจะพยายามเชื่อมต่อกับตัวตนภายในของคุณและดังนั้นอาจสูญเสียการติดต่อกับโลกภายนอกแต่คุณจะพบกับความสงบในที่สุด นอกจากนี้ยังมีโอกาสที่อาจมีคนสนใจคุณอาจขอคุณออกเดท </FOUR-OF-SWORDS-ONE >
<FIVE-OF-SWORDS-ONE >ไพ่ใบนี้บ่งบอกว่าคุณจะทำภารกิจแห่งความรัก อาจมีความผิดหวังบางอย่างในชีวิตรักที่คุณอาจต้องเผชิญซึ่งจะทำให้คุณรู้สึกไม่สมหวังและเหมือนโดนโกงบ้าง คุณจะต้องมีความมั่นใจในตนเองและก้าวไปข้างหน้าอีกครั้ง </FIVE-OF-SWORDS-ONE >
<SIX-OF-SWORDS-ONE >คุณอาจเผชิญปัญหาในสวรรค์และสิ่งต่าง ๆ จะไม่ราบรื่นอย่างที่คุณคาดหวังไว้ อาจมีความไม่พอใจในชีวิตรักของคุณและอาจดูเหมือนว่าความพยายามทั้งหมดนั้นไม่คุ้มค่า อาจมีความสับสนเกี่ยวกับเส้นทางในอนาคตและคุณจะต้องพยายามทำให้ดีขึ้น </SIX-OF-SWORDS-ONE >
<SEVEN-OF-SWORDS-ONE >ไพ่ใบนี้บ่งบอกว่าคุณต้องการเพื่อนรักหรือคนใกล้ตัวคอยอยู่เคียงข้างคุณและช่วยคุณแก้ไขสถานการณ์หรือคุณอาจคิดว่าจะหายไปสักพักจะรู้สึกดีขึ้น มีโอกาสที่คนรักเก่าหรือคนที่คุณรักจะเข้าหาคุณ คุณจะต้องการบางสิ่งอย่างมากในความสัมพันธ์ของคุณแต่จะไม่เต็มใจที่จะอยู่ในตำแหน่งที่ผูกมัด </SEVEN-OF-SWORDS-ONE >
<EIGHT-OF-SWORDS-ONE >อาจมีการอึดอัดหรือความไม่สบายใจในเรื่องของหัวใจ แต่มันจะไม่เป็นอย่างที่เห็น มีสิ่งที่ดี ๆ กำลังมา มีความเป็นไปได้ที่คุณอาจได้รับโอกาสเริ่มต้นในสภาพแวดล้อมใหม่หรือกับพันธมิตรใหม่ที่จะทำให้คุณรู้สึกเป็นอิสระอีกครั้ง </EIGHT-OF-SWORDS-ONE >
<NINE-OF-SWORDS-ONE >ไพ่ใบนี้แสดงให้เห็นว่านี่ไม่ใช่เวลาที่ดีที่สุดในชีวิตของคุณ คุณอาจกำลังวิตกกังวลและถูกกีดกันและจะดิ้นรนเพื่อทำสิ่งต่าง ๆ ให้สำเร็จ คุณอาจถูกแยกออกจากคู่ของคุณเป็นครั้งคราวเนื่องจากข้อตกลงด้านอาชีพ แต่ความเป็นผู้ใหญ่และความสงบของคุณจะช่วยให้คุณผ่านพ้นสิ่งต่าง ๆ ไปได้ </NINE-OF-SWORDS-ONE >
<TEN-OF-SWORDS-ONE >คุณจะต้องผ่านช่วงเวลาที่เลวร้ายที่สุดมาแล้วและจะยังคงพักฟื้นอยู่ ภาวะที่กลืนไม่เข้าคายไม่ออกบางอย่างจะยังคงดำเนินต่อไปในขณะที่คุณพยายามตัดสินใจบางอย่างเกี่ยวกับสิ่งที่ถูกต้องสำหรับคุณแต่เรื่องนี้จะไม่ง่าย </TEN-OF-SWORDS-ONE >
<PAGE-OF-SWORDS-ONE >ไพ่ใบนี้แสดงให้เห็นว่าคุณกำลังมุ่งมั่นที่จะทำให้ชีวิตของคุณในเรื่องของความรักดีขึ้นและในความสัมพันธ์ส่วนตัว คุณอาจต้องผ่านช่วงเวลาที่ยากลำบากและคุณจะพยายามทำให้ชีวิตของคุณเป็นปกติ แต่จะพบว่ามันยากที่จะทำ อาจมีเหตุการณ์ที่ไม่คาดคิดเกิดขึ้นซึ่งจะทำให้เกิดความกังวล </PAGE-OF-SWORDS-ONE >
<KNIGHT-OF-SWORDS-ONE >ตอนนี้เป็นเวลาที่ผ่านช่วงเวลาที่ยากลำบากและมองหาจุดเริ่มต้นใหม่ คุณจะได้พบกับใครบางคนและจะถูกดึงดูดเข้าหาคน ๆ นั้น คุณจะต้องการเหตุการณ์เหล่านี้ดำเนินต่อไปและดูความรักเติบโต นี่จะเป็นการเริ่มต้นที่ดีและในเวลาไม่นานคุณจะพบว่าตัวเองมีความสุขและมั่นคงกับคู่ของคุณ </KNIGHT-OF-SWORDS-ONE >
<QUEEN-OF-SWORDS-ONE >ไพ่ใบนี้บ่งบอกว่าอาจมีภาวะที่กลืนไม่เข้าคายไม่ออกหรือช่วงเวลาแห่งความผิดหวังอย่างต่อเนื่องเนื่องจากคุณอาจมีการต่อสู้และโต้เถียงกับคู่ของคุณและสิ่งต่าง ๆ ก็อาจจะจบลง นี่อาจทำให้คุณต้องเผชิญกับช่วงเวลาที่ลำบากในชีวิตของคุณ </QUEEN-OF-SWORDS-ONE >
<KING-OF-SWORDS-ONE >คุณจะรู้สึกว่าคุณต้องการนิมิตที่ชัดเจนว่าชีวิตของคุณคืออะไรในตอนนี้และจะรู้ว่าคุณต้องเดินหน้าต่อไปเพื่อที่จะมีชีวิตที่สงบสุข ความจริงอาจจะเปลี่ยนใหม่ในไม่ช้าเนื่องจากอาจเริ่มขึ้นเมื่อคุณกำลังใช้ชีวิตอยู่ในโลกแห่งจินตนาการและถึงเวลาที่ต้องเผชิญหน้ากับความเป็นจริงในที่สุดและใช้ชีวิตกับมันเพื่อทำงานให้ดีขึ้น </KING-OF-SWORDS-ONE >
<ACE-OF-WANDS-ONE >ไพ่ใบนี้บ่งบอกว่า คุณกำลังมองหาความสัมพันธ์ที่จริงจังและระยะยาว และไม่สนใจการจีบแบบหมาหยอกไก่มากๆ คุณกำลังมองหาการเริ่มต้นใหม่ ซึ่งมีโอกาสที่คุณจะได้แต่งงานหรือมีความสัมพันธ์แบบอยู่กินด้วยกันในระดับหนึ่งเช่นกัน คุณอาจจะเล่าขอคำปรึกษาปัญหาความสัมพันธ์ของคุณกับสมาชิกในครอบครัวหรือญาติสักคนหนึ่งเร็วๆ นี้ </ACE-OF-WANDS-ONE >
<TWO-OF-WANDS-ONE >คุณกำลังคาดหวังให้มีสิ่งดีๆ เกิดขึ้นและหวังให้มันเกิดขึ้นเป็นรูปร่าง มีแนวโน้มว่าจะมีคนที่ต้องการการสนับสนุนมาขอคำปรึกษาจากคุณ และสร้างความสัมพันธ์กับคุณ คุณจะมองหาความรักและมิตรภาพที่เหนียวแน่น ณ ขณะนี้ และคุณจะยุติความขัดแย้งที่มีกับสมาชิกในครอบครัวไปด้วย </TWO-OF-WANDS-ONE >
<THREE-OF-WANDS-ONE >คุณอาจจะมีคนเข้ามาขอความรักจำนวนหนึ่งในช่วงนี้ ซึ่งจะต้องคิดหนักเพื่อเลือกคนที่ใช่ นี่จะเป็นช่วงเวลาสำคัญสำหรับการผูกสัมพันธ์ แลแม้ว่าคุณจะรู้สึกไขว้เขวไม่มั่นคงแค่ไหน คุณจะได้ครองคู่กับคนที่คุณรัก คุณจะรู้สึกอยากก้าวข้ามทุกอุปสรรคเพื่อครองรักอย่างเป็นสุขกับคู่ของคุณ </THREE-OF-WANDS-ONE >
<FOUR-OF-WANDS-ONE >คุณอาจจะได้พบกับเพื่อนคนหนึ่งที่จะเข้ามาช่วยเหลือคุณจากช่วงเวลาย่ำแย่ พาคุณออกไปช้อปปิ้งซื้อของหรือทำกิจกรรมสนุกๆ จนคุณรู้สึกดีขึ้น คุณอาจจะต้องการกำลังใจ เพราะชีวิตรักของคุณอาจมีความขุ่นข้องหมองใจกัน เนื่องจากการถูกทอดทิ้ง </FOUR-OF-WANDS-ONE >
<FIVE-OF-WANDS-ONE >คุณอาจรู้สึกยากที่จะมุ่งความสนใจไปที่สิ่งใดสิ่งหนึ่งในช่วงนี้ และมันจะทำให้คุณรู้สึกเหนื่อย คุณจะเจอเรื่องติดพันหลายอย่างและไม่สามารถจัดสรรเวลาให้กับคู่ของคุณหรือพบปะสังสรรค์กับผู้คน ซึ่งรวมถึงการจีบกันและออกเดตดูใจด้วย </FIVE-OF-WANDS-ONE >
<SIX-OF-WANDS-ONE >ไพ่ใบนี้บ่งบอกว่าคุณจะพบกับความสุขครั้งใหม่ในชีวิตรักของคุณ คนที่ชื่นชอบคุณอยู่จะพยายามทำให้คุณประทับใจ ซึ่งคุณเองก็มีความสุขที่ถูกจับจ้องนี้ คุณอาจต้องเผชิญกับสถานการณ์ที่บีบคั้นคุณให้ต้องเปลี่ยนแปลงตัวเอง แต่ก็เพื่อสถานการณ์ที่ดีขึ้นของตัวคุณเองเช่นกัน </SIX-OF-WANDS-ONE >
<SEVEN-OF-WANDS-ONE >ไพ่ใบนี้บ่งบอกว่าคุณกำลังตกอยู่ในภวังค์แห่งความรักและใช้ความรู้สึกเป็นตัวตัดสิน คุณจะได้พบกับด้านโรแมนติกของคุณ และทำอะไรพิเศษๆ ให้กับคู่ของคุณ ภาพที่ออกมาอาจจะดูสมบูรณ์แบบ ทว่าก็ยังมีบางอย่างที่ หากอยากจะให้ชีวิตเป็นไปอย่างที่คุณต้องการ ก็จำต้องปล่อยวางกับบางเรื่อง </SEVEN-OF-WANDS-ONE >
<EIGHT-OF-WANDS-ONE >ช่วงนี้ คุณจะพบปะผู้คนค่อนข้างมาก และความรักความสัมพันธ์จะเป็นปัจจัยที่ควบคุมจิตใจ คุณจะมีอารมณ์คิดถึงเรื่องที่สร้างสรรค์ คุณและคู่ของคุณจะได้ทำกิจกรรมหลายอย่างร่วมกัน จะมีการเปลี่ยนแปลงที่ดีเข้ามาแทนที่ ซึ่งเกิดจากคู่ของคุณ แต่ก็จะมีเรื่องน่าผิดหวังเกิดขึ้นที่คุณก็จะต้องรับมือกับมันเช่นกัน </EIGHT-OF-WANDS-ONE >
<NINE-OF-WANDS-ONE >คุณจะพบว่าความพยายามของคุณเริ่มผลิดอกออกผลในที่สุด คุณมีเกณฑ์พบปะสังสรรค์กับผู้คนค่อนข้างมาก อาจจะเจอความคิดเห็นที่ขัดแย้งหรือความเห็นที่แต่กต่างเกิดขึ้นได้ ซึ่งอาจจะเลยไปถึงขั้นมีการตอบโต้ด้วยคำพูดจาหยาบคายใส่กัน </NINE-OF-WANDS-ONE >
<TEN-OF-WANDS-ONE >ไพ่ใบนี้บ่งบอกว่าคนรักของคุณอาจจะสร้างความสับสนให้กับคุณด้วยเหตุการณ์ต่างๆ ซึ่งจะทำให้คุณรู้สึกสงสัยร้อนรน คุณจะรู้สึกได้ว่าคู่ของคุณไม่พอใจคุณ ซึ่งสิ่งนี้จะทำให้คุณรู้สึกโดดเดี่ยวอ้างว้าง คุณจะพยายามประคับประคองความสัมพันธ์ให้กลับมาดี และเติมความตื่นเต้นเร้าใจที่ขาดหายไปให้กับความสัมพันธ์ครั้งนี </TEN-OF-WANDS-ONE >
<PAGE-OF-WANDS-ONE >ความสัมพันธ์ของคุณจะเกิดการกระทบกระทั่งกัน และคุณจะคาดหวังการเปลี่ยนแปลงบางอย่างจากคู่ของคุณ คุณจะรู้สึกไม่มั่นคงจากข้อเท็จจริงที่ว่า คุณและคู่ของคุณเข้ากันไม่ค่อยได้ดี และแม้ว่าคุณจะพยายามแล้วก็ตาม ก็ไม่สามารถเติมเต็มสายใยของสองเราไปถึงที่สุดได้ </PAGE-OF-WANDS-ONE >
<KNIGHT-OF-WANDS-ONE >ไพ่ใบนี้บ่งบอกว่าคุณยังรู้สึกคุกรุ่นไม่นิ่งกับประเด็นต่างๆ เกี่ยวกับความสัมพันธ์ขอคุณ และคุณอยากที่จะจัดการเรื่องพวกนี้ให้เรียบร้อยก่อนที่มันจะลุกลามสร้างความวุ่ยวายให้กับคุณจริงๆ คุณจะได้พบกับคนที่คุณคิดว่าคุณรู้จักเขามาแล้ว และพยายามที่จะเข้าหาคนคนนี้ และสร้างความสัมพันธ์ที่ลึกซึ้งเหนียวแน่น ด้วยการใช้เวลามากมายไปกับคนคนนี้ </KNIGHT-OF-WANDS-ONE >
<QUEEN-OF-WANDS-ONE >ไพ่ใบนี้บ่งบอกว่าคุณจะได้พบกับคนพิเศษในเร็ววันนี้ ซึ่งคุณจะคิดใคร่ครวญว่าคุณควรจะสานความสัมพันธ์กับคนนี้หรือไม่ คุณอาจจะได้พบกับคนที่ชื่นชอบคุณเอามากๆ ที่จะจุดประกายความรู้สึกรักให้เกิดขึ้นในใจ ซึ่งอาจถึงขั้นกลายเป็นความรักแสนร้อนแรงและโรแมนติก ซึ่งคุณเฝ้ารอมานานแสนนานแล้วก็เป็นได้ </QUEEN-OF-WANDS-ONE >
<KING-OF-WANDS-ONE >ปัญหาที่อยู่รอบตัวคุณอาจจะทำให้คุณเฉยเมยไร้อารมณ์และทำให้คุณเหินห่างจากคู่ของคุณ คุณไม่อยากจะเปิดเผยให้ใครรู้ว่าคุณกำลังรู้สึกนึกคิดอะไร ซึ่งสิ่งนี้ก่อให้ความตึงเครียด คุณจะต้องใจเย็นๆ ค่อยๆ คิดหาวิธีรับมือกับสถานการณ์ อาจมีการขอแต่งงานเกิดขึ้นได้ </KING-OF-WANDS-ONE >
<THE-FOOL-ONE >หากคุณกำลังคบหาดูใจกับคนรักอยู่ ไพ่ใบนี้บ่งบอกว่า คุณจะสัมผัสได้ถึงความรักที่ตื่นเต้นและเร่าร้อนระลอกใหม่ ถ้าคุณเป็นคนโสด คุณมีแนวโน้มจะได้พบกับคนพิเศษในเร็ววันนี้ คุณจะเดินหน้าความรักครั้นี้ของคุณอย่างเป็นธรรมชาติ มั่นใจ และแสนสุขสดชื่น คุณต้องปล่อยวางจากความสัมพันธ์ในอดีตของคุณ และมองไปข้างหน้าซึ่งสวยงามและสดใส </THE-FOOL-ONE >
<THE-MAGICIAN-ONE >ความหนักแน่นทางความคิดและความสงบนิ่งจะช่วยคุณควบคุมและจัดการความรักของคุณในอนาคตได้มากทีเดียว ความมั่นใจและความสง่างามของคุณจะดึงดูดเพศตรงข้ามที่เข้ากันกับคุณมากในหลายเรื่อง สำหรับคนที่กำลังคบหาดูใจอยู่คุณจะได้เรียนรู้เรื่องราวที่แอบซ่อนไว้ของคนที่คุณรักในอีกไม่นาน ในเวลาเดียวกันคู่ของคุณมีแนวโน้มที่จะสนอกสนใจกับสิ่งที่คุณพูดทุกคำมากขึ้นด้วย </THE-MAGICIAN-ONE >
<THE-HIGH-PRIESTESS-ONE >ไพ่ใบนี้บ่งบอกว่าคุณควรเชื่อในความสามารถของคุณในการเข้าอกเข้าใจผู้อื่นและสถานการณ์เพื่อให้ชีวิตรักมีความสุข คุณจำเป็นต้องตัดสินใจด้วยตัวเองเกี่ยวกับสิ่งต่างๆ ที่เชื่อมโยงกับความรักขคุณ หากคุณกำลังอยู่ในช่วงคบหาดูใจ มีแนวโน้มมากว่าเร็วๆ นี้ คู่ของคุณจะมอบคำแนะนำที่มีประโยชน์มากๆ กับคุณ และคุณอาจจะได้เรียนรู้บางอย่างที่ไม่คาดฝันเกี่ยวกับคนรักของคุณ ซึ่งอาจจะเป็นเรื่องดีหรือเรื่องไม่ดีก็เป็นได้ </THE-HIGH-PRIESTESS-ONE >
<THE-EMPRESS-ONE >คุณดูเหมือนกำลังวิตกกังวลเรื่องความสัมพันธ์ที่คุณมีอยู่หรือกำลังจะมี หากคุณเป็นคนโสด คุณหวังว่าคุณจะได้คบหากับใครสักคน หากคุณมีคนรักแล้ว นิสัยชอบเป็นเจ้าเข้าเจ้าของอีกฝ่ายจะทำให้ชีวิตรักมีปัญหาได้ คุณต้องปรับทัศนคติใหม่ รู้จักอดทนและเชื่อใจเพื่อให้ความรักของคุณดูมั่นคงขึ้น </THE-EMPRESS-ONE >
<THE-EMPEROR-ONE >ไพ่ใบนี้บ่งบอกว่าความสำเร็จและการบรรลุถึงเป้าหมายจะเกิดขึ้นในความสัมพันธ์ของคุณในเร็วๆ นี้ คุณอาจจะได้รับคำแนะนำด้านความรักที่มีประโยชน์มากๆ จากใครสักคน ซึ่งอาจจะเป็นพ่อ พี่ชายน้องชายหรือเพื่อนผู้ชายของคุณ คุณมีแนวโน้มที่จะควบคุมความสัมพันธ์ปัจจุบันของคุณได้และต่อเนื่องไปเช่นนี้อีกสักระยะ คู่ของคุณจะสนับสนุนว่าตามคุณในทุกเรื่องโดยไม่หือไม่อือเลยแม้แต่นิดเดียว ให้จำไว้ว่าคุณต้องอย่าได้กลายเป็นคนเรียกร้องมากเกินไปในความสัมพันธ์ หากไม่แล้วอาจจะจบลงที่ทำร้ายความรู้สึกคู่ของคุณได้ </THE-EMPEROR-ONE >
<THE-HIEROPHANT-ONE >การรู้จักเปิดกว้างและยืดหยุ่นจะนำพาการเปลี่ยนแปลงที่ดีมาสู่ชีวิตรักของคุณได้ หากคุณมีแผนจะเข้าพิธีวิวาห์ในเร็วๆ นี้ คุณต้องฝ่าฟันอุปสรรคที่เข้ามาด้วยความอดทนอดกลั้น ท่าทีดื้อดึงกับคนรักไม่ช่วยให้ความสัมพันธ์ของคุณดีขึ้น การมุ่งมั่นแก้ไขปัญหาอย่างสงบไม่ใช้อารมณ์จะช่วยให้คุณแก้ปัญหาที่เกิดขึ้นกับความรักครั้งนี้ไปได้ </THE-HIEROPHANT-ONE >
<THE-LOVERS-ONE >ตุณมีแนวโน้มจะดำดิ่งในห้วงทะเลรัก คุณจะมีช่วงเวลาที่สวยงามและน่าจดจำกับคู่ของคุณในเร็วๆ นี้ คุณมีแนวโน้มที่จะต้องเผชิญกับสถานการณ์บางอย่างที่คุณรู้สึกว่ายากที่จะตัดสินใจ จงฟังเสียงหัวใจของคุณและคุณจะพบว่าคุณได้ตัดสินใจถูกต้องแล้ว คุณจะเข้าใจคู่ของคุณด้วยอารมณ์อันท่วมท้น อย่าได้พลาดนอกใจของคู่ของคุณไปมีกิ๊กกับใครเป็นอันขาด </THE-LOVERS-ONE >
<THE-CHARIOT-ONE >ความรักของคุณอาจจะเจอกับช่วงเวลาที่ยากลำบาก คุณอาจต้องใช้ความพยายามอย่างมากที่จะหลุดพ้นจากสิ่งนี้ไปให้ได้ มีแนวโน้มมากว่า จะเกิดการเปลี่ยนแปลงในความรักของคุณเร็ววันนี้ คุณต้องอดทนกับอารมณ์ขึ้นๆ ลงๆ ของคนรักของคุณให้มากๆ ซึ่งในที่สุดความรักความสัมพันธ์ของคุณก็จะกลับมาเบ่งบานได้อีกครั้ง </THE-CHARIOT-ONE >
<JUSTICE-ONE >คุณต้องสร้างความสมดุลและความปกติสุขให้กับความสัมพันธ์ ณ ปัจจุบันของคุณ เพราะมันดูเหมือนกับว่ามีบางอย่างที่มากเกินหรือน้อยไป ซึ่งสิ่งนี้จำเป็นมากต่อการสร้างความมั่นคงให้เกิดขึ้นในความรักของคุณ คุณอาจจำเป็นต้องพยายามมากกว่าในความสัมพันธ์เพื่อให้เกิดสมดุลขึ้น แต่ก็ให้ความสำคัญกับเรื่องงานและครอบครวอย่างเท่าเทียมด้วย ความซื่อสัตย์และความเชื่อใจจะเป็นสิ่งสำคัญมากในการปรับความสัมพันธ์ของคุณให้เป็นไปดังที่ต้องการ หากคุณรู้ตัวว่ากำลังทำเรื่องผิดพลาดอยู่ รีบทำให้ถูกต้องให้เร็วที่สุด </JUSTICE-ONE >
<THE-HERMIT-ONE >จงใช้เวลาพินิจพิเคราะห์ความรักของคุณให้ดี มีแนวโน้มที่คุณจะหมดความอดทนกับสิ่งที่กำลังเกิดขึ้นในความสัมพันธ์ ณ ปัจจุบันของคุณ คุณต้องใจเย็นๆ และหลีกเลี่ยงการตัดสินใจเรื่องความรักอย่างปุบปับเฉียบพลัน หากคุณต้องการคำแนะนำเรื่องความรัก ลองปรึกษากับคนที่อายุมากกว่าหรือมีประสบการณ์มากกว่าคุณ มีแนวโน้มที่คุณจะแก้ปัญหาความรักต่างๆ ได้ทั้งหมด หากคุณทั้งคู่รักษาระยะระหว่างกันเพียงพอในความสัมพันธ์ครั้งนี้ </THE-HERMIT-ONE >
<WHEEL-OF-FORTUNE-ONE >ไพ่ใบนี้บ่งบอกว่าคุณกำลังจะมีช่วงเวลาแสนสุขและพิเศษมากๆ ที่จะทำให้ความรักของคุณสดใสขึ้นได้ โชคด้านความรักของคุณมาถึงแล้ว คุณจะได้พบกับรักแท้ ความเป็นผู้ใหญ่ของคุณจะปรากฎออกมา.เมื่อถึงเวลาที่แก้ไขปัญหาความสัมพันธ์ คู่รักในฝันจะมาพบเจอครองคู่กับคุณเร็ววันนี้ ความวิตกกังวลทั้งหมดที่คุณมีเกี่ยวกับความสัมพันธ์ในวันข้างหน้าของคุณจะจบลง มีแแนวโน้มที่คุณจะมีช่วงเวลาแห่งความรักที่สวยงามมาก </WHEEL-OF-FORTUNE-ONE >
<STRENGTH-ONE >คุณจะมีทัศนคติที่เข้มแข็งและดีขึ้นเกี่ยวกับชีวิตซึ่งช่วยให้คุณเอาชนะอุปสรรคที่คุณมีเกี่ยวกับความสัมพันธ์ของคุณได้ หากคุณอยากจะหลุดพ้นจากประเด็นต่างๆ ในอดีต คุณจะผ่านมันไปได้ในเร็ววันนี้ ความสัมพันธ์ของคุณจะเป็นไปอย่างราบรื่น คุณจะก้าวข้ามผ่านเรื่องบางอย่างที่เคยยากลำบากในช่วงเวลาที่ผ่านมาไปได้อย่างง่ายดายในตอนนี้ ด้วยความมุ่งมั่นและสติปัญญาของคุณ คุณจะผ่านพ้นจากปัญหาความรักทั้งหมดไปได้ </STRENGTH-ONE >
<THE-HANGED-MAN-ONE >คุณอาจจะต้องหัดเป็นคนเสียสละในความสัมพันธ์ครั้งนี้ อาจจะเกิดการกระทบกระทั่งระหว่างคุณทั้งสอง แนะนำว่าคุณต้องอดทน นิ่ง และคิดให้เป็นผู้ใหญ่ในเรื่องของความรัก อาจจะเกิดการกระทบกระทั่งทางอารมณ์ระหว่างพวกคุณ แนะนำอีกเช่นกันว่าให้คุณคิดใคร่ครวญเรื่องราวให้มากขึ้นและมองสถานการณ์ต่างๆ ที่เกิดึ้นด้วยใจเปิดกว้างที่จะเข้าใจสิ่งเหล่านี้ให้ดีขึ้น </THE-HANGED-MAN-ONE >
<DEATH-ONE >ไพ่ใบนี้บ่งบอกว่าจะเกิดสภาวะที่ก่อให้เกิดความเปลี่ยนแปลงครั้งใหญ่ในชีวิตรักของคุณ คุณอาจจะรู้สึกเศร้าหรือหดหู่กับความสัมพันธ์ ณ ปัจจุบัน สภาวะนั้นจะชักพาคุณไปสู่ห้วงอารมณ์ต่างๆ มากมายมหาศาล ที่จะทำให้คุณตระหนักได้ถึงความสำคัญของการเปลี่ยนแปลงที่เข้ามาถึง ความรักของคุณอาจจะเข้าสู่ช่วงเวลาที่ยากลำบากและมืดมน คุณต้องดึงเอาความแข็งแกร่งในตัวออกมาเพื่อผ่านช่วงเวลาขาลงนี้ไปให้ได้ </DEATH-ONE >
<TEMPERANCE-ONE >ไพ่ใบนี้บ่งบอกถึงสถานการณ์น่าสับสนหรือขัดแย้งที่เกิดขึ้นมาในความสัมพันธ์ของคุณ ซึ่งคุณจะรู้สึกว่ายากที่ตัดสินใจใดๆ มีแนวโน้มสูงที่คุณและคู่ของคุณจะมีความเห็นที่แตกต่างกันในหลายเรื่องจนทำให้ความสัมพันธ์คุกรุ่น คุณต้องใจเย็น ให้ความร่วมมือ และหาทางออกที่ดีที่สุด ที่เป็นการเอาอกเอาใจคนรักของคุณด้วย คุณจะพบกับวิธีสร้างความปรองดองให้เกิดขึ้นในความสัมพันธ์ของคุณ </TEMPERANCE-ONE >
<THE-DEVIL-ONE >ช่วงเวลาที่กำลังจะเกิดขึ้นไม่ง่ายเลย ความลุ่มหลง ความโลภ ความทะเยอทะยาน หรือความเสพติด จะทำให้ความรักของคุณวิบัติได้ คุณอาจจะอยากควบคุมความสัมพันธ์ของคุณทั้งหมด แต่คุณต้องพยายามหักห้ามใจจากความอยากควบคุมนี้เพื่อหลีกเลี่ยงความวิบัติครั้งใหญ๋ไม่ให้เกิดขึ้นในชีวิตรัก คุณอาจจะรู้สึกมีอำนาจมากในช่วงเวลาสั้นๆ แต่การดำดิ่งไปในทางที่ผิดไม่ทำให้ความสัมพันธ์ ณ ปัจจุบันของคุณดีขึ้นเลย จงระวังให้ดีเพราะไพ่ใบนี้เตือนคุณให้ระวังเส้นทางอันตรายที่คุณอาจจะก้าวเดินไปได้ </THE-DEVIL-ONE >
<THE-TOWER-ONE >เร็วๆ นี้ อาจจะเกิดช่วงเวลาที่แย่ที่สุดครั้งหนึ่งในชีวิตรักของคุณก็เป็นได้ คุณอาจเจอสถานการณ์ไม่พึงประสงค์หรือไม่ดีเกิดขึ้นในความสัมพันธ์ของคุณ บางเรื่องที่ไม่ดีเหล่านี้อาจจะทำให้คุณรู้สึกเคว้งคว้างตัวคนเดียวอย่างไม่ทันได้เตรียมตัวเตรียมใจช่วงระยะเวลาหนึ่ง การเปลี่ยนแปลงครั้งนี้จะทำให้คุณพบกับวิธีและทางเลือกใหม่ๆ ที่จะมาพัฒนาสถานการณ์ความรัก ณ ปัจจุบันของคุณ สิ่งที่จะได้เจอข้างหน้าอาจจะเป็นเรื่องยากลำบาก ดังนั้นคุณจึงต้องใจเย็นไว้และตั้งหน้าตั้งตาเรียนรู้สิ่งใหม่ที่ชีวิตกำลังจะสอนคุณ </THE-TOWER-ONE >
<THE-STAR-ONE >ไพ่ใบนี้บ่งบอกว่าสิ่งดีๆ กำลังจะเข้ามา มันยังบ่งบอกถึงความเป็นไปได้ของความสัมพันธ์ที่ดีที่กำลังจะเริ่มต้นขึ้น หรืออาจหมายถึงใครที่มีความสัมพันธ์อยู่ ณ ปัจจุบัน ก็จะเพิ่มระดับความสัมพันธ์ไปสู่ขั้นที่มั่นคงยิ่งขึ้นต่อไป คุณจะรู้สึกผูกพันทางอารมณ์และจิตวิญญาณกับคู่ของคุณมากขึ้น ความรักของคุณจะก้าวผ่านไปสู่ขั้นที่คุณผ่านพ้นความสัมพันธ์ในอดีต และมองไปข้างหน้าถึงความสัมพันธ์ในอนาคตด้วยทัศนคติที่สดใสมากขึ้น </THE-STAR-ONE >
<THE-MOON-ONE >สิ่งเดียวที่คุณคิดถึงคือเรื่องของความสัมพันธ์เท่านั้น คุณอาจจะรู้สึกราวกับว่าคุณถูกดึงลงมาด้วยสถานการณ์ความรักที่คุณมีอยู่ ณ ปัจจุบัน มีแนวโน้มที่คุณจะได้รู้ความลับบางอย่างที่ตั้งใจเก็บซ่อนไว้ ซึ่งอาจนำไปสู่การเว้นระยะห่างจากความสัมพันธ์ได้ จงอย่าจมอยู่ในความเศร้าไป แต่เปิดใจให้กว้างมากขึ้นและพยายามอย่างจริงจังที่จะก้าวผ่านความรู้สึกนี้ไปให้ได้ ลองหางานอดิเรกทำเพื่อลืมอารมณ์แย่ๆ เพื่อให้ชีวิตกลับมาเข้าที่เข้าทางอีกครั้ง </THE-MOON-ONE >
<THE-SUN-ONE >คุณจะรู้สึกได้ถึงความสดใสตื่นเต้นในความสัมพันธ์ของคุณในเร็วๆ นี้ หากคุณยังโสด คุณอาจจะตกหลุมรักใครสักคน ความรักที่ไม่คืบหน้าไปไหนเลยอาจจะเริ่มมีการเปลี่ยนแปลงไปในทางที่ดีขึ้น มีแนวโน้มที่คนรักจะได้ไปท่องเที่ยวกันหรือออกเดตกัน ช่วงเวลาข้างหน้าดูหวานชื่นและน่าจดจำทีเดียว ขอให้คุณจงตั้งใจทำให้มันเป็นช่วงเวลาที่ดีด้วยล่ะ </THE-SUN-ONE >
<JUDGEMENT-ONE >ไพ่ใบนี้แนะนำให้คุณเปิดหูเปิดตาเปิดการรับรู้กับสิ่งรอบตัว คุณอาจสัมผัสได้ถึงสิ่งต่างๆ ที่กำลังเข้ามาหาคุณ แต่ถ้าคุณไม่พยายามให้ดี คุณก็อาจจะพลาดกับสถานการณ์เหล่านี้ก็เป็นได้ หากคุณยังโสด มีแนวโน้มสูงที่คุณจะได้พบกับคู่ในอนาคตของคุณในเร็ววันนี้ ในกรณีแบบนี้ อย่าเสียเวลา ให้เข้าประเด็นซักถามข้อสงสัยสำคัญๆ ต่างๆ ให้หมด หากคุณบอกเลิกใครในอดีต สิ่งนี้อาจจะเกิดขึ้นกับคุณเช่นกัน แต่ในที่สุดแล้วความรักของคุณจะเดินหน้าไปได้สวย </JUDGEMENT-ONE >
<THE-WORLD-ONE >ไพ่ใบนี้บ่งบอกถึงการสิ้นสุดของความทุกข์ยากต่างๆ และการมาถึงของความสุขและช่วงเวลาอันแสนสุขกับคนรักของคุณ ความสัมพันธ์ของคุณจะเข้ารูปเข้ารอยในที่สุดตามแบบที่คุณอยากได้มาโดยตลอด คู่ของคุณจะส่งเสริมแลซาบซึ้งกับความพยายามอย่างหนักของคุณ ซึ่งสิ่งนี้จะทำให้ความรักของคุณเบ่งบาน ช่วงเวลานี้จะนำพาความเร่าร้อนมาสู่ความรักของคุณได้ หากคุณยังโสด มีความเป็นไปได้สูงที่คุณจะได้พบกับใครสักคนที่พิเศษ</THE-WORLD-ONE >
</ROOT>
