{
  "project_info": {
    "project_number": "189850803601",
    "project_id": "boysphotoeditor-42340",
    "storage_bucket": "boysphotoeditor-42340.appspot.com"
  },
  "client": [
    {
      "client_info": {
        "mobilesdk_app_id": "1:189850803601:android:6e89740254487dc101ce30",
        "android_client_info": {
          "package_name": "com.videozoneinc.musicvideoeditor"
        }
      },
      "oauth_client": [
        {
          "client_id": "189850803601-dtko2vq968rqfl8fbu2nq8ejjvrb2hf0.apps.googleusercontent.com",
          "client_type": 3
        }
      ],
      "api_key": [
        {
          "current_key": "AIzaSyAbs_47OeqmPLxUfP3vOcwNdH8_dBKNUGY"
        }
      ],
      "services": {
        "appinvite_service": {
          "other_platform_oauth_client": [
            {
              "client_id": "189850803601-dtko2vq968rqfl8fbu2nq8ejjvrb2hf0.apps.googleusercontent.com",
              "client_type": 3
            }
          ]
        }
      }
    },
    {
      "client_info": {
        "mobilesdk_app_id": "1:189850803601:android:b02a52974b0fe1e901ce30",
        "android_client_info": {
          "package_name": "com.xyz.boysphotoeditor"
        }
      },
      "oauth_client": [
        {
          "client_id": "189850803601-dtko2vq968rqfl8fbu2nq8ejjvrb2hf0.apps.googleusercontent.com",
          "client_type": 3
        }
      ],
      "api_key": [
        {
          "current_key": "AIzaSyAbs_47OeqmPLxUfP3vOcwNdH8_dBKNUGY"
        }
      ],
      "services": {
        "appinvite_service": {
          "other_platform_oauth_client": [
            {
              "client_id": "189850803601-dtko2vq968rqfl8fbu2nq8ejjvrb2hf0.apps.googleusercontent.com",
              "client_type": 3
            }
          ]
        }
      }
    }
  ],
  "configuration_version": "1"
}