<?xml version="1.0" encoding="utf-8" ?>
<ROOT>
    <ACE-OF-CUPS-ONE >Η κάρτα δείχνει πιθανότητες να έρθετε σε επαφή με θέματα συναισθηματικής σημασίας. Είναι η ώρα να αφήσετε την καρδιά σας να σας καθοδηγήσει. Θα πρέπει να εμπιστευτείτε τη διαίσθησή σας και να κάνετε ό,τι αισθάνεστε συναισθηματικά κατάλληλo. Θα αισθανθείτε πιθανώς ότι ανθίζει ένας στενός δεσμός συμπόνιας και αγάπης. Η ερωτική σας ζωή είναι πιο πιθανό να παραμείνει δυνατή και να λάμψει. </ACE-OF-CUPS-ONE >
    <TWO-OF-CUPS-ONE >Η κάρτα δείχνει κυρίως δεσμό, ειρήνη και αγάπη. Πρόκειται για την δημιουργία ενός νέου δεσμού/εταιρικής σχέσης στον έρωτα, την δουλειά, τη φιλία ή κάπου αλλού. Είναι η ώρα να σταθείτε ενωμένοι και να μην χωριστείτε. Αν υπάρχει κάποια σύγκρουση σε κάποια σχέση/συνεργασία, θα επιλυθεί και θα επέλθει η ηρεμία. Συγχωρήστε και ξεχάστε. Κάντε νέους διαπροσωπικούς δεσμούς και προχωρήστε με αισιοδοξία. </TWO-OF-CUPS-ONE >
    <THREE-OF-CUPS-ONE >Η κάρτα δείχνει ένα βελτιωμένο ζήλο και όρεξη για ζωή. Θα βρείτε τον εαυτό σας να απολαμβάνεται όλα τα μικρά πράγματα που έρχονται το δρόμο σας. Θα βρεθείτε με παλιούς φίλους και θα χτίσετε μια ισχυρότερη σχέση εμπιστοσύνης μαζί τους. Θα κάνετε νέες κοινωνικές και συντροφικές επαφές. Μπορείτε να βρεθείτε να εργάζεστε σε μια ομάδα / γκρουπ για έναν κοινό στόχο. </THREE-OF-CUPS-ONE >
    <FOUR-OF-CUPS-ONE >Αυτή η κάρτα αντιπροσωπεύει μία περίοδο όπου θα σκεφτείτε και θα εξετάσετε τις ιδεολογίες σας και τις σκέψεις σας για τη ζωή σας. Μπορείτε να βρεθείτε σε μια ανεπιθύμητη κατάσταση. Μερικές φορές, μπορεί να αισθανθείτε απαθείς και χωρίς κίνητρο. Θα χρειαστεί να είστε ανοιχτοί σε όλες τις νέες δυνατότητες για να βρείτε την κατεύθυνση ψάχνετε. Προσπαθήστε να είστε πιο ανιδιοτελείς και να ακούσετε τους άλλους για να βρείτε το δρόμο σας. </FOUR-OF-CUPS-ONE >
    <FIVE-OF-CUPS-ONE >Αυτή η κάρτα σημαίνει απώλεια της ελπίδας, απογοήτευση και κατήφεια στη ζωή πάνω από γεγονότα του παρελθόντος. Μπορεί να αισθανθείτε χαμένοι ή ηττημένοι για κάτι που έχει ήδη συμβεί. Ίσως να μετανιώνετε για αποφάσεις του παρελθόντος και να νιώθετε ότι θέλετε να γυρίσετε πίσω στο χρόνο για να τις αλλάξετε. Αναγνωρίζετε τα λάθη σας, αλλά δεν σκέφτεστε τι έχει απομείνει. Θα πρέπει να αφήσετε πίσω το παρελθόν, να δείτε τα καλά που έχετε στο παρόν και να εργαστείτε για το μέλλον. </FIVE-OF-CUPS-ONE >
    <SIX-OF-CUPS-ONE >Η κάρτα δείχνει την καλοκάγαθη και αθώα οπτική σας για τη ζωή. Εξαπλώνετε ευχάριστα τη χαρά χωρίς προσωπικό κίνητρο. Μπορεί να αισθάνεστε ευλογημένοι και να σας αρέσει να βοηθάτε τους άλλους. Μπορεί να αρχίσετε να παρατηρείτε όλα τα μικρά πράγματα γύρω σας και θα επιδιώξετε να βρείτε την ικανοποίηση σε αυτές τις μικρές απολαύσεις. Μπορείτε να γίνετε νοσταλγικοί για την παιδική ηλικία σας. Η θεία αγάπη μπορεί επίσης να βρίσκεται στο εγγύς μέλλον σας. </SIX-OF-CUPS-ONE >
    <SEVEN-OF-CUPS-ONE >Αυτή η κάρτα είναι για τις ψευδαισθήσεις και τα όνειρα. Ίσως νΗ α αφήσετε τη φαντασία σας να τρέξει και να μην επικεντρώνεστε προς την πραγματικότητα της ζωής. Μπορείτε αντιμετωπίζετε μια περίοδο, όπου έχετε πολλές επιλογές για να διαλέξετε. Υπάρχουν πιθανότητες να παραμελείτε την υγεία σας και να κάνετε σπατάλες σε φαγητό/ποτά. Η τεμπελιά και η αναβλητικότητα είναι οι βασικοί εχθροί σας. </SEVEN-OF-CUPS-ONE >
    <EIGHT-OF-CUPS-ONE >Η κάρτα δείχνει ότι κάνετε βήματα προς την αναζήτηση για βαθύτερο νόημα στη ζωή σας. Θα θέλατε να διαχωριστείτε από τα προβλήματα της ζωής και να εγκαταλείψετε τις απελπιστικές καταστάστεις. Θέλετε να αναζητήσετε την αληθινή ευτυχία αντί να ασχολείστε με μικροπρέπειες. Θα ψάξετε για την εσωτερική χαρά και μπορεί να φύγετε μακριά από το παρελθόν. Μπορεί να αφιερώσετε περισσότερο χρόνο σε πνευματικές δραστηριότητες. </EIGHT-OF-CUPS-ONE >
    <NINE-OF-CUPS-ONE >Η κάρτα δείχνει την εκπλήρωση επιθυμιών. Θα κερδίσετε αυτό που πραγματικά αξίζετε και επιθυμείτε. Μπορεί να αισθανθείτε πιο ικανοποιημένοι από τη ζωή σας, δεδομένου ότι η επιτυχία είναι με το μέρος σας. Τα πολυπόθητα όνειρά σας μπορεί να γίνουν πραγματικότητα και μπορεί τελικά να πετύχετε τους πολυαναμενόμενους στόχους σας. Θα θελήσετε να ζήσετε και να εκτιμήσετε την πολυτέλεια. Η χαλάρωση είναι αυτό που θέλετε τώρα. Απολαύστε αυτή την καλή στιγμή για όσο περισσότερο μπορείτε. </NINE-OF-CUPS-ONE >
    <TEN-ΤΟΥ-CUPS-ONE >Η κάρτα αντανακλά την έλευση της χαράς και της ειρήνης στη ζωή σας. Μπορεί να αισθανθείτε την ευτυχία που υπάρχει γύρω σας και αισθάνεστε ευεξία. Μπορεί να δείτε ότι το άγχος και οι εντάσεις αρχίζουν να μειώνονται και η ζωή θα γίνει εύκολη και αρμονική. Θα επικεντρωθείτε στην αγάπη και τη φιλία και θα κερδίσετε και στα δύο. Θα παραμείνετε αφοσιωμένοι απέναντι στην οικογένειά σας και θα απολαύσετε τις κοινωνικές εκδηλώσεις και τα γεγονότα που την αφορούν. </TEN-ΤΟΥ-CUPS-ONE >
    <PAGE-OF-CUPS-ONE >Αυτή η κάρτα αντανακλά τη συναισθηματική πλευρά σας. Έχετε την τάση να ακολουθείτε την καρδιά σας και όχι το μυαλό. Έχετε την τάση να γίνεστε συναισθηματικοί και σας αγγίζει το παραμικρό. Κάνετε πολλές εσωτερικές σκέψεις και δείχνετε εμπιστοσύνη στη διαίσθησή σας για καθοδήγηση. Είναι μια καλή στιγμή να μπείτε σε μια ρομαντική σχέση, όπου θα είστε συναισθηματικά κοντά στον άλλον. Πρέπει να αναπτυχθούν πιο κοντινές φιλίες. Είναι επίσης ένας χρόνος για να επιδιορθώσετε τις σπασμένες σχέσεις. </PAGE-OF-CUPS-ONE >
    <KNIGHT-OF-CUPS-ONE >Η κάρτα δείχνει όμορφα συναισθήματα, αλλά και σημάδια υπερβολής. Μερικές φορές, μπορεί να είστε συναισθηματικοί με τον έρωτά σας, αλλά να το παρακάνετε εκφράζοντάς τον. Η ζήλια μπορεί να παρεισφρήσει στο ρομαντισμό σας. Είστε ευαίσθητοι, αλλά μερικές φορές, έχετε την τάση να πληγώνεστε πολύ εύκολα. Είστε συμπαθείς και ευφυείς. Μπορεί να ονειρεύεστε μεγάλα πράγματα για τον εαυτό σας, αλλά αποθαρρύνεστε εύκολα. </KNIGHT-OF-CUPS-ONE >
    <QUEEN-OF-CUPS-ONE >Η κάρτα δείχνει ευαισθησία και ωριμότητα στο χειρισμό των συναισθημάτων. Έχετε συμπονετική και καλοκάγαθη προσέγγιση σε κάθε κατάσταση που αντιμετωπίζετε. Έχετε την τάση να συνδέεστε με την πνευματική σας πλευρά και να εκτιμάτε το βαθύτερο νόημα της ζωής. Είστε υπομονετικοί. Μπορεί να συμπάσχουν με τους άλλους και είναι καλοί και ευγενικοί προς τους αδύναμους. Έχετε την τάση να καταλαβαίνετε πράγματα χωρίς να ρωτήσετε. </QUEEN-OF-CUPS-ONE >
    <KING-OF-CUPS-ONE >Η κάρτα δείχνει μια σοφή και ανεκτική στάση. Μάλλον έχετε μια βαθιά κατανόηση της ανθρώπινης φύσης. Μπορεί να είστε ένας καλός δάσκαλος. Παραμένετε ψύχραιμοι σε κρίσεις και βοηθάτε στην επίλυση μια τεταμένης στιγμής. Ξέρετε τι να πείτε και πότε. Νιώθετε συμπόνια για τους λιγότερο προνομιούχους. Μπορεί να είστε ένας ανοιχτόμυαλος άνθρωπος με διπλωματικές ιδέες. Οι ηγετικές ικανότητες σας είναι το προνόμιό σας. </KING-OF-CUPS-ONE >
    <ACE-OF-PENTACLES-ONE >Η κάρτα σας προτείνει να συγκεντρώσετε την ψυχική δύναμη που έχετε και να εστιάσετε στην επίτευξη των στόχων σας. Μπορεί να δείτε τις προσπάθειες σας να μετατρέπονται στα αποτελέσματα που επιθυμείτε. Αυτό τελικά θα φέρει πρόοδο στην καριέρα και τη ζωή σας και θα σας βοηθήσει να χτίσετε μια θετική νοοτροπία. Θα πρέπει να ενεργείτε πρακτικά και να είστε ρεαλιστές στη ζωή. Θα επωφεληθείτε αν προχωρήσετε με πίστη και εμπιστοσύνη προς τους άλλους. </ACE-OF-PENTACLES-ONE >
    <TWO-OF-PENTACLES-ONE >Η κάρτα μιλάει για την προσαρμοστικότητα και τη συμβατότητα σας απέναντι στη ζωή. Θα ισορροπήσετε σωστά τα πράγματα που χειρίζεστε και θα προχωρήσετε με σταθερά αλλά ταχεία πρόοδο. Θα είστε ανοιχτοί σε νέες ιδέες και δυνατότητες, τόσο στην προσωπική όσο και στην επαγγελματική σας ζωή. Θα διαχειριστείτε αποτελεσματικά τις αλλαγές που σας συμβαίνουν και θα διασκεδάζετε ταυτόχρονα. Θα συνδυάσετε την εργασία με το παιχνίδι. </TWO-OF-PENTACLES-ONE >
    <THREE-OF-PENTACLES-ONE >Οι δυνατότητες που έχετε να εργάζεστε ως εξαιρετικός ομαδικός παίκτης υπογραμμίζεονται από αυτή την κάρτα. Θα παρέχετε φοβερό συντονισμό και κίνητρο στα καθήκοντα που αναλαμβάνετε. Μπορεί να είστε πολύ οργανωτικοί στην προσέγγισή σας. Με τις ικανότητες σας, θα πετύχετε την τελειότητα στη δουλειά σας και θα είστε σε θέση να επιτύχετε τους στόχους σας. Θα αποδείξετε έτσι τις ικανότητές σας σε όποιον τις αμφέβαλλε. </THREE-OF-PENTACLES-ONE >
    <FOUR-OF-PENTACLES-ONE >Η κάρτα αυτή τονίζει τις κτητικές τάσεις σας και την αντίσταση που δείχνετε προς τις αλλαγές. Έχετε την τάση να συσσωρεύετε υλιστικά πράγματα και να μην τα μοιράζεστε με τους άλλους. Η απληστία μπορεί να κατακλείσει το μυαλό σας. Μπορεί να προσπαθήσετε να πάρετε τον έλεγχο των πραγμάτων που σας περιβάλλουν και να απαιτήσετε τα πράγματα να γίνουν όπως εσείς αποφασίζετε. Μπορεί επίσης να θέλετε τα πράγματα να μένουν ανενόχλητα και αμετάβλητα, έχοντας έτσι μια γενική στασιμότητα στις περισσότερες πτυχές της ζωής σας. </FOUR-OF-PENTACLES-ONE >
    <FIVE-OF-PENTACLES-ONE >Η κάρτα δείχνει μια δύσκολη περίοδο, τόσο συναισθηματικά όσο και σωματικά. Μπορεί έχετε κάποιο οικονομικό πρόβλημα ή ενδέχεται να παρουσιαστεί κάποιο ζήτημα στο χώρο εργασίας σας. Ενδέχεται να αντιμετωπίσετε μία έλλειψη δεξιοτήτων που πρέπει πραγματικά να ξεπεράσετε. Μπορεί επίσης να περάσετε από μια φάση, όπου αισθάνεστε έλλειψη υποστήριξης και μια ήπια μοναξιά. Επίσης μπορεί να υπάρξουν κάποια ζητήματα υγείας. </FIVE-OF-PENTACLES-ONE >
    <SIX-OF-PENTACLES-ONE >Αυτή η κάρτα μιλά για τις γκρίζες πιθανότητες του να έχετε πλούτη, δύναμη και ευφυΐα. Είτε τα έχετε είτε απλά όχι. Θα δίνετε ή θα παίρνετε. Αυτό ισχύει σε όλες τις πτυχές της ζωής, είτε είστε εδώ είτε εκεί. Σε κάθε περίπτωση, όμως, θα πρέπει να κατανοήσετε και να αναλύσετε το μέλλον σας και να εργαστείτε προς αυτή την κατεύθυνση. </SIX-OF-PENTACLES-ONE >
    <SEVEN-OF-PENTACLES-ONE >Η κάρτα δείχνει μια ανάγκη για αξιολόγηση και ανάλυση της τρέχουσας κατάστασης της ζωής σας. Μπορεί να θέλετε να πάρετε κάποια άδεια μόνο και μόνο για να παρακολουθήσετε την μέχρι τώρα πρόοδό σας και να βεβαιωθείτε ότι είστε στο σωστό δρόμο. Υπάρχει μια ισχυρή πιθανότητα να βιώσετε την επιτυχία από κάποιες ειλικρινείς προσπάθειές σας και να φτάσετε σε ορόσημα που είχατε ονειρευτεί. Μπορεί να πιάσετε τον εαυτό σας να σκέφτεται μια αλλαγή δουλειάς/ σπιτιού. </SEVEN-OF-PENTACLES-ONE >
    <EIGHT-OF-PENTACLES-ONE >Η κάρτα δείχνει την ακραία αποφασιστικότητά σας και την προσοχή σας στις λεπτομέρειες. Μπορεί να συμμετέχετε σε ορισμένες δουλειές/καθήκοντα και να ρίχνεστε σε αυτές απόλυτα με όλη την καρδιά σας. Αυτή η στάση θα σας βοηθήσει να αυξήσετε την εμπειρία και τις γνώσεις σας σχετικά με τα πράγματα που εργάζεστε. Θα είστε πολύ προσεκτικοί και θα βεβαιωθείτε ότι κάνετε τα πάντα μεθοδικά και σωστά μέχρι και την τελευταία λεπτομέρεια. </EIGHT-OF-PENTACLES-ONE >
    <NINE-OF-PENTACLES-ONE >Οι κάρτα μιλά για την πειθαρχημένη συμπεριφορά σας με αυτοπεποίθηση και δίψα για βελτίωση. Θα κοιτάξετε να λύσετε τα προβλήματα και να χειριστείτε τη ζωή με ένα καλά οργανωμένο και ταξινομημένο πλάνο. Εμπιστεύεστε τις ικανότητές σας και τις μετατρέπετε σε αποδοτικά αποτελέσματα. Θα κυνηγήσετε την τελειότητα και θα προσπαθήσετε να απολαύσετε τα λεπτότερα πράγματα της ζωής. Θα επιδιώξετε έναν πολυτελή τρόπο ζωής. </NINE-OF-PENTACLES-ONE >
    <TEN-ΤΟΥ-PENTACLES-ONE >Η κάρτα δείχνει την αφθονία του πλούτου που θα συναντήσετε. Μπορεί να απολαμβάνετε μια υγιή επιχειρηματική επιτυχία όπου οι επιχειρήσεις σας ανθίζουν. Ή μπορεί να βρείτε μια εργασία με πολύ υψηλή πληρωμή. Θα βιώσετε οικονομική ασφάλεια σε κάθε περίπτωση. Μπορεί να καταστρώσετε ένα σχέδιο για να εξασφαλίσετε εσάς και την οικογένειά σας για μια ζωή. Σε όλα αυτά, θα υιοθετήσετε δοκιμασμένες μεθόδους και θα παραμείνετε στο πλαίσιο των νόμων σε ό, τι κάνετε. </TEN-ΤΟΥ-PENTACLES-ONE >
    <PAGE-OF-PENTACLES-ONE >Η κάρτα σας προτείνει να είστε πρακτικοί στη ζωή και να ενεργήσετε ώστε τα όνειρά σας να γίνουν πραγματικότητα. Θα πρέπει να εργαστείτε με αυτά που έχετε και να χρησιμοποιήσετε την ψυχική και τη σωματική σας δύναμη για να το κάνετε. Θα πρέπει να σταματήσετε να έχετε αναβλητική στάση και να κρατήσετε τα πόδια σας στο έδαφος. Θα πρέπει να ενεργείτε με υπεύθυνο και αξιόπιστο τρόπο και να εμπιστεύεστε τους ανθρώπους με τους οποίους εργάζεστε. </PAGE-OF-PENTACLES-ONE >
    <KNIGHT-OF-PENTACLES-ONE >Οι κάρτα μιλά για υπερβολική κλίση σας προς τα θετικά πράγματα της ζωής. Όταν αποφασίζετε να επιδιώξετε έναν στόχο, είστε πεισματάρηδες, δεν ακούτε κανέναν και αρνείστε να σταματήσετε, ακόμη και αν είστε σε απελπιστική κατάσταση. Είστε συντηρητικοί, φοβάστε τα ρίσκα και ως εκ τούτου χάνετε ευκαιρίες εύκολα κατά καιρούς. Η προσπάθειά σας να είναι όλα στην ακρίβεια μερικές φορές συνορεύει με την εμμονή. Η πρακτικότητά σας σας κάνει απαισιόδοξους. Δουλεύετε τόσο σκληρά που δεν βλέπετε τον όμορφο κόσμο που υπάρχει γύρω σας. </KNIGHT-OF-PENTACLES-ONE >
    <QUEEN-OF-PENTACLES-ONE >Αυτή η κάρτα δείχνει την συγκρατημένη, αξιοθαύμαστη και γενναιόδωρη φύση σας. Δείχνετε φροντίδα και αγάπη στους ανθρώπους γύρω σας με ανιδιοτελή τρόπο. Έχετε μια καλή καρδιά και εξαπλώνετε την ευθυμία και την ευτυχία με την αλτρουιστική συμπεριφορά σας. Είστε ένας πιστός και αξιόπιστος άνθρωπος. Δεν αφήνετε τα πράγματα να πάνε χαμένα και κάνετε πολλά με τα λίγα. Οι άλλοι αισθάνονται άνετα γύρω σας, λόγω της ανεπιτήδευτης και ευχάριστης φύση σας. </QUEEN-OF-PENTACLES-ONE >
    <KING-OF-PENTACLES-ONE >Η κάρτα τονίζει τις αξιόλογες ικανότητές σας σε διάφορα κοινωνικά στρώματα. Οι επιχειρηματικές δεξιότητές σας θα σας φέρουν τόσο οικονομική όσο και ψυχική ικανοποίηση στη ζωή. Θεωρήστε αξιόπιστο πρόσωπο σε μια κρίση. Ο εύκολα προσαρμόσιμος χαρακτήρας σας σας βοηθά σε οποιαδήποτε κατάσταση. Η ενθαρρυντική στάση σας βοηθά τους ανθρώπους γύρω σας. Είστε ήρεμοι, συνεπείς και εργατικοί. </KING-OF-PENTACLES-ONE >
    <ACE-OF-SWORDS-ONE >Η κάρτα δείχνει ότι θα βρείτε την ψυχική φώτιση και θα λύσετε τα πράγματα με το δικό σας τρόπο. Με την μεγάλη διάνοια σας και την ικανότητα συλλογισμού, θα μάθετε αρκετά γεγονότα της ζωής. Λόγω της ψυχικής αντοχής σας, θα προχωρήσετε σιγά-σιγά από οποιαδήποτε δύσκολη κατάσταση της ζωής περνώντας το κάθε εμπόδιο. Υπάρχει μια τάση να αγωνίζεστε για τη δικαιοσύνη για κάποιον/κάτι και θα προχωρήσετε προς την κατεύθυνση της αλήθειας και της ειλικρίνειας. </ACE-OF-SWORDS-ONE >
    <TWO-OF-SWORDS-ONE >Η κάρτα δείχνει μια αντίθεση με τα συναισθήματα καταστολής των αληθινών συναισθημάτων. Μπορεί να αποκρύψετε την αγωνία σας από τους άλλους και να προσπαθήσετε να διατηρήσετε μία ψύχραιμη εμφάνιση. Μπορεί να έρθουν στιγμές, όπου θα βρείτε τον εαυτό σας σε δυσάρεστες καταστάσεις στις οποίες είστε διστακτικοί να αποφασίσετε κάτι ή να πράξετε. Τείνετε να αποφεύγετε τα σαφή γεγονότα και την αλήθεια. Η κατάσταση θα παραμείνει ως έχει, λόγω της αδράνειας σας. </TWO-OF-SWORDS-ONE >
    <THREE-OF-SWORDS-ONE >Αυτή η κάρτα δείχνει ότι μπορεί να έρθετε αντιμέτωποι μια δύσκολη συναισθηματικά περίοδο. Μπορεί να καταλήξετε να πληγώσετε τα συναισθήματα κάποιου ή το αντίστροφο. Μερικά άσχημα νέα μπορεί να είναι στο δρόμο. Υπάρχει μια πιθανότητα να αισθανθείτε την απόρριψη. Μπορεί να αισθανθείτε ότι κανείς δεν είναι εκεί για σας όταν το χρειάζεστε περισσότερο. Μπορεί να έρθει η μοναξιά. Μπορεί να μάθετε μυστικά για κοντινούς σας ανθρώπους που μπορεί να σας αναστατώσουν. Μπορεί επίσης να βιώσετε την προδοσία από κάποιον κοντά σας. </THREE-OF-SWORDS-ONE >
    <FOUR-OF-SWORDS-ONE >Η κάρτα δείχνει ότι θα πρέπει χαλαρώσετε, και να σταματήσετε να εξασθενείτε τον εαυτό σας. Θα πρέπει να κάνετε ένα διάλειμμα από την καθημερινότητα σας και να βρείτε ηρεμία και γαλήνη. Κάντε κάτι για να χαλαρώσει το σώμα και το μυαλό σας. Φύγετε μακριά για λίγο για να σκεφτείτε πού βρίσκεστε στη ζωή, τί θέλετε να επιτύχετε, τι έχετε κάνει, κ.λπ. Συνεπώς, προετοιμαστείτε για το μέλλον εξασφαλίζοντας την τρέχουσα θέση σας. </FOUR-OF-SWORDS-ONE >
    <FIVE-OF-SWORDS-ONE >Η κάρτα απεικονίζει μια εγωκεντρική νοοτροπία και δυσαρμονική συμπεριφορά με τους άλλους. Υπάρχει μια τάση να σκέφτεστε μόνο τα δικά σας συμφέροντα, πριν να αναλάβετε οποιαδήποτε εργασία. Μπορεί να βρείτε δύσκολο το να αντιμετωπίσετε τις απόψεις και τις γνώμες των άλλων. Μπορεί να καταφέρετε να δημιουργήσετε την κακή διάθεση των άλλων προς εσάς. Μπορεί να καταφέρετε να επιτύχετε χρησιμοποιώντας τα λάθος μέσα. </FIVE-OF-SWORDS-ONE >
    <SIX-OF-SWORDS-ONE >Η κάρτα υπογραμμίζει τις πάνω και τις κάτω φάσεις της ζωής. Μπορεί να αισθανθείτε απαθείς και κατάθλιψη σε ό,τι κάνετε. Μπορεί να βιώσετε κακή υγεία. Μπορεί να χρειαστεί να πάρει κάποιο χρόνο για εσάς, να θεραπευθείτε και να ασχοληθείτε με τις συναισθηματικές καταστάσεις της ζωής σας. Θα δείτε τον κόσμο με μια νέα ελπίδα και θα αρχίσετε να κινείστε προς μία θετική νοοτροπία. Μπορεί να ταξιδέψετε από το ένα μέρος στο άλλο σε αναζήτηση της περιπέτειας και της αλλαγής. </SIX-OF-SWORDS-ONE >
    <SEVEN-OF-SWORDS-ONE >Οι κάρτα μιλά για την τάση σας για να αποφεύγετε τις ευθύνες και τις υποχρεώσεις που σας περιβάλλουν. Μπορεί να αποκρύψετε την αλήθεια για να αποφύγετε να την αντιμετωπίσετε. Υπάρχει μια τάση να μένετε μόνοι και απόμακροι και να διατηρείτε μια καλή απόσταση από τον κοινωνικό κόσμο γύρω σας. Κατά τη διάρκεια αυτής της φάσης απομόνωσης, μπορεί να αναπτύξετε μια παραπλανητική συμπεριφορά και κατά περιόδους, μπορεί να ενεργήσετε με δόλιο τρόπο. </SEVEN-OF-SWORDS-ONE >
    <EIGHT-OF-SWORDS-ONE >Αυτή η κάρτα δείχνει σκοτεινούς και δύσκολους καιρούς μπροστά. Μπορεί να αισθανθείτε αλυσοδεμένοι από καταστάσεις και, επίσης, μπορεί να είναι δύσκολο να βρείτε το δικό σας τρόπο ζωής. Μπορεί να αισθανθείτε σύγχυση στις περισσότερες περιπτώσεις σχετικά με το ποιο θα είναι το επόμενό σας βήμα. Μπορεί να σας λείπει η εστίαση για να προχωρήσετε και να αναζητήσετε εξωτερική βοήθεια. Μπορείτε να αισθάνεστε ότι τα πράγματα βγαίνουν έξω από τον έλεγχό σας, κι εσείς το μόνο που μπορείτε να κάνετε είναι να μείνετε πίσω και να τα παρακολουθήσετε. </EIGHT-OF-SWORDS-ONE >
    <NINE-OF-SWORDS-ONE >Αυτή η κάρτα δείχνει μια φάση άγχους και έντασης για εσάς. Μπορεί να αναπτύξετε ένα ενοχικό συναίσθημα για κάτι που έχετε κάνει στο παρελθόν και θα είναι δύσκολο να συγχωρήσετε τον εαυτό σας γι' αυτό. Μπορεί να θέλετε να πάτε πίσω στο χρόνο για να διορθώσετε τις ενέργειές σας. Παρασύρεστε προς μια φάση, όπου μπορεί να σταματήσετε να πιστεύετε στον εαυτό σας και μπορεί να αισθανθείτε κατάθλιψη. Μερικές φορές, μπορεί επίσης να αισθανθείτε συναισθηματικά σπασμένοι. </NINE-OF-SWORDS-ONE >
    <TEΝ-ΤΟΥ-SWORDS-ONE >Αυτή η κάρτα δείχνει μια φάση άγχους και έντασης για εσάς. Μπορεί να αναπτύξετε ένα ενοχικό συναίσθημα για κάτι που έχετε κάνει στο παρελθόν και θα είναι δύσκολο να συγχωρήσετε τον εαυτό σας γι' αυτό. Μπορεί να θέλετε να πάτε πίσω στο χρόνο για να διορθώσετε τις ενέργειές σας. Παρασύρεστε προς μια φάση, όπου μπορεί να σταματήσετε να πιστεύετε στον εαυτό σας και μπορεί να αισθανθείτε κατάθλιψη. Μερικές φορές, μπορεί επίσης να αισθανθείτε συναισθηματικά σπασμένοι. </TEΝ-ΤΟΥ-SWORDS-ONE >
    <PAGE-OF-SWORDS-ONE >Η κάρτα σας ζητάει να συγκεντρώσετε την ψυχική δύναμη και να αντιμετωπίσετε τα προβλήματα που μπορεί να σας ενοχλούν μακροπρόθεσμα. Θα πρέπει να αναλύσετε λογικά τα προβλήματα που αντιμετωπίζετε και να κάνετε τα κατάλληλα σχέδια για την επίλυσή τους. Θα πρέπει να είστε ειλικρινείς και να μην προσπαθήσετε να κρύψετε τίποτα. Θα πρέπει να λύσετε τα καλά αλλά και τα κακά, και επίσης να αποδεχθείτε τις ευθύνη που έρχονται. Κρατήστε τη διάθεσή σας υψηλή και αντιμετωπίστε τις δυσκολίες με σθένος. </PAGE-OF-SWORDS-ONE >
    <KNIGHT-OF-SWORDS-ONE >Αυτή η κάρτα δείχνει την εμπιστοσύνη, αλλά με μια δόση παρορμητικότητας. Η ειλικρίνειά σας μπορεί να θεωρηθεί αγενής από τους άλλους. Μπορεί να σας θεωρήσουν ως κάποιον που κάνει τα πάντα χωρίς να σκέφτεται. Μπορεί να ξεκινήσετε ως καλός ηγέτης, αλλά να καταλήξετε με μια αυταρχική στάση. Ίσως δείχνετε μια σπουδαία αίσθηση του χιούμορ ζωγραφισμένη με σαρκασμό. Η βαθιά γνώση σας θα εκτιμηθεί εάν δεν συνορεύει με την αλαζονεία. </KNIGHT-OF-SWORDS-ONE >
    <QUEEN-OF-SWORDS-ONE >Η κάρτα απεικονίζει την ειλικρινή και απλή φύση σας στη ζωή. Θα προτιμούσατε να είστε ανοικτοί σε όλες τις συναλλαγές σας. Η αντίληψή σας για οποιαδήποτε κατάσταση/άτομο είναι αρκετά υγιής και πολύ ακριβής. Προσπαθείτε να υιοθετήσετε μια ελεύθερη από ανοησίες προσέγγιση σε ό,τι κάνετε. Η αίσθηση του χιούμορ σας είναι εξαιρετική και χωρίς να προσβάλλει κανέναν. Η εκτεταμένη εμπειρία σας σας δίνει τη δύναμη για να πάτε μπροστά στη ζωή. </QUEEN-OF-SWORDS-ONE >
    <KING-OF-SWORDS-ONE >Η κάρτα δείχνει το στοχαστικό μυαλό σας και την ηθική σας προσωπικότητα. Έχετε την τάση να αναλύετε τις καταστάσεις της ζωής με αποτελεσματικό τρόπο, με καλά ανεπτυγμένες λογικές και σκεπτικές ικανότητες. Μπορείτε να επικοινωνήσετε τις απόψεις και τις ιδέες σας με τις εξαιρετικές λεκτικές δεξιότητες σας. Θα είστε ανοιχτοί στην αντίληψη σας και θα καταλάβετε ώριμα όλες τις πτυχές του κάθε θέματος. Έχετε την τάση να είστε ειλικρινείς και να έχετε δίκαια στάση σε ό,τι κάνετε. </KING-OF-SWORDS-ONE >
    <ACE-OF-WANDS-ONE >Αυτή η κάρτα σημαίνει επιτυχία. Μπορεί να διαθέτετε έναν ευφάνταστο και πρωτότυπο τρόπο σκέψης, που σας φορτώνει με δημιουργικότητα. Ο ενθουσιασμός σας και η μεγάλη αυτοπεποίθησή σας τείνουν να δίνουν έμπνευση στους άλλους και να αναδεικνύουν το πάθος σας. Θα δώσετε πάνω από το 100% σας σε ό,τι κάνετε. Στη ζωή, όταν θα έχετε να αντιμετωπίσετε οποιοδήποτε πρόβλημα ή πρόκληση, θα αντιμετωπίσετε τις δυσκολίες με θάρρος και αυτοπεποίθηση για να πετύχετε. </ACE-OF-WANDS-ONE >
    <TWO-OF-WANDS-ONE >Αυτή η κάρτα δείχνει μια τολμηρή στάση. Εάν περιμένετε να αναλάβετε πρωτοβουλία ή να αναλάβετε κάποια εργασία/ταξίδι, αυτή είναι η στιγμή για να το κάνετε. Έχετε τη δύναμη και την επιρροή για να πετύχετε τους στόχους σας. Έτσι, το μόνο που χρειάζεται είναι να έχετε το θάρρος να λάβετε τα μέτρα που χρειάζονται. Αυτή είναι η στιγμή να είστε τολμηροί και να αντιμετωπίσετε τους φόβους σας. Θα πρέπει να αποκτήσετε μια καινοτόμα προσέγγιση για την επίτευξη των στόχων σας. Απλά χαράξτε τη δική σας διαδρομή. </TWO-OF-WANDS-ONE >
    <THREE-OF-WANDS-ONE >Η κάρτα δείχνει δίψα και ανυπομονησία για να εξερευνήσετε κάτι νέο. Αυτό συνδέεται με την περιπετειώδη και ενθουσιώδη φύση σας. Η προβλέψιμη φύση σας θα συνεχίσει να σας βοηθάει στους καιρούς που έρχονται. Θα πρέπει να αναλάβετε το ρόλο του ηγέτη και να τους συσπειρώσετε όλους για την αποστολή και τον στόχο σας. Μπορεί να βρείτε μεγάλη επιτυχία στο εμπόριο και τις συναλλαγές. </THREE-OF-WANDS-ONE >
    <FOUR-OF-WANDS-ONE >Μπορεί να συνδεθείτε με την πλευρά του εαυτού σας που αγαπά την περιπέτεια και τους ενθουσιασμούς. Η προβλέψιμη φύση σας θα συνεχίσει να σας βοηθάει στους καιρούς που έρχονται. Θα πρέπει να αναλάβετε το ρόλο του ηγέτη και να τους συσπειρώσετε όλους για την αποστολή και τον στόχο σας. Μπορεί να βρείτε μεγάλη επιτυχία στο εμπόριο και τις συναλλαγές. </FOUR-OF-WANDS-ONE >
    <FIVE-OF-WANDS-ONE >Αυτή η κάρτα δείχνει κάποιους μπελάδες στο μέλλον. Ίσως οι άλλοι να ταχθούν εναντίον σας και μπορεί να καταλήξετε να καυγαδίσετε και να έχετε διαμάχες με μερικούς. Υπάρχουν άλλοι που σας ανταγωνίζονται και να νιώθετε ότι πρέπει να ανταποκριθείτε στην πρόκληση ενός αγώνα. Έρχονται μικρές δυσκολίες και ενοχλήσεις. Θα πρέπει να δείξετε υπομονή και ψυχραιμία για να βγείτε από αυτή την κατάσταση. </FIVE-OF-WANDS-ONE >
    <SIX-OF-WANDS-ONE >Η κάρτα αντανακλά τη νίκη, την εκτίμηση με λίγη περηφάνια. Μπορεί να καταφέρετε να πετύχετε τους στόχους σας άριστα. Μπορεί να εκτιμηθείτε για τις προσπάθειές σας και αυτό θα σας δώσει το κίνητρο για να δώσετε τον καλύτερο εαυτό σας σε ό,τι κάνετε. Θα απολαύσετε τις μέρες σας στον ήλιο, αλλά μπορεί ξαφνικά να αρχίσετε να αισθάνεστε αυτάρεσκοι. Μπορεί να αρχίσετε να σκέφτεστε πρώτα τον εαυτό σας το οποίο μπορεί να οδηγήσει τους άλλους στο να πιστέψουν ότι είστε αλαζόνες. </SIX-OF-WANDS-ONE >
    <SEVEN-OF-WANDS-ONE >Αυτή η κάρτα σημαίνει τις προσπάθειες για να πολεμήσετε για τη θέση σας και να υπερασπιστείτε τα πιστεύω σας. Έχετε την τάση να έχετε μια επιθετική και προκλητική προσέγγιση στη ζωή. Τις περισσότερες φορές, αυτή η προσέγγιση λειτουργεί καλά για σας, αλλά μερικές φορές, μπορεί να υπερενθουσιάζεστε. Είστε κάπως πεισματάρηδες όταν παίρνετε θέση και αρκετά επιμονετικοί. Η ειλικρινής πίστη σας στις ικανότητές σας θα σας βοηθήσει σε στιγμές κινδύνου. </SEVEN-OF-WANDS-ONE >
    <EIGHT-OF-WANDS-ONE >Η κάρτα δείχνει μια αλλαγή στο χρόνο. Η στιγμή που περιμένατε έχει φθάσει. Είναι η ώρα να αναλάβετε δράση και να αποδείξετε τις δυνατότητές σας με τον ένα ή με τον άλλο τρόπο. Κάποιες μισοτελειωμένες δουλειές μπορεί επιτέλους να ολοκληρωθούν. Είναι πιθανό να ανακαλύψετε κάποιες πληροφορίες ή ειδήσεις που ψάχνατε. Μπορεί να χρειαστεί να τερματίσετε ένα συγκεκριμένο πράγμα, μόνο για να ξεκινήσει κάτι καλύτερο. </EIGHT-OF-WANDS-ONE >
    <NINE-OF-WANDS-ONE >Αυτή η κάρτα δείχνει τις προφυλάξεις που παίρνετε και την αποφασιστικότητα που δείχνετε. Από τις παρελθοντικές δυσκολίες ή εμπειρίες σας, είστε πλέον ιδιαίτερα προσεκτικοί και πάντα προετοιμάζεστε για το χειρότερο. Προφυλάσσετε τον εαυτό σας και τους κοντινούς σας. Παλεύετε κόντρα σε όλες τις πιθανότητες και αγωνίζεστε για τους στόχους σας ολόψυχα. Η αυτο-θέληση και η σωματική σας δύναμη θα συνεχίσουν να διοχετεύουν τις προσπάθειές σας προς τη δόξα. </NINE-OF-WANDS-ONE >
    <TEN-OF-WANDS-ONE >Η κάρτα δείχνει μια αυξανόμενη αίσθηση συναισθηματικής ή ψυχικής επιβάρυνσης. Μπορεί να κουράζεστε στην εργασία. Μπορεί πιθανώς να κάνετε πολλά πράγματα μαζί και να έχετε κολλήσει στα περισσότερα από αυτά. Μπορεί επίσης να έχετε και κάποια χρέη. Βρίσκετε δύσκολο το να πείτε όχι σε άλλους. Παρόλο που δεν ανταμείβεστε για τα καλά πράγματα που κάνετε, καταλήγετε να παίρνετε όλο το φταίξιμο. Μπορεί επίσης να διαπιστώσετε ότι θα πρέπει να αγωνιστείτε για την κάθε μικρή επιτυχία. </TEN-OF-WANDS-ONE >
    <PAGE-OF-WANDS-ONE >Η κάρτα σημαίνει νέες ευκαιρίες για να ανακαλύψετε την αληθινή δύναμη και ενέργεια που διαθέτετε. Αυτή είναι η στιγμή να ανακαλύψετε ξανά τη ζωή και να την εξερευνήσετε με μια δημιουργική και θαρραλέα προσέγγιση. Θα πρέπει να δείξετε περισσότερο ενθουσιασμό και αισιοδοξία στις προσπάθειές σας. Να είστε παθιασμένοι σε ό,τι κάνετε. Πιστέψτε στις ικανότητές σας και διατηρήστε την προσοχή σας για να κάνετε το καλύτερο δυνατό. Να είστε τολμηροί και να αναλάβετε ρίσκα. Αυτή είναι η στιγμή να είστε διεκδικητικοί. </PAGE-OF-WANDS-ONE >
    <KNIGHT-OF-WANDS-ONE >Η κάρτα ιππότης αντανακλά ένα πολύ καλό σύνολο ισχυρών ιδιοτήτων που συνοδεύεται από μερικά αρνητικά. Συχνά τείνετε να είστε γοητευτικοί και με αυτοπεποίθηση, αλλά μερικές φορές φαίνεστε αλαζόνες. Έχετε την τάση να είστε τολμηροί, αλλά μερικές φορές γίνεστε απερίσκεπτοι. Στην αναζήτησή σας για περιπέτεια, έχετε την τάση να είστε εντελώς ανήσυχοι. Είστε παθιασμένοι εκ φύσεως αλλά ταυτόχρονα και ευερέθιστοι. </KNIGHT-OF-WANDS-ONE >
    <QUEEN-OF-WANDS-ONE >Αυτή η κάρτα είναι μια από τις πιο θετικές. Δείχνει μια ώθηση στον τομέα της ενέργειας, της διάθεσης και της χαράς. Θα καταφέρετε να τα βγάλετε πέρα στις εργασίες σας με τη δέσμευση και την αφοσίωσή σας. Είστε συνήθως καλοί φίλοι και θα κάνετε νέους φίλους εύκολα. Θα ζήσετε μια ειρηνική και χαρούμενη στιγμή μέσα στις επόμενες ημέρες. Η ήρεμη ψυχραιμία σας θα σας βοηθήσει να αντιμετωπίσετε κάθε εμπόδιο που έρχεται το δρόμο σας. </QUEEN-OF-WANDS-ONE >
    <KING-OF-WANDS-ONE >Αυτή η κάρτα αντανακλά τη δύναμη της δημιουργικής και καινοτόμου σκέψης. Κρατήστε το μυαλό σας ανοιχτό σε νέες δυνατότητες και ευκαιρίες. Μπορεί να ζήσετε κάτι νέο στο εγγύς μέλλον. Ίσως να είστε καλοί στην επικοινωνία και το δέσιμο με τους άλλους και να τους εμπνέετε. Μπορεί ακόμη και να τείνετε να κυριαρχείτε και να δίνετε εντολές στους ανθρώπους γύρω σας - αλλά με σεβασμό. Απολαμβάνετε την προσοχή που παίρνετε πάρει και τείνετε να προσελκύετε το αντίθετο φύλο. </KING-OF-WANDS-ONE >
    <THE-FOOL-ONE >Ενδείκνυται μια νέα αρχή. Θα νιώσετε ότι κάνετε μια νέα αρχή ​​με νέα πράγματα και νέες ιδεολογίες. Μπορεί να έχει σχέση με την καριέρα, την ερωτική σας ζωή ή τον εαυτό σας. Θα βρείτε πολύ αυθορμητισμό και διασκέδαση σε αυτό το ταξίδι. Σε περίπτωση τυχόν εμποδίων, θα μάθετε κάτι πολύτιμο. Θα πρέπει να αφήσετε πίσω τα παλιά και να αναλάβετε νέα πράγματα για να ταξιδέψετε σε αυτόν τον νέο κόσμο που έχετε αρχίσει να εξερευνείτε. </THE-FOOL-ONE >
    <THE-MAGICIAN--ONE >Η δύναμη της θέλησης σας είναι τώρα ισχυρότερη. Οι άνθρωποι θα σας ακούσουν και θα πάρουν στα σοβαρά ό,τι λέτε. Θα είστε σε θέση να πείσετε τους ανθρώπους και θα είστε καλύτεροι στις ηγετικές σας ικανότητες για τουλάχιστον κάποιο καιρό. Θα πάρετε καλές ιδέες και θα είναι στο χέρι σας το πώς να τις χρησιμοποιήσετε. Μπορεί επίσης να αποκαλυφθούν μερικά μυστικά των άλλων. </THE-MAGICIAN--ONE >
    <THE-HIGH-PRIESTESS--ONE >Αυτή είναι η στιγμή που πρέπει να εμπιστευτείτε το ένστικτό σας και να ακολουθήσετε το μονοπάτι των ονείρων σας προς αυτά που αγαπάτε. Μπορεί να υπάρξει σύντομα ένα πρόσωπο που θα σας δώσει πολύ σημαντικές και χρήσιμες συμβουλές. Μπορεί να χρειαστεί να ψάξετε για κάτι που είναι άγνωστο σε σας και είναι πιθανό να υπάρχει κάτι το οποίο σας κρατάνε κρυφό. Θα πρέπει να συνεχίσετε να ψάχνετε μέχρι να αποκαλυφθεί το μυστικό, καθώς αυτό μπορεί να σας κάνει να συνειδητοποιήσετε κάτι πολύ σημαντικό. </THE-HIGH-PRIESTESS--ONE >
    <THE-EMPRESS--ONE >Σκέφτεστε σοβαρά για κάτι και ανησυχείτε για την συνέχεια ή την έναρξη ενός πράγματος στην καριέρα, την επιχείρησή ή τη σχέση σας. Εσείς ή ο σύντροφός σας είστε ιδιαίτερα προστατευτικοί και μπορεί ακόμη και να καταφεύγετε σε ανήθικα μέσα για να επιτύχετε αυτό που επιθυμείτε. Θα απαιτηθούν λίγη υπομονή και μερικές προσπάθειες για την επίτευξη σταθερότητας στην παρούσα κατάσταση. </THE-EMPRESS--ONE >
    <THE-EMPEROR-ONE >Το επίτευγμα δεν είναι πολύ μακριά και η τιμή είναι επίσης στο δρόμο. Μπορεί να επηρεαστείτε από ένα κατευθυντήριο αρσενικό πρόσωπο όπως είναι ο πατέρας, ο αδελφός, ο σύντροφός ή ο φίλος σας. Θα έχετε πλέον εξουσία θα έχετε τον έλεγχο του τι θέλετε να κάνετε. Ένα πολύ ισχυρό σύστημα στήριξης θα σταθεί στο πλευρό σας. Αν και, θα πρέπει να είστε προσεκτικοί σχετικά με την επιφανειακή ή υπερ απαιτητική φύση σας που μπορεί να βλάψει τους μικρότερούς σας. </THE-EMPEROR-ONE >
    <THE-HIEROPHANT-ONE >Μην είστε πολύ πεισματάρηδες με τις ιδέες σας και μην επιμείνετε σε παλιές πεποιθήσεις και παραδόσεις μόνο και μόνο επειδή τις ακολουθείτε για πολύ καιρό. Μπορεί να σκέφτεστε το γάμο. Μπορεί ίσως να κολλήσετε σε νομικές επισημότητες. Μπορεί να έρθουν προβλήματα και μπορεί να προσκολλήσετε σε παλιές μεθόδους για την επίλυσή τους. Θα πρέπει να αντιμετωπίσετε τα προβλήματα με ψυχραιμία και να συγκεντρώσετε αρκετή υπομονή. </THE-HIEROPHANT-ONE >
    <THE-LOVERS-ONE >Η αγάπη είναι στον αέρα. Σύντομα μπορεί να έχετε μια ευχάριστη έκπληξη στην ερωτική σας ζωή. Μπορεί να χρειαστεί να κάνετε επιλογές μεταξύ της καρδιάς και του μυαλού σας. Είναι πιθανό να ακολουθήσετε την καρδιά σας και όχι το μυαλό σας και ο κίνδυνος θα αξίζει τον κόπο. Μπορεί να ενδώσετε στον πειρασμό που μπορεί να σας οδηγήσει σε απιστία, η οποία θα πρέπει να αποφεύγεται. Οι συναισθηματικές συνδέσεις σας θα γίνουν ισχυρές. </THE-LOVERS-ONE >
    <THE-CHARIOT-ONE >Είστε πρόθυμοι να αγωνιστείτε για να επιτευχθεί αυτό που επιθυμείτε. Κάποιο είδος αλλαγής ή ένα ταξίδι μπορεί να πραγματοποιηθεί στη ζωή σας. Μπορεί να χρειαστεί να αντιμετωπίσετε εμπόδια στην καριέρα σας ή την προσωπική σας ζωή. Μπορείτε να σας πειράξει κάποιος με εγωιστικά κίνητρα. Ίσως απαιτείται κάποιος έλεγχος σε αντικρουόμενα συναισθήματα και περιστάσεις, αλλά στο τέλος θα επιτευχθεί η νίκη. </THE-CHARIOT-ONE >
    <JUSTICE-ONE >Είναι καιρός να φέρετε κάποια ισορροπία σε αυτά που κάνετε. Μπορεί να υπάρχει κάποια συνήθεια ή δραστηριότητα που συμβαίνει περισσότερο ή λιγότερο από όσο χρειάζεται στη ζωή σας. Θα πρέπει να την ελέγξετε. Θα χρειαστεί να κάνετε προσπάθειες για να επιστρέψετε στην ηρεμία με την εξισορρόπηση όλων των πτυχών της ζωής σας. Θα χρειαστεί να είστε αμερόληπτοι όταν κάνετε συμφωνίες ή συνεργασίες στο άμεσο μέλλον. Αν υπάρχει κάτι που ξέρετε ότι κάνετε λάθος, διορθώστε το σύντομα προτού ξεφύγει επικίνδυνα. </JUSTICE-ONE >
    <THE-HERMIT-ONE >Πάρτε το χρόνο και προσπαθήστε να οργανώσετε και να αναλύσετε τα πράγματα. Μπορεί να αισθάνεστε ανυπόμονοι με τα πράγματα που συμβαίνουν γύρω σας. Μην πάρετε βιαστικές αποφάσεις και θα ήταν καλύτερα αν παίρνατε καμία συμβουλή από κάποιον ανώτερο και αξιόπιστο πριν από τη λήψη μιας σημαντικής απόφασης στο εγγύς μέλλον. Κάντε ένα μικρό διάλειμμα από το πρόγραμμά σας και προσπαθήστε να βρείτε την ειρήνη και την αυτοπραγμάτωση. </THE-HERMIT-ONE >
    <WHEEL-OF-FORTUNE-ONE >Μπορείτε σύντομα να συναντήσετε μια από τις καλύτερες φάσεις της ζωής σας. Η τύχη θα σας ευνοήσει και θα πάρετε τους καρπούς των προσπαθειών σας. Θα συμβούν κάποιες αλλαγές και η ζωή σας θα κινηθεί προς την ωριμότητα. Είναι πιθανό ότι θα πάρετε όλα όσα περιμένατε. Τα προβλήματά σας θα τελειώσουν και θα έρθει άφθονη ευτυχία. Τα όνειρά σας πρόκειται να πραγματοποιηθούν. </WHEEL-OF-FORTUNE-ONE >
    <STRENGTH-ONE >Θα διαπιστώσετε ότι έχετε αποκτήσει τη δύναμη και τη δυνατότητα να αντιμετωπίσετε τις χειρότερες καταστάσεις, τόσο σωματικά όσο και ψυχικά. Αυτή η κάρτα δείχνει μια καλή στιγμή για να σταματήσετε κάποια κακή συνήθεια, που προσπαθείτε να κόψετε για μεγάλο χρονικό διάστημα. Θα έχετε επιτυχία σε πράγματα με τα οποία προηγουμένως είχατε προβλήματα, όπως στις σχέσεις σας, την καριέρα, την υγεία, κ.λπ. Με τη δύναμη της θέλησης και τη νοημοσύνη σας, μπορείτε να αντιμετωπίσετε τις δοκιμασίες και τις ταλαιπωρίες στη ζωή σας. </STRENGTH-ONE >
    <THE-HANGED-MAN-ONE >Ίσως χρειαστεί να θυσιάσετε κάτι ή να αφήσετε κάποιον για να κυνηγήσετε κάτι καλύτερο. Μπορεί να προκύψει κάτι στην υγεία, ή κάποια βλάβη ή ένταση. Αντιμετωπίστε τέτοιου είδους προβλήματα παραμένοντας ψύχραιμοι και επιμένοντας. Μία δυσμενής κατάσταση μπορεί να οδηγήσει σε μια πιο αδύναμη θέληση και σε συναισθηματική κατάρρευση. Συνίσταται να είστε διορατικοί και να αξιοποιήσετε αυτές τις στιγμές για να αποκτήσετε τη σαφήνεια των καταστάσεων. </THE-HANGED-MAN-ONE >
    <DEATH-ONE >Αυτή η κάρτα σηματοδοτεί μεγάλες μεταμορφώσεις και σημαντικές ή συγκλονιστικές αλλαγές στη ζωή. Όπως υποδηλώνει το όνομα, αυτό σημαίνει θάνατος, αλλά μόνο σε περιπτώσεις όπως η πολύ μεγάλη ηλικία ή η πολύ κακή υγεία. Μπορεί να αισθάνεστε λυπημένοι, να έχετε ένα κενό ή κατάθλιψη, αλλά αυτή η φάση θα σας βοηθήσει να συνειδητοποιήσετε ότι πρέπει να γίνουν κάποιες απαραίτητες αλλαγές ώστε να προχωρήσετε στη ζωή. Έχετε τη δύναμη να αποδεχθείτε αυτές τις αλλαγές, έτσι ώστε να μπορέσετε να ξεπεράσετε αυτή την κακή φάση. </DEATH-ONE >
    <TEMPERANCE-ONE >Μπορεί να μπερδευτείτε με τις επιλογές που σας προσφέρει η ζωή. Μπορεί να χρειαστεί να επιλέξετε ανάμεσα σε αντίθετα πράγματα και θα πρέπει να προσπαθήσετε να βρείτε έναν τρόπο να τα εξισορροπήσετε και τα δύο για την άνεση και την ηρεμία σας. Θα πρέπει να δώσετε χρόνο και να πειραματιστείτε λίγο για να βρείτε την καλύτερη λύση. Θα πρέπει να ζυγίσετε τις επιλογές σας σωστά για να συνδυάσετε τις αντικρουόμενες πλευρές και να διατηρήσετε την ειρήνη. Θα βρείτε τρόπους για να δημιουργήσετε αρμονία. </TEMPERANCE-ONE >
    <THE-DEVIL-ONE >Θα μπείτε στον πειρασμό με αισθήματα πόθου, απληστίας, φιλοδοξίας ή εθισμού. Θα επιθυμήσετε την δύναμη να ελέγχετε τα πράγματα και θα σας ελκύσουν οι ανέσεις της ζωής. Η έλλειψη αυτοέλεγχου μπορεί να οδηγήσει σε επικίνδυνες και περίπλοκες καταστάσεις. Ό,τι κι αν κάνετε, θα γίνεται στα άκρα το οποίο θα σας κάνει να αισθανθείτε ισχυροί, αλλά θα είναι και επικίνδυνο ταυτόχρονα. Πρέπει να είστε προσεκτικοί, καθώς αυτή η κάρτα σας δίνει μια προειδοποίηση για καταστροφικά βήματα που θα μπορούσατε να κάνετε. </THE-DEVIL-ONE >
    <THE-TOWER-ONE >Ο καιρός στο εγγύς μέλλον μπορεί να είναι ένας από τους πιο προβληματικούς που έχετε ζήσει. Μπορεί να αντιμετωπίσετε κάποιες δυσάρεστες και απότομες αλλαγές. Μπορεί να προκληθεί κάποια ταλαιπωρία για απρόβλεπτους λόγους και ίσως χρειαστεί να αντιμετωπίσετε μια μικρή απομόνωση ή μοναξιά. Αλλά αυτές οι αλλαγές μπορεί να σας αναγκάσουν να δείτε νέες κατευθύνσεις στη ζωή, το οποίο μπορεί να αποδειχθεί ευεργετικό σε μακροπρόθεσμη βάση. Δεν πρόκειται να είναι μια ευχάριστη βόλτα, αλλά θα είναι για το καλύτερο, δεδομένου ότι θα σας διδάξει πολλά πράγματα για το μέλλον. </THE-TOWER-ONE >
    <THE-STAR-ONE >Είστε πιο διατεθειμένοι πνευματικά τώρα και επιθυμείτε την ειρήνη και την αρμονία στη ζωή σας. Αυτός θα είναι ένας χρόνος για επούλωση και για να δημιουργήσετε νέες ελπίδες στο προσωπικό όσο και στο επαγγελματικό σας μέλλον. Είναι ένας καλός οιωνός για να ξεκινήσετε μια νέα σχέση ή να πάτε τη σχέση σας στο επόμενο επίπεδο. Οι γνώσεις σας σχετικά με διάφορα πράγματα θα μεγαλώσουν και αυτή θα είναι μια καλή στιγμή για να επιδοθείτε σε καλλιτεχνικές αναζητήσεις. </THE-STAR-ONE >
    <THE-MOON-ONE >Μπορεί να αισθανθείτε σαν να ταξιδεύετε στον κόσμο της φαντασίας και της δημιουργικότητας. Μπορείτε να συναντήσετε κάποια βαθιά και σκοτεινά κρυμμένα μυστικά και να κατευθυνθείτε σε μια πτώση στο συναισθηματικό κομμάτι. Θα πρέπει να αποφύγετε τα ναρκωτικά ή το αλκοόλ ή οποιαδήποτε κατάχρηση ουσιών που μπορεί να είναι επικίνδυνη για την υγεία σας. Μπορεί να αισθανθείτε παγιδευμένοι σε ένα τρελό και νομαδικό κόσμο και θα πρέπει να ακολουθήσετε τη διαίσθησή σας έντονα για να σας πάει από το καλύτερο μονοπάτι, κατά προτίμηση κάτι που έχει να κάνει με τη μουσική, τις τέχνες, το χορό, το θέατρο, κ.λπ. </THE-MOON-ONE >
    <THE-SUN-ONE >Θα αισθανθείτε πολύ ενεργητικοί, νεανικοί και θα κάνετε συνειδητά τις σωστές αποφάσεις για να αποκτήσετε επιτυχία. Η κάρτα Ήλιος έχει να κάνει με τη φρεσκάδα, τον ενθουσιασμό και δηλώνει ότι τα πάντα θα έρθουν στη θέση του ένα προς ένα. Μερικά καλά νέα μπορεί να είναι επίσης στο δρόμο. Οι διακοπές είναι επίσης πιθανές στο εγγύς μέλλον. Θα περάσετε περισσότερο χρόνο με την οικογένεια και τους φίλους σας σε ένα χαρούμενο κλίμα μέσα στις επόμενες μέρες. Η χαρά και η ειρήνη είναι στο δρόμο σας για τις ημέρες που θα ακολουθήσουν. </THE-SUN-ONE >
    <JUDGEMENT-ONE >Αυτή η κάρτα δείχνει τις ευκαιρίες που δεν πρέπει να αγνοηθούν. Αυτές είναι οι ευκαιρίες που περιμένατε. Είναι η στιγμή που θα ανταμειφθείτε για τις προσπάθειες που κάνατε στο παρελθόν. Οι νέες προοπτικές που έρχονται στο δρόμο σας θα αλλάξουν τη ζωή σας προς το καλύτερο. Δεδομένου ότι η κρίση πρέπει να είναι δίκαιη, ίσως χρειαστεί να αντιμετωπίσετε το βάρος των αμαρτιών που κάνατε στο παρελθόν. Συνολικά, θα υπάρξει ένα αίσιο τέλος σε ό,τι κάνετε τώρα. </JUDGEMENT-ONE >
    <THE-WORLD-ONE >Αυτή είναι η στιγμή που ο μεγάλος σας αγώνας έρχεται στο τέλος του και θα ανταμειφθείτε για αυτόν. Αυτή η κάρτα δείχνει τη χαλάρωση μετά από πολύ χρόνο προσπαθειών. Θα το βιώσετε αυτό, θα πάρετε επιτέλους τα πράγματα και τα αποτελέσματα που επιθυμούσατε εδώ και πολύ καιρό. Οι αγαπημένοι σας θα εκτιμήσουν τους καρπούς της σκληρής δουλειάς σας. Αυτή η περίοδος θα ξεκινήσει ισχυρά επιτεύγματα και θα υποδείξει νέα ξεκινήματα.</THE-WORLD-ONE >
</ROOT>
