<?xml version="1.0" encoding="utf-8" ?>
<ROOT>
<ACE-OF-CUPS-ONE >Ang baraha na ito ay nagpapahiwatig na ang lahat ay tumatakbo ng maayos ngayon patungkol sa iyong kalusugan. Presko at masigla ang iyong pisikal at mental at bihira kang magkakasakit. Ikaw ay susulong patungo sa ispiritwalidad kung saan mas magiging maayos ang iyong pakiramdam. </ACE-OF-CUPS-ONE >
<TWO-OF-CUPS-ONE >Ang baraha na ito ay nagpapakita ng ligalig tungkol sa iyong kalusugan habang patuloy ang iyong pagsisikap na panatilihin na maging maayos ang kalagayan ng iyong minamahal. Ito ay ay nagiging sanhi ng seryosong palaisipan at ilang paulit-ulit na pagbisita sa ospital. </TWO-OF-CUPS-ONE >
<THREE-OF-CUPS-ONE >Ang baraha na ito ay nagpapahiwatig na nais mong magkaroon ng oras para alagaan ang iyong sarili ng higit pa sa kinakailangan. Ito ay nagiging sanhi ng ilang malubhang alalahanin sa kalusugan na kailangan pagtuunan ng pansin sa lalong madaling panahon. Kung di ka kikilos maaaring ikaw ay ma-ospital o ma-rehab. </THREE-OF-CUPS-ONE >
<FOUR-OF-CUPS-ONE- >Ikaw ay masyadong stressed at ito ay maaaring maging sanhi ng paghina ng iyong katawan. Kailangan mong magpahinga sa dami ng iyong responsibilidad. Pansamantala kang nakakaramdam ng pagkabigo sa iyong desisyon subalit tulong ito upang magkaroon ka ng isang bagong paninindigan sa buhay </FOUR-OF-CUPS-ONE- >
<FIVE-OF-CUPS-ONE >Ang baraha na ito ay nagpapakita na ang sobrang paglalakbay o trabaho ay magiging sanhi ng labis na pagod sa pakiramdam. Ito ay nakakaapekto sa iyong kalusugan higit sa inaasahan mo at nagdudulot ng problema. Dapat mong pagtuunan ng pansin ang mga sakit na may kaugnayan sa tiyan at gawin itong prayoridad. </FIVE-OF-CUPS-ONE >
<SIX-OF-CUPS-ONE >Ang baraha na ito ay nagpapahiwatig na hindi maganda ang iyong pakiramdam at ang iyong pagkabalisa ay nakakaapekto sa iyong katawan pisikal at mental. Ngunit panatilihin mong buo ang iyong sarili para matapos ang iyong mga gawain bago ka magpahinga na lubos na makakatulong sa iyong katawan upang manumbalik ang iyong lakas. </SIX-OF-CUPS-ONE >
<SEVEN-OF-CUPS-ONE >Ang baraha na ito ay nagpapakita na ang iyong katawan ay may mga sintomas ng sakit na nangangailangan ng pahinga. Ilan sakit na kakapiti sa iyong katawan na sa kalaunan ay dapat mong asikasuhin. Maaaring may ilang mga isyu na may kaugnayan sa iyong paa o mata na maaari mo muna isang tabi hanggang sa ganap kang makarekober. </SEVEN-OF-CUPS-ONE >
<EIGHT-OF-CUPS-ONE >Ang baraha na ito ay nagpapahiwatig na magkakaroon ka ng munting pagsubok na may kinalaman sa iyong mata o buhok at kakailanganin mong sumunod sa isang medikasyon. Ito ay magiging sagabal sa iyong pang araw-araw na gawain at maari magdulot ng kabiguan sa iyo ngunit walang dapat ipag-alala dahil ang iyong pag-galing ay magsisimula na sa lalong madaling panahon. Ang iyong mga mahal sa buhay ang mag-aalaga sayo hanggang sa ikaw ay gumaling. </EIGHT-OF-CUPS-ONE >
<NINE-OF-CUPS-ONE >Ang baraha na ito ay nagpapakita na ikaw ngayon ay humaharap o nalalapit na humarap sa pag-iisa o depresyon dahil sa mga tagumpay at kabiguan sa iyong buhay. Ikaw ay mapupunta sa isang posisyon na madali kang maapektuhan at makaramdam na walang nakakaintindi sa iyo. Ang kaguluhan sa iyong isip ay nagdudulot ng nerbiyos at pag-inom ng ilang tabletas. </NINE-OF-CUPS-ONE >
<TEN-OF-CUPS-ONE >Ang baraha na ito ay nagpapahiwatig na ang iyong abala at biglaang iskedyul ay nagdudulot sa iyo ng di balanse na pagkain at ito ay nagiging sanhi ng sakit sa tiyan. Ang biglaang iskedyul ay maaaring pinanggalingan ng ilan problema sa tiyan. Gawin mo ang mga nararapat na hakbang at madali kang makakarekober. </TEN-OF-CUPS-ONE >
<PAGE-OF-CUPS-ONE >Ang baraha na ito ay nagpapakita na sa uri ng iyong kalagayan na kinakaharap sa ngayon, ikaw ay magiging sensitibo at madaling naimpluwensyahan. Ang estado ng iyong pag-iisip ay nakakasama para sa iyong kalusugan pisikal o mental. Mag-ingat dahil ikaw ay lapitin ng aksidente. </PAGE-OF-CUPS-ONE >
<KNIGHT-OF-CUPS-ONE >Ang baraha na ito ay nagpapahiwatig na ang lahat ng bagay na may kaugnayan sa iyong kalusugan ay magiging mas maayos ngayon. Kung ikaw ay nahihirapan sa ilang uri ng sakit at bumisita sa doktor mapapansin mo na ang iyong kalagayan ay magiging mas mabuti kaysa dati sa kabila ng isang masamang balita na maaaring sabihin sa iyo. Magtiwala sa iyong sarili at ingatan mong mabuti ang iyong katawan. </KNIGHT-OF-CUPS-ONE >
<QUEEN-OF-CUPS-ONE >Ang baraha na ito ay nagpapakita na ikaw ngayon ay nagsisimula ng manghina sanhi ng iba't ibang personal at propesyonal na alalahanin at maaari mo ring mahanap ang iyong sarili na walang magawa sa mga nangyayari. Maaaring may mga ilan sintomas ng kawalan pag-asa na kung saan ikaw ay kumunsulta sa doktor at sa ilang mga kamag-anak ngunit ang mga bagay ay patuloy na bubuti. </QUEEN-OF-CUPS-ONE >
<KING-OF-CUPS-ONE >Ang baraha na ito ay nagpapahiwatig na maaaring may ilang mga nakakainis na sitwasyon na kung saan ay nakakaramdam ka ng lubos na pagkabigo at napipilitan kang mag-isip na ikaw ay hindi sapat para sa mundo o may kakulangan sa katangian. Huwag hayaan ang sitwasyong ito na humantong sa isang adiksyon. </KING-OF-CUPS-ONE >
<ACE-OF-PENTACLES-ONE >Ang baraha na ito ay nagpapahiwatig na ikaw ay handa na gumawa ng ilan mga makapagpapalusog na mga pagbabago sa iyong buhay ngayon. Kung ikaw ay dumadanas ng paghihirap mula sa ilang uri ng sakit ito ay isang magandang pagkakataon para sa isang mabilis na pagbawi at madali mong makikita ang iyong sarili sa isang mas mahusay na kondisyon. At sa wakas ay makarekober ng husto. </ACE-OF-PENTACLES-ONE >
<TWO-OF-PENTACLES-ONE >Ikaw ay makakaramdam ng pagod at pagkaubos dahil sa pagtatrabaho mo kahit na dis oras ng gabi at sa pagtupad ng iba't-ibang mga responsibilidad. Ang mga pangyayari ay maaaring makasama sa iyong katawan at kailangan mong pagsikapan na magkaroon ng balanse ng hindi maging biktima ng sitwasyon. </TWO-OF-PENTACLES-ONE >
<THREE-OF-PENTACLES-ONE >Ang baraha na ito ay nagpapahiwatig ng isang emosyonal na pagkasira o isang biglang paghaharap na hahantong sa di magandang impluwensya. Ito ay labis na nakakaapekto sa iyong kalusugan kung kaya kailangan mong maging maingat. Ang pahinga ay kailangang maghintay dahil maraming bagay ang naka linya para sa iyo. </THREE-OF-PENTACLES-ONE >
<FOUR-OF-PENTACLES-ONE >Ang baraha na ito ay nagpapakita na ikaw ay haharap sa dati mo ng problemang medikal at maaaring tumagal ng ilang pagbalik sa klinika. Ikaw kasama ng iyong mga mahal sa buhay ay humingi ng tulong at payo. Maaaring di alinsunod sa iyong plano ngunit kailangan mong maging malakas ngayon. </FOUR-OF-PENTACLES-ONE >
<FIVE-OF-PENTACLES-ONE >Ang baraha na ito ay nagpapahiwatig na ikaw ay nagpapabaya sa iyong kalusugan at ito ang dahilan kung bakit ang iyong sakit ay maaaring lumala ng kaunti bagaman hindi ganon kalubha. Dahil dito kailangan mo magpatingin ng mga ilang beses. </FIVE-OF-PENTACLES-ONE >
<SIX-OF-PENTACLES-ONE >Ang baraha na ito ay nagpapakita na dapat kang maging sobrang ingat sa iyong kapaligiran ngayon. Ikaw ay lapitin ng disgrasya kaya kailangan mo magbantay at magingat sa lahat ng nakapaligid sa iyo. Ito ay isang kritikal na oras at kung hindi ka magingat maaari itong humantong sa isang hindi kanais-nais na katapusan. </SIX-OF-PENTACLES-ONE >
<SEVEN-OF-PENTACLES-ONE >Ang baraha na ito ay nagpapahiwatig na ikaw ay nahaharap sa nakakagambalang panahon at susubukan mo na iwasan ang anumang bagay na may kinalaman sa sobrang paglahok o pisikal na gawain. Hindi mo nais na gumawa ng anumang bagay na hinihiling ang iyong oras at konsentrasyon at ito ay maglalayo sa iyo sa trabaho nang hindi sinasadya. </SEVEN-OF-PENTACLES-ONE >
<EIGHT-OF-PENTACLES-ONE >Ang baraha na ito ay nagpapakita na oras na upang ilabas mo ang lahat ng iyong mga pampahid dahil maaaring masugatan ang iyong balat. Maraming paglalakbay dahil sa trabaho ang iyong gagawin na magkakaroon ng epekto sa dyeta mo na maaaring humantong sa problemang may kinalaman sa tiyan </EIGHT-OF-PENTACLES-ONE >
<NINE-OF-PENTACLES-ONE >Ang baraha na ito ay nagpapahiwatig na ikaw o ang isang taong malapit sa iyo ay nagpapagaling mula sa isang karamdaman o aksidente na nangyari na. Mayroon din posibilidad na ang isang taong lubos mong kakilala ay haharap sa isang pangunahing isyu sa kalusugan. Tutulungan mo ang iyong kamag-anak ngunit nais mong makalabas upang maranasan ang isang bagay upang ikaw ay makawala. </NINE-OF-PENTACLES-ONE >
<TEN-OF-PENTACLES-ONE >Ang baraha na ito ay nagpapakita na maaaring naranasan mo ang ilan problemang personal nasa iyo ay gagambala ng kaunti. May isang taong malapit sa pamilya na kailangan ng medikal na atensyon at gabayan mo sila tungo sa isang bagong pamamaraan sa buhay. </TEN-OF-PENTACLES-ONE >
<PAGE-OF-PENTACLES-ONE >Ang baraha na ito ay nagpapahiwatig na ikaw ay nakakaramdam ng pagkabalisa at lubos na hindi mapakali. Maaari kang magkaroon ng mga problema na may kaugnayan sa iyong katawan. Maaaring may ilan uri ng kamalian na nagambala sa iyo ng husto na nais mong alisin.May mga medikasyon na kailangan para sa sakit ng katawan at gusto mo rin uminom ng pampatulog dahil sa iyong insomya. </PAGE-OF-PENTACLES-ONE >
<KNIGHT-OF-PENTACLES-ONE >Ang pagtulong sa iba ay mabuti kung ang tinutulungan ay di mapagsamantala at dapat mo itong mapagtanto. Ikaw ay makakaramdam ng pagkabalisa at naguguluhan dahil dito pero makakaya mong humakbang ng walang takot. Panatilihin mong aktibo ang iyong sarili sa halip na walang ginagawa dahil mapipigilan nito ang pag-iisip sa mga bagay na ayaw mo. </KNIGHT-OF-PENTACLES-ONE >
<QUEEN-OF-PENTACLES-ONE >Ang baraha na ito ay nagpapahiwatig na pinakamahusay na kunin ang tulong na galing sa kalikasan at gamitin ang natural na paraan ng pagpapagaling at paglilinis. Kung ikaw o isa sa iyong mga mahal sa buhay ay nagpapagaling mula sa isang sakit ito ay isang magandang panahon para sa isang mabilis na pag-rekober. </QUEEN-OF-PENTACLES-ONE >
<KING-OF-PENTACLES-ONE >Ang baraha na ito ay nagpapakita na patuloy ang pagbuti ng iyong kalusugan sa pisikal at mental. Kung ikaw ay nagpapagaling mula sa isang pinsala o sakit kakikitaan ka ng malaking pagbabago.Kahit na may problema na may kaugnayan sa ilang mga medikal na papeles ito ay matatapos sa lalong madaling panahon. </KING-OF-PENTACLES-ONE >
<ACE-OF-SWORDS-ONE >Ang baraha na ito ay nagpapahiwatig na ikaw ay malungkot at nalulumbay at naghahanap ng tulong medikal. Ang iyong pamilya ang tutulong sa iyo at malaki ang tsansa na tahakin mo ang isang bagong direksyon upang mahanap ang lunas sa iyong sakit at ito ay patunay na kapaki-pakinabang </ACE-OF-SWORDS-ONE >
<TWO-OF-SWORDS-ONE >Ang baraha na ito ay nagpapakita na ang iyong kalusugan ay nasa yugto ng pagbabago at tila hindi ka mapakali. Maaaring may mga di mahalaga na problema na may kaugnayan sa kalusugan pero dapat mong alagaan ang iyong sarili lalo na kung hindi maganda ang iyong pakiramdam o may mga pagkakataon na may impeksyon o banayad na lagnat at sipon. </TWO-OF-SWORDS-ONE >
<THREE-OF-SWORDS-ONE >Ang baraha na ito ay nagpapahiwatig na ikaw ay nakakaramdam ng lubos na kapaguran at pananabik nang labis para magpahinga ng ilan oras na walang trabaho. Maaring may mga insidente na dumagdag sa tensyon mo at pinaigting ang iyong pisikal na kapaguran pero kailangan mong sang-ayunan ito para sa ikabubuti ng iyong sarili. Ang iyong masamang kalusugan ay nagdudulot ng pag-aalala sa iyong miyembro ng pamilya at sila ay kukunsulta sa isang doktor. </THREE-OF-SWORDS-ONE >
<FOUR-OF-SWORDS-ONE >Ang baraha na ito ay nagpapakita na ang oras ng pagbawi ay napapanahon na at ang iyong kaisipan at emosyonal na alalahanin sa wakas ay napahinga o mababawasan ng malaki sa lalong madaling panahon. Ang iyong pisikal na kalusugan ay bahagyang napinsala at nangangailangan ka na sumailalim sa ilan mga pagsusuri o isang medikal na paggamot. Makatutulong ng malaki ang doktor sa kasong ito. </FOUR-OF-SWORDS-ONE >
<FIVE-OF-SWORDS-ONE >Ang baraha na ito ay nagpapahiwatig na ikaw ay nahaharap sa pagod at pagkabigo dahil sa ilan mga sakit na di maalis. Ang ilan punta sa ospital ay kailangan mong gawin na dumagdag sa iyong pagkadismaya at ikaw ay nakaramdam na wala kang magawa kundi ang subukan na maging malakas. </FIVE-OF-SWORDS-ONE >
<SIX-OF-SWORDS-ONE >Ang baraha na ito ay nagpapakita na maaaring ito ang magiging pinakamasamang oras tungkol sa iyong kalusugan. Magkakaroon ka ng malubhang pinsala sa katawan o isang sakit na magiging abala para sa iyo. Maaring nasalubong mo ang isang aksidente na mapaminsala sa iyong sarili lalo na sa iyong mga binti o tuhod. Mayroon din pagkakataon na ikaw ay pansamantalang ma-ospital ngunit ang mga bagay ay bubuti rin sa huli. </SIX-OF-SWORDS-ONE >
<SEVEN-OF-SWORDS-ONE >Ang baraha na ito ay nagpapahiwatig na ang sobrang pag-iisip ang nagpapasuko sa iyo at nagiging sanhi ng tensyon sa iyong mental at pisikal. Masyado kang abala sa paghawak ng iba't-ibang mga bagay at ito ay maaaring magkaroon ng salungat na epekto sayo lalo na sa iyong isip at katawan. Kailangan mong magkaroon ng oras upang muling manumbalik ang iyong sarili at katawan. </SEVEN-OF-SWORDS-ONE >
<EIGHT-OF-SWORDS-ONE >Ang baraha na ito ay nagpapakita na may ilan aksidente ang maaring mangyari kung ikaw ay hindi mag iingat. Kailangan na doble ingat ngayon dahil ayon sa baraha posibleng harapin mo ang isang sakuna dahil sa ilan mapanganib na gawain sa bahay. Kailangan mo rin magingat habang ikaw ay nagmamaneho o tumatawid sa kalsada. Ang bahaging ito ay lilipas din sa lalong madaling panahon. </EIGHT-OF-SWORDS-ONE >
<NINE-OF-SWORDS-ONE >Ang baraha na ito ay nagpapahiwatig na ikaw ay haharap sa ilan di-kaaya ayang sitwasyon sa iyong personal o propesyonal na buhay na kung saan ay hahantong sa depresyon. Ang pagiging abnormal ng iyong diyeta ay maaaring humantong sa ilan sakit sa tiyan ngunit ang isa sa iyong mga mahal sa buhay ay makatutulong upang makaraos ka sa sitwasyong ito. </NINE-OF-SWORDS-ONE >
<TEN-OF-SWORDS-ONE >Ang baraha na ito ay nagpapakita na ikaw na ang bahalang magpasya ukol sa iyong kalusugan kalilimutan mo ang iyong nakaraan at yayakapin ang hinaharap. Ika’y nagtatakda ng tiyak na layunin alang-alang sa iyong kalusugan at mga pagbabago sa iyong pamumuhay sa tulong ng resolusyon na ito. </TEN-OF-SWORDS-ONE >
<PAGE-OF-SWORDS-ONE >Ang baraha na ito ay nagpapahiwatig na magkakaroon ng ilan mga mental na alalahanin lalo na kung may kaugnayan sa trabaho ngunit kakailanganin mong harapin ang mga ito ng may tiyaga. May mga pagkakataon na ang iyong likod ay sasakit at mabuting bumisita sa dentista. Gayunpaman mataas ang iyong enerhiya at naglaan ka ng oras kasama ang iyong mga mahal sa buhay. </PAGE-OF-SWORDS-ONE >
<KNIGHT-OF-SWORDS-ONE >Ang baraha na ito ay nagpapakita na magkakaroon ka ng halo-halong kondisyon alang-alang sa iyong kalusugan. Ikaw ay mapupunta sa isang mas magandang posisyon sa pag-iisip at makakabawi mula sa ilan mga alalahanin at iba pang mga katulad na problema. Kakailanganin ka ng iyong pamilya ngayon dahil ilan masamang balita ay malamang na dumating tungkol sa isang kamag-anak o isang kaibigan ng pamilya. </KNIGHT-OF-SWORDS-ONE >
<QUEEN-OF-SWORDS-ONE >Ang baraha na ito ay nagpapahiwatig na kailangan mong pagsabayin ang iyong personal at propesyonal na prayoridad at susubukan mo sa abot ng iyong makakaya na tumupad sa lahat ng iyong mga pangako. Ang resulta ay maaari kang makaramdam ng kapaguran ngunit kakayanin mong lahat ang iyong mga responsibilidad. </QUEEN-OF-SWORDS-ONE >
<KING-OF-SWORDS-ONE >Ang baraha na ito ay nagpapakita na babagsak ang iyong kalusugan ngayon. Sa iyong pagkabigo at napagod na pisikal kakailanganin mong uminom ng gamot para sa ilan isyu sa kalusugan. May pagkakataon na ang isa sa iyong mga mahal sa buhay ay maaaring ma-hospital. </KING-OF-SWORDS-ONE >
<ACE-OF-WANDS-ONE >Ang baraha na ito ay nagpapahiwatig na dapat kang magbigay ng kaukulang pansin sa iyong kalusugan ngayon at sa kaso ng anumang karamdaman na pisikal o mental, ikaw ay hahanap ng ibang uri ng paggamot. May isang taong nagmungkahi ng natural na paraan ng paggamot sa ilan mga karamdaman at ikaw ay umaayon sa paraan na ito. </ACE-OF-WANDS-ONE >
<TWO-OF-WANDS-ONE >Ang baraha na ito ay nagpapakita na ikaw ay lubusang nagpapabaya sa iyong sarili at kitang-kita ito sa iyong katawan. Dapat kang gumamit ng artipisyal na mineral upang matulungan ang iyong katawan at isip. Ang di balanse na pagkain ay patunay na ito'y magiging mapanganib sa hinaharap at isang malusog na pamumuhay ang mahigpit na payo. </TWO-OF-WANDS-ONE >
<THREE-OF-WANDS-ONE >Ang baraha na ito ay nagpapahiwatig na higit kang nag-aalala tungkol sa kalusugan ng isang minamahal. Sa proseso, ikaw ay nababalisa at kakailanganin mo ang sapat na pahinga. Huwag pahirapan ang iyong sarili dahil ito ay maaaring maging mapanganib. Kailangan mo rin bumisita sa dentista sa lalong madaling panahon. </THREE-OF-WANDS-ONE >
<FOUR-OF-WANDS-ONE >Ang baraha na ito ay nagpapakita na ikaw ay nahaharap sa di kumportable na personal na buhay at ito ang nagdudulot ng pagkabalisa. Maaaring may ilan mga problema na magsisimula na lumitaw para sa iyong kapakanan at nakakaramdam ka ng pag-aalala at pananakit ng katawan nang hindi inaasahan. </FOUR-OF-WANDS-ONE >
<FIVE-OF-WANDS-ONE >Ang baraha na ito ay nagpapahiwatig na sa wakas ikaw ay lubos ng magaling mula sa iyong karamdaman at kasalukuyang tinatamasa ang maganda at malusog na estado ng isip at katawan. Sa malamang ikaw ay nasa bakasyon kasama ang iyong kapareha at ito ay magiging isang maligayang bakasyon. </FIVE-OF-WANDS-ONE >
<SIX-OF-WANDS-ONE >Ang baraha na ito ay nagpapakita na sa wakas ay napagtanto mo na ito na ang panahon upang mamahinga mula sa trabaho at maglaan ng ilan oras para sa iyong sarili. Ang pahinga na ito ay magiging kapaki-pakinabang dahil ikaw ay dadalo sa isang sosyal na pagtitipon at susubukan mo na gawin ang mga bagay na gusto mo. </SIX-OF-WANDS-ONE >
<SEVEN-OF-WANDS-ONE >Ang baraha na ito ay nagpapahiwatig na ikaw ngayon ay kasali sa napakaraming gawain higit pa sa maaari mong asikasuhin ng sabay-sabay at ito ay mag-iiwan sa iyo ng pakiramdam na lubos kang nababalisa at naguguluhan. Subalit di mo napagtanto ito sa ngayon at sa huli mararamdaman mo ang pagkabalisa. Huwag pabayaan ang iyong kalusugan sa puntong ito at maging mapanuri sa mga kinakain lalo na kung ikaw ay nasa labas. </SEVEN-OF-WANDS-ONE >
<EIGHT-OF-WANDS-ONE >Ang baraha na ito ay nagpapakita na magaan at malusog ang iyong pakiramdam at ito ay nagmumula sa iyong kalooban at labis ang iyong paglapit patungo sa iyong kapareha. Ito ay hahantong sa isang romantikong pagliliwaliw at ilan senswal na aktibidad kung saan parehong magiging abala sa isa't isa. </EIGHT-OF-WANDS-ONE >
<NINE-OF-WANDS-ONE >Ang baraha na ito ay nagpapahiwatig na ang iyong pisikal na kalagayan ay dumadaan sa isang masamang yugto at sa pakiramdam mo ika'y napapabayaan habang may sakit. Ito ay maaaring maging sanhi ng ilan pagtungo sa klinika at haharapin mo ang ilan legal na gawain na nakakapagod. </NINE-OF-WANDS-ONE >
<TEN-OF-WANDS-ONE >Ang baraha na ito ay nagpapakita na ang iyong trabaho o ilan mga personal na isyu ay magkakaroon ng malaking epekto sa iyo at ang pagsubok na matupad ang napakaraming mga responsibilidad ay nagdudulot sa iyo ng pisikal na pagkaubos. Mawawalan ka ng oras sa pamamahinga dahil sa dami ng iyong ginagawa na maaaring maging ng iyong pagkakasakit. kailangan mong bagalan ang mga bagay sa makatwirang bilis. </TEN-OF-WANDS-ONE >
<PAGE-OF-WANDS-ONE >Kailangan mong uminom ng ilan mga gamot na maaaring para sa isang pangunahing sakit o di gaanong seryoso na sakit. Ang baraha na ito ay nagpapahiwatig na ikaw ay magagalitin dahil sa mga bagay na nangyayari sa paligid mo at ito ay maaaring tungkol sa trabaho o personal na problema. Kailangan mo ng ibayong tiyaga ngayon at maging praktikal sa iyong diskarte. </PAGE-OF-WANDS-ONE >
<KNIGHT-OF-WANDS-ONE >Ang baraha na ito ay nagpapakita na ang iyong katawan ay dadaan sa ilan mahigpit na gawain dahil ikaw ay nakatali sa pagitan ng maraming bagay at ikaw ay nakakaramdam ng sukdulan pagod. Ito ay may kinalaman sa iyong mental na kondisyon </KNIGHT-OF-WANDS-ONE >
<QUEEN-OF-WANDS-ONE >Ang baraha na ito ay nagpapakita na ikaw ay may mataas sa enerhiya ngayon at inspirado na gawin ang mga makabuluhang pagbabago sa iyong pamumuhay para sa iyong kalusugan. Ikaw ay handa ng baguhin ang ilan bagay sa iyong buhay upang magkaroon ng balanse na uri ng pamumuhay. </QUEEN-OF-WANDS-ONE >
<KING-OF-WANDS-ONE >Ang baraha na ito ay nagpapahiwatig na ikaw ay handang gawin agad ang ilan mga pagbabago sa iyong mga nakagawian tungkol sa iyong kalusugan at kaangkupan at kalooban din na kumonsulta sa isang espesyalista sa nutrisyon. Maaaring may ilan mga emosyonal na problema tulad ng pangamba at pagkabalisa o maari kang magdusa ng ilan uri ng kirot. </KING-OF-WANDS-ONE >
<THE-MAGICIAN-ONE >Ang baraha na ito ay nagpapahiwatig na haharapin mo ang ilan nakababahalang oras ngayon. Ang ilan isyu sa trabaho at bahay na magkaugnay ay magkakaroon ng malaking epekto sa iyo at maaring di ka makahanap ng solusyon sa problema sa kalusugan dahil sa ilan komplikasyon at di tiyak na resulta. Kailangan mong bisitahin ang ilan mga doktor bago magpasya para sa tamang konklusyon. </THE-MAGICIAN-ONE >
<THE-HIGH-PRIESTESS-ONE >Ang baraha na ito ay nagpapakita na ikaw ay may kaunting bigat na pinagdaanan sa nakalipas at ito ay maaaring nakaapekto sa iyong mental o pisikal na katatagan. Pero ngayon ang panahon na magiging mas maayos at sa wakas ay makikita ang ilan kaluwagan at magsisimula ang mas mabuti mong pakiramdam sa lalong madaling panahon. </THE-HIGH-PRIESTESS-ONE >
<THE-EMPRESS-ONE >Ang baraha na ito ay nagpapahiwatig na maaari kang magkaroon ng ilan problema na tumutukoy sa iyong katawan lalo na sa leeg. Kailangan mong makipag-ugnay sa espirituwal na bahagi ng iyong katawan at sumali sa pisikal na paggamot o yoga upang manumbalik ang sigla. </THE-EMPRESS-ONE >
<THE-EMPEROR-ONE >Ang baraha na ito ay nagpapahiwatig na maaaring may ilan mga seryosong problema na may kaugnayan sa iyong kalusugan. Masusing pag-iingat at pangangalaga ay kinakailangan upang mawala ang sakit na iyong nadarama. Ikaw ay makikinabang ng lakas at magagawa mo na labanan ang sakit gayunman mungkahi na hindi mo ipakita ang anumang kapabayaan sa katawan. </THE-EMPEROR-ONE >
<THE-HIEROPHANT-ONE >Ang baraha na ito ay nagpapahiwatig na kailangan mong bigyan ng pansin ang iyong kalusugan higit sa kung ano ang iyong ginagawa sa ngayon. May posibilidad na magkaroon ka ng problema sa pagbaba o pagtaas presyon ng dugo at malubhang ubo at sipon. Ang regular na checkup ay isang paraan sa pagpapabuti ng iyong kondisyon. </THE-HIEROPHANT-ONE >
<THE-LOVERS-ONE >Ang baraha na ito ay nagpapakita na ang iyong katawan ay nasa isang malusog na hugis ngayon at may galak sa pakiramdam dahil dito. Mas magiging masigla ang iyong pisikal ngayon at mukhang mas aktibo. Seryoso mo na bibigyan ng pansin ang pangangailangan ng iyong katawan at susubukan mo na magkaroon na balanse sa pagitan ng iyong katawan at isip. </THE-LOVERS-ONE >
<THE-CHARIOT-ONE >Ang baraha na ito ay nagpapahiwatig na ikaw ay lubos na abala sa iyong trabaho at iba pang mga gawain at hindi mo inaalagaan ang mga pangangailangan ng iyong katawan. Kung magpapatuloy ka sa ganitong gawain maari kang magkasakit dahil sa iyong pasan o may pakiramdam na labis na di mapakali. Ito ay isang magandang panahon upang bisitahin ang doktor para sa isang tsekap at pumunta sa isang tahimik na lugar sa darating na linggo. </THE-CHARIOT-ONE >
<STRENGTH-ONE >Ang baraha na ito ay nagpapakita na ikaw ay nasa kulay-rosas ng iyong kalusugan ngayon. Ang baraha ng lakas ay nagpapahayag ng pagkagalak sa iyong pisikal at mental at kahit na may ilang di mahalaga na isyu na may kaugnayan sa iyong katawan madali mong pagtagumpayan ang mga ito. Ang iyong lakas ng loob at sigasig ay hinihikayat at pinahahalagahan ng mga tao sa paligid mo. </STRENGTH-ONE >
<THE-HERMIT-ONE >Ang baraha na ito ay nagpapahiwatig na may pakiramdam ka na ikaw ay napabayaan at mababa ito ay maaari makaapekto sa iyong pag-iisip. May posibilidad ng karamdaman na magreresulta sa ilan mga pagbisita sa doktor. Ngunit ito ay hindi magtatagal at sa lalong madaling panahon ang mga bagay ay magiging mas mabuti. </THE-HERMIT-ONE >
<WHEEL-OF-FORTUNE-ONE >Ang baraha na ito ay nagpapakita na hindi matatag ang iyong pakiramdam at dahil ito sa trabaho at mental pressures, ramdam mo ang labis na trabaho at stress. May ilan negatibong pananaw na iyong maaalala pero ito ay isang bahagi lamang at lilipas sa lalong madaling panahon. </WHEEL-OF-FORTUNE-ONE >
<JUSTICE-ONE >Ang baraha na ito ay nagpapakita na may pagkakataon ng pagbisita sa doktor para sa isang normal na tsekap at matuklasan ang isang malubhang problema. Ito ay maaaring maging isang sorpresa ngunit ang doktor ay isang dalubhasa na makakatulong sa iyo upang alisin ang bagong problema sa kalusugan. </JUSTICE-ONE >
<THE-HANGED-MAN-ONE >Ang baraha na ito ay nagpapahiwatig na ikaw ay may pakiramdam na hindi mapakali at pagkabalisa tungkol sa isang bagay. Oras na para bigyan pansin ang iyong isip at katawan na kailangan ng pahinga bago ito magsimula magpakita ng mga palatandaan ng sakit at makatutulong kung lalayo ka mula sa naturang sitwasyon o tao na nanghihikayat sa iyong pangamba. </THE-HANGED-MAN-ONE >
<DEATH-ONE >Ang baraha na ito ay nagpapakita na may isang bagay sa paligid mo ang hindi ka nasisiyahan.Ito ay ang oras kapag pinag-uusapan ang tungkol sa ilan mga malubhang sakit. Kailangan mo pilitin ang iyong sarili na maging positibo dahil ito lamang ang makakatulong para pagtagumpayan ang mga masamang pangyayari sa iyong paligid. Tatanggapin mo ang maraming pag-ibig at pag-aalaga mula sa iyong pamilya ngayon. </DEATH-ONE >
<TEMPERANCE-ONE >Ang baraha na ito ay nagpapahiwatig na ikaw ay hindi magkaroon ng oras upang bisitahin ang doktor dahil sa iyong abalang iskedyul at ito ay maaaring maging sanhi ng paglala ng problema sa hinaharap. Kailangan mong bigyan pansin ang iyong kalusugan at unahin sa pamamagitan ng pagpunta sa doktor ng nasa oras para ikaw ay malunasan. </TEMPERANCE-ONE >
<THE-DEVIL-ONE >Ang baraha na ito ay nagpapakita ng pagod at palaging pag-aalala na nagdudulot ng antok at pagod. Hindi mo naiisip sa umpisa ngunit sa kalaunan mapapansin mo na ikaw ay nagtatrabaho ng labis at ito ang sanhi ng iyong pag-iwas sa ibang bagay at patuloy kang nakakaramdam ng stress na maaaring nagtulak sa iyo na uminom ng ilan tabletas. </THE-DEVIL-ONE >
<THE-TOWER-ONE >Ang card na ito ay nagpapahiwatig na ikaw ay dadaan sa malas na insidente na maaaring maging sanhi ng ilan mga pagbisita sa ospital. Magkakaroon ng ilan nakakabahala na pangyayari dahil sa kaguluhan na ito, ngunit ikaw ay mananatili na buhay. Maaaring mayroon din isang miyembro ng pamilya na tutulong sa panahon ng iyong kagipitan. </THE-TOWER-ONE >
<THE-STAR-ONE >Ang baraha na ito ay nagpapakita na isang bagay ang pumukaw ng isang bagong pananaw sa iyong isip at sa tulong ng isang kaibigan; ikaw ay bubuo ng isang plano para sa kabutihan mo. Ang prosesong ito ay nakakapagod at maaari na kailangan mong dumaan sa medical na tsekap at mga pagsusuri pero ikaw ay nasisiyahan na ginawa mo ang pasya na ito. </THE-STAR-ONE >
<THE-MOON-ONE >Ang baraha na ito ay nagpapahiwatig na ikaw ay nakaharap sa ilan mga pangkalahatan problema sa kalusugan na di pa nakikita o bahagyang nakikita na. Ang mga problemang ito ay mukhang maliit lamang ngunit kailangan mo itong bigyan pansin dahil maaaring ito ay lumaki kung ikaw ay pabaya ngayon. May haharapin na ilan mga sakit ng tuhod at problema sa likod. </THE-MOON-ONE >
<THE-SUN-ONE >Ang baraha na ito ay nagpapakita na ikaw ay may pakiramdam na ikaw ay walang gana ngayon. Susuriin mo ang iyong sarili upang malaman mo ang kung ano ang mali sa tama. Walang pisikal na karamdaman ang ipinahihiwatig. Nagbabasa ka ng tungkol sa mga isyu sa kalusugan at para sa kabutihan ngayon ng isa sa iyong mga mahal sa buhay. </THE-SUN-ONE >
<JUDGEMENT-ONE >Ang baraha na ito ay nagpapahiwatig na kailangan mo na harapin na di matatag ang iyong pisikal na pangangatawan dahil sa stress at di-wastong pagkain. Magkakaroon ka ng mga alalahanin tungkol sa kalusugan ng isang mahal sa buhay. Ilan pagbisita sa ospital o pakiki pagpulong sa mga doktor ang kukuha sa lahat ng iyong oras. </JUDGEMENT-ONE >
<THE-WORLD-ONE >Ang baraha na ito ay nagpapakita na maaaring may paghihirap mula sa sakit o pinsala at ikaw ay makakarekober. Makikita mo na dahan-dahan ikaw ay nagkakaroon ng progreso kahit na may mga pagkakataon na ang ilan mga maling payo ay maaaring humantong sa ilan mga problema. Mas makabubuti kung kukuha ka ng karagdagang kaalaman tungkol sa iyong mga isyu sa kalusugan at gawin ang mga tamang hakbang. </THE-WORLD-ONE >
<THE-FOOL-ONE >Ang baraha na ito ay nagpapahiwatig na ikaw ay nag-aalala tungkol sa iyong kalusugan at pupunta ka para sa isang regular na tsekap ngayon. Ang iyong ngipin ay nangangailangan na din ng pansin kailangan mong bumisita sa isang dentista. Ikaw ay kukuha ng mga bagong paraan ng paggamot galing sa isang kaibigan at ikaw ay handa na subukan ang mga pamamaraan na ito.</THE-FOOL-ONE >
</ROOT>
