﻿{"cameraMode":{"drawMode":0,"name":"Shaded","section":"Shading Mode"},"sceneLighting":false,"audioPlay":false,"sceneViewState":{"showFog":true,"showMaterialUpdate":false,"showSkybox":false,"showFlares":true,"showImageEffects":true,"showParticleSystems":true},"in2DMode":false,"pivot":{"x":-0.1941850334405899,"y":0.7216976881027222,"z":51.271888732910159},"rotation":{"x":0.5028983354568481,"y":0.30619096755981448,"z":-0.19642862677574159,"w":0.7840770483016968},"size":2.9550116062164308,"orthographic":false}