<?xml version="1.0"?>

    <ROOT>

    <ACE-OF-CUPS-ONE>Cette carte indique que vous êtes désormais satisfait de vous et des sentiments d’amour, de plaisir et de romance sont très présents à votre esprit. Il est très probable que vous rentriez en contact avec quelqu’un qui vous apprécie et cela pourra se transformer en un rendez-vous amoureux. Si vous êtes déjà en relation avec quelqu’un, alors vous et votre partenaire réfléchissez peut-être à sceller votre union. </ACE-OF-CUPS-ONE>

    <TWO-OF-CUPS-ONE>Vous voulez stabiliser votre vie amoureuse et résoudre les problèmes que vous et votre partenaire avez. Vous vous sentez agité et vous n’êtes pas capable de faire entièrement attention à votre partenaire à cause de quelque chose qui vous dérange et vous contrarie. Vous devrez être fort et prendre des décisions concrètes concernant vos sentiments. </TWO-OF-CUPS-ONE>

    <THREE-OF-CUPS-ONE>Cette carte montre que vous vous sentez très vulnérable en ce moment et que vous voulez qu’on prenne soin de vous. Vous essaierez aussi d’exprimer votre attention et votre compassion envers votre partenaire et les gens que vous aimez. Les choses s’harmoniseront très bientôt et en temps voulu, vous trouverez l’amour qui grandira dans votre vie. </THREE-OF-CUPS-ONE>

    <FOUR-OF-CUPS-ONE>Cette carte indique qu’il est possible que vous ayez un désir fort de partenaire à présent. Si vous êtes déjà en relation, vous vous sentirez extrêmement proche de votre partenaire et vous chercherez à résoudre les petits conflits, s’il y en a. Ce moment peut être un peu agité pour vous, car vous essaierez de régler des problèmes avec votre partenaire et de vous réunir pour former un couple heureux. </FOUR-OF-CUPS-ONE>

    <FIVE-OF-CUPS-ONE>Vous vous sentez plus sous l’emprise de vos émotions désormais et vous voulez une relation vraiment sérieuse dans laquelle il existe une compréhension mutuelle et un confort, et il est même possible qu’il s’agisse d’un de vos amis. Vous réalisez maintenant qu’il ne serait pas juste de vous empêcher d’être vous-même juste pour essayer de maintenir en vie une relation, car cela peut au final s’avérer destructeur. </FIVE-OF-CUPS-ONE>

    <SIX-OF-CUPS-ONE>Cette carte indique qu’en dépit d’être attiré par juste cette personne spéciale, vous vivrez des expériences magnifiques qui vous emporteront dans des différentes directions. Vous essayez de faire des choses particulières pour votre partenaire mais il y a de l’insécurité à propos de l’incertitude de votre avenir en tant que couple. </SIX-OF-CUPS-ONE>

    <SEVEN-OF-CUPS-ONE>Vous vous sentez très incertain concernant vos sentiments et vous chercherez le bon chemin vers la personne que vous désirez comme partenaire. Avec une grosse charge de travail à traiter et d’autres problèmes variés, vous ne serez pas capable de consacrer suffisamment de temps à votre partenaire. Pour les célibataires, une rencontre avec quelqu’un portera ses fruits. </SEVEN-OF-CUPS-ONE>

    <EIGHT-OF-CUPS-ONE>Cette carte indique que votre relation peut paraître un peu terne pour le moment, et cela vous empêchera ainsi que votre partenaire de créer un lien fort. Il est possible que votre relation traverse des périodes de stress et d’incertitude, et cela vous causera du souci, et même certains échanges verbaux amers. Il se peut aussi que vous preniez la décision de stopper votre relation qui est devenue très traumatisante. </EIGHT-OF-CUPS-ONE>

    <NINE-OF-CUPS-ONE>Vous désirez maintenant très fortement des choses supérieures concernant une relation et cela peut aussi être avec quelqu’un qui vient juste d’entrer dans votre vie. Vous voulez que les choses entre vous deux soient plus intéressantes mais d’une manière différente. Vous vous interrogez concernant votre relation avec votre partenaire et bien que vous êtes prêt à aller de l’avant, certains risques vous tiennent sur vos gardes. </NINE-OF-CUPS-ONE>

    <TEN-OF-CUPS-ONE>Cette carte montre que vous cherchez maintenant une relation plus satisfaisante et épanouissante et que vous attendez un soutien total de votre partenaire. Certaines différences d’opinions à forte charge émotionnelle auront lieu, ce qui vous rendra tendu. L’amour sera intense avec quelqu’un de nouveau dans votre vie. Un mariage est également signalé. </TEN-OF-CUPS-ONE>

    <PAGE-OF-CUPS-ONE>Vous voulez que les choses s’harmonisent, et vous souhaitez construire un avenir concret avec la personne que vous aimez. Vous devenez agité à force d'essayer de modeler l’avenir de la manière dont vous voulez qu’il soit, mais ce processus prend du temps. Vous ressentirez le besoin d’avoir quelqu’un à vos côtés et de vous sentir aimé et protégé parce que vous ne voulez pas à nouveau vivre la solitude. </PAGE-OF-CUPS-ONE>

    <KNIGHT-OF-CUPS-ONE>Cette carte indique que vous voulez vous aventurer avec votre partenaire vers un nouveau lieu qui vous excitera, et il y aura des gens autour de vous qui vous encourageront à emprunter le chemin de l’amour. Si vous êtes célibataire, alors vous ressentirez que c’est le moment de prendre l’initiative de faire progresser votre relation et vous poserez la question à votre partenaire de longue date. </KNIGHT-OF-CUPS-ONE>

    <QUEEN-OF-CUPS-ONE>Vous occuperez désormais une place plus importante dans les réunions sociales et il y a beaucoup de chances que vous rencontriez quelqu’un qui vous attirera beaucoup. Si vous faites quelques efforts, cette rencontre pourra se transformer en quelque chose de romantique. Si vous êtes déjà engagé dans une relation depuis longtemps, il est possible que vous proposiez le mariage à votre partenaire. </QUEEN-OF-CUPS-ONE>

    <KING-OF-CUPS-ONE>Cette carte indique que vous cherchez désormais quelqu’un avec qui vous puissiez partager votre vie et passer des moments romantiques. Vous partirez presque en chasse pour trouver quelqu’un qui paraîtrait être votre partenaire idéal, mais cela ne s’avérera pas facile. Il est possible que vous ayez à jongler entre différentes choses pour impressionner cette personne et transformer cette relation en quelque chose de significatif. </KING-OF-CUPS-ONE>

    <ACE-OF-PENTACLES-ONE>C’est un moment qui marque de nouveaux départs dans la vie. Il est possible que vous vous sentiez plus agité que jamais, car vous n’obtiendrez pas la compassion et la compréhension que vous attendiez de la part de votre partenaire et cela vous contrariera profondément. </ACE-OF-PENTACLES-ONE>

    <TWO-OF-PENTACLES-ONE>Il est possible qu’il y ait certaines difficultés que vous devrez affronter ensemble avec votre partenaire et vous ne vous sentirez pas vraiment à votre place, mais au bout du compte votre nature compréhensive alliée à l’aide de quelqu’un vous aidera à gérer cela. </TWO-OF-PENTACLES-ONE>

    <THREE-OF-PENTACLES-ONE>Vous et votre partenaire sentirez la relation se développer et par conséquent prendrez des mesures pour l’avenir. Pour les célibataires, ce sera un bon moment pour trouver la personne adéquate pour vous et cela pourrait se produire dans un lieu inattendu. </THREE-OF-PENTACLES-ONE>

    <FOUR-OF-PENTACLES-ONE>Vous serez capable de maintenir votre relation uniquement si vous y travaillez tous les deux avec patience et compréhension. Si cela ne fonctionne pas, alors vous déciderez finalement de vous quitter avec votre partenaire et essaierez de découvrir de nouvelles voies et de nouvelles possibilités. </FOUR-OF-PENTACLES-ONE>

    <FIVE-OF-PENTACLES-ONE>Cette carte indique que vous aspirez désormais à être quelqu’un ou à faire quelque chose que vous aviez longuement envisagé de faire depuis longtemps. Il y a aussi des chances que votre partenaire vous trompe ou vice-versa. Cela ne sera pas un très bon moment également pour les personnes déjà engagées dans une relation. </FIVE-OF-PENTACLES-ONE>

    <SIX-OF-PENTACLES-ONE>Vous attendez désormais que votre amour d’enfance revienne et vous contacte. Vous ressentirez de la solitude, car vous verrez que votre partenaire s’éloigne de vous. Vous devrez découvrir ce que vous voulez vraiment dans la vie, et jusqu’à quel point vous êtes prêt à aller pour cela. </SIX-OF-PENTACLES-ONE>

    <SEVEN-OF-PENTACLES-ONE>Les temps à venir vont être perturbants pour vous et votre partenaire, car il y aura des différences d’opinions majeures et cela peut également conduire à la fin de la relation. Si vous êtes marié ou engagé dans une relation depuis longtemps, alors vous reconsidérerez cette relation et les efforts que vous investissez dans cette relation. </SEVEN-OF-PENTACLES-ONE>

    <EIGHT-OF-PENTACLES-ONE>Vous paraissez être d’humeur joueuse ces jours-ci, et vous appréciez le célibat plus que tout. Vous serez d’humeur spéculative et réfléchirez également à ce qui se produira à l’avenir. Votre côté romantique prendra bientôt le dessus. </EIGHT-OF-PENTACLES-ONE>

    <NINE-OF-PENTACLES-ONE>Cette carte indique que vous êtes à la recherche de nouvelles choses rafraichissantes dans votre vie. Vous voudriez fuir les choses conventionnelles pour un nouvel endroit. Il est possible que vous ayez à passer du temps éloigné de votre partenaire pendant une période temporaire et vous prendrez une décision qui s’avérera être le bon choix. </NINE-OF-PENTACLES-ONE>

    <TEN-OF-PENTACLES-ONE>L’amour n’est pas quelque chose qui vous trotte dans la tête parce que vous êtes déjà préoccupé avec beaucoup d’autres choses liées à des problèmes de travail et de famille. Vous essaierez d’améliorer votre humeur en réunissant vos amis ou vos proches, mais vous n’essaierez pas de vous rapprocher de votre partenaire. </TEN-OF-PENTACLES-ONE>

    <PAGE-OF-PENTACLES-ONE>Cette carte indique qu’il y aura une situation agitée qui vous forcera à réfléchir à quoi faire dans votre relation, car vous n’êtes pas sur de votre partenaire, et au final vous prendrez une décision de manière responsable qui vous fera vous sentir bien, que votre relation ait un avenir ou non. </PAGE-OF-PENTACLES-ONE>

    <KNIGHT-OF-PENTACLES-ONE>Vous cherchez désormais la paix dans vos affaires de cœur et vous voulez vivre et vous amuser avec votre partenaire. Vous hésiterez à dire quelque chose à votre partenaire ou à lui annoncer des nouvelles dont vous avez l’impression qu’elles pourraient gâcher l’harmonie de la relation que vous partagez tous les deux, mais vous devrez être courageux. </KNIGHT-OF-PENTACLES-ONE>

    <QUEEN-OF-PENTACLES-ONE>Cette carte indique que vous serez fortement attiré par quelqu’un et que cette personne sera également attirée par vous. Vous aurez hâte d’avoir une relation avec cette personne et vous vous attendrez à ce que la relation soit stimulante et pleine de vie. </QUEEN-OF-PENTACLES-ONE>

    <KING-OF-PENTACLES-ONE>Cette carte montre que vous serez un peu contrarié ou déçu par le fait que votre partenaire ait rompu certaines promesses. Si vous êtes déjà en relation, alors vous aurez l’impression que votre relation manque de liberté d’échange d’opinions et pour qu’une relation fonctionne, il est très important de parler et de passer du temps ensemble pour se connaître. </KING-OF-PENTACLES-ONE>

    <ACE-OF-SWORDS-ONE>Cette carte indique que vous êtes désormais à la recherche de gratification personnelle dans votre relation. C’est un moment dans lequel il y a de grandes chances que la naissance d’un nouvel amour vous surprenne et vous ressentirez des émotions fortes envers quelque chose. Si vous êtes déjà en relation, le lien avec votre partenaire deviendra plus fort. </ACE-OF-SWORDS-ONE>

    <TWO-OF-SWORDS-ONE>Vous voulez avancer dans la vie et vous cherchez désespérément l’amour. Il se peut que vous ayez simplement de la chance, car cette carte indique qu’il est possible que vous rencontriez cette personne particulière et si vous êtes déjà en relation, alors votre relation deviendra plus intense et vous verrez que votre partenaire ou votre partenaire potentiel paraîtra avoir les qualités que vous imaginiez. </TWO-OF-SWORDS-ONE>

    <THREE-OF-SWORDS-ONE>Cette carte montre que vous attendez que votre partenaire revienne vers vous. Votre patience vous abandonne et vous déciderez bientôt d’abandonner et de repartir à zéro si votre partenaire refuse de revenir bientôt. Il se peut que vous ayez l’impression d’avoir vu beaucoup de souffrance et tomber amoureux comporte des risques. </THREE-OF-SWORDS-ONE>

    <FOUR-OF-SWORDS-ONE>Vous êtes désormais plongé dans la spiritualité et vous ressentirez un fort désir de mieux vous connaître vous-même. Vous essaierez de vous connecter à votre moi intérieur et par conséquent il est possible que vous perdiez contact avec le monde extérieur, mais au bout du compte vous trouverez la paix. Il y a aussi une possibilité que quelqu’un qui a un coup de cœur pour vous vous propose un rendez-vous galant. </FOUR-OF-SWORDS-ONE>

    <FIVE-OF-SWORDS-ONE>Cette carte indique que vous serez à la recherche de l’amour à présent. Il peut également y avoir certaines déceptions dans votre vie amoureuse que vous devrez affronter ce qui vous fera vous sentir insatisfait et d’une certaine façon trompé. Vous devrez restaurer votre confiance en vous et aller de l’avant. </FIVE-OF-SWORDS-ONE>

    <SIX-OF-SWORDS-ONE>Il est possible que vous ayez des soucis et les choses ne se passent pas aussi harmonieusement que vous l’attendiez. Il peut y avoir certains mécontentements dans votre vie amoureuse et il peut sembler que tous les efforts fournis n’en valaient pas la peine après tout. Il peut y avoir une certaine confusion en ce qui concerne l’avenir, et vous vous battrez pou améliorer les choses. </SIX-OF-SWORDS-ONE>

    <SEVEN-OF-SWORDS-ONE>Cette carte indique que vous voulez qu’un ami cher ou quelqu’un proche de vous se tienne à vos côtés et vous aide à corriger la situation, ou il est possible que vous pensiez à partir loin pendant un moment pour mieux vous sentir. Il y a des chances qu’un ancien amoureux ou quelqu’un pour qui vous aviez un coup de cœur vous approche. Vous voudrez vraiment quelque chose dans votre relation, mais vous ne serez pas prêt à effectuer de compromis. </SEVEN-OF-SWORDS-ONE>

    <EIGHT-OF-SWORDS-ONE>En termes de cœur, il est possible qu’il y ait une sorte d’asphyxie ou de malaise. Mais cela ne sera pas ce que cela semble être, car de bonnes choses vont arriver. Il y a des possibilités que vous ayez l’opportunité de redémarrer dans un nouvel environnement avec un nouveau partenaire qui vous fera vous sentir libre à nouveau. </EIGHT-OF-SWORDS-ONE>

    <NINE-OF-SWORDS-ONE>Cette carte montre que ce n’est pas le meilleur moment de votre vie. Il se peut que vous traversiez des états d’anxiété et de privation et vous vous battrez pour que les choses rentrent dans l’ordre. Il est possible que vous soyez séparé de votre partenaire pendant quelque temps à cause d’engagements professionnels. Mais votre personnalité mature et calme vous aidera à régler les choses. </NINE-OF-SWORDS-ONE>

    <TEN-OF-SWORDS-ONE>Vous aurez traversé les pires moments désormais et vous serez encore en train de récupérer de cela. Certains des dilemmes continueront d’être présents alors que vous essayez de prendre des décisions fermes concernant ce qui est juste pour vous, mais ce ne sera pas un processus facile. </TEN-OF-SWORDS-ONE>

    <PAGE-OF-SWORDS-ONE>Cette carte montre que vous vous concentrez désormais sur comment améliorer votre vie concernant les affaires de cœur et les relations personnelles. Il est possible que vous ayez traversé des temps difficiles, et vous essaierez de remettre votre vie en ordre, mais vous trouverez cela difficile. Il peut également y avoir des événements imprévus qui vous tracasseront. </PAGE-OF-SWORDS-ONE>

    <KNIGHT-OF-SWORDS-ONE>Il est désormais temps d’oublier tous les moments amers et de chercher de nouveaux départs. Vous rencontrerez quelqu’un de nouveau et vous serez attiré par cette personne. Vous voudrez que la chaine d’événements continue et voir une histoire d’amour se développer. Ce sera une initiation puissante et en un rien de temps vous vous retrouverez dans une situation heureuse et stable avec votre partenaire. </KNIGHT-OF-SWORDS-ONE>

    <QUEEN-OF-SWORDS-ONE>Cette carte indique qu’il peut y avoir un dilemme ou une phase de déception permanente, car il est possible que vous ayez plusieurs disputes avec votre partenaire et les choses peuvent conduire à une rupture. Cela peut vous amener à gérer des temps difficiles de vide dans votre vie. </QUEEN-OF-SWORDS-ONE>

    <KING-OF-SWORDS-ONE>Vous ressentirez que vous avez besoin d’avoir une vision claire de ce qu’est votre vie en ce moment et vous réaliserez que vous avez besoin de bouger afin de vivre une vie paisible. Il est possible que la réalité prenne rapidement un nouveau tournant, car il peut vous apparaître que vous viviez dans un monde imaginaire et qu’il est temps de finalement affronter la réalité et vivre avec elle pour la faire fonctionner au mieux. </KING-OF-SWORDS-ONE>

    <ACE-OF-WANDS-ONE>Cette carte indique que vous recherchez désormais une relation sérieuse sur le long terme, et que vous n’êtes pas réellement intéressé par les flirts. Vous recherchez un nouveau départ et il y a également des chances de mariage ou de relations de couple. Il se peut qu’il y ait un membre de la famille ou un proche avec qui vous discuterez bientôt de vos problèmes de relations. </ACE-OF-WANDS-ONE>

    <TWO-OF-WANDS-ONE>Vous espérez que quelque chose de bien arrive et vous avez hâte que cela se matérialise. Il y a des chances que quelqu’un qui a besoin de soutien cherchera vos conseils et nouera un lien avec vous. Vous serez désormais à la recherche de liens forts d’amour et d’amitié. Vous résoudrez également les différends que vous aviez avec les autres membres de votre famille. </TWO-OF-WANDS-ONE>

    <THREE-OF-WANDS-ONE>Il se peut que vous ayez quelques propositions maintenant et se décider à choisir la bonne peut constituer un problème. Cela marquera un bon moment pour trouver un partenaire et en dépit des insécurités vous vous réunirez avec la personne que vous aimez. Vous voudrez dépasser tous les obstacles pour vivre une vie heureuse avec votre partenaire. </THREE-OF-WANDS-ONE>

    <FOUR-OF-WANDS-ONE>Il peut y avoir des chances de réunion avec un ami qui viendra à votre secours et vous emmènera faire des achats ou pour des activités amusantes pour vous faire vous sentir mieux. Vous devrez vous dérider parce qu’il est possible qu’il y ait certains mécontentements dans votre vie amoureuse. </FOUR-OF-WANDS-ONE>

    <FIVE-OF-WANDS-ONE>Vous trouvez maintenant difficile de vous concentrer sur une chose et cela vous rend agité. Vous serez occupé par trop de choses et vous ne serez pas capable de trouver du temps pour votre partenaire ou pour socialiser. Certains flirts ou rendez-vous amoureux sont également indiqués. </FIVE-OF-WANDS-ONE>

    <SIX-OF-WANDS-ONE>Cette carte indique que vous allez effectuer des changements dans votre vie amoureuse. Quelqu’un qui vous admire tentera sa chance et essaiera de vous impressionner et vous apprécierez l’attention. Il est possible que vous ayez à affronter une situation qui vous forcera à faire les changements appropriés dans votre vie pour le meilleur. </SIX-OF-WANDS-ONE>

    <SEVEN-OF-WANDS-ONE>Cette carte indique que l’amour est dans l’air pour vous et que les questions de cœur trotteront dans votre esprit. Vous rentrerez en contact avec votre côté romantique et vous aurez des attentions particulières pour votre partenaire. Cela ressemblera à un portrait parfait, mais il y aura certaines choses que vous devrez abandonner pour conduire la vie que vous voulez. </SEVEN-OF-WANDS-ONE>

    <EIGHT-OF-WANDS-ONE>Vous socialiserez beaucoup et les questions de cœurs dirigeront votre esprit désormais. Vous serez de bonne humeur et penserez à des choses positives, et vous et votre partenaire vous ferez plaisir ensemble dans de nombreuses activités. Il y aura également des changements positifs qui auront lieu grâce à votre partenaire. Il y aura également certaines déceptions que vous devrez gérer. </EIGHT-OF-WANDS-ONE>

    <NINE-OF-WANDS-ONE>Vous remarquerez que vos efforts fournissent finalement des résultats et vous effectuerez de nombreuses activités sociales. Il y aura certains désaccords et différences d’opinions ainsi que des échanges verbaux durs qui peuvent avoir lieu. </NINE-OF-WANDS-ONE>

    <TEN-OF-WANDS-ONE>Cette carte indique que votre amoureux peut vous déconcerter à propos d'événements variés et cela vous laissera dans un état d’agitation et de curiosité. Vous aurez l’impression que vous avez contrarié votre partenaire et cela vous fera vous sentir isolé. Vous ferez des efforts pour réparer votre relation et lui ajouter l’étincelle manquante. </TEN-OF-WANDS-ONE>

    <PAGE-OF-WANDS-ONE>Il peut y avoir certaines perturbations dans votre relation et vous attendrez des changements de la part de votre partenaire. Vous vous sentirez fragile concernant le fait que vous et votre partenaire ne vous entendiez pas très bien et même si vous essayez, votre lien ne sera jamais au mieux. </PAGE-OF-WANDS-ONE>

    <KNIGHT-OF-WANDS-ONE>Cette carte montre que vous vous sentez instable à propos de problèmes variés dans votre relation et que vous voudrez les régler avant qu’ils ne vous affectent. Vous verrez quelqu’un dont vous pensez que vous le connaissez déjà et essaierez de nouer un lien fort avec cette personne en passant plus de temps avec elle. </KNIGHT-OF-WANDS-ONE>

    <QUEEN-OF-WANDS-ONE>Cette carte indique que vous rencontrez bientôt quelqu’un de spécial et que vous vous demanderez si vous devriez avoir une relation avec cette personne ou pas. Il est aussi possible que vous rencontriez un de vos grands admirateurs qui vous lancera des signaux d’amour et cela peut se transformer en l’histoire d’amour passionnée et romantique que vous attendiez. </QUEEN-OF-WANDS-ONE>

    <KING-OF-WANDS-ONE>Certains problèmes autour de vous vous rendront indifférent et sans émotion et votre partenaire vous trouvera distrait. Vous ne voudrez pas révéler ce que vous pensez réellement aux gens autour de vous et cela peut créer une tension. Vous devrez réfléchir avec la tête froide sur la manière d’aborder cette situation. Une proposition de mariage peut aussi bientôt arriver. </KING-OF-WANDS-ONE>

    <THE-FOOL-ONE>Si vous êtes engagé dans une relation, la carte indique que vous ressentirez une excitation nouvelle et de l’ardeur dans votre vie amoureuse. Si vous êtes célibataire, il est très probable que vous rencontriez quelqu’un de spécial bientôt. Vous effectuerez de grandes avancées spontanées, confiantes et joyeuses dans votre vie amoureuse. Vous aurez besoin d’abandonner vos relations passées et de regarder vers l’avenir, qui paraît beau et joyeux. </THE-FOOL-ONE>

    <THE-MAGICIAN-ONE>Votre force de volonté et votre sang-froid seront très utiles pour contrôler et gérer votre vie amoureuse dans les temps à venir. Avec votre grâce et votre confiance, il est très probable que le sexe opposé soit d’accord avec vous sur la plupart des sujets. Si vous êtes engagé dans une relation, il est possible que vous appreniez dans un avenir proche certaines choses cachées à propos de l’être que vous aimez. Par ailleurs, votre partenaire montrera très probablement un intérêt accru pour tous les mots que vous prononcez. </THE-MAGICIAN-ONE>

    <THE-HIGH-PRIESTESS-ONE>Cette carte suggère que vous devriez croire en votre capacité à comprendre les gens et les situations afin d’avoir une vie amoureuse saine. Vous devez prendre des décisions indépendantes à propos des choses qui impliquent votre vie amoureuse. Si vous êtes engagé dans une relation, il est probable que votre partenaire vous donne des conseils précieux dans un avenir proche. Par ailleurs, il semble que vous puissiez apprendre quelque chose de totalement imprévu, bon ou mauvais, à propos de votre partenaire. </THE-HIGH-PRIESTESS-ONE>

    <THE-EMPRESS-ONE>Vous semblez être tracassé par une relation qui est soit existante, soit en cours de développement. Si vous n’êtes pas engagé dans une relation, vous souhaitez l’être. Dans votre histoire, votre nature possessive l’un envers l’autre peut créer des moments difficiles dans votre vie amoureuse. Vous devez montrer une attitude patiente et confiante afin de stabiliser votre vie amoureuse. </THE-EMPRESS-ONE>

    <THE-EMPEROR-ONE>La carte suggère l’introduction de succès et de réussite dans votre relation pour un avenir proche. Il est possible que vous receviez des conseils précieux concernant votre vie amoureuse de quelqu’un comme votre père, votre frère, un ami homme, etc.. Il est très probable que vous soyez en contrôle de votre relation en cours et vous continuerez à avoir une position dominante pendant un moment. Votre partenaire vous soutiendra totalement sur tous les aspects sans poser de questions. Faites attention à ne pas devenir trop exigeant dans votre relation, sinon vous finirez par blesser votre partenaire sur le plan émotionnel. </THE-EMPEROR-ONE>

    <THE-HIEROPHANT-ONE>Un esprit plus ouvert et plus flexible apporterait un changement positif à votre vie amoureuse. Si vous planifiez de vous marier bientôt, vous devrez faire preuve de patience lorsque vous affronterez les obstacles qui peuvent être sur votre route. Agir de manière bornée avec votre partenaire n’amènera votre relation nulle part. Les problèmes auxquels vous faites face dans votre vie amoureuse peuvent être résolus avec de la présence d’esprit et en gardant votre calme. </THE-HIEROPHANT-ONE>

    <THE-LOVERS-ONE>Il est probable que vous nagiez dans un océan d’amour. Vous vivrez des moments beaux et mémorables dans votre relation dans un avenir proche. Il est probable que vous ayez à faire face à une situation dans votre vie amoureuse, dans laquelle vous trouviez extrêmement difficile de décider de quoi faire. Écoutez votre cœur et pas votre esprit et il est possible que vous trouviez que votre décision était la bonne. Vous vous connecterez très bien avec votre partenaire sur le plan émotionnel. Ne soyez pas tenté de tromper votre partenaire en sortant avec quelqu’un d’autre. </THE-LOVERS-ONE>

    <THE-CHARIOT-ONE>Il est possible que votre vie amoureuse traverse une période difficile. Il se peut que vous ayez à faire de gros efforts pour vous en sortir. Vos histoires d’amour vont très probablement subir des changements dans un avenir proche. Vous devez montrer beaucoup de patience envers votre partenaire et ses émotions changeantes. Au bout du compte, votre relation s’épanouira dans l’amour. </THE-CHARIOT-ONE>

    <JUSTICE-ONE>Vous devez apporter une espèce d’équilibre et de normalité à votre relation actuelle. Il semble y avoir soit un excès soit un manque d’un certain élément qui est vital pour apporter de la stabilité à votre vie amoureuse. Il est possible que vous ayez à afficher une approche impartiale envers vos histoires d’amour pour atteindre l’équilibre nécessaire. Porter la même attention à votre carrière et à votre vie de famille. Votre honnêteté et votre confiance seront cruciales pour façonner votre relation. Si vous savez que vous faites une erreur dans votre relation, essayez de la rectifier bientôt. </JUSTICE-ONE>

    <THE-HERMIT-ONE>Prenez le temps d’analyser votre vie amoureuse. Il est probable que vous vous sentiez impatient en ce qui concerne la manière dont les choses se passent dans votre relation actuelle. Vous devez garder la tête froide et éviter de prendre des décisions à la hâte concernant vos histoires d’amour. Si vous avez besoin de conseil en amour, consultez quelqu’un de plus vieux et avec plus d’expérience que vous. Il est probable que vous franchissiez tous les obstacles amoureux, si vous vous donnez à chacun suffisamment d’espace dans votre relation. </THE-HERMIT-ONE>

    <WHEEL-OF-FORTUNE-ONE>La carte montre que vous vous dirigez vers une phase joyeuse et particulière qui illuminera votre vie amoureuse. La chance est de votre côté et vous trouverez l’amour de votre vie. Vous ferez preuve de maturité lors du traitement des questions relationnelles. Le partenaire de vos rêves sera bientôt avec vous. Tous les soucis que vous aviez concernant votre relation future toucheront à leur fin. Il est probable que vous soyez béni et viviez des moments fantastiques dans votre vie amoureuse. </WHEEL-OF-FORTUNE-ONE>

    <STRENGTH-ONE>Vous ferez preuve d’une attitude plus forte et meilleure envers la vie, ce qui vous aidera à affronter chaque obstacle auquel vous pouvez faire face dans votre relation. Si vous souhaitez vous débarrasser de certains problèmes appartenant au passé, vous devriez probablement le faire bientôt. Votre relation sera dirigée avec harmonie, et il est possible que vous accomplissiez facilement les choses pour lesquelles vous vous êtes battu depuis un moment maintenant. Grâce à votre détermination et à votre intelligence, vous vous sortirez de tous vos problèmes amoureux. </STRENGTH-ONE>

    <THE-HANGED-MAN-ONE>Il est possible que vous ayez à adopter une nature sacrificielle dans votre relation. Il peut y avoir des tensions entre vous deux. Il est suggéré que vous conserviez un état d’esprit patient, posé et mature dans votre vie amoureuse. Il est possible qu’il y ait des débats à forte charge émotionnelle entre vous. Il est conseillé que vous fassiez plus d’introspection et que vous abordiez les situations avec un esprit ouvert pour essayer de mieux les comprendre. </THE-HANGED-MAN-ONE>

    <DEATH-ONE>Cette carte indique une période qui conduira à des transformations dramatiques dans votre vie amoureuse. Il se peut que vous vous sentiez déprimé dans votre relation actuelle. Cette phase mettra en avant une pléthore d’émotions, vous permettant de réaliser l’importance des changements à venir. Votre histoire d’amour peut traverser des phases difficiles et sombres. Vous devrez faire preuve d’un caractère fort pour surmonter cette phase difficile. </DEATH-ONE>

    <TEMPERANCE-ONE>La carte indique une arrivée de situations déroutantes et conflictuelles dans votre relation, et il se peut que vous trouviez difficile de faire des choix. Vous et votre partenaire avez probablement des vues opposées sur des sujets variés, ce qui peut créer des troubles. Il faut que vous soyez patient, que vous coopériez et que vous trouviez la meilleure solution, ce qui permettra également d’apaiser votre vie amoureuse. Vous trouverez des moyens de créer une harmonie dans votre relation. </TEMPERANCE-ONE>

    <THE-DEVIL-ONE>Les temps à venir ne sont pas faciles. Des sentiments comme la luxure, la cupidité, l’ambition ou la dépendance peuvent créer des dommages dans votre vie amoureuse. Vous pouvez également désirer dominer totalement votre relation. Vous devez être fort pour résister à ces tentations afin d’éviter des désastres majeurs dans votre vie amoureuse. Il est possible que vous vous sentiez puissant pour un court moment mais vous tromper de route ne fera aucun bien à votre relation actuelle. Faites attention, car cette carte est un avertissement pour vous concernant les mesures fatales qu’il est possible que vous preniez. </THE-DEVIL-ONE>

    <THE-TOWER-ONE>L’avenir proche peut vous réserver une des pires périodes de votre vie amoureuse. Il est possible que vous soyez témoins de situations désagréables et défavorables dans votre relation. Certaines de ces situations peuvent être imprévues et cela peut vous faire vous sentir isolé et seul pendant un moment. Ce changement vous montrera de nouvelles manières et de nouvelles options pour améliorer la situation de votre vie amoureuse. La route à venir s’annonce difficile, par conséquent vous devez rester calme et simplement apprendre les nouvelles choses que la vie vous enseigne. </THE-TOWER-ONE>

    <THE-STAR-ONE>Cette carte est un signe avant-coureur des bons moments à venir. Elle indique la possibilité d’une relation saine qui commencera bientôt. Elle indique aussi que vous pouvez franchir la prochaine étape d’engagement avec votre relation en cours. Il est possible que vous ressentiez un lien émotionnel et spirituel plus fort avec votre partenaire. Votre vie amoureuse traversera une phase dans laquelle vous passerez outre vos affaires de cœur passées et vous serez plus optimiste concernant votre avenir amoureux. </THE-STAR-ONE>

    <THE-MOON-ONE>Les seules pensées qui viendront à votre esprit concerneront votre relation. Il est possible que vous ayez l’impression d’être enchainé à cause de votre vie amoureuse actuelle. Il est probable que vous appreniez des secrets qui étaient intentionnellement cachés, ce qui peut conduire à des revers émotionnels dans votre relation. Ne soyez pas déprimé. Faites preuve d’un esprit plus ouvert et faites des efforts plus sérieux pour passer outre ces sentiments. Faites-vous plaisir dans d’autres activités pour dépasser ces sentiments et remettre votre vie en ordre. </THE-MOON-ONE>

    <THE-SUN-ONE>Vous ressentirez bientôt des vibrations fraiches et stimulantes dans votre relation. Si vous n’êtes pas amoureux, il est possible que vous tombiez amoureux de quelqu’un bientôt. Les questions amoureuses qui semblaient ne mener nulle part commenceront à faire des progrès dans le bon sens. Des vacances romantiques et des rendez-vous galants avec votre amoureux sont sur les cartes. Les temps à venir s’annoncent joyeux et mémorables. Assurez-vous de tirer le meilleur de cette belle période. </THE-SUN-ONE>

    <JUDGEMENT-ONE>Cette carte vous demande de garder vos sens ouverts à tout ce qui est autour. Il est possible que vous réalisiez que des choses approchent dans votre direction, mais à moins que vous fassiez de gros efforts, vous pouvez échouer à tirer le meilleur parti de ces situations. Si vous n’êtes pas encore amoureux, il est très probable que vous rencontriez un partenaire potentiel très bientôt. Dans ce cas, ne perdez pas trop de temps avant de poser la question importante. Si vous aviez quitté quelqu’un dans le passé, la même chose peut vous arriver. Mais finalement, votre vie amoureuse évoluera dans le bon sens. </JUDGEMENT-ONE>

    <THE-WORLD-ONE>La carte marque la fin de vos difficultés et indique une arrivée de joie et de temps attachants avec votre amoureux. Votre relation prendra finalement forme de la façon dont vous avez toujours souhaité. Votre partenaire vous encouragera et vous appréciera pour votre travail acharné et cela permettra à votre amour de s’épanouir. Cette phase devrait apporter un nouvel élan à votre vie amoureuse. Si vous êtes célibataire, la probabilité de rencontrer cette personne particulière est considérablement haute.</THE-WORLD-ONE>

</ROOT>
