<?xml version="1.0" encoding="utf-8" ?>
<ROOT>
<ACE-OF-CUPS-ONE >Αυτή η κάρτα δείχνει ότι θα κάνετε κάποια τολμηρά βήματα προς ένα νέο εγχείρημα χωρίς να αγχωθείτε ή να ανησυχήσετε για τους κινδύνους και τελικά το έργο αυτό θα σας βοηθήσει να φροντίσετε για τις ανάγκες σας. Αυτή είναι μια καλή στιγμή για να αναλάβετε ρίσκα, καθώς θα αποκτήσετε οικονομικά οφέλη. </ACE-OF-CUPS-ONE >
<TWO-OF-CUPS-ONE >Όλες οι οικονομικές διαφορές ή οικονομικές συμφωνίες θα διαλευκανθούν και θα διευθετηθούν και αυτό θα σας ανακουφίσει. Τα κέρδη σας στην επιχείρηση μπορεί να αυξηθούν ή να μπορεί να πάρετε αύξηση σύντομα. </TWO-OF-CUPS-ONE >
<THREE-OF-CUPS-ONE >Αυτή η κάρτα δείχνει ότι θα αποκτήσετε πλέον μια σταθερή πηγή εισοδήματος και θα έχετε ένα καλό μερίδιο των εσόδων και των εξόδων. Θα υπάρξει καλή εισροή χρημάτων μέσω διαφόρων μικρών πηγών και θα νιώσετε ικανοποιημένοι. </THREE-OF-CUPS-ONE >
<FOUR-OF-CUPS-ONE >Αυτή η κάρτα δείχνει ότι αν υπάρχουν οικονομικές ατασθαλίες ή οποιαδήποτε κατάσταση όσον αφορά τα οικονομικά, τότε θα καταφέρετε να τις αντιμετωπίσετε διακριτικά. Θα είστε πολύ παραγωγικοί και ικανοί να φέρετε τα πράγματα εις πέρας ιδιαίτερα όσον αφορά στη συλλογή χρημάτων ή στην επίλυση τυχόν νομικών ζητημάτων που σχετίζονται με τα χρήματα. </FOUR-OF-CUPS-ONE >
<FIVE-OF-CUPS-ONE >Αυτή η κάρτα δείχνει ότι θα πρέπει τώρα να δώσετε προσοχή στα οικονομικά σας και ότι η χρηματική σας κατάσταση ίσως γίνει λίγο ασταθής. Θα πρέπει να κάνετε κάθε βήμα για τα έξοδά σας με προσοχή και μόνο μία πρακτική και σταθερή προσέγγιση θα σας βοηθήσει να ξεπεράσετε αυτή την κατάσταση. </FIVE-OF-CUPS-ONE >
<SIX-OF-CUPS-ONE >Αυτή η κάρτα δείχνει ότι δεν θα χρειάζεται να ανησυχείτε και πολύ για τα οικονομικά σας τώρα. Τα έξοδα και τα έσοδα σας θα είναι υπό έλεγχο και τα χρήματα θα εισρεύσουν από διάφορες κατευθύνσεις. Θα νιώσετε ικανοποιημένοι από τα κέρδη σας και μπορεί να υπάρξει ένα ξαφνικό τζακ ποτ το οποίο θα σας αφήσει ευχάριστα σοκαρισμένους. </SIX-OF-CUPS-ONE >
<SEVEN-OF-CUPS-ONE >Αυτή η κάρτα δείχνει ότι θα υπάρξει μια μικρή κρίση κάποιου είδους σε σχέση με τις δαπάνες σας, αλλά θα την λύσετε. Δεν θα έχετε και πολλά για να ανησυχείτε, καθώς τα πράγματα θα διορθωθούν σύντομα και υπάρχει επίσης η πιθανότητα να κάνετε κάποια μικρά κέρδη από διάφορες πηγές. </SEVEN-OF-CUPS-ONE >
<EIGHT-OF-CUPS-ONE >Αυτή η κάρτα δείχνει ότι θα πρέπει να προσέξετε τα έξοδά σας, καθώς μπορεί βρεθείτε σε μια κατάσταση όπου τα έξοδά σας μόνο θα αυξάνονται, ακόμη και αν προσπαθείτε να τα περιορίσετε. Θα νιώσετε ότι τα κέρδη σας δεν είναι αρκετά για να αναλάβετε τη φροντίδα των δαπανών σας και αυτό μπορεί να σας αφήσει λίγο απογοητευμένους και δυσαρεστημένους. </EIGHT-OF-CUPS-ONE >
<NINE-OF-CUPS-ONE >Αυτή η κάρτα δείχνει ότι θα αντιμετωπίσετε μια μικρή δυσαρέσκεια όσον αφορά τα χρηματικά κέρδη. Θα πάρετε κάποια χρήματα από έναν από τους οφειλέτες σας κάποια στιγμή, αλλά μπορεί να υπάρχουν κάποιες διαμάχες λόγω αντικρουόμενων σχέσεων για τα χρήματα. Αλλά θα διευθετήσετε την κατάσταση καλά και τα πράγματα θα επιλυθούν. </NINE-OF-CUPS-ONE >
<TEN-OF-CUPS-ONE >Αυτή η κάρτα δείχνει ότι θα θέλετε να το ρίξετε λίγο έξω και να ξοδέψετε λίγο περισσότερο από το συνηθισμένο και θα επιδοθείτε σε κάποια περιποίηση. Μπορεί επίσης να καταλήξετε να αγοράζετε δώρα για τους αγαπημένους σας και οι δαπάνες αυτές δεν θα σας ενοχλήσουν και πολύ καθώς τα κέρδη σας θα αυξηθούν και θα σας επιτρέψουν να ξοδέψετε το κάτι παραπάνω για την οικογένεια και τους φίλους σας. </TEN-OF-CUPS-ONE >
<PAGE-OF-CUPS-ONE >Θα περιμένετε μια προαγωγή ή κάποιο είδος επαίνου και αυτό είναι πιθανό να συμβεί σύντομα. Θα χτυπήσουν επίσης την πόρτα σας περισσότερες ευκαιρίες σύντομα και έτσι δεν υπάρχει ιδιαίτερος λόγος για να ανησυχείτε. </PAGE-OF-CUPS-ONE >
<KNIGHT-OF-CUPS-ONE >Αυτή η κάρτα δείχνει ότι έχετε καλή τύχη στο μονοπάτι σας, όταν πρόκειται για την οικονομική σας κατάσταση. Θα έχετε ευχάριστες εκπλήξεις χρηματικά όπως μια αύξηση του μισθού, αύξηση των κερδών ή ένα τεράστιο ποσό χρημάτων από μια απρόσμενη πηγή. Αν τα χρήματα σας είχαν κολλήσει οπουδήποτε, τότε θα έρθουν πίσω σε σας. </KNIGHT-OF-CUPS-ONE >
<QUEEN-OF-CUPS-ONE >Αυτή η κάρτα δείχνει ότι δεν θα αισθανθείτε ευάλωτοι οικονομικά σύντομα. Θα υπάρξουν πολλοί άνθρωποι έτοιμοι να σας βοηθήσουν σε περίπτωση οικονομικής κρίσης ή αν αναζητάτε κάποια καθοδήγηση για επενδύσεις, τότε θα την πάρετε από τους σωστούς ανθρώπους. Δεν θα έχετε πάρα πολλά προβλήματα στο να λάβετε προμήθειες ή χρήματα από κάποια άλλη πηγή. </QUEEN-OF-CUPS-ONE >
<KING-OF-CUPS-ONE >Αυτή η κάρτα δείχνει ότι θα έχετε μια εισερχόμενη πηγή χρημάτων από την εργασία σας ή μια νέα επιχείρηση. Αν κάνετε νέες σχέσεις ή υπογράψετε νέες συμβάσεις, τότε, θα πρέπει να είστε προσεκτικοί σχετικά με την τεκμηρίωση και όλους τους όρους και τις προϋποθέσεις καθώς μπορεί να υπάρχουν κάποιοι που να περιμένουν να δουν τις κινήσεις σας. </KING-OF-CUPS-ONE >
<ACE-OF-PENTACLES-ONE >Αυτή η κάρτα δείχνει ότι θα προσευχηθείτε για διάφορες πηγές χρημάτων και αυτή τη φορά η τύχη θα σας ευνοήσει και θα λάβετε νέες πηγές εσόδων. Θα σκέφτεστε μακροπρόθεσμους οικονομικούς στόχους και θα υπάρξουν ορισμένα σχέδια ή επιχειρήσεις που μπορεί να έρθουν στο δρόμο σας. </ACE-OF-PENTACLES-ONE >
<TWO-OF-PENTACLES-ONE >Αυτή η κάρτα δείχνει ότι θα είστε σε μια διαδικασία οικονομικού σχεδιασμού στις επιχειρήσεις αλλά και στην προσωπική σας ζωή και θα πάρετε τη συγκατάθεση των ενδιαφερομένων ανθρώπων. Αν υπάρχουν πιθανότητες να σχεδιάζετε μια νέα επένδυση, τότε, θα εμπλέκονται πολλά έξοδα. Θα πρέπει να κρατήσετε τα έξοδά σας υπό έλεγχο. </TWO-OF-PENTACLES-ONE >
<THREE-OF-PENTACLES-ONE >Αυτή η κάρτα δείχνει ότι θα σας έρθουν χρήματα από απροσδόκητες πηγές και θα έχετε την υποστήριξη της οικογένειας και των συναδέλφων σας. Θα προσπαθήσετε να βρείτε μια πηγή για επιπλέον εισόδημα και μπορεί να συνεχίσετε έργο ή μία δραστηριότητα που ήταν σε εκκρεμότητα σε αυτή την αναζήτηση ή μπορεί να ξεκινήσετε κάτι νέο. </THREE-OF-PENTACLES-ONE >
<FOUR-OF-PENTACLES-ONE >Αυτή η κάρτα δείχνει ότι θα υπάρξει μεγάλη δραστηριότητα που αφορά τις μεταφορές χρημάτων. Θα πρέπει να περάσετε από πολλή γραφειοκρατία η οποία μπορεί να περιλαμβάνει ορισμένες νομικές διατυπώσεις για να κερδίσετε κάποιες χρηματικές αποδόσεις. Θα βρείτε σταθερότητα στα οικονομικά και θα έχετε αρκετά για να αναλάβετε τη φροντίδα των τακτικών δαπανών σας. </FOUR-OF-PENTACLES-ONE >
<FIVE-OF-PENTACLES-ONE >Αυτή η κάρτα δείχνει ότι μπορεί κάνετε δαπάνες για αυτό βελτίωση και για περιποίηση. Τα οικονομικά σας θα είναι σε τάξη και θα είστε σε θέση να καλύψετε όλα τα έξοδα και επίσης μπορεί η τύχη να είναι με το μέρος σας, καθώς μπορεί να κάνετε πρόοδο παρά τα πολλά προβλήματα και εμπόδια. </FIVE-OF-PENTACLES-ONE >
<SIX-OF-PENTACLES-ONE >Αυτή η κάρτα δείχνει ότι ίσως έρχονται κάπως δύσκολοι καιροί για σας, καθώς μπορεί να έχετε προβλήματα. Οι φίλοι σας μπορεί να σας θεωρούν δεδομένους και να μην επιστρέψουν τα χρήματά σας ή να μην μπορείτε να πάρετε τα ενοίκια στην ώρα τους. Αυτό μπορεί να οδηγήσει σε επιδείνωση και σε κάποια ψυχική διαταραχή, ενώ φαίνονται και κάποιες συγκρούσεις. Συνιστάται να διατηρήσετε την ψυχραιμία σας σε μια τέτοια κατάσταση. </SIX-OF-PENTACLES-ONE >
<SEVEN-OF-PENTACLES-ONE >Αυτή η κάρτα δείχνει ότι τα πράγματα ίσως να φαίνεται πολύ μαύρα σε σχέση με τα οικονομικά στην αρχή και επίσης να φαίνονται ασαφή και αόριστα. Αλλά σύντομα θα υπάρξει κάποιου είδους οικονομικό όφελος μέσα από επαγγελματικές ή προσωπικές επιχειρήσεις, με τη βοήθεια και την καθοδήγηση κάποιου κοντινού και αυτό θα σας δώσει μια νέα ελπίδα. </SEVEN-OF-PENTACLES-ONE >
<EIGHT-OF-PENTACLES-ONE >Αυτή η κάρτα δείχνει ότι θα είστε τυχεροί σε χρηματικά θέματα για λίγο και δεν θα υπάρξουν εντάσεις όσον αφορά τα χρήματα. Θα υπάρξουν κάποια χρηματικά κέρδη ή θα αγοράσετε επιτέλους τα πράγματα που θέλατε. Το κλειδί για μια ευτυχισμένη ζωή είναι το να είστε ικανοποιημένοι με ό,τι έχετε και αυτό πρόκειται να βγει αληθινό για εσάς αυτή τη στιγμή. </EIGHT-OF-PENTACLES-ONE >
<NINE-OF-PENTACLES-ONE >Αυτή η κάρτα δείχνει ότι τώρα θα έχετε αρκετή καλή τύχη με το μέρος σας και τα πράγματα φαίνονται να ρέουν προς τη σωστή κατεύθυνση, ακόμη και σε χρηματικούς όρους. Αν είχατε κάποιου είδους οικονομικά προβλήματα, τότε θα επιλυθούν και θα φθάσουν σύντομα και κάποια καλά νέα. </NINE-OF-PENTACLES-ONE >
<TEN-OF-PENTACLES-ONE >Αυτή η κάρτα δείχνει ότι θα υπάρξει μια καλή ισορροπία μεταξύ των εσόδων και των δαπανών σας και θα πρέπει να ταξινομήσετε διάφορους οικιακούς λογαριασμούς που θα χρειάζονται τα περισσότερα από τα χρήματά σας. Αν υπάρχει κάποια αγορά που περιμένετε να κάνετε ή κάποια σημαντική απόφαση σχετικά με τα χρήματα, τότε θα πρέπει να γίνει. </TEN-OF-PENTACLES-ONE >
<PAGE-OF-PENTACLES-ONE >Αυτή η κάρτα δείχνει ότι τα οικονομικά σας τώρα θα είναι καλά ισορροπημένα, αλλά θα υπάρξουν στιγμές που μπορεί να αισθάνεστε ανεπαρκείς. Αυτό μπορεί χειροτερεύσει και να σας οδηγήσει σε έντονες αντιδράσεις. Θα χρειαστεί να ηρεμήσετε λίγο και αυτή η κάρτα δείχνει ότι οι καλές στιγμές είναι μπροστά. </PAGE-OF-PENTACLES-ONE >
<KNIGHT-OF-PENTACLES-ONE >Αυτή η κάρτα δείχνει ότι δεν θα υπάρξουν πολλά προβλήματα σχετικά με την οικονομική σας κατάσταση. Ωστόσο μπορεί να υπάρξουν κάποιου που δεν θα είναι πρόθυμοι να επιστρέψουν χρήματα και αυτό μπορεί να είναι ένα θέμα ανησυχίας. Μπορεί να μην έχετε αυτοπεποίθηση τώρα, αλλά σύντομα θα υπάρξει καλή τύχη στο δρόμο σας. </KNIGHT-OF-PENTACLES-ONE >
<QUEEN-OF-PENTACLES-ONE >Αυτή η κάρτα δείχνει ότι εάν τα χρήματά σας ήταν στην κατοχή κάποιου ή είχαν χαθεί, τότε είναι πολύ πιθανό τα πράγματα να διαλευκανθούν και να επιλυθούν. Θα πάρετε τα χρήματά σας πίσω και μπορείτε επίσης να περιμένετε κάποια μικρά χρηματικά κέρδη ή μία αύξηση των εσόδων. </QUEEN-OF-PENTACLES-ONE >
<KING-OF-PENTACLES-ONE >Αυτή η κάρτα δείχνει ότι δεν θα υπάρχουν σχεδόν καθόλου προβλήματα σχετικά με τα οικονομικά σας. Θα υπάρξουν πολλές κερδοφόρες ευκαιρίες στο δρόμο σας, αλλά θα πρέπει να τις προσδιορίσετε με προσοχή. Προτείνεται να πραγματοποιήσετε τις συναλλαγές σας στο σπίτι σας ή σε ένα μέρος στην περιοχή σας, καθώς αυτό μπορεί να αποδειχθεί τυχερό για εσάς. </KING-OF-PENTACLES-ONE >
<ACE-OF-SWORDS-ONE >Αυτή η κάρτα δείχνει ότι θέματα σχετικά με τα χρήματα ή τα οικονομικά σας δεν θα αποδειχθούν να είναι όπως τα αναμένατε. Θα μπορούσε να υπάρξει κάποια ανησυχία που σχετίζεται με τα έξοδα, ιδίως από αυτά που είναι απροσδόκητα. Το εισόδημά σας θα είναι σταθερό, αλλά θα πρέπει να προσπαθήσετε σκληρά για να επιτύχετε μια ισορροπία μεταξύ της εισροής χρημάτων σας και των αυξανόμενων εξόδων σας. </ACE-OF-SWORDS-ONE >
<TWO-OF-SWORDS-ONE >Αυτή η κάρτα δείχνει ότι τα οικονομικά σας θα είναι σε τάξη και δεν θα ανησυχείτε για πολλά. Παρά το γεγονός αυτό μπορεί να υπάρξει ένα ζήτημα που μπορεί να αφορά μια νέα επιχείρηση ή δουλειά, θα τρέχουν διάφορα ​​στο μυαλό σας και θα είστε διστακτικοί στο να λάβετε μια σταθερή απόφαση. </TWO-OF-SWORDS-ONE >
<THREE-OF-SWORDS-ONE >Αυτή η κάρτα δείχνει ότι αυτή θα είναι μια καλή περίοδος για τα οικονομικά σας και θα υπάρχει μια σταθερή ροή χρημάτων. Μπορεί να κερδίσετε από τις πιο απροσδόκητες πηγές ή οι παλιές επιχειρήσεις σας να αρχίσουν να επιφέρουν κέρδη. Αν κάποιοι από τους οφειλέτες σας δεν ήταν πρόθυμοι να επιστρέψουν τα χρήματά σας, τότε τα πράγματα θα διευθετηθούν σύντομα. </THREE-OF-SWORDS-ONE >
<FOUR-OF-SWORDS-ONE >Αυτή η κάρτα δείχνει ότι η εισροή χρημάτων σας πρόκειται να είναι λίγο στάσιμη. Μπορεί επίσης να υπάρξει μια κατάσταση όπου έχετε μια διαμάχη με κάποιον συνεργάτη ή οφειλέτη σας για τα χρήματα ή μπορεί να υπάρξει κάποια απογοήτευση λόγω της καθυστέρησης πληρωμών. Αλλά αυτό το χάος θα έρθει σύντομα σε ένα τέλος και τα οικονομικά σας μετά από λίγο θα είναι σταθερά. </FOUR-OF-SWORDS-ONE >
<FIVE-OF-SWORDS-ONE >Αυτή η κάρτα δείχνει ότι θα νιώσετε χρηματική ικανοποίηση καθώς το εισόδημά σας και τα έξοδά σας θα είναι σε ισορροπία και θα κερδίζετε και από διάφορες άλλες πηγές. Όμως, παρά το γεγονός αυτό θα υπάρξει μια συνείδηση σχετικά με τα οικονομικά. Συνιστάται να μην ανησυχείτε πάρα πολύ για τα οικονομικά σας και να το ρίξετε λίγο έξω για μια στιγμή. </FIVE-OF-SWORDS-ONE >
<SIX-OF-SWORDS-ONE >Αυτή η κάρτα δείχνει ότι μπορεί να σας είναι δύσκολο να βγάλετε χρήματα και να φροντίσετε τα έξοδά σας, καθώς μπορεί να φαίνεται ότι η τύχη σας έχει γυρίσει την πλάτη σε σχέση με τα χρήματα. Όμως οι καιροί θα αλλάξουν σύντομα και θα βγάλετε κάμποσα χρήματα, χωρίς να κάνετε πολλά απλά από καθαρή τύχη και θα το απολαύσετε. </SIX-OF-SWORDS-ONE >
<SEVEN-OF-SWORDS-ONE >Αυτή η κάρτα δείχνει ότι θα νιώσετε λίγο νευρικοί ή θυμωμένοι καθώς μπορεί να χρειαστεί να λάβετε κάποιες ανεπιθύμητες αποφάσεις, αλλά μπορείτε να αφήσετε πίσω τις ανησυχίες σας, καθώς το πιθανότερο είναι ότι θα τακτοποιήσετε τα πράγματα γρήγορα. Μπορεί επίσης να υπάρξει κάποιου είδους οικονομικό όφελος που θα έρθει στο δρόμο σας ή μπορεί να κερδίσετε κάτι σύντομα. </SEVEN-OF-SWORDS-ONE >
<EIGHT-OF-SWORDS-ONE >Αυτή η κάρτα δείχνει ότι θα αισθάνεστε ότι το εισόδημά σας έχει γίνει στάσιμο και παίρνετε μόνο τα αναμενόμενα. Θα προσπαθήσετε να βρείτε εναλλακτικά μονοπάτια για να κερδίσετε λίγα χρήματα παραπάνω και να φροντίσετε τις ανάγκες σας. Φαίνεται ότι θα τα καταφέρετε επιτυχώς και θα βρείτε τελικά μια διέξοδο από τους συμβιβασμούς σας. </EIGHT-OF-SWORDS-ONE >
<NINE-OF-SWORDS-ONE >Αυτή η κάρτα δείχνει ότι αυτή πρόκειται να είναι μία από τις καλύτερες στιγμές της ζωής σας σε χρηματικούς όρους. Θα παίρνετε καλά από την τακτική εργασία σας και μπορεί επίσης να πάρετε μια αύξηση μισθού σύντομα. Μπορεί να υπάρξουν κάποιες νέες επιχειρηματικές ευκαιρίες που θα σας χτυπήσουν την πόρτα και που μπορεί να είναι πολύ κερδοφόρες ή μπορεί να βρείτε κάποια παράλληλη διαδρομή για να κερδίσετε πολλά χρήματα. </NINE-OF-SWORDS-ONE >
<TEN-OF-SWORDS-ONE >Αυτή η κάρτα δείχνει ότι αν αντιμετωπίζετε τώρα οικονομικά προβλήματα, τότε αυτά σύντομα θα επιλυθούν. Υπάρχουν επίσης πιθανότητες να μείνετε ευχάριστα έκπληκτοι, καθώς μπορεί να πάρετε κάποιου είδους χρηματικό κέρδος ή ειδικές παροχές στη δουλειά από μια παλιά επιχείρηση ή μια εκτίμηση που θα σας κάνει εκστατικούς από χαρά. </TEN-OF-SWORDS-ONE >
<PAGE-OF-SWORDS-ONE >Αυτή η κάρτα δείχνει ότι θα υπάρχει κάτι που θα σας ενοχλεί συνεχώς σχετικά με τα οικονομικά σας. Θα αισθανθείτε ανήσυχοι σχετικά με την οικονομική σας κατάσταση και θα προσπαθήσετε να περιορίσετε τα έξοδά σας. Αλλά μπορεί αυτό να σας φανεί σαν ένα ατελείωτο πρόβλημα, δεδομένου ότι δεν θα λυθεί με την πρώτη συνεδρίαση. </PAGE-OF-SWORDS-ONE >
<KNIGHT-OF-SWORDS-ONE >Αυτή η κάρτα δείχνει ότι ένας από τους φίλους σας ή τους κοντινούς σας, θα σας προσφέρει μια νέα συμφωνία για εταιρική σχέση ή να συμμετάσχετε σε μια νέα επιχείρηση. Θα αποδειχθεί μεγάλη βοήθεια, δεδομένου ότι δεν θα σας ζητήσει πολλά σε αντάλλαγμα και θα νιώσετε ικανοποιημένοι από την κίνηση αυτή. </KNIGHT-OF-SWORDS-ONE >
<QUEEN-OF-SWORDS-ONE >Αυτή η κάρτα δείχνει ότι μπορεί εξαπατηθείτε από κάποιον οικονομικά. Μπορεί να υπάρχει ένα πρόσωπο που έχει δανειστεί κάποια χρήματα από εσάς και δεν θα είναι πρόθυμο να τα δώσει πίσω όπως καθυστερημένα ενοίκια, λογαριασμοί ή υλικά. Μπορείτε επίσης να ταραχτείτε από αυτό και μπορεί να καταλήξετε σε μια διαμάχη ή αντιπαράθεση. </QUEEN-OF-SWORDS-ONE >
<KING-OF-SWORDS-ONE >Αυτή η κάρτα δείχνει ότι χρειάζεται να χαλαρώσετε και να σταματήσετε να σκέφτεστε τόσο πολύ για τα οικονομικά σας. Το εισόδημά σας θα είναι σταθερό, αλλά θα εξακολουθούν να υπάρχουν πιέσεις από την οικογένεια και τους γύρω σας λόγω κάποιων αποκρουστικών καταστάσεων που μπορεί να μην είστε σε θέση να αποφύγει. </KING-OF-SWORDS-ONE >
<ACE-OF-WANDS-ONE >Αυτή η κάρτα δείχνει ότι είναι πιθανό να έχετε κάποια χρηματικά κέρδη. Αυτά τα κέρδη θα είναι για κάτι που σχετίζεται με τις ικανότητές σας. Εάν σχεδιάζετε να κάνετε μια έκθεση της εργασίας σας ή αν έχετε βρει μια μοναδική ιδέα για την επιχείρηση σας, τότε αυτή είναι η κατάλληλη στιγμή για να την εκτελέσετε. </ACE-OF-WANDS-ONE >
<TWO-OF-WANDS-ONE >Αυτή η κάρτα δείχνει ότι αν είχατε οποιεσδήποτε οικονομικές διαφορές ή ήσασταν σκεπτικοί για ορισμένες οικονομικές συμφωνίες, τότε τελικά θα συμφωνηθούν και θα διευθετηθούν και αυτό θα σας ανακουφίσει. Υπάρχουν πιθανότητες τα κέρδη σας στην επιχείρησή σας να αυξηθούν ή μπορεί να πάρετε μια αύξηση στο μισθό σας σύντομα. </TWO-OF-WANDS-ONE >
<THREE-OF-WANDS-ONE >Αυτή η κάρτα προτείνει να μείνετε σε επαφή με τους φίλους και τους συναδέλφους σας, καθώς θα αποδειχθούν μεγάλη οικονομική βοήθεια τώρα. Οι επιχειρήσεις ή η εργασία σας θα αρχίσουν να ανθίζουν και να σας φέρνουν περισσότερα κέρδη από όσα αναμενόταν. Θα κάνετε μια επιχειρηματική συμφωνία που θα σας δώσει τα πρόσθετα οφέλη περιμένατε με τόση ανυπομονησία. </THREE-OF-WANDS-ONE >
<FOUR-OF-WANDS-ONE >Αυτή η κάρτα δείχνει ότι τα οικονομικά σας θα είναι σταθερά τώρα και θα λάβετε χρήματα από αρκετές πηγές. Δεν θα έχετε κανένα πρόβλημα στο να καθαρίσετε τις οικονομικές συναλλαγές σας καθώς η δουλειά σας θα είναι πλέον ομαλή και θα τα πάτε πολύ καλύτερα από ό,τι τα πηγαίνατε προηγουμένως. </FOUR-OF-WANDS-ONE >
<FIVE-OF-WANDS-ONE >Αυτή η κάρτα δείχνει ότι θα έχετε κάποια τύχη στα χρήματα. Αν έχετε οποιοδήποτε είδος οικονομικών διαφορών που σχετίζονται με την ιδιοκτησία ή τις επενδύσεις, τότε είναι πολύ πιθανό ότι θα έχετε το πάνω χέρι. Θα χειριστείτε καλά τα οικονομικά σας και αυτό θα σας βοηθήσει να εξοικονομήσετε αρκετά για τη φροντίδα των προσδοκιών της οικογένειάς σας. </FIVE-OF-WANDS-ONE >
<SIX-OF-WANDS-ONE >Αυτή η κάρτα δείχνει ότι θα επικρατήσουν ορισμένα προβλήματα που σχετίζονται με ένα πρόσωπο ή ένα μέρος που κρατάει τα χρήματά σας. Αυτό μπορεί να σας κάνει να αισθανθείτε πάρα πολύ ανήσυχοι και μπορεί να υπάρξουν φορές που γίνεστε τσιγκούνηδες χωρίς να το συνειδητοποιείτε. Αλλά αυτή η δύσκολη στιγμή θα περάσει σύντομα και τα χρήματά σας θα επιστρέψουν. </SIX-OF-WANDS-ONE >
<SEVEN-OF-WANDS-ONE >Αυτή η κάρτα δείχνει ότι, αν υπήρχαν οποιεσδήποτε δυσκολίες ή εμπόδια σε σχέση με τα χρήματά σας, τότε σύντομα θα επιλυθούν. Θα καρπωθείτε τα οφέλη των προγραμμάτων εξοικονόμησης και των έξυπνων νομισματικών κινήσεών σας, πράγμα που θα σας κάνει να νιώσετε ικανοποίηση και χαρά και αυτό μπορεί επίσης να οδηγήσει σε μια μικρή απόλαυση που θα κοστίζει, αλλά το αξίζετε! </SEVEN-OF-WANDS-ONE >
<EIGHT-OF-WANDS-ONE >Αυτή η κάρτα δείχνει ότι τα πράγματα θα αλλάξουν προς το καλύτερο πολύ σύντομα. Η οικονομική σας κατάσταση θα ανθίσει περισσότερο από ό,τι αναμενόταν, καθώς θα κάνετε νέες κερδοφόρες συμφωνίες στην εταιρεία σας που θα σας βοηθήσουν επίσης να κερδίσετε βραβεία και θα υπάρξουν πολλές συναντήσεις που θα κάνετε και στις οποίες θα δημιουργήσετε κερδοσκοπικές ευκαιρίες στο εγγύς μέλλον. </EIGHT-OF-WANDS-ONE >
<NINE-OF-WANDS-ONE >Αυτή η κάρτα δείχνει ότι η οικονομική σας κατάσταση θα εξισορροπηθεί σχεδόν απόλυτα τώρα, καθώς μπορεί να έχετε κάποια κέρδη αλλά και κάποιες απώλειες σε σύντομο χρονικό διάστημα. Αλλά δεν υπάρχει λόγος ανησυχίας καθώς θα κερδίζετε όσα πρέπει για να είστε ικανοποιημένοι και να φροντίσετε για τις καθημερινές δαπάνες σας και θα είστε σε θέση να βρείτε περισσότερες πηγές εισοδήματος. </NINE-OF-WANDS-ONE >
<TEN-OF-WANDS-ONE >Αυτή η κάρτα δείχνει ότι θα είστε λίγο επιφυλακτικοί με τις χρηματικές συναλλαγές σας τώρα και μπορεί να υπάρχουν κάποιες διαμάχες με έναν πελάτη ή τον προϊστάμενό σας, οι οποίες θα μπορούσαν να οδηγήσουν σε κάποια προβλήματα. Θα θέλετε να κοιτάξετε πέρα ​​από αυτές τις ενοχλητικές καταστάσεις για να βρείτε περισσότερες πηγές εισοδήματος, αλλά αυτό θα αποδειχθεί να είναι πιο δύσκολο από όσο νομίζατε. </TEN-OF-WANDS-ONE >
<PAGE-OF-WANDS-ONE >Αυτή η κάρτα δείχνει ότι θα δείτε να έρχονται κάποια κέρδη από ορισμένα τμήματα της εργασίας σας, ενώ ορισμένες άλλες περιοχές θα εξακολουθούν να παραμένουν αδύναμες. Μπορεί επίσης να υπάρξουν προβλήματα με τις συναλλαγές με τράπεζες ή με οικονομικά έγγραφα. </PAGE-OF-WANDS-ONE >
<KNIGHT-OF-WANDS-ONE >Θα υπάρξει εισροή χρημάτων από κάποιες απρόσμενες πηγές, αλλά όχι κάποιο σημαντικό ποσό. Η προσπάθεια συλλογής των χρημάτων σας από τους οφειλέτες σας θα γίνει λίγο κουραστική και δεν καταφέρετε να πάρετε αυτά που περιμένατε πραγματικά το οποίο μπορεί να προκαλέσει κάποιες διαμάχες και απογοήτευση. </KNIGHT-OF-WANDS-ONE >
<QUEEN-OF-WANDS-ONE >Μπορεί να είστε σε μια διάθεση να ξοδέψετε και να χαλάσετε περισσότερα από όσα περιμένατε με αποτέλεσμα να πάθετε ένα σοκ βλέποντας το λογαριασμό της πιστωτικής σας κάρτας. Αυτό μπορεί να σας αναστατώσει για λίγο και θα πρέπει να σκεφτείτε εναλλακτικές λύσεις για αυτή την κατάσταση. Αλλά η απόφασή σας εν τέλη θα αποδειχθεί ευεργετική αργότερα στη ζωή σας. </QUEEN-OF-WANDS-ONE >
<KING-OF-WANDS-ONE >Αυτή η κάρτα δείχνει ότι θα κερδίζετε χρήματα από την κανονική δουλειά σας, αλλά θα προσπαθήσετε να πάρετε τις καλύτερες προσφορές και από άλλες πηγές. Αλλά η αγορά θα γίνει πολύ απαιτητική και αν έχετε τη δική σας επιχείρηση, τότε θα πρέπει να αγωνιστείτε λίγο περισσότερο για να πάρετε νέες επαφές και έργα. Για όσους είναι υπάλληλοι, ενδέχεται να υπάρξει κάποιος οξύς ανταγωνισμός που θα χρειαστεί να αντιμετωπίσετε σύντομα. </KING-OF-WANDS-ONE >
<THE-MAGICIAN-ONE >Αυτή η κάρτα δείχνει νέα ξεκινήματα στη ζωή σας από την άποψη των επιχειρήσεων, αλλά και των νομισματικών συναλλαγών. Μπορείτε να είστε σίγουροι ότι οι οικονομικές προσπάθειές σας θα είναι επιτυχημένες, καθώς ο χρόνος μπροστά είναι γεμάτος ευημερία και επιτυχία όταν πρόκειται για νέες επιχειρήσεις και άλλες συναλλαγές. </THE-MAGICIAN-ONE >
<THE-HIGH-PRIESTESS-ONE >Αυτή η κάρτα δείχνει ότι θα πρέπει να κρατήσετε τα πράγματα υπό έλεγχο για λίγο. Θα περιμένετε ένα δέμα ή φάκελο ή μια άφιξη για κάτι που σχετίζεται με τα οικονομικά σας. Αυτό μπορεί να διαρκέσει λίγο περισσότερο από ό,τι αναμενόταν, αλλά τελικά θα καρπωθείτε τα οφέλη της μακράς αναμονής. </THE-HIGH-PRIESTESS-ONE >
<THE-EMPRESS-ONE >Αυτή η κάρτα δείχνει ότι θα πρέπει να γίνετε λίγο πιο οργανωμένοι με τις οικονομικές συναλλαγές σας και να είστε προσεκτικοί με τις πληροφορίες που μοιράζεστε με τους συνεργάτες ή τους συναδέλφους σας. Αλλά μπορείτε να απελευθερώσετε τις εντάσεις σας καθώς ένα υποσχόμενο ποσό που είναι σε μεταβατικό στάδιο θα βρει σύντομα το δρόμο του προς εσάς. </THE-EMPRESS-ONE >
<THE-EMPEROR-ONE >Αυτή η κάρτα δείχνει ότι αν υπάρχουν κάποια χρήματα ή κάποια οικονομικά έγγραφα που έχουν κολλήσει, τότε σύντομα θα εκκαθαριστούν. Θα υπάρξει μια αιτία για εορτασμό, όπως μια αύξηση στην αμοιβή σας ή κάποιου είδους οικονομικό όφελος που θα σας προκαλέσει να το ρίξετε λίγο έξω, αλλά δεν χρειάζεται να αισθάνεστε ένοχοι. </THE-EMPEROR-ONE >
<THE-HIEROPHANT-ONE >Αυτή η κάρτα δείχνει ότι θα πρέπει να ισοσκελίσετε λίγο τα έσοδα και τα έξοδά σας και θα πρέπει να κρατήσετε ένα έλεγχο στα έξοδά σας. Θα έχετε κάποια προβλήματα στο να πάρετε κάποια χρήματα από τους οφειλέτες σας. Παρά το γεγονός ότι ανησυχήσετε, τα πράγματα θα τρέχουν ακόμα ομαλά οικονομικά. </THE-HIEROPHANT-ONE >
<THE-LOVERS-ONE >Αυτή η κάρτα δείχνει ότι θα υπάρξει μια καλή εισροή χρημάτων, καθώς μπορεί να πάρετε προσφορές, προστιθέμενα μπόνους και άλλες παροχές. Αυτό θα σας βοηθήσει να διατηρήσετε οικονομική σταθερότητα και δεν θα χρειαστεί να ανησυχείτε πραγματικά για ελλείψεις τώρα. Θα υπάρξουν επίσης κάποια επιπλέον έξοδα, καθώς θα έχετε ένα λόγο για να γιορτάσετε σύντομα. </THE-LOVERS-ONE >
<THE-CHARIOT-ONE >Θα έχετε αρκετό στρες γιατί τα χρήματα σας θα κολλήσουν με ανθρώπους και λοιπές συναλλαγές και θα είναι δύσκολο να τα ανακτήσετε. Αυτό θα μπορούσε επίσης να οδηγήσει σε ορισμένα νομικά ζητήματα τα οποία θα είναι ακόμη πιο απογοητευτικά. Αλλά τα πράγματα τελικά θα διευκολύνουν καθώς η σκληρή δουλειά σας θα σας επιφέρει χρήματα από άλλες απροσδόκητες πηγές. </THE-CHARIOT-ONE >
<STRENGTH-ONE >Αυτή η κάρτα δείχνει ότι θα σκέφτεστε πιο πρακτικά τώρα σχετικά με τις χρηματικές συναλλαγές. Αυτή είναι μια καλή στιγμή για να ανακτήσετε τα χρήματά σας από οφειλέτες που έπρεπε να είχαν καταβληθεί νωρίτερα, αλλά καθυστέρησαν για διάφορους λόγους. Θα οργανώσετε όλα τα οικονομικά σας έγγραφα και αυτό θα σας βοηθήσει πολύ σε ένα πρόβλημα. </STRENGTH-ONE >
<THE-HERMIT-ONE >Αυτή η κάρτα δείχνει ότι έρχεται κάποιο απροσδόκητο εισόδημα ή μπόνους. Αυτό θα σας αφήσει ευχάριστα σοκαρισμένους και πολύ χαρούμενους και μπορεί επίσης να αποτελέσει αιτία για κάποια απολαυστικά έξοδα ή κάποιου είδους γιορτή με τους φίλους και την οικογένειά σας. Μπορείτε επίσης να σχεδιάσετε διακοπές με τους αγαπημένους σας καθώς θα έρχονται τα χρήματά σας από τους οφειλέτες. </THE-HERMIT-ONE >
<WHEEL-OF-FORTUNE-ONE >Αυτή η κάρτα δείχνει ότι θα υπάρξει μια αιτία ανησυχίας, καθώς θα παρατηρήσετε ότι η επιχείρησή σας δεν έχει αρκετά κέρδη και υπάρχουν κάποιες τρύπες που δεν είχατε δει νωρίτερα. Κάποια καθοδήγηση και βοήθεια από ένα αγαπημένο σας πρόσωπο θα σας βοηθήσει να ξεπεράσετε τις οικονομικές ανησυχίες σας. </WHEEL-OF-FORTUNE-ONE >
<JUSTICE-ONE >Αυτή η κάρτα δείχνει ότι αυτή θα είναι μια δύσκολη στιγμή για σας οικονομικά. Θα δείτε ότι η επιχείρησή σας δεν τα πάει πολύ καλά ή ότι άλλες πηγές εισοδήματός σας εξαντλούνται με τον ένα ή τον άλλο τρόπο. Μπορεί να έρθουν κάποιες δύσκολες στιγμές που θα χρειαστεί να αντιμετωπίσετε, αλλά να είστε σίγουροι ότι οι καιροί θα αλλάξουν σύντομα προς το καλύτερο τουλάχιστον οικονομικά. </JUSTICE-ONE >
<THE-HANGED-MAN-ONE >Αυτή η κάρτα δείχνει ότι θα πρέπει να αντιμετωπίσετε κάποιες οικονομικές πτώσεις αν και μικρής σημασίας, επειδή κάποιος σας εξαπάτησε ή σας παραπλάνησε για δικό του όφελος. Αλλά θα το συνειδητοποιήσετε αυτό σύντομα και θα λάβετε τα απαραίτητα μέτρα για να πάρετε αυτό που σας αξίζει. </THE-HANGED-MAN-ONE >
<DEATH-ONE >Αυτή η κάρτα δείχνει ότι θα υπάρξει κάποια ένταση σε σχέση με τα χρήματα. Είναι πιθανό ότι υπεστήκατε κάποια τεράστια οικονομική αναποδιά πρόσφατα ή ότι κάποιος που περιμένατε να σας επιστρέψει ένα τεράστιο χρηματικό ποσό έφυγε μακριά. Η κατάσταση αυτή θα σας κρατήσει σε εγρήγορση και θα έχετε τα μάτια σας δεκατέσσερα. </DEATH-ONE >
<TEMPERANCE-ONE >Αυτή η κάρτα δείχνει ότι τα οικονομικά σας θα έχουν τώρα κάποια σκαμπανεβάσματα. Θα είναι σαν το τρενάκι στο λούνα παρκ, όπου τη μία στιγμή θα έχετε τα χρήματα, και την άλλη όχι. Αυτό μπορεί να είναι λίγο χαοτικό στην αρχή, αλλά η επιχείρησή σας θα σας επιφέρει αρκετά κέρδη για να νιώσετε ικανοποιημένοι. </TEMPERANCE-ONE >
<THE-DEVIL-ONE >Αυτή η κάρτα δείχνει ότι θα έχετε να αντιμετωπίσετε πολλά οικονομικά προβλήματα. Αυτά μπορεί να συμβούν λόγω κάποιων ατυχών αποφάσεων, ενός προβλήματος υγείας στην οικογένεια ή άλλων νομικών θεμάτων. Θα συνεχιστούν για κάποιο διάστημα, αλλά τα πράγματα θα βελτιωθούν σύντομα. </THE-DEVIL-ONE >
<THE-TOWER-ONE >Αυτή η κάρτα δείχνει ότι μπορεί να χρειαστεί να αντιμετωπίσετε μια οικονομική αναποδιά, λόγω κάποιων απρόβλεπτων δαπανών. Οι επιχειρήσεις σας μπορεί να μην έχουν τα απαιτούμενα κέρδη και αυτό θα είναι λόγος σοβαρής ανησυχίας. Υπάρχει επίσης μια πιθανότητα να χάσετε έναν από τους σημαντικότερους πελάτες σας ή το πιο κερδοφόρο έργο. </THE-TOWER-ONE >
<THE-STAR-ONE >Θα πάρετε νέα έργα και επιχειρηματικές ευκαιρίες που θα οδηγήσουν σε καλή εισροή χρημάτων. Υπάρχει επίσης μια πιθανότητα να έχετε κάποιο χρηματικό κέρδος καθώς το μέλλον σας από την άποψη της ευημερίας φαίνεται λαμπρό. Προτείνεται να μην το ρίξετε πολύ έξω πάνω στον εορτασμό σας γιατί μπορεί να μην συνειδητοποιήσετε πότε θα το έχετε παρακάνει με τα έξοδά σας. </THE-STAR-ONE >
<THE-MOON-ONE >Αυτή η κάρτα δείχνει ότι θα είστε ελαφρώς δυσαρεστημένοι με τον τρόπο που εξελίσσονται τα πράγματα, όταν πρόκειται για τα οικονομικά σας. Μπορεί να υπάρξει κάποιος που θα σας επιστρέψει το ποσό του χρέους, αλλά μπορεί να αρνηθεί να πληρώσει τους τόκους. Μπορεί να σας έχουν εκλάβει ως δεδομένους, αλλά θα ξέρετε πώς να το αντιμετωπίσετε. </THE-MOON-ONE >
<THE-SUN-ONE >Αυτή η κάρτα δείχνει ότι οποιαδήποτε στάσιμη εισροή χρημάτων θα επιλυθεί και νέες ευκαιρίες θα σας χτυπήσουν την πόρτα. Αν είχατε κολλήσει σε κάποια προβλήματα με την τράπεζα ή με την χορήγηση ενός δανείου, τότε είναι πιθανό να ξεπεραστούν. Μπορεί επίσης να ανοίξουν νέοι λεωφόροι εισοδήματος και σύντομα θα υπάρξουν καλά οικονομικά νέα που έρχονται μέσω του ταχυδρομείου. </THE-SUN-ONE >
<JUDGEMENT-ONE >Αυτή η κάρτα δείχνει ότι αυτή θα είναι μια καλή περίοδος για τα οικονομικά σας. Αν υπήρχαν οποιεσδήποτε νομισματικές ετυμηγορίες, τότε είναι πολύ πιθανό ότι θα είναι υπέρ σας. Θα υπάρξουν χρηματικά κέρδη στη μορφή μερισμάτων και αποπληρωμής χρεών και η οικονομική σας κατάσταση θα βελτιωθεί σύντομα. </JUDGEMENT-ONE >
<THE-WORLD-ONE >Αυτή η κάρτα δείχνει ότι θα έχετε την ευκαιρία να λάβετε χρήματα από τις πιο απροσδόκητες πηγές. Μπορεί να σας χτυπήσει την πόρτα σύντομα μια χρηματική επιταγή ή μπορεί να καρπωθείτε τα οφέλη της σκληρής δουλειάς σας με τη μορφή μπόνους. Θα υπάρξουν χρήματα που ρέουν από διάφορες πηγές σε μικρές ποσότητες. </THE-WORLD-ONE >
<THE-FOOL-ONE >Αυτή η κάρτα δείχνει ότι, αν υπήρχαν οποιαδήποτε χρήματα που είχαν κολλήσει κάπου τότε σύντομα ληφθούν. Αυτή την περίοδο, εσείς μαζί με την οικογένειά σας ή έναν κοντινό σας θα ανοίξετε μια νέα επιχείρηση ή θα αποφασίσετε να κάνετε μια τεράστια επένδυση. Αυτή θα είναι μια κρίσιμη απόφαση στη ζωή σας, γι' αυτό προτείνεται να ζυγίσετε τα υπέρ και τα κατά πριν κάνετε το πρώτο βήμα.</THE-FOOL-ONE >
    </ROOT>
