{
  "project_info": {
    "project_number": "40202550237",
    "project_id": "allinonevideoeditro",
    "storage_bucket": "allinonevideoeditro.appspot.com"
  },
  "client": [
    {
      "client_info": {
        "mobilesdk_app_id": "1:40202550237:android:8dbdd00e2fb9257018d434",
        "android_client_info": {
          "package_name": "com.kotlinz.videoeditor"
        }
      },
      "oauth_client": [
        {
          "client_id": "40202550237-qsbeb7fjrei0asgpcq32shkva2leaki9.apps.googleusercontent.com",
          "client_type": 3
        }
      ],
      "api_key": [
        {
          "current_key": "AIzaSyB64lujChqRfsYgjANRhRUR2U_AYM_yd98"
        }
      ],
      "services": {
        "appinvite_service": {
          "other_platform_oauth_client": [
            {
              "client_id": "40202550237-qsbeb7fjrei0asgpcq32shkva2leaki9.apps.googleusercontent.com",
              "client_type": 3
            }
          ]
        }
      }
    }
  ],
  "configuration_version": "1"
}