<?xml version="1.0" encoding="utf-8" ?>
<ROOT>
<ACE-OF-CUPS-ONE>
Lá bài này cho biết giờ là lúc để hiểu rõ những ước mơ của bạn, để thử những điều mới và thử nghiệm đôi chút. Chỉ khi đó bạn mới biết mình thực sự muốn đạt được điều gì, nhờ đó bạn sẽ thấy hài lòng và mãn nguyện.
</ACE-OF-CUPS-ONE>
<TWO-OF-CUPS-ONE>	
Có thể bạn đang trải qua một giai đoạn khó khăn nhưng sẽ có người sẵn lòng giúp đỡ bạn. Nếu đang có nợ thì có thể bạn sẽ hết nợ, những vẫn đề cũ được giải quyết và cuối cùng bạn sẽ tiến tới các mục tiêu của mình. Tuy nhiên đừng bực bội vì mọi chuyện sẽ tiến triển chậm rãi và chắc chắn.
</TWO-OF-CUPS-ONE>
<THREE-OF-CUPS-ONE>	
Lá bài này cho biết bạn sẽ phải can đảm hơn để đưa ra những ý tưởng của mình thay vì e sợ rủi ro. Nếu làm được việc này, bạn sẽ có những cải thiện vượt bậc và nếu bạn đang gặp bất kỳ chuyện buồn nào thì nó sẽ chấm dứt. Bạn sẽ phải vượt qua một số trở ngại nhưng kết quả cuối cùng sẽ viên mãn.
</THREE-OF-CUPS-ONE>
<FOUR-OF-CUPS-ONE>	
Lá bài này cho biết bạn cần dành thời gian cho bản thân thay vì luôn chạy đôn chạy đáo cho nhu cầu của người khác. Bạn sẽ tìm kiếm những điều khiến mình thấy thoải mái và bạn sẽ tìm được chúng. Tuy nhiên bạn sẽ thấy đôi chút không vui và bối rối, điều đó khiến bạn dễ nổi cáu nhưng cuối cùng thì bạn cũng vượt qua.
</FOUR-OF-CUPS-ONE>
<FIVE-OF-CUPS-ONE>	
Đừng chạy theo thứ tốt mã. Hãy chờ đến khi bạn nắm rõ bản chất của nó. Bạn sẽ cần thời gian để hiểu được cảm nhận của mình đối với những thứ xung quanh nhưng sẽ vẫn mạnh mẽ đưa ra một số quyết định khó khăn nhưng quan trọng.
</FIVE-OF-CUPS-ONE>
<SIX-OF-CUPS-ONE>	
Giờ đây bạn cần thư giãn và để ý tưởng tuôn trào tự nhiên. Mọi việc sẽ sớm bắt đầu vào đúng chỗ của chúng và một tình huống ngoài dự kiến sẽ xảy ra và nó đóng vai trò quan trọng giúp bạn hiện thực ước mơ của mình. Có thể bạn cảm thấy mất mát nhưng nó sẽ sớm qua đi.
</SIX-OF-CUPS-ONE>
<SEVEN-OF-CUPS-ONE>	
Lá bài này cho biết bạn có thể gặp một vài vấn đề trong công việc khiến bạn phiền lòng nhưng bạn sẽ sớm nhìn lại bản thân và các hành động của mình và điều này mang đến cảm giác thức tỉnh, mãn nguyện và khiến bạn hạnh phúc.
</SEVEN-OF-CUPS-ONE>
<EIGHT-OF-CUPS-ONE>	
Lá bài này cho thấy một vận may trong tương lai. Bạn sẽ có những cơ hội mới trong cuộc sống cá nhân và công việc giúp bạn đến gần mục tiêu của mình hơn. Những tranh cãi và vấn đề cũ sẽ được hóa giải và bạn sẽ nhận thấy tất cả rắc rối và chán chường sẽ vơi dần.
</EIGHT-OF-CUPS-ONE>
<NINE-OF-CUPS-ONE>	
Lá bài này cho biết bạn không nên quyết định vội vã hay kết luận quá sớm trước khi đánh giá tình huống từ mọi mặt. Bạn sẽ tìm kiếm sự nâng đỡ cảm xúc từ những người xung quanh và họ sẽ sẵn lòng dành cho bạn nhiều sự quan tâm. Kiên nhẫn là đức tính tuyệt vời nhất và tập kiên nhẫn sẽ giúp bạn có được tinh thần mãn nguyện.
</NINE-OF-CUPS-ONE>
<TEN-OF-CUPS-ONE>	
Lá bài này cho biết bạn sẽ có sự chấp thuận và phản hồi tích cực từ những người liên quan và điều này sẽ tái khẳng định vị trí của bạn. Mong ước hay một khát khao đặc biệt của bạn cuối cùng sẽ trở thành hiện thực và điều này sẽ giúp bạn có thời gian thảnh thơi như bạn mong muốn.
</TEN-OF-CUPS-ONE>
<PAGE-OF-CUPS-ONE>	
Lá bài này cho biết bạn vẫn chưa rõ mình thực sự muốn gì và bạn sẽ phải sớm đưa ra những quyết định mà bạn có thể cần trợ giúp. Mọi việc sẽ có vẻ khá rối ren và không trọn vẹn nhưng khi bạn hiện thực mơ ước của mình, mọi việc sẽ bắt đầu hé mở.
</PAGE-OF-CUPS-ONE>
<KNIGHT-OF-CUPS-ONE>	
Giờ đây bạn sẽ cảm thấy cần không khí tươi mới hay một sự thay đổi và đi ra ngoài là việc làm tốt nhất. Hãy lắng nghe trực giác để tìm lối đi bởi đó là nguồn đáng tin cậy nhất. Sẽ có những thay đổi xảy ra trong đời sống của bạn và đó là những thay đổi tích cực.
</KNIGHT-OF-CUPS-ONE>
<QUEEN-OF-CUPS-ONE>	
Giờ đây chiến thuật lôi cuốn và thuyết phục sẽ giúp bạn tiến xa. Sẽ có những thế lực ngầm phù trợ bạn đạt được điều mình muốn nhưng mọi việc có thể không hoàn hảo như bạn nghĩ. Tuy nhiên thời gian và số phận sẽ tìm cách này hay cách khác để giúp bạn có được điều mình muốn.
</QUEEN-OF-CUPS-ONE>
<KING-OF-CUPS-ONE>	
Đừng hài lòng với những điều tầm thường nếu bạn biết rằng mình có thể làm tốt hơn thế. Công việc và cuộc sống cá nhân của bạn sẽ được nâng lên một tầm cao mới. Điều này sẽ gần giống như một phép màu và bạn sẽ sớm gặp một người đặc biệt hoặc nếu bạn đã quyết tâm thì mọi vấn đề hiện tại sẽ sớm hóa giải.
</KING-OF-CUPS-ONE>
<ACE-OF-PENTACLES-ONE>	
Đừng quá cứng nhắc trong bất kỳ việc gì, hãy cố gắng thả lỏng và tham gia các hoạt động thú vị. Điều này sẽ giúp bạn duy trì sự lạc quan vui vẻ. Bạn sẽ có tâm lý tốt hơn để đạt được điều mình muốn. Vận may sẽ mỉm cười với bạn và cuối cùng thành công sẽ đến.
</ACE-OF-PENTACLES-ONE>
<TWO-OF-PENTACLES-ONE>	
Bạn không thể chạy theo sau quá nhiều điều và kỳ vọng đạt được chúng. Bạn sẽ phải lưu ý và làm những việc ưu tiên. Nếu làm được vậy, bạn sẽ suy nghĩ mạch lạc hơn và có tư tưởng cân bằng giúp bạn đến gần hạnh phúc hơn.
</TWO-OF-PENTACLES-ONE>
<THREE-OF-PENTACLES-ONE>	
Những cơ hội mới sẽ đến với bạn do đó đừng ngại phải cố gắng đôi chút để có thể tận dụng chúng tốt nhất. Điều này đặc biệt có ích trong các dự án mới của bạn và bạn cũng nên cân nhắc khả năng liên doanh vì nó sẽ có lợi.
</THREE-OF-PENTACLES-ONE>
<FOUR-OF-PENTACLES-ONE>	
Bạn sẽ cần nhận ra rằng ước mơ cũng phải thực tế và bạn sẽ phải dừng mơ ước viển vông. Sẽ có những thăng tiến mới trong sự nghiệp của bạn nhưng có thể bạn cũng gặp một số sao nhãng liên quan tới cuộc sống cá nhân. Tuy nhiên bạn sẽ vượt qua để bắt đầu lại từ đầu với những người thân yêu.
</FOUR-OF-PENTACLES-ONE>
<FIVE-OF-PENTACLES-ONE>	
Đây là lúc công việc và những vấn đề khác liên quan đến công việc của bạn gặp khó khăn. Bạn có thể phải đối mặt một số tình cảnh không như ý nhưng thời gian sẽ chữa lành vết thương và mọi việc sẽ trở lại bình thường.
</FIVE-OF-PENTACLES-ONE>
<SIX-OF-PENTACLES-ONE>	
Đừng e ngại theo đuổi mơ ước và hãy tin vào quyết định của bản thân. Sẽ có những tình huống nhất định chưa được giải quyết nhưng thái độ tích cực sẽ giúp bạn thanh thản bất chấp những rắc rối. Bạn sẽ nhận thấy sự kiên nhẫn sẽ giúp bạn vượt qua những hoàn cảnh khó khăn.
</SIX-OF-PENTACLES-ONE>
<SEVEN-OF-PENTACLES-ONE>	
Những ý tưởng và cách tiếp cận mới sẽ đến với bạn và bạn sẽ lập tức nhận ra khả năng của mình để tận dụng điều này. Bạn sẽ quyết tâm và chăm chỉ nhưng khá tất bật và sẽ nghĩ ra cách để đảm bảo thành công. Bạn không nên vội vàng lao vào mọi việc trước khi cân nhắc mọi khả năng.
</SEVEN-OF-PENTACLES-ONE>
<EIGHT-OF-PENTACLES-ONE>	
Không nên cố gượng ép mọi việc hay xoay chuyển tình thế để có lợi cho bản thân. Hãy thuận theo thời gian và chắc chắn bạn sẽ thấy mọi việc trở nên suôn sẻ. Không nên kỳ vọng vào một phép màu nhưng bạn sẽ gặt hái thành công theo những cách không ngờ tới và điều đó khiến bạn hài lòng. Một số điều có thể trở thành hiện thực về sau và bạn sẽ trưởng thành hơn.
</EIGHT-OF-PENTACLES-ONE>
<NINE-OF-PENTACLES-ONE>	
	Nếu bạn có cơ hội thăng tiến hay cơ hội khác, đừng ngại nói lên khao khát của mình. Một số công tác xã hội sẽ mang đến may mắn nhưng chỉ về mặt xã hội và cảm xúc, bạn sẽ phải chủ động để mọi việc thuận lợi về mặt cá nhân.
</NINE-OF-PENTACLES-ONE>
<TEN-OF-PENTACLES-ONE>	
Lá bài cho biết bạn nên gần gũi với người thân vì đây là lúc sự ủng hộ sẽ làm nên điều kỳ diệu. Bạn sẽ tham gia một số hoạt động có thể giúp bạn thức tỉnh tâm linh. Bạn sẽ gặp gỡ người mới và có thể bạn sẽ gắn bó với một người trong số họ.
</TEN-OF-PENTACLES-ONE>
<PAGE-OF-PENTACLES-ONE>	
Lá bài này cho biết bạn đã chấp nhận một số lựa chọn rủi ro và một vài lựa chọn đó có thể đã không như kỳ vọng của bạn. Điều này có thể khiến bạn không bằng lòng nhưng cuối cùng bạn sẽ vượt qua vì một người thân sẽ định hướng bạn.
</PAGE-OF-PENTACLES-ONE>
<KNIGHT-OF-PENTACLES-ONE>	
"Đây là lúc trực giác của bạn nhạy bén nhất và chỉ cho bạn con đường đúng đắn như người ta thường nói ""hãy nghe theo trái tim"". Chẳng mấy chốc bạn sẽ thực hiện được ước mơ của mình và rất có thể vũ trụ sẽ giúp bạn thành công với điều bạn khao khát."
</KNIGHT-OF-PENTACLES-ONE>
<QUEEN-OF-PENTACLES-ONE>	
Lá bài này cho biết bạn sẽ thành công từng bước một nhờ nỗ lực chăm chỉ nhưng bạn sẽ vẫn phải chờ thành công cuối cùng như mình mong muốn. Bạn rất có thể sẽ gặp một người bạn cũ hoặc một người vui vẻ tại nơi làm việc mà bạn sẽ dành nhiều thời gian với họ.
</QUEEN-OF-PENTACLES-ONE>
<KING-OF-PENTACLES-ONE>	
Nếu bạn chân thành với chính mình và trong những nỗ lực bỏ ra, bạn sẽ sớm đạt được điều mình muốn trước khi bạn nhận thấy. Bạn sẽ phải đi theo những hướng mới trong cuộc sống mà sau cùng chúng sẽ giúp bạn đạt được những tham vọng của mình. Sự lôi cuốn của bạn sẽ lớn nhất trong những buổi tụ tập giao lưu.
</KING-OF-PENTACLES-ONE>
<ACE-OF-SWORDS-ONE>	
Lá bài này cho biết bạn sẽ phải lấy lại tự tin để có thể tiến về phía trước. Vận may sẽ ưu ái bạn, những âu lo sẽ được giải tỏa và bạn sẽ hiểu ra một điều mới về bản thân và mọi thứ xung quanh. Mọi việc sẽ diễn ra theo chiều hướng tốt đẹp hơn đối với bạn trong cuộc sống lẫn công việc.
</ACE-OF-SWORDS-ONE>
<TWO-OF-SWORDS-ONE>	
Bạn đang quá rụt rè khi nhận sự trợ giúp hay hướng dẫn từ người khác nhưng nếu muốn có tầm nhìn rõ ràng bạn cần để họ giúp. Bạn sẽ đạt được một số điều mình muốn dù tình hình khó khăn và cuối cùng bạn sẽ thấy tự tin về bản thân.
</TWO-OF-SWORDS-ONE>
<THREE-OF-SWORDS-ONE>	
Lá bài này cho biết bạn cần dẹp nỗi sợ hãi của mình sang một bên và làm những việc mình muốn dù chúng có hơi điên rồ bởi giai đoạn này là tạm thời và bạn nên tận dụng nó. Bạn sẽ cố gắng giữ lấy những điều mình có và cố gắng lấy lại những thứ đã mất nhưng có những điều ngoài tầm kiểm soát của bạn nên bạn sẽ phải buông bỏ.
</THREE-OF-SWORDS-ONE>
<FOUR-OF-SWORDS-ONE>	
Lá bài này cho biết đây là lúc bạn cần đòi hỏi điều bạn xứng đáng được nhận sau những nỗ lực bởi bạn không thể phó mặc mọi việc cho số phận. Bạn có thể phải trải qua những khó khăn nhất định nhưng giai đoạn này sẽ qua đi. Bạn cũng sẽ phải chăm sóc sức khỏe bản thân trước khi dồn sức theo đuổi mơ ước của mình.
</FOUR-OF-SWORDS-ONE>
<FIVE-OF-SWORDS-ONE>	
Lá bài này cho biết bạn sẽ đạt thành công xứng đáng trong một số lĩnh vực mong muốn nhưng cuộc sống sẽ không chỉ màu hồng. Có những lĩnh vực bạn sẽ được cái nọ mất cái kia và mặc dù đạt được điều mình muốn, bạn sẽ vẫn cảm thấy một chút không vừa ý.
</FIVE-OF-SWORDS-ONE>
<SIX-OF-SWORDS-ONE>	
Bạn sẽ gặp rắc rối trong một số lĩnh vực và bạn sẽ phải đứng lên đấu tranh cho bản thân thay vì phó mặc cho số phận. Bạn sẽ suy nghĩ nghiêm túc về một tình huống đặc biệt và cuối cùng sẽ quyết định gác lại sau lưng một số mặt đời sống để có một khởi đầu mới.
</SIX-OF-SWORDS-ONE>
<SEVEN-OF-SWORDS-ONE>	
Bạn sẽ cảm thấy đôi chút căng thẳng vì hoàn cảnh và bạn sẽ phải cân bằng cuộc sống thể chất và cảm xúc. Căng thẳng quá mức sẽ không tốt và có thể cản trở bạn đạt được mục tiêu của mình. Tuy nhiên bạn sẽ được người thân hỗ trợ và rất có thể gặp gỡ một người đặc biệt mà sẽ cho thấy là may mắn với bạn.
</SEVEN-OF-SWORDS-ONE>
<EIGHT-OF-SWORDS-ONE>	
Sẽ có những tình huống nặng nề và căng thẳng đến với bạn nhưng cuối cùng bạn sẽ quyết định từ bỏ những tình huống này để bắt đầu lại với những nguồn lực mới trong những lĩnh vực mới bằng năng lực hay tài năng mới. Điều này sẽ đưa bạn sang một giai đoạn hạnh phúc hơn và bạn sẽ mừng vì đã đưa ra những quyết định đó.
</EIGHT-OF-SWORDS-ONE>
<NINE-OF-SWORDS-ONE>	
Lá bài này cho biết bạn không quá cưỡng cầu và để mọi việc tự hé mở. Giờ đây những người thân sẽ đóng vai trò quan trọng trong cuộc sống của bạn và có thể có những khởi đầu mới hay những nhận thức mới khiến bạn cảm thấy tự tin hơn về môi trường xung quanh.
</NINE-OF-SWORDS-ONE>
<TEN-OF-SWORDS-ONE>	
Lá bài này cho biết trong khi bạn sống và trải nghiệm bạn sẽ nhận thấy mọi việc rất khác kỳ vọng của bạn. Bạn sẽ gặp phải những rào cản nhất định trong một thời gian ngắn nhưng vẫn có hy vọng và bạn sẽ cố gắng không mất tập trung trên con đường mình đi.
</TEN-OF-SWORDS-ONE>
<PAGE-OF-SWORDS-ONE>	
Lá bài này cho biết bạn không nên từ bỏ vào lúc này bởi bạn sắp sửa đạt được điều mình muốn rồi. Nếu không rời bỏ con đường của mình thì bạn sẽ sớm tìm thấy điều mình muốn và nhờ lối suy nghĩ tích cực, bạn sẽ có thể giải quyết mọi việc với đồng nghiệp và người thân, Đời sống lứa đôi của bạn rất có thể sẽ cải thiện.
</PAGE-OF-SWORDS-ONE>
<KNIGHT-OF-SWORDS-ONE>	
Hiện tại, đừng nên chệch hướng bởi những trở ngại bởi vì bạn đã ở rất gần mục tiêu của mình và bạn sẽ sớm đi trên con đường thênh thang dẫn tới điều bạn hằng mong muốn. Sẽ có một số yếu tố đóng vai trò tối quan trọng trong việc giúp bạn đạt được mục tiêu nhưng bạn sẽ phải xác định những yếu tố này và đánh giá chúng đúng mức.
</KNIGHT-OF-SWORDS-ONE>
<QUEEN-OF-SWORDS-ONE>	
Giờ đây, đừng quá nóng vội làm mọi việc bởi vì bạn cần thả lỏng và kiên nhẫn để có kết quả mong muốn. Trong giai đoạn này bạn sẽ hơi dễ nổi cáu và sẽ chọn sự cô lập thay vì đi sâu vào vấn đề. Những người thân sẽ cố gắng giúp đỡ bạn nhưng bạn sẽ cố gắng tự tìm ra giải pháp.
</QUEEN-OF-SWORDS-ONE>
<KING-OF-SWORDS-ONE>	
Lá bài này cho biết bạn sẽ không từ bỏ dễ dàng và sẽ theo đuổi ước mơ của mình cho đến khi đạt được nó. Mọi việc sẽ bắt đầu sáng tỏ khi bạn sắp xếp các mảnh ghép và điều này sẽ giúp ích cho bạn rất nhiều. Bạn không nên bị ảnh hưởng bởi những tác động tiêu cực và để chúng lấy đi quyền tự chủ của bạn.
</KING-OF-SWORDS-ONE>
<ACE-OF-WANDS-ONE>	
Bạn sẽ sớm thay đổi lối sống của bản thân. Điều này sẽ cho bạn cảm giác gắn kết và khiến bạn thư giãn. Bạn cần để mắt bởi cơ hội sẽ không gõ cửa hai lần và khi cơ hội tới bạn phải nắm bắt.
</ACE-OF-WANDS-ONE>
<TWO-OF-WANDS-ONE>	
Hiện tại mọi việc có vẻ hơi rối ren nhưng số phận sẽ chỉ cho bạn con đường dẫn đến các mục tiêu của mình. Đôi khi bạn quá sốt sắng với những thứ sinh lợi xung quanh mình và điều này có thể dẫn đến hối tiếc về sau do đó bạn nên tránh đưa ra quyết định thiếu cân nhắc.
</TWO-OF-WANDS-ONE>
<THREE-OF-WANDS-ONE>	
Đừng quá đa nghi về công việc của bạn vì giờ đây may mắn muốn ủng hộ bạn nhưng đổi lại bạn cần cho thấy sự cam đảm. Bạn có thể gặp gỡ một người mà sẽ cho thấy là có ích và đây là một điềm lành báo hiệu thời gian tốt đẹp đang chờ phía trước và năng lượng tích cực đang chảy về hướng bạn.
</THREE-OF-WANDS-ONE>
<FOUR-OF-WANDS-ONE>	
Trong cuộc đời ai cũng mắc sai lầm nhưng hơn hết là nên chấp nhận nó và tìm giải pháp thay vì than phiền. Điều tốt là bạn sẽ nhận ra điều này và có dũng khí để chấp nhận sai lầm, đối mặt hệ quả và người thân của bạn sẽ đánh giá cao thái độ này của bạn.
</FOUR-OF-WANDS-ONE>
<FIVE-OF-WANDS-ONE>	
Bạn sẽ có tinh thần vui tươi và sẽ cố gắng nhìn mọi thứ xung quanh với ánh mắt lạc quan. Điều này sẽ khiến bạn cảm thấy mãn nguyện. Điều bạn khao khát trong đầu sẽ không giống điều mà cuộc sống sẽ mang đến cho bạn. Nhưng với lối suy nghĩ tích cực bạn sẽ chấp nhận điều mình có và cuối cùng bạn sẽ thấy hài lòng.
</FIVE-OF-WANDS-ONE>
<SIX-OF-WANDS-ONE>	
Số phận sẽ quyết định rũ bỏ những bi kịch trong cuộc đời bạn và bạn sẽ sớm bước vào một không gian hạnh phúc hơn. Kiên nhẫn là một đức tính mà bạn cần rèn luyện lúc này và bạn không nên gượng ép mọi việc theo cách mình muốn bởi cuối cùng vũ trụ sẽ nhào nặn mọi việc cho bạn.
</SIX-OF-WANDS-ONE>
<SEVEN-OF-WANDS-ONE>	
Giờ đây bạn sẽ phải mạnh mẽ một chút, cố gắng làm chủ cuộc đời mình, và khiến mọi việc đi theo chiều hướng có lợi cho mình. Bạn sẽ nhận ra sự can đảm là cách duy nhất để đạt được điều bạn khao khát. Cuối cùng bạn sẽ có được điều mình muốn và tất cả nỗi lo sợ đều tan biến.
</SEVEN-OF-WANDS-ONE>
<EIGHT-OF-WANDS-ONE>	
Giờ đây bạn sẽ phải kiên nhẫn một chút bởi mọi việc không thể xảy ra trong chớp mắt nhưng bạn sẽ nhận ra mình đang đi đúng hướng. Sự chủ động và nỗ lực của bạn sẽ rất quan trọng. Nếu chú ý những yếu tố này, chắc chắn bạn sẽ có được điều mình muốn.
</EIGHT-OF-WANDS-ONE>
<NINE-OF-WANDS-ONE>	
Có những lúc mà mọi việc đều có vẻ sai lầm nhưng giai đoạn khó khăn này sẽ phải qua đi với sự kiên nhẫn. Đừng đầu hàng nếu bạn thực sự muốn đạt được ước mơ của mình. Nếu bạn mong ước một kết thúc như truyện cổ tích, bạn cũng có thể làm được nhưng nó hoàn toàn phụ thuộc vào sự chủ động và nhẫn nại của bạn.
</NINE-OF-WANDS-ONE>
<TEN-OF-WANDS-ONE>	
Bạn sẽ thành công bất chấp những va vấp trên con đường của mình. Bạn sẽ không từ bỏ dễ dàng cho đến khi có được điều mình muốn và thái độ này sẽ giúp bạn vươn lên vị trí dẫn đầu. Bạn có thể sẽ gặp những người mới và đây là một dấu hiệu tốt bởi đôi khi vận may đến từ đối tác hay đồng nghiệp có thể mang đến điều kỳ diệu.
</TEN-OF-WANDS-ONE>
<PAGE-OF-WANDS-ONE>	
Bạn đang cố gắng làm mọi việc tỉ mỉ và chắc chắn bạn sẽ mất nhiều thời gian. Đây sẽ không phải là thời điểm tốt nhất để ăn mừng vì có thể bạn phải đón nhận một số tin thất vọng nhưng bạn sẽ cố gắng mạnh mẽ và xử lý mọi việc một cách cân bằng.
</PAGE-OF-WANDS-ONE>
<KNIGHT-OF-WANDS-ONE>	
Lá bài này cho biết nên xem xét tình huống từ mọi khía cạnh trước khi đưa ra quyết định cuối cùng bởi đôi khi có những điều bị che khuất. Không nên hoảng loạn trong tình cảnh khó khăn bởi đây có thể là dấu hiệu của sự trưởng thành và cuối cùng bạn sẽ đạt được mục tiêu.
</KNIGHT-OF-WANDS-ONE>
<QUEEN-OF-WANDS-ONE>	
Bạn đang làm nhiều hơn mức yêu cầu và điều này có thể khiến bạn cảm thấy căng thẳng. Hãy cố gắng tin tưởng những người xung quanh và giao việc. Bạn sẽ thấy rằng không phải lúc nào bạn cũng thất vọng nếu tin tưởng họ. Bạn sẽ làm mọi việc hết sức trong khả năng của mình và phẩm chất này sẽ tạo ấn tượng với cấp trên và đồng nghiệp.
</QUEEN-OF-WANDS-ONE>
<KING-OF-WANDS-ONE>	
Bạn luôn nên lập kế hoạch trước rồi mới thực hiện. Nếu tâm niệm điều này, tài năng của bạn sẽ được bộc lộ trong công việc và cùng với những kỹ năng giao tiếp, bạn sẽ có thể khiến người xung quanh thán phục trong cuộc sống cũng như công việc.
</KING-OF-WANDS-ONE>
<THE-MAGICIAN-ONE>	
Lá bài này cho biết nếu tình yêu đang là mối quan tâm của bạn, bạn có thể kỳ vọng một sự thay đổi tích cực sẽ sớm xảy ra bởi tình cảm sẽ trở nên bền chặt hơn. Nếu bây giờ bạn đang theo lối cũ thì để theo đuổi ước mơ, bạn cần có những thay đổi nhất định hoặc bắt đầu lại từ đầu với một công việc mới hay người mới.
</THE-MAGICIAN-ONE>
<THE-HIGH-PRIESTESS-ONE>	
Lá bài này cho thấy một hoạt động mới sắp bắt đầu và bạn sẽ cần sự trợ giúp. Nếu bạn tìm kiếm sự hướng dẫn thì sẽ có người giúp đỡ bạn và tất cả nghi ngại của bạn sẽ được giải quyết. Đây sẽ là lúc để bắt đầu điều gì đó mới bởi khả năng cao nó sẽ thành công tốt đẹp.
</THE-HIGH-PRIESTESS-ONE>
<THE-EMPRESS-ONE>	
Lá bài này cho biết bạn sẽ sớm gặp một người rất quan trọng với bạn trong cuộc sống cá nhân hay công việc. Bạn sẽ thấy bồn chồn vì bạn háo hức mong chờ một điều gì đó nhưng nó sẽ cần thời gian.
</THE-EMPRESS-ONE>
<THE-EMPEROR-ONE>	
Lá bài này báo hiệu một điều hay một người sẽ xuất hiện nhờ những nỗ lực của bạn. Hiện tại bạn đang ước mơ nhiều điều và yêu cầu của bạn quá cao nhưng vận may nói rằng đây là lúc thích hợp để yêu cầu vì rất có thể bạn sẽ có được điều mình muốn. Sẽ có người sẵn lòng chỉ dẫn, giúp bạn sáng tỏ nhiều việc.
</THE-EMPEROR-ONE>
<THE-HIEROPHANT-ONE>	
Bạn sẽ chủ yếu theo đuổi một lối sống mới hoặc một hoạt động mới và nó sẽ lấn lướt bạn. Sẽ có những trở ngại và thế lực nhất định cản trở bạn theo đuổi điều mình muốn và bạn có thể phải giải quyết một số thất vọng trên con đường của mình.
</THE-HIEROPHANT-ONE>
<THE-LOVERS-ONE>	
Lá bài này cho biết bạn sẽ phải đối mặt với rất nhiều hoàn cảnh rắc rối trên con đường đi đến mục tiêu của mình. Nhưng sau cùng bạn sẽ đưa ra một quyết định chắc chắn và quyết định đó sẽ cho thấy là chính xác. Bạn sẽ có một người hỗ trợ cảm xúc để chỉ dẫn và giúp bạn vượt qua những giai đoạn khó khăn.
</THE-LOVERS-ONE>
<THE-CHARIOT-ONE>	
Nếu bạn trông chờ điều gì đó thì bạn sẽ sớm nhận ra cuộc đời sẽ mang đến cho bạn điều tốt đẹp hơn thế. Sẽ có sự giác ngộ nội tâm giúp bạn trở thành người tốt hơn và có những thay đổi lối sống tích cực.
</THE-CHARIOT-ONE>
<STRENGTH-ONE>	
Lá bài này cho biết bạn sẽ ở một vị trí rất có điều kiện để đạt được điều mình muốn và sẽ vượt qua mọi rào cản trên đường đi. Bạn sẽ không chấp nhận thua cuộc trong bất kỳ hoàn cảnh nào và thái độ này sẽ được đánh giá cao. Có thể có những yếu tố nhất định muốn hạ gục tinh thần của bạn nhưng bạn sẽ trở nên mạnh mẽ hơn.
</STRENGTH-ONE>
<THE-HERMIT-ONE>	
Một tình huống nhất định sẽ xảy ra và cho phép bạn nhìn nhận rõ hơn những ước mơ của mình và bạn sẽ cảm thấy chúng có thể đạt được. Sẽ có những thành tựu nhỏ trên đường đi nhưng bạn sẽ tập trung vào mục tiêu chính và bạn có thể đạt được nó.
</THE-HERMIT-ONE>
<WHEEL-OF-FORTUNE-ONE>	
Sẽ có những lộn xộn về một số quyết định và kết quả của chúng.  Tình hình rối ren này có thể khiến bạn chán nản nhưng tốt nhất là nên tập trung vào những hoạt động mới bởi chúng có thể hữu ích hơn. Bạn sẽ phải xem lại việc mình đang làm, từ đó thay đổi một số việc như thói quen hay lối sống tốt hơn.
</WHEEL-OF-FORTUNE-ONE>
<JUSTICE-ONE>	
Lá bài này cho biết bạn đã trải qua một giai đoạn khó khăn và khiến tinh thần bạn xao động nhưng mọi việc sẽ sớm cải thiện và bạn sẽ tiến gần tới mục tiêu của mình hơn. Không nên quá gắng gượng mà hãy để thời gian dẫn lối.
</JUSTICE-ONE>
<THE-HANGED-MAN-ONE>	
Bạn nhận ra điều mình muốn trong cuộc sống nhưng bạn vẫn tin rằng bạn chưa quyết tâm đạt được nó. Bạn sẽ cảm thấy mình vẫn muốn níu giữ hay không muốn buông bỏ những điều nhất định.
</THE-HANGED-MAN-ONE>
<DEATH-ONE>	
Lá bài này cho biết hầu hết những thứ bạn có sẽ không thực sự là thứ bạn muốn và tới giờ bạn đã có nhiều nỗi thất vọng.  Tuy nhiên bạn sẽ lấy lại ổn định và theo đuổi mục tiêu một lần nữa. Tham vọng và lòng nghị lực sẽ giúp bạn vươn lên.
</DEATH-ONE>
<TEMPERANCE-ONE>	
Đây không phải là lúc để lùi về sau hay sợ hãi trước tình thế. Bạn cần làm chủ và lèo lái con thuyền của chính mình thay vì để cho ai đó kiểm soát. Nếu bạn thể hiện sự can đảm, bạn sẽ có những cơ hội và việc tận dụng chúng ra sao sẽ phụ thuộc vào bạn.
</TEMPERANCE-ONE>
<THE-DEVIL-ONE>	
Lá bài này cho biết bạn không nên vội vã quyết định. Hãy dành thời gian và nghĩ lại bạn muốn điều gì trong cuộc đời cũng như nhận gợi ý nếu cần thiết. Mọi việc sẽ không theo chiều hướng bạn mong muốn trong tương lai gần nhưng bạn sẽ nhận ra chúng là những mảnh ghép chưa được giải quyết.
</THE-DEVIL-ONE>
<THE-TOWER-ONE> 	
Bạn cảm thấy thất vọng với những mất mát trước kia. Nhưng một điều dễ chịu sẽ đến để bù đắp cho những gì đã mất.  Bạn nên giữ bình tĩnh trong những tình huống ngoài dự kiến, tin vào trực giác của mình và chắc chắn bạn sẽ được nhận thành quả.
</THE-TOWER-ONE>
<THE-STAR-ONE>	
Hãy một lòng theo đuổi mục tiêu rồi bạn sẽ thấy mọi việc sẽ vào đúng chỗ và bạn sẽ sớm có được điều mình muốn. Bạn sẽ nhận thấy mọi việc được cải thiện, niềm tin và sự nhất tâm với những ước mơ chắc chắn sẽ giúp bạn tỏa sáng kèm theo sự giúp đỡ và hỗ trợ của người thân.
</THE-STAR-ONE>
<THE-MOON-ONE>	
Không nên áp dụng những biện pháp cực đoan cho bất kỳ điều gì và hãy làm theo trực giác của bạn. Bạn sẽ sớm có cảm giác thức tỉnh và nhờ quyết định từ bỏ những lo lắng và cảm xúc tiêu cực, bạn sẽ sớm có một cuộc sống hạnh phúc hơn nhiều.  Giờ đây bạn sẽ có tâm trạng tốt và được vây quanh bởi những người tích cực.
</THE-MOON-ONE>
<THE-SUN-ONE>	
Bạn đang cảm thấy hơi khó chịu vì mọi việc có vẻ rối ren và mơ hồ trong cả cuộc sống cá nhân và công việc. Nhưng tốt hơn hết là hành động thay vì lo lắng và số phận sẽ giúp bạn vượt qua nếu bạn có nỗ lực và niềm tin.
</THE-SUN-ONE>
<JUDGEMENT-ONE>	
Sau khi trải qua những quãng thời gian khó khăn trong khi mưu cầu hạnh phúc, mọi việc có vẻ tăm tối nhưng sẽ sớm có một sự đổi mới về suy nghĩ, thể chất và tinh thần và điều này sẽ mang đến một hy vọng mới cho cuộc đời bạn. Cùng với những nỗ lực, bạn sẽ đạt được điều mình khát khao.
</JUDGEMENT-ONE>
<THE-WORLD-ONE>	
Lá bài này cho biết bạn đang không cho phép bản thân được tự do và suy nghĩ tự do. Bạn sẽ phải thả lỏng để theo đuổi mơ ước của mình và chỉ khi đó bạn mới có thể vượt qua những chướng ngại và tiến đến thành công. Mọi việc sẽ tự nhiên vào đúng chỗ của nó nếu bạn thực hiện bước đi đầu tiên.
</THE-WORLD-ONE>
<THE-FOOL-ONE>	
Lá bài này cho biết nếu bạn đang cần điều gì thì nó sẽ chắc chắn đến với bạn. Bạn sẽ không biết rõ làm thế nào để đạt được điều mình muốn nhưng sẽ có người đủ tốt bụng để trở thành ông Bụt của bạn và mang đến may mắn theo những cách kỳ lạ nhất.
</THE-FOOL-ONE>
</ROOT>
