{
  "project_info": {
    "project_number": "416740688809",
    "project_id": "new-puzzle-creator",
    "storage_bucket": "new-puzzle-creator.appspot.com"
  },
  "client": [
    {
      "client_info": {
        "mobilesdk_app_id": "1:416740688809:android:0735bad64396fda563bab8",
        "android_client_info": {
          "package_name": "com.kotlinz.puzzlecreator"
        }
      },
      "oauth_client": [
        {
          "client_id": "416740688809-gdf0jf2oe32f7use9coslvaheeg6ci2m.apps.googleusercontent.com",
          "client_type": 3
        }
      ],
      "api_key": [
        {
          "current_key": "AIzaSyCsdx2sE25n_BqM_Y9QQ71_9_VU-sJm8YA"
        }
      ],
      "services": {
        "appinvite_service": {
          "other_platform_oauth_client": [
            {
              "client_id": "416740688809-gdf0jf2oe32f7use9coslvaheeg6ci2m.apps.googleusercontent.com",
              "client_type": 3
            }
          ]
        }
      }
    }
  ],
  "configuration_version": "1"
}