<?xml version="1.0" encoding="utf-8" ?>
<ROOT>
<ACE-OF-CUPS-ONE >Sukulaistesi kanssa saattaa olla tietynlaista kireyttä tai kiusallisuutta ja se tulee olemaan syy ärtymykseen. Tulet odottamaan innolla uusien yhteyksien solmimista jonkun kanssa ja tämä tulee olemaan antoisaa ja tulet olemaan tyytyväinen saamaasi. </ACE-OF-CUPS-ONE >
<TWO-OF-CUPS-ONE >Tämä kortti viittaa siihen, että sinun on pakattava laukkusi töitä varten tai henkilökohtaisista syistä. Huolimatta tietyistä kiistoista lähimmäistesi kanssa, asiat tulevat selviämään hiljalleen. Saatat uskoutua jollekin, joka ei ehkä ole kovin läheinen mutta vaikuttaa silti tärkeältä. </TWO-OF-CUPS-ONE >
<THREE-OF-CUPS-ONE >Tietyt tapahtumat saattavat viivästyä työvelvollisuuksien tai henkilökohtaisten ongelmien takia ja tämä tekee sinut hieman hermostuneeksi. Tämä tunne voi johtaa eristyksen tunteeseen mutta tulet huomaamaan, että läheisesi pysyvät vierelläsi parantaakseen oloasi. </THREE-OF-CUPS-ONE >
<FOUR-OF-CUPS-ONE >Tämä kortti osoittaa, että todella kiireinen kausi on hoidettava kärsivällisesti. Tämä saattaa olla kokeilevaa aikaa läheisillesi ja tulet kohta huomaamaan kuka oikeasti välittää sinusta. On suositeltavaa, että et pysy etäisenä vaan yrität jakaa ongelmasi ja annat läheistesi auttaa sinua. </FOUR-OF-CUPS-ONE >
<FIVE-OF-CUPS-ONE >Ajat eivät ehkä ole kovinkaan mukavat, sillä joudut ehkä antamaan periksi tietyissä hallitsemattomissa asioissa. Tämä tulee olemaan rankka vaihe sinun ja kumppanisi välillä ja tämä voi myös muuttua suureksi riidaksi, joka saattaa johtaa epämukavaan lopputulokseen. </FIVE-OF-CUPS-ONE >
<SIX-OF-CUPS-ONE >Tämä saattaa vaikuttaa lomalta sinusta, sillä ystävä- ja sukulaisvierailuja saattaa olla paljon. Henkilökohtaisessa elämässäsi voi myös olla ongelmia, jotka ehkä johtavat kontrastituloksiin mutta tulet käsittelemään ne älykkäästi. </SIX-OF-CUPS-ONE >
<SEVEN-OF-CUPS-ONE >Perheessäsi voi olla tiettyjä eroavaisuuksia mielipiteissä ja ne voivat olla intensiivisiä. Tulet hakemaan apua tilanteen selvittämiseen rauhallisesti. Tulet pärjäämään hyvin ammatissasi yrittäen tasapainotella monta asiaa mutta onnistut tekemään ihan hyvää työtä. </SEVEN-OF-CUPS-ONE >
<EIGHT-OF-CUPS-ONE >Jälleennäkemisiä saattaa olla tekeillä läheistesi kanssa mutta epäselvyyksien takia sinun on ehkä lykättävä sitä. Joitain käyntejä lääkärillä läheisten puolesta on myös mahdollisuus. Mukavia uutisia on tulossa. </EIGHT-OF-CUPS-ONE >
<NINE-OF-CUPS-ONE >Saatat suunnitella matkaa hetkeksi mutta tulet lykkäämään sitä, sillä jotain parempaa ilmestyy. Saatat muuttua hieman nostalgiseksi tiettyjen läheistesi vaivojen takia mutta valoisa puoli pilkottaa kohta ystävien avulla. </NINE-OF-CUPS-ONE >
<TEN-OF-CUPS-ONE >Sinun on ehkä kohdattava rankka tilanne ja saatat harkita riitaa perheesi tai työsi kanssa ajatellen, että asiat eivät voisi olla tätä huonommin. Tulet ymmärtämään henkistä puoltasi nyt ja ottamaan yhteyden perheeseen ja ystäviin suunnitellaksesi tapaamisen. </TEN-OF-CUPS-ONE >
<PAGE-OF-CUPS-ONE >Tämä kortti osoittaa, että yrität nyt tehdä asioita helpommaksi itsellesi ja onnekas elämänsuunnan vaihto auttaa sinua siinä. On suositeltavaa, että et vatvo rahaan, vuokraan tai kiinteistöön liittyviä asioita, sillä ne eivät ehkä pääty niin kuin odotit. Saatat törmätä vanhaan ystävään tai rakastajaan ja tämä voi johtaa tapaamiseen. </PAGE-OF-CUPS-ONE >
<KNIGHT-OF-CUPS-ONE >Ajattelet nyt asunnonvaihtoa mutta et tule vatvomaan asioita liikaa. Sinun tulisi olla varovainen, sillä pieniä onnettomuuksia näkyy talosi ympärillä. Läheisesi saattaa suunnitella matkaa ja tulet odottamaan sitä mielenkiinnolla. Tulet olemaan jatkuvassa yhteydessä ystäviisi. </KNIGHT-OF-CUPS-ONE >
<QUEEN-OF-CUPS-ONE >Kotonasi saattaa olla kaaos lasten, kotitehtävien tai vieraiden takia. Perheen kanssa saattaa ilmetä ongelmia ja sinun on käyttäydyttävä vastuullisesti tai saatat päätyä tilanteeseen, jossa et ikinä halunnut olla. Tämä kaaos tulee lähentämään sinua ja ystäviäsi ja tulet saamaan heistä lohtua. </QUEEN-OF-CUPS-ONE >
<KING-OF-CUPS-ONE >Uusi tilanne on matkalla elämääsi, joka tulee olemaan sinulle suotuisa ja palauttamaan onnen. Tulet saamaan odottamattoman puhelun ystävältä ja tämä tulee parantamaan oloasi. Jotkut sukulaiset tulevat keskustelemaan ongelmista kanssasi ja autat heitä ilomielin sekä lohdutat heitä parhaasi mukaan. </KING-OF-CUPS-ONE >
<ACE-OF-PENTACLES-ONE >Olet mieluisassa tilassa nyt ja menestys tulee olemaan matkalla. Sinulla tulee olemaan varaa johonkin, mitä et ennen voinut ostaa. Suhteesi perheeseesi tulee olemaan onnellinen ja terve, kaikki tulee loksahtamaan paikoilleen. Saatat suunnitella tapaamista vanhan ystävän kanssa tai sitten tapaat heidät spontaanisti. </ACE-OF-PENTACLES-ONE >
<TWO-OF-PENTACLES-ONE >Tulet huomaamaan, että asioiden tasapainottaminen kotona alkaa olla vaikeaa. Tulet olemaan hermostuneessa tilassa ja henkilökohtaiseen elämään keskittyminen vaikuttaa vaikealta. Nämä häiriöt voivat olla työpaineita. Tulet tuntemaan olosi paremmaksi sosialisoidessasi ja tavatessasi uusia ihmisiä. </TWO-OF-PENTACLES-ONE >
<THREE-OF-PENTACLES-ONE >Tämä kortti osoittaa, että tulet syventymään harrastuksiin tai muihin aktiviteetteihin ja läheinen tai joku odottamaton tulee saapumaan lahjojen tai muiden tilaisuuksien kanssa. Saattaa olla virallisia ongelmia, joista sinun ja perheesi on selvittävä. </THREE-OF-PENTACLES-ONE >
<FOUR-OF-PENTACLES-ONE >Liikemahdollisuus, myynti tai muu tilaisuus tulee kohta saapumaan ovellesi. Tämä tulee vaatimaan läheistesi tuen ja avun. Tulet tekemään suunnitelmia ystäviesi kanssa ja tietty epämukava yhteenotto saattaa tapahtua mutta sinä pystyt selvittämään sen. </FOUR-OF-PENTACLES-ONE >
<FIVE-OF-PENTACLES-ONE >Tämä kortti näyttää, että saatat kohdata stressaavia aikoja yrittäessäsi tasapainottaa psykologisen ja tunteellisen vakauden ja tietyt perheenjäsenet pyytävät apua. Tulet olemaan tunteellinen ystäviesi puolesta mutta et löydä aikaa ottaaksesi heihin yhteyttä. </FIVE-OF-PENTACLES-ONE >
<SIX-OF-PENTACLES-ONE >Sinun ja ystäviesi tai kollegojesi välit eivät ehkä ole kunnossa ongelmien takia. Stressaat itseäsi töillä ilman rentoutumista ja sinun on otettava taukoa ennen kuin se vaatii veronsa. Perheenjäsenesi saattaa vaikuttaa epäonnelliselta ja ilmaisisi halua viettää aikaa yksin tai lähteä pyhiinvaellukselle. </SIX-OF-PENTACLES-ONE >
<SEVEN-OF-PENTACLES-ONE >Tulet tuntemaan olosi ahdistuneeksi ja levottomaksi, sillä osa varoistasi on kiinni jossain mutta rahaa tulee tulemaan muualta. Terveysongelmat tulevat pakottamaan sinut ottamaan taukoa hetkeksi. Tulet löytämään aikaa ystäviesi yhteydenottoon ja viettämään aikaa heidän kanssaan. </SEVEN-OF-PENTACLES-ONE >
<EIGHT-OF-PENTACLES-ONE >Tulet olemaan hieman hämilläsi yrittäessäsi löytää ratkaisut kotiongelmiisi. Perheesi ei ehkä käyttäydy kovin tasapainoisesti ja suunnitelmiin tulee esteitä. Onnistut tasapainottamaan henkilökohtaisen elämäsi ja työelämäsi ja viettämään aikaa läheistesi kanssa. </EIGHT-OF-PENTACLES-ONE >
<NINE-OF-PENTACLES-ONE >Kotona tehtävät tai puhelimella soitettavat työt pitävät sinut kiireisenä hetken aikaa. Ystäväsi ja perheesi tulevat olemaan vierelläsi koko ajan nyt ja he tulevat auttamaan sinua elintärkeissä päätöksissä. Tulet sekaantumaan työhön liittyviin keskusteluihin, joka tuo ystävät ja kollegat lähemmäksi. </NINE-OF-PENTACLES-ONE >
<TEN-OF-PENTACLES-ONE >Tämä kortti osoittaa, että tulet nauttimaan sosiaalisista tapahtumista ja viettämään aikaa perheen ja ystävien kanssa. Yhteys perheeseesi paranee ja tulet pyytämään apua, jota he mielellään antavat. On aika tavata uusia ihmisiä ja nämä ihmiset tulevat olemaan osa elämääsi. </TEN-OF-PENTACLES-ONE >
<PAGE-OF-PENTACLES-ONE >Saatat stressaantua hektisen aikataulusi takia ja yrität tehdä suunnitelmia läheistesi kanssa. Saatat odottaa innolla uutta kumppanuutta mutta se ei tule päätymään niin kuin halusit ja tämä tulee hermostuttamaan sinut. Mutta panostat paljon saadaksesi kaiken toimimaan. </PAGE-OF-PENTACLES-ONE >
<KNIGHT-OF-PENTACLES-ONE >Tulet olemaan hyvällä tuulella ja saatat käydä ostoksilla tai ulkona tuhlaten paljon rahaa. Sinun ja perheenjäsenesi välillä tulee olemaan kireyttä ja sen takia et tule viettämään heidän kanssaan niin paljon aikaa. Löydät nyt tukea ystävistäsi ja jos ongelmia oli, ne selviävät. </KNIGHT-OF-PENTACLES-ONE >
<QUEEN-OF-PENTACLES-ONE >Tämä kortti osoittaa, että tulet tekemään tulevaisuudensuunnitelmia ajatellen uraasi, ystäviäsi ja perhettäsi. Keskustellessasi ystäviesi kanssa pallottelette terveitä ideoita. Tulet tuntemaan olosi läheiseksi perheesi kanssa ja tarjoamaan apua ongelmien ratkaisussa. </QUEEN-OF-PENTACLES-ONE >
<KING-OF-PENTACLES-ONE >Tulet nyt olemaan kiireinen paperitöiden kanssa. Tulet viettämään aikaa ystäviesi kanssa ja saamaan hyötyä siitä. Tulet olemaan sellaisessa tilanteessa, että haluaisit mennä matkalle tai ulos perheesi kanssa mutta asiat on pantava jäihin. </KING-OF-PENTACLES-ONE >
<ACE-OF-SWORDS-ONE >Tulet saamaan odottamattomia mutta mukavia yllätyksiä ja tulet nauttimaan siitä. Perheenjäsenien välillä tulee olemaan paljon paineita ja levottomuutta ja tämä saa sinut tuntemaan itsesi etäiseksi. Yrität uskoutua ystäville ja etsiä neuvoja ja lohtua. </ACE-OF-SWORDS-ONE >
<TWO-OF-SWORDS-ONE >Näyttää siltä, että lähdet matkaan läheistesi kanssa eri syistä. Tulet kohtaamaan rahaongelmia ja jos onni potkaisee, joku tulee olemaan hyvin avulias. Pysy kärsivällisenä ja kaikki riidat selviävät hetken kuluttua. </TWO-OF-SWORDS-ONE >
<THREE-OF-SWORDS-ONE >Kuten aina perheissä, saatat turhautua korkeisiin odotuksiin niihin liittyvien paineiden takia. Saatat tuntea olosi levottomaksi syyllisyyden takia ja yrität vakuuttaa itsesi selvittämään asiat ja saamaan asiat takaisin normaaliksi. </THREE-OF-SWORDS-ONE >
<FOUR-OF-SWORDS-ONE >Voit joutua käymään lakipapereiden läpi ja se ei tule olemaan mukava kokemus. Tulet tuntemaan olosi avuttomaksi tietyissä tilanteissa, kun näet läheisen vaikeassa tilassa. Ei ehkä ole paras aika viettää ystävien kanssa, sillä tulet olemaan yleisesti pettynyt. </FOUR-OF-SWORDS-ONE >
<FIVE-OF-SWORDS-ONE >Pitkä lääkekuurin jälkeen pääset vihdoin eroon lääkärikäynneistä ja paranet. Perheesi tuntee itsensä nostalgiseksi ja seisoo vierelläsi. Tietyt velvollisuudet saattavat masentaa mieltäsi ja tämä voi johtaa turhautuneisuuteen. Tulet myös suomaan itsellesi ostoksilla käymisen, etenkin kotia varten. </FIVE-OF-SWORDS-ONE >
<SIX-OF-SWORDS-ONE >Tämä kortti näyttää, että saatat kohdata ongelmia ja vaikeuksia samaan aikaan kun käsittelet kotiongelmia. Tulet tuntemaan vahvan yhteyden perheeseesi ja yrität olla perheesi ja ystäviesi kanssa enemmän. Tulet myös auttamaan läheisiäsi. </SIX-OF-SWORDS-ONE >
<SEVEN-OF-SWORDS-ONE >Tämä kortti osoittaa, että yhtäkkinen tapaaminen vanhan ystävän kanssa tulee olemaan suotuisa. Mitättömät asiat saattavat lisätä ongelmiasi ja tunnet olosi epämukavaksi. Sinulla saattaa olla riitoja ja eturistiriitoja perheesi kanssa mutta pysytte silti yhteyksissä. </SEVEN-OF-SWORDS-ONE >
<EIGHT-OF-SWORDS-ONE >Tiettyihin ystäviin saattaa liittyä ongelmia ja sinun on tehtävä vakaita päätöksiä. Romanttinen vaihe on ehkä tulossa, jolloin tunnet yhteyden rakastajaasi. Nautit laatuajasta perheesi kanssa ja tulet olemaan hyvin iloinen siitä. </EIGHT-OF-SWORDS-ONE >
<NINE-OF-SWORDS-ONE >Tämä kortti osoittaa, että tunnet nyt olosi levottomaksi henkilön takia. Se saattaa olla sukulainen, joka käsittelee rahaongelmia ja yrität auttaa. Tämä tulee parantamaan mainettasi sukulaistesi joukossa. Sinun on ehkä myös muutettava pois jonkun, ihmisen tai asian, luota ja tämä jättää sinut tunteellisen haavoittuvaksi. </NINE-OF-SWORDS-ONE >
<TEN-OF-SWORDS-ONE >Tulet liittymään laatuohjelmiin, jotka auttavat kehittämään sinua ihmisenä ja parantamaan keskittymiskykyäsi. Saatat tuntea itsesi hieman eristetyksi ja epävarmaksi ja yrität selvitä siitä. Rakas ihminen on ehkä satuttanut sinua ja jättää sinut ongelmiesi kanssa. </TEN-OF-SWORDS-ONE >
<PAGE-OF-SWORDS-ONE >Epämukavia uutisia voi olla matkalla ja ne tulevat pilaamaan mielialasi kunnolla. Suunnittelet ehkä vierailua kaukaisen sukulaisen luo tai päin vastoin. Tulet koko ajan ponnistelemaan rakentaaksesi ja kehittääksesi romanttista elämääsi ja kumppanisi tai ystäväsi tulee arvostamaan tätä. </PAGE-OF-SWORDS-ONE >
<KNIGHT-OF-SWORDS-ONE >Tämä kortti osoittaa, että tulet olemaan juhlatuulella ja sinut nähdään hilpeänä monissa tapahtumissa. Perheessä saattaa olla yhteenottoja ja tulet olemaan halukas kuuntelemaan ja työstämään asioiden parantamista. Tämä tulee myös vaatimaan apua läheiseltä ihmiseltä. </KNIGHT-OF-SWORDS-ONE >
<QUEEN-OF-SWORDS-ONE >Tämä kortti osoittaa, että tämä tulee olemaan rankka kausi sinulle. Kaikilta puolilta saattaa olla tulossa huonoja uutisia, myös ystäviltä ja perheeltä. Sinun on vaikea selviytyä tästä mutta läheisesi yrittävät parhaansa parantaakseen oloasi. </QUEEN-OF-SWORDS-ONE >
<KING-OF-SWORDS-ONE >Perheessäsi saattaa olla yhteenottoja elämäntapoihisi liittyen ja tämä tulee tuohduttamaan sinut. Saatat myös harkita poismuuttoa hostelliin tai uuteen asuntoon. Ongelmat tulevat varjostamaan sinua ja saatat odottamattomasti olla osa skandaalia, ellet ole varovainen. </KING-OF-SWORDS-ONE >
<ACE-OF-WANDS-ONE >Sinulla tulee olemaan ongelmia ammatillisesti ja yhdessä perheesi kanssa tulet päättämään, että lopetat työt ja aloitat jotain itse. Tiettyjä viivytyksiä saattaa ilmaantua paperitöiden takia ja sinun on peruttava joitain tapaamisia. </ACE-OF-WANDS-ONE >
<TWO-OF-WANDS-ONE >Tämä kortti osoittaa, että tulet selvittämään ongelmasi yhden perheenjäsenesi kanssa ja yrität saada asiat normaaliksi. Suuri uutinen on matkalla ja tämä tieto tulee auttamaan sinua tulevaisuudessa. Tulet olemaan halukas auttamaan ystävää mutta huomaat, että hänen aikeensa eivät olleet mitä odotit. </TWO-OF-WANDS-ONE >
<THREE-OF-WANDS-ONE >Perheesi vanhimmat tulevat antamaan sinulle arvokkaita neuvoja paperitöihin ja rahoihin liittyen. Tulet ottamaan tauon kaikesta tehdäksesi sitä mitä rakastat ja tämä tulee olemaan rohkea askel. Etsit tukea ystäviltäsi ja yrität laajentaa unelmaasi sisältämään läheisesi. </THREE-OF-WANDS-ONE >
<FOUR-OF-WANDS-ONE >Sinun on kohdattava stressiä ja turhautumista perheriitojen ja yhteenottojen takia. Mutta viimeinkin sinä ja läheisesi selvitätte ongelmat ja rauha laskeutuu. Saattaa olla joku, joka ei toivo sinulle hyvää ja yrittää huijata sinua tekemään jotain väärää, joten valppaana pysyminen on suositeltavaa. </FOUR-OF-WANDS-ONE >
<FIVE-OF-WANDS-ONE >Tulet tuntemaan olosi ärsyyntyneeksi ja vihaiseksi ulkopuolisen takia nousseiden hallitsemattomien tilanteiden vuoksi. Joku saattaa yrittää perheesi tai omaisuutesi tärvelemistä ja sinun on oltava varuillasi. Perheesi ja ystäväsi auttavat sinua sisäisen puhdistusprosessin kanssa. </FIVE-OF-WANDS-ONE >
<SIX-OF-WANDS-ONE >Tämä kortti osoittaa, että vaikka et ole kovinkaan iloinen henkilökohtaisessa elämässäsi, yrität tavoittaa ystävän tai perheenjäsenen ja suunnitella rauhallisen matkan heidän kanssaan. Sinun on ehkä käsiteltävä sukulaisen rahaongelmia. </SIX-OF-WANDS-ONE >
<SEVEN-OF-WANDS-ONE >Sinun on selviydyttävä läpi kiireisen työaikataulun ja perheajan ja tämä tulee tunkeutumaan henkilökohtaiseen elämääsi, ellet tasapainota asioita. Otat yhteyden vanhaan ystävään ja se tulee olemaan mukava tapaaminen. </SEVEN-OF-WANDS-ONE >
<EIGHT-OF-WANDS-ONE >Tämä kortti osoittaa, että sinun on kamppailtava työsi ja kotisi välillä ja sinulla tuskin on aikaa perheellesi. Kortista näkyy myös juhla hyvien uutisten takia perheessä. Sinun on käsiteltävä ystäviäsi varoen sillä väärinkäsityksiä voi ilmetä. </EIGHT-OF-WANDS-ONE >
<NINE-OF-WANDS-ONE >Tulet auttamaan sukulaista lakiasioissa ja siihen liittyvissä paperitöissä. Jotkut ongelmat selviävät vanhan ystävän kanssa ja tapaaminen voi tapahtua. Odotat innokkaasti uutisia läheiseltä ihmiseltä ja tämä ahdistus saa olosi levottomaksi. </NINE-OF-WANDS-ONE >
<TEN-OF-WANDS-ONE >Hartioillasi tulee olemaan suuri taakka töistä ja yrität suorittaa velvollisuutesi. Sinulla tulee virallisten töiden lisäksi olemaan selvitettäviä henkilökohtaisia ongelmia. Sinun ja ystäväsi tai läheisen kanssa saattaa olla kränää etkä tiedä miten korjata asioita. Tämä ei tule olemaan hyväksi sinulle tai ystävällesi. </TEN-OF-WANDS-ONE >
<PAGE-OF-WANDS-ONE >Tulet käymään läpi rankan kauden ja haluat eristää itsesi hetkeksi ja tämä tulee huolestuttamaan perhettäsi ja ystäviäsi. Yrität selvittää elämäsi asiat tekemällä harkittuja päätöksiä ja tarvitsisit tukea ystävältä sen tekemiseen. </PAGE-OF-WANDS-ONE >
<KNIGHT-OF-WANDS-ONE >Kortissa näkyy lyhyt matka palauttaaksesi itsesi ja tulet harkitsemaan suhteessa olemista viettääksesi enemmän aikaa kumppanisi kanssa. Asiat eivät tule menemään suunnitellusti perheenjäseniesi ja ystäviesi kanssa epätavallisten tilanteiden takia ja sinun on löydettävä aikaa ystävälle, joka etsii tukeasi ja neuvojasi. </KNIGHT-OF-WANDS-ONE >
<QUEEN-OF-WANDS-ONE >Tulet olemaan hengellisessä mielentilassa ja haluaisit toteuttaa itsekuria ja sääntöjä. On mahdollisuus, että teet uusia tuttavuuksia tai että vanhat tuttavuudet heräävät henkiin ja vahvistuvat. </QUEEN-OF-WANDS-ONE >
<KING-OF-WANDS-ONE >Tämä kortti osoittaa, että sinun on käsiteltävä sairauteen liittyvää tilannetta. Liiketoimet saattavat vaatia muuttoa toiseen paikkaan. Tulet vihdoin tuntemaan itsesi vähemmän eristetyksi ja asiat paranevat. </KING-OF-WANDS-ONE >
<THE-MAGICIAN-ONE >Keskityt nyt uusiin alkuihin ja on suositeltavaa, että et jahtaa mitään, jonka saamisen mahdollisuus on minimaalinen. Tulet kohta saamaan arvokasta tai asiaankuuluvaa apua yhdeltä ystävistäsi. Teet suunnitelmia yhdessä sukulaisen kanssa tai suunnitelmien muutos on mahdollisuus läheisen kanssa. </THE-MAGICIAN-ONE >
<THE-HIGH-PRIESTESS-ONE >Tämä kortti osoittaa, että sinua odottaa mukava yllätys ja tulet ilahtumaan sen saamisesta. Et tule tuntemaan oloasi kiintyneeksi perheeseesi stressin takia ja maineesi ystävien kesken saattaa parantua nyt. </THE-HIGH-PRIESTESS-ONE >
<THE-EMPRESS-ONE >Tulet tuntemaan olosi hermostuneeksi monien keskustelujen takia perheessäsi ja tulet kaipaamaan mielenrauhaa. Tulet myös harkitsemaan poismuuttoa hetkeksi. Tulet tuntemaan olosi hieman syylliseksi jostain, mitä teit ystävälle ja on aika kohdata pelkosi ja tehdä tunnustuksia. </THE-EMPRESS-ONE >
<THE-EMPEROR-ONE >Jos suunnittelit sukulaisen tai läheisen tapaamista, tapaaminen tulee olemaan onnistunut mutta matka ei tule olemaan sujuva. Tämä on aikaa, jona olet monien ystävien ympäröimänä, jotka ryhtyvät tukijärjestelmäksesi ja tulevat jopa inspiroimaan sinua jossain määrin, koska tunnet itsesi masentuneeksi nyt. </THE-EMPEROR-ONE >
<THE-HIEROPHANT-ONE >Tämä kortti osoittaa, että haluat kotisi ilmapiirin olevan iloisempi ja iloisia uutisia on tulossa. Ystävän käsitteleminen tulee olemaan rankkaa mutta vain toisillenne puhuminen tulee rauhoittamaan tilanteen ja tulet ymmärtämään sen sekä selvittämään tilanteen aikanaan. </THE-HIEROPHANT-ONE >
<THE-LOVERS-ONE >Tulet nyt ymmärtämään, että kaikki eivät ole ystäviäsi ja jotkut heistä tulevat pettämään sinut, ellet tee asialle jotain. Tulet olemaan hyvissä väleissä perheesi kanssa ja saatatte suunnitella illanistujaiset, jotka tulevat olemaan pieni illanvietto tai hyvien uutisten juhla. Jotkut sukulaiset saattavat myös ilmaista vihansa, joten sinun on oltava varovainen. </THE-LOVERS-ONE >
<THE-CHARIOT-ONE >Tulet tavoittamaan vanhat ystäväsi ja tämä tulee olemaan pirteä muutos muutoin stressintäytteiseen elämääsi. Haluat auttaa sukulaista ongelmien kanssa mutta tämä on haluton kuuntelemaan ja tämä saa olosi avuttomaksi ja syylliseksi. Tulet tarvitsemaan vahvaa tukea voidaksesi vahvistaa väitteesi perheesi suhteen. </THE-CHARIOT-ONE >
<STRENGTH-ONE >Tämä kortti osoittaa, että tulet viettämään mukavaa aikaa ystäviesi kanssa ja kipinöitä saattaa syttyä yhden vastakkaista sukupuolta edustavan ystäväsi kanssa. Perheesi kanssa tulee olemaan rankkaa rahasyistä. Suuria riitoja saattaa syntyä jos asiat lähtevät käsistä. </STRENGTH-ONE >
<THE-HERMIT-ONE >On mahdollisuus, että puhut perheenjäsenen tai ystävän kanssa pitkästä aikaa. Jos olet kokenut vastoinkäymisiä läheisen kanssa, ne selviävät. Saat apua töihin ja raha-asioihin liittyen rakkaalta ihmiseltä ja tämä tulee osoittautumaan todella hyödylliseksi. </THE-HERMIT-ONE >
<WHEEL-OF-FORTUNE-ONE >Tämä kortti osoittaa, että yksi perheenjäsenistäsi tulee tuottamaan sinulle paljon turhautumisia ja pettymyksiä ja toivoisit pääseväsi pois tämän henkilön luota. Lääkärikäyntejä on luvassa vaivan takia perheessä ja tämä tulee tuottamaan paljon stressiä. </WHEEL-OF-FORTUNE-ONE >
<JUSTICE-ONE >Tulet luultavasti saamaan selville, että yksi perheenjäsenistäsi tai sukulaisistasi kohtaa ongelmia, jotka tulevat vaikuttamaan sinuun ja päätöksiisi. Asiat eivät toimi niin sujuvasti kuin oletit, sillä perheen ja ystävien kanssa tulee olemaan paljon sekaannuksia mutta tämä vaihe menee ohi ajan myötä. </JUSTICE-ONE >
<THE-HANGED-MAN-ONE >Perheesi ja ystäväsi tukevat sinua uudessa seuraamassasi unelmassa ja rakas ihminen tulee auttamaan sinut sen läpi. Tiettyjä riitoja saattaa syntyä näkökulman muutoksen takia mutta tämä selvitetään nopeasti. Sinun on panostettava vanhojen suhteiden ylläpitämiseen. </THE-HANGED-MAN-ONE >
<DEATH-ONE >Tämä kortti osoittaa, että tämä tulee olemaan menestyvää aikaa sinulle ja perheellesi ja saatat myös harkita kotitöiden oppimista eri syistä. Sinun ja ystäviesi välillä saattaa olla muutoksia tai kiusallisia hetkiä epätavallisten olosuhteiden takia mutta tulet korjaamaan asiat entiselleen nopeasti. </DEATH-ONE >
<TEMPERANCE-ONE >Tulet huomaamaan, että perheesi ja sukulaisesi tulevat olemaan hyvin tukevia ja antavat sinulle oikeanlaisia neuvoja henkilökohtaiseen elämääsi liittyen. Rakkaasi ja sinun välillä tulee olemaan tunteellinen aalto. Sinun on pysyttävä rauhallisena ja käsiteltävä tilanteita, sillä saatat suuttua nopeasti. </TEMPERANCE-ONE >
<THE-DEVIL-ONE >Tämä kortti osoittaa, että tulet olemaan täynnä tunteita ja tuntuu vaikealta ilmaista mitä todella haluat mutta yrität tasapainottaa tilanteen toistaiseksi. Aivoissasi saattaa olla konfliktien hirmumyrsky, sillä monet häiritsevät ajatukset varaavat ajatuksesi kerralla. </THE-DEVIL-ONE >
<THE-TOWER-ONE >Tämä ei tule olemaan mukavaa aikaa, sillä sinun on kohdattava kovaa iskeviä faktoja taloudellisesti ja myös henkilökohtaisesti. Tämä voi johtaa romahdukseen mutta läheisesi auttavat sinut sen läpi. Tulet olemaan onnekas ja epäonnekas samaan aikaan kohtaamiesi olosuhteiden takia. </THE-TOWER-ONE >
<THE-STAR-ONE >Tulet huomaamaan, että jotkut sukulaisistasi saattavat kohdata paperitöihin liittyviä ongelmia ja hyppäät auttamaan. Saatat kuulla hyviä uutisia joltakin, joka tulee olemaan hyvin stimuloivaa ja antamaan sinulle tunteen yhdessäolosta sekä saa sinut tuntemaan itsesi mukavaksi ja helpottuneeksi. </THE-STAR-ONE >
<THE-MOON-ONE >Tilanteita saattaa nousta, joissa tunnet itsesi haavoittuvaksi, hämmentyneeksi ja epävarmaksi. Saatat ajatella ystävää tai läheistä hyvin tunteellisesti ja tämä jättää sinut kahden partaalle ajatusten kanssa. Suunnitelmasi tavata ystävä tai sukulainen todistautuvat hyvin lannistaviksi. </THE-MOON-ONE >
<THE-SUN-ONE >Yrität nyt selvittää asioita, sillä haluaisit elämääsi tasapainoa. Tulet puhumaan sukulaisillesi mutta tunnet, että he eivät tue sinua. Tulet ajattelemaan työn ja vapaa-ajan sekoittamista tai tuttavuuden tekemistä työpaikallasi mutta tämä todistautuu huonoksi ideaksi. </THE-SUN-ONE >
<JUDGEMENT-ONE >Tämä kortti osoittaa, että sinun on tehtävä hyvin tärkeitä päätöksiä ja tämä tulee liittymään vanhaan ystävään tai läheiseen ihmiseen. Hyviä uutisia saattaa olla matkalla ystävän tai sukulaisen kautta. Suhteesi ystäviisi ja sukulaisiisi kasvaa vahvemmaksi. </JUDGEMENT-ONE >
<THE-WORLD-ONE >Päässäsi kasvaa paine ja tämä saattaa ulottua korkeimpaan pisteeseen ennen räjähtämistä. On aika lähteä matkalle tai kauas pois. Etsit ystäviltäsi tukea ja jotkut heistä tulevat vapaaehtoisesti hyväksymään sen ja lohduttamaan sinua. </THE-WORLD-ONE >
<THE-FOOL-ONE >Tulet olemaan tilanteessa, missä voit auttaa sukulaistasi mutta kyseinen sukulainen saattaa menettää mahdollisuutensa harkitsemattomuutensa takia. Sinulle läheinen ihminen saa sinut ymmärtämään, että käyttäydyt haavoittuvasti ja siksi joku käyttää sinua hyväkseen, mikä tulee olemaan huono asia pitkäaikaisesti.</THE-FOOL-ONE >
</ROOT>
