<?xml version="1.0" encoding="utf-8" ?>
<ROOT>
<ACE-OF-CUPS-ONE >Kortet viser sannsynligheten for å komme inn til saker av følelsesmessig betydning. Det er på tide å la ditt hjerte lede din vei. Du må stole på din intuisjon og gjøre hva du føler emosjonelt hensiktsmessig. Du vil sannsynligvis føle en brygging intime binding av medfølelse og kjærlighet. Ditt kjærlighetsliv er mest sannsynlig å holde seg sterk og skinne lyse. </ACE-OF-CUPS-ONE >
<TWO-OF-CUPS-ONE >Kortet indikerer primært binding, fred og ømhet. Dette kortet er om å gjøre en ny tilkobling / partnerskap i kjærlighet, jobb, vennskap eller andre steder. Det er på tide å komme sammen og ikke være fra hverandre. Hvis det er konflikt i et forhold / partnerskap, løse den samme og bringe fred. Tilgi og glem. Få nye en-til-en bindinger og gå videre med optimisme. </TWO-OF-CUPS-ONE >
<THREE-OF-CUPS-ONE >Kortet viser en forbedret begeistring og iver til livet. Du vil finne deg selv nyter alle de små tingene som kommer din vei. Du vil møte opp med gamle venner og bygge en sterkere binding av tillit med dem. Du vil få nye kontakter i samfunnet, og oppleve fellesskap. Du kan finne deg selv jobbe i et team / gruppe mot et felles mål. </THREE-OF-CUPS-ONE >
<FOUR-OF-CUPS-ONE >Dette kortet representerer en tid til å reflektere og ha innsikt på dine tanker og liv. Du kan finne deg selv i en uønsket situasjon. Noen ganger kan du føle deg apatisk og har kanskje ikke motivasjon. Du må åpne deg selv til alle nye mulighetene for å finne den retningen du har vært på jakt etter. Prøv å være mer uselvisk, og lytte til andre for å finne veien ut. </FOUR-OF-CUPS-ONE >
<FIVE-OF-CUPS-ONE >Dette kortet betyr tap av håp, skuffelse og motløshet i livet på grunn av tidligere hendelser. Du kan føle tapt eller beseiret på grunn av noe som allerede har skjedd. Du kan angre på dine tidligere beslutninger og kanskje ønsker å gå tilbake i tid for å endre dine beslutninger. Du erkjenner dine feil, men du ikke tenker på det som er igjen. Du må gi slipp på fortiden, se det gode i dag, og jobbe mot fremtiden. </FIVE-OF-CUPS-ONE >
<SIX-OF-CUPS-ONE >Kortet indikerer din godhjertet og uskyldig utsikt til livet. Du er fornøyd med å spre glede uten selv motiv. Du kan føle velsignet og liker å hjelpe andre. Du kan begynne å legge merke til alle de små tingene rundt og vil søke tilfredshet i de små gledene. Du kan få nostalgisk om barndommen. Guddommelig kjærlighet kan også være i nær fremtid. </SIX-OF-CUPS-ONE >
<SEVEN-OF-CUPS-ONE >Dette kortet handler om illusjoner og drømmer. Du kanskje lar tankene løpe løpsk med fantasi og ikke fokuserer på livets realiteter. Du står overfor en tid der du kan se mange alternativer å velge mellom. Det er store sjanser for at du forsømmer din helse og overdriver med spising / drikking. Latskap og sommel er dine viktigste fiender. </SEVEN-OF-CUPS-ONE >
<EIGHT-OF-CUPS-ONE >Kortet viser dine fremskritt for å søke en dypere mening med livet. Du ønsker å skille fra livets problemer og forlate håpløse situasjoner. Du kan ha en tendens til å søke etter ekte lykke i stedet for å fokusere på rotteracet. Du vil se etter indre glede og kan ha en tendens til å bevege deg bort fra fortiden. Du kanskje vier mer tid til åndelige aktiviteter. </EIGHT-OF-CUPS-ONE >
<NINE-OF-CUPS-ONE >Kortet viser oppfyllelse av ønsker. Du vil tjene hva du virkelig fortjener og ønsker. Du kan føle deg mer tilfreds i livet, siden suksess er på din side. Dine høyt drømmer kanskje går i oppfyllelse, og din etterlengtede mål kan endelig oppnås. Du vil ønske å oppleve og sette pris på luksus. Avslapping er det du ønsker nå. Nyt denne god tid så lenge du kan. </NINE-OF-CUPS-ONE >
<TEN-OF-CUPS-ONE >Kortet reflekterer den kommende av glede og fred i livet ditt. Du kan føle lykke som er rundt og føler en følelse av velvære. Du kan finne at stress og spenninger reduseres og livet blir lett og harmonisk. Du vil fokusere på kjærlighet og vennskap, og utmerke deg i begge to. Du vil forbli dedikert til familien og vil nyte sosiale sammenkomster og arrangementer som involverer dem. </TEN-OF-CUPS-ONE >
<PAGE-OF-CUPS-ONE >Dette kortet reflekterer din emosjonelle side. Du har en tendens til å være enig med ditt hjerte heller enn sinnet. Du har en tendens til å bli sentimental og rørt over små ting. Du ser inne i deg selv, og stoler på din intuisjon for veiledning. Det er en god tid å være i et romantisk forhold hvor du vil være følelsesmessig nær den personen. Tettere vennskap må utvikles. Det er også en tid for å reparere ødelagte forhold. </PAGE-OF-CUPS-ONE >
<KNIGHT-OF-CUPS-ONE >Kortet står for vakre følelser og også antyder overskudd. Noen ganger kan du være sentimental i kjærlighet, men kanskje går over bord i å uttrykke din kjærlighet. Sjalusi kan krype i din kjærlighet. Du er følsom, men til tider, du har en tendens til å bli skadet veldig enkelt. Du er elskverdig og intelligent. Du drømmer store ting for deg selv, men blir forbitret enkelt. </KNIGHT-OF-CUPS-ONE >
<QUEEN-OF-CUPS-ONE >Kortet betyr følsomhet og modenhet i å håndtere følelser. Du kan vise en hensynsfull og gjennomtenkt tilnærming til hver situasjon som du står overfor. Du har en tendens til å få kontakt med din åndelige side og setter pris på den dypere meningen med livet. Du er tålmodig. Du føler med andre og er snill og mild mot de svake. Du har en tendens til å forstå ting uten å spørre. </QUEEN-OF-CUPS-ONE >
<KING-OF-CUPS-ONE >Kortet betyr en klok og tolerant holdning. Du kan ha en dyp forståelse av menneskets natur. Du kan være en god lærer. Du kan holde hodet rolig i krise og bidra til å løse et øyeblikk som er anspent. Du vet hva du skal si og når. Du har medfølelse for de mindre privilegerte. Du kan være en kreativ og tolerant person med diplomatiske utsikt. Dine lederegenskaper er din ressurs. </KING-OF-CUPS-ONE >
<ACE-OF-PENTACLES-ONE >Kortet tyder på at du bør samle den mentale styrken du har og fokusere den mot dine mål. Du kanskje ser din innsats blir til de resultatene du ønsket. Dette til slutt vil bringe veksten i din karriere og liv, og bygge en positiv tenkemåte for deg. Du må opptre på en praktisk måte og være realistisk i livet. Fortsetter med tro og tillit til andre vil være til nytte for deg. </ACE-OF-PENTACLES-ONE >
<TWO-OF-PENTACLES-ONE >Kortet snakker om din tilpasningsdyktighet og kompatibilitet til livet. Du vil ordentlig balansere de tingene du håndterer, og vil gå videre med stabile, men raske skritt. Du vil være åpen for nye ideer og muligheter, både i ditt personlige og profesjonelle liv. Du vil effektivt håndtere endringene som skjer og ha det gøy på samme tid. Arbeid og lek vil skje sammen for deg. </TWO-OF-PENTACLES-ONE >
<THREE-OF-PENTACLES-ONE >Potensialet for å jobbe som en utmerket lagspiller understrekes av dette kortet. Du vil være svært koordinerende og motiverende i de oppgavene du tar opp. Du kan ha en tendens til å være ganske organisert i din tilnærming. Med din kompetanse, vil du oppnå perfeksjon i arbeidet, og vil være i stand til å nå målene dine. Du vil dermed bevise dine evner til alle som tvilte på det. </THREE-OF-PENTACLES-ONE >
<FOUR-OF-PENTACLES-ONE >Kortet fremhever dine nyanser av eiertrang og motstand mot endringer. Du kan ha en tendens til å hamstre materialistiske ting, og ikke dele dem med andre. Grådighet kanskje hersker over tankene dine. Du kan prøve å ta kontroll over de tingene som omgir deg og krever at ting skal gjøres på din måte. Du kan også har en tendens til å holde ting uforstyrret og uendret, og dermed bringe en generell stagnasjon i de fleste aspekter av livet. </FOUR-OF-PENTACLES-ONE >
<FIVE-OF-PENTACLES-ONE >Kortet viser en periode med vanskelige tider, både følelsesmessig og fysisk. Du kan kjøre inn i noen slags økonomiske problemer eller et problem kanskje dukker opp på din arbeidsplass. Du kan oppleve en mangel på ferdigheter som du faktisk trenger for å vokse rundt. Du kan også gå gjennom en fase, hvor du kanskje føler en mangel på støtte og kan drive inn skånsom ensomhet. Det kan være helsemessige problemer i tillegg. </FIVE-OF-PENTACLES-ONE >
<SIX-OF-PENTACLES-ONE >Dette kortet snakker om gråaktig mulighetene for å ha rikdom, makt og intelligens. Du enten har det, eller rett og slett ikke. Du vil enten være på mottakersiden av ting, eller på den giverensiden. Dette gjelder i alle aspekter av livet, du er kanskje enten her eller der. I begge tilfeller, du bør imidlertid forstå og analysere fremtiden og jobbe mot det. </SIX-OF-PENTACLES-ONE >
<SEVEN-OF-PENTACLES-ONE >Kortet innebærer et behov for å vurdere og analysere den nåværende situasjonen i livet. Det kan være lurt å ta litt fri bare for å holde en oversikt over fremgangen til nå, og sørg for at du er på rett vei. Det er en sterk sjanse for at du også vil oppleve suksessen fra dine oppriktige innsats og når milepæler du hadde drømt om. Du kan finne deg selv tenke på å bytte jobb/hjem. </SEVEN-OF-PENTACLES-ONE >
<EIGHT-OF-PENTACLES-ONE >Kortet viser ekstrem vilje og et øye for detaljer. Du kan være involvert i noen oppgave/oppgaver og bruke deg selv helt av hele ditt hjerte til arbeidet. Denne holdningen vil hjelpe deg å øke din kompetanse og kunnskap om de tingene du arbeider med. Du vil være svært forsiktig og sørg for at du gjør alt metodisk og korrekt helt ned til minste detalj. </EIGHT-OF-PENTACLES-ONE >
<NINE-OF-PENTACLES-ONE >Kortet snakker om din disiplinert oppførsel med selvtillit-tro og tørst etter å forbedre deg selv. Du vil prøve å løse problemer og håndtere livet med en godt organisert og sortert tilnærming. Du vil stole på egne ferdigheter og konvertere ditt potensial til ytelsen selv. Du vil forfølge perfeksjon og søke å nyte de fine tingene i livet. Du vil sikte etter en luksuriøs livsstil. </NINE-OF-PENTACLES-ONE >
<TEN-OF-PENTACLES-ONE >Kortet indikerer overflod av rikdom at du skal møte. Du kan nyte en sunn forretningsmessig suksess hvor din virksomhet er blomstrende. Eller du kan finne en veldig høy betalende jobb. Du vil oppleve økonomisk trygghet i alle fall. Du kan skissere en plan for å sikre deg og din familie for en levetid. I alt dette, vil du adoptere velprøvde metoder og holde deg innenfor reglene i alt du gjør. </TEN-OF-PENTACLES-ONE >
<PAGE-OF-PENTACLES-ONE >Kortet foreslår at du må være praktisk i livet og handle på drømmene dine for å gjøre dem til virkelighet. Du må jobbe med det du har og bruke din mentale og fysiske styrke til å gjøre det. Du bør miste din sommel holdning og holde føttene på bakken. Du bør opptre på en ansvarlig og pålitelig måte og stole på de du jobber med. </PAGE-OF-PENTACLES-ONE >
<KNIGHT-OF-PENTACLES-ONE >Kortet snakker om overdreven tilbøyelighet mot de positive tingene i livet. Når du bestemmer deg for å forfølge et mål, forblir du sta, lytte til ingen og nekter å slutte selv i en håpløs situasjon. Du er konservativ, redd for risiko og dermed mister enkle muligheter til tider. Din søken for nøyaktighet noen ganger grenser til besettelse. Din praktisk tilnærming gjør deg pessimistisk. Du gjør så mye hardt arbeid som du ikke klarer å legge merke til den vakre verden rundt deg. </KNIGHT-OF-PENTACLES-ONE >
<QUEEN-OF-PENTACLES-ONE >Dette kortet viser din realistiske, inspirerende og generøse natur. Du bryr deg og elsker menneskene rundt deg på en uselvisk måte. Du har et mykt hjerte og ønsker å spre hurrarop og lykke med altruistisk holdning. Du er en lojal og trofast person. Du ikke kaster bort ting og gjør en liten gå en lang vei. Andre føler seg komfortabel rundt deg på grunn av din upretensiøse og hyggelige natur. </QUEEN-OF-PENTACLES-ONE >
<KING-OF-PENTACLES-ONE >Kortet fremhever dine betydelige ferdigheter i ulike samfunnslag. Dine entreprenørskap ferdigheter vil gi deg både økonomisk og mental tilfredshet i livet. Du kan telles på som en pålitelig person i krise. Din tilpasningsdyktig art hjelper deg i enhver situasjon. Din oppmuntrende holdning hjelper folk rundt deg. Du er rolig, punktlig og hardt arbeidende. </KING-OF-PENTACLES-ONE >
<ACE-OF-SWORDS-ONE >Kortet viser at du vil finne mental opplysning og vil finne ut av ting på din egen måte. Med ivrig intellekt og resonneringsevne, vil du lære ganske mange fakta i livet. På grunn av din mentale styrke, vil du sakte bevege deg ut av enhver vanskelig situasjon i livet ved å krysse ethvert hinder. Du kan ha en tendens til å kjempe for rettferdighet for noen/noe og vil gå i retning av sannhet og ærlighet. </ACE-OF-SWORDS-ONE >
<TWO-OF-SWORDS-ONE >Kortet viser en opposisjon til følelser og undertrykkelse av ekte følelser. Du kan skjule din nød fra andre, og vil prøve å opprettholde et stilig ytre. Ganger kan komme, der du finner deg selv sittende fast i ubehagelige situasjoner der du er nølende til å bestemme eller handle. Du kan ha en tendens til å unngå de klare fakta og sannhet. Situasjonen vil forbli som det er på grunn av din passivitet. </TWO-OF-SWORDS-ONE >
<THREE-OF-SWORDS-ONE >Dette kortet tyder på at du kan stå overfor en følelsesmessig lavt tid. Du kan ende opp med å skade noens følelser eller omvendt. Noen dårlige nyheter kan være på vei. Det kan være en sjanse for at du føler deg avvist. Du kan føle at ingen er der for deg når du trenger noen mest. Ensomhet kan stille i. Du kan lære hemmeligheter om mennesker nær deg som kan uroe deg. Du kan også oppleve svik av noen nær. </THREE-OF-SWORDS-ONE >
<FOUR-OF-SWORDS-ONE >Kortet tyder på at du bør ta livet med ro uten å stresse deg selv. Du bør ta en pause fra den daglige rutinen og finne litt fred og ro. Få litt avslapning for kropp og sinn. Bruk denne tiden for å tenke på hvor du står i livet, hva du ønsker å oppnå, hva du har gjort, etc. Følgelig forberede deg selv for fremtiden ved å sikre din nåværende posisjon. </FOUR-OF-SWORDS-ONE >
<FIVE-OF-SWORDS-ONE >Kortet reflekterer en selvsentrert tenkemåte og disharmoniske holdninger med andre. Du kan ha en tendens til å bare tenke på dine egne interesser før du tar opp enhver oppgave. Du kan finne det vanskelig å takle andres synspunkter og meninger. Du kan klare å skape vond vilje blant andre. Du kan klare å oppnå suksess med feil måte. </FIVE-OF-SWORDS-ONE >
<SIX-OF-SWORDS-ONE >Kortet understreker oppturer og nedturer i livet. Du kan føle deg apatisk og deprimert i det du gjør. Dårlig helse kan oppleves. Du må kanskje ta litt tid for din personlige selv, for å helbrede og behandle emosjonelle situasjoner i livet ditt. Du vil se verden med et nytt håp og begynner å bevege deg mot en positiv sinnstilstand. Du kan reise fra ett sted til et annet på jakt etter eventyr og endring. </SIX-OF-SWORDS-ONE >
<SEVEN-OF-SWORDS-ONE >Kortet snakker om din tendens til å unngå ditt ansvar og forpliktelser som omgir deg. Du skjuler sannheten for å unngå å møte musikken. Du kan ha en tendens til å være alene og reservert, og opprettholde en god avstand fra den sosiale verden rundt. I denne fasen av isolasjon, kan du utvikle en villedende holdning og til tider kan opptre på en uredelig måte. </SEVEN-OF-SWORDS-ONE >
<EIGHT-OF-SWORDS-ONE >Dette kortet viser mørke og vanskelige baner fremover. Du kan føle lenket ned av situasjoner og også kan finne det vanskelig å finne din egen vei i livet. Du kan føle deg forvirret i de fleste tilfellene om hvilke skritt å ta neste. Du har kanskje ikke fokus å gå videre og kan se for hjelp utenfra. Du kan føle at ting kommer ut av kontroll, mens alt du kan gjøre er å holde tilbake og se på. </EIGHT-OF-SWORDS-ONE >
<NINE-OF-SWORDS-ONE >Dette kortet viser en fase av angst og spenning for deg. Du kan utvikle en skyldig følelse for noe du har gjort i fortiden og vil finne det vanskelig å tilgi deg selv for det. Du ønsker kanskje å gå tilbake i tid for å rette dine handlinger. Du driver mot en fase, hvor du kan slutte å tro på deg selv og kan føle deg deprimert. Til tider kan du også føle deg emosjonelt knust. </NINE-OF-SWORDS-ONE >
<TEN-OF-SWORDS-ONE >Dette kortet viser en fase av angst og spenning for deg. Du kan utvikle en skyldig følelse for noe du har gjort i fortiden og vil finne det vanskelig å tilgi deg selv for det. Du ønsker kanskje å gå tilbake i tid for å rette dine handlinger. Du driver mot en fase, hvor du kan slutte å tro på deg selv og kan føle deg deprimert. Til tider kan du også føle deg emosjonelt knust. </TEN-OF-SWORDS-ONE >
<PAGE-OF-SWORDS-ONE >Kortet ber deg om å få din mentale styrke sammen og takle de problemene som kan plage deg til slutt. Du må logisk analysere problemene du står overfor og gjøre riktige planer for å løse det samme. Du må være ærlig og sannferdig og ikke prøve å skjule noe. Du er nødt til å sortere ut de gode og dårlige, og også akseptere ansvaret som følger med. Hold humøret høyt og møt vanskeligheter med kraft. </PAGE-OF-SWORDS-ONE >
<KNIGHT-OF-SWORDS-ONE >Dette kortet antyder tillit, men med et snev av heftighet. Din åpenhet kan betraktes som uhøflig av andre. Du kan beskrives som en som kan si noe uten å tenke. Du kan starte som en god leder, men ender opp med en dominerende holdning. Du kan vise en stor sans for humor malt med sarkasme. Din dyp kunnskap vil bli verdsatt hvis det ikke grenser mot arroganse. </KNIGHT-OF-SWORDS-ONE >
<QUEEN-OF-SWORDS-ONE >Kortet gjenspeiler din sannferdig og grei natur i livet. Du foretrekker å være åpen i alle dine forretninger. Din oppfatning av enhver situasjon/person er ganske god og rett på mark. Du prøver å vedta en ingen tull tilnærming i det du gjør. Din sans for humor er utmerket, og ikke rettet mot noen. Din lang erfaring gir deg styrke til å gå videre i livet. </QUEEN-OF-SWORDS-ONE >
<KING-OF-SWORDS-ONE >Kortet innebærer ditt tankefull sinn og etisk personlighet. Du har en tendens til å analysere situasjoner i livet på en effektiv måte med godt utviklede logiske og resonnement evner. Du vil være i stand til å kommunisere dine synspunkter og ideer med gode verbale ferdigheter. Du vil være bred i din oppfatning og vil forstå alle aspekter av noen problem med modenhet. Du har en tendens til å være ærlig og direkte i det du gjør. </KING-OF-SWORDS-ONE >
<ACE-OF-WANDS-ONE >Dette kortet betyr suksess. Du har en fantasifull og ukonvensjonelle måte å tenke på, som laster deg med kreativitet. Din entusiasme og skinner tillit har en tendens til å inspirere andre og få ut lidenskapen i deg. Du gir mer enn 100% i det du gjør. I livet, når du møter noen problem eller utfordring, vil du møte de vanskelighetene med mot og selvbilde tro for å lykkes. </ACE-OF-WANDS-ONE >
<TWO-OF-WANDS-ONE >Dette kortet innebærer en dristig holdning. Hvis du har ventet for å ta initiativ eller foreta noen oppgave/reise, er dette tiden å gjøre det. Du har makt og innflytelse til å nå dine mål. Så, behøver du bare å ha mot til å ta skritt fremover. Dette er tiden for å være modig og stå overfor ditt frykt. Du blir nødt til å komme ut med en innovativ tilnærming for å oppnå dine mål. Bare lag din egen vei. </TWO-OF-WANDS-ONE >
<THREE-OF-WANDS-ONE >Kortet viser en tørst og utålmodighet for å utforske noe nytt. Dette kobles til din eventyr- og spenning-søkende natur. Din forutseende art, skal fortsette å hjelpe deg i tiden som kommer. Du er nødt til å ta til rollen som en leder å samle alle mot din misjon og mål. Du kan finne mye suksess i handel og kommers. </THREE-OF-WANDS-ONE >
<FOUR-OF-WANDS-ONE >Du kan koble deg til din eventyr- og spenning-søkende natur. Din forutseende naturen kan fortsette å hjelpe deg i tiden som kommer. Du må påta deg en lederrolle for å samle alle mot din misjon og mål. Du kan finne mye suksess i handel og kommers snart. </FOUR-OF-WANDS-ONE >
<FIVE-OF-WANDS-ONE >Dette kortet betyr litt problemer fremover. Folk kan synes å være mot deg og du kan ende opp med å krangle med folk. Det er andre ut til å konkurrere med deg, og du føler deg som du godtar utfordringen av en kamp. Små tilbakeslag og problemer er i vente for deg. Du må vise tålmodighet og ro til å komme ut av denne situasjonen. </FIVE-OF-WANDS-ONE >
<SIX-OF-WANDS-ONE >Kortet reflekterer seier, takknemlighet med litt stolthet. Du kan klare å nå dine mål med stor suksess. Du kan bli verdsatt for din innsats, og det vil holde deg motivert til å gi ditt beste i alt du gjør. Du vil nyte dagen i solen, men kan plutselig begynne å føle selvhøytidelig. Du kan begynne å tenke på deg selv først, noe som kan føre folk til å tro at du er arrogant. </SIX-OF-WANDS-ONE >
<SEVEN-OF-WANDS-ONE >Dette kortet betyr innsatsen for å kjempe for din posisjon og stå opp for det du tror på. Du har en tendens til å ha en aggressiv og trassig tilnærming i livet. De fleste ganger, denne tilnærmingen fungerer bra for deg, men til tider, du over opphisser deg selv. Du har en tendens til å være sta når du tar et standpunkt og er ganske vedvarende. Din oppriktig tro på dine evner vil hjelpe deg gjennom vanskelige tider. </SEVEN-OF-WANDS-ONE >
<EIGHT-OF-WANDS-ONE >Kortet tyder på en endring i tid. Tiden du har ventet på har kommet. Det er på tide å gjøre noe og bevise potensialet på noen eller en annen måte. Noen uferdige oppgaver kan bli ferdig til slutt. Du vil sannsynligvis oppdage noen informasjon eller nyheter som du var ute etter. Du må kanskje avslutte en bestemt ting, bare for å starte noe bedre. </EIGHT-OF-WANDS-ONE >
<NINE-OF-WANDS-ONE >Dette kortet betyr forholdsreglene du tar og fastsettelsen du viser. Fra dine tidligere vanskeligheter eller erfaringer, er du ekstra forsiktig nå og alltid forbereder deg på det verste. Du beskytter deg selv og dine nære deg. Du står opp mot alle odds, og fortsetter å kjempe for dine mål helhjertet. Din egenvilje og fysisk styrke vil fortsette å holde din innsats kanalisert mot herlighet. </NINE-OF-WANDS-ONE >
<TEN-OF-WANDS-ONE >Kortet indikerer en økende følelse av emosjonell eller mental belastning. Du kan stresse deg på jobben. Du sannsynligvis gjør mange ting på en gang, og står fast i de fleste av dem. Du har kanskje også noen gjeld å betale tilbake. Du kan finne det vanskelig å si nei til andre. Selv om du ikke får kreditt for de gode tingene du gjør, ender du opp med å ta hele skylden. Du kan også oppleve at du må kjempe for hver liten suksess. </TEN-OF-WANDS-ONE >
<PAGE-OF-WANDS-ONE >Kortet betyr nye muligheter for deg å oppdage den sanne kraft og energi du har. Dette er tiden for å gjenoppdage livet og utforske det med en kreativ og modig tilnærming. Du må vise mer spenning og optimisme i din innsats. Vær lidenskapelig i hva du gjør. Tro på dine ferdigheter og opprettholde fokus for å presse det beste ut av deg. Vær spennende og ta risiko. Dette er tiden for å være påståelig. </PAGE-OF-WANDS-ONE >
<KNIGHT-OF-WANDS-ONE >Et ridder kort gjenspeiler en veldig god sett med sterke kvaliteter ledsaget av noen negative. Du pleier ofte å være sjarmerende og selvsikker, men til tider kommer over som en arrogant person. Du har en tendens til å være dristig, men til tider blir uvøren. I din søken etter eventyr, har du en tendens til å være helt rastløs. Du er lidenskapelig av natur, men hissig på samme tid. </KNIGHT-OF-WANDS-ONE >
<QUEEN-OF-WANDS-ONE >Dette kortet er en av de mest positive. Det viser en økning i energi, humør og glede. Du skal klare å seile gjennom dine oppgaver med ditt engasjement og dedikasjon. Du har en tendens til å være en god venn, og vil få nye venner enkelt. Du vil oppleve en fredelig og trivelig tid i de kommende dagene. Din rolig og fattet art vil hjelpe deg å takle eventuelle hindringer som kommer din vei. </QUEEN-OF-WANDS-ONE >
<KING-OF-WANDS-ONE >Dette kortet gjenspeiler kraften i kreativ og innovativ tenkning. Hold sinnet åpent for nye muligheter. Du kan komme til å oppleve noe nytt i nær fremtid. Du kan være god til å kommunisere og danne bindinger med andre og inspirere dem. Du selv kan ha en tendens til å dominere og kommandere folk rundt deg - men med respekt. Du nyter den oppmerksomheten du får og har en tendens til å tiltrekke det motsatte kjønn. </KING-OF-WANDS-ONE >
<THE-FOOL-ONE >En ny begynnelse er indikert. Du vil føle at du starter friskt med nye ting og nye ideologier. Det kan være med hensyn til din karriere, kjærlighetsliv eller på personlige front. Det vil være mye spontanitet og moro i løpet av denne reisen. Ved eventuelle hindringer, vil du lære noe verdifullt. Du er nødt til å gi slipp på det gamle og ta opp nye ting å våge deg inn denne nye verden som du begynner å utforske. </THE-FOOL-ONE >
<THE-MAGICIAN-ONE >Din vilje er sterkere nå. Folk vil lytte til deg og hva du sier på alvor. Du vil være i stand til å overbevise folk og denne gangen betyr at du vil være best på dine lederegenskaper i minst en stund nå. Du vil få gode ideer, og det vil være din avgjørelse hvordan å gjøre bruk av dem. Noen hemmeligheter av andre kan også bli avslørt. </THE-MAGICIAN-ONE >
<THE-HIGH-PRIESTESS-ONE >Dette er tiden da du bør stole på magefølelsen, og følg veien til dine drømmer mot som du føler sterkt. Det kan være en person som snart vil gi deg svært viktig eller nyttig råd. Du må kanskje se etter noen ting som er ukjent for deg, og det er sannsynlig at det er noen ting som blir holdt skjult for deg. Du er nødt til å holde utkikk til hemmeligheten er ikke avslørt, da dette kan gi en svært viktig erkjennelse over deg. </THE-HIGH-PRIESTESS-ONE >
<THE-EMPRESS-ONE >Du tenker dypt om noe, og er bekymret for veksten eller starten på noe i din karriere, virksomhet eller ditt forhold. Du eller din partner blir svært beskyttende og kan også ty til uetiske midler for å oppnå det som er ønsket. Litt tålmodighet og noen innsats vil være nødvendig for å oppnå stabilitet i dagens situasjon. </THE-EMPRESS-ONE >
<THE-EMPEROR-ONE >Prestasjon er ikke veldig langt unna, og ære er på vei også. Du kan bli påvirket av en guiding mannlig person som din far, bror, partner eller en venn. Du vil ha autoritet nå, og vil være i kommando av hva du vil gjøre. En meget sterk støtte system vil være der ved din side. Skjønt, må du være forsiktig om din overfladisk eller over-krevende art som kan skade dine juniorer. </THE-EMPEROR-ONE >
<THE-HIEROPHANT-ONE >Ikke bli for sta om dine tanker, og ikke holde deg til gamle tro og tradisjoner nettopp fordi de har blitt fulgt siden aldre. Du kan tenke på ekteskap. Du kan kanskje få fast opp i juridiske formaliteter. Problemer kan komme, og du kan klamre deg til gamle metoder for å løse dem. Du må håndtere problemene med hodet kaldt og holde nok tålmodighet. </THE-HIEROPHANT-ONE >
<THE-LOVERS-ONE >Kjærlighet er i luften for deg. Du kan fort få en hyggelig overraskelse i ditt kjærlighetsliv. Du må kanskje gjøre valg mellom ditt hjerte og sinn. Du vil sannsynligvis følge ditt hjerte over ditt sinn og risikoen tatt vil være verdt. Du kan få over fristet, som kan føre til utroskap, noe som bør unngås. Dine følelsesmessige forbindelser vil bli sterk. </THE-LOVERS-ONE >
<THE-CHARIOT-ONE >Du er i for noen kamp for å oppnå det du ønsker. Noen form for endring eller reise kan skje i livet ditt. Du må kanskje møte hindringer i din karriere eller privatliv. Du kan bli trakassert av noen med egoistiske motiver. En viss kontroll er kanskje nødvendig i motsatte følelser og omstendigheter, men til slutt seier vil bli gjennomført. </THE-CHARIOT-ONE >
<JUSTICE-ONE >Det er på tide å få litt balanse i det du gjør. Det kan være noen vane eller aktivitet som skjer mer enn eller mindre enn det som kreves i livet ditt. Du trenger å kontrollere dette. Du må ta anstrengelser for å komme tilbake til normaltilstanden ved å balansere alle aspekter av livet ditt. Du må være upartisk mens du gjør avtaler eller partnerskap i nær fremtid. Hvis det er noe du vet du gjør galt, rette på det snart før det tar en farlig vending. </JUSTICE-ONE >
<THE-HERMIT-ONE >Ta deg tid og prøv å organisere og analysere ting. Du kan føle utålmodig med ting som skjer rundt deg. Ikke ta forhastede beslutninger, og det ville være bedre hvis noen råd er hentet fra noen erfaren og pålitelig før du gjør en viktig avgjørelse i nær fremtid. Ta en kort pause fra timeplanen din og prøve å finne fred og selvrealisering. </THE-HERMIT-ONE >
<WHEEL-OF-FORTUNE-ONE >Du snart vil møte en av de beste faser av livet ditt. Flaks vil favorisere deg og du skal høste fruktene av din innsats. Noen endringer vil skje, og livet ditt vil bevege seg mot modenhet. Det er sannsynlig at du vil få alt det du har ventet på. Dine problemer vil komme til en slutt, og lykke vil komme i overflod. Dine drømmer er i ferd med å bli nådd. </WHEEL-OF-FORTUNE-ONE >
<STRENGTH-ONE >Du vil finne at du har skaffet den styrke og potensial til å takle de verste situasjonene, både fysisk og mentalt. Dette kortet indikerer et godt tidspunkt å avslutte en dårlig vane som du prøvde å slutte etter en lang tid. Du vil få bragd i ting som du sliter med tidligere, som i ditt forhold, karriere, helse, etc. Med din vilje og intelligens, kan du passere prøvelsene og utfordringene i livet ditt. </STRENGTH-ONE >
<THE-HANGED-MAN-ONE >Du må kanskje ofre noe eller gå bort fra noen for å oppnå noe bedre. Dårlig helse, svikter eller spenning kan forekomme. Håndter eventuelle slike problemer ved å opprettholde fred og utholdenhet. En ugunstig situasjon kan føre til en svakere viljestyrke og følelsesmessig sammenbrudd. Det anbefales at du bør være innsiktsfull og utnytte denne tiden til å få klarhet i disse situasjonene. </THE-HANGED-MAN-ONE >
<DEATH-ONE >Dette kortet betyr store transformasjoner og viktige eller sjokkerende endringer i livet. Som navnet antyder, betyr det døden, men bare i tilfeller som moden alder eller meget dårlig helse. Du kan føle deg trist, tom eller deprimert, men denne fasen vil hjelpe deg til å innse at nødvendige endringer må gjøres for livet å gå videre. Har styrke til å godta disse endringene slik at du kan komme over denne fasen. </DEATH-ONE >
<TEMPERANCE-ONE >Du kan forveksles med de valgene som livet tilbyr deg. Du må kanskje velge mellom motsetninger, og du blir nødt til å arbeide for å finne en måte å balansere begge ting for din komfort og fred. Du må gi det tid og eksperimentere litt for å finne ut den beste løsningen. Du må veie alternativene riktig, for å blande ellers motsatte aspekter og opprettholde fred. Du vil finne måter å bygge harmoni. </TEMPERANCE-ONE >
<THE-DEVIL-ONE >Du vil bli fristet til følelser av begjær, grådighet, ambisjoner eller avhengighet. Du vil ønske makt til å kontrollere ting og bli tiltrukket til komfort i livet. Mangel på selvkontroll kan føre til farlige og kompliserte situasjoner. Uansett hva du gjør, vil det være mot ytterpunktene som vil gjøre at du føler deg kraftig, men det vil være farlig på samme tid. Du må være forsiktig, fordi dette kortet gir deg en advarsel om de destruktive skrittene du kan ta. </THE-DEVIL-ONE >
<THE-TOWER-ONE >Tiden i nær fremtid kan være en av de mest problematiske du noensinne har sett. Du kan møte noen ubehagelige og plutselige endringer. Noen lidelse kan være forårsaket på grunn av uforutsette grunner, og du må kanskje gå gjennom en liten isolasjon eller ensomhet. Men disse endringene kan tvinge deg til å se nye retninger i livet, som kan vise seg å være gunstig på lengre sikt. Det vil ikke være en hyggelig tur, men det vil være for de beste, ettersom det vil lære deg en masse ting for fremtiden. </THE-TOWER-ONE >
<THE-STAR-ONE >Du er mer åndelig tilbøyelig nå og ønsker fred og harmoni i livet ditt. Dette vil være en tid for helbredelse og fører til nye håp i ditt personlige og profesjonelle liv. Det er et godt tegn for å starte et nytt forhold eller ta ditt eksisterende forhold til neste nivå. Kunnskap om ulike ting vil bli styrket, og dette vil være en god tid til å nyte kunstneriske aktiviteter. </THE-STAR-ONE >
<THE-MOON-ONE >Du kan føle at du reiser i verden av fantasi og kreativitet. Du kan støte på noen dype og mørke skjulte hemmeligheter, og du kan dra inn til et fall i følelsesmessige aspektene. Du bør unngå narkotika eller alkohol eller andre rus som kan være farlig for helsen din. Du kan føle deg fanget i en gal og nomadisk verden, og blir nødt til å følge din intuisjon intenst for å ta deg med på den beste veien, helst noe å gjøre med musikk, kunst, dans, teater, etc. </THE-MOON-ONE >
<THE-SUN-ONE >Du vil føle deg svært energisk, ungdommelig og vil bevisst ta de rette beslutningene for å oppnå suksess. Solen kortet handler om friskhet, entusiasme og betyr at alt vil virke til å falle på plass en etter en. Noen gode nyheter kan også være på vei. En ferie er også mulig i nær fremtid. Mer tid vil bli brukt med familie og venner i en jovial stemning i de kommende dagene. Glede og fred er i vente for deg i dagene som følger. </THE-SUN-ONE >
<JUDGEMENT-ONE >Dette kortet indikerer muligheter som bør ikke bli neglisjert. Disse er de mulighetene som du har ventet på. Det er den tiden da du vil bli belønnet for den innsatsen du har lagt i det siste. Nye prospekter som kommer din vei vil forandre livet ditt til det beste. Siden dommen må være rettferdig, kan du møte byrden av dine synder fra fortiden. Alt i alt, vil det være en lykkelig slutt i hva du gjør for tiden. </JUDGEMENT-ONE >
<THE-WORLD-ONE >Dette er tiden når den lange kampen din kommer til en slutt, og du får belønning for det. Dette kortet indikerer avslapping etter mye innsats. Du vil oppleve at du endelig får ting og resultater som du hadde lenge ønsket og håpet på. Dine kjære vil sette pris på fruktene av ditt hardt arbeid. Denne perioden vil ta fatt sterke prestasjoner, og vil vise nye begynnelser.</THE-WORLD-ONE >
    </ROOT>
