<?xml version="1.0" encoding="utf-8" ?>
<ROOT>
<THE-FOOL-ONE>Yes. It's time for a new beginning, a fresh start. Even if other people may not understand what it is that you want, you know that you are on the right path and should keep following your own intuition. Sometimes doing something new, different, and exciting is the way to make things happen.</THE-FOOL-ONE>
<THE-MAGICIAN-ONE>Yes. The universe is working towards your desires. You see synchronicities in the world around you, pointing in the right direction. Things are improving for you, and you are moving toward where it is you want to be. Keep the energy up and continue pushing towards your desires. Inspiration is coming your way.</THE-MAGICIAN-ONE>
<THE-HIGH-PRIESTESS-ONE>Yes. This is a magical, mystical time for you and pleasant surprises may be coming your way. Your dreams should tell you where you need to go and what you need to do. Things seem to be starting to go your way and you should take advantage of this time to achieve your dreams.</THE-HIGH-PRIESTESS-ONE>
<THE-EMPRESS-ONE>Yes. People are attracted to you and want to help you achieve your desires, even if you do not ask them for help. Take advantage of the positive energy coming your way, just be careful to treat people well or it will backfire on you later. People care about you and want to see you succeed.</THE-EMPRESS-ONE>
<THE-EMPEROR-ONE>Yes. Just make sure to use your logical mind rather than your heart for making decisions. Following only your emotions will lead to trouble. Think through your plans clearly and you will be well on your way to making progress on your desires and your goals. Make sure you have a plan before moving forward.</THE-EMPEROR-ONE>
<THE-HIEROPHANT-ONE>No. Now is not the time to make a change. Instead, you need to keep doing what is right, stay in the course of your current path. Going against the grain at this time will lead you into trouble and without the support of others around you. Hold steady for now.</THE-HIEROPHANT-ONE>
<THE-LOVERS-ONE>Yes, as long as you listen to your heart and not your logical mind. They may want different things at this time, but your heart will not lead you astray in this situation. If you are fighting yourself about which is the right way to go, you know the answer deep within yourself. If you listen, it'll come to pass.</THE-LOVERS-ONE>
<THE-CHARIOT-ONE>Yes. You have the drive and the ambition to get through anything. You just need to put the effort into your goal and it will definitely come to fruition. You are deserving of your desires and have the energy to follow through and see your ambitions through to completion. Go for it!</THE-CHARIOT-ONE>
<STRENGTH-ONE>Yes. You have the strength to make your dreams come true, and now is the time to begin. You know what you want and you have the power to make it come true, so don't wait another minute! Go for it all. You will succeed if your actions follow your desires.</STRENGTH-ONE>
<THE-HERMIT-ONE>No. Now is the time to take a step back and contemplate things. It is not a good time to start new projects or to go a different way. It is a time of rest and reflection, a time to be alone and clear your head. Until you have done this, you cannot move forward.</THE-HERMIT-ONE>
<WHEEL-OF-FORTUNE-ONE>Yes. Things are starting to turn your way. Although change itself can be very difficult, the process of change will help you achieve your goals and give you what you want. Life isn't always easy, and even when you want it, it can be difficult to get there. You will. Don't worry.</WHEEL-OF-FORTUNE-ONE>
<JUSTICE-ONE>No. Although you may have nothing to do with it, other people's karma is intersecting with your desires, causing things to not go in your favor. The universe has a way of balancing things out, and right now it is the time for you to wait. Don't blame yourself for the negative response. You can't get everything you want.</JUSTICE-ONE>
<THE-HANGED-MAN-ONE>No. Now is not the time for your dreams. It is a time of sacrifice. You may need to rethink your plans or goals for things to improve. It's not always about you, and there are some things you need to let go of before moving forward. Help others before you help yourself.</THE-HANGED-MAN-ONE>
<DEATH-ONE>No. Things are completely out of your control right now, and you may have to suffer some major change or destruction before things will get better. You may not be able to rely on people you have in the past. Transformation is tough, so don't expect things to be easy in the near future.</DEATH-ONE>
<TEMPERANCE-ONE>No. Right now is a time to be cautious, stay in balance, and not change too much. That means that the current forecast for your desires aren't looking favorable at this time. Expecting too much can backfire on you. So take it easy and don't expect any of your desires to be fulfilled at this time.</TEMPERANCE-ONE>
<THE-DEVIL-ONE>No. Right now your energies are too bound up in other places and on other projects to be able to make your own desires come true. You need to learn to let go of the things that keep you in bondage before you can move onto your own personal goals. Right now you feel that you have no other options.</THE-DEVIL-ONE>
<THE-TOWER-ONE>No. Now is the time for major upheaval and things will not go your way. You may be forced to suffer some loss or crisis at this point in time, and you will need to put your own dreams and desires on hold while you deal with the changes to your world.</THE-TOWER-ONE>
<THE-STAR-ONE>Yes. Everything is going your way, and now is the time to take advantage of the positive energy that surrounds you. Hope is the medicine for all that is going on in your life. The stars are smiling on you and your dreams, so you can look for great things to come your way.</THE-STAR-ONE>
<THE-MOON-ONE>No. Times are dark right now and it will take some time for things to work themselves out. Things are unknown right now, and you will not understand everything that is going on. You may feel confused and lost. It will take a while before these feelings clear up and you can move forward.</THE-MOON-ONE>
<THE-SUN-ONE>Yes. The sun shines down on you, blessing your every venture. Life is joyous and exciting and everything seems to be going your way right now. All is new and bright and you can look forward to a time of blessings, dreams being met, and desires being fulfilled. Smile and work hard for best results.</THE-SUN-ONE>
<JUDGEMENT-ONE>Yes. The universe is looking down on you, and the energies see your work as favorable and help you achieve all that you want and desire. The answer is yes because you have worked hard, taken care of business, and been a good person overall. The universe judges you as worthy.</JUDGEMENT-ONE>
<THE-WORLD-ONE>Yes. You have worked hard and done everything right, and because of this, you will see the fruit of your labors. The universe is granting your wishes for all that you have put into them: your time, your energy, your hopes and dreams. All your dreams are coming to completion and you will be happy.</THE-WORLD-ONE>
<ACE-OF-WANDS-ONE>Yes. Now is the time of new beginnings and things are going your way. Things will be especially good for any creative endeavor you are interested in. Your endeavors will turn out well as long as you put in the time and energy into making them come true. You have the power and the ability to change your life.</ACE-OF-WANDS-ONE>
<TWO-OF-WANDS-ONE>Yes. You have been paying attention and serving your life and the lives of those around you, and the universe will give back to you. You have put in the time and now you can reap the rewards of all your hard work. Enjoy this time. Things will work out if you are patient and taking care of your business.</TWO-OF-WANDS-ONE>
<THREE-OF-WANDS-ONE>Yes. Life is turning towards your desires, and now is the time to take advantage of these good tidings. You are strong, smart, and ready to put forth the effort. Troubles and adversity is at an end, and now things will be looking up for you in the future. Enjoy the positive changes.</THREE-OF-WANDS-ONE>
<FOUR-OF-WANDS-ONE>Yes. Now is a time of happiness and celebration, a time for dreams fulfilled and a job well done. Peace and prosperity are coming your way. Your life is happy and fulfilling and you will have your dreams and desires answered in a positive way. Now is the time to rejoice over your good fortunes.</FOUR-OF-WANDS-ONE>
<FIVE-OF-WANDS-ONE>No. Struggle and strife are part of your daily life right now, and it is not about to end anytime soon. You have to work hard just to keep things together. Now is a difficult time full of frustrations that you must weather. Keep working and hold your head up high, but don't expect great things right now.</FIVE-OF-WANDS-ONE>
<SIX-OF-WANDS-ONE>Yes. Victory is yours, and you are marching home triumphant. Good news may be coming your way, or the fruits of your efforts are coming to you. Things will be much better than you had ever hoped for. Now is the time to celebrate your hard work and dedication. You have earned this.</SIX-OF-WANDS-ONE>
<SEVEN-OF-WANDS-ONE>No. Now is a time for battle. You must work hard to keep things going, and there is little energy for anything else beyond mere survival. You are on the side of right, but that doesn't make anything easier. You feel like you are treading water, but sometimes things don't always go your way.</SEVEN-OF-WANDS-ONE>
<EIGHT-OF-WANDS-ONE>Yes. Things are moving right now, and they are turning in your favor. Hard work, swift movement, and hope are all on your side. Keep putting in the work, keep moving forward, and keep dreaming, and soon you will find that things will go your way in the end. You are about to cross over to better things.</EIGHT-OF-WANDS-ONE>
<NINE-OF-WANDS-ONE>Yes. You may find things to be hard and you may have to suffer through some difficulties, but in the end things will work out very well for you. You will face opposition, but you will be victorious at day's end. It may not happen immediately, but it will happen.</NINE-OF-WANDS-ONE>
<TEN-OF-WANDS-ONE>No. At this time, things are very difficult for you, and you may feel that you are just treading water. You have too many chores and responsibilities to take care of. You need to slow down and clear things off your plate before you can hope for a better outcome.</TEN-OF-WANDS-ONE>
<PAGE-OF-WANDS-ONE>Yes. Those things that you have started will be coming to fruition soon. Your hard work and dedication to your dreams and your desires will be coming true. You have put in the effort, and now see the great results of them. New and better things will be coming your way.</PAGE-OF-WANDS-ONE>
<KNIGHT-OF-WANDS-ONE>Yes. The messages coming to you all say that you will get what your heart desires. Your success will be even better than you could have hoped or predicted. Celebrate these great things coming to you. You earned them and you deserve them. Your self-confidence is high and is one of your best assets.</KNIGHT-OF-WANDS-ONE>
<QUEEN-OF-WANDS-ONE>Yes. You have the energy and the fire to make your dreams come true. You work hard and you get what you have earned and deserve. This card is fertile, meaning that new ideas and plans will be born, leading to even greater things. Life is moving in the desired direction.</QUEEN-OF-WANDS-ONE>
<KING-OF-WANDS-ONE>Yes. Not only do you work toward the goals you desire, others around you are working towards your goals also. They want to see the best for you and are willing to help you achieve your goals. All this energy is helping you get exactly what you are working for.</KING-OF-WANDS-ONE>
<ACE-OF-SWORDS-ONE>Yes. Triumph will be the enduring force in your life in the near future. You have worked hard and used force and fire to get to where you are, and this fire will guide you to where you want to be. This is a time of great things happening and new beginnings in your life.</ACE-OF-SWORDS-ONE>
<TWO-OF-SWORDS-ONE>No. Right now you feel trapped, blind, and unsure of how to proceed. This confused energy makes it difficult for anything good to come your way. Right now is not the time to try new things or to work toward your goals. Instead, take the time to get your life together before you can move ahead.</TWO-OF-SWORDS-ONE>
<THREE-OF-SWORDS-ONE>No. Life is very difficult right now and you are going to be subjected to difficulty and heartbreak. Things are going against you and you will have more difficulty than you could ever want. It may hurt you emotionally. Absence, delay, and separation from those you care about could happen.</THREE-OF-SWORDS-ONE>
<FOUR-OF-SWORDS-ONE>No. Now is a time to retreat and one for self-imposed exile. It is not a time for positive omens and moving forward. You need to take some solitude. What you want may not be in your best interest and you should step back and reevaluate what is truly best for you before you can positively move forward.</FOUR-OF-SWORDS-ONE>
<FIVE-OF-SWORDS-ONE>No. Unfortunately, now is a time for loss. Although it may look on the surface as if you have gained some things, you have to look below and see what you have given up to gain. What you have lost is more important than what you gained. Destruction and dishonor are two main themes right now.</FIVE-OF-SWORDS-ONE>
<SIX-OF-SWORDS-ONE>Yes. Things are tough right now and the work is difficult, but not so much that you are incapable of completing it. You may find the effort tiring, but at the end you will gain what it is that you desire. It just means you have to do a lot more than you thought you would to get there.</SIX-OF-SWORDS-ONE>
<SEVEN-OF-SWORDS-ONE>No. This is a card of deceit and deception. You may find that others are working against you to sabotage your dreams. You may want to take a step back and reevaluate who you rely on because someone will be keeping you from reaching your desired outcome. What you are working toward now will fail.</SEVEN-OF-SWORDS-ONE>
<EIGHT-OF-SWORDS-ONE>No. Now is a time of defeat. Bad news, crisis, or conflict will keep you from getting what it is that you desire. The only thing that you can do for now is to try and maintain position and not fall too far behind. Sometimes a no can lead to a better yes if you hold course.</EIGHT-OF-SWORDS-ONE>
<NINE-OF-SWORDS-ONE>No. Disappointment, despair, or even death of a dream are at the forefront right now. It is time to mourn what it is that you will not be able to attain. It will be a difficult time for you. It may also be that someone you relied on has deceived you. Now is the time to mourn what you lost.</NINE-OF-SWORDS-ONE>
<TEN-OF-SWORDS-ONE>No. Pain, desolation, tears, sadness, and betrayal are in your near future. Whatever it is that you desire will not come to you. You need to let go of those things that are being denied to you. There may be many endings in your near future. When one door closes, however, you may find another opening.</TEN-OF-SWORDS-ONE>
<PAGE-OF-SWORDS-ONE>Yes. You may be working too hard and pushing too much, but your efforts are not in vain. You don't need to work so hard and you don't need to step on other people's toes to get what you want. The universe is looking out for you and will grant your desire.</PAGE-OF-SWORDS-ONE>
<KNIGHT-OF-SWORDS-ONE>Yes. You are doing all that you can to gain what it is that you desire, and your efforts are not in vain. People are showing resistance to you, but you have right and might on your side. Good news will be coming your way soon, and your efforts will be rewarded. Hard work is worth the effort.</KNIGHT-OF-SWORDS-ONE>
<QUEEN-OF-SWORDS-ONE>No. Now is a time of sadness, mourning, and possibly even embarrassment. It can also be seen as a time of separation from someone that you care about. You have exhausted yourself trying to wield your power, and now you see what it is that you desire slip through your fingers.</QUEEN-OF-SWORDS-ONE>
<KING-OF-SWORDS-ONE>No. Others in your life have energies that are working against your goals, which causes difficulty for you. The people in charge sit in judgment of your goals and are working against you. Remember, however, that not everything can be about you personally. Sometimes you need to work for a different goal.</KING-OF-SWORDS-ONE>
<ACE-OF-PENTACLES-ONE>Yes. Now is a time of new beginnings and any venture you start now will turn out positive results. These positive starts will lead to fruitful completions, especially in the worldly realm, such as in wealth acquisition, career advancement, or other physical manifestations. Good news will be coming your way soon.</ACE-OF-PENTACLES-ONE>
<TWO-OF-PENTACLES-ONE>No. There are many obstacles in your way right now. It could be that others are not working with you or that you have too much to handle right now to put the proper effort into your goals. Either way, right now will be a time for trouble and embroilment in a situation that keeps you from your own work.</TWO-OF-PENTACLES-ONE>
<THREE-OF-PENTACLES-ONE>Yes. Right now is a time of hard work and labor, possibly physical labor. This work is exactly what you need to do to achieve your desires. Your hard work will not only bring you what you desire, it will also bring you glory for what you do. You are on the right track. Keep it up.</THREE-OF-PENTACLES-ONE>
<FOUR-OF-PENTACLES-ONE>No. Sometimes you need to be willing to let go of things for better things to come into your life. However, right now you are holding on too tightly to things you already possess, which doesn't leave any room for anything new to come to you. You must learn to let go before moving forward.</FOUR-OF-PENTACLES-ONE>
<FIVE-OF-PENTACLES-ONE>No. You will be facing many trials soon, and may have a lot of difficulty in the material world right now. Destitution is the theme of this card. You will have to focus on fulfilling life's most basic needs. Anything above that is more than you can handle at this moment in time.</FIVE-OF-PENTACLES-ONE>
<SIX-OF-PENTACLES-ONE>No. You will be facing many trials soon, and may have a lot of difficulty in the material world right now. Destitution is the theme of this card. You will have to focus on fulfilling life's most basic needs. Anything above that is more than you can handle at this moment in time.</SIX-OF-PENTACLES-ONE>
<SEVEN-OF-PENTACLES-ONE>Yes. You have worked hard to get to where you are. Although you may need a break, when you continue with your efforts, you will see the results. You are on the right path. Keep pushing forward and the things that you are working for will come to you. Effort leads to results.</SEVEN-OF-PENTACLES-ONE>
<EIGHT-OF-PENTACLES-ONE>Yes. You have been working hard. Your skill and preparation are leading to positive results. You have put your effort into doing things well, and your craftsmanship and dedication will pay off. You have spent a lot of time putting in the work and preparing for the best, and your efforts will be rewarded.</EIGHT-OF-PENTACLES-ONE>
<NINE-OF-PENTACLES-ONE>Yes. Happiness and success are in your future. You have thought through your efforts, given your work the right focus, and now you will reap the rewards of all that you have done. Material well-being is specifically a focus in your life, and you will have all that you want.</NINE-OF-PENTACLES-ONE>
<TEN-OF-PENTACLES-ONE>Yes. You will have a lot of success, especially in the material world. You have so much to be thankful for and everything is going your way in life. You will get what you want, but make sure to give back for all your good fortune. You have gotten much, and it is time to give a little also.</TEN-OF-PENTACLES-ONE>
<PAGE-OF-PENTACLES-ONE>Yes. It may take some time and effort, but the ultimate result of this will be what it is you are hoping for. Study, reflection, and application to the goal will bring you great results. There is more work to be done, but you will eventually get the answers and results you are looking for.</PAGE-OF-PENTACLES-ONE>
<KNIGHT-OF-PENTACLES-ONE>Yes. You are responsible and always thinking about how to be of service to others. You work hard and do the right thing and the universe rewards people for this type of effort. Keeping your eye on the mundane and taking care of your day to day business is paying off for you.</KNIGHT-OF-PENTACLES-ONE>
<QUEEN-OF-PENTACLES-ONE>Yes. You are getting a lot of things accomplished, putting your effort in the right places and people rely on you. Your effort and your proper outlook on life leads to good things for you. When you give back to others, as you do, you also get a lot in your life. You receive what you're willing to give.</QUEEN-OF-PENTACLES-ONE>
<KING-OF-PENTACLES-ONE>Yes. Intelligence, business acumen, logic, and focus are the gifts that have led to your success. You have worked hard and have always done the right thing in life, and these things are always rewarded. Follow the rules and the normal way of doing things and great things will come to you.</KING-OF-PENTACLES-ONE>
<ACE-OF-CUPS-ONE>Yes. You will be successful in any endeavor that you undertake, especially when your emotional investment is great. Your heart is true and people respond to your kindness with love and good will. You are genuinely content with things and work hard when you want to change things to make them even better.</ACE-OF-CUPS-ONE>
<TWO-OF-CUPS-ONE>Yes. Everything in your life seems to be going your way. Career, home life, love, and material needs all seem to be taken care of. When this happens, it is a good time to go for and make your goals and dreams come true. This card can also mean that you are finding fulfillment and joy in personal relationships.</TWO-OF-CUPS-ONE>
<THREE-OF-CUPS-ONE>Yes. The conclusion of your hard work is joy, perfection, victory, and celebration. Take time to enjoy your accomplishments and be thankful for all that you have gotten. You will find the conclusion soon, and it will be in your favor. Enjoy the rewards of your desires. Things will continue to happen for you.</THREE-OF-CUPS-ONE>
<FOUR-OF-CUPS-ONE>No. You are too busy being worried about what you don't have, to get what you want. You are tired and disgusted with the world and spend your time worrying about the past and the present instead of taking care of the future. This causes you to lose sight of your goals.</FOUR-OF-CUPS-ONE>
<FIVE-OF-CUPS-ONE>No. You have lost some things in life and will continue to have some difficulties. You still have things to be thankful for in life, but your present desires will not be fulfilled. You will spend some time being sad over this loss and will forget to even care about those things that you still have.</FIVE-OF-CUPS-ONE>
<SIX-OF-CUPS-ONE>Yes. You are reveling in the past and using it as a motivation to move into the future. You remember the good things and wish to make them happen again. Your desire will guide you to where you want to be. Use these memories and desires to move forward and your goals will be achieved.</SIX-OF-CUPS-ONE>
<SEVEN-OF-CUPS-ONE>Yes. You seem to have a lot of choices in front of you and you get the luxury of picking the one that is most appealing. You know what you want and have the opportunity to get it. Enjoy it, as things like this don't happen every day. It could be luck or skill, but you will get what you want.</SEVEN-OF-CUPS-ONE>
<EIGHT-OF-CUPS-ONE>No. You are learning that the things that you thought you wanted aren't in your best interests. You choose to walk away before your desires are fulfilled. You don't need to be too upset though, because it is your choice to leave this particular thing behind. Sometimes it is better to walk away than waste your effort.</EIGHT-OF-CUPS-ONE>
<NINE-OF-CUPS-ONE>Yes. Life is going well for you, and everything you want is laid out right in front of you. You have achieved victory and success and should count yourself lucky that you have earned everything your heart desires. You also have enough to lead you into the future. Everything is moving forward for you.</NINE-OF-CUPS-ONE>
<TEN-OF-CUPS-ONE>Yes. This is the happiest card around, and it shows that you will get everything you desire. A more perfect state could not be found. All is rainbows and sunshine and dancing, and you have everything you have been dreaming of. Enjoy this. This rarely happens. You are truly blessed.</TEN-OF-CUPS-ONE>
<PAGE-OF-CUPS-ONE>Yes. Good news is coming your way, and it is exactly what you were hoping for. It's time to dream and start following those dreams, as you have success and happiness coming to you. Follow your heart and you will achieve those goals that you want most in your life.</PAGE-OF-CUPS-ONE>
<KNIGHT-OF-CUPS-ONE>Yes. Things are going well and moving forward in the direction that you desire. Good news is coming your way, and it will appear soon. You are full of energy and can make any dream or desire come true if you go after it. Make use of the energy building up inside you.</KNIGHT-OF-CUPS-ONE>
<QUEEN-OF-CUPS-ONE>Yes. Success, happiness, pleasure, and wisdom are in your future. There are people on your side, especially women, who are helping you make your dreams become reality. Take advantage of their help. Now is the time to treat yourself with love and go after those dreams. Good things will come.</QUEEN-OF-CUPS-ONE>
<KING-OF-CUPS-ONE>Yes. Those around you are kind and compassionate and will work in your favor to help you reach your goals. They are willing to work with you to help you achieve your goals. Your responsible streak keeps you working hard to make your dreams come true. Your creativity is also an asset for this goal.</KING-OF-CUPS-ONE>
</ROOT>
