<?xml version="1.0" encoding="utf-8" ?>
<ROOT>
<ACE-OF-CUPS-ONE >Detta kortet visar att du sannolikt kommer att hamna i situationer av emotionell betydelse. Det är dags att låta ditt hjärta guida din väg. Du måste lita på din intuition och göra vad du känner är känslomässigt lämpligt. Du kommer förmodligen känna intim medkänsla och kärlek. Ditt kärleksliv kommer troligtvis att vara och lysa starkt. </ACE-OF-CUPS-ONE >
<TWO-OF-CUPS-ONE >Kortet indikerar primärt sällskap, fred och kärlek. Detta kort handlar om att göra en ny anslutning/partnerskap i kärlek, arbete, vänskap eller någon annanstans. Det är dags att komma samman och inte bo isär. Om det finns konflikter i visst relation/partnerskap, löst detsamma och skapa fred. Låt glömmas och förlåt. Gör nya band och gå vidare med optimism. </TWO-OF-CUPS-ONE >
<THREE-OF-CUPS-ONE >Kortet visar en förbättrad iver och iver mot liv. Du kommer att njuta av alla de små saker som kommer din väg. Du kommer vara tillsammans med gamla vänner och bygga en starkare förbindelse av förtroende med dem. Du kommer att skapa nya kontakter i samhället och erfara kamratskap. Du kan komma att hitta dig själv arbeta i ett team/grupp mot ett gemensamt mål. </THREE-OF-CUPS-ONE >
<FOUR-OF-CUPS-ONE >Detta kort representerar en tid att reflektera och titta introvert på dina tankar och ditt liv. Du kan hitta dig själv i en oönskad situation. Ibland kan du känna dig apatisk och sakna motivation. Du behöver öppna dig själv för alla nya möjligheter att hitta den riktning som du har letat efter. Försök att vara mer osjälvisk och lyssna till andra för att hitta vägen ut. </FOUR-OF-CUPS-ONE >
<FIVE-OF-CUPS-ONE >Detta kort innebär förlust av hopp, besvikelse och uppgivenhet i livet över tidigare händelser. Du kan känna dig förlorad eller besegrad på grund av något som redan hänt. Du kanske beklagar dina tidigare beslut och kanske vill gå tillbaka i tiden för att ändra ditt beslut. Bekräftar du dina misstag men du funderar inte på vad som finns kvar. Du behöver släppa taget om det förflutna, se det goda i din nuvarande situation och arbeta för framtiden. </FIVE-OF-CUPS-ONE >
<SIX-OF-CUPS-ONE >Kortet indikerar din godhjärtade och oskyldiga syn mot livet. Du är glad över att sprida glädje utan något själv motiv. Du kanske känner dig välsignad och tycker om att hjälpa andra. Du kan börja märka alla de små sakerna runt och kommer söka förnöjsamhet i dessa små glädjeämnen. Du kan bli nostalgisk kring din barndom. Gudomlig kärlek kan också vara inom nära framtid. </SIX-OF-CUPS-ONE >
<SEVEN-OF-CUPS-ONE >Detta kort handlar om illusioner och drömmar. Du kan låta tankarna flöda med fantasi och fokuserar inte mot livets realiteter. Du står inför en tid där du kan se många alternativ att välja mellan. Det finns chanser att du försummar din hälsa och äter/dricker för mycket. Lathet och prokastinering är dina främsta fiender. </SEVEN-OF-CUPS-ONE >
<EIGHT-OF-CUPS-ONE >Kortet visar dina framsteg för att söka en djupare mening i livet. Du vill särskilja från problemen med liv och överge hopplösa situationer. Du kan tendera att söka efter sann lycka istället för att fokusera på ekorrhjulet. Du kommer att leta efter inre glädje och kan tendera att flytta bort från det förflutna. Du kanske ägnar mer tid åt andliga aktiviteter. </EIGHT-OF-CUPS-ONE >
<NINE-OF-CUPS-ONE >Kortet indikerar uppfyllande av önskemål. Du kommer att tjäna det du verkligen förtjänar och lust. Du kan känna dig mer nöjd i livet, eftersom framgång är på din sida. Dina omhuldade drömmar kan besannas och dina efterlängtade mål kan slutligen uppnås. Du kommer att uppleva och uppskatta lyx. Avkoppling är vad du önskar nu. Njut av denna goda tid så länge du kan. </NINE-OF-CUPS-ONE >
<TEN-OF-CUPS-ONE >Kortet återspeglar kommande glädje och frid i ditt liv. Du kan känna lycka som är runt dig och en känsla av välbefinnande. Du upplever kanske att stress och spänningar minskar och livet blir lätt och harmoniskt. Du kommer att fokusera på kärlek och vänskap och gå framåt bland dem båda. Du förblir dedikerad mot din familj och njuter av sociala sammankomster och evenemang som involverar detsamma. </TEN-OF-CUPS-ONE >
<PAGE-OF-CUPS-ONE >Detta kort återspeglar din emotionella sida. Du tenderar att följa ditt hjärta i stället för sinnet. Du tenderar att bli sentimental och rörd över små saker. Du ser inom dig själv och litar på din intuition för vägledning. Det är en bra tid att vara i en romantisk relation där du kommer att vara känslomässigt nära personen. Närmare vänskap måste utvecklas. Det är också en tid att laga trasiga relationer. </PAGE-OF-CUPS-ONE >
<KNIGHT-OF-CUPS-ONE >Kortet står för vackra känslor och även tips om dess överskott. Ibland kan du vara sentimental i kärlek, men kan gå överstyr med att uttrycka din kärlek. Svartsjuka kan krypa sig in i din romantik. Du är känslig men ibland tenderar du att skadas mycket lätt. Du är älskvärd och intelligent. Du drömmer stora saker för dig själv men blir lätt avskräckt. </KNIGHT-OF-CUPS-ONE >
<QUEEN-OF-CUPS-ONE >Kortet betyder känslighet och mognad i hantering av känslor. Du kan visa en omtänksam och eftertänksam strategi för varje situation du står inför. Du tenderar att ansluta med din andliga sida och uppskattar livets djupare mening. Du är tålmodig. Du känna empati med andra och är snäll och mild mot svaga. Du tenderar att förstå saker utan att fråga. </QUEEN-OF-CUPS-ONE >
<KING-OF-CUPS-ONE >Kortet betyder en klok och tolerant attityd. Du kan ha en djup förståelse av den mänskliga naturen. Du kan vara en bra lärare. Du kan hålla ditt huvud lugn i kris och hjälp att lösa ett spänt ögonblick. Du vet vad och när du ska säga något. Du känner medlidande för de mindre privilegierade. Du kan vara en vidsynt person med diplomatisk utsikt. Dina ledaregenskaper är din tillgång. </KING-OF-CUPS-ONE >
<ACE-OF-PENTACLES-ONE >Kortet föreslår att du sammanför den mentala styrkan du besitter och fokusera på den mot dina mål. Du kan se dina ansträngningar som förvandlas till de resultat du önskat. Detta kommer så småningom ge tillväxt i din karriär och livet och bygga en positiv inställning för dig. Du måste agera på ett praktiskt sätt och vara realistiska i livet. Fortsätt med tro och tillit till andra då det kommer vara fördelaktigt för dig. </ACE-OF-PENTACLES-ONE >
<TWO-OF-PENTACLES-ONE >Den kort talar om din anpassningsförmåga och kompatibilitet mot livet. Du kommer balansera saker du hanterar, på ett ordentligt sätt, och gå framåt med stabila men snabba kliv. Du kommer att vara öppen för nya idéer och möjligheter, både i ditt personliga och professionella liv. Du kommer att effektivt hantera de förändringar som sker och ha roligt på samma gång. Arbete och nöje sker samtidigt för dig. </TWO-OF-PENTACLES-ONE >
<THREE-OF-PENTACLES-ONE >Din potential att arbeta som en utmärkt lagspelare understryks av detta kort. Du kommer att vara mycket samordnad och motiverad i de uppgifter som du tar dig an. Du tenderar att vara ganska organiserad i din inställning. Med din kompetens, kommer du att uppnå perfektion i ditt arbete och kommer att kunna nå dina mål. Du kommer således bevisa dina förmågor till någon som tvivlade. </THREE-OF-PENTACLES-ONE >
<FOUR-OF-PENTACLES-ONE >Kortet belyser din nyanser av begär att äga saker och motstånd mot förändringar. Du tenderar att hamstra materialistiska saker och inte dela dem med andra. Girighet kan styra ditt sinne. Du kan försöka ta kontroll över de saker som omger dig och kräva att saker ska göras i din väg. Du tenderar också till att hålla saker ostört och oförändrat, vilket innebär en allmän stagnation i de flesta aspekter av livet. </FOUR-OF-PENTACLES-ONE >
<FIVE-OF-PENTACLES-ONE >Kortet visar en fas av svåra tider, både känslomässigt och fysiskt. Du kan köra fast vad gäller ekonomiska problem eller vissa problem kan dyka upp på din arbetsplats. Du kan uppleva en brist på färdigheter som du faktiskt behöver växa runt. Du kan också gå igenom en fas, där du kan känna en brist på stöd och kan glida in i skonsam ensamhet. Det kan finnas hälsoproblem. </FIVE-OF-PENTACLES-ONE >
<SIX-OF-PENTACLES-ONE >Detta kort berättar om gråaktiga möjligheter till att ha rikedom, makt och intelligens. Antingen har du det eller så har du det helt enkelt inte. Du kommer att vara antingen på den mottagande sidan eller den givande sidan. Detta gäller alla aspekter av livet, du kan vara antingen här eller där. I båda fallen bör du förstå och analysera din framtid och arbeta mot den. </SIX-OF-PENTACLES-ONE >
<SEVEN-OF-PENTACLES-ONE >Kortet innebär ett behov av att bedöma och analysera den nuvarande situationen av livet. Du kanske vill ta lite ledigt bara för att hålla koll på dina framsteg tills nu och se till att du är på rätt väg. Det finns en stark chans att du kommer uppleva succén från dina uppriktiga ansträngningar och nå milstolpar du drömt om. Du kan komma på dig själv tänkandes om hur du ändrar ditt jobb/hem. </SEVEN-OF-PENTACLES-ONE >
<EIGHT-OF-PENTACLES-ONE >Kortet visar din extrema beslutsamhet och ett öga för detaljer. Du kan vara inblandad i vissa uppdrag/uppgifter och applicera dig själv helt med hela ditt hjärta till arbetet. Denna inställning kommer att hjälpa dig att öka din kompetens och kunskap om de saker som du arbetar på. Du kommer att vara mycket försiktig och se till att du gör allt metodiskt och korrekt ända in i minsta detalj. </EIGHT-OF-PENTACLES-ONE >
<NINE-OF-PENTACLES-ONE >Detta kort talar om ditt disciplinerade beteende med självförtroende och törst att förbättra dig själv. Du kommer att se efter att lösa problem och hantera livet via en välorganiserad och sorterad strategi. Du kommer att lita på dina egna kunskaper och omvandla din potential till att prestera för dig själv. Du kommer att eftersträva perfektion och försöka njuta av de finare sakerna i livet. Du kommer att sträva efter en lyxig livsstil. </NINE-OF-PENTACLES-ONE >
<TEN-OF-PENTACLES-ONE >Kortet indikerar överflödet av rikedom som skall uppstå. Du kan njuta av en hälsosam framgång där din affärer blomstrar. Eller så kan du hitta ett mycket högt betalande jobb. Du kommer att uppleva ekonomisk trygghet i alla fall. Du bör kanske rita ut en plan för att säkra dig själv och din familj för en livstid. I allt detta, kommer du att anta beprövade metoder och stanna inom reglerna i allt du gör. </TEN-OF-PENTACLES-ONE >
<PAGE-OF-PENTACLES-ONE >Kortet föreslår att du är praktisk i livet och agera på dina drömmar och gör allt för att få dem att gå i uppfyllelse. Du kommer att behöva arbeta med vad du har och använder din mentala och fysiska styrka för att göra detta. Du bör förlora din attityd om att förhala saker och ting, och hålla fötterna på marken. Du bör agera på ett ansvarsfullt och pålitligt sätt och lita på de människor som du arbetar med. </PAGE-OF-PENTACLES-ONE >
<KNIGHT-OF-PENTACLES-ONE >Detta kort talar om din överdrivna lutning mot positiva saker i livet. När du löser det och driver på mot ett mål kan du förbli obstinat, och inte lyssna på någon och vägra att sluta även i en hopplös situation. Du är konservativ, rädd för risker och därmed förlorar du lätt möjligheter. Din strävan efter exakthet gränsar ibland till besatthet. Ditt praktiska gör dig pessimistisk. Du fokuserar på så mycket hårt arbete att du undgå att märka den vackra världen runt omkring dig. </KNIGHT-OF-PENTACLES-ONE >
<QUEEN-OF-PENTACLES-ONE >Detta kort visar din jordnära, inspirerande och generösa natur. Du bryr dig och har kärlek till människor omkring dig på ett osjälviskt sätt. Du har ett mjukt hjärta och önskar att sprida glädje och lycka med din altruistiska inställning. Du är en lojal och trogen person. Du slösar inte på saker och gör inte allt för mycket väsen ifrån dig. Andra känner sig bekväma runt dig på grund av din opretentiös och trevlig natur. </QUEEN-OF-PENTACLES-ONE >
<KING-OF-PENTACLES-ONE >Kortet belyser dina märkbar färdigheter i olika samhällsskikt. Dina kunskaper om företagande kommer att ge dig både ekonomisk och mental tillfredsställelse i livet. Du räknas vara en pålitlig person i kris. Din anpassningsbara natur hjälper dig i alla situationer. Din uppmuntrande attityd hjälper människor omkring dig. Du är lugn, punktlig och hårt arbetande. </KING-OF-PENTACLES-ONE >
<ACE-OF-SWORDS-ONE >Kortet visar att du kommer hitta mental upplysning och kommer att räkna ut saker på ditt eget sätt. Med ditt angelägna intellekt och resonemang förmåga, lär du dig en hel del fakta om livet. På grund av din mentala styrka, kommer du sakta att flytta ur svåra situationer i livet genom att korsa varje hinder. Du kan tendera att kämpa för rättvisa för någon/något och kommer att fortsätta i riktning mot sanning och ärlighet. </ACE-OF-SWORDS-ONE >
<TWO-OF-SWORDS-ONE >Kortet visar en opposition till känslor och undertryckande av verkliga känslor. Du kan dölja din ångest från andra och kommer att försöka upprätthålla en cool utsida. Tider kan komma, där du befinner dig i obehagliga situationer där du är tveksam till att bestämma eller agera. Du tenderar att undvika tydlig fakta och sanning. Situationen kommer att förbli som det är på grund av din passivitet. </TWO-OF-SWORDS-ONE >
<THREE-OF-SWORDS-ONE >Detta kort antyder att du kan möta en känslomässigt låg tid. Det kan sluta med att du sårar någons känslor eller vice versa. Dåliga nyheter kan vara på väg. Det kan finnas en chans att du känner dig avvisad. Du kan känna att ingen är där för dig när du behöver någon som mest. Ensamhet kan komma. Du kan få reda på hemligheterna om människor nära dig som kan förvirra dig. Du kan också uppleva svek av någon nära dig. </THREE-OF-SWORDS-ONE >
<FOUR-OF-SWORDS-ONE >Kortet visar att du ska ta livet lätt utan att ta dig själv på allt för stort allvar. Du bör ta en paus från din dagliga rutin och hitta lugn och ro. Skaffa dig avkoppling för kropp och själ. Ta den här tiden för att tänka på vart i livet du står, vad du vill uppnå, allt du gjort, etc. Följaktligen, förbered dig för framtiden genom att säkra din nuvarande position. </FOUR-OF-SWORDS-ONE >
<FIVE-OF-SWORDS-ONE >Kortet återspeglar en självcentrerad tänkesätt och disharmoniska attityd med andra. Du tenderar att bara tänka på dina egna intressen innan du tar dig an någon uppgift. Du kan finna det svårt att hantera andras synsätt och åsikter. Du kan hantera att skapa illvilja bland andra. Du kan hantera att uppnå framgång på fel sätt. </FIVE-OF-SWORDS-ONE >
<SIX-OF-SWORDS-ONE >Kortet understryker faser av uppgångar och nergångar i livet. Du kan känna dig håglös och deprimerad i vad du gör. Du kan uppleva ohälsa. Du kan behöva ta dig tid för dig själv, läka och hantera känslomässiga situationer i ditt liv. Du kommer att se världen med ett nytt hopp och börjar att gå mot en positiv sinnesstämning. Du kan resa från en plats till en annan på jakt efter äventyr och ändring. </SIX-OF-SWORDS-ONE >
<SEVEN-OF-SWORDS-ONE >Detta kort talar om din tendens att undvika ditt ansvar och skyldigheter som omger dig. Du döljer sanningen för att undvika musiken. Du kan tendera att bo ensam och högdraget och upprätthålla avstånd från den sociala världen. Under denna fas av isolering, kan du utveckla en bedräglig attityd och ibland agera på ett bedrägligt sätt. </SEVEN-OF-SWORDS-ONE >
<EIGHT-OF-SWORDS-ONE >Detta kort visar mörka och svåra banor framåt. Du kanske känner dig kedjad av situationer och också finna det svårt att hitta din egen väg i livet. Du kan känna dig förvirrad i de flesta fall om vilket som är det nästa steget att ta. Du kanske saknar fokus att gå vidare och bör kanske leta efter hjälp utifrån. Du kan känna att saker blir utanför din kontroll, medan allt du kan göra är vistelse tillbaka och titta på. </EIGHT-OF-SWORDS-ONE >
<NINE-OF-SWORDS-ONE >Detta kort visar en fas av ångest och spänning för dig. Du kan utveckla en skyldighets känsla för något du har gjort i det förflutna och kommer att finna det svårt att förlåta dig själv för detta. Du kanske vill gå tillbaka i tiden för att rätta till dina handlingar. Du drivs mot en fas, varpå du kan sluta tro på dig själv och känna dig deprimerad. Ibland kan du också känna dig känslomässigt trasig. </NINE-OF-SWORDS-ONE >
<TEN-OF-SWORDS-ONE >Detta kort visar en fas av ångest och spänning för dig. Du kan utveckla en skyldighets känsla för något du har gjort i det förflutna och kommer att finna det svårt att förlåta dig själv för detta. Du kanske vill gå tillbaka i tiden för att rätta till dina handlingar. Du drivs mot en fas, varpå du kan sluta tro på dig själv och känna dig deprimerad. Ibland kan du också känna dig känslomässigt trasig. </TEN-OF-SWORDS-ONE >
<PAGE-OF-SWORDS-ONE >Kortet ber dig att samla ihop din mentala styrka och ta itu med de problem som kan störa dig i det långa loppet. Du kommer att behöva logiskt analysera de frågor du ställs inför och göra lämpliga planer för att lösa dessa. Du måste vara ärlig och sanningsenlig och inte försöker dölja något. Du kommer att behöva sortera ut bra och dåliga, och även acceptera det ansvar som kommer längs vägen. Håll din andlighet hög och möt svårigheter med kraft. </PAGE-OF-SWORDS-ONE >
<KNIGHT-OF-SWORDS-ONE >Detta kort föreslår förtroende men med en känsla av av impulsivitet. Din uppriktighet kan anses vara oförskämd för andra. Du kan beskrivas att vara någon som kan tala något utan att tänka innan. Du kan börja som en god ledare men sluta upp som en med en dominerande attityd. Du kan visa en stor känsla för humor målade med sarkasm. Dina djupa kunskaper kommer att uppskattas om de inte gränsar till arrogans. </KNIGHT-OF-SWORDS-ONE >
<QUEEN-OF-SWORDS-ONE >Kortet återspeglar din sanningsenlig och okomplicerad natur till livet. Du föredrar att vara öppen i alla dina kontakter. Din uppfattning om en situation/person är ganska rakt på. Du försöker anta en simpel med ett korrekt tillvägagångssätt i vad du än gör. Ditt sinne för humor är utmärkt och inte på någon annans bekostnad. Din erfarenhet ger dig styrka att gå vidare i livet. </QUEEN-OF-SWORDS-ONE >
<KING-OF-SWORDS-ONE >Kortet antyder att du är tankeväckande och har en etisk personlighet. Du tenderar att analysera situationerna i livet på ett effektivt sätt med dina väl utvecklade logiska förmågor och resonemang. Du kommer att kunna kommunicera dina åsikter och idéer med dina utmärkta verbala färdigheter. Du kommer att vara bred i din uppfattning och kommer att förstå alla aspekter av eventuella problem. Du tenderar att vara ärlig och uppriktig i vad du än gör. </KING-OF-SWORDS-ONE >
<ACE-OF-WANDS-ONE >Detta kort betyder framgång. Du besitter ett fantasifullt och okonventionellt sätt att tänka, som laddar dig med kreativitet. Din entusiasm och lysande självförtroende tenderar att inspirera andra och ta fram passionen i dig. Du ger mer än 100% i vad du än gör. I livet, närhelst du möter på några problem eller utmaningar, kommer du att möta svårigheterna med mod och självförtroende för att lyckas. </ACE-OF-WANDS-ONE >
<TWO-OF-WANDS-ONE >Detta kort innebär en djärv attityd. Om du har väntat att ta ett initiativ eller genomföra någon aktivitet/resa, är det dags att göra det. Du har makt och inflytande för att uppnå dina mål. Så, du behöver bara ha modet att ta dina steg framåt. Detta är tiden att vara djärv och möta din rädsla. Du kommer att behöva komma ut med en innovativ metod att nå dina mål. Bara hugg din egen väg. </TWO-OF-WANDS-ONE >
<THREE-OF-WANDS-ONE >Kortet visar en törst och otålighet att utforska något nytt. Detta ansluter till ditt äventyr och spänning som söker natur. Din framsynta natur skall fortsätta att hjälpa dig i tider framöver. Du kommer att behöva anta rollen av en ledare för att få folk mot dina uppdrag och mål. Du kan komma att hitta mycket framgång i handel och affärsverksamhet. </THREE-OF-WANDS-ONE >
<FOUR-OF-WANDS-ONE >Du bör ansluta till din natur av äventyr och spänning. Din framsynta natur kommer fortsätta att hjälpa dig i tider framöver. Du måste anta en ledande roll för att samla alla mot dina uppdrag och mål. Du kan komma att hitta mycket framgång i handeln snart. </FOUR-OF-WANDS-ONE >
<FIVE-OF-WANDS-ONE >Detta kort betyder att små problem kan uppstå framöver. Människor verkar vara mot dig och du kan sluta argumentera och gräla med människor. Det finns andra ut att konkurrera med dig och du känner efter stigande utmaningen i en kamp. Små motgångar och krångel är i beredskap för dig. Du kommer att behöva visa tålamod och lugn för att komma ur denna situation. </FIVE-OF-WANDS-ONE >
<SIX-OF-WANDS-ONE >Kortet återspeglar seger, uppskattning med lite stolthet. Du kan lyckas nå dina mål med flygande färger. Du kan få uppskattning för dina ansträngningar och det kommer att hålla dig motiverad att ge ditt bästa i allt du gör. Du kommer att njuta av din dag i solen men kan plötsligt börja känna dig väldigt viktig. Du kan börja tänka på dig själv först vilket kan leda till att människor tänker att du är arrogant. </SIX-OF-WANDS-ONE >
<SEVEN-OF-WANDS-ONE >Detta kort belyser ansträngningar att kämpa för, för att nå din position och stå upp för vad du tror. Du tenderar att ha en aggressiv och trotsig inställning till livet. De flesta gånger fungerar denna metod bra för dig, men ibland blir du alltför upprymd av dig själv. Du tenderar att vara envis när du tar ställning och är ganska beständig. Din uppriktiga tro på dina förmågor kommer att hjälpa dig genom tider av nöd. </SEVEN-OF-WANDS-ONE >
<EIGHT-OF-WANDS-ONE >Kortet föreslår en förändring i tid. Tiden du har väntat på har kommit. Det är dags att vidta åtgärder och bevisa din potential på något sätt eller annat. Några oavslutade uppgifter kan slutligen bli avslutade. Du kommer sannolikt att upptäcka information eller nyheter som du söker. Du kanske behöver avsluta en viss sak, för att starta något bättre. </EIGHT-OF-WANDS-ONE >
<NINE-OF-WANDS-ONE >Detta kort visar på de försiktighetsåtgärder du vidtar och den beslutsamhet som du visar. Från ditt förflutna eller tidigare upplevelser, är du extra försiktig nu och alltid förbered på det värsta. Du skyddar dig själv och dina nära och kära. Du står upp mot alla odds och kämpar för dina mål helhjärtat. Din egenvilja och fysiska styrka att fortsätta att hålla dina ansträngningar kanaliseras mot ära. </NINE-OF-WANDS-ONE >
<TEN-OF-WANDS-ONE >Kortet indikerar en ökande känsla av känslomässig eller psykisk belastning. Du kan överarbeta dig själv på jobbet. Du gör förmodligen många saker på samma gång och har fastnat i de flesta av dem. Du kanske även har några skulder att återbetala. Du kan finna det svårt att säga nej till andra. Medan du inte får bra respons för det bra saker du gör, slutar det med att du tar all skuld. Du kan även börja inse att du måste kämpa för varje liten framgång. </TEN-OF-WANDS-ONE >
<PAGE-OF-WANDS-ONE >Kortet innebär nya möjligheter för dig att upptäcka den sanna kraft och energi du besitter. Detta är tiden att åter upptäcka livet och utforska det med kreativ och modig attityd. Du måste visa mer spänning och optimism i dina ansträngningar. Vara passionerad i vad du än gör. Tro på dina färdigheter och behåll ditt fokus för att få ut det bäst av dig. Var äventyrlig och ta risker. Detta är tiden då du ska vara påstridig. </PAGE-OF-WANDS-ONE >
<KNIGHT-OF-WANDS-ONE >Ett riddar kort återspeglar en bra uppsättning av starka kvaliteter som åtföljs av några negativa. Du tenderar ofta att vara charmig och självsäker, men tidvis ses du som en arrogant person. Du tenderar att vara djärv men ibland bli vårdslös. I din strävan för äventyr tenderar du att vara helt rastlös. Du är passionerad av naturen men samtidigt hetlevrad. </KNIGHT-OF-WANDS-ONE >
<QUEEN-OF-WANDS-ONE >Detta kort är ett av de mest positiva. Det visar en boost av energi, humör och glädje. Du kommer att kunna segla genom dina uppgifter med ditt engagemang och hängivenhet. Du kommer tenderar att vara en god vän och kommer enkelt att göra nya vänner. Du kommer att uppleva en lugn och glad tid under de kommande dagarna. Din lugna fattning hjälper dig ta itu med alla hinder som kommer i din väg. </QUEEN-OF-WANDS-ONE >
<KING-OF-WANDS-ONE >Detta kort visar kraften av kreativt och innovativt tänkande. Håll ditt sinne öppet för nya möjligheter och möjligheter. Du kanske upplever något nytt inom en snar framtid. Du kan vara bra på kommunikation och knyta kontakter med andra och inspirera dem. Du kan även tendera att dominera och befalla folket runt dig - men med respekt. Du njuter av den uppmärksamhet du får och tenderar att attrahera det motsatta könet. </KING-OF-WANDS-ONE >
<THE-FOOL-ONE >En ny början indikeras. Du kommer känna att du börjar friskt med nya saker och nya ideologier. Det kan gälla din karriär, kärleksliv eller på den personliga fronten. Det blir en hel del spontanitet och kul längs denna resa. Vid eventuella hinder lär du dig något värdefullt. Du kommer att släppa gammalt och ta upp nya saker för att ge dig in i denna nya värld som du börjar att utforska. </THE-FOOL-ONE >
<THE-MAGICIAN-ONE >Din viljestyrka är nu starkare. Människor kommer att lyssna på dig och ta vad du säger på allvar. Du kommer att kunna övertyga människor och denna tid innebär att du blir bäst på dina ledaregenskaper för åtminstone en tid nu. Du kommer att få smarta idéer och det är upp till dig hur du väljer att bruka dem. En del hemligheter om andra kan också avslöjas. </THE-MAGICIAN-ONE >
<THE-HIGH-PRIESTESS-ONE >Detta är den tid då du ska lita på din instinkt och följa vägen till dina drömmar som du känner starkt för. Det kan finnas en person som snart kommer att ge dig mycket viktig eller användbar rådgivning. Du kan behöva leta efter nåt som är okänt för er och det är sannolikt att det finns nåt som hålls dolt från dig. Du kommer att behöva fortsätta leta tills hemligheten inte avslöjas eftersom detta kan ge en mycket viktig insikt till er. </THE-HIGH-PRIESTESS-ONE >
<THE-EMPRESS-ONE >Du tänker djupt på något och är orolig för tillväxten eller början på något i din karriär, affär eller relation. Du eller din partner är mycket beskyddande och kan även tillgripa oetiska medel för att uppnå vad som önskas. Lite tålamod och vissa ansträngningar kommer att behövas för att uppnå stabilitet i nuläget. </THE-EMPRESS-ONE >
<THE-EMPEROR-ONE >En bedrift är inte långt bort och äran är på väg den med. Du kan påverkas av en vägledande manlig person som din far, bror, partner eller din vän. Du kommer nu att ha kontroll och kommer att ta befälet över vad du vill göra. Ett mycket starkt stöd system kommer att finnas vid din sida. Dock måste du vara försiktig om din ytliga eller krävande natur som kan skada dina yngre. </THE-EMPEROR-ONE >
<THE-HIEROPHANT-ONE >Bli inte alltför envis om dina tankar och håll dig inte till gamla föreställningar och traditioner bara för att de har följts sedan långt tillbaka. Du kanske tänker om äktenskap. Du kan kanske fastnar i juridiska formaliteter. Problem kan uppstå och du kan hålla fast vid gamla metoder för att lösa dem. Du kommer att behöva ta itu med problemen och hålla huvudet kallt och ha tillräckligt med tålamod. </THE-HIEROPHANT-ONE >
<THE-LOVERS-ONE >Kärlek är runt omkring dig nu. Snart kan du få en trevlig överraskning i ditt kärleksliv. Du kan behöva göra val mellan ditt hjärta och ditt sinne. Du kommer sannolikt att följa ditt hjärta över ditt sinne och det kommer det att vara värt. Du kan falla för frestelsen vilket kan leda till otrohet, vilket bör undvikas. Dina känslomässiga kopplingar kommer att bli starka. </THE-LOVERS-ONE >
<THE-CHARIOT-ONE >Du står inför viss kamp för att uppnå vad du önskar. Någon form av förändring eller resa kan ta plats i ditt liv. Du kan behöva möta hinder i din karriär eller ditt personliga liv. Du kan få trakasserad av någon med själviska motiv. Viss kontroll kan krävas för motsatta känslor och omständigheter, men i slutet kommer du att segra. </THE-CHARIOT-ONE >
<JUSTICE-ONE >Det är dags att skapa balans i vad du gör. Det kan finnas någon vana eller aktivitet som sker mer, eller som sker mindre än vad som krävs i ditt liv. Du måste kontrollera detta. Du behöver göra ansträngningar för att komma tillbaka till normalitet genom att balansera alla aspekter av ditt liv. Du kommer behöva vara opartisk och samtidigt göra avtal eller partnerskap inom en snar framtid. Om det är något du vet att du gör fel, rätta till det snart innan det tar en farlig vändning. </JUSTICE-ONE >
<THE-HERMIT-ONE >Ta dig tid och försök organisera och analysera saker. Du kanske känner dig otålig med de saker som händer runt omkring dig. Ta inte förhastade beslut och det vore bättre om några råd tas från någon ledande och pålitlig innan du gör ett viktigt beslut i en nära framtid. Ta en kort paus från ditt schema och försök hitta fred och självförverkligande. </THE-HERMIT-ONE >
<WHEEL-OF-FORTUNE-ONE >Du kommer snart att stöta på en av de bästa faserna av ditt liv. Tur kommer att gynna dig och du kommer att skörda frukt för dina ansträngningar. En del förändringar kommer att ske och ditt liv kommer att gå mot mognad. Det är sannolikt att du får allt som du väntade dig. Dina problem kommer nå ett slut och lycka kommer i överflöd. Dina drömmar kommer att uppnås. </WHEEL-OF-FORTUNE-ONE >
<STRENGTH-ONE >Du kommer att inse att du har förvärvat styrka och potential att klara upp de värsta situationerna, både fysiskt och mentalt. Detta kortet visar på en god tid att avsluta vissa dåliga vanor, som du försöker avsluta sedan en lång tid tillbaka. Du kommer att få utdelning i saker som du kämpade för tidigare, så som i dina relationer, karriär, hälsa, etc. Med din viljestyrka och intelligens, kan du passera prövningar och vedermödor i ditt liv. </STRENGTH-ONE >
<THE-HANGED-MAN-ONE >Du kan behöva offra något eller lämna någon för att uppnå något bättre. Ohälsa, underlåtenhet eller spänning kan uppstå. Ta itu med sådana problem genom att upprätthålla fred och uthållighet. En negativ situation kan leda till en svagare viljestyrka och känslomässigt sammanbrott. Det rekommenderas att du är insiktsfull och utnyttjar denna tid för att få klarhet i situationer. </THE-HANGED-MAN-ONE >
<DEATH-ONE >Detta kort innebär stora förändringar och viktiga eller chockerande förändringar i livet. Som namnet antyder, indikerar det död men endast omständigheter kring ålder eller mycket dålig hälsa. Du kan känna dig ledsen, tom eller deprimerad men denna fas kommer att hjälpa dig att inse att nödvändiga ändringar behöver göras för livet att gå vidare. Ha styrka att acceptera dessa ändringar så att du kan komma över denna nedåt fas. </DEATH-ONE >
<TEMPERANCE-ONE >Du kan känna förvirring kring valen som livet erbjuder dig. Du kan behöva välja mellan motsatser och du måste sträva efter att hitta ett sätt att balansera båda saker för din komfort och fred. Du måste ge det tid och experimentera lite för att hitta den bästa lösningen. Du måste väga dina alternativ rätt för att blanda den annars motsatta aspekten för att bevara freden. Du kommer att hitta sätt att bygga harmoni på. </TEMPERANCE-ONE >
<THE-DEVIL-ONE >Du kommer att frestas av känslor av lust, girighet, ambition eller missbruk. Du kommer att sukta efter makt att styra saker och blir attraherad av bekvämligheter i livet. Brist på självkontroll kan leda till farliga och komplicerade situationer. Vad du än gör, kommer det att bli mot ytterligheter som gör att du känner dig kraftfull, men kommer samtidigt att vara farligt. Du måste vara försiktig eftersom detta kort ger dig en varning av destruktiva steg du kan göra. </THE-DEVIL-ONE >
<THE-TOWER-ONE >Inom en snar framtid kan du uppleva en av de mest problematiska stunder du någonsin varit med om. Du kan möta några obehagliga och plötsliga förändringar. Visst lidande kan orsakas på grund av oväntade orsaker och du kan behöva möta isolering eller ensamhet. Men dessa förändringar kan tvinga dig att se nya riktningar i livet, vilket kan visa sig vara fördelaktigt på lång sikt. Det kommer inte att vara en trevlig åktur men kommer att vara till det bättre då det kommer att lära dig en massa saker för framtiden. </THE-TOWER-ONE >
<THE-STAR-ONE >Du är nu mer andligt benägen och önskar fred och harmoni i ditt liv. Detta kommer vara en tid för att läka och ge upphov till nya förhoppningar på en personlig front såväl som professionell. Det är ett gott omen att starta ett nytt förhållande eller ta din befintliga relation till nästa nivå. Kunskap om olika saker kommer att förbättras och detta blir en bra tid att frossa i konstnärliga sysselsättningar. </THE-STAR-ONE >
<THE-MOON-ONE >Du kan känna att det är som att resa i en värld av fantasi och kreativitet. Du kan stöta på vissa djupa och mörkt dolda hemligheter och kan ge dig in på djupa emotionella aspekter. Du bör undvika droger eller alkohol eller eventuella missbruk som kan vara farligt för din hälsa. Du kan känna dig instängd i en galen och nomadisk värld och behöva följa din intuition ivrigt för att ta dig igenom via den bästa vägen, helst något att göra med musik, konst, dans, teater, etc. </THE-MOON-ONE >
<THE-SUN-ONE >Du kommer att känna dig mycket energisk, ungdomlig och göra medvetna beslut för att nå framgång. Solkortet handlar om friskhet, entusiasm och betyder att allt verkar falla på plats en efter en. Några goda nyheter kan också vara på väg. En semester är också möjlig inom en nära framtid. Mer tid kommer att spenderas med familj och vänner i en gemytlig stämning under de kommande dagarna. Glädje och frid är att vänta dig de närmsta dagarna. </THE-SUN-ONE >
<JUDGEMENT-ONE >Detta kortet visar på möjligheter som inte bör försummas. Och dessa är de möjligheter som du har väntat på. Det är den tid nu, då du kommer att belönas för de insatser som du gjort i det förflutna. Nya möjligheter som är på väg kommer att förändra ditt liv till det bäst. Eftersom en dom måste vara rättvis, kan du behöva möta bördan av dina synder i det förflutna. Sammantaget blir det ett lyckligt slut i vad du gör för närvarande. </JUDGEMENT-ONE >
<THE-WORLD-ONE >Detta är den tid då din långa kamp går mot ett slut och du får nu äntligen belöning för det. Detta kortet visar avkoppling efter en lång väg av insatser. Du kommer att uppleva att du äntligen får saker gjort och resultat som du länge önskat och längtat efter. Nära och kära kommer att uppskatta frukterna av ditt hårda arbete. Denna period kommer att inleda starka prestationer och visa på en helt ny början.</THE-WORLD-ONE >
    </ROOT>
