<?xml version="1.0" encoding="utf-8" ?>
<ROOT>
<ACE-OF-CUPS-ONE >Tämä kortti osoittaa, että olet tyytyväinen itseesi ja rakkauden, mielihyvän sekä romantiikan tunteet hallitsevat mieltäsi. Tulet luultavasti ottamaan yhteyttä ihmiseen, joka pitää sinusta ja tämä voi muuttua romanttisiksi treffeiksi. Jos olet jo parisuhteessa, sinä ja kumppanisi saatatte miettiä naimisiinmenoa. </ACE-OF-CUPS-ONE >
<TWO-OF-CUPS-ONE >Haluat selvittää romanttisen elämäsi ja ratkaista sinun ja kumppanisi väliset ongelmat. Tunnet olosi levottomaksi, etkä pysty antamaan täyttä huomiotasi kumppanillesi koska joku häiritsee ja hämmentää sinua enemmän. Sinun on oltava vahva ja tehtävä konkreettisia päätöksiä tunteisiisi liittyen. </TWO-OF-CUPS-ONE >
<THREE-OF-CUPS-ONE >Tämä kortti näyttää, että tunnet olosi todella haavoittuvaksi juuri nyt ja haluat, että sinusta huolehditaan. Yrität ilmaista huolesi ja myötätuntosi kumppaniasi ja läheisiäsi kohtaan. Asiat muuttuvat sujuviksi hyvin pian ja ajan myötä löydät kasvavan romantiikan elämästäsi. </THREE-OF-CUPS-ONE >
<FOUR-OF-CUPS-ONE >Tämä kortti osoittaa, että saatat himoita kumppaniasi vahvasti nyt. Jos olet jo suhteessa, tulet tuntemaan olosi hyvin läheiseksi kumppanisi kanssa ja haluat selvittää mahdolliset riidat. Tämä aika saattaa olla hieman levotonta sinulle yrittäessäsi selvittää ongelmia kumppanisi kanssa palataksenne onnelliseksi pariskunnaksi. </FOUR-OF-CUPS-ONE >
<FIVE-OF-CUPS-ONE >Tunnet olosi tunteellisemmaksi nyt ja haluat aidon suhteen, josta löytyy molemminpuolinen ymmärrys ja lohtu ja tämä saattaa jopa olla ystäväsi. Ymmärrät nyt, että ei olisi oikein yrittää olla jotain muuta kuin itsensä vain suhteen ylläpitämiseksi, koska tämä saattaa osoittautua tuhoisaksi. </FIVE-OF-CUPS-ONE >
<SIX-OF-CUPS-ONE >Tämä kortti osoittaa, että vaikka olet kiinnostunut vain yhdestä tietystä ihmisestä, tulet kokemaan upean elämyksen, joka vie sinut eri suuntiin. Yrität tehdä erityisiä asioita kumppanisi puolesta mutta ilmassa on epävarmuutta suhteenne vakaudesta tulevaisuudessa. </SIX-OF-CUPS-ONE >
<SEVEN-OF-CUPS-ONE >Tunnet olosi hyvin epävarmaksi tunteistasi ja yrität etsiä oikeaa polkua ihmisen luo, jonka haluat kumppaniksesi. Suurella työmäärällä ja erilaisilla muilla ongelmilla, sinulla ei tule olemaan tarpeeksi aikaa kumppanillesi. Tapaaminen jonkun kanssa tulee olemaan antoisa sinkuille. </SEVEN-OF-CUPS-ONE >
<EIGHT-OF-CUPS-ONE >Tämä kortti osoittaa, että suhteesi saattaa tuntua aika tylsältä ja tämä estää sinua ja kumppaniasi luomasta vahvaa sidettä. Suhteenne on ehkä käytävä läpi stressiä ja epävarmuuksia ja tämä tulee johtamaan huoleen ja jopa katkeraan sananvaihtoon. Saatat myös päättää todella dramaattiseksi muuttuneen suhteen. </EIGHT-OF-CUPS-ONE >
<NINE-OF-CUPS-ONE >Himoitset nyt suhteen parempia puolia ja tämä saattaa olla jonkun kanssa, joka juuri saapui elämääsi. Haluat teidän välisten asioiden olevan kiinnostavampia mutta eri tavalla. Olet tullut toisiin ajatuksiin kumppanuuteesi liittyen ja vaikka olet valmis jatkamaan, sisältyvät riskit pitävät sinut varovaisena. </NINE-OF-CUPS-ONE >
<TEN-OF-CUPS-ONE >Tämä kortti näyttää, että etsit nyt tyydyttävämpää ja täyttävää suhdetta ja odotat täyttä tukea kumppaniltasi. Tunteellisten mielipiteiden yhteenotto saa olosi kireäksi. Romantiikka tulee olemaan intensiivistä jonkun uuden kanssa elämässäsi. Kortti näyttää myös avioliittoa. </TEN-OF-CUPS-ONE >
<PAGE-OF-CUPS-ONE >Haluat asioiden tulevan harmoniassa ja haluat rakentaa konkreettisen tulevaisuuden rakkaasi kanssa. Tulet levottomaksi, koska haluat muotoilla tulevaisuuden omalla tavallasi mutta prosessi tulee viemään aikaa. Et tunne tarvetta saada ihmistä viereesi, joka saa olosi rakastetuksi koska et halua kokea yksinäisyyttä elämässäsi taas. </PAGE-OF-CUPS-ONE >
<KNIGHT-OF-CUPS-ONE >Tämä kortti osoittaa, että haluat lähteä uuteen paikkaan kumppanisi kanssa, joka tulee innoittamaan sinua ja siellä tulee olemaan ihmisiä, jotka rohkaisevat sinua rakkauden polkua kohti. Jos olet naimaton, tunnet että on aika tehdä aloite ja viedä suhteesi eteenpäin ja kosia pitkäaikaista kumppaniasi. </KNIGHT-OF-CUPS-ONE >
<QUEEN-OF-CUPS-ONE >Tulet olemaan huomiota herättävämpi sosiaalisissa tilaisuuksissa ja on hyvin mahdollista, että tapaat jonkun, jota pidät todella viehättävänä. Jos näet vähän vaivaa, tämä tapaaminen voi muuttua romanttiseksi. Jos olet jo pitkäaikaisessa suhteessa, saatat kosia kumppaniasi. </QUEEN-OF-CUPS-ONE >
<KING-OF-CUPS-ONE >Tämä kortti osoittaa, että etsit ihmistä, jonka kanssa voit jakaa elämäsi ja viettää romanttista aikaa. Tulet melkein etsimään ihmistä, joka vaikuttaa ihanteelliselta kumppanilta mutta tämä ei tule olemaan helppoa. Sinun on ehkä palloteltava vähän asioita tehdäksesi vaikutuksen tähän ihmiseen ja muuttaaksesi asian kestäväksi. </KING-OF-CUPS-ONE >
<ACE-OF-PENTACLES-ONE >Tämä on aikaa, joka osoittaa uusia alkuja elämässäsi. Saatat tuntea olosi levottomammaksi kuin koskaan, sillä et saa odottamaasi myötätuntoa ja ymmärrystä kumppaniltasi ja tämä tulee saamaan sinut hyvin surulliseksi. </ACE-OF-PENTACLES-ONE >
<TWO-OF-PENTACLES-ONE >Sinun ja kumppanisi on ehkä kohdattava vaikeuksia yhdessä ja tämä saattaa saada olosi hieman pois paikoiltaan, mutta ajan myötä ymmärtävä luonteesi yhdessä avun kanssa auttaa sinua käsittelemään asioita. </TWO-OF-PENTACLES-ONE >
<THREE-OF-PENTACLES-ONE >Sinä ja kumppanisi tunnette suhteen kasvavan ja siksi otatte askelia tulevaisuutta kohti. Sinkuille tämä tulee olemaan hyvä aika löytää sinulle sopiva ihminen ja tämä voi sattua odottamattomassa paikassa. </THREE-OF-PENTACLES-ONE >
<FOUR-OF-PENTACLES-ONE >Pystyt vain pitämään suhteesi kasassa, jos te molemmat työstätte sitä yhdessä kärsivällisyydellä ja ymmärryksellä. Jos tämä ei toimi, tulet viimein eroamaan kumppanistasi ja yrität löytää uuden polun uusilla mahdollisuuksilla. </FOUR-OF-PENTACLES-ONE >
<FIVE-OF-PENTACLES-ONE >Tämä kortti osoittaa, että kaipaat nyt jotain ihmistä tai jonkun tekemistä, jota olet kaivannut jo kauan. On myös riski, että kumppanisi pettää sinua tai päinvastoin. Nämä eivät myöskään tule olemaan hyviä aikoja jo suhteessa oleville ihmisille. </FIVE-OF-PENTACLES-ONE >
<SIX-OF-PENTACLES-ONE >Haluat nyt lapsuutesi rakkauden takaisin tai ottamaan yhteyttä sinuun. Yksinäisyyden tunne valtaa sinut huomatessasi, että kumppanisi lipuu pois luotasi. Sinun on selvitettävä, mitä oikeasti haluat elämältä ja kuinka paljon olet halukas patistamaan itseäsi sen vuoksi. </SIX-OF-PENTACLES-ONE >
<SEVEN-OF-PENTACLES-ONE >Tämä tulee olemaan häiritsevää aikaa sinulle ja kumppanillesi suurten erimielisyyksien takia ja tämä voi myös johtaa suhteen loppumiseen. Jos olet naimisissa tai pitkäaikaisessa suhteessa, tulet harkitsemaan suhdetta ja vaivannäköäsi uudelleen. </SEVEN-OF-PENTACLES-ONE >
<EIGHT-OF-PENTACLES-ONE >Vaikutat olevan hyvin leikkisällä tuulella näinä päivinä ja nautit sinkkuudesta enemmän kuin mistään. Tulet olemaan spekuloivalla tuulella ja ajattelet myös tulevaisuuden tapahtumia. Romanttinen puolesi ottaa kohta vallan. </EIGHT-OF-PENTACLES-ONE >
<NINE-OF-PENTACLES-ONE >Tämä kortti osoittaa, että etsit uusia ja piristäviä asioita elämässäsi. Haluaisit juosta pois tavanomaisista asioista uuteen paikkaan. Sinun on ehkä vietettävä aikaa poissa kumppanisi luota hetkellisesti ja päätät, että se tulee olemaan oikea päätös. </NINE-OF-PENTACLES-ONE >
<TEN-OF-PENTACLES-ONE >Rakkaus ei ole mielessäsi juuri nyt, koska olet kiireinen monien muiden työhön ja perheeseen liittyvien asioiden kanssa. Yrität nostattaa mielialaasi tapaamalla ystäviä tai sukulaisia uudelleen mutta et yritä pienentää sinun ja kumppanisi välillä olevaa rakoa. </TEN-OF-PENTACLES-ONE >
<PAGE-OF-PENTACLES-ONE >Tämä kortti osoittaa, että tulee levoton tilanne, joka pakottaa sinut ajattelemaan mitä sinun on tehtävä suhteessasi. Olet epävarma kumppanistasi ja lopulta teet vastuullisen päätöksen, joka saa olosi hyväksi huolimatta siitä onko suhteella tulevaisuus vai ei. </PAGE-OF-PENTACLES-ONE >
<KNIGHT-OF-PENTACLES-ONE >Etsit nyt rauhaa salasuhteessasi ja haluat elää ja nauttia kumppanisi kanssa. Tulet epäröimään asian sanomista kumppanillesi tai kertomaan uutisista, koska tunnet, että se saattaa tuhota sujuvan suhteen jonka te molemmat jaatte mutta sinun on oltava rohkea. </KNIGHT-OF-PENTACLES-ONE >
<QUEEN-OF-PENTACLES-ONE >Tämä kortti osoittaa, että tulet olemaan hyvin kiinnostunut ihmisestä ja tämä henkilö tulee olemaan yhtä kiinnostunut sinusta. Odotat innolla suhdetta tämän ihmisen kanssa ja odottaisit suhteen olevan jännittävä ja täynnä elämää. </QUEEN-OF-PENTACLES-ONE >
<KING-OF-PENTACLES-ONE >Tämä kortti näyttää, että tulet olemaan hieman vihainen tai pettynyt, koska kumppanisi rikkoi tiettyjä lupauksia. Jos olet jo suhteessa tulet huomaamaan, että suhteessasi puuttuu vapaiden mielipiteiden vaihto ja mitä tahansa suhdetta koskien on tärkeää puhua ja viettää enemmän aikaa yhdessä. </KING-OF-PENTACLES-ONE >
<ACE-OF-SWORDS-ONE >Tämä kortti osoittaa, että etsit nyt henkilökohtaista mielihyvää suhteessasi. Nyt on aika, jona uuden rakkauden kukoistaminen on hyvin mahdollista ja tämä tulee säikäyttämään sinut ja sinulla tulee olemaan vahvoja tunteita jotain kohtaan. Jos olet jo suhteessa, siteesi kumppaniisi vahvistuu. </ACE-OF-SWORDS-ONE >
<TWO-OF-SWORDS-ONE >Haluat siirtyä eteenpäin elämässäsi ja etsit rakkautta epätoivoisesti. Sinua saattaa onnistaa, sillä tämä kortti osoittaa, että tulet tapaamaan jonkun kiinnostavan ja jos olet jo suhteessa, suhteesi tulee vahvistumaan ja tulet huomaamaan, että kumppanillasi tai mahdollisella kumppanillasi tulee olemaan toivomasi piirteet. </TWO-OF-SWORDS-ONE >
<THREE-OF-SWORDS-ONE >Tämä kortti osoittaa, että kaipaat kumppaniasi takaisin. Kärsivällisyytesi on pettämässä ja päätät kohta antaa periksi ja aloittaa alusta, jos kumppanisi ei kohta palaa. Saatat tuntea, että olet nähnyt paljon kärsimystä ja rakastuminen on riski. </THREE-OF-SWORDS-ONE >
<FOUR-OF-SWORDS-ONE >Olet nyt täynnä henkisyyttä ja tunnet vahvan halun tuntea itsesi paremmin. Yrität ymmärtää sisäistä itseäsi ja siksi saatat menettää otteesi ulkomaailmaan mutta löydät rauhan ajan myötä. On myös mahdollista, että joku, joka on ihastunut sinuun, pyytää sinua treffeille. </FOUR-OF-SWORDS-ONE >
<FIVE-OF-SWORDS-ONE >Tämä kortti osoittaa, että tulet olemaan rakkauden asialla nyt. Tiettyjä pettymyksiä saattaa liittyä rakkauselämääsi mutta sinun on kohdattava ne ja se jättää tyytymättömyyden ja huijatuksi tulemisen tunteen. Sinun on omaksuttava itsetuntosi taas ja siirryttävä eteenpäin. </FIVE-OF-SWORDS-ONE >
<SIX-OF-SWORDS-ONE >Saatat kohdata ongelmia paratiisissa ja asiat eivät mene niin sujuvasti kuin odotit. Rakkauselämässäsi saattaa olla tyytymättömyyttä ja vaikuttaa ehkä siltä, että kaikki vaivannäkö ei ollut sen arvoista. Tulevaisuuden kannalta saattaa olla hämmennystä ja tulet kamppailemaan parantaaksesi asioita. </SIX-OF-SWORDS-ONE >
<SEVEN-OF-SWORDS-ONE >Tämä kortti osoittaa, että haluat rakkaan ystävän tai jonkun muun läheisen olemaan vierelläsi ja auttamaan sinua tilanteen korjaamisessa tai saatat myös ajatella pois lähtöä hetkeksi saadaksesi olosi paremmaksi. On mahdollisuus, että ex-rakastaja tai joku johon olit ihastunut, lähestyy sinua. Haluat jotain todella paljon suhteessasi mutta tulet olemaan haluton kompromissiin. </SEVEN-OF-SWORDS-ONE >
<EIGHT-OF-SWORDS-ONE >Sydämen asioilla saattaa olla tukehtumista ja levottomuutta. Ei tule tuntumaan siltä, että jotain hyvää on tulossa. Saatat saada mahdollisuuden aloittaa uudessa ympäristössä tai uuden kumppanin kanssa, joka saa olosi vapautuneeksi taas. </EIGHT-OF-SWORDS-ONE >
<NINE-OF-SWORDS-ONE >Tämä kortti osoittaa, että tämä ei ole elämäsi parasta aikaa. Saatat kärsiä ahdistuksesta ja masennuksesta ja et oikein saa asioita kasaan. Voit joutua eroon kumppanistasi joksikin aikaa työhön liittyvien asioiden takia. Kypsyytesi ja rauhallinen henkilöllisyytesi auttaa sinua saamaan asiat mallilleen. </NINE-OF-SWORDS-ONE >
<TEN-OF-SWORDS-ONE >Olet nyt jo käynyt läpi pahimmat ajat ja tulet edelleen parantumaan siitä. Jotkut ongelmat tulevat edelleen jatkumaan yrittäessäsi tehdä vakaita päätöksiä sinulle oikeista asioista mutta tämä ei tule olemaan helppo prosessi. </TEN-OF-SWORDS-ONE >
<PAGE-OF-SWORDS-ONE >Tämä kortti osoittaa, että keskityt nyt elämäsi parantamiseen sydämen asioissa ja henkilökohtaisissa suhteissa. Olet ehkä kokenut rankkoja aikoja ja yrität saada elämäsi raiteille taas mutta tämä on sinusta vaikeaa. Saattaa myös olla odottamattomia tapahtumia, jotka aiheuttavat huolta. </PAGE-OF-SWORDS-ONE >
<KNIGHT-OF-SWORDS-ONE >Nyt on aika päästä yli kaikista happamista ajoista ja etsiä uusia alkuja. Tapaat jonkun uuden ja tulet olemaan kiinnostunut tästä ihmisestä. Haluat nähdä asioiden edistyvän ja romantiikan kehittyvän. Tämä tulee olemaan vahva heräte ja tulet olemaan iloinen ja vakaa kumppanisi kanssa tuota pikaa. </KNIGHT-OF-SWORDS-ONE >
<QUEEN-OF-SWORDS-ONE >Tämä kortti osoittaa, että saattaa olla ongelma tai ainaisen pettymyksen vaihe, sillä saatat riidellä parisi kanssa ja asiat voivat myös päättyä. Tämä saa sinut ehkä käsittelemään tyhjyyden kovia aikoja elämässäsi. </QUEEN-OF-SWORDS-ONE >
<KING-OF-SWORDS-ONE >Tunnet, että tarvitset tarkan vision elämääsi juuri nyt ja tulet huomaamaan, että sinun on muutettava elääksesi rauhallista elämää. Todellisuus voi myös näyttää kasvonsa, sillä saatat ymmärtää, että elit mielikuvitusmaailmassa ja on vihdoin aika kohdata todellisuus ja elää sen kanssa työskennelläksesi parempaan päin. </KING-OF-SWORDS-ONE >
<ACE-OF-WANDS-ONE >Tämä kortti osoittaa, että etsit nyt vakavaa ja pitkäaikaista suhdetta, etkä ole kiinnostunut säädöistä. Etsit tuoretta alkua ja avioliiton tai yhteen muuttamisen mahdollisuus löytyy myös. Saatat kohta keskustella suhdeongelmistasi sukulaisen tai perheenjäsenen kanssa. </ACE-OF-WANDS-ONE >
<TWO-OF-WANDS-ONE >Toivot hyvän asian tapahtuvan ja odotat innolla sen ilmestymistä. On mahdollista, että joku, joka tarvitsee tukea, tulee hakemaan apuasi ja rakentaa yhteyden sinuun. Etsit vahvoja rakkaus- ja ystävyyssiteitä nyt. Tulet myös selvittämään perheenjäseniesi kanssa olevat riidat. </TWO-OF-WANDS-ONE >
<THREE-OF-WANDS-ONE >Saatat saada paljon ehdotuksia nyt ja oikean päätöksen tekeminen voi olla ongelma. Nyt on todella hyvä aika suhteille ja huolimatta epävarmuuksistasi tulet palaamaan rakkaasi luo. Haluat päästä kaikkien esteiden yli elääksesi onnellista elämää kumppanisi kanssa. </THREE-OF-WANDS-ONE >
<FOUR-OF-WANDS-ONE >On mahdollisuus uudelleennäkemiseen ystävän kanssa, joka pelastaa päivän ja vie sinut ostoksille tai tekemään jotain hauskaa saadakseen olosi paremmaksi. Saatat tarvita piristystä, sillä rakkauselämässäsi voi olla tyytymättömyyttä puutteen takia. </FOUR-OF-WANDS-ONE >
<FIVE-OF-WANDS-ONE >Sinusta on nyt vaikeaa keskittyä yhteen asiaan ja tämä saa olosi levottomaksi. Tulet olemaan kiireinen liian monen asian kanssa ja et tule löytämään aikaa kumppanillesi tai sosialisoinnille. Kortti osoittaa myös säätöjä tai epävakavia treffejä. </FIVE-OF-WANDS-ONE >
<SIX-OF-WANDS-ONE >Tämä kortti osoittaa, että aiot tavoitella uusia asioita rakkauselämässäsi. Joku, joka ihailee sinua, tulee yrittämään onneaan tehdäkseen vaikutuksen sinuun ja tulet nauttimaan huomiosta. Sinun on ehkä kohdattava tilanne, joka pakottaa sinut tekemään tarvittavia elämänmuutoksia omaksi hyväksesi. </SIX-OF-WANDS-ONE >
<SEVEN-OF-WANDS-ONE >Tämä kortti osoittaa, että rakkautta on ilmassa ja sydämen asiat ovat päällimmäisenä mielessäsi. Saat yhteyden romanttiseen puoleesi ja tulet tekemään erityisiä asioita kumppanillesi. Tämä tulee näyttämään täydelliseltä mutta tulee olemaan tiettyjä asioita, joista sinun on päästettävä irti elääksesi haluamaasi elämää. </SEVEN-OF-WANDS-ONE >
<EIGHT-OF-WANDS-ONE >Tulet olemaan todella sosiaalinen ja sydämen asiat valtaavat mielesi. Tulet olemaan hyvällä tuulella ajatellen positiivisia asioita ja sinä ja kumppanisi tulette tekemään paljon asioita yhdessä. Positiivisia muutoksia on myös tulossa kumppanisi takia. Sinun on ehkä myös käsiteltävä tiettyjä pettymyksiä. </EIGHT-OF-WANDS-ONE >
<NINE-OF-WANDS-ONE >Tulet huomaamaan, että vaivannäkösi tulee tuottamaan tulosta ja tulet olemaan hyvin sosiaalinen. Tiettyjä mielenkonflikteja ja erimielisyyksiä sekä rankkoja sanaharkkoja saattaa myös syntyä. </NINE-OF-WANDS-ONE >
<TEN-OF-WANDS-ONE >Tämä kortti osoittaa, että rakastajasi saattaa hämmentää sinua eri tilanteisiin liittyen ja tämä saa olosi uteliaaksi ja levottomaksi. Tunnet, että kumppanisi on vihainen sinulle ja tämä saa olosi eristyneeksi. Tulet näkemään vaivaa korjataksesi suhteesi ja lisätäksesi puuttuvan kipinän. </TEN-OF-WANDS-ONE >
<PAGE-OF-WANDS-ONE >Suhteessasi saattaa olla häiriöitä ja tulet odottamaan muutoksia kumppaniltasi. Tulet tuntemaan olosi epävarmaksi siitä, että sinä ja kumppanisi ette tule kovin hyvin toimeen ja vaikka tulet yrittämään, side ei koskaan yletä huippuunsa. </PAGE-OF-WANDS-ONE >
<KNIGHT-OF-WANDS-ONE >Tämä kortti näyttää, että tunnet tiettyjen ongelmien olevan ratkaisemattomia suhteessasi ja haluat yrittää ratkaista ne ennen kuin ne vaativat veronsa. Tulet näkemään jonkun jonka jo tunnet ja yrität löytää yhteyden tähän ihmiseen rakentaen syvän suhteen viettämällä enemmän aikaa heidän kanssaan. </KNIGHT-OF-WANDS-ONE >
<QUEEN-OF-WANDS-ONE >Tämä kortti osoittaa, että tulet kohta tapaamaan jonkun erikoisen ja miettimään, jos sinun tulisi ryhtyä suhteeseen tämän henkilön kanssa vai ei. Saatat myös törmätä itsesi ihailijaan, joka sytyttää rakkaudenkipinöitä ja tämä voi muuttua hyvin intohimoiseksi ja romanttiseksi suhteeksi, jota olet odottanut. </QUEEN-OF-WANDS-ONE >
<KING-OF-WANDS-ONE >Jotkut ongelmat ympärilläsi saavat sinut vaikuttamaan välinpitämättömältä ja tunteettomalta ja tulet vaikuttamaan poissaolevalta kumppanisi mielestä. Et halua paljastaa, mitä oikeasti ajattelet ja tämä voi aiheuttaa kireyttä. Sinun on nyt mietittävä kunnolla, miten käydä käsiksi tilanteeseen. Kosinta saattaa myös olla matkalla luoksesi. </KING-OF-WANDS-ONE >
<THE-FOOL-ONE >Jos olet suhteessa tämä kortti osoittaa, että tulet huomaamaan uuden innon ja kiihkon rakkauselämässäsi. Jos olet sinkku, tulet luultavasti tapaamaan jonkun kohta. Tulet kävelemään spontaanein, itsevarmoin ja iloisin askelin rakkauselämääsi. Sinun on päästettävä irti menneisyyden suhteista ja katsottava tulevaisuuteen, joka näyttää kauniilta ja onnelliselta. </THE-FOOL-ONE >
<THE-MAGICIAN-ONE >Omapäisyytesi ja tyyneytesi tulee olemaan avuksi rakkauselämäsi hallitsemisessa. Itsevarmuudellasi ja ylväydelläsi, saat luultavasti vastakkaisen sukupuolen samoille nuoteille kanssasi useimmissa asioissa. Jos olet suhteessa, saatat oppia salattuja asioita rakkaastasi lähitulevaisuudessa. Kumppanisi tulee luultavasti myös olemaan kiinnostuneempi kaikesta sanomastasi. </THE-MAGICIAN-ONE >
<THE-HIGH-PRIESTESS-ONE >Tämä kortti vihjaa, että sinun tulisi uskoa kykyysi ymmärtää ihmisiä ja tilanteita terveen rakkauselämän takia. Sinun on tehtävä itsenäisiä päätöksiä rakkauselämääsi liittyvissä asioissa. Jos olet suhteessa, kumppanisi tulee luultavasti antamaan sinulle arvokkaita neuvoja lähitulevaisuudessa. Vaikuttaa myös siltä, että tulet oppimaan jotain täysin odottamatonta kumppanistasi, joko hyvää tai pahaa. </THE-HIGH-PRIESTESS-ONE >
<THE-EMPRESS-ONE >Vaikutat huolestuneelta olemassa olevasta tai kehittyvästä suhteestasi. Jos et ole suhteessa, toivot olevasi sellaisessa. Suhteessasi omistushaluinen luonteenne saattaa tuoda rankkoja aikoja rakkauselämääsi. Sinun on omaksuttava asenne, joka heijastaa kärsivällisyyttä ja luottamusta saavuttaaksesi vakautta rakkauselämässäsi. </THE-EMPRESS-ONE >
<THE-EMPEROR-ONE >Kortti vihjaa menestyksen ja saavutuksien alkua suhteessasi lähitulevaisuudessa. Saatat saada arvokkaita neuvoja, vaikka isältäsi, veljeltäsi, miesystävältä yms. Hallitset luultavasti nykyistä suhdettasi ja jatkat dominointia hetken. Kumppanisi tulee tukemaan sinua kaikin tavoin kyseenalaistamatta mitään. Pidä huoli, että et ala liian vaativaksi suhteessasi tai tulet loukkaamaan kumppaniasi henkisesti. </THE-EMPEROR-ONE >
<THE-HIEROPHANT-ONE >Avoin ja joustava mieli toisi positiivisen muutoksen rakkauselämääsi. Jos suunnittelet naimisiinmenoa lähitulevaisuudessa, sinun on osoitettava kärsivällisyyttä käsitellessäsi edessä olevia esteitä. Itsepäinen käyttäytyminen kumppanisi kanssa ei vie suhdetta mihinkään. Rakkauselämäsi ongelmat voi ratkaista mielen läsnäololla ja temperamenttisuuden hillitsemisellä. </THE-HIEROPHANT-ONE >
<THE-LOVERS-ONE >Uit varmaan rakkauden meressä. Tulet kokemaan kauniita ja ikimuistoisia aikoja suhteessasi lähitulevaisuudessa. Tulet todennäköisesti kohtaamaan tilanteen rakkauselämässäsi, missä valinnan tekeminen on todella vaikeaa. Kuuntele sydäntäsi äläkä päätäsi ja saatat huomata, että valintasi oli oikein. Tunneyhteytesi kumppaniisi tulee olemaan hyvin vahva. Älä mieti kumppanisi pettämistä tapailemalla jotain toista. </THE-LOVERS-ONE >
<THE-CHARIOT-ONE >Rakkauselämäsi saattaa kokea kovia. Sinun on ehkä nähtävä paljon vaivaa sen ylipääsemiseksi. Romanttiset suhteesi tulevat luultavasti muuttumaan lähiaikoina. Sinun on osoitettava paljon kärsivällisyyttä kumppanisi vaihtelevia tunteita kohtaan. Ajan myötä suhteenne kukoistaa. </THE-CHARIOT-ONE >
<JUSTICE-ONE >Sinun on tuotava tasapainoa ja normaaliutta nykyiseen suhteeseesi. Näyttää olevan liikaa tai liian vähän tiettyä elementtiä, joka on elintärkeä rakkauselämäsi vakaudelle. Sinun on ehkä otettava puolueeton näkökanta romanttisiin suhteisiisi saadaksesi tarvittavan tasapainon. Huomioi uraasi ja perhe-elämääsi yhtä paljon. Rehellisyytesi ja luottamuksesi tulee olemaan hyvin tärkeitä suhteesi muodostamisessa. Jos tiedät tekeväsi virheen suhteessasi, korjaa se pian. </JUSTICE-ONE >
<THE-HERMIT-ONE >Ota aikaa analysoidaksesi rakkauselämäsi. Tunnet todennäköisesti kärsimättömyyttä nykyisen suhteesi takia. Sinun on pidettävä pää kylmänä ja vältettävä nopeiden päätösten tekemistä salasuhteeseesi liittyen. Jos tarvitset rakkausneuvoja, pyydä apua vanhemmalta ja kokeneemmalta ihmiseltä. Tulette luultavasti selvittämään kaikki romanttiset esteenne, jos te molemmat annatte tarpeeksi tilaa toisillenne suhteessanne. </THE-HERMIT-ONE >
<WHEEL-OF-FORTUNE-ONE >Tämä kortti osoittaa, että olet matkalla onnelliseen ja erikoiseen vaiheeseen, joka tulee piristämään rakkauselämääsi. Onni on puolellasi ja tulet löytämään elämäsi rakkauden. Tulet osoittamaan kypsyyttä käsitellessäsi suhteesi asioita. Unelmakumppanisi tulee olemaan kanssasi pian. Kaikki huolet tulevasta suhteesta tulevat loppumaan. Sinut siunataan todennäköisesti ihanilla ajoilla rakkauselämässäsi. </WHEEL-OF-FORTUNE-ONE >
<STRENGTH-ONE >Asenteesi elämää kohtaan tulee olemaan vahvempi ja parempi, joka auttaa sinua käymään käsiksi jokaiseen esteeseen, jonka saatat kohdata suhteessasi. Jos haluat päästää irti tietyistä menneisyyden asioista, sinun tulisi varmaan tehdä se pian. Suhteesi laiva tulee purjehtimaan sujuvasti ja saatat helposti saavuttaa asiat, joiden kanssa olet kamppailut jo hetken. Päättäväisyydelläsi ja älykkyydelläsi, pääset pois kaikista rakkausongelmista. </STRENGTH-ONE >
<THE-HANGED-MAN-ONE >Sinun on ehkä omaksuttava uhrautuva luonne suhteessasi. Välillänne saattaa olla kireää. On suositeltavaa, että pidät hyvin kärsivällisen, hillityn ja kypsän mielentilan rakkauselämässäsi. Teidän välillänne saattaa olla tunteellisia riitoja. On suositeltavaa, että sinun on oltava introspektiivisempi ja katseltava tilanteita eri näkökulmista avomielisenä ymmärtääksesi niitä paremmin. </THE-HANGED-MAN-ONE >
<DEATH-ONE >Kortti osoittaa vaihetta, joka saa aikaiseksi dramaattisia muutoksia rakkauselämässäsi. Saatat tuntea olosi surulliseksi ja masentuneeksi nykyisessä suhteessasi. Tämä vaihe tulee työntämään sinut valtavaa tunnemäärää kohti, saaden sinut ymmärtämään tulevien muutosten tärkeyden. Rakkaussuhteesi on ehkä kohdattava aika rankka ja synkkä vaihe. Sinun on osoitettava vahvaa luonnetta päästäksesi tämän vaiheen yli. </DEATH-ONE >
<TEMPERANCE-ONE >Kortti osoittaa hämmentävien tai ristiriitaisten tilanteiden saapumisen suhteeseesi ja saatat pitää päätöksentekoa vaikeana. Sinä ja kumppanisi olette todennäköisesti eri mieltä monista asioista johtaen sekasortoon. Sinun on oltava kärsivällinen, yhteistyöhaluinen ja löydettävä paras ratkaisu, joka myös rauhoittaa elämäsi rakkauden. Tulet löytämään tapoja rakentaa harmoniaa suhteeseesi. </TEMPERANCE-ONE >
<THE-DEVIL-ONE >Tulevat ajat eivät ole helppoja. Tunteet kuten halu, ahneus, kunnianhimo tai riippuvuus voivat saada rakkauselämäsi pois raiteilta. Haluat ehkä myös dominoida suhdettasi täysin. Sinun on oltava vahva vastustaaksesi näitä haluja välttääksesi suuria katastrofeja rakkauselämässäsi. Saatat tuntea olosi voimakkaaksi hetken aikaa mutta väärälle polulle lähteminen ei tule tekemään nykyiselle suhteellesi hyvää. Ole varovainen, sillä tämä kortti on varoitus kuolettavista askeleista, joita saatat ottaa. </THE-DEVIL-ONE >
<THE-TOWER-ONE >Lähitulevaisuus saattaa tuoda yhden pahimmista vaiheista rakkauselämääsi. Saatat nähdä epämukavia ja epäsuotuisia tilanteita suhteessasi. Jotkut näistä voivat olla odottamattomia, saaden olosi eristyneeksi ja yksinäiseksi hetkeksi. Tämä muutos tulee näyttämään sinulle uusia tapoja ja vaihtoehtoja parantaa nykyistä rakkauselämääsi. Edessä on rankka tie ja sinun on pysyttävä rauhallisena ja vain opittava uudet asiat, jotka elämä sinulle opettaa. </THE-TOWER-ONE >
<THE-STAR-ONE >Tämä kortti on ennusmerkki tulevista hyvistä ajoista. Se osoittaa kohta alkavan terveen suhteen mahdollisuuden. Se osoittaa myös, että aiot viedä nykyisen suhteesi seuraavalle tasolle. Saatat tuntea paremman yhteyden tunteellisesti ja henkisesti kumppaniisi. Rakkauselämäsi tulee käymään läpi vaiheen, jossa pääset menneiden suhteiden yli ja tulet olemaan optimistisempi tulevaisuuden suhteen. </THE-STAR-ONE >
<THE-MOON-ONE >Ainoat päähäsi juolahtavat ajatukset liittyvät suhteeseesi. Saatat tuntea olosi kahlituksi nykyisen rakkauselämäsi tilanteen takia. Tulet todennäköisesti oppimaan salaisuuksia, joita pidettiin tahallaan piilossa ja ne saattavat johtaa tunteellisiin takaiskuihin suhteessasi. Älä masennu surusta. Näytä avoimempaa mieltä ja näe vaivaa päästäksesi näiden tunteiden yli. Keskity muihin harrastuksiin päästäksesi tunteellisten tunteiden yli ja saadaksesi elämän takaisin raiteilleen. </THE-MOON-ONE >
<THE-SUN-ONE >Tulet kohta huomaamaan piristäviä ja jännittäviä tuntemuksia suhteessasi. Jos et ole rakastunut, saatat rakastua johonkin kohta. Romanttiset asiat, jotka vaikuttavat seisovan aloillaan, tulevat tekemään positiivisia edistyksiä. Romanttinen loma ja siirappiset treffit rakkaasi kanssa näkyy kortista. Edessä olevat ajat näyttävät iloisilta ja ikimuistoisilta. Varmista, että otat kaiken irti tästä kauniista vaiheesta. </THE-SUN-ONE >
<JUDGEMENT-ONE >Tämä kortti pyytää sinua pitämään aistisi avoinna kaikelle ympärillä olevalle. Saatat huomata, että on tulossa asioita mutta jos et näe vaivaa, saatat epäonnistua tilanteiden hyödyntämisessä. Jos et ole jo rakastunut, on hyvin todennäköistä, että tulet tapaamaan mahdollisen kumppanin hyvin pian. Jos niin käy, älä haaskaa liikaa aikaa ennen kuin kysyt kaikki tärkeät kysymykset. Jos olet jättänyt jonkun, sama voi tapahtua sinulle. Mutta viimein rakkauselämäsi muuttuu positiivisesti. </JUDGEMENT-ONE >
<THE-WORLD-ONE >Tämä kortti merkitsee vaikeuksiesi loppua ja osoittaa iloisten ja rakastavien aikojen tuloa rakkaasi kanssa. Suhteesi tulee viimein muodostumaan haluamallasi tavalla. Kumppanisi tulee rohkaisemaan ja arvostamaan sinua kovan työntekosi ansiosta ja tämä saa rakkautenne kukoistamaan. Tämä vaihe saattaa tuoda uuden intohimon rakkauselämääsi. Jos olet sinkku, sen tietyn tapaamisen mahdollisuus on todella korkea.</THE-WORLD-ONE >
</ROOT>
