<ROOT>
<ACE-OF-CUPS-ONE >이 카드는 당신이 감정의 중요성과 관련된 문제를 겪게 될 가능성을 보여준다. 지금은 마음이 이끄는 대로 움직일 때이다. 당신의 직관을 믿고 감정적으로 느끼기에 올바른 것을 할 필요가 있다. 당신은 연민과 사랑이 친밀하게 얽힌 감정을 느낄지도 모른다. 당신의 사랑은 강하게 유지되고 밝게 빛날 것이다. </ACE-OF-CUPS-ONE >
<TWO-OF-CUPS-ONE >이 카드는 기본적으로 유대, 평화, 그리고 애정을 보여준다. 이 카드는 사랑, 직장, 우정 등에서 새로운 관계/파트너를 형성하게 됨을 가리키고 있다. 지금은 서로 합칠 때이지 나누어질 때가 아니다. 어떤 관계/파트너십에 갈등이 있다면 그것을 해결하고 평화를 가져오도록 하자. 용서하고 잊어버리자. 새로운 일대일 유대 관계를 형성하고 긍정적으로 나아가자. </TWO-OF-CUPS-ONE >
<THREE-OF-CUPS-ONE >이 카드는 삶에 대해 향상된 열정과 열망을 보여준다. 당신은 당신이 가는 길에서 만나는 모든 작은 일들을 즐기고 있는 자신을 발견하게 될 것이다. 당신은 오랜 친구와 합치고 그들과 더 강한 신뢰의 연대를 형성할 것이다. 당신은 동지애를 바탕으로 새로운 관계를 형성할 것이다. 당신은 공동의 목표를 향해 팀/그룹으로 일하고 있는 자신을 발견하게 될 것이다. </THREE-OF-CUPS-ONE >
<FOUR-OF-CUPS-ONE >이 카드는 당신의 생각과 삶에 대해 숙고하고 성찰해야 할 시간임을 보여준다. 당신은 원치 않는 상황에 놓인 자신을 발견하게 될 수 있다. 때때로 당신은 동기 부여가 되지 않고 일들에 무관심할 수 있다. 당신은 찾고 있던 방향을 발견할 수 있는 모든 새로운 가능성을 위해 개방된 자세를 가져야 한다. 좀 더 이타적이 되려고 노력하고 당신의 길을 발견하기 위해 다른 사람들의 말에 귀를 기울여야 한다. </FOUR-OF-CUPS-ONE >
<FIVE-OF-CUPS-ONE >이 카드는 삶에서 지난 일들에 대해 상실된 희망, 실망, 그리고 낙담을 보여준다. 당신은 이미 일어난 일들 때문에 패배감을 느끼고 있을지도 모른다. 당신은 과거의 결정에 대해 후회를 하고 과거로 돌아가서 당신의 결정을 수정하고 싶어 할지도 모른다. 당신은 당신의 실수에 대해 인정하고 있다. 하지만 당신은 남겨진 것에 대해 생각하고 있지 않다. 당신은 과거에서 벗어나야 한다. 그리고 현재의 좋은 것을 보고 미래를 향해 나아가야 한다. </FIVE-OF-CUPS-ONE >
<SIX-OF-CUPS-ONE >이 카드는 삶을 향한 당신의 친절하고 순결한 모습을 보여준다. 당신은 어떤 사적인 동기 없이 기쁨을 전해주는 것을 좋아한다. 당신은 다른 사람을 돕는 것을 축복이라고 생각하고 즐거워한다. 당신은 주변의 모든 사소한 일들에 대해 알아보기 시작하고 작은 기쁨 가운데에서 만족을 찾으려고 할 것이다. 당신은 당신의 어린 시절에 대해 향수를 갖게 될 수도 있다. 또한 신성한 사랑이 가까운 미래에 있을 것이다. </SIX-OF-CUPS-ONE >
<SEVEN-OF-CUPS-ONE >이 카드는 환상과 꿈에 관한 것이다. 당신은 상상으로 당신의 머리를 복잡하게 하고 삶의 현실에 초점을 맞추지 못하고 있을지도 모른다. 당신은 많은 선택을 할 수 있는 시간을 마주하고 있다. 당신은 건강을 도외시하고 먹는 것/마시는 것을 탐닉할 가능성이 있다. 게으름과 미루는 버릇은 당신의 가장 큰 적이다. </SEVEN-OF-CUPS-ONE >
<EIGHT-OF-CUPS-ONE >이 카드는 삶의 더 큰 의미를 찾아 나아가는 당신의 발걸음을 보여준다. 당신은 삶의 문제로부터 해방되고 희망이 없는 상황들을 버리고 떠나고자 한다. 당신은 무한 경쟁에 초점을 맞추는 대신에 참된 행복을 찾아 떠나고자 한다. 당신은 내면의 기쁨을 찾고 과거로부터 떠나고자 한다. 당신은 영적인 활동에 더 많은 시간을 쏟게 될 수 있다. </EIGHT-OF-CUPS-ONE >
<NINE-OF-CUPS-ONE >이 카드는 소원의 성취를 보여준다. 당신은 참으로 자격이 되고 간절히 발했던 것을 얻을 것이다. 당신은 삶에서 더욱 만족감을 느낄 것이다. 왜냐하면 성공이 바로 당신 곁에 있기 때문이다. 당신의 소중한 꿈은 실현되고 당신이 오랫동안 기다렸던 목표들의 성공은 드디어 성취될 것이다. 당신은 호화로움을 경험하고 누리기를 원할 것이다. 당신이 지금 바라는 것은 휴식이다. 가능한 오래 이 시간을 누리면 된다. </NINE-OF-CUPS-ONE >
<TEN-OF-CUPS-ONE >이 카드는 당신의 삶에 기쁨과 평화가 오는 것을 보여준다. 당신은 주변에 있는 행복을 발견하게 되고 삶의 안녕을 느낄 것이다. 당신은 스트레스와 긴장이 줄어드는 것을 발견하게 되고 삶이 더 편안해지고 조화로워지는 것을 발견하게 될 것이다. 당신은 사랑과 우정에 더욱 집중하고 둘 다 모두 탁월하게 잘 해낼 것이다. 당신은 가족에게 헌신적이고 그리고 사회의 여러 모임과 사람들과 관계를 맺는 행사를 좋아할 것이다. </TEN-OF-CUPS-ONE >
<PAGE-OF-CUPS-ONE >이 카드는 당신의 감정적인 측면을 보여준다. 당신은 머리보다는 마음에 따라 움직인다. 당신은 작은 것에 감상적으로 반응하고 감동한다. 당신은 내면을 바라보고 당신의 직관을 안내자로서 신뢰한다. 낭만적인 관계를 갖기에 좋은 시기이다. 당신은 누군가와 감정적으로서 가까워질 것이다. 더 가까운 우정도 더욱 발전되어야 한다. 또한 깨어진 관계를 회복할 시간이기도 하다. </PAGE-OF-CUPS-ONE >
<KNIGHT-OF-CUPS-ONE >이 카드는 아름다운 감정을 나타내고 또한 그것이 지나치게 많음을 보여준다. 때때로 당신은 사랑에 지나치게 감상적일 수 있지만 당신의 사랑을 표현하는 데 열중할 수도 있다. 질투가 당신의 낭만 속으로 살금살금 들어오고 있다. 당신은 세심하지만 때때로 매우 쉽게 상처를 받는다. 당신은 상냥하고 지적이다. 당신은 당신을 향해 큰 꿈을 꾼다. 하지만 쉽게 낙담한다. </KNIGHT-OF-CUPS-ONE >
<QUEEN-OF-CUPS-ONE >이 카드는 감정을 다스리는 데 있어서의 세심함과 성숙됨을 보여준다. 당신은 당신이 마주하는 모든 상황에 대해 사려 깊고 배려심 깊은 모습을 보여줄 수 있다. 당신은 당신의 영적인 측면과 연결되고 삶의 더 깊은 의미를 이해한다. 당신은 인내심이 강하다. 당신은 다른 사람들을 잘 공감하고 친절하며 약한 사람들에게 상냥하다. 당신은 묻지 않고서도 많은 것들을 이해한다. </QUEEN-OF-CUPS-ONE >
<KING-OF-CUPS-ONE >이 카드는 지혜롭고 관대한 자세를 보여준다. 당신은 인간의 본성에 대한 깊은 이해를 가지고 있다. 당신은 좋은 선생님이 될 수 있다. 당신은 위기 속에서 당신의 머리를 고요하게 유지할 수 있고 긴장된 순간을 해결하는 데 도움을 줄 수 있다. 당신은 말을 해야 할 때를 알고 있다. 당신은 혜택을 누리지 못하는 사람들에 대한 연민이 있다. 당신은 외부와의 관계 속에서 마음이 넓은 사람이 될 것이다. 당신의 리더십 능력은 당신의 자산이다. </KING-OF-CUPS-ONE >
<ACE-OF-PENTACLES-ONE >이 카드는 당신이 가지고 있는 정신력을 모으고 당신의 목표를 향해 초점을 맞출 것을 권하고 있다. 당신은 당신의 노력이 당신이 원했던 결과로 변하는 것을 보게 될 것이다. 이것은 결국 당신의 경력과 삶에 성장을 가져오고 당신의 긍정적인 사고방식을 형성해 줄 것이다. 당신은 실질적인 방식으로 행동해야 하고 삶에서 현실적이어야 한다. 다른 사람에 대한 믿음과 신뢰를 계속 이어가는 것이 당신에게 득이 될 것이다. </ACE-OF-PENTACLES-ONE >
<TWO-OF-PENTACLES-ONE >이 카드는 삶에 대한 당신의 적응 능력과 공존 능력을 이야기한다. 당신은 당신이 다루고 있는 일들에 대해 적절하게 균형을 이룰 것이고 안정되면서도 아주 빠르게 앞으로 나아갈 것이다. 당신은 당신의 개인적인 삶과 직장의 삶 모두에서 새로운 아이디어와 가능성에 대해 개방적이다. 당신은 변화에 대해 효율적으로 관리하고 동시에 여기에서 즐거움을 느낀다. 일과 놀이가 함께 당신에게 일어날 것이다. </TWO-OF-PENTACLES-ONE >
<THREE-OF-PENTACLES-ONE >이 카드는 당신이 뛰어난 팀플레이어로서 일하는 잠재된 가능성을 강조한다. 당신은 당신이 맡은 일들에 대해 매우 조직화를 잘하고 동기부여를 잘한다. 당신은 접근법에 있어서 매우 조직적이다. 능력으로 직장에서 완벽한 성취를 달성하고 목표를 달성할 수 있을 것이다. 이를 통해 당신에 대해 의구심을 가졌던 사람들에게 당신의 능력을 보여줄 것이다. </THREE-OF-PENTACLES-ONE >
<FOUR-OF-PENTACLES-ONE >이 카드는 당신의 소유욕의 그늘과 변화에 대한 저항을 강조한다. 당신은 물질적인 것들을 저장하고 다른 사람들과 나누지 않는 경향이 있다. 탐욕이 당신의 마음을 지배할 수 있다. 당신은 당신 주변의 일들을 통제하려고 노력할 수 있고 많은 일들이 당신 뜻대로 되도록 요구할 수도 있다. 당신은 또한 많은 일들을 누구의 방해도 받지 않고 변하지 않게 하고자 한다. 이로 인해서 삶의 많은 면에서 침체를 맞이할 수 있다. </FOUR-OF-PENTACLES-ONE >
<FIVE-OF-PENTACLES-ONE >이 카드는 감정적으로 그리고 육체적으로 모두 어려운 국면을 보여준다. 당신은 어떠한 재정 문제에 빠질 수 있거나 어떠한 문제가 당신의 직장에서 불쑥 나타날 수 있다. 당신은 성장의 필요성을 절감하게 되는 능력의 부족을 경험할 수 있다. 당신은 또한 주변에서 도움을 찾을 수 없고 약간의 고독감을 느끼게 되는 국면을 통과할 수 있다. 또한 건강과 관련된 문제가 발생할 수도 있다. </FIVE-OF-PENTACLES-ONE >
<SIX-OF-PENTACLES-ONE >이 카드는 건강, 권력, 그리고 지식에 대해 밝지 않은 가능성을 보여준다. 당신은 이것들을 소유하거나 또는 반대로 소유하지 못한다. 당신은 많은 것들을 받거나 반대로 주는 쪽이 될 것이다. 이것은 삶의 모든 부분에서 적용이 된다. 당신은 둘 중 하나의 선택으로만 관심을 기울일 것이다. 하지만 어느 경우이든 당신은 미래에 대해 이해하고 살펴야 하고 그것을 향해 나아가야 한다. </SIX-OF-PENTACLES-ONE >
<SEVEN-OF-PENTACLES-ONE >이 카드는 삶의 현재 상황에 대해 평가하고 분석해야 할 필요성을 보여준다. 당신은 지금까지 어떻게 발전해 왔는지 살피고 올바른 길을 가고 있는지 확인하기 위해 잠시 쉬고 싶을 수 있다. 또한 당신의 진실된 노력의 결실을 맛보게 될 가능성이 크고 당신이 꿈꾸던 이정표에 이를 가능성이 크다. 당신은 직장/가정의 변화를 생각하고 있는 당신을 발견하게 될 수 있다. </SEVEN-OF-PENTACLES-ONE >
<EIGHT-OF-PENTACLES-ONE >이 카드는 당신이 어떠한 세부 사실에 극도로 분석하고 심혈을 기울이고 있음을 보여준다. 당신은 어떤 과제들을 위해 온 마음을 다하여 완전히 자신을 헌신할지도 모른다. 이러한 자세는 당신의 전문성을 키우고 하는 일에 대한 지식을 쌓는 데 도움이 될 것이다. 당신은 매우 신중하고 일에 대해 체계적이고 올바르게 마지막 사항까지 꼼꼼하게 확인할 것이다. </EIGHT-OF-PENTACLES-ONE >
<NINE-OF-PENTACLES-ONE >이 카드는 자신감 있는 당신의 훈련된 행동과 성장에 대한 목마름에 대해 이야기한다. 당신은 문제를 해결하려고 하고 잘 조직되고 정리된 접근법으로 삶을 다루고자 할 것이다. 당신은 당신의 능력을 신뢰하고 당신의 가능성을 실적으로 보여줄 것이다. 당신은 완벽을 추구하고 삶의 좋은 것들을 즐기려고 할 것이다. 당신은 화려한 삶의 방식을 목표로 하여 나아갈 것이다. </NINE-OF-PENTACLES-ONE >
<TEN-OF-PENTACLES-ONE >이 카드는 당신이 맞이하게 될 엄청난 부유함을 보여준다. 당신은 사업이 번창하는 굉장한 비즈니스 성공을 누리게 될 것이다. 아니면 당신은 고소득 직장을 갖게 될 것이다. 당신은 어떤 경우이든 재정적으로 안정을 누릴 것이다. 당신은 당신과 가족의 평생의 안정을 위한 계획을 대략적으로 세울 것이다. 이 모든 과정에서 당신은 시도해보고 검증된 방법을 선택하여 당신이 하는 모든 일에 규칙을 따라 그 안에서만 머물 것이다. </TEN-OF-PENTACLES-ONE >
<PAGE-OF-PENTACLES-ONE >이 카드는 당신이 삶에서 실용적인 자세를 작고 당신의 꿈을 실현하기 위해 나아갈 것을 제안한다. 당신은 당신이 가지고 있는 것으로 일하고 당신의 정신적 그리고 신체적 힘을 바탕으로 그렇게 해야 할 것이다. 당신은 미루는 자세를 버리고 현실적이어야 한다. 당신은 책임감 있고 믿을 수 있는 방식으로 행동해야 하고 당신이 함께 일하는 사람들을 신뢰해야 한다. </PAGE-OF-PENTACLES-ONE >
<KNIGHT-OF-PENTACLES-ONE >이 카드는 당신이 삶에 긍정적인 일들에 너무 치우쳐 있음을 이야기하고 있다. 당신이 목표를 쫓기로 결정했을 때 당신은 완강하게 다른 사람들의 말을 듣지 않고 희망이 없는 상황에서도 포기하려 하지 않는다. 당신은 보수적이고 위험을 두려워한다. 이 때문에 때때로 쉬운 기회도 잃어버린다. 정확성을 추구하는 것이 때때로 강박적이다. 당신이 가진 현실성은 당신을 비관적으로 만든다. 당신은 너무 많이 일을 함으로써 주변의 아름다운 세계를 보는 일에 실패한다. </KNIGHT-OF-PENTACLES-ONE >
<QUEEN-OF-PENTACLES-ONE >이 카드는 당신의 현실성, 영감, 관대한 성품을 보여준다. 당신은 주변 사람들을 이타적으로 돌보아 주고 사랑한다. 당신은 부드러운 마음을 가지고 있고 당신의 이타적인 자세로 좋은 분위기와 즐거움을 나누고자 한다. 당신은 충성스럽고 믿음직한 사람이다. 당신은 낭비하지 않으며 작은 것을 십분 활용한다. 다른 사람들은 당신의 가식 없고 즐거운 성품 때문에 당신 주변에 있는 것을 편안하게 느낀다. </QUEEN-OF-PENTACLES-ONE >
<KING-OF-PENTACLES-ONE >이 카드는 삶의 다른 길에 대해 당신의 이해하는 능력을 강조한다. 당신의 기업가로서의 능력은 삶에서 당신에게 재정적으로 그리고 정신적으로 만족감을 줄 것이다. 당신은 위기 가운데 의지할 만한 사람으로 여겨질 것이다. 당신의 적응 능력은 어떤 상황에서도 당신에게 도움이 된다. 당신의 격려하는 태도는 주변 사람들에게 도움이 된다. 당신은 차분하고 시간을 잘 지키고 그리고 열심히 일한다. </KING-OF-PENTACLES-ONE >
<ACE-OF-SWORDS-ONE >이 카드는 당신이 정신적으로 깨달음을 얻고 당신이 가는 길의 많은 일들에 대해 알게 됨을 보여준다. 당신의 예리한 지성과 추론 능력으로 당신은 삶의 여러 사실들을 학습하게 될 것이다. 당신의 정신력 때문에 당신은 삶의 어떤 어려움 속에서도 모든 장애를 넘어서 천천히 빠져나올 수 있을 것이다. 당신은 정의를 위해 싸우고자 하고 진실과 정직의 방향으로 나아가고자 한다. </ACE-OF-SWORDS-ONE >
<TWO-OF-SWORDS-ONE >이 카드는 감정에 대한 반대와 진실된 느낌에 대한 억제를 보여준다. 당신은 당신의 고통을 다른 사람에게 숨기고 괜찮게 보이려고 노력할 수 있다. 때가 되면 당신은 무엇을 결정하거나 실천하기를 주저하는 그리 달갑지 않은 상황에 자신이 묶여 있음을 발견하게 될 수 있다. 당신은 분명한 사실과 진실을 피하려는 경향이 있다. 당신의 실천이 없음으로 인해 상황이 그대로 유지될 것이다. </TWO-OF-SWORDS-ONE >
<THREE-OF-SWORDS-ONE >이 카드는 당신이 감정적으로 처지는 시기를 맞이하게 될 것을 보여준다. 당신은 결국 다른 사람의 기분을 상하게 하거나 반대로 다른 사람으로부터 상처를 받을 수 있다. 좋지 않은 소식이 다가오고 있다. 당신은 환영받지 못하는 느낌을 받을 수 있다. 당신은 누군가가 정말 필요할 때 그 누구도 당신의 편에 서지 않는 것을 느낄지도 모른다. 외로움이 시작될 수 있다. 당신을 불안하게 만드는 가까운 사람에 대한 비밀을 알게 될 수도 있다. 또한 당신은 어떤 가까운 사람으로부터 배신을 경험할 수도 있다. </THREE-OF-SWORDS-ONE >
<FOUR-OF-SWORDS-ONE >이 카드는 당신이 무리한 노력을 하지 않고 편안한 삶을 취할 것을 제안한다. 당신은 일상으로부터 쉼을 가져야 하고 평화롭고 조용한 장소를 찾을 필요가 있다. 몸과 마음을 위해 쉬는 시간을 갖도록 하자. 쉼을 통해 당신이 삶에서 어디에 서 있고, 무엇을 성취하고 싶고, 무엇을 이루었는지 등에 대해 생각해 보자. 당신의 현재의 위치를 견고하게 함으로써 미래를 향한 준비를 하도록 하자. </FOUR-OF-SWORDS-ONE >
<FIVE-OF-SWORDS-ONE >이 카드는 자기중심적인 마음 자세와 다른 사람과 조화를 이루지 못하는 자세를 보여준다. 당신은 어떤 일을 하기 전에 오직 당신의 이익만을 생각하는 경향이 있다. 당신은 다른 사람의 의견이나 생각을 다루는 데 어려움을 느낀다. 당신은 다른 사람들 사이에서 악의를 품을 수 있다. 당신은 잘못된 수단을 사용해서 성공에 이를 수도 있다. </FIVE-OF-SWORDS-ONE >
<SIX-OF-SWORDS-ONE >이 카드는 삶의 우여곡절을 분명하게 보여준다. 당신은 하는 일에 무기력과 절망감을 느낄 수 있다. 몸이 아플 수도 있다. 당신은 자신을 위해 시간을 내서 치료를 받고 삶의 감정적 상황들을 다루어야 한다. 당신은 새로운 희망과 함께 세상을 바라보고 긍정적인 마음 가짐으로 나아갈 것이다. 당신은 모험과 변화를 찾아 이곳저곳으로 여행을 다닐 수도 있다. </SIX-OF-SWORDS-ONE >
<SEVEN-OF-SWORDS-ONE >이 카드는 당신이 당신에게 놓인 책임과 의무를 피하려는 성향에 대해 이야기한다. 당신은 비난을 피하기 위해 진실을 숨긴다. 당신은 혼자 있으려는 경향이 있고 냉담하고 사회생활과 거리를 두려고 한다. 이러한 고립된 시간에 당신은 기만하는 자세를 형성할 수 있고 때때로 사기적인 행동을 취할 수 있다. </SEVEN-OF-SWORDS-ONE >
<EIGHT-OF-SWORDS-ONE >이 카드는 앞에 놓인 어둡고 힘들 길을 보여준다. 당신은 상황에 구속되어 있고 삶에서 자신의 길을 찾기가 힘들다고 느낄지도 모른다. 당신은 대부분의 상황에서 어떻게 다음 단계로 나아가야 할 지에 대해 혼란스러울 수 있다. 당신은 앞으로 나아가고자 하는 집중력이 부족하고 외부의 도움을 찾고자 한다. 당신은 많은 일들을 당신이 제어할 수 없다고 여길 수 있고 당신이 할 수 있는 것은 그저 뒤에서 지켜보는 것이 될 수 있다. </EIGHT-OF-SWORDS-ONE >
<NINE-OF-SWORDS-ONE >이 카드는 당신의 걱정과 긴장의 국면을 보여준다. 당신은 과거에 한 일에 대해 죄책감을 느낄지도 모른다. 그리고 그것에 대해 당신을 용서하기 힘들 수도 있다. 당신은 당신의 행동을 고칠 수 있도록 과거로 돌아갈 수 있기를 소망할지도 모른다. 당신은 자기 자신을 믿을 수 없고 절망감을 느끼는 국면으로 나아가고 있다. 때때로 당신은 또한 감정적으로 무너져 내림을 경험하게 될 수도 있다. </NINE-OF-SWORDS-ONE >
<TEN-OF-SWORDS-ONE >이 카드는 당신의 걱정과 긴장의 국면을 보여준다. 당신은 당신이 과거에 한 일에 대해 죄책감을 느낄지도 모른다. 그리고 그것에 대해 당신을 용서하기 힘들 수도 있다. 당신은 당신의 행동을 고칠 수 있도록 과거로 돌아갈 수 있기를 소망할지도 모른다. 당신은 자기 자신을 믿을 수 없고 절망감을 느끼는 국면으로 나아가고 있다. 때때로 당신은 또한 감정적으로 무너져 내림을 경험하게 될 수도 있다. </TEN-OF-SWORDS-ONE >
<PAGE-OF-SWORDS-ONE >이 카드는 당신의 정신력을 모아서 오랫동안 당신을 괴롭히는 문제들과 싸울 것을 권한다. 당신은 당신이 맞이한 문제들을 논리적으로 분석하고 그것을 해결하기 위한 올바른 계획을 세우려 할 것이다. 당신은 정직하고 진실해야 하며 어떤 것도 숨기지 않도록 해야 할 것이다. 당신은 좋은 것과 나쁜 것을 구별해 내고 또한 그에 따른 책임감을 수용해야 할 것이다. 정신력을 가다듬고 어려움에 맞서도록 하자. </PAGE-OF-SWORDS-ONE >
<KNIGHT-OF-SWORDS-ONE >이 카드는 조금은 성급함을 가진 자신감을 보여준다. 당신의 솔직함은 다른 사람이 보기에 무례할 수 있다. 당신이 생각 없이 말하는 사람으로 여겨질 수 있다. 당신은 좋은 리더로 시작하나 결국엔 권위적인 형태로 끝날 수 있다. 당신은 빈정대는 유머 감각을 가지고 있을 수 있다. 당신의 깊은 지식은 오만함으로 연결되지 않는다면 인정받게 될 것이다. </KNIGHT-OF-SWORDS-ONE >
<QUEEN-OF-SWORDS-ONE >이 카드는 삶에서 당신의 진실되고 올바른 성품을 보여준다. 당신은 모든 일에서 개방적이기를 원한다. 어떤 상황/사람에 대한 당신의 인식은 매우 정확하게 옳다. 당신은 무엇을 하든지 비합리적인 접근을 취하려 하지 않는다. 당신의 유머 감각은 뛰어나고 다른 사람을 깎아내리지 않는다. 당신의 다양한 경험은 당신이 삶에서 앞으로 나아가는 데 힘을 준다. </QUEEN-OF-SWORDS-ONE >
<KING-OF-SWORDS-ONE >이 카드는 당신의 사려 깊은 마음과 도덕적인 성품을 보여준다. 당신은 당신의 발달된 논리와 추론 능력을 바탕으로 효과적인 방법으로 삶의 여러 상황들을 분석하려는 경향이 있다. 당신은 당신의 관점과 생각을 훌륭한 언어 능력으로 다른 사람들에게 전달할 수 있다. 당신은 넓은 인식을 가지고 있고 모든 문제들의 모든 양상에 대해 원숙한 이해를 가지고 있다. 당신은 자신이 하는 일에 정직하고 올바르다. </KING-OF-SWORDS-ONE >
<ACE-OF-WANDS-ONE >이 카드는 성공을 보여준다. 당신은 창의적이고 색다른 사고방식을 가지고 있고 이것은 당신에게 창의성을 부여해 준다. 당신의 열정과 빛나는 자신감은 다른 사람들에게 영감을 불어넣어주고 당신 안에 열정을 불러일으킨다. 당신은 무슨 일을 하든지 100% 이상을 쏟아 붓는다. 삶에서 당신이 어떠한 문제나 도전을 만나든지 당신은 용기와 신념을 가지고 그 어려움들에 맞서서 성공을 이룰 것이다. </ACE-OF-WANDS-ONE >
<TWO-OF-WANDS-ONE >이 카드는 담대한 자세를 보여준다. 당신은 무엇인가를 시작하거나 어떤 과제/여행을 하기 위해 기다리고 있다면 지금이 그것을 할 때이다. 당신은 목적을 성취할 힘과 영향력을 가지고 있다. 그래서 당신은 단지 실행으로 옮길 용기만 가지면 된다. 지금은 담대하게 당신이 두려워하는 것에 맞설 때이다. 당신은 획기적인 접근과 함께 목표를 성취할 것이다. 그저 자신의 길을 개척해 나가자. </TWO-OF-WANDS-ONE >
<THREE-OF-WANDS-ONE >이 카드는 새로운 것을 탐험하고 싶어하는 갈망과 조급함을 보여준다. 이것은 당신의 모험심과 흥분되는 일을 추구하는 본성과 연결된다. 당신의 선견지명은 앞으로 다가오는 미래에도 계속해서 도움이 될 것이다. 당신은 리더의 역할을 맡아서 사람들을 단결시켜 당신의 미션과 목표를 향해 나아갈 것이다. 당신은 무역을 통해서 많은 성공을 이룰 것이다. </THREE-OF-WANDS-ONE >
<FOUR-OF-WANDS-ONE >당신은 모험심과 흥분되는 일을 추구하는 본성과 관련되어 있다. 당신의 선견지명은 앞으로 다가오는 미래에도 계속해서 도움이 될 것이다. 당신은 리더의 역할을 맡아서 사람들을 단결시켜 당신의 미션과 목표를 향해 나아갈 것이다. 당신은 곧 무역에서 많은 성공을 이룰 것이다. </FOUR-OF-WANDS-ONE >
<FIVE-OF-WANDS-ONE >이 카드는 앞으로 있을 작은 어려움을 보여준다. 사람들이 당신에게 맞서고 당신은 그들과 논쟁하고 다투게 될 수 있다. 당신과 경쟁하려는 사람들이 있고 당신은 다툼에 맞서고 싶을 수 있다. 작은 방해와 귀찮게 하는 일들이 당신을 기다리고 있다. 당신은 인내심을 가져야 하고 이 상황을 타개하기 위해 평정심을 유지해야 할 것이다. </FIVE-OF-WANDS-ONE >
<SIX-OF-WANDS-ONE >이 카드는 승리, 곧 작은 자부심을 느끼게 하는 인정받는 모습을 보여준다. 당신은 당신의 노력에 대해 성공을 이루게 될 것이다. 당신은 당신의 노력에 대해 인정받고 이로 인해 당신은 당신이 하는 모든 일에 최선을 다하도록 계속해서 동기부여를 받을 것이다. 당신은 영광의 때를 즐길 것이나 갑자기 오만해지기 시작할 수 있다. 당신은 자기 자신을 먼저 생각하기 시작할 수 있고 이로 인해 사람들은 당신이 거만하다고 생각할 수 있다. </SIX-OF-WANDS-ONE >
<SEVEN-OF-WANDS-ONE >이 카드는 당신이 당신의입장을 위해 싸우는 노력과 당신이 믿는 것을 위해 맞서는 것을 보여준다. 당신은 삶에서 공격적이고 반항적인 접근을 취하는 경향이 있다. 대부분의 이러한 접근은 당신에게 좋은 효과를 보인다. 하지만 때때로 자기 자신을 과도하게 자극한다. 당신은 어떤 태도를 취해서 매우 끈질기게 나아가려고 할 때 고집스러운 면이 있다. 당신의 능력에 대한 당신의 진정한 믿음은 당신이 어려운 시기를 통과할 때 도움을 줄 것이다. </SEVEN-OF-WANDS-ONE >
<EIGHT-OF-WANDS-ONE >이 카드는 변화의 시간을 보여준다. 당신이 기다려왔던 때가 다가왔다. 행동을 취하고 어떤 식으로든 당신의 가능성을 증명할 시간이 왔다. 미완성된 작업들이 드디어 완성될 것이다. 당신은 정보를 발견하거나 당신이 찾고 있었던 뉴스를 만나게 될 것이다. 당신은 더 좋은 것을 시작하기 위해 어떤 것을 끝내야 할 수 있다. </EIGHT-OF-WANDS-ONE >
<NINE-OF-WANDS-ONE >이 카드는 당신이 취하는 경계심과 당신이 보여주는 결의를 나타낸다. 당신의 과거의 고난이나 경험 때문에 당신은 지금 너무 주의를 기울이고 항상 최악의 상황을 대비하고 있다. 당신은 자기 자신과 당신의 가까운 사람들을 지키고자 한다. 당신은 모든 역경에 맞서 버티고 진심으로 당신의 목표를 향해 싸워 나가고자 한다. 당신의 고집과 육체의 힘은 영광을 향해 당신이 계속해서 노력을 기울일 수 있도록 해 줄 것이다. </NINE-OF-WANDS-ONE >
<TEN-OF-WANDS-ONE >이 카드는 커져가는 감정적 부담감 또는 정신적 부담감을 보여준다. 당신은 일에서 지나치게 노력을 하고 있을 수 있다. 당신은 아마 때때로 많은 일들을 하면서 그것들 대부분에 갇혀버리게 된다. 당신은 또한 갚아야 하는 빚이 있을 수 있다. 당신은 다른 사람들에게 거절하는 것을 어려워한다. 당신이 하는 좋은 일들에 대해 인정을 받지 못하면서 당신은 결국 모든 비난을 받게 된다. 당신은 또한 모든 작은 성공을 위해 고군분투해야 하는 자기 자신을 발견하게 될 수도 있다. </TEN-OF-WANDS-ONE >
<PAGE-OF-WANDS-ONE >이 카드는 당신이 참된 힘과 당신이 가지고 있는 에너지를 발견할 수 있는 새로운 기회를 보여준다. 이제 삶을 재발견하고 창의적이고 용기 있는 자세로 그것을 탐험할 시간이다. 당신은 당신의 노력 가운데 더 많은 즐거움과 긍정적인 모습을 보여야 한다. 당신이 하는 모든 일에 열정적이어야 한다. 당신의 능력을 믿고 당신의 최고의 모습이 나올 수 있도록 집중해야 한다. 모험을 즐기고 위험을 두려워하지 말아야 한다. 지금은 적극적으로 나아가야 할 때이다. </PAGE-OF-WANDS-ONE >
<KNIGHT-OF-WANDS-ONE >기사 카드는 몇 가지 부정적인 것들이 동반되는 매우 좋은 강한 자질들을 보여준다. 당신은 대부분 멋지고 자신감이 넘치지만 때때로 오만한 사람의 인상을 풍기기도 한다. 당신은 담대하지만 때때로 난폭한 모습을 보여준다. 당신이 모험을 추구할 때 당신은 너무나도 쉬지 않는 경향이 있다. 당신은 본래 열정적이지만 동시에 성격이 급하다. </KNIGHT-OF-WANDS-ONE >
<QUEEN-OF-WANDS-ONE >이 카드는 가장 긍정적인 카드 중 하나이다. 이것은 에너지, 기분, 그리고 기쁨의 좋은 요소가 커지는 것을 보여준다. 당신은 헌신과 전력을 다하여 자신에게 주어진 일을 헤쳐 나갈 것이다. 당신은 좋은 친구가 되어줄 것이고 새로운 친구들을 쉽게 얻을 것이다. 당신은 가까운 미래에 평화롭고 즐거운 시간들을 경험할 것이다. 당신의 고요한 평정심이 당신의 길 앞에 놓인 어떤 장애물도 이겨 나갈 수 있도록 도울 것이다. </QUEEN-OF-WANDS-ONE >
<KING-OF-WANDS-ONE >이 카드는 창의적이고 혁신적인 사고의 힘을 보여준다. 당신의 생각을 계속해서 새로운 가능성과 기회에 열어 두어야 한다. 당신은 가까운 미래에 새로운 것을 경험하게 될 수 있다. 당신은 다른 사람들과 소통을 하고 관계를 맺는데 아주 능하고 그들에게 좋은 영감을 제공해 준다. 당신은 당신 주변에 있는 사람들에게 존중을 담아 통솔하고 지휘하는 성향이 있다. 당신은 관심 받는 것을 좋아하고 이성의 마음을 끌어당기는 능력이 있다. </KING-OF-WANDS-ONE >
<THE-FOOL-ONE >새로운 시작이 보인다. 당신은 새로운 일들과 새로운 생각들을 가지고 새롭게 시작하는 기분이 들 것이다. 이것은 당신의 경력과 관련된 것일 수도 있고, 또한 사랑이나 또 다른 개인적인 영역에 관한 것일 수 있다. 이러한 여행에는 많은 즉흥적인 일들과 재미있는 일들이 있을 것이다. 장애물을 만날 때에도 당신은 그것을 통해 가치 있는 것을 배우게 될 것이다. 당신은 이전 것은 잊어버리고 새로운 것을 취해서 새로운 세계로 모험을 떠나 탐험을 시작해야 할 것이다. </THE-FOOL-ONE >
<THE-MAGICIAN-ONE >당신의 의지력은 지금 더 강해지고 있다. 사람들은 당신 말에 귀를 기울이고 당신이 말하는 것을 진지하게 여길 것이다. 당신은 사람들을 설득할 수 있는 능력을 가질 것이고 지금은 당신의 리더십 능력이 최고조에 이르는 때이다. 당신은 뛰어난 아이디어를 떠올리게 될 것이고 그것들을 활용하는 법도 알게 될 것이다. 다른 것들의 비밀 또한 드러나게 될 것이다. </THE-MAGICIAN-ONE >
<THE-HIGH-PRIESTESS-ONE >지금은 당신이 당신의 직관을 믿고 당신에게 강하게 느낌이 오는 방향으로 당신의 꿈을 좇을 때이다. 당신에게 매우 중요하거나 유용한 조언을 해 줄 사람이 곧 나타날 것이다. 당신은 당신에게 알려지지 않은 무엇을 찾게 될 것이고 당신에게 숨겨져 있는 무엇인가가 있을 가능성이 있다. 그 비밀이 당신에게 아주 중요한 깨달음을 줄 수 있기 때문에 그 비밀이 밝혀질 때까지 주시해야 할 것이다. </THE-HIGH-PRIESTESS-ONE >
<THE-EMPRESS-ONE >당신은 어떤 일에 대해 깊이 생각하고 있고 당신의 경력, 비즈니스, 또는 관계에 있어서 그것들의 성장이나 시작에 대해 걱정을 하고 있다. 당신 또는 당신의 파트너는 과하게 보호받고 있고 원하는 것을 성취하기 위해 비윤리적인 수단에 의지하려 할 수 있다. 현재의 상황에서 안정성을 얻기 위해서는 조금의 인내심과 조금의 노력이 요구될 것이다. </THE-EMPRESS-ONE >
<THE-EMPEROR-ONE >성취가 가까이에 있고 명예도 다가오고 있다. 당신은 아버지, 형제, 파트너, 또는 친구와 같은 한 남성의 안내를 통해 영향을 받게 될 수 있다. 당신은 지금 권위를 갖게 되고 당신이 하고 싶어 하는 일에 통솔력을 갖게 될 것이다. 매우 강한 지원 시스템이 당신 옆에 준비되어 있을 것이다. 하지만 당신의 아랫사람에게 상처를 줄 수 있는 피상적이거나 또는 과도한 요구를 하는 일은 경계 해야 할 것이다. </THE-EMPEROR-ONE >
<THE-HIEROPHANT-ONE >당신은 너무 고집스럽게 굴지 말고 그리고 어떠한 오래된 신념 및 전통이 오랜 세월 동안 많은 사람들이 따랐다는 이유로 무조건 그것들을 고수해서는 안 된다. 당신은 어쩌면 법률상의 수속에 갇히게 될 수 있다. 문제가 다가오고 당신은 그 문제들을 해결하기 위해 옛날 방법에 매달릴 수 있다. 당신은 냉정함을 가지고 문제들을 다루어야 하고 충분한 인내심을 가져야 한다. </THE-HIEROPHANT-ONE >
<THE-LOVERS-ONE >당신을 향한 사랑의 기운이 감돌고 있다. 당신은 곧 사랑과 관련해서 기분 좋은 놀랄 일이 있을 것이다. 당신은 마음과 이성 사이에서 선택을 해야 할 수도 있다. 당신은 당신의 이성보다는 마음을 따르고자 할 것이고 그 위험은 치를 가치가 있을 것이다. 당신은 외도로 이어질 수 있는 심한 유혹을 받을 수 있는데 이것은 피해야 한다. 당신의 감정적 관계는 더욱 강해질 것이다. </THE-LOVERS-ONE >
<THE-CHARIOT-ONE >당신은 원하는 바를 성취하기 위해 어느 정도의 투쟁을 벌이고 있다. 당신의 삶 가운데 어떠한 변화나 여행이 있을 수 있다. 일이나 개인적인 삶에서 장애물을 만날 수 있다. 당신은 이기적인 동기를 가진 사람에 의해 괴롭힘을 당할 수도 있다. 감정과 상황을 맞서기 위해서는 통제력이 어느 정도 필요할 수 있으나 결국에는 승리할 것이다. </THE-CHARIOT-ONE >
<JUSTICE-ONE >당신이 하는 일에 균형을 가져올 시간이다. 당신의 삶에 필요한 것 이상으로 또는 부족하게 일어나고 있는 어떤 습관이나 활동들이 있을 수 있다. 당신은 이것을 통제해야 한다. 당신은 삶의 모든 면에 균형을 맞추어서 정상으로 돌아갈 수 있도록 노력을 기울여야 한다. 당신은 가까운 미래에 계약을 하거나 파트너십을 맺을 때 공정해야 한다. 당신이 무엇인가 잘못된 방식으로 하고 있다는 것을 알게 된다면 그것이 위험해지기 전에 빨리 바로잡아야 한다. </JUSTICE-ONE >
<THE-HERMIT-ONE >쉬는 시간을 갖고 일들을 정리해 보고 분석해 보자. 당신은 당신 주변에서 일어나고 있는 일들에 대해 조바심을 느낄 수 있다. 급한 결정을 내려서는 안 된다. 가까운 미래에 중요한 결정을 내리기 전에 어른이나 신뢰할 수 있는 사람의 조언을 듣고 결정을 내리는 것이 더 낫다. 당신의 일정 가운데 짧은 휴식 시간을 갖고 평화를 찾아 보고 자아실현을 발견할 수 있는 시간을 갖도록 해 보자. </THE-HERMIT-ONE >
<WHEEL-OF-FORTUNE-ONE >당신은 곧 당신의 인생에서 최고의 국면 중 하나를 만나게 될 것이다. 행운이 당신을 따르고 당신의 노력이 결실을 맺을 것이다. 어떠한 변화들이 일어나고 당신의 삶은 원숙함을 향해 나아갈 것이다. 당신은 당신이 기다려온 모든 것들을 얻게 될 것이다. 당신이 겪고 있는 문제들은 사라질 것이고 넘치는 행복이 다가올 것이다. 당신의 꿈들도 곧 성취될 것이다. </WHEEL-OF-FORTUNE-ONE >
<STRENGTH-ONE >당신은 당신이 육체적 그리고 정신적으로 가장 힘든 상황들을 다룰 수 있는 힘과 잠재력을 가지고 있음을 발견하게 될 것이다. 이 카드는 당신이 오랫동안 끊고자 했던 나쁜 습관을 그만둘 좋은 시기임을 보여준다. 당신은 당신의 인간관계, 직장, 건강 등에서 고군분투했던 일들에 대해 성공적인 결과들을 얻게 될 것이다. 당신의 의지력과 지성을 바탕으로 당신은 삶의 시험들과 고난들을 통과할 것이다. </STRENGTH-ONE >
<THE-HANGED-MAN-ONE >당신은 더 좋은 것을 성취하거나 얻기 위해 무엇인가를 희생하거나 누군가를 떠나야 할 수 있다. 몸이 아프거나, 실패 또는 갈등이 일어날 수 있다. 평정심을 유지하고 인내함으로써 어떤 문제도 이겨낼 수 있다. 좋지 않은 상황이 의지력을 약하게 하거나 감정적으로 무너지게 할 수 있다. 당신은 지금의 시간을 활용해서 상황을 분명하게 인식하는 통찰력을 얻기를 권한다. </THE-HANGED-MAN-ONE >
<DEATH-ONE >이 카드는 삶의 큰 변화와 중요하거나 놀라운 변화를 보여준다. 카드의 이름처럼 이것은 죽음을 보여주지만 고령의 나이 혹은 매우 심각하게 아픈 상태인 경우에만 그렇다. 당신은 슬프거나 공허하거나 낙담을 느낄지도 모르지만 이러한 상황은 삶이 앞으로 나아가기 위해서 변화가 필요하다는 것을 당신이 깨달을 수 있도록 도와줄 것이다. 이러한 변화들을 받아들이는 힘을 가지고 이러한 상황들을 모두 이겨내도록 하자. </DEATH-ONE >
<TEMPERANCE-ONE >당신은 삶이 당신에게 제공하는 선택들 가운데 혼란을 겪고 있을 수 있다. 당신은 반대되는 상황들 가운데에서 선택을 해야 할 수도 있고 그리고 당신의 안위와 평안함을 위해 두 가지 일들의 균형을 맞추는 방법을 찾기 위해 고군분투해야 할 수도 있다. 당신은 최고의 해결책을 찾기 위해 어느 정도 시간을 부여하고 실험의 기회를 갖도록 해야 한다. 당신은 평안함을 유지하기 위해 반대되는 양상들과 올바르게 조화를 이룰 수 있는 방법들이 무엇인지 따져보아야 한다. 당신은 조화를 이루는 방법들을 찾아낼 것이다. </TEMPERANCE-ONE >
<THE-DEVIL-ONE >당신은 욕망, 탐욕, 야망, 또는 중독에 대한 유혹을 받을 수 있다. 당신은 모든 것들을 통제하는 힘을 갈망하거나 삶의 안위에 이끌릴 수 있다. 자제력 상실이 위험스러운 상황과 복잡한 상황으로 이어질 수 있다. 당신이 무엇을 하든지 그것은 극단에 이르게 되고 이를 통해 당신은 강함을 느끼면서도 동시에 위험성을 느낄 것이다. 이 카드는 당신이 취하는 발걸음이 파괴적임을 경고하고 있기 때문에 당신은 주의해야 할 필요가 있다. </THE-DEVIL-ONE >
<THE-TOWER-ONE >가까운 미래에 당신이 지금까지 겪었던 가장 큰 문제들 중 하나가 나타날 수 있다. 당신은 반갑지 않은 갑작스러운 변화를 맞이할 수 있다. 예기치 않은 이유로 인해 어려움을 겪을 수 있고 고립이나 외로움을 느낄 수 있다. 하지만 이러한 변화들은 당신이 새로운 삶의 방향을 볼 수 있도록 해 줄 것이다. 이것은 장기적으로 이득이 될 것이다. 이것이 기분 좋은 여정이 되지는 않겠지만 이를 통해 미래의 많은 일들에 대해 배울 수 있기 때문에 좋은 결과가 될 것이다. </THE-TOWER-ONE >
<THE-STAR-ONE >당신은 현재 이전보다 더 영적으로 관심을 기울이고 있고 삶에서 평안과 조화를 갈망하고 있다. 지금이 개인적인 일과 사회의 일에 있어서 치료를 하고 새로운 희망을 드높일 때이다. 이 카드는 새로운 관계를 형성하거나 또는 이미 가지고 있는 관계를 다음 단계로 발전시키는 것에 대한 좋은 징조를 보여주고 있다. 다양한 것들에 대한 지식이 더욱 커질 것이고 지금은 예술적인 추구를 하기에 좋은 시기가 될 것이다. </THE-STAR-ONE >
<THE-MOON-ONE >당신은 상상과 창의성의 세계에서 여행하는 것과 같은 기분을 느끼게 될 것이다. 당신은 어떤 깊고 어두운 숨겨진 비밀들을 맞이하게 될 수 있고 감성적 부분에서 무너짐으로 나아갈 수도 있다. 당신은 약이나 술, 또는 당신의 건강을 해롭게 할 수 있는 약물 남용을 피해야 한다. 당신은 정신없는 방랑의 세계에 갇힌 느낌이 들 수 있다. 그리고 당신은 음악, 예술, 댄스, 연극 등과 관련된 최선의 길을 익히기 위해 당신의 직관을 민감하게 따라야 할 것이다. </THE-MOON-ONE >
<THE-SUN-ONE >당신은 매우 에너지가 넘치고 생기가 넘칠 것이다. 그리고 의식적으로 성공을 위해 올바른 결정을 내릴 것이다. 태양 카드는 새로움과 열정을 보여주고 그리고 모든 것이 하나씩 제대로 이루어질 것임을 보여준다. 어떤 좋은 소식이 다가오고 있다. 가까운 미래에 휴가를 가질 수도 있다. 다가오는 미래에 아주 즐거운 분위기 속에서 가족 및 친구들과 더 많은 시간을 보낼 것이다. 기쁨과 평화가 여러분에게 다가오기 위해 대기 중이다. </THE-SUN-ONE >
<JUDGEMENT-ONE >이 카드는 간과해서는 안 되는 기회들을 보여준다. 이것은 당신이 기다려 왔던 기회들이다. 지금은 당신이 과거에 쏟아 부었던 노력에 대해 보상을 받을 때이다. 당신에게 다가오는 새로운 가능성은 당신의 삶을 최선으로 변화시켜 줄 것이다. 심판은 공정해야 하기 때문에 당신은 과거의 죄에 대해 값을 치르어야 할 것이다. 전체적으로는 당신이 지금 무엇을 하든지 결국 해피 엔딩으로 끝나게 될 것이다. </JUDGEMENT-ONE >
<THE-WORLD-ONE >지금은 당신의 오랜 고군분투의 끝을 맺고 그에 대한 보상을 받을 때이다. 이 카드는 오랜 노력 이후의 휴식을 보여준다. 당신은 이것을 경험하게 될 것이고 그리고 드디어 당신이 오랫동안 열망하고 갈망했던 것들을 얻게 될 것이다. 사랑하는 사람들이 당신의 수고의 열매를 인정해 줄 것이다. 이 기간에 대단한 성취를 이룰 것이고 새로운 시작이 이루어질 것이다.</THE-WORLD-ONE >
</ROOT>
