<ROOT>
<ACE-OF-CUPS-ONE >Kortet viser sandsynligheden for, at du oplever noget der følelsesmæssigt er vigtigt. Det er på tide at lade dit hjerte guide dig. Du skal stole på din intuition og gøre det, du føler er følelsesmæssigt passende. Du vil sandsynligvis mærke et intimt bånd af medfølelse og kærlighed. Dit kærlighedsliv vil højst sandsynligt forblive stærkt og lyse skarpt. </ACE-OF-CUPS-ONE >
<TWO-OF-CUPS-ONE >Kortet angiver primært stærke bånd, fred og kærlighed. Dette kort handler om at skabe en ny forbindelse / partnerskab i kærlighed, arbejde, venskab eller andetsteds. Det er tiden til at finde sammen og ikke være adskilt. Hvis der er en konflikt i forholdet / partnerskabet, løs det sammen og bring fred. Tilgiv og glem. Skab nye en til en bånd og fortsæt med at være optimist. </TWO-OF-CUPS-ONE >
<THREE-OF-CUPS-ONE >Kortet viser en forbedret glæde og lyst til livet. Du vil opdage at du nyder alle de små ting, der kommer på din vej. Du vil være sammen med gamle venner og opbygge en stærkere tillid med dem. Du vil skabe nye kontakter i samfundet og opleve kammeratskab. Du vil se dig selv i et hold / gruppe i arbejde imod et fælles mål. </THREE-OF-CUPS-ONE >
<FOUR-OF-CUPS-ONE >Dette kort repræsenterer en tid til at reflektere over og selviagttage dine tanker og dit liv. Du kan måske ende i en uønsket situation. Til tider kan du føle dig apatisk og du mangler motivation. Du skal åbne op for alle nye muligheder, for at finde den retning, du har ledt efter. Prøv at være mere uselvisk og lyt til andre for at finde en vej ud. </FOUR-OF-CUPS-ONE >
<FIVE-OF-CUPS-ONE >Dette kort betyder tab af håb, skuffelse og modløshed i livet, over tidligere begivenheder. Du kan føle dig fortabt eller besejret på grund af noget, der allerede er sket. Du kan fortryde dine tidligere beslutninger og måske ønsker at gå tilbage i tiden, for at ændre dine dem. Du anerkender dine fejl, men du tænker ikke på hvad der er tilbage. Du skal give slip på fortiden, se det gode nuet og arbejde hen imod fremtiden. </FIVE-OF-CUPS-ONE >
<SIX-OF-CUPS-ONE >Kortet viser dit venlige og uskyldige syn på livet. Du elsker at sprede glæde, uden at have en bagtanke. Du kan føle dig velsignet og elsker at hjælpe andre. Du kan begynde at lægge mærke til alle de små ting rundt omkring dig og vil søge tilfredshed i de små fornøjelser. Du kan blive nostalgisk omkring din barndom. Det er også muligt at du oplever guddommelig kærlighed, i din nærmeste fremtid. </SIX-OF-CUPS-ONE >
<SEVEN-OF-CUPS-ONE >Dette kort viser illusioner og drømme. Du kan lade dine tanker være frie med fantasi og fokuserer ikke på realiteterne i livet. Du står over for en tid, hvor du har mange muligheder at vælge imellem. Der er chance for at du forsømmer dit helbred og er nyder at spise / drikke lidt for meget. Dovenskab og udsættelse er dine overspringshandlinger fjender. </SEVEN-OF-CUPS-ONE >
<EIGHT-OF-CUPS-ONE >Kortet viser, at søger efter at finde en dybere mening med livet. Du ønsker at afvige fra livets problemer og afvige fra håbløse situationer. Du kan være tilbøjelig til at søge ægte lykke, i stedet for at fokusere på rotteræset. Du vil søge din indre glæde og begynde at glemme fortiden. Du vil bruge mere tid på åndelige aktiviteter. </EIGHT-OF-CUPS-ONE >
<NINE-OF-CUPS-ONE >Kortet angiver, at du vil få opfyldt dine ønsker. Du vil få det, du virkelig fortjener og ønsker. Du føler dig mere tilfreds i livet, da du har succes på din side. Dine største drømme kan blive opfyldt, og vil endelig nå dine længe ventede mål. Du vil gerne opleve og værdsætte luksus. Ro og hvile er det, du ønsker nu. Nyd denne positive tid, så længe du kan. </NINE-OF-CUPS-ONE >
<TEN-OF-CUPS-ONE >Kortet viser, at der vil komme glæde og fred i dit liv. Du kan mærke lykken, der er omkring dig og du har en følelse af velvære. Stress og spændinger forsvinder og livet bliver let og harmonisk. Du vil fokusere på kærlighed og venskab og have succes med begge to. Du vil forblive dedikeret til din familie og vil nyde sociale sammenkomster og arrangementer, der involverer dem. </TEN-OF-CUPS-ONE >
<PAGE-OF-CUPS-ONE >Dette kort afspejler din følelsesmæssige side. Du har tendens til at lytte til dit hjerte snarere end dit sind. Du har tendens til at blive sentimental og rørt over småting. Du ser indad og stoler på at din intuition viser dig vejen. Det er en god tid at være i et romantisk forhold, hvor du vil være følelsesmæssigt tæt på personen. Nærmere venskaber skal udvikles. Det er også tid til at reparere brudte forhold. </PAGE-OF-CUPS-ONE >
<KNIGHT-OF-CUPS-ONE >Dette kort står for smukke følelser og også tips om dets overskud. Til tider kan du være sentimental forelsket, og kan overdrive for at udtrykke din kærlighed. Jalousi kan snige sig ind i din romantik. Du er følsom, men til tider har du tendens til meget let at blive såret. Du er elskværdig og intelligent. Du drømmer om store ting for dig selv, men bliver let modløs. </KNIGHT-OF-CUPS-ONE >
<QUEEN-OF-CUPS-ONE >Kortet betyder følsomhed og modenhed i håndtering af følelser. Du udviser en hensynsfuld og tankevækkende tilgang, til enhver situation, du møder. Du har tendens til at komme i kontakt med din åndelige side og sætte pris på livets dybere mening. Du er tålmodig. Du udviser empati for andre og er venlig og blid mod de svage. Du har tendens til at forstå ting uden at spørge. </QUEEN-OF-CUPS-ONE >
<KING-OF-CUPS-ONE >Kortet betyder at du udviser en klog og tolerant holdning. Du har en dyb forståelse af menneskets natur. Du kan være en god lærer. Du kan holde hovedet koldt i krise tider og hjælpe med at løse et anstrengt øjeblik. Du vil vide hvad du skal sige i øjeblikket. Du føler medfølelse for de mindre privilegerede. Du kan være en tolerant person, med diplomatiske synspunkter. Dine fordele ligger i dine lederskabsevner. </KING-OF-CUPS-ONE >
<ACE-OF-PENTACLES-ONE >Dette kort foreslår, at du samle den mentale styrke du besidder og bruger den til at fokusere på dine mål. Din indsats vil vise sig at give de ønskede resultater. Dette vil i sidste ende bringe vækst til din karriere og dit liv og skabe nt positivt tankegang for dig. Du skal handle på en praktisk måde og være realistisk i livet. At arbejde med tro og tillid til andre, vil være til gavn for dig. </ACE-OF-PENTACLES-ONE >
<TWO-OF-PENTACLES-ONE >Kortet viser din tilpasningsevne og kompatibilitet i forhold til livet. Du vil korrekt afbalancere de ting, du håndterer, og vil bevæge dig fremad med stabile, hurtige fremskridt. Du vil være åben overfor nye ideer og muligheder, både i dit personlige og professionelle liv. Du vil effektivt styre de ændringer, der sker og have det sjovt på samme tid. Arbejde og leg vil komme samtidig for dig. </TWO-OF-PENTACLES-ONE >
<THREE-OF-PENTACLES-ONE >Dit potentiale til at arbejde som en fremragende holdspiller, understreges af dette kort. Du vil være meget koordineret og motiverende i de opgaver du tager op. Du har en tendens til at være meget organiseret i din tilgang. Med din kompetence, vil du opnå perfektion i dit arbejde og vil kunne opfylde dine mål. Du vil således bevise dine evner, til enhver der tvivlede på dem. </THREE-OF-PENTACLES-ONE >
<FOUR-OF-PENTACLES-ONE >Kortet fremhæver dine nuancer af besiddertrang og modstand mod ændringer. Du kan være tilbøjelig til at samle på materialistiske ting og ikke dele dem med andre. Dit sind kan blive styret af grådighed. Du har tilbøjelighed til at tage kontrol over de ting, der omgiver dig og kræve, at ting skal gøres på din måde. Du kan også være tilbøjelig til at holde tingene uforstyrret og uændret og dermed bringe en generel stagnation i de fleste aspekter af livet. </FOUR-OF-PENTACLES-ONE >
<FIVE-OF-PENTACLES-ONE >Kortet viser at du gå ind i en fase af vanskelige tider, både følelsesmæssigt og fysisk. Du kan løbe ind i en eller anden form for økonomiske problemer, eller der kan opstå problemer på din arbejdsplads. Du kan opleve mangel på færdigheder, som du vil skulle arbejde med. Du kan også gå igennem en fase, hvor du kan mærke manglende støtte og du vil føle dig ensom. Der kan også være helbredsproblemer. </FIVE-OF-PENTACLES-ONE >
<SIX-OF-PENTACLES-ONE >Dette kort viser de grålige muligheder for at få rigdom, magt og intelligens. Du enten har det eller ikke. Du vil enten være ved den modtagende ende af ting eller den givende ende. Dette gælder i alle aspekter af livet, du kan enten være her eller der. I begge tilfælde skal du forstå og analysere din fremtid og arbejde hen imod den. </SIX-OF-PENTACLES-ONE >
<SEVEN-OF-PENTACLES-ONE >Kortet betyder et behov for at vurdere og analysere livets aktuelle situation. Du vil måske have brug for at tage en pause, for at holde styr på dine nuværende fremskridt, og sørge for at du er på den rigtige vej. Der er en stor chance for, at du også vil opleve succesen fra din oprigtige indsats og nå de milepæle, du havde drømt om. Du vil opleve at du tænker på at ændre dit job / hjem. </SEVEN-OF-PENTACLES-ONE >
<EIGHT-OF-PENTACLES-ONE >Kortet viser at du er meget beslutsom og har et godt øje for detaljer. Du kan være involveret i en eller flere opgaver og fordybe dig selv, med hele dit hjerte i arbejdet. Denne holdning, vil hjælpe dig med at øge din ekspertise og viden, om de ting du arbejder på. Du vil være meget forsigtig og sørge for at arbejder metodisk og korrekt helt ned til mindste detalje. </EIGHT-OF-PENTACLES-ONE >
<NINE-OF-PENTACLES-ONE >Kortet fortæller om din disciplinære adfærd med din selvtillid og din tørst efter at blive bedre. Du vil søge efter at løse problemer og håndtere livet med en velorganiseret og ordnet tilgang. Du vil stole på dine egne evner og konvertere dit potentiale, til at præstere dit bedste. Du vil forfølge perfektionen og nyde de finere ting i livet. Du vil tilstræbe en luksuriøs livsstil. </NINE-OF-PENTACLES-ONE >
<TEN-OF-PENTACLES-ONE >Kortet angiver de store rigdomme, som du vil få. Du vil måske opleve en sund forretningssucces, hvor dine virksomheder vil blomstre. Du vil måske få tilbudt et højt betalende job. Du vil under alle omstændigheder opleve økonomisk sikkerhed. Du kan opridse en plan, for at sikre dig selv og din familie for livet. I alt dette vil du adoptere afprøvede metoder og holde dig inden for reglerne i alt hvad du gør. </TEN-OF-PENTACLES-ONE >
<PAGE-OF-PENTACLES-ONE >Kortet angiver at du skal være praktisk i livet og gå efter dine drømme, for at gøre dem til virkelighed. Du bliver nødt til at arbejde med det du har og bruge din mentale og fysiske styrke til at gøre det. Du skal stoppe med at udsætte ting og holde jordforbindelsen. Du bør handle på en ansvarlig og pålidelig måde og stole på de mennesker, du arbejder med. </PAGE-OF-PENTACLES-ONE >
<KNIGHT-OF-PENTACLES-ONE >Kortet fortæller om din overdrevne tilbøjelighed til de positive ting i livet. Når du beslutter dig for at forfølge et mål, forbliver du stædig, lytter ikke til andre og nægter at stoppe selv i en håbløs situation. Du er konservativ, bange for risici og derfor går du til tider glip af de nemme muligheder. Din søgen efter nøjagtighed grænser undertiden til en besættelse. Din praktiske måde at være på, gør dig pessimistisk. Du arbejder så meget, at du glemmer at lægge mærke til den smukke verden omkring dig. </KNIGHT-OF-PENTACLES-ONE >
<QUEEN-OF-PENTACLES-ONE >Dette kort viser din nede på jorden, inspirerende og generøse natur. Du føler omsorg for og elsker mennesker omkring dig, på en uselvisk måde. Du har et blødt hjerte og ønsker at sprede glæde og lykke, med din altruistiske holdning. Du er en loyal og trofast person. Du spilder ikke ting og vil gå meget langt for andre. Folk føler sig komfortable omkring dig, på grund af din uhøjtidelige og behagelige natur. </QUEEN-OF-PENTACLES-ONE >
<KING-OF-PENTACLES-ONE >Kortet fremhæver dine mærkbare færdigheder i forskellige samfundslag. Dine iværksætterfærdigheder vil give dig både økonomisk og mental tilfredshed i livet. Du regnes som en pålidelig person i kriser. Din tilpasningsevne hjælper dig i enhver situation. Din opmuntrende holdning hjælper folk omkring dig. Du er rolig, punktlig og hårdtarbejdende. </KING-OF-PENTACLES-ONE >
<ACE-OF-SWORDS-ONE >Kortet viser, at du vil finde mental oplysning og vil finde ud af ting på din egen måde. Med din ivrige intellekt og evner for ræsonnement, lærer du et par fakta om livet. På grund af din mentale styrke, vil du langsomt bevæge dig ud af enhver vanskelig situation i livet, ved at krydse enhver hindring. Du har tendens til at kæmpe for retfærdighed for nogen / noget og vil søge mod sandheden og ærligheden. </ACE-OF-SWORDS-ONE >
<TWO-OF-SWORDS-ONE >Kortet viser en modstand mod følelser og undertrykkelse af dine sande følelser. Du vil skjule dine problemer for andre og vil forsøge at opretholde en facade. Der kan komme tider, hvor du vil sidde fast i ubehagelige situationer, hvor du tøver med at beslutte dig eller handle. Du kan have tendens til at undgå de klare fakta og sandheden. Situationen forbliver som den er, på grund af din manglende handling. </TWO-OF-SWORDS-ONE >
<THREE-OF-SWORDS-ONE >Dette kort viser, at du muligvis vil stå over for en følelsesmæssig dårlig tid. Du kan ende med at såre andres følelser eller selv blive såret. Du får muligvis dårlige nyheder. Der kan være en chance for at du føler dig afvist. Du kan føle at ingen er der for dig, når du mest har brug for dem. Du vil muligvis føle ensomhed. Du lærer hemmeligheder om folk, der er tæt på dig, som kan gøre dig utilpas. Du kan også opleve forræderi af nogen tæt på dig. </THREE-OF-SWORDS-ONE >
<FOUR-OF-SWORDS-ONE >Dette kort antyder, at du skal tage lettere på livet, og ikke overanstrenge dig. Du bør tage en pause fra din daglige rutine og finde noget ro og fred. Din krop og sind skal afslappes. Brug denne tid til at tænke på, hvor du står i livet, hvad du ønsker at opnå, hvad du har gjort osv. Forbered dig selv på fremtiden, ved at sikre din nuværende position. </FOUR-OF-SWORDS-ONE >
<FIVE-OF-SWORDS-ONE >Kortet afspejler en selvcentreret tankegang og disharmonisk holdning med andre. Du har tendens til kun at tænke på dine egne interesser, før du tager en opgave. Det kan være svært at håndtere andres synspunkter og meninger. Du vil muligvis skabe splid blandt andre. Du kan få succes, ved at bruge de forkerte midler. </FIVE-OF-SWORDS-ONE >
<SIX-OF-SWORDS-ONE >Kortet understreger livets op og ned ture. Du kan føle dig udmattet og deprimeret over hvad du gør. Du kan opleve at få et dårligt helbred. Du må muligvis tage en pause, for passe på dig selv og helbrede og håndtere følelsesmæssige situationer i dit liv. Du vil se verden med et nyt håb og begynde at bevæge dig mod en positiv sindstilstand. Du kan rejse fra et sted til et andet, på jagt efter eventyr og forandring. </SIX-OF-SWORDS-ONE >
<SEVEN-OF-SWORDS-ONE >Dette kort fortæller om din tendens til at undgå de ansvar og forpligtelser, der omgiver dig. Du gemmer sandheden, for at undgå at komme til at stå til ansvar for dine gerninger. Du har en tendens til at være alene og reserveret og opretholde en god afstand til den sociale verden. I denne fase af isolation, kan du udvikle en vildledende holdning og til tider kan du handle på en svigagtig måde. </SEVEN-OF-SWORDS-ONE >
<EIGHT-OF-SWORDS-ONE >Dette kort viser mørke og vanskelige tider foran dig. Du kan føle dig fastspændt i forskellige situationer, og det kan også være svært at finde din egen vej i livet. Du kan føle dig forvirret under de fleste omstændigheder, omkring hvilke valg du skal træffe næste gang. Du kan mangle fokus for at komme videre og kan søge efter hjælp udefra. Du kan mærke, at du mister kontrol med tingene, og alt du kan gøre er at blive tilbage og se på. </EIGHT-OF-SWORDS-ONE >
<NINE-OF-SWORDS-ONE >Dette kort viser en at du vil gå ind i en fase af angst og spænding. Du kan udvikle en følelse af skyld, for noget du tidligere har gjort, og det vil være svært at tilgive dig selv for det. Du vil ønske at du kunne gå tilbage i tiden, for at rette op på dine handlinger. Du styrer mod en fase, hvor du måske stopper med at tro på dig selv og kan føle dig deprimeret. Til tider vil du også føle dig følelsesmæssigt nede. </NINE-OF-SWORDS-ONE >
<TEN-OF-SWORDS-ONE >Dette kort viser en at du vil gå ind i en fase af angst og spænding. Du kan udvikle en følelse af skyld, for noget du tidligere har gjort, og det vil være svært at tilgive dig selv for det. Du vil ønske at du kunne gå tilbage i tiden, for at rette op på dine handlinger. Du styrer mod en fase, hvor du måske stopper med at tro på dig selv og kan føle dig deprimeret. Til tider vil du også føle dig følelsesmæssigt nede. </TEN-OF-SWORDS-ONE >
<PAGE-OF-SWORDS-ONE >Dette kort beder dig om at få din mentale styrke tilbage og takle de problemer, der kan genere dig på lang sigt. Du bliver nødt til logisk at analysere de problemer, du møder, og planlægge tingene korrekt, for at løse dem. Du bliver nødt til at være ærlig og sandfærdig og ikke forsøge at skjule noget. Du bliver nødt til at sortere ud i det gode og dårlige og også acceptere det ansvar der følger med. Hold modet oppe og mød de vanskeligheder der vil komme, med en positiv kraft. </PAGE-OF-SWORDS-ONE >
<KNIGHT-OF-SWORDS-ONE >Dette kort angiver tillid, men med et strejf af impulsiv adfærd. Din ærlighed kan betragtes som uforskammet af andre. Du kan beskrives som en, der taler uden at tænke sig om. Du kan starte som en god leder, men ender med at have en dominerende holdning. Du kan vise en god sans for humor, malet med sarkasme. Din dybe viden vil blive værdsat, hvis den ikke grænser til arrogance. </KNIGHT-OF-SWORDS-ONE >
<QUEEN-OF-SWORDS-ONE >Kortet afspejler din sandfærdige og ligefremme natur i livet. Du foretrækker at være åben i alt hvad du gør. Din opfattelse af enhver situation / person er sund og du rammer helt rigtigt hver gang. Du forsøger at vedtage en no-nonsens tilgang til alt hvad du gør. Din sans for humor er fremragende og ikke sårende for nogen. Din enorme erfaring giver dig styrke, til at gå videre i livet. </QUEEN-OF-SWORDS-ONE >
<KING-OF-SWORDS-ONE >Dette kort betegner dit tankevækkende sind og etiske personlighed. Du har en tendens til at analysere livssituationer på en effektiv måde, med dine veludviklede logiske og resonerende evner. Du vil være i stand til at kommunikere dine synspunkter og ideer med dine fremragende verbale evner. Du vil være rummelig i din opfattelse og vil modent forstå alle aspekter af ethvert problem. Du har tendens til at være ærlig og ligefrem i alt hvad du gør. </KING-OF-SWORDS-ONE >
<ACE-OF-WANDS-ONE >Dette kort betegner succes. Du besidder en fantasifuld og ukonventionel måde at tænke på, som vil gør dig yderst kreativ. Din entusiasme og skinnende tillid har tendens til at inspirere andre og udbrede lidenskaben i dig. Du giver dig mere end 100% i alt, uanset hvad du gør. Når du står over for et problem i livet eller en udfordring, gå du til det med mod og selvtillid for at få succes. </ACE-OF-WANDS-ONE >
<TWO-OF-WANDS-ONE >Dette kort betyder at du har en dristig attitude. Hvis du har ventet på at tage initiativ eller udføre en opgave / rejse, er det tid til at gøre det nu. Du har magt og indflydelse til at nå dine mål. Så, du skal bare have modet til at tage dine skridt fremad. Dette er tiden til at være modig og stå over for din frygt. Du bliver nødt til at komme ud med en innovativ tilgang, til at nå dine mål. Skab din egen vej. </TWO-OF-WANDS-ONE >
<THREE-OF-WANDS-ONE >Kortet viser en tørst og utålmodighed for at udforske noget nyt. Dette snakker til din eventyrlyst og spændingssøgende natur. Din fremsynede natur vil fortsætte med at hjælpe dig i de kommende tider. Du bliver nødt til at påtage dig rollen som leder, for at samle alle til din mission og dit mål. Du kan få meget succes i arbejde og handel. </THREE-OF-WANDS-ONE >
<FOUR-OF-WANDS-ONE >Du kan få forbindelse til din eventyr og spændingslysten natur. Din fremsynede natur vil fortsætte med at hjælpe dig i de kommende tider. Du bliver nødt til at påtage dig rollen som leder, for at samle alle til din mission og dit mål. Du kan få meget succes i arbejde og handel. </FOUR-OF-WANDS-ONE >
<FIVE-OF-WANDS-ONE >Dette kort betyder at du vil opleve problemer i din fremtid. Folk kan synes at være imod dig, og du kan ende med at argumentere og skændes med mennesker. Folk vil konkurrere med dig, og du vil tage udfordringen op og gå i kamp. Du vil opleve små tilbageslag og en del besvær. Du bliver nødt til at være tålmodig og rolig for at komme ud af denne situation. </FIVE-OF-WANDS-ONE >
<SIX-OF-WANDS-ONE >Kortet afspejler sejr, taknemmelighed og lidt stolthed. Du kan få stor succes med at nå dine mål. Du vil blive værdsat for din indsats, og det vil holde dig motiveret til at give dit bedste i alt hvad du gør. Du vil nyde din dag i solen, men kan pludselig begynde at føle dig selvhøjtidelig. Du vil begynde at tænke på dig selv først, hvilket kan få folk til at tro at du er arrogant. </SIX-OF-WANDS-ONE >
<SEVEN-OF-WANDS-ONE >Dette kort angiver din indsats for at kæmpe for din position og kæmpe for, hvad du tror på. Du har tendens til at have en aggressiv og trodsig tilgang til livet. De fleste gange virker denne fremgangsmåde godt for dig, men til tider bliver du overgearet. Du har tendens til at være stædig, når du tager stilling til noget og du er meget vedholdende. Din oprigtige tro på dine evner, vil hjælpe dig gennem dårlige tider. </SEVEN-OF-WANDS-ONE >
<EIGHT-OF-WANDS-ONE >Kortet antyder en ændring i tiden. Den tid, du har ventet på, er kommet. Det er på tide at handle og bevise dit potentiale, på en eller anden måde. Nogle ufærdige opgaver kan endelig blive afsluttet. Du vil sandsynligvis opdage nogle oplysninger eller nyheder, som du ledte efter. Du skal muligvis afslutte en bestemt ting, kun for at starte noget bedre. </EIGHT-OF-WANDS-ONE >
<NINE-OF-WANDS-ONE >Dette kort angiver de forholdsregler du tager og den beslutsomhed du viser. Pga. dine tidligere vanskeligheder eller oplevelser er du ekstra forsigtig nu og du forbereder dig altid på det værste. Du beskytter dig selv og dine nære. Du står op imod alle odds og kæmper helhjertet for dine mål. Din egen vilje og fysiske styrke, vil fortsætte med at holde din indsats kanaliseret mod hæder og ære. </NINE-OF-WANDS-ONE >
<TEN-OF-WANDS-ONE >Kortet angiver en stigende følelse af følelsesmæssig eller psykisk byrde. Du vil måske overbelaste dig selv på arbejdspladsen. Du har muligvis gang i mange ting for tiden og sidder fast i de fleste af dem. Du har muligvis noget gæld som du skal betale af på. Det kan være svært at sige nej til andre. Mens du ikke får kredit for de gode ting, du gør, vil du ende med at få al skylden for det dårlige. Du vil opdage at du skal kæmpe for hver en lille succes. </TEN-OF-WANDS-ONE >
<PAGE-OF-WANDS-ONE >Kortet betyder nye muligheder for dig at opdage den sande magt og energi, du besidder. Det er på tide at genopdage livet og udforske det, med en kreativ og modig tilgang. Du skal vise mere spænding og optimisme i din indsats. Du skal være passioneret i alt hvad du gør. Tro på dine evner og bevar dit fokus, for at få det bedste frem i dig. Vær eventyrlysten og tag risici. Dette er tiden til at være selvsikker. </PAGE-OF-WANDS-ONE >
<KNIGHT-OF-WANDS-ONE >Et ridderkort afspejler at du har et godt sæt stærke kvaliteter, ledsaget af et par negative. Du har ofte en tendens til at være charmerende og selvsikker, men til tider kan du virke som en arrogant person. Du har tendens til at være dristig, men til tider kan du være uforsvarlig. I din søgen efter eventyr, har du tendens til at være fuldstændig rastløs. Du er lidenskabelig af natur, men på samme tid kan du godt være temperamentsfuld. </KNIGHT-OF-WANDS-ONE >
<QUEEN-OF-WANDS-ONE >Dette kort er en af ​​de mest positive. Det viser et boost i energi, humør og glæde. Du vil lykkes med at klare dig gennem dine opgaver, med dit engagement og dedikation. Du vil være en god ven og nemt få nye venner. Du vil opleve en fredfuld og munter tid i de kommende dage. Din rolige måde at være på, vil hjælpe dig med at tackle enhver hindring, du vil møde. </QUEEN-OF-WANDS-ONE >
<KING-OF-WANDS-ONE >Dette kort afspejler kraften i kreativ og nyskabende tænkning. Hold øje med nye chancer og muligheder. Du kan komme til at opleve noget nyt, i den nærmeste fremtid. Du vil være god til at kommunikere og skabe bånd til andre, samt inspirere dem. Du kan have en tendens til at dominere og kommandere rundt med mennesker, du er i nærheden af ​​- men med respekt. Du nyder den opmærksomhed, du får og har tendens til at tiltrække det modsatte køn. </KING-OF-WANDS-ONE >
<THE-FOOL-ONE >Kortet angiver en ny begyndelse. Du vil føle, at du begynder på en frisk, med nye ting og nye ideologier. Det kan være med hensyn til din karriere, kærlighedsliv eller personligt. Rejsen vil være fyldt med spontanitet og sjov. I tilfælde af forhindringer vil du lære noget værdifuldt. Du bliver nødt til at give slip på det gamle og opdage nye ting, for at vove dig ind i denne nye verden, som du begynder at udforske. </THE-FOOL-ONE >
<THE-MAGICIAN-ONE >Din viljestyrke er stærkere nu. Folk vil lytte til dig og tage alt hvad du siger alvorligt. Du vil være i stand til at overbevise folk, og denne tid betyder, at du vil være bedst mht. dine ledelsesmæssige færdigheder, i noget tid endnu. Du får lyse ideer og det vil være op til dig, hvordan du bruger dem. Andre hemmeligheder kan også afsløres. </THE-MAGICIAN-ONE >
<THE-HIGH-PRIESTESS-ONE >Du gå en tid i møde, hvor du skal stole på dine instinkter og følge dine drømme. Der kan være en person, der snart vil give dig meget vigtige eller nyttige råd. Du må muligvis søge efter noget, der er ukendt for dig, og det er sandsynligt, at der er nogle ting, der bliver holdt skjulte for dig. Du bliver nødt til at blive ved med at søge efter sandheden, da hemmeligheder kan bringe en meget vigtig erkendelse på dig. </THE-HIGH-PRIESTESS-ONE >
<THE-EMPRESS-ONE >Du tænker dybt på noget og er bekymret for væksten eller starten på noget i din karriere, forretning eller dit forhold. Du eller din partner er meget beskyttende og kan endda ty til uetiske midler, for at opnå det ønskede. Tålmodighed og nogle anstrengelser vil være nødvendige, for at opnå stabilitet i den nuværende situation. </THE-EMPRESS-ONE >
<THE-EMPEROR-ONE >Der er ikke særlig langt til de gode præstationer og ære. Du kan blive påvirket, af en vejledende mandlig person, som din far, bror, partner eller din ven. Du har autoritet nu og vil være i kommando af, hvad du vil gøre. Et meget stærkt support system, vil være der ved din side. Selvom du bliver nødt til at være forsigtig med din overfladiske eller krævende natur, der kan skade dine juniorer. </THE-EMPEROR-ONE >
<THE-HIEROPHANT-ONE >Du skal ikke være for stædig omkring dine tanker og hold dig ikke til gammel tro og traditioner, bare fordi de er blevet fulgt siden tidernes morgen. Du vil tænke på ægteskab. Du sidder måske fast i juridiske formaliteter. Der kan opstå problemer, og du kan holde fast ved gamle metoder til at løse dem. Du bliver nødt til at håndtere problemerne, med et køligt hoved og tålmodighed. </THE-HIEROPHANT-ONE >
<THE-LOVERS-ONE >Der er kærlighed i luften for dig. Du kan snart få en behagelig overraskelse i dit kærlighedsliv. Du må muligvis vælge mellem dit hjerte og dit sind. Du vil sandsynligvis følge dit hjerte over dit sind og risikoen vil være umagen værd. Du vil blive for fristet af noget, hvilket kan føre til utro og dette bør undgås. Dine følelsesmæssige forbindelser bliver stærke. </THE-LOVERS-ONE >
<THE-CHARIOT-ONE >Den næste tid bliver en kamp, for at opnå det du ønsker. En eller anden form for forandring eller rejse kan finde sted i dit liv. Du må muligvis stå over for forhindringer i din karriere eller dit personlige liv. Du kan blive chikaneret af en person, med egoistiske motiver. Det kræver kontrol af modstridende følelser og i visse omstændigheder, men i sidste ende vil du sejre. </THE-CHARIOT-ONE >
<JUSTICE-ONE >Det er på tide at du bringer balance i det du arbejder med. Der kan være nogle af dine vaner eller aktiviteter, der påvirker dit liv mere end eller mindre end nødvendigt. Du skal kontrollere dette. Du skal gøre en indsats, for at komme tilbage til normalitet, ved at afbalancere alle aspekter af dit liv. Du skal være upartisk, mens du laver aftaler eller partnerskaber, i den nærmeste fremtid. Hvis der er noget, du ved, du gør forkert, skal du ændre det med det samme, før det udarter sig. </JUSTICE-ONE >
<THE-HERMIT-ONE >Tag en pause og prøv at organisere og analysere ting. Du kan føle dig utålmodig med de ting, der sker omkring dig. Tag ikke hurtige beslutninger, da det ville være bedre, hvis du tager imod råd fra nogen højtstående og pålidelige, før du træffer en vigtig beslutning i den nærmeste fremtid. Tag en kort pause fra din tidsplan og prøv at finde fred og selvrealisering. </THE-HERMIT-ONE >
<WHEEL-OF-FORTUNE-ONE >Du vil snart gå ind i en af ​​de bedste faser i dit liv. Lykken vil tilsmile dig, og dit hårde arbejde vil bære frugt. Nogle ændringer vil ske og dit liv vil bevæge sig mod modenhed. Det er sandsynligt, at du vil få alt hvad du har ventet på. Dine problemer vil komme til ende, og du vil opleve en overflod af lykke. Dine drømme er ved at blive nået. </WHEEL-OF-FORTUNE-ONE >
<STRENGTH-ONE >Du vil opdage, at du har erhvervet styrke og potentiale, til at klare de værste situationer, både fysisk og mentalt. Dette kort indikerer en god tid til at afslutte nogle dårlige vaner, som du i lang tid har prøvet at stoppe med. Du vil opnå ting, som du før har kæmper med. Det kan være i forhold til dine relationer, din karriere, sundhed osv. Med din viljestyrke og intelligens, vil du klare alle prøvelser og trængslerne i dit liv. </STRENGTH-ONE >
<THE-HANGED-MAN-ONE >Du må muligvis ofre noget eller forlade nogen, for at opnå noget bedre. Dårligt helbred, svigt eller spændinger kan forekomme. Du skal behandle sådanne problemer, ved at bevare fred og vedholdenhed. En ugunstig situation kan føre til svagere viljestyrke og følelsesmæssige sammenbrud. Det anbefales, at du skal være indsigtsfuld og udnytte denne tid, for at få klarhed om situationer. </THE-HANGED-MAN-ONE >
<DEATH-ONE >Dette kort betyder store forandringer og vigtige eller chokerende ændringer i livet. Som navnet antyder, indikerer det død, men kun under omstændigheder, som moden alder eller meget dårligt helbred. Du kan føle dig trist, tom eller deprimeret, men denne fase vil hjælpe dig med at indse, at nødvendige ændringer skal tages, for at livet kan fortsætte. Du skal have styrke til at acceptere disse ændringer, så du kan komme over denne nedadgående fase. </DEATH-ONE >
<TEMPERANCE-ONE >Du kan være forvirret over de valg, livet tilbyder dig. Du må muligvis vælge mellem modsætninger og du bliver nødt til at stræbe efter, at finde en måde at afbalancere begge ting på, for din komfort og fred. Du skal give det tid og eksperimentere lidt, for at finde ud af den bedste løsning. Du skal veje dine muligheder rigtigt, til at blande de ellers modsatte aspekter, for at opretholde fred. Du vil finde måder at opbygge harmoni på. </TEMPERANCE-ONE >
<THE-DEVIL-ONE >Du vil blive fristet imod følelser af lyst, grådighed, ambition eller afhængighed. Du vil ønske at have magten til at kontrollere ting og blive tiltrukket af komforten i livet. Manglende selvkontrol, kan føre til farlige og komplicerede situationer. Uanset hvad du gør, vil det være i ekstremiteter, der får dig til at føle dig kraftig, men vil på samme tid være farlig. Du skal være forsigtig, da dette kort giver dig en advarsel om de ødelæggende trin, du måtte tage. </THE-DEVIL-ONE >
<THE-TOWER-ONE >Den tid du går i møde, kan være et af de mest problematiske du nogensinde har oplevet. Du kan komme ud for nogle ubehagelige og pludselige ændringer. Du kan komme ud for nogle problemer, der kan skyldes uventede grunde og du må muligvis stå over for en tid, med isolation eller ensomhed. Men disse ændringer kan tvinge dig til at se nye retninger i livet, hvilket kan vise sig at være gavnligt i det lange løb. Det kommer ikke til at være en behagelig tur, men det vil være for dit eget bedste, da det vil lære dig en masse ting, du kan bruge i fremtiden. </THE-TOWER-ONE >
<THE-STAR-ONE >Du er mere åndeligt tilbøjelig nu og ønsker fred og harmoni i dit liv. Dette vil være en tid til helbredelse, dette giver anledning til nye håb på det personlige og professionelle plan. Det er et godt tegn, at starte et nyt forhold eller tage dit eksisterende forhold til det næste niveau. Kendskab til forskellige ting vil blive forbedret, og det vil være en god tid at forfølge dine kunstneriske sider. </THE-STAR-ONE >
<THE-MOON-ONE >Du har lyst til at rejse ind i en verden af ​​fantasi og kreativitet. Du kan støde på nogle skjulte dybe og mørke hemmeligheder og kan ryge ned i et følelsesmæssigt sort hul. Du bør undgå medicin, alkohol eller ethvert stofmisbrug, der kan være skadeligt for dit helbred. Du kan føle dig fanget i en skør og nomadisk verden og skal følge din intuition, for at klare dig gennem på den bedste måde. Det skal helst have noget at gøre med musik, kunst, dans, teater mv. </THE-MOON-ONE >
<THE-SUN-ONE >Du vil føle dig meget energisk, ungdommelig og vil bevidst tage de rigtige beslutninger, for at få succes. Solkortet handler om friskhed, entusiasme og betyder at alt ser ud til at falde på plads, en efter en. Der vil også komme gode nyheder. I den nærmeste fremtid er det muligt at du kommer på ferie. Mere tid vil blive brugt sammen med familie og venner i et jovial humør, de kommende dage. Du vil opleve glæde og fred i de kommende dage. </THE-SUN-ONE >
<JUDGEMENT-ONE >Dette kort angiver muligheder, som ikke bør overses. Dette er de muligheder, du har ventet på. Det er nu du vil blive belønnet, for det hårde arbejde du har lagt for dagen. Der er nye udsigter på vej, der vil ændre dit liv til det bedre. Da dommen skal være retfærdig, skal du måske stå over for dine synder fra fortiden. Alt i alt vil der være en god afslutning på, hvad du gør i øjeblikket. </JUDGEMENT-ONE >
<THE-WORLD-ONE >Dette er tiden, hvor din lange kamp kommer til en ende og du vil se din belønning. Dette kort indikerer afslapning efter en lang tids indsats. Du vil opleve, at du endelig får de ting og resultater, som du længe har ønsket og håbet på. Dine nærmeste vil sætte pris på frugterne af dit hårde arbejde. Denne periode vil være begyndelsen til stærke præstationer og vil indikere en ny start.</THE-WORLD-ONE >
</ROOT>
