<?xml version="1.0" encoding="utf-8" ?>
<ROOT>
    <ACE-OF-CUPS-ONE >Potrebbero esserci delle tensioni o dei momenti goffi con i tuoi familiari e questo accadrà a causa della rabbia. Non vedi l'ora di stabilire nuovi rapporti con persone che potrebbero essere fruttuose e sarai soddisfatto di quello che otterrai. </ACE-OF-CUPS-ONE >
    <TWO-OF-CUPS-ONE >Questa carta suggerisce che dovrai fare le valigie per lavoro o ragioni personali. Nonostante ancuni disaccordi con le persone amate, le cose alla fine si aggiusteranno. Potresti confidare in qualcuno che non è poi così vicino a te ma sembrerà comunque fidato. </TWO-OF-CUPS-ONE >
    <THREE-OF-CUPS-ONE >Potrebbero esserci ritardi nell'accadimento di certi eventi a causa di impegni o questioni personali che ti lasceranno un po' triste. Questo sentimento potrebbe farti sentire isolato ma capirai che le persone amate ti staranno vicino per farti sentire meglio. </THREE-OF-CUPS-ONE >
    <FOUR-OF-CUPS-ONE >Questa carta indica che dovrai presto affrontare con pazienza un periodo molto indaffarato. Questo potrebbe essere una prova per le persone a te case e capirai presto chi ci tiene a te. Suggerisce che non rimarrai distaccato ma proverai a condividere i tuoi problemi o permettere ai tuoi cari di aiutarti. </FOUR-OF-CUPS-ONE >
    <FIVE-OF-CUPS-ONE >Questo potrebbe non essere un periodo molto piacevole dal momento che potrai arrenderti su certe cose che non sono sotto il tuo controllo. Questa sarà una fase dura tra e e i tuoi cari e potrebbe anche trasformarsi in un grande litigio che potrebbe portare un risultato indesiderato. </FIVE-OF-CUPS-ONE >
    <SIX-OF-CUPS-ONE >Questo potrebbe sembrare come un periodo di vacanza per te dal momento che farai molte visite a parenti e amici. CI potrebbero anche essere alcune complicazioni nella tua vita personale che potrebbero portare a risultati contrastanti ma gestirai il tutto in modo sensato. </SIX-OF-CUPS-ONE >
    <SEVEN-OF-CUPS-ONE >Potrebbero esserci conflitti di opinioni in famiglia e questi potrebbero diventare intensi. Cercherai di trovare aiuto per risolvere pacificamente la situazione. La tua vita professionale andrà bene nel tentativo di bilanciare molte cose ma gestirai il tuo lavoro in maniera giusta. </SEVEN-OF-CUPS-ONE >
    <EIGHT-OF-CUPS-ONE >Potrebbero esserci alcune riunioni in programma con i tuoi parenti ma a causa di incertezze, è probabile che siano posticipate. Indica anche qualche visita al dottore da parte di una pesona cara. Ci saranno delle notizia piacevoli. </EIGHT-OF-CUPS-ONE >
    <NINE-OF-CUPS-ONE >Potresti pianificare una gita o una scappatella per un po' ma dovrai postporre a causa di qualcosa di positivo che ti accadrà. Potresti sentirti un po' nostalgico a causa di malattie che riguardano i tuoi cari ma il lato vivavce ritornerà presto con l'aiuto dei tuoi amici. </NINE-OF-CUPS-ONE >
    <TEN-OF-CUPS-ONE >Potresti trovarti a fronteggiare una situazione difficile e potresti considerare di lasciare la tua famiglia o il tuo lavoro pensando che le cose non potrebbero essere peggio di come sono ora. Ti connetterai al tuo lato emozionale e pianificherai una riunione con famiglia e amici. </TEN-OF-CUPS-ONE >
    <PAGE-OF-CUPS-ONE >Questa carta indica che non proverai a rendere le cose più facili per te e un'occasione fortunata nel corso della tua vita ti aiuterà in questo senso. è consigliabile non spingere questioni relative ai soldi, affitto o proprietà dal momento che non potrebbero andare nel modo sperato. Potresti imbatterti in uno dei tuoi vecchi amici o amanti che potrebbe riportarvi insieme. </PAGE-OF-CUPS-ONE >
    <KNIGHT-OF-CUPS-ONE >Stai pensando di cambiare residenza ma spingerai la cose troppo oltre ora. Dovresti stare attento dal momento che alcuni piccoli incidenti potrebbero accadere vicino casa. I tuoi cari potrebbero pianificare una vacanza e tu non vedi l'ora. Sarai in costante contatto con i tuoi amici. </KNIGHT-OF-CUPS-ONE >
    <QUEEN-OF-CUPS-ONE >Potrebbe esserci un sacco di chaos a casa tua a causa di bambini o qualche tipo di lavoro in casa o ospiti. Ci saranno alcuni problemi in famiglia e tu dovrai comportarti in maniera responsabile o potresti finire in una situazione indesiderata. Questo caos ti poterà ancora più vicino ai tuoi amici e troverai in loro conforto. </QUEEN-OF-CUPS-ONE >
    <KING-OF-CUPS-ONE >Arriverà una nuova situazione nella tua vita che agirà in maniera favorevole e ti porterà felicità. Riceverai una chiamata inaspettata da un amico e questo solleverà il tuo umore. Alcuni parenti discuteranno dei loro problemi con te e tu sarai felice di aiutarli e confortarli il più possibile. </KING-OF-CUPS-ONE >
    <ACE-OF-PENTACLES-ONE >AL momento sei in un periodo piacevole e la prosperità si farà strada. Potrai anche permetterti di comprare qualcosa che prima non potevi comprare. Le relazioni con la tua famiglia saranno salutari e felici e tutto si sistemerà al posto giusto. Potresti pianificare di conoscere qualche vecchio amico o potresti finire in un'uscita spontanea con loro. </ACE-OF-PENTACLES-ONE >
    <TWO-OF-PENTACLES-ONE >Capirai che provare a bilanciare le situazioni a casa sta diventando davvero difficile. Sarai in una fase di distrazione e troverai difficile concentrarti sulla tua vita personale. Queste distrazioni potrebbero metterti pressione a lavoro. Ti sentirai meglio una volta che inizi a socializzare e incontrare nuove persone. </TWO-OF-PENTACLES-ONE >
    <THREE-OF-PENTACLES-ONE >Questa carta indica che ti impegneria in alcuni hobby o altre attività e una persona amata o qualcuno di inaspettato arriverà con dei regali e altre opportunità. Potrebbero esserci alcune difficoltà ufficiali che tu e la tua famiglia dovrete affrontare. </THREE-OF-PENTACLES-ONE >
    <FOUR-OF-PENTACLES-ONE >Una prospettiva di lavoro, una vendita o qualche altra opportunità arriverà presto alla tua porta. Questo richiederà il supporto e la guida dei tuoi cari. Farai dei piani con i tuoi amici e potrebbero esserci dei confronti spiacevoli ma sarai capace di affrontarli. </FOUR-OF-PENTACLES-ONE >
    <FIVE-OF-PENTACLES-ONE >Questa carta mostra che dovrai affrontare alcune situazioni stressanti nel cercare di bilanciare la stabilità psicologica ed emozionale ma ti sarà chiesto di fare da guida da parte di alcuni membri della tua famiglia. Sarai emozionato per i tuoi amici ma non avrai tempo per contattarli. </FIVE-OF-PENTACLES-ONE >
    <SIX-OF-PENTACLES-ONE >Potresti non sentirti in pace con alcuni dei tuoi amici o colleghi a causa di alcune questioni. Ti stai stressando troppo con il lavoro senza rilassarti e devi prenderti una pausa prima che crolli. Un membro della tua famiglia potrebbe sembrare infelice ed esprimerà il desiderio di spendere un po' di tempo da solo o andare a fare un pellegrinaggio. </SIX-OF-PENTACLES-ONE >
    <SEVEN-OF-PENTACLES-ONE >Ti sentirai ansioso ed irrequieto dal momento che ma parte delle tue finanze sembra bloccata da qualche parte ma ci sarà un ingresso di soldi da altre fonti. Alcune questioni correlate alla salute ti forzeranno a prenderti una pausa pe run po'. Troverai il tempo per tenerti in contatto con i tuoi amici e passare del tempo con loro. </SEVEN-OF-PENTACLES-ONE >
    <EIGHT-OF-PENTACLES-ONE >Sarai un po' confuso nel cercare di trovare una soluzione ai tuoi problemi a casa. La tua famiglia potrebbe non comportarsi in maniera fine con te adesso e ci saranno ostacoli ai tuoi piani. Cercherai di bilanciare la tua vita personale e professionale e passare del tempo con le persone care. </EIGHT-OF-PENTACLES-ONE >
    <NINE-OF-PENTACLES-ONE >Del lavoro che puoi fare a casa o semplicemente facendo alcune chiamate ti terrà impegnato per un po'. La tua famiglia e i tuoi amici saranno al tuo fianco ad ogno tuo passo e ti giuderanno nel prendere decisioni cruciali. Sarai coinvolto in discussioni riguardanti il lavoro che avvicinerà amici e colleghi. </NINE-OF-PENTACLES-ONE >
    <TEN-OF-PENTACLES-ONE >Questa carta indica che godrai ora di incontri sociali e passerai del tempo con amici e famiglia. Ti sentirai più in contatto con la tua famiglia e gli chiederai una guida che probabilmente ti forniranno. è tempo che tu conosca nuove persone e queste persone diventeranno parte della tua vita. </TEN-OF-PENTACLES-ONE >
    <PAGE-OF-PENTACLES-ONE >Potresti essere un po' stressato a causa di programmi agitati e proverai a pianificare di uscire con le persone amate. Potrebbe esserci una collaborazione di cui sarai entusiasta ma non si rivelerà nel modo in cui speravi e questo ti renderà triste. Ma ci metterai tutte le tue forze per farlo funzionare. </PAGE-OF-PENTACLES-ONE >
    <KNIGHT-OF-PENTACLES-ONE >Avrai ora un grande spirito e potresti andare a fare shopping o uscire per fare qualche spesa grossa. Ci sarà un po' di tensione con uno dei membri della tua famiglia a causa di ciò ti tratterrai dallo spendere con loro molto tempo. Troverai ora supporto nei tuoi amici e se ci sono alcune differenze, queste verranno risolte. </KNIGHT-OF-PENTACLES-ONE >
    <QUEEN-OF-PENTACLES-ONE >Questa carta indica che fai qualche piano futuro tenendo a mente la tua carriera, gli amici e la famiglia. Ci saranno alcuni brainstorming di idee salutari mentre chiacchieri con i tuoi amici. Ti sentirai vicino alla tua famiglia e offrirai aiuto per risolvere alcune questioni. </QUEEN-OF-PENTACLES-ONE >
    <KING-OF-PENTACLES-ONE >Sarai ora impegnato in attività che coinvolgono un sacco di scartoffie. Passerai del tempo con i tuoi amici e otterrai anche dei benefici. Sarai in una situazione tale che sarai tentato di andare in vacanza o fare una piccola gita con la tua famiglia ma le cose dovranno aspettare. </KING-OF-PENTACLES-ONE >
    <ACE-OF-SWORDS-ONE >Otterrai alcune sorprese inaspettate ma piacevoli e questo ti piacerà. Ci sarà un sacco di pressione e disagio a casa tra i membri della famiglia e questo ti farà sentire triste. Cercherai di confidare nei tuoi amici e cercherai di trovare in loro conforto e consolazione. </ACE-OF-SWORDS-ONE >
    <TWO-OF-SWORDS-ONE >Ci sono delle indicazioni che tu ti possa sistemare con il tuo amato per diverse ragioni. Affronterai alcuni problemi legati al denaro e se avrai la fortuna dalla tua parte, qualcuno ti aiuterà. Sii paziente e le discussioni si arresteranno in breve tempo. </TWO-OF-SWORDS-ONE >
    <THREE-OF-SWORDS-ONE >Come di solito accade nelle famiglie, anche tu potresti sentirti frustrato a causa della pressione di non deludere alte aspettative. Potresti sentirti poco a tuo agio a causa del senso di colpa e proverai a convincere te stesso di risolvere le cose e tornare alla normalità. </THREE-OF-SWORDS-ONE >
    <FOUR-OF-SWORDS-ONE >Dovrai avere a che fare con alcune scartoffie legali e questo non sarà molto piacevole. Ti sentirai inutile in certe situazioni quando vedi una persona amata che attraversa un momento difficile. Non passerai momenti piacevoli con i tuoi amici dal momento che ti sentirai comunque deluso. </FOUR-OF-SWORDS-ONE >
    <FIVE-OF-SWORDS-ONE >Dopo una lunga guarigione, ti libererai finalmente delle visite dei dottori e starai meglio. La tua famiglia si sentirà nostalgica e starà al tuo fianco. Potresti essere appensantito da alcune responsabilità e questo potrebbe portarti alla frustrazione. Ti concederai anche un po' di shopping, specialmente per la casa. </FIVE-OF-SWORDS-ONE >
    <SIX-OF-SWORDS-ONE >Questa carta mostra che potresti trovarti a dover affrontare problemi e difficoltà mentre hai problemi familiari. Sentirai una forte connessione con la tua famiglia e cercherai di stare con loro e con i tuoi amici ancora di più adesso. Cercherai anche di guidare una persona amata. </SIX-OF-SWORDS-ONE >
    <SEVEN-OF-SWORDS-ONE >Un incontro imnprovviso con un vecchio amico è indicato e questo si rivelerà favorevole. Potrebbero essere delle cose meschine che si aggiungeranno ai tuoi problemi e non ti faranno sentire a tuo agio. Potresti avere delle discussioni o conflitti con la tua famiglia ma manterrai ancora il legame. </SEVEN-OF-SWORDS-ONE >
    <EIGHT-OF-SWORDS-ONE >Potresti avere dei problemi con alcuni amici e dovrai prendere delle decisioni ferme. Ci sarà anche una fase romantica in cui ti connetterai con il tuo amante. Passerai del tempo piacevole con la tua famiglia e sarai molto felic edi questo. </EIGHT-OF-SWORDS-ONE >
    <NINE-OF-SWORDS-ONE >Questa carta indica che ti senti irrequieto per qualcuno. Ci potrebbero essere alcuni familiari con problemi relativi al denaro e cercherai di aiutarli. QUesto migliorerà la tua reputazione tra i tuoi femiliari. Potresti anche allontanarti da qualcuno o qualcosa che ti fa sentire emozionalmente vulnerabile. </NINE-OF-SWORDS-ONE >
    <TEN-OF-SWORDS-ONE >Ti iscriverai ad alcuni programmi di qualità che ti aiuteranno a migliorare te stesso come persona ed accrescere la concentrazione. Potresti sentirti un po' isolato e insicuro e cercherai di gestire la situazione. Una persona cara potrà farti del male e questo ti lascerà nel dubbio. </TEN-OF-SWORDS-ONE >
    <PAGE-OF-SWORDS-ONE >Potranno esserci alcune notizie spiacevoli per la via che rovineranno il tuo umore tremendamente. Pianificherai di far visita ad un parente in un posto lontano o vice versa. Farai costantemente degli sforzi per costruire e sviluppare la tua vita romantica e questo sarà apprezzato dal partner e dagli amici. </PAGE-OF-SWORDS-ONE >
    <KNIGHT-OF-SWORDS-ONE >Questa carta indica che avrai voglia di fare baldoria e avrai un grande spirito in molte occasioni. Ci saranno dei confronti in famiglia e tu desidererai ascoltare e lavorare affinchè le cose vadano meglio. Questo richiederà anche una guida da parte della persona amata. </KNIGHT-OF-SWORDS-ONE >
    <QUEEN-OF-SWORDS-ONE >Questa carta indica che passerai una fase difficile. Potrebbero esserci delle cattive notizie che provengono da tutti le parti, inclusi famiglia e amici. Sarà difficile affrontare la situazione ma le persone a te care faranno del loro meglio per farti sentire a tuo agio. </QUEEN-OF-SWORDS-ONE >
    <KING-OF-SWORDS-ONE >Potrebbero esserci dei conflitti in famiglia riguardo il tuo modo di vivere e questo ti rattristerà. Potresti anche considerare di trasferirti in un ostello o in un nuovo appartamento. I guai ti inseguiranno e potresti inaspettatamente essere parte di uno scandalo se non fai attenzione. </KING-OF-SWORDS-ONE >
    <ACE-OF-WANDS-ONE >Avrai dei problemi a livello professionale e in accordo con la tua famiglia deciderai di lasciare il valoro e iniziare qualcosa da solo. Potrebbero esserci dei ritardi per alcune carte e cancellerai alcune riunioni o incontri. </ACE-OF-WANDS-ONE >
    <TWO-OF-WANDS-ONE >Questa carta indica che risolverai i tuoi problemi con uno dei membri della tua famiglia e cercherai di riportare le cose alla normalità. Ci saranno delle grandi notizie e questa informazione ti aiuterà nel futuro. Desidererai aiutare un amico ma scoprirai che le intenzioni non sono quelle che pensavi. </TWO-OF-WANDS-ONE >
    <THREE-OF-WANDS-ONE >I più anziani nella tua famiglia ti daranno alcuni consigli di valore su alcuni documenti o sul lato finanziario. Ti prenderai una pausa per fare quello che ti piace e questo sarà una mossa audace. cercherai supporto dai tuoi amici e cercherai di estendere i tuoi sogni includendo anche le persone amate. </THREE-OF-WANDS-ONE >
    <FOUR-OF-WANDS-ONE >Dovrai fronteggiare stress e frustrazioni a causa di alcune lotte e scontri in famiglia. Ma alla fine tu e i tuoi amati risolverete i problemi e manterrete la pace. Potrebbe esserci qualcuno che non desideri del bene per te e cercherà di ingannarti con qualcosa di cattivo, per cui è importante che resti vigile. </FOUR-OF-WANDS-ONE >
    <FIVE-OF-WANDS-ONE >Ti sentirai triste e arrabbiato a causa di alcune situazioni incontrollabili che sono state scatenate da persone esterne. Ci potrebbe essere qualcuno che sta cercando di vandalizzare la tua famiglia o proprietà e devi stare attento. La tua famiglia e i tuoi amici ti aiuteranno ad affronatre il tuo processo interiore di purificazione. </FIVE-OF-WANDS-ONE >
    <SIX-OF-WANDS-ONE >Questa carta indica che sebbene tu non sarai molto felice nelle tue avventure personali, cercherai di raggiungere un amico o un familiare e organizzare una beata gita con loro. Potresti trovarti a fronteggiare questioni economiche in cui si trova un familiare. </SIX-OF-WANDS-ONE >
    <SEVEN-OF-WANDS-ONE >Ti troverai a destreggiarti trai i tuoi programmi di lavoro frenetico e il tempo per la famiglia e questo invaderà la tua vita personale se non trovi un equilibrio. Sarai in contatto con un vecchio amico e questo sarà un incontro piacevole. </SEVEN-OF-WANDS-ONE >
    <EIGHT-OF-WANDS-ONE >Questa carta significa che dovrai combattere tra il tuo lavoro e la casa e troverai difficilmente tempo per la tua famiglia. Questa è anche una celebrazione sulla carta grazie a buone notizie in famiglia. Dovrai affrontare i tuoi amici attentamente dal momento che potrebbero esserci delle incomprensioni. </EIGHT-OF-WANDS-ONE >
    <NINE-OF-WANDS-ONE >Cercherai di aiutare un familiare in questioni legali e scartoffie correlate. Alcuni problemi con un vecchio amico si risolveranno ed è indicata una riunione. Stai desiderosamente aspettando delle buone notizie da una persona amata e questa ansia ti renderà un po' stressato. </NINE-OF-WANDS-ONE >
    <TEN-OF-WANDS-ONE >Ci sarà un grosso fardello di lavoro sulle tue spalle e cercherai di portare a compimento gli impegni. Non avrai solo il lavoro ufficiale ma anche questioni personali da affrontare. Potrebbero esserci dei battibecchi tra e e un tuo amico o una persona amata e potresti non sapere come aggiustare le cose. Questo non sarà buono nè per te nè per il tuo amico. </TEN-OF-WANDS-ONE >
    <PAGE-OF-WANDS-ONE >Ti troverai in una fase difficile e vorrai isolarti per un po' e questo preoccuperà la tua famiglia e i tuoi amici. Cercherai di aggiustare le cose nella tua vita prendendo decisioni ponderate e ciò richiederà il supporto degli amici. </PAGE-OF-WANDS-ONE >
    <KNIGHT-OF-WANDS-ONE >Una breve gita è indicata per ringiovanirti e considererai di passare più tempo con il tuo partner nella relazione. Le cose non andranno come ti aspettavi con i membri della tua famiglia e gli amici a causa di alcune occasioni inusuali e dovrai togliere il tempo ad un amico che cercherà supporto e guida. </KNIGHT-OF-WANDS-ONE >
    <QUEEN-OF-WANDS-ONE >Sarai in umore spirituale e vorrai implementare un po' di auto regolazione e disciplina. Ci saranno delle possibilità che tu faccia nuove connessioni che ti ringiovaniranno e rinforzeranno. </QUEEN-OF-WANDS-ONE >
    <KING-OF-WANDS-ONE >Questa carta indica che potresti avere a che fare con situazioni che riguardano una malattia. Questo potrebbero essere delle avventure che ti porteranno a spostarti. Sarai finalmente sollevato dal sentimento di isolazione e le cose si aggiusteranno. </KING-OF-WANDS-ONE >
    <THE-MAGICIAN-ONE >la tua attenzione è indirizzata ora su nuovi inizi ed è consigliabile che tu non insegua qualcosa che hai poche possibilità di ottenere. Otterai presto un aiuto rilevante e di valore da uno dei tuoi amici. Farai alcuni piani insieme ad un parente o ci sono delle possibilità di cambiamenti di piani di una persona amata. </THE-MAGICIAN-ONE >
    <THE-HIGH-PRIESTESS-ONE >Questa carta indica che c'è una piacevole sorpresa per te e sarai eccitato nel venirne a conoscenza. Non ti sentirai attaccato ai membri della tua famiglia ora a causa di un po' di stress e il tuo rapporto con i tuoi amici potrebbe ora migliorare. </THE-HIGH-PRIESTESS-ONE >
    <THE-EMPRESS-ONE >Ti sentirai un po' perplesso a causa di varie discussioni in famiglia e desidererai un po' di spazio per la mente. Considererai anche di andare via per un po'. Ti sentirai un po' colpevole a causa di qualcosa che hai fatto a dun tuo amico ed è tempo di fronteggiare la paura e fare qualche confessione. </THE-EMPRESS-ONE >
    <THE-EMPEROR-ONE >Se stai organizzando di far visita ad un parente o una persona casa, allora la visita sarà un successo ma il viaggio non sarà tutto liscio. Questo è un momento in cui sarai circondato da tanti amici che diventeranno un supporto per te e addirittura ti ispireranno in un certo senso dal momento che ora ti senti depresso. </THE-EMPEROR-ONE >
    <THE-HIEROPHANT-ONE >Questa carta indica che vuoi l'atmosfera a casa per essere più felice e ci saranno alcune buone notizie per la strada. Passerai momenti difficile con un amico ma solo parlare tra di voi aiuterà a calmare la situazione e sarai capace di capire come sistemare infine la situazione. </THE-HIEROPHANT-ONE >
    <THE-LOVERS-ONE >Capirai ora che non tutti sono tuoi amici e alcuni di loro ti tradiranno se non fai qualcosa a riguardo. Sarai in buoni rapporti con la tua famiglia e potresti anche pianificare una gita insieme che potrebbe essere una occasione per festeggiare delle buone notizie a casa. Alcuni familiari potrebbero anche sfogare la propria rabbia, percià stai attento. </THE-LOVERS-ONE >
    <THE-CHARIOT-ONE >Ti ritroverai con i tuoi vecchi amici e questa sarà un'occasione per rinfrescare la tua vita stressante. Vorrai aiutare un familiare con problemi ma non sarà desideroso di ascoltare qualsiasi cosa che ti possa far sentire colpevole o inutile. Avrai bisogno di un grande sostegno per validare i tuoi reclami con la tua famiglia. </THE-CHARIOT-ONE >
    <STRENGTH-ONE >Questa carta indica che avrai un momento gioioso con i tuoi amici e qualche scintilla potrebbe scoccare con qualche amico del sesso opposto. Passerai un momento difficile con la tua famiglia a causa di questioni economiche. Potrebbero esserci grandi discussioni o addirittura ricadute se le cose ti scappano di mano. </STRENGTH-ONE >
    <THE-HERMIT-ONE >Ci sono possibilità che tu parlerai con un menbro della famiglia o un amico dopo molto tempo. Se hai affrontato delle differenze con la persona amata, queste si risolveranno. Otterrai una guida sul lavoro o su questioni finanziarie da una persona amata e questo si rivelerà molto d'aiuto. </THE-HERMIT-ONE >
    <WHEEL-OF-FORTUNE-ONE >Questa carta indica che uno dei membri della tua famiglia ti causerà un sacco di frustrazione e delusioni e desidererai scappare da questa persona. Passerai un po' di tempo dal dottore a causa di una malattia di un membro della famiglia e questo causerà un sacco di stress. </WHEEL-OF-FORTUNE-ONE >
    <JUSTICE-ONE >Scoprirai che uno dei membri della tua famiglia o un familiare affronterà dei problemi che influenzeranno te e le tue decisioni. le cose non fileranno liscio come aspettato e ci saranno diverse complicazioni con la famiglia e gli amici ma questa fase, alla fine, passerà. </JUSTICE-ONE >
    <THE-HANGED-MAN-ONE >I tuoi amici e la tua famiglia ti supporteranno nella nuove avventure che stai inseguendo e i cari ti guideranno. Ci potranno essere delle discussioni ma solo a causa del cambio di prospettive e queste si risolveranno facilmente. Dovrai fare un sacco di sforzo per mantener ele vecchie relazioni. </THE-HANGED-MAN-ONE >
    <DEATH-ONE >Questa carta indica che ci sarà un tempo prosperoso per te e la tua famiglia e potresti anche considerare di imparare alcuni lavori domestici per alcune ragioni. Potranno esserci dei cambiamenti o momenti goffi tra te e uno dei tuoi amici a causa di circostanze strabe ma presto aggiusterai le cose proprio come erano prima. </DEATH-ONE >
    <TEMPERANCE-ONE >Noterai che la tua famiglia e i tuoi familiari ti supportenno e ti daranno i giusti consigli in relazione alla tua vita personale. Ci sarà un'onda emozionale tra te e i tuoi cari. Dovrai mantenere la tua freddezza e affrontare le situazioni dal momento che potrebbero aggravarsi facilmente. </TEMPERANCE-ONE >
    <THE-DEVIL-ONE >Questa carta indica che ora avrai delle forti emozioni e troverai difficile comunicare cosa vuoi veramente ma cercherai di bilanciare la situazione per il tempo a venire. Potrebbe esserci un uragano di conflitti nel tuoi cervello dal moemnto che sei occupato con tanti pensieri funesti allo stesso tempo. </THE-DEVIL-ONE >
    <THE-TOWER-ONE >Questo non sarà un momento molto piacevole dal moemto che devi affrontare alcuni colpi finanziari e personali. Questo potrebbe anche condurti al collasso ma i tuoi familiari ti aiuteranno. Sarai fortunato e sfortunato allo stasso tempo a causa delle circostanze che affronti. </THE-TOWER-ONE >
    <THE-STAR-ONE >Noterai che alcuni dei tuoi amici potrebbero fronteggiar eproblemi relativi a documenti e tu ti precipiterai ad aiutarli. Potresti ottenere una buona notizia da qualcuno che sarà davvero stumolante e ti darà la sensazione di unità che ti farà sentire sollevato e a tuo agio. </THE-STAR-ONE >
    <THE-MOON-ONE >Potrebbero scaturire delle situazioni che ti faranno sentire vulnerabile, confuso e incerto. Penserai in maniera molto emozionale ad un amico o a una persona casa e questo ti lascierà in lacrime al pensiero di non sapere cosa fare o cosa non fare. I tuoi piani di unirti con un amico o un parente si rileveranno molto scoraggianti. </THE-MOON-ONE >
    <THE-SUN-ONE >Sta cercando ora di sistemare le cose dal momento che vuoi vedere la tua vita in equilibrio. Parlerai con i tuoi parenti ma sentirai che non ti stanno supportando. Penserai di mischiare lavoro e piacere o cercherai di creare legami di amicizia al lavoro ma questo non si rivelerà una buona idea. </THE-SUN-ONE >
    <JUDGEMENT-ONE >Questa carta indica che dovrai fare alcune decisioni importanti e questo coinvolgerà un vecchio amico e una persona cara. Alcune buone notizie potrebbero arrivare tramite uno dei tuoi amici o un parente. Il tuo rapporto con amici e parenti cresce sempre più forte. </JUDGEMENT-ONE >
    <THE-WORLD-ONE >Ci sarà un sacco di pressione che si accresse nella tua testa e questa potrebbe solo raggiungere il punto più alto prima di esplodere. è tempo di andare in vacanza o in un posto lontano pe run po' di tempo. Guarderai ad un tuo amico in cerca di supporto e alcuni di loro accetteranno con piacere di confortarti. </THE-WORLD-ONE >
    <THE-FOOL-ONE >Avrai l'occasione di aiutare uno dei tuoi familiari ma questo potrebbe perdere l'opportunità a causa della sua incoscienza. Una persona vicina a te ti farà capire che ti stai comportando in maniera vulnerabile e perciò qualcuno se ne sta approfittando di te il che si rileverà di essere cattivo sul lungo termine.</THE-FOOL-ONE >
    </ROOT>
