﻿<?xml version="1.0"?>

    <ROOT>

    <ACE-OF-CUPS-ONE>Cette carte indique que tout semble fonctionner correctement désormais en ce qui concerne votre santé. Vous vous sentirez frais et dynamique physiquement et mentalement, et vous serez très peu malade. Vous progresserez également sur le plan spirituel, ce qui vous fera vous sentir encore mieux. </ACE-OF-CUPS-ONE>

    <TWO-OF-CUPS-ONE>Cette carte montre que les choses sont légèrement perturbées au niveau de la santé, car vous luttez pour maintenir la paix avec un être aimé et cela provoquera chez vous de sérieuses inquiétudes et des visites répétées à l'hôpital. </TWO-OF-CUPS-ONE>

    <THREE-OF-CUPS-ONE>Cette carte indique que vous avez envie de faire la fête désormais, et vous vous ferez plaisir plus que de nécessaire. Cela provoquera de sérieux problèmes de santé qui devront être traités rapidement. Si vous ne prenez pas de mesures appropriées, il se peut que vous ayez à passer un séjour à l'hôpital ou dans un centre de désintoxication. </THREE-OF-CUPS-ONE>

    <FOUR-OF-CUPS-ONE>Vous êtes trop stressé et cela entraine un affaiblissement de votre corps. Vous devez prendre du temps pour vous en dépit de vos obligations professionnelles, car c’est désormais nécessaire. Cela peut vous frustrer un peu, mais au bout du compte vous récupérerez et cela donnera un nouveau souffle à votre vie. </FOUR-OF-CUPS-ONE>

    <FIVE-OF-CUPS-ONE>Cette carte montre que trop de voyages ou trop de pression au travail vous atteindront et vous serez à présent épuisé et extrêmement fatigué. Cela peut aussi affecter votre santé de façon plus sérieuse que vous ne le prévoyez, provoquant des problèmes. Vous devrez faire attention en priorité à vos problèmes d’estomac. </FIVE-OF-CUPS-ONE>

    <SIX-OF-CUPS-ONE>Cette carte indique que vous ne vous sentez pas très bien et cette agitation vous affecte physiquement et mentalement. Mais vous règlerez vos problèmes pour finir certaines tâches et vous ferez ensuite une pause, ce qui aidera votre corps à se régénérer. </SIX-OF-CUPS-ONE>

    <SEVEN-OF-CUPS-ONE>Cette carte montre que votre corps montre désormais des symptômes d’une maladie et que vous avez besoin de relaxation. Certaines maladies peuvent vous tourmenter et vous aurez à les gérer. Il est possible que vous ayez certains problèmes relatifs à vos membres ou à vos yeux et vous aurez à lâcher prise pendant un moment pour récupérer. </SEVEN-OF-CUPS-ONE>

    <EIGHT-OF-CUPS-ONE>Cette carte indique que les temps seront un peu difficiles pour vos yeux ou vos cheveux et qu’une période de traitement aura lieu. Cela vous gênera un peu dans vos tâches quotidiennes, et cela peut vous frustrer, mais il n’y aura pas de problèmes majeurs qui devrait susciter votre inquiétude et la guérison commencera bientôt. Vos êtres chers prendront soin de vous pendant que vous récupérez. </EIGHT-OF-CUPS-ONE>

    <NINE-OF-CUPS-ONE>Cette carte montre que vous avez à faire face, maintenant ou très bientôt, à une phase d’isolement ou de dépression à cause des hauts et des bas de votre vie. Vous serez dans une position vulnérable et vous aurez l’impression que personne ne vous comprend vraiment. Cet état d’esprit perturbant peut provoquer une nervosité et l’absorption de certains cachets. </NINE-OF-CUPS-ONE>

    <TEN-OF-CUPS-ONE>Cette carte indique que votre programme chargé et brutal provoquera un régime alimentaire déséquilibré et cela peut conduire à des maux d’estomacs. Ce programme brutal peut conduire à de l’isolement et des insomnies qui seront là pendant un moment. Vous prendrez les mesures appropriées et vous récupérerez bientôt. </TEN-OF-CUPS-ONE>

    <PAGE-OF-CUPS-ONE>Cette carte montre qu’avec le type de circonstances auxquelles vous faites face maintenant, vous serez très sensible et vous pouvez facilement être influencé. Cet état d’esprit peut s’avérer mauvais pour votre santé physiquement et mentalement. Faites attention, car vous risquez d’avoir un accident. </PAGE-OF-CUPS-ONE>

    <KNIGHT-OF-CUPS-ONE>Cette carte indique que tout ce qui touche à votre santé sera beaucoup plus positif désormais. Si vous souffrez déjà d’un certain type de maladie et que vous vous rendez chez le médecin, alors vous remarquerez que votre état s’améliorera en dépit de mauvaises nouvelles qui peuvent vous être données. Vous devrez garder confiance en vous, et prendre soin de votre corps. </KNIGHT-OF-CUPS-ONE>

    <QUEEN-OF-CUPS-ONE>Cette carte montre que vous êtes désormais épuisé mentalement à cause de différentes pressions personnelles et professionnelles et qu’il est aussi possible que vous vous sentiez impuissant par moment. Il est possible que vous présentiez des symptômes de désespoir et que vous deviez consulter un médecin et vos proches à ce propos, mais les choses s’amélioreront de manière régulière. </QUEEN-OF-CUPS-ONE>

    <KING-OF-CUPS-ONE>Cette carte indique qu’il est possible que vous ayez à faire face à des situations contrariantes, qui vous laisseront extrêmement déçu et vous pousseront à penser que vous n’êtes pas suffisamment bon ou que vous manquez de certaines qualités. Ne laissez pas ces circonstances vous conduire à une addiction. </KING-OF-CUPS-ONE>

    <ACE-OF-PENTACLES-ONE>Cette carte indique que vous êtes désormais prêt à effectuer des changements sains dans votre vie. Si vous souffriez d’un certain type de maladie, alors c’est le bon moment pour une récupération rapide et vous vous retrouverez bientôt dans un état bien meilleur. Au bout du compte, vous récupérerez pour de bon. </ACE-OF-PENTACLES-ONE>

    <TWO-OF-PENTACLES-ONE>Vous vous sentirez fatigué et épuisé à force de travailler jusqu’au petit matin et d’assumer différentes responsabilités. Ces circonstances peuvent être difficiles pour votre corps, mais vous devrez essayer de maintenir un équilibre afin de ne pas devenir victime de la situation. </TWO-OF-PENTACLES-ONE>

    <THREE-OF-PENTACLES-ONE>Cette carte indique qu’un choc émotionnel ou une rencontre brutale vous conduira à certaines influences néfastes. Cela peut porter un coup à votre santé, donc vous devrez faire attention. Le repos devra attendre, car beaucoup de choses sont en préparation pour vous. </THREE-OF-PENTACLES-ONE>

    <FOUR-OF-PENTACLES-ONE>Cette carte montre que vous aurez à faire face à des difficultés liées à un problème médical déjà existant et il est possible que vous deviez rendre quelques visites à la clinique. Vous ainsi que les gens que vous aimez chercherez de l’aide et des conseils. Il est possible que les choses soient un peu hors de contrôle et vous devrez désormaisêtre fort. </FOUR-OF-PENTACLES-ONE>

    <FIVE-OF-PENTACLES-ONE>Cette carte indique que vous avez beaucoup négligé votre santé ces derniers temps et que c’est la raison pour laquelle une maladie mineure s’est peut-être aggravée à présent, bien qu’elle n’ait pas pris de proportions majeures. À cause de cela, il est possible que vous ayez à subir des examens. </FIVE-OF-PENTACLES-ONE>

    <SIX-OF-PENTACLES-ONE>Cette carte montre qu’à présent vous devrez faire très attention à votre entourage. Vous risquez un accident et donc vous devrez être vigilant et précautionneux envers toutes les choses qui vous entourent. C’est un moment critique et si vous ne faites pas attention, cela peut conduire à une fin non souhaitable. </SIX-OF-PENTACLES-ONE>

    <SEVEN-OF-PENTACLES-ONE>Cette carte indique que vous faites à présent face à une période très troublante et vous essaierez d’éviter tout ce qui conduit à trop d’implication ou de travail physique. Vous ne serez pas prêt à faire quoi que ce soit qui nécessite votre temps et votre concentration et cela vous éloignera du travail contre votre gré. </SEVEN-OF-PENTACLES-ONE>

    <EIGHT-OF-PENTACLES-ONE>Cette carte montre qu’il est temps que vous vous débarrassiez de toutes ces crèmes hydratantes et solaires, car il est possible que votre peau soit vulnérable. Vous devrez voyager beaucoup pour le travail et cela peut affecter votre régime et conduire à des problèmes d’estomac. </EIGHT-OF-PENTACLES-ONE>

    <NINE-OF-PENTACLES-ONE>Cette carte indique que vous ou quelqu’un de proche de vous guérirez d’une maladie ou d’un accident qui a eu lieu. Il y a aussi une possibilité que quelqu’un que vous connaissez très bien doive gérer un problème de santé majeur. Vous aiderez vos proches, mais aurez envie de sortir et de vivre quelque chose qui vous aide à vous libérer. </NINE-OF-PENTACLES-ONE>

    <TEN-OF-PENTACLES-ONE>Cette carte montre qu’il est possible que vous ayez des problèmes personnels qui vous perturberont un peu. Il y aura quelqu’un de proche de la famille qui aura besoin d’assistance médicale et vous les guiderez vers une nouvelle façon de vivre. </TEN-OF-PENTACLES-ONE>

    <PAGE-OF-PENTACLES-ONE>Cette carte indique que vous vous sentez mal à l’aise et extrêmement agité. Il est possible que vous ayez des problèmes physiques. Il se peut qu’une certaine forme de culpabilité vous perturbe profondément et que vous cherchiez à vous en débarrasser. Des médicaments seront nécessaires pour soigner vos souffrances physiques et il est possible que vous vouliez prendre des somnifères à cause de vos insomnies. </PAGE-OF-PENTACLES-ONE>

    <KNIGHT-OF-PENTACLES-ONE>Un service social est bon si on n’essaie pas de tirer un avantage indu de vous et vous devrez le réaliser. Vous vous sentirez inquiet et agité à cause de cela, mais vous serez capable de prendre une mesure audacieuse. Vous essaierez de rester actif plutôt que de rester assis à ne rien faire, car cela peut vous empêcher de réfléchir à des choses auxquelles vous n’avez pas envie. </KNIGHT-OF-PENTACLES-ONE>

    <QUEEN-OF-PENTACLES-ONE>Cette carte indique qu’il sera mieux de laisser agir la nature et d’adopter des méthodes naturelles de guérison et de purification. Si vous, ou une des personnes que vous aimez, est en train de récupérer d’une maladie, alors c’est le bon moment pour un rétablissement rapide. </QUEEN-OF-PENTACLES-ONE>

    <KING-OF-PENTACLES-ONE>Cette carte montre que vous êtes sur la voie de la bonne santé, physiquement et mentalement. Si vous étiez en train de récupérer d’une blessure ou d’une maladie, alors vous ferez de grands progrès. Même s’il y a des problèmes liés à des documents médicaux, cela s’arrangera bientôt. </KING-OF-PENTACLES-ONE>

    <ACE-OF-SWORDS-ONE>Cette carte indique que votre moral est bas et que vous vous sentez déprimé, et que vous êtes à la recherche d’une assistance médicale. Des membres de la famille vous aideront et il y a également des chances que vous preniez une nouvelle direction pour trouver un remède à votre maladie, et cela s’avérera bénéfique. </ACE-OF-SWORDS-ONE>

    <TWO-OF-SWORDS-ONE>Cette carte montre que votre santé est dans un état fluctuant et il est possible que vous sembliez un peu agité. Il se peut qu’il y ait des problèmes de santé mineurs, mais vous devrez veiller à votre santé lorsque vous ne vous sentez pas si bien ou lorsque vous présentez des risques d’infection, de fièvre ou de rhume. </TWO-OF-SWORDS-ONE>

    <THREE-OF-SWORDS-ONE>Cette carte indique que vous vous sentirez extrêmement usé et que vous aurez très envie de relaxation et de congés. Il est possible qu’il y ait des incidents qui s’ajoutent à votre tension et à votre épuisement physique, mais vous devrez le supporter pour votre propre bien. Votre mauvaise santé inquiétera les membres de votre famille et il se peut qu’ils consultent un médecin. </THREE-OF-SWORDS-ONE>

    <FOUR-OF-SWORDS-ONE>Cette carte montre que les temps de la guérison sont très proches et que vos soucis psychologiques et moraux finiront finalement par s’éloigner ou que vous aurez au moins bientôt un répit dans une grande mesure. Votre santé physique peut être légèrement affectée et cela nécessitera que vous passiez certains tests ou traitements médicaux. Le médecin sera d’une grande aide dans ce cas. </FOUR-OF-SWORDS-ONE>

    <FIVE-OF-SWORDS-ONE>Cette carte indique que vous faites face à du stress et à de la frustration à cause d’une certaine maladie qui refuse de s’en aller. Certaines visites à l’hôpital seront nécessaires ce qui ajoutera à votre frustration et vous vous sentirez impuissant, mais vous essaierez de rester fort. </FIVE-OF-SWORDS-ONE>

    <SIX-OF-SWORDS-ONE>Cette carte montre qu’il est possible que ce soit un des pires moments concernant votre santé. Il est possible qu’il y ait une blessure grave ou une maladie qui vous tourmente beaucoup. Il se peut également que vous soyez impliqué dans un accident et que vous vous blessiez particulièrement aux jambes ou aux genoux. Il y a également des probabilités pour que vous soyez hospitalisé pendant un moment, mais les choses iront finalement mieux. </SIX-OF-SWORDS-ONE>

    <SEVEN-OF-SWORDS-ONE>Cette carte indique que trop de stress vous accable et cela provoque chez vous beaucoup de stress psychologiquement et physiquement. Vous serez occupé à traiter différentes choses et cela peut avoir un effet négatif sur vous particulièrement sur votre esprit et sur votre corps. Vous avez besoin de prendre des congés pour vous régénérer, vous et votre corps. </SEVEN-OF-SWORDS-ONE>

    <EIGHT-OF-SWORDS-ONE>Cette carte montre qu’un accident mineur risque de se produire si vous ne faites pas attention. Vous devrez à présent faire extrêmement attention, car la carte suggère que vous allez devoir faire face à une mésaventure à cause d’opérations risquées à votre domicile. Vous devrez également faire attention en conduisant et en traversant les rues. Cette phase passera bientôt. </EIGHT-OF-SWORDS-ONE>

    <NINE-OF-SWORDS-ONE>Cette carte indique que vous devrez affronter certaines situations désagréables dans votre vie personnelle et professionnelle ce qui vous conduira à faire une dépression. Il est également possible qu’il y ait quelques désordres dans votre régime alimentaire, ce qui peut entraîner des maux d’estomac, mais une des personnes qui vous aiment vous aidera à sortir de cette situation. </NINE-OF-SWORDS-ONE>

    <TEN-OF-SWORDS-ONE>Cette carte montre que vous avez désormais décidé de prendre en charge votre santé et que vous vous libérerez du passé et irez de l’avant. Vous vous fixerez certains objectifs concernant votre santé et vous ferez certains changements de style de vie pour contribuer à cette résolution. </TEN-OF-SWORDS-ONE>

    <PAGE-OF-SWORDS-ONE>Cette carte indique que vous subirez certaines pressions psychologiques, particulièrement en matière de travail, mais vous réussirez à les gérer avec patience. Il y a des chances que vous ayez un mal de dos ou que vous deviez effectuer une visite chez le dentiste. Pourtant, dans l’ensemble vous aurez beaucoup d’énergie et vous passerez du temps avec les gens que vous aimez. </PAGE-OF-SWORDS-ONE>

    <KNIGHT-OF-SWORDS-ONE>Cette carte montre qu’il est possible que vous traversiez des états de santé contrastés. Vous serez dans une meilleure forme psychologique et vous récupérerez du stress et d’autres problèmes similaires. Votre famille aura besoin de vous à présent et certaines mauvaises nouvelles arriveront probablement concernant un proche ou un ami de la famille. </KNIGHT-OF-SWORDS-ONE>

    <QUEEN-OF-SWORDS-ONE>Cette carte indique que vous aurez désormais à effectuer de nombreuses tâches entre vos priorités personnelles et professionnelles, et vous ferez de votre mieux pour tenir tous vos engagements. Par conséquent, il est possible que vous vous sentiez épuisé et fatigué, mais vous réussirez d’une façon ou d’une autre à jongler entre toutes ces responsabilités. </QUEEN-OF-SWORDS-ONE>

    <KING-OF-SWORDS-ONE>Cette carte montre que vous serez à présent sur une pente descendante en ce qui concerne votre santé. Vous serez frustré psychologiquement et épuisé physiquement, et il se peut que vous ayez à prendre des médicaments pour des soucis mineurs. Il y a également des chances qu’un de vos êtres chers doive être admis à l’hôpital. </KING-OF-SWORDS-ONE>

    <ACE-OF-WANDS-ONE>Cette carte indique que vous ferez plus attention à votre santé désormais et en cas de maladie physique ou psychologique, vous chercherez un type de médicament différent. Quelqu’un vous suggérera d’utilisation des moyens de guérison naturels pour certaines maladies et vous adopterez ces moyens. </ACE-OF-WANDS-ONE>

    <TWO-OF-WANDS-ONE>Cette carte montre que vous en demandez trop à votre corps et que cela se voit sur votre corps. Vous devrez avoir recours aux minéraux artificiels pour aider votre corps et votre esprit. Négliger d’avoir un régime alimentaire équilibré peut s’avérer être risqué pour l’avenir et mettre en place des routines saines est rigoureusement recommandé. </TWO-OF-WANDS-ONE>

    <THREE-OF-WANDS-ONE>Cette carte indique que vous vous préoccupez désormais plus de la santé d’un être aimé. Au cours du processus, vous vous stresserez et il se peut que vous ayez besoin de repos. Ne soyez pas trop exigeant avec vous-même, car cela peut s’avérer risqué. Il est également possible que vous ayez à rendre visite à votre dentiste bientôt. </THREE-OF-WANDS-ONE>

    <FOUR-OF-WANDS-ONE>Cette carte montre que vous faites face à certains désagréments dans votre vie personnelle et c’est pour vous une source de stress. Il peut également y avoir d’autres problèmes qui commencent à affecter votre bien-être, vous faisant vous sentir agité et vous risquez aussi de souffrir de douleurs physiques de manière imprévue. </FOUR-OF-WANDS-ONE>

    <FIVE-OF-WANDS-ONE>Cette carte indique que vous avez finalement récupéré de la maladie que vous aviez et que vous profitiez désormais d’un état d’esprit et de corps bon et sain. Il est très probable que vous partiez en vacances avec votre partenaire et ce seront des vacances agréables. </FIVE-OF-WANDS-ONE>

    <SIX-OF-WANDS-ONE>Cette carte montre que vous réalisez à présent qu’il est temps de prendre une pause dans votre travail et de libérer du temps pour vous. Cette pause vous aidera, car elle vous permettra d’assister à des réunions sociales et d’essayer de faire les choses que vous aimez. </SIX-OF-WANDS-ONE>

    <SEVEN-OF-WANDS-ONE>Cette carte indique que vous êtes désormais impliqué dans beaucoup trop d’activités par rapport à ce que vous pouvez faire, et cela vous laisse extrêmement mal à l’aise et tracassé. Mais vous réaliserez à peine que maintenant cela vous cause du stress. Ne négligez pas votre santé et surveillez également ce que vous mangez, particulièrement à l’extérieur. </SEVEN-OF-WANDS-ONE>

    <EIGHT-OF-WANDS-ONE>Cette carte montre que vous êtes à présent d’humeur légère, vous sentant en bonne santé et en forme, et vous serez extrêmement attiré par votre partenaire. Cela conduira également à une escapade romantique et à des activités sensuelles qui vous tiendront occupé pendant un moment. </EIGHT-OF-WANDS-ONE>

    <NINE-OF-WANDS-ONE>Cette carte indique que votre condition physique traverse une mauvaise passe, et vous vous sentirez négligé et malade. Cela peut provoquer certaines irritations, car il est possible que vous deviez visiter la clinique et aussi traiter des formalités judiciaires qui peuvent devenir épuisantes. </NINE-OF-WANDS-ONE>

    <TEN-OF-WANDS-ONE>Cette carte montre que votre travail ou des soucis personnels vous ébranleront physiquement et qu’essayer d’assumer trop de responsabilités vous épuisera physiquement. Il y aura peu de moments de répit, car vous serez sans cesse très occupé et que cela peut provoquer certaines maladies. Vous devrez ralentir les choses à un rythme plus raisonnable. </TEN-OF-WANDS-ONE>

    <PAGE-OF-WANDS-ONE>Vous devrez prendre des médicaments, ce qui peut être soit pour quelque chose de mineur ou pour une maladie grave. Cette carte indique que vous vous sentez irritable à cause de choses qui se produisent autour de vous et cela peut concerner le travail ou des problèmes personnels. À présent, vous devrez être patient et pragmatique dans votre approche. </PAGE-OF-WANDS-ONE>

    <KNIGHT-OF-WANDS-ONE>Cette carte montre que votre corps traverse des périodes très actives, car vous êtes pris entre plusieurs choses et vous sentirez éreinté et fatigué. Cela peut aussi beaucoup à voir avec votre condition psychologique. </KNIGHT-OF-WANDS-ONE>

    <QUEEN-OF-WANDS-ONE>Cette carte montre que vous avez beaucoup d’énergie et que vous avez l’inspiration pour effectuer des changements constructifs dans votre style de vie pour votre santé. Vous êtes prêt à changer certaines choses dans votre vie pour essayer d’arriver à une manière de vivre plus équilibrée. </QUEEN-OF-WANDS-ONE>

    <KING-OF-WANDS-ONE>Cette carte indique que vous êtes prêt à improviser dans les domaines de la santé et des exercices et vous consulterez un nutritionniste. Il est possible que vous ayez certains problèmes émotionnels comme de l’appréhension et de l’anxiété ou il se peut que vous souffriez d’un certain type de douleur. </KING-OF-WANDS-ONE>

    <THE-MAGICIAN-ONE>Cette carte indique que vous aurez désormais à faire face à des situations stressantes. Certains soucis liés à votre travail ou à votre foyer auront sur vous un effet néfaste et vous ne serez pas capable de trouver une solution à vos problèmes de santé à cause de plusieurs complications et de résultats incertains. Vous devrez rendre visite à plusieurs médecins afin d’arriver à la bonne conclusion. </THE-MAGICIAN-ONE>

    <THE-HIGH-PRIESTESS-ONE>Cette carte montre que vous avez dû traverser quelques épreuves dans le passé et cela peut affecter votre stabilité mentale et physique. Mais désormais vous allez passer par de meilleurs moments, car vous allez enfin être en partie soulagé et vous commencerez à vous sentir mieux bientôt. </THE-HIGH-PRIESTESS-ONE>

    <THE-EMPRESS-ONE>Cette carte indique qu’il est possible que vous deviez traverser certains problèmes liés à votre corps, particulièrement en ce qui concerne votre cou. Vous devrez rentrer en contact avec le côté spirituel de votre corps en essayant de connaître votre corps pour vous sentir mieux, et ensuite effectuer une thérapie physique ou du yoga pour vous revigorer. </THE-EMPRESS-ONE>

    <THE-EMPEROR-ONE>Cette carte indique qu’il se peut que vous ayez des problèmes de santé graves. Des précautions et une attention totale sont nécessaires afin de faire disparaître vos douleurs. Vous gagnerez de la force et réussirez à vaincre la maladie, mais il est conseillé que vous ne fassiez plus preuve d’aucune négligence envers votre corps. </THE-EMPEROR-ONE>

    <THE-HIEROPHANT-ONE>Cette carte indique que vous devez faire attention à votre santé plus que ce que vous faites actuellement. Il y a des possibilités de pression artérielle basse et haute, d’une toux sévère et de rhume. Des examens réguliers peuvent grandement vous aider à améliorer votre état. </THE-HIEROPHANT-ONE>

    <THE-LOVERS-ONE>Cette carte montre que votre corps est en meilleure forme maintenant et que vous en êtes heureux. Vous allez probablement vous sentir plus dynamique maintenant et plus actif. Vous prendrez plus au sérieux les besoins de votre corps et vous essaierez de construire un équilibre entre un esprit sain et un corps sain. </THE-LOVERS-ONE>

    <THE-CHARIOT-ONE>Cette carte indique que vous êtes profondément impliqué dans votre travail et d’autres activités, et que vous êtes incapable de prendre soin des besoins de votre corps. Si vous continuez de cette manière, il est possible que vous tombiez malade à cause de surmenage, ou que vous vous sentiez extrêmement agité psychologiquement. C’est un bon moment pour rendre visite au médecin pour un examen et partir pour un endroit tranquille pour le weekend. </THE-CHARIOT-ONE>

    <STRENGTH-ONE>Cette carte montre que vous serez désormais au mieux de votre forme en ce qui concerne votre santé. La carte de force signifie que vous êtes en forme physiquement et psychologiquement et que même s’il y a des problèmes mineurs concernant votre corps, vous arriverez à les vaincre facilement. Votre force de volonté et votre enthousiasme seront encouragés et appréciés par les gens autour de vous. </STRENGTH-ONE>

    <THE-HERMIT-ONE>Cette carte indique que vous vous sentirez négligé sur le plan émotionnel et déprimé, et cela peut vous épuiser sur le plan psychologique. Il y a des possibilités de maladies qui vous conduiront à courir en tous sens et à aller à plusieurs rendez-vous chez des médecins. Mais cela ne durera pas très longtemps et les choses iront mieux rapidement. </THE-HERMIT-ONE>

    <WHEEL-OF-FORTUNE-ONE>Cette carte montre que vous vous sentez très instable maintenant et qu’à cause du travail et de pressions psychologiques, vous vous sentirez surmené et stressé. Il se peut que vous ayez quelques pensées négatives qui vous hantent, mais il s’agit simplement d’une phase qui passera très bientôt. </WHEEL-OF-FORTUNE-ONE>

    <JUSTICE-ONE>Cette carte montre qu’il y a des chances que vous rendiez visite au médecin pour un examen ordinaire et qu’il découvre un problème grave. Il se peut que cela vous surprenne, mais le médecin aura suffisamment d’expertise pour vous aider à vous débarrasser de ce nouveau problème de santé. </JUSTICE-ONE>

    <THE-HANGED-MAN-ONE>Cette carte indique que vous vous sentez inquiet et extrêmement agité à cause de quelque chose. Il est temps que vous reposiez votre corps et votre esprit avant qu’il commence à montrer des signes de maladie, et cela vous aidera aussi à vous éloigner de situations ou de gens qui suscitent votre appréhension. </THE-HANGED-MAN-ONE>

    <DEATH-ONE>Cette carte montre que quelque chose autour de vous vous rend extrêmement mécontent. C’est le moment où on se confiera à vous à propos d’une maladie grave. Vous devrez vous forcer à regarder l’aspect positif, et uniquement cela vous aidera à vaincre le mal qui se produit autour de vous. Vous recevrez beaucoup d’amour et d’attention de votre famille désormais. </DEATH-ONE>

    <TEMPERANCE-ONE>Cette carte indique que vous n’aurez pas le temps de rendre visite au médecin à cause de votre emploi du temps chargé et cela peut créer un problème qui s’amplifiera dans un avenir proche. Vous devrez faire attention à votre santé et établir des priorités en décidant d’aller chez le médecin et de vous faire soigner. </TEMPERANCE-ONE>

    <THE-DEVIL-ONE>Cette carte montre que l’épuisement et les soucis permanents vous mettront dans un état de léthargie et extrêmement fatigué. Il est possible que vous ne le réalisiez pas au début, mais au bout du compte vous remarquerez que vous travaillez trop et que cela vous conduit à éviter d’autres choses, et vous vous sentirez stressé en permanence, ce qui vous poussera à prendre certains cachets. </THE-DEVIL-ONE>

    <THE-TOWER-ONE>Cette carte indique que vous aurez à vivre un incident malheureux qui pourrait déclencher certaines visites à l’hôpital. Il y aura des moments stressants à cause de ce chaos, mais vous survivrez ; Il est également possible qu’un membre de la famille vous aide au cours de ces moments éprouvants. </THE-TOWER-ONE>

    <THE-STAR-ONE>Cette carte montre que quelque chose vous inspirera une nouvelle réflexion et avec l’aide d’un ami, vous élaborerez un plan pour améliorer votre bien-être. Ce processus peut se révéler légèrement laborieux et il est possible que vous ayez à subir quelques examens et tests médicaux, mais vous serez content d’avoir pris cette décision. </THE-STAR-ONE>

    <THE-MOON-ONE>Cette carte indique que vous ferez face à des problèmes de santé généraux qui ne se sont pas encore manifestés ou se sont manifestés partiellement. Ces problèmes peuvent sembler mineurs, mais ils nécessiteront votre attention, car ils peuvent se développer si vous ne vous en occupez pas. Vous aurez également à affronter une douleur au genou et des problèmes de dos. </THE-MOON-ONE>

    <THE-SUN-ONE>Cette carte montre que vous vous sentez un peu démotivé et mis à l’écart en ce moment. Vous ferez un examen approfondi de vous-même, en essayant de dissocier le bien du mal. Aucune maladie physique n’est signalée. Vous vous mettrez à lire plus désormais sur les problèmes de santé et de bien-être pour une des personnes que vous aimez. </THE-SUN-ONE>

    <JUDGEMENT-ONE>Cette carte indique que vous allez être dans un état instable sur le plan physique à cause de stress ou d’un régime alimentaire inapproprié. Vous aurez des inquiétudes concernant la santé d’un être cher et vous ferez de votre mieux pour l’aider à guérir. Plusieurs visites à l’hôpital ou réunions avec des médecins prendront la plus grande partie de votre temps. </JUDGEMENT-ONE>

    <THE-WORLD-ONE>Cette carte montre qu’il est possible que vous souffriez déjà d’une maladie ou d’une blessure et que vous récupérerez de cela. Vous verrez que vous faites des progrès lents, mais réguliers, bien qu’il est probable que certains mauvais conseils conduisent à certains problèmes. Il est recommandé que vous appreniez plus de choses sur vos problèmes de santé et que vous preniez ensuite des mesures en conséquence. </THE-WORLD-ONE>

    <THE-FOOL-ONE>Cette carte indique que vous êtes inquiet à propos de votre santé et que vous effectuerez des examens réguliers à partir de maintenant. Il est possible que vos dents nécessitent également votre attention, donc vous devrez rendre visite à un dentiste. Vous apprendrez à connaître de nouvelles méthodes de guérison grâce à un ami et vous serez prêt à essayer ces méthodes.</THE-FOOL-ONE>

</ROOT>
