﻿<?xml version="1.0" encoding="utf-8" ?>
<ROOT>
    <ACE-OF-CUPS-ONE>
    Ang kard na ito ay nagpapahiwatig na ikaw ay makasumpong din ng ilang mga bagong proyekto na nangangailangan ng maraming trabaho. Baka nais mong humanap ng bagong diskarte upang tuparin ang iyong mga layunin sa pamamagitan ng ilang makabagong paraan at kakaibang mga ideya. Maaari kang maguluhan kung susundin mo ba ang iyong puso o pag-iisip.
</ACE-OF-CUPS-ONE>
<TWO-OF-CUPS-ONE>
Ito ang panahon kung kailan ikaw ay madalas naghahanap ng suporta sa mga kakilala at pagsang-ayon na magtitiyak ng iyong mga desisyon. Ayaw mong matali sa mga limitasyon at gugustuhing umalis sa mga nakasanayang lugar. Gagawa ka ng mga mapangahas na hakbang na kung saan ikaw ay maaaring mapuna sa umpisa ngunit sa huli ay hahangaan.
</TWO-OF-CUPS-ONE>
<THREE-OF-CUPS-ONE>
Ang kard na ito ay nagsasabi na ikaw ay naghahangad ng disiplina sa sarili upang gumanda ang iyong buhay at mas maging huwaran kumpara sa dati. Maaari kang mapasali sa trabahong nangangailangan ng masusing pag-aaral at pagsusuri. Maaari ka lalong ma-istres at subukang magpahinga para sa iyong mga kaibigan at pamilya o sumubok ng ibang aktibidad.
</THREE-OF-CUPS-ONE>
<FOUR-OF-CUPS-ONE>
Ikaw ay maaaring may mga ilang problema sa ilang dokumento at makakaramdam ka ng sobrang pagod. Ngunit kasabay nito ay ang paglawak ng iyong negosyo na magpapalaki ng iyong kita. Ikaw ay uunlad may kinalaman sa iyong trabaho at karera dahil sa mga bagong oportunidad na kakatok sa iyong pintuan.

</FOUR-OF-CUPS-ONE>
<FIVE-OF-CUPS-ONE>
Ang iyong pangaraw-araw na gawain ay maaaring mong pagbayaran at ikaw ay hahantong sa pagkahapo at istres. Ang mga bagay ay maaaring magmukhang nakakainip at ikaw ay sabik na maghihintay para sa mas nakakapukaw at nakakapanghamong mga pangyayari. Maaari ring mapaharap ka sa ilang mga kabiguan na maaaring magdala sa iyo sa matinding pagkadismaya. Mas makakabuti na magpahinga muna sa ngayun.
</FIVE-OF-CUPS-ONE>
<SIX-OF-CUPS-ONE>
Ikaw ay napapagod na sa iyong makamundong pang araw-araw na gawain at desperadong naghahangad ng pahinga o anu mang bagay na mas pagkakainteresahan. Iyo ring masusumpungan ang pagnanais na makisalamuha sa iba ngayon higit kailaman. Ang iyong kaibigan o kasamahan ay maaaring magtanong sa iyo tungkol sa trabaho at mas gugustuhin mong tumulong para lamang maiba ang nakasanayan nang gawain.
</SIX-OF-CUPS-ONE>
<SEVEN-OF-CUPS-ONE>
Pakiramdam mo ay mas espirituwal ka kumpara sa karaniwan at mas susundin mo ang iyong mga kutob  kumpara sa praktikal na diskarte. Ang hindi kasiya-siyang makamundong kapaligiran sa trabaho ay maaaring magparamdam sa iyo ng sama ng loob at pagkabigo at mararamdaman mo ang pangangailangan na muli mong hanapin ang iyong sarili. Susubukan mong tignan ang kagandahan nang iyong ginagawa na sinusubukang iwasan ang mga negatibong aspeto.
</SEVEN-OF-CUPS-ONE>
<EIGHT-OF-CUPS-ONE>
Ang iyong pokus ngayun ay pagbabalik-tanaw ng mga ginawa mo sa nakaraan at pagsusuri sa iyong sarili at sa iyong kapaligiran. Ikaw rin ay magkakaroon ng matinding pagnanais na magpursige at iwan ang mga alalahanin sa nakaraan. Maaari kang magtamo ng tagumpay at ng ilang mga mahahalagang tagumpay sa ngayon ngunit pagkatapos lamang pagdaanan ang mga ilang balakid.
</EIGHT-OF-CUPS-ONE>
<NINE-OF-CUPS-ONE>
Ang barahang ito ay nagpapahiwatig na ikaw ay maaaring may ilang mga problema habang sinusubukang tapusin ang isang kasunduan. Ikaw ay naghahangad ng katatagan sa iyong negosyo at propesyunal na buhay at ito ay darating sa madaling panahon. Ngunit wala kang dapat alalahanin sapagkat ikaw ay magkakaroon ng sapat na kita.

</NINE-OF-CUPS-ONE>
<TEN-OF-CUPS-ONE>
Gusto mong pasiglahin at pagaangin ang iyong sarili at ang gantong kalooban ang maglalayo sa iyo sa trabaho at sa pang-araw-araw na gawain. Makakakita ka ng mga kakaibang bagay na mangyayari sa paligid mo at ito ay magbibigay sayo ng katuwaan. Ganun pa man ikaw ay mauugnay sa trabaho sa pamamagitan ng mahahalagang mga koneksyon sapagkat hindi mo makakayang balewalain ang trabaho sa ngayun.
</TEN-OF-CUPS-ONE>
<PAGE-OF-CUPS-ONE>
Ang barahang ito ay nagpapahiwatig na lubhang abala ka sa iyong trabaho sa ngayon at ito ay nangangailangan ng masusing mga pagtatalakay, mga teorya, at mga pagpupulong. Gusto mong magkaroon ng malinaw na daan at trabaho patungo sa pagiging organisado. Magkakaroon ng ilang mga importanteng bagay sa iyong isipan na pipigil sa iyong buong atensyon sa iyong trabaho.
</PAGE-OF-CUPS-ONE>
<KNIGHT-OF-CUPS-ONE>
Ang iyong kapaligiran sa trabaho ay mas magiging matatag at sa wakas ay makikita mo rin ang mga bagay sa tama nitong kalalagyan. Isang bahagi ng magandang balita ang maaaring dumating. Kailangan mong gumawa ng ilang mahahalagang mga desisyon na labis na makakaapekto sa iyong buhay at mangangailangan ng lubos na atensyon. Ngunit ang lahat ng patungkol sa iyong trabaho ay magiging maayos at ikaw ay makakatakbo nang madali.

</KNIGHT-OF-CUPS-ONE>
<QUEEN-OF-CUPS-ONE>
Ang barahang ito ay nagpapakita na mayroon kang gustong madiskubre dahil sa mga nalalaman mo sa ilang mga libro at iba pang mga mapgkukuhanan. Ikaw ay mangangailangan ng isang tao na kayang gumawa ng mahuhusay na pamamaraan para masagot ang ilang mga problema sa trabaho at ito rin ay magdadala ng ilang magagandang balita mula sa ibang mga lugar para sa iyong kompanya.

</QUEEN-OF-CUPS-ONE>
<KING-OF-CUPS-ONE>
Makikita mo ang iyong sarili na mapapasama sa ilang mga gawain na may kaugnay sa trabaho at sa pagkakataong ito ay medyo mahalaga para sa iyong kumpanya. Maaaring ito ay nangangahulugan din na kailangan mong makipaghiwalay mula sa iyong kapareha at maaaring kailangang magtrabaho nang mag-isa. Huwag kang susuko sapagkat sa huli ikaw ay makakasumpong ng isang gawi o isang daan na maghahatid sa iyo patungo sa tagumpay.
</KING-OF-CUPS-ONE>
<ACE-OF-PENTACLES-ONE>
Ang barahang ito ay nagpapahiwatig na ito ay isang yugto ng pangangapital ng oras at pera at bagong pakikipagsapalaran at pakikisosyo na darating. Ang mga balakid na kinakaharap mo noon na humaharang sa iyong pagsulong ay mawawala na. Ang mga bagay na hindi gumagana noong una ay malapit nang magsimulang maganap at magkakaroon ka ng maraming pera.
</ACE-OF-PENTACLES-ONE>
<TWO-OF-PENTACLES-ONE>
Hindi ito magandang panahon para sa iyong negosyo dahil makikita mo na masasayang lang ang lahat ng iyong pagsisikap at maaari kang makaranas ng pagkalugi o mga nakapanghihina ng loob na mga salita. Tila hindi umaayon ang mga bagay sa umpisa ngunit kalaunan, maaayos mo din ang mga problemang ito. Huwag mo lamang pilitin nang husto ang mga bagay at mag-isip nang may karunungan.

</TWO-OF-PENTACLES-ONE>
<THREE-OF-PENTACLES-ONE>
Ang barahang ito ay nagpapakita na mas magiging abala ka sa mga bagay may kinalaman sa trabaho. Ang iyong iskedyul ay mapupuno ng mga miting, pakikipagsosyo, kasunduan, mga sulat at ilang mga bagay may kinalaman sa trabaho. Makakahanap ka ng tamang kasosyo o kasama sa pagsisimula ng bagong pakikipagsapalaran. Gagawin nitong mabuti ang lahat ng iyong trabaho at maghahatid ng pagkakaisa.

</THREE-OF-PENTACLES-ONE>
<FOUR-OF-PENTACLES-ONE>
Naghahanap ka ngayon ng seguridad sa iyong karera at nagpa-plano ng mga bagay na kung saan hindi masasayang ang lahat ng iyong pinaghirapan. Maaari ka ring magambala ng kaunti mula sa iyong trabaho ng mga bagay na nangangailangan ng iyong atensiyon ngunit mapapanatili mo ang iyong kontrol sa pagkaalam na kailangan mong magtrabaho ng mabuti upang makamit kung ano ang nasa isip mo.
</FOUR-OF-PENTACLES-ONE>
<FIVE-OF-PENTACLES-ONE>
Ang barahang ito ay nagpapahiwatig na mayroon mga pagkakataon na mahaharap ka sa mahihirap na mga situwasyon sa trabaho na magdudulot sa iyo ng malaking istres. Maaari ka ring makaranas ng pagkalugi at maaaring madamay sa mga legal na bagay. Kailangan mong panatilihin ang kapayapaan ng iyong isipan kung nais mong makalabas mula sa ganitong situwasyon.
</FIVE-OF-PENTACLES-ONE>
<SIX-OF-PENTACLES-ONE>
Ang barahang ito ay nagpapahiwatig na ito ay magandang panahon para sa iyong karera dahil sa mga bagong oprotunidad na darating sa iyo at may mga bagong pakikipagsapalaran para sa iyong karera ay magbubukas. Maaari kang mapaharap sa ilang hindi karaniwang pangyayari at maaaring hindi ka mapakali habang sinusubukan mong suriin ang situwasyon habang sinisikap na panatilihin ang tatag ng iyong isipan sa kung ano ang nais mong gawin.
</SIX-OF-PENTACLES-ONE>
<SEVEN-OF-PENTACLES-ONE>
Ang mga bagay ay tila hindi umuusad ngayon at mayroong mga hindi inaasahang pagkahuli. Madidismaya ka ng bahagya ngunit susubukan mong humanap ng ibang solusyon. Ito ay maaaring dahil sa kakulangan ng iyong atensiyon o ng isang taong nagtatrabaho kasama mo. Kailangan mong maging maingat ng husto sa iyong trabaho.

</SEVEN-OF-PENTACLES-ONE>
<EIGHT-OF-PENTACLES-ONE>
Kung kailan sa palagay mo ay nagiging malabo at hindi umuusad ang mga bagay, may mga bagong daan na darating sa iyo na magpapasigla sa iyo. Magkakaroon ng biglaan pagbabago sa iyong saloobin at makikita mo ang kinang sa paligid mo habang sinusubukan mo ang ilang makabagong ideya na makakakuha ng pagpapahalaga. Makakatanggap ka ng tulong at suporta mula sa isa sa miyembro ng iyong pamilya.
</EIGHT-OF-PENTACLES-ONE>
<NINE-OF-PENTACLES-ONE>
Ang barahang ito ay nagpapahiwatig na ang iyong trabaho ay magiging sobrang abala ngayon. Bagong kasunduan, mga pagpupulong tungkol sa negosyo,
This card indicates that your work is going to keep you very busy now. New deals, business meetings, mga korpoprasyong pangnegosyo at iba pa ay ang magpapatakbo ng iyong mundo. Ang iyong atensiyon ngayon ay nakatuon sa kalidad ng trabaho ng iyong negosyo at kung ano pang mga kailangang pagpapabuti upang magkaroon ng konkretong pagsulong.

</NINE-OF-PENTACLES-ONE>
<TEN-OF-PENTACLES-ONE>
Ikaw ay mas konektado na ngayon sa iyong emosyon at nais na magtuon ng pansin sa iyong personal na buhay kaysa sa iyong propesyunal na buhay. Ngunit ang pagkilala sa mga bagong tao at pakikipagusap tungkol sa iba't ibang isyu may kinalaman sa negosyo ay magiging sapilitan. Maaari ka ring maglakbay para sa dahilan na ito.
</TEN-OF-PENTACLES-ONE>
<PAGE-OF-PENTACLES-ONE>
Ang barahang ito ay nagpapahiwatig na nais mong magkamit ng tagumpay ngayon at inaabot ang pinakamataas na antas na magbibigay ng pag-angat sa iyong katayuang sosyal. Mararamdaman mo na ikaw ay nasa gitna ng pagkalito at mahihirapan kang lumabas mula rito. Maaari ka ring makaranas ng kawalan ng kapanatagan sa iyong buhay-trabaho ngunit sa huli ay mawawala rin ang lahat ng ito.

</PAGE-OF-PENTACLES-ONE>
<KNIGHT-OF-PENTACLES-ONE>
Nakatuon ka ngayon sa paglalakbay o mga promosyon at may positibong pananay tungkol sa mga pangangapital.
Maaaring maramdaman mo na mabagal ang iyong trabaho nitong nagdaan at hindi ka nakakakuha ng kinakailangang kita dahil sa mga legal na isyu ngunit ang patuloy na pagsisikap ay magaalisa sa iyo sa problema.

</KNIGHT-OF-PENTACLES-ONE>
<QUEEN-OF-PENTACLES-ONE>
Ikaw ngayon ay nakatanaw nang may pag-asa sa iyong negosyo na sinisikap na gumawa ng mga plano upang makakuha ng malaking tubo at susubukang ayusin ang mga pagkakamali na nagawa noon. Ang bagong pananaw tungkol sa iyong negosyo ay magpapabago ng iyong isip mula sa negatibo tungo sa positibo at makakakuha ka ng suporta sa iyong mga tauhan upang pumunta sa tamang direksiyon.
</QUEEN-OF-PENTACLES-ONE>
<KING-OF-PENTACLES-ONE>
Ang barahang ito ay nagpapahiwatig na makikipagsalamuha ka sa mga tao na may matataas na kalagayan na sinisikap na magkaroon ng ugnayan na siguradong makakabuti sa iyong karera. Ikaw ang mamamahala sa mga bagay na sinisikap na iwanan ang mga nakabinbing trabaho at magsimula ng mga bago. Ang iyong kakayahan sa pakikipagusap ay magiging laging angat at makakakuha ka ng mga bagong proyekto dahil sa kakayahang ito.
</KING-OF-PENTACLES-ONE>
<ACE-OF-SWORDS-ONE>
Ang barahang ito ay nagpapahiwatig na maaari kang humarap sa mga hindi kanais-nais na pagkahuli, pagkabalisa at tensiyon. Ngunit sa huli ay makikita mo na umaayos ang mga bagay habang dumarating ang mga bagong oportunidad kasama ng mga bagong tao sa paligid at maaaring may isang tao na magpakita ng interes na makatrabaho ka o makasama ka sa ibang paraan.
</ACE-OF-SWORDS-ONE>
<TWO-OF-SWORDS-ONE>
Pakiramdam mo ngayon ay tila nais mong gumawa ng mga mahahalagang pagpili nang mag-isa at humanap ng mga sumusuportang mga kasamahan at mga kaibigan na mag-uudyok sa iyo. Maaaring may ilang kaganapan na may isang ganap na bagong ideya ang lalabas. Ang ideya na ito ay tutulong sa iyo na umabot sa pinakamataas kung magagawa ito sa tamang panahon.
</TWO-OF-SWORDS-ONE>
<THREE-OF-SWORDS-ONE>
Ang barahang ito ay nagpapakita na maaari kang humarap sa ilang pagkadismaya dahil sa mga di kanais-nais na pagkahuli sa iyong iskedyul. Maaari kang makakita ng posibilidad ng mga bagong daan na magbubukas ng oportunidad na tila hindi karaniwan ngunit mapagkakakitaan. Susuriin mo ang mga posibilidad bago tumalon sa anomang konklusyon at ito ay pahahalagahan.
</THREE-OF-SWORDS-ONE>
<FOUR-OF-SWORDS-ONE>
Masusumpungan mo ang iyong sarili na abala sa mga papeles ngayon kaysa noon na sinisikap na ayusin ang mga dokumento at suriin kung ano ang iyong mga nagawa noon nakaraan. Maaaring mayroon ilang malalaking kaguluhan sa lugar ng iyong trabaho na maaring makapagpapagod sa iyo o gawin kang iritable. Kailangan mong panatilihing kalmado ang iyong isipan at magpatuloy.

</FOUR-OF-SWORDS-ONE>
<FIVE-OF-SWORDS-ONE>
Ang barahang ito ay nagpapahiwatig na mayroon kaunting tensiyon sa trabaho dahil sa hindi magagandang situwasyon. Ang problema na hindi agad nakita noon ay biglang lalabas at ikaw ay mababahala. Ang ilang di pagkakaunawaan sa mga kasamahan o kasosyo sa negosyo ay maaaring magbigay sa iyo ng pakiramdam na hind-mapalagay at pag-aalala.
</FIVE-OF-SWORDS-ONE>
<SIX-OF-SWORDS-ONE>
Mas nakatuon ang iyong pansin ngayon sa iyong tunguhin sa karera at ito ay nangangailangan ng ilang mabubuting tao, kasanayan upang maging maayos ang takbo nito. Maaaring magkaroon ng hindi magangdang pagtatalo o salungatan sa kasosyo sa negosyo o sa isang empleyado at maiiwan kang galit na galit. Ngunit magiging maayos din ang mga bagay sa lalong madaling panahon at maaayos ang mga di pagkakaunawaan.
</SIX-OF-SWORDS-ONE>
<SEVEN-OF-SWORDS-ONE>
Ang barahang ito ay nagpapakita na ikaw ay lubos na mabibigatan sa trabaho na sinisikap na kayanin ang maraming mga bagay ng sabay-sabay at magiging istres ka dahil dito. Pag-aralan muli ang ilang mga desisyon na nagawa at muling suriin ang mga kasunduan sa hinaharap o mga trabaho. Makakaramdam ka na tila gusto mong magbakasyon mula sa iyong trabaho at ipahinga ang iyong isip ngunit hindi ito mangyayari.
</SEVEN-OF-SWORDS-ONE>
<EIGHT-OF-SWORDS-ONE>
Ito ay talagang hindi magiging magandang panahon para sa iyo dahil matatambakan ka ng hangang leeg na mga problema mula sa kabila-kabilang panig. Maaari kang magbakasyon sa trabaho upang maiwasan ang ganitong mga situwasyon o baka kailangan mong umalis sa trabaho dahil sa hindi magandang situwasyon. Maaarin ka rin mapilitang gumawa ng isang bagay dahil sa kagipitan.
</EIGHT-OF-SWORDS-ONE>
<NINE-OF-SWORDS-ONE>
Ang espadang ito ay nagpapahiwatig na mahuhuli ng dating ang balita na iyong pinakahihintay na kung saan magdudulot sa iyo ng pagkabahala. Samantala ang mga bagong ideya at konsepto ay darating sa iyo na magbibigay ng malaking benepisyo at dadalhin ka tuktok ng tagumpay. Ang ilang mga papeles ay kukuha ng iyong atensiyon at magkakaroon ka ng mabilis na kita sa proseso.
</NINE-OF-SWORDS-ONE>
<TEN-OF-SWORDS-ONE>
Ang iyong atensiyon ngayon ay nakatuon sa nakakatamad na trabaho na kumukuha ng malaking oras kaysa inaasahan at nais mo itong matapos sa lalong madaling panahon. Maaari kang humarap sa isang hindi magandang situwasyon na maaaring mangyari dahil sa maraming balakid sa daan at magbibigay sa iyo ng labis na pagkadismasya. Ito ay maaari ring magtulak sa iyo na sumuko o mapunta sa mababang posisyon. Kailangan mo talagang harapin ang mga situwasyon nang may pagtitiis.
</TEN-OF-SWORDS-ONE>
<PAGE-OF-SWORDS-ONE>
Ang barahang ito ay nagpapakita na mayroon kang mga sumisibol na bagong mga ideya na iniisip ang tungkol sa pagunlad ng iyong negosyo o karera. Maaaring mayroon kang mga emosyonal na mga problema sa iyong negosyo o kasosyo o kasamahan sa trabaho. May magtataboy sa iyo sa ibang direksiyon habang sinisikap na umiwas sa anomang hindi magandang situwasyon para sa iyong sarili at ang paraan na ito ay tila ang pinakamabuti sa panahon na ito.
</PAGE-OF-SWORDS-ONE>
<KNIGHT-OF-SWORDS-ONE>
Ang barahang ito ay nagpapakita na ito ay panahon upang maging handa sa mga pagpupulong at iba't ibang gawaing pang-negosyo. Nagiging ambisyoso ka ngayon at nais na kontrolin ang mga bagay tungo sa mataas na posisyon. Ito ang isa sa pinakamagandang yugto ng iyong karera at malamang na may isang taong tutulong sa iyo na pamahalaan ang iyong trabaho nang mas mabuti na magbubukas ng mga pinto ng mga bagong oportunidad na tunay na kapaki-pakinabang.
</KNIGHT-OF-SWORDS-ONE>
<QUEEN-OF-SWORDS-ONE>
Ikaw ngayon ay nasa yigto kung saan nais mong suriin ang mga bagay na iyong ginagawa at magsimulang bumuo ng mga istratehiya nang may mas matinding pag-iisip. Maaari kang mabahala na ang ilang aspeto ng iyong negosyo ay hindi kumikilos at maaaring gumawa ka ng mga desisyon na alisin ang mga bagay na hindi gumagana. Ang ilang magkatulad na mga ideya ay maaaring lumabas habang naghahanap ka ng solusyon sa mga problema.
</QUEEN-OF-SWORDS-ONE>
<KING-OF-SWORDS-ONE>
Ang barahang ito ay nagpapakita na ikaw ay patuloy na nag-aalala tungkol sa iyong negosyo o karera at marahil ito ay dahil nagdududa ka sa iyong kakayahan. Susubukan mong gawan ito ng paraan upang mapanatili mo ang positibong saloobin tungo sa pagkakamit ng mas mabubuting bagay sa hinaharap. Ang ilang mga pinansiyal na bagay o legal na kasunduan ay mangangailangan ng iyong atensiyon.
</KING-OF-SWORDS-ONE>
<ACE-OF-WANDS-ONE>
Ang barahang ito ay nagpapahiwatig ng pagsisimula ng isang bagay na konkreto. Lumalaki ang iyong oportunidad sa iyong negosyo o karera at may mga bagong pintuan pa na nagbubukas para sa iyo. Baka kailanganin mo ding maglakbay para sa trabaho at malamang na ang iyong mga pagsisikap ay magbubunga ng magagandang resulta.
</ACE-OF-WANDS-ONE>
<TWO-OF-WANDS-ONE>
Ito ang panahon kung saan mas magtutuon ka ng pansin sa iyong trabaho o karera na sinisikap na gawing mas mabuti ang mga bagay para sa iyong sarili na sinasadyang pagbutihin ito. Ito ay magdudulot sa iyo ng pakiramdam ng higit na kahusayan at mararamdaman mo ang iyong sarili na malapit na sa tagumpay. Magkakaroon din ng mga positibong pagbabago sa iyo at mas magbibigay ka ng pansin sa kalidad ng iyong trabaho.
</TWO-OF-WANDS-ONE>
<THREE-OF-WANDS-ONE>
Ang barahang ito ay nagpapakita na ito ay panahon upang surrin at mag-pokus sa lahat ng trabaho na iyong ginagawa, ang pakikipagsosyo na mayroon ka at ang mga pakikipagsapalaran sa negosyo na binabalak mo. Ang pamilya, kaibigan o mga kasamahan ay gagabay sa iyo para umunlad at lumago nang matatag ang iyong negosyo o karera.
</THREE-OF-WANDS-ONE>
<FOUR-OF-WANDS-ONE>
Ang barahang ito ay nagpapahiwatig na ito na ang panahon upang harapin ang ilang mahihirap na situwasyon. Magiging mahalaga na magtrabaho tungo sa pagpapaunlad ng iyong mga relasyon sa negosyo at pagsisikap na bumuo ng isang mahusay na komunikasyon upang maging mas maayos ang mga bagay. Ang iyong isip ay maaaring may mga pag-aalinlangan habang kinakaharap mo ang mga paparating na problema at malamang na pagdudahan mo ang iyong kasosyo na hindi tapat sa iyo. Kailangan mong pagaralang maging mapag-pasensiya at subukan na maging kalmado habang hinaharap ang kaguluhang ito.
</FOUR-OF-WANDS-ONE>
<FIVE-OF-WANDS-ONE>
Ang iyong mga pag-aalinlangan at pagnanais ay magpaparamdama sa iyo na hindi ka mapakali at malinaw na ipahayag ang iyong nararamdaman. Ang ilang mga hakbang ay nangangailan na magkaroon ka ng malakas na pagiisip at kahit na mahirap, ay aabangan mo ang mga hakbang na ito. Tutulungan ka nito na ayusin ang mahihirap na situwasyon at sa wakas ay magdala ng kapayapaan at kaligayahan.
</FIVE-OF-WANDS-ONE>
<SIX-OF-WANDS-ONE>
Maaari kang mapaharap sa ilang kabiguan at pangangamba dahil sa isang bagay na hindi nangyari ayon sa iyong inaasahan. Magkakaroon ka ng mahigpit na pagnanais na gumawa ng mapangahas na hakbang at gumawa ng kakaiba. Pinakamabuting maghanap ng nakakarelaks na mga gawain o sumali sa ilang trabaho na gumagamit ng matinding pag-iisip na magbibigay sa iyo ng labis na kasiglahan ngunit hindi nakakapagod.
</SIX-OF-WANDS-ONE>
<SEVEN-OF-WANDS-ONE>
Ang baraha ay nagpapahiwatig na ito ay ang panahon na magtutuon ka ng isip sa iyong pagpaplano at pagi-iskedyul sa pagsisikap na tugunan ang mga hirap sa trabaho. Matatagpuan mo ang iyong sarili na napapaligiran ng ilang nakakagambalang romantikong pagiisip habang nagtatrabaho at mahihirapan kang magtuon ng atensyon sa aspeto ng negosyo sa panahon na ito. Tatapusin mo ng maayos ang iyong mga trabaho upang magkaroon ng panahon sa mga ibang bagay.
</SEVEN-OF-WANDS-ONE>
<EIGHT-OF-WANDS-ONE>
Masusumpungan mo ang iyong sarili na nakikisalamuha sa loob ng negosyo nang mas madalas sa panahong ito. Ang panahon na ito ay tila pabor sa iyo at makikita mo na ang iyong pagsisikap ay nagbubunga na at ikaw ay nagkakamit ng mas malaki kaysa iyong inaasahan. Ito ay magdadala ng maraming mga pagdidiwang kasama ang pamilya at mga kaibigay at masisiyahan ka sa kanilang atensyon.
</EIGHT-OF-WANDS-ONE>
<NINE-OF-WANDS-ONE>
Ang barahang ito ay nagpapahiwatig na ikaw ay nasa mas mayroong kontrol sa sarili at marangal na posisyon. Magiging abala ka sa maraming trabaho at ang iyong kasipagan ay tutulong sa iyo upang makayanan ito at tutulong din sa iyo upang magkamit ng kayamanan sa pamamagitan ng negosyo. Ang iyong trabaho ay magdadala sa iyo ng malaking kayamanan at mabuting kalooban. Binabantayan ang bawat hakbang mo at magmumuka kang mas maaliwalas.
</NINE-OF-WANDS-ONE>
<TEN-OF-WANDS-ONE>
Ang barahang ito ay nagpapahiwatig na maraming pagbabago ang pumapasok sa iyong isipan. Maaring nais mong mag-eksperimento ng mga bagong bagay at may malaking pagbabago na ninanais mong dalhin. Tutulungan mo ang isang kaibigan na magtayo ng negosyo at kikita ka ng interes sa kaniyang negosyo.
</TEN-OF-WANDS-ONE>
<PAGE-OF-WANDS-ONE>
Ang barahang ito ay nagpapahiwatig na ikaw ay nasa analatikong kalagayan na sinusubukang ipakilala ang iyong sarili sa mas malalim na espirituwalidad at ipakilala ang iyong sarili sa bagong pananaw sa mga bagay sa paligid mo. Makakakuha ka ng tulong mula sa iyong mga kasamahan o sa isang kasosyo sa negosyo at susubukang magkaroon ng balanse sa iyong personal at propsyunal na buhay.
</PAGE-OF-WANDS-ONE>
<KNIGHT-OF-WANDS-ONE>
Ang mga bagay ay tila magiging mapaghanap sa mga panahon na ito at nakakapagod. Susuriin mong muli ang iyong mga proyektong pang-negosyo at pakikipagsosyo dahil maaari kang madismaya sa mga kaganapan na nangyayari sa trabaho. Darating at lilipas ang panahon ng kabiguan ngunit kailangan mong panatilihin ang pagiging kalmado upang harapin ang situwasyon.
</KNIGHT-OF-WANDS-ONE>
<QUEEN-OF-WANDS-ONE>
Mula noon pa maaaring nararamdaman mo na ang mga bagay ay hindi tumatakbo ng maayos o sa paraang inaasahan mo. Maglalabas ito ng matinding pagnanais na baguhin ang iyong pamamaraan. Ngunit ito ang panahon kung saan masusubok ang iyong tibay mo at malamang na mapagtatagumpayan mo ang situwasyon na ito.
</QUEEN-OF-WANDS-ONE>
<KING-OF-WANDS-ONE>
Ang barahang ito ay nagpapakita na ikaw ay makakaramdaman ng pagiging mas ambisyoso kaysa sa karaniwan and nakahandang makipagsapalaran. Babaguhin mo ang iyong mga plano at tunguhin at uunahin ang iyong trabaho at karera. May mabubuo kang mga bagong ideya at makikita mo na ang iyong pagiisip ng mabuti ay magbibigay sa iyo ng mas maraming negosyo habang nakikita mong tumataas ang bilang.
</KING-OF-WANDS-ONE>
<THE-MAGICIAN-ONE>
Ang barahang ito ay nagsasabi tungkol sa paniniwala mo sa iyong sarili at ng iyong matinding kakayahan. Magiging kumpiyansa ka sa iyong trabaho. Ang iyong mga kasamahan ay makikipagtulungan sa iyo ang tatanggapin ang iyong mga salita nang may kaseryusohan. Magpapakita ka ng malakas na mga katangian sa pamumuno at lulutang bilang isang maningning na pigura. Makakapagisip ka ng magagandang ideya, na kapag ipinatupad ay magbibigay sa iyo ng malaking tagumpay.
</THE-MAGICIAN-ONE>
<THE-HIGH-PRIESTESS-ONE>
Ang baraha ng Mataas-Na-Pari ay mahigpit na naghihimok na magtiwala sa iyong sarili sa maging ambisyoso. Ang iyong karera ay nangangailangan hindi lamang ng tapat na dedikasyon kundi ng may-tiwala-sa-sarili na diskarte, upang makamit ang nais na tagumpay. Maaari kang makatanggap ng mga mahahalagang mga payo tungkol sa karera mula sa isa sa iyong mga nakatataas o nakatatanda sa malapit na hinaharap. Mararamdaman mo ang pagnanais na galugarin ang iba't ibang dimensyon sa iyong larangan. Ang paglalakbay na ito ay magtuturo sa iyo ng lubos na karunungan.
</THE-HIGH-PRIESTESS-ONE>
<THE-EMPRESS-ONE>
Tila nag-aalala ka at balisa ka tungkol sa pagsulong ng iyong karera. Tila nagiisip ka nang husto tungkol sa iba't ibang aspeto ng iyong trabaho o negosyo. Maaari kang mapaharap sa mga kahirapan mula sa iyong mga kasamahan habang tinatahak mo ang daan tungo sa iyong tagumpay. Ang yugtong ito ay susubok ng iyong pasensiya at pagiging optimistiko tungkol sa buhay. Magpatuloy na mayroon tiwala sa isip at tapat na pagsisikap upang mapalapit sa iyong tagumpay.
</THE-EMPRESS-ONE>
<THE-EMPEROR-ONE>
Ang barahang ito ay nagpapahiwatig tungo sa simula ng mas masikat na mga araw na magbibigay sa iyo ng paggalang at papuri sa iyong buhay trabaho. Makakatanggap ka ng tamang gabay mula sa malalapit na tao na nag-aalala para sa iyo. Ikaw ang bahala sa lahat ng mga desisyon may kinalaman sa karera at gagawin mo ito at magpapatuloy ka ng may kumpiyansa. Kailangan mong maging mas pokus sa iyong pagsisikap kaysa sa resulta. Mag-ingat na huwag makagalit ang iyong mga kasamahan tungkol sa maliliit na mga bagay.
</THE-EMPEROR-ONE>
<THE-HIEROPHANT-ONE>
Ang Hierophant ay nagmumungkahi lawakan ang iyong pag-iisip at buksan ang iyong pang-unawa sa mga bagay. Baka ikaw ay nagpaplano na pumili ng 'subok at napatunayan' na karera, na hindi mo naman gusto talaga. Mapapaharap ka sa malalaking mga hadlang patungo sa iyong tagumpay. Harapin mo lamang ang mga ito nang may malamig at matiwasay na isip. Patuloy na magtiyaga at magiging maayos ka.
</THE-HIEROPHANT-ONE>
<THE-LOVERS-ONE>
Ang kard ka ito ay mahigpit na nagpapahiwatig ng magandang panahon ng pag-ibig at kapayapaan sa paligid. Magiging kalmado at kontento ka sa mga bagay-bagay. Pakinggan mo ang iyong puso sa paggawa ng mga desisyon tungkol sa iyong karera. Sundin ang iyong intuwisyon sa anomang gagawin mo. Huwag masilaw sa inaalok na pera. Magtrabaho nang mayroong may-gulang na diskarte at maingat na tinatrabaho ang iyong daan sa tagumpay.
</THE-LOVERS-ONE>
<THE-CHARIOT-ONE>
Ang baraha na Kalesa ay nagsasalamin ng iyong mga hakbang at kilos sa pagtupad ng iyong pangarap. Maaari kang mapaharap sa mga kahirapan upang magtagumpay sa iyong karera. Baka kailangan mong maglakbay dahil sa trabaho. Maaari kang makipagsagutan sa isa sa kasamahan mo sa trabaho na hindi naman tama. Kailangan mong manatiling pokus at mapanatili ang iyong dedikasyon sa trabaho upang malampasan ang yugtong ito. Sa huli ay makakamit mo ang tagumpay.
</THE-CHARIOT-ONE>
<STRENGTH-ONE>
Ang baraha ng Kalakasan ay naglalabas ng iyong bagong panganak na tapang at pananampalataya upang harapin ang anomang mga hamon na darating sa iyo. Kung itutuon mo ang iyong pisikal, mental at emosyonal na lakas sa tamang direksiyon sa iyong karera, makakatiyak ka sa malaking tagumpay. Makakaranas ka ng mabilis na pag-unlad sa iyong mga pakikipagsapalaran na noong una ay napaharap ka sa ilang uri ng kahirapan.
</STRENGTH-ONE>
<THE-HERMIT-ONE>
Maaring nagtatrabaho ka nang husto ngayong mga araw. Kailangan mong huminto at suriin at ayusin ang mga bagay-bagay. Ang kard na Ermitanyo ay nagbababala na umiwas sa pagmamadali o pagiging isip-bata sa paggawa ng importanteng desisyon sa iyong karera. Kailangan mong huminto sandali at humingi na payo sa mga may karanasan upang gabayan ka. At kahit na pakiramdam mo ay kulang sa pagsulong at kooperasyon ang mga nasa paligid mo, magpatuloy na ituon and sarili sa pagsusumikap na may pagtitiyaga, na hindi nag-aalinlangan sa magiging resulta.
</THE-HERMIT-ONE>
<WHEEL-OF-FORTUNE-ONE>
Ang baraha ng Gulong-Ng-Kapalaran ay tanda ng isang magandang yugto sa iyong buhay, na puno ng swerte, kasiyahan at pagkakaisa. Magagawa mong mapabuti ng husto ang lahat ng aspeto sa iyong buhay, lalo na sa karera. Maaaring promosyon ito o pagtaas ng sahod. Malamang ay tutungo ang iyong karera sa nais mong direksiyon. Ang kasiyahan sa trabaho ay pinakamataas sa darating na mga araw. Makikita mo ang guhit ng iyong karera na umaabot sa tuktok, na siyang lagi mong pinagsisikapan.
</WHEEL-OF-FORTUNE-ONE>
<JUSTICE-ONE>
Ang barahang ito nangangahulugan na kailangan na magkaroon ka ng tamang balanse sa iyong buhay. Maaring nagtatrabaho ka ng sobra sobra o masyado kang ngpapabaya sa trabaho na wala ka ng pakialam dito. Kailangan mo munang suriin ang iyong trabaho at kontrolin ang mga trabaho na kayang mong gawin. Magkaroon ng tamang balanse sa iyong personal at propesyunal na buhay. Kung sa pakiramdam mo ay nagkakamali ka, ayusin muna ito. Maging maingat sa pagpasok sa anomang pakikipagsosyo.
</JUSTICE-ONE>
<THE-HANGED-MAN-ONE>
Ang baraha ng Nakabigting-Tao ay nagsasabi tungkol sa isang malaking sakripisyo na kailangan mong gawin upang magkaroon ng mas magandang bagay. Maaaring malito ka sa landas ng iyong karera at mahirapan sa pagdedesisyon. Minsan baka gusto mo nang sumuko o maghirap ang kalooban. Subukang panatilihin ang isang mapayapa at mahinahon na pag-iisip habang dumadaan sa yugtong ito. Dahan-dahang magpatuloy kapag naunawaan mo na ang bawat isang problema.
</THE-HANGED-MAN-ONE>
<DEATH-ONE>
Ang baraha na kamatayan, tulad ng ipinahihiwatig ng pangalan nito, ay nagbibigay tanda sa katapusan ng iba't ibang bagay sa buhay, at samakatuwid ay nagdadala ng mga malalaking pagbabago na kakaharapin. Maaring maramdaman mo na gumuguho ang iyong mga pangarap, ngunit sa katotohanan ito ay ang pagtanggi mo sa mga pagbabago. Dapat na patuloy kang magtiwala sa iyong kakayahan at kasanayan, habang hinaharap at binabagayan mo ang nangyayaring pagbabago sa iyong buhay. Manatiling malakas sa emosyonal at mental na paraan.
</DEATH-ONE>
<TEMPERANCE-ONE>
Ang baraha ng Pagtitimpi ay nagsasabi tungkol sa pagkalito na kakaharapin mo sa mga pagpipilian sa iyong karera. Mahihirapan kang magdesisyon na pumili mula sa dalawa o higit pang mga pagpipilian, na sa huli ay siyang tutukoy sa guhit ng iyong karera. Maglaan ng oras na isaalang-alang ng pantay ang mga pagpipilian, na sinisiyasat ng mabuti ang bawat isa.
Maging maingat sa iyong gagawing hakbang na siyang magpapanatili ng kapayapaan at pagkakaisa sa iyong buhay.
</TEMPERANCE-ONE>
<THE-DEVIL-ONE>
Ang baraha ng Demonyo ay sumasalamin sa pagkahilig tungo sa mga negatibong kulay ng pagkatao. Maaari kang maudyukan na maging magaling, ngunit para sa mali at mabababaw na mga dahilan. Maaari kang kumiling tungo sa iyong emosyon at kasakiman at pagnanasa, habang hinahanap mo ang tagumpay. Maaari kang magpakita ng kakulangan ng tiwala-sa-sarili at pagpapatuloy, kung saan ito ay magdadala sa iyo ng mga masasamang kahihinatnan. Ang kard na ito ay nagbibigay babala tungo sa masasamang hakbang na maaari mong tahakin.
</THE-DEVIL-ONE>
<THE-TOWER-ONE>
Ang baraha na Tore ay nagbabadya tungkol sa panahon ng hindi magandang kalusugan at mga problemang parating. Maaaring may mga pagbabago na magdadala ng hindi inaasahang mga problema sa landas ng iyong karera. Maaari kang makaramdam ng kalungkutan dahil dito. Gayunpaman, ang mga pagbabagong ito ay magpapakita sa iyo ng mga bagong direksiyon na pupuntahan, ngunit kailangan mong magpakita ng pagiging optimistiko sa iyong buhay. Hindi ito magiging madali ngunit matututuhan mo ang maraming bagay na tutulong sa iyo upang magpatuloy.
</THE-TOWER-ONE>
<THE-STAR-ONE>
Ang baraha na Bituin ay nagsasabi tungkol sa iyong lumalagong pagkahilig sa espirituwal at paghahanap ng kapayapaan ng kalooban sa iyong buhay. Magagamit ang panahon na ito sa pagsusuri at pag-unawa ng iyong sarili nang mas mabuti, na siyang tutulong sa iyo sa iyong bokasyon. Magandang panahon ito upang magpalit ng trabaho o kumuha ng mga bagong responsibilidad. Posibleng maging magaling ka sa iyong propesyunal na buhay sa pagiging mas kumpiyansa sa sarili. Matututo ka ng mga bagong bagay habang sumusulong ka sa iyong buhay.
</THE-STAR-ONE>
<THE-MOON-ONE>
Ang baraha na Buwan ay nagpapahiwatig ng pagnanais na ilabas ang imahinasyon at pagbabago sa mundo sa paligid. Ito ay maaaring isang mababang yugto sa iyong pagiging produktibo sa trabaho. Maaaring masumpungan mo na mahirap ituon ang iyong atensiyon. Maaari mong maramdaman na ayaw mo na sa iyong trabaho. Sa pagtitiyaga, subukan na sumabay sa agos, umiwas na gumawa ng higit na pagsisikap na baguhin ito. Ituon ang sarili sa mga artistikong libangan upang libangin ang sarili. Magtiwala sa iyong sarili, suriin at gawin ito.
</THE-MOON-ONE>
<THE-SUN-ONE>
Ang baraha na Araw ay isang positibong kard na nagpapakita ng isang masigla, makulay at masigasig na saloobin tungkol sa iyong trabaho at buhay. May posibilidad na gumawa ka ng mga kumpiyansa at tamang pagpili, na sumasalamin sa kalagayan ng iyong pag-iisip. Ang pagiging optimismo mo at ang magiging resulta ay magpapahanga sa iba at magbibigay sa iyo ng mga oportunidad. Ang positibong yugto na ito ay nagbibigay-daan sa iyo upang maingat na hubugin ang iyong guhit ng iyong karera patungo sa iyong mga layunin.
</THE-SUN-ONE>
<JUDGEMENT-ONE>
Ang baraha ng Paghatol ay nagsisiwalat ng bungkos ng mga oportunidad na paparating. Makakasumpong ka ng mga oportunidad na paghihintayin ka. Huwag mo itong sayangin at sulitin mo ito. Ang mga pagsisikap na ibinigay mo nitong mga nakaraan ay magbubunga na sa wakas at dadalhin ang iyong karera pataas. Dahil ang paghatol ay patas, maaari kang maharap sa musika kung gagawa ka ng masama. Ito ang sandaling magtutukoy ng landas ng iyong karera.
</JUDGEMENT-ONE>
<THE-WORLD-ONE>
Ang baraha na Mundo ay naghuhudyat ng pagtatapos sa panahon ng matinding trabaho. Mararanasan mo at malalasap ang tamis ng bunga ng iyong mga taos-pusong pusong pagsisikap. Ang iyong karera ay mabilis na aangat, na magbibigay sa iyo ng kumpiyansa at pagiging positibo sa iyong mga diskarte.
Ang paghanga at pag-bibigay ng lakas ng loob na galing sa iyong malalapit na kaibigan at pamilya ay tutulong sa iyo na lumago sa emosyanal na paraan. Ito ay magiging hudyat ng simula ng bagong yugto ng tagumpay sa iyong buhay trabaho.
</THE-WORLD-ONE>
<THE-FOOL-ONE>
Ang barahang ito ay nagpapahiwatig ng mga bagong oportunidad at pagsisimula. Mararamdaman mo na lubos kang masigla tungkol sa guhit ng iyong karera at magbubuhos ng higit na kasigasigan tungo dito. Masisiyahan ka sa mga pagbabago na nangyayari sa iyong karera. Sa paglalakbay mo na ito, kung mapapaharap ka sa anomang kahirapan, malaki din ang matututuhan mo mula sa mga mahihirap na paraan ng pamumuhay. Kalimutan ang mga dating alalahanin at maghanda para sa bagong buhay na hatid ng iyong karera.

</THE-FOOL-ONE>


</ROOT>
