<?xml version="1.0" encoding="utf-8" ?>
<ROOT>
<ACE-OF-CUPS-ONE >Карта указывает на то, что в общении с близкими людьми может возникнуть напряжение или неловкость, что послужит причиной раздражения. Вы будете искать новых друзей, и общение с ними порадует вас. </ACE-OF-CUPS-ONE >
<TWO-OF-CUPS-ONE >Эта карта говорит о том, что вам предстоит скорый отъезд, например, в связи с командировкой. Определённые разногласия с близкими, существующие сейчас, разрешатся сами собой. Вы можете довериться человеку, с которым вы не так близки, он обязательно поймёт вас. </TWO-OF-CUPS-ONE >
<THREE-OF-CUPS-ONE >Важные события могут быть отложены в связи с работой или личными вопросами, и это вас немного расстроит. Вы можете почувствовать себя одиноко, но поймёте, что близкие люди всегда рядом с вами, чтобы вас поддержать. </THREE-OF-CUPS-ONE >
<FOUR-OF-CUPS-ONE >Карта предвещает очень насыщенный и напряжённый период – вам нужно запастись терпением. Это время может стать проверкой для чувств, и вскоре вы поймёте, кто действительно любит и заботится о вас. Карта советует не замыкаться в себе и поделиться своей проблемой с близкими: позвольте им помочь вам. </FOUR-OF-CUPS-ONE >
<FIVE-OF-CUPS-ONE >Предстоит не очень приятный период, так как, возможно, вам придётся оставить попытки решить проблемы, на которые вы не в состоянии повлиять. В отношениях с вашим любимым человеком наступит непростая фаза, которая может перейти в ругань и привести к нежелательному исходу. </FIVE-OF-CUPS-ONE >
<SIX-OF-CUPS-ONE >Карта говорит о том, что вы часто будете видеться с друзьями и родными. В личной жизни могут возникнуть сложности, которые могут привести к неожиданному результату, но вам хватит мудрости разобраться в ситуации. </SIX-OF-CUPS-ONE >
<SEVEN-OF-CUPS-ONE >В вашей семье могут возникнуть серьёзные разногласия. Вы попытаетесь разрешить ситуацию мирно, стараясь принимать во внимание все детали, и вам это удастся. </SEVEN-OF-CUPS-ONE >
<EIGHT-OF-CUPS-ONE >Запланированные встречи с близкими могут быть отложены из-за некой неопределённости. Карта также указывает на то, что вашим родным предстоит поход к врачу, но его результаты, однако, никого не огорчат. </EIGHT-OF-CUPS-ONE >
<NINE-OF-CUPS-ONE >Карта говорит, что, возможно, сейчас вы планируете путешествие или простую поездку, но вам придётся отложить её, так как вы предпочтёте заняться чем-то более интересным. Вы можете чувствовать себя немного усталыми из-за необходимости ухаживать за недомогающими близкими, но вскоре ваши друзья помогут вам почувствовать себя лучше. </NINE-OF-CUPS-ONE >
<TEN-OF-CUPS-ONE >Вероятно, вы столкнётесь со сложной ситуацией и начнёте думать об уходе из семьи или с работы, думая, что хуже уже некуда. Однако вы услышите свой внутренний голос и решите вновь воссоединиться с близкими. </TEN-OF-CUPS-ONE >
<PAGE-OF-CUPS-ONE >Карта указывает на то, что вы попытаетесь упростить себе жизнь, в чём вам помогут счастливые перемены. Она советует не спешить в вопросах, связанных с деньгами, арендой, собственностью: не торопите события, они могут обернуться не в вашу пользу. Вы можете случайно встретиться со старым другом или бывшим возлюбленным, что приведёт к возврату к старым отношениям. </PAGE-OF-CUPS-ONE >
<KNIGHT-OF-CUPS-ONE >Сейчас вы думаете о переезде, однако, карта советует вам не торопить события. Вы должны быть осторожны в этом вопросе, возможны несчастные случаи в доме. Ваш близкий человек может планировать отпуск, чего вы будете ждать с нетерпением. Вы постоянно будете общаться с друзьями. </KNIGHT-OF-CUPS-ONE >
<QUEEN-OF-CUPS-ONE >Ваш дом будет полон хаоса из-за детей, гостей, работы по дому. Также могут возникнуть проблемы в семье, и вам нужно будет нести ответственность за своё поведение, иначе вы окажетесь в неприятной ситуации. Весь этот хаос ещё больше сблизит вас с семьёй, и вы обретёте покой. </QUEEN-OF-CUPS-ONE >
<KING-OF-CUPS-ONE >В вашей жизни произойдёт приятная перемена, которая вернёт вам счастье. Вам неожиданно позвонит друг и это поднимет вам настроение. Члены семьи будут делиться с вами проблемами и вы будете рады помочь им, пытаясь изо всех сил утешить их. </KING-OF-CUPS-ONE >
<ACE-OF-PENTACLES-ONE >Наступил благоприятный для вас период процветания. Вы сможете приобрести что-то, что раньше не могли себе позволить. Ваши отношения с родственниками будут гладкими, всё встанет на свои места. Возможно, вы запланируете встречу с давними друзьями или же встретитесь с ними неожиданно. </ACE-OF-PENTACLES-ONE >
<TWO-OF-PENTACLES-ONE >Вам станет трудно поддерживать здоровую атмосферу в отношениях с домашними. Вы будете находиться в некой прострации, и вам будет сложно сосредоточиться на личной жизни. Возможно, отвлекать вас будет напряжённая ситуация на работе. Вы почувствуете себя лучше, знакомясь и общаясь с новыми людьми. </TWO-OF-PENTACLES-ONE >
<THREE-OF-PENTACLES-ONE >Карта указывает, что вы будете погружены в хобби или заняты какими-то другими делами, и ваш близкий человек или же тот, от кого вы этого не ждёте, преподнесёт вам подарок. Вы и члены вашей семьи можете столкнуться с бюрократическими препонами. </THREE-OF-PENTACLES-ONE >
<FOUR-OF-PENTACLES-ONE >Перед вами откроются замечательные перспективы в работе, возможна также удачная продажа чего-либо, поэтому вам потребуются совет и поддержка ваших близких. Вы запланируете встречу с друзьями, в общении с ними могут возникнуть стычки, но вы справитесь с этим. </FOUR-OF-PENTACLES-ONE >
<FIVE-OF-PENTACLES-ONE >Карта показывает, что вы можете столкнуться со стрессом, пытаясь сохранить здоровое психологическое состояние и эмоциональную стабильность. Возможно, кто-то из членов семьи обратится к вам за поддержкой. Вы будете рады пообщаться с друзьями, но у вас не будет времени встретиться с ними. </FIVE-OF-PENTACLES-ONE >
<SIX-OF-PENTACLES-ONE >Вероятно, вы почувствуете дискомфорт из-за проблем в отношениях с вашими друзьями или коллегами. Вы подвергаете себя серьёзному стрессу, работая без передышки. Карта советует вам немного отдохнуть, пока переработки не начали сказываться на вашем состоянии. Кто-то из членов вашей семьи может впасть в уныние, и ему потребуется побыть некоторое время в одиночестве или же отправиться в путешествие, чтобы развеяться. </SIX-OF-PENTACLES-ONE >
<SEVEN-OF-PENTACLES-ONE >Вы будете нервничать и беспокоиться, так как поступление денежных средств будет задерживаться, однако вам не стоит переживать, так как деньги поступят вам из другого источника. Вам придётся взять перерыв из-за некоторых проблем со здоровьем. У вас найдётся время для встречи с друзьями. </SEVEN-OF-PENTACLES-ONE >
<EIGHT-OF-PENTACLES-ONE >Вам будет трудно найти выход из сложившейся ситуации в семье. Родственники могут вести себя с вами не так, как вам бы хотелось, из-за этого возможны изменения в ваших планах. Вы постараетесь найти равновесие между личной и профессиональной жизнью, чтобы провести время с родными. </EIGHT-OF-PENTACLES-ONE >
<NINE-OF-PENTACLES-ONE >Вы будете заняты работой, которую сможете делать дома, она может быть связана с телефонным общением. Ваши друзья и родственники будут всё время с вами рядом и помогут вам в принятии важных решений. Вы будете увлечены обсуждением рабочих вопросов с коллегами и друзьями. </NINE-OF-PENTACLES-ONE >
<TEN-OF-PENTACLES-ONE >Карта указывает, что в ближайшее время вы будете рады присутствовать на общественных мероприятиях, общаться с друзьями и родственниками. Вы более остро почувствуете себя частью вашей семьи, обратитесь к родным за советом, который они вам с удовольствием дадут. В этот период вы, вероятно, познакомитесь с новыми людьми, которые станут частью вашей жизни. </TEN-OF-PENTACLES-ONE >
<PAGE-OF-PENTACLES-ONE >Вы можете почувствовать стресс из-за вашего плотного расписания и постараетесь запланировать совместные походы куда-то с вашими близкими. Возможно, вы добьётесь нужного партнёрства с кем-то, но оно не принесёт вам желаемых результатов и только расстроит вас. Но вы всё же приложите все усилия, чтобы его поддерживать. </PAGE-OF-PENTACLES-ONE >
<KNIGHT-OF-PENTACLES-ONE >Вы будете пребывать в замечательном настроении, возможно, отправитесь по магазинам или потратите деньги на какую-то крупную покупку. Вы ощутите напряжение в отношениях с кем-то из родственников, в связи с чем вы воздержитесь от общения с ними. Вам окажут поддержку ваши друзья, все противоречия в отношениях с ними разрешатся. </KNIGHT-OF-PENTACLES-ONE >
<QUEEN-OF-PENTACLES-ONE >Карта указывает на то, что вы будете строить какие-то планы, держа в голове и карьеру, и друзей, и семью. Вам предстоит плодотворный « мозговой штурм» в общении с друзьями. Вы почувствуете привязанность к своим близким и предложите им помощь в решении каких-то вопросов. </QUEEN-OF-PENTACLES-ONE >
<KING-OF-PENTACLES-ONE >Вы будете заняты работой с документами. Вы приятно проведёте время с друзьями. Возможно, вы захотите отправиться на отдых с друзьями, но его придётся отложить. </KING-OF-PENTACLES-ONE >
<ACE-OF-SWORDS-ONE >Вас ждут приятные сюрпризы. Атмосфера в семье будет напряжённой, вы почувствуете замкнутость. Постарайтесь довериться друзьям, обратиться к ним за советом и утешением. </ACE-OF-SWORDS-ONE >
<TWO-OF-SWORDS-ONE >Карта говорит о том, что вам предстоит куда-то отправиться вместе с семьёй. Вы столкнётесь с денежными трудностями, но кто-то окажет вам поддержку, если удача улыбнётся вам. Просто будьте терпеливы, и вскоре все проблемы разрешатся. </TWO-OF-SWORDS-ONE >
<THREE-OF-SWORDS-ONE >Как иногда бывает в семьях, вы столкнётесь с тем, что не можете соответствовать чьим-то ожиданиям, и это очень огорчит вас. Вы можете почувствовать дискомфорт, так как виноваты в чём-то, и постараетесь убедить себя разрешить эту сложную ситуацию, чтобы вернуть себе душевное равновесие. </THREE-OF-SWORDS-ONE >
<FOUR-OF-SWORDS-ONE >Возможно, вы столкнётесь с бюрократическими препонами, и это вам придётся совсем не по вкусу. Вы почувствуете себя беспомощным, не будучи в силах помочь близкому, попавшему в сложную ситуацию. Вероятно, это не лучшее время для встреч с друзьями, так как после них вы почувствуете себя совершенно разочарованными. </FOUR-OF-SWORDS-ONE >
<FIVE-OF-SWORDS-ONE >После долгого курса вы наконец избавитесь от необходимости визитов к врачу, вы выздоровеете. Ваши родственники почувствуют ностальгию и будут больше находиться рядом с вами. На вас может давить груз обязанностей, что приведёт к усталости. Также вы не сможете отказать себе в шоппинге, особенно вероятны покупки чего-то для дома. </FIVE-OF-SWORDS-ONE >
<SIX-OF-SWORDS-ONE >Карта говорит, что, возможно, вам придётся столкнуться с какими-то проблемами и трудностями, связанными с домом. Вы почувствуете единение со своими близкими. Постарайтесь как можно чаще проводить время с родными. Также вы попытаетесь дать совет вашим родственникам и поддержать их. </SIX-OF-SWORDS-ONE >
<SEVEN-OF-SWORDS-ONE >Возможна неожиданная удачная встреча со старым другом. К имеющимся проблемам могут добавиться мелкие неприятности, которые доставят вам дискомфорт. В семье возможны стычки и конфликт интересов, но вам всё же удастся сохранить мир. </SEVEN-OF-SWORDS-ONE >
<EIGHT-OF-SWORDS-ONE >Вы можете столкнуться с проблемами в отношениях с друзьями, вам придётся принимать жёсткие решения. В отношениях с вашей второй половинкой наступит романтический период. Вы будете рады драгоценным минутам, проведённым с семьёй. </EIGHT-OF-SWORDS-ONE >
<NINE-OF-SWORDS-ONE >Карта показывает, что вы о ком-то очень беспокоитесь. Возможно, это родственник, который столкнётся с денежными проблемами и которому вы постараетесь помочь. Это возвысит вас в глазах членов вашей семьи. Вам, возможно, придётся прекратить общение с кем-то или же занятие чем-либо, так как это ранит вас. </NINE-OF-SWORDS-ONE >
<TEN-OF-SWORDS-ONE >Вы будете самосовершенствоваться и станете более сосредоточенным. Возможно, вы почувствуете одиночество и незащищённость, и вам придётся бороться с этим ощущением. Ваш близкий человек может ранить вас, что поставит вас перед неприятным выбором. </TEN-OF-SWORDS-ONE >
<PAGE-OF-SWORDS-ONE >Вы получите неприятную новость, которая серьёзно испортит вам настроение. Вероятно, вы захотите навестить родственника, живущего далеко от вас, либо же он сам решит к вам приехать. Вы постоянно будете прикладывать усилия, чтобы сохранять и развивать ваши любовные отношения, и это оценит по достоинству ваш близкий человек. </PAGE-OF-SWORDS-ONE >
<KNIGHT-OF-SWORDS-ONE >Карта указывает, что вас ждёт шумное веселье и вы будете пребывать в отличном настроении. В семье могут возникнуть конфликты, но вы будете готовы выслушать родных, чтобы вернуть мир в семью. Возможно, для этого вам потребуется совет близкого человека. </KNIGHT-OF-SWORDS-ONE >
<QUEEN-OF-SWORDS-ONE >Карта говорит о том, что вам предстоит трудный период. Плохие новости посыплются на вас буквально со всех сторон. Вам будет тяжело справиться со всем этим, но ваши близкие сделают всё, что в их силах, чтобы вернуть вам душевное равновесие. </QUEEN-OF-SWORDS-ONE >
<KING-OF-SWORDS-ONE >Вас расстроят конфликты в семье, связанные с вашим образом жизни. Возможно, вы решите переехать. Вас будут преследовать проблемы, вам следует быть осторожным, чтобы не оказаться вдруг в центре скандала. </KING-OF-SWORDS-ONE >
<ACE-OF-WANDS-ONE >Вам предстоят трудности на работе, из-за которых вместе с родственниками вы примете решение об увольнении и начале своего бизнеса. Могут быть какие-то задержки в делах из-за бюрократических проволочек, из-за чего вам придётся отложить встречи. </ACE-OF-WANDS-ONE >
<TWO-OF-WANDS-ONE >Карта указывает, что вы разрешите противоречия в отношениях с кем-то из ваших родственников и станете общаться с ним, как раньше. Вас ждут невероятные новости, эта информация очень поможет вам в будущем. Вы захотите помочь своему другу, но поймёте, что вы ошибались в сути его намерений. </TWO-OF-WANDS-ONE >
<THREE-OF-WANDS-ONE >Старшие родственники дадут вам ценный совет, касающихся документов и финансов. Вы решите отдохнуть от всего, чем занимаетесь, и это будет довольно смелый шаг. Вы обратитесь за поддержкой к друзьям. В ваших мечтах найдётся место для ваших близких. </THREE-OF-WANDS-ONE >
<FOUR-OF-WANDS-ONE >Вам придётся столкнуться со стрессом и унынием из-за семейных конфликтов. Но в итоге вы всё же разрешите проблемы с родными, в семье вновь воцарится мир. Кто-то настроен недружелюбно по отношению к вам, он попытается одурачить вас и втянуть во что-то неприятное, поэтому карта советует вам быть начеку. </FOUR-OF-WANDS-ONE >
<FIVE-OF-WANDS-ONE >Вы почувствуете раздражение и огорчение из-за ситуаций, возникших по вине третьего лица, которые вы не можете контролировать. Кто-то может попытаться украсть ваше имущество или разрушить семью, вам нужно быть осторожнее. В отношениях с вашими родными и друзьями наступит фаза «очищения». </FIVE-OF-WANDS-ONE >
<SIX-OF-WANDS-ONE >Карта указывает, что вы соберётесь в путешествие вместе с вашими друзьями или членами вашей семьи. Возможно, вам придётся решать финансовые вопросы, с которыми столкнётся ваш родственник. </SIX-OF-WANDS-ONE >
<SEVEN-OF-WANDS-ONE >Словно жонглёр, вы будете стараться удержать во внимании и рабочие вопросы, заполнившие доверху ваше расписание, и семейные дела: вам нужно постараться найти баланс, иначе на личную жизнь времени и сил не останется. Вас ждёт приятная встреча со старым другом. </SEVEN-OF-WANDS-ONE >
<EIGHT-OF-WANDS-ONE >Карта говорит, что вы будете метаться между работой и домом, и едва ли у вас найдётся время на семью. Вас ждут приятные новости. Вам нужно быть аккуратнее в общении с друзьями, так как могут возникнуть недопонимания. </EIGHT-OF-WANDS-ONE >
<NINE-OF-WANDS-ONE >Вы постараетесь помочь родственнику решить какие-то правовые вопросы и оформить связанные с ними документы. Карта указывает, что разрешатся проблемы в отношениях со старым другом и вы продолжите общение с ним. Вы с нетерпением ждёте новостей от близкого человека, и это совершенно не даёт вам покоя. </NINE-OF-WANDS-ONE >
<TEN-OF-WANDS-ONE >Вы будете нагружены работой и постараетесь выполнить все свои обязательства. Но вам стоит подумать не только о работе, но и о личных вопросах. Возможен разлад в отношениях с другом или близким человеком, вам будет сложно восстановить мир. Такая ситуация будет дискомфортной и для вас, и для вашего друга. </TEN-OF-WANDS-ONE >
<PAGE-OF-WANDS-ONE >Вам предстоит сложный период, когда вы захотите побыть в одиночестве. Это обеспокоит ваших друзей и родных. Вы постараетесь разрешить проблемы, приняв взвешенное решение, для этого вам понадобится поддержка друзей. </PAGE-OF-WANDS-ONE >
<KNIGHT-OF-WANDS-ONE >Карта указывает, что вам нужно небольшое путешествие для внутреннего обновления. Вы задумаетесь о том, чтобы проводить больше времени с вашим любимым человеком. Что-то в общении с друзьями и родными пойдёт не так, как было запланировано, в связи с неожиданными обстоятельствами, и у вас не будет времени помочь другу, нуждающемуся в вашей поддержке и помощи. </KNIGHT-OF-WANDS-ONE >
<QUEEN-OF-WANDS-ONE >Вы сосредоточитесь на духовной стороне жизни и почувствуете необходимость в самоопределении и совершенствовании самодисциплины. Вероятны новые знакомства или восстановление и укрепление старых связей. </QUEEN-OF-WANDS-ONE >
<KING-OF-WANDS-ONE >Эта карта указывает, что вам предстоит лечение от болезни. Возможно, вы пойдёте на какие-то авантюры, в связи с чем вынуждены будете уехать. Вы наконец перестанете чувствовать себя одинокими, и всё наладится. </KING-OF-WANDS-ONE >
<THE-MAGICIAN-ONE >Сейчас вы сосредоточены на новых начинаниях. Карта советует не гнаться за тем, достичь чего очень маловероятно. Вскоре вам окажет неоценимую помощь один из ваших друзей. У вас будут какие-то общие планы с членом вашей семьи, также возможны перемены в планах с вашим любимым человеком. </THE-MAGICIAN-ONE >
<THE-HIGH-PRIESTESS-ONE >Карта указывает, что вас ждёт приятный сюрприз, который приведёт вас в восторг. Из-за стресса у вас не будет ощущения единения с семьёй, возможно, вы найдёте баланс в отношениях с друзьями. </THE-HIGH-PRIESTESS-ONE >
<THE-EMPRESS-ONE >Вам захочется отдохнуть от бесконечных домашних обсуждений и споров. Вы также будете размышлять об отъезде на некоторое время. Вы будете чувствовать вину за какой-то поступок по отношению к другу: настало время посмотреть в лицо страху и признаться наконец во всём. </THE-EMPRESS-ONE >
<THE-EMPEROR-ONE >Если вы планировали навестить друга или близкого человека, визит пройдёт удачно, однако дорога будет нелёгкой. В это время вы будете окружены друзьями, которые будут вас поддерживать и даже вдохновлять, сейчас вам это будет особенно необходимо, так как вы совсем упали духом. </THE-EMPEROR-ONE >
<THE-HIEROPHANT-ONE >Карта говорит, что вам хотелось бы, чтобы атмосфера дома была более дружелюбной. Вас ждут хорошие новости. В отношениях с друзьями предстоит трудный период, но обсуждение успокоит вас обоих, вы и сами поймёте это, а ситуация наконец разрешится. </THE-HIEROPHANT-ONE >
<THE-LOVERS-ONE >Вы поймёте, что не все окружающие являются вашими друзьями, и некоторые из них могут предать вас, если вы это не предотвратите. Вы будете в хороших отношениях с родными, возможно, вы организуете какое-то торжество. Кому-то из родственников потребуется «выпустить пар», поэтому будьте аккуратны. </THE-LOVERS-ONE >
<THE-CHARIOT-ONE >Вы встретитесь со старыми друзьями, это поможет вам отвлечься от стресса. Вы захотите помочь родственнику решить его проблемы, но он откажется слушать вас, и вы почувствуете себя виноватым и беспомощным. Вам потребуется серьёзная поддержка, чтобы подтвердить, что ваши претензии к близким небезосновательны. </THE-CHARIOT-ONE >
<STRENGTH-ONE >Карта говорит, что вы хорошо проведёте время со своими друзьями, и намекает, что между вами и вашим другом противоположного пола может проскочить «искра». В семье наступит трудный период из-за денежных проблем. Может разгореться скандал, вплоть до расставания, если ситуация выйдет из-под контроля. </STRENGTH-ONE >
<THE-HERMIT-ONE >Возможно, вас ждёт общение с родственником или другом, которого вы давно не видели. Если у вас были какие-то противоречия в отношениях с близким человеком, они разрешатся. Он даст вам совет по рабочим или финансовым вопросам, и он окажется очень полезным. </THE-HERMIT-ONE >
<WHEEL-OF-FORTUNE-ONE >Карта указывает, что кто-то из членов семьи принесёт вам страдания и разочарование, и вы не захотите с ним больше общаться. Возможны визиты к врачу, связанные с болезнью кого-то из членов семьи, которые заставят вас сильно понервничать. </WHEEL-OF-FORTUNE-ONE >
<JUSTICE-ONE >Вероятно, окажется, что один из членов вашей семьи столкнётся с проблемами, что повлияет на вас и ваши решения. Всё будет не так гладко, как вы ожидали, возникнут несколько конфликтов в семье и с друзьями, но и этот период, в конце концов, закончится. </JUSTICE-ONE >
<THE-HANGED-MAN-ONE >Ваша семья и друзья поддержат вас в вашем новом начинании, а любимый человек очень поможет вам. Возможны конфликты из-за изменений в перспективах, но они быстро разрешатся. Вам нужно будет приложить усилия к поддержанию старых отношений. </THE-HANGED-MAN-ONE >
<DEATH-ONE >Карта говорит, что для вашей семьи наступает период процветания. Возможно, вам захочется заняться работой по дому. В отношениях с друзьями вероятны перемены или неловкие моменты из-за неожиданных обстоятельств, но вскоре всё станет, как прежде. </DEATH-ONE >
<TEMPERANCE-ONE >Вы заметите, что ваши родственники станут вас очень поддерживать, они дадут вам правильный совет, касающийся личной жизни. В отношениях с вашим любимым человеком наступит эмоциональный период. Вам нужно будет оставаться спокойным, так как вы будете быстро раздражаться. </TEMPERANCE-ONE >
<THE-DEVIL-ONE >Карта говорит, что вас захлестнут эмоции и вам будет трудно добиться того, чего вы на самом деле хотите, но вы постараетесь сохранить равновесие в этой ситуации. В вашей душе может разразиться буря, вам грозит внутренний конфликт, так как вас терзает одновременно целое множество разных беспокоящих вас мыслей. </THE-DEVIL-ONE >
<THE-TOWER-ONE >Это будет не очень приятный период, так как вам предстоит столкнуться с финансовыми и личными вопросами, которые очень вас заденут. Это может привести к полному упадку сил, но ваши близкие помогут вам преодолеть эти трудности. Обстоятельства будут противоречивыми, в чём-то удача вам улыбнётся, а в чём-то вам не повезёт совершенно. </THE-TOWER-ONE >
<THE-STAR-ONE >Вы заметите, что кому-то из близких требуется помощь с документами, и придёте к нему на помощь. Возможно, кто-то сообщит вам хорошую новость, которая приведёт вас в тонус, станете собранным, это подарит вам чувство комфорта и облегчения. </THE-STAR-ONE >
<THE-MOON-ONE >Могут возникнуть ситуации, которые заставят вас чувствовать себя неуверенно, незащищенно. Может быть, вы будете довольно эмоционально судить о друге или любимом человеке, лихорадочно думая, что стоит делать, а что – нет. Вашим надеждам на возобновление отношений с другом или родственником не суждено сбыться. </THE-MOON-ONE >
<THE-SUN-ONE >Сейчас вы пытаетесь всё упорядочить, так как хотите, чтобы в вашей жизни во всём был соблюдён баланс. В разговоре с близкими вы поймёте, что они не поддерживают вас. Вас посетят мысли о том, чтобы совместить работу и удовольствие, возможно, вы захотите подружиться с коллегами, но эта идея окажется на поверку не такой уж хорошей. </THE-SUN-ONE >
<JUDGEMENT-ONE >Карта указывает, что вам предстоит принять очень важные решения, касающиеся старого друга или любимого человека. Кто-то из друзей или родственников сообщит вам хорошую новость. Укрепятся отношения с семьёй и друзьями. </JUDGEMENT-ONE >
<THE-WORLD-ONE >Вы в напряжении, и, возможно, это последняя секунда перед тем, как вы взорвётесь от стресса. Пора поехать на отдых. Вы обратитесь за поддержкой к друзьям, некоторые из них с радостью помогут вам и утешат вас. </THE-WORLD-ONE >
<THE-FOOL-ONE >Вы будете готовы помочь одному из ваших родственников, но он может упустить эту возможность из-за собственного безрассудства и опрометчивости. Близкий человек поможет вам осознать, что из-за вашей доверчивости кто-то может воспользоваться вами, что в будущем приведёт к печальным последствиям. </THE-FOOL-ONE >
    </ROOT>
