<ROOT>
<ACE-OF-CUPS-ONE >Dette kort indikerer at du vil tage nogle dristige trin for at komme ind i et nyt eventyr uden at blive spændt eller bekymret over de involverede risici, og i sidste ende vil dette projekt hjælpe dig med at passe dine behov. Det er et godt tidspunkt at tage risici, da du får økonomiske fordele. </ACE-OF-CUPS-ONE >
<TWO-OF-CUPS-ONE >Eventuelle finansielle uenigheder eller finansielle aftaler vil blive afklaret og ordnet og dette vil gøre dig lettet. Din fortjeneste i erhvervslivet kan stige, eller du kan snart få en lønforhøjelse. </TWO-OF-CUPS-ONE >
<THREE-OF-CUPS-ONE >Dette kort indikerer, at du nu vil have en stabil indtægtskilde og du vil have en rimelig andel af indtægter og udgifter. Der vil være god tilstrømning af penge, gennem forskellige små kilder og du vil føle dig tilfreds. </THREE-OF-CUPS-ONE >
<FOUR-OF-CUPS-ONE >Dette kort viser, at hvis der er økonomiske uregelmæssigheder eller enhver anden situation vedrørende økonomi, så vil du være i stand til at håndtere det taktfuldt. Du vil være meget hurtig og i stand til at få jobbet gjort, især med at indsamle penge eller i bilæggelse af eventuelle juridiske spørgsmål i forbindelse med penge. </FOUR-OF-CUPS-ONE >
<FIVE-OF-CUPS-ONE >Dette kort indikerer, at du nu skal være opmærksom på din økonomi, og din monetære status ser ud til at være lidt ustabil nu. Du bliver nødt til at gøre noget drastisk ved dine udgifter og kun en praktisk og sikker tilgang, vil hjælpe dig med at komme igennem denne situation. </FIVE-OF-CUPS-ONE >
<SIX-OF-CUPS-ONE >Dette kort tyder på, at du ikke skal bekymre dig om din økonomi nu. Dine udgifter og indtægter vil være i balance og pengene vil strømme ind fra forskellige retninger. Du vil føle dig tilfreds med din indtjening og du kan muligvis få en pludselig jackpot, som vil gøre dig glad. </SIX-OF-CUPS-ONE >
<SEVEN-OF-CUPS-ONE >Dette kort indikerer, at der vil være en lille krise i forhold til dine udgifter, men du vil løse problemet. Der vil ikke være meget at bekymre sig om, da tingene vil blive ordnet hurtigt og der er også en mulighed for, at du vil få nogle små gevinster fra forskellige kilder. </SEVEN-OF-CUPS-ONE >
<EIGHT-OF-CUPS-ONE >Dette kort viser, at du bliver nødt til at se på dine udgifter, da du vil komme ud for en situation, hvor dine udgifter blot fortsætter med at stige, selvom du forsøger at stoppe dem. Du vil føle, at din indtjening ikke er nok til at klare dine udgifter og det kan også gøre dig lidt skuffet og utilfreds. </EIGHT-OF-CUPS-ONE >
<NINE-OF-CUPS-ONE >Dette kort angiver, at du vil opleve utilfredshed med hensyn til pengemæssige gevinster. Du vil få nogle penge fra en af ​​dine skyldnere, om et stykke tid, men der kan være nogle argumenter på grund af spildte forhold over penge. Men du vil klare situationen godt, og tingene bliver løst. </NINE-OF-CUPS-ONE >
<TEN-OF-CUPS-ONE >Dette kort viser, at du vil slå dig løs og bruge lidt mere end normalt og du vil forkæle dig selv. Du kan også ende med at købe gaver til dine kære og udgifterne vil ikke genere dig, da din indtjening vil blive forbedret og give dig mulighed for at forkæle din familie og venner lidt. </TEN-OF-CUPS-ONE >
<PAGE-OF-CUPS-ONE >Du ser frem til en forfremmelse eller en form for evaluering, og det vil sandsynligvis ske snart. Der vil også være flere muligheder der vil banke på din dør snart, så der vil ikke være meget grund til bekymring. </PAGE-OF-CUPS-ONE >
<KNIGHT-OF-CUPS-ONE >Dette kort viser, at du har held når det kommer til din økonomiske situation. Du vil få behagelige overraskelser monetært, som en lønstigning, øget fortjeneste eller en stor sum penge, fra en uventet kilde. Hvis dine penge har været fastfrosset, så kommer de tilbage til dig. </KNIGHT-OF-CUPS-ONE >
<QUEEN-OF-CUPS-ONE >Dette kort indikerer, at du ikke vil føle dig sårbar økonomisk, på et hvilket som helst tidspunkt. Der vil være masser af mennesker, der står klar til at hjælpe dig i tilfælde af finansielle kriser. Hvis du søger vejledning til investeringer, så får du det fra de rigtige mennesker. Du vil ikke have nogle problemer med at modtage provision eller penge fra en anden kilde. </QUEEN-OF-CUPS-ONE >
<KING-OF-CUPS-ONE >Dette kort indikerer, at du vil have en indgående kilde til penge, fra dit arbejde eller et nyt eventyr. Hvis du skaber nye kontakter eller underskriver nye kontrakter, skal du være forsigtig med dokumentationen og alle vilkår og betingelser, da der kan være nogle elementer, der vil holde øje med hvad du gør. </KING-OF-CUPS-ONE >
<ACE-OF-PENTACLES-ONE >Dette kort indikerer, at du vil bede om at der kommer forskellige kilder til penge, og at de denne gang vil favorisere dig og du vil modtage nye indtægtskilder. Du vil tænke på de langsigtede finansielle mål og du vil opleve visse planer eller eventyr. </ACE-OF-PENTACLES-ONE >
<TWO-OF-PENTACLES-ONE >Dette kort viser, at du vil være i gang med økonomisk planlægning i erhvervslivet og i det personlige liv og du vil få samtykke, fra de berørte personer. Hvis der er chance for at du planlægger en ny investering, så vil der være mange omkostninger involveret. Du bliver nødt til at holde styr på dine udgifter. </TWO-OF-PENTACLES-ONE >
<THREE-OF-PENTACLES-ONE >Dette kort angiver, at du vil få penge fra uventede kilder og du vil få støtte fra din familie og kolleger. Du vil også forsøge at finde en kilde til ekstra indtægter og kan begynde et ventende projekt eller en aktivitet i denne søgen, eller måske starte et nyt. </THREE-OF-PENTACLES-ONE >
<FOUR-OF-PENTACLES-ONE >Dette kort viser, at der vil være meget aktivitet med hensyn til pengeoverførsler. Du bliver nødt til at gå igennem mange papirer, som kan indeholde nogle juridiske formaliteter, for at få nogle monetære afkast. Du vil få stabilitet i din økonomi og du vil have nok til, at tage dig af dine faste udgifter. </FOUR-OF-PENTACLES-ONE >
<FIVE-OF-PENTACLES-ONE >Dette kort indikerer at du vil bruge penge på selvforbedringer og forkælelse. Din økonomi vil være på plads, da du vil være i stand til at dække alle dine udgifter og heldet kan også være på din side, da det vil gå godt for dig, på trods af mange problemer og forhindringer. </FIVE-OF-PENTACLES-ONE >
<SIX-OF-PENTACLES-ONE >Dette kort angiver, at du vil gå en lidt hård tid i møde, da du måske har nogle problemer. Dine venner kan tage dig for givet og ikke betale det de skylder dig eller du får måske ikke din leje til tiden. Dette kan føre til forværring og nogle psykiske forstyrrelser og der er også nogle konflikter angivet. Det foreslås, at du holder hovedet koldt i situationen. </SIX-OF-PENTACLES-ONE >
<SEVEN-OF-PENTACLES-ONE >Dette kort viser, at tingene kan virke meget dystre, med hensyn til økonomien, i begyndelsen. Tingene kan virke vage og uklare. Men der vil snart være en form for økonomisk gevinst, gennem forretningsmæssige eller personlige eventyr, med hjælp og vejledning fra nogen tæt på dig og dette vil give dig et nyt håb. </SEVEN-OF-PENTACLES-ONE >
<EIGHT-OF-PENTACLES-ONE >Dette kort viser, at du vil være heldig i monetære aspekter i et stykke tid, og der vil ikke være spændinger vedrørende penge. Der vil være nogle monetære gevinster eller du vil endelig købe de ting, du ønskede. Nøglen til et godt liv er, at være tilfreds med hvad du får og dette vil passe godt på dig et stykke tid. </EIGHT-OF-PENTACLES-ONE >
<NINE-OF-PENTACLES-ONE >Dette kort indikerer, at du vil have en hel del held og lykke med dig nu, og tingene vil gå i den rigtige retning for dig, selv i monetære termer. Hvis du havde nogen form for økonomiske problemer, så får du styr på dem og der kommer også nogle gode nyheder snart. </NINE-OF-PENTACLES-ONE >
<TEN-OF-PENTACLES-ONE >Dette kort viser, at der vil være en rimelig balance mellem dine indtægter og udgifter og du bliver nødt til at få styr på forskellige husholdningsregninger, der vil være dine største omkostninger. Hvis der var noget som du har ventet på at købe eller nogle vigtige beslutninger vedrørende penge så vil det blive ordnet nu. </TEN-OF-PENTACLES-ONE >
<PAGE-OF-PENTACLES-ONE >Dette kort indikerer, at din økonomi vil være velafbalanceret nu, men der vil være tidspunkter, hvor du måske føler dig utilstrækkelig. Dette kan irritere dig og føre til stærke reaktioner. Du bliver nødt til at slappe lidt af, da dette kort tyder på, at der er gode tider på vej. </PAGE-OF-PENTACLES-ONE >
<KNIGHT-OF-PENTACLES-ONE >Dette kort tyder på, at der ikke vil være nogle problemer med din økonomiske situation. Selvom der kan være nogle parter, der ikke vil være villige til at returnere pengene, og det kan være et problem. Du er muligvis ikke selvsikker nu, men lykken vil snart tilsmile dig igen. </KNIGHT-OF-PENTACLES-ONE >
<QUEEN-OF-PENTACLES-ONE >Dette kort viser, at hvis dine penge var fastfrosset et sted eller du havde mistet dem, så vil det med stor sandsynlighed blive klaret og tingene vil gå i orden for dig. Du får dine penge tilbage og du kan også forvente nogle små pengemæssige gevinster eller stigninger i din indtjening. </QUEEN-OF-PENTACLES-ONE >
<KING-OF-PENTACLES-ONE >Dette kort indikerer, at der næppe vil være problemer forbundet med din økonomi. Der vil være flere rentable muligheder på vej, men du bliver nødt til at identificere dem med omhu. Det foreslås, at du udfører dine forretninger i dit hus eller et sted i nærheden, da det kan vise sig at være heldigt for dig. </KING-OF-PENTACLES-ONE >
<ACE-OF-SWORDS-ONE >Dette kort angiver, at spørgsmål vedrørende penge eller din økonomi, ikke viser sig at være som du forventede. Der kan være en vis ængstelse i forbindelse med udgifter, især de uventede. Din indkomst vil være stabil, men du bliver nødt til at stræbe efter at finde en balance, mellem din indkomst og dine voksende udgifter. </ACE-OF-SWORDS-ONE >
<TWO-OF-SWORDS-ONE >Dette kort viser, at din økonomi vil være på plads og der vil ikke være meget at bekymre sig om. Selv om der kan være et problem, der kan være bekymrende for et nyt eventyr eller bondage, og der vil være nogle ting du bekymre dig om og du vil være skeptisk over at træffe en sikker beslutning. </TWO-OF-SWORDS-ONE >
<THREE-OF-SWORDS-ONE >Dette kort indikerer, at dette vil være en god periode med hensyn til din økonomi, og der vil være en konstant indkomst. Du kan få indkomst fra de mest uventede kilder eller dine gamle eventyr vil begynde at generere overskud. Hvis nogle af dine skyldnere, ikke var villige til at returnere dine penge, vil tingene snart blive ordnet. </THREE-OF-SWORDS-ONE >
<FOUR-OF-SWORDS-ONE >Dette kort viser, at din indkomst vil være lidt stillestående nu. Der kan også være en situation, hvor du kan komme ind i en diskussion over penge, hos din forretningspartner eller en debitor eller der kan være lidt skuffelse, på grund af forsinkelse i betalinger. Men dette kaos vil snart få en ende, da din økonomi bliver stabil efter et stykke tid. </FOUR-OF-SWORDS-ONE >
<FIVE-OF-SWORDS-ONE >Dette kort indikerer, at du vil blive tilfreds monetært, da dine indkomster og udgifter vil være i balance, og du vil også tjene penge fra forskellige andre kilder. Men på trods af dette, vil der være en bevidsthed om økonomien. Det anbefales, at du ikke bekymrer dig for meget om din økonomi og slapper af et stykke tid. </FIVE-OF-SWORDS-ONE >
<SIX-OF-SWORDS-ONE >Dette kort viser, at du måske har svært ved at tjene penge og tage dig af dine udgifter, da det virker til at lykken har vendt, med hensyn til penge. Men tiden vil snart ændre sig og du vil snart tjene lidt penge ved rent held og uden at gøre det store arbejde. </SIX-OF-SWORDS-ONE >
<SEVEN-OF-SWORDS-ONE >Dette kort indikerer, at du vil føle dig lidt nervøs eller vred, da du måske må tage nogle uønskede beslutninger, men du behøver ikke at bekymre dig, da det er mest sandsynligt, at du hurtigt vil få orden i tingene. Der kan også være en form for pengemæssig gevinst, på vej eller også vil du vinde nogle penge snart. </SEVEN-OF-SWORDS-ONE >
<EIGHT-OF-SWORDS-ONE >Dette kort viser, at du vil føle, at din indkomst er stagnerende og du får de forventede vurderinger. Du vil forsøge at finde alternative måder at tjene lidt penge på, for at klare dine behov. Det er angivet, at du vil få succes med at gøre dette og du vil finde en vej ud af dine kompromiser. </EIGHT-OF-SWORDS-ONE >
<NINE-OF-SWORDS-ONE >Dette kort indikerer, at dette vil være en af ​​de bedste tider i dit liv, i monetære termer. Du vil tjene godt på dit normale arbejde og du kan også få en lønforhøjelse snart. Der kan komme nogle nye forretningsaftaler, som vil være meget rentable eller du kan finde nogle parallelle måder, at tjene gode penge på. </NINE-OF-SWORDS-ONE >
<TEN-OF-SWORDS-ONE >Dette kort viser, at hvis du har nogen økonomiske problemer, så vil de snart blive løst. Der er også chance for at du kan få en overraskelse, når du får en form for gevinst eller særlige fordele på arbejdspladsen, fra et gammelt eventyr eller en vurdering, der vil gøre dig rigtig glad. </TEN-OF-SWORDS-ONE >
<PAGE-OF-SWORDS-ONE >Dette kort indikerer, at der vil være noget i forbindelse med din økonomi, der konstant irriterer dig. Du vil føle dig bekymret over din økonomiske situation og du vil forsøge at bremse dine udgifter. Men dette kan virke som et konstant problem, da det ikke bliver afgjort på det første møde. </PAGE-OF-SWORDS-ONE >
<KNIGHT-OF-SWORDS-ONE >Dette kort viser, at en af ​​dine venner eller en af dine nærmeste, vil tilbyde dig en ny partnerskabsaftale eller deltage i et nyt eventyr. De vil vise sig at være til stor hjælp, da de ikke ville have for meget til gengæld og du vil være tilfreds med deres gestus. </KNIGHT-OF-SWORDS-ONE >
<QUEEN-OF-SWORDS-ONE >Dette kort angiver, at du måske bliver snydt af nogen monetærte. Der kan være en person, der måske har lånt nogle penge fra dig og som ikke vil være villig til at betale tilbage. Det kan være forsinkede leje, regninger eller materielle ting. Der er mulighed for at dette vil irritere dig og det kan ende med en diskussion eller en konfrontation. </QUEEN-OF-SWORDS-ONE >
<KING-OF-SWORDS-ONE >Dette kort tyder på, at du skal slappe af og holde op med at tænke for meget på din økonomi. Din indkomst vil være stabil, men der vil stadig være problemer i familien og omkring dig, på grund af nogle afstødende situationer, som du måske ikke kan undgå. </KING-OF-SWORDS-ONE >
<ACE-OF-WANDS-ONE >Dette kort indikerer, at du højst sandsynligt får nogle pengemæssige gevinster. Disse gevinster vil være på grund af noget relateret til dine færdigheder. Hvis du planlægger at holde en udstilling af dit arbejde eller har fået et unikt koncept i din virksomhed, så er nu det rigtige tidspunkt at udføre det. </ACE-OF-WANDS-ONE >
<TWO-OF-WANDS-ONE >Dette kort viser, at hvis du havde økonomiske problemer eller tænkte på nogle finansielle aftaler, så vil de endelig blive ordnet og afgjort og det vil få dig til at føle dig lettet. Der er chance for, at din fortjeneste i din virksomhed vil stige, eller du kan få en lønforhøjelse snart. </TWO-OF-WANDS-ONE >
<THREE-OF-WANDS-ONE >Dette kort antyder at du skal holde kontakten med dine venner og kolleger, da de vil vise sig at være til stor økonomisk hjælp nu. Din virksomhed eller arbejdet vil begynde at blomstre, hvilket giver dig mere overskud end forventet. Der vil være en forretningsaftale, der giver dig de ekstra fordele, som du ivrigt har set frem til. </THREE-OF-WANDS-ONE >
<FOUR-OF-WANDS-ONE >Dette kort indikerer, at din økonomi vil være stabil nu og du vil modtage penge fra en masse kilder. Du vil ikke have nogen problemer med at få dine økonomiske transaktioner ordnet, da dit arbejde vil gå glat nu, og det vil gå meget bedre for dig nu end det gjorde tidligere. </FOUR-OF-WANDS-ONE >
<FIVE-OF-WANDS-ONE >Dette kort viser, at du har held med penge nu. Hvis du har nogen former for økonomiske problemer relateret til ejendom eller investeringer, er det højst sandsynligt, at du vil stå med vinderhånden. Du vil håndtere din økonomi godt og dette vil hjælpe dig med at spare op, så du kan tage dig af din families forventninger. </FIVE-OF-WANDS-ONE >
<SIX-OF-WANDS-ONE >Dette kort indikerer, at der vil være visse problemer, der er gældende i forbindelse med dine penge, der er fastfrosset pga. nogen eller noget. Dette kan få dig til at føle dig meget bekymret og der kan være tidspunkter, hvor du handler snedigt uden at du indser det. Men denne vanskelige tid passerer snart, og dine økonomiske midler bliver ordnet. </SIX-OF-WANDS-ONE >
<SEVEN-OF-WANDS-ONE >Dette kort tyder på, at hvis der var vanskeligheder eller forhindringer med hensyn til dine penge, vil de snart komme i orden. Du vil høste fordelene ved dine opsparingsplaner og kloge pengepolitiske arbejde, som får dig til at føle dig tilfreds og glad og det kan også medføre lidt overbærenhed, men du fortjener det! </SEVEN-OF-WANDS-ONE >
<EIGHT-OF-WANDS-ONE >Dette kort indikerer, at tingene vil ændre sig til det bedre meget snart. Din økonomiske situation vil blomstre mere end du havde forventet, da du ville få nye rentable tilbud i din virksomhed, som også vil hjælpe dig med at opnå anerkendelse og der vil være mange møder at deltage i og profitmuligheder i den nærmeste fremtid. </EIGHT-OF-WANDS-ONE >
<NINE-OF-WANDS-ONE >Dette kort viser, at din økonomiske situation vil være næsten ligevægt nu, da du kan få noget overskud og nogle tab på kort tid. Men der er ingen grund til bekymring, da du vil tjene penge for at holde balancen og du kan tage dig af dine daglige udgifter, og du vil have succes med at finde flere indtægtskilder. </NINE-OF-WANDS-ONE >
<TEN-OF-WANDS-ONE >Dette kort indikerer, at du vil være lidt skeptisk over for dine penge handler nu, da der kan være nogle skænderier med din klient eller chef, der kan medføre problemer. Du vil gerne se ud over disse vanskelige situationer, for at få flere indtægtskilder, men det vil vise sig at være hårdere end du troede. </TEN-OF-WANDS-ONE >
<PAGE-OF-WANDS-ONE >Dette kort viser, at du vil se overskuddet strømmer ind, når visse dele af dit arbejde er problematiske, mens nogle områder fortsat vil forblive svage. Der kan også være problemer med kontakter med banker eller finansielle dokumentationer. </PAGE-OF-WANDS-ONE >
<KNIGHT-OF-WANDS-ONE >Der vil være indkomster fra nogle uventede kilder, men det vil ikke være en betydelig mængde. Opgaven med at indsamle pengene fra dine skyldnere, vil være lidt besværgeligt, og du får måske ikke det du virkelig forventede, hvilket kan forårsage nogle diskussioner og skuffelser. </KNIGHT-OF-WANDS-ONE >
<QUEEN-OF-WANDS-ONE >Du kan være i humør til at spendere mere og vil forkæle dig selv mere end du havde forventet, og din kreditkortregning kan komme som et chok. Dette kan gøre dig sur i et stykke tid og du vil tænke på alternativer til denne situation. Men din beslutning vil faktisk vise sig at være gavnlig senere i livet. </QUEEN-OF-WANDS-ONE >
<KING-OF-WANDS-ONE >Dette kort indikerer at du vil tjene penge på dit sædvanlige arbejde, men vil forsøge at få de bedste tilbud fra andre kilder. Men markedet vil blive meget krævende og hvis du har din egen virksomhed, så bliver du nødt til at kæmpe lidt, for at få nye kontakter og projekter. For personer, der er ansat, kan der være en hård konkurrence, som du måske snart vil stå over for. </KING-OF-WANDS-ONE >
<THE-MAGICIAN-ONE >Dette kort indikerer en ny begyndelse i dit liv, i form af forretninger og også monetære forhold. Du kan være sikker på, at dine monetære bestræbelser vil blive vellykkede, da tiden fremover viser velstand og succes, i form af nye forretninger og andre handler. </THE-MAGICIAN-ONE >
<THE-HIGH-PRIESTESS-ONE >Dette kort viser, at du bliver nødt til at holde tingene i skak et stykke tid. Du forventer en pakke eller en mail eller en ankomst af noget, der er relateret til din økonomi. Det kan tage lidt længere tid end forventet, men i sidste ende vil du høste fordelene, ved den lange ventetid. </THE-HIGH-PRIESTESS-ONE >
<THE-EMPRESS-ONE >Dette kort indikerer, at du bliver nødt til at blive lidt mere organiseret mht. dine økonomiske forhold og være forsigtig med, hvilke oplysninger du deler med din forretningspartner eller kollega. Men du kan godt slappe af, da et beløb du forventer at få, snart er på vej. </THE-EMPRESS-ONE >
<THE-EMPEROR-ONE >Dette kort viser, at hvis dine penge eller nogle monetære dokumenter sidder fast, bliver de hurtigt klaret. Det vil være noget at fejre, da du kan få en lønstigning eller en form for pengemæssig gevinst, der vil provokere dig til at forkæle dig selv, men du behøver ikke at føle dig skyldig. </THE-EMPEROR-ONE >
<THE-HIEROPHANT-ONE >Dette kort tyder på, at du bliver nødt til at balancere din indkomst og bruge lidt og du bliver nødt til at holde øje med dine udgifter. Du vil have nogle problemer med at få nogle penge fra dine skyldnere. Selvom du vil være bekymret, vil tingene stadig gå problemløst økonomisk. </THE-HIEROPHANT-ONE >
<THE-LOVERS-ONE >Dette kort indikerer, at der vil være en god indkomst, da du kan få tilbud, ekstra bonusser og andre fordele. Dette vil hjælpe dig med at opretholde finansiel stabilitet og du behøver ikke bekymre dig om mangler nu. Du vil også bruge en del penge på fornøjelser, da du snart får noget at fejre. </THE-LOVERS-ONE >
<THE-CHARIOT-ONE >Du vil blive stresset, da du vil få problemer med at få penge fra mennesker og andre transaktioner og det vil være svært at inddrive dem. Dette kan også føre til nogle juridiske problemer, der vil blive mere frustrerende. Men tingene vil endelig lette, da dit hårde arbejde vil give dig penge fra andre uventede steder. </THE-CHARIOT-ONE >
<STRENGTH-ONE >Dette kort indikerer, at du vil tænke mere praktisk nu, når det kommer til monetære forhold. Det er et godt tidspunkt at indhente penge fra debitorer, som skulle være betalt tidligere, men blev forsinket af forskellige grunde. Du vil organisere alle dine økonomiske dokumenter, som vil hjælpe dig enormt meget med et problem. </STRENGTH-ONE >
<THE-HERMIT-ONE >Dette kort viser, at du vil få nogle uventede indtægter eller bonusser. Dette vil gøre dig chokeret og meget glad og det kan også være en årsag til noget overbærenhed eller en fest med venner og familie. Du kan også planlægge en ferie med dine nærmeste, når dine penge kommer ind fra debitorer. </THE-HERMIT-ONE >
<WHEEL-OF-FORTUNE-ONE >Dette kort indikerer, at der vil være en grund til bekymring, da du vil observere, at din virksomhed ikke skaber nok overskud og der er nogle smuthuller, som du ikke så tidligere. Vejledning og hjælp fra en elsket, vil hjælpe dig med at komme over dine økonomiske bekymringer. </WHEEL-OF-FORTUNE-ONE >
<JUSTICE-ONE >Dette kort viser, at dette vil være en hård tid for dig økonomisk. Du vil opleve, at din virksomhed ikke går særlig godt, eller dine andre indtægtskilder på en eller anden måde går dårligt. Der kan komme nogle vanskelige tider, som du måske må stå over for, men tiden vil snart vil ændre sig til det bedre, i det mindste monetært. </JUSTICE-ONE >
<THE-HANGED-MAN-ONE >Dette kort indikerer, at du vil gå en økonomisk dårlig tid i møde. Dette kan være noget så småt som, at nogen kan have snydt dig eller rådgivet dig til deres egen fordel. Men du vil snart indse dette og træffe de nødvendige foranstaltninger, for at få det du fortjener. </THE-HANGED-MAN-ONE >
<DEATH-ONE >Dette kort viser, at der vil være spændinger med hensyn til din økonomi. Du har måske lidt et forfærdeligt finansielt tilbageslag, lige for nylig eller en person, der skulle tilbagebetale en stor sum penge til dig, er flygtet væk. Denne situation vil holde dig på vagt og på tæerne. </DEATH-ONE >
<TEMPERANCE-ONE >Dette kort indikerer, at din økonomi vil gå op og ned nu. Det vil være som en rutsjebane tur, hvor du nogle gange har penge, mens du andre gange du ikke har nogen. Dette kan blive lidt kaotisk i starten, men din virksomhed vil give dig nok overskud, til at du kan være tilfreds. </TEMPERANCE-ONE >
<THE-DEVIL-ONE >Dette kort viser, at du bliver nødt til at stå over for mange økonomiske problemer nu, med hensyn til dine penge. Dette kan ske på grund af nogle uheldige beslutninger, et sundhedsproblem i familien eller andre juridiske forhold. Dette vil fortsætte i et stykke tid, men tingene vil snart blive bedre. </THE-DEVIL-ONE >
<THE-TOWER-ONE >Dette kort indikerer, at du måske vil stå over for et økonomisk tilbageslag, på grund af nogle uventede udgifter. Din virksomhed generere ikke det nødvendige overskud og det vil være af stor bekymring. Der er også en mulighed for at du mister en af ​​dine større kunder eller det mest rentable projekt. </THE-TOWER-ONE >
<THE-STAR-ONE >Du får nye projekter og forretningsmuligheder, som vil føre til gode indkomster. Der er også en mulighed for, at du måske får en vis pengemæssig gevinst, da fremtiden med hensyn til velstand ser lys ud. Det foreslås, at du ikke overgiver dig til at fejre det, da du måske ikke er klar over, hvornår dine udgifter har taget overhånd. </THE-STAR-ONE >
<THE-MOON-ONE >Dette kort indikerer, at du vil være lidt utilfreds med den måde tingene går på, når det kommer til din økonomi. Der kan være nogen, der kan returnere dig gældsbeløbet, men som nægte at betale renterne. Du har måske været taget for givet, men du ved hvordan du skal klare dig. </THE-MOON-ONE >
<THE-SUN-ONE >Dette kort viser, at enhver stagnerende pengestrøm vil blive løst og nye muligheder vil banke på din dør. Hvis du sad fast med nogle problemer med banken eller med lån, vil det sandsynligvis blive ordnet. Nye indtægtsveje kan også åbne op, og snart kommer der gode økonomiske nyheder via mail. </THE-SUN-ONE >
<JUDGEMENT-ONE >Dette kort indikerer, at dette vil være en god periode omkring din økonomi. Hvis der var nogen monetære domme der blev vedtaget, er det meget sandsynligt, at de vil være til din fordel. Der vil være monetære gevinster, i form af udbytte og tilbagebetaling af gæld og din økonomiske situation vil snart blive bedre. </JUDGEMENT-ONE >
<THE-WORLD-ONE >Dette kort antyder, at du vil modtage penge fra de mest uventede kilder. Der kan snart komme en postanvisning eller du vil høste fordelene af dit hårde arbejde, i form af en bonus. Der kommer penge ind fra forskellige steder, i små mængder. </THE-WORLD-ONE >
<THE-FOOL-ONE >Dette kort angiver, at hvis du havde nogle penge fastfrosset et sted, vil du snart modtage dem. I denne periode vil du sammen med din familie eller nærmeste, åbne en ny virksomhed eller beslutte at foretage en enorm investering. Dette vil være en afgørende beslutning i dit liv, så det foreslås, at du vejer fordelene og ulemperne, før du tager det næste skridt.</THE-FOOL-ONE >
</ROOT>
