<?xml version="1.0" encoding="utf-8" ?>
<ROOT>
<ACE-OF-CUPS-ONE >आपके रिश्तेदारों के साथ कुछ तनाव या अटपटापन हो सकता है और उससे चिडचिडापन हो सकता है। आप किसी सेनए सम्बन्ध को बनाने की उम्मीद करेंगे जो लाभदायक होगा और आपको जो मिलेगा आप उससे संतुष्ट होंगे। </ACE-OF-CUPS-ONE >
<TWO-OF-CUPS-ONE >यह कार्ड यह सुझाता है कि आप काम के कारण या व्यक्तिगत कारणों से छुट्टियाँ मनाने जायेंगे। अपने प्रियजनों से कुछ असहमतियों के बावजूद, अंततः बातें सुलझ जायेंगी। आप किसी ऐसे पर, जो आपके इतना नजदीक न हो पर फिर भी आपको प्यारा लगे, भरोसा कर सकते हैं। </TWO-OF-CUPS-ONE >
<THREE-OF-CUPS-ONE >व्यवसायिक प्रतिबद्धताओं या व्यक्तिगत मुद्दों के कारण कुछ कार्यक्रमों में देरी हो सकती है जिससे आप परेशान हो जायेंगे। यह भावना आपको अकेलापन महसूस करायेगी लेकिन आपको एहसास होगा कि आपके प्रियजन आपको बेहतर महसूस कराने के लिए आपका साथ देंगे। </THREE-OF-CUPS-ONE >
<FOUR-OF-CUPS-ONE >यह कार्ड बताता है कि बहुत ही व्यस्त समय को धैर्य से काटना होगा। यह आपके प्रियजनों के लिए परीक्षा का समय होगा और आपको जल्दी ही एहसास होगा कि वास्तव में आपकी परवाह कौन करता है। आपको यह सुझाव दिया जाता है कि आप अलग-थलग न रहें बल्कि अपनी समस्या को बताने की कोशिश करें और अपने प्रियजनों को अपनी सहायता करने दें। </FOUR-OF-CUPS-ONE >
<FIVE-OF-CUPS-ONE >यह कोई बहुत सुखद समय नहीं होगा क्योंकि आपको कुछ ऐसी चीजें, जो आपके नियंत्रण में नहीं है, छोड़नी पड़ सकती हैं। यह आपके और आपके प्रियजन के बीच एक ख़राब दशा होगी और यह एक बहुत बड़ी बहस में बदल सकती है जो एक अवांछित नतीजे की ओर ले सकती है। </FIVE-OF-CUPS-ONE >
<SIX-OF-CUPS-ONE >यह आपको अवकाश के समय की तरह लगेगा क्योंकि दोस्तों और रिश्तेदारों के यहाँ कई बार जाना हो सकता है। आपके व्यक्तिगत जीवन में कुछ जटिलतायें भी आ सकती हैं जो विरोधी निष्कर्षों की ओर ले जायेंगी परन्तु आप इसे समझदारी से निपट लेंगे। </SIX-OF-CUPS-ONE >
<SEVEN-OF-CUPS-ONE >आपके परिवार के अंदर विचारों में कुछ विरोधाभास हो सकते हैं और यह बढ़ सकते हैं। आप स्थिति को शांतिपूर्वक सुलझाने के लिए कुछ सहायता लेने की कोशिश करेंगे। आप कई चीजों में संतुलन लाने की कोशिश में व्यवसायिक रूप से अच्छा करेंगे परन्तु ठीकठाक ही कर पाएंगे। </SEVEN-OF-CUPS-ONE >
<EIGHT-OF-CUPS-ONE >आपकी अपने प्रियजनों के साथ फिर से मिलन की योजना हो सकती है लेकिन अनिश्चितता के कारण आपको इसे टालना पड़ सकता है। अपने प्रियजनों के लिए डॉक्टर से कुछ मुलाकातों की भी संभावना है। कोई खुशखबरी मिलने वाली है। </EIGHT-OF-CUPS-ONE >
<NINE-OF-CUPS-ONE >हो सकता है थोड़े दिनों के लिए आप कहीं की यात्रा या कहीं दूर जाने की योजना बनायें लेकिन आप इसे टाल देंगे क्योंकि आपको कुछ बेहतर मिलेगा। आप कुछ बीमारियों से निपटते हुए थोड़ा खिन्न हो सकते हैं जिससे आपके प्रियजन परेशान हो जायेंगे लेकिन दोस्तों की मदद से उज्जवल पक्ष जल्दी ही सामने आयेगा। </NINE-OF-CUPS-ONE >
<TEN-OF-CUPS-ONE >आपको किसी कठिन परिस्थिति का सामना करना पड़ सकता है और आप अपने परिवार या काम को यह सोच कर छोड़ने के लिए विचार कर सकते हैं कि इससे और बुरा क्या हो सकता है। आप अब अपने भावनात्मक पक्ष से जुड़ेंगे और फिर से मिलन की योजना बनाने के लिए परिवार और दोस्तों से सम्पर्क करेंगे। </TEN-OF-CUPS-ONE >
<PAGE-OF-CUPS-ONE >यह कार्ड बताता है कि अब आप अपने लिये चीजों को सरल करने की कोशिश करेंगे और आपके जीवन में एक भाग्यशाली बदलाव इसमें आपकी सहायता करेगा। यह सलाह दी जाती है कि आप पैसों, किराये या सम्पत्ति के मामले में जल्दबाजी न करें क्योंकि ऐसा हो सकता है कि चीजें वैसी न हों जैसे कि आप उम्मीद कर रहे थे। आप अपने किसी पुराने मित्र या प्रेमी से अचानक से मिल सकते हैं और यह मिलन में परिवर्तित हो सकता है। </PAGE-OF-CUPS-ONE >
<KNIGHT-OF-CUPS-ONE >आप इस समय घर बदलने के बारे में सोच रहे हैं लेकिन आप इसके लिए बहुत अधिक प्रयत्न नहीं करेंगे। आपको सावधानी बरतनी चाहिए क्योंकि घर के आसपास कुछ छोटी-छोटी दुर्घटनायें होने का संकेत मिल रहा है। आपके प्रियजनों द्वारा छुट्टियों पर घूमने जाने की योजना बनाई जा सकती है और आपको इसकी प्रतीक्षा रहेगी। आप अपने दोस्तों के साथ निरंतर सम्पर्क में रहेंगे। </KNIGHT-OF-CUPS-ONE >
<QUEEN-OF-CUPS-ONE >बच्चों या किसी तरह के घर के काम या मेहमानों के कारण आपके घर पर उथल-पुथल रहेगी। परिवार के साथ कुछ समस्यायें हो सकती है और आपको समझदारी से चलना पड़ेगा नहीं तो आप ऐसी स्थिति में पड़ जायेंगे जिसे आप कभी नहीं चाहते थे। यह उथल-पुथल आपको दोस्तों के और नजदीक ले आयेगी और आप उनमें सांत्वना पायेंगे। </QUEEN-OF-CUPS-ONE >
<KING-OF-CUPS-ONE >आपके जीवन में एक नई परिस्थिति आने वाली है जो आपके लिए भाग्यशाली होगी और ख़ुशी वापिस ले कर आयेगी। आपको अपने किसी मित्र से अप्रत्याशित फोन आएगा और वह आपकी मनोदशा को उल्लसित कर देगा। कुछ रिश्तेदार आपके साथ समस्याओं के बारे में चर्चा करेंगे और आपको उनकी सहायता करने में ख़ुशी होगी और आप जितना संभव हो सके उन्हें उतनी सांत्वना देंगे। </KING-OF-CUPS-ONE >
<ACE-OF-PENTACLES-ONE >इस समय आपका समय खुशनुमा चल रहा है और समृद्धि आने वाली है। आप वह सब भी खरीद पायेंगे जो पहले नहीं खरीद सकते थे। आपके परिवार के साथ सम्बन्ध आनंदपूर्ण और तंदरुस्त रहेंगे और सब कुछ ठीक-ठाक हो जायेगा। आप अपने कुछ पुराने मित्रों से मिलने की योजना बना सकते हैं या अचानक से ही उनके साथ कुछ योजना बनेगी। </ACE-OF-PENTACLES-ONE >
<TWO-OF-PENTACLES-ONE >आप देखेंगे कि घर में परिस्थितियों को संतुलित करना बहुत मुश्किल होता जा रहा है। आपकी दशा विचलित हो जायेगी और आप अपने व्यक्तिगत जीवन पर ध्यान केन्द्रित करना मुश्किल पायेंगे। यह व्याकुलता काम के दबाव के कारण हो सकती है। एक बार जब आप लोगों से घुलना-मिलना और नए लोगों से मिलना शुरू कर देंगे तो आप बेहतर महसूस करेंगे। </TWO-OF-PENTACLES-ONE >
<THREE-OF-PENTACLES-ONE >यह कार्ड बताता है कि आप अपनी कुछ रुचियों या कुछ अन्य गतिविधियों में डूबे रहेंगे और कोई प्रियजन या कोई अप्रत्याशित व्यक्ति उपहारों और अन्य अवसरों के साथ आपके पहुँचेगा। कुछ कार्यालय सम्बन्धी परेशानियाँ हो सकती हैं जिनमें से आपको अपने परिवार वालों सहित गुजरना पड़ेगा। </THREE-OF-PENTACLES-ONE >
<FOUR-OF-PENTACLES-ONE >किसी व्यापार की संभावना, बिक्री या कोई और अवसर आपके दरवाजे तक जल्दी ही आयेगा। इसके लिए आपको अपने प्रियजनों के समर्थन और मार्गदर्शन की आवश्यकता पड़ेगी। आप अपने दोस्तों के साथ योजनायें बनायेंगे और कुछ अप्रिय टकराव होगा लेकिन आप इससे निपट लेंगे। </FOUR-OF-PENTACLES-ONE >
<FIVE-OF-PENTACLES-ONE >यह कार्ड दर्शाता है कि मनोवैज्ञानिक और भावनात्मक स्थिरता को संतुलित करने के लिए आपको कुछ तनावग्रस्त स्थितियों का सामना करना पड़ सकता है लेकिन कुछ पारिवारिक सदस्यों के द्वारा आपसे मार्गदर्शन माँगा जा सकता है। आप अब अपने मित्रों के लिए भावुक होंगे लेकिन उनसे सम्पर्क करने के लिए आपके पास समय नहीं होगा। </FIVE-OF-PENTACLES-ONE >
<SIX-OF-PENTACLES-ONE >कुछ मुद्दों के कारण आप अपने मित्रों या सहयोगियों के साथ शान्ति से नहीं रहेंगे। आप बिना आराम किये काम करने के कारण जरूरत से ज्यादा तनाव ले रहे हैं और इससे पहले कि यह आपको हानि पहुंचाये आपको विश्राम लेने की जरूरत है। आपके परिवार का कोई सदस्य अप्रसन्न लगेगा और अकेले समय व्यतीत करने की या तीर्थयात्रा पर जाने की इच्छा प्रकट करेगा। </SIX-OF-PENTACLES-ONE >
<SEVEN-OF-PENTACLES-ONE >आप चिंतित और बैचेन महसूस करेंगे क्योंकि आपका कुछ पैसा कहीं अड़ा हुआ लगता है लेकिन आपको किसी अन्य स्रोत से पैसा मिलेगा। स्वास्थय से सम्बन्धित कुछ मुद्दों के कारण आपको कुछ देर के लिए विश्राम लेना पड़ेगा। आपको अपने मित्रों से सम्पर्क बनाने का समय मिलेगा और आप उनके साथ कुछ समय बितायेंगे। </SEVEN-OF-PENTACLES-ONE >
<EIGHT-OF-PENTACLES-ONE >घर से सम्बन्धित समस्याओं का समाधान ढूँढने की कोशिश में आप थोड़ा उलझन में रहेंगे। ऐसा हो सकता है कि आपके परिवार वाले इस समय आपके साथ ढंग से व्यवहार न करें और आपकी योजनाओं में रुकावटें आयेंगी। आप अपने व्यक्तिगत और व्यावसायिक जीवन में संतुलन ले आयेंगे और अपने प्रियजनों के साथ समय बितायेंगे। </EIGHT-OF-PENTACLES-ONE >
<NINE-OF-PENTACLES-ONE >कोई काम जो आप घर से कर सकते हैं या केवल फोन करके कर सकते हैं आपको कुछ देर के लिए व्यस्त रखेगा। आपका परिवार और मित्र अब हर कदम पर आपके साथ देंगे और महत्वपूर्ण निर्णयों में वह आपका मार्गदर्शन करेंगे। आप काम से सम्बन्धित कार्यों की चर्चा में संलिप्त रहेंगे जो आपके दोस्तों और सहयोगियों को आपके नजदीक ले कर आयेगा। </NINE-OF-PENTACLES-ONE >
<TEN-OF-PENTACLES-ONE >यह कार्ड बताता है अब आप सामजिक समारोहों में भाग ले कर आनंद उठाएंगे और अपने मित्रों और परिवार के साथ समय व्यतीत करेंगे। आप अपने परिवार के साथ और ज्यादा जुड़े हुए महसूस करेंगे और उनसे मार्गदर्शन मांगेंगे जो वह आपको ख़ुशी-ख़ुशी प्रदान करेंगे। अब समय आ गया है कि आप कुछ नये लोगों से मिलें और यह लोग आपके जीवन का एक हिस्सा बन जायेंगे। </TEN-OF-PENTACLES-ONE >
<PAGE-OF-PENTACLES-ONE >अपने व्यस्त कार्यक्रम के कारण आप थोड़ा तनावग्रस्त हो जायेंगे और अपने प्रियजनों के साथ घूमने जाने की योजना बनायेंगे। कोई ऐसी साझेदारी हो सकती है जिसकी आप उम्मीद कर रहे होंगे लेकिन यह उस तारीके की नहीं होगी जैसी कि आप चाह रहे थे और इससे आप परेशान हो जायेंगे। लेकिन आप प्रयास करेंगे कि यह ठीक तरीके से चले। </PAGE-OF-PENTACLES-ONE >
<KNIGHT-OF-PENTACLES-ONE >आप इस समय खुशदिल मिजाज में होंगे और खरीदारी या बाहर धूमने के लिए कोई बड़ा खर्चा करेंगे। आपमें और आपके परिवार के किसी सदस्य में कोई तनाव होगा जिसके कारण आप उनके साथ ज्यादा रहने से बचेगें। अब आप अपने मित्रों से सहारा पायेंगे और यदि कोई मतभेद रहे होंगे तो वह सुलट जायेंगे। </KNIGHT-OF-PENTACLES-ONE >
<QUEEN-OF-PENTACLES-ONE >यह कार्ड बताता है कि आप अपने व्यवसाय, मित्रों और परिवार को ध्यान में रखते हुए भविष्य के लिए कुछ योजनायें बनायेंगे। अपने मित्रों के साथ बातचीत करते हुए विचारों पर स्वस्थ चिंतन होगा। आप अपने आप परिवार के नजदीक महसूस करेंगे और कुछ मुद्दों को सुलझाने के लिए सहायता देंगे। </QUEEN-OF-PENTACLES-ONE >
<KING-OF-PENTACLES-ONE >आप अब उन गतिविधियों में व्यस्त रहेंगे जिनमें बहुत सारी कागजी कार्यवाही शामिल होगी। आप अपने मित्रों के साथ समय बितायेंगे और कुछ फायदा भी उठायेंगे। आप ऐसी परित्स्थिति में होंगे जो आपको छुट्टियों पर घूमने जाने के लिए या अपने परिवार के साथ छोटी सी पिकनिक के लिए ललचाएगा लेकिन इन बातों को रोक कर रखना पड़ेगा। </KING-OF-PENTACLES-ONE >
<ACE-OF-SWORDS-ONE >आपको कुछ आकस्मिक परन्तु सुखद आश्चर्यजनक चीज मिलेगी और इससे आप आनंद उठायेंगे। घर पर परिवार के सदस्यों के दरम्यान बहुत अधिक दबाव और बैचेनी रहेगी और इसके आप अलग-थलग महसूस करेंगे। आप अपने मित्रों को अपनी बातें बताने की कोशिश करेंगे और उनसे सलाह और सांत्वना मिलने की उम्मीद करेंगे। </ACE-OF-SWORDS-ONE >
<TWO-OF-SWORDS-ONE >ऐसे संकेत हैं कि बहुत से कारणों से आप अपने प्रियजनों के साथ कहीं जायेंगे। आप कुछ पैसों से सम्बन्धित समस्याओं का सामना करेंगे और यदि भाग्य ने साथ दिया, तो कोई आपकी बहुत सहयता करेगा। बस धैर्य रखें और थोड़ी देर में सारे वाद-विवाद समाप्त हो जायेंगे। </TWO-OF-SWORDS-ONE >
<THREE-OF-SWORDS-ONE >जैसा कि हमेशा से परिवारों में होता आया है, आप बहुत अधिक आशाओं को पूरा करने के दबाव में परेशान हो सकते हैं। आप किसी अपराध बोध से थोड़ा बैचेन महसूस कर सकते हैं और अपने आपको चीजों को सुलझाने और फिर से सामान्य होने के लिए समझाने की कोशिश करेंगे। </THREE-OF-SWORDS-ONE >
<FOUR-OF-SWORDS-ONE >आपको कुछ कानूनी कागजी कार्यवाही करनी पड़ सकती है और यह एक सुखद अनुभव नहीं होगा। आप कुछ परिस्थितियों में असहाय महसूस करेंगे क्योंकि आप अपने किसी प्रियजन को कष्टमय दशा से गुजरते हुए देखेंगे। दोस्तों के साथ बिताने के लिए यह सबसे उत्तम समय नहीं है क्यों आप समग्र रूप से निराश महसूस करेंगे। </FOUR-OF-SWORDS-ONE >
<FIVE-OF-SWORDS-ONE >बहुत दिनों तक दवाई लेने के बाद, अंततः आपको डॉक्टरों के पास जाने से छुटकारा मिल जायेगा और आप ठीक हो जायेंगे। आपका परिवार खिन्न महसूस करेगा और आपका साथ देगा। आप कुछ जिम्मेदारियों के बोझ तले दब जायेंगे और इससे आप परेशान हो जायेंगे। आप कुछ खरीदारी भी करेंगे विशेषतया घर के लिये। </FIVE-OF-SWORDS-ONE >
<SIX-OF-SWORDS-ONE >यह कार्ड दिखाता है कि घर से सम्बन्धित मुद्दों से निपटते हुए आपको कुछ समस्यायें और दिक्कतों का सामना करना पड़ सकता है। आप अपने परिवार के साथ बहुत मजबूती से जुड़े हुए महसूस करेंगे और अपने परिवार और दोस्तों के साथ और अधिक रहने की कोशिश करेंगे। आप अपने कुछ प्रियजनों का मार्गदर्शन करने की कोशिश भी करेंगे। </SIX-OF-SWORDS-ONE >
<SEVEN-OF-SWORDS-ONE >किसी पुराने मित्र से अचानक ही मिलने के संकेत है और यह आपके लिये शुभ साबित होगा। कुछ छोटी-छोटी बातें हो सकती हैं जो आपकी समस्याओं को बढायेंगी और आप बैचेन महसूस करेंगे। आपका अपने परिवार के साथ कुछ वाद-विवाद हो सकता है और आपके और आपके परिवार के बीच अपने-अपने लाभ के लिए संघर्ष हो सकता है लेकिन आप फिर भी मेलभाव बनाये रखेगें। </SEVEN-OF-SWORDS-ONE >
<EIGHT-OF-SWORDS-ONE >कुछ मित्रों के बारे में कुछ समस्यायें हो सकती हैं और आपको कुछ कड़े निर्णय लेने पड़ेंगे। एक रोमांटिक दशा भी आ सकती है जिसमें आप अपने प्रेमी से जुड़ेंगे। आप अपने परिवार के साथ थोड़े उत्तम समय का आनंद उठायेंगे और इसके बारे में बहुत ही प्रसन्न होंगे। </EIGHT-OF-SWORDS-ONE >
<NINE-OF-SWORDS-ONE >यह कार्ड बताता है कि आप किसी के कारण बैचेन महसूस कर रहे हैं। कोई रिश्तेदार पैसों से सम्बन्धित मुद्दों के बारे में चर्चा करेगा और आप उसकी सहायता करने की कोशिश करेंगे। इससे आपके रिश्तेदारों के बीच आपका प्रतिष्ठा बढ़ेगी। आपको किसी से या किसी चीज से दूर भी जाना पड़ सकता है जो आपको भावनात्मक रूप से कमजोर कर देगा। </NINE-OF-SWORDS-ONE >
<TEN-OF-SWORDS-ONE >आप कुछ अच्छे प्रोग्रामों में अपना नाम लिखायेंगे जो आपको एक व्यक्ति के रूप में विकास करने में सहायता करेगा और आपकी एकाग्रता को बढायेगा। आप थोड़ा अकेला और असुरक्षित महसूस करेंगे और इस पर काबू पाने की कोशिश करेंगे। आपके किसी प्रिय ने आपके दिल को चोट पहुँचाई हो सकती है और इससे आप दुविधा में पड़ जायेंगे। </TEN-OF-SWORDS-ONE >
<PAGE-OF-SWORDS-ONE >कोई अप्रिय समाचार आने वाला हो सकता है जो आपकी मनोदशा को बहुत अधिक बिगाड़ देगा। आप किसी सुदूर जगह पर अपने रिश्तेदार से मिलने की योजना बना सकते हैं या दूर से आपका रिश्तेदार आ सकता है। आप अपने रोमांटिक जीवन को बनाने और विकास करने में निरंतर प्रयासरत रहेंगे और आपका साथी या मित्र इसकी सराहना करेगा। </PAGE-OF-SWORDS-ONE >
<KNIGHT-OF-SWORDS-ONE >यह कार्ड बताता है आप पार्टियाँ करने के दौर में रहेंगे और कई अवसरों पर खुशमिजाज रूप में दिखाई देंगे। परिवार में कुछ झगड़ा हो सकता है और आप दूसरों की बात सुनने और चीजों को सुधारने के लिए तैयार रहेंगे। इसके लिए किसी प्रियजन से मार्गदर्शन की आवश्यकता पड़ेगी। </KNIGHT-OF-SWORDS-ONE >
<QUEEN-OF-SWORDS-ONE >यह कार्ड बताता है कि यह दशा आपके लिए ख़राब रहेगी। चारों तरफ से, जिसमें आपके मित्र और परिवार वाले भी शामिल होंगे, कोई बुरी खबर आ सकती है। इससे निपटना आपके लिए मुश्किल होगा लेकिन आपके प्रियजन आपको सहज महसूस कराने की भरपूर कोशिश करेंगे। </QUEEN-OF-SWORDS-ONE >
<KING-OF-SWORDS-ONE >आपके रहने के तरीके को ले कर परिवार में कुछ झगड़ा हो सकता है और इससे आप परेशान हो जायेंगे। आप किसी होस्टल या नए अपार्टमेन्ट में जाने पर विचार कर सकते हैं। मुसीबतें आपका पीछा करेंगी और आप अचानक ही बदनाम हो सकते हैं अगर आप सावधान नहीं रहते। </KING-OF-SWORDS-ONE >
<ACE-OF-WANDS-ONE >आपके व्यवसाय में आपको कुछ समस्यायें आ सकती है और आपके परिवार के अनुसार आप नौकरी छोड़ने का निर्णय लेंगे और अपने आप ही कुछ शुरू करेंगे। कागजी कार्यवाही में कुछ देरी हो सकती है और आपको कुछ मीटिंगों या पुनर्मिलन को रद्द करना पड़ेगा। </ACE-OF-WANDS-ONE >
<TWO-OF-WANDS-ONE >यह कार्ड बताता है अपने परिवार के किसी एक सदस्य के साथ अपने मामलों को आप सुलझा लेंगे और चीजों को फिर से सामान्य करने की कोशिश करेंगे। कोई बड़ा समाचार आने वाला है और यह सूचना आपकी भविष्य में सहायता करेगी। आप अपने किसी मित्र की सहायता करना चाहेंगे लेकिन आपको पता चलेगा कि उसकी मंशा वह नहीं है जो आपने सोची थी। </TWO-OF-WANDS-ONE >
<THREE-OF-WANDS-ONE >आपके परिवार के बुजुर्ग आपको किसी कागजी कार्यवाही और वित्तीय मामलों में कुछ बहुमूल्य सलाह देंगे। आपको जो कुछ भी करना पसंद है उससे आप थोड़ा विश्राम लेंगे और यह एक साहसिक कदम होगा। आप अपने मित्रों से सहायता की आशा करेंगे और अपने प्रियजनों के लिए अपने सपनों को बड़ा करने की कोशिश करेंगे। </THREE-OF-WANDS-ONE >
<FOUR-OF-WANDS-ONE >कुछ पारिवारिक झगड़ों और बहस-बाजी के कारण आपको कुछ तनाव और निराशा का सामना करना पड़ेगा। परन्तु अंत में आप और आपके प्रियजन मुद्दों को सुलझा लेंगे और शान्ति कायम कर लेंगे। कोई ऐसा हो सकता है जो आपका भला नहीं चाहता और आपको किसी गलत चीज को ओर ले जाने की कोशिश करेगा, इसलिए यह सलाह दी जाती है कि आप सावधानी बरतें। </FOUR-OF-WANDS-ONE >
<FIVE-OF-WANDS-ONE >आप किन्ही अनियंत्रित परिस्थितियों के कारण, जो किसी बाहर वाले के कारण पैदा हुई हैं, चिडचिडे और परेशान महसूस करेंगे। कोई ऐसा हो सकता है जो आपके परिवार या सम्पति को तहस-नहस करने की कोशिश कर रहा है और आपको सावधान रहने की जरुरत है। आपके मित्र और परिवार वाले आपको आंतरिक सफाई की प्रक्रिया करने में आपकी सहायता करेंगे। </FIVE-OF-WANDS-ONE >
<SIX-OF-WANDS-ONE >यह कार्ड बताता है कि यद्यपि आप अपनी व्यक्क्तिगत कोशिशों से इतने खुश नहीं रहेंगे, आप अपने किसी मित्र या परिवार के सदस्य को पकड़ने की कोशिश करेंगे और उनके साथ एक आनंदमय यात्रा की योजना बनायेंगे। आपको किसी वित्तीय मामले से, जिसमें कोई रिश्तेदार पड़ा हुआ है, निपटना पड़ सकता है। </SIX-OF-WANDS-ONE >
<SEVEN-OF-WANDS-ONE >आपको अपने व्यस्त कार्यक्रम में से परिवार को समय देने के लिए कोई रास्ता निकालना पड़ेगा और यदि आप दोनों में संतुलन नहीं करते तो यह आपके व्यक्तिगत जीवन में दखल देगा। आप अपने किसी पुराने मित्र से सम्पर्क करेंगे और यह एक सुखद भेंट होगी। </SEVEN-OF-WANDS-ONE >
<EIGHT-OF-WANDS-ONE >यह कार्ड दिखाता है कि आपको अपने काम और घर के बीच संघर्ष करना पड़ेगा और आपको मुश्किल से ही अपने परिवार वालों के लिए समय मिलेगा। परिवार में अच्छा समाचार मिलने के कारण कोई समारोह संभव है। आपको अपने दोस्तों से सावधानी से बर्ताव करना होगा क्योंकि कोई गलतफहमी हो सकती है। </EIGHT-OF-WANDS-ONE >
<NINE-OF-WANDS-ONE >किसी कानूनी मामले और सम्बन्धित कागजी कार्यवाही में आप अपने किसी रिश्तेदार की सहायता करने की कोशिश करेंगे। किसी पुराने मित्र के साथ कुछ मुद्दे सुलझ जायेंगे और पुनर्मिलन होने का संकेत है। आप अपने किसी प्रियजन से किसी समाचार के मिलने का व्यग्रता से इंतजार कर रहे हैं और यह बेताबी आपको बैचेन कर देगी। </NINE-OF-WANDS-ONE >
<TEN-OF-WANDS-ONE >आपके कंधों पर काम का बहुत बोझ रहेगा और आप अपनी जिम्मेदारी को पूरा करने की कोशिश करेंगे। आपको न केवल दफ्तर के काम का अपितु व्यक्तिगत मामलों का भी ध्यान रखना पड़ेगा। आपके और आपके दोस्त या किसी प्रियजन के बीच कहा-सुनी हो सकती है और यह पता नहीं होगा कि चीजों को कैसे ठीक किया जाये। यह न तो आपके लिए अच्छा होगा, न आपके दोस्त के लिए ही। </TEN-OF-WANDS-ONE >
<PAGE-OF-WANDS-ONE >आप एक बुरे समय से गुजर रहे होंगे और अपने आपको कुछ समय के लिए अकेला करना चाहेंगे और इससे आपके दोस्तों और परिवार वाले चिंतित होंगे। आप अपने जीवन में चीजों को सुलटाने के लिए मूल्यांकन करके निर्णय लेंगे और ऐसा करने के लिए अपने किसी दोस्त से सहायता चाहिए होगी। </PAGE-OF-WANDS-ONE >
<KNIGHT-OF-WANDS-ONE >अपने आप को फिर से उर्जावान करने के लिए एक छोटी सी यात्रा का संकेत है और आप अपने साथी के साथ और समय गुजारने के लिए लिव-इन सम्बन्ध के बारे में विचार करेंगे। कुछ असामान्य हालातों के कारण आपके और आपके परिवार के सदस्यों और दोस्तों के बीच चीजें आशा के अनुसार नहीं होंगी और आपको अपने किसी मित्र के लिए समय निकालना पड़ेगा जो आपका सहारा और मार्गदर्शन माँगेगा। </KNIGHT-OF-WANDS-ONE >
<QUEEN-OF-WANDS-ONE >आप धार्मिक मनोदशा में होंगे और कुछ आत्म-नियंत्रण और अनुशासन लागू करना चाहेंगे। संभावना है कि आप नये समबन्ध बनायेंगे या फिर पुराने सम्बन्ध फिर से बनेंगे और मजबूत होंगे। </QUEEN-OF-WANDS-ONE >
<KING-OF-WANDS-ONE >यह कार्ड यह संकेत देता है आपको किसी बीमारी की स्थिति से निपटना पड़ सकता है। कुछ ऐसे व्यापार हो सकते हैं जिनके कारण आपको किसी दूसरी जगह पर जाना पड़ेगा। आप अंत में अकेले होने की अनुभूति से छुटकारा पा लेंगे और चीजें सुधर जायेंगी। </KING-OF-WANDS-ONE >
<THE-MAGICIAN-ONE >आपका ध्यान अब नई शुरुआतों पर केन्द्रित है और यह उपयुक्त रहेगा कि आप उन चीजों के पीछे न भागें जिन्हें पाने की बहुत कम संभावना है। आप जल्दी ही अपने किसी मित्र से एक मूल्यवान या प्रासंगिक सहायता पायेंगे। कुछ योजनायें किसी रिश्तेदार के साथ बनाई जायेंगी या अपने किसी प्रिय के साथ योजना में कुछ बदलाव की संभावना है। </THE-MAGICIAN-ONE >
<THE-HIGH-PRIESTESS-ONE >यह कार्ड यह बताता है कि भविष्य में आपके लिए एक सुखद आश्चर्य आने वाला है और आप इसे पा कर बहुत खुश होंगे। आप किसी तनाव के कारण इस समय अपने परिवार के सदस्यों के साथ जुड़ा हुआ महसूस नहीं करेंगे और अपने दोस्तों के साथ आपके सम्बन्धों में अब सुधार आ सकता है। </THE-HIGH-PRIESTESS-ONE >
<THE-EMPRESS-ONE >अपने परिवार में कुछ चर्चाओं के कारण आप थोड़ा सा विचलित महसूस करेंगे और थोड़ी मानसिक शान्ति की कामना करेंगे। आप कुछ देर के लिये कहीं और जाने पर भी विचार करेंगे। आपने अपने मित्र के साथ जो कुछ किया था उसके लिए आप में थोड़ा अपराध-बोध आयेगा और अब समय आ गया है कि आप अपने डर का सामना करें और अपने अपराध को स्वीकार करें। </THE-EMPRESS-ONE >
<THE-EMPEROR-ONE >यदि आप अपने किसी रिश्तेदार या प्रिय के घर जाने की योजना बना रहे थे, तो यह मुलाकात कामयाब रहेगी लेकिन यात्रा इतनी आरामदायक नहीं होगी। अब समय आ गया है जब आप बहुत सारे मित्रों से घिरे रहेंगे जो आपकी सहायता की व्यवस्था बनेंगे और आपको कुछ हद तक प्रेरित भी करेंगे क्योंकि इस समय आप खिन्न महसूस कर रहे हैं। </THE-EMPEROR-ONE >
<THE-HIEROPHANT-ONE >यह कार्ड यह संकेत देता है कि आप अपने घर के वातावरण को और खुशनुमा देखना चाहते हैं और भविष्य में कोई अच्छी खबर आने वाली है। आपके लिए अपने किसी मित्र के साथ बर्ताव करने में कठिन समय आयेगा लेकिन एक-दूसरे से बातचीत करके ही स्थिति शांत होगी और आप उस बात को समझ पायेंगे और अंत में स्थिति को ठीक कर लेंगे। </THE-HIEROPHANT-ONE >
<THE-LOVERS-ONE >अब आपको यह एहसास होगा कि सभी आपके दोस्त नहीं हैं और उनमें से कुछ आपके साथ धोखा करेंगे यदि आप इसके बारे में कुछ नहीं करते। अपने परिवार के साथ आपके सम्बन्ध अच्छे रहेंगे और अप एकत्रित होने की योजना बनायेंगे जो किसी छोटे से समारोह या किसी उड़ती हुई अच्छी खबर के कारण करेंगे। कुछ रिश्तेदार आपके ऊपर अपना गुस्सा भी निकालेंगे, इसलिये आपको सावधान रहने की जरूरत है। </THE-LOVERS-ONE >
<THE-CHARIOT-ONE >आप अपने पुराने दोस्तों के साथ मिलेंगे और आपके तनावग्रस्त जीवन के लिए यह एक नई तरह का बदलाव होगा। आप अपने किसी रिश्तेदार की, जिसके साथ समस्यायें होंगी, सहायता करना चाहेंगे परन्तु वह आपकी कोई बात सुनने के लिए तैयार नहीं होगा जिससे आप अपने आप दोषी समझेगें और असहाय महसूस करेंगे। आपको अपने परिवार के सम्बन्ध में दावों को मान्य करने के लिए किसी मजबूत समर्थन की आवश्यकता होगी। </THE-CHARIOT-ONE >
<STRENGTH-ONE >यह कार्ड दिखाता है कि अपने मित्रों के साथ आप आनंदमय समय बितायेंगे और किसी विपरीत लिंगी वाले मित्र के लिए कोई चिंगारी पैदा हो सकती है। वित्तीय कारणों से अपने परिवार वालों के साथ आपका समय ख़राब रहेगा। कोई बड़ी बहसबाजी हो सकती है या फिर अगर चीजें हाथ से निकल जायें तो झगड़ा भी हो सकता है। </STRENGTH-ONE >
<THE-HERMIT-ONE >यह संभावना है कि आप परिवार के किसी सदस्य या मित्र के साथ बहुत समय बाद बात करेंगे। यदि आपके किसी प्रियजन के साथ कुछ मतभेद हैं तो वह सुलझ जायेंगे। आपको अपने किसी प्रिय से काम या वित्तीय मामलों पर कुछ मार्गदर्शन मिलेगा और यह आपके लिए बहुत ही सहायक सिद्ध होगा। </THE-HERMIT-ONE >
<WHEEL-OF-FORTUNE-ONE >यह कार्ड बताता है कि आपके परिवार का कोई सदस्य आपके लिए बहुत अधिक हताशा या निराशा का कारण बनेगा और आप चाहेंगे कि उस व्यक्ति से दूर चले जायें आपके परिवार में किसी बीमारी के कारण डॉक्टर के कुछ चक्कर काटने पड़ेंगे और यह बहुत अधिक तनाव पैदा करेगा। </WHEEL-OF-FORTUNE-ONE >
<JUSTICE-ONE >यह संभावना है कि आपको पता चले कि आपके परिवार के किसी सदस्य या रिश्तेदार के साथ कोई समस्या है जो आप पर और आपके निर्णयों पर गलत असर डालेगा। चीजें आशानुसार उतनी सरल नहीं होंगी क्योंकि परिवार और दोस्तों के साथ बहुत सारी जटिलतायें होंगी लेकिन यह दशा अंततः गुजर जायेगी। </JUSTICE-ONE >
<THE-HANGED-MAN-ONE >आपका परिवार और मित्र नये व्यापार में, जो आप कर रहे हैं, आपकी सहायता करेंगे और कोई प्रियजन भी इसके लिए आपका मार्गदर्शन करेगा। केवल परिप्रेक्ष्य में बदलाव की वजह से कुछ बहसबाजी हो सकती है लेकिन मामला आसानी से सुलझ जायेगा। पुराने सबंधों को बनाये रखने के लिए आपको प्रयास करने होंगे। </THE-HANGED-MAN-ONE >
<DEATH-ONE >यह कार्ड बताता है कि यह समय आपके और आपके परिवार के लिए समृद्ध होगा और कई कारणों से आप घर का काम सीखने पर भी विचार कर सकते हैं। किन्ही असामान्य परिस्थितियों के कारण आपके और आपके मित्रों में कुछ बदलाव या तकलीफदेह क्षण आ सकते हैं लेकिन आप जल्दी ही चीजों को पहले की तरह ठीक कर लेंगे। </DEATH-ONE >
<TEMPERANCE-ONE >आप देखेंगे कि आपका परिवार और रिश्तेदार आपको बहुत सहयोग देंगे और आपके व्यक्तिगत जीवन के बारे में आपको सही सलाह देंगे। आपके किसी प्रिय और आपके बीच भावनाएं फूट पड़ेंगी। आपको स्थितियों से शान्ति के साथ निपटना होगा क्योंकि आप आसानी से भड़क जाते हैं। </TEMPERANCE-ONE >
<THE-DEVIL-ONE >यह कार्ड दिखाता है कि आप बहुत उत्तेजित रहेंगे और वास्तव में आप जो चाहते है उसे कहना आपके लिए बहुत मुश्किल होगा लेकिन परिस्थिति को इस समय के लिए संतुलित करने की कोशिश करेंगे। आपके मस्तिष्क में द्वन्द का तूफान आ सकता है क्योंकि आपके दिमाग में परेशान करने वाले कई विचार एक साथ आते रहते हैं। </THE-DEVIL-ONE >
<THE-TOWER-ONE >यह समय आपके लिए इतना सुखद नहीं होगा क्योंकि आपको वित्तीय और व्यक्तिगत रूप से कुछ कटु तथ्यों का सामना करना पड़ेगा। इससे आपमें मानसिक विकार भी आ सकता है लेकिन आप के प्रियजन इसमें से निकलने के लिए आपकी सहायता करेंगे। आप जिन परिस्थितियों का सामना कर रहे हैं उनके कारण आप एक ही समय में भाग्यशाली और दुर्भाग्यशाली होंगे। </THE-TOWER-ONE >
<THE-STAR-ONE >आप देखेगें कि आपके कुछ रिश्तेदार कागजी कार्यवाही से सम्बन्धित कुछ समस्याओं का सामना कर सकते हैं और आप उन्हें सहायता देंगे। आपको किसी से कोई अच्छा समाचार सुनने को मिल सकता है जिससे आप बहुत उत्तेजित महसूस करेंगे जो आपको निकटता का एहसास दिलायेगा और आप आरामदेह और चिंतामुक्त महसूस करेंगे। </THE-STAR-ONE >
<THE-MOON-ONE >कुछ ऐसी परिस्थितियाँ पैदा हो सकती हैं जिनसे आप कमजोर, भ्रमित और अनिश्चित महसूस करेंगे। आप अपने किसी मित्र या प्रिय के बारे में बहुत भावनात्मक रूप से सोच सकते हैं और इससे आपके विचार छिन्न-भिन्न हो जायेंगे और आप यह नहीं समझ पायेंगे कि आपको क्या करना चाहिए या नहीं करना चाहिए। आपकी अपने किसी मित्र या रिश्तेदार के साथ एकत्रित होने की योजना बहुत ही निराशाजनक साबित होगी। </THE-MOON-ONE >
<THE-SUN-ONE >आप इस समय चीजों को व्यवस्थित करने की कोशिश कर रहे हैं क्योंकि आप अपने जीवन को संतुलित रूप में देखना चाहते हैं। आप अपने रिश्तेदारों से बात करेंगे लेकिन महसूस करेंगे कि वह आपकी इतनी सहायता नहीं करना चाहते। आप व्यापार को आनंद के साथ मिलाने के बारे में सोचेंगे या अपने कार्यस्थल पर मित्रतायें बनाने की कोशिश करेंगे लेकिन यह कोई अच्छा विचार साबित नहीं होगा। </THE-SUN-ONE >
<JUDGEMENT-ONE >यह कार्ड यह संकेत दे रहा है कि आपको अपने किसी पुराने मित्र या प्रियजन के सम्बन्ध में कुछ महत्वपूर्ण निर्णय लेने होंगे। किसी मित्र या रिश्तेदार के माध्यम से कोई अच्छा समाचार भी आ सकता है। आपका अपने मित्रों और परिवार वालों के साथ सद्भाव और मजबूत होगा। </JUDGEMENT-ONE >
<THE-WORLD-ONE >आपके दिमाग में बहुत सारा दबाव पनप रहा होगा और यह फटने से पहले एक उग्र रूप धारण कर सकता है। अब समय आ गया है कि आप थोड़े समय के लिए छुट्टियों पर या किसी दूर की जगह पर घूमने के लिए जायें। आप अपने मित्रों से सहायता की आशा करेंगे और उनमें से कुछ इच्छानुसार स्वीकार करेंगे और आपको चैन देंगे। </THE-WORLD-ONE >
<THE-FOOL-ONE >आप अपने किसी रिश्तेदार की सहायता करने की स्थिति में होंगे पर वह अपनी लापरवाही से इस अवसर को खो सकता है। आपका कोई नजदीकी व्यक्ति आपको एहसास करायेगा कि आप कमजोर व्यक्ति की तरह व्यवहार कर रहे हैं और इसलिए कोई आपका फायदा उठा रहा है जो आगे चल कर आपके लिए ख़राब साबित होगा।</THE-FOOL-ONE >
    </ROOT>
