{
  "project_info": {
    "project_number": "607591533918",
    "project_id": "my-photo-lyrical-video-55647",
    "storage_bucket": "my-photo-lyrical-video-55647.appspot.com"
  },
  "client": [
    {
      "client_info": {
        "mobilesdk_app_id": "1:607591533918:android:7526ee36db74dcd0a213cf",
        "android_client_info": {
          "package_name": "com.xyz.myphotolyricalvideo"
        }
      },
      "oauth_client": [
        {
          "client_id": "607591533918-8iicanmuib16ju5ogcmqbhkongmis34u.apps.googleusercontent.com",
          "client_type": 3
        }
      ],
      "api_key": [
        {
          "current_key": "AIzaSyBRMeIcx2ZM4Q4pHNFvH7Nubo-JKoS2umA"
        }
      ],
      "services": {
        "appinvite_service": {
          "other_platform_oauth_client": [
            {
              "client_id": "607591533918-8iicanmuib16ju5ogcmqbhkongmis34u.apps.googleusercontent.com",
              "client_type": 3
            }
          ]
        }
      }
    }
  ],
  "configuration_version": "1"
}