{
  "Ringtone" :
  [
    {
      "id" : "1",
      "mp3Url" : "https://raw.githubusercontent.com/SpartanUpdates/UplaodCodes/master/MyNameRingTone/Ringtone/Tamil/Alalu_Avisi_Tamil.mp3",
      "name" : "Alalu_Avisi_Tamil"
    },
    {
      "id" : "2",
      "mp3Url" : "https://raw.githubusercontent.com/SpartanUpdates/UplaodCodes/master/MyNameRingTone/Ringtone/Tamil/Anadi_Nee_Ena_Tamil.mp3",
      "name" : "Anadi_Nee_Ena_Tamil"
    },
	{
      "id" : "3",
      "mp3Url" : "https://raw.githubusercontent.com/SpartanUpdates/UplaodCodes/master/MyNameRingTone/Ringtone/Tamil/Cho_Vendru_Tamil.mp3",
      "name" : "Cho_Vendru_Tamil"
    },
    {
      "id" : "4",
      "mp3Url" : "https://raw.githubusercontent.com/SpartanUpdates/UplaodCodes/master/MyNameRingTone/Ringtone/Tamil/En_Manam_Tamil.mp3",
      "name" : "En_Manam_Tamil"
    },
	{
      "id" : "5",
      "mp3Url" : "https://raw.githubusercontent.com/SpartanUpdates/UplaodCodes/master/MyNameRingTone/Ringtone/Tamil/Hi_Soona_Tamil.mp3",
      "name" : "Hi_Soona_Tamil"
    },
    {
      "id" : "6",
      "mp3Url" : "https://raw.githubusercontent.com/SpartanUpdates/UplaodCodes/master/MyNameRingTone/Ringtone/Tamil/Hoi_Kalaarasiga_Tamil",
      "name" : "Hoi_Kalaarasiga_Tamil"
    },
	{
      "id" : "7",
      "mp3Url" : "https://raw.githubusercontent.com/SpartanUpdates/UplaodCodes/master/MyNameRingTone/Ringtone/Tamil/Inimal_Veetil_Tamil.mp3",
      "name" : "Inimal_Veetil_Tamil"
    },
    {
      "id" : "8",
      "mp3Url" : "https://raw.githubusercontent.com/SpartanUpdates/UplaodCodes/master/MyNameRingTone/Ringtone/Tamil/Intaka_Mundra_Tamil.mp3",
      "name" : "Intaka_Mundra_Tamil"
    },
	{
      "id" : "9",
      "mp3Url" : "https://raw.githubusercontent.com/SpartanUpdates/UplaodCodes/master/MyNameRingTone/Ringtone/Tamil/Ivan_Annan_Tamil.mp3",
      "name" : "Ivan_Annan_Tamil"
    },
    {
      "id" : "10",
      "mp3Url" : "https://raw.githubusercontent.com/SpartanUpdates/UplaodCodes/master/MyNameRingTone/Ringtone/Tamil/Kaadhal_Inaai_Tamil.mp3",
      "name" : "Kaadhal_Inaai_Tamil"
    },
	{
      "id" : "11",
      "mp3Url" : "https://raw.githubusercontent.com/SpartanUpdates/UplaodCodes/master/MyNameRingTone/Ringtone/Tamil/Kanaavellaanam_Tamil.mp3",
      "name" : "Kanaavellaanam_Tamil"
    },
    {
      "id" : "12",
      "mp3Url" : "https://raw.githubusercontent.com/SpartanUpdates/UplaodCodes/master/MyNameRingTone/Ringtone/Tamil/Kaveetha_Nive_Tamil.mp3",
      "name" : "Kaveetha_Nive_Tamil"
    },
	{
      "id" : "13",
      "mp3Url" : "https://raw.githubusercontent.com/SpartanUpdates/UplaodCodes/master/MyNameRingTone/Ringtone/Tamil/Men_Ambaal_Tamil.mp3",
      "name" : "Men_Ambaal_Tamil"
    },
    {
      "id" : "14",
      "mp3Url" : "https://raw.githubusercontent.com/SpartanUpdates/UplaodCodes/master/MyNameRingTone/Ringtone/Tamil/Morattu_Tamil.mp3",
      "name" : "Morattu_Tamil"
    },
	{
      "id" : "15",
      "mp3Url" : "https://raw.githubusercontent.com/SpartanUpdates/UplaodCodes/master/MyNameRingTone/Ringtone/Tamil/Nee_Sonna_Tamil.mp3",
      "name" : "Nee_Sonna_Tamil"
    },
    {
      "id" : "16",
      "mp3Url" : "https://raw.githubusercontent.com/SpartanUpdates/UplaodCodes/master/MyNameRingTone/Ringtone/Tamil/Nenjikulla_Tamil.mp3",
      "name" : "Nenjikulla_Tamil"
    },
	{
      "id" : "17",
      "mp3Url" : "https://raw.githubusercontent.com/SpartanUpdates/UplaodCodes/master/MyNameRingTone/Ringtone/Tamil/Nethi_Pottu_Tamil.mp3",
      "name" : "Nethi_Pottu_Tamil"
    },
    {
      "id" : "18",
      "mp3Url" : "https://raw.githubusercontent.com/SpartanUpdates/UplaodCodes/master/MyNameRingTone/Ringtone/Tamil/Niyaa_Ithu_Tamil.mp3",
      "name" : "Niyaa_Ithu_Tamil"
    },
	{
      "id" : "19",
      "mp3Url" : "https://raw.githubusercontent.com/SpartanUpdates/UplaodCodes/master/MyNameRingTone/Ringtone/Tamil/Parantha_Tamil.mp3",
      "name" : "Parantha_Tamil"
    },
    {
      "id" : "20",
      "mp3Url" : "https://raw.githubusercontent.com/SpartanUpdates/UplaodCodes/master/MyNameRingTone/Ringtone/Tamil/Rakachi_Tamil.mp3",
      "name" : "Rakachi_Tamil"
    },
	{
      "id" : "21",
      "mp3Url" : "https://raw.githubusercontent.com/SpartanUpdates/UplaodCodes/master/MyNameRingTone/Ringtone/Tamil/Sirikki_Tamil.mp3",
      "name" : "Sirikki_Tamil"
    },
    {
      "id" : "22",
      "mp3Url" : "https://raw.githubusercontent.com/SpartanUpdates/UplaodCodes/master/MyNameRingTone/Ringtone/Tamil/Thenu_Mittai_Tamil.mp3",
      "name" : "Thenu_Mittai_Tamil"
    },
	{
      "id" : "23",
      "mp3Url" : "https://raw.githubusercontent.com/SpartanUpdates/UplaodCodes/master/MyNameRingTone/Ringtone/Tamil/Uthathaa_Siripal_Tamil.mp3",
      "name" : "Uthathaa_Siripal_Tamil"
    },
    {
      "id" : "24",
      "mp3Url" : "https://raw.githubusercontent.com/SpartanUpdates/UplaodCodes/master/MyNameRingTone/Ringtone/Tamil/Va_Enn_Gajana_Tamil.mp3",
      "name" : "Va_Enn_Gajana_Tamil"
    },
	{
      "id" : "25",
      "mp3Url" : "https://raw.githubusercontent.com/SpartanUpdates/UplaodCodes/master/MyNameRingTone/Ringtone/Tamil/Vidudhalai_Tamil.mp3",
      "name" : "Vidudhalai_Tamil"
    },
    {
      "id" : "26",
      "mp3Url" : "https://raw.githubusercontent.com/SpartanUpdates/UplaodCodes/master/MyNameRingTone/Ringtone/Tamil/Vittu_Pirinthen_Tamil.mp3",
      "name" : "Vittu_Pirinthen_Tamil"
    },
	{
      "id" : "27",
      "mp3Url" : "https://raw.githubusercontent.com/SpartanUpdates/UplaodCodes/master/MyNameRingTone/Ringtone/Tamil/Waka_Waka_Tamil.mp3",
      "name" : "Waka_Waka_Tamil"
    }
  ]
}
