{
  "orientation": "vertical",
  "layout_type": "RelativeLayout",
  "background_color": "#f5f4f0",
  "layouts": [
    {
      "id": 0,
      "weight_x": 100,
      "weight_y": 100
    },
    {
      "id": 1,
      "weight_x": 100,
      "weight_y": 100
    },
    {
      "id": 2,
      "weight_x": 100,
      "weight_y": 100
    },
    {
      "id": 3,
      "weight_x": 100,
      "weight_y": 100
    },
    {
      "id": 4,
      "weight_x": 100,
      "weight_y": 100,
      "is_overlay": true
    }
  ],
  "texts": [
    {
      "id": 0,
      "layout_id": -1,
      "layout_x": 30,
      "layout_y": 15,
      "position": {
        "center": null,
        "right": null,
        "top": null,
        "left": null,
        "bottom": null
      },
      "rotate": -3,
      "scale": 1,
      "layout_padding": true,
      "padding_left": 0,
      "padding_right": 0,
      "margin_top": 0,
      "margin_bottom": 0,
      "text": "Best Time.",
      "color": "#000000",
      "font_category": "Calligraphy",
      "font_name": "Calligraphy 9",
      "size": 0.15,
      "gradient": null,
      "tile_mode": null,
      "gradient_type": null,
      "linear_direction": null,
      "opacity": 255,
      "letter_spacing": 0,
      "line_spacing": 10,
      "align": "center",
      "underLine": false,
      "strikethrough": false
    },
    {
      "id": 1,
      "layout_id": -1,
      "layout_x": 52,
      "layout_y": 91,
      "position": {
        "center": null,
        "right": null,
        "top": null,
        "left": null,
        "bottom": null
      },
      "rotate": 0,
      "scale": 1,
      "layout_padding": true,
      "padding_left": 100,
      "padding_right": 5,
      "margin_top": 0,
      "margin_bottom": 0,
      "text": "It was enough to remember the honeyed feeling of summerIt was enough to remember the honeyed feeling of summer.",
      "color": "#000000",
      "font_category": "Comic",
      "font_name": "Comic 3",
      "size": 0.035,
      "gradient": null,
      "tile_mode": null,
      "gradient_type": null,
      "linear_direction": null,
      "opacity": 255,
      "letter_spacing": 0,
      "line_spacing": 10,
      "align": "left",
      "underLine": false,
      "strikethrough": false
    }
  ]
}