{
  "orientation": "vertical",
  "layout_type": "ConstraintLayout",
  "background_color": "#ffffff",
  "layouts": [
    {
      "id": 0,
      "weight_x": 100,
      "weight_y": 100
    },
    {
      "id": 1,
      "weight_x": 100,
      "weight_y": 100,
      "rounded_rect": true,
      "topLeftRadius": 5,
      "topRightRadius": 5,
      "bottomLeftRadius": 5,
      "bottomRightRadius": 5
    },
    {
      "id": 2,
      "weight_x": 100,
      "weight_y": 100
    },
    {
      "id": 3,
      "weight_x": 100,
      "weight_y": 100,
      "rounded_rect": true,
      "topLeftRadius": 5,
      "topRightRadius": 5,
      "bottomLeftRadius": 5,
      "bottomRightRadius": 5
    },
    {
      "id": 4,
      "weight_x": 100,
      "weight_y": 100,
      "is_overlay": true
    }
  ],
  "texts": [

  ]
}