{
  "orientation": "vertical",
  "layout_type": "ConstraintLayout",
  "background_color": null,
  "background_gradient": ["#ee9ca7", "#ffdde1"],
  "gradient_linear_direction": "Linear",
  "gradient_type": "Radial",
  "background_photo_url": null,
  "photo_category": null,
  "photo_id": null,
  "photo_scale": 100,
  "photo_blur": 25,

  "layouts": [
    {
      "id": 0,
      "weight_x": 100,
      "weight_y": 100
    },
    {
      "id": 1,
      "weight_x": 100,
      "weight_y": 100,
      "is_overlay": true
    }
  ],
  "texts": [
    {
      "id": 0,
      "layout_id": -1,
      "layout_x": 50,
      "layout_y": 85,
      "position": {
        "center": null,
        "right": null,
        "top": null,
        "left": null,
        "bottom": null
      },
      "rotate": 5,
      "scale": 1,
      "layout_padding": true,
      "padding_left": 0,
      "padding_right": 50,
      "margin_top": 0,
      "margin_bottom": 0,
      "text": "Happy\nMother’s\nDay",
      "color": "#ffffff",
      "font_category": "Comic",
      "font_name": "Comic 10",
      "size": 0.13,
      "gradient": null,
      "tile_mode": null,
      "gradient_type": null,
      "linear_direction": null,
      "opacity": 255,
      "letter_spacing": 0,
      "line_spacing": 10,
      "align": "center",
      "underLine": false,
      "strikethrough": false
    }
  ]
}