{
  "orientation": "vertical",
  "layout_type": "ConstraintLayout",
  "background_color": null,
  "background_gradient": ["#ec008c", "#fc6767"],
  "gradient_linear_direction": "Horizontal",
  "gradient_type": "Radial",
  "background_photo_url": null,
  "photo_category": null,
  "photo_id": null,
  "photo_scale": 100,
  "photo_blur": 25,

"layouts": [
    {
      "id": 0,
      "weight_x": 100,
      "weight_y": 100,
      "rounded_rect": false,
      "topLeftRadius": 0,
      "topRightRadius": 0,
      "bottomLeftRadius": 0,
      "bottomRightRadius": 0
    },
    {
      "id": 1,
      "weight_x": 100,
      "weight_y": 100,
      "rounded_rect": false,
      "topLeftRadius": 0,
      "topRightRadius": 0,
      "bottomLeftRadius": 0,
      "bottomRightRadius": 0,
      "is_overlay": true
    }
  ],
  "texts": [
    {
      "id": 0,
      "layout_id": -1,
      "layout_x": 35,
      "layout_y": 20,
      "position": {
        "center": null,
        "right": null,
        "top": null,
        "left": null,
        "bottom": null
      },
      "rotate": -20,
      "scale": 1,
      "layout_padding": false,
      "padding_left": 0,
      "padding_right": 0,
      "margin_top": 10,
      "margin_bottom": 0,
      "text": "Valentine's Day",
      "color": "#ffffff",
      "font_category": "Calligraphy",
      "font_name": "Calligraphy 6",
      "size": 0.17,
      "gradient": null,
      "tile_mode": null,
      "gradient_type": null,
      "linear_direction": null,
      "opacity": 255,
      "letter_spacing": 0,
      "line_spacing": 10,
      "align": "center",
      "underLine": false,
      "strikethrough": false
    },   {
      "id": 0,
      "layout_id": -1,
      "layout_x": 40,
      "layout_y": 28,
      "position": {
        "center": null,
        "right": null,
        "top": null,
        "left": null,
        "bottom": null
      },
      "rotate": -20,
      "scale": 1,
      "layout_padding": false,
      "padding_left": 0,
      "padding_right": 0,
      "margin_top": 0,
      "margin_bottom": 0,
      "text": "14February",
      "color": "#ffffff",
      "font_category": "Basic",
      "font_name": "Basic 1",
      "size": 0.055,
      "gradient": null,
      "tile_mode": null,
      "gradient_type": null,
      "linear_direction": null,
      "opacity": 255,
      "letter_spacing": 0,
      "line_spacing": 10,
      "align": "center",
      "underLine": false,
      "strikethrough": false
    },   {
      "id": 2,
      "layout_id": -1,
      "layout_x": 50,
      "layout_y": 86.25,
      "position": {
        "center": null,
        "right": null,
        "top": null,
        "left": null,
        "bottom": null
      },
      "rotate": 0,
      "scale": 1,
      "layout_padding": false,
      "padding_left": 0,
      "padding_right": 0,
      "margin_top": 0,
      "margin_bottom": 0,
      "text": "The best and most beautiful things in the world cannot be seen or even touched. They must be felt with the heart.",
      "color": "#ffffff",
      "font_category": "Basic",
      "font_name": "Basic 1",
      "size": 0.042,
      "gradient": null,
      "tile_mode": null,
      "gradient_type": null,
      "linear_direction": null,
      "opacity": 255,
      "letter_spacing": 0,
      "line_spacing": 10,
      "align": "center",
      "underLine": false,
      "strikethrough": false
    }
  ],
  "stickers": [
    {
      "id": 0,
      "subcategory": "",
      "filename": "",
      "url": "",
      "file_id": ""
    }
  ]
}