{
  "orientation": "vertical",
  "layout_type": "ConstraintLayout",
  "background_color": null,
  "background_gradient": ["#0f0c29", "#302b63","#24243e"],
  "gradient_linear_direction": "Horizontal",
  "gradient_type": "Linear",
  "background_photo_url": null,
  "photo_category": null,
  "photo_id": null,
  "photo_scale": 100,
  "photo_blur": 25,

  "layouts": [
    {
      "id": 0,
      "weight_x": 100,
      "weight_y": 100
    },
    {
      "id": 1,
      "weight_x": 100,
      "weight_y": 100,
      "is_overlay": true
    }
  ],
  "texts": [
    {
      "id": 0,
      "layout_id": -1,
      "layout_x": 24,
      "layout_y": 80,
      "position": {
        "center": null,
        "right": null,
        "top": null,
        "left": null,
        "bottom": null
      },
      "rotate": 0,
      "scale": 1,
      "layout_padding": true,
      "padding_left": 0,
      "padding_right": 0,
      "margin_top":0,
      "margin_bottom": 0,
      "text": "Eid",
      "color": "#d9d9d9",
      "font_category": "Brush",
      "font_name": "Brush 7",
      "size": 0.135,
      "gradient": null,
      "tile_mode": null,
      "gradient_type": null,
      "linear_direction": null,
      "opacity": 255,
      "letter_spacing": 0,
      "line_spacing": 10,
      "underLine": false,
      "strikethrough": false,
      "align": "center"
    },
    {
      "id": 1,
      "layout_id": 0,
      "layout_x": 24,
      "layout_y": null,
      "position": {
        "center": null,
        "right": null,
        "top": null,
        "left": null,
        "bottom": "0"
      },
      "rotate": 0,
      "scale": 1,
      "layout_padding": true,
      "padding_left": 0,
      "padding_right": 0,
      "margin_top":  -10,
      "margin_bottom": 0,
      "text": "mubarak",
      "color": "#d9d9d9",
      "font_category": "Basic",
      "font_name": "Basic 7",
      "size": 0.085,
      "gradient": null,
      "tile_mode": null,
      "gradient_type": null,
      "linear_direction": null,
      "opacity": 255,
      "letter_spacing": 0,
      "line_spacing": 10,
      "underLine": false,
      "strikethrough": false,
      "align": "center"
    }
  ]
}