{
  "orientation": "vertical",
  "layout_type": "ConstraintLayout",
  "background_color": "#ffffff",
  "layouts": [
    {
      "id": 0,
      "weight_x": 100,
      "weight_y": 100
    },
    {
      "id": 1,
      "weight_x": 100,
      "weight_y": 100
    },
    {
      "id": 2,
      "weight_x": 100,
      "weight_y": 100
    },
    {
      "id": 3,
      "weight_x": 100,
      "weight_y": 100
    },
    {
      "id": 4,
      "weight_x": 100,
      "weight_y": 100
    },
    {
      "id": 5,
      "weight_x": 100,
      "weight_y": 100
    },
    {
      "id": 6,
      "weight_x": 100,
      "weight_y": 100,
      "is_overlay": true
    }
  ],
  "texts": [
    {
      "id": 0,
      "layout_id": -1,
      "layout_x": 50,
      "layout_y": 87,
      "position": {
        "center": null,
        "right": null,
        "top": null,
        "left": null,
        "bottom": null
      },
      "rotate": 0,
      "scale": 1,
      "layout_padding": true,
      "padding_left": 5,
      "padding_right": 5,
      "margin_top": 0,
      "margin_bottom": 0,
      "text": "Thanks for giving me the best things in life: Your love, your care, and your cooking.\nHappy Mother’s Day!",
      "color": "#000000",
      "font_category": "Comic",
      "font_name": "Comic 4",
      "size": 0.095,
      "gradient": null,
      "tile_mode": null,
      "gradient_type": null,
      "linear_direction": null,
      "opacity": 255,
      "letter_spacing": 0,
      "line_spacing": 10,
      "align": "center",
      "underLine": false,
      "strikethrough": false
    }
  ]
}