{
  "orientation": "vertical",
  "layout_type": "ConstraintLayout",
  "background_color": "#ffffff",

  "layouts": [
    {
      "id": 0,
      "weight_x": 100,
      "weight_y": 100
    },
    {
      "id": 1,
      "weight_x": 100,
      "weight_y": 100,
      "is_overlay": true
    }
  ],
  "texts": [
    {
      "id": 0,
      "layout_id": -1,
      "layout_x": 30,
      "layout_y": 80,
      "position": {
        "center": null,
        "right": null,
        "top": null,
        "left": null,
        "bottom": null
      },
      "rotate": 0,
      "scale": 1,
      "layout_padding": true,
      "padding_left": 0,
      "padding_right": 0,
      "margin_top":0,
      "margin_bottom": 0,
      "text": "Eid\nMubarak",
      "color": "#d9d9d9",
      "font_category": "Brush",
      "font_name": "Brush 7",
      "size": 0.15,
      "gradient": "#2980B9 #6DD5FA #FFFFFF",
      "tile_mode": null,
      "gradient_type": "Linear",
      "linear_direction": "Vertical",
      "opacity": 255,
      "letter_spacing": 0,
      "line_spacing": 10,
      "underLine": false,
      "strikethrough": false,
      "align": "center"
    }
  ]
}