{
  "orientation": "vertical",
  "layout_type": "RelativeLayout",
  "background_color": "#b71c1c",
  "background_gradient": null,
  "gradient_linear_direction": "",
  "gradient_type": "",
  "background_photo_url": null,
  "photo_category": null,
  "photo_id": null,
  "photo_scale": 100,
  "photo_blur": 25,

"layouts": [
    {
      "id": 0,
      "weight_x": 100,
      "weight_y": 100,
      "rounded_rect": false,
      "topLeftRadius": 0,
      "topRightRadius": 0,
      "bottomLeftRadius": 0,
      "bottomRightRadius": 0
    },
    {
      "id": 1,
      "weight_x": 100,
      "weight_y": 100,
      "rounded_rect": false,
      "topLeftRadius": 0,
      "topRightRadius": 0,
      "bottomLeftRadius": 0,
      "bottomRightRadius": 0,
      "is_overlay": true
    }
  ],
  "texts": [
    {
      "id": 0,
      "layout_id": -1,
      "layout_x": 50,
      "layout_y": 16.5,
      "position": {
        "center": null,
        "right": null,
        "top": null,
        "left": null,
        "bottom": null
      },
      "rotate": 0,
      "scale": 1,
      "layout_padding": false,
      "padding_left": 0,
      "padding_right": 0,
      "margin_top": 0,
      "margin_bottom": 0,
      "text": "Happy\nValentine",
      "color": "#ffffff",
      "font_category": "Holidays",
      "font_name": "Holidays 12",
      "size": 0.06,
      "gradient": null,
      "tile_mode": null,
      "gradient_type": null,
      "linear_direction": null,
      "opacity": 255,
      "letter_spacing": 0,
      "line_spacing": 10,
      "align": "center",
      "underLine": false,
      "strikethrough": false
    },
    {
      "id": 1,
      "layout_id": -1,
      "layout_x": 50,
      "layout_y": 92.5,
      "position": {
        "center": null,
        "right": null,
        "top": null,
        "left": null,
        "bottom": null
      },
      "rotate": 0,
      "scale": 1,
      "layout_padding": false,
      "padding_left": 0,
      "padding_right": 0,
      "margin_top": 0,
      "margin_bottom": 20,
      "text": "A flower cannot blossom without sunshine, and man cannot live without love.",
      "color": "#ffffff",
      "font_category": "Basic",
      "font_name": "Basic 1",
      "size": 0.055,
      "gradient": null,
      "tile_mode": null,
      "gradient_type": null,
      "linear_direction": null,
      "opacity": 255,
      "letter_spacing": 0,
      "line_spacing": 10,
      "align": "center",
      "underLine": false,
      "strikethrough": false
    }
  ]
}