{
  "orientation": "vertical",
  "layout_type": "LinearLayout",
  "background_color": "#ffffff",
  "layouts": [
    {
      "id": 0,
      "weight_x": 100,
      "weight_y": 25
    },
    {
      "id": 1,
      "weight_x": 100,
      "weight_y": 25
    },
    {
      "id": 2,
      "weight_x": 100,
      "weight_y": 25
    },
    {
      "id": 3,
      "weight_x": 100,
      "weight_y": 25
    },
    {
      "id": 4,
      "weight_x": 100,
      "weight_y": 100,
      "is_overlay": true
    }
  ],
  "texts": [
    {
      "id": 0,
      "layout_id": -1,
      "layout_x": 50,
      "layout_y": 12.5,
      "position": {
        "center": null,
        "right": null,
        "top": null,
        "left": null,
        "bottom": null
      },
      "rotate": 0,
      "scale": 1,
      "layout_padding": true,
      "padding_left": 0,
      "padding_right": 0,
      "margin_top": 0,
      "margin_bottom": 0,
      "text": "Only I can change my life.\nNo one can do it for me.",
      "color": "#000000",
      "font_category": "Retro",
      "font_name": "Retro 1",
      "size": 0.065,
      "gradient": null,
      "tile_mode": null,
      "gradient_type": null,
      "linear_direction": null,
      "opacity": 255,
      "letter_spacing": 0,
      "line_spacing": 10,
      "align": "center",
      "underLine": false,
      "strikethrough": false
    }
  ]
}