{
  "orientation": "vertical",
  "layout_type": "ConstraintLayout",
  "background_color": "#ffffff",
  "layouts": [
    {
      "id": 0,
      "weight_x": 100,
      "weight_y": 100
    },
    {
      "id": 1,
      "weight_x": 100,
      "weight_y": 100
    },
    {
      "id": 2,
      "weight_x": 100,
      "weight_y": 100,
      "is_overlay": true
    }
  ],
  "texts": [
    {
      "id": 0,
      "layout_id": -1,
      "layout_x": 45,
      "layout_y": 50,
      "position": {
        "center": null,
        "right": null,
        "top": null,
        "left": null,
        "bottom": null
      },
      "rotate": 0,
      "scale": 1,
      "layout_padding": true,
      "padding_left": 0,
      "padding_right": 0,
      "margin_top": 0,
      "margin_bottom": 0,
      "text": "Moroccan Chicken Tagine",
      "color": "#000000",
      "font_category": "Basic",
      "font_name": "Basic 5",
      "size": 0.06,
      "gradient": null,
      "tile_mode": null,
      "gradient_type": null,
      "linear_direction": null,
      "opacity": 255,
      "letter_spacing": 0,
      "line_spacing": 10,
      "underLine": true,
      "strikethrough": false,
      "align": "left"
    },
    {
      "id": 1,
      "layout_id": 0,
      "layout_x": 53,
      "layout_y": null,
      "position": {
        "center": null,
        "right": null,
        "top": null,
        "left": null,
        "bottom": "0"
      },
      "rotate": 0,
      "scale": 1,
      "layout_padding": true,
      "padding_left": 0,
      "padding_right": 50,
      "margin_top": 20,
      "margin_bottom": 0,
      "text": "Chicken tagine is a traditional Moroccan dish of chicken pieces braised with spices, garlic, onion, olives, and preserved lemons. It’s company-worthy yet easy to throw together.",
      "color": "#000000",
      "font_category": "Basic",
      "font_name": "Basic 6",
      "size": 0.035,
      "gradient": null,
      "tile_mode": null,
      "gradient_type": null,
      "linear_direction": null,
      "opacity": 255,
      "letter_spacing": 0,
      "line_spacing": 10,
      "underLine": false,
      "strikethrough": false,
      "align": "left"
    }
  ]
}