{
  "orientation": "vertical",
  "layout_type": "ConstraintLayout",
  "background_color": "#ffffff",
  "layouts": [
    {
      "id": 0,
      "weight_x": 100,
      "weight_y": 100
    },
    {
      "id": 1,
      "weight_x": 100,
      "weight_y": 100
    },
    {
      "id": 2,
      "weight_x": 100,
      "weight_y": 100,
      "is_overlay": true
    }
  ],
  "texts": [
    {
      "id": 0,
      "layout_id": -1,
      "layout_x": 35,
      "layout_y": 10,
      "position": {
        "center": null,
        "right": null,
        "top": null,
        "left": null,
        "bottom": null
      },
      "rotate": 0,
      "scale": 1,
      "layout_padding": true,
      "padding_left": 0,
      "padding_right": 0,
      "margin_top": 0,
      "margin_bottom": 0,
      "text": "Best Friend",
      "color": "#000000",
      "font_category": "Basic",
      "font_name": "Basic 5",
      "size": 0.1,
      "gradient": null,
      "tile_mode": null,
      "gradient_type": null,
      "linear_direction": null,
      "opacity": 255,
      "letter_spacing": 0,
      "line_spacing": 10,
      "align": "center",
      "underLine": false,
      "strikethrough": false
    },
    {
      "id": 1,
      "layout_id": -1,
      "layout_x": 52,
      "layout_y": 87,
      "position": {
        "center": null,
        "right": null,
        "top": null,
        "left": null,
        "bottom": null
      },
      "rotate": 0,
      "scale": 1,
      "layout_padding": true,
      "padding_left": 95,
      "padding_right": 0,
      "margin_top": 0,
      "margin_bottom": 0,
      "text": "Many people will walk in and out of your life, but only true friends will leave footprints in your heart.\n-Eleanor Roosevelt",
      "color": "#000000",
      "font_category": "Basic",
      "font_name": "Basic 1",
      "size": 0.04,
      "gradient": null,
      "tile_mode": null,
      "gradient_type": null,
      "linear_direction": null,
      "opacity": 255,
      "letter_spacing": 1,
      "line_spacing": 10,
      "underLine": false,
      "strikethrough": false,
      "align": "right"
    }
  ]
}