﻿{"cameraMode":{"drawMode":0,"name":"Shaded","section":"Shading Mode"},"sceneLighting":false,"audioPlay":false,"sceneViewState":{"showFog":true,"showMaterialUpdate":false,"showSkybox":false,"showFlares":true,"showImageEffects":true,"showParticleSystems":true},"in2DMode":false,"pivot":{"x":0.0,"y":-43.30000305175781,"z":192.32000732421876},"rotation":{"x":-0.10950148105621338,"y":-0.16279751062393189,"z":0.018717998638749124,"w":-0.9804468154907227},"size":974.1206665039063,"orthographic":false}