﻿{"cameraMode":{"drawMode":0,"name":"Shaded","section":"Shading Mode"},"sceneLighting":false,"audioPlay":false,"sceneViewState":{"showFog":true,"showMaterialUpdate":false,"showSkybox":false,"showFlares":true,"showImageEffects":true,"showParticleSystems":true},"in2DMode":false,"pivot":{"x":0.0,"y":-21.299999237060548,"z":161.760009765625},"rotation":{"x":-0.38722461462020876,"y":-0.028024137020111085,"z":0.011828024871647358,"w":-0.9214980006217957},"size":894.429443359375,"orthographic":false}