﻿{"cameraMode":{"drawMode":0,"name":"Shaded","section":"Shading Mode"},"sceneLighting":false,"audioPlay":false,"sceneViewState":{"showFog":true,"showMaterialUpdate":false,"showSkybox":false,"showFlares":true,"showImageEffects":true,"showParticleSystems":true},"in2DMode":false,"pivot":{"x":0.0,"y":-13.500000953674317,"z":192.32000732421876},"rotation":{"x":-0.2511953115463257,"y":0.10113396495580673,"z":-0.02615666203200817,"w":-0.9623138308525086},"size":965.7852783203125,"orthographic":false}