﻿{"cameraMode":{"drawMode":0,"name":"Shaded","section":"Shading Mode"},"sceneLighting":false,"audioPlay":false,"sceneViewState":{"showFog":true,"showMaterialUpdate":false,"showSkybox":false,"showFlares":true,"showImageEffects":true,"showParticleSystems":true},"in2DMode":false,"pivot":{"x":-2.7909762859344484,"y":0.7390258312225342,"z":4.003912925720215},"rotation":{"x":-0.5229606032371521,"y":-0.06837449222803116,"z":0.042138807475566867,"w":-0.8485665917396545},"size":1.2769073247909547,"orthographic":false}