﻿{"cameraMode":{"drawMode":0,"name":"Shaded","section":"Shading Mode"},"sceneLighting":false,"audioPlay":false,"sceneViewState":{"showFog":true,"showMaterialUpdate":false,"showSkybox":false,"showFlares":true,"showImageEffects":true,"showParticleSystems":true},"in2DMode":false,"pivot":{"x":-14.534805297851563,"y":-8.794716835021973,"z":192.08253479003907},"rotation":{"x":-0.463357150554657,"y":-0.4577997326850891,"z":0.30543023347854617,"w":-0.6945989727973938},"size":923.89794921875,"orthographic":false}