﻿{"cameraMode":{"drawMode":0,"name":"Shaded","section":"Shading Mode"},"sceneLighting":false,"audioPlay":false,"sceneViewState":{"showFog":true,"showMaterialUpdate":false,"showSkybox":false,"showFlares":true,"showImageEffects":true,"showParticleSystems":true},"in2DMode":false,"pivot":{"x":1.1920928955078126e-7,"y":1.4900001287460328,"z":83.5999984741211},"rotation":{"x":0.5148502588272095,"y":-0.049339357763528827,"z":0.029555192217230798,"w":0.8553684949874878},"size":4.286842346191406,"orthographic":false}