﻿{"cameraMode":{"drawMode":0,"name":"Shaded","section":"Shading Mode"},"sceneLighting":false,"audioPlay":false,"sceneViewState":{"showFog":true,"showMaterialUpdate":false,"showSkybox":false,"showFlares":true,"showImageEffects":true,"showParticleSystems":true},"in2DMode":false,"pivot":{"x":0.42837077379226687,"y":1.4481762647628785,"z":3.9960005283355715},"rotation":{"x":0.12445371598005295,"y":0.022074198350310327,"z":-0.002838935237377882,"w":0.9919891357421875},"size":2.1868393421173097,"orthographic":false}