<?xml version="1.0" encoding="utf-8" ?>
<ROOT>
<THE-FOOL-PAST >The main challenge of your past lives have been that you haven't wanted to grow up or focus on any one thing. You were always excited to try something new or to take off on a path that was not the most responsible. You had grand ideas but little follow-through, which caused many problems. </THE-FOOL-PAST >
<THE-MAGICIAN-PAST >You failed to learn the lesson of listening to and utilizing your personal power. You had great ideas but were afraid to take action on them, leaving you behind on things that could have really helped you move forward in life. You didn't trust yourself or things that didn't come through your senses. </THE-MAGICIAN-PAST >
<THE-HIGH-PRIESTESS-PAST >In your past lives, you failed to pay attention to the guides that were set in your path. You failed to make use of some of the most important aspects of life, including your emotional and spiritual senses. These are very important, but it took many lives for you to figure out what these guides were worth. </THE-HIGH-PRIESTESS-PAST >
<THE-EMPRESS-PAST >The challenge of your past lives was that you failed to understand how people saw you and how much you had to offer. You contained a great deal of wisdom, but you didn't know how to utilize it, or even to recognize it was there. You went through many lives almost powerless without this knowledge. </THE-EMPRESS-PAST >
<THE-EMPEROR-PAST >Your main challenge in your past lives has been that you did not allowed yourself to listen to your intellect. You were ruled by your heart, but your head had a great many things to say also. You had difficulty listening to this important information, always thinking that intellect would lead you astray. </THE-EMPEROR-PAST >
<THE-HIEROPHANT-PAST >In your past lives, you always felt like you had to do the right thing and follow tradition. You were never able to stray from societal or religious norms. Rules were always more important than your own personal desires, and you made unnecessary sacrifices to hold up the status quo. </THE-HIEROPHANT-PAST >
<THE-LOVERS-PAST >In your past lives, you were faced with the struggle between the mind and the heart and between fear and love. You always felt torn about which side you should listen to. You often gave into the fear and did not go forth with things that you cared about because of fear of ridicule. </THE-LOVERS-PAST >
<THE-CHARIOT-PAST >In your past lives, you struggled to find the determination you needed to follow through on your goals. You had a great deal of energy and wonderful ideas, but you struggled to learn how to focus these two things to follow a goal. Your past lives suffered from unfulfilled objectives because of this. </THE-CHARIOT-PAST >
<STRENGTH-PAST >In your past lives, you have struggled with the concept of mind over matter. You had difficulty conquering your fears and controlling your impulses, which were necessary skills to accomplish any goal. Strength is being able to face your fears and move forward anyway. This is a concept you've struggled with for many lives. </STRENGTH-PAST >
<THE-HERMIT-PAST >You have always feared being alone, and it shows in many of your past lives. To be comfortable being alone was a skill that needs to be developed. Introspection has been a weak point in your lives. However, failure to be able to be alone and know ourselves can lead to putting everyone else above ourselves. </THE-HERMIT-PAST >
<WHEEL-OF-FORTUNE-PAST >In your past lives, you had difficulty understanding the truth of change. You tried hard to keep everything as it is, without understanding that the wheel continues to turn. One day would be good and the next difficult. You could not come to terms with this, and so were buffeted by the tides. </WHEEL-OF-FORTUNE-PAST >
<JUSTICE-PAST >Karma has been your enemy in past lives. You did not operate with the ideas of fairness, balance, and equity, which caused you to garner a fair amount of negative karma because of your treatment of others. You didn't necessarily consciously choose to treat other people poorly, but you didn't know better at the time. </JUSTICE-PAST >
<THE-HANGED-MAN-PAST >You failed to learn in your past lives when sacrifice was important. Sometimes it is best if you put the needs and desires of others above yours. By doing so you can gain greater rewards. However, you didn't realize this, which caused you to possibly not get everything you could have if you understood how sacrifice was beneficial. </THE-HANGED-MAN-PAST >
<DEATH-PAST >You had difficulty in your past lives because you couldn't accept change, loss and destruction. You held on to self-limiting beliefs and ideas, to relationships that didn't serve you, and ideas that you had outgrown. Holding on too tightly caused you a great deal of pain. Trying to control everything caused a great many problems. </DEATH-PAST >
<TEMPERANCE-PAST >Allowing balance in your life and patience to deal with many different situations has been a difficulty for you for many lives. You had difficulty finding peace and joy and you would throw yourself all in to anything that you were involved with, often to the detriment of your life and those around you. </TEMPERANCE-PAST >
<THE-DEVIL-PAST >Your past lives have been filled with bondage and servitude. You have often felt trapped in situations that you felt were beyond your control. You failed to realize in these lives that you had more control than you were willing to exert. It is very difficult to free yourself when everyone around you is in bondage. </THE-DEVIL-PAST >
<THE-TOWER-PAST >In past lives, you had difficulty dealing with changes. Everything seemed like a catastrophe and you panicked over every little change and imagined the worst case scenario every time something happened. It made it difficult to deal with day to day life. When everything is a crisis, life can be very difficult to manage. </THE-TOWER-PAST >
<THE-STAR-PAST >In your past lives, you had difficulty staying positive and looking on the bright side of any situation. It can be difficult to see how some things are positive, yet, it is helpful to do so, and it was a skill you struggled with in your past lives. Although times were tough, there was enjoyment also. </THE-STAR-PAST >
<THE-MOON-PAST >In your past lives, you had difficulty becoming connected with your intuitive side. When things haven't seemed rational, you didn't know how to deal with them. You found it difficult to function when everything wasn't rational. You couldn't listen to your gut, so to speak. You missed many opportunities because of this. </THE-MOON-PAST >
<THE-SUN-PAST >Negativity has been a constant trait for you over your past lives. Even when the sun was shining, you saw a reason to look for rain. You never learned about the power of a positive attitude. You also had difficulty staying focused on those things that were most important to you. You were distracted by your attitude. </THE-SUN-PAST >
<JUDGEMENT-PAST >You have spent many lives being judgmental of others and not allowing them to live their lives. You jumped to conclusions, assumed you knew what was right, and forced your opinion on everyone around you. People became frustrated with your actions and you had difficulty making friends because of your attitude. </JUDGEMENT-PAST >
<THE-WORLD-PAST >In your past lives, you have failed to understand the power of buckling down and doing the hard work you need to achieve your dreams. You had it in your head that life wonders would be given to you, yet, when you weren't given what you wanted, you didn't understand why. </THE-WORLD-PAST >
<ACE-OF-WANDS-PAST >New beginnings scared you in your past lives. You faced new ideas and opportunities with fear and pessimism. You had difficulty harnessing your energy to move forward and you often stayed stagnant in situations where growth could have been great for your life. Even positive change can be hard to accept when you don't deal with change at all. </ACE-OF-WANDS-PAST >
<TWO-OF-WANDS-PAST >There are two ways to face life: with happiness or in suffering. In your past lives, you chose to look at the suffering around you. It was very difficult for you to see past the pain and suffering you experienced to something better, and this view affected you deeply. You had trouble seeing the good in anything. </TWO-OF-WANDS-PAST >
<THREE-OF-WANDS-PAST >In past lives, you have struggled in the world of work. Whether it was working jobs that you hated or being unable to be successful at what you are doing, this has been an area of great struggle throughout your lives. You may have also struggled with leading people or cooperating with others. </THREE-OF-WANDS-PAST >
<FOUR-OF-WANDS-PAST >In past lives, you have struggled to find a place of your own. You may have wandered, or at least felt that you didn't belong where you ended up. Wanderlust was a strong pull for you, and finding the peace in a simple home life was a major struggle. There was so much more you wanted to do. </FOUR-OF-WANDS-PAST >
<FIVE-OF-WANDS-PAST >Your past lives are littered with petty fights, disagreements with others, and your desire to gain riches. Your struggles have led to many disagreements with people, and you never were able to find a balance between getting what you needed and wanted and keeping the peace with people around you. </FIVE-OF-WANDS-PAST >
<SIX-OF-WANDS-PAST >You have worked hard in many past lives, but for some reason, you have struggled to get the praise and recognition you deserve. Although you didn't necessarily need those things, you often lost out because people didn't recognize your skills and talents. Frustration was part of your lot in those lives. </SIX-OF-WANDS-PAST >
<SEVEN-OF-WANDS-PAST >Your past lives have been littered with conflict and strife. You did not learn how to deal with others effectively. You had difficulty attaining success because you were unable to figure out how to get along, to let people know what was on your mind, and what you needed with tact and compassion. </SEVEN-OF-WANDS-PAST >
<EIGHT-OF-WANDS-PAST >Your past lives have been littered with stagnation. It had been difficult for you to move forward and you often found yourself stuck. Action was difficult for you. Whether it was lack of motivation, fear, or something else, in your past lives, you felt stuck and unable to gain forward momentum. </EIGHT-OF-WANDS-PAST >
<NINE-OF-WANDS-PAST >In your past lives, you haven't had the strength needed to fight the opposition you faced. It required courage and strength to go forward even when you were being opposed by forces you could not control. Instead, however, those forces were able to control you. You struggled to stand in the face of opposition. </NINE-OF-WANDS-PAST >
<TEN-OF-WANDS-PAST >Hard work is supposed to bring success, but for you, success did not come as a reward for you in your past lives. You found ways to work, but the burden of success was never bestowed upon you. Success should have brought you more, and you were never able to get what success should bring. </TEN-OF-WANDS-PAST >
<PAGE-OF-WANDS-PAST >In your past lives, you had difficulty staying focused. There were so many new things going on, so many challenges to try, that you couldn't focus your energies enough to succeed at any single thing. This distraction caused you to miss a lot of opportunities and rewards you could have achieved. </PAGE-OF-WANDS-PAST >
<KNIGHT-OF-WANDS-PAST >Your past lives were riddled with you avoiding issues and hard work and giving up before you could see any success in your endeavors. You had difficulty focusing your energy in a specific direction, which caused you to lose self-confidence in your abilities. Oftentimes, you were unable to see projects through to completion. </KNIGHT-OF-WANDS-PAST >
<QUEEN-OF-WANDS-PAST >Your past lives have been very good to you. You were full of ideas and were able to bring great energy to your projects and your work. This has given you the ability to succeed at many different things. The only problem is that, because of your successes, others found you self-absorbed and egotistical. </QUEEN-OF-WANDS-PAST >
<KING-OF-WANDS-PAST >You have been an influential person in many past lives. Although you tried to be above reproach, when in a position of power, found it difficult to stay honest and conscientious when trying to keep their power. You may have experienced some instances where you were not above reproach for how you dealt with things. </KING-OF-WANDS-PAST >
<ACE-OF-SWORDS-PAST >Bravery was a trait you struggled with in many past lives. It was difficult for you to take the leap to do the right thing or to do something that went against convention. When you felt the fear, you tended to back away instead of facing it head on. Because of this, you often didn't accomplish things that you wanted. </ACE-OF-SWORDS-PAST >
<TWO-OF-SWORDS-PAST >In past lives, you had trouble working with other people. As more of a loner, partnerships in business and in life caused you problems. You had difficulty getting close to people or coming to reasonable compromises when you had disagreements. It made many work and home situations difficult for you. </TWO-OF-SWORDS-PAST >
<THREE-OF-SWORDS-PAST >Sorrow has been an underlying theme in your past lives. Emotional pain and hurt have been the prevailing factors. You had difficulty dealing with these intense emotions, which made it much more difficult to deal with them. Pain was a major part of life for you, but your inability to move forward made it even worse. </THREE-OF-SWORDS-PAST >
<FOUR-OF-SWORDS-PAST >You often allowed yourself to be taken advantage of in your past lives. You failed to set boundaries on your time and energy, allowing others to use you. This has been going on for many lives, and you have not been able to reach your full potential because of your inability to make time for yourself and your own projects. </FOUR-OF-SWORDS-PAST >
<FIVE-OF-SWORDS-PAST >You were strong and brave, but always chose to fight for the wrong things. You never really examined what you were fighting for, and caused a great deal of death and destruction along the way because of it. You lost your honor and many friends because you were too stubborn to listen to the ideas of others. </FIVE-OF-SWORDS-PAST >
<SIX-OF-SWORDS-PAST >You were resistant to change in past lives. Whether this was a change of opinion, idea, or even location, you stuck to your guns even when you knew that a change would be for the better. This has caused many problems with people, especially when you needed to change to accommodate those close to you. </SIX-OF-SWORDS-PAST >
<SEVEN-OF-SWORDS-PAST >You often found yourself the victim of people who took advantage of you through lies, cheating, and theft. You did not like to confront people, which led to you being taken advantage of. It was difficult for you to stand up for yourself, leaving you to be an easy mark for the dishonest. </SEVEN-OF-SWORDS-PAST >
<EIGHT-OF-SWORDS-PAST >Your past is riddled with situations where you felt trapped and unable to move forward, whether that be figuratively or literally. Being trapped often was in your own mind, yet you did not know how to overcome your resistance to moving forward. Because of this, you often missed opportunities that would have elevated your status in life. </EIGHT-OF-SWORDS-PAST >
<NINE-OF-SWORDS-PAST >You have a history of allowing yourself to be controlled by your fear and anxiety. In many lives, you had the power to move forward and give yourself the opportunity to do bigger and better things, yet you could not move forward in a productive way. You've missed out on many opportunities because of anxiety. </NINE-OF-SWORDS-PAST >
<TEN-OF-SWORDS-PAST >You have suffered much in your past lives. You have experienced a great deal of pain, misfortune, and loss. It was difficult for you to move forward because there was always something out of your control that led to more disappointment. Endings didn't always lead to better things, and life never really seemed stable. </TEN-OF-SWORDS-PAST >
<PAGE-OF-SWORDS-PAST >You've had a great deal of energy bubbling up through your lives. However, you had difficulty controlling this energy and it came out as brash and sometimes inappropriate. This has caused a great deal of difficulty in your lives, as you often offended or upset the very people you were trying to help. </PAGE-OF-SWORDS-PAST >
<KNIGHT-OF-SWORDS-PAST >Change was difficult for you in your past lives. Bravery was something that you did not possess or had not developed. You often found yourself in arguments or fights with others who had a difference of opinion from you, and you struggled with how to deal with these differences. Compromise was not easy for you. </KNIGHT-OF-SWORDS-PAST >
<QUEEN-OF-SWORDS-PAST >In your past lives, you took being strong to an extreme, and you used your force in inappropriate ways. This aggressive attitude caused people to turn against you. You lost friends and loved ones and were unable to get what you needed because you alienated people who could have been of help to you. </QUEEN-OF-SWORDS-PAST >
<KING-OF-SWORDS-PAST >You were forceful and unable to change your opinions about what was going on. When these two traits combined, you struggled in your past lives to get along with people because of this aggressive nature and your inability to see the point of view of others. Power can lead to alienation and loneliness. </KING-OF-SWORDS-PAST >
<ACE-OF-PENTACLES-PAST >You have struggled with being financially secure in past lives. You had difficulty earning money, possibly from not finding a good job, or in keeping it. You made foolish financial decisions, which caused you and your family a great deal of pain and stress. You never learned how to deal with money effectively. </ACE-OF-PENTACLES-PAST >
<TWO-OF-PENTACLES-PAST >Your biggest problem in your past lives have been to try and juggle too many things. You were involved in many things, but it caused you to struggle to balance everything. Trying to take care of your family, have a job, and take care of all the things in your life was a major issue for you over time. </TWO-OF-PENTACLES-PAST >
<THREE-OF-PENTACLES-PAST >Finding and keeping a skilled job was a difficult for you in your past lives. Finding success in work has been a struggle. It could be because you didn't find what you wanted to do, didn't receive training for a good job, or there were no jobs available. No matter the cause, you have struggled with work for many lives. </THREE-OF-PENTACLES-PAST >
<FOUR-OF-PENTACLES-PAST >Your past lives were plagued with the difficulty of letting go. You held onto things so tightly that you drove people and opportunities away from you. Holding on too tightly made you lose your security in life rather than enhanced it. The universe works on the principle that you get what you're willing to let go of. </FOUR-OF-PENTACLES-PAST >
<FIVE-OF-PENTACLES-PAST >Lack of security, health, and loss were huge themes in many of your past lives. You often found yourself suffering, whether it be from lack of financial resources or troubles with your partner or family. Either way, you felt left out in the cold and alone and were unsure how to grow and get out of your desperate situation. </FIVE-OF-PENTACLES-PAST >
<SIX-OF-PENTACLES-PAST >You fought against the give and take that life requires. You didn't want to be on the receiving end of charity out of pride, yet you also were not on the giving side. It could be that you never felt like you had enough, which caused you to hold onto what you had instead of giving freely. </SIX-OF-PENTACLES-PAST >
<SEVEN-OF-PENTACLES-PAST >Your biggest struggle through your past lives was the thought that there was never enough. You worked hard and had enough to take care of yourself and your family, yet you always felt like you had to do more. Even when you should have felt secure, you did not. Fear was your biggest motivator. </SEVEN-OF-PENTACLES-PAST >
<EIGHT-OF-PENTACLES-PAST >You worked way too hard in many past lives. You thought you needed to be everything to everyone, so it always seemed like you never had a second that wasn't filled with things you had to do. You burned yourself out and drove yourself nuts because you felt that you had to accomplish everything. </EIGHT-OF-PENTACLES-PAST >
<NINE-OF-PENTACLES-PAST >Your efforts to do well in your past lives have not quite gotten you what you'd hoped. You may have failed to put in the necessary work to make your dreams come true or your work didn't lead to the fruitful results that you had hoped for. Either way, the comforts you craved never came in your past lives. </NINE-OF-PENTACLES-PAST >
<TEN-OF-PENTACLES-PAST >You have taken chances in your past lives to gain material wealth, but these gambles haven't paid off. You have lost more than you've gained, and taking risks wasn't always the best way to try and become prosperous. Instead of working hard, you took risks, and they backfired on you. </TEN-OF-PENTACLES-PAST >
<PAGE-OF-PENTACLES-PAST >You have a long history of avoiding the work necessary to make greater gains in life. Effort was something you did not want to engage in, hoping instead that the get-rich-quick ideas would pay off. Unfortunately, you only get out as much as you were willing to put in. </PAGE-OF-PENTACLES-PAST >
<KNIGHT-OF-PENTACLES-PAST >Patience and responsibility were not your strengths throughout many of your lives. You hoped for people to take care of you and to make sure you had everything you wanted. You could be careless and idle, causing you to lose many things that you thought you deserved. Unfortunately, without work, rewards don't come. </KNIGHT-OF-PENTACLES-PAST >
<QUEEN-OF-PENTACLES-PAST >Security and self-confidence are traits that you desired in past lives, yet you were not able to develop. Because of your lack of self-esteem, you were distrustful of everyone around you. Because you lack security, you thought that everyone was out to get you. Lacking necessities of life caused you to be jealous of others. </QUEEN-OF-PENTACLES-PAST >
<KING-OF-PENTACLES-PAST >In your past lives, you didn't develop the traits of valor and intelligence. This caused you to feel weak and unable to take care of your own life. You failed to become the steward of your life. You did not learn how to focus your energies on your dreams and desires because you lacked the ability to do so. </KING-OF-PENTACLES-PAST >
<ACE-OF-CUPS-PAST >Because you cared so much for the people in your past lives, you sacrificed more for them than was really prudent. That left you with little energy to take care of your own needs. This lack of energy caused you to feel unstable and drained, and left little for you to utilize on for yourself. </ACE-OF-CUPS-PAST >
<TWO-OF-CUPS-PAST >You have had difficulty with partnerships in your past lives. You were more of a solitary soul, but continually found yourself paired up with people who did not have your best interests at heart. You didn't seem to be able to engage in partnerships that were balanced and fair, either in work or in your home life. </TWO-OF-CUPS-PAST >
<THREE-OF-CUPS-PAST >Your past lives were lessons in the dangers of excesses. You enjoyed life a little too much, often to the point of not taking care of your own responsibilities. You didn't realize that there was a time for celebration and a time for work. You wanted to enjoy yourself more than you wanted security. </THREE-OF-CUPS-PAST >
<FOUR-OF-CUPS-PAST >Your past lives were filled with boredom and apathy. The things in life no longer excited you, and you had difficulty finding ways to create happiness. You thought people had it better than you and failed to be happy with those things you were given. Jealousy made many of your past lives unhappy. </FOUR-OF-CUPS-PAST >
<FIVE-OF-CUPS-PAST >You have suffered great losses in many past lives. You have also had many blessings in your life. The difficulty you faced was to acknowledge that you still had many good things to look forward to. Instead you focused on those things you no longer had, causing life to be more painful and difficult than it had to be. </FIVE-OF-CUPS-PAST >
<SIX-OF-CUPS-PAST >Your struggle of many past lives was to fail to realize the simple joys that life could bring, such as holding the hand of someone you love or a flower growing in the sun. You spent so long looking for major things to make you happy that you missed the things that really make life worth living. </SIX-OF-CUPS-PAST >
<SEVEN-OF-CUPS-PAST >Your past lives were filled with confusion about the opportunities available to you. You never knew what you should focus your attention on, which made it difficult to gain anything from your efforts. This confusion stemmed from the desire to have every opportunity given to you instead of making a choice. </SEVEN-OF-CUPS-PAST >
<EIGHT-OF-CUPS-PAST >Your past lives have been littered with the theme of loss. Oftentimes you did not choose to walk away from things. Instead, things have been taken away from you, possibly forcibly. You have felt this loss keenly and were unable to deal productively with the losses you suffered. Dealing with these changes were a struggle for you. </EIGHT-OF-CUPS-PAST >
<NINE-OF-CUPS-PAST >A sense of discontent has followed you through many lives. You have failed to get the things your heart craves, making victory something you could not attain. However, you learned about other strong traits to incorporate into your life. You learned from your desires that there are things more important than material gain. </NINE-OF-CUPS-PAST >
<TEN-OF-CUPS-PAST >Your greatest lesson in life was happiness. Your past lives were focused on the idea of happiness in many forms, not just material possessions. Love was the most important thing you had. You were blessed with much happiness and fulfillment. You learned giving love enabled you to get love in return. </TEN-OF-CUPS-PAST >
<PAGE-OF-CUPS-PAST >Throughout our lives, you have struggled and worked hard, yet you left little time for happiness, dreaming, and play in your life. Life was hard, but work and toil were the only things you allowed yourself. Because of this, you suffered more than you needed to. Taking things too seriously caused you great pain. </PAGE-OF-CUPS-PAST >
<KNIGHT-OF-CUPS-PAST >Forward movement was always difficult for you. You wanted to make changes in your life, yet you didn't know how to do so. You felt a great deal of stagnation, although you have great dreams and ideas that you wanted to pursue. You just didn't know how to go about it. </KNIGHT-OF-CUPS-PAST >
<QUEEN-OF-CUPS-PAST >The theme of many of your past lives was that you have surrounded yourself with people who do not have your best interests at heart. Many people whom you should not trust were in your inner circle. This probably was because you couldn't tell authentic people from not. You wanted to trust everyone. </QUEEN-OF-CUPS-PAST >
<KING-OF-CUPS-PAST >In many past lives, you have been unlucky enough to be surrounded by people who were not honest or who were trying to take advantage of you. Although you may not have had much choice, you had difficulty dealing with people who didn't have your best interests at heart. You've been on the receiving end of unfairness. </KING-OF-CUPS-PAST >
<THE-FOOL-PRESENT >In your past lives, you've not wanted to grow up or to make decisions to settle down, and you seem to be facing that same problem now. You aren't ready to commit to anything, whether it be a career, love, or even what to do today. It's difficult to figure out your future when you can't figure out your present. </THE-FOOL-PRESENT >
<THE-MAGICIAN-PRESENT >You learned in your past lives to make use of all your faculties, including your spiritual, emotional, and mental powers combined. You continue to listen to all those different parts of you that show you which way to go. There seems to be some force in the universe that guides you. </THE-MAGICIAN-PRESENT >
<THE-HIGH-PRIESTESS-PRESENT >Spirituality is very important to you in this life. You have learned from past lives that the universe has many ways to give you information and your goal in this life is to learn to access them all. Synchronicities have proven to be very valuable for you in this life, and you rely on them to lead you. </THE-HIGH-PRIESTESS-PRESENT >
<THE-EMPRESS-PRESENT >You struggle to realize the power and wisdom you contain. People find you attractive, both physically and mentally, yet you cannot understand why. You need to learn that you are intelligent and appealing, even if you don't realize it. Try to see yourself the same way that others see you. </THE-EMPRESS-PRESENT >
<THE-EMPEROR-PRESENT >You are faced with many situations where your head would give you a great deal of information, but for some reason you ignore it. You are ruled by your heart, and find it difficult to trust the information through your mind. You may have some issues accepting how smart you really are. </THE-EMPEROR-PRESENT >
<THE-HIEROPHANT-PRESENT >You currently struggle with social norms, feeling like you cannot or will not be able to pave your own way because it is not what everyone expects of you. Although ritual and conformity have their place, you feel that they are holding you back. Yet you are unsure how to break away on your own. </THE-HIEROPHANT-PRESENT >
<THE-LOVERS-PRESENT >Because you have struggled with standing up for yourself in the face of fear, you often give up on your dreams and desires because you don't want to be the person to break the rules or go off on your own. You feel that acceptance may be more important than your own happiness. </THE-LOVERS-PRESENT >
<THE-CHARIOT-PRESENT >You continue to struggle with focusing your energy into a productive goal. You have many dreams and desires, but somehow you find them more as long term wishes rather than something to work toward. Unfocused energy has plagued your lives, and you are unsure how to move your dreams forward productively. </THE-CHARIOT-PRESENT >
<STRENGTH-PRESENT >You continue to struggle with the idea of mind over matter. You have not learned to control your fear and have dominion over your impulses, which leads you to have great difficulty in completing goals and following through on your desires. You need to strengthen these muscles so you are able to accomplish your goals. </STRENGTH-PRESENT >
<THE-HERMIT-PRESENT >You continue to struggle in this life with self-reflection and introspection. Because of this, you do not seem to know yourself or your desires very well. If you don't understand why you do things, you will never be able to make positive changes in your life. Introspection is important for a fulfilled life. </THE-HERMIT-PRESENT >
<WHEEL-OF-FORTUNE-PRESENT >Your past lives have affected your ability to deal well with change. You still struggle with understanding that the world isn't stagnant, and change is a necessary part of life. When you refuse to acknowledge change, you are forced to suffer the consequences when you are unprepared for it to happen. </WHEEL-OF-FORTUNE-PRESENT >
<JUSTICE-PRESENT >You are currently struggling to understand the issue of karma, which leads you to make poor decisions in your life. You never learned that what you do to others will come back to you, and even inadvertently not nothing about another person's feelings can cause you pain. You need to work with your karmic debt. </JUSTICE-PRESENT >
<THE-HANGED-MAN-PRESENT >You do not like to let go of anything in your life. You never learned the value of sacrifice or letting go, which causes you to hold too tightly onto the people and things in your life. However, holding too tightly can cause a backlash and cause many issues with others. </THE-HANGED-MAN-PRESENT >
<DEATH-PRESENT >You continue to have a difficult time accepting change and letting go of things. You think you can control everything that comes into your life. This is a long-standing pattern through many lives and you haven't quite learned how to change your thought processes and attitudes. Accepting change can be very difficult. </DEATH-PRESENT >
<TEMPERANCE-PRESENT >You continue to have difficulty with patience and balance in your life. You want everything now and you put all your time and energy to get what you want. However, you tend to alienate people when you act like this, making it more difficult to get what you desire because few people are on your side. </TEMPERANCE-PRESENT >
<THE-DEVIL-PRESENT >You continue to allow people to control you and your life. Although in your past lives you didn't have much control over your bondage, you have control now, yet you fail to exercise your freedoms. You allow people to tell you how to live, you stay in jobs or relationships that don't bring you joy, and life seems difficult. </THE-DEVIL-PRESENT >
<THE-TOWER-PRESENT >You continue to suffer from the issue that every change in life is a major catastrophe. You react to change in such an over-the-top way that people have difficulty dealing with you. Drama is not attractive, but it is so easy to fall into the pattern of looking for attention through constant crisis. </THE-TOWER-PRESENT >
<THE-STAR-PRESENT >You continue to have difficulty looking at the positive side of any situation. Although life can be hard, you make it much harder than it has to be when you see the negative in the situation. Also, you have a hard time attracting people to you when everything always seems so hard. </THE-STAR-PRESENT >
<THE-MOON-PRESENT >You continue to experience difficulty listening to your psychic, intuitive side. You function more on a rational plane. However, this can leave you at a disadvantage when logic doesn't hold the answers you seek. Your instincts need to be exercised in order for them to function well. But learning to use them has been difficult for you for many lifetimes. </THE-MOON-PRESENT >
<THE-SUN-PRESENT >Even when things are going well in life, you tend to have a negative view of everything. This has been held over from many past lives, but yet the lesson still hangs over you. It is hard when everything seems so difficult. You don't meet people easily and everything seems like a crisis. </THE-SUN-PRESENT >
<JUDGEMENT-PRESENT >You continue to pass judgment on others around you. You jump to conclusions and believe that you know better than others around you. This has caused some tension in your life because you refuse to acknowledge that people have a different point of view from you. Yet you get frustrated if others treat you the same. </JUDGEMENT-PRESENT >
<THE-WORLD-PRESENT >A sense of entitlement seems to follow you into this life. You think you should get things without the hard work that goes into them. Yet, when you do put forth effort, you don't ask for the help that you could get. You either want to do it all on your own or have everything given to you. </THE-WORLD-PRESENT >
<ACE-OF-WANDS-PRESENT >You continue to have difficulty dealing with change, and you face it with more trepidation than excitement. Although change is good, it is scary, and you find it easier to live your life frightened than it is to face new opportunities. You don't want to fail, so you don't try at all. </ACE-OF-WANDS-PRESENT >
<TWO-OF-WANDS-PRESENT >You still struggle with seeing the positives in life. Your negative experiences have haunted you through many lifetimes, and you still have difficulty shaking the fact that suffering and death are a major portion of life. You have yet to experience the joys life can bring. You do not know how to be positive. </TWO-OF-WANDS-PRESENT >
<THREE-OF-WANDS-PRESENT >The world of work has continued to be an issue in this life. Whether it's being unable to find work that pleases you, struggling to gain the recognition you feel you deserve, or being unable to work well with people. You have a mind of your own and find it difficult to work with people who don't have your vision. </THREE-OF-WANDS-PRESENT >
<FOUR-OF-WANDS-PRESENT >Wanderlust continues to be a problem for you. When everyone else was settling down, you still felt the need to explore. Because of your need to live a lifestyle that others find unusual, you've had difficulty finding your place in this life. Peace and harmony have not come easy for you. </FOUR-OF-WANDS-PRESENT >
<FIVE-OF-WANDS-PRESENT >Disagreements, struggle, and fighting seem to follow you into this life. You have difficulty acquiring what you want to lead a happy life. This could be monetary wealth, but also could be more intangible riches you seek. However, your approach to getting your needs met often upset others around you. </FIVE-OF-WANDS-PRESENT >
<SIX-OF-WANDS-PRESENT >You are facing many challenges in this life, and others do not recognize you for your talents, skills, and the contributions you can make. Although doing good work should be good enough, you also crave the recognition for what you do. This is a very natural desire, but you haven't figured out how to get it yet. </SIX-OF-WANDS-PRESENT >
<SEVEN-OF-WANDS-PRESENT >You have been trying to work from a place of valor, but you have difficulty communicating your thoughts and needs with others. This causes you to experience more conflict than you desire. This has been a pattern for many lives. You generally have the upper hand, but you feel like you have to fight to stay on top. </SEVEN-OF-WANDS-PRESENT >
<EIGHT-OF-WANDS-PRESENT >Forward momentum continues to be difficult for you. Fear and lack of motivation are keeping you from reaching your full potential. You don't know how to gather the strength needed to make decisions to propel yourself forward. Feeling stuck and unable to make a decision seems to be a perpetual state for you. </EIGHT-OF-WANDS-PRESENT >
<NINE-OF-WANDS-PRESENT >You suffer from anxiety and worry over situations where you should be moving forward but aren't. You have great difficulty standing up in the face of opposition. This fear is paralyzing and seems to come from a place that is much older and deeper than this current life. Forward momentum seems impossible. </NINE-OF-WANDS-PRESENT >
<TEN-OF-WANDS-PRESENT >You continue to put in the effort, possibly even more than you should, yet you aren't reaping any of the rewards of success from the work you are doing. You have a history of working without success. You need to learn to work smarter, not harder. This has been your curse for many lives. </TEN-OF-WANDS-PRESENT >
<PAGE-OF-WANDS-PRESENT >Distraction is your biggest problem. You are fascinated by so many things that you are unable to focus on your current project. This is a long-standing issue and makes it difficult to be successful at anything. It is almost as if you are sabotaging your efforts by giving up before you can gain the rewards. </PAGE-OF-WANDS-PRESENT >
<KNIGHT-OF-WANDS-PRESENT >You have a history of avoiding hard work and any conflict that you may encounter. This causes your energy to stagnate, and makes you unable to follow through on projects. You are starting to understand that you need to learn to focus and dedicate yourself to a specific task or idea to succeed. </KNIGHT-OF-WANDS-PRESENT >
<QUEEN-OF-WANDS-PRESENT >You have a great energy and fiery power, and you know how to focus it well. The biggest issue from your past lives is that your successes have made you self-absorbed, and you can be difficult to get along with. You are generally right, but you haven't yet learned to be humble. </QUEEN-OF-WANDS-PRESENT >
<KING-OF-WANDS-PRESENT >You are strong and capable and in some position of power. In the past, you have had difficulty walking the moral high ground when in the same position, and you find yourself struggling at times to always do the right thing. Honesty and conscientiousness are traits that people look up to. You need to figure out how to harness them. </KING-OF-WANDS-PRESENT >
<ACE-OF-SWORDS-PRESENT >Bravery has been an issue that has haunted you for many years, and it continues to haunt you in this life. You don't know how to face things head on, and you tend to back away when faced with a decision where you will have to stand up for yourself. This fear makes it hard to start new projects. </ACE-OF-SWORDS-PRESENT >
<TWO-OF-SWORDS-PRESENT >As a loner, relationships and partnerships continue to be difficult for you. You struggle with intimacy, and have had this difficulty for many lives. You find it better to rely on yourself than others. It could be a lack of trust or a lack of desire to compromise what you want for other people's ideas. </TWO-OF-SWORDS-PRESENT >
<THREE-OF-SWORDS-PRESENT >You have a great many emotional issues on your plate in this life, and you have difficulty dealing with the sorrow and let down that you have suffered. Although pain is part of every life, when you cannot deal well with it and move forward positively, it intensifies the pain that you experience. </THREE-OF-SWORDS-PRESENT >
<FOUR-OF-SWORDS-PRESENT >You continue to find that setting boundaries, taking time for yourself, and allowing yourself the space to be yourself are big challenges that have followed you for many lives. You struggle even to take some time for yourself when you feel burned out. You allow others to control your time and energy. </FOUR-OF-SWORDS-PRESENT >
<FIVE-OF-SWORDS-PRESENT >You tend to win, but there is always a cost. You choose to fight on the wrong side, and this causes much pain and strife between you and your friends and colleagues. When you choose the wrong side of an idea and fight for it, you can make a fool of yourself and show others your lack of forethought. </FIVE-OF-SWORDS-PRESENT >
<SIX-OF-SWORDS-PRESENT >Change continues to be a difficult thing for you. Through many past lives, you may have been viewed as being stubborn because you refuse to change, even when evidence is on the side of change. It has made it difficult for you to resolve issues with colleagues and loved ones. </SIX-OF-SWORDS-PRESENT >
<SEVEN-OF-SWORDS-PRESENT >You are a trusting soul, which, unfortunately, makes it easy for people to take advantage of you. Whether they steal your secrets, your ideas, or your money, you often find yourself confronted with having to deal with dishonest people. Your desire to avoid confrontation has also assisted in this problem. </SEVEN-OF-SWORDS-PRESENT >
<EIGHT-OF-SWORDS-PRESENT >You continue to struggle with being trapped in many different situations. Often, this feeling of being trapped is in your own mind, but you fail to realize that you have the power to change your circumstances. You allowed defeat to control you instead of taking the next step to move forward. </EIGHT-OF-SWORDS-PRESENT >
<NINE-OF-SWORDS-PRESENT >You continue to allow your anxiety to control the decisions you make in this life. Instead of facing your fears head on, you tuck your tail between your legs and pretend the opportunities aren't there. You've missed a lot of great things in this life because of the fear you feel. </NINE-OF-SWORDS-PRESENT >
<TEN-OF-SWORDS-PRESENT >You continue to suffer a great deal of pain and loss. You have difficulty moving forward into the future because of the pain you experienced in the past. You've forgotten the old adage that whenever one door closes, another opens. Maybe you haven't opened your eyes enough to see the new opportunities. </TEN-OF-SWORDS-PRESENT >
<PAGE-OF-SWORDS-PRESENT >You continue in this life to have a great deal of energy but little concept on how to focus it properly to get what you want and need from others. It's difficult for you to get what you want and still regulate your energy. Unfortunately, this can lead you to alienate the very people you are trying to work with. </PAGE-OF-SWORDS-PRESENT >
<KNIGHT-OF-SWORDS-PRESENT >You continue to struggle with issues of bravery and skill in this life. You often do not want to stand up for your beliefs for fear of upsetting others. You are hesitant to rock the boat, which leads people to walk all over you. You aren't brave enough to withstand the storm of opposition. </KNIGHT-OF-SWORDS-PRESENT >
<QUEEN-OF-SWORDS-PRESENT >You have used your strength and power in life, yet you haven't learned how to control it. Your overuse of force against others turns people off and actually causes people to be turned off by your aggressive nature. Being too forceful is just as bad as not being forceful enough. It alienates people. </QUEEN-OF-SWORDS-PRESENT >
<KING-OF-SWORDS-PRESENT >You struggle with being too forceful and too opinionated, often causing people to be turned off by your tactics. You can be judgmental of others and find it hard to exercise the necessary tact needed to be successful. Although at times this forceful approach is necessary, more often than not, you need to learn to back off. </KING-OF-SWORDS-PRESENT >
<ACE-OF-PENTACLES-PRESENT >You continue to have difficulty managing your financial health in this life. This has been a problem that has plagued you for many lifetimes. You haven't found a good job or haven't gotten any decent financial advice to stay solvent in the current financial economy. You make poor decisions because you are scared to take risks. </ACE-OF-PENTACLES-PRESENT >
<TWO-OF-PENTACLES-PRESENT >The struggle of balance has been one in your life. You try to do too many things at once, and unfortunately, when you do this, everything suffers. Balance can only go so far. If you have too many balls in the air, you will start to drop them. You've been suffering from trying to do too much for many lifetimes. </TWO-OF-PENTACLES-PRESENT >
<THREE-OF-PENTACLES-PRESENT >You are having difficulty in this life finding and keeping suitable work. Did you have money for school or proper training? Are there no jobs available where you live? Whatever the issue, you have been unable to take care of yourself and your family, a problem that has plagued you for many lives. </THREE-OF-PENTACLES-PRESENT >
<FOUR-OF-PENTACLES-PRESENT >The struggle to let go has been hard for you. Instead, you hold onto things so tightly that you suffocate them. If it's a person, you drive them away. If it's material possessions, you never learned that holding too tightly can keep you from gaining more. You get as much as you are willing to give. </FOUR-OF-PENTACLES-PRESENT >
<FIVE-OF-PENTACLES-PRESENT >You continue to find yourself suffering great losses, financial difficulty, ill health, or even troubles on the relationship front. You feel like you are left out in the cold, so to speak. You have forgotten how to ask for help, or if you have, you have not found anyone to help you out of your troubles. </FIVE-OF-PENTACLES-PRESENT >
<SIX-OF-PENTACLES-PRESENT >The theme from your past lives is that of being able to be generous and accept another's generosity. You do not want to do either. You feel too proud to take help when you need it, yet are unsure how to help others. This leaves you out of the cycle of life and prevents you from feeling true prosperity. </SIX-OF-PENTACLES-PRESENT >
<SEVEN-OF-PENTACLES-PRESENT >You continue to feel that you will never have enough, which causes you to work harder than necessary to feel stable. Security is a phantom that you cannot seem to capture. You put so much energy into your work that you have none left for everything else, such as your family. </SEVEN-OF-PENTACLES-PRESENT >
<EIGHT-OF-PENTACLES-PRESENT >Your life is cursed with the idea that you must work so hard and give everything to everyone. You have an admirable work ethic, but you are working for work's sake and investing too much energy into tasks that reap no meaningful rewards. You don't have to carry the weight of the world on your shoulders. </EIGHT-OF-PENTACLES-PRESENT >
<NINE-OF-PENTACLES-PRESENT >You continue to struggle with gathering the abundance you want and desire in this life. You put forth effort, yet you haven't seen the results for what you have put in. This could be because you have failed to see where your talents are most useful. You feel unworthy because you have not gotten material wealth. </NINE-OF-PENTACLES-PRESENT >
<TEN-OF-PENTACLES-PRESENT >You have a history of taking risks to try to become prosperous, instead of earning money and luxury the old fashion way. You have not been able to achieve those things that you wanted and desired, and your gambles continue to backfire on you. You've not learned the lesson of hard work. </TEN-OF-PENTACLES-PRESENT >
<PAGE-OF-PENTACLES-PRESENT >You continue to try and find ways to shortcut the hard work and dedication needed to get the things you want in life. You have failed to learn the lesson of determined effort toward a goal. You continue to hope that great things will come to you just by wishing for them. </PAGE-OF-PENTACLES-PRESENT >
<KNIGHT-OF-PENTACLES-PRESENT >You continue to dream of the idea that others should take care of you. It makes it difficult to take responsibility for your own life. Throughout many lives, you have held this belief, and in some lives it may have even worked out for you. But in this life, you will not get what you don't work for. </KNIGHT-OF-PENTACLES-PRESENT >
<QUEEN-OF-PENTACLES-PRESENT >Envy and distrust are the hallmarks of your life. You have not been able to get the financial security you want and you don't have the motivation to work hard for it, yet you look at other people and what they have. This causes you to feel jealous for what you want but do not have. </QUEEN-OF-PENTACLES-PRESENT >
<KING-OF-PENTACLES-PRESENT >You continue to have difficulty taking control of your own life. You may not have developed the traits necessary to be able to feel in control of your destiny. This is a flaw that has followed you through many lives. It's difficult for you to use all the resources available to you. </KING-OF-PENTACLES-PRESENT >
<ACE-OF-CUPS-PRESENT >Your biggest theme throughout your many lives has been to sacrifice your own needs and desires for those of the people you love. This has followed you into this life and is causing you to be unable to fulfill your own needs. It is difficult to function from a place of depletion. </ACE-OF-CUPS-PRESENT >
<TWO-OF-CUPS-PRESENT >You continue to struggle with having successful partnerships. This is true both in your personal life, such as in relationships, and at work. You are a person who enjoys being alone more than you enjoy being with others, which makes working mutually with people difficult for you. Balance and commitment have always been a struggle. </TWO-OF-CUPS-PRESENT >
<THREE-OF-CUPS-PRESENT >Throughout many lives, you have enjoyed the excesses of life, but have often failed to do the work necessary to live. Enjoyment is a positive thing, but not at the expense of the less pleasant parts of life. You haven't yet learned that every day cannot be a party. You have to do the hard work too. </THREE-OF-CUPS-PRESENT >
<FOUR-OF-CUPS-PRESENT >Apathy is the plague of your life. You fail to realize how blessed you are in this life, and instead feel envy for the things that people around you have. As long as you feel jealousy in your heart, you will never find true happiness. You have carried the pain of boredom for many lives. </FOUR-OF-CUPS-PRESENT >
<FIVE-OF-CUPS-PRESENT >You have a history of holding onto pain rather than joy. Everyone experiences both loss and blessings in their lives, yet you only want to acknowledge those negative things you've experienced. This causes you to be a very sad person. Although mourning is normal, a perpetual state of misery is not. </FIVE-OF-CUPS-PRESENT >
<SIX-OF-CUPS-PRESENT >You're so busy in this life chasing ultimate happiness, you continue to miss the simple joys that are right in front of you. Your energy is wasted in futile pursuit of things you cannot have and, if you do get them, will not make you happy. Striving for material items only makes you want more and doesn't lead to happiness. </SIX-OF-CUPS-PRESENT >
<SEVEN-OF-CUPS-PRESENT >You struggle to make appropriate choices in life. There are so many offers and opportunities in front of you that you feel lured by their splendor. You don't realize that not every opportunity is valid or appropriate for you. Instead, you let the false desires cloud your vision. Clarity and focus are what you need to learn. </SEVEN-OF-CUPS-PRESENT >
<EIGHT-OF-CUPS-PRESENT >Your sense of loss has followed you through many lives. You have been so influenced by losses suffered over many years that you hang on too tightly to things, even when you know that you should move on. It's difficult to feel like you will lose everything you care about. </EIGHT-OF-CUPS-PRESENT >
<NINE-OF-CUPS-PRESENT >You have failed to find contentment in your heart. You have been working hard to find fulfillment in the people and things around you, but you haven't been able to get past the negatives that you also find. When you focus on the negative, you are unable to find happiness in your heart. </NINE-OF-CUPS-PRESENT >
<TEN-OF-CUPS-PRESENT >Your biggest task in this life is to learn about what true contentment really is. Instead of striving for material gain, you are learning that contentment in your heart and finding people to love and take care of are what truly bring happiness in this life. People are the most important thing in the world. </TEN-OF-CUPS-PRESENT >
<PAGE-OF-CUPS-PRESENT >You are taking yourself too seriously. You have suffered through many lives, thinking that work was the only way to live. Yet you didn't learn that you can work too much and too hard, and that life is about having fun, dreaming, and enjoying things as much as it is about achievement. </PAGE-OF-CUPS-PRESENT >
<KNIGHT-OF-CUPS-PRESENT >You are a dreamer, but you haven't learned how to focus your dreams into productive action. Dreaming is fine, but if you want to achieve many things in life, finding a way to move forward is also essential. This is what you lack, and has been a theme for you for many lives in the past. </KNIGHT-OF-CUPS-PRESENT >
<QUEEN-OF-CUPS-PRESENT >You continue to surround yourself with people who are not above reproach and may not be good for you. You have difficulty distinguishing between trustworthy and untrustworthy people. You are too open, which has caused problems. You haven't learned to listen to your intuition, which was put into place to be a guide in your life. </QUEEN-OF-CUPS-PRESENT >
<KING-OF-CUPS-PRESENT >You find yourself surrounded by people who have no interest in kindness or compassion, and may not have your best interests at heart. You continue to have difficulty dealing with this type of person and you feel incapable of removing these difficult people from your life. They may be trying to steer you in the wrong direction. </KING-OF-CUPS-PRESENT >
<THE-FOOL-FUTURE >You have learned from your past lives to never let go of your childlike side. It is important to be responsible, but it is also important to hang onto that part of yourself that finds wonder in the everyday. You know how to look at things like they are new, and start every day fresh. </THE-FOOL-FUTURE >
<THE-MAGICIAN-FUTURE >You've learned from your past lives to listen to that still small voice inside you that tells you many important things. Intuition and synchronicity are wonderful guides to what is right in your life. Through many lives you learned to listen to that guide and it has served you well. </THE-MAGICIAN-FUTURE >
<THE-HIGH-PRIESTESS-FUTURE >Your past lives have taught you that there are more things in life than you can see with your eyes and touch with your hands. You learned to rely on all things that can give you information, including your intuition, your dreams, and even synchronicities that happen to you. They are all important. </THE-HIGH-PRIESTESS-FUTURE >
<THE-EMPRESS-FUTURE >You learned from your past lives that you are an important person and that people see you as both physically and intellectually attractive. You have a great deal of wisdom and many things to contribute, and you are finally learning about your power because you have chosen to see yourself the way others see you. </THE-EMPRESS-FUTURE >
<THE-EMPEROR-FUTURE >You have learned that you are smarter that you give yourself credit for, and that following your mind will lead you to good places. You don't have to follow only your heart. Your intellect has a great deal to offer and you have accepted who you are and all that you have to offer. </THE-EMPEROR-FUTURE >
<THE-HIEROPHANT-FUTURE >You have learned that there is a time for tradition and a time for straying from the traditions you were given by society. The biggest lesson you've gotten is when each one is important. You know that you don't have to adhere to the rules all the time. </THE-HIEROPHANT-FUTURE >
<THE-LOVERS-FUTURE >You have learned from your past life struggles that your heart has a lot to tell you. You can follow your heart and reject fear and face discontent and still be strong and kind. People learn to respect you when you follow your dreams and your heart. There is a lot there to listen. </THE-LOVERS-FUTURE >
<THE-CHARIOT-FUTURE >You have learned from your past lives that you need to focus your energy toward an objective. It can seem a simple thing, but learning how to focus your energy has taken a long time, many lives, in fact, to do well. Having desires is not enough. Having the determination to put those desires into motion is necessary. </THE-CHARIOT-FUTURE >
<STRENGTH-FUTURE >You have learned from your past lives how to utilize your strength and abilities to attain your goals. You have learned to be assertive, conquer your impulses, and control yourself enough to focus on a goal and achieve it. Many lives have been used so you can take control of yours. </STRENGTH-FUTURE >
<THE-HERMIT-FUTURE >Your past lives have taught you the importance of being alone and comfortable with yourself. When you can accept yourself and spend time on introspection, you have a greater ability to understand your wants and needs and to fulfill your desires. You are also better able to stand up for yourself when you know exactly who you are. </THE-HERMIT-FUTURE >
<WHEEL-OF-FORTUNE-FUTURE >Your past lives have taught you how to not only accept change, but to look forward to it. Each day is something new and exciting and you may not know what is going to happen, but you are prepared. When you expect everything to be the same, you cannot deal with it when it changes. </WHEEL-OF-FORTUNE-FUTURE >
<JUSTICE-FUTURE >Your past lives have helped you to understand the effects of karma in your current life. Because of this, you are incorporating the law of cause and effect into your life and are treating others with fairness and balance. You feel better knowing that you are treating others well, and you get back as much as you give. </JUSTICE-FUTURE >
<THE-HANGED-MAN-FUTURE >You have learned from your past lives that sometimes you must make sacrifices and sometimes you must hold true to your beliefs. But the most important lesson you learned is to know when to do which thing. It is never easy to know whether you should hold your ground or give, but you have a great understanding of this principle. </THE-HANGED-MAN-FUTURE >
<DEATH-FUTURE >You have learned from your past lives that you need to learn to accept things as they are, to let go, and to not try and control everything around you. You are even learning to let go of beliefs and attitudes that no longer serve you. Allowing change in your life allows you to grow as a person. </DEATH-FUTURE >
<TEMPERANCE-FUTURE >Your past lives have taught you patience. You have spent many lives learning this lesson, rushing in and alienating people. Instead, you have learned that you cannot get everything you want at once and that you must exercise patience and discretion when dealing with life. You attract more people to you by exercising patience. </TEMPERANCE-FUTURE >
<THE-DEVIL-FUTURE >You have learned the lesson from your past lives that, no matter how hopeless a situation can seem, you have control over everything you are involved in. Whether that control is to change your circumstances or to change your attitude, you are able to break through the restrictions that once held you. </THE-DEVIL-FUTURE >
<THE-TOWER-FUTURE >You have learned that not everything is a crisis and that you can make it through problems and issues without turning it into a major problem. Life seems much calmer now that everything doesn't explode in your face. It's amazing how much of a crisis is really small when you choose to see it that way. </THE-TOWER-FUTURE >
<THE-STAR-FUTURE >You have learned that not everything is a tragedy and that there are many positive things in life. If you look at the bright side, you can see that life is much better than you thought it was. By looking at the bright side, you have learned that there are many wonderful things to experience. </THE-STAR-FUTURE >
<THE-MOON-FUTURE >You have learned from your past lives to become more intuitive in this life. After lifetimes of development, you have realized that your intuitive, psychic side is as important as your rational side. This opens up an entire world of possibilities that you never knew you could experience. Life seems sweeter now. </THE-MOON-FUTURE >
<THE-SUN-FUTURE >After many lives of struggle, you have learned that life isn't as difficult as you've made it out to be. You can see the bright side of things and aren't always focused on the negative. It has taken a long time for you to realize the positive aspects, even through great difficulty. </THE-SUN-FUTURE >
<JUDGEMENT-FUTURE >In this lifetime, you have gained the skill of tempering your judgment toward others. You now realize that others have different opinions from you and you cannot completely understand everyone's life circumstances. The beauty is it has opened up a new life for you and more acceptance from the people around you. </JUDGEMENT-FUTURE >
<THE-WORLD-FUTURE >Your lesson from your past lives you have lived is to work hard, yet not be afraid to ask for help when you need it. It took many lives to discover when you should ask for help and when you should go it on your own. You have also learned that you must earn things in life. </THE-WORLD-FUTURE >
<ACE-OF-WANDS-FUTURE >You've learned to look at the positive side of things. When change occurs, you have learned to welcome it with open arms. It wasn't always easy, and it sometimes is still a struggle to counter your fear, but bravery is the ability to face fear and still move forward in a positive way. </ACE-OF-WANDS-FUTURE >
<TWO-OF-WANDS-FUTURE >You have learned, through many trials, that you can see the positive in life, even though the negative still exists. It's possible for both to exist together, and you have learned to enjoy the good things in life without ignoring those negative things that exist. In fact, those negative things make the joy even stronger when you're open to it. </TWO-OF-WANDS-FUTURE >
<THREE-OF-WANDS-FUTURE >You have struggled for many lifetimes to find your place in the world of work. Through that time you have learned many tricks, but most importantly, you learned how to forge out a spot for yourself wherever you go. You also know to follow your heart and not to sacrifice your vision for a paycheck. </THREE-OF-WANDS-FUTURE >
<FOUR-OF-WANDS-FUTURE >You have learned that peace and harmony may not be the most important parts of life. Even if you never find a place to settle down, or feel trapped in a world that doesn't understand you, you have managed to forge out a niche for yourself where you can be happy and comfortable. Self-acceptance is the first step. </FOUR-OF-WANDS-FUTURE >
<FIVE-OF-WANDS-FUTURE >You understand that competition is part of life, but you have learned to make your enemies your friends. It has taken you many lives to understand that you attract more with honey than vinegar, and you have learned to use your charm to get your needs met, rather than your wits. </FIVE-OF-WANDS-FUTURE >
<SIX-OF-WANDS-FUTURE >Over time, you've learned both to do the work and to be able to claim the glory. You do not fear making the effort and you have learned to stand up for yourself, when it would be easier to be quiet and let others take the credit for the work that you do. Self-confidence is the new skill you've learned. </SIX-OF-WANDS-FUTURE >
<SEVEN-OF-WANDS-FUTURE >You now have the ability to make your needs and desires known without causing a great deal of conflict. This has been a difficult lesson for you, to gain the finesse necessary to keep people on your side and to avoid the verbal fighting that has often occurred for you. </SEVEN-OF-WANDS-FUTURE >
<EIGHT-OF-WANDS-FUTURE >Your past lives have taught you that you need to take swift action to get what you want. Things will not be given to you, and the lesson you've learned is that you have to do what needs to be done because no one else will. Activity, effort, and speed have become your allies. </EIGHT-OF-WANDS-FUTURE >
<NINE-OF-WANDS-FUTURE >The lessons of the past have helped you gain the strength to move forward even when others were against you. You have struggled to face opposition in the past, but you've learned self-confidence and take comfort in your own strength and ability to get things done. You are now more proactive. </NINE-OF-WANDS-FUTURE >
<TEN-OF-WANDS-FUTURE >You have made a breakthrough. Your past lives have taught you the value of hard work, but have until now have failed to teach you how to capitalize on the work you do. Now you have learned that you can work smart and gain greater success than keeping your head down and working had given you. </TEN-OF-WANDS-FUTURE >
<PAGE-OF-WANDS-FUTURE >It has taken many lifetimes, but you have finally learned the value of focus and hard work. In the past, you have been easily distracted and would sabotage your efforts by not being able to see a project through. One of the greatest gifts you have given yourself is to learn this focus for yourself. </PAGE-OF-WANDS-FUTURE >
<KNIGHT-OF-WANDS-FUTURE >Your energy is high, and you have learned through trial and error how to harness that energy and focus it on a specific goal. You know what needs to be done and you do it, which has given you great success in this life. It has taken many lives, but you have learned how to be successful in all endeavors. </KNIGHT-OF-WANDS-FUTURE >
<QUEEN-OF-WANDS-FUTURE >Fire and passion are your hallmarks. You work and play hard and you get a lot done. You have learned the lesson of diligence through many lifetimes. You have also learned a little humility through all this success. It can be difficult to stay humble when you are so successful, but it always serves you better than egotism. </QUEEN-OF-WANDS-FUTURE >
<KING-OF-WANDS-FUTURE >The biggest difficulty is for someone in power to stay above reproach, and you have struggled with that in the past. However, in this life you have learned the power of honesty and morality. You know it is more important to follow your own moral compass than it is to stay in power. Your priorities have changed. </KING-OF-WANDS-FUTURE >
<ACE-OF-SWORDS-FUTURE >Bravery is your new battle cry. You spent many lives shrinking away when the moment came, and because of that, you missed many opportunities. But through this, you learned that you must stand up in the face of fear and do things anyway. It is the only way to move forward in life. </ACE-OF-SWORDS-FUTURE >
<TWO-OF-SWORDS-FUTURE >Although it has been difficult, you have been learning the skills you need to succeed when working with another person. You have learned the skills of compromise and harmony with others. You now know that there are many ways to look at life, and your opinion is not fact. The opinions of others are also helpful. </TWO-OF-SWORDS-FUTURE >
<THREE-OF-SWORDS-FUTURE >Pain and sorrow are part of everybody's life. However, you have learned to move past these feelings and not let them rule your life. This has been a hard-won lesson, gained over many lifetimes. You have learned to deal with negative emotions positively and to utilize your pain to plan for your future. </THREE-OF-SWORDS-FUTURE >
<FOUR-OF-SWORDS-FUTURE >The most important lesson you have learned from your past lives is to take time for yourself. You learned to set boundaries, allow for times of solitude and give yourself the ability to do your own work and follow your dreams. You no longer allow people to control your time and energy. </FOUR-OF-SWORDS-FUTURE >
<FIVE-OF-SWORDS-FUTURE >You have learned to stand up for your beliefs only after you have given them close examination. In your past lives, you have often fought for the wrong things, going with the crowd and ailing to think about the effects of your actions. You've learned from this and refuse to engage until you've examined all the evidence. You've learned caution. </FIVE-OF-SWORDS-FUTURE >
<SIX-OF-SWORDS-FUTURE >Your lesson for this life is to learn to be more flexible, to allow for change and differences. You have learned a give and take is better than a stubborn stance that does not do you any good. It is not selling out to accept change; in fact, it shows strength of character to admit when you are wrong. </SIX-OF-SWORDS-FUTURE >
<SEVEN-OF-SWORDS-FUTURE >You've learned the difficult lesson that not everyone follows the moral high ground that you do. You have learned through many lifetimes how to protect yourself from the dishonest people or people who want to take advantage of you. You learned your lesson the hard way, after being taken advantage of many times before. </SEVEN-OF-SWORDS-FUTURE >
<EIGHT-OF-SWORDS-FUTURE >You have learned that being bound in this life is often a product of your own mind and that you can release yourself from the bondage if you choose to move forward. Fear has held you back, but you have learned to harness the power of your fear to move forward. Defeat isn't always an end. </EIGHT-OF-SWORDS-FUTURE >
<NINE-OF-SWORDS-FUTURE >Fear no longer controls you. You cannot rid yourself of the anxiety you feel, but you have learned to manage it so that you can continue to move forward through it. And you've discovered that the fear isn't nearly as bad as you thought it was. Instead of a lion, the fear was more like a mouse when tamed. </NINE-OF-SWORDS-FUTURE >
<TEN-OF-SWORDS-FUTURE >You have come to accept the fact that pain, misfortune, and endings are a natural part of life. You suffered in the past because you refused to accept the reality of existence. But once you allowed the pain as well as the joy into your life, you were able to see things more clearly and see the opportunities you have. </TEN-OF-SWORDS-FUTURE >
<PAGE-OF-SWORDS-FUTURE >Your greatest lesson has been learning to harness the power you have and to utilize it in positive ways. Energy can make a person brash and not think about the results of their actions, but you have learned that you need to harness this energy in an appropriate way to gain the outcomes you desire. </PAGE-OF-SWORDS-FUTURE >
<KNIGHT-OF-SWORDS-FUTURE >You have learned from your previous lives to invest in your own power. There is something about the skill of bravery that you failed to exercise before, yet now is becoming easier for you to use. Standing up for yourself is the greatest skill you can learn to protect yourself. </KNIGHT-OF-SWORDS-FUTURE >
<QUEEN-OF-SWORDS-FUTURE >You've learned from your past life experiences the lesson of balance. Allowing people to walk all over you is just as bad as using too much force to intimidate people. You learned how to stay balanced between the two extremes, using the appropriate amount of force when necessary to get what you need. </QUEEN-OF-SWORDS-FUTURE >
<KING-OF-SWORDS-FUTURE >The struggle between being forceful and being tactful has been a hard thing for you to balance. You have learned, after many lives that you can walk this line and not cross over it at the wrong moment. There are times when force is needed and times when tact is a better approach, and you've learned which to use when. </KING-OF-SWORDS-FUTURE >
<ACE-OF-PENTACLES-FUTURE >Although it has taken a long time, you are learning how to be financially responsible. You have managed to become stable, find and keep a good job, and even how to save and invest. You have learned about the positive aspects of money and use your wealth wisely to increase your productivity in your life. </ACE-OF-PENTACLES-FUTURE >
<TWO-OF-PENTACLES-FUTURE >Balance has been the lesson you have learned in this life. You have let go of things that don't serve you and are able to balance the remaining tasks that you have. You know that multitasking is counterproductive and now you only focus on those things which are most important to you. </TWO-OF-PENTACLES-FUTURE >
<THREE-OF-PENTACLES-FUTURE >You have worked out how to find and keep a job. You have done the work to get the training you need and to find reliable employment. You learned what the necessary steps are to maintain your skill level at work. You have finally gotten the skills to find the success you have been craving. </THREE-OF-PENTACLES-FUTURE >
<FOUR-OF-PENTACLES-FUTURE >You have learned the valuable lesson of letting go of things, whether it be giving away to charity, allowing people to live their own lives, or letting go of fear. When you no longer fear, you are able to feel more secure and not hold on so tightly to everything. </FOUR-OF-PENTACLES-FUTURE >
<FIVE-OF-PENTACLES-FUTURE >It has taken time, but you have learned that there are people that are willing to help you through your difficult times. You have also learned that you are not the only one suffering, and that there is joy and community in sharing your pain with others. You lift each other up from darkness. </FIVE-OF-PENTACLES-FUTURE >
<SIX-OF-PENTACLES-FUTURE >Giving and receiving are now great joys in your current life. You experienced both loss and prosperity in past lives, which helped you learn the lesson to accept what you need and to give when you can. This lesson helped you to feel a part of the greater picture, and made you feel pride for that. </SIX-OF-PENTACLES-FUTURE >
<SEVEN-OF-PENTACLES-FUTURE >You have learned from your past lives that you don't need to struggle for work's sake. You have learned that you can work hard when necessary and also enjoy your recreational time. You don't feel driven to work so hard that the rest of your life suffers. You feel more secure about your future. </SEVEN-OF-PENTACLES-FUTURE >
<EIGHT-OF-PENTACLES-FUTURE >You have learned through many difficult lives that you don't need to work harder than necessary. Work just to be busy is counterproductive and a waste of energy. This has been a great breakthrough for you. You know that you don't have to work all the time and you can still be successful. </EIGHT-OF-PENTACLES-FUTURE >
<NINE-OF-PENTACLES-FUTURE >It has taken many lifetimes, but you have finally learned to focus your time and energy in productive ways. Because of this, you are finally gaining the material wealth and prosperity you have dreamed of and made them a reality. Many lives have been invested to teaching you the lesson of focused work. </NINE-OF-PENTACLES-FUTURE >
<TEN-OF-PENTACLES-FUTURE >You finally understand that get-rich-quick schemes rarely work, and in fact are a waste of time and energy. Instead, you learned to focus your efforts in a positive way to make the world a better place, and by doing so, you have gained the prosperity that you have worked toward for many lives. </TEN-OF-PENTACLES-FUTURE >
<PAGE-OF-PENTACLES-FUTURE >Many lives have taught you the lesson of working hard. It seems like such a trite concept, but being dedicated to a task, rolling up your sleeves, and getting down to business is the only way to get things accomplished in this world. You are finally getting what you deserve because you've learned this lesson. </PAGE-OF-PENTACLES-FUTURE >
<KNIGHT-OF-PENTACLES-FUTURE >You have finally learned the values of hard work, dedication, and patience. Responsibility is a new habit that you have decided to make part of your personal and moral code. You are getting more of what you want because you are willing to take responsibility for yourself and your own life. </KNIGHT-OF-PENTACLES-FUTURE >
<QUEEN-OF-PENTACLES-FUTURE >You have finally found the confidence you needed to take control of your own life and make yourself comfortable. Jealousy often comes out of a lack of confidence in your own abilities. When you learned the lesson of believing in yourself, you became surprised of the advantages this feeling can give you. </QUEEN-OF-PENTACLES-FUTURE >
<KING-OF-PENTACLES-FUTURE >Through many lives, you have finally learned how to take care of yourself. You learned that only you can be responsible for your destiny, and you want to be the one in control. Hard work and dedication are the hallmarks of your lesson, and when you took these traits to heart, you were able to do great things. </KING-OF-PENTACLES-FUTURE >
<ACE-OF-CUPS-FUTURE >Although you know it's important to give to others in your life, you have also learned through many trials that you need to reserve some energy for yourself. If you invest all your emotions in others, you will have nothing left to take care of yourself. This is an essential lesson to learn to prosper. </ACE-OF-CUPS-FUTURE >
<TWO-OF-CUPS-FUTURE >Although it has taken many lives and is still difficult for you, you are learning that teaming up with another person can make life easier. It means you don't have to do everything yourself and you have someone to lean on when you need support. Although you prefer solitude, you have learned the joys of partnership. </TWO-OF-CUPS-FUTURE >
<THREE-OF-CUPS-FUTURE >You've learned both how to enjoy yourself and how to put in the hard work necessary to create a fulfilling life. You learned that moderation is the best way to approach all things. You have realized that you gain happiness by fulfillment of a goal, making the celebration that much sweeter. </THREE-OF-CUPS-FUTURE >
<FOUR-OF-CUPS-FUTURE >It has been a difficult road, but you have learned that there is more to life than craving the things your neighbors possess. You learned that happiness is not in things, but in how you feel and how you live your life. The biggest lesson from your past lives is to be thankful for what you have. </FOUR-OF-CUPS-FUTURE >
<FIVE-OF-CUPS-FUTURE >You have the choice between focusing on your losses and focusing on your blessings. After many trials, you've learned that life is better when you focus on what you have, rather than focusing on what you have lost. You know it's normal to grieve loss, but dwelling on it ruins the life you still have. </FIVE-OF-CUPS-FUTURE >
<SIX-OF-CUPS-FUTURE >You have learned that it is the simple things in life that bring you the most happiness and enjoyment. There is something special about those daily things that make you smile. They have become more important to you than trying to get the big things and having all the material comforts in the world. </SIX-OF-CUPS-FUTURE >
<SEVEN-OF-CUPS-FUTURE >Your past lives have taught you about the need for focus in your life. You have learned not to be distracted by false promises and opportunities that don't pan out. You know that things that appear to be too good to be true are in fact just that. The ability for decisive action has been your gift from past lives. </SEVEN-OF-CUPS-FUTURE >
<EIGHT-OF-CUPS-FUTURE >You have learned that loss is an essential part of life, but it is nothing to fear. When one door closes, another door will open for you. Although you can mourn what is gone, you cannot hold onto things whose time has passed. It's important to be able to come to terms with lose and love. </EIGHT-OF-CUPS-FUTURE >
<NINE-OF-CUPS-FUTURE >Your biggest lesson from your past lives is learning to find contentment in life. You have stopped striving for things and have learned to appreciate what it is you have. You feel much richer when you learned that you don't need to have everything to be happy. Just be thankful for what you have. </NINE-OF-CUPS-FUTURE >
<TEN-OF-CUPS-FUTURE >You've learned that happiness is more than material gains. You need to find peace of mind and heart and people to love and care about to really know true happiness. You have struggled through many lives to become a happy soul, and you finally learned this most important lesson. You feel contentment in your soul. </TEN-OF-CUPS-FUTURE >
<PAGE-OF-CUPS-FUTURE >Life is worth living when you allow yourself to play, dream, and have fun. You have spent many lives working too hard, taking yourself too seriously, and not allowing pure joy into your being. You have finally learned that you can work hard and still enjoy life. Life doesn't have to be all toil. </PAGE-OF-CUPS-FUTURE >
<KNIGHT-OF-CUPS-FUTURE >You have learned the lessons of both being a dreamer and learning how to harness the power of your dreams into powerful action. It has taken many lifetimes to perfect both skills. Many people work hard for years without a focus, and many people dream without action. You have combined the two into something great. </KNIGHT-OF-CUPS-FUTURE >
<QUEEN-OF-CUPS-FUTURE >You've learned to listen to your intuition and follow your emotional guide. This has saved you from many false turns in life. You also have been able to identify those people who have your best interests at heart and those who are trying to take advantage of you. Listening to your inner guide has been important for your personal growth. </QUEEN-OF-CUPS-FUTURE >
<KING-OF-CUPS-FUTURE >Learning how to deal with people with love and compassion has been a lesson of your past. You learned to be gentle and understanding, and somehow have gotten the ability to disarm the very people who seek to take advantage of you. You know that hatred is best dealt with through love.</KING-OF-CUPS-FUTURE >
</ROOT>
