{
  "Ringtone" :
  [
    {
      "id" : "1",
      "mp3Url" : "https://raw.githubusercontent.com/SpartanUpdates/UplaodCodes/master/MyNameRingTone/Ringtone/Punjabi/Baby_Teri_Smile_Punjabi.mp3",
      "name" : "Baby_Teri_Smile_Punjabi"
    },
    {
      "id" : "2",
      "mp3Url" : "https://raw.githubusercontent.com/SpartanUpdates/UplaodCodes/master/MyNameRingTone/Ringtone/Punjabi/Bhag_De_Wich_Punjabi.mp3",
      "name" : "Bhag_De_Wich_Punjabi"
    },
	{
      "id" : "3",
      "mp3Url" : "https://raw.githubusercontent.com/SpartanUpdates/UplaodCodes/master/MyNameRingTone/Ringtone/Punjabi/Black_teri_Chuni_Punjabi.mp3",
      "name" : "Black_teri_Chuni_Punjabi"
    },
    {
      "id" : "4",
      "mp3Url" : "https://raw.githubusercontent.com/SpartanUpdates/UplaodCodes/master/MyNameRingTone/Ringtone/Punjabi/Chah_Hi_Bada_Jo_Punjabi.mp3",
      "name" : "Chah_Hi_Bada_Jo_Punjabi"
    },
	{
      "id" : "5",
      "mp3Url" : "https://raw.githubusercontent.com/SpartanUpdates/UplaodCodes/master/MyNameRingTone/Ringtone/Punjabi/Chhali_Naiyo_Punjabi.mp3",
      "name" : "Chhali_Naiyo_Punjabi"
    },
    {
      "id" : "6",
      "mp3Url" : "https://raw.githubusercontent.com/SpartanUpdates/UplaodCodes/master/MyNameRingTone/Ringtone/Punjabi/Dil_Mera_Tera_Te_Punjabi.mp3",
      "name" : "Dil_Mera_Tera_Te_Punjabi"
    },
	{
      "id" : "7",
      "mp3Url" : "https://raw.githubusercontent.com/SpartanUpdates/UplaodCodes/master/MyNameRingTone/Ringtone/Punjabi/Hay_High_Light_Karade_Punjabi.mp3",
      "name" : "Hay_High_Light_Karade_Punjabi"
    },
    {
      "id" : "8",
      "mp3Url" : "https://raw.githubusercontent.com/SpartanUpdates/UplaodCodes/master/MyNameRingTone/Ringtone/Punjabi/Ho_Nawe_Jahende.mp3",
      "name" : "Ho_Nawe_Jahende"
    },
	{
      "id" : "9",
      "mp3Url" : "https://raw.githubusercontent.com/SpartanUpdates/UplaodCodes/master/MyNameRingTone/Ringtone/Punjabi/Hoye_Jini_Tera_Ho_Gai_Punjabi.mp3",
      "name" : "Hoye_Jini_Tera_Ho_Gai_Punjabi"
    },
    {
      "id" : "10",
      "mp3Url" : "https://raw.githubusercontent.com/SpartanUpdates/UplaodCodes/master/MyNameRingTone/Ringtone/Punjabi/Kaisi_Heye_Duriya_Punjabi.mp3",
      "name" : "Kaisi_Heye_Duriya_Punjabi"
    },
	{
      "id" : "11",
      "mp3Url" : "https://raw.githubusercontent.com/SpartanUpdates/UplaodCodes/master/MyNameRingTone/Ringtone/Punjabi/Khabbi_Vich_Wangan.mp3",
      "name" : "Khabbi_Vich_Wangan"
    },
    {
      "id" : "12",
      "mp3Url" : "https://raw.githubusercontent.com/SpartanUpdates/UplaodCodes/master/MyNameRingTone/Ringtone/Punjabi/Kudiyeni_Mera_Dil_De_Punjabi.mp3",
      "name" : "Kudiyeni_Mera_Dil_De_Punjabi"
    },
	{
      "id" : "13",
      "mp3Url" : "https://raw.githubusercontent.com/SpartanUpdates/UplaodCodes/master/MyNameRingTone/Ringtone/Punjabi/Ni_Main_Kitta_Punjabi.mp3",
      "name" : "Ni_Main_Kitta_Punjabi"
    },
    {
      "id" : "14",
      "mp3Url" : "https://raw.githubusercontent.com/SpartanUpdates/UplaodCodes/master/MyNameRingTone/Ringtone/Punjabi/Panni_Mukhade_Utte_Punjabi.mp3",
      "name" : "Panni_Mukhade_Utte_Punjabi"
    },
	{
      "id" : "15",
      "mp3Url" : "https://raw.githubusercontent.com/SpartanUpdates/UplaodCodes/master/MyNameRingTone/Ringtone/Punjabi/Tere_Bin_Nain_Me_Jina_Punjabi.mp3",
      "name" : "Tere_Bin_Nain_Me_Jina_Punjabi"
    },
    {
      "id" : "16",
      "mp3Url" : "https://raw.githubusercontent.com/SpartanUpdates/UplaodCodes/master/MyNameRingTone/Ringtone/Punjabi/Tusi_Ji_Wain_Punjabi.mp3",
      "name" : "Tusi_Ji_Wain_Punjabi"
    }
  ]
}
