<?xml version="1.0" encoding="utf-8" ?>
<ROOT>
<ACE-OF-CUPS-ONE >Diese Karte signalisiert, dass Sie ohne Zögern oder Bedenken mutig ein Risiko eingehen und damit letztlich auch Erfolg haben werden. Diese Risikobereitschaft wird sich finanziell lohnen. </ACE-OF-CUPS-ONE >
<TWO-OF-CUPS-ONE >Alle finanziellen Überlegungen oder finanziellen Vereinbarungen wird zugestimmt. Sie können diese auf den Weg bringen und entsprechend zufrieden sein. Ihre Geschäftsgewinne können sich steigern und Idürfen sich vermutlich auf eine Gehaltserhöhung freuen. </TWO-OF-CUPS-ONE >
<THREE-OF-CUPS-ONE >Diese Karte weist auf eine stabile Einnahmenquelle durch Ihr Einkommen und mit den Ausgaben sind Sie zufrieden. Viele kleinere Geldquellen fließen und Sie sind gut versorgt. </THREE-OF-CUPS-ONE >
<FOUR-OF-CUPS-ONE >Sollte es finanzielle Irritationen geben oder eine unübersichtliche Situation bezüglich der Finanzen, werden Sie das taktvoll lösen können. Sie werden in der Lage sein, Geld zu verdienen oder jegliche rechtlichen Angelegenheiten im Zusammenhang mit Finanzen erfolgreich zu regeln. </FOUR-OF-CUPS-ONE >
<FIVE-OF-CUPS-ONE >Jetzt sollten Sie besonders auf Ihre Finanzen und ihren monetären Status achten, da sich eine gewisse Instabilität zeigt. Bei der Ausgabenseite sollten Sie besonders vorsichtig sein und nur ein praktischer und überlegter Zugang wird Sie unbeschadet aus dieser Situation bringen. </FIVE-OF-CUPS-ONE >
<SIX-OF-CUPS-ONE >Diese Karte zeigt, dass Sie sich jetzt über die Finanzen keine Sorgen machen müssen. Ausgaben und Einnahmen sind ausgeglichen und diese Einnahmen werden aus verschiedenen Richtungen kommen. Ihr Verdienst stellt sie zufrieden und u. U. knacken Sie einen Jackpot, was Sie positiv überraschen wird. </SIX-OF-CUPS-ONE >
<SEVEN-OF-CUPS-ONE >Eine kleine finanzielle Krise im Zusammenhang mit Ihren Ausgaben bekommen Sie recht gut in den Griff. Die Dinge lassen sich bald regeln und es gibt die Möglichkeit, dass Sie aus verschiedenen Quellen Gewinne erzielen. </SEVEN-OF-CUPS-ONE >
<EIGHT-OF-CUPS-ONE >Achten Sie jetzt besonders auf Ihre Ausgaben, denn Sie könnten in eine Situation kommen, wo Sie trotz bester Absicht diese nicht mehr kontrollieren können. Sie merken, dass Ihre Einnahmen nicht mit den Ausgaben Schritt halten, was Sie naturgemäß enttäuscht und unzufrieden macht. </EIGHT-OF-CUPS-ONE >
<NINE-OF-CUPS-ONE >Hinsichtlich Ihrer finanziellen Ziele ist diese Zeit eher enttäuschend. Zwar werden Sie etwas Geld von einem Ihre Schuldner bekommen, aber erst nach langen Auseinandersetzungen. Am Ende jedoch werden Sie diese Probleme lösen können. </NINE-OF-CUPS-ONE >
<TEN-OF-CUPS-ONE >Sie neigen jetzt zu Großzügigkeit und geben ein wenig mehr Geld aus als gewöhnlich, verwöhnen sich geradezu. Vielleicht kaufen Sie auch Geschenke für Ihre Lieben. Diese Ausgaben beunruhigen Sie jedoch nicht, da die Einnahmen sich steigern und Ihnen diese Großzügigkeit gegenüber Ihrer Familie und Freunden gestatten. </TEN-OF-CUPS-ONE >
<PAGE-OF-CUPS-ONE >In Kürze dürfen Sie sich auf eine Beförderung oder sonstige Anerkennung freuen. Aber noch weitere Chancen klopfen an Ihre Tür, Sie haben allen Grund zur Freude. </PAGE-OF-CUPS-ONE >
<KNIGHT-OF-CUPS-ONE >Viel Glück begleitet Ihr Handeln hinsichtlich finanzieller Überlegungen. Erfreuliche Überraschungen wie eine Gehaltserhöhung, gesteigerte Profite oder ein riesiger Geldbetrag aus einer unerwarteten Quelle werden möglich. Ein evtl. ins Stocken geratener Geldfluss nimmt wieder Fahrt auf. </KNIGHT-OF-CUPS-ONE >
<QUEEN-OF-CUPS-ONE >Jetzt und in der näheren Zukunft brauchen Sie sich finanziell keinerlei Sorgen zu machen. Im Falle einer Finanzkrise können Sie auf die Unterstützung zahlreicher Menschen setzen. Sie helfen Ihnen auch bei Investments an der richtigen Stelle. Generell werden Sie kaum Probleme haben, Geld aus einer Provision oder einer anderen Quelle zu bekommen. </QUEEN-OF-CUPS-ONE >
<KING-OF-CUPS-ONE >Diese Karte signalisiert eine Einnahmequelle aus Ihrer Arbeit oder einer neuen Unternehmung. Sollten Sie neue Geschäfte machen oder einen neuen Vertrag unterzeichnen, sind Sie gut beraten, die Dokumentationen und Geschäftsbedingungen sehr gründlich zu analysieren, sonst könnten Sie eine unangenehme Überraschung erleben. </KING-OF-CUPS-ONE >
<ACE-OF-PENTACLES-ONE >Diese Karte weist darauf hin, dass Sie sich um verschiedene Geldquellen bemühen. In der Tat gelingen Ihnen neue Einnahmequellen. Dabei denken Sie an langfristige finanzielle Ziele und es gibt bestimmte Pläne und Unternehmungen, die genau auf Ihrer Linie liegen. </ACE-OF-PENTACLES-ONE >
<TWO-OF-PENTACLES-ONE >Sie sind dabei, im Geschäftsleben wie im persönlichen Leben finanzielle Planungen anzustellen. Dabei können Sie mit der Zustimmung der betroffenen Menschen rechnen. Sollten Sie ein neues Investment planen, geht es dabei um viel Geld. Die Ausgabenseite gilt es besonders zu beachten. </TWO-OF-PENTACLES-ONE >
<THREE-OF-PENTACLES-ONE >Jetzt dürfen Sie mit Geldfluss aus einer unerwarteten Quelle rechnen, gleichzeitig werden Sie Ihre Familie und Kollegen unterstützen müssen. Um eine neue Einnahmequelle zu generieren, greifen Sie auf ein geplantes Projekt zurück oder starten ein neues Vorhaben. </THREE-OF-PENTACLES-ONE >
<FOUR-OF-PENTACLES-ONE >Geldtransfer steht jetzt im Mittelpunkt der Aktivitäten. Sie haben viel Schreibarbeit zu bewältigen, darunter einige juristische Formalitäten, um Geld wieder zu bekommen. Die finanzielle Situation erweist sich als stabil, sodass die regelmäßigen Ausgaben keine Probleme bringen. </FOUR-OF-PENTACLES-ONE >
<FIVE-OF-PENTACLES-ONE >Sie neigen dazu, Geld für sich auszugeben. Das ist aber nicht schlimm, da Ausgaben und Einnahmen zueinander passen und Sie wahrscheinlich auch das Glück auf Ihrer Seite wissen. Trotz kleinerer Probleme zeigen sich Fortschritte. </FIVE-OF-PENTACLES-ONE >
<SIX-OF-PENTACLES-ONE >Diese Tage werden nicht ungetrübt verlaufen. Ihre Freunde nehmen vieles für selbstverständlich und zahlen Ihr Geld nicht zurück oder nicht pünktlich. Das führt natürlich zu Streit und Irritationen bis hin zu Konflikten. Sie sollten jedenfalls jetzt einen kühlen Kopf bewahrt. </SIX-OF-PENTACLES-ONE >
<SEVEN-OF-PENTACLES-ONE >Diese Karte signalisiert, dass die Dinge hinsichtlich Ihrer Finanzen eher düster aussehen, vermutlich recht vage und unklar. Allerdings können Sie mit einem finanziellen Erfolg im Geschäft oder persönlichen Unternehmungen rechnen, da ein Ihnen Nahestehender Ihnen Hilfe und Unterstützung verspricht. Das kann Sie mit neuer Hoffnung erfüllen. </SEVEN-OF-PENTACLES-ONE >
<EIGHT-OF-PENTACLES-ONE >In monetärer Hinsicht haben sie eine gewisse Zeit lang viel Glück und es gibt bezüglich Geld keinerlei Einschränkungen. Entweder leisten Sie sich etwas, das Sie sich schon lange gewünscht haben, oder Sie erzielen einen finanziellen Gewinn. Der Schlüssel zum Glück ist es, mit dem zufrieden zu sein, was Sie haben. </EIGHT-OF-PENTACLES-ONE >
<NINE-OF-PENTACLES-ONE >Das Glück ist auf Ihrer Seite und alles fließt in die richtige Richtung, selbst in finanzieller Hinsicht. Sollten Sie zurzeit finanzielle Probleme haben, lassen sich diese aber regeln und Sie dürfen auf eine baldige gute Nachricht rechnen. </NINE-OF-PENTACLES-ONE >
<TEN-OF-PENTACLES-ONE >Laut dieser Karte ist das Verhältnis zwischen Ausgaben und Einnahmen stimmig und Sie werden sich um verschiedene Haushaltsrechnungen kümmern müssen, die viel Geld verschlingen. Das kann Einkäufe betreffen, die Sie schon lange vorhaben oder eine wichtige Entscheidung bezüglich des Geldes. </TEN-OF-PENTACLES-ONE >
<PAGE-OF-PENTACLES-ONE >Zwar sind Ihre Finanzen jetzt ausgeglichen, aber es mag Zeiten geben, dass sie Ihnen unzureichend vorkommen. Das könnte Sie verärgern und zu Überreaktionen führen. Sie sollten sich jedoch beruhigen, da diese Karte auf baldige gute Zeiten hinweist. </PAGE-OF-PENTACLES-ONE >
<KNIGHT-OF-PENTACLES-ONE >Große Probleme finanzieller Art sind jetzt nicht angezeigt; auch wenn es einige geben mag, die Ihr Geld nicht zurückzahlen wollen. Darum werden Sie sich kümmern müssen. Wenn Sie jetzt auch nicht gerade vor Selbstbewusstsein strotzen, so werden Sie doch mit viel Glück rechnen dürfen. </KNIGHT-OF-PENTACLES-ONE >
<QUEEN-OF-PENTACLES-ONE >Jetzt und in der nächsten Zeit haben Sie keinerlei finanziellen Probleme zu befürchten. Gegebenenfalls können Sie sich auf Unterstützung vieler Menschen verlassen. Sollten Sie Investments planen, folgen Sie deren Rat. Eine Provision oder Geld aus anderen Quellen werden ebenfalls möglich. </QUEEN-OF-PENTACLES-ONE >
<KING-OF-PENTACLES-ONE >Ein neues Unternehmen oder auch Einnahmen aus Ihrem Beruf befriedigen Sie. Sollten Sie einen neuen Vertrag unterzeichnen und ein neues Geschäft eingehen, achten Sie besonders auf die Vertragsbedingungen und die Dokumentation, um negative Folgen zu vermeiden. </KING-OF-PENTACLES-ONE >
<ACE-OF-SWORDS-ONE >Ihre finanzielle Situation entwickelt sich jetzt nicht wie gewünscht. Es könnte zu einigen Befürchtungen hinsichtlich der Ausgaben kommen, besonders der unerwarteten. Ihr Einkommen wird zwar stabil sein, aber das Verhältnis zu den wachsenden Ausgaben fordert ein wachsames Auge von Ihnen. </ACE-OF-SWORDS-ONE >
<TWO-OF-SWORDS-ONE >Laut dieser Karte läuft es mit Ihren Finanzen gut und Sie müssen sich keine Sorgen machen. Ein neues Unternehmen verlangt jedoch Ihre volle Aufmerksamkeit und Sie sind im Augenblick etwas zögerlich, was eine klare Entscheidung angeht. </TWO-OF-SWORDS-ONE >
<THREE-OF-SWORDS-ONE >Diese Karte signalisiert stabile finanzielle Verhältnisse und einen konstanten Geldfluss. Geld kommt auch aus einer völlig unerwarteten Richtung oder ein altes Unternehmen generiert Profite. Sollten Ihre Schuldner jetzt das Geld nicht zurückzahlen wollen, wird sich das bald regeln. </THREE-OF-SWORDS-ONE >
<FOUR-OF-SWORDS-ONE >Der Geldfluss stagniert jetzt ein wenig. Vielleicht kommt es zur Auseinandersetzung mit einem Geschäftspartner oder einem Schuldner oder es kommt zu Verzögerungen bei eine Rückzahlung. Dieses Chaos wird sich aber bald ändern und die finanziellen Verhältnisse werden sich stabilisieren. </FOUR-OF-SWORDS-ONE >
<FIVE-OF-SWORDS-ONE >In monetärer Hinsicht werden Sie jetzt zufrieden sein, da Einkommen wie Ausgaben in Balance sind und Sie mit zusätzlichen Einnahmen rechnen dürfen. Dennoch beschäftigen Sie die Finanzen sehr. Entspannen Sie sich aber, denn zu Sorgen besteht kein Anlass. </FIVE-OF-SWORDS-ONE >
<SIX-OF-SWORDS-ONE >Die Karte signalisiert, dass es jetzt etwas schwieriger für Sie sein könnte, Geld zu verdienen und Ihre Ausgaben zu regeln. Auf Ihr Glück dürfen sie jetzt nicht vertrauen. Doch gilt: Die eine oder andere unvermutete Chance zum Geldverdienen tut sich auf, was Ihnen natürlich gefällt. </SIX-OF-SWORDS-ONE >
<SEVEN-OF-SWORDS-ONE >Sie fühlen sich vielleicht jetzt ein wenig nervös oder verärgert, da Sie einige unerfreuliche Entscheidungen treffen müssen. Doch letzten Endes werden Sie alles gut und zügig regeln können. Möglicherweise bietet sich eine neue Einnahmequelle oder einfach ein Gewinn. </SEVEN-OF-SWORDS-ONE >
<EIGHT-OF-SWORDS-ONE >Sie haben den Eindruck, dass Ihr Einkommen stagniert. Sie versuchen, alternative Einnahmequellen zu finden. Die Karte signalisiert, dass Sie dabei erfolgreich sein und schließlich einen Weg aus den problematischen Situationen finden werden. </EIGHT-OF-SWORDS-ONE >
<NINE-OF-SWORDS-ONE >In finanzieller Hinsicht erwartet Sie eine der bestmöglichen Zeiten überhaupt. Die Verdienste Ihrer regulären Arbeit sind gut und eine baldige Gehaltserhöhung ist möglich. Es ergeben sich auch neue Geschäftsmodelle, die sehr profitabel sein werden, oder Sie finden alternative Einnahmequellen. </NINE-OF-SWORDS-ONE >
<TEN-OF-SWORDS-ONE >Sollte es im Augenblick zu finanziellen Problemen kommen, werden diese in der nahen Zukunft gelöst. Es gibt sogar Chancen, dass Sie eine finanzielle positive Überraschung erleben, vielleicht auf der Arbeit oder von einem älteren Vorhaben, was Sie mit großer Freude erfüllt. </TEN-OF-SWORDS-ONE >
<PAGE-OF-SWORDS-ONE >Irgendetwas bezüglich Ihrer Finanzen ärgert sie beständig. Sie sind deswegen besorgt und schränken Ihre Ausgaben ein. Das erscheint Ihnen als ein niemals endenwollendes Problem, aber nur, weil es sich nicht bei der ersten Konfrontation lösen lässt. </PAGE-OF-SWORDS-ONE >
<KNIGHT-OF-SWORDS-ONE >Wie diese Karte signalisiert, wird Ihnen einer Ihrer Freunde oder Nahestehenden eine Partnerschaft oder Teilhabe an einem neuen Unternehmen anbieten. Sie erweisen sich als große Hilfe, da sie keine Gegenleistung erwarten. Über diese Geste sind Sie sehr dankbar. </KNIGHT-OF-SWORDS-ONE >
<QUEEN-OF-SWORDS-ONE >Diese Karte signalisiert, dass Sie von jemandem in monetärer Hinsicht betrogen werden können. Vielleicht, dass eine Person Geld von Ihnen geborgt hat und nicht zurückzahlen will, oder Mieten ausbleiben oder Rechnungen nicht beglichen werden. Da bleibt eine Auseinandersetzung nicht aus. </QUEEN-OF-SWORDS-ONE >
<KING-OF-SWORDS-ONE >Sie sollten jetzt einmal entspannen und aufhören, sich über Ihre Finanzen Gedanken zu machen. Ihr Einkommen ist stabil, doch wird es in der Familie und um Sie herum durchaus zu Einflussnahmen kommen, da Sie einigen abscheulichen Situationen einfach nicht aus dem Wege gehen können. </KING-OF-SWORDS-ONE >
<ACE-OF-WANDS-ONE >Es winken jetzt finanzielle Vorteile. Diese beruhen einfach auf Ihren Fähigkeiten. Sollten Sie planen, eine Ausstellung Ihrer Arbeit oder die Vorstellung einer einmaligen Geschäftsidee vorzunehmen, dann ist jetzt genau die Zeit dafür gekommen. </ACE-OF-WANDS-ONE >
<TWO-OF-WANDS-ONE >Sollten Sie jetzt finanzielle Auseinandersetzungen haben oder wollen finanzielle Vereinbarungen treffen, dann können Sie diese erfolgreich abschließen und werden entsprechend erleichtert sein. Es besteht die Chance, dass Ihre Profite in Ihrem Geschäft stark gesteigert werden oder in Kürze eine auf Gehaltserhöhung erfolgt. </TWO-OF-WANDS-ONE >
<THREE-OF-WANDS-ONE >Diese Karte schlägt vor, Kontakte mit Ihren Freunden und Kollegen zu pflegen, da sie gerade jetzt in finanziellen Fragen eine große Hilfe sein können. Ihr Geschäft oder die Arbeit blüht auf und bringt mehr Profite als erwartet. Ein Geschäft funktioniert, das Ihnen schon lange am Herzen liegt. </THREE-OF-WANDS-ONE >
<FOUR-OF-WANDS-ONE >Ihre Finanzen sind jetzt sehr stabil und Sie dürfen mit Einnahmen aus verschiedenen Quellen rechnen. Bei finanziellen Transaktionen haben Sie keinerlei Schwierigkeiten und im Vergleich zu anderen Zeiten laufen die Geschäfte exzellent. </FOUR-OF-WANDS-ONE >
<FIVE-OF-WANDS-ONE >Diese Karte spricht dafür, dass Sie mit Geld im weitesten Sinne viel Glück haben. Bei Auseinandersetzungen bezüglich Eigentum oder Investment behalten Sie vermutlich die Oberhand. Ihre Finanzen regeln Sie gut und erfüllen damit auch die Erwartungen Ihrer Familie. </FIVE-OF-WANDS-ONE >
<SIX-OF-WANDS-ONE >Sie werden jetzt nicht ganz zufrieden sein, denn es könnte sein, dass Ihnen Geld vorenthalten wird, das Ihnen zusteht. Das macht Ihnen entsprechende Sorgen und es könnte sein, dass Sie entsprechend geizig agieren, was Ihnen aber vielleicht nicht bewusst ist. Aber bald wird diese schwierige Zeit vorbei sein. </SIX-OF-WANDS-ONE >
<SEVEN-OF-WANDS-ONE >Sollte es jetzt irgendwelche Schwierigkeiten oder Hindernisse hinsichtlich Ihres Geldes geben, dann werden diese bald vorbei sein. Ihre Vorsorgepläne fürs Alter ebenso wie Investitionen erweisen sich als richtig und Sie werden entsprechend zufrieden sein. </SEVEN-OF-WANDS-ONE >
<EIGHT-OF-WANDS-ONE >Diese Karte signalisiert, dass es in Kürze besser sein wird. Ihre finanziellen Unternehmungen laufen dann besser als erwartet und generieren neue profitable Einnahmen in Ihrer Firma. Das wird anerkannt. Viele Treffen stehen an und es gibt in der näheren Zukunft genügend Gelegenheiten, Profit zu machen. </EIGHT-OF-WANDS-ONE >
<NINE-OF-WANDS-ONE >Diese Karte zeigt eine ausgeglichene Bilanz, da Sie Profite machen, aber auch kleinere Verluste. Es besteht jedenfalls kein Grund zur Sorge, da Sie ihre täglichen Ausgaben im Griff haben und erfolgreich darin sind, neue Einnahmequellen zu erschließen. </NINE-OF-WANDS-ONE >
<TEN-OF-WANDS-ONE >Sie mögen jetzt ein wenig skeptisch sein, was Ihre finanziellen Transaktionen anbelangt, da Sie mit Ihrem Auftraggeber oder Boss Schwierigkeiten haben, die sich zu größerem Ärger auswachsen können. Auch wenn Sie jetzt nach anderen Einnahmequellen Ausschau halten, wird das schwieriger sein als gedacht. </TEN-OF-WANDS-ONE >
<PAGE-OF-WANDS-ONE >Diese Karte signalisiert, dass Sie Profite sehen, die sich zum Teil aus Ihrer Arbeit ergeben, aber andere Bereiche könnten besser laufen. Es könnte auch sein, dass sich nicht alles mit Banken oder einer finanziellen Dokumentation entwickelt wie gewünscht. </PAGE-OF-WANDS-ONE >
<KNIGHT-OF-WANDS-ONE >Sie werden jetzt über einen kleineren Geldbetrag verfügen, der aus einer für sie überraschenden Quelle stammt. Geld von Ihren Schuldnern zu erhalten wird ein wenig anstrengend sein und Sie bekommen vielleicht nicht alles was Sie wollen. Unzufriedenheit und Ärger sind das Resultat. </KNIGHT-OF-WANDS-ONE >
<QUEEN-OF-WANDS-ONE >Für diese Karte gilt, dass Sie in Kauflaune sind und es übertreiben. Der entsprechende Kontoauszug könnte Sie schockieren. Das wird Sie eine Weile ärgern und Sie überlegen sich Alternativen. Aber auf lange Sicht wird es keinen wirklichen Schaden geben. </QUEEN-OF-WANDS-ONE >
<KING-OF-WANDS-ONE >Ihre normale Arbeit bringt Ihnen genug ein, wenngleich Sie nach anderen Quellen Ausschau halten. Aber der Markt fordert viel und wenn Sie ein eigenes Geschäft haben, dann werden Sie sich schon um neue Kontakte und Projekte bemühen müssen. Für Angestellte könnte eine harte Konkurrenz Sie entsprechend fordern. </KING-OF-WANDS-ONE >
<THE-MAGICIAN-ONE >Bei dieser Karte kann es zu Neuanfängen hinsichtlich eines Geschäftes oder auch finanzieller Transaktionen kommen. Aber Sie können sicher sein, dass Ihre monetären Unternehmungen erfolgreich verlaufen, da für die nächste Zeit Wohlstand und Erfolg angezeigt sind. </THE-MAGICIAN-ONE >
<THE-HIGH-PRIESTESS-ONE >Jetzt sind Sie gut beraten, eine Weile vorsichtiger zu agieren. Sie werden ein Paket oder Post oder etwas anderes erwarten, das mit Ihren Finanzen zu tun hat. Das alles kann ein wenig länger dauern als erwartet, aber am Ende wird sich das große Warten auf jeden Fall gelohnt haben. </THE-HIGH-PRIESTESS-ONE >
<THE-EMPRESS-ONE >Sie sollten jetzt ein wenig organisierter sein, was Ihr finanziellen Aktionen angeht und Vorsicht walten lassen, welche Informationen Sie mit Ihrem Business-Partner oder Kollegen teilen. Aber keine Sorgen, ein versprochener Geldbetrag wird überwiesen und bald bei Ihnen sein. </THE-EMPRESS-ONE >
<THE-EMPEROR-ONE >Sollten Ihr Geld oder einige monetäre Dokumente in Schwierigkeiten oder nicht in Ihrem Besitz sein, dann wird sich dieses Problem bald lösen. Eine Gehaltserhöhung oder ein finanzieller Vorteil sind Anlass für eine Feier. In dem Fall können Sie sich auch etwas leisten und gönnen. </THE-EMPEROR-ONE >
<THE-HIEROPHANT-ONE >Laut dieser Karte sollten Sie Ihr Einkommen beachten, wenig ausgeben und insgesamt die Kosten im Auge haben. Ihre Schuldner sind mit den Rückzahlungen eher zögerlich. Das aber ist kein Grund zur Sorge, denn im Allgemeinen läuft es finanziell glatt. </THE-HIEROPHANT-ONE >
<THE-LOVERS-ONE >Vieles spricht jetzt für einen guten Geldfluss, verbunden mit einer Beförderung, zusätzlichen Boni und anderen Wohltaten. So erhalten Sie finanzielle Stabilität und brauchen sich keine Sorgen zu machen. Für eine anstehende Feier sind Sie bereit, etwas auszugeben. </THE-LOVERS-ONE >
<THE-CHARIOT-ONE >Sie könnten jetzt ein wenig gestresst sein, da es mit Geschäftspartnern und Transaktionen nicht glatt läuft und es nicht problemlos gelöst werden kann. Wenn noch juristische Angelegenheiten dazu kommen, wird Sie das erst recht frustrieren. Aber Sie bleiben am Ball und arbeiten hart. </THE-CHARIOT-ONE >
<STRENGTH-ONE >Wenn es ums Geld geht, denken Sie sehr praktisch. Es ist eine gute Zeit, Geld von Schuldnern zu bekommen, das Ihnen schon lange zusteht. Sie werden ihre finanziellen Dokumente bestens organisieren, was Ihnen bei einem Problem ungeheuer helfen wird. </STRENGTH-ONE >
<THE-HERMIT-ONE >Sie könnten jetzt unerwartetes Einkommen generieren oder Boni erhalten. Völlig überrascht sind Sie umso glücklicher, können sich etwas leisten oder feiern mit Freunde und Familie. Sie planen vielleicht auch einen Urlaub mit Ihren Lieben, da endlich das erwartete Geld zurückkommt. </THE-HERMIT-ONE >
<WHEEL-OF-FORTUNE-ONE >Sie können jetzt Anlass zur Sorge haben, da Sie feststellen, dass Ihr Geschäft nicht genug Profit abwirft und es ein paar Fallen gibt, die Sie vorher nicht bemerkt haben. Hilfe und Unterstützung eines geliebten Menschen kann Sie doch von diesen finanziellen Problemen erlösen. </WHEEL-OF-FORTUNE-ONE >
<JUSTICE-ONE >Finanziell für Sie eine schwierige Zeit. Entweder läuft Ihr Geschäft nicht sehr gut oder andere Einkommensquellen lassen auf die eine oder andere Art zu wünschen übrig. Richtig dramatisch wird es aber nicht, zumal die Zeiten zumindest finanziell für Sie definitiv besser werden. </JUSTICE-ONE >
<THE-HANGED-MAN-ONE >Finanzielle Einbußen werden jetzt möglich, wenngleich nicht dramatisch. Vielleicht wurden Sie Opfer eines Betrügers. Aber das erkennen Sie bald und handeln entsprechend, um das zu bekommen, was Ihnen zusteht. </THE-HANGED-MAN-ONE >
<DEATH-ONE >Hinsichtlich Ihrer Finanzen könnten jetzt Spannungen auftreten. Entweder mussten Sie kürzlich einen massiven Verlust verkraften oder ein wichtiger Schuldner ist auf Nimmerwiedersehen verschwunden. Wie auch immer, Sie werden bis in die Haarspitzen achtsam sein. </DEATH-ONE >
<TEMPERANCE-ONE >Jetzt kommt in Ihre Geldgeschäfte Bewegung. Das wird ähnlich wie in einer Achterbahn ablaufen, einmal haben sie Geld, zu anderen Zeiten nicht. Das sieht anfangs recht chaotisch aus, aber Ihr Geschäft wird so viel Profit bringen, dass Sie zufrieden sein können. </TEMPERANCE-ONE >
<THE-DEVIL-ONE >Diese Karte signalisiert, dass Sie hinsichtlich Ihres Vermögens mit Problemen rechnen müssen. Grund dafür können einige unglückliche Entscheidungen sein, ein Gesundheitsproblem in der Familie oder eine juristische Angelegenheit. Das bleibt eine Weile so, bis es sich längerfristig wieder ändert. </THE-DEVIL-ONE >
<THE-TOWER-ONE >Unerwartete Ausgaben können Sie finanziell etwas zurückwerfen. Ihr Geschäft bringt vielleicht nicht die geforderte Rendite, was Sie sehr nachdenklich macht. Es ist auch möglich, einen oder mehrere große Kunden zu verlieren oder sich von dem profitabelsten Projekt verabschieden zu müssen. </THE-TOWER-ONE >
<THE-STAR-ONE >Neue Projekte oder Geschäftsideen erweisen sich als äußerst lukrativ. Die Zukunft sieht finanziell jedenfalls für Sie sehr gut aus. Nichtsdestoweniger sind Sie gut beraten, es jetzt nicht mit dem Feiern zu übertreiben und vor allem den Überblick über Ihre Ausgaben zu bewahren. </THE-STAR-ONE >
<THE-MOON-ONE >Kein Drama, aber eine gewisse leichte Unzufriedenheit, was Ihre Finanzen betrifft. So könnte ein Schuldner bereit sein, die Schulden zu tilgen, aber nicht die Zinsen zu zahlen. Andere zählen wie immer fest auf Sie und ihre Hilfsbereitschaft, doch Sie wissen Ihren Weg zu gehen. </THE-MOON-ONE >
<THE-SUN-ONE >Diese Karte zeigt, dass die Gelder wieder fließen und neue Gelegenheiten an die Tür klopfen. Mögliche finanzielle Probleme mit einer Bank oder einem Darlehen können Sie geschickt regeln. Neue Einkommensquellen könnten sich eröffnen und Sie erhalten eine gute Nachricht. </THE-SUN-ONE >
<JUDGEMENT-ONE >Eine eindeutig gute Phase für Ihre Finanzen. Sollten irgendwelche monetären Entscheidungen fallen, so wird das sehr wahrscheinlich zu Ihren Gunsten sein. Zu erwartende Dividenden oder Schuldenbegleichung werden Ihre finanzielle Situation in Kürze weiter verbessern. </JUDGEMENT-ONE >
<THE-WORLD-ONE >Diese Karte signalisiert, dass Sie Geld aus einer völlig unerwarteten Richtung zu erwarten haben. Das könnte eine überraschende Geldüberweisung sein oder Sie können endlich die Früchte Ihrer harten Arbeit in Form eines Bonus‘ genießen. Viele kleinere Geldbeträge sind wahrscheinlich. </THE-WORLD-ONE >
<THE-FOOL-ONE >Sollten Sie schon längere Zeit auf Geld warten, können Sie jetzt mit dem Eingang rechnen. Mit Unterstützung Ihrer Familie oder eines Vertrauten werden Sie ein neues Geschäft eröffnen und sich für ein gewaltiges Investment entscheiden. Diese geradezu lebenswichtige Entscheidung sollte und werden s Sie ie nach gründlichem Abwägen des Für und Wider treffen.</THE-FOOL-ONE >
    </ROOT>
