<?xml version="1.0" encoding="UTF-8"?>
<ROOT>
<THE-FOOL-ONE>
    Estás a punto de sufrir un gran cambio, estás listo para dar el salto a un nuevo capítulo. Confía en tu instinto y da el salto, incluso si no estás seguro exactamente a dónde te llevará. Existe un potencial de transformación profunda y un cambio completo en tu estilo de vida.
</THE-FOOL-ONE>
<THE-MAGICIAN-ONE>
    Tienes todas las herramientas y recursos que necesitas para hacer cambios en tu vida. Puedes aprovechar tu poder interno y hacer cambios a nivel emocional, espiritual e intelectual. Tienes la oportunidad de transformarte en la mejor versión de ti mismo, eres capaz de desarrollar tu propio potencial y ayudar a otros a cumplir con los suyos.
</THE-MAGICIAN-ONE>
<THE-HIGH-PRIESTESS-ONE>
    Los cambios se están produciendo para ti en un nivel interno, e incluso aquellos que están cerca de ti pueden no ser conscientes de la profunda transformación por la que estás pasando. Estás cambiando a nivel del alma y creciendo en sabiduría. Escucha la voz de tu intuición, porque traerá un cambio aún mayor.
</THE-HIGH-PRIESTESS-ONE>
<THE-EMPRESS-ONE>
    Estás en el proceso de hacer que algo nazca, tal vez un nuevo proyecto o un nuevo sentido del yo. Este es un tiempo de crecimiento y fecundidad. El proceso de crear causa cambios dentro de ti y también en tu vida exterior. Confía en tus instintos y deja que el cambio ocurra.
</THE-EMPRESS-ONE>
<THE-EMPEROR-ONE>
    Tu estado en el mundo puede estar en un proceso de cambio, tal vez a medida que asciendes en la carrera o te estableces en tu campo elegido. La transformación ocurre cuando tienes el control y eres capaz de dirigir el proceso tú mismo, pero no intentes dominar a los demás, ya que esto detendrá los cambios en tu propia vida.
</THE-EMPEROR-ONE>
<THE-HIEROPHANT-ONE>
    Tus creencias y tu visión del mundo pueden estar pasando por un proceso de cambio, tal vez debido a enseñanzas que estás recibiendo de un sabio anciano. Puedes estar cuestionando las tradiciones con las que fuiste educado y formando tus propias opiniones. Las conclusiones a las que llegues pueden llevar a cambios en la forma en que llevas tu vida.
</THE-HIEROPHANT-ONE>
<THE-LOVERS-ONE>
    Tu relación puede estar experimentando algunos cambios a medida que ustedes crecen y se transforman como individuos. No se dejen atrás, en lugar de eso, compartan lo que está pasando para que puedan acercarse más y aprender entre sí. Es posible que debas hacer una elección que traiga grandes cambios en tu vida, así que elige sabiamente.
</THE-LOVERS-ONE>
<THE-CHARIOT-ONE>
    Estás conduciendo el camino del cambio en tu vida, transformándote en una persona que está cómoda con su propio poder. Sabes lo que quieres y cómo obtenerlo, y estás haciendo cambios en tu vida en consecuencia. Sé flexible en lugar de firme en tu pensamiento y una gran transformación es posible.
</THE-CHARIOT-ONE>
<STRENGTH-ONE>
    Estás aprendiendo a adueñarte de tu fuerza y ​​poder internos, lo que a su vez trae una transformación profunda. Ya no aceptarás situaciones que te quiten ese poder, así que haz cambios en tu vida para cortar esos lazos y se abrirá el camino para un sentido más fuerte del yo.
</STRENGTH-ONE>
<THE-HERMIT-ONE>
    Estás aprendiendo a seguir tu sabiduría interior, más que el consejo de otros. Es importante hacer los cambios que te parezcan correctos, incluso si eso significa ignorar los deseos de los demás y quizás estar aislado por un tiempo. La auto reflexión trae una transformación profunda y un cambio interno.
</THE-HERMIT-ONE>
<WHEEL-OF-FORTUNE-ONE>
    Puede que sientas que estás rodeado de un cambio en este momento, no del todo bienvenido o de tu propia elección. Los cambios en tu ser interior pueden afectar lo que sucede en tu vida exterior, por lo tanto, elige tus prioridades y concéntrate en ellas y en las situaciones que puedes controlar.
</WHEEL-OF-FORTUNE-ONE>
<JUSTICE-ONE>
    Es posible que haya cambios en tu estado legal o profesional en este momento, lo cual trae una transformación de tu yo público y también tu sentido del bien y el mal. Mantén tu mente clara y tus poderes lógicos pueden ayudarte a dar la bienvenida a la transformación y aprovechar al máximo este proceso de equilibrio.
</JUSTICE-ONE>
<THE-HANGED-MAN-ONE>
    El cambio puede parecer suspendido en este momento, por lo que no importa cuánto lo intentes, todo sigue igual. Este no es un momento para esforzarse, sino para ir con el flujo y confiar en el universo. Los cambios están ocurriendo en un nivel inconsciente y todo se aclarará en el tiempo.
</THE-HANGED-MAN-ONE>
<DEATH-ONE>
    Este es un momento de profunda transformación para ti, un momento para liberar lo viejo y hacer espacio para un nuevo capítulo en la vida. Este no es un proceso fácil, así que tómate el tiempo de llorar lo que has perdido antes de voltear tu rostro hacia el nuevo amanecer. Puedes descubrir que has cambiado de una forma que nunca creíste posible.
</DEATH-ONE>
<TEMPERANCE-ONE>
    Haz cambios en tu vida que te equilibren, reduciendo cualquier exceso y prestando atención a tu salud física, mental y espiritual. Esto puede ayudarte a transformarte en alguien que es más tranquilo y más seguro de sí mismo. Una mayor conciencia de ti mismo puede traer una transformación de tu energía creativa.
</TEMPERANCE-ONE>
<THE-DEVIL-ONE>
    Es posible que te estés absteniendo de hacer cambios en tu vida, tal vez porque estás temeroso de lo que puedas perder o de imaginar que ese cambio simplemente no es posible. Sin embargo, las cadenas que te atan no son tan fuertes como tu piensas, y soltarlas liberará un gran poder transformador.
</THE-DEVIL-ONE>
<THE-TOWER-ONE>
    El cambio puede estar sucediendo a tu alrededor, e incluso puede ser inoportuno y más allá de tu control. Sin embargo, estos cambios son necesarios, ya que no puedes transformarte en la persona que debes ser sin ellos. Se está despejando el camino para un cambio más positivo, siempre y cuando hagas frente a la tormenta actual.
</THE-TOWER-ONE>
<THE-STAR-ONE>
    Puede que te sientas lleno de esperanza y energía positiva en este momento, con cambios bienvenidos que ocurren en tu vida y una profunda transformación interna. Confía en el universo y sigue el flujo, todo sucede como debería y tu vida está cambiando para mejor.
</THE-STAR-ONE>
<THE-MOON-ONE>
    Puedes sentir cambios profundos dentro de ti, incluso si no son visibles para los que te rodean. Escucha la sabiduría de tus sueños y los mensajes de tu intuición, ya que te mostrarán la transformación que se está produciendo. Hacer frente a las sombras puede ser una gran fuerza para el cambio.
</THE-MOON-ONE>
<THE-SUN-ONE>
    Puede que estés llegando al final de un proceso de cambio y finalmente puedas relajarte y disfrutar de la transformación que has experimentado. Es probable que hayas aumentado tu confianza y te sientas más creativo y seguro de ti mismo. Mantente optimista y positivo, y cultiva un sentido de gratitud por los cambios en tu vida.
</THE-SUN-ONE>
<JUDGEMENT-ONE>
    Puedes sentir una llamada interior para hacer cambios en tu vida, incluso si esto significa salir de tu zona de confort y seguir un camino más desafiante. Eres capaz de una transformación profunda en este momento, y puede haber un sentido de karma o destino sobre los cambios que estás atravesando.
</JUDGEMENT-ONE>
<THE-WORLD-ONE>
    Estás llegando a la conclusión de un ciclo profundo de cambio, que puede haber transformado tu vida de maneras que nunca creiste posible. Alcanzar tu objetivo probablemente te haya cambiado intelectualmente, emocionalmente y espiritualmente, así como pudo traer cambios en tu vida exterior. Lleva las lecciones de este ciclo al próximo capítulo.
</THE-WORLD-ONE>
<ACE-OF-SWORDS-ONE>
    Nuevas ideas y nuevas conexiones están generando cambios en este momento, aunque es posible que esos cambios aún no estén del todo claros. Este es el punto de partida de una transformación, que puede llevar a que nuevas ideas y conocimientos se conviertan en parte de tu vida, y en un mayor sentido de sabiduría interna.
</ACE-OF-SWORDS-ONE>
<TWO-OF-SWORDS-ONE>
    Es posible que te enfrentes con la elección entre dos o más cambios en este momento y te encuentres a ti mismo incapaz de tomar una decisión. Si por lo general confías en la lógica para tomar tales decisiones, comprueba también tus sentimientos y elige desde tu corazón y tu cabeza.
</TWO-OF-SWORDS-ONE>
<THREE-OF-SWORDS-ONE>
    Puede haber cambios desagradables a tu alrededor en este momento, especialmente si otros te han lastimado y sientes pena o pérdida. Sigue el flujo de estas emociones desafiantes y permíteles transformarte, recordándote lo que es realmente importante en la vida y quién eres realmente.
</THREE-OF-SWORDS-ONE>
<FOUR-OF-SWORDS-ONE>
    Es posible que hayas pasado por un período de cambio, pero ahora es el momento de descansar. Hay un respiro en el proceso, que te permite procesar tus sentimientos y que los cambios externos en tu vida conduzcan a la transformación interior. Tómate un tiempo para ti mismo para reflexionar sobre todo lo que ha sucedido y lo que significa.
</FOUR-OF-SWORDS-ONE>
<FIVE-OF-SWORDS-ONE>
    Es posible que sientas que estás rodeado de cambios y caos en este momento, pero si lo miras de cerca, son solo palabras vacías y aire caliente. Nada cambia realmente y puedes terminar dando vueltas en círculos. En lugar de responder a todo, elige tus batallas cuidadosamente en función de lo que realmente valoras.
</FIVE-OF-SWORDS-ONE>
<SIX-OF-SWORDS-ONE>
    Es probable que tu vida esté cambiando y avanzando en este momento. Sin embargo, comprueba que tienes el control de los cambios que están ocurriendo y también que estás dando tiempo para la transformación interna y externa. De lo contrario, corres el riesgo que el mismo patrón se repita solo con cambios superficiales.
</SIX-OF-SWORDS-ONE>
<SEVEN-OF-SWORDS-ONE>
    Es posible que haya cambios en este momento, pero que aún están ocultos y poco claros. Si hay otras personas involucradas, comprueba sus motivos y asegúrate que no haya engaño a tu alrededor. Alternativamente, puedes estar trabajando tranquilamente por el cambio por tu cuenta. Todavía no es tiempo de compartir tus planes, así que mantenlos en secreto.
</SEVEN-OF-SWORDS-ONE>
<EIGHT-OF-SWORDS-ONE>
    Puedes sentir que estás atrapado e incapaz de hacer cambios en tu vida, pero mira más de cerca lo que te detiene. Puedes ser capaz de romper los vínculos tu mismo, liberando una poderosa energía transformadora y recuperando tu poder. Alejarse de los patrones obsoletos despeja el espacio para el cambio.
</EIGHT-OF-SWORDS-ONE>
<NINE-OF-SWORDS-ONE>
    Puedes desear hacer cambios en tu vida, pero la preocupación y el exceso de pensamientos te acosan. En lugar de centrarte en lo que podría salir mal, cambia tu perspectiva para adoptar un enfoque positivo y el cambio comenzará a ocurrir. Confía en el universo y deja de tener que controlar todas las variables.
</NINE-OF-SWORDS-ONE>
<TEN-OF-SWORDS-ONE>
    Has alcanzado el final de un ciclo y posiblemente te sientas incapaz de continuar. Es hora de dejar ir lo que has superado y hacer espacio en tu vida para el cambio. Se acerca un nuevo amanecer, el cual trae consigo la posibilidad de transformación, especialmente si dejas de pensar y de preocuparte demasiado.
</TEN-OF-SWORDS-ONE>
<PAGE-OF-SWORDS-ONE>
    Quizás estás realizando cambios en tu vida relacionados con los estudios o el aprendizaje, o simplemente considerando un nuevo enfoque. Mantente curioso y alegre, en lugar de intentar forzar el cambio, y no seas impaciente. Es más probable que apresurarse a las cosas cause que todo permanezca igual a largo plazo.
</PAGE-OF-SWORDS-ONE>
<KNIGHT-OF-SWORDS-ONE>
    Quizás deseas hacer cambios en tu vida, pero lucha para apegarte a cualquier cosa el tiempo suficiente para que se produzca una transformación duradera. En lugar de apresurarte de manera impulsiva, utiliza tu mente poderosa para considerar lo que realmente quieres y centra tus energías en eso. El cambio es posible siempre y cuando escojas tus batallas cuidadosamente.
</KNIGHT-OF-SWORDS-ONE>
<QUEEN-OF-SWORDS-ONE>
    Tu vida puede estar cambiando en estos momentos de una manera que te lleva a ser más independiente y consciente de tu fuerza interior. Posiblemente debas confiar más en ti mismo, lo que dará paso a que te transformes en alguien mucho más seguro de sí mismo. No sientas que debes hacerlo solo, pedir ayuda también puede llevar a un cambio positivo.
</QUEEN-OF-SWORDS-ONE>
<KING-OF-SWORDS-ONE>
    Los cambios que están ocurriendo en tu vida pueden referirse a tu trayectoria profesional o a tu posición en la sociedad, tal vez sea el paso a un papel de liderazgo o para tomar el control de una empresa. Ser dogmático e inalterable en tu forma de pensar no le dará paso a la transformación, así que mantén una mente abierta y aprende de otros mientras ellos aprenden de ti.
</KING-OF-SWORDS-ONE>
<ACE-OF-WANDS-ONE>
    Puede que te estén ocurriendo cambios relacionadas con un nuevo proyecto creativo o una empresa. El As es un punto principal, así que puede que estos cambios no esten completamente claros todavía. Mantente abierto a la inspiración y a los destellos de percepción que traen consigo la posibilidad de transformación.
</ACE-OF-WANDS-ONE>
<TWO-OF-WANDS-ONE>
    Estás de pie ante el comienzo de un nuevo camino, empezando a ver los resultados de los cambios que has puesto en marcha en los últimos meses. Puede que todavía estés experimentando y probando nuevas ideas, así que este es un buen momento para hacer cambios e intentar. Incluso si algo no funciona, aun puede transformar tu manera de pensar.
</TWO-OF-WANDS-ONE>
<THREE-OF-WANDS-ONE>
    Ahora estás viendo resultados tangibles de los cambios que has realizado, los cuales están trayendo éxito y oportunidades de expansión. Tus descubrimientos tienen un gran potencial para la transformación, tanto a nivel interno como externo. Estás aumentando tus niveles de confianza y experiencia, y encontrando el valor para hacer cambios aún más grandes.
</THREE-OF-WANDS-ONE>
<FOUR-OF-WANDS-ONE>
    Los cambios pueden estar ocurriendo en tu hogar o familia, permitiéndote una mayor sensación de seguridad y algo qué celebrar. Puede que estés echando raíces por primera vez, estableciéndote en algún lugar que realmente te hace sentir como en casa. Esto puede darte una base sólida para transformarte a ti mismo y tu vida.
</FOUR-OF-WANDS-ONE>
<FIVE-OF-WANDS-ONE>
    Puede que en estos momentos estés rodeado de competencia e incluso agresión, pero la mayor parte de son solo posturas y eso no conduce a un verdadero cambio. Haz espacio para la transformación genuina eligiendo tus batallas cuidadosamente y sin desperdiciar tus energías, en lugar de quedar atrapado en discusiones mezquinas.
</FIVE-OF-WANDS-ONE>
<SIX-OF-WANDS-ONE>
    Puede que hayas estado pasando por un proceso de cambio desde hace tiempo, y ahora otros están empezando a reconocer tus logros. Recibir elogios de las personas a tu alrededor puede fortalecer tu confianza y permitirte apuntar más alto, realizando cambios que quizás pensaste que eran imposibles al principio.
</SIX-OF-WANDS-ONE>
<SEVEN-OF-WANDS-ONE>
    Puede que te sientas atacado en este momento, acosado por quienes no entienden los cambios que estás creando. No dejes que te deprima, en lugar de eso, toma valentía de tus convicciones y lucha en tu esquina. Esto puede darte más confianza en la transformación tanto interior como exterior.
</SEVEN-OF-WANDS-ONE>
<EIGHT-OF-WANDS-ONE>
    El cambio está ocurriendo rápidamente en este momento, puede parecer que todo se mueve a la vez y que luchas para mantener el ritmo. Toma el riesgo si puedes y notarás que toda tu vida se ha transformado, especialmente si deseas viajar o ampliar tus horizontes.
</EIGHT-OF-WANDS-ONE>
<NINE-OF-WANDS-ONE>
    Esta es una carta para defender tu posición y para no permitir que otros desvíen los cambios que has realizado. Puede que ya hayas tenido que luchar en tu esquina y estás listo para hacerlo otra vez. Este proceso de defenderte a ti mismo es profundamente transformador y también te recuerda los motivos que te llevaron a realizar estos cambios.
</NINE-OF-WANDS-ONE>
<TEN-OF-WANDS-ONE>
    Puede que te sientas abrumado, y que tienes demasiadas cosas que hacer para hacer tiempo para el cambio. Pero este es el momento exacto para hacer cambios, empezando por dejar de lado algunas de tus cargas. Si tiendes a decirle sí a todo, cambia algunos por un no, y podrás hacer algo de espacio para la transformación.
</TEN-OF-WANDS-ONE>
<PAGE-OF-WANDS-ONE>
    Tienes la oportunidad de hacer cambios creativos y espirituales en tu vida y también de cambiar tu enfoque. Ser infantil y juguetón y probar algo nuevo solo por diversión. Incluso los cambios simples pueden ser profundamente transformadores, así que ¡haz algo diferente y ve que pasa!
</PAGE-OF-WANDS-ONE>
<KNIGHT-OF-WANDS-ONE>
    Es probable que prosperes con el cambio y que busques la estimulación y emoción constante. Puede que seas muy bueno en comenzar cosas nuevas, ¡pero no tan bueno en ver a través de ellas! Trata de enfocarte en una búsqueda a la vez, para permitir la transformación profunda en lugar de un cambio superficial.
</KNIGHT-OF-WANDS-ONE>
<QUEEN-OF-WANDS-ONE>
    Tiendes a tener confianza y seguridad en ti mismo, y le das la bienvenida al cambio como una señal de crecimiento. Tu enfoque positivo y optimista te permite sacar lo mejor de cualquier situación, también te da la capacidad de guiar a los demás a hacer lo mismo. Por ejemplo, al liderar empoderas a otras personas en su transformación.
</QUEEN-OF-WANDS-ONE>
<KING-OF-WANDS-ONE>
    Pueden venir cambios que te coloquen en una posición de poder o autoridad, o involucrar responsabilidades en un proyecto o empresa. En lugar de apresurarte y tratar de cambiar todo para poner tu marca en ello, toma un enfoque medido y recuerda que la verdadera transformación viene desde dentro.
</KING-OF-WANDS-ONE>
<ACE-OF-CUPS-ONE>
    Los cambios pueden surgir de tu vida emocional, tal vez la semilla de una nueva relación o amistad. Probablemente esto sea un cambio positivo, trayendo alegría y el comienzo de un nuevo capítulo en tu vida. Permite que tus sentimientos comiencen a transformarte, ablandando tu ser en un sentido más abierto y vulnerable.
</ACE-OF-CUPS-ONE>
<TWO-OF-CUPS-ONE>
    Puede haber una nueva conexión que trae el potencial de cambio en tu vida amorosa y la manera en la cual te relacionas con otras personas. Mantén la mente y el corazón abiertos, permitiéndole a los demás que te cambien tanto como tú los cambias a ellos, y puedes ser transformado por una unión tanto interna como externa.
</TWO-OF-CUPS-ONE>
<THREE-OF-CUPS-ONE>
    Tus amistades y las relaciones pueden cambiar, mudarse a una nueva fase de satisfacción y seguridad emocional. Las amistades existentes, se están profundizando y se pueden crear nuevas conexiones de almas cercanas. Tómate el tiempo para celebrar esta transformación con las personas más cercanas a ti. ¡Relájate, sigue el ritmo y diviértete!
</THREE-OF-CUPS-ONE>
<FOUR-OF-CUPS-ONE>
    Puede que estés retrasando el cambio en tu vida, sintiéndote atrapado en la rutina o que estás repitiendo los mismos patrones emocionales antiguos. Es sencillo quedarse en nuestra zona de confort donde todo es familiar y fácil. Comienza con pequeños cambios y ¡quizás notes que tu copa está más llena de lo que piensas!
</FOUR-OF-CUPS-ONE>
<FIVE-OF-CUPS-ONE>
    Puedes haber sufrido cambios no deseados recientemente, tales como la pérdida de algo que te importaba. Permítete llorar, pero no insistas en quedarte en el pasado. Una perspectiva diferente puede mostrar que todavía tienes mucho por lo cual agradecer, así que concéntrate en lo positivo y el cambio vendrá.
</FIVE-OF-CUPS-ONE>
<SIX-OF-CUPS-ONE>
    Puede que te encuentres recordando cómo solían ser las cosas y sintiendo que han cambiado negativamente. Pero tendemos a ver el pasado a través de vidrios teñidos de color de rosa, especialmente si el presente no cumple nuestras expectativas. Trata de apreciar el presente y los cambios positivos comenzarán a suceder.
</SIX-OF-CUPS-ONE>
<SEVEN-OF-CUPS-ONE>
    Ahora mismo puede haber una gama de cambios posibles ante ti, hasta el punto de no poder decidir cuál debes elegir. A veces es mejor simplemente comprometerse a una decisión, especialmente si las posibilidades son igualmente positivas. Toma tu decisión y mantente abierto a los cambios que esta puede traer consigo.
</SEVEN-OF-CUPS-ONE>
<EIGHT-OF-CUPS-ONE>
    Esto puede ser un momento de grandes cambios para ti, de esos que ponen tu vida de cabeza y que involucra dejar atrás mucho de lo que ya has logrado. No luches en contra de esto, al contrario, abraza el proceso de transformación, incluso cuando sea un reto y permítete crecer más allá de tu zona de confort.
</EIGHT-OF-CUPS-ONE>
<NINE-OF-CUPS-ONE>
    Es probable que te sientas contento y feliz en este momento, con todos tus deseos haciéndose realidad aparentemente. Disfruta de los cambios positivos en tu vida, pero no te conviertas en alguien complaciente y asegúrate de que la transformación ocurra en un nivel profundo, interno y que no sea solo superficial.
</NINE-OF-CUPS-ONE>
<TEN-OF-CUPS-ONE>
    Puede que sientas una sensación de satisfacción en este momento, al llegar al final de un período de cambio. Has desarrollado madurez emocional y realizado cambios duraderos en tu vida. Ahora es el momento de disfrutar de ellos y para permitir que la transformación espiritual que ha resultado de esto traiga consigo aún más satisfacción.
</TEN-OF-CUPS-ONE>
<PAGE-OF-CUPS-ONE>
    Tu intuición te está susurrando próximos cambios, tal vez en tus amistades o relaciones. Puedes encontrarte haciendo nuevas conexiones de alma la cuales traen cambios profundos a tu vida, lo que te permite aceptar tus sentimientos e imaginación y propiciar la transformación creativa y espiritual.
</PAGE-OF-CUPS-ONE>
<KNIGHT-OF-CUPS-ONE>
    Puede que sueñes con el cambio, lleno de esperanzas y planes de cosas nuevas y positivas que quieres traer a tu vida. Sin embargo, es necesario actuar para manifestarlos, ya que el simple hecho de desear las cosas no las hace realidad. Deja que tu intuición te guíe para dar los primeros pasos para hacer tu sueño realidad.
</KNIGHT-OF-CUPS-ONE>
<QUEEN-OF-CUPS-ONE>
    En estos momentos es posible que estés experimentando una transformación interna, dando como resultado cambios en tu vida espiritual y creativa. En tu inconsciente ya entiendes los cambios que necesitas realizar, así que escucha a tus sueños y los susurros de tu intuición y permite que guíen el proceso.
</QUEEN-OF-CUPS-ONE>
<KING-OF-CUPS-ONE>
    Puede que tu madurez emocional esté creciendo mucho más, convirtiéndote en alguien que es dueño de sus emociones y capaz de ayudar a otros a hacer lo mismo. Permite que tu compasión natural y sensibilidad te transformen a ti mismo y a aquellos que te rodean. No te desconectes de tus emociones o el proceso de cambio se estancará.
</KING-OF-CUPS-ONE>
<ACE-OF-PENTACLES-ONE>
    Puede que un cambio inesperado llegue a tu situación económica o material, tal vez algo de dinero o un nuevo hogar o trabajo. Aunque no está inmediatamente claro cuál es la forma que tendrá este cambio, mantén la mente abierta y una actitud positiva y serás capaz de aprovecharlo al máximo.
</ACE-OF-PENTACLES-ONE>
<TWO-OF-PENTACLES-ONE>
    El cambio se puede sentir como una constante en tu vida en el momento, y puede que desees un poco de estabilidad. Podrías estar haciendo malabares con muchas bolas y sentir que no eres capaz de hacer espacio para un cambio duradero. Pero estás aprendiendo a equilibrar tus energías, y esto en sí mismo es un proceso transformador.
</TWO-OF-PENTACLES-ONE>
<THREE-OF-PENTACLES-ONE>
    Pueden estar ocurriendo cambios en tu vida laboral, tal vez un nuevo equipo a tu alrededor o la oportunidad de aprender una nueva habilidad. Mantente positivo a lo que está en oferta y acepta el cambio, tienes la oportunidad de construir algo duradero y transformador, lo cual será mucho mejor que la suma de sus partes.
</THREE-OF-PENTACLES-ONE>
<FOUR-OF-PENTACLES-ONE>
    Puede que te estés resistiendo al cambio, temiendo salir de tu zona de confort y al riesgo de perder la seguridad que has construido por ti mismo. Pero no hay crecimiento sin cambio, y no puedes seguir estancado en la misma rutina para siempre. Da pequeños pasos para iniciar el proceso y puedes transformar tu sentido de abundancia y riqueza.
</FOUR-OF-PENTACLES-ONE>
<FIVE-OF-PENTACLES-ONE>
    La vida puede parecer demasiado difícil en este momento incluso para considerar la posibilidad de cambio. Pero las situaciones difíciles pueden ser profundamente transformadoras, ya que no hay más opción que hacer los cambios que te salvarán. Pide ayuda cuando la necesites y toma las cosas con calma, y el cambio vendrá.
</FIVE-OF-PENTACLES-ONE>
<SIX-OF-PENTACLES-ONE>
    Esta carta sugiere cambios de suerte ¿estás dando o recibiendo abundancia en este momento? De cualquier manera, hazlo con un espíritu de gratitud por lo que tienes y trata de pagarlo más adelante de la manera que puedas. Abrirse a un intercambio de energías con otros puede generar profundas transformaciones.
</SIX-OF-PENTACLES-ONE>
<SEVEN-OF-PENTACLES-ONE>
    Este es un momento de cosecha y de ver los frutos de tu trabajo, una pausa en el ciclo de cambio y una oportunidad de pasar al siguiente nivel. Revisa lo que has logrado hasta ahora y considera tus siguientes pasos, y serás capaz de lograr una transformación aún más profunda.
</SEVEN-OF-PENTACLES-ONE>
<EIGHT-OF-PENTACLES-ONE>
    El cambio es un proceso gradual para ti en estos momentos, ya que estás refinando tus habilidades y poniéndolas en horas de práctica. Es probable que tu esfuerzo y dedicación estén provocando lentamente una transformación en un maestro de tu arte. Confía en el proceso y podrás lograr grandes cosas.
</EIGHT-OF-PENTACLES-ONE>
<NINE-OF-PENTACLES-ONE>
    Los cambios que has realizado en tu vida te han llevado a este punto, donde es probable que seas independiente, autosuficiente y muy capaz. Has aprendido de la experiencia y aceptado un proceso de transformación, y ahora estás cosechando las recompensas del crecimiento interno y la estabilidad material.
</NINE-OF-PENTACLES-ONE>
<TEN-OF-PENTACLES-ONE>
    Puede que te sientas seguro y cómodo en tu vida en este momento, sintiendo que no hay mucho que cambiar. Ten cuidado con convertirte en una persona complaciente, el cambio es un proceso continuo y pronto comenzará un nuevo capítulo. La base sólida que has construido hasta ahora te servirá de mucho al entrar en el siguiente ciclo de transformación.
</TEN-OF-PENTACLES-ONE>
<PAGE-OF-PENTACLES-ONE>
    Puede que estés experimentando cambios en tu salud o tu trabajo en este momento, tal vez tomando un nuevo enfoque o adquiriendo algunos nuevos conocimientos. Incluso si ya tienes experiencia en el campo, adoptar una "mente de principiante" puede ayudarte a sacar lo mejor de estos cambios.
</PAGE-OF-PENTACLES-ONE>
<KNIGHT-OF-PENTACLES-ONE>
    Es probable que te concentres en el trabajo duro y el progreso constante en este momento, confiando en que el cambio ocurrirá gradualmente. No permitas que el proceso de transformación se detenga por no prestarle suficiente atención o por quedar atascado en un bache, en lugar de esto, haz espacio para el crecimiento orgánico y el cambio.
</KNIGHT-OF-PENTACLES-ONE>
<QUEEN-OF-PENTACLES-ONE>
    Este es un momento fértil y creativo para ti, y puedes nutrir el proceso de cambio en tus seres queridos, así como para ti mismo. Tu conexión con la naturaleza puede lograr la transformación interna, llevándote a realizar cambios prácticos y espirituales en tu vida.
</QUEEN-OF-PENTACLES-ONE>
<KING-OF-PENTACLES-ONE>
    Quizás estas tomando un rol más autoritario en este momento o haciendo cambios en tu trabajo o negocio. Es probable que te sientas más cómodo con los cambios graduales, por lo tanto, permite que las cosas se desarrollen orgánicamente. Puedes construir sobre la estabilidad y seguridad que ya tienes y lograr un cambio duradero.
</KING-OF-PENTACLES-ONE>
</ROOT>

