﻿<?xml version="1.0"?>

    <ROOT>

    <ACE-OF-CUPS-ONE>Il peut y avoir certaines tensions et maladresses avec vos proches et cela sera une source d’irritation. Vous serez impatients de nouer de nouveaux liens fructueux avec quelqu’un et vous serez satisfaits de ce que vous obtiendrez. </ACE-OF-CUPS-ONE>

    <TWO-OF-CUPS-ONE>Cette carte suggère que vous aurez à faire vos valises pour des raisons personnelles ou professionnelles. En dépit de certains désaccords avec les personnes que vous aimez, les choses finiront par s’arranger. Il se peut que vous vous confiiez à quelqu’un qui n’est peut-être pas très proche de vous, mais qui vous est pourtant cher. </TWO-OF-CUPS-ONE>

    <THREE-OF-CUPS-ONE>Il peut y avoir un retard dans certains événements dû à des engagements professionnels ou des problèmes personnels qui vous laisseront légèrement contrarié. Ce sentiment peut vous faire sentir isolé, mais vous réaliserez que les personnes que vous aimez seront là à vos côtés pour vous faire sentir mieux. </THREE-OF-CUPS-ONE>

    <FOUR-OF-CUPS-ONE>Cette carte indique qu’une période très chargée devra être abordée avec patience. Cela peut être une épreuve pour les gens que vous aimez et vous réaliserez bientôt combien ils vous soutiennent. Il est suggéré que vous ne restiez pas seul, mais que vous essayez de partager votre problème et que vous permettiez aux gens qui vous aiment de vous aider. </FOUR-OF-CUPS-ONE>

    <FIVE-OF-CUPS-ONE>Cela peut ne pas être une période très agréable, car vous allez devoir renoncer à certaines choses que vous ne pouvez pas contrôler. Ce sera une phase difficile entre vous et ceux que vous aimez et cela pourrait dégénérer en une dispute majeure qui peut conduire à des conséquences non désirées. </FIVE-OF-CUPS-ONE>

    <SIX-OF-CUPS-ONE>Cela peut vous paraître être une période de vacances, car il y aura beaucoup de visites d’amis et de proches. Il pourrait aussi y avoir certaines complications dans votre vie personnelle qui peuvent conduire à des résultats contrastés, mais vous prendrez cela en charge de manière lucide. </SIX-OF-CUPS-ONE>

    <SEVEN-OF-CUPS-ONE>Il peut y avoir certains conflits d’opinion dans votre famille et cela peut devenir intense. Vous essaierez d’obtenir de l’aide pour résoudre la situation calmement. Vous ferez de bonnes choses sur le plan professionnel en essayant de maintenir un équilibre entre différentes choses, mais vous réussirez à produire un travail de bonne qualité. </SEVEN-OF-CUPS-ONE>

    <EIGHT-OF-CUPS-ONE>Il se peut qu’il y ait des réunions programmées avec les gens que vous aimez, mais dues à des incertitudes, il se peut que vous ayez à les remettre à plus tard. Certaines visites chez le médecin pour les gens que vous aimez sont également indiquées. Certaines nouvelles agréables seront sur le point d’arriver. </EIGHT-OF-CUPS-ONE>

    <NINE-OF-CUPS-ONE>Il se peut que vous planifier un voyage ou une escapade depuis un moment, mais que vous ayez à le remettre à plus tard, car quelque chose de mieux se présentera à vous. Il se peut que vous deveniez un peu nostalgique à devoir gérer certaines maladies et que vous ennuyiez les gens qui vous aiment, mais un côté plus positif sera bientôt visible avec l’aide de vos amis. </NINE-OF-CUPS-ONE>

    <TEN-OF-CUPS-ONE>Il se peut que vous ayez à affronter une situation difficile et que vous envisagiez une dispute avec votre famille ou sur votre lieu de travail en pensant que les choses n’auraient pas pu être pires qu’elles le sont maintenant. Vous écouterez vos émotions et entrerez en contact avec votre famille et vos amis pour planifier une réconciliation. </TEN-OF-CUPS-ONE>

    <PAGE-OF-CUPS-ONE>Cette carte indique que vous essaierez maintenant de rendre les choses plus simples pour vous et un changement heureux dans le cours de votre vie vous y aidera. Il est conseillé que vous ne poussiez pas les choses concernant l’argent, une location ou une propriété, car elles peuvent se révéler ne pas être ce que vous espérez. Il se peut que vous tombiez sur un de vos anciens amis ou amants et cela pourrait conduire à ce que vous vous retrouviez. </PAGE-OF-CUPS-ONE>

    <KNIGHT-OF-CUPS-ONE>Vous pensez maintenant à changer de résidence, mais ne précipitez pas les choses pour le moment. Vous devriez faire attention, car certains petits accidents sont signalés autour de la maison. Il se peut que les gens que vous aimez planifient des vacances et vous aurez hâte de cela. Vous serez en contact permanent avec vos amis. </KNIGHT-OF-CUPS-ONE>

    <QUEEN-OF-CUPS-ONE>Il peut y avoir beaucoup de chaos chez vous due à la présence d’enfants, à certain type de travaux dans la maison, ou à la présence d’invités. Il se peut qu’il y ait des problèmes avec la famille et vous aurez à agir de manière responsable ou vous pourriez vous retrouver dans une situation dans laquelle vous n’auriez jamais souhaité être. Ce chaos vous rapprochera encore plus de vos amis et vous y trouverez du réconfort. </QUEEN-OF-CUPS-ONE>

    <KING-OF-CUPS-ONE>Une nouvelle situation approche dans votre vie qui aura un impact positif pour vous et vous apportera du bonheur. Vous recevrez un appel inattendu d’un ami et cela vous mettra de bonne humeur. Certains de vos proches discuteront de problèmes avec vous et vous serez heureux de les aider et d’essayer de les réconforter autant que possible. </KING-OF-CUPS-ONE>

    <ACE-OF-PENTACLES-ONE>Vous êtes dans une période agréable en ce moment et vous êtes sur la voie de la prospérité Vous pourrez aussi vous permettre d’acheter quelque chose que vous ne pouviez pas plus tôt. Votre relation avec votre famille sera heureuse et saine, tout rentrera dans l’ordre. Il se peut que vous planifiiez de rencontrer d’anciens amis ou que vous retrouviez à avoir des projets impromptus avec eux. </ACE-OF-PENTACLES-ONE>

    <TWO-OF-PENTACLES-ONE>Vous verrez qu’essayer de maintenir un équilibre dans des situations à la maison devient très difficile. Vous serez d’humeur distraite et vous trouverez difficile de vous concentrer sur votre vie personnelle. Ces distractions pourraient créer des pressions au travail. Vous vous sentirez mieux après avoir commencé à socialiser et à rencontrer de nouvelles personnes. </TWO-OF-PENTACLES-ONE>

    <THREE-OF-PENTACLES-ONE>Cette carte indique que vous sera passionné par certains hobbies ou par d’autres activités et qu’une personne que vous aimez ou quelqu’un que vous n’attendez pas viendra avec des cadeaux et d’autres opportunités. Il se peut qu’il y ait certaines difficultés officielles que vous ainsi que votre famille deviez traverser. </THREE-OF-PENTACLES-ONE>

    <FOUR-OF-PENTACLES-ONE>Un prospect commercial, une vente ou une autre opportunité arrivera bientôt sur le pas de votre porte. Cela nécessitera le soutien et les conseils des personnes que vous aimez. Vous préparerez des plans avec vos amis et il pourrait y avoir des confrontations déplaisantes, mais vous serez capable de les gérer. </FOUR-OF-PENTACLES-ONE>

    <FIVE-OF-PENTACLES-ONE>Cette carte montre qu’il se peut que vous ayez à affronter des situations stressantes en essayant de maintenir un équilibre entre stabilité psychologique et émotionnelle, mais que certains membres de votre famille vous demanderont conseil. Vous ressentirez des émotions pour vos amis, mais vous ne trouverez pas le temps de les contacter. </FIVE-OF-PENTACLES-ONE>

    <SIX-OF-PENTACLES-ONE>Il se peut que vous ne vous sentiez pas en paix avec certains de vos amis ou collègues à cause de certains problèmes. Vous vous stressez trop avec le travail sans prendre de répit et vous avez besoin de faire une pause avant que cela ne vous affecte. Un membre de votre famille peut sembler malheureux et pourrait exprimer le désir de passer du temps seul ou de faire un pèlerinage. </SIX-OF-PENTACLES-ONE>

    <SEVEN-OF-PENTACLES-ONE>Vous serez soucieux et agité, car certains de vos placements semblent être bloqués quelque part, mais il y aura une arrivée d’argent depuis une autre source. Certains problèmes de santé vous forceront à faire une pause pendant un moment. Vous trouverez le temps de rester en contact avec vos amis et de passer du temps avec eux. </SEVEN-OF-PENTACLES-ONE>

    <EIGHT-OF-PENTACLES-ONE>Vous serez un peu troublé, essayant de trouver des solutions à vos problèmes de foyer. Il se peut que votre famille ne se comporte pas de la manière la plus délicate avec vous en ce moment et il y aura certains obstacles dans vos plans. Vous réussirez à trouver un équilibre entre votre vie personnelle et votre vie professionnelle et à passer du temps avec les gens que vous aimez. </EIGHT-OF-PENTACLES-ONE>

    <NINE-OF-PENTACLES-ONE>Certains travaux que vous pouvez faire depuis chez vous ou simplement en passant des appels vous tiendront occupés pendant un moment. Vos amis et votre famille seront à vos côtés à chaque étape maintenant et ils vous guideront lors de la prise de décisions cruciales. Vous serez impliqué dans des discussions concernant le travail qui vous rapprocheront de collègues et d’amis. </NINE-OF-PENTACLES-ONE>

    <TEN-OF-PENTACLES-ONE>Cette carte indique que vous apprécierez désormais les réunions sociales et le fait de passer du temps avec vos amis et votre famille. Vous vous sentirez plus lié à votre famille et vous demanderez des conseils qu’ils vous donneront avec plaisir. Il est temps que vous rencontriez de nouvelles personnes et ces personnes deviendront ensuite partie intégrante de votre vie. </TEN-OF-PENTACLES-ONE>

    <PAGE-OF-PENTACLES-ONE>Vous pourriez être un peu stressé à cause d’un agenda mouvementé et vous essaierez de planifier des sorties avec les gens que vous aimez. Il peut y avoir un partenariat que vous attendiez avec impatience, mais il se révélera ne pas être ce que vous voulez qu’il soit et cela vous contrariera. Mais vous ferez des efforts pour que cela fonctionne. </PAGE-OF-PENTACLES-ONE>

    <KNIGHT-OF-PENTACLES-ONE>Vous aurez maintenant un très bon moral et il se peut que vous vous retrouviez à faire des achats ou à sortir pour de grosses dépenses. Il y aura une certaine tension entre vous et un des membres de votre famille à cause duquel vous vous abstiendrez de passer trop de temps avec elle. Vous trouverez maintenant un soutien dans vos amis, et si vous aviez des différends quelconques, ils sont désormais résolus. </KNIGHT-OF-PENTACLES-ONE>

    <QUEEN-OF-PENTACLES-ONE>Cette carte indique que vous ferez des plans pour l’avenir qui garderont à l’esprit votre carrière, vos amis et votre famille. Il y aura des réflexions saines sur des idées au court de discussions avec vos amis. Vous vous sentirez proche de votre famille et vous offrirez votre aide à résoudre certains problèmes. </QUEEN-OF-PENTACLES-ONE>

    <KING-OF-PENTACLES-ONE>Vous serez maintenant occupé par des activités qui requièrent beaucoup de tâches administratives. Vous passerez du temps avec vos amis et vous récolterez également certains bénéfices. Vous serez dans une telle situation que vous serez tenté de partir en vacances ou de faire une petite sortie avec votre famille, mais les choses doivent être mises en attente. </KING-OF-PENTACLES-ONE>

    <ACE-OF-SWORDS-ONE>Vous aurez certaines surprises inattendues, mais agréables et vous apprécierez cela. Il y aura beaucoup de pressions et de malaise à la maison entre des membres de la famille et cela vous fera vous sentir isolé. Vous essaierez de vous confier à vos amis et vous essaierez de chercher des conseils et du réconfort. </ACE-OF-SWORDS-ONE>

    <TWO-OF-SWORDS-ONE>Il y a des signaux indiquant que vous vous exposez aux gens qui vous aiment pour des raisons variées. Vous ferez face à des problèmes d’argent, et si la chance tourne, quelqu’un vous sera d’une grande aide. Soyez simplement patient et toutes les disputes se dissiperont dans peu de temps. </TWO-OF-SWORDS-ONE>

    <THREE-OF-SWORDS-ONE>Comme cela arrive toujours dans les familles, vous pouvez aussi être frustré par des pressions à répondre à des attentes exigeantes. Vous vous sentirez un peu mal à l’aise à cause d’une certaine culpabilité et vous essaierez de vous convaincre de résoudre les choses et de retrouver un retour à la normale. </THREE-OF-SWORDS-ONE>

    <FOUR-OF-SWORDS-ONE>Il se peut que vous ayez à compléter des documents judiciaires et cela ne sera pas une expérience très agréable. Vous vous sentirez impuissant dans certaines situations alors que vous voyez ceux que vous aiment passer par une phase de troubles. Il se peut que ce ne soit pas le meilleur moment à passer avec des amis parce que vous vous sentirez généralement déçu. </FOUR-OF-SWORDS-ONE>

    <FIVE-OF-SWORDS-ONE>Après une longue période de traitement, vous serez finalement débarrassé des visites chez le médecin et vous sentirez mieux. Votre famille sera nostalgique et se tiendra à vos côtés. Certaines responsabilités peuvent vous peser et cela peut conduire à de la frustration. Vous vous adonnerez également à quelques achats particulièrement pour votre domicile. </FIVE-OF-SWORDS-ONE>

    <SIX-OF-SWORDS-ONE>Cette carte montre que vous pouvez avoir à faire face à quelques problèmes et difficultés lorsque vous vous occuperez de problème concernant votre domicile. Vous vous sentirez fortement lié à votre famille et essaierez d’être avec votre famille et vos amis beaucoup plus désormais. Vous essaierez également de guider certaines des personnes que vous aimez. </SIX-OF-SWORDS-ONE>

    <SEVEN-OF-SWORDS-ONE>Une rencontre soudaine avec un ancien ami est signalée et cela s’avèrera favorable. Il peut y avoir quelques détails mineurs qui s’ajouteront à vos problèmes et vous feront vous sentir mal à l’aise. Il se peut que vous ayez des disputes et un conflit d’intérêts avec votre famille, mais vous maintiendrez tout de même le lien. </SEVEN-OF-SWORDS-ONE>

    <EIGHT-OF-SWORDS-ONE>Il se peut qu’il y ait quelques problèmes concernant certains amis et vous devrez prendre certaines décisions tranchées. Il peut également y avoir une période romantique pendant laquelle vous vous lierez avec votre amant. Vous apprécierez toujours de bons moments avec votre famille et serez extrêmement heureux de cela. </EIGHT-OF-SWORDS-ONE>

    <NINE-OF-SWORDS-ONE>Cette carte indique vous vous sentez désormais agité à propos de quelqu’un. Il se peut que certains de vos proches soient en train de s’occuper de certains problèmes d’argent et que vous essayiez d’aider. Cela améliorera votre réputation parmi vos proches. Il se peut aussi que vous deviez vous éloigner de quelqu’un ou de quelque chose et que cela vous laisse vulnérable sur le plan émotionnel. </NINE-OF-SWORDS-ONE>

    <TEN-OF-SWORDS-ONE>Vous vous inscrirez à des programmes de qualité qui vous aideront à vous développer en tant que personne et augmenteront votre concentration. Il se peut que vous vous sentiez isolé et en situation précaire et vous essaierez de faire face à cela. Un être cher peut vous avoir blessé et cela vous laissera face à un dilemme. </TEN-OF-SWORDS-ONE>

    <PAGE-OF-SWORDS-ONE>Il se peut qu’il y ait des nouvelles désagréables à l’approche ce qui vous mettra de très mauvaise humeur. Il se peut que vous planifiiez de visiter un proche à un endroit éloigné ou vice-versa. Vous ferez des efforts en permanence pour construire et développer votre vie amoureuse et cela sera apprécié par votre partenaire ou par un ami. </PAGE-OF-SWORDS-ONE>

    <KNIGHT-OF-SWORDS-ONE>Cette carte indique vous participerez à de nombreuses fêtes et vous serez vu en très grande forme à de nombreuses occasions. Il se peut qu’il y ait certaines confrontations au sein de la famille et vous serez prêt à écouter et à essayer de faire que les choses aillent mieux. Cela nécessitera certains conseils d’un être aimé. </KNIGHT-OF-SWORDS-ONE>

    <QUEEN-OF-SWORDS-ONE>Cette carte indique que ce sera une période difficile pour vous. Il se peut que de mauvaises nouvelles arrivent de tous les côtés y compris de la part de votre famille et de vos amis. Il sera difficile pour vous de faire face à cela, mais les personnes que vous aimez feront de leur mieux pour que vous vous sentiez bien. </QUEEN-OF-SWORDS-ONE>

    <KING-OF-SWORDS-ONE>Il peut y avoir certains conflits avec votre famille concernant votre manière de vivre et cela vous contrariera. Il se peut aussi que vous envisagiez de vous éloigner vers un hôtel ou un nouvel appartement. Les soucis vous pourchasseront et il se peut que vous preniez part de manière inattendue à un scandale si vous ne restez pas prudent. </KING-OF-SWORDS-ONE>

    <ACE-OF-WANDS-ONE>Vous aurez certains problèmes sur le plan professionnel et conformément à l’opinion de votre famille, vous déciderez de quitter votre emploi et de démarrer quelque chose par vos propres moyens. Il se peut qu’il y ait certains retards dus à des formalités administratives et que vous deviez annuler certaines réunions. </ACE-OF-WANDS-ONE>

    <TWO-OF-WANDS-ONE>Cette carte indique que vous résoudrez vos problèmes avec un des membres de votre famille et que vous essaierez que les choses rentrent dans l’ordre. De grandes nouvelles approchent et cette information vous aidera à l’avenir. Vous serez prêt à aider un ami, mais vous découvrirez que ses intentions ne sont pas celles que vous pensiez. </TWO-OF-WANDS-ONE>

    <THREE-OF-WANDS-ONE>Les personnes les plus âgées de votre famille vous donneront certains conseils précieux concernant certaines formalités administratives et vos finances. Vous ferez une pause pour vous consacrer à faire ce que vous aimez et ce sera une étape importante. Vous chercherez un soutien parmi vos amis et essaierez de prolonger vos rêves concernant les personnes que vous aimez. </THREE-OF-WANDS-ONE>

    <FOUR-OF-WANDS-ONE>Vous devrez faire face à du stress et à de la frustration à cause de certaines disputes et confrontations familiales. Mais finalement, vous et les personnes qui vous sont chères résoudrez ces problèmes la paix sera maintenue. Il se peut que quelqu’un qui ne vous veut pas de bien essaie de vous leurrer dans quelque chose de mauvais, donc il est conseillé de rester prudent. </FOUR-OF-WANDS-ONE>

    <FIVE-OF-WANDS-ONE>Vous vous sentirez irrité et contrarié à cause de certaines situations incontrôlables survenues à cause d’une personne extérieure. Il se peut que quelqu’un essaie de s’attaquer à votre famille ou à votre propriété et vous devez faire attention. Vous amis et votre famille vous aideront à traverser ce processus de purification intérieure. </FIVE-OF-WANDS-ONE>

    <SIX-OF-WANDS-ONE>Cette carte indique que bien que vous ne soyez pas très heureux de vos efforts personnels, vous essaierez de recontacter un ami ou un votre famille pour planifier un bon voyage avec eux. Il se peut que vous ayez à gérer les problèmes financiers d’un de vos proches. </SIX-OF-WANDS-ONE>

    <SEVEN-OF-WANDS-ONE>Vous aurez à jongler avec un agenda mouvementé et le temps passé avec votre famille et cela envahira votre vie personnelle si vous ne trouvez pas un équilibre. Vous entrerez en contact avec un ancien ami et ce sera une rencontre agréable. </SEVEN-OF-WANDS-ONE>

    <EIGHT-OF-WANDS-ONE>Cette carte indique que vous aurez à vous débattre entre votre travail et votre vie de famille et que vous aurez du mal à trouver du temps pour votre famille. Il est également mentionné une fête sur les cartes à l’occasion d’une bonne nouvelle dans la famille. Vous aurez à traiter avec vos amis attentivement, car il se peut qu’il y ait des malentendus. </EIGHT-OF-WANDS-ONE>

    <NINE-OF-WANDS-ONE>Vous essaierez d’aider un ami sur certaines questions juridiques et des formalités administratives liées. Certains problèmes seront résolus avec un ancien ami et une réunion est signalée. Vous attendez avec impatience certaines nouvelles d’un être cher et cette anxiété vous rend agité. </NINE-OF-WANDS-ONE>

    <TEN-OF-WANDS-ONE>Vous aurez une grosse charge de travail en provenance de votre emploi et vous essaierez de respecter vos engagements. Vous aurez non seulement du travail officiel, mais aussi des problèmes personnels qu’il vous faudra gérer. Il peut y avoir des prises de bec entre vous et un ami ou une personne que vous aimez et vous ne saurez pas comment rectifier les choses. Ce ne sera bon ni pour vous ni pour votre ami. </TEN-OF-WANDS-ONE>

    <PAGE-OF-WANDS-ONE>Vous traversez une phase difficile et vous voudrez vous isoler pendant un moment et cela concernera vos amis et votre famille. Vous essaierez de régler les choses dans votre vie en prenant des décisions réfléchies et vous aurez besoin du soutien d’un ami pour cela. </PAGE-OF-WANDS-ONE>

    <KNIGHT-OF-WANDS-ONE>Un court voyage est signalé pour vous rajeunir et vous envisagerez d’habiter avec votre partenaire pour passer plus de temps avec lui. Les choses ne se passeront pas comme prévu avec les membres de votre famille et vos amis dus à certaines occasions inhabituelles et vous aurez à libérer du temps pour un ami qui cherchera votre soutien et vos conseils. </KNIGHT-OF-WANDS-ONE>

    <QUEEN-OF-WANDS-ONE>Vous serez dans un état d’esprit spirituel et vous chercherez à mettre en œuvre un peu d’autodiscipline. Il y a des chances que vous nouez de nouvelles relations, ou que vous renouveliez ou renforciez des relations existantes. </QUEEN-OF-WANDS-ONE>

    <KING-OF-WANDS-ONE>Cette carte indique qu’il se peut que vous ayez à gérer des situations impliquant une maladie. Il se peut que certains projets exigent que vous vous déplaciez à un autre endroit. Vous serez finalement débarrassé du sentiment d’isolement et les choses iront mieux. </KING-OF-WANDS-ONE>

    <THE-MAGICIAN-ONE>Votre objectif est désormais sur de nouveaux départs et il est conseillé que vous ne vous lanciez pas à la poursuite de quelque chose que vous avez très peu de chances d’obtenir. Vous recevrez bientôt une aide précieuse ou appropriée d’un de vos amis. Certains plans seront établis avec un de vos proches ou il y a des chances que certains plans établis avec un être cher seront modifiés. </THE-MAGICIAN-ONE>

    <THE-HIGH-PRIESTESS-ONE>Cette carte signale qu’une surprise agréable vous est réservée et vous serez enchanté de la recevoir. Vous ne vous sentirez plus attaché aux membres de votre famille désormais à cause du stress et votre dilemme avec vos amis peut s’arranger désormais. </THE-HIGH-PRIESTESS-ONE>

    <THE-EMPRESS-ONE>Vous vous sentirez un peu préoccupé à cause des discussions variées au sein de votre famille et vous aurez très envie d’une certaine tranquillité d’esprit. Vous envisagerez aussi de vous éloigner pendant un moment. Vous vous sentirez un peu coupable à cause de quelque chose que vous avez fait à votre ami et il est temps d’affronter votre peur et de faire des confessions. </THE-EMPRESS-ONE>

    <THE-EMPEROR-ONE>Si vous aviez planifié de visiter un proche ou un être cher, alors la visite sera réussie, mais le voyage ne se fera pas sans heurt. Il est temps que vous soyez entouré de beaucoup d’amis qui deviendront pour vous un soutien et vous inspireront même dans une certaine mesure, car vous vous sentez déprimé. </THE-EMPEROR-ONE>

    <THE-HIEROPHANT-ONE>Cette carte signale que vous souhaitez que l’atmosphère du foyer soit plus gaie et certaines bonnes nouvelles seront sur le point d’arriver. Vous aurez un moment difficile avec un ami, mais le simple fait de se parler calmera la situation, vous serez capable de comprendre cela, et au bout du compte la situation s’apaisera. </THE-HIEROPHANT-ONE>

    <THE-LOVERS-ONE>Vous réaliserez maintenant que certains de vos amis ne sont pas vos amis et que certains d’entre eux vous trahiront si vous ne faites rien. Vous serez en bons termes avec votre famille et il se peut que vous planifiiez de vous réunir pour une petite fête ou pour de bonnes nouvelles. Certains proches pourraient aussi exprimer leur colère, donc vous devez faire attention. </THE-LOVERS-ONE>

    <THE-CHARIOT-ONE>Vous vous retrouverez avec vos amis de longue date et cela constituera un changement revigorant dans votre vie stressante. Vous voudrez aider un proche concernant ses problèmes, mais il ne sera pas prêt à vous écouter, ce qui vous fera vous sentir coupable et impuissant. Vous aurez besoin d’un fort soutien afin de valider vos revendications concernant votre famille. </THE-CHARIOT-ONE>

    <STRENGTH-ONE>Cette carte signale que vous aurez un moment heureux avec vos amis et que des étincelles peuvent jaillir entre vous et un de vos amis du sexe opposé. Vous passerez un moment difficile avec votre famille pour des raisons financières. Il pourrait y avoir des disputes importantes ou même des retombées si la situation vous échappe. </STRENGTH-ONE>

    <THE-HERMIT-ONE>Il y a des chances que vous parliez à nouveau avec un membre de votre famille ou un ami après un long moment sans contact. Si vous avez eu des différends avec un être aimé, alors cela se résoudra. Vous obtiendrez certains conseils en matière de travail et de finance d’un être cher et cela se révélera très utile. </THE-HERMIT-ONE>

    <WHEEL-OF-FORTUNE-ONE>Cette carte signale qu’un membre de votre famille générera beaucoup de frustration et de déception et vous allez souhaiter vous éloigner de cette personne. Il y aura certaines séances chez le médecin dues à une maladie dans votre famille et cela générera beaucoup de stress. </WHEEL-OF-FORTUNE-ONE>

    <JUSTICE-ONE>Vous allez probablement découvrir qu’un membre de votre famille ou un proche sera face à des problèmes qui vous affecteront vous et vos décisions. Les choses ne seront pas aussi paisibles que vous l’attendiez, car il y aura plusieurs complications avec votre famille et des amis, mais cette phase finira par se terminer. </JUSTICE-ONE>

    <THE-HANGED-MAN-ONE>Votre famille et vos amis vous soutiendront dans le nouveau projet que vous envisagez et un être cher vous conseillera également en la matière. Il peut y avoir certaines disputes, mais un simple changement de perspective vous aidera à les résoudre aisément. Vous aurez à faire des efforts pour maintenir d’anciennes relations. </THE-HANGED-MAN-ONE>

    <DEATH-ONE>Cette carte signale que ce sera une période prospère pour vous et votre famille et il se peut aussi que vous envisagiez d’apprendre certains travaux ménagers pour des raisons variées. Il peut y avoir certains changements ou moments embarrassants entre vous et vos amis à cause de circonstances inhabituelles, mais vous arriverez bientôt à faire rentrer les choses dans l’ordre. </DEATH-ONE>

    <TEMPERANCE-ONE>Vous remarquerez que votre famille et vos proches vous soutiendront beaucoup et vous donneront les bons conseils concernant votre vie personnelle. Il y aura une vague d’émotions entre vous et un être cher. Vous devrez garder votre calme et gérer des situations, car il se peut que vous soyez facilement irritable. </TEMPERANCE-ONE>

    <THE-DEVIL-ONE>Cette carte indique que maintenant vous éprouverez des émotions intenses et que vous trouverez difficile de faire passer ce que vous voulez vraiment, mais vous essaierez de maintenir la situation en équilibre pour l’instant. Il se peut qu’il y ait une série de conflits dans votre esprit, car vous êtes préoccupé par beaucoup de pensées gênantes en ce moment. </THE-DEVIL-ONE>

    <THE-TOWER-ONE>Ce ne sera pas un moment très agréable, car il se peut que vous ayez à faire face à des faits sans complaisance sur le plan financier ainsi que sur le plan personnel. Cela pourrait aussi conduire à une rupture, mais les êtres qui vous sont chers vous aideront à traverser cela. Vous serez chanceux et malchanceux à la fois dû aux circonstances que vous traversez. </THE-TOWER-ONE>

    <THE-STAR-ONE>Vous remarquerez que certains de vos proches peuvent rencontrer des problèmes liés à des formalités administratives et vous volerez à leur secours. Il se peut que vous ayez un peu de bonnes nouvelles de quelqu’un qui sera très stimulant et qui vous fera ressentir un sentiment de communion que vous trouverez très agréable et soulageant. </THE-STAR-ONE>

    <THE-MOON-ONE>Certaines situations peuvent se produire et vous feront vous sentir vulnérable, déconcerté et indécis. Il se peut que vous réfléchissiez de manière très émotionnelle concernant un ami ou un être cher et vous serez déchiré entre ce que vous pensez devoir faire et ne pas faire. Vos plans de réunions avec un ami ou un proche s’avéreront décourageants. </THE-MOON-ONE>

    <THE-SUN-ONE>Vous avez désormais besoin d’arranger les choses, car vous aspirez à une vie plus équilibrée. Vous parlerez avec vos proches, mais vous sentirez qu’ils ne vous soutiennent pas. Vous penserez à mélanger les affaires au plaisir ou à essayer de créer des liens d’amitié sur votre lieu de travail, mais cela se révélera ne pas être une très bonne idée. </THE-SUN-ONE>

    <JUDGEMENT-ONE>Cette carte indique que vous aurez à prendre des décisions très importantes et que cela impliquera un ami de longue date ou un être cher. Certaines bonnes nouvelles peuvent également être à l’approche par l’intermédiaire de l’un de vos amis ou de vos proches. Votre relation avec vos amis et vos proches se renforcera. </JUDGEMENT-ONE>

    <THE-WORLD-ONE>Il y aura beaucoup de pression accumulée dans votre esprit et cela peut atteindre le point le plus haut avant explosion. Il est temps que vous partiez en vacances ou à un endroit éloigné pendant un moment. Vous vous tournerez vers vos amis pour trouver du soutien et certains d’entre eux accepteront volontiers et vous réconforteront. </THE-WORLD-ONE>

    <THE-FOOL-ONE>Vous serez en position d’aider un de vos proches, mais ce proche peut rater cette occasion à cause de son imprudence. Une personne proche de vous vous fera réaliser que vous vous comportez de manière vulnérable et que par conséquent quelqu’un vous exploite ce qui se révélera être une mauvaise chose à long terme.</THE-FOOL-ONE>

</ROOT>
