{"v":"5.6.10","fr":25,"ip":0,"op":100,"w":240,"h":240,"nm":"预合成 2","ddd":0,"assets":[],"layers":[{"ddd":0,"ind":1,"ty":4,"nm":"形状图层 10","sr":1,"ks":{"o":{"a":0,"k":100,"ix":11},"r":{"a":0,"k":0,"ix":10},"p":{"a":0,"k":[44,81.25,0],"ix":2},"a":{"a":0,"k":[0,0,0],"ix":1},"s":{"a":0,"k":[60,60,100],"ix":6}},"ao":0,"shapes":[{"ty":"gr","it":[{"d":1,"ty":"el","s":{"a":0,"k":[50.01,50.01],"ix":2},"p":{"a":0,"k":[113,0],"ix":3},"nm":"椭圆路径 1","mn":"ADBE Vector Shape - Ellipse","hd":false},{"ty":"tm","s":{"a":1,"k":[{"i":{"x":[0.269],"y":[1]},"o":{"x":[0.177],"y":[0]},"t":10,"s":[28]},{"t":53,"s":[39]}],"ix":1},"e":{"a":1,"k":[{"i":{"x":[0.208],"y":[1]},"o":{"x":[0.159],"y":[0]},"t":10,"s":[28]},{"i":{"x":[0.667],"y":[1]},"o":{"x":[0.167],"y":[0]},"t":31.5,"s":[34]},{"t":53,"s":[39]}],"ix":2},"o":{"a":1,"k":[{"i":{"x":[0.205],"y":[1]},"o":{"x":[0.21],"y":[0]},"t":10,"s":[-280]},{"t":53,"s":[205]}],"ix":3},"m":1,"ix":2,"nm":"修剪路径 1","mn":"ADBE Vector Filter - Trim","hd":false},{"ty":"st","c":{"a":0,"k":[1,1,1,1],"ix":3},"o":{"a":0,"k":100,"ix":4},"w":{"a":0,"k":4,"ix":5},"lc":2,"lj":1,"ml":4,"bm":0,"nm":"描边 1","mn":"ADBE Vector Graphic - Stroke","hd":false},{"ty":"tr","p":{"a":0,"k":[-91.077,-82.231],"ix":2},"a":{"a":0,"k":[0,0],"ix":1},"s":{"a":0,"k":[100,100],"ix":3},"r":{"a":0,"k":0,"ix":6},"o":{"a":0,"k":100,"ix":7},"sk":{"a":0,"k":0,"ix":4},"sa":{"a":0,"k":0,"ix":5},"nm":"变换"}],"nm":"椭圆 1","np":4,"cix":2,"bm":0,"ix":1,"mn":"ADBE Vector Group","hd":false}],"ip":0,"op":125,"st":0,"bm":0},{"ddd":0,"ind":2,"ty":4,"nm":"形状图层 9","sr":1,"ks":{"o":{"a":1,"k":[{"i":{"x":[0.833],"y":[0.833]},"o":{"x":[0.167],"y":[0.167]},"t":53,"s":[100]},{"i":{"x":[0.833],"y":[0.833]},"o":{"x":[0.167],"y":[0.167]},"t":57,"s":[0]},{"t":61,"s":[100]}],"ix":11},"r":{"a":0,"k":0,"ix":10},"p":{"a":0,"k":[44,81.25,0],"ix":2},"a":{"a":0,"k":[0,0,0],"ix":1},"s":{"a":0,"k":[60,60,100],"ix":6}},"ao":0,"shapes":[{"ty":"gr","it":[{"d":1,"ty":"el","s":{"a":0,"k":[50.01,50.01],"ix":2},"p":{"a":0,"k":[113,0],"ix":3},"nm":"椭圆路径 1","mn":"ADBE Vector Shape - Ellipse","hd":false},{"ty":"tm","s":{"a":1,"k":[{"i":{"x":[0.269],"y":[1]},"o":{"x":[0.177],"y":[0]},"t":10,"s":[28]},{"i":{"x":[0.586],"y":[1]},"o":{"x":[0.167],"y":[0]},"t":56,"s":[39]},{"i":{"x":[0.832],"y":[1]},"o":{"x":[0.419],"y":[0]},"t":78,"s":[55]},{"t":97,"s":[39]}],"ix":1},"e":{"a":1,"k":[{"i":{"x":[0.208],"y":[1]},"o":{"x":[0.159],"y":[0]},"t":10,"s":[28]},{"i":{"x":[0.667],"y":[1]},"o":{"x":[0.167],"y":[0]},"t":33,"s":[17]},{"i":{"x":[0.833],"y":[1]},"o":{"x":[0.167],"y":[0]},"t":56,"s":[39]},{"t":97,"s":[39]}],"ix":2},"o":{"a":1,"k":[{"i":{"x":[0.205],"y":[1]},"o":{"x":[0.21],"y":[0]},"t":10,"s":[-184]},{"i":{"x":[0.833],"y":[1]},"o":{"x":[0.167],"y":[0]},"t":56,"s":[235]},{"t":97,"s":[714]}],"ix":3},"m":1,"ix":2,"nm":"修剪路径 1","mn":"ADBE Vector Filter - Trim","hd":false},{"ty":"st","c":{"a":0,"k":[1,0.6039215686274509,0.1843137254901961,1],"ix":3},"o":{"a":0,"k":100,"ix":4},"w":{"a":0,"k":4,"ix":5},"lc":2,"lj":1,"ml":4,"bm":0,"nm":"描边 1","mn":"ADBE Vector Graphic - Stroke","hd":false},{"ty":"tr","p":{"a":0,"k":[-91.077,-82.231],"ix":2},"a":{"a":0,"k":[0,0],"ix":1},"s":{"a":0,"k":[100,100],"ix":3},"r":{"a":0,"k":0,"ix":6},"o":{"a":0,"k":100,"ix":7},"sk":{"a":0,"k":0,"ix":4},"sa":{"a":0,"k":0,"ix":5},"nm":"变换"}],"nm":"椭圆 1","np":4,"cix":2,"bm":0,"ix":1,"mn":"ADBE Vector Group","hd":false}],"ip":0,"op":125,"st":0,"bm":0},{"ddd":0,"ind":3,"ty":4,"nm":"形状图层 8","sr":1,"ks":{"o":{"a":0,"k":100,"ix":11},"r":{"a":0,"k":0,"ix":10},"p":{"a":0,"k":[44,81.25,0],"ix":2},"a":{"a":0,"k":[0,0,0],"ix":1},"s":{"a":0,"k":[60,60,100],"ix":6}},"ao":0,"shapes":[{"ty":"gr","it":[{"d":1,"ty":"el","s":{"a":0,"k":[87.01,87.01],"ix":2},"p":{"a":0,"k":[113,0],"ix":3},"nm":"椭圆路径 1","mn":"ADBE Vector Shape - Ellipse","hd":false},{"ty":"tm","s":{"a":1,"k":[{"i":{"x":[0.269],"y":[1]},"o":{"x":[0.177],"y":[0]},"t":5,"s":[28]},{"i":{"x":[0.833],"y":[1]},"o":{"x":[0.167],"y":[0]},"t":51,"s":[100]},{"t":90,"s":[100]}],"ix":1},"e":{"a":1,"k":[{"i":{"x":[0.208],"y":[1]},"o":{"x":[0.159],"y":[0]},"t":5,"s":[28]},{"i":{"x":[0.667],"y":[1]},"o":{"x":[0.167],"y":[0]},"t":28,"s":[17]},{"i":{"x":[0.833],"y":[1]},"o":{"x":[0.167],"y":[0]},"t":51,"s":[0]},{"t":90,"s":[100]}],"ix":2},"o":{"a":1,"k":[{"i":{"x":[0.205],"y":[1]},"o":{"x":[0.21],"y":[0]},"t":5,"s":[-357]},{"i":{"x":[0.833],"y":[1]},"o":{"x":[0.167],"y":[0]},"t":51,"s":[300]},{"t":90,"s":[518]}],"ix":3},"m":1,"ix":2,"nm":"修剪路径 1","mn":"ADBE Vector Filter - Trim","hd":false},{"ty":"st","c":{"a":0,"k":[1,0.6039215686274509,0.1843137254901961,1],"ix":3},"o":{"a":0,"k":100,"ix":4},"w":{"a":0,"k":6,"ix":5},"lc":2,"lj":1,"ml":4,"bm":0,"nm":"描边 1","mn":"ADBE Vector Graphic - Stroke","hd":false},{"ty":"tr","p":{"a":0,"k":[-91.077,-82.231],"ix":2},"a":{"a":0,"k":[0,0],"ix":1},"s":{"a":0,"k":[100,100],"ix":3},"r":{"a":0,"k":0,"ix":6},"o":{"a":0,"k":100,"ix":7},"sk":{"a":0,"k":0,"ix":4},"sa":{"a":0,"k":0,"ix":5},"nm":"变换"}],"nm":"椭圆 1","np":4,"cix":2,"bm":0,"ix":1,"mn":"ADBE Vector Group","hd":false}],"ip":0,"op":125,"st":0,"bm":0},{"ddd":0,"ind":4,"ty":4,"nm":"形状图层 5","sr":1,"ks":{"o":{"a":0,"k":100,"ix":11},"r":{"a":0,"k":0,"ix":10},"p":{"a":0,"k":[115.5,81,0],"ix":2},"a":{"a":0,"k":[0,0,0],"ix":1},"s":{"a":0,"k":[60,60,100],"ix":6}},"ao":0,"shapes":[{"ty":"gr","it":[{"d":1,"ty":"el","s":{"a":0,"k":[50.01,50.01],"ix":2},"p":{"a":0,"k":[113,0],"ix":3},"nm":"椭圆路径 1","mn":"ADBE Vector Shape - Ellipse","hd":false},{"ty":"tm","s":{"a":1,"k":[{"i":{"x":[0.269],"y":[1]},"o":{"x":[0.177],"y":[0]},"t":5,"s":[28]},{"t":48,"s":[39]}],"ix":1},"e":{"a":1,"k":[{"i":{"x":[0.208],"y":[1]},"o":{"x":[0.159],"y":[0]},"t":5,"s":[28]},{"i":{"x":[0.667],"y":[1]},"o":{"x":[0.167],"y":[0]},"t":26.5,"s":[34]},{"t":48,"s":[39]}],"ix":2},"o":{"a":1,"k":[{"i":{"x":[0.205],"y":[1]},"o":{"x":[0.21],"y":[0]},"t":5,"s":[-280]},{"t":48,"s":[205]}],"ix":3},"m":1,"ix":2,"nm":"修剪路径 1","mn":"ADBE Vector Filter - Trim","hd":false},{"ty":"st","c":{"a":0,"k":[1,1,1,1],"ix":3},"o":{"a":0,"k":100,"ix":4},"w":{"a":0,"k":4,"ix":5},"lc":2,"lj":1,"ml":4,"bm":0,"nm":"描边 1","mn":"ADBE Vector Graphic - Stroke","hd":false},{"ty":"tr","p":{"a":0,"k":[-91.077,-82.231],"ix":2},"a":{"a":0,"k":[0,0],"ix":1},"s":{"a":0,"k":[100,100],"ix":3},"r":{"a":0,"k":0,"ix":6},"o":{"a":0,"k":100,"ix":7},"sk":{"a":0,"k":0,"ix":4},"sa":{"a":0,"k":0,"ix":5},"nm":"变换"}],"nm":"椭圆 1","np":4,"cix":2,"bm":0,"ix":1,"mn":"ADBE Vector Group","hd":false}],"ip":0,"op":125,"st":0,"bm":0},{"ddd":0,"ind":5,"ty":4,"nm":"形状图层 4","sr":1,"ks":{"o":{"a":0,"k":100,"ix":11},"r":{"a":0,"k":0,"ix":10},"p":{"a":0,"k":[115.5,81,0],"ix":2},"a":{"a":0,"k":[0,0,0],"ix":1},"s":{"a":0,"k":[60,60,100],"ix":6}},"ao":0,"shapes":[{"ty":"gr","it":[{"d":1,"ty":"el","s":{"a":0,"k":[50.01,50.01],"ix":2},"p":{"a":0,"k":[113,0],"ix":3},"nm":"椭圆路径 1","mn":"ADBE Vector Shape - Ellipse","hd":false},{"ty":"tm","s":{"a":1,"k":[{"i":{"x":[0.269],"y":[1]},"o":{"x":[0.177],"y":[0]},"t":5,"s":[28]},{"i":{"x":[0.586],"y":[1]},"o":{"x":[0.166],"y":[0]},"t":51,"s":[39]},{"i":{"x":[0.832],"y":[1]},"o":{"x":[0.419],"y":[0]},"t":71,"s":[55]},{"t":90,"s":[39]}],"ix":1},"e":{"a":1,"k":[{"i":{"x":[0.208],"y":[1]},"o":{"x":[0.159],"y":[0]},"t":5,"s":[28]},{"i":{"x":[0.667],"y":[1]},"o":{"x":[0.167],"y":[0]},"t":28,"s":[17]},{"i":{"x":[0.833],"y":[1]},"o":{"x":[0.167],"y":[0]},"t":51,"s":[39]},{"t":90,"s":[39]}],"ix":2},"o":{"a":1,"k":[{"i":{"x":[0.205],"y":[1]},"o":{"x":[0.21],"y":[0]},"t":5,"s":[-184]},{"i":{"x":[0.833],"y":[1]},"o":{"x":[0.167],"y":[0]},"t":51,"s":[235]},{"t":90,"s":[714]}],"ix":3},"m":1,"ix":2,"nm":"修剪路径 1","mn":"ADBE Vector Filter - Trim","hd":false},{"ty":"st","c":{"a":0,"k":[0.0392156862745098,0.5372549019607843,0.00392156862745098,1],"ix":3},"o":{"a":0,"k":100,"ix":4},"w":{"a":0,"k":4,"ix":5},"lc":2,"lj":1,"ml":4,"bm":0,"nm":"描边 1","mn":"ADBE Vector Graphic - Stroke","hd":false},{"ty":"tr","p":{"a":0,"k":[-91.077,-82.231],"ix":2},"a":{"a":0,"k":[0,0],"ix":1},"s":{"a":0,"k":[100,100],"ix":3},"r":{"a":0,"k":0,"ix":6},"o":{"a":0,"k":100,"ix":7},"sk":{"a":0,"k":0,"ix":4},"sa":{"a":0,"k":0,"ix":5},"nm":"变换"}],"nm":"椭圆 1","np":4,"cix":2,"bm":0,"ix":1,"mn":"ADBE Vector Group","hd":false}],"ip":0,"op":125,"st":0,"bm":0},{"ddd":0,"ind":6,"ty":4,"nm":"形状图层 3","sr":1,"ks":{"o":{"a":0,"k":100,"ix":11},"r":{"a":0,"k":0,"ix":10},"p":{"a":0,"k":[115.5,81,0],"ix":2},"a":{"a":0,"k":[0,0,0],"ix":1},"s":{"a":0,"k":[60,60,100],"ix":6}},"ao":0,"shapes":[{"ty":"gr","it":[{"d":1,"ty":"el","s":{"a":0,"k":[87.01,87.01],"ix":2},"p":{"a":0,"k":[113,0],"ix":3},"nm":"椭圆路径 1","mn":"ADBE Vector Shape - Ellipse","hd":false},{"ty":"tm","s":{"a":1,"k":[{"i":{"x":[0.269],"y":[1]},"o":{"x":[0.177],"y":[0]},"t":0,"s":[28]},{"i":{"x":[0.833],"y":[1]},"o":{"x":[0.333],"y":[0]},"t":46,"s":[100]},{"t":86,"s":[100]}],"ix":1},"e":{"a":1,"k":[{"i":{"x":[0.208],"y":[1]},"o":{"x":[0.159],"y":[0]},"t":0,"s":[28]},{"i":{"x":[0.667],"y":[1]},"o":{"x":[0.167],"y":[0]},"t":23,"s":[17]},{"i":{"x":[0.833],"y":[1]},"o":{"x":[0.159],"y":[0]},"t":46,"s":[0]},{"t":86,"s":[100]}],"ix":2},"o":{"a":1,"k":[{"i":{"x":[0.205],"y":[1]},"o":{"x":[0.21],"y":[0]},"t":0,"s":[-239]},{"i":{"x":[0.833],"y":[1]},"o":{"x":[0.751],"y":[0]},"t":46,"s":[358]},{"t":86,"s":[549]}],"ix":3},"m":1,"ix":2,"nm":"修剪路径 1","mn":"ADBE Vector Filter - Trim","hd":false},{"ty":"st","c":{"a":0,"k":[0.0392156862745098,0.5372549019607843,0.00392156862745098,1],"ix":3},"o":{"a":0,"k":100,"ix":4},"w":{"a":0,"k":6,"ix":5},"lc":2,"lj":1,"ml":4,"bm":0,"nm":"描边 1","mn":"ADBE Vector Graphic - Stroke","hd":false},{"ty":"tr","p":{"a":0,"k":[-91.077,-82.231],"ix":2},"a":{"a":0,"k":[0,0],"ix":1},"s":{"a":0,"k":[100,100],"ix":3},"r":{"a":0,"k":0,"ix":6},"o":{"a":0,"k":100,"ix":7},"sk":{"a":0,"k":0,"ix":4},"sa":{"a":0,"k":0,"ix":5},"nm":"变换"}],"nm":"椭圆 1","np":4,"cix":2,"bm":0,"ix":1,"mn":"ADBE Vector Group","hd":false}],"ip":0,"op":125,"st":0,"bm":0},{"ddd":0,"ind":7,"ty":4,"nm":"形状图层 7","sr":1,"ks":{"o":{"a":0,"k":100,"ix":11},"r":{"a":0,"k":0,"ix":10},"p":{"a":0,"k":[115.75,80.25,0],"ix":2},"a":{"a":0,"k":[0,0,0],"ix":1},"s":{"a":0,"k":[66,66,100],"ix":6}},"ao":0,"shapes":[{"ty":"gr","it":[{"ty":"rc","d":1,"s":{"a":0,"k":[172.491,105.689],"ix":2},"p":{"a":0,"k":[0,0],"ix":3},"r":{"a":0,"k":4,"ix":4},"nm":"矩形路径 1","mn":"ADBE Vector Shape - Rect","hd":false},{"ty":"st","c":{"a":0,"k":[0.0392156862745098,0.5372549019607843,0.00392156862745098,1],"ix":3},"o":{"a":0,"k":100,"ix":4},"w":{"a":0,"k":6,"ix":5},"lc":2,"lj":1,"ml":4,"bm":0,"nm":"描边 1","mn":"ADBE Vector Graphic - Stroke","hd":false},{"ty":"tr","p":{"a":0,"k":[-34.004,59.345],"ix":2},"a":{"a":0,"k":[0,0],"ix":1},"s":{"a":0,"k":[100,100],"ix":3},"r":{"a":0,"k":0,"ix":6},"o":{"a":0,"k":100,"ix":7},"sk":{"a":0,"k":0,"ix":4},"sa":{"a":0,"k":0,"ix":5},"nm":"变换"}],"nm":"矩形 1","np":3,"cix":2,"bm":0,"ix":1,"mn":"ADBE Vector Group","hd":false},{"ty":"tm","s":{"a":1,"k":[{"i":{"x":[0.269],"y":[1]},"o":{"x":[0.177],"y":[0]},"t":5,"s":[28]},{"t":51,"s":[39]}],"ix":1},"e":{"a":1,"k":[{"i":{"x":[0.208],"y":[1]},"o":{"x":[0.159],"y":[0]},"t":5,"s":[28]},{"i":{"x":[0.667],"y":[1]},"o":{"x":[0.167],"y":[0]},"t":13,"s":[56]},{"t":51,"s":[39]}],"ix":2},"o":{"a":1,"k":[{"i":{"x":[0.039],"y":[1]},"o":{"x":[0.161],"y":[0]},"t":5,"s":[-197]},{"t":51,"s":[248]}],"ix":3},"m":1,"ix":2,"nm":"修剪路径 2","mn":"ADBE Vector Filter - Trim","hd":false}],"ip":0,"op":125,"st":0,"bm":0},{"ddd":0,"ind":8,"ty":4,"nm":"形状图层 6","sr":1,"ks":{"o":{"a":1,"k":[{"i":{"x":[0.833],"y":[0.833]},"o":{"x":[0.167],"y":[0.167]},"t":54,"s":[0]},{"t":57,"s":[100]}],"ix":11},"r":{"a":0,"k":0,"ix":10},"p":{"a":0,"k":[116,80,0],"ix":2},"a":{"a":0,"k":[0,0,0],"ix":1},"s":{"a":0,"k":[66,66,100],"ix":6}},"ao":0,"shapes":[{"ty":"gr","it":[{"ty":"rc","d":1,"s":{"a":0,"k":[172.491,105.689],"ix":2},"p":{"a":0,"k":[0,0],"ix":3},"r":{"a":0,"k":4,"ix":4},"nm":"矩形路径 1","mn":"ADBE Vector Shape - Rect","hd":false},{"ty":"st","c":{"a":0,"k":[1,0.6039215686274509,0.1843137254901961,1],"ix":3},"o":{"a":0,"k":100,"ix":4},"w":{"a":0,"k":6,"ix":5},"lc":2,"lj":1,"ml":4,"bm":0,"nm":"描边 1","mn":"ADBE Vector Graphic - Stroke","hd":false},{"ty":"tr","p":{"a":0,"k":[-34.004,59.345],"ix":2},"a":{"a":0,"k":[0,0],"ix":1},"s":{"a":0,"k":[100,100],"ix":3},"r":{"a":0,"k":0,"ix":6},"o":{"a":0,"k":100,"ix":7},"sk":{"a":0,"k":0,"ix":4},"sa":{"a":0,"k":0,"ix":5},"nm":"变换"}],"nm":"矩形 1","np":3,"cix":2,"bm":0,"ix":1,"mn":"ADBE Vector Group","hd":false},{"ty":"tm","s":{"a":1,"k":[{"i":{"x":[0.269],"y":[1]},"o":{"x":[0.177],"y":[0]},"t":0,"s":[28]},{"i":{"x":[0.663],"y":[1]},"o":{"x":[0.33],"y":[0]},"t":46,"s":[39]},{"i":{"x":[0.833],"y":[1]},"o":{"x":[0.34],"y":[0]},"t":49,"s":[39]},{"t":88,"s":[39]}],"ix":1},"e":{"a":1,"k":[{"i":{"x":[0.208],"y":[1]},"o":{"x":[0.159],"y":[0]},"t":0,"s":[28]},{"i":{"x":[0.667],"y":[1]},"o":{"x":[0.167],"y":[0]},"t":23,"s":[17]},{"i":{"x":[0.671],"y":[-1.346]},"o":{"x":[0.338],"y":[-0.357]},"t":46,"s":[39]},{"i":{"x":[0.757],"y":[1]},"o":{"x":[0.819],"y":[0.016]},"t":49,"s":[39.005]},{"i":{"x":[0.757],"y":[1]},"o":{"x":[0.793],"y":[0]},"t":76,"s":[54]},{"t":88,"s":[39]}],"ix":2},"o":{"a":1,"k":[{"i":{"x":[0.205],"y":[1]},"o":{"x":[0.21],"y":[0]},"t":0,"s":[-184]},{"i":{"x":[1],"y":[1]},"o":{"x":[0.33],"y":[0]},"t":46,"s":[272]},{"i":{"x":[0.876],"y":[1]},"o":{"x":[0.985],"y":[0]},"t":49,"s":[273]},{"t":88,"s":[520]}],"ix":3},"m":1,"ix":2,"nm":"修剪路径 2","mn":"ADBE Vector Filter - Trim","hd":false}],"ip":0,"op":125,"st":0,"bm":0},{"ddd":0,"ind":9,"ty":4,"nm":"“videoline”轮廓","sr":1,"ks":{"o":{"a":0,"k":100,"ix":11},"r":{"a":0,"k":0,"ix":10},"p":{"a":0,"k":[97.25,64.5,0],"ix":2},"a":{"a":0,"k":[150,150,0],"ix":1},"s":{"a":0,"k":[77,77,100],"ix":6}},"ao":0,"shapes":[{"ty":"gr","it":[{"ind":0,"ty":"sh","ix":1,"ks":{"a":0,"k":{"i":[[0,0],[4.529,-3.118],[0,0],[0,0],[8.837,0],[0,0],[0,-8.837],[0,0],[-8.837,0],[0,0],[0,8.837],[0,0],[0,0],[0.073,5.584]],"o":[[-0.072,-5.498],[0,0],[0,0],[0,-8.837],[0,0],[-8.837,0],[0,0],[0,8.837],[0,0],[8.837,0],[0,0],[0,0],[4.596,3.172],[0,0]],"v":[[116.54,-45.934],[105.763,-51.507],[59.181,-19.433],[59.181,-45],[43.181,-61],[-101.818,-61],[-117.818,-45],[-117.818,45],[-101.818,61],[43.181,61],[59.181,45],[59.181,18.478],[106.963,51.453],[117.745,45.702]],"c":true},"ix":2},"nm":"路径 1","mn":"ADBE Vector Shape - Group","hd":false},{"ty":"st","c":{"a":0,"k":[1,1,1,1],"ix":3},"o":{"a":0,"k":100,"ix":4},"w":{"a":0,"k":6,"ix":5},"lc":2,"lj":2,"bm":0,"nm":"描边 1","mn":"ADBE Vector Graphic - Stroke","hd":false},{"ty":"tr","p":{"a":0,"k":[173.819,221],"ix":2},"a":{"a":0,"k":[0,0],"ix":1},"s":{"a":0,"k":[100,100],"ix":3},"r":{"a":0,"k":0,"ix":6},"o":{"a":0,"k":100,"ix":7},"sk":{"a":0,"k":0,"ix":4},"sa":{"a":0,"k":0,"ix":5},"nm":"变换"}],"nm":"组 1","np":2,"cix":2,"bm":0,"ix":1,"mn":"ADBE Vector Group","hd":false},{"ty":"tm","s":{"a":1,"k":[{"i":{"x":[0.269],"y":[1]},"o":{"x":[0.167],"y":[0]},"t":0,"s":[100]},{"i":{"x":[0.833],"y":[1]},"o":{"x":[0.833],"y":[0]},"t":46,"s":[0]},{"t":86,"s":[28]}],"ix":1},"e":{"a":1,"k":[{"i":{"x":[0.208],"y":[1]},"o":{"x":[0.167],"y":[0]},"t":0,"s":[100]},{"i":{"x":[0.833],"y":[1]},"o":{"x":[0.088],"y":[0]},"t":46,"s":[100]},{"t":86,"s":[28]}],"ix":2},"o":{"a":1,"k":[{"i":{"x":[0.205],"y":[1]},"o":{"x":[0.167],"y":[0]},"t":0,"s":[462]},{"i":{"x":[0.833],"y":[1]},"o":{"x":[0.92],"y":[0]},"t":46,"s":[272]},{"t":86,"s":[-3]}],"ix":3},"m":1,"ix":2,"nm":"修剪路径 2","mn":"ADBE Vector Filter - Trim","hd":false}],"ip":0,"op":125,"st":0,"bm":0}],"markers":[]}