{
  "orientation": "vertical",
  "layout_type": "ConstraintLayout",
  "background_color": "#ffffff",
  "layouts": [
    {
      "id": 0,
      "weight_x": 100,
      "weight_y": 100
    },
    {
      "id": 1,
      "weight_x": 100,
      "weight_y": 100
    }
  ],
  "texts": [
    {
      "id": 0,
      "layout_id": -1,
      "layout_x": 44,
      "layout_y": 44,
      "position": {
        "center": null,
        "right": null,
        "top": null,
        "left": null,
        "bottom": null
      },
      "rotate": -35,
      "scale": 1,
      "layout_padding": true,
      "padding_left": 0,
      "padding_right": 0,
      "margin_top": 0,
      "margin_bottom": 0,
      "text": "Into The",
      "color": "#2e7d31",
      "font_category": "Comic",
      "font_name": "Comic 7",
      "size": 0.055,
      "gradient": null,
      "tile_mode": null,
      "gradient_type": null,
      "linear_direction": null,
      "opacity": 255,
      "letter_spacing": 0,
      "line_spacing": 10,
      "underLine": false,
      "strikethrough": false,
      "align": "center"
    },
    {
      "id": 1,
      "layout_id": -1,
      "layout_x": 50,
      "layout_y": 50,
      "position": {
        "center": null,
        "right": null,
        "top": null,
        "left": null,
        "bottom": null
      },
      "rotate": -35,
      "scale": 1,
      "layout_padding": true,
      "padding_left": 0,
      "padding_right": 0,
      "margin_top": 0,
      "margin_bottom": 0,
      "text": "WILDERNESS",
      "color": "#000000",
      "font_category": "Basic",
      "font_name": "Basic 5",
      "size": 0.1,
      "gradient": null,
      "tile_mode": null,
      "gradient_type": null,
      "linear_direction": null,
      "opacity": 255,
      "letter_spacing": 2,
      "line_spacing": 10,
      "align": "center",
      "underLine": false,
      "strikethrough": false
    },
    {
      "id": 2,
      "layout_id": -1,
      "layout_x": 57.5,
      "layout_y": 57.5,
      "position": {
        "center": null,
        "right": null,
        "top": null,
        "left": null,
        "bottom": null
      },
      "rotate": -35,
      "scale": 1,
      "layout_padding": true,
      "padding_left": 0,
      "padding_right": 0,
      "margin_top": -10,
      "margin_bottom": 0,
      "text": "hiking the grand canyon",
      "color": "#000000",
      "font_category": "Basic",
      "font_name": "Basic 1",
      "size": 0.045,
      "gradient": null,
      "tile_mode": null,
      "gradient_type": null,
      "linear_direction": null,
      "opacity": 255,
      "letter_spacing": 0,
      "line_spacing": 10,
      "align": "center",
      "underLine": false,
      "strikethrough": false
    }
  ]
}