{
  "orientation": "vertical",
  "layout_type": "ConstraintLayout",
  "background_color": "#ffb74d",
  "layouts": [
    {
      "id": 0,
      "weight_x": 100,
      "weight_y": 100,
      "rounded_rect": true,
      "topLeftRadius": 10,
      "topRightRadius": 10,
      "bottomLeftRadius": 10,
      "bottomRightRadius": 10
    },
    {
      "id": 1,
      "weight_x": 100,
      "weight_y": 100,
      "rounded_rect": true,
      "topLeftRadius": 10,
      "topRightRadius": 10,
      "bottomLeftRadius": 10,
      "bottomRightRadius": 10
    },
    {
      "id": 2,
      "weight_x": 100,
      "weight_y": 100,
      "rounded_rect": true,
      "topLeftRadius": 10,
      "topRightRadius": 10,
      "bottomLeftRadius": 10,
      "bottomRightRadius": 10
    },
    {
      "id": 3,
      "weight_x": 100,
      "weight_y": 100,
      "rounded_rect": true,
      "topLeftRadius": 10,
      "topRightRadius": 10,
      "bottomLeftRadius": 10,
      "bottomRightRadius": 10
    }
  ],
  "texts": [
    {
      "id": 0,
      "layout_id": -1,
      "layout_x": 50,
      "layout_y": 50,
      "position": {
        "center": null,
        "right": null,
        "top": null,
        "left": null,
        "bottom": null
      },
      "rotate": 0,
      "scale": 1,
      "layout_padding": false,
      "padding_left": 0,
      "padding_right": 0,
      "margin_top": 0,
      "margin_bottom": 0,
      "text": "#summer\nexperiences",
      "color": "#000000",
      "font_category": "Brush",
      "font_name": "Brush 6",
      "size": 0.20,
      "gradient": null,
      "tile_mode": null,
      "gradient_type": null,
      "linear_direction": null,
      "opacity": 255,
      "letter_spacing": 1,
      "line_spacing": 4,
      "align": "center",
      "underLine": false,
      "strikethrough": false
    }
  ],
  "stickers": [
    {
      "id": 0,
      "url": ""
    }
  ]
}