{
  "orientation": "vertical",
  "layout_type": "RelativeLayout",
  "background_color": "#ffffff",
  "layouts": [
    {
      "id": 0,
      "weight_x": 100,
      "weight_y": 100
    },
    {
      "id": 1,
      "weight_x": 100,
      "weight_y": 100
    },
    {
      "id": 2,
      "weight_x": 100,
      "weight_y": 100
    },
    {
      "id": 3,
      "weight_x": 100,
      "weight_y": 100
    },
    {
      "id": 4,
      "weight_x": 100,
      "weight_y": 100
    },
    {
      "id": 5,
      "weight_x": 100,
      "weight_y": 100
    },
    {
      "id": 6,
      "weight_x": 100,
      "weight_y": 100
    },
    {
      "id": 7,
      "weight_x": 100,
      "weight_y": 100
    },
    {
      "id": 8,
      "weight_x": 100,
      "weight_y": 100
    },
    {
      "id": 9,
      "weight_x": 100,
      "weight_y": 100
    },
    {
      "id": 10,
      "weight_x": 100,
      "weight_y": 100
    },
    {
      "id": 11,
      "weight_x": 100,
      "weight_y": 100
    },
    {
      "id": 12,
      "weight_x": 100,
      "weight_y": 100,
      "is_overlay": true
    }
  ],
  "texts": [
    {
      "id": 0,
      "layout_id": -1,
      "layout_x": 32,
      "layout_y": 13.5,
      "position": {
        "center": null,
        "right": null,
        "top": null,
        "left": null,
        "bottom": null
      },
      "rotate": 0,
      "scale": 1,
      "layout_padding": true,
      "padding_left": 0,
      "padding_right": 0,
      "margin_top": 0,
      "margin_bottom": 0,
      "text": "Summer Vibes",
      "color": "#795548",
      "font_category": "Calligraphy",
      "font_name": "Calligraphy 15",
      "size": 0.13,
      "gradient": null,
      "tile_mode": null,
      "gradient_type": null,
      "linear_direction": null,
      "opacity": 255,
      "letter_spacing": 0,
      "line_spacing": 10,
      "align": "center",
      "underLine": false,
      "strikethrough": false
    },
    {
      "id": 1,
      "layout_id": -1,
      "layout_x": 71,
      "layout_y": 80.5,
      "position": {
        "center": null,
        "right": null,
        "top": null,
        "left": null,
        "bottom": null
      },
      "rotate": 0,
      "scale": 1,
      "layout_padding": true,
      "padding_left": 0,
      "padding_right": 0,
      "margin_top": 0,
      "margin_bottom": 0,
      "text": "Beach days\n=\nBest days",
      "color": "#795548",
      "font_category": "Gothic",
      "font_name": "Gothic 4",
      "size": 0.045,
      "gradient": null,
      "tile_mode": null,
      "gradient_type": null,
      "linear_direction": null,
      "opacity": 255,
      "letter_spacing": 0,
      "line_spacing": 5,
      "align": "center",
      "underLine": false,
      "strikethrough": false
    }
  ]
}