{
  "orientation": "vertical",
  "layout_type": "ConstraintLayout",
  "background_color": "#ffffff",
  "layouts": [
    {
      "id": 0,
      "weight_x": 57,
      "weight_y": 100
    }
  ],
  "texts": [
    {
      "id": 0,
      "layout_id": -1,
      "layout_x": 50,
      "layout_y": 20,
      "position": {
        "center": null,
        "right": null,
        "top": null,
        "left": null,
        "bottom": null
      },
      "rotate": 0,
      "scale": 1,
      "layout_padding": true,
      "padding_left": 100,
      "padding_right": 0,
      "margin_top": 0,
      "margin_bottom": 0,
      "text": "THE ROAD\nUNTRAVELED",
      "color": "#000000",
      "font_category": "Basic",
      "font_name": "Basic 5",
      "size": 0.07,
      "gradient": null,
      "tile_mode": null,
      "gradient_type": null,
      "linear_direction": null,
      "opacity": 255,
      "letter_spacing": 0,
      "line_spacing": 10,
      "underLine": false,
      "strikethrough": false,
      "align": "left"
    },
    {
      "id": 1,
      "layout_id": 0,
      "layout_x": 50,
      "layout_y": null,
      "position": {
        "center": null,
        "right": null,
        "top": null,
        "left": null,
        "bottom": "0"
      },
      "rotate": 0,
      "scale": 1,
      "layout_padding": true,
      "padding_left": 100,
      "padding_right": 0,
      "margin_top": 20,
      "margin_bottom": 0,
      "text": "Every journey taken always includes the path not taken, the detour through hell, the crossroads of indecision and the long way home.",
      "color": "#000000",
      "font_category": "Basic",
      "font_name": "Basic 6",
      "size": 0.04,
      "gradient": null,
      "tile_mode": null,
      "gradient_type": null,
      "linear_direction": null,
      "opacity": 255,
      "letter_spacing": 0,
      "line_spacing": 10,
      "underLine": false,
      "strikethrough": false,
      "align": "left"
    }
  ]
}