{
  "orientation": "vertical",
  "layout_type": "ConstraintLayout",
  "background_color": "#ffffff",
  "layouts": [
    {
      "id": 0,
      "weight_x": 100,
      "weight_y": 100
    },
    {
      "id": 1,
      "weight_x": 100,
      "weight_y": 100,
      "is_overlay": true
    }
  ],
  "texts": [
    {
      "id": 0,
      "layout_id": -1,
      "layout_x": 30,
      "layout_y": 81,
      "position": {
        "center": null,
        "right": null,
        "top": null,
        "left": null,
        "bottom": null
      },
      "rotate": 27.75,
      "scale": 1,
      "layout_padding": true,
      "padding_left": 0,
      "padding_right": 0,
      "margin_top": 0,
      "margin_bottom": 0,
      "text": "SUMMER",
      "color": "#ffffff",
      "font_category": "Basic",
      "font_name": "Basic 5",
      "size": 0.09,
      "gradient": null,
      "tile_mode": null,
      "gradient_type": null,
      "linear_direction": null,
      "opacity": 255,
      "letter_spacing": 1,
      "line_spacing": 10,
      "align": "center",
      "underLine": false,
      "strikethrough": false
    },
    {
      "id": 1,
      "layout_id": -1,
      "layout_x": 83,
      "layout_y": 87,
      "position": {
        "center": null,
        "right": null,
        "top": null,
        "left": null,
        "bottom": null
      },
      "rotate": 0,
      "scale": 1,
      "layout_padding": true,
      "padding_left": 0,
      "padding_right": 0,
      "margin_top": 0,
      "margin_bottom": 0,
      "text": "FASHION SALE",
      "color": "#000000",
      "font_category": "Basic",
      "font_name": "Basic 7",
      "size": 0.055,
      "gradient": null,
      "tile_mode": null,
      "gradient_type": null,
      "linear_direction": null,
      "opacity": 255,
      "letter_spacing": 0,
      "line_spacing": 10,
      "underLine": false,
      "strikethrough": false,
      "align": "center"
    },
    {
      "id": 2,
      "layout_id": 0,
      "layout_x": 83,
      "layout_y": null,
      "position": {
        "center": null,
        "right": null,
        "top": null,
        "left": null,
        "bottom": "1"
      },
      "rotate": 0,
      "scale": 1,
      "layout_padding": true,
      "padding_left": 0,
      "padding_right": 0,
      "margin_top": -10,
      "margin_bottom": 0,
      "text": "20% OFF",
      "color": "#000000",
      "font_category": "Basic",
      "font_name": "Basic 5",
      "size": 0.055,
      "gradient": null,
      "tile_mode": null,
      "gradient_type": null,
      "linear_direction": null,
      "opacity": 255,
      "letter_spacing": 0,
      "line_spacing": 10,
      "underLine": false,
      "strikethrough": false,
      "align": "center"
    }
  ]
}