{
  "orientation": "vertical",
  "layout_type": "LinearLayout",
  "background_color": "#ef6c00",
  "layouts": [
    {
      "id": 0,
      "weight_x": 100,
      "weight_y": 100
    }
  ],
  "texts": [
    {
      "id": 0,
      "layout_id": 0,
      "layout_x": 50,
      "layout_y": 65,
      "position": {
        "center": null,
        "right": null,
        "top": null,
        "left": null,
        "bottom": null
      },
      "rotate": 0,
      "scale": 1,
      "layout_padding": true,
      "padding_left": 0,
      "padding_right": 0,
      "margin_top": 0,
      "margin_bottom": 0,
      "text": "Merry Christmas",
      "color": "#ef6c00",
      "font_category": "Holidays",
      "font_name": "Holidays 4",
      "size": 0.12,
      "gradient": null,
      "tile_mode": null,
      "gradient_type": null,
      "linear_direction": null,
      "opacity": 255,
      "letter_spacing": 0,
      "line_spacing": 10,
      "align": "center",
      "underLine": false,
      "strikethrough": false
    },
    {
      "id": 1,
      "layout_id": 0,
      "layout_x": 50,
      "layout_y": null,
      "position": {
        "center": null,
        "right": null,
        "top": null,
        "left": null,
        "bottom": "0"
      },
      "rotate": 0,
      "scale": 1,
      "layout_padding": false,
      "padding_left": 10,
      "padding_right": 10,
      "margin_top": 10,
      "margin_bottom": 0,
      "text": "Christmas gives us the opportunity to pause and reflect on the important things around us.",
      "color": "#434343",
      "font_category": "Basic",
      "font_name": "Basic 1",
      "size": 0.040,
      "gradient": null,
      "tile_mode": null,
      "gradient_type": null,
      "linear_direction": null,
      "opacity": 255,
      "letter_spacing": 0,
      "line_spacing": 10,
      "align": "center",
      "underLine": true,
      "strikethrough": false
    }
  ]
}