﻿<?xml version="1.0" encoding="utf-8" ?>
<ROOT>
  <ACE-OF-CUPS-ONE >
This card indicates that everything seems to be smooth running now when it comes to your health. You will feel fresh and energetic physically and mentally and there will hardly be any ailments. You will also move more towards spirituality now which will make you feel even better. 
</ACE-OF-CUPS-ONE >
<ACE-OF-CUPS-PAST >
Things related to your health may have moved smooth. You would have felt fresh and energetic physically and mentally devoid of any ailments. Movement towards spirituality may have made you feel better 
</ACE-OF-CUPS-PAST >
<ACE-OF-CUPS-PRESENT >
Things related to your health will be running smooth and you may feel fresh and energetic physically and mentally without any ailments. You may move towards spirituality which will make you feel better. 
</ACE-OF-CUPS-PRESENT >
<ACE-OF-CUPS-FUTURE >
Things related to your health may run smoothly and you may feel fresh and energetic physically and mentally without ailments. A move towards spirituality looks probable and that may make you feel better. 
</ACE-OF-CUPS-FUTURE >
<TWO-OF-CUPS-ONE >
This card shows that things are a little disturbed in the health department as you struggle to keep pace with the well being of a loved one and this will cause serious concern and some repeated visits to a hospital. 
</TWO-OF-CUPS-ONE >
<TWO-OF-CUPS-PAST >
Things related to your health may have been a little disturbed and you may have struggled to maintain pace with the health of a loved one. This could have caused concern and needed frequent visits to a hospital. 
</TWO-OF-CUPS-PAST >
<TWO-OF-CUPS-PRESENT >
Your health will be a little disturbed and you may struggle to keep pace with the well being of a loved one. This can cause serious concern and frequent visits to a hospital. 
</TWO-OF-CUPS-PRESENT >
<TWO-OF-CUPS-FUTURE >
Your health may show causes of disturbance and you may have to struggle to keep pace with the well being of a loved one. There are possibilities of serious concerns and you may need to visit hospital frequently. 
</TWO-OF-CUPS-FUTURE >
<THREE-OF-CUPS-ONE >
This card indicates that you want to have a gala time now and will pamper yourself more than required. This will cause some serious health concerns that will have to be addressed soon. If you do not take measures, you may have to take a trip to the hospital or a rehab. 
</THREE-OF-CUPS-ONE >
<THREE-OF-CUPS-PAST >
You may have had a gala time and pampered yourself well. This could have paved way to serious health issues that needed quick redressing. It was wise to have taken measures else you may have taken trips to a hospital or rehab. 
</THREE-OF-CUPS-PAST >
<THREE-OF-CUPS-PRESENT >
You may have a gala time and will pamper yourself to a great extent. This can cause serious health concerns needing quick addressing to. Take measures to avoid trips to a hospital or rehab. 
</THREE-OF-CUPS-PRESENT >
<THREE-OF-CUPS-FUTURE >
You are likely to have a gala time and pamper yourself way too much. This may contribute to serious health issues that may require quick attention. You may have to take measures to avoid trips to a hospital or rehab. 
</THREE-OF-CUPS-FUTURE >
<FOUR-OF-CUPS-ONE >
You are taking too much stress and this can cause your body to breakdown. You need to take some time out despite professional commitments as it is necessary now. This may frustrate you a little but eventually you will recover for better and this will also give you a new stance in life. 
</FOUR-OF-CUPS-ONE >
<FOUR-OF-CUPS-PAST >
Too much stress may have caused your body to breakdown. You may have had to take some time off in spite of professional commitments. Although this frustrated you, your recovery may have occurred soon and given you a new stance in life. 
</FOUR-OF-CUPS-PAST >
<FOUR-OF-CUPS-PRESENT >
You are taking too much stress causing your body to breakdown. You have to take some time out despite professional commitments since it is important. However frustrating this is, you will soon recover and discover a new stance in life. 
</FOUR-OF-CUPS-PRESENT >
<FOUR-OF-CUPS-FUTURE >
You are likely to take too much stress that may cause your body to breakdown. You may need to take some time out in spite of professional commitments since it will be important. This could frustrate you a little but you will eventually recover and discover a new stance in life. 
</FOUR-OF-CUPS-FUTURE >
<FIVE-OF-CUPS-ONE >
This card shows that too much traveling or work pressure will get to you and you will feel exhausted and extremely tired now. This can also affect your health more seriously than you expect causing you problems. You will have to pay attention to stomach related issues as a priority. 
</FIVE-OF-CUPS-ONE >
<FIVE-OF-CUPS-PAST >
Too much travel or work pressure could have gotten to you and made you feel tired. It could have affected your health and caused problems. It was vital to have paid attention especially to stomach related issues. 
</FIVE-OF-CUPS-PAST >
<FIVE-OF-CUPS-PRESENT >
A lot of travel or work pressure will make you feel tired and exhausted. This can affect your health causing serious problems. You have to pay attention to stomach related issues importantly. 
</FIVE-OF-CUPS-PRESENT >
<FIVE-OF-CUPS-FUTURE >
There are chances of travel or work pressure tiring you out completely. This could affect your health and cause serious concerns. You may have to pay attention to stomach related problems as a priority. 
</FIVE-OF-CUPS-FUTURE >
<SIX-OF-CUPS-ONE >
This card indicates that you are not feeling very good and this restlessness id affecting your body physically and mentally. But you will keep yourself together to finish certain tasks and will then take a break which will help your body to rejuvenate. 
</SIX-OF-CUPS-ONE >
<SIX-OF-CUPS-PAST >
You may not have felt good and restlessness could have affected your body physically and mentally. You kept yourself together to complete tasks and subsequently took a break to help your body rejuvenate. 
</SIX-OF-CUPS-PAST >
<SIX-OF-CUPS-PRESENT >
You will not be feeling good and restlessness can affect your body physically and mentally. You will keep yourself together to complete tasks and soon take a break to rejuvenate yourself. 
</SIX-OF-CUPS-PRESENT >
<SIX-OF-CUPS-FUTURE >
You are not likely to feel good and restlessness can affect your body physically and mentally. You may have to keep yourself together to complete tasks and may have to take a break to rejuvenate yourself. 
</SIX-OF-CUPS-FUTURE >
<SEVEN-OF-CUPS-ONE >
This card shows that your body is now showing symptoms of a disease demanding some relaxation. Some ailments may haunt you which you will have to deal with. There may be some issues relating to your limbs or eyes and you will have to let go for a while to recover. 
</SEVEN-OF-CUPS-ONE >
<SEVEN-OF-CUPS-PAST >
You body may have shown symptoms of a disease that required rest. Certain ailments may have haunted you and you dealt with them. Issues relating to limbs or eyes could have occurred and you took off for some time to recuperate. 
</SEVEN-OF-CUPS-PAST >
<SEVEN-OF-CUPS-PRESENT >
Your body is now showing symptoms of a disease needing relaxation. Certain illnesses can haunt you but you will deal with them. Issues relating to limbs or eyes can occur but you will let go to recuperate. 
</SEVEN-OF-CUPS-PRESENT >
<SEVEN-OF-CUPS-FUTURE >
Your body may begin to show symptoms of disease that may need rest. Possibilities of certain diseases to haunt you seem high but you will deal with them. Limb or eye related issues may occur but you will take time off to recuperate. 
</SEVEN-OF-CUPS-FUTURE >
<EIGHT-OF-CUPS-ONE >
This card indicates that time will be a little rough on your eyes or hair and a period of medication will follow. This will hamper your daily chores a little bit which can frustrate you but there will be nothing major to worry about and healing will start soon. Your loved ones will take care of you while you recover. 
</EIGHT-OF-CUPS-ONE >
<EIGHT-OF-CUPS-PAST >
You may have had eye or hair issues and followed medications. The problem could have affected your routine and frustrated you but you did not have anything big to worry about since healing commenced quickly. Your loved ones may have taken care of you during your recovery. 
</EIGHT-OF-CUPS-PAST >
<EIGHT-OF-CUPS-PRESENT >
Time may be harsh on your eyes or hair and you will begin medication. This will hamper your routine and frustrate you but there is nothing big to worry since healing will start soon. Your loved ones will take care of you as you recover. 
</EIGHT-OF-CUPS-PRESENT >
<EIGHT-OF-CUPS-FUTURE >
There are possibilities of eye or hair issues and medications may follow. The problem may affect your routine and may frustrate you but nothing major looks probable and your healing will begin quickly. Your loved ones may take care of you when you recover. 
</EIGHT-OF-CUPS-FUTURE >
<NINE-OF-CUPS-ONE >
This card shows that you are now facing or will soon have to face some isolation or depression due to the ups and downs in your life. You will be in a vulnerable position right now and will feel that nobody understands you well. This disturbing frame of mind can cause nervousness and popping of some sleeping pills. 
</NINE-OF-CUPS-ONE >
<NINE-OF-CUPS-PAST >
You may have faced isolation or depression because of life’s ups and downs. You may have been in a vulnerable position and felt that nobody understood you well. Such a frame of mind caused nervousness and you may have popped some sleeping pills. 
</NINE-OF-CUPS-PAST >
<NINE-OF-CUPS-PRESENT >
You are now facing or will soon have to face some isolation or depression due to the ups and downs in your life. You will be in a vulnerable position right now and will feel that nobody understands you well. This disturbing frame of mind can cause nervousness and popping of some sleeping pills. 
</NINE-OF-CUPS-PRESENT >
<NINE-OF-CUPS-FUTURE >
You may have to face isolation or depression because of life’s ups and downs. You may be in a vulnerable position and feel that nobody understands you well. Such a frame of mind may result in nervousness or even popping of sleeping pills. 
</NINE-OF-CUPS-FUTURE >
<TEN-OF-CUPS-ONE >
This card indicates that your busy and abrupt schedule will cause you to have an imbalanced diet and this can lead to some stomach disorders. This abrupt schedule can lead to isolation or insomnia which will just be there for a while. You will take measures and will soon recover. 
</TEN-OF-CUPS-ONE >
<TEN-OF-CUPS-PAST >
Your busy schedule may have contributed to stomach disorders because of unbalanced diet. Such a schedule could have even led to isolation or insomnia for a short period. Your measures may have helped you recover quicker. 
</TEN-OF-CUPS-PAST >
<TEN-OF-CUPS-PRESENT >
Your busy schedule will contributed to stomach disorders due to unbalanced diet. This schedule can lead to isolation or insomnia for a short while. You will take measures to recover soon. 
</TEN-OF-CUPS-PRESENT >
<TEN-OF-CUPS-FUTURE >
Your busy schedule may contribute to stomach disorders from unbalanced diet. Such a schedule may lead to isolation or insomnia temporarily. You are likely to take measures to recuperate eventually. 
</TEN-OF-CUPS-FUTURE >
<PAGE-OF-CUPS-ONE >
This card shows that with the kind of circumstances that you are facing now, you will feel very sensitive and you may get easily influenced. This state of mind can prove bad for your health physically or mentally. Be careful as you are accident prone. 
</PAGE-OF-CUPS-ONE >
<PAGE-OF-CUPS-PAST >
Your circumstances may have driven you to feel sensitive and easily influenced. The state of mind could have proved bad for your health physically or mentally. It was wise to be careful since you were accident prone. 
</PAGE-OF-CUPS-PAST >
<PAGE-OF-CUPS-PRESENT >
Your circumstances will drive you to feel sensitive and influence-able. This state of mind will prove bad for your physical and mental health. Be careful since you are accident prone. 
</PAGE-OF-CUPS-PRESENT >
<PAGE-OF-CUPS-FUTURE >
Your circumstances will eventually drive you to feel sensitive and easily influenced. Such state of mind may prove bad for your physical and mental health. Be careful since you may be accident prone. 
</PAGE-OF-CUPS-FUTURE >
<KNIGHT-OF-CUPS-ONE >
This card indicates that everything related to your health will be much merrier now. If you are already suffering some kind of an ailment and visiting the doctor then you will notice that your condition will get better despite a bad news that may be given to you. You will just have to keep faith in yourself and take good care of your body. 
</KNIGHT-OF-CUPS-ONE >
<KNIGHT-OF-CUPS-PAST >
Health related concerns were merrier. A long pending ailment and doctor visits may have gotten positive with your improved condition despite bad news. You kept faith in yourself and took care of your body. 
</KNIGHT-OF-CUPS-PAST >
<KNIGHT-OF-CUPS-PRESENT >
Health related concerns will get merrier now. If you are already suffering some kind of an ailment and visiting the doctor then you will notice that your condition will get better despite a bad news that may be given to you. You will just have to keep faith in yourself and take good care of your body. 
</KNIGHT-OF-CUPS-PRESENT >
<KNIGHT-OF-CUPS-FUTURE >
Things related to your health may get merrier. A long pending ailment and doctor visits are likely to improve with a better body condition despite a bad news that you may get to hear. You may have to keep faith in yourself and continue to take good care of your body. 
</KNIGHT-OF-CUPS-FUTURE >
<QUEEN-OF-CUPS-ONE >
This card shows that you are now mentally getting drained due to various personal and professional pressures and you may also find yourself helpless at times. There may be some symptoms of despair for which you will consult the doctor and some relatives but things will get better steadily. 
</QUEEN-OF-CUPS-ONE >
<QUEEN-OF-CUPS-PAST >
You were mentally drained because of personal and professional pressures. You found yourself helpless at times. Symptoms of despair occurred and you consulted the doctor and some relatives. Things may have improved steadily. 
</QUEEN-OF-CUPS-PAST >
<QUEEN-OF-CUPS-PRESENT >
You are now mentally getting drained due to various personal and professional pressures and you will also find yourself helpless at times. There can be some symptoms of despair for which you will consult the doctor and some relatives but things will get better steadily. 
</QUEEN-OF-CUPS-PRESENT >
<QUEEN-OF-CUPS-FUTURE >
You may get mentally tired because of personal and professional and find yourself helpless at times. There are chances of despair symptoms occurring in you and you may consult the doctor and some relatives. Things may get better gradually. 
</QUEEN-OF-CUPS-FUTURE >
<KING-OF-CUPS-ONE >
This card indicates that there may be some upsetting situations which will leave you highly disappointed and will force you to think that you are not good enough for the world or lack qualities. Do not let these circumstances lead to an addiction. 
</KING-OF-CUPS-ONE >
<KING-OF-CUPS-PAST >
Some upsetting situations may have left you disappointed and forced you to think you were not good enough for the world. It was wise not to have let these circumstances form an addiction. 
</KING-OF-CUPS-PAST >
<KING-OF-CUPS-PRESENT >
Some upsetting situations will leave you disappointed and will force you to think that you are not good enough for the world. Do not let these circumstances lead to an addiction. 
</KING-OF-CUPS-PRESENT >
<KING-OF-CUPS-FUTURE >
There are possibilities of upsetting situations leaving you disappointed. Those may force you to think that you may not be good enough for the world. Do not let these circumstances lead to an addiction. 
</KING-OF-CUPS-FUTURE >
<ACE-OF-PENTACLES-ONE >
This card indicates that you are willing to make some healthy changes in your life now. If you were suffering from some kind of an ailment then this is a good time for fast recovery and you will soon see yourself in a much better condition. You will eventually recover for good. 
</ACE-OF-PENTACLES-ONE >
<ACE-OF-PENTACLES-PAST >
Ace of pentacles: You made some healthy changes in your life. A long pending ailment may have seen fast recovery and you would have gotten into a better condition. You may have managed to recover for good. 
</ACE-OF-PENTACLES-PAST >
<ACE-OF-PENTACLES-PRESENT >
You are willing to make healthy changes in your life. If you are suffering from an ailment, this is good time to witness fast recovery and to see you in a better condition. You will recover for good very soon. 
</ACE-OF-PENTACLES-PRESENT >
<ACE-OF-PENTACLES-FUTURE >
You may be willing to make some healthy changes in your life. Your long suffering ailment will find a good time for fast recovery and you will see yourself in a better condition. You will eventually recover for good. 
</ACE-OF-PENTACLES-FUTURE >
<TWO-OF-PENTACLES-ONE >
You will feel tired and drained because of working wee hours and fulfilling various responsibilities. These circumstances can be rough on your body but you will have to try and strike a balance to not let yourself be a victim of the situation. 
</TWO-OF-PENTACLES-ONE >
<TWO-OF-PENTACLES-PAST >
You felt tired due to working in wee hours and fulfilling many responsibilities. Those circumstances were rough on your body and you may have attempted to strike a balance to come away from the situation. 
</TWO-OF-PENTACLES-PAST >
<TWO-OF-PENTACLES-PRESENT >
You will feel tired from working in wee hours and satisfying responsibilities. These circumstances may be rough on your body but you will try to steer clear of becoming a victim of the situation. 
</TWO-OF-PENTACLES-PRESENT >
<TWO-OF-PENTACLES-FUTURE >
You are likely to feel tired from working in wee hours and satisfying responsibilities. There are chances for circumstances to take a toll on your body but you will manage to avoid being a victim of the situation. 
</TWO-OF-PENTACLES-FUTURE >
<THREE-OF-PENTACLES-ONE >
This card indicates that an emotional breakdown or an abrupt encounter will lead you to some toxic influences. This can take a toll on your health so you will have to be careful. Rest will have to wait as many things will be lined up for you. 
</THREE-OF-PENTACLES-ONE >
<THREE-OF-PENTACLES-PAST >
An emotional breakdown or abrupt encounter may have led you to toxic influences. It could have taken a toll on your health and you had to be careful. There were several things that seem to be lined up for you. 
</THREE-OF-PENTACLES-PAST >
<THREE-OF-PENTACLES-PRESENT >
An emotional breakdown or abrupt encounter can lead you to hazardous influences. This can take a toll on your health and you need to be careful. Many things will be lined up for you. 
</THREE-OF-PENTACLES-PRESENT >
<THREE-OF-PENTACLES-FUTURE >
An emotional breakdown or abrupt encounter is likely to lead you to hazardous influences. Those could serve rough on your health and you may have to exercise caution. There are chances for several things to be lined up for you. 
</THREE-OF-PENTACLES-FUTURE >
<FOUR-OF-PENTACLES-ONE >
This card shows that you will have to face some trouble with an already existing medical problem and may have to take some rounds at the clinic. You along with your loved ones will seek some help and advice. Things may go a little out of hand and you will have to be strong now. 
</FOUR-OF-PENTACLES-ONE >
<FOUR-OF-PENTACLES-PAST >
You may have had to face troubles with an existing medical problem and had to visit clinics. You and your loved ones would have sought for help and advice. Things could have gone out of hand and you may have been strong. 
</FOUR-OF-PENTACLES-PAST >
<FOUR-OF-PENTACLES-PRESENT >
You may have to face some troubles with a current medical problem and will need to visit clinic often. You and your loved ones may seek help and advice. Things can go out of hand but you will have to be strong. 
</FOUR-OF-PENTACLES-PRESENT >
<FOUR-OF-PENTACLES-FUTURE >
You are likely to face troubles with a medical problem and may have to frequently visit clinic. You and your loves ones may seek for help and advice. There are chances for things to go out of hand but you may need to be strong. 
</FOUR-OF-PENTACLES-FUTURE >
<FIVE-OF-PENTACLES-ONE >
This card indicates that you have been neglecting your health a lot lately and this is why a minor ailment may now have got a little serious although not that major. Because of this you may have to go for some checkups. 
</FIVE-OF-PENTACLES-ONE >
<FIVE-OF-PENTACLES-PAST >
You may have neglected your health in recent times and a minor ailment may have had become a little serious but no so major. This could have triggered repeated checkups. 
</FIVE-OF-PENTACLES-PAST >
<FIVE-OF-PENTACLES-PRESENT >
You are neglecting your health a lot lately and a minor ailment may now get a little serious but not major. This can trigger frequent checkups. 
</FIVE-OF-PENTACLES-PRESENT >
<FIVE-OF-PENTACLES-FUTURE >
Your neglected health may trigger a minor ailment that could get serious but not major. There are chances for frequent checkups to occur because of this. 
</FIVE-OF-PENTACLES-FUTURE >
<SIX-OF-PENTACLES-ONE >
This card shows that you will have to be extra careful about your surroundings now. You are accident prone and therefore will have to be vigilant and cautious about everything around you. This is a critical time and if you are not careful then it may lead to an undesirable end. 
</SIX-OF-PENTACLES-ONE >
<SIX-OF-PENTACLES-PAST >
You had to be extra careful about your surroundings. You were accident prone and therefore needed to be vigilant and cautious. Less caution may have led to an undesirable end. 
</SIX-OF-PENTACLES-PAST >
<SIX-OF-PENTACLES-PRESENT >
You may have to be extra cautious about your surroundings now. You are accident prone and hence you have to be vigilant and cautious. This is a critical time and if you are not careful, it would lead to an undesirable end. 
</SIX-OF-PENTACLES-PRESENT >
<SIX-OF-PENTACLES-FUTURE >
You may have to be very careful about your surroundings. You may be accident prone and you may need to be vigilant and cautious. Your time may be critical and if you do not be careful, it may lead to an undesirable end. 
</SIX-OF-PENTACLES-FUTURE >
<SEVEN-OF-PENTACLES-ONE >
This card indicates that you are facing a very disturbing period now and you will try to avoid anything that would involve too much involvement or physical work. You will not be willing to do anything that would demand your time and concentration and this will keep you away from work unwillingly. 
</SEVEN-OF-PENTACLES-ONE >
<SEVEN-OF-PENTACLES-PAST >
You may have faced a disturbing period and tried to avoid things that involved physical work. You may not have been willing to things that demanded your time and attention. 
</SEVEN-OF-PENTACLES-PAST >
<SEVEN-OF-PENTACLES-PRESENT >
You are facing a very disturbing period and may try to avoid everything that needs physical work. You may not be willing to do things that demand your time and attention. 
</SEVEN-OF-PENTACLES-PRESENT >
<SEVEN-OF-PENTACLES-FUTURE >
You are likely to face a very disturbing phase and may try to avoid things that demand physical work. Your may not be willing to do things needing your time and concentration. 
</SEVEN-OF-PENTACLES-FUTURE >
<EIGHT-OF-PENTACLES-ONE >
This card shows that its time you get out all those moisturizers and sun blocks as your skin may be vulnerable. You will have to travel a lot for work and this can affect your diet and lead to stomach related problems. 
</EIGHT-OF-PENTACLES-ONE >
<EIGHT-OF-PENTACLES-PAST >
It may have been time to use moisturizers and sun blocks since your skin may have been vulnerable. You may have had to travel a lot for work that affected your diet and led to stomach problems. 
</EIGHT-OF-PENTACLES-PAST >
<EIGHT-OF-PENTACLES-PRESENT >
It is time to use moisturizers and sun blocks since your skin may be vulnerable. You may have to travel excessively for work affecting your diet and leading to stomach problems. 
</EIGHT-OF-PENTACLES-PRESENT >
<EIGHT-OF-PENTACLES-FUTURE >
It is likely to be time to keep your moisturizers and sun blocks since your skin may become vulnerable. You may have to travel a lot for work affecting your diet and causing stomach problems. 
</EIGHT-OF-PENTACLES-FUTURE >
<NINE-OF-PENTACLES-ONE >
This card indicates that you or someone close to you will be recovering from an ailment or an accident that had taken place. There is also a possibility that someone you know very well will be dealing with a major health issue. You will help your relatives but would want to get out and experience something that will help you let loose. 
</NINE-OF-PENTACLES-ONE >
<NINE-OF-PENTACLES-PAST >
Your or your dear one could have recovered from an ailment or accident. Someone you knew well may have dealt with a major health issue. You may have helped your relatives but wanted to get away and experience something that would have helped your let loose. 
</NINE-OF-PENTACLES-PAST >
<NINE-OF-PENTACLES-PRESENT >
You or your dear one may recover from an ailment or accident. Someone you know well may deal with a major health issue. You may help your relatives but will want to get away and experience something that will help you let loose. 
</NINE-OF-PENTACLES-PRESENT >
<NINE-OF-PENTACLES-FUTURE >
You or your dear one is likely to recover from an ailment or accident. Someone you know well may deal with a major health issue. You are likely to help your relatives but may want to get away and experience something that may help you let loose. 
</NINE-OF-PENTACLES-FUTURE >
<TEN-OF-PENTACLES-ONE >
This card shows that you may be having some personal problems which will disturb you quite a bit. There will be someone close from the family who will need medical attention and you will guide them towards a new way of life. 
</TEN-OF-PENTACLES-ONE >
<TEN-OF-PENTACLES-PAST >
This card shows that you may be having some personal problems which will disturb you quite a bit. There will be someone close from the family who will need medical attention and you will guide them towards a new way of life. 
</TEN-OF-PENTACLES-PAST >
<TEN-OF-PENTACLES-PRESENT >
You may be having personal problems that will disturb you a lot. There may be someone close from the family needing medical attention and you may be guiding them towards a new way of life. 
</TEN-OF-PENTACLES-PRESENT >
<TEN-OF-PENTACLES-FUTURE >
You are likely to be having personal problems that may disturb you a lot. There may be someone from the family who may need medical attention and you may be guiding them towards a new way of life. 
</TEN-OF-PENTACLES-FUTURE >
<PAGE-OF-PENTACLES-ONE >
This card indicates that you are feeling uneasy and highly restless. You may have problems relating to your body. There may be some kind of guilt that may be disturbing you tremendously and you will want to get rid of it. Some medication will be required for body aches and you may also want to take some sleeping pills due to insomnia. 
</PAGE-OF-PENTACLES-ONE >
<PAGE-OF-PENTACLES-PAST >
You may have felt uneasy and restless. There may have been problems related to your body. There may have been some kind of guilt that disturbed you tremendously and you would have wanted to get rid of it. Some medication would have been needed for body aches and you may have also wanted to take sleeping pills because of insomnia. 
</PAGE-OF-PENTACLES-PAST >
<PAGE-OF-PENTACLES-PRESENT >
You are feeling uneasy and highly restless. You may have problems relating to your body. There may be some kind of guilt that is disturbing you tremendously and you will want to get rid of it. Some medication will be required for body aches and you may also want to take some sleeping pills due to insomnia. 
</PAGE-OF-PENTACLES-PRESENT >
<PAGE-OF-PENTACLES-FUTURE >
You are likely to feel uneasy and highly restless. You may have problems relating to your body. There may be some kind of guilt that may be disturbing you tremendously and you may want to get rid of it. Some medication may be required for body aches and you may also want to take some sleeping pills due to insomnia. 
</PAGE-OF-PENTACLES-FUTURE >
<KNIGHT-OF-PENTACLES-ONE >
Social service is good if someone does not try to take undue advantage of you and you will have to realize that. You will feel anxious and agitated because of this but you will be able to take a bold step. You will try to keep yourself active rather than sitting idle as this may prevent you from thinking about things you donâ€™t want to. 
</KNIGHT-OF-PENTACLES-ONE >
<KNIGHT-OF-PENTACLES-PAST >
Social service would have been good had someone not tried to take undue advantage of you and you realized that. You would have felt anxious and agitated due to that but you would have taken a bold step. You tried to keep yourself active instead of sitting idle since you stayed away from thinking about things you did not want. 
</KNIGHT-OF-PENTACLES-PAST >
<KNIGHT-OF-PENTACLES-PRESENT >
Social service is good if someone does not try to take undue advantage of you and you will realize that. You may feel anxious and agitated because of this but you will be able to take a bold step. You may try to keep yourself active rather than sitting idle as this may prevent you from thinking about things you don’t want to. 
</KNIGHT-OF-PENTACLES-PRESENT >
<KNIGHT-OF-PENTACLES-FUTURE >
Social service is likely to be good if someone does not try to take undue advantage of you and you may have to realize that. You may feel anxious and agitated because of that but you may be able to take a bold step. You may try to keep yourself active rather than sitting idle as that may prevent you from thinking about things you don’t want to. 
</KNIGHT-OF-PENTACLES-FUTURE >
<QUEEN-OF-PENTACLES-ONE >
This card indicates that it will be best to take natures help and adopt natural ways of healing and cleansing now. If you or one of your loved one is recuperating from an ailment then this is a good time for a speedy recovery. 
</QUEEN-OF-PENTACLES-ONE >
<QUEEN-OF-PENTACLES-PAST >
It would have been best to take nature’s help. You may have adopted natural ways of healing and cleansing now. You or one of your loved one would have recuperated from an ailment with speedy recovery. 
</QUEEN-OF-PENTACLES-PAST >
<QUEEN-OF-PENTACLES-PRESENT >
It is best to take nature’s help and adopt natural ways of healing and cleansing now. You or your loved one may recuperate from an ailment with speedy recovery. 
</QUEEN-OF-PENTACLES-PRESENT >
<QUEEN-OF-PENTACLES-FUTURE >
It is likely to be best to take nature’s help and adopt natural ways of healing and cleansing. You or one of your loved one may recuperate from an ailment with speedy recovery. 
</QUEEN-OF-PENTACLES-FUTURE >
<KING-OF-PENTACLES-ONE >
This card shows that you are on your way to good health physically and mentally. If you were recovering from an injury or illness then you will show great improvements. Even if there are problems relating to some medical paperwork then it will get sorted soon. 
</KING-OF-PENTACLES-ONE >
<KING-OF-PENTACLES-PAST >
You were on your way to good health physically and mentally. You would have shown improvement if you were recovering from an injury or illness. Problems related to medical paperwork would have been sorted soon. 
</KING-OF-PENTACLES-PAST >
<KING-OF-PENTACLES-PRESENT >
You are on your way to good health physically and mentally. If you are recovering from an injury or illness, you will show great improvements. Problems relating to some medical paperwork will get sorted soon. 
</KING-OF-PENTACLES-PRESENT >
<KING-OF-PENTACLES-FUTURE >
You are likely to be on your way to good health mentally and physically. You may show great improvement if you are recovering from an illness or injury. Medical paperwork issues may get sorted eventually. 
</KING-OF-PENTACLES-FUTURE >
<ACE-OF-SWORDS-ONE >
This card indicates that you are feeling low and depressed and are seeking for medical help. Family members will help you and there are also chances that you will pursue a new direction to find a cure to your disease and this will prove beneficial. 
</ACE-OF-SWORDS-ONE >
<ACE-OF-SWORDS-PAST >
You may have been low and depressed and sought medical help. Family members may have helped you and you might have followed a different direction to identify a cure for your disease. That may have proved beneficial. 
</ACE-OF-SWORDS-PAST >
<ACE-OF-SWORDS-PRESENT >
You are feeling low and depressed and may be seeking medical help. Family members will help you and you may follow a new direction for finding a cure for your disease and this may turn out advantageous. 
</ACE-OF-SWORDS-PRESENT >
<ACE-OF-SWORDS-FUTURE >
You are likely to feel depressed and low and may seek medical help. There are chances for family members to help you and for you to go in a new direction to find cure for your disease. That may prove beneficial. 
</ACE-OF-SWORDS-FUTURE >
<TWO-OF-SWORDS-ONE >
This card shows that your health is more at a fluctuating stage and you may seem a little restless. There may be minor health related problems but you will have to nurture your health when you are not feeling that good or there are chances of an infection or mild fever or cold. 
</TWO-OF-SWORDS-ONE >
<TWO-OF-SWORDS-PAST >
Your health has been at a fluctuating stage and you may have been restless. There may have been minor health problems but you had to nurture your health when you did not feel good or during an infection or mild fever or cold. 
</TWO-OF-SWORDS-PAST >
<TWO-OF-SWORDS-PRESENT >
Your health may be at a fluctuating stage and you will be restless. Minor health issues can occur but you should nurture your health when you do not feel good or have an infection or mild fever or cold. 
</TWO-OF-SWORDS-PRESENT >
<TWO-OF-SWORDS-FUTURE >
Your health is likely to be at a fluctuating stage and you may be restless. Chances of minor health issues are high but you should nurture your health whenever you do not feel good or develop an infection or mild fever or cold. 
</TWO-OF-SWORDS-FUTURE >
<THREE-OF-SWORDS-ONE >
This card indicates that you will feel extremely worn out and would crave for relaxation and some time off work. There may be incidents that may add up to your tension and physical exhaustion but you will have to sustain it for your own good. Your ill health will concern your family members and they may consult a doctor. 
</THREE-OF-SWORDS-ONE >
<THREE-OF-SWORDS-PAST >
You would have been completely worn out and craved for relaxation and some time off work. Incidents could have increased your tension and physical exhaustion but you sustained it for your own good. Your family members were concerned about your ill health and may have consulted a doctor. 
</THREE-OF-SWORDS-PAST >
<THREE-OF-SWORDS-PRESENT >
You may feel worn out and will crave for relaxation and some time off work. Incidents adding to tension and physical exhaustion may happen but you may have to sustain it for your own good. Your ill health may concern your family members and they may consult a doctor. 
</THREE-OF-SWORDS-PRESENT >
<THREE-OF-SWORDS-FUTURE >
You are likely to feel worn out and may crave for relaxation. Incidents adding to your tension and tiredness may happen but you may have to sustain it for your own good. Your ill health may concern your family members and they may consult a doctor. 
</THREE-OF-SWORDS-FUTURE >
<FOUR-OF-SWORDS-ONE >
This card shows that times of recovery are right ahead and your mental and emotional worries will finally be put to rest or at least be relieved to a great extent soon. Your physical health may be a little damaged and this will require you to go through some tests or a medical treatments. The doctor will be of great help in this case. 
</FOUR-OF-SWORDS-ONE >
<FOUR-OF-SWORDS-PAST >
Times of recovery may have crossed you and your mental worries may have been rested or relieved. Your physical health may have been damaged. There may have been a need to go through some medical tests or treatments. The doctor would have been of great help. 
</FOUR-OF-SWORDS-PAST >
<FOUR-OF-SWORDS-PRESENT >
Times of recovery are right ahead and your mental and emotional worries may finally be put to rest or at least be relieved to a great extent. Your physical health may be a little damaged and this will require you to go through some tests or a medical treatments. The doctor will be of great help in this case. 
</FOUR-OF-SWORDS-PRESENT >
<FOUR-OF-SWORDS-FUTURE >
Times of recovery are likely to be right ahead and your mental and emotional worries may finally be put to rest or relieved eventually. Your physical health may be a little damaged and may require you to go through some tests or medical treatments. The doctor may be of great help in this case. 
</FOUR-OF-SWORDS-FUTURE >
<FIVE-OF-SWORDS-ONE >
This card indicates that you are facing some stress and frustration because of some disease that refuses to go. Some rounds of the hospital will need to be taken that will add to your frustration and you will feel helpless but will try to be strong. 
</FIVE-OF-SWORDS-ONE >
<FIVE-OF-SWORDS-PAST >
You may have been experiencing stress and frustration due to a long staying ailment. Frequent rounds to the hospital may have added to your frustration and you would have felt helpless. But you tried to be strong. 
</FIVE-OF-SWORDS-PAST >
<FIVE-OF-SWORDS-PRESENT >
You are facing some stress and frustration because of an ailment that does not leave you. Frequent visits to the hospital may occur and may add to your frustration. You may feel restless but you will try to be strong. 
</FIVE-OF-SWORDS-PRESENT >
<FIVE-OF-SWORDS-FUTURE >
You are most likely to experience stress and frustration because of an ailment that is not leaving. You may need to visit the hospital frequently and that would add to your frustration. You may feel helpless but will attempt to be strong. 
</FIVE-OF-SWORDS-FUTURE >
<SIX-OF-SWORDS-ONE >
This card shows that this may be one of the worst times with regards to your health. There may be a serious injury or a disease which will bother you drastically. You may also meet with an accident injuring yourself especially your legs or knees. There are also chances of hospitalization for a while but things will finally get better. 
</SIX-OF-SWORDS-ONE >
<SIX-OF-SWORDS-PAST >
You may have been at one of the worst times relating to your health. A serious injury or illness may have bothered you drastically. You may have met with an accident injuring your legs or knees. Chances of hospitalization may have been high but things would have finally gotten better. 
</SIX-OF-SWORDS-PAST >
<SIX-OF-SWORDS-PRESENT >
You could be at one of the worst times relating to your health. A serious injury or illness can bother your drastically. You may meet with an accident causing injury to your knees or legs. You can be hospitalized temporarily but things will get better soon. 
</SIX-OF-SWORDS-PRESENT >
<SIX-OF-SWORDS-FUTURE >
You are likely to be at one of the worst times relating to health. A serious injury or illness may bother you greatly. There are chances of an accident causing injury to your legs or knees. You could be hospitalized but things will get better eventually. 
</SIX-OF-SWORDS-FUTURE >
<SEVEN-OF-SWORDS-ONE >
This card indicates that too much stress is over powering you and this is causing lot of stress mentally and physically too. You will be too busy handling various things and this can have adverse effect on you especially on your mind and body. You need to take some time off for yourself and rejuvenate yourself and your body. 
</SEVEN-OF-SWORDS-ONE >
<SEVEN-OF-SWORDS-PAST >
Stress may have overpowered you and affected you mentally and physically. You were too busy handling many things and that may have adversely affected your mind and body. You took some time off and rejuvenated yourself. 
</SEVEN-OF-SWORDS-PAST >
<SEVEN-OF-SWORDS-PRESENT >
Stress is overpowering you and may affect you mentally and physically. You may be very busy in handling multiple things and this can adversely affect your mind and body. You should take time off and rejuvenate yourself. 
</SEVEN-OF-SWORDS-PRESENT >
<SEVEN-OF-SWORDS-FUTURE >
Stress is likely to overpower and affect may affect you physically and mentally. You may get busy doing several things thereby adversely affecting your mind and body. You may have to take time off and rejuvenate yourself. 
</SEVEN-OF-SWORDS-FUTURE >
<EIGHT-OF-SWORDS-ONE >
This card shows that some kind of a minor accident may occur if you are not careful. You will have to be extra careful now as the card suggests that you can face a mishap due to some risky operations at home. You will also have to be cautious while driving or crossing streets. This phase will pass soon. 
</EIGHT-OF-SWORDS-ONE >
<EIGHT-OF-SWORDS-PAST >
A minor accident may have occurred had you not been careful. It was necessary to be extra cautious since you could have faced mishap because of risky operations at home. You were cautious while driving or crossing streets but the phase would have passed quickly. 
</EIGHT-OF-SWORDS-PAST >
<EIGHT-OF-SWORDS-PRESENT >
A minor accident can happen if you are not careful. You need to be extra cautious since you can face a mishap due to risky operations at home. You may have to be cautious while driving or crossing streets but the phase will pass soon. 
</EIGHT-OF-SWORDS-PRESENT >
<EIGHT-OF-SWORDS-FUTURE >
A minor accident is likely to happen if you are not careful. You should be cautious because a mishap can occur if you are not careful. You may have to be cautious while driving or crossing streets but the phase will pass eventuall. 
</EIGHT-OF-SWORDS-FUTURE >
<NINE-OF-SWORDS-ONE >
This card is indicating that you will have to face some unpleasant situations in your personal or professional life which will lead to depression. There may also be irregularities in your diet which can lead to some stomach disorders but one of your loved ones will help you out of this situation. 
</NINE-OF-SWORDS-ONE >
<NINE-OF-SWORDS-PAST >
You may have to face some unpleasant situations in personal or professional life leading to depression. There could be irregularities in diet leading to stomach disorders but one of your loved ones will help you out. 
</NINE-OF-SWORDS-PAST >
<NINE-OF-SWORDS-PRESENT >
You may have to face some unpleasant situations in personal or professional life leading to depression. There could be irregularities in diet leading to stomach disorders but one of your loved ones will help you out. 
</NINE-OF-SWORDS-PRESENT >
<NINE-OF-SWORDS-FUTURE >
You are likely to face some unpleasant situations in personal or professional life that may lead to depression. There are chances of irregularities in diet that may lead to stomach disorders but one of your loved ones may help you out. 
</NINE-OF-SWORDS-FUTURE >
<TEN-OF-SWORDS-ONE >
This card shows that you have now decided to take charge of your health and will let go off the past and embrace the future. You will set certain goals with regards to your health and will make certain lifestyle changes to help this resolution. 
</TEN-OF-SWORDS-ONE >
<TEN-OF-SWORDS-PAST >
You may have decided to take charge of your health and would have let go off your past and embraced your future. You may have set health goals and would have made lifestyle changes to help the resolution. 
</TEN-OF-SWORDS-PAST >
<TEN-OF-SWORDS-PRESENT >
You may now decide to take charge of health and may let go off the past and embrace your future. You will set health goals and will make lifestyle changes to help the resolution. 
</TEN-OF-SWORDS-PRESENT >
<TEN-OF-SWORDS-FUTURE >
You are likely to take charge of your health and will eventually let go off your past and embrace your future. You may set health goals and may make lifestyle changes to help your situation. 
</TEN-OF-SWORDS-FUTURE >
<PAGE-OF-SWORDS-ONE >
This card indicates that there will be some mental pressures especially related to work but you will deal with them patiently. There are chances that you may bear a back ache or may have to visit the dentist. Yet you will overall be high on energy and will spend time with your loved ones. 
</PAGE-OF-SWORDS-ONE >
<PAGE-OF-SWORDS-PAST >
There may have been mental work pressures but you would have dealt with them patiently. You may have gone through a backache or would have had to visit the dentist. But you were high on energy and spent time with your loved ones. 
</PAGE-OF-SWORDS-PAST >
<PAGE-OF-SWORDS-PRESENT >
There may be mental work pressures but you may deal with them patiently. You may bear a backache or may visit the dentist. But you will be high on energy and will spend time with your loved ones. 
</PAGE-OF-SWORDS-PRESENT >
<PAGE-OF-SWORDS-FUTURE >
You are likely to face mental work pressures but you will learn to deal with them patiently. There are chances for bearing a backache or visiting a dentist. You may have o go through a backache or may need to visit the dentist. However, you will be high on energy and may spend time with your loves ones. 
</PAGE-OF-SWORDS-FUTURE >
<KNIGHT-OF-SWORDS-ONE >
This card shows that there will be some mixed conditions with regards to your health. You will be in a better position mentally and will be recovering from some stress and other such problems. Your family will need you now as some bad news is most likely to arrive regarding a relative or a family friend. 
</KNIGHT-OF-SWORDS-ONE >
<KNIGHT-OF-SWORDS-PAST >
Your health may have faced mixed conditions. You were in a better mental position and would have recovered from stress. Your family may have needed you since some bad news may have arrived from a relative or family friend. 
</KNIGHT-OF-SWORDS-PAST >
<KNIGHT-OF-SWORDS-PRESENT >
Your health will face mixed conditions. You may be in a better mental position and may recover from stress. Your family will need you now since some bad news could come from a relative or family friend. 
</KNIGHT-OF-SWORDS-PRESENT >
<KNIGHT-OF-SWORDS-FUTURE >
Your health is likely to face mixed conditions. You may get into a better mental position and may recover from stress. Your family will be in need of you since there are chances of bad news arriving from a relative or family friend. 
</KNIGHT-OF-SWORDS-FUTURE >
<QUEEN-OF-SWORDS-ONE >
This card indicates that you will now have to multi task between personal and professional priorities and you will try your best to squeeze in all your commitments. As a result you may feel worn out and tired but you will somehow manage to juggle through all these responsibilities. 
</QUEEN-OF-SWORDS-ONE >
<QUEEN-OF-SWORDS-PAST >
You may have had to multitask between professional and personal priorities and you tried your best to push in all commitments. You may have felt worn out because of that but you managed to juggle through all responsibilities. 
</QUEEN-OF-SWORDS-PAST >
<QUEEN-OF-SWORDS-PRESENT >
You may have to multitask between your professional and personal priorities but you will try to push in all your commitments. You may feel worn out but you will manage to juggle through all responsibilities soon. 
</QUEEN-OF-SWORDS-PRESENT >
<QUEEN-OF-SWORDS-FUTURE >
You are likely to multitask between professional and personal priorities and you may have to try to squeeze in all commitments. You may feel worn out but you will eventually manage to juggle through all responsibilities. 
</QUEEN-OF-SWORDS-FUTURE >
<KING-OF-SWORDS-ONE >
This card shows that you will be on a downfall in the health department now. You will be mentally frustrated and exhausted and physically and may have to take some medication some minor issues. There are also chances that one of your loved oneâ€™s may get admitted. 
</KING-OF-SWORDS-ONE >
<KING-OF-SWORDS-PAST >
Your health was on a downfall. You may have been mentally frustrated and tired and physically, you may have had to take medications for minor issues. One of your loved ones may have gotten admitted. 
</KING-OF-SWORDS-PAST >
<KING-OF-SWORDS-PRESENT >
Your health may be on a downfall. You may be mentally frustrated and tired and physically, you may have to take some medication for minor issues. One of your loved ones may get admitted. 
</KING-OF-SWORDS-PRESENT >
<KING-OF-SWORDS-FUTURE >
Your health is likely to be on a downfall. You may feel mentally frustrated and exhausted and physically, you may have to take some medication for minor issues. There are chances that one of your loved ones may get admitted. 
</KING-OF-SWORDS-FUTURE >
<ACE-OF-WANDS-ONE >
This card indicates that you will pay more attention to your health now and in case of any ailment physically or mentally, you will now seek a different kind of medication. Someone will suggest you natural ways of curing certain ailments and you will adopt those methods. 
</ACE-OF-WANDS-ONE >
<ACE-OF-WANDS-PAST >
You paid more attention to your health and you sought a different kind of medication for physical or mental ailment. You were suggested natural ways of treating certain ailments and you adopted those methods. 
</ACE-OF-WANDS-PAST >
<ACE-OF-WANDS-PRESENT >
You may pay more attention to your health and seek different kind of medication for mental or physical ailment. You may be suggested natural ways of treating certain ailments and you will follow these methods. 
</ACE-OF-WANDS-PRESENT >
<ACE-OF-WANDS-FUTURE >
You are likely to pay more attention to your health and may seek different kind of medication for physical or mental ailment. You may be suggested natural ways of treating certain ailments and you may follow those methods. 
</ACE-OF-WANDS-FUTURE >
<TWO-OF-WANDS-ONE >
This card shows that you are overburdening your body which is showing on your body. You will have to take the resort of artificial minerals to help your body and mind. Neglecting a balanced diet can prove to be hazardous in future and a healthy routine is strictly advised. 
</TWO-OF-WANDS-ONE >
<TWO-OF-WANDS-PAST >
You were overburdening your body and that must have showed. You resorted to artificial minerals to help your mind and body. A neglected balanced diet may have proven hazardous and you may have been advised a healthy routine. 
</TWO-OF-WANDS-PAST >
<TWO-OF-WANDS-PRESENT >
You are probably overburdening your body and this will show. You will resort to artificial minerals to help your mind and body. Neglecting balanced diet may prove hazardous and you will be advised a healthy routine. 
</TWO-OF-WANDS-PRESENT >
<TWO-OF-WANDS-FUTURE >
You are likely to overburden your body and that will begin to show. You may resort to artificial minerals to help your mind and body. There are chances of neglecting a balanced diet that may eventually prove hazardous and you will be advised a healthy routine. 
</TWO-OF-WANDS-FUTURE >
<THREE-OF-WANDS-ONE >
This card indicates that you are now more concerned about the health of a loved one. In the process, you will get stressed out and may need enough rest. Do not overburden yourself as this may be hazardous. You may also have to visit the dentist very soon. 
</THREE-OF-WANDS-ONE >
<THREE-OF-WANDS-PAST >
You were concerned about your loved one’s health. You may have got stressed out and may have needed adequate rest. Overburdening yourself may have turned hazardous. You may have had to visit the dentist. 
</THREE-OF-WANDS-PAST >
<THREE-OF-WANDS-PRESENT >
You are concerned about your loved one’s health. You will get stressed out and will need enough rest. Do not overburden yourself since this may turn hazardous. You may need to visit the dentist soon. 
</THREE-OF-WANDS-PRESENT >
<THREE-OF-WANDS-FUTURE >
You are likely to be concerned about your loved one’s health. You may get stressed out and may require adequate rest. There are chances for overburdening yourself since that may turn hazardous. You may have to visit the dentist eventually. 
</THREE-OF-WANDS-FUTURE >
<FOUR-OF-WANDS-ONE >
This card shows that you are facing some discomfort with your personal life and this is leaving you stressed. There may be some other problems which will start showing up on your wellbeing making you feel agitated and you may also suffer some body pains unexpectedly. 
</FOUR-OF-WANDS-ONE >
<FOUR-OF-WANDS-PAST >
You may have faced discomfort with your personal life and that may have left you stressed. Other problems may have showed up on your wellbeing and agitated you. You may have suffered from body pains unexpectedly. 
</FOUR-OF-WANDS-PAST >
<FOUR-OF-WANDS-PRESENT >
You may face discomfort with your personal life and this may stress you out. Other problems may start to show up on your wellbeing making you agitated. You may also suffer from body pains. 
</FOUR-OF-WANDS-PRESENT >
<FOUR-OF-WANDS-FUTURE >
You are likely to face discomfort with your personal life and that may stress you out. Other problems are likely to show up on your wellbeing and may agitate you. There are chances of suffering from body pain unexpectedly. 
</FOUR-OF-WANDS-FUTURE >
<FIVE-OF-WANDS-ONE >
This card indicates that you have finally recovered from whatever ailments you had and are finally enjoying a good and healthy state of mind and body. You are most likely to go on a holiday with your partner and this will be a pleasant vacation. 
</FIVE-OF-WANDS-ONE >
<FIVE-OF-WANDS-PAST >
You may have recovered from ailments you had and enjoyed good and healthy state of mind and body. You may have gone on a holiday with your partner and that would have been a pleasant vacation. 
</FIVE-OF-WANDS-PAST >
<FIVE-OF-WANDS-PRESENT >
You will recover from ailment you have and enjoy good and healthy state of mind and body. You may go on a holiday with your partner and this will be a pleasant vacation. 
</FIVE-OF-WANDS-PRESENT >
<FIVE-OF-WANDS-FUTURE >
You are likely to recover from whatever ailments you may be having and you may enjoy a good and healthy state of mind and body. There are chances for you to go on a holiday with your partner and that may be a pleasant vacation. 
</FIVE-OF-WANDS-FUTURE >
<SIX-OF-WANDS-ONE >
This card shows that you are now finally realizing that it is time to take a break from work and take some time out for yourself. This break will be helpful as you would attend some social gatherings and try to do things that you like. 
</SIX-OF-WANDS-ONE >
<SIX-OF-WANDS-PAST >
You would have realized the need to take a break from work and you took some time out for yourself. That break would be helpful since you would have attended social gatherings and did things you liked. 
</SIX-OF-WANDS-PAST >
<SIX-OF-WANDS-PRESENT >
You may realize the need to take a break from work and may take time out for yourself. This break may be helpful as you may attend social gatherings and try to do things you like. 
</SIX-OF-WANDS-PRESENT >
<SIX-OF-WANDS-FUTURE >
You are likely to realize the need to take a break from work and may take time out for yourself. That break may be helpful since you could attend social gatherings and try to do things you like. 
</SIX-OF-WANDS-FUTURE >
<SEVEN-OF-WANDS-ONE >
This card indicates that you are now getting involved in too many activities than you can handle at once and this is leaving you feeling extremely uneasy and hassled. But you will hardly realize this now ending up feeling stressed. Do not neglect your health in this pursuit and also watch what you are eating especially outside. 
</SEVEN-OF-WANDS-ONE >
<SEVEN-OF-WANDS-PAST >
You may have gotten involved in more activities than you could handle. That may have left you feeling uneasy and hassled. But you may not have realized that and felt stressed. It was important not to have neglected your health and you watched what you ate from outside. 
</SEVEN-OF-WANDS-PAST >
<SEVEN-OF-WANDS-PRESENT >
You are now getting involved in too many activities than you can handle at once and this is leaving you feeling extremely uneasy and hassled. But you may hardly realize this now and will feel stressed. Do not neglect your health in this pursuit and also watch what you are eating especially from outside. 
</SEVEN-OF-WANDS-PRESENT >
<SEVEN-OF-WANDS-FUTURE >
You are likely to get involved in too many activities than you could handle at once and this may leave you feeling extremely uneasy and hassled. You may hardly realize that and may end up feeling stressed. Do not neglect your health and also watch what you may be eating especially from outside. 
</SEVEN-OF-WANDS-FUTURE >
<EIGHT-OF-WANDS-ONE >
This card shows that you are in a light mood now feeling healthy and fit from within and you will be overly drawn towards your partner. This will also lead to a romantic outing and some sensual activity which will keep you busy for a while. 
</EIGHT-OF-WANDS-ONE >
<EIGHT-OF-WANDS-PAST >
You may have been in a light mood and felt healthy and fit from within. You would have been overly drawn towards your partner. That may have led to a romantic outing and some sensual activity that kept you busy for some time. 
</EIGHT-OF-WANDS-PAST >
<EIGHT-OF-WANDS-PRESENT >
You are in a light mood and feeling healthy and fit from within. You may be overly attracted towards your partner. This will lead to a romantic outing and some sensual activity which will keep you busy for a while. 
</EIGHT-OF-WANDS-PRESENT >
<EIGHT-OF-WANDS-FUTURE >
You are likely to be in a light mood and may feel healthy and fit from within. You may be attracted towards your partner. That may lead to a romantic outing and some sensual activity and may keep you busy for a while. 
</EIGHT-OF-WANDS-FUTURE >
<NINE-OF-WANDS-ONE >
This card indicates that your physical condition is going through a bad phase and you will feel neglected and ill. This may cause some irritation as you may have to take rounds of the clinic and also deal with some legal paperwork which can get tiring. 
</NINE-OF-WANDS-ONE >
<NINE-OF-WANDS-PAST >
Your physical condition was going through a bad phase and you may have felt neglected and ill. This caused irritation as you had to frequently visit clinic. You may have had to deal with legal paperwork which got tiring. 
</NINE-OF-WANDS-PAST >
<NINE-OF-WANDS-PRESENT >
Your physical condition may be going through a bad phase and you may feel neglected and ill. This may cause irritation as you will have to visit clinic frequently and also deal with legal paperwork that will get tiring. 
</NINE-OF-WANDS-PRESENT >
<NINE-OF-WANDS-FUTURE >
Your physical condition is likely to go through a bad phase and you may feel neglected and ill. There are chances for frequent clinic visits to cause irritation and you may have to deal with legal paperwork that may get tiring. 
</NINE-OF-WANDS-FUTURE >
<TEN-OF-WANDS-ONE >
This card shows that your work or some personal issues will take a toll on you and trying to fulfill too many responsibilities will make you feel physically drained There will hardly be any time to rest as you will be constantly on your toes and this can result in some kind of sickness. You will have to slow down things at a reasonable pace. 
</TEN-OF-WANDS-ONE >
<TEN-OF-WANDS-PAST >
Your personal issues or work would have taken a toll on you. You were physically drained since you tried to meet several responsibilities. There was hardly any time to rest since you were constantly on your toes. That could have resulted in some kind of sickness. You had to slow things down to reach a reasonable pace. 
</TEN-OF-WANDS-PAST >
<TEN-OF-WANDS-PRESENT >
Your personal issues or work may take a toll on you. You may be physically drained since you attempt to meet several responsibilities. There may hardly be any time to relax since you will be on your toes constantly. This can contribute to some kind of sickness. You have to slow things down and reach a reasonable pace. 
</TEN-OF-WANDS-PRESENT >
<TEN-OF-WANDS-FUTURE >
Your personal issues or work is likely to take a toll on you. You may be physically drained since you may attempt to meet many responsibilities. There are chances you find no time to relax since you may be on your toes constantly. That may contribute to some kind of illness. You may have to slow things down to reach a reasonable pace. 
</TEN-OF-WANDS-FUTURE >
<PAGE-OF-WANDS-ONE >
You will have to take some medication which may be for something minor or even a major disease. This card indicates that you are feeling irritable because of the things happening around you and this may be regarding work or personal problems. You will have to practice the virtue of patience now and be practical in your approach. 
</PAGE-OF-WANDS-ONE >
<PAGE-OF-WANDS-PAST >
You had to take medications for something minor or major. You felt irritable since things related to work or personal issues happened around you. You practiced the virtue of patience and became practical in your approach. 
</PAGE-OF-WANDS-PAST >
<PAGE-OF-WANDS-PRESENT >
You may take medications for something minor or major. You may feel irritable since work or personal problems are happening around you. You must practice the virtue of patience and get practical in your approach. 
</PAGE-OF-WANDS-PRESENT >
<PAGE-OF-WANDS-FUTURE >
You are likely to take medications for something minor or major. You may feel irritable since work or personal issues may be happening around you. You may practice the virtue of patience and may get practical in your approach. 
</PAGE-OF-WANDS-FUTURE >
<KNIGHT-OF-WANDS-ONE >
This card shows that your body will have to go through some rigorous activities as you are caught up between many things and you will feel frazzled and tired. This may also have to do a lot with your mental conditions. 
</KNIGHT-OF-WANDS-ONE >
<KNIGHT-OF-WANDS-PAST >
Your body went through rigorous activities since you had too many things to attend to. You felt frazzled and exhausted. That may have had to do with your mental condition. 
</KNIGHT-OF-WANDS-PAST >
<KNIGHT-OF-WANDS-PRESENT >
Your body may have to undergo rigorous activities as you will be caught up with several things. You may feel frazzled and exhausted. This may be direct fallout of your mental condition. 
</KNIGHT-OF-WANDS-PRESENT >
<KNIGHT-OF-WANDS-FUTURE >
Your body is likely to undergo rigorous activities since you may have too many things on your platter. You may feel frazzled and exhausted. That may be the outcome of your mental condition. 
</KNIGHT-OF-WANDS-FUTURE >
<QUEEN-OF-WANDS-ONE >
This card shows that you are high on energy now and are inspired to make some constructive changes in your lifestyle for your health. You are willing to change certain things in your life trying to approach a more balanced way of living. 
</QUEEN-OF-WANDS-ONE >
<QUEEN-OF-WANDS-PAST >
You were on high energy and were inspired to create constructive changes in your health pattern. You may have changed things in your life and adopted a more balanced way of living. 
</QUEEN-OF-WANDS-PAST >
<QUEEN-OF-WANDS-PRESENT >
You will be high on energy and inspired to create constructive changes in your health pattern. You are willing to change things in your life. You may try to adopt a more balanced way of living. 
</QUEEN-OF-WANDS-PRESENT >
<QUEEN-OF-WANDS-FUTURE >
You may be high on energy and may inspire to adopt constructive changes in your health pattern. You may be willing to change things in your life. You are likely to adopt a more balanced way of living. 
</QUEEN-OF-WANDS-FUTURE >
<KING-OF-WANDS-ONE >
This card indicates that you are willing to make some improvisations in your health and fitness regimes and will also consult a nutritionist. There may be some emotional problems like apprehension and anxiety or you may suffer some kind of an ache. 
</KING-OF-WANDS-ONE >
<KING-OF-WANDS-PAST >
You may have made improvisations in your health and fitness regimes. You consulted a nutritionist. There may have been emotional problems like anxiety and apprehension or you may have suffered some kind of an ache. 
</KING-OF-WANDS-PAST >
<KING-OF-WANDS-PRESENT >
You may make improvisations in your health and fitness regimes and must consult a nutritionist. You may have some emotional problems like anxiety and apprehension or you may suffer from some ache. 
</KING-OF-WANDS-PRESENT >
<KING-OF-WANDS-FUTURE >
You may make improvisations in your health and fitness regimes and you may consult a nutritionist. You are likely to develop emotional problems like apprehension and anxiety or you may suffer from some ache. 
</KING-OF-WANDS-FUTURE >
<THE-MAGICIAN-ONE >
This card indicates that you will have to face some stressful times now. Some work and home related issues will take a toll on you and you will not be able to find a solution to your health problems because of several complications and uncertain results. You will have to visit several doctors before coming to the right conclusion. 
</THE-MAGICIAN-ONE >
<THE-MAGICIAN-PAST >
You may have faced stressful times. Home and work issues may have taken a toll on you and you were not able to find a solution to health problems due to complications and uncertain results. You may have visited many doctors before reaching the right conclusion. 
</THE-MAGICIAN-PAST >
<THE-MAGICIAN-PRESENT >
You will have to face some stressful times now. Some work and home related issues will take a toll on you and you will not be able to find a solution to your health problems because of several complications and uncertain results. You will have to visit several doctors before coming to the right conclusion. 
</THE-MAGICIAN-PRESENT >
<THE-MAGICIAN-FUTURE >
You may have to face difficult times. Some work and home related issues may take a toll on you and you may not be able to find a solution to your health problems because of several complications and uncertain results. There are possibilities of visiting several doctors before reaching the right conclusion. 
</THE-MAGICIAN-FUTURE >
<THE-HIGH-PRIESTESS-ONE >
This card shows that you may have gone through quite a bit in the past and this may have affected your mental or physical stability. But now the times are going to get better as you will finally see some relief and will start feeling better very soon. 
</THE-HIGH-PRIESTESS-ONE >
<THE-HIGH-PRIESTESS-PAST >
You may have gone through a lot that affected your mental or physical ability. But with changing times, you may have begun to go through better times and observed relief and would have started feeling better. 
</THE-HIGH-PRIESTESS-PAST >
<THE-HIGH-PRIESTESS-PRESENT >
You may have gone through a lot earlier that may have affected your physical or mental stability. But now the times are going to get better as you will finally see some relief and will start feeling better very soon. 
</THE-HIGH-PRIESTESS-PRESENT >
<THE-HIGH-PRIESTESS-FUTURE >
Your difficult phase earlier may have affected your mental or physical stability. However, times will get better and you will begin to observe relief and also start feeling better eventually. 
</THE-HIGH-PRIESTESS-FUTURE >
<THE-EMPRESS-ONE >
This card indicates that you may have to go through some problems pertaining to your body especially the neck. You will have to get in touch with the spiritual side of your body trying to know your bodyâ€™s needs better and then join a physical therapy or yoga to rejuvenate yourself. 
</THE-EMPRESS-ONE >
<THE-EMPRESS-PAST >
You may have experienced health problems especially with your neck. You stayed in touch with your body’s spiritual side to determine your body’s needs. You may have joined yoga or physical therapy to rejuvenate yourself. 
</THE-EMPRESS-PAST >
<THE-EMPRESS-PRESENT >
You will have to go through some problems pertaining to your body especially the neck. You will have to get in touch with the spiritual side of your body trying to know your body’s needs better and then join a physical therapy or yoga to rejuvenate yourself. 
</THE-EMPRESS-PRESENT >
<THE-EMPRESS-FUTURE >
You are likely to go through some problems pertaining to your body especially the neck. You may need to get in touch with the spiritual side of your body trying to understand your body’s needs better and eventually join a physical therapy or yoga to rejuvenate yourself. 
</THE-EMPRESS-FUTURE >
<THE-EMPEROR-ONE >
This card indicates that there may be some serious problems related to your health. Thorough precaution and care is necessary to take you out of your pains. You will gain strength and manage to fight the disease but it is advised that you do not show any negligence towards your body again. 
</THE-EMPEROR-ONE >
<THE-EMPEROR-PAST >
There may have been serious health issues. You exercised precaution and care to eliminate pains. You gained the strength to fight the disease. It was wise not to have neglected your body subsequently. 
</THE-EMPEROR-PAST >
<THE-EMPEROR-PRESENT >
There may be some serious problems related to your health. Thorough precaution and care is important to take you out of your pains. You will gain strength and manage to fight the disease but it is advised that you do not show any negligence towards your body again. 
</THE-EMPEROR-PRESENT >
<THE-EMPEROR-FUTURE >
There is likely to be some serious problems related to your health. Thorough precaution and care may be necessary to take you out of your pains. You would gain strength and manage to fight the disease but showing any negligence towards your body will prove disastrous. 
</THE-EMPEROR-FUTURE >
<THE-HIEROPHANT-ONE >
This card indicates that you need to pay attention to your health more than what you are doing right now. There are possibilities of problems of low or high blood pressure and severe cough and cold. Regular checkups can go a long way in improving your condition. 
</THE-HIEROPHANT-ONE >
<THE-HIEROPHANT-PAST >
You paid attention to health and offered it priority. Problems of low or high blood pressure and severe cough and cold may have risen. Regular checkups helped to improve your condition. 
</THE-HIEROPHANT-PAST >
<THE-HIEROPHANT-PRESENT >
You are expected to pay attention to your health more than anything you are doing right now. There can arise problems of low or high blood pressure and severe cough and cold. Regular checkups will go a long way to improve your condition. 
</THE-HIEROPHANT-PRESENT >
<THE-HIEROPHANT-FUTURE >
You may have to pay attention to your health over any other priority. There are possibilities of problems of low or high blood pressure and severe cough and cold. Regular checkups can go a long way in improving your condition. 
</THE-HIEROPHANT-FUTURE >
<THE-LOVERS-ONE >
This card shows that your body is in a healthier shape now and you are feeling joyful about it. You are likely to be more dynamic physically now and will seem more active. You will take your bodyâ€™s needs seriously and will try to construct a balance between a fit body and mind. 
</THE-LOVERS-ONE >
<THE-LOVERS-PAST >
This card shows that your body is in a healthier shape now and you are feeling joyful about it. You are likely to be more dynamic physically now and will seem more active. You will take your body’s needs seriously and will try to construct a balance between a fit body and mind. 
</THE-LOVERS-PAST >
<THE-LOVERS-PRESENT >
Your body is in good health now and you are feeling happy about it. You may be more physically dynamic now and will be more active. You must take your body’s needs seriously and try to construct a balance between a fit body and mind. 
</THE-LOVERS-PRESENT >
<THE-LOVERS-FUTURE >
Your body will get into a healthier shape and you will feel joyful about it. You are likely to be more physically dynamic and will be more active. You will take your body’s needs seriously and will try to construct a balance between a fit body and mind. 
</THE-LOVERS-FUTURE >
<THE-CHARIOT-ONE >
This card indicates that you are deeply involved in your work and other activities and are not able to take care of the needs of your body. If you continue to do so you may just fall ill due to over burdening or may feel extremely restless mentally. This is a good time to visit the doctor for a checkup and take head out to a peaceful place during the weekend. 
</THE-CHARIOT-ONE >
<THE-CHARIOT-PAST >
You were involved in work and paid not much attention to your body’s needs. You may have fallen ill because of over burdening and may have felt mental restlessness. Your visit to the doctor for checkup has been beneficial. Heading out to a peaceful place for the weekend was a good idea. 
</THE-CHARIOT-PAST >
<THE-CHARIOT-PRESENT >
You are deeply involved in work and are not able to take care of the needs of your body. If you continue to do so you may fall ill due to over burdening or may feel extremely restless mentally. This is a good time to visit the doctor for a checkup. Head out to a peaceful place during the weekend. 
</THE-CHARIOT-PRESENT >
<THE-CHARIOT-FUTURE >
You are likely to be deeply involved in work and may not able to take care of the needs of your body. This act may make you fall ill due to over burdening or you may get to feel extremely restless mentally. It will be time to visit the doctor for a checkup. You may head out to a peaceful place during the weekend. 
</THE-CHARIOT-FUTURE >
<STRENGTH-ONE >
This card shows that you will be in the pink of your health now. The strength card signifies high spirits physically and mentally and even if there are some minor issues relating to your body then you will easily overcome them. Your will power and enthusiasm will be encouraged and appreciated by people around you. 
</STRENGTH-ONE >
<STRENGTH-PAST >
You have been in the pink of your health. Physical and mental high spirits were synonymous with you. You were easily able to overcome minor health issues. Your will power and enthusiasm was encouraged and appreciated by people around you. 
</STRENGTH-PAST >
<STRENGTH-PRESENT >
You will be in the pink of your health now. The strength card signifies high spirits physically and mentally and even if there are some minor issues relating to your body, you will easily overcome them. Your will power and enthusiasm will be encouraged and appreciated by people around you. 
</STRENGTH-PRESENT >
<STRENGTH-FUTURE >
You are likely to be in the pink of your health. The strength card signifies high spirits physically and mentally and even if there may be some minor issues relating to your body, you will still easily overcome them. Your will power and enthusiasm will be encouraged and appreciated by people around you. 
</STRENGTH-FUTURE >
<THE-HERMIT-ONE >
This card indicates that you will emotionally feel neglected and low and this can drain you out mentally. There are possibilities of ailments which will result in running around and several appointments with the doctors. But this will not last for very long and soon things will get better. 
</THE-HERMIT-ONE >
<THE-HERMIT-PAST >
You may have felt emotionally neglected and hence drained out mentally. Certain ailments made you run around for doctor appointments. But the phase did not last for long and things got better quickly. 
</THE-HERMIT-PAST >
<THE-HERMIT-PRESENT >
You will emotionally feel neglected and low and this can drain you out mentally. Certain ailments can result in running around and you may need to take several appointments with the doctors. But this will not last for very long and things will get better soon. 
</THE-HERMIT-PRESENT >
<THE-HERMIT-FUTURE >
You are likely to emotionally feel neglected and low. It may drain you out mentally. There are possibilities of ailments which may result in running around and several appointments with the doctors. But this would not last for very long and things will get better eventually. 
</THE-HERMIT-FUTURE >
<WHEEL-OF-FORTUNE-ONE >
This card shows that you are feeling very unstable now and because of work and mental pressures, you will feel over worked up and stressed. There may be quite a few negative thoughts that you that may haunt you but this is only a phase and it will pass very soon. 
</WHEEL-OF-FORTUNE-ONE >
<WHEEL-OF-FORTUNE-PAST >
Your feeling of instability was the cause of mental and work pressures. You felt worked up and exhausted. Negative thoughts haunted your mind but the phase did not last for long. 
</WHEEL-OF-FORTUNE-PAST >
<WHEEL-OF-FORTUNE-PRESENT >
You are feeling very unstable now. Work and mental pressures will make you feel over worked up and stressed. There will be quite a few negative thoughts that will haunt you but this is only a phase and it will pass very soon. 
</WHEEL-OF-FORTUNE-PRESENT >
<WHEEL-OF-FORTUNE-FUTURE >
You are likely to feel very unstable. Work and mental pressures may make you feel over worked up and stressed. There are chances for a few negative thoughts to haunt you but this will only be a phase that will pass eventually. 
</WHEEL-OF-FORTUNE-FUTURE >
<JUSTICE-ONE >
This card shows that there are chances that you will visit the doctor for a normal checkup and discover a serious problem. This may come as a surprise but the doctor will have enough expertise to help you get rid of this new health problem. 
</JUSTICE-ONE >
<JUSTICE-PAST >
You may have visited the doctor for a normal checkup and discovered a serious problem. Although this was a surprise, expertise of the doctor helped your get rid of the new health issue. 
</JUSTICE-PAST >
<JUSTICE-PRESENT >
You may visit the doctor for a normal checkup and discover a serious problem. This may come as a surprise but the doctor will have enough expertise to help you get rid of this new health problem. 
</JUSTICE-PRESENT >
<JUSTICE-FUTURE >
There are chances for you to visit the doctor for a normal checkup and discover a serious problem. This may come as a surprise but the doctor will have enough expertise to help you get rid of this new health problem. 
</JUSTICE-FUTURE >
<THE-HANGED-MAN-ONE >
This card indicates that you are feeling restless and anxious about something. It is time that you give your mind and body some rest before it starts showing signs of illness and it will also help if you stay away from such situation or people who are encouraging your apprehension. 
</THE-HANGED-MAN-ONE >
<THE-HANGED-MAN-PAST >
You felt restless and anxious over something. You gave your mind and body rest before it broke down. You also stayed away from people and situations that promote your apprehension. 
</THE-HANGED-MAN-PAST >
<THE-HANGED-MAN-PRESENT >
You are feeling restless and anxious about something. It is time to give your mind and body some rest before it starts exhibiting signs of illness. It will also help if you stay away from situation or people that promote your apprehension. 
</THE-HANGED-MAN-PRESENT >
<THE-HANGED-MAN-FUTURE >
You are likely to feel restless and anxious about something. It will be time to give your mind and body some rest before it begins to show signs of illness. It may also help if you stay away from situation or people that may promote your apprehension. 
</THE-HANGED-MAN-FUTURE >
<DEATH-ONE >
This card shows that something around you is making you very unhappy. This is the time when you will be conferring about some serious illness. You will have to force yourself into looking at the brighter side and only this will help you to overcome the bad that is happening around you. You will get lots of love and caring from your family now. 
</DEATH-ONE >
<DEATH-PAST >
Something made you unhappy. Some illness may have come over you. You forced yourself into seeing the brighter side and this helped you overcome issues. You may have received lots of love and caring from family. 
</DEATH-PAST >
<DEATH-PRESENT >
Something around you is making you very unhappy. This is the time when you will be conferring about some serious illness. You will have to force yourself into looking at the brighter side and only this will help you to overcome the issues. You will get lots of love and caring from your family now. 
</DEATH-PRESENT >
<DEATH-FUTURE >
Something around you is likely to make you very unhappy. There will be a time when you will be conferring about some serious illness. You may have to force yourself into looking at the brighter side to help you overcome issues. You may get lots of love and caring from your family. 
</DEATH-FUTURE >
<TEMPERANCE-ONE >
This card indicates that you will not have the time to visit the doctor because of your busy schedule and this can cause the problem to magnify in near future. You will have to pay attention to your health and prioritize by going to the doctor on time and getting yourself cured. 
</TEMPERANCE-ONE >
<TEMPERANCE-PAST >
Your busy schedule did not permit you from visiting the doctor. This caused problems to magnify. You tried to pay attention to health by going to doctor on time and getting yourself treated. 
</TEMPERANCE-PAST >
<TEMPERANCE-PRESENT >
Your busy schedule will not permit you to visit the doctor thereby causing magnified problems. You will have to pay attention to your health by going to the doctor on time and getting treated. 
</TEMPERANCE-PRESENT >
<TEMPERANCE-FUTURE >
Your busy schedule may not permit you from visiting the doctor. This may cause magnified problems. You may have to pay attention to your health by visiting the doctor on time and obtaining treatment. 
</TEMPERANCE-FUTURE >
<THE-DEVIL-ONE >
This card shows that exhaustion and constant worry will make you feel lethargic and tired. You may not realize initially but eventually you will notice that you are working a bit too much and this is causing you to avoid other things and you will constantly feel stressed which can instigate you to pop some sleeping pills. 
</THE-DEVIL-ONE >
<THE-DEVIL-PAST >
Tiredness and constant worry made you feel lethargic and exhausted. You did not realize initially but noticed of overworking which rendered negligence of other things. Constant stressed feeling may have instigated you to pop some sleeping pills. 
</THE-DEVIL-PAST >
<THE-DEVIL-PRESENT >
Constant worry and tiredness will make you lethargic and exhausted. You will not realize initially but will notice overworking soon. This act may render other things negligent and let you feel stressed. The constant feeling can instigate you to pop some sleeping pills. 
</THE-DEVIL-PRESENT >
<THE-DEVIL-FUTURE >
Exhaustion and constant worry are likely to make you feel lethargic and tired. You may not realize initially but eventually you will notice that you are working a bit too much and this is causing you to avoid other things. You may constantly feel stressed that can instigate you to pop some sleeping pills. 
</THE-DEVIL-FUTURE >
<THE-TOWER-ONE >
This card indicates that you will have to go through an unfortunate incident which could cause some visits to the hospital. There will be some stressful time because of this chaos, but you will survive. There may also be a family member who will help you during such tiring times. 
</THE-TOWER-ONE >
<THE-TOWER-PAST >
An unfortunate incident may have caused you to visit the hospital. Stressful times could have occurred from the chaos but you may have survived. A family member may have helped you during such tough times. 
</THE-TOWER-PAST >
<THE-TOWER-PRESENT >
You will have to observe an unfortunate incident resulting in hospital visits. Stressful times can occur but you will survive. A family member can help you during tough times. 
</THE-TOWER-PRESENT >
<THE-TOWER-FUTURE >
You are likely to witness an unfortunate incident that may result in hospital visits. Stressful times are possible but you will eventually survive. A family member may help you during such times. 
</THE-TOWER-FUTURE >
<THE-STAR-ONE >
This card shows that something will inspire a new thought in your mind and with the help of a friend; you will assemble a plan for your wellbeing. This process may be a little tedious and you may have to go through some rounds of medical checkups and tests but you will be glad that you took this decision. 
</THE-STAR-ONE >
<THE-STAR-PAST >
A new thought may have developed in your mind and with a friend’s help, you tried to assemble a plan for your wellbeing. The process could have been tedious and you may have gone through rounds of medical checkup gladly. 
</THE-STAR-PAST >
<THE-STAR-PRESENT >
Something can inspire a new thought in your mind and you will assemble a wellbeing plan with a friend’s help. The process can be tedious and you may go through rounds of medical checkup but you will be happy to do so. 
</THE-STAR-PRESENT >
<THE-STAR-FUTURE >
Something may inspire a new thought in your mind and you may assemble a wellbeing plan with a friend’s help. There are possibilities for the process to turn tedious and you may go through rounds of medical checkup but you will be happy to do so. 
</THE-STAR-FUTURE >
<THE-MOON-ONE >
This card indicates that you will face some general health problems that are yet to show up or have partially shown up. These problems may seem minor but will need your attention as they may increase of neglected now. You will also face some knee pain and back problems. 
</THE-MOON-ONE >
<THE-MOON-PAST >
You may have faced general health issues that had only partially shown up. These may have seemed minor initially but negligence may have increased their powers. You may have also faced some knee pain and back problems. 
</THE-MOON-PAST >
<THE-MOON-PRESENT >
You will face some health issues but they may not have shown up completely. These issues may be minor but will require your attention since they may increase. You will also experience knee pain and back problems. 
</THE-MOON-PRESENT >
<THE-MOON-FUTURE >
You are likely to experience health issues but they may not show up completely. Issues could be minor but will need attention else they are bound to increase. You may also face knee pain and back problems. 
</THE-MOON-FUTURE >
<THE-SUN-ONE >
This card shows that you are feeling a little de-motivated now and run down now. You will now closely analyze yourself trying to spot out the wrongs from the rights. No physical ailment as such is indicated. You will read more on health issues and wellbeing now for one of your loved ones. 
</THE-SUN-ONE >
<THE-SUN-PAST >
You were feeling de-motivated and run down. You would have analyzed to determine wrongs from rights. There may not have been specific ailments. However, you may have read on health issues and wellbeing for one of your loved ones 
</THE-SUN-PAST >
<THE-SUN-PRESENT >
You are feeling de-motivated and run down. You will closely analyze to identify wrongs from rights. There is no specific ailment but you will read a lot on health issues for one of your loved ones. 
</THE-SUN-PRESENT >
<THE-SUN-FUTURE >
You are likely to be de-motivated and run down. You may analyze to determine wrongs from rights. There may be no specific ailment but you may read on health issues for one of your loved ones. 
</THE-SUN-FUTURE >
<JUDGEMENT-ONE >
This card indicates that you may have to face some physical instability because of stress or improper diet. You will have concerns about the health of a loved one and you will try your best to heap them out. Several visits to the hospital or meetings with doctors will take most of your time. 
</JUDGEMENT-ONE >
<JUDGEMENT-PAST >
You may have faced physical instability due to stress of improper diet. You may have had concerns on health of a loved one and tried your best to help them. Frequent doctor visits may have eaten away your time. 
</JUDGEMENT-PAST >
<JUDGEMENT-PRESENT >
You may face physical instability due to stress or improper diet. You will have concerns on the health of a loved one and will attempt to help them out. Frequent doctor visits may eat away your time. 
</JUDGEMENT-PRESENT >
<JUDGEMENT-FUTURE >
You are likely to face physical instability because of stress or improper diet. You may be concerned on the health of a loved one and may try to help them. Frequent doctor visits will most probably eat away your time. 
</JUDGEMENT-FUTURE >
<THE-WORLD-ONE >
This card shows that you may already be suffering from an ailment or an injury and will be recovering from it. You will see that slowly but steadily you are making progress although there are chances that certain misguidance may lead to some problems. It is recommended that you gain more knowledge about your health issues and take measures accordingly. 
</THE-WORLD-ONE >
<THE-WORLD-PAST >
You may have suffered from an ailment or injury and also gotten onto the path of recovery. You may have slowly made progress even though there were chances of misguidance leading to problems. You may have gained more knowledge on health issues and taken measures. 
</THE-WORLD-PAST >
<THE-WORLD-PRESENT >
You may be suffering from an ailment of injury and be recuperating from it. You will steadily make progress even when there is misguidance leading to problems. You will gain more knowledge on health issues and take appropriate measures. 
</THE-WORLD-PRESENT >
<THE-WORLD-FUTURE >
You may be suffering from injury or ailment and will even recuperate from it. You will eventually make steady progress despite misguidance that could lead to problems. You may gain more knowledge on health issue and will take suitable measures. 
</THE-WORLD-FUTURE >
<THE-FOOL-ONE >
This card indicates that you are concerned about your heath and will go for a regular checkup now. Your pearly whites may also need some attention now so you will have to visit a dentist. You will get to know of new methods of healing from a friend and you will be willing to try these methods. 
</THE-FOOL-ONE >
<THE-FOOL-PAST >
You were concerned about your health and started going for regular checkups. Your pearly white needed attention and so you had to visit your dentist. You knew new methods of healing from a friend and were willing to try these methods. 
</THE-FOOL-PAST >
<THE-FOOL-PRESENT >
You are concerned about your health and will go for regular checkups. Your pearly whites will need attention and you will have to visit your dentist. You will learn new methods of healing from a friend and be willing to try these methods 
</THE-FOOL-PRESENT >
<THE-FOOL-FUTURE >
You are likely to be concerned about your health and will go for regular checkups. Your pearly whites may need attention and hence you may have to visit your dentist. You may learn new methods of healing and may be willing to try those methods.
</THE-FOOL-FUTURE >


</ROOT>
