{
  "v": "4.8.0",
  "meta": {
    "g": "LottieFiles AE 1.0.0",
    "a": "",
    "k": "",
    "d": "",
    "tc": "#FFFFFF"
  },
  "fr": 25,
  "ip": 25,
  "op": 75,
  "w": 800,
  "h": 800,
  "nm": "Loading #15",
  "ddd": 0,
  "assets": [
    {
      "id": "comp_0",
      "layers": [
        {
          "ddd": 0,
          "ind": 1,
          "ty": 4,
          "nm": "Circle 2",
          "sr": 1,
          "ks": {
            "o": {
              "a": 0,
              "k": 100,
              "ix": 11
            },
            "r": {
              "a": 0,
              "k": 0,
              "ix": 10
            },
            "p": {
              "a": 0,
              "k": [
                400,
                400,
                0
              ],
              "ix": 2
            },
            "a": {
              "a": 0,
              "k": [
                -16,
                14,
                0
              ],
              "ix": 1
            },
            "s": {
              "a": 0,
              "k": [
                100,
                100,
                100
              ],
              "ix": 6
            }
          },
          "ao": 0,
          "shapes": [
            {
              "ty": "gr",
              "it": [
                {
                  "d": 1,
                  "ty": "el",
                  "s": {
                    "a": 0,
                    "k": [
                      360,
                      360
                    ],
                    "ix": 2
                  },
                  "p": {
                    "a": 0,
                    "k": [
                      0,
                      0
                    ],
                    "ix": 3
                  },
                  "nm": "Ellipse Path 1",
                  "mn": "ADBE Vector Shape - Ellipse",
                  "hd": false
                },
                {
                  "ty": "st",
                  "c": {
                    "a": 0,
                    "k": [
                      0,
                      0.176470592618,
                      0.349019616842,
                      0.996078491211
                    ],
                    "ix": 3
                  },
                  "o": {
                    "a": 0,
                    "k": 100,
                    "ix": 4
                  },
                  "w": {
                    "a": 0,
                    "k": 39,
                    "ix": 5
                  },
                  "lc": 2,
                  "lj": 2,
                  "bm": 0,
                  "nm": "Stroke 1",
                  "mn": "ADBE Vector Graphic - Stroke",
                  "hd": false
                },
                {
                  "ty": "tr",
                  "p": {
                    "a": 0,
                    "k": [
                      -16,
                      14
                    ],
                    "ix": 2
                  },
                  "a": {
                    "a": 0,
                    "k": [
                      0,
                      0
                    ],
                    "ix": 1
                  },
                  "s": {
                    "a": 0,
                    "k": [
                      100,
                      100
                    ],
                    "ix": 3
                  },
                  "r": {
                    "a": 0,
                    "k": 0,
                    "ix": 6
                  },
                  "o": {
                    "a": 0,
                    "k": 100,
                    "ix": 7
                  },
                  "sk": {
                    "a": 0,
                    "k": 0,
                    "ix": 4
                  },
                  "sa": {
                    "a": 0,
                    "k": 0,
                    "ix": 5
                  },
                  "nm": "Transform"
                }
              ],
              "nm": "Ellipse 1",
              "np": 2,
              "cix": 2,
              "bm": 0,
              "ix": 1,
              "mn": "ADBE Vector Group",
              "hd": false
            },
            {
              "ty": "tm",
              "s": {
                "a": 0,
                "k": 0,
                "ix": 1
              },
              "e": {
                "a": 0,
                "k": 100,
                "ix": 2
              },
              "o": {
                "a": 0,
                "k": 0,
                "ix": 3
              },
              "m": 1,
              "ix": 2,
              "nm": "Trim Paths 1",
              "mn": "ADBE Vector Filter - Trim",
              "hd": false
            }
          ],
          "ip": 0,
          "op": 125,
          "st": 0,
          "bm": 0
        },
        {
          "ddd": 0,
          "ind": 2,
          "ty": 4,
          "nm": "Waves 2",
          "td": 1,
          "sr": 1,
          "ks": {
            "o": {
              "a": 0,
              "k": 100,
              "ix": 11
            },
            "r": {
              "a": 0,
              "k": 0,
              "ix": 10
            },
            "p": {
              "s": true,
              "x": {
                "a": 1,
                "k": [
                  {
                    "i": {
                      "x": [
                        0.833
                      ],
                      "y": [
                        0.833
                      ]
                    },
                    "o": {
                      "x": [
                        0.167
                      ],
                      "y": [
                        0.167
                      ]
                    },
                    "t": 25,
                    "s": [
                      -1260
                    ]
                  },
                  {
                    "t": 60,
                    "s": [
                      940
                    ]
                  }
                ],
                "ix": 3
              },
              "y": {
                "a": 1,
                "k": [
                  {
                    "i": {
                      "x": [
                        0.667
                      ],
                      "y": [
                        1
                      ]
                    },
                    "o": {
                      "x": [
                        0.333
                      ],
                      "y": [
                        0
                      ]
                    },
                    "t": 25,
                    "s": [
                      940
                    ]
                  },
                  {
                    "t": 60,
                    "s": [
                      400
                    ]
                  }
                ],
                "ix": 4
              }
            },
            "a": {
              "a": 0,
              "k": [
                -6.5,
                118,
                0
              ],
              "ix": 1
            },
            "s": {
              "a": 0,
              "k": [
                100,
                100,
                100
              ],
              "ix": 6
            }
          },
          "ao": 0,
          "shapes": [
            {
              "ty": "gr",
              "it": [
                {
                  "ind": 0,
                  "ty": "sh",
                  "ix": 1,
                  "ks": {
                    "a": 0,
                    "k": {
                      "i": [
                        [
                          91.934,
                          18.386
                        ],
                        [
                          0,
                          18.75
                        ],
                        [
                          0,
                          18.748
                        ],
                        [
                          0,
                          18.749
                        ],
                        [
                          0,
                          18.748
                        ],
                        [
                          0,
                          18.749
                        ],
                        [
                          0,
                          18.749
                        ],
                        [
                          0,
                          18.75
                        ],
                        [
                          0,
                          18.75
                        ],
                        [
                          0,
                          18.75
                        ],
                        [
                          0,
                          18.748
                        ],
                        [
                          0,
                          18.75
                        ],
                        [
                          0,
                          18.75
                        ],
                        [
                          0,
                          18.751
                        ],
                        [
                          0,
                          18.751
                        ],
                        [
                          0,
                          18.753
                        ],
                        [
                          -18.389,
                          3.678
                        ],
                        [
                          -93.75,
                          0
                        ],
                        [
                          -93.748,
                          0
                        ],
                        [
                          -93.748,
                          0
                        ],
                        [
                          -93.75,
                          0
                        ],
                        [
                          -93.75,
                          0
                        ],
                        [
                          -93.749,
                          0
                        ],
                        [
                          -93.749,
                          0
                        ],
                        [
                          -93.75,
                          0
                        ],
                        [
                          -93.75,
                          0
                        ],
                        [
                          -93.75,
                          0
                        ],
                        [
                          -93.748,
                          0
                        ],
                        [
                          -93.749,
                          0
                        ],
                        [
                          -93.751,
                          0
                        ],
                        [
                          -93.75,
                          0
                        ],
                        [
                          -93.754,
                          0
                        ],
                        [
                          -91.934,
                          -18.386
                        ],
                        [
                          0,
                          -18.75
                        ],
                        [
                          0,
                          -18.748
                        ],
                        [
                          0,
                          -18.749
                        ],
                        [
                          0,
                          -18.748
                        ],
                        [
                          0,
                          -18.749
                        ],
                        [
                          0,
                          -18.749
                        ],
                        [
                          0,
                          -18.75
                        ],
                        [
                          0,
                          -18.75
                        ],
                        [
                          0,
                          -18.75
                        ],
                        [
                          0,
                          -18.748
                        ],
                        [
                          0,
                          -18.75
                        ],
                        [
                          0,
                          -18.75
                        ],
                        [
                          0,
                          -18.751
                        ],
                        [
                          0,
                          -18.751
                        ],
                        [
                          0,
                          -18.753
                        ],
                        [
                          18.389,
                          -3.678
                        ],
                        [
                          93.75,
                          0
                        ],
                        [
                          93.748,
                          0
                        ],
                        [
                          93.748,
                          0
                        ],
                        [
                          93.75,
                          0
                        ],
                        [
                          93.75,
                          0
                        ],
                        [
                          93.749,
                          0
                        ],
                        [
                          93.749,
                          0
                        ],
                        [
                          93.75,
                          0
                        ],
                        [
                          93.75,
                          0
                        ],
                        [
                          93.75,
                          0
                        ],
                        [
                          93.748,
                          0
                        ],
                        [
                          93.749,
                          0
                        ],
                        [
                          93.751,
                          0
                        ],
                        [
                          93.75,
                          0
                        ],
                        [
                          93.133,
                          -10.776
                        ]
                      ],
                      "o": [
                        [
                          -18.386,
                          -3.677
                        ],
                        [
                          0,
                          -18.748
                        ],
                        [
                          0,
                          -18.749
                        ],
                        [
                          0,
                          -18.748
                        ],
                        [
                          0,
                          -18.749
                        ],
                        [
                          0,
                          -18.749
                        ],
                        [
                          0,
                          -18.75
                        ],
                        [
                          0,
                          -18.75
                        ],
                        [
                          0,
                          -18.75
                        ],
                        [
                          0,
                          -18.748
                        ],
                        [
                          0,
                          -18.75
                        ],
                        [
                          0,
                          -18.75
                        ],
                        [
                          0,
                          -18.751
                        ],
                        [
                          0,
                          -18.751
                        ],
                        [
                          0,
                          -18.753
                        ],
                        [
                          0,
                          -18.753
                        ],
                        [
                          91.928,
                          -18.389
                        ],
                        [
                          93.748,
                          0
                        ],
                        [
                          93.748,
                          0
                        ],
                        [
                          93.75,
                          0
                        ],
                        [
                          93.749,
                          0
                        ],
                        [
                          93.749,
                          0
                        ],
                        [
                          93.749,
                          0
                        ],
                        [
                          93.75,
                          0
                        ],
                        [
                          93.75,
                          0
                        ],
                        [
                          93.75,
                          0
                        ],
                        [
                          93.748,
                          0
                        ],
                        [
                          93.75,
                          0
                        ],
                        [
                          93.751,
                          0
                        ],
                        [
                          93.75,
                          0
                        ],
                        [
                          93.754,
                          0
                        ],
                        [
                          93.754,
                          0
                        ],
                        [
                          18.386,
                          3.677
                        ],
                        [
                          0,
                          18.748
                        ],
                        [
                          0,
                          18.749
                        ],
                        [
                          0,
                          18.748
                        ],
                        [
                          0,
                          18.749
                        ],
                        [
                          0,
                          18.749
                        ],
                        [
                          0,
                          18.75
                        ],
                        [
                          0,
                          18.75
                        ],
                        [
                          0,
                          18.75
                        ],
                        [
                          0,
                          18.748
                        ],
                        [
                          0,
                          18.75
                        ],
                        [
                          0,
                          18.75
                        ],
                        [
                          0,
                          18.751
                        ],
                        [
                          0,
                          18.751
                        ],
                        [
                          0,
                          18.753
                        ],
                        [
                          0,
                          18.753
                        ],
                        [
                          -91.928,
                          18.389
                        ],
                        [
                          -93.748,
                          0
                        ],
                        [
                          -93.748,
                          0
                        ],
                        [
                          -93.75,
                          0
                        ],
                        [
                          -93.75,
                          0
                        ],
                        [
                          -93.749,
                          0
                        ],
                        [
                          -93.749,
                          0
                        ],
                        [
                          -93.75,
                          0
                        ],
                        [
                          -93.75,
                          0
                        ],
                        [
                          -93.75,
                          0
                        ],
                        [
                          -93.748,
                          0
                        ],
                        [
                          -93.749,
                          0
                        ],
                        [
                          -93.751,
                          0
                        ],
                        [
                          -93.75,
                          0
                        ],
                        [
                          -93.754,
                          0
                        ],
                        [
                          -95.784,
                          11.083
                        ]
                      ],
                      "v": [
                        [
                          -2127.87,
                          1029.653
                        ],
                        [
                          -2109.929,
                          977.445
                        ],
                        [
                          -2139.929,
                          939.949
                        ],
                        [
                          -2109.929,
                          902.451
                        ],
                        [
                          -2139.929,
                          864.954
                        ],
                        [
                          -2109.929,
                          827.456
                        ],
                        [
                          -2139.929,
                          789.958
                        ],
                        [
                          -2109.929,
                          752.458
                        ],
                        [
                          -2139.929,
                          714.957
                        ],
                        [
                          -2109.929,
                          677.457
                        ],
                        [
                          -2139.929,
                          639.962
                        ],
                        [
                          -2109.929,
                          602.462
                        ],
                        [
                          -2139.929,
                          564.961
                        ],
                        [
                          -2109.929,
                          527.459
                        ],
                        [
                          -2139.929,
                          489.957
                        ],
                        [
                          -2109.929,
                          452.451
                        ],
                        [
                          -2127.871,
                          400.236
                        ],
                        [
                          -1937.429,
                          429.945
                        ],
                        [
                          -1749.934,
                          399.945
                        ],
                        [
                          -1562.438,
                          429.945
                        ],
                        [
                          -1374.938,
                          399.945
                        ],
                        [
                          -1187.439,
                          429.945
                        ],
                        [
                          -999.941,
                          399.945
                        ],
                        [
                          -812.442,
                          429.945
                        ],
                        [
                          -624.942,
                          399.945
                        ],
                        [
                          -437.442,
                          429.945
                        ],
                        [
                          -249.941,
                          399.945
                        ],
                        [
                          -62.445,
                          429.945
                        ],
                        [
                          125.054,
                          399.945
                        ],
                        [
                          312.555,
                          429.945
                        ],
                        [
                          500.055,
                          399.945
                        ],
                        [
                          687.563,
                          429.945
                        ],
                        [
                          878.013,
                          400.236
                        ],
                        [
                          860.071,
                          452.444
                        ],
                        [
                          890.071,
                          489.94
                        ],
                        [
                          860.071,
                          527.439
                        ],
                        [
                          890.071,
                          564.935
                        ],
                        [
                          860.071,
                          602.433
                        ],
                        [
                          890.071,
                          639.931
                        ],
                        [
                          860.071,
                          677.431
                        ],
                        [
                          890.071,
                          714.932
                        ],
                        [
                          860.071,
                          752.432
                        ],
                        [
                          890.071,
                          789.927
                        ],
                        [
                          860.071,
                          827.428
                        ],
                        [
                          890.071,
                          864.928
                        ],
                        [
                          860.071,
                          902.431
                        ],
                        [
                          890.071,
                          939.932
                        ],
                        [
                          860.071,
                          977.438
                        ],
                        [
                          878.014,
                          1029.653
                        ],
                        [
                          687.572,
                          999.945
                        ],
                        [
                          500.077,
                          1029.945
                        ],
                        [
                          312.581,
                          999.945
                        ],
                        [
                          125.081,
                          1029.945
                        ],
                        [
                          -62.418,
                          999.945
                        ],
                        [
                          -249.916,
                          1029.945
                        ],
                        [
                          -437.415,
                          999.945
                        ],
                        [
                          -624.915,
                          1029.945
                        ],
                        [
                          -812.415,
                          999.945
                        ],
                        [
                          -999.916,
                          1029.945
                        ],
                        [
                          -1187.412,
                          999.945
                        ],
                        [
                          -1374.911,
                          1029.945
                        ],
                        [
                          -1562.413,
                          999.945
                        ],
                        [
                          -1749.912,
                          1029.945
                        ],
                        [
                          -1939.144,
                          1000.044
                        ]
                      ],
                      "c": true
                    },
                    "ix": 2
                  },
                  "nm": "Path 1",
                  "mn": "ADBE Vector Shape - Group",
                  "hd": false
                },
                {
                  "ty": "fl",
                  "c": {
                    "a": 0,
                    "k": [
                      0,
                      0.176470588235,
                      0.349019607843,
                      1
                    ],
                    "ix": 4
                  },
                  "o": {
                    "a": 0,
                    "k": 100,
                    "ix": 5
                  },
                  "r": 1,
                  "bm": 0,
                  "nm": "Fill 1",
                  "mn": "ADBE Vector Graphic - Fill",
                  "hd": false
                },
                {
                  "ty": "st",
                  "c": {
                    "a": 0,
                    "k": [
                      0,
                      0.176470592618,
                      0.349019616842,
                      0.996078491211
                    ],
                    "ix": 3
                  },
                  "o": {
                    "a": 0,
                    "k": 100,
                    "ix": 4
                  },
                  "w": {
                    "a": 0,
                    "k": 39,
                    "ix": 5
                  },
                  "lc": 2,
                  "lj": 2,
                  "bm": 0,
                  "nm": "Stroke 1",
                  "mn": "ADBE Vector Graphic - Stroke",
                  "hd": false
                },
                {
                  "ty": "tr",
                  "p": {
                    "a": 0,
                    "k": [
                      -22.5,
                      194
                    ],
                    "ix": 2
                  },
                  "a": {
                    "a": 0,
                    "k": [
                      -616,
                      756
                    ],
                    "ix": 1
                  },
                  "s": {
                    "a": 0,
                    "k": [
                      100,
                      100
                    ],
                    "ix": 3
                  },
                  "r": {
                    "a": 0,
                    "k": 0,
                    "ix": 6
                  },
                  "o": {
                    "a": 0,
                    "k": 100,
                    "ix": 7
                  },
                  "sk": {
                    "a": 0,
                    "k": 0,
                    "ix": 4
                  },
                  "sa": {
                    "a": 0,
                    "k": 0,
                    "ix": 5
                  },
                  "nm": "Transform"
                }
              ],
              "nm": "Rectangle 2",
              "np": 3,
              "cix": 2,
              "bm": 0,
              "ix": 1,
              "mn": "ADBE Vector Group",
              "hd": false
            }
          ],
          "ip": 25,
          "op": 125,
          "st": 0,
          "bm": 0
        },
        {
          "ddd": 0,
          "ind": 3,
          "ty": 4,
          "nm": "Circle 3",
          "tt": 2,
          "sr": 1,
          "ks": {
            "o": {
              "a": 0,
              "k": 100,
              "ix": 11
            },
            "r": {
              "a": 0,
              "k": 0,
              "ix": 10
            },
            "p": {
              "a": 0,
              "k": [
                400,
                400,
                0
              ],
              "ix": 2
            },
            "a": {
              "a": 0,
              "k": [
                -16,
                14,
                0
              ],
              "ix": 1
            },
            "s": {
              "a": 0,
              "k": [
                100,
                100,
                100
              ],
              "ix": 6
            }
          },
          "ao": 0,
          "shapes": [
            {
              "ty": "gr",
              "it": [
                {
                  "d": 1,
                  "ty": "el",
                  "s": {
                    "a": 0,
                    "k": [
                      360,
                      360
                    ],
                    "ix": 2
                  },
                  "p": {
                    "a": 0,
                    "k": [
                      0,
                      0
                    ],
                    "ix": 3
                  },
                  "nm": "Ellipse Path 1",
                  "mn": "ADBE Vector Shape - Ellipse",
                  "hd": false
                },
                {
                  "ty": "st",
                  "c": {
                    "a": 0,
                    "k": [
                      0,
                      0.176470592618,
                      0.349019616842,
                      0.996078491211
                    ],
                    "ix": 3
                  },
                  "o": {
                    "a": 0,
                    "k": 100,
                    "ix": 4
                  },
                  "w": {
                    "a": 0,
                    "k": 39,
                    "ix": 5
                  },
                  "lc": 2,
                  "lj": 2,
                  "bm": 0,
                  "nm": "Stroke 1",
                  "mn": "ADBE Vector Graphic - Stroke",
                  "hd": false
                },
                {
                  "ty": "tr",
                  "p": {
                    "a": 0,
                    "k": [
                      -16,
                      14
                    ],
                    "ix": 2
                  },
                  "a": {
                    "a": 0,
                    "k": [
                      0,
                      0
                    ],
                    "ix": 1
                  },
                  "s": {
                    "a": 0,
                    "k": [
                      100,
                      100
                    ],
                    "ix": 3
                  },
                  "r": {
                    "a": 0,
                    "k": 0,
                    "ix": 6
                  },
                  "o": {
                    "a": 0,
                    "k": 100,
                    "ix": 7
                  },
                  "sk": {
                    "a": 0,
                    "k": 0,
                    "ix": 4
                  },
                  "sa": {
                    "a": 0,
                    "k": 0,
                    "ix": 5
                  },
                  "nm": "Transform"
                }
              ],
              "nm": "Ellipse 1",
              "np": 2,
              "cix": 2,
              "bm": 0,
              "ix": 1,
              "mn": "ADBE Vector Group",
              "hd": false
            },
            {
              "ty": "tm",
              "s": {
                "a": 0,
                "k": 0,
                "ix": 1
              },
              "e": {
                "a": 0,
                "k": 100,
                "ix": 2
              },
              "o": {
                "a": 0,
                "k": 0,
                "ix": 3
              },
              "m": 1,
              "ix": 2,
              "nm": "Trim Paths 1",
              "mn": "ADBE Vector Filter - Trim",
              "hd": false
            },
            {
              "ty": "fl",
              "c": {
                "a": 0,
                "k": [
                  0,
                  0.176470588235,
                  0.349019607843,
                  1
                ],
                "ix": 4
              },
              "o": {
                "a": 0,
                "k": 100,
                "ix": 5
              },
              "r": 1,
              "bm": 0,
              "nm": "Fill 1",
              "mn": "ADBE Vector Graphic - Fill",
              "hd": false
            }
          ],
          "ip": 25,
          "op": 125,
          "st": 0,
          "bm": 0
        },
        {
          "ddd": 0,
          "ind": 4,
          "ty": 4,
          "nm": "Circle",
          "td": 1,
          "sr": 1,
          "ks": {
            "o": {
              "a": 0,
              "k": 100,
              "ix": 11
            },
            "r": {
              "a": 0,
              "k": 0,
              "ix": 10
            },
            "p": {
              "a": 0,
              "k": [
                400,
                400,
                0
              ],
              "ix": 2
            },
            "a": {
              "a": 0,
              "k": [
                -16,
                14,
                0
              ],
              "ix": 1
            },
            "s": {
              "a": 0,
              "k": [
                100,
                100,
                100
              ],
              "ix": 6
            }
          },
          "ao": 0,
          "shapes": [
            {
              "ty": "gr",
              "it": [
                {
                  "d": 1,
                  "ty": "el",
                  "s": {
                    "a": 0,
                    "k": [
                      360,
                      360
                    ],
                    "ix": 2
                  },
                  "p": {
                    "a": 0,
                    "k": [
                      0,
                      0
                    ],
                    "ix": 3
                  },
                  "nm": "Ellipse Path 1",
                  "mn": "ADBE Vector Shape - Ellipse",
                  "hd": false
                },
                {
                  "ty": "st",
                  "c": {
                    "a": 0,
                    "k": [
                      0,
                      0.176470592618,
                      0.349019616842,
                      0.996078491211
                    ],
                    "ix": 3
                  },
                  "o": {
                    "a": 0,
                    "k": 100,
                    "ix": 4
                  },
                  "w": {
                    "a": 0,
                    "k": 39,
                    "ix": 5
                  },
                  "lc": 2,
                  "lj": 2,
                  "bm": 0,
                  "nm": "Stroke 1",
                  "mn": "ADBE Vector Graphic - Stroke",
                  "hd": false
                },
                {
                  "ty": "tr",
                  "p": {
                    "a": 0,
                    "k": [
                      -16,
                      14
                    ],
                    "ix": 2
                  },
                  "a": {
                    "a": 0,
                    "k": [
                      0,
                      0
                    ],
                    "ix": 1
                  },
                  "s": {
                    "a": 0,
                    "k": [
                      100,
                      100
                    ],
                    "ix": 3
                  },
                  "r": {
                    "a": 0,
                    "k": 0,
                    "ix": 6
                  },
                  "o": {
                    "a": 0,
                    "k": 100,
                    "ix": 7
                  },
                  "sk": {
                    "a": 0,
                    "k": 0,
                    "ix": 4
                  },
                  "sa": {
                    "a": 0,
                    "k": 0,
                    "ix": 5
                  },
                  "nm": "Transform"
                }
              ],
              "nm": "Ellipse 1",
              "np": 2,
              "cix": 2,
              "bm": 0,
              "ix": 1,
              "mn": "ADBE Vector Group",
              "hd": false
            },
            {
              "ty": "tm",
              "s": {
                "a": 0,
                "k": 0,
                "ix": 1
              },
              "e": {
                "a": 0,
                "k": 100,
                "ix": 2
              },
              "o": {
                "a": 0,
                "k": 0,
                "ix": 3
              },
              "m": 1,
              "ix": 2,
              "nm": "Trim Paths 1",
              "mn": "ADBE Vector Filter - Trim",
              "hd": false
            },
            {
              "ty": "fl",
              "c": {
                "a": 0,
                "k": [
                  1,
                  0,
                  0,
                  1
                ],
                "ix": 4
              },
              "o": {
                "a": 0,
                "k": 100,
                "ix": 5
              },
              "r": 1,
              "bm": 0,
              "nm": "Fill 1",
              "mn": "ADBE Vector Graphic - Fill",
              "hd": false
            }
          ],
          "ip": 0,
          "op": 25,
          "st": 0,
          "bm": 0
        },
        {
          "ddd": 0,
          "ind": 5,
          "ty": 4,
          "nm": "Waves",
          "tt": 1,
          "sr": 1,
          "ks": {
            "o": {
              "a": 0,
              "k": 100,
              "ix": 11
            },
            "r": {
              "a": 0,
              "k": 0,
              "ix": 10
            },
            "p": {
              "s": true,
              "x": {
                "a": 1,
                "k": [
                  {
                    "i": {
                      "x": [
                        0.833
                      ],
                      "y": [
                        0.833
                      ]
                    },
                    "o": {
                      "x": [
                        0.167
                      ],
                      "y": [
                        0.167
                      ]
                    },
                    "t": 0,
                    "s": [
                      -1284.929
                    ]
                  },
                  {
                    "t": 35,
                    "s": [
                      915.071
                    ]
                  }
                ],
                "ix": 3
              },
              "y": {
                "a": 1,
                "k": [
                  {
                    "i": {
                      "x": [
                        0.667
                      ],
                      "y": [
                        1
                      ]
                    },
                    "o": {
                      "x": [
                        0.333
                      ],
                      "y": [
                        0
                      ]
                    },
                    "t": 0,
                    "s": [
                      975.374
                    ]
                  },
                  {
                    "t": 35,
                    "s": [
                      315.374
                    ]
                  }
                ],
                "ix": 4
              }
            },
            "a": {
              "a": 0,
              "k": [
                -31.429,
                153.374,
                0
              ],
              "ix": 1
            },
            "s": {
              "a": 0,
              "k": [
                100,
                100,
                100
              ],
              "ix": 6
            }
          },
          "ao": 0,
          "shapes": [
            {
              "ty": "gr",
              "it": [
                {
                  "ind": 0,
                  "ty": "sh",
                  "ix": 1,
                  "ks": {
                    "a": 0,
                    "k": {
                      "i": [
                        [
                          91.934,
                          18.386
                        ],
                        [
                          0,
                          18.75
                        ],
                        [
                          0,
                          18.748
                        ],
                        [
                          0,
                          18.749
                        ],
                        [
                          0,
                          18.748
                        ],
                        [
                          0,
                          18.749
                        ],
                        [
                          0,
                          18.749
                        ],
                        [
                          0,
                          18.75
                        ],
                        [
                          0,
                          18.75
                        ],
                        [
                          0,
                          18.75
                        ],
                        [
                          0,
                          18.748
                        ],
                        [
                          0,
                          18.75
                        ],
                        [
                          0,
                          18.75
                        ],
                        [
                          0,
                          18.751
                        ],
                        [
                          0,
                          18.751
                        ],
                        [
                          0,
                          18.753
                        ],
                        [
                          -18.389,
                          3.678
                        ],
                        [
                          -93.75,
                          0
                        ],
                        [
                          -93.748,
                          0
                        ],
                        [
                          -93.748,
                          0
                        ],
                        [
                          -93.75,
                          0
                        ],
                        [
                          -93.75,
                          0
                        ],
                        [
                          -93.749,
                          0
                        ],
                        [
                          -93.749,
                          0
                        ],
                        [
                          -93.75,
                          0
                        ],
                        [
                          -93.75,
                          0
                        ],
                        [
                          -93.75,
                          0
                        ],
                        [
                          -93.748,
                          0
                        ],
                        [
                          -93.749,
                          0
                        ],
                        [
                          -93.751,
                          0
                        ],
                        [
                          -93.75,
                          0
                        ],
                        [
                          -93.754,
                          0
                        ],
                        [
                          -91.934,
                          -18.386
                        ],
                        [
                          0,
                          -18.75
                        ],
                        [
                          0,
                          -18.748
                        ],
                        [
                          0,
                          -18.749
                        ],
                        [
                          0,
                          -18.748
                        ],
                        [
                          0,
                          -18.749
                        ],
                        [
                          0,
                          -18.749
                        ],
                        [
                          0,
                          -18.75
                        ],
                        [
                          0,
                          -18.75
                        ],
                        [
                          0,
                          -18.75
                        ],
                        [
                          0,
                          -18.748
                        ],
                        [
                          0,
                          -18.75
                        ],
                        [
                          0,
                          -18.75
                        ],
                        [
                          0,
                          -18.751
                        ],
                        [
                          0,
                          -18.751
                        ],
                        [
                          0,
                          -18.753
                        ],
                        [
                          18.389,
                          -3.678
                        ],
                        [
                          93.75,
                          0
                        ],
                        [
                          93.748,
                          0
                        ],
                        [
                          93.748,
                          0
                        ],
                        [
                          93.75,
                          0
                        ],
                        [
                          93.75,
                          0
                        ],
                        [
                          93.749,
                          0
                        ],
                        [
                          93.749,
                          0
                        ],
                        [
                          93.75,
                          0
                        ],
                        [
                          93.75,
                          0
                        ],
                        [
                          93.75,
                          0
                        ],
                        [
                          93.748,
                          0
                        ],
                        [
                          93.749,
                          0
                        ],
                        [
                          93.751,
                          0
                        ],
                        [
                          93.75,
                          0
                        ],
                        [
                          93.133,
                          -10.776
                        ]
                      ],
                      "o": [
                        [
                          -18.386,
                          -3.677
                        ],
                        [
                          0,
                          -18.748
                        ],
                        [
                          0,
                          -18.749
                        ],
                        [
                          0,
                          -18.748
                        ],
                        [
                          0,
                          -18.749
                        ],
                        [
                          0,
                          -18.749
                        ],
                        [
                          0,
                          -18.75
                        ],
                        [
                          0,
                          -18.75
                        ],
                        [
                          0,
                          -18.75
                        ],
                        [
                          0,
                          -18.748
                        ],
                        [
                          0,
                          -18.75
                        ],
                        [
                          0,
                          -18.75
                        ],
                        [
                          0,
                          -18.751
                        ],
                        [
                          0,
                          -18.751
                        ],
                        [
                          0,
                          -18.753
                        ],
                        [
                          0,
                          -18.753
                        ],
                        [
                          91.928,
                          -18.389
                        ],
                        [
                          93.748,
                          0
                        ],
                        [
                          93.748,
                          0
                        ],
                        [
                          93.75,
                          0
                        ],
                        [
                          93.749,
                          0
                        ],
                        [
                          93.749,
                          0
                        ],
                        [
                          93.749,
                          0
                        ],
                        [
                          93.75,
                          0
                        ],
                        [
                          93.75,
                          0
                        ],
                        [
                          93.75,
                          0
                        ],
                        [
                          93.748,
                          0
                        ],
                        [
                          93.75,
                          0
                        ],
                        [
                          93.751,
                          0
                        ],
                        [
                          93.75,
                          0
                        ],
                        [
                          93.754,
                          0
                        ],
                        [
                          93.754,
                          0
                        ],
                        [
                          18.386,
                          3.677
                        ],
                        [
                          0,
                          18.748
                        ],
                        [
                          0,
                          18.749
                        ],
                        [
                          0,
                          18.748
                        ],
                        [
                          0,
                          18.749
                        ],
                        [
                          0,
                          18.749
                        ],
                        [
                          0,
                          18.75
                        ],
                        [
                          0,
                          18.75
                        ],
                        [
                          0,
                          18.75
                        ],
                        [
                          0,
                          18.748
                        ],
                        [
                          0,
                          18.75
                        ],
                        [
                          0,
                          18.75
                        ],
                        [
                          0,
                          18.751
                        ],
                        [
                          0,
                          18.751
                        ],
                        [
                          0,
                          18.753
                        ],
                        [
                          0,
                          18.753
                        ],
                        [
                          -91.928,
                          18.389
                        ],
                        [
                          -93.748,
                          0
                        ],
                        [
                          -93.748,
                          0
                        ],
                        [
                          -93.75,
                          0
                        ],
                        [
                          -93.75,
                          0
                        ],
                        [
                          -93.749,
                          0
                        ],
                        [
                          -93.749,
                          0
                        ],
                        [
                          -93.75,
                          0
                        ],
                        [
                          -93.75,
                          0
                        ],
                        [
                          -93.75,
                          0
                        ],
                        [
                          -93.748,
                          0
                        ],
                        [
                          -93.749,
                          0
                        ],
                        [
                          -93.751,
                          0
                        ],
                        [
                          -93.75,
                          0
                        ],
                        [
                          -93.754,
                          0
                        ],
                        [
                          -95.784,
                          11.083
                        ]
                      ],
                      "v": [
                        [
                          -2127.87,
                          1029.653
                        ],
                        [
                          -2109.929,
                          977.445
                        ],
                        [
                          -2139.929,
                          939.949
                        ],
                        [
                          -2109.929,
                          902.451
                        ],
                        [
                          -2139.929,
                          864.954
                        ],
                        [
                          -2109.929,
                          827.456
                        ],
                        [
                          -2139.929,
                          789.958
                        ],
                        [
                          -2109.929,
                          752.458
                        ],
                        [
                          -2139.929,
                          714.957
                        ],
                        [
                          -2109.929,
                          677.457
                        ],
                        [
                          -2139.929,
                          639.962
                        ],
                        [
                          -2109.929,
                          602.462
                        ],
                        [
                          -2139.929,
                          564.961
                        ],
                        [
                          -2109.929,
                          527.459
                        ],
                        [
                          -2139.929,
                          489.957
                        ],
                        [
                          -2109.929,
                          452.451
                        ],
                        [
                          -2127.871,
                          400.236
                        ],
                        [
                          -1937.429,
                          429.945
                        ],
                        [
                          -1749.934,
                          399.945
                        ],
                        [
                          -1562.438,
                          429.945
                        ],
                        [
                          -1374.938,
                          399.945
                        ],
                        [
                          -1187.439,
                          429.945
                        ],
                        [
                          -999.941,
                          399.945
                        ],
                        [
                          -812.442,
                          429.945
                        ],
                        [
                          -624.942,
                          399.945
                        ],
                        [
                          -437.442,
                          429.945
                        ],
                        [
                          -249.941,
                          399.945
                        ],
                        [
                          -62.445,
                          429.945
                        ],
                        [
                          125.054,
                          399.945
                        ],
                        [
                          312.555,
                          429.945
                        ],
                        [
                          500.055,
                          399.945
                        ],
                        [
                          687.563,
                          429.945
                        ],
                        [
                          878.013,
                          400.236
                        ],
                        [
                          860.071,
                          452.444
                        ],
                        [
                          890.071,
                          489.94
                        ],
                        [
                          860.071,
                          527.439
                        ],
                        [
                          890.071,
                          564.935
                        ],
                        [
                          860.071,
                          602.433
                        ],
                        [
                          890.071,
                          639.931
                        ],
                        [
                          860.071,
                          677.431
                        ],
                        [
                          890.071,
                          714.932
                        ],
                        [
                          860.071,
                          752.432
                        ],
                        [
                          890.071,
                          789.927
                        ],
                        [
                          860.071,
                          827.428
                        ],
                        [
                          890.071,
                          864.928
                        ],
                        [
                          860.071,
                          902.431
                        ],
                        [
                          890.071,
                          939.932
                        ],
                        [
                          860.071,
                          977.438
                        ],
                        [
                          878.014,
                          1029.653
                        ],
                        [
                          687.572,
                          999.945
                        ],
                        [
                          500.077,
                          1029.945
                        ],
                        [
                          312.581,
                          999.945
                        ],
                        [
                          125.081,
                          1029.945
                        ],
                        [
                          -62.418,
                          999.945
                        ],
                        [
                          -249.916,
                          1029.945
                        ],
                        [
                          -437.415,
                          999.945
                        ],
                        [
                          -624.915,
                          1029.945
                        ],
                        [
                          -812.415,
                          999.945
                        ],
                        [
                          -999.916,
                          1029.945
                        ],
                        [
                          -1187.412,
                          999.945
                        ],
                        [
                          -1374.911,
                          1029.945
                        ],
                        [
                          -1562.413,
                          999.945
                        ],
                        [
                          -1749.912,
                          1029.945
                        ],
                        [
                          -1939.144,
                          1000.044
                        ]
                      ],
                      "c": true
                    },
                    "ix": 2
                  },
                  "nm": "Path 1",
                  "mn": "ADBE Vector Shape - Group",
                  "hd": false
                },
                {
                  "ty": "fl",
                  "c": {
                    "a": 0,
                    "k": [
                      0,
                      0.176470588235,
                      0.349019607843,
                      1
                    ],
                    "ix": 4
                  },
                  "o": {
                    "a": 0,
                    "k": 100,
                    "ix": 5
                  },
                  "r": 1,
                  "bm": 0,
                  "nm": "Fill 1",
                  "mn": "ADBE Vector Graphic - Fill",
                  "hd": false
                },
                {
                  "ty": "st",
                  "c": {
                    "a": 0,
                    "k": [
                      0,
                      0.176470592618,
                      0.349019616842,
                      0.996078491211
                    ],
                    "ix": 3
                  },
                  "o": {
                    "a": 0,
                    "k": 100,
                    "ix": 4
                  },
                  "w": {
                    "a": 0,
                    "k": 39,
                    "ix": 5
                  },
                  "lc": 2,
                  "lj": 2,
                  "bm": 0,
                  "nm": "Stroke 1",
                  "mn": "ADBE Vector Graphic - Stroke",
                  "hd": false
                },
                {
                  "ty": "tr",
                  "p": {
                    "a": 0,
                    "k": [
                      -22.5,
                      194
                    ],
                    "ix": 2
                  },
                  "a": {
                    "a": 0,
                    "k": [
                      -616,
                      756
                    ],
                    "ix": 1
                  },
                  "s": {
                    "a": 0,
                    "k": [
                      100,
                      100
                    ],
                    "ix": 3
                  },
                  "r": {
                    "a": 0,
                    "k": 0,
                    "ix": 6
                  },
                  "o": {
                    "a": 0,
                    "k": 100,
                    "ix": 7
                  },
                  "sk": {
                    "a": 0,
                    "k": 0,
                    "ix": 4
                  },
                  "sa": {
                    "a": 0,
                    "k": 0,
                    "ix": 5
                  },
                  "nm": "Transform"
                }
              ],
              "nm": "Rectangle 1",
              "np": 3,
              "cix": 2,
              "bm": 0,
              "ix": 1,
              "mn": "ADBE Vector Group",
              "hd": false
            }
          ],
          "ip": 0,
          "op": 25,
          "st": 0,
          "bm": 0
        }
      ]
    }
  ],
  "layers": [
    {
      "ddd": 0,
      "ind": 1,
      "ty": 0,
      "nm": "Circle 15",
      "refId": "comp_0",
      "sr": 1,
      "ks": {
        "o": {
          "a": 0,
          "k": 100,
          "ix": 11
        },
        "r": {
          "a": 0,
          "k": 0,
          "ix": 10
        },
        "p": {
          "a": 0,
          "k": [
            400,
            400,
            0
          ],
          "ix": 2
        },
        "a": {
          "a": 0,
          "k": [
            400,
            400,
            0
          ],
          "ix": 1
        },
        "s": {
          "a": 0,
          "k": [
            100,
            100,
            100
          ],
          "ix": 6
        }
      },
      "ao": 0,
      "w": 800,
      "h": 800,
      "ip": 25,
      "op": 150,
      "st": 25,
      "bm": 0
    }
  ],
  "markers": []
}