{
  "project_info": {
    "project_number": "148127559727",
    "firebase_url": "https://mbit-testing-demo.firebaseio.com",
    "project_id": "mbit-testing-demo",
    "storage_bucket": "mbit-testing-demo.appspot.com"
  },
  "client": [
    {
      "client_info": {
        "mobilesdk_app_id": "1:148127559727:android:02de28ff3251bae06816da",
        "android_client_info": {
          "package_name": "com.mbit.VideoMaker"
        }
      },
      "oauth_client": [
        {
          "client_id": "148127559727-khl4pvtkarjm4390vhng4fetbrt2e5j0.apps.googleusercontent.com",
          "client_type": 3
        }
      ],
      "api_key": [
        {
          "current_key": "AIzaSyCrwE7bMsYKTHoEnBsBbeR4juU7WO0ZCDI"
        }
      ],
      "services": {
        "appinvite_service": {
          "other_platform_oauth_client": [
            {
              "client_id": "148127559727-khl4pvtkarjm4390vhng4fetbrt2e5j0.apps.googleusercontent.com",
              "client_type": 3
            }
          ]
        }
      }
    },
    {
      "client_info": {
        "mobilesdk_app_id": "1:148127559727:android:6ed1c52a7d38c40b6816da",
        "android_client_info": {
          "package_name": "com.mbit.mbit"
        }
      },
      "oauth_client": [
        {
          "client_id": "148127559727-khl4pvtkarjm4390vhng4fetbrt2e5j0.apps.googleusercontent.com",
          "client_type": 3
        }
      ],
      "api_key": [
        {
          "current_key": "AIzaSyCrwE7bMsYKTHoEnBsBbeR4juU7WO0ZCDI"
        }
      ],
      "services": {
        "appinvite_service": {
          "other_platform_oauth_client": [
            {
              "client_id": "148127559727-khl4pvtkarjm4390vhng4fetbrt2e5j0.apps.googleusercontent.com",
              "client_type": 3
            }
          ]
        }
      }
    },
    {
      "client_info": {
        "mobilesdk_app_id": "1:148127559727:android:dbfcf4d7e906ebb66816da",
        "android_client_info": {
          "package_name": "firebaseall.excape.com.firebasedemo"
        }
      },
      "oauth_client": [
        {
          "client_id": "148127559727-khl4pvtkarjm4390vhng4fetbrt2e5j0.apps.googleusercontent.com",
          "client_type": 3
        }
      ],
      "api_key": [
        {
          "current_key": "AIzaSyCrwE7bMsYKTHoEnBsBbeR4juU7WO0ZCDI"
        }
      ],
      "services": {
        "appinvite_service": {
          "other_platform_oauth_client": [
            {
              "client_id": "148127559727-khl4pvtkarjm4390vhng4fetbrt2e5j0.apps.googleusercontent.com",
              "client_type": 3
            }
          ]
        }
      }
    }
  ],
  "configuration_version": "1"
}