﻿<?xml version="1.0"?>

    <ROOT>

    <ACE-OF-CUPS-ONE>Cette carte indique que vous prendrez des mesures audacieuses pour vous lancer dans une nouvelle entreprise sans être crispé ou tracassé par les risques en jeu, et au bout du compte, ce projet vous aidera à prendre soin de vos besoins. C’est un bon moment pour prendre des risques, car vous en tirerez des bénéfices financiers. </ACE-OF-CUPS-ONE>

    <TWO-OF-CUPS-ONE>Toute dispute ou accord à caractère financier sera approuvé et réglé, et cela vous soulagera. Vos profits en affaire peuvent augmenter ou il est possible que vous obteniez un salaire bientôt. </TWO-OF-CUPS-ONE>

    <THREE-OF-CUPS-ONE>Cette carte indique que vous aurez une source de revenus stable maintenant et que vous obtiendrez une part raisonnable des revenus et des dépenses. Il y aura un flux d’argent important en provenance de plusieurs petites sources et vous serez satisfait. </THREE-OF-CUPS-ONE>

    <FOUR-OF-CUPS-ONE>Cette carte montre que s’il y a de quelconques irrégularités financières ou un problème quelconque en matière de finance, alors vous serez en position pour le gérer avec tact. Vous aurez l’esprit très vif et serez capable de faire le travail, en particulier de percevoir l’argent ou de régler les problèmes juridiques concernant l’argent. </FOUR-OF-CUPS-ONE>

    <FIVE-OF-CUPS-ONE>Cette carte indique que vous devrez désormais faire attention à vos finances et votre état financier semblera à présent un peu instable. Vous devrez être attentif à chaque mesure entreprise en matière de dépenses et seule une approche pragmatique et ferme vous aidera à vous sortir de cette situation. </FIVE-OF-CUPS-ONE>

    <SIX-OF-CUPS-ONE>Cette carte suggère que vous n’aurez pas à trop vous inquiéter à propos de vos finances désormais. Vos dépenses et vos revenus seront en contrôle et l’argent arrivera en provenance de directions variées. Vous serez satisfait de vos revenus et il est possible que vous touchiez un jackpot de manière inattendue, ce qui vous laissera dans un état de choc agréable. </SIX-OF-CUPS-ONE>

    <SEVEN-OF-CUPS-ONE>Cette carte indique qu’il y aura une espèce de petite crise en relation avec vos dépenses, mais vous la règlerez. Il n’y aura pas de quoi s’inquiéter, car les choses seront bientôt corrigées et il est également possible que vous réalisiez quelques faibles gains en provenance de sources variées. </SEVEN-OF-CUPS-ONE>

    <EIGHT-OF-CUPS-ONE>Cette carte montre que vous devrez surveiller vos dépenses, car il est possible que vous soyez dans une situation où vos dépenses ne feront que croître même si vous essayez de les modérer. Vous aurez l’impression que vos revenus ne sont pas suffisants pour pallier à vos dépenses et cela vous laissera déçu et mécontent. </EIGHT-OF-CUPS-ONE>

    <NINE-OF-CUPS-ONE>Cette carte indique que vous devrez faire face à un léger mécontentement en matière de finances. Vous percevrez un peu d’argent d’un de vos débiteurs pendant un moment, mais il est possible qu’il y ait quelques disputes concernant l’argent. Mais vous réglerez la situation et les choses se résoudront. </NINE-OF-CUPS-ONE>

    <TEN-OF-CUPS-ONE>Cette carte montre que vous vous laisserez aller et que vous dépenserez un peu plus que d’habitude et que vous vous ferez plaisir en prenant soin de vous. Il est également possible que vous achetiez des cadeaux pour des personnes que vous aimez et les dépenses ne vous dérangeront pas beaucoup, car vos revenus augmenteront et vous permettent de vous faire un peu plaisir avec votre famille et vos amis. </TEN-OF-CUPS-ONE>

    <PAGE-OF-CUPS-ONE>Vous vous attendrez à une promotion ou à une sorte d’évaluation et il est probable que cela ait lieu bientôt. Il y aura également bientôt plus d’opportunités qui se présenteront à vous, donc il n’y a pas beaucoup de raisons de s’inquiéter. </PAGE-OF-CUPS-ONE>

    <KNIGHT-OF-CUPS-ONE>Cette carte montre que vous avez de la chance dans vos avancées en matière de finances. Vous aurez des surprises agréables en matière d’argent, comme une augmentation de salaire, des profits accrus ou une grosse somme d’argent en provenance d’une source inattendue. Si votre argent était bloqué quelque part, alors il vous sera rendu. </KNIGHT-OF-CUPS-ONE>

    <QUEEN-OF-CUPS-ONE>Cette carte indique que vous ne vous sentirez pas vulnérable financièrement dans les temps à venir. Il y aura beaucoup de gens prêts à vous aider en cas de problème financier ou si vous recherchez des conseils en matière d’investissement, alors vous les obtiendrez des bonnes personnes. Vous n’aurez pas trop de problèmes à recevoir des commissions ou de l’argent en provenance d’autres sources. </QUEEN-OF-CUPS-ONE>

    <KING-OF-CUPS-ONE>Cette carte indique que vous aurez une source d’argent entrant en provenance de votre travail ou d’une nouvelle entreprise. Si vous concluez de nouveaux accords ou que vous signez de nouveaux contrats, alors vous devrez faire attention aux documents et à toutes les conditions générales, car il peut y avoir certains éléments qui surveilleront toutes vos actions. </KING-OF-CUPS-ONE>

    <ACE-OF-PENTACLES-ONE>Cette carte indique que vous prierez pour des sources différentes d’argent et les temps seront en votre faveur et vous obtiendrez de nouvelles sources de revenus. Vous réfléchirez à des objectifs financiers à long terme et certains plans ou projets peuvent se présenter à vous. </ACE-OF-PENTACLES-ONE>

    <TWO-OF-PENTACLES-ONE>Cette carte montre que vous serez en train de planifier vos finances dans vos affaires et dans votre vie personnelle et que vous obtiendrez le consentement des gens concernés. S’il y a des chances que vous programmiez un nouvel investissement, alors beaucoup de dépenses seront impliquées. Vous devrez garder le contrôle de vos dépenses. </TWO-OF-PENTACLES-ONE>

    <THREE-OF-PENTACLES-ONE>Cette carte indique que vous recevrez de l’argent de sources inattendues et que vous aurez le soutien de votre famille et de vos collègues. Vous essaierez aussi de trouver une source de revenus supplémentaire et il est possible que vous relanciez un projet ou une activité en suspens dans ce but, ou que vous en démarriez un nouveau. </THREE-OF-PENTACLES-ONE>

    <FOUR-OF-PENTACLES-ONE>Cette carte montre qu’il est possible que beaucoup de transferts d’argents se produisent. Vous devrez traiter beaucoup de documents qui peuvent comprendre des formalités judiciaires afin d’obtenir un profit financier en retour. Vous atteindrez une stabilité financière et vous aurez suffisamment d’argent pour pallier à vos dépenses ordinaires. </FOUR-OF-PENTACLES-ONE>

    <FIVE-OF-PENTACLES-ONE>Cette carte indique qu’il se peut que vous dépensiez pour votre développement personnel et pour vous faire plaisir. Vos finances seront sous contrôle, car vous pourrez couvrir toutes vos dépenses et la chance sera également de votre côté au fur et à mesure que vous avancez, en dépit de nombreux problèmes et obstacles. </FIVE-OF-PENTACLES-ONE>

    <SIX-OF-PENTACLES-ONE>Cette carte indique que les temps seront un peu difficiles pour vous, car il se peut que vous ayez des problèmes. Vos amis considèrent votre amitié comme acquise et ne vous rendent pas l’argent qu’ils vous doivent, ou il est possible que vous ne perceviez pas vos loyers à temps. Cela peut conduire à une aggravation de la situation et à des désordres psychologiques, et certains conflits sont indiqués. Il est suggéré que vous gardiez votre calme dans une telle situation. </SIX-OF-PENTACLES-ONE>

    <SEVEN-OF-PENTACLES-ONE>Cette carte montre que les choses peuvent sembler très sombres en matière de finance au début et peuvent sembler vagues et peu claires. Mais il y aura bientôt certains types de gains financiers obtenus par l’intermédiaire de projets professionnels ou personnels avec l’aide et les conseils de quelqu’un de proche, et cela vous redonnera de l’espoir. </SEVEN-OF-PENTACLES-ONE>

    <EIGHT-OF-PENTACLES-ONE>Cette carte montre que vous aurez de la chance en matière d’argent pendant un moment et qu’il n’y aura aucune tension en ce qui concerne vos finances. Vous obtiendrez certains gains financiers ou vous achèterez finalement les choses que vous voulez. La clé d’une vie heureuse est d’être satisfait de ce que vous obtenez et cela va être vrai pour vous pendant un moment. </EIGHT-OF-PENTACLES-ONE>

    <NINE-OF-PENTACLES-ONE>Cette carte indique que vous aurez la chance avec vous désormais, et les choses sembleront aller dans la bonne direction, même en ce qui concerne l’argent. Si vous avez des soucis financiers de quelque sorte, alors ils se règleront et de bonnes nouvelles arriveront bientôt. </NINE-OF-PENTACLES-ONE>

    <TEN-OF-PENTACLES-ONE>Cette carte montre qu’il y aura un équilibre raisonnable entre vos gains et vos dépenses et que vous aurez à régler plusieurs factures ménagères, ce qui absorbera la plus grande partie de votre argent. S’il y avait certains achats que vous attendiez d’effectuer ou certaines décisions importantes concernant l’argent, alors ce sera fait. </TEN-OF-PENTACLES-ONE>

    <PAGE-OF-PENTACLES-ONE>Cette carte indique que vos finances sont bien équilibrées désormais, mais il y aura des moments durant lesquelles vous manquerez d’argent. Cela peut vous tracasser et vous conduire à des réactions fortes. Vous devrez vous calmer un peu, car cette carte suggère que de bons moments arriveront bientôt. </PAGE-OF-PENTACLES-ONE>

    <KNIGHT-OF-PENTACLES-ONE>Cette carte suggère qu’il n’y aura pas beaucoup de problèmes en ce qui concerne votre santé financière. Cependant il peut y avoir certaines parties qui refusent de vous rendre de l’argent, et cela peut constituer un problème ou une inquiétude. Il est possible que pour le moment vous ne soyez pas rassuré, mais la chance vous sourira bientôt. </KNIGHT-OF-PENTACLES-ONE>

    <QUEEN-OF-PENTACLES-ONE>Cette carte montre que si votre argent était détenu par quelqu’un ou perdu quelque part, alors il est très probable que les choses se règlent et se résolvent. Votre argent vous sera rendu et vous pouvez également vous attendre à de petits gains financiers ou une augmentation de revenus. </QUEEN-OF-PENTACLES-ONE>

    <KING-OF-PENTACLES-ONE>Cette carte indique que vous aurez très peu de problèmes en ce qui concerne vos finances. Vous bénéficierez de plusieurs opportunités profitables qui se présenteront à vous, mais vous devrez les identifier soigneusement. Il est suggéré que vous effectuiez vos transactions à votre domicile ou à un endroit proche, car cela peut vous porter chance. </KING-OF-PENTACLES-ONE>

    <ACE-OF-SWORDS-ONE>Cette carte indique que des éléments concernant l’argent ou vos finances ne se passeront pas de la manière à laquelle vous vous attendiez. Il est possible qu’il y ait une certaine appréhension en matière de dépenses, particulièrement les dépenses imprévues. Votre revenu sera stable, mais vous devrez vous battre énergiquement pour maintenir un équilibre entre l’argent que vous gagnerez et vos dépenses croissantes. </ACE-OF-SWORDS-ONE>

    <TWO-OF-SWORDS-ONE>Cette carte montre que vos finances seront sous contrôle et qu’il n’y aura pas de quoi s’inquiéter. Bien qu’il se peut qu’il y ait un problème qui puisse être une source d’inquiétude en ce qui concerne un nouveau projet ou une servitude de dettes, et que certaines choses vous trottent dans la tête et vous hésiterez à prendre une décision ferme. </TWO-OF-SWORDS-ONE>

    <THREE-OF-SWORDS-ONE>Cette carte indique qu’il va y avoir une période faste en ce qui concerne vos finances, et qu’il y aura un flux constant d’argent. Il se peut que vous gagniez de l’argent en provenance de sources inattendues ou en provenance d’anciens projets qui commenceront à générer des profits. Si certains de vos débiteurs refusaient de vous rendre votre argent, alors cela va se régler. </THREE-OF-SWORDS-ONE>

    <FOUR-OF-SWORDS-ONE>Cette carte montre que votre arrivée d’argent sera légèrement stagnante à présent. Il peut également y avoir une situation dans laquelle vous vous disputez à propos de l’argent avec votre partenaire commercial ou un débiteur, ou il peut y avoir une certaine déception à cause de retard dans des paiements. Mais ce chaos se terminera bientôt, car vos finances se stabiliseront après un moment. </FOUR-OF-SWORDS-ONE>

    <FIVE-OF-SWORDS-ONE>Cette carte indique que vous serez satisfait sur le plan financier, car vos revenus et dépenses seront équilibrés et vous gagnerez également de l’argent à partir d’autres sources variées. Mais en dépit de cela, vous aurez des problèmes de conscience concernant vos finances. Il est recommandé que vous ne vous inquiétez pas outre mesure concernant vos finances et que vous relâchiez la pression pendant un moment. </FIVE-OF-SWORDS-ONE>

    <SIX-OF-SWORDS-ONE>Cette carte montre qu’il est possible que vous ayez des moments difficiles passés à gagner de l’argent et à faire attention à vos dépenses, car il semble que la chance vous ait abandonnée en ce qui concerne l’argent. Mais la roue tournera bientôt et vous gagnerez un peu d’argent sans trop en faire uniquement grâce à la chance, et vous apprécierez cela. </SIX-OF-SWORDS-ONE>

    <SEVEN-OF-SWORDS-ONE>Cette carte indique que vous vous sentez un peu nerveux ou en colère, car il est possible que vous ayez à prendre des décisions non souhaitées, mais vous pouvez laisser de côté vos inquiétudes, car il est très probable que vous régliez les choses rapidement. Il est aussi possible qu’un certain type de gain financier se présente à vous, ou il est possible que vous gagniez quelque chose rapidement. </SEVEN-OF-SWORDS-ONE>

    <EIGHT-OF-SWORDS-ONE>Cette carte montre que vous aurez l’impression que votre revenu stagne et que vous n’obtenez pas les augmentations attendues. Vous essaierez de trouver des voies alternatives pour gagner un peu d’argent afin de pouvoir répondre à vos besoins. Il est indiqué que vous connaîtrez la réussite en entreprenant cela, et que vous trouverez finalement un moyen de ne plus faire de compromis. </EIGHT-OF-SWORDS-ONE>

    <NINE-OF-SWORDS-ONE>Cette carte indique que cela va être un des meilleurs moments de votre vie en termes d’argent. Vous gagnerez bien votre vie grâce à votre travail régulier, et il est aussi possible que vous obteniez une augmentation bientôt. Il est possible que vous effectuiez des transactions commerciales qui vous soient très profitables ou que vous trouviez une voie parallèle pour gagner de l’argent. </NINE-OF-SWORDS-ONE>

    <TEN-OF-SWORDS-ONE>Cette carte montre que s’il y a des problèmes financiers que vous êtes en train de gérer actuellement, ils seront bientôt réglés. Il y a également des chances que vous ayez une surprise quand vous obtiendrez un gain financier ou des bénéfices particuliers au travail en provenance d’un vieux projet ou une augmentation qui vous comblera de joie. </TEN-OF-SWORDS-ONE>

    <PAGE-OF-SWORDS-ONE>Cette carte indique qu’il y a quelque chose concernant vos finances qui vous tracassera en permanence. Vous ressentirez de l’appréhension concernant votre santé financière et vous essaierez de modérer vos dépenses. Mais cela semblera être un problème sans fin, car cela ne se réglera pas dès la première réunion. </PAGE-OF-SWORDS-ONE>

    <KNIGHT-OF-SWORDS-ONE>Cette carte montre qu’un de vos amis ou un de vos proches vous proposera un nouveau partenariat ou une participation dans un nouveau projet. Cela s’avérera être d’une grande aide, car ils ne vous demanderont pas beaucoup en retour et vous vous sentirez gratifié par ce geste. </KNIGHT-OF-SWORDS-ONE>

    <QUEEN-OF-SWORDS-ONE>Cette carte indique que quelqu’un essaie de vous tromper sur le plan financier. Il est possible qu’une personne qui peut vous avoir emprunté de l’argent refuse de vous le rendre, comme des loyers en retard, des factures ou des matériaux. Il est aussi possible que vous soyez agité et que vous finissiez par avoir une dispute ou une confrontation. </QUEEN-OF-SWORDS-ONE>

    <KING-OF-SWORDS-ONE>Cette carte suggère que vous avez besoin de vous relaxer et d’arrêter de trop réfléchir à vos finances. Votre revenu est stable, mais il y aura des pressions prévalentes dans la famille et autour de vous à cause de situations révoltantes que vous ne serez peut-être pas en mesure d’éviter. </KING-OF-SWORDS-ONE>

    <ACE-OF-WANDS-ONE>Cette carte indique qu’il est probable que vous réalisiez des gains financiers. Vous réaliserez ces gains grâce à quelque chose lié à vos compétences. Si vous planifiez de conserver une exposition de votre travail ou que vous avez élaboré un concept unique pour votre entreprise, alors c’est le bon moment de le mettre à exécution. </ACE-OF-WANDS-ONE>

    <TWO-OF-WANDS-ONE>Cette carte montre que si vous aviez des disputes financières ou que vous réfléchissiez à des accords financiers, alors ils seront finalement approuvés et réglés, et cela vous soulagera. Il y a des chances que vos profits dans vos affaires augmentent ou que vous obteniez une augmentation de salaire bientôt. </TWO-OF-WANDS-ONE>

    <THREE-OF-WANDS-ONE>Cette carte suggère que vous restiez en contact avec vos amis et collègues, car ils s’avèreront être d’une grande aide sur le plan financier à présent. Votre entreprise ou votre travail va commencer à prospérer désormais, vous rapportant plus de bénéfices que prévu. La conclusion d’un accord commercial vous apportera les bénéfices supplémentaires que vous attendiez avec impatience. </THREE-OF-WANDS-ONE>

    <FOUR-OF-WANDS-ONE>Cette carte indique que vos finances seront stables à présent et vous recevrez de l’argent d’un certain nombre de sources différentes. Vous n’aurez pas de problèmes à arranger vos transactions financières, car votre travail s’effectuera sans heurt à présent et vous vous en sortirez beaucoup mieux qu’auparavant. </FOUR-OF-WANDS-ONE>

    <FIVE-OF-WANDS-ONE>Cette carte montre que vous aurez désormais de la chance avec l’argent. Si vous aviez certains types de disputes financières liées à des propriétés ou des investissements, alors il est très probable que vous les remportiez. Vous vous occuperez bien de vos finances et cela vous aidera à économiser suffisamment pour répondre aux attentes de votre famille. </FIVE-OF-WANDS-ONE>

    <SIX-OF-WANDS-ONE>Cette carte indique qu’il y aura certains problèmes qui règneront concernant de l’argent détenu par quelqu’un d’autre ou à un certain endroit. Cela peut vous tracasser énormément et il peut y avoir des moments ou il est possible que vous agissiez de manière mesquine sans vous en rendre compte. Mais ces temps difficiles passeront bientôt et vos problèmes de fonds seront réglés. </SIX-OF-WANDS-ONE>

    <SEVEN-OF-WANDS-ONE>Cette carte suggère que s’il y avait des difficultés ou des obstacles quelconques concernant l’argent, alors ils seront bientôt réglés. Vous récolterez les bénéfices de vos plans d’épargne et de vos agissements financiers intelligents, ce qui vous satisfera et vous rendra heureux, et cela peut vous conduire à prendre soin de vous, mais vous le méritez ! </SEVEN-OF-WANDS-ONE>

    <EIGHT-OF-WANDS-ONE>Cette carte indique que les choses changeront pour le mieux très bientôt. L’état de vos finances prospèrera plus que vous ne l’attendiez, car vous conclurez de nouvelles transactions profitables avec votre entreprise, ce qui vous aidera à gagner des récompenses également, et il y aura beaucoup de réunions auxquelles assister ainsi que des opportunités profitables à saisir dans l’avenir proche. </EIGHT-OF-WANDS-ONE>

    <NINE-OF-WANDS-ONE>Cette carte montre que votre santé financière sera presque à l’équilibre à présent, car il est possible que vous réalisiez quelques profits et que vous subissiez quelques pertes dans les temps qui viennent. Mais il n’y aura aucune raison de s’inquiéter, car vous gagnerez suffisamment pour être satisfait et pallier à vos dépenses quotidiennes, et vous réussirez à trouver plus de sources de revenus. </NINE-OF-WANDS-ONE>

    <TEN-OF-WANDS-ONE>Cette carte indique que vous serez un peu sceptique concernant vos transactions financières à présent, car il peut y avoir de petites querelles avec votre client ou votre patron qui pourrait conduire à certains problèmes. Vous voudrez regarder au-delà de ces situations problématiques afin d’obtenir plus de sources de revenus, mais cela s’avérera plus difficile que vous ne le pensiez. </TEN-OF-WANDS-ONE>

    <PAGE-OF-WANDS-ONE>Cette carte montre que vous verrez des profits affluer quand certaines parties de votre travail sont concernées tandis que certains domaines continueront à rester faibles. Il peut également y avoir des problèmes concernant vos négociations avec les banques ou la documentation financière. </PAGE-OF-WANDS-ONE>

    <KNIGHT-OF-WANDS-ONE>Il y aura un flux d’argent en provenance de sources inattendues, mais il ne s’agira pas d’un montant important. La collection d’argent de vos débiteurs commencera à devenir un peu fatigante et il est possible que vous n’obteniez pas ce à quoi vous vous attendiez, ce qui peut conduire à certaines disputes et déceptions. </KNIGHT-OF-WANDS-ONE>

    <QUEEN-OF-WANDS-ONE>Il est possible que vous soyez d’humeur à dépenser sans compter et que vous vous fassiez plaisir plus que ce que vous prévoyiez et votre facture de carte de crédit peut vous surprendre. Cela peut vous contrarier pendant un moment et vous réfléchirez à des alternatives à cette situation. Mais votre décision s’avérera en fait bénéfique plus tard dans la vie. </QUEEN-OF-WANDS-ONE>

    <KING-OF-WANDS-ONE>Cette carte indique que vous gagnerez de l’argent de votre travail ordinaire, mais que vous essaierez d’obtenir de meilleures transactions à partir d’autres sources. Mais le marché deviendra extrêmement exigeant et si vous avez votre propre entreprise, alors vous devrez vous battre un peu pour obtenir de nouveaux contrats et de nouveaux projets. Pour les gens qui sont employés, il peut y avoir une rude compétition que vous allez devoir bientôt affronter. </KING-OF-WANDS-ONE>

    <THE-MAGICIAN-ONE>Cette carte indique de nouveaux départs dans la vie en matière d’affaires et de transactions financières. Vous pouvez être assuré que vos émoluments financiers seront une réussite, car les temps qui viennent seront sous le signe de la prospérité et du succès en matière de nouveaux projets commerciaux et d’autres transactions. </THE-MAGICIAN-ONE>

    <THE-HIGH-PRIESTESS-ONE>Cette carte montre que vous devrez maintenir les choses sous contrôle pendant un moment. Vous attendrez un colis, ou courrier, ou l’arrivée de quelque chose lié à vos finances. Cela peut prendre un peu plus de temps que ce que vous attendiez, mais au bout du compte vous collecterez les bénéfices de cette longue attente. </THE-HIGH-PRIESTESS-ONE>

    <THE-EMPRESS-ONE>Cette carte indique que vous devrez être un peu plus organisé en ce qui concerne vos transactions financières et faire attention aux informations que vous partagez avec vos partenaires commerciaux ou vos collègues. Mais vous pouvez vous libérer de vos tensions, car un montant promis est en transit et vous arrivera prochainement. </THE-EMPRESS-ONE>

    <THE-EMPEROR-ONE>Cette carte montre que si votre argent ou certains documents monétaires sont bloqués, alors cela sera réglé bientôt. Il y aura une raison de faire la fête, car il est possible que vous obteniez une augmentation ou une espèce de gain financier qui vous poussera à vous faire plaisir, mais vous ne devez pas vous sentir coupable. </THE-EMPEROR-ONE>

    <THE-HIEROPHANT-ONE>Cette carte suggère que vous devrez équilibrer votre revenu et vos dépenses, et que vous allez devoir surveiller vos dépenses. Vous aurez certains problèmes à percevoir de l’argent de vos débiteurs. Bien que vous serez inquiet, les choses se passeront sans heurt sur le plan financier. </THE-HIEROPHANT-ONE>

    <THE-LOVERS-ONE>Cette carte indique que vous recevrez un flux important d’argent, car il est possible que vous soyez promu, que vous obteniez des bonus supplémentaires ainsi que d’autres bénéfices. Cela vous aidera à maintenir une stabilité financière et vous n’aurez pas vraiment à vous inquiéter du manque d’argent à présent. Vous dépenserez également parfois sans compter, car vous aurez bientôt une raison de faire la fête. </THE-LOVERS-ONE>

    <THE-CHARIOT-ONE>Vous serez stressé, car votre argent sera bloqué chez certaines personnes et dans d’autres transactions et il vous sera difficile de le récupérer. Cela pourrait également conduire à certains problèmes juridiques, ce qui sera extrêmement frustrant. Mais les choses s’apaiseront finalement, car votre travail acharné vous permettra de récupérer de l’argent en provenance d’endroits imprévus. </THE-CHARIOT-ONE>

    <STRENGTH-ONE>Cette carte indique que vous réfléchirez de manière plus pragmatique désormais en ce qui concerne vos transactions financières. C’est un bon moment pour récupérer de l’argent auprès de vos débiteurs qui aurait dû être payé plus tôt, mais dont le paiement a été retardé pour différentes raisons. Vous organiserez tous vos documents financiers, ce qui vous aidera beaucoup à résoudre un problème. </STRENGTH-ONE>

    <THE-HERMIT-ONE>Cette carte montre que vous allez recevoir un revenu ou des bonus de manière inattendue. Cela vous surprendra agréablement et vous serez très heureux, et cela peut également constituer une raison de vous faire plaisir et d’organiser une fête avec des amis et la famille. Il est aussi possible que vous prépariez des vacances avec des personnes que vous aimez lorsque votre argent sera perçu auprès de vos débiteurs. </THE-HERMIT-ONE>

    <WHEEL-OF-FORTUNE-ONE>Cette carte indique qu’il y aura une raison de s’inquiéter, car vous observerez que votre entreprise ne fait pas suffisamment de profits, et vous découvrirez certaines failles que vous n’aviez pas vues auparavant. Certains conseils et l’aide d’un être aimé vous aideront à vous relever de vos soucis financiers. </WHEEL-OF-FORTUNE-ONE>

    <JUSTICE-ONE>Cette carte montre que cela va être un moment difficile pour vous sur le plan financier. Vous réaliserez que votre entreprise n’est pas très rentable ou que vos autres sources de revenus sont en train de s’épuiser d’une manière ou d’une autre. Il est possible que vous ayez à affronter des moments difficiles, mais soyez assuré que les choses changeront bientôt pour le mieux au moins sur le plan financier. </JUSTICE-ONE>

    <THE-HANGED-MAN-ONE>Cette carte indique que vous aurez à affronter des échecs mineurs sur le plan financier, car quelqu’un a pu vous escroquer ou vous donner de mauvais conseils dans leur propre intérêt. Mais vous le réaliserez bientôt et vous prendrez les mesures appropriées afin d’obtenir ce que vous méritez. </THE-HANGED-MAN-ONE>

    <DEATH-ONE>Cette carte montre qu’il est possible qu’il y ait certaines tensions en ce qui concerne l’argent à présent. Il est possible que vous ayez essuyé un revers financier terrible très récemment ou que quelqu’un qui était supposé vous rendre une grosse somme d’argent se soit enfui. Cette situation vous laissera sur vos gardes et vigilant. </DEATH-ONE>

    <TEMPERANCE-ONE>Cette carte montre que votre arrivée d’argent se fera désormais de manière cyclique. Ce sera une course en dents de scie dans laquelle à un moment vous avez de l’argent, et à un autre vous n’en avez pas. Cela peut devenir un peu chaotique au début, mais votre entreprise vous rapportera suffisamment de profits pour vous satisfaire. </TEMPERANCE-ONE>

    <THE-DEVIL-ONE>Cette carte montre que vous aurez à présent à affronter des problèmes financiers. Cela peut arriver à cause de certaines décisions malheureuses, un problème de santé dans la famille ou d’autres affaires judiciaires. Cela continuera pendant quelque temps, mais les choses s’amélioreront bientôt. </THE-DEVIL-ONE>

    <THE-TOWER-ONE>Cette carte indique que vous allez devoir faire face à des revers financiers à cause de dépenses imprévues. Il est possible que votre entreprise ne fasse pas les profits nécessaires et cela constituera un problème grave. Il y a également une possibilité que vous perdiez un de vos principaux clients ou votre projet le plus profitable. </THE-TOWER-ONE>

    <THE-STAR-ONE>Vous remporterez de nouveaux projets et de nouvelles opportunités d’affaires, ce qui conduira à un flux important d’argent. Il y a également une possibilité que vous obteniez un gain financier, car l’avenir s’annonce bien en termes de prospérité. Il est suggéré que vous ne vous fassiez pas trop plaisir en faisant la fête, car il est possible que vous ne réalisiez pas quand vous dépensez trop. </THE-STAR-ONE>

    <THE-MOON-ONE>Cette carte indique que vous serez légèrement mécontent de la manière dont les choses se passent quand il s’agit de vos finances. Il est possible que quelqu’un vous rembourse une dette, mais refuse de vous payer les intérêts. Il se peut qu’on vous ait considéré comme acquis, mais vous saurez comment trouver votre voie. </THE-MOON-ONE>

    <THE-SUN-ONE>Cette carte montre que tout flux d’argent stagnant sera réglé et que de nouvelles opportunités viendront frapper à votre porte. Si vous étiez bloqué à cause de problèmes avec la banque ou concernant un accord de prêt, alors il est très probable que cela se règle. De nouvelles voies de génération de revenus peuvent également s’ouvrir et il y aura bientôt de bonnes nouvelles financières qui vous seront adressées par courrier. </THE-SUN-ONE>

    <JUDGEMENT-ONE>Cette carte indique que ce sera une bonne période pour vos finances. Si certains verdicts monétaires sont passés, alors il est très probable qu’ils seront en votre faveur. Il y aura des gains monétaires sous la forme de dividendes et de repaiement de dettes, et votre santé financière s’améliorera bientôt. </JUDGEMENT-ONE>

    <THE-WORLD-ONE>Cette carte suggère que vous allez recevoir de l’argent en provenance de sources inattendues. Il est possible qu’il y ait un transfert d’argent bientôt qui frappe à votre porte ou il est possible que vous collectiez les bénéfices de votre travail acharné sous la forme d’un bonus. L’argent affluera en provenance de sources variées par petits montants. </THE-WORLD-ONE>

    <THE-FOOL-ONE>Cette carte indique que s’il y avait de l’argent bloqué à un certain endroit, vous le recevrez bientôt. Au cours de cette période, vous ainsi que votre famille ou vos proches démarrerez un nouveau projet ou déciderez de faire un gros investissement. Cela sera une décision cruciale de votre vie, il est donc suggéré que vous soupesiez le pour et le contre avant de vous lancer.</THE-FOOL-ONE>

</ROOT>
