{
  "project_info": {
    "project_number": "990829175181",
    "project_id": "rtovehicleinfo2",
    "storage_bucket": "rtovehicleinfo2.appspot.com"
  },
  "client": [
    {
      "client_info": {
        "mobilesdk_app_id": "1:990829175181:android:58ded62d078a69ca839dc4",
        "android_client_info": {
          "package_name": "com.rtovehicleinformation"
        }
      },
      "oauth_client": [
        {
          "client_id": "990829175181-e5puas8aoqn3kmmll9699i86scla9j64.apps.googleusercontent.com",
          "client_type": 3
        }
      ],
      "api_key": [
        {
          "current_key": "AIzaSyCshF43JIZQLnwbADKlAjZma5RVxwTp55M"
        }
      ],
      "services": {
        "appinvite_service": {
          "other_platform_oauth_client": [
            {
              "client_id": "990829175181-e5puas8aoqn3kmmll9699i86scla9j64.apps.googleusercontent.com",
              "client_type": 3
            }
          ]
        }
      }
    }
  ],
  "configuration_version": "1"
}