<?xml version="1.0" encoding="utf-8" ?>
<ROOT>
<ACE-OF-CUPS-ONE>
Questa carta indica che sarai coinvolto anche da alcuni nuovi progetti che potrebbero richiedere molto lavoro. Potresti voler seguire un nuovo approccio per raggiungere i tuoi obiettivi utilizzando idee creative e fuori dagli schemi. Potresti cadere nel dubbio di dover seguire il tuo cuore o il tuo intelletto.
</ACE-OF-CUPS-ONE>
<TWO-OF-CUPS-ONE>
   Questo è il momento in cui si cerca soprattutto il supporto dei colleghi e una mano di approvazione che garantirà nuovamente le proprie decisioni. Non vuoi essere legato ai confini e vuoi uscire dai soliti orizzonti. Prenderai alcuni passi coraggiosi che potrebbero essere criticati in un primo momento, ma ti porteranno ammirazione poi.
</TWO-OF-CUPS-ONE>
<THREE-OF-CUPS-ONE>
   Questa carta dice che stai cercando un po 'di disciplina che cerchi di rendere la tua vita migliore e più ideale di quello che è. Potresti essere coinvolto in un lavoro che comporterebbe una vasta ricerca e analisi. Potresti anche sentirti un po 'più stressato e cercare di prendersi una pausa per i tuoi amici e la tua famiglia o qualche altra attività.
</THREE-OF-CUPS-ONE>
<FOUR-OF-CUPS-ONE>
   Potresti avere qualche problema con alcuni documenti e questo può anche farti sentire eccessivamente irrequieto. Ma allo stesso tempo c'è un’ondata di espansione del tuo business che aumenterà i tuoi profitti. Potrai prosperare rispetto al tuo lavoro e alla tua carriera in quanto nuove opportunità busseranno alla tua porta.
   </FOUR-OF-CUPS-ONE>
<FIVE-OF-CUPS-ONE>
   Le tue faccende quotidiane potrebbero farti pagare uno scotto e finirai per essere esausto e stressato. Le cose possono sembrare noiose e aspetterai con impazienza qualcosa di più eccitante e avvincente. Potresti anche dover affrontare alcune delusioni e questo può renderti immensamente frustrato. È meglio fare una pausa in questo momento.
</FIVE-OF-CUPS-ONE>
<SIX-OF-CUPS-ONE>
    Ti stai stancando della tua banale routine e stai cercando disperatamente una pausa o qualcosa di più interessante da scoprire. Troverai anche la voglia di socializzare ora più che mai. Un tuo amico o collega potrebbe chiedere aiuto in merito al lavoro e sarai più che felice di aiutarlo anche solo per qualche cambiamento nella routine.
</SIX-OF-CUPS-ONE>
<SEVEN-OF-CUPS-ONE>
   Ti senti più spirituale del solito e segui più il tuo istinto che l'approccio pratico. Lo spiacevole ambiente mondano al lavoro può farti sentire sconvolto e deluso e sentirai fortemente il bisogno di riscoprire te stesso. Cercherai di vedere il lato più luminoso di ciò che stai facendo cercando di evitare gli aspetti negativi.
</SEVEN-OF-CUPS-ONE>
<EIGHT-OF-CUPS-ONE>
   La tua concentrazione ora sarà sul rivedere ciò che hai fatto in passato e valutare te stesso e ciò che ti circonda. Avrai anche una forte spinta a continuare a mantenere le tue preoccupazioni. Potresti ottenere successo e parecchi risultati significativi ora, ma solo dopo aver superato alcuni ostacoli.
</EIGHT-OF-CUPS-ONE>
<NINE-OF-CUPS-ONE>
    Questa carta indica che potresti avere qualche problema nel tentativo di finalizzare un affare o un accordo. Stai cercando stabilità nella tua vita professionale e affaristica e questa arriverà in un attimo. Ma non c'è nulla di cui preoccuparsi in quanto sarai in grado di ottenere guadagni monetari sufficienti.
</NINE-OF-CUPS-ONE>
<TEN-OF-CUPS-ONE>
  Vuoi rinfrescarti e alleggerirti e questo stato d'animo ti porterà via dal lavoro e dal caos quotidiano. Troverai cose insolite intorno a te e questo ti manterrà di buon umore. Tuttavia sarai connesso per lavorare attraverso contatti essenziali, poiché non puoi permetterti di ignorare il lavoro ora.
</TEN-OF-CUPS-ONE>
<PAGE-OF-CUPS-ONE>
  Questa carta indica che sarai profondamente immerso nel lavoro ora e ciò comporterà una grande quantità di discussioni, teorie e incontri. Vuoi avere un percorso chiaro e lavorare per organizzarti. Ci saranno alcune pensieri importanti nella tua mente che impediranno la tua piena attenzione al tuo lavoro.
</PAGE-OF-CUPS-ONE>
<KNIGHT-OF-CUPS-ONE>
  Il tuo ambiente di lavoro sembrerà più stabile e alla fine vedrai le cose andare nel modo giusto. Potrebbe anche essere in arrivo una buona notizia. Dovrai prendere alcune decisioni importanti che influenzeranno profondamente la tua vita e richiederanno molta attenzione. Nel complesso i tuoi problemi relativi al lavoro saranno messi a tacere e tu riuscirai ad andare avanti senza problemi.
</KNIGHT-OF-CUPS-ONE>
<QUEEN-OF-CUPS-ONE>
   Questa carta dice che c'è qualcosa che vuoi trovare per cui stai cercando su diversi libri e altre fonti. Avrai bisogno di qualcuno che possa applicare metodi intuitivi per risolvere alcuni problemi sul lavoro e questo porterà anche alcune buone notizie da diverse aree per la tua azienda.
</QUEEN-OF-CUPS-ONE>
<KING-OF-CUPS-ONE>
    Ti troverai coinvolto in diverse attività legate al lavoro e questa volta sarà un po’  movimentato per la tua attività. Ciò potrebbe anche significare che dovrai affrontare la separazione dal tuo partner e potresti dover lavorare in modo indipendente. Non scoraggiarti perché ti imbatterai in una linea d'azione o in un percorso che ti condurrà al successo.
</KING-OF-CUPS-ONE>
<ACE-OF-PENTACLES-ONE>
   Questa carta indica che è una fase per alcuni investimenti di tempo o denaro e nuove iniziative e partnership che si presenteranno. Gli ostacoli che stavi affrontando in passato e che stavano bloccando molti dei tuoi progressi saranno presto spariti. Le cose che prima non stavano funzionando potrebbero presto iniziare ad andare nel modo giusto e potresti guadagnare di più.
</ACE-OF-PENTACLES-ONE>
<TWO-OF-PENTACLES-ONE>
    Questo non è il momento migliore per il tuo business in quanto potresti vedere i tuoi sforzi andare invano e potresti anche dover subire alcune perdite o alcune parole scoraggianti. Le cose potrebbero non funzionare all'inizio, ma a lungo termine, sarai in grado di risolvere questi problemi. Basta non provare a spingere le cose troppo forte e pensare saggiamente.
</TWO-OF-PENTACLES-ONE>
<THREE-OF-PENTACLES-ONE>
    Questa carta mostra che sarai più che occupato con le attività legate al tuo lavoro. Il tuo programma sarà riempito con riunioni, collaborazioni, offerte, mail e altre questioni relative al lavoro. È possibile trovare un partner o un socio appropriato con cui avviare nuove iniziative. Questo farà bene al tuo lavoro e porterà armonia.
</THREE-OF-PENTACLES-ONE>
<FOUR-OF-PENTACLES-ONE>
   Ora stai cercando un po' di sicurezza nella tua carriera e pianifichi le cose in modo tale che nessuno dei tuoi sforzi vada sprecato. Potresti anche essere un po' distratto dal lavoro in quanto altre cose richiedono una certa attenzione, ma manterrai il tuo controllo sapendo che dovrai impegnarti a fondo per ottenere ciò che è nella tua mente.
</FOUR-OF-PENTACLES-ONE>
<FIVE-OF-PENTACLES-ONE>
   Questa carta indica che ci possono essere alcune possibilità di affrontare alcune situazioni difficili sul lavoro che possono causare molto stress. Potresti anche dover subire alcune perdite e persino essere trascinato in questioni legali. Dovrai mantenere la tua tranquillità se vuoi uscire da questa situazione.
</FIVE-OF-PENTACLES-ONE>
<SIX-OF-PENTACLES-ONE>
   Questa carta indica che questo è un buon momento per la tua carriera in quanto nuove opportunità ti arriveranno e nuove strade per la tua carriera si apriranno. Potrebbe essere necessario affrontare alcuni scenari insoliti e questo può farti diventare un po' instabile mentre tenterai di analizzare la situazione cercando di mantenere la fermezza della tua mente in base a ciò che desideri veramente.
</SIX-OF-PENTACLES-ONE>
<SEVEN-OF-PENTACLES-ONE>
   Le cose possono sembrare più stagnanti ora e ci possono anche essere dei ritardi inaspettati. Questo ti lascerà un po' deluso e cercherai di trovare alcune soluzioni alternative. Ciò potrebbe essere dovuto alla mancanza della tua attenzione o a qualcun altro che lavora con te. Dovrai fare molta attenzione al tuo lavoro.
</SEVEN-OF-PENTACLES-ONE>
<EIGHT-OF-PENTACLES-ONE>
   Proprio quando pensavi che le cose fossero molto noiose e dormienti, arriveranno nuove strade che ti faranno sentire più energico. Ci sarà un improvviso cambiamento di atteggiamento e vedrai vitalità intorno a te mentre provi alcune idee innovative che riceveranno apprezzamento. Riceverai aiuto e supporto da uno dei membri della tua famiglia.
</EIGHT-OF-PENTACLES-ONE>
<NINE-OF-PENTACLES-ONE>
  Questa carta indica che il tuo lavoro ti terrà molto impegnato ora. Nuovi affari, riunioni di lavoro, imprese aziendali ecc. domineranno il tuo mondo. Ti concentrerai ora sulla qualità del lavoro della tua attività e su come la tua azienda abbia bisogno di miglioramenti per fare progressi concreti.
</NINE-OF-PENTACLES-ONE>
<TEN-OF-PENTACLES-ONE>
  Ora sei più connesso al tuo lato emotivo e vuoi concentrarti sulla tua vita personale più di quella professionale. Ma incontrare alcune persone nuove e discutere di varie questioni legate al business, diventerà obbligatorio. Potrebbe anche essere necessario viaggiare per questo scopo.
</TEN-OF-PENTACLES-ONE>
<PAGE-OF-PENTACLES-ONE>
   Questa carta indica che vuoi ottenere successo ora e raggiungere il livello più alto che darà il massimo al tuo status sociale. Sentirai di essere bloccato in confusione e sarà molto difficile uscirne fuori. Potresti anche dover affrontare qualche insicurezza nella tua vita lavorativa, ma alla fine sparirà tutto.
</PAGE-OF-PENTACLES-ONE>
<KNIGHT-OF-PENTACLES-ONE>
   Il tuo focus sarà ora su viaggi o promozioni e guarderai anche positivamente ad alcuni investimenti. Potresti sentire che il tuo lavoro è stato troppo lento in passato e potrebbe non aver raccolto i profitti richiesti a causa di problemi legali, ma uno sforzo costante ti farà uscire da tutti i problemi.
</KNIGHT-OF-PENTACLES-ONE>
<QUEEN-OF-PENTACLES-ONE>
   Ora stai guardando fiducioso verso la tua azienda cercando di fare progetti per ottenere rendimenti sostanziali e cercherai di correggere tutti gli errori fatti in passato. Una nuova prospettiva sulla tua attività cambierà la tua mente da negativa a positiva e guadagnerai il sostegno della tua forza lavoro per andare nella giusta direzione.
</QUEEN-OF-PENTACLES-ONE>
<KING-OF-PENTACLES-ONE>
   Questa carta indica che socializzerai con persone di alto livello che cercano di creare contatti che potrebbero rivelarsi utili per la tua carriera. Ti occuperai di cose che concludono progetti in sospeso per iniziare con quelli nuovi. Le tue capacità comunicative saranno sempre all'altezza e riuscirai a ottenere nuovi progetti grazie a queste qualità.
</KING-OF-PENTACLES-ONE>
<ACE-OF-SWORDS-ONE>
   Questa carta indica che potresti dover affrontare ritardi, ansie e tensioni indesiderati. Ma alla fine scoprirai che le cose si districheranno quando nuove opportunità nasceranno con nuove persone e qualcuno potrebbe anche manifestare un interesse a lavorare con te o ad associarsi con te in un modo o nell'altro.
</ACE-OF-SWORDS-ONE>
<TWO-OF-SWORDS-ONE>
   Ora ti senti come se volessi fare delle scelte importanti in modo indipendente e cercare colleghi e amici solidali in giro che possano motivarti. Potrebbe esserci qualche svolta di eventi con un'idea completamente nuova che entra in scena. Questa idea ti aiuterà a raggiungere grandi obiettivi se agisci al momento giusto.
</TWO-OF-SWORDS-ONE>
<THREE-OF-SWORDS-ONE>
    Questa scheda mostra che potresti dover affrontare alcune delusioni dovute a ritardi indesiderati nel tuo programma. Potresti scoprire la possibilità di nuove strade aperte o un'opportunità che può sembrare insolita ma redditizia. Valuterai le possibilità prima di saltare a qualsiasi conclusione e questo sarà apprezzato.
</THREE-OF-SWORDS-ONE>
<FOUR-OF-SWORDS-ONE>
    Ti troverai immerso nel lavoro cartaceo più che mai cercando di organizzare la tua documentazione e analizzare ciò che hai fatto in passato. Ci può essere una certa quantità di caos nel tuo posto di lavoro che può farti esaurire e renderti irritabile. È necessario mantenere la mente fresca e andare avanti.
</FOUR-OF-SWORDS-ONE>
<FIVE-OF-SWORDS-ONE>
    Questa carta indica che ci può essere una certa quantità di tensione sul lavoro a causa di situazioni spiacevoli. Un problema che non era stato previsto in precedenza improvvisamente potrebbe farti preoccupare. Alcuni conflitti con colleghi o soci d'affari possono farti pagare uno scotto, lasciandoti irrequieto e preoccupato.
</FIVE-OF-SWORDS-ONE>
<SIX-OF-SWORDS-ONE>
   Sarai più concentrato sui tuoi obiettivi di carriera e questo richiederà abilità di alcune brave persone per portare a termine il lavoro senza intoppi. Una discussione o un conflitto spiacevoli potrebbero aver luogo con un socio in affari o un dipendente e questo ti renderà infuriato. Ma le cose miglioreranno presto e le discussioni saranno risolte.
</SIX-OF-SWORDS-ONE>
<SEVEN-OF-SWORDS-ONE>
   Questa carta mostra che sarai sovraccaricato dal lavoro cercando di farcela con troppe cose alla volta e questo ti stresserà. Riconsidererai determinate decisioni prese e rivaluterai le offerte o gli incarichi futuri. Avrai voglia di fare una pausa dal tuo lavoro per tenere la mente ferma, ma questo potrebbe non accadere.
</SEVEN-OF-SWORDS-ONE>
<EIGHT-OF-SWORDS-ONE>
   Questo non si rivelerà davvero un buon momento per te dato che potresti trovarti immerso nei problemi fino al collo. Potresti semplicemente prendere un congedo dal lavoro per evitare queste situazioni o semplicemente lasciare il lavoro a causa di situazioni spiacevoli. Potresti anche dover fare qualcosa di non voluto a causa di una circostanza inattesa.
</EIGHT-OF-SWORDS-ONE>
<NINE-OF-SWORDS-ONE>
    Questa carta indica che potrebbero esserci dei ritardi nelle notizie che stai aspettando con impazienza e che ti renderanno ansioso. Nel frattempo, nuove idee e concetti arriveranno a tuo vantaggio, che ti daranno sostanziali benefici e ti porteranno al massimo livello di successo. Alcune pratiche burocratiche attireranno tutta la tua attenzione e farai anche qualche soldo veloce nel frattempo.
</NINE-OF-SWORDS-ONE>
<TEN-OF-SWORDS-ONE>
   La tua attenzione ora è verso il lavoro in ritardo, che richiede più tempo del previsto e vuoi concludere il tutto al più presto. Dovrai affrontare una situazione spiacevole che potrebbe verificarsi a causa di molti ostacoli sulla strada e questo ti lascerà molto deluso. Questo potrebbe anche spingerti a smettere o essere retrocesso. Hai davvero bisogno di affrontare le situazioni in virtù della pazienza.
</TEN-OF-SWORDS-ONE>
<PAGE-OF-SWORDS-ONE>
    Questa scheda mostra che stai germogliando con nuove idee pensando allo sviluppo della tua attività e della tua carriera. Potresti avere dei problemi emotivi con il tuo socio in affari o colleghi. Qualcuno ti guiderà a lavorare in una direzione diversa cercando di evitare situazioni spiacevoli per te stesso e questo approccio sembrerà funzionare al meglio in questo momento.
</PAGE-OF-SWORDS-ONE>
<KNIGHT-OF-SWORDS-ONE>
  Questa carta indica che è il momento di stare in punta di piedi per le riunioni e le varie attività commerciali. Ti senti ambizioso in questo momento e vuoi prendere il controllo delle cose raggiungendo una posizione superiore. Questa è una delle migliori fasi della tua carriera ed è molto probabile che qualcuno ti aiuti a gestire il tuo lavoro molto meglio aprendo le porte a nuove opportunità che si riveleranno molto proficue.
</KNIGHT-OF-SWORDS-ONE>
<QUEEN-OF-SWORDS-ONE>
  Sei ora in una fase in cui vuoi analizzare ciò che hai fatto e iniziare a costruire strategie mettendo più impegno nell’organizzazione. Potrebbe darti fastidio che alcuni aspetti della tua attività potrebbero essere bloccati e potresti persino decidere di ritirare qualcosa che non funziona. Alcune idee parallele possono anche venirti in mente mentre tenti di trovare soluzioni ad alcuni problemi.
</QUEEN-OF-SWORDS-ONE>
<KING-OF-SWORDS-ONE>
   Questa carta mostra che ti preoccuperai costantemente della tua attività o della tua carriera e questo potrebbe essere dovuto ai tuoi dubbi sulle tue capacità. Cercherai di elaborare le cose in modo che tu abbia la tua strada e manterrai un atteggiamento positivo verso le cose che stanno migliorando in futuro. Anche qualche aspetto finanziario o un accordo legale necessiteranno della tua attenzione.
</KING-OF-SWORDS-ONE>
<ACE-OF-WANDS-ONE>
   Questa carta significa l'inizio di qualcosa di concreto. Sarai in punta di piedi ora con crescenti opportunità nella tua attività o carriera e scoprirai che ci sono nuove porte che si aprono per te. Potrebbe anche essere necessario viaggiare per motivi di lavoro ed è molto probabile che i tuoi sforzi porteranno buoni risultati.
</ACE-OF-WANDS-ONE>
<TWO-OF-WANDS-ONE>
   Questo è il momento in cui ti concentrerai maggiormente sul tuo lavoro o sulla tua carriera cercando di migliorare le cose per te apportando consapevolmente alcuni miglioramenti. Questo ti porterà un senso di superiorità e ti troverai molto vicino al successo. Ci sarà anche un cambiamento positivo in te e presterai maggiore attenzione alla qualità del tuo lavoro.
</TWO-OF-WANDS-ONE>
<THREE-OF-WANDS-ONE>
    Questa scheda mostra che è il momento di valutare e concentrarsi su tutto il lavoro che hai svolto, le collaborazioni che hai e le iniziative imprenditoriali che non vedi l'ora di realizzare. La famiglia, gli amici oi colleghi ti guideranno affinché la tua attività o carriera possa prosperare e crescere costantemente.
</THREE-OF-WANDS-ONE>
<FOUR-OF-WANDS-ONE>
    Questa carta indica che è tempo di affrontare alcune situazioni difficili. È diventato più importante lavorare per ri-sviluppare i tuoi rapporti commerciali e cercare di costruire una buona quantità di comunicazione per migliorare le cose. La tua mente potrebbe essere in bilico con i dubbi mentre affronti i problemi imminenti ed è più probabile che ti impegni se il tuo partner è onesto con te. Dovrai lavorare con pazienza e cercare di rimanere calmo mentre affronti questa turbolenza.
</FOUR-OF-WANDS-ONE>
<FIVE-OF-WANDS-ONE>
    I tuoi dubbi e desideri ti faranno sentire irrequieto e diventerà complesso esprimere apertamente i tuoi sentimenti. Alcuni dei tuoi momenti potrebbero richiederti di essere mentalmente forte e anche se difficili; non vedrai l'ora di compiere questi passi. Questo ti aiuterà a risolvere alcune situazioni difficili e infine ti porterà pace e felicità.
</FIVE-OF-WANDS-ONE>
<SIX-OF-WANDS-ONE>
   Potresti dover affrontare un po’ di frustrazione e ansia a causa di qualcosa che non si è rivelato essere come volevi. Avrai un forte desiderio di fare un passo audace e fare qualcosa di diverso. Sarebbe meglio dedicarsi ad attività rilassanti o impegnarsi in un lavoro che stimoli la mente in modo da avere alti stimoli ma non sentirti oberato di lavoro.
</SIX-OF-WANDS-ONE>
<SEVEN-OF-WANDS-ONE>
   La carta indica che è il momento di concentrarti sull’organizzazione e sulla pianificazione cercando di soddisfare le tue pressioni sul lavoro. Vedrai che sarai circondato da alcuni pensieri romantici che ti distrarranno dal tuo lavoro e potrebbe essere difficile concentrarti sugli aspetti del business. Completerai i tuoi compiti cercando con successo di trovare anche il tempo per altre cose.
</SEVEN-OF-WANDS-ONE>
<EIGHT-OF-WANDS-ONE>
   Potresti ritrovarti a socializzare molto negli ambienti lavorativi in questo momento. Questo periodo sembra favorirti e vedrai che il tuo duro lavoro otterrà risultati e guadagerai più di quanto ti aspettavi. Questo porterà a molti festeggiamenti con la famiglia e gli amici e godrai della loro attenzione.
</EIGHT-OF-WANDS-ONE>
<NINE-OF-WANDS-ONE>
   Questa carta indica che ti trovi in una posizione più autoregolata e dignitosa. Sarai occupato con molto lavoro e la tua diligenza ti aiuterà ad affrontarlo e anche a realizzare una buona quantità di denaro con la tua attività. Il tuo lavoro ti porterà ricchezza e anche molta buona volontà. Ogni tuo passo sarà sicuro e questo ti farà sembrare più sereno.
</NINE-OF-WANDS-ONE>
<TEN-OF-WANDS-ONE>
    Questa carta indica che molti cambiamenti hanno invaso la tua mente. Vuoi sperimentare cose nuove e ci sarà un cambiamento drastico che non vedi l’ora di realizzare. Aiuterai un amico nella creazione di un'impresa e crescerà il tuo interesse per la sua attività mentre lo fai.
</TEN-OF-WANDS-ONE>
<PAGE-OF-WANDS-ONE>
   Questa carta suggerisce che sarai in uno stato d'animo analitico cercando di presentarti ad un senso più profondo di spiritualità e familiarizzare con una nuova prospettiva per le cose intorno a te. Otterrai aiuto dai tuoi colleghi o da un partner commerciale e cercherai di creare un equilibrio tra la tua vita personale e professionale.
</PAGE-OF-WANDS-ONE>
<KNIGHT-OF-WANDS-ONE>
    Le cose potrebbero diventare un po' impegnative in questo momento e potrebbe essere un po' estenuante. Riconsidererai i tuoi progetti di business e le tue partnership in quanto potresti rimanere deluso dalle situazioni che si verificano al lavoro. I momenti di frustrazione andranno e verranno, ma dovrai mantenere la calma per affrontare la situazione.
</KNIGHT-OF-WANDS-ONE>
<QUEEN-OF-WANDS-ONE>
    Da molto tempo senti che le cose non stanno andando bene o come ti aspettavi che andassero. Ciò farà emergere un forte impulso a cambiare la tua linea d'azione. Ma questo è il momento in cui la tua forza è testata ed è molto probabile che tu superi questa situazione.
</QUEEN-OF-WANDS-ONE>
<KING-OF-WANDS-ONE>
   Questa carta mostra che ti sentirai più ambizioso del solito e sarai disposto a correre dei rischi. Rimodellerai i tuoi piani e obiettivi dando priorità al tuo lavoro e alla tua carriera. Nasceranno nuove idee e vedrai che il tuo brainstorming sta generando più affari man mano che vedrai aumentare le cifre.
</KING-OF-WANDS-ONE>
<THE-MAGICIAN-ONE>
    Questa carta parla della tua autocoscienza e della tua intensa forza di volontà. Sarai sicuro del tuo lavoro. I tuoi colleghi coopereranno con te e prenderanno sul serio le tue parole. Mostrerai delle forti doti di leadership e quindi ti presenterai come una figura vibrante. Potresti trovare delle buone idee, che se implementate possono darti un grande successo.
</THE-MAGICIAN-ONE>
<THE-HIGH-PRIESTESS-ONE>
   La carta della Sacerdotessa suggerisce fortemente di fidarti del tuo te interiore e di essere ambizioso. La tua carriera avrà bisogno non solo di sincera dedizione, ma anche di un approccio sicuro, per raggiungere il successo desiderato. Molto presto riceverai preziosi consigli di carriera da uno dei tuoi più esperti/più anziani. Puoi sentire l'impulso di esplorare diverse dimensioni del tuo campo. Questo viaggio ti illuminerà con pura saggezza.
</THE-HIGH-PRIESTESS-ONE>
<THE-EMPRESS-ONE>
   Sembri preoccupato e angosciato per la crescita della tua carriera. Sembra che tu stia pensando molto a vari aspetti del tuo lavoro/business. Potresti incontrare delle difficoltà da parte dei tuoi colleghi sulla tua strada verso il successo. Questa fase metterà alla prova la tua pazienza e il tuo ottimismo nei confronti della vita. Continua con una mente fiduciosa e con onesti sforzi per avvicinarti alla vittoria.
</THE-EMPRESS-ONE>
<THE-EMPEROR-ONE>
   Questa carta suggerisce l'inizio di giorni migliori che ti doneranno rispetto e lodi nella tua vita lavorativa. Riceverai una guida adeguata da persone vicine che si prendono cura di te. Sarai responsabile di tutte le decisioni relative alla tua carriera e andrai avanti con fiducia. Dovrai essere concentrato più sui tuoi sforzi che sui risultati. Fai attenzione a non inimicarti i tuoi colleghi per piccoli problemi.
</THE-EMPEROR-ONE>
<THE-HIEROPHANT-ONE>
   Lo Ierofante ti suggerisce di perdere la rigidità dei pensieri e di aprire la tua percezione delle cose. Probabilmente stai pensando di scegliere un'opzione di carriera "provata e testata", che potrebbe non essere del tutto di tuo interesse. Potresti dover affrontare parecchi ostacoli sulla tua strada verso il successo. Basta affrontarli con una mente fredda e composta. Mantieni la pazienza e farai del bene.
</THE-HIEROPHANT-ONE>
<THE-LOVERS-ONE>
   Questa carta indica fortemente che un buon tempo di amore e pace ti circonda. Sarai calmo e soddisfatto delle cose, così come sono. Dovresti ascoltare il tuo cuore nelle decisioni che prendi riguardo alla tua carriera. Segui la tua intuizione in qualunque cosa ti impegni. Non essere tentato da chi ti offre denaro. Lavora con un approccio maturo e crea con cura la tua strada verso il successo.
</THE-LOVERS-ONE>
<THE-CHARIOT-ONE>
    La carta del Carro riflette i passi e le crociate per realizzare i sogni. Potresti dover affrontare delle difficoltà per avere successo nella tua carriera. Potrebbe essere necessario viaggiare per motivi di lavoro. Potresti avere conflitti verbali con qualcuno nel tuo posto di lavoro che potrebbe anche non avere ragione. Dovrai rimanere concentrato e rimanere dedicato al tuo lavoro per navigare in questa fase. Alla fine il successo sarà raggiunto.
</THE-CHARIOT-ONE>
<STRENGTH-ONE>
   La carta della Forza porta in primo piano il tuo nuovo coraggio e la tua fede per affrontare tutte le sfide che possono arrivare sulla tua strada. Se incanali la tua forza fisica, mentale ed emotiva nella giusta direzione nella tua carriera, puoi star sicuro di ottenere un enorme successo. Sperimenterai una rapida crescita nelle tue imprese che prima stavano affrontando qualche tipo di difficoltà.
</STRENGTH-ONE>
<THE-HERMIT-ONE>
   Potresti aver lavorato troppo in questi giorni. È necessario fermarsi, analizzare e organizzare un po’ le cose. La carta Eremita ti avvisa di evitare la fretta o l'immaturità nel prendere importanti decisioni di carriera. Dovresti prenderti un po' di tempo libero e chiedere consiglio a qualcuno esperto che ti guidi. E sebbene tu possa sentire mancanza di crescita e cooperazione da parte di altri intorno a te, continua a concentrarti sui tuoi sforzi con pazienza, rimanendo indifferente verso i risultati.
</THE-HERMIT-ONE>
<WHEEL-OF-FORTUNE-ONE>
   La carta della Ruota della Fortuna segna una bella fase della vita, piena di fortuna, gioia e armonia. Agirai molto bene in tutti gli aspetti della vita, specialmente nella tua carriera. Una promozione e un aumento di stipendio potrebbero essere sulle carte. È probabile che la tua carriera si muoverà nella direzione che desideri. La soddisfazione del lavoro sarà più alta nei prossimi giorni. Vedrai il percorso della tua carriera raggiungere le vette, per cui hai sempre lavorato.
</WHEEL-OF-FORTUNE-ONE>
<JUSTICE-ONE>
    Questa carta trasmette la necessità di trovare il giusto equilibrio nella tua vita. Stai lavorando troppo "o troppo" duramente o sei veramente rilassato riguardo al tuo lavoro e non ti interessa affatto. Dovrai prima analizzare il tuo lavoro e poi assumere il controllo di tutti i compiti che intraprendi. Mantenere un corretto equilibrio con la tua vita personale e professionale. Se senti che stai sbagliando, apporta dei cambiamenti. Fai attenzione prima di entrare in qualsiasi collaborazione.
</JUSTICE-ONE>
<THE-HANGED-MAN-ONE>
   La carta dell’Impiccato racconta di un considerevole sacrificio che dovrai fare per afferrare qualcosa di ancora meglio. Potresti trovare il tuo percorso di carriera confuso e potresti trovare difficile prendere decisioni. A volte potresti voler rinunciare o soffrire emotivamente. Cerca di mantenere una mente pacifica e composta per passare attraverso questa fase. Procedi pian piano solo dopo aver compreso ogni singolo problema.
</THE-HANGED-MAN-ONE>
<DEATH-ONE>
    La carta della Morte, come suggerisce il nome, segna la fine di diverse cose della vita, e quindi porta grandi cambiamenti da affrontare. Puoi tendere a sentire che i tuoi sogni si stanno sgretolando, ma in realtà è solo la tua resistenza ai cambiamenti. Dovresti continuare a credere nelle tue potenzialità e abilità, mentre gestisci e ti adatti alle trasformazioni in corso della vita. Rimani emotivamente e mentalmente forte.
</DEATH-ONE>
<TEMPERANCE-ONE>
   La carta della Temperanza racconta la confusione che hai tra le scelte disponibili nella tua carriera. Dovrai prendere una decisione difficile scegliendo tra due o più scelte rispettabili, che alla fine definiranno il tuo percorso di carriera. Datti un po' di tempo per considerare tutte le opzioni allo stesso modo, con un'analisi dettagliata di ciascuna. Fai una mossa premurosa che manterrà la pace e l'armonia nella tua vita.
</TEMPERANCE-ONE>
<THE-DEVIL-ONE>
   La carta del Diavolo riflette un'inclinazione verso le ombre negative della personalità umana. Sarai motivato a fare bene, ma per ragioni sbagliate e superficiali. Potresti tendere verso le tue emozioni di avidità e lussuria, mentre cerchi il successo. Puoi tendere a mostrare una mancanza di autocoscienza e coerenza, che può portare conseguenze negative. Questa carta serve da avvertimento per i cattivi passi che potresti compiere.
</THE-DEVIL-ONE>
<THE-TOWER-ONE>
La carta della Torre ti avvisa dei tempi e dei problemi malsani che ti attendono. Potrebbero esserci dei cambiamenti che creeranno problemi inaspettati nel tuo percorso professionale. Potresti sentirti depresso per questo. Ciò nonostante, questi cambiamenti ti mostreranno nuove direzioni, ma dovrai mostrare una vibrazione ottimista per la vita. Non sarà facile, ma imparerai molte cose che ti aiuteranno in futuro.
</THE-TOWER-ONE>
<THE-STAR-ONE>
La carta delle Stelle parla della tua crescente inclinazione spirituale e della ricerca di una pace interiore nella vita. Questo periodo può essere usato per analizzare e comprendere te stesso in un modo migliore, quindi ti aiuta nella tua vocazione. È un buon momento per cambiare lavoro o affrontare nuove responsabilità. Tendi a fare bene nella tua vita professionale con una maggiore sicurezza. Imparerai nuove cose mentre cresci nella tua vita.
</THE-STAR-ONE>
<THE-MOON-ONE>
La carta della Luna mostra l'impulso di riversare l'immaginazione e l'innovazione nel mondo circostante. Questa potrebbe essere una fase inattesa in termini di produttività del tuo lavoro. Potrebbe essere difficile mantenere l'attenzione e la concentrazione. Potresti sentirti stufo del tuo lavoro. Con pazienza, cerca di seguire il flusso delle cose, evita di fare sforzi extra per apportare un cambiamento. Pratica hobby artistici per rilassarti. Fidati del tuo io interiore, analizza e cerca realizzarlo.
</THE-MOON-ONE>
<THE-SUN-ONE>
La carta del Sole è una carta positiva che mostra un atteggiamento entusiasta, vibrante e zelante nei confronti del lavoro e della vita. Tendi a fare scelte sicure e giuste, che riflettono la tua menta. Il tuo ottimismo e i risultati che seguiranno saranno apprezzati dagli altri e ti porteranno molte opportunità da esplorare. Questa fase positiva ti consentirà di creare con cura il tuo percorso di carriera verso gli obiettivi desiderati.
</THE-SUN-ONE>
<JUDGEMENT-ONE>
La carta del Giudizio fa luce sulle opportunità che stanno arrivando. Troverai opportunità che attendevi. Non perderle e sfruttale al massimo. Gli sforzi che hai fatto in passato daranno finalmente frutti e porteranno la tua carriera a un nuovo apice. Dal momento che il giudizio dovrebbe essere equo, potresti dover affrontare travagli se ti sei comportato in qualche modo sbagliato. Questo sarà il momento decisivo del tuo percorso di carriera.
</JUDGEMENT-ONE>
<THE-WORLD-ONE>
La Carta del Mondo segna la fine di un periodo di fatiche. Sperimenterai e godrai dei dolci frutti per gli sforzi che hai messo in atto. La tua carriera muoverà bruscamente verso l'alto, rendendoti sempre più positivo nel tuo approccio. Aumenterà l'apprezzamento e l'incoraggiamento. Questo segnerà l'inizio di una nuova fase di successo nella tua vita lavorativa.
</THE-WORLD-ONE>
<THE-FOOL-ONE>
  Questa carta significa nuove opportunità e inizi futuri. Ti sentirai molto entusiasta del tuo percorso di carriera e gli dedicherai ancor più attenzione. Apprezzerai i cambiamenti che stanno avvenendo nella tua carriera. In questo tuo viaggio, se incontri difficoltà, imparerai molto anche dai modi difficili della vita. Lascia i vecchi pensieri alle spalle e preparati per la nuova vita che la tua carriera ti porterà.
</THE-FOOL-ONE>
</ROOT>
