{
  "project_info": {
    "project_number": "503185380364",
    "firebase_url": "https://imagetovideomoviewmaker.firebaseio.com",
    "project_id": "imagetovideomoviewmaker",
    "storage_bucket": "imagetovideomoviewmaker.appspot.com"
  },
  "client": [
    {
      "client_info": {
        "mobilesdk_app_id": "1:503185380364:android:5a155e2a9eda2fb08bca29",
        "android_client_info": {
          "package_name": "com.xyz.imagetovideomoviewmaker"
        }
      },
      "oauth_client": [
        {
          "client_id": "503185380364-u0epipvgj4lovj2figc4giinrba0rnk8.apps.googleusercontent.com",
          "client_type": 3
        }
      ],
      "api_key": [
        {
          "current_key": "AIzaSyDJ9ROen0AyPqptxGEK0v3fWoCE01lQxzM"
        }
      ],
      "services": {
        "appinvite_service": {
          "other_platform_oauth_client": [
            {
              "client_id": "503185380364-u0epipvgj4lovj2figc4giinrba0rnk8.apps.googleusercontent.com",
              "client_type": 3
            }
          ]
        }
      }
    }
  ],
  "configuration_version": "1"
}