<?xml version="1.0" encoding="utf-8" ?>
<ROOT>
<ACE-OF-CUPS-ONE >Dette kortet indikerer at du kommer til å ta noen dristige skritt for å angi noe nytt uten å bli spent eller plaget om risikoene som er involvert, og til slutt dette prosjektet vil hjelpe deg å ta vare på dine behov. Dette er et godt tidspunkt å ta risiko, fordi du vil få økonomiske fordeler. </ACE-OF-CUPS-ONE >
<TWO-OF-CUPS-ONE >Eventuelle økonomiske tvister eller finansielle avtaler vil bli avtalt og avgjort og dette vil gjøre at du føler deg lettet. Fortjenesten i næringslivet kan øke eller du kan få en lønnsøkning snart. </TWO-OF-CUPS-ONE >
<THREE-OF-CUPS-ONE >Dette kortet indikerer at du vil ha en stabil inntektskilde nå og du vil ha en rettferdig andel av inntekter og utgifter. Det vil være bra tilførsel av penger gjennom ulike små kilder, og du vil føle deg lykkelig. </THREE-OF-CUPS-ONE >
<FOUR-OF-CUPS-ONE >Dette kortet viser at hvis det er noen økonomiske misligheter eller enhver situasjon angående økonomi, så vil du være i stand til å håndtere det taktfullt. Du vil bli veldig snartenkt og dyktig i å få jobben gjort, spesielt i å samle inn penger eller løse eventuelle juridiske spørsmål knyttet til penger. </FOUR-OF-CUPS-ONE >
<FIVE-OF-CUPS-ONE >Dette kortet indikerer at du nå er nødt til å være oppmerksomme med din økonomi og din økonomiske status vil se ut som å være litt ustabil nå. Du må ta hvert skritt mot dine utgifter nøye, og bare en praktisk og fast tilnærming vil hjelpe deg å komme gjennom denne situasjonen. </FIVE-OF-CUPS-ONE >
<SIX-OF-CUPS-ONE >Dette kortet tyder på at du ikke trenger å bekymre deg mye om din økonomi nå. Utgifter og inntekter vil være under kontroll, og pengene vil strømme inn fra ulike retninger. Du vil føle deg glad på grunn av inntektene, og det kan være en plutselig jackpott som du kan treffe, som vil la deg hyggelig sjokkert. </SIX-OF-CUPS-ONE >
<SEVEN-OF-CUPS-ONE >Dette kortet indikerer at det vil være noen form for en liten krise i forhold til kostnadene, men du vil sortere det ut. Det vil ikke være mye å bekymre seg siden ting vil bli rettet opp snart, og det er også en mulighet for at du vil gjøre noen små gevinster fra ulike kilder. </SEVEN-OF-CUPS-ONE >
<EIGHT-OF-CUPS-ONE >Dette kortet viser at du er nødt til å se på dine utgifter, siden du kan komme over en situasjon hvor dine utgifter vil bare fortsette å øke selv om du prøver å dempe dem. Du vil føle at inntektene ikke er nok til å ta vare på kostnadene, og dette kan også gjøre at du føler deg litt skuffet og misfornøyd. </EIGHT-OF-CUPS-ONE >
<NINE-OF-CUPS-ONE >Dette kortet indikerer at du må møte litt misnøye i form av økonomiske gevinster. Du vil få noen penger fra en av dine skyldnere i en stund, men det kan være noen argumenter på grunn av utslipp av relasjoner enn penger. Men du vil bosette situasjonen godt og ting vil bli løst. </NINE-OF-CUPS-ONE >
<TEN-OF-CUPS-ONE >Dette kortet viser at du vil ønske å la deg løs og tilbringe litt mer enn vanlig, og vil unne deg litt velvære. Du kan også ende opp med å kjøpe gaver til dine kjære og utgifter vil ikke bry deg mye som inntektene vil øke og gjør at du kan unne deg litt med familie og venner. </TEN-OF-CUPS-ONE >
<PAGE-OF-CUPS-ONE >Du vil forvente en forfremmelse eller annen form for en vurdering, og dette er sannsynlig å skje snart. Det vil også være flere muligheter banke på døren din snart så vil det ikke være mye grunn til bekymring. </PAGE-OF-CUPS-ONE >
<KNIGHT-OF-CUPS-ONE >Dette kortet viser at du har lykken på din side når det gjelder din økonomiske tilstand. Du vil få hyggelige overraskelser, som en lønnspålegg, økt fortjeneste eller en stor sum penger fra en uventet kilde. Hvis pengene ble sittende fast noe sted så vil de komme tilbake til deg. </KNIGHT-OF-CUPS-ONE >
<QUEEN-OF-CUPS-ONE >Dette kortet indikerer at du ikke vil føle sårbare økonomisk til enhver tid snart. Det vil være nok av folk klar til å hjelpe deg i tilfelle av finanskrisen, eller hvis du søker litt veiledning for investeringer, så vil du få det fra de rette folkene. Du vil ikke ha for mange problemer til å motta provisjon eller penger fra en annen kilde. </QUEEN-OF-CUPS-ONE >
<KING-OF-CUPS-ONE >Dette kortet indikerer at du vil ha en innkommende kilde av penger fra jobb eller en ny oppgave. Hvis du gjør nye avtaler eller signere nye kontrakter så må du være forsiktig med dokumentasjon og alle vilkår og betingelser siden det kan være noen elementer som kan se på bevegelsene dine. </KING-OF-CUPS-ONE >
<ACE-OF-PENTACLES-ONE >Dette kortet indikerer at du vil be for ulike kilder til penger, og denne gangen lykken vil favorisere deg og du vil motta nye inntektskilder. Du vil tenke på langsiktige finansielle mål, og det vil være visse planer eller virksomheter som kan komme din vei. </ACE-OF-PENTACLES-ONE >
<TWO-OF-PENTACLES-ONE >Dette kortet viser at du vil være i en prosess med økonomisk planlegging i virksomheten og i privatlivet også, og du vil få samtykke fra de berørte personene. Hvis det er store sjanser for at du planlegger en ny investering da blir det masse utgifter involvert. Du er nødt til å holde kostnadene under kontroll. </TWO-OF-PENTACLES-ONE >
<THREE-OF-PENTACLES-ONE >Dette kortet indikerer pengene vil komme til deg fra uventede kilder, og du vil få støtte fra familie og kolleger. Du vil også prøve å finne en kilde for ekstra inntekt og kanskje åpne en ventende prosjekt eller aktivitet i denne søken eller kunne starte en ny en. </THREE-OF-PENTACLES-ONE >
<FOUR-OF-PENTACLES-ONE >Dette kortet viser at det vil være stor aktivitet med hensyn til pengeoverføringer . Du er nødt til å gå gjennom mye papirarbeid som kan inkludere noen juridiske formaliteter for å få noen økonomiske avkastning. Du vil finne stabiliteten i økonomien, og du vil ha nok til å ta vare på dine vanlige utgifter. </FOUR-OF-PENTACLES-ONE >
<FIVE-OF-PENTACLES-ONE >Dette kortet viser at du kunne bruke penger på selv forbedring og velvære. Din økonomi vil være på plass som du vil være i stand til å dekke alle utgifter og flaks kan også være på din side, siden du kan gå videre til tross for mange problemer og hindringer. </FIVE-OF-PENTACLES-ONE >
<SIX-OF-PENTACLES-ONE >Dette kortet indikerer at tidene vil være litt røff på deg siden du kan ha problemer. Dine venner kan ta deg for gitt, og ikke gi tilbake pengene dine, eller du kan ikke få leier i tide. Dette kan føre til forverring og noen mental forstyrrelse, og det er også noen konflikter indikert. Det er foreslått at du opprettholder ro i en slik situasjon. </SIX-OF-PENTACLES-ONE >
<SEVEN-OF-PENTACLES-ONE >Dette kortet viser at ting kan virke veldig dystert med hensyn til økonomi i begynnelsen, og ting kan virke vag og uklar. Men det vil snart være noen form for økonomisk gevinst gjennom virksomheten eller personlige foretak med hjelp og veiledning av noen nær, og dette vil gi deg et nytt håp. </SEVEN-OF-PENTACLES-ONE >
<EIGHT-OF-PENTACLES-ONE >Dette kortet viser at du vil være heldig i monetære aspekter for en stund, og det blir ingen spenninger om penger. Det vil være noen økonomiske gevinster eller vil du endelig kjøpe de tingene du ønsket. Nøkkelen til et lykkelig liv er å være fornøyd med hva du får, og dette kommer til å være sant for deg for en stund. </EIGHT-OF-PENTACLES-ONE >
<NINE-OF-PENTACLES-ONE >Dette kortet indikerer at du vil ha en god mengde lykke til med deg nå, og ting vil synes å flyte i riktig retning, selv i kroner og øre. Hvis du skulle ha noen form for økonomiske problemer så vil de få sortert og det vil også være noen gode nyheter kommer snart. </NINE-OF-PENTACLES-ONE >
<TEN-OF-PENTACLES-ONE >Dette kortet viser at det vil være en rimelig balanse mellom inntekter og utgifter, og du blir nødt til å sortere ulike regninger som tar opp mesteparten av pengene dine. Hvis det var noen kjøp som du var ventet å utføre eller noen viktig beslutning om penger, så vil det bli tatt. </TEN-OF-PENTACLES-ONE >
<PAGE-OF-PENTACLES-ONE >Dette kortet indikerer at din økonomi vil være godt balansert nå, men det vil bli ganger når du kan føle utilstrekkelig. Dette kan forverre deg og føre til sterke reaksjoner. Du trenger å roe ned litt, da dette kortet tyder på at gode tidene er rett fram. </PAGE-OF-PENTACLES-ONE >
<KNIGHT-OF-PENTACLES-ONE >Dette kortet tyder på at det ikke vil være mange problemer med din økonomiske tilstand. Selv om det kan være noen folk som ikke vil være villig til å returnere pengene, og dette kan være et problem. Du kan ikke være selvsikker nå, men det vil snart være noen flaks kommer din vei. </KNIGHT-OF-PENTACLES-ONE >
<QUEEN-OF-PENTACLES-ONE >Dette kortet viser at dersom pengene ble holdt opp av noen eller mistet et sted så er det mest sannsynlig at det vil bli avregnet og ting vil bli løst. Du vil få pengene tilbake, og du kan også forvente noen små monetære gevinster eller økt inntekter. </QUEEN-OF-PENTACLES-ONE >
<KING-OF-PENTACLES-ONE >Dette kortet indikerer at det vil være knapt noen problemer knyttet til din økonomi. Det vil være flere lønnsomme muligheter som kommer din vei, men du er nødt til å identifisere dem med forsiktighet. Det er foreslått at du utfører din omgang i huset ditt eller et sted i nærheten da dette kan vise seg å være heldig for deg. </KING-OF-PENTACLES-ONE >
<ACE-OF-SWORDS-ONE >Dette kortet viser at forhold knyttet til penger eller din økonomi vil ikke vise seg å være slik du forventet. Det kan være noen frykt knyttet til utgifter, særlig de uventede. Din inntekt vil være stabil, men du er nødt til å arbeide hardt for å finne en balanse mellom tilførsel av penger og dine økende utgifter. </ACE-OF-SWORDS-ONE >
<TWO-OF-SWORDS-ONE >Dette kortet viser at din økonomi vil være på plass, og det vil ikke være mye å bekymre deg for. Selv om det kan være et problem som kan være av interesse om et nytt foretak eller bindinger, og det vil være et par ting på tvers tankene dine, og du vil være skeptisk til å ta en fast beslutning. </TWO-OF-SWORDS-ONE >
<THREE-OF-SWORDS-ONE >Dette kortet indikerer at dette kommer til å bli en god periode med hensyn til din økonomi, og det vil være en konstant flyt av penger. Du kan tjene fra de mest uventede kilder eller dine gamle foretak vil begynne å generere fortjeneste. Hvis noen av dine skyldnere var ikke villig til å returnere pengene dine så ting vil snart bli sortert. </THREE-OF-SWORDS-ONE >
<FOUR-OF-SWORDS-ONE >Dette kortet viser at tilførsel av penger blir litt stillestående nå. Det kan også være en situasjon der du kan komme inn i en krangel om penger med din forretningspartner eller en debitor eller det kan være noen skuffelse på grunn av forsinkelser i utbetalinger. Men dette kaoset vil snart komme til en slutt, siden din økonomi blir stabil etter en stund. </FOUR-OF-SWORDS-ONE >
<FIVE-OF-SWORDS-ONE >Dette kortet indikerer at du vil bli fornøyd med penger, siden inntekter og utgifter skal være i balanse, og du vil også tjene fra ulike andre kilder. Men til tross for dette vil det være en følelse av bevissthet om økonomi. Det anbefales at du ikke bekymrer deg for mye om din økonomi og slipper løs en stund. </FIVE-OF-SWORDS-ONE >
<SIX-OF-SWORDS-ONE >Dette kortet viser at du kan ha en tøff tid å tjene penger og å ta vare på dine utgifter for det kan virke som flaks har snudd ryggen til deg med hensyn til penger. Men tidene vil snart endres, og du vil få ganske mange kroner uten å gjøre mye ut av ren flaks, og du vil nyte det. </SIX-OF-SWORDS-ONE >
<SEVEN-OF-SWORDS-ONE >Dette kortet indikerer at du vil føle deg litt nervøs eller sint fordi du må kanskje ta noen uønskede beslutninger, men du kan sette dine bekymringer bak deg, siden det er mest sannsynlig at du vil sortere ting raskt. Det kan også være noen form for økonomisk gevinst som kommer din vei, eller du kan bare vinne noe snart. </SEVEN-OF-SWORDS-ONE >
<EIGHT-OF-SWORDS-ONE >Dette kortet viser at du vil føle at inntekten har blitt stillestående og du får forventes takster. Du vil prøve å finne alternative ruter for å tjene litt penger til å ta vare på dine behov. Det er antydet at du vil lykkes i å gjøre dette, og vil til slutt finne en vei ut av kompromisser. </EIGHT-OF-SWORDS-ONE >
<NINE-OF-SWORDS-ONE >Dette kortet indikerer at dette kommer til å bli en av de beste tidene av livet ditt i form av penger. Du vil tjene godt fra din vanlig jobb, og du kan også få en lønnsøkning snart. Det kan være noen ny virksomhet avtaler truffet, noe som ville være svært lønnsomt, eller du kan finne noen parallell vei til å tjene gode penger. </NINE-OF-SWORDS-ONE >
<TEN-OF-SWORDS-ONE >Dette kortet viser at hvis det er noen økonomiske problemer som du arbeider med nå så vil de snart bli løst. Det er også sjansene for at du kan få en overraskelse når du får noen form for økonomisk vinning eller spesielle fordeler på jobben fra en gammel foretak eller en avgrensings som vil gjøre deg ekstatisk med glede. </TEN-OF-SWORDS-ONE >
<PAGE-OF-SWORDS-ONE >Dette kortet indikerer at det vil være noe relatert til din økonomi som vil bry deg hele tiden. Du vil føle bekymret om din økonomiske tilstand, og du vil prøve å dempe dine utgifter. Men dette kan virke som et uendelig problem som det ikke vil bli avgjort på det første møtet. </PAGE-OF-SWORDS-ONE >
<KNIGHT-OF-SWORDS-ONE >Dette kortet viser at en av dine venner eller mennesker nær deg vil tilby deg en ny partnerskap avtale eller delta i et nytt foretak. De vil vise seg å være til stor hjelp som de ikke ville be om for mye i bytte, og du vil føle deg fornøyd med deres gest. </KNIGHT-OF-SWORDS-ONE >
<QUEEN-OF-SWORDS-ONE >Dette kortet indikerer at du kan bli lurt av noen. Det kan være en person som kan ha lånt noen penger fra deg, og vil ikke være villig til å komme tilbake, som forsinket leier, regninger eller materialer. Du kan også bli opphisset av dette, og kan ende opp med å ha et argument eller en konfrontasjon. </QUEEN-OF-SWORDS-ONE >
<KING-OF-SWORDS-ONE >Dette kortet tyder på at du trenger å slappe av og slutte å tenke for mye om din økonomi. Din inntekt vil være stabil, men fortsatt vil det være press rådende i familien og rundt deg på grunn av noen frastøtende situasjoner som du ikke kan være i stand til å unngå. </KING-OF-SWORDS-ONE >
<ACE-OF-WANDS-ONE >Dette kortet indikerer at du er mest sannsynlig å få noen økonomiske gevinster. Disse gevinstene vil være på grunn av noe relatert til dine ferdigheter. Hvis du planlegger å holde en utstilling av arbeidet ditt eller har kommet opp med et unikt konsept i din bedrift så dette er rett tid å gjøre den. </ACE-OF-WANDS-ONE >
<TWO-OF-WANDS-ONE >Dette kortet viser at hvis du skulle ha noen økonomiske tvister eller tenkte på noen finansielle avtaler så vil de til slutt bli avtalt og avgjort, og dette vil gjøre at du føler lettet. Det er sjanser for at fortjenesten i din bedrift vil øke eller du kan få en økning i lønnen din snart. </TWO-OF-WANDS-ONE >
<THREE-OF-WANDS-ONE >Dette kortet tyder på at du bør holde kontakten med venner og kolleger fordi de vil vise seg å være av stor økonomisk hjelp nå. Din virksomhet eller arbeid vil begynne å blomstre og gi deg mer overskudd enn forventet. Det vil være en forretningsavtale som vil få deg ekstra fordeler som du ivrig ser frem til. </THREE-OF-WANDS-ONE >
<FOUR-OF-WANDS-ONE >Dette kortet indikerer at din økonomi vil være stabil nå og du vil motta penger fra mange kilder. Du vil ikke ha noen problemer med å få dine økonomiske disposisjoner ryddet siden arbeidet vil være glatt nå, og du vil gjøre mye bedre enn du gjorde tidligere. </FOUR-OF-WANDS-ONE >
<FIVE-OF-WANDS-ONE >Dette kortet viser at du vil ha litt flaks med penger nå. Hvis du har noen form for økonomiske tvister knyttet til eiendom eller investeringer så er det mest sannsynlig at du vil ha en øvre hånd. Du vil håndtere din økonomi godt, og dette vil hjelpe deg å spare opp nok til å ta vare på din families forventninger. </FIVE-OF-WANDS-ONE >
<SIX-OF-WANDS-ONE >Dette kortet indikerer at det vil være visse problemer rådende knyttet til pengene dine blir holdt opp av noen eller på et sted. Dette kan gjøre at du føler deg utrolig bekymret og det kan være tider når du kan opptre gjerrig uten å vite det. Men denne vanskelige tiden vil passere snart, og pengene dine vil bli sortert. </SIX-OF-WANDS-ONE >
<SEVEN-OF-WANDS-ONE >Dette kortet antyder at hvis det var noen problemer eller hindringer med hensyn til penger så vil de snart få ryddet. Du vil høste fordelene av dine spareplaner og smarte økonomiske grep som vil gjøre at du føler deg glad og lykkelig, og dette kan også føre til litt overbærenhet, men du fortjener det! </SEVEN-OF-WANDS-ONE >
<EIGHT-OF-WANDS-ONE >Dette kortet indikerer at ting vil endre seg til det bedre veldig snart. Din økonomiske tilstand vil blomstre mer enn du forventet og du vil få nye lønnsomme avtaler for din bedrift, som vil hjelpe deg å tjene utmerkelser også. Det vil være en rekke møter for å delta på og lønnsomme muligheter i nær fremtid. </EIGHT-OF-WANDS-ONE >
<NINE-OF-WANDS-ONE >Dette kortet viser at din økonomiske tilstand vil bli nesten balansert nå som du kan gjøre noen fortjeneste og noen tap i en kort stund. Men det blir ingen grunn til bekymring som du vil tjene nok til å bli fornøyd og ta vare på dine daglige utgifter, og du vil lykkes i å finne flere inntektskilder. </NINE-OF-WANDS-ONE >
<TEN-OF-WANDS-ONE >Dette kortet indikerer at du vil være litt skeptisk med din omgang med penger nå, siden det kan være noen krangler med din klient eller sjef som kan føre til noen problemer. Du vil ønske å se utover disse vanskelige situasjonene for å få flere inntektskilder, men dette vil vise seg å være tøffere enn du trodde. </TEN-OF-WANDS-ONE >
<PAGE-OF-WANDS-ONE >Dette kortet viser at du vil se fortjeneste flyter på grunn av visse deler av ditt arbeid, mens noen områder vil likevel fortsette å være svake. Det kan også være problemer med befatning med banker eller finans dokumentasjon. </PAGE-OF-WANDS-ONE >
<KNIGHT-OF-WANDS-ONE >Det vil være tilførsel av penger fra noen uventede kilder, men dette vil ikke være et betydelig beløp. Oppgaven med å samle inn penger fra skyldnere vil bli litt anstrengende, og du kan ikke få det du egentlig forventet, noe som kan føre til noen argumenter og skuffelse. </KNIGHT-OF-WANDS-ONE >
<QUEEN-OF-WANDS-ONE >Du kan være i humør til å splurge og kan hengi mer enn du forventet og kredittkortregningen din kan komme som et sjokk. Dette kan gjøre deg opprørt for en stund, og du vil tenke på alternativer til denne situasjonen. Men avgjørelsen faktisk vil vise seg å være gunstig senere i livet. </QUEEN-OF-WANDS-ONE >
<KING-OF-WANDS-ONE >Dette kortet indikerer at du skal tjene penger fra din vanlige jobb, men vil prøve å få de beste tilbudene fra andre kilder. Men markedet vil bli svært krevende, og hvis du har din egen bedrift så må du slite litt for å få nye kontakter og prosjekter. For folk som er ansatt, kan det være noen stor konkurranse som du må møte snart. </KING-OF-WANDS-ONE >
<THE-MAGICIAN-ONE >Dette kortet viser nye begynnelser i livet ditt i forhold til virksomheten og også økonomiske disposisjoner. Du kan være trygg på at dine transaksjoner og bestrebelser vil bli vellykket, siden tiden fremover viser velstand og suksess i form av ny virksomhet og andre forretninger. </THE-MAGICIAN-ONE >
<THE-HIGH-PRIESTESS-ONE >Dette kortet viser at du er nødt til å holde ting under kontroll for en stund. Du vil forvente en pakke eller en mail eller en ankomst av noe relatert til din økonomi. Dette kan ta litt lengre tid enn hva du forventet, men etter hvert vil du høste fordelene av den lange ventetiden. </THE-HIGH-PRIESTESS-ONE >
<THE-EMPRESS-ONE >Dette kortet indikerer at du er nødt til å få litt mer organisert med dine økonomiske disposisjoner og være forsiktig med hva slags informasjon du deler med din forretningspartner eller kollega. Men du kan frigjøre dine spenninger ettersom et lovet beløp er i overgangen og vil snart gjøre sitt vei til deg. </THE-EMPRESS-ONE >
<THE-EMPEROR-ONE >Dette kortet viser at hvis pengene dine eller noen økonomiske dokumenter står fast så vil de snart få ryddet. Det vil være en grunn til feiring som du kan få en stigning i lønn eller annen form for økonomisk gevinst som vil provosere deg å hengi deg litt, men du trenger ikke å føle deg skyldig. </THE-EMPEROR-ONE >
<THE-HIEROPHANT-ONE >Dette kortet tyder på at du er nødt til å balansere inntekter og utgifter litt og blir nødt til å holde et øye med utgifter. Du vil ha noen problemer med å få noen penger fra skyldnere. Selv om du vil være bekymret, vil ting fortsatt kjøre glatt økonomisk. </THE-HIEROPHANT-ONE >
<THE-LOVERS-ONE >Dette kortet indikerer at det vil være en god flyt av penger, siden du kan få en forfremmelse, ekstra bonuser og andre fordeler. Dette vil hjelpe deg å opprettholde finansiell stabilitet, og du vil egentlig ikke trenge å bekymre deg om mangler nå. Det vil også være visst pengeforbruk siden du får en grunn til å feire snart. </THE-LOVERS-ONE >
<THE-CHARIOT-ONE >Du vil bli stresset som pengene dine blir sittende fast med folk og andre transaksjoner, og det vil være vanskelig å hente dem. Dette kan også føre til noen juridiske spørsmål som vil være enda mer frustrerende. Men ting vil endelig lette, siden ditt hardt arbeid vil hente penger fra andre uventede steder. </THE-CHARIOT-ONE >
<STRENGTH-ONE >Dette kortet indikerer at du skal tenke mer praktisk nå når det gjelder økonomiske disposisjoner. Dette er en god tid å gjenopprette penger fra skyldnere som skulle ha vært betalt tidligere, men fikk forsinket av ulike grunner. Du vil organisere alle dine finansielle dokumenter som vil hjelpe deg umåtelig i et problem. </STRENGTH-ONE >
<THE-HERMIT-ONE >Dette kortet viser at du er i for noen uventet inntekt eller bonuser. Dette vil forlate deg sjokkert og behagelig veldig glad, og dette kan også være en årsak til noen overbærenhet eller annen form for feiring med venner og familie. Du kan også planlegge en ferie med din kjære, ettersom pengene kommer fra skyldnere. </THE-HERMIT-ONE >
<WHEEL-OF-FORTUNE-ONE >Dette kortet indikerer at det vil være en årsak til bekymring som du vil observere at din virksomhet ikke gjør nok fortjeneste og det er noen smutthull som du ikke fikk se tidligere. Litt veiledning og hjelp fra en kjær vil hjelpe deg å øke fra dine økonomiske bekymringer. </WHEEL-OF-FORTUNE-ONE >
<JUSTICE-ONE >Dette kortet viser at dette kommer til å bli en tøff tid for deg økonomisk. Du vil se at din virksomhet ikke går veldig bra, eller andre inntektskilder er brukt opp i den ene eller den andre måten. Det kan være noen harde tider som du må møte, men vær trygg på at tidene vil snart endre for bedre, minst med penger bekymringer. </JUSTICE-ONE >
<THE-HANGED-MAN-ONE >Dette kortet indikerer at du må møte noen økonomiske nedfall, selv om veldig små, siden noen kan ha jukset deg eller villedet deg til sin egen fordel. Men du vil snart innse dette og ta nødvendige tiltak for å få det du fortjener. </THE-HANGED-MAN-ONE >
<DEATH-ONE >Dette kortet viser at det vil være noen spenning med hensyn til penger nå. Det kan ha vært mulig at du kan ha lidd en forferdelig økonomisk tilbakeslag nylig eller noen som skulle returnere deg en stor sum penger har flyktet unna. Denne situasjonen vil holde deg på vakt og på tå hev. </DEATH-ONE >
<TEMPERANCE-ONE >Dette kortet indikerer at pengene vil være på roterende basis nå. Det vil være som en berg og dalbane der på en gang vil du ha penger, mens andre ganger du vil ikke. Dette kan bli litt kaotisk i begynnelsen, men bedriften vil hente deg nok fortjeneste for deg til å være fornøyd. </TEMPERANCE-ONE >
<THE-DEVIL-ONE >Dette kortet viser at du må møte mye økonomiske problemer nå med hensyn til pengene dine. Dette kan skje på grunn av noen uheldige beslutninger, et helseproblem i familien eller andre juridiske spørsmål. Dette vil fortsette en stund, men ting vil forbedre snart. </THE-DEVIL-ONE >
<THE-TOWER-ONE >Dette kortet indikerer at du kan møte et økonomisk tilbakeslag på grunn av noen uventede utgifter. Din virksomhet kan ikke gjøre de nødvendige overskuddene, og dette vil være av stor bekymring. Det er også en mulighet for at du kan miste en av dine store kunder eller det mest lønnsome prosjektet. </THE-TOWER-ONE >
<THE-STAR-ONE >Du vil få nye prosjekter og forretningsmuligheter som vil føre til god tilførsel av penger. Det er også en mulighet for at du kan få noen økonomisk gevinst siden fremtiden i form av velstand ser lys ut. Det er antydet at du ikke overdriver i å feire for du kanskje ikke vet når kostnadene har gått overbord. </THE-STAR-ONE >
<THE-MOON-ONE >Dette kortet indikerer at du vil være litt misfornøyd med hvordan ting går når det gjelder din økonomi. Det kan være noen som kan betale tilbake gjelden, men kan nekte å betale renter. Du kan ha blitt tatt for gitt, men du vil vite hvordan du får din vei. </THE-MOON-ONE >
<THE-SUN-ONE >Dette kortet viser at noen stillestående pengestrømmer vil bli løst, og nye muligheter vil banke på døren. Hvis du ble sittende fast med noen problemer med banken eller innvilgelse av lån så er det sannsynlig å bli slettet. Nye veier for inntekt kan også åpne opp, og snart vil det være gode økonomiske nyheter kommende via e-post. </THE-SUN-ONE >
<JUDGEMENT-ONE >Dette kortet viser at dette vil være en god periode for din økonomi. Hvis det var noen monetære dommene som blir vedtatt så er det svært sannsynlig at de vil være i din favør. Det vil være økonomiske gevinster i form av utbytte og tilbakebetaling av gjeld og din økonomiske situasjon vil snart bli bedre. </JUDGEMENT-ONE >
<THE-WORLD-ONE >Dette kortet tyder på at du kommer til å motta penger fra de mest uventede kildene. Det kan være en postanvisning snart å banke på døren, eller du kan høste fordelene av hardt arbeid i form av en bonus. Det vil være pengene som strømmer inn fra ulike kilder i små mengder. </THE-WORLD-ONE >
<THE-FOOL-ONE >Dette kortet viser at hvis det var noen penger sittende fast på et sted, og de vil snart bli mottatt. I denne perioden kan du, sammen med din familie eller kjære, åpne en ny bedrift eller bestemme dere for å gjøre en stor investering. Dette vil være en avgjørende beslutning av livet ditt slik det er foreslått at du veier fordelene og ulempene før du tar et skritt foran.</THE-FOOL-ONE >
    </ROOT>
