<?xml version="1.0" encoding="utf-8" ?>
<ROOT>
<ACE-OF-CUPS-ONE >Карта указывает на ваше желание уделять внимание эмоциональной стороне жизни. Настало время довериться своему сердцу, интуиции, делать то, что вам подсознательно кажется правильным. Возможно, вы почувствуете зарождающийся союз любви и сострадания. Ваша любовная жизнь наполнится светом. </ACE-OF-CUPS-ONE >
<TWO-OF-CUPS-ONE >Карта, в первую очередь, символизирует связь, мир, любовь. Она указывает на новых партнёров в личной жизни или на работе, новых друзей. Сейчас настало время единения. Если в отношениях произошёл конфликт, время разрешить его и помириться. Забудьте и простите. Знакомьтесь с новыми людьми и идите вперёд с оптимизмом. </TWO-OF-CUPS-ONE >
<THREE-OF-CUPS-ONE >Карта указывает на возродившийся энтузиазм к жизни. Вы будете находить наслаждение и вдохновение даже в мелочах. Вы станете больше общаться с друзьями и больше доверять им. Вы познакомитесь с новыми людьми и проникнетесь духом товарищества. Возможно, вас ждёт работа в группе, где вас и ваших коллег будет объединять общая цель. </THREE-OF-CUPS-ONE >
<FOUR-OF-CUPS-ONE >Карта символизирует период размышлений, когда нужно устремить взгляд внутрь себя, обратить особое внимание на свои мысли. Возможно, вы окажетесь в какой-то неприятной ситуации. Иногда вы будете ощущать апатию. Вам нужно открыться новым возможностям, чтобы найти свой путь. Постарайтесь быть менее эгоистичными, прислушивайтесь к мнению других, это поможет вам найти выход из ситуации. </FOUR-OF-CUPS-ONE >
<FIVE-OF-CUPS-ONE >Карта символизирует потерю надежды, разочарование и уныние, связанные с прошлым. Вы можете чувствовать своё поражение из-за произошедших событий. Возможно, вы жалеете о принятых в прошлом решениях и хотели бы повернуть время вспять, чтобы изменить их. Вы признаёте свои ошибки, но не задумываетесь о том, что осталось с вами. Вам следует отпустить прошлое, увидеть хорошее в настоящем и работать на своё будущее. </FIVE-OF-CUPS-ONE >
<SIX-OF-CUPS-ONE >Карта означает добросердечный, невинный взгляд на жизнь. Вы рады приносить в этот мир радость. Вы чувствуете себя благословлёнными, вам нравится помогать другим. Вы можете начать обращать внимание на разные приятные мелочи и находить в них наслаждение и вдохновение. Возможно, вы тоскуете по своему детству. В будущем вас может ждать божественная любовь. </SIX-OF-CUPS-ONE >
<SEVEN-OF-CUPS-ONE >Значение этой карты – иллюзии и мечты. Возможно, вы витаете в облаках и не фокусируетесь на реальной жизни. Сейчас наступил тот период, когда вы можете сделать свой выбор. Может быть, вы пренебрежительно относитесь к своему здоровью, переедаете, злоупотребляете алкоголем. Ваши главные враги – лень и привычка откладывать важные дела на потом. </SEVEN-OF-CUPS-ONE >
<EIGHT-OF-CUPS-ONE >Карта указывает на то, что вы делаете шаги к познанию смысла жизни. Вы хотите выпутаться из проблем, избавиться от безнадёжных ситуаций. Вы, скорее, ищете настоящее счастье, а не гонитесь за богатством и успехом. Вы стремитесь к внутреннему комфорту и радости, стараетесь не оборачиваться на прошлое. Возможно, вы посвящаете больше времени своему духовному развитию. </EIGHT-OF-CUPS-ONE >
<NINE-OF-CUPS-ONE >Карта символизирует исполнение желаний. Вы заработаете и получите всё то, чего вы по-настоящему хотите и заслуживаете. Вы почувствуете большее удовлетворение от жизни, ведь удача и успех будут на вашей стороне. Могут исполниться ваши заветные желания, возможно, вы добьётесь наконец тех целей, к которым вы так долго стремились. Вы будете открыты экспериментам, по достоинству оцените роскошь. Наслаждайтесь этим временем столько, сколько это будет возможно. </NINE-OF-CUPS-ONE >
<TEN-OF-CUPS-ONE >Карта отражает период, когда в вашей жизни воцарится мир и наступит счастье, которое вы ощутите вокруг себя. Вы в замечательном самочувствии. Вы можете почувствовать, что стресс и напряжение уходят, жизнь становится спокойнее и гармоничнее. Вы сосредоточитесь на любви и дружбе, и преуспеете на обоих фронтах. Вы останетесь преданными своей семье, с радостью участвуя в семейных торжествах и встречах. </TEN-OF-CUPS-ONE >
<PAGE-OF-CUPS-ONE >Эта карта соотносится с эмоциональной стороной вашей жизни. Вы думаете не головой, а сердцем. Вы сентиментальны, вас могут трогать до глубины души разные мелочи. Ваш взгляд обращён внутрь себя, вы доверяете своей интуиции. Это прекрасное время для романтичных отношений, в которых вы будете эмоционально близки с вашим партнёром. Вам нужно ближе общаться со своими друзьями. Также это благоприятный период для восстановления разрушенных отношений. </PAGE-OF-CUPS-ONE >
<KNIGHT-OF-CUPS-ONE >Карта символизирует замечательные эмоции и даже намекает на их переизбыток. Иногда вы можете быть сентиментальными и перегибать палку, выражая свою любовь. Вы чувствительны, иногда вас слишком легко обидеть. Вы любезны и умны. Ваши мечты масштабны, но вы слишком быстро сдаётесь и разочаровываетесь. </KNIGHT-OF-CUPS-ONE >
<QUEEN-OF-CUPS-ONE >Эта карта символизирует чувствительность и зрелость в управлении эмоциями. Вы внимательно и обдуманно подходите к любой ситуации. Вы склонны уделять внимание своей духовной стороне, понимать и ценить смысл жизни. Вы терпеливы. Вы сопереживаете другим, с добротой и нежностью относитесь к слабым. Вы всё понимаете, не задавая вопросов. </QUEEN-OF-CUPS-ONE >
<KING-OF-CUPS-ONE >Карта символизирует мудрость и толерантность. Вы глубоко понимаете человеческую натуру. Вы можете быть хорошим учителем. В трудной ситуации вы можете сохранить холодный ум, помочь в напряжённый момент. Вы точно знаете, что и когда сказать. Вы чувствуете сострадание к менее привилегированным. Вы человек, обладающий широким кругозором, терпимостью, дипломатичностью. Ваш козырь – ваши лидерские качества. </KING-OF-CUPS-ONE >
<ACE-OF-PENTACLES-ONE >Карта советует вам направить ваш умственный потенциал на достижение целей. Вы увидите, как ваши усилия воплощаются в результатах, к которым вы так стремились. Так вы добьётесь карьерного роста, ваше мышление станет позитивным. Вы должны действовать практично и быть реалистом. Вам полезно жить с верой и доверием к людям. </ACE-OF-PENTACLES-ONE >
<TWO-OF-PENTACLES-ONE >Карта говорит о том, что вы умеете приспосабливаться к жизненным обстоятельствам. Вы тщательно создаёте баланс между разными сторонами своей жизни, двигаясь вперёд уверенными и стремительными шагами. Вы будете открыты новым возможностям и идеям и в личной жизни, и на работе. Вы обрадуетесь изменениям, происходящим в жизни. Вам всё удаётся играючи. </TWO-OF-PENTACLES-ONE >
<THREE-OF-PENTACLES-ONE >Вы умеете играть в команде – вот что сообщает эта карта. Вы сможете координировать вопросы, за которые берётесь, и находить мотивацию для их выполнения. У вас сильные организаторские способности. Вы достигнете совершенства в работе и добьётесь своих целей. Вы докажете свои способности всем, кто в них сомневался. </THREE-OF-PENTACLES-ONE >
<FOUR-OF-PENTACLES-ONE >Карта указывает на чувство собственности и сопротивление изменениям. Возможно, вы склонны копить и делать запасы, не делясь с другими. Вами правит жадность. Вы можете пытаться контролировать происходящее вокруг вас, требуя, чтобы всё было по-вашему. Может быть, вы хотите, чтобы всё оставалось неизменным, нетронутым, создавая таким образом застой в разных сферах своей жизни. </FOUR-OF-PENTACLES-ONE >
<FIVE-OF-PENTACLES-ONE >Карта указывает на эмоционально и физически тяжёлый период. Вы можете столкнуться с финансовыми проблемами или сложными ситуациями на работе. Возможно, вы чувствуете, что вам не хватает навыков для того, чтобы двигаться вперёд. Может быть, в этот период вы ощутите нехватку поддержки и одиночество. Могут возникнуть проблемы со здоровьем. </FIVE-OF-PENTACLES-ONE >
<SIX-OF-PENTACLES-ONE >Карта говорит о богатстве, силе, власти, уме. Или они у вас есть, или их нет. Вы либо их даёте, ибо получаете. Такое положение вещей встречается во всех сферах жизни, вы либо по одну сторону баррикад, либо по другую. В любом случае, вы должны понимать и анализировать ваше будущее и работать на него. </SIX-OF-PENTACLES-ONE >
<SEVEN-OF-PENTACLES-ONE >Карта означает желание оценивать и анализировать текущую жизненную ситуацию. Возможно, вам захочется сделать перерыв, просто чтобы проанализировать сделанное и убедиться, что вы на правильном пути. Велик шанс, что ваши усилия наконец увенчаются успехом и вы достигнете желаемых целей. Возможно, вы задумаетесь о переезде или смене работы. </SEVEN-OF-PENTACLES-ONE >
<EIGHT-OF-PENTACLES-ONE >Карта указывает на вашу целеустремленность и внимание к деталям. Вас могу привлечь к выполнению определённой задачи, и вы всей душой отдадитесь работе. Такое отношение поможет вам приобрести необходимый опыт и знания в той области, на которой вы специализируетесь. Вы будете очень внимательны, стараясь убедиться, что всё до последней детали вы делаете правильно. </EIGHT-OF-PENTACLES-ONE >
<NINE-OF-PENTACLES-ONE >Карта говорит о вашей дисциплинированности и жажде улучшений. Вы стремитесь решить проблемы и организовать свою жизнь. Доверьтесь своим способностям и совершенствуйтесь, используя свой потенциал. Вы стремитесь к совершенству и наслаждению жизнью. Вам необходима роскошь. </NINE-OF-PENTACLES-ONE >
<TEN-OF-PENTACLES-ONE >Карта сулит вам богатства и изобилие. Возможно, вас ждёт феерический успех в бизнесе, ваши начинания завершаются ошеломительным триумфом. Может быть, вы найдёте очень щедро оплачиваемую работу. В любом случае, вам гарантирована финансовая безопасность. Вы можете наметить для себя план, как обеспечить себя и семью на долгие годы. Во всех этих делах вы будете пользоваться только проверенными методами и играть по правилам. </TEN-OF-PENTACLES-ONE >
<PAGE-OF-PENTACLES-ONE >Карта советует вам быть практичными и работать на то, чтобы ваши мечты сбылись. Вам нужно будет работать с тем, что вы имеете, используя свои физические и умственные возможности. Вам нужно перестать лениться и витать в облаках. Вы должны нести ответственность за свои поступки, быть человеком, которому можно доверять. Вам самим тоже нужно верить людям, с которыми вы работаете. </PAGE-OF-PENTACLES-ONE >
<KNIGHT-OF-PENTACLES-ONE >Карта говорит о вашем чрезмерном стремлении к жизненным благам. Когда вы решаете преследовать цель, вы становитесь упрямыми, никого не желаете слушать, не отказываетесь от своего идеала даже в безвыходной ситуации. Вы консервативны, боитесь рисковать, поэтому иногда упускаете отличные возможности. Ваше стремление к правильности временами граничит с одержимостью. Ваша практичность превращает вас в пессимиста. Вы так много работаете, что не замечаете красоты мира, окружающего вас. </KNIGHT-OF-PENTACLES-ONE >
<QUEEN-OF-PENTACLES-ONE >Эта карта говорит о вашей прагматичной и щедрой натуре, способной вдохновлять других. Вы заботитесь о других людях и любите их совершенно бескорыстно. У вас доброе сердце, исполненное альтруизма и желающее дарить окружающим радость и счастье. Вы отличаетесь верностью и преданностью. Вы не склонны к транжирству, довольствуетесь малым. Другим комфортно с вами благодаря вашей непритязательности. </QUEEN-OF-PENTACLES-ONE >
<KING-OF-PENTACLES-ONE >Карта указывает на ваши значительные способности на разных поприщах. Ваша предпринимательская жилка удовлетворит ваши финансовые и мыслительные потребности. Вас видят как надёжного человека, на которого можно опереться даже в трудную минуту. Ваша приспособляемость выручает вас в любой ситуации. Вы всегда можете подбодрить окружающих. Вы спокойны, пунктуальны и трудолюбивы. </KING-OF-PENTACLES-ONE >
<ACE-OF-SWORDS-ONE >Карта указывает, что вас ждёт просвещение, вы разрешите любые проблемы на своём пути. Острый ум и рассудительность помогут вам разобраться в своей жизни. Сила интеллекта поможет вам медленно, но верно выпутаться из любой ситуации, обойти любые препятствия. Вы склонны бороться за справедливость по отношению к кому-то или чему-то, выступая за правду и честность. </ACE-OF-SWORDS-ONE >
<TWO-OF-SWORDS-ONE >Карта указывает на подавление истинных чувств и эмоций. Возможно, вы скрываете свой стресс под маской спокойствия. Может наступить время, когда вы окажетесь в тупиковой ситуации и вынуждены будете действовать, принимать решения. Вы можете отказаться принимать во внимание факты и правду. Ситуация останется прежней из-за вашего бездействия. </TWO-OF-SWORDS-ONE >
<THREE-OF-SWORDS-ONE >Карта указывает, что сейчас у вас тяжёлый в эмоциональном плане период. Возможно, кого-то обидели вы или же, наоборот, кто-то обидел вас. Вас ждут плохие новости. Вероятно, вы почувствуете себя отверженными, никого не будет рядом с вами в тот момент, когда вы больше всего нуждаетесь в поддержке. Это время одиночества. Вы можете узнать о близких какие-то тайны, и они не дадут вам больше покоя. Может быть, вы испытаете предательство близкого человека. </THREE-OF-SWORDS-ONE >
<FOUR-OF-SWORDS-ONE >Карта советует вам принимать жизнь такой, какая она есть, и не перенапрягаться по пустякам. Вам следует сделать перерыв, уйти от рутины в мирную и тихую обстановку. Вашему организму требуется отдых. В это время вам нужно подумать о своём положении в жизни, о том, чего вы хотите достичь, проанализировать сделанное. Вы должны подготовиться к будущему, защитив ваши сегодняшние позиции. </FOUR-OF-SWORDS-ONE >
<FIVE-OF-SWORDS-ONE >Карта отражает эгоистичную позицию, дисгармонию в отношениях с другими. Прежде чем за что-то взяться, вы думаете лишь о свих собственных интересах. Возможно, вам трудно принять мнения и взгляды других людей. В ваших отношениях с другими может быть ваш злой умысел, может быть, вы добьётесь успеха нечестными методами. </FIVE-OF-SWORDS-ONE >
<SIX-OF-SWORDS-ONE >Карта символизирует взлёты и падения в жизни. Может быть, сейчас вы чувствуете апатию и депрессию. Возможны проблемы со здоровьем. Вам требуется время для себя, чтобы разобраться со сложными в эмоциональном плане ситуациями в вашей жизни. Вы взглянете на мир, окрылённые новыми надеждами и обретшие позитивное мышление. Может быть, вы начнёте путешествовать в поисках приключений и перемен. </SIX-OF-SWORDS-ONE >
<SEVEN-OF-SWORDS-ONE >Карта говорит о вашей склонности избегать выполнения своих обязанностей, долга. Вы скрываете правду, чтобы не поплатиться за свои деяния. Вы склонны к замкнутости, любите одиночество, держитесь на расстоянии от общества. В этот период изоляции вы можете научиться вводить людей в заблуждение, иногда пользуясь этим новым умением. </SEVEN-OF-SWORDS-ONE >
<EIGHT-OF-SWORDS-ONE >Карта указывает, что впереди трудный и тёмный путь. Возможно, вы чувствуете себя скованными обстоятельствами, считаете, что вам тяжело найти свой путь в жизни. Вы постоянно сомневаетесь в том, какой шаг предпринять далее в той или иной ситуации. Вам тяжело сосредоточиться на движении вперёд, и вы ищете поддержки и помощи извне. Вы можете чувствовать, что вы ничего не в силах контролировать и всё, что вы можете делать, – быть лишь наблюдателем, оставаясь в стороне. </EIGHT-OF-SWORDS-ONE >
<NINE-OF-SWORDS-ONE >Карта указывает на нервный и напряжённый период. Вас мучает чувство вины за какой-то поступок, который вы совершили в прошлом, и вам трудно простить его себе. Возможно, вам хочется повернуть время вспять, чтобы всё исправить. В этот период вы можете потерять веру в себя, погрузиться в депрессию, почувствовать, что вы эмоционально сломлены. </NINE-OF-SWORDS-ONE >
<TEN-OF-SWORDS-ONE >Карта указывает на нервный и напряжённый период. Вас мучает чувство вины за какой-то поступок, который вы совершили в прошлом, и вам трудно простить его себе. Возможно, вам хочется повернуть время вспять, чтобы всё исправить. В этот период вы можете потерять веру в себя, погрузиться в депрессию, почувствовать, что вы эмоционально сломлены. </TEN-OF-SWORDS-ONE >
<PAGE-OF-SWORDS-ONE >Карта советует вам собраться с силами и решить проблемы, которые могут сильно побеспокоить вас в будущем. Вам нужно подумать логически над имеющимися вопросами и создать план, как их разрешить. Вы будете честными и не будете ничего скрывать. Вы можете отделить зерна от плевел, осознаёте груз ответственности. Будьте храбрыми, смело смотрите в лицо трудностям. </PAGE-OF-SWORDS-ONE >
<KNIGHT-OF-SWORDS-ONE >Карта означает уверенность в себе с налётом порывистости. Ваши честность и откровенность могут быть восприняты другими как грубость. Вас можно описать как человека, который может сказать что угодно, совершенно не задумываясь. Вы можете быть хорошим лидером, но есть шанс перейти грань и начать доминировать над другими. У вас замечательное чувство юмора, сарказм – ваш конёк. Ваши глубокие познания будут оценены по достоинству, если вы не будете столь высокомерны. </KNIGHT-OF-SWORDS-ONE >
<QUEEN-OF-SWORDS-ONE >Карта отражает вашу честность и прямолинейность. Вы предпочитаете действовать открыто. Вы трезво воспринимаете ситуации и людей, попадая точно в цель. Вы всегда стараетесь действовать рассудительно. У вас прекрасное чувство юмора, но вы никогда никого не высмеиваете. Ваш огромный опыт даёт вам силы, чтобы двигаться дальше. </QUEEN-OF-SWORDS-ONE >
<KING-OF-SWORDS-ONE >Карта указывает на вашу вдумчивую и высоконравственную натуру. Вы склонны анализировать жизненные ситуации логически, ко всему подходите рассудительно. У вас прекрасные ораторские способности, которые помогают вам делиться идеями и взглядами с другими. Вы отличаетесь широким восприятием, зрелым пониманием разных аспектов того или иного вопроса. Вы честны и справедливы в любых вопросах. </KING-OF-SWORDS-ONE >
<ACE-OF-WANDS-ONE >Эта карта символизирует успех. Вы обладаете богатым воображением и нестандартным мышлением. Ваши энтузиазм и уверенность в себе вдохновляют других. В любом деле вы выкладываетесь на все сто. Когда вы сталкиваетесь с какой-то проблемой ил вызовом в жизни, вы храбро сражаетесь с трудностями, не теряя веру в себя, необходимую вам для победы. </ACE-OF-WANDS-ONE >
<TWO-OF-WANDS-ONE >Эта карта говорит о смелости и бесстрашии. Если вы ждали и не решались взять инициативу, взяться за какую-то задачу, отправиться в путешествие, то сейчас самое время сделать этот шаг. У вас есть сила, власть, влияние, чтобы добиться ваших целей. Так что всё, что вам требуется для победы, – это решительность и отвага. Настало время посмотреть страху в глаза. Вам нужно будет применить инновационный метод, чтобы достичь своих целей. Просто создайте свой собственный путь. </TWO-OF-WANDS-ONE >
<THREE-OF-WANDS-ONE >Карта указывает на нетерпение и жажду новых открытий, связанные с вашей натурой, стремящейся к невероятным приключениям. Ваша прозорливость будет помогать вам. Вам подойдёт роль лидера, вы сплотите команду и устремитесь к вашей цели и миссии. Вы можете достичь успеха в торговле и коммерции. </THREE-OF-WANDS-ONE >
<FOUR-OF-WANDS-ONE >Ваша натура стремится к невероятным приключениям. Ваша прозорливость будет помогать вам. Вам подойдёт роль лидера, вы сплотите команду и устремитесь к вашей цели и миссии. Вы можете достичь успеха в торговле и коммерции. </FOUR-OF-WANDS-ONE >
<FIVE-OF-WANDS-ONE >Карта предупреждает, что вас ждут небольшие проблемы. Вам может казаться, что другие настроены против вас, и такое убеждение приведёт к спорам и скандалам. У вас есть конкуренты, и вы можете чувствовать, что вам бросают вызов к битве. Вам предстоит пережить трудности и провалы. Вам требуется запастись терпением и сохранять хладнокровие, чтобы с достоинством выйти из этой ситуации. </FIVE-OF-WANDS-ONE >
<SIX-OF-WANDS-ONE >Карта символизирует победу, признание и гордость. Вероятно, вам удастся с блеском достичь своих целей. Ваши заслуги оценят по достоинству, что придаст вам уверенности и сил. Итак, вы будете наслаждаться своей победой, но есть риск, что вы станете несколько заносчивыми. Возможно, вы всегда будете думать в первую очередь о себе, что создаст впечатление о вас как о высокомерном человеке. </SIX-OF-WANDS-ONE >
<SEVEN-OF-WANDS-ONE >Карта указывает на старания защитить свои позиции и то, во что вы верите. Вы склонны к агрессии и неповиновению. Обычно это помогает вам, но иногда вы сами себя накручиваете. Вы склонны упрямо и настойчиво отстаивать свою точку зрения. Ваша искренняя вера в свои способности поможет вам в стрессовые периоды. </SEVEN-OF-WANDS-ONE >
<EIGHT-OF-WANDS-ONE >Карта указывает на то, что настало время перемен. Пришло время, которого вы так долго ждали. Время действовать и доказать на деле свои способности тем или иным путём. Могут быть завершены какие-то незаконченные дела. Скоро вы узнаёте какую-то информацию или новость, которая была вам нужна. Возможно, вам придётся завершить что-то, но это положит начало чему-то новому. </EIGHT-OF-WANDS-ONE >
<NINE-OF-WANDS-ONE >Карта указывает на предосторожность и твёрдые намерения. Памятуя свой опыт и те невзгоды, которые вы пережили, вы становитесь сверхосторожными и всегда готовитесь к худшему. Вы защищаете себя и близких. Вы противостоите всем напастям и продолжаете всей душой сражаться за свои цели. Ваша воля и физическая сила помогут вам на пути к триумфу. </NINE-OF-WANDS-ONE >
<TEN-OF-WANDS-ONE >Карта указывает на возрастающее чувство груза – эмоционального или умственного. Возможно, вы перенапрягаетесь на работе или же вы заняты одновременно несколькими вещами, причём в большинстве ваших дел вы заведены в тупик. Вероятно, у вас есть долги. Может быть, вам трудно говорить «нет» другим. Вы ничего не получаете за свои заслуги, но во всём остаётесь виноватыми. Вам приходится усердно сражаться за каждую важную для вас мелочь. </TEN-OF-WANDS-ONE >
<PAGE-OF-WANDS-ONE >Карта означает, что перед вами открыты новые возможности, которые позволят вам применить свою настоящую силу и энергию, о которых вы, возможно, даже не подозреваете. Настало время открыть жизнь для себя заново, смело и творчески. Вам нужно быть оптимистичнее в своих стараниях. Будьте преданы своему делу, чем бы вы ни занимались. Верьте в свои способности и сосредоточьтесь на том, чтобы сделать всё, что вы можете. Будьте авантюристом и рискуйте. Настало время быть решительными. </PAGE-OF-WANDS-ONE >
<KNIGHT-OF-WANDS-ONE >Эта карта отражает хороший набор сильных качеств, который, однако, дополнен несколькими отрицательными. Обычно вы очаровательны и уверенны в себе, но иногда вас воспринимают как человека высокомерного. Вы отважны, но иногда ваша отвага превращается в безрассудство. В погоне за приключениями вам не найти покоя. Вы страстны и в то же время очень вспыльчивы. </KNIGHT-OF-WANDS-ONE >
<QUEEN-OF-WANDS-ONE >Это одна из самых положительных карт. Она отражает подъём энергии, улучшение настроения и счастье. Вы сможете справиться со всеми задачами благодаря своей преданности делу и ответственности. Вы можете быть хорошим другом, легко заводите новые знакомства. Ближайший период будет для вас мирным и благоприятным. Ваши спокойность и хладнокровие помогут вам преодолеть любые препятствия. </QUEEN-OF-WANDS-ONE >
<KING-OF-WANDS-ONE >Карта символизирует творческое мышление и нестандартный подход. Будьте открыты новым возможностям. В ближайшем будущем вас ждёт некий новый опыт. Вы отлично умеете общаться с людьми, заводить новых друзей и вдохновлять окружающих. Более того, вы склонны доминировать и управлять другими, но делаете вы это уважительно. Вы наслаждаетесь прикованным к вам вниманием и привлекаете противоположный пол. </KING-OF-WANDS-ONE >
<THE-FOOL-ONE >Карта символизирует начало. Вы почувствуете, что вы начинаете что-то новое с новыми мыслями. Это может касаться карьеры, личной жизни, отношений с любимым человеком. Впереди вас ждут спонтанность и счастье. Преодоление препятствий подарит вам бесценный опыт. Нужно избавиться от старого и взяться за новое, чтобы ворваться в неизведанный мир, который вы собираетесь открыть для себя. </THE-FOOL-ONE >
<THE-MAGICIAN-ONE >Ваша сила воли укрепилась. Люди прислушиваются к вам и серьёзно относятся ко всему, что вы говорите. Вы обладаете даром убеждения. В этот период вы проявите ваши лидерские способности в полной мере. Вам придут в голову потрясающие идеи, и только вам решать, как ими распорядиться. Кроме того, вам могут открыться чьи-то тайны. </THE-MAGICIAN-ONE >
<THE-HIGH-PRIESTESS-ONE >Настало время довериться своим инстинктам и следовать своим мечтам. Возможно, кто-то даст вам важный и полезный совет. Может быть, вы будете в поисках чего-то неизвестного, а может, есть что-то, скрытое от вас. Вам нужно быть внимательными, пока не откроется какая-то тайна, так как это может оказать очень сильное влияние на вас. </THE-HIGH-PRIESTESS-ONE >
<THE-EMPRESS-ONE >Вы находитесь в глубоких размышлениях о чём-то, беспокоитесь о росте карьеры или начале отношений, бизнеса. Вы или ваш партнёр словно стоите на страже и можете даже прибегнуть к аморальным методам, лишь бы добиться своих целей. Необходимо немного терпения и стараний, чтобы достичь стабильности в нынешней ситуации. </THE-EMPRESS-ONE >
<THE-EMPEROR-ONE >Победа и почести не за горами. Возможно, на вас оказывает влияние мужчина-покровитель, будь то отец, брат, возлюбленный или друг. Вы будете пользоваться авторитетом и контролировать всё, чем вы хотите заниматься. Вам обеспечена серьёзная поддержка. Однако вам нужно быть аккуратнее со своей легкомысленной и при этом слишком требовательной натурой, проявления которой могут ранить и задевать ваших подчинённых. </THE-EMPEROR-ONE >
<THE-HIEROPHANT-ONE >Не будьте слишком упрямы в своих мыслях, не привязывайтесь к старым убеждениям и традициям только потому, что им давно следуют. Возможно, вы подумываете о браке. Может быть, возникнут проблемы, связанные с юридическими формальностями. Могут возникнуть трудности, которые вы попытаетесь решить старыми методами. Вам нужно действовать хладнокровно и запастись терпением. </THE-HIEROPHANT-ONE >
<THE-LOVERS-ONE >Атмосфера полна любви. Вас ждёт приятный сюрприз в отношениях с вашим возлюбленным. Возможно, вам придётся выбирать, довериться ли сердцу или разуму. Скорее, вы рискнёте последовать зову своего сердца. Соблазны могут привести к неверности, которую следует избегать. Эмоциональные привязанности будут очень сильными. </THE-LOVERS-ONE >
<THE-CHARIOT-ONE >Вы в борьбе за достижение желаемого. Вас ждут перемены, путешествия. Вы можете столкнуться с трудностями на работе или в личной жизни. Кто-то может воспользоваться вами в эгоистичных целях. Необходим будет контроль, чтобы противостоять обстоятельствам и эмоциям, но в итоге победа будет одержана. </THE-CHARIOT-ONE >
<JUSTICE-ONE >Настало время найти баланс в своей жизни. Возможно, у вас есть хобби или какое-то занятие, которому вы уделяете больше времени, чем нужно. Вам следует это контролировать. В ближайшее время при заключении соглашений, а также в партнёрстве, вам следует быть беспристрастными. Если вы осознаёте, что что-то делаете неправильно, лучше исправьте это, пока оно не вернулось к вам злым бумерангом. </JUSTICE-ONE >
<THE-HERMIT-ONE >Возьмите перерыв и постарайтесь проанализировать происходящее. Вы можете быть нетерпеливыми по отношению к нынешней ситуации. Не принимайте поспешных решений, в ближайшее время лучше обратиться за советом к человеку, которому вы доверяете, прежде чем сделать важный шаг. Сделайте перерыв, чтобы найти в себе мир и гармонию, заняться самореализацией. </THE-HERMIT-ONE >
<WHEEL-OF-FORTUNE-ONE >Скоро наступит лучший период в вашей жизни. Вам улыбнётся удача, и вы получите плоды своей работы. Произойдут некоторые изменения, вы станете более зрелыми. Скорее всего, вы получите всё, чего ждали. Ваши проблемы разрешатся, и наступит счастье. Ваши мечты очень скоро осуществятся. </WHEEL-OF-FORTUNE-ONE >
<STRENGTH-ONE >Вы поймете, что скопили в себе силу и потенциал, чтобы справиться даже с худшими ситуациями и физически, и морально. Карта говорит, что это хорошее время, чтобы бросить дурную привычку, что не удавалось вам уже долгое время. Вы достигнете целей в отношениях, в карьере, в здоровье. Ваша сила воли и интеллект помогут вам преодолеть все жизненные испытания. </STRENGTH-ONE >
<THE-HANGED-MAN-ONE >Возможно, вам придётся пожертвовать чем-то или расстаться с кем-то, чтобы чего-то добиться. Могут быть проблемы со здоровьем, стресс, неудачи. Справиться с ними вам поможет мирный настрой и непоколебимость. Некая неблагоприятная ситуация может привести к ослаблению силы воли и эмоциональному срыву. Рекомендовано быть проницательнее и постараться прояснить ситуацию. </THE-HANGED-MAN-ONE >
<DEATH-ONE >Карта означает большие изменения в жизни, которые могут стать шокирующими. Как и предполагает название карты, она несёт значение смерти, но только объясняемой старостью или болезнью. Вы можете почувствовать грусть, пустоту, депрессию, но этот период поможет вам осознать, что для дальнейшего продвижения необходимы перемены. Соберитесь с силами, чтобы принять эти изменения и преодолеть это время спада. </DEATH-ONE >
<TEMPERANCE-ONE >Вас может запутать выбор и те варианты, которые вам предлагает жизнь. Вам придётся выбирать между противоположными опциями и вы будете пытаться найти баланс между ними, чтобы сохранить мир и комфорт. Вам нужно дать себе немного времени, чтобы найти лучшее решение. Вам необходимо всё взвесить, чтобы найти компромисс, сохранив равновесие. Вы обретёте путь к восстановлению гармонии. </TEMPERANCE-ONE >
<THE-DEVIL-ONE >Вы столкнётесь с соблазнами: похоть, жадность, пагубные пристрастия, гонор. Вам нужна будет власть, чтобы всё контролировать и создавать для себя комфорт. Недостаток самоконтроля может привести к опасным и сложным ситуациям. Что бы вы ни делали, стремление к крайностям, которые могут дать вам власть, может быть очень опасным. Вам нужно быть осторожными, так как эта карта предупреждает вас о том, что вы рискуете предпринять разрушительные шаги. </THE-DEVIL-ONE >
<THE-TOWER-ONE >В ближайшем будущем наступит самый проблемный в вашей жизни период. Вы можете столкнуться с неожиданными и неприятными переменами. Внезапно могут возникнуть факторы, которые приведут к страданиям, вы столкнётесь с одиночеством и изоляцией. Но эти перемены могу заставить вас увидеть новые жизненные пути, которые окажутся крайне плодотворными в будущем. Это время будет неприятным, но всё обернётся к лучшему, вы получите полезный опыт, который пригодится вам в будущем. </THE-TOWER-ONE >
<THE-STAR-ONE >Сейчас вы духовно настроены, стремитесь к миру и гармонии в вашей жизни. Это будет время исцеления и новых надежд в личной жизни и работе. Эта карта – хорошее предзнаменование для начала новых отношений или перехода существующих на новый уровень. Вас будут отличать богатые знания о многих вещах; это будет хороший период для творческих поисков. </THE-STAR-ONE >
<THE-MOON-ONE >Вы можете почувствовать, будто вы находитесь в воображаемом мире. Вы можете столкнуться с тёмными, глубоко скрытыми тайнами и последующим эмоциональным кризисом. Вы должны избегать употребления наркотиков и алкоголя, так как это может быть губительным для вашего здоровья. Вы можете ощутить, что словно застряли в сумасшедшем кочевом мире, где вам нужно будет следовать своей интуиции, чтобы выбрать лучший путь, желательно связанный с музыкой, искусством, танцем, театром и т.д. </THE-MOON-ONE >
<THE-SUN-ONE >Вы почувствуете себя очень энергичным, молодым, сознательно примете важные решения для достижения успеха. Эта карта символизирует свежесть, энтузиазм, означает, что всё постепенно станет очевидным. Возможно, вас ждут хорошие новости. В ближайшем будущем возможен отпуск, вы отлично проведёте время с родными и друзьями. В предстоящие дни вас ждут только мир и радость. </THE-SUN-ONE >
<JUDGEMENT-ONE >Карта означает возможности, которыми нельзя пренебрегать, ведь вы так долго их ждали. Новые перспективы изменят вашу жизнь к лучшему. Так как суд должен быть справедливым, возможно, вам придётся столкнуться с летящими к вам бумерангом грехами прошлого. Что бы вы сейчас ни делали, в этой ситуации вас ждёт счастливый конец. </JUDGEMENT-ONE >
<THE-WORLD-ONE >Это время, когда долгая битва подходит к концу и вы получаете награду за победу. Карта означает отдых после долгих усилий. Вы наконец получите те результаты, к которым вы давно стремились. Близкие люди по достоинству оценят плоды вашего долгого труда. Это период больших достижений, в который будут намечены новые начинания. </THE-WORLD-ONE >
    </ROOT>
