﻿<?xml version="1.0" encoding="utf-8" ?>
<ROOT>
<ACE-OF-CUPS-ONE>Esta carta indica que tudo parece estar em bom funcionamento agora, quando se trata de sua saúde. Você vai se sentir revigorado e com muita energia física e mental e dificilmente quaisquer doenças atingirem você nesse momento. Você também vai se mover mais para o lado da espiritualidade nesse momento. </ACE-OF-CUPS-ONE>
<ACE-OF-CUPS-PAST>Coisas relacionadas com a sua saúde podem estar se movendo de forma suave. Você vai se sentir revigorado e com muita energia física e mental e dificilmente quaisquer doenças atingirem você nesse momento. Você também vai se mover mais para o lado da espiritualidade nesse momento. </ACE-OF-CUPS-PAST>
<ACE-OF-CUPS-PRESENT>Tudo relacionado a sua saúde esta funcionando sem problemas e você vai se sentir revigorado e com muita energia física e mental e dificilmente quaisquer doenças atingirem você nesse momento. Você também vai se mover mais para o lado da espiritualidade nesse momento. </ACE-OF-CUPS-PRESENT>
<ACE-OF-CUPS-FUTURE>Coisas relacionadas a sua saúde pode funcionar sem problemas e você vai se sentir revigorado e com muita energia física e mental e dificilmente quaisquer doenças atingirem você nesse momento. Você também vai se mover mais para o lado da espiritualidade nesse momento. </ACE-OF-CUPS-FUTURE>
<TWO-OF-CUPS-ONE>Esta carta mostra que algumas coisas referentes a saúde estão te perturbado, você se esforça para manter o ritmo e o seu bem-estar, mas um ente querido vai lhe causar preocupação sérias e algumas visitas a um hospital. </TWO-OF-CUPS-ONE>
<TWO-OF-CUPS-PAST>Algumas coisas referentes a saúde estão te perturbado, você se esforça para manter o ritmo e o seu bem-estar, mas um ente querido vai lhe causar preocupação sérias e algumas visitas a um hospital. </TWO-OF-CUPS-PAST>
<TWO-OF-CUPS-PRESENT>Sua saúde pode ser abalada e você pode precisar lutar para manter o ritmo e o bem-estar por causa de um ente querido. Isso pode causar preocupação séria e visitas frequentes ao hospital. </TWO-OF-CUPS-PRESENT>
<TWO-OF-CUPS-FUTURE>Sua saúde pode mostrar causas de perturbação e você pode ter que lutar para manter o ritmo com o bem-estar de um ente querido. VOcê poderá ter sérias preocupações e fazer visitas constantes a hospital. </TWO-OF-CUPS-FUTURE>
<THREE-OF-CUPS-ONE>Este carta indica que você quer tirar um tempo para se dedicar as suas próprias vontades. Isto irá causar alguns problemas sérios de saúde que terão de ser abordados em breve. Se você não tomar as medidas necessárias, você pode ter que fazer uma visita a um hospital ou uma clínica de reabilitação. </THREE-OF-CUPS-ONE>
<THREE-OF-CUPS-PAST>Você quer tirar um tempo para se dedicar as suas próprias vontades. Isso pode abrir caminhos para graves problemas de saúde que precisavam ser reparados rapidamente. Se você não tomar as medidas necessárias, você pode ter que fazer uma visita a um hospital ou uma clínica de reabilitação. </THREE-OF-CUPS-PAST>
<THREE-OF-CUPS-PRESENT>Você quer tirar um tempo para se dedicar as suas próprias vontades. Isso pode abrir caminhos para graves problemas de saúde que precisavam ser reparados rapidamente. Tome medidas para evitar uma viajem repentina a um hospital ou clínica de reabilitação. </THREE-OF-CUPS-PRESENT>
<THREE-OF-CUPS-FUTURE>É provável tire um tempo para se dedicar as suas próprias vontades. Isso pode contribuir para o surgimento de problemas graves de saúde que podem exigir atenção rápida. Você pode ter que tomar medidas para evitar viagens a um hospital ou clínica de reabilitação. </THREE-OF-CUPS-FUTURE>
<FOUR-OF-CUPS-ONE>Você está muito estressado e isso pode fazer com que seu corpo sofra algumas avarias. Você precisa de uma pausa, apesar de seus compromissos profissionais, uma vez que é necessário um descanso agora. Isso pode frustrá-lo um pouco, mas eventualmente você vai se recuperar e estará mais disposto para novas oportunidades que irão surgir em sua vida. </FOUR-OF-CUPS-ONE>
<FOUR-OF-CUPS-PAST>Muito estresse pode ter causado problemas relacionados ao seu corpo. Você precisa de uma pausa, apesar de seus compromissos profissionais. Embora isso possa te frustrar, eventualmente você vai se recuperar e estará mais disposto para novas oportunidades que irão surgir em sua vida. </FOUR-OF-CUPS-PAST>
<FOUR-OF-CUPS-PRESENT>Você está muito estressado e isso pode fazer com que seu corpo sofra algumas avarias. Você precisa de uma pausa, apesar de seus compromissos profissionais. Embora isso possa te frustrar, eventualmente você vai se recuperar e estará mais disposto para novas oportunidades que irão surgir em sua vida. </FOUR-OF-CUPS-PRESENT>
<FOUR-OF-CUPS-FUTURE>Você está muito estressado e isso pode fazer com que seu corpo sofra algumas avarias. Você precisa de uma pausa, apesar de seus compromissos profissionais. Embora isso possa te frustrar, eventualmente você vai se recuperar e estará mais disposto para novas oportunidades que irão surgir em sua vida. </FOUR-OF-CUPS-FUTURE>
<FIVE-OF-CUPS-ONE>Este carta mostra que o excesso de viagens ou pressão no trabalho vão te afetar e você vai se sentir exausto e extremamente cansado. Isso também pode afetar sua saúde e lhe causar problemas sérios. Você terá que escolher as suas prioridades. </FIVE-OF-CUPS-ONE>
<FIVE-OF-CUPS-PAST>Muitas viagens e uma pressão cada vez maior no trabalho podem estar lhe afetando, você esta se sentindo cansado. Isso pode estar afetando sua saúde. É vital para você ter mais atenção às questões relacionadas ao seu estômago. </FIVE-OF-CUPS-PAST>
<FIVE-OF-CUPS-PRESENT>Muitas viagens e uma pressão cada vez maior no trabalho podem estar lhe afetando, o deixando exausto. Isso pode estar afetando sua saúde no longo prazo. Você tem que prestar mais atenção às questões relacionadas ao seu estômago. </FIVE-OF-CUPS-PRESENT>
<FIVE-OF-CUPS-FUTURE>Muitas viagens e uma pressão cada vez maior no trabalho estão o deixando cansado. Isso pode estar afetando sua saúde. Você tem que colocar como prioridade os problemas relacionados ao seu estômago. </FIVE-OF-CUPS-FUTURE>
<SIX-OF-CUPS-ONE>Esta carta indica que você não está se sentindo muito bem, e essa inquietação esta afetando o seu corpo fisicamente e mentalmente. Mas você vai manter-se focado para concluir determinadas tarefas e, em seguida, irá fazer uma pausa para descansar seu corpo e mente. </SIX-OF-CUPS-ONE>
<SIX-OF-CUPS-PAST>Você não está se sentindo muito bem, e essa inquietação esta afetando o seu corpo fisicamente e mentalmente. Você irá se manter focado para concluir algumas tarefas e, posteriormente, irá fazer uma pausa para ajudar o seu corpo a se recuperar. </SIX-OF-CUPS-PAST>
<SIX-OF-CUPS-PRESENT>Você não está se sentindo muito bem, e essa inquietação esta afetando o seu corpo fisicamente e mentalmente. Você irá manter o foco para concluir algumas tarefas e depois, irá fazer uma pausa para ajudar o seu corpo a se recuperar. </SIX-OF-CUPS-PRESENT>
<SIX-OF-CUPS-FUTURE>Você não está se sentindo muito bem, e essa inquietação esta afetando o seu corpo fisicamente e mentalmente. Você irá manter o foco para concluir algumas tarefas que estão pendentes e depois, irá fazer uma pausa para ajudar o seu corpo a se recuperar. </SIX-OF-CUPS-FUTURE>
<SEVEN-OF-CUPS-ONE>Este carta mostra que seu corpo está mostrando sintomas de doença exigindo algum relaxamento. Algumas doenças podem lhe afetar, e você terá de lidar com elas. Pode haver algumas questões relacionadas à suas pernas ou olhos e você tem que tirar um tempo para descansar. </SEVEN-OF-CUPS-ONE>
<SEVEN-OF-CUPS-PAST>Seu corpo pode estar mostrado sintomas de uma doença que torna necessário algum descanso. Algumas doenças podem lhe afetar, e você terá de lidar com elas. Pode haver algumas questões relacionadas à suas pernas ou olhos e você tem que tirar um tempo para descansar. </SEVEN-OF-CUPS-PAST>
<SEVEN-OF-CUPS-PRESENT>Seu corpo pode estar mostrado sintomas de uma doença que torna necessário algum descanso. Algumas doenças podem lhe afetar, e você terá de lidar com elas. Pode haver algumas questões relacionadas à suas pernas ou olhos e você tem que tirar um tempo para descansar. </SEVEN-OF-CUPS-PRESENT>
<SEVEN-OF-CUPS-FUTURE>Seu corpo pode estar mostrado sintomas de uma doença que torna necessário algum descanso. Você tem grandes chances de sofrer com algumas doenças nesse período, e você terá de enfrenta-las. . Pode haver algumas questões relacionadas à suas pernas ou olhos e você tem que tirar um tempo para descansar. </SEVEN-OF-CUPS-FUTURE>
<EIGHT-OF-CUPS-ONE>Este carta indica que o tempo vai ser um pouco áspero com seus olhos e cabelo e um período de medicação será necessário. Isso irá dificultar suas tarefas diárias o que pode frustrá-lo, mas não haverá nada de importante para se preocupar e a cura vai começar em breve. Seus entes queridos vão cuidar de você enquanto você se recuperar. </EIGHT-OF-CUPS-ONE>
<EIGHT-OF-CUPS-PAST>Você pode ter problemas oculares ou de cabelo e medicamentos serão de muita importância para você. Esse problema pode ter afetado sua rotina e frustrado você, mas você não tem nada que se preocupar, a cura irá acontecer de forma rápida. Seus entes queridos vão cuidar de você enquanto você se recuperar. </EIGHT-OF-CUPS-PAST>
<EIGHT-OF-CUPS-PRESENT>O tempo vai ser um pouco áspero com seus olhos e cabelo e um período de medicação será necessário. Isso irá dificultar suas tarefas diárias o que pode frustrá-lo, mas não haverá nada de importante para se preocupar e a cura vai começar em breve. Seus entes queridos vão cuidar de você enquanto você se recuperar. </EIGHT-OF-CUPS-PRESENT>
<EIGHT-OF-CUPS-FUTURE>Existem possibilidades de problemas oculares ou de cabelo aparecerem em sua rotina. Isso irá dificultar suas tarefas diárias, mas nada grave demais, e sua cura irá começar rapidamente. Seus entes queridos vão cuidar de você enquanto você se recuperar. </EIGHT-OF-CUPS-FUTURE>
<NINE-OF-CUPS-ONE>Este carta mostra que você irá enfrentar em breve alguns problemas com depressão, devido aos altos e baixos em sua vida. Você estará em uma posição vulnerável agora. Este quadro preocupante pode lhe causar nervosismo e o uso de alguma medicação. </NINE-OF-CUPS-ONE>
<NINE-OF-CUPS-PAST>Você pode estar enfrentando o isoladamente e a depressão por causa dos altos e baixos em sua vida. Você estará em uma posição vulnerável agora. Este quadro preocupante pode lhe causar nervosismo e o uso de alguma medicação. </NINE-OF-CUPS-PAST>
<NINE-OF-CUPS-PRESENT>Você enfrentando o isoladamente e a depressão por causa dos altos e baixos em sua vida. Você estará em uma posição vulnerável agora, e pode sentir que ninguém lhe entender nesse momento. Este quadro preocupante pode lhe causar nervosismo e o uso de alguma medicação. </NINE-OF-CUPS-PRESENT>
<NINE-OF-CUPS-FUTURE>Você enfrentando o isoladamente e a depressão por causa dos altos e baixos em sua vida. Você estará em uma posição vulnerável agora, e pode sentir que ninguém lhe entender nesse momento. Este quadro preocupante pode lhe causar nervosismo e o uso de alguma medicação. </NINE-OF-CUPS-FUTURE>
<TEN-OF-CUPS-ONE>Este carta indica que sua agenda lotada fará com que você tenha uma dieta desequilibrada e isso pode levar a alguns problemas de estômago. Este calendário sempre lotado pode levar ao isolamento e a insônia. Você vai tomar as medidas necessárias e vai se recuperar disso tudo em breve. </TEN-OF-CUPS-ONE>
<TEN-OF-CUPS-PAST>Sua agenda lotada fará com que você tenha uma dieta desequilibrada e isso pode levar a alguns problemas de estômago. Este calendário sempre lotado pode levar ao isolamento e a insônia em um curto período de tempo. Você vai tomar as medidas necessárias e vai se recuperar disso tudo em breve. </TEN-OF-CUPS-PAST>
<TEN-OF-CUPS-PRESENT>Sua agenda lotada fará com que você tenha uma dieta desequilibrada e isso pode levar a alguns problemas de estômago durante esse período de sua vida. Este calendário sempre lotado pode levar ao isolamento e a insônia. Você tem que tomar as medidas necessárias para se recuperar o mais rápido possível. </TEN-OF-CUPS-PRESENT>
<TEN-OF-CUPS-FUTURE>Sua agenda tem contribuindo para causar problemas de estômago com uma dieta muito desequilibrada que você tem deito. Este calendário sempre lotado pode levar ao isolamento e a insônia. Você tem que tomar as medidas necessárias para se recuperar o mais rápido possível. </TEN-OF-CUPS-FUTURE>
<PAGE-OF-CUPS-ONE>Este carta mostra que nas atuais circunstâncias que você está enfrentando, você vai se sentir muito sensível e pode ser facilmente influenciado. Este estado de espírito pode provar a fragilidade de sua saúde física e mentalmente. Tenha cuidado, pois você está propenso a acidentes. </PAGE-OF-CUPS-ONE>
<PAGE-OF-CUPS-PAST>As atuais circunstâncias podem ter levado você a se sentir mais sensível e facilmente influenciável. O seu estado de espírito pode ter influenciado de forma negativa sua saúde física e mentalmente. Tenha cuidado, pois você está propenso a acidentes. </PAGE-OF-CUPS-PAST>
<PAGE-OF-CUPS-PRESENT>Suas circunstâncias leva-te a sentir sensível e influência-poder. Este estado de espírito irá provar ruim para sua saúde física e mental. Tenha cuidado, pois você está propenso a acidentes.</PAGE-OF-CUPS-PRESENT>
<PAGE-OF-CUPS-FUTURE>Suas circunstâncias eventualmente irão conduzir você para sentir-se sensível e facilmente influenciável. Tal estado de espírito pode ser ruim para sua saúde física e mental. Tenha cuidado, pois você pode ser propenso a acidentes.</PAGE-OF-CUPS-FUTURE>
<KNIGHT-OF-CUPS-ONE>Este carta indica que tudo relacionado à sua saúde será mais positivo agora. Se você já está sofrendo algum tipo de doença e deve visitar o médico, a partir desse momento você vai notar que sua condição física vai ficar cada dia melhor. Você só vai ter que manter a fé em si mesma e cuidar bem de seu corpo. </KNIGHT-OF-CUPS-ONE>
<KNIGHT-OF-CUPS-PAST>Depois de tudo que você passou, esse é um momento positivo em relação a sua saúde. Você ainda está sofrendo algum tipo de doença e deve visitar o médico, e a partir desse momento você vai notar que sua condição física vai ficar cada dia melhor. Você só vai ter que manter a fé em si mesma e cuidar bem de seu corpo. </KNIGHT-OF-CUPS-PAST>
<KNIGHT-OF-CUPS-PRESENT>Esse é um momento positivo em relação a sua saúde. Você ainda está sofrendo algum tipo de doença e deve visitar o médico, e a partir desse momento você vai notar que sua condição física vai ficar cada dia melhor. Você só vai ter que manter a fé em si mesma e cuidar bem de seu corpo. </KNIGHT-OF-CUPS-PRESENT>
<KNIGHT-OF-CUPS-FUTURE>Tudo relacionado à sua saúde pode ficar melhor a partir daqui. Você ainda está sofrendo algum tipo de doença e deve visitar o médico, depois disso você vai notar que sua condição física vai ficar cada dia melhor. Você só vai ter que manter a fé em si mesma e cuidar bem de seu corpo. </KNIGHT-OF-CUPS-FUTURE>
<QUEEN-OF-CUPS-ONE>Este carta mostra que você está mentalmente sendo sugado devido a várias pressões pessoais e profissionais, e esta se sentindo desamparado, às vezes. Pode haver alguns sintomas de desespero, e você deverá consultar um médico e alguns parentes, mas as coisas vão melhorar de forma constante. </QUEEN-OF-CUPS-ONE>
<QUEEN-OF-CUPS-PAST>Você foi mentalmente sugado devido a várias pressões pessoais e profissionais, e agora esta se sentindo desamparado. Pode haver alguns sintomas de desespero, e você deverá consultar um médico e alguns parentes, mas as coisas vão melhorar de forma constante. </QUEEN-OF-CUPS-PAST>
<QUEEN-OF-CUPS-PRESENT>Você está mentalmente sendo sugado devido a várias pressões pessoais e profissionais, e esta se sentindo desamparado, às vezes. Pode haver alguns sintomas de desespero, e você deverá consultar um médico e alguns parentes, mas as coisas vão melhorar de forma constante. </QUEEN-OF-CUPS-PRESENT>
<QUEEN-OF-CUPS-FUTURE>Você pode ficar mentalmente cansado por causa das pressões pessoais e profissional e poderá se sentir desamparado, às vezes. Pode haver alguns sintomas de desespero, e você deverá consultar um médico e alguns parentes, mas as coisas vão melhorar de forma constante. </QUEEN-OF-CUPS-FUTURE>
<KING-OF-CUPS-ONE>Esta carta indica que você pode passar por algumas situações perturbadoras, que o deixará muito decepcionado e vai forçá-lo a pensar que você não é bom o suficiente para o lugar que esta ocupando. Não deixe que estas circunstâncias o levem a um vício. </KING-OF-CUPS-ONE>
<KING-OF-CUPS-PAST>Algumas situações perturbadoras, o deixaram muito decepcionado e o forçou a pensar que você não é bom o suficiente para o lugar que esta ocupando. Não deixe que estas circunstâncias o levem a um vício. </KING-OF-CUPS-PAST>
<KING-OF-CUPS-PRESENT>Algumas situações perturbadoras, o deixaram muito decepcionado e esta o forçando a pensar que você não é bom o suficiente para o lugar que esta ocupando. Não deixe que estas circunstâncias o levem a um vício. </KING-OF-CUPS-PRESENT>
<KING-OF-CUPS-FUTURE>Algumas situações perturbadoras podem acontecer com você, e podem lhe deixar muito decepcionado e o forçou a pensar que você não é bom o suficiente para o lugar que esta ocupando. Não deixe que estas circunstâncias o levem a um vício. </KING-OF-CUPS-FUTURE>
<ACE-OF-PENTACLES-ONE>Este carta indica que você está disposto a fazer algumas mudanças saudáveis em sua vida a partir de agora. Se você estava sofrendo de algum tipo de doença, então este é um bom momento para uma rápida recuperação e em breve você vai ver-se em uma condição muito melhor. Você acabará por se recuperar. </ACE-OF-PENTACLES-ONE>
<ACE-OF-PENTACLES-PAST>Você fez algumas mudanças saudáveis em sua vida. A doença que vem afetando você será resolvida brevemente. Você irá conseguir se recuperar, devido a cuidados de longo prazo que você vinha tomando. </ACE-OF-PENTACLES-PAST>
<ACE-OF-PENTACLES-PRESENT>Você está fazendo mudanças saudáveis em sua vida. Se você estava sofrendo de algum tipo de doença, então este é um bom momento para uma rápida recuperação e em breve você vai ver-se em uma condição muito melhor. Você acabará por se recuperar. </ACE-OF-PENTACLES-PRESENT>
<ACE-OF-PENTACLES-FUTURE>Você pode estar disposto a fazer algumas mudanças saudáveis em sua vida. Se você estava sofrendo de algum tipo de doença, então este é um bom momento para uma rápida recuperação e em breve você vai ver-se em uma condição muito melhor. Você acabará por se recuperar. </ACE-OF-PENTACLES-FUTURE>
<TWO-OF-PENTACLES-ONE>Você vai se sentir cansada e exausta por causa do seu trabalho com jornadas até altas horas cumprindo diversas responsabilidades. Essas circunstâncias podem ser duras com seu corpo, mas você vai ter que tentar encontrar um equilíbrio para não deixar-se ser uma vítima da situação. </TWO-OF-PENTACLES-ONE>
<TWO-OF-PENTACLES-PAST>Você se sentiu cansado devido a trabalhar até de madrugada e cumprir muitas responsabilidades. . Essas circunstâncias podem ter sido duras com seu corpo, mas você vai ter que tentar encontrar um equilíbrio para não deixar-se ser uma vítima da situação. </TWO-OF-PENTACLES-PAST>
<TWO-OF-PENTACLES-PRESENT>Você vai se sentir cansado de trabalhar até altas horas com responsabilidades diversas para resolver. . Essas circunstâncias podem ser duras com seu corpo, mas você vai ter que tentar encontrar um equilíbrio para não deixar-se ser uma vítima da situação. </TWO-OF-PENTACLES-PRESENT>
<TWO-OF-PENTACLES-FUTURE>É provável que você se sinta cansada de trabalhar até altas horas com responsabilidade diversas. Há chances de circunstâncias para tomar um pedágio em seu corpo, mas você vai conseguir evitar ser vítima da situação. </TWO-OF-PENTACLES-FUTURE>
<THREE-OF-PENTACLES-ONE>Este carta indica que um colapso emocional pode a levar a um encontro abrupto com algumas influências tóxicas. Isso pode torna sua saúde vulnerável, assim você terá que ter cuidado. Se preocupe com você mesma, o resto irá se acertar com o tempo. </THREE-OF-PENTACLES-ONE>
<THREE-OF-PENTACLES-PAST>Um colapso emocional o levou a ter influências tóxicas. Isso pode torna sua saúde vulnerável, assim você terá que ter cuidado. Se preocupe com você no longo prazo, o resto irá se acertar com o decorrer do tempo. </THREE-OF-PENTACLES-PAST>
<THREE-OF-PENTACLES-PRESENT>Um colapso emocional pode a levar a um encontro abrupto com algumas influências tóxicas. Isso pode torna sua saúde vulnerável, assim você terá que ter cuidado. Se preocupe com você mesma, o resto irá se acertar com o tempo. </THREE-OF-PENTACLES-PRESENT>
<THREE-OF-PENTACLES-FUTURE>Um colapso emocional pode estar prestes a acontecer, e a deixar susceptível de levar influências perigosas para próxima de você. Isso pode torna sua saúde vulnerável, assim você terá que ter cuidado. Se preocupe com você mesma, o resto irá se acertar com o tempo. </THREE-OF-PENTACLES-FUTURE>
<FOUR-OF-PENTACLES-ONE>Este carta mostra que você terá que enfrentar alguns problemas médicos já existentes e poderá gastar grande parte do seu tempo em clínicas. Você juntamente com seus entes queridos vai procurar ajuda e conselhos. As coisas podem sair um pouco do controle, e você vai ter que ser forte nesse momento. </FOUR-OF-PENTACLES-ONE>
<FOUR-OF-PENTACLES-PAST>Você pode ter tido que enfrentar problemas médicos e gastou grande parte do seu tempo visitando clínicas. Você juntamente com seus entes queridos vai procurar ajuda e conselhos. As coisas podem sair um pouco do controle, e você vai ter que ser forte nesse momento. </FOUR-OF-PENTACLES-PAST>
<FOUR-OF-PENTACLES-PRESENT>Você pode ter que enfrentar alguns problemas médicos e terá de visitar clínica constantemente. Você juntamente com seus entes queridos vai procurar ajuda e conselhos. As coisas podem sair um pouco do controle, e você vai ter que ser forte nesse momento. </FOUR-OF-PENTACLES-PRESENT>
<FOUR-OF-PENTACLES-FUTURE>É provável que você enfrente problemas médicos e poderá frequentemente visitar clínicas para tratar desses problemas. Você juntamente com seus entes queridos vai procurar ajuda e conselhos. As coisas podem sair um pouco do controle, e você vai ter que ser forte nesse momento. </FOUR-OF-PENTACLES-FUTURE>
<FIVE-OF-PENTACLES-ONE>Este carta indica que você tem negligenciado muito sua saúde ultimamente e é por isso que um mal menor pode agora esta se tornando grave, embora ainda não seja nada enorme. Devido a isso você pode ter que passar por alguns exames. </FIVE-OF-PENTACLES-ONE>
<FIVE-OF-PENTACLES-PAST>Você pode ter negligenciado a sua saúde nos últimos anos, e um mal menor pode ter se tornado mais grave. Isso pode desencadear exames repetidos. </FIVE-OF-PENTACLES-PAST>
<FIVE-OF-PENTACLES-PRESENT>Você está negligenciando negligenciado muito sua saúde ultimamente e é por isso que um mal menor pode agora esta se tornando grave, embora ainda não seja nada enorme. Isso pode desencadear exames repetidos. </FIVE-OF-PENTACLES-PRESENT>
<FIVE-OF-PENTACLES-FUTURE>Sua saúde negligenciada agora poderá fazer um pequeno problema se agravar, mesmo que ele não fique grande demais. Há chances de que você passe por exames frequentes por causa disso. </FIVE-OF-PENTACLES-FUTURE>
<SIX-OF-PENTACLES-ONE>Esta carta mostra que você terá que ter cuidado extra com as coisas ao seu redor. Você está propenso a acidentes e, portanto, terá que se policiar e ser cauteloso sobre tudo ao seu redor. Este é um momento crítico e se você não for cuidadoso, então isso pode lhe levar a um final indesejável. </SIX-OF-PENTACLES-ONE>
<SIX-OF-PENTACLES-PAST>Você tinha que ter mais cuidada com as coisas a seu redor. Você está propenso a acidentes e, portanto, terá que se policiar e ser cauteloso sobre tudo ao seu redor. Se você não for cuidadoso, então isso pode lhe levar a um final indesejável. </SIX-OF-PENTACLES-PAST>
<SIX-OF-PENTACLES-PRESENT>Você terá que ser mais cautelosa com as coisas ao seu redor nesse momento. Você está propenso a acidentes e, portanto, terá que se policiar e ser cauteloso sobre tudo ao seu redor. Se você não for cuidadoso, então isso pode lhe levar a um final indesejável. </SIX-OF-PENTACLES-PRESENT>
<SIX-OF-PENTACLES-FUTURE>Você pode precisar ser muito mais cuidadosa com as coisas ao seu redor. Você está propenso a acidentes e, portanto, terá que se policiar e ser cauteloso sobre tudo ao seu redor. Se você não for cuidadoso, então isso pode lhe levar a um final indesejável. </SIX-OF-PENTACLES-FUTURE>
<SEVEN-OF-PENTACLES-ONE>Este carta indica que você está enfrentando um período muito preocupante agora e você vai tentar evitar qualquer coisa que possa envolver uma grande participação ou trabalho físico. Você não vai estar disposto a fazer qualquer coisa que possa exigir o seu tempo e concentração e isso vai mantê-lo longe do trabalho a seu contragosto. </SEVEN-OF-PENTACLES-ONE>
<SEVEN-OF-PENTACLES-PAST>Você pode ter enfrentado um período de perturbação, e tentou evitar coisas que envolviam trabalho físico. Você não vai estar disposto a fazer qualquer coisa que possa exigir o seu tempo e concentração. </SEVEN-OF-PENTACLES-PAST>
<SEVEN-OF-PENTACLES-PRESENT>Você está enfrentando um período muito preocupante e vai evitar tudo o que precisa de trabalho físico. Você não vai estar disposto a fazer qualquer coisa que possa exigir o seu tempo e concentração. </SEVEN-OF-PENTACLES-PRESENT>
<SEVEN-OF-PENTACLES-FUTURE>É provável que você enfrente uma fase muito preocupante e pode tentar evitar as coisas que exigem um trabalho físico. . Você não vai estar disposto a fazer qualquer coisa que possa exigir o seu tempo e concentração. </SEVEN-OF-PENTACLES-FUTURE>
<EIGHT-OF-PENTACLES-ONE>Esta carta mostra que é o tempo de usar hidratantes e protetores solares, sua pele pode estar vulnerável. Você terá que viajar muito a trabalho e isso pode afetar sua dieta e levar a problemas estomacais. </EIGHT-OF-PENTACLES-ONE>
<EIGHT-OF-PENTACLES-PAST>Pode ter havido tempo para usar hidratantes e protetores solares, sua pele estava muito vulnerável. Você pode ter precisado viajar muito por causa do trabalho, o que afetou sua dieta e o levou a ter problemas de estomacais. </EIGHT-OF-PENTACLES-PAST>
<EIGHT-OF-PENTACLES-PRESENT>É hora de usar hidratantes e protetores solares sua pele esta vulnerável. Você pode ter que viajar excessivamente a trabalho, o que pode afetar sua dieta e o levar a ter problemas de estômago. </EIGHT-OF-PENTACLES-PRESENT>
<EIGHT-OF-PENTACLES-FUTURE>É provável que seja tempo de usar seus hidratantes e protetores solares já que sua pele irá ficar muito vulnerável. Você pode ter que viajar excessivamente a trabalho, o que pode afetar sua dieta e o levar a ter problemas de estômago. </EIGHT-OF-PENTACLES-FUTURE>
<NINE-OF-PENTACLES-ONE>Esta carta indica que você ou alguém próximo a você esta se recuperando de uma doença ou um acidente. Há também a possibilidade de que alguém que você conheça muito bem passe a lidar com um grande problema de saúde. Você vai ajudar os seus parentes, mas gostaria de sair e experimentar algo que irá ajuda-lo a se soltar. </NINE-OF-PENTACLES-ONE>
<NINE-OF-PENTACLES-PAST>Alguém próximo a você se recuperou de uma doença ou de um acidente que alguém que você conheça muito bem irá lidar com um grande problema de saúde. Você ajudou os seus parentes, mas gostaria de ter saindo e experimentado algo novo. </NINE-OF-PENTACLES-PAST>
<NINE-OF-PENTACLES-PRESENT>Você ou alguém próximo a você esta se recuperando de uma doença ou um acidente. Há também a possibilidade de que alguém que você conheça muito bem passe a lidar com um grande problema de saúde. Você vai ajudar os seus parentes, mas gostaria de sair e experimentar algo que irá ajuda-lo a se soltar. </NINE-OF-PENTACLES-PRESENT>
<NINE-OF-PENTACLES-FUTURE>Você ou um ente querido esta susceptível de se recuperar de uma doença ou de um acidente. Alguém que você conheça muito bem deverá lidar com um grande problema de saúde. Você vai ajudar os seus parentes, mas gostaria de sair e experimentar algo que irá ajuda-lo a se soltar. </NINE-OF-PENTACLES-FUTURE>
<TEN-OF-PENTACLES-ONE>Este carta mostra que você pode estar tendo alguns problemas pessoais que irá perturbá-lo por um tempo. Haverá alguém próximo de sua família que vai precisar de atenção médica e você vai orientá-lo para um novo modo de vida. </TEN-OF-PENTACLES-ONE>
<TEN-OF-PENTACLES-PAST>Você pode ter tido alguns problemas pessoais que nesse momento esta perturbando você. Alguém próximo de sua família que vai precisar de atenção médica, e você irá orientá-lo para um novo modo de vida. </TEN-OF-PENTACLES-PAST>
<TEN-OF-PENTACLES-PRESENT>Você pode estar tendo problemas pessoais que irão perturbá-lo por determinado tempo. Haverá alguém próximo de sua família que vai precisar de atenção médica e você vai orientá-lo para um novo modo de vida. </TEN-OF-PENTACLES-PRESENT>
<TEN-OF-PENTACLES-FUTURE>É provável que você esteja tendo problemas pessoais que possam incomoda-lo daqui para frente. Pode haver alguém próximo de sua família que vai precisar de atenção médica e você vai orientá-lo para um novo modo de vida. </TEN-OF-PENTACLES-FUTURE>
<PAGE-OF-PENTACLES-ONE>Este carta indica que você está se sentindo desconfortável e muito inquieto. Você pode ter problemas relacionados com o seu corpo. Pode haver algum tipo de culpa que tem o incomodado. Alguns medicamentos serão necessários para dores no corpo e você também pode querer tomar algumas pílulas para dormir devido à insônia. </PAGE-OF-PENTACLES-ONE>
<PAGE-OF-PENTACLES-PAST>Você pode ter se sentido desconfortável e inquieto por determinado tempo. E isso pode ter ocorrido por problemas relacionados ao seu corpo. Poderia ter havido algum tipo de culpa que tem o incomodado. Alguns medicamentos serão necessários para dores no corpo e você também pode querer tomar algumas pílulas para dormir devido à insônia. </PAGE-OF-PENTACLES-PAST>
<PAGE-OF-PENTACLES-PRESENT>Você está se sentindo desconfortável e muito inquieto nesse momento. Você pode ter problemas relacionados com o seu corpo. Pode haver algum tipo de culpa que tem o incomodado. Alguns medicamentos serão necessários para dores no corpo e você também pode querer tomar algumas pílulas para dormir devido à insônia. </PAGE-OF-PENTACLES-PRESENT>
<PAGE-OF-PENTACLES-FUTURE>É provável que você se sinta desconfortável e altamente inquieto. Você pode ter problemas relacionados com o seu corpo. Pode haver algum tipo de culpa que tem o incomodado. Alguns medicamentos serão necessários para dores no corpo e você também pode querer tomar algumas pílulas para dormir devido à insônia. </PAGE-OF-PENTACLES-FUTURE>
<KNIGHT-OF-PENTACLES-ONE>Serviço social é uma boa, mas se alguém tentar tirar vantagem indevida disso, você terá que perceber. Você vai se sentir ansioso e agitado por causa disso, mas você vai ser capaz de dar um passo ousado. Você vai tentar manter-se ativo ao invés de ficar ocioso, pois isso pode impedi-lo de pensar em coisas que você não deseja. </KNIGHT-OF-PENTACLES-ONE>
<KNIGHT-OF-PENTACLES-PAST>Serviço social teria sido uma boa ideia se alguém não tentasse tirar vantagem indevida da situação, você percebeu isso. Você se sentiu ansioso e agitado devido a isso, mas você tomou uma decisão ousada. Você tentou manter-se ativo ao invés de ficar ocioso, pois isso pode impedi-lo de pensar em coisas que você não deseja. </KNIGHT-OF-PENTACLES-PAST>
<KNIGHT-OF-PENTACLES-PRESENT>Serviço social é uma boa, mas se alguém tentar tirar vantagem indevida disso, você terá que perceber. Você vai se sentir ansioso e agitado por causa disso, mas você vai ser capaz de dar um passo ousado. Você vai tentar manter-se ativo ao invés de ficar ocioso, pois isso pode impedi-lo de pensar em coisas que você não deseja. </KNIGHT-OF-PENTACLES-PRESENT>
<KNIGHT-OF-PENTACLES-FUTURE>Serviço social provavelmente será bom para você, se alguém tentar tirar vantagem indevida de você seja capaz de observar isso. Você pode se sentir ansioso e agitado por causa disso, mas você pode ser capaz de dar um passo ousado. Você pode tentar manter-se ativo ao invés de ficar ocioso enquanto que podem impedi-lo de pensar em coisas você não quer. </KNIGHT-OF-PENTACLES-FUTURE>
<QUEEN-OF-PENTACLES-ONE>Este carta indica que a natureza esta conspirando a seu favor e você deve adotar formas naturais de cura e purificação nesse momento. Se você ou seu amado está se recuperando de uma doença, este é um bom momento para uma rápida recuperação. </QUEEN-OF-PENTACLES-ONE>
<QUEEN-OF-PENTACLES-PAST>Teria sido melhor buscar ajuda de forma natural. Você poderia ter adotado formas naturais de cura e de purificação. Você ou seu amado teriam se recuperado de uma doença de forma muito mais rápida usando esse meio. </QUEEN-OF-PENTACLES-PAST>
<QUEEN-OF-PENTACLES-PRESENT>É melhor ter buscar ajuda na natureza e adotar formas naturais de cura e purificação agora. Você ou seu ente querido pode se recuperar de uma doença de forma rápida utilizando esse meio. </QUEEN-OF-PENTACLES-PRESENT>
<QUEEN-OF-PENTACLES-FUTURE>É provável que seja melhor buscar ajuda natural e adotar maneiras naturais de cura e purificação. Você ou uma pessoa amada podem se recuperar de uma futura doença com de maneira rápida usando esse método. </QUEEN-OF-PENTACLES-FUTURE>
<KING-OF-PENTACLES-ONE>Este carta mostra que você está no caminho certo para ter uma boa saúde física e mental. Se você estava se recuperando de uma lesão ou doença, irá mostrar grandes melhorias. Mesmo se existirem problemas relacionados com alguma papelada médica as coisas vão se resolver em breve. </KING-OF-PENTACLES-ONE>
<KING-OF-PENTACLES-PAST>Você estava no caminho certo para ter uma boa saúde física e mental. E se você estava estivesse se recuperando de uma lesão ou doença, iria mostrar grandes melhorias. Mesmo se existissem problemas relacionados com alguma papelada médica as coisas iriam se resolver em breve. </KING-OF-PENTACLES-PAST>
<KING-OF-PENTACLES-PRESENT>Você está no caminho certo para ter uma boa saúde física e mental. Se você esta se recuperando de uma lesão ou doença, vai mostrar grandes melhorias. Mesmo se existirem problemas relacionados com alguma papelada médica as coisas vão se resolver em breve. </KING-OF-PENTACLES-PRESENT>
<KING-OF-PENTACLES-FUTURE>Você ainda estará no caminho certo para buscar uma boa saúde mental e física. Você poderá mostrar grande melhora se estiver se recuperando de uma doença ou lesão. Questões relacionadas à papelada médica irão se resolver em breve. </KING-OF-PENTACLES-FUTURE>
<ACE-OF-SWORDS-ONE>Este carta indica que você está sentindo para baixo, deprimido e esta à procura de ajuda médica. Os membros de sua família vão lhe ajudar e também existem chances de você tomar uma nova direção em sua vida, e encontrar uma cura para sua doença, o que seria muito benéfico para você. </ACE-OF-SWORDS-ONE>
<ACE-OF-SWORDS-PAST>Você estava se sentindo para baixo, deprimido e procurou ajuda médica. Os membros de sua família vão lhe ajudaram e isso fez aumentar as chances de você tomar uma nova direção em sua vida, e encontrar uma cura para sua doença, o que seria muito benéfico para você. </ACE-OF-SWORDS-PAST>
<ACE-OF-SWORDS-PRESENT>Você está sentindo para baixo, deprimido e à procura de ajuda médica. Os membros de sua família estão dispostos a te ajudar, e existem chances de você tomar uma nova direção em sua vida, e encontrar uma cura para sua doença, o que seria muito benéfico para você. </ACE-OF-SWORDS-PRESENT>
<ACE-OF-SWORDS-FUTURE>É provável que você se sinta deprimido e para baixo e tem chances de procurar ajuda médica. Há chances dos membros de sua família o ajudar a encontrar uma nova direção para encontrar a cura para sua doença. Isso pode ser muito benéfico para você. </ACE-OF-SWORDS-FUTURE>
<TWO-OF-SWORDS-ONE>Esta carta mostra que sua saúde esta oscilando e você pode parecer um pouco inquieto. Pode haver problemas pequenos relacionados à saúde, mas você terá que cuidar de si mesmo, porque mesmo uma infecção ou febre podem o levar a ter problemas sérios. </TWO-OF-SWORDS-ONE>
<TWO-OF-SWORDS-PAST>Sua saúde estava oscilando muito e você pode ter ficado agitado por isso. Podem ter acontecido pequenos problemas de saúde com você, mas você tinha que ter dado mais atenção a sua saúde quando começou a se sentir mal. </TWO-OF-SWORDS-PAST>
<TWO-OF-SWORDS-PRESENT>Sua saúde esta oscilando e você esta um pouco inquieto. Pode haver problemas pequenos relacionados à saúde, mas você tem que cuidar de si mesmo, porque mesmo uma infecção ou febre podem o levar a ter problemas sérios. </TWO-OF-SWORDS-PRESENT>
<TWO-OF-SWORDS-FUTURE>É provável que sua saúde oscile e você deverá ficar agitado por causa disso. As chances de problemas de saúde menores se tornarem graves existe e você tem que cuidar de sua saúde para evitar que uma febre ou infecção vire um problema mais serio. </TWO-OF-SWORDS-FUTURE>
<THREE-OF-SWORDS-ONE>Esta carta indica que você vai se sentir extremamente cansado e irá implorar por relaxamento e algum tempo longe do trabalho. Alguns incidentes podem somar a sua tensão e cansaço físico, mas você vai ter que aguentar isso, para o seu próprio bem. Seus problemas de saúde irão incidir sobre membros de sua família e eles podem ter que consultar um médico. </THREE-OF-SWORDS-ONE>
<THREE-OF-SWORDS-PAST>Você estava completamente desgastado e pediu para tirar um tempo para relaxar e ficar algum tempo fora do trabalho. Alguns incidentes somaram a sua tensão e cansaço físico, mas você aguentou tudo isso. Seus problemas de saúde incidiram sobre membros de sua família e eles tiveram que consultar um médico. </THREE-OF-SWORDS-PAST>
<THREE-OF-SWORDS-PRESENT>Você esta se sentindo extremamente cansado e irá implorar por relaxamento e algum tempo longe do trabalho. Alguns incidentes podem somar a sua tensão e cansaço físico, mas você esta aguentando tudo isso. Seus problemas de saúde incidiram sobre membros de sua família e eles terão que consultar um médico. </THREE-OF-SWORDS-PRESENT>
<THREE-OF-SWORDS-FUTURE>É provável que se sinta cansado e pense em tirar um tempo para relaxar. Incidentes adicionados a sua tensão e cansaço podem agravar a situação, mas para o seu próprio bem, aguente firme. Seus problemas de saúde podem afetar membros de sua família e eles podem ter que consultar um médico. </THREE-OF-SWORDS-FUTURE>
<FOUR-OF-SWORDS-ONE>Esta carta mostra que o tempo de recuperação esta a frente de suas preocupações mentais e emocionais e finalmente você irá pode descansar, ou pelo menos, se aliviar um pouco da rotina do dia a dia. Sua saúde física pode estar um pouco danificada e isso vai exigir que você enfrente alguns testes ou tratamentos médicos. O médico vai ser de grande ajuda neste caso. </FOUR-OF-SWORDS-ONE>
<FOUR-OF-SWORDS-PAST>No tempo que você teve para sua recuperação, você conseguiu deixar de lado suas preocupações mentais, e conseguiu descasar. Sua saúde física ficou um pouco danificada e isso exigiu que você enfrentasse alguns testes ou tratamentos médicos. O médico foi de grande ajuda neste caso. </FOUR-OF-SWORDS-PAST>
<FOUR-OF-SWORDS-PRESENT>O tempo de recuperação esta a frente de suas preocupações mentais e emocionais e finalmente você irá pode descansar, ou pelo menos, se aliviar um pouco da rotina do dia a dia. Sua saúde física esta um pouco danificada e isso exigiu que você enfrentasse alguns testes ou tratamentos médicos. O médico vai ser de grande ajuda neste caso. </FOUR-OF-SWORDS-PRESENT>
<FOUR-OF-SWORDS-FUTURE>O tempo de recuperação estará à frente de suas preocupações mentais e emocionais e finalmente você irá pode descansar, ou pelo menos, se aliviar um pouco da rotina do dia a dia. Sua saúde física pode estar um pouco danificada e isso vai exigir que você enfrente alguns testes ou tratamentos médicos. O médico será de grande ajuda neste caso. </FOUR-OF-SWORDS-FUTURE>
<FIVE-OF-SWORDS-ONE>Este carta indica que você está enfrentando stress e frustração por causa de alguma doença que se recusa a tratar. Algumas visitas ao hospital terão de ser feita, o que irá somar a sua frustração e o fará se sentir impotente, mas tente ser forte. </FIVE-OF-SWORDS-ONE>
<FIVE-OF-SWORDS-PAST>Você pode ter experimentando estresse e frustração devido a uma séria doença. Visitas ao hospital foram feitas, o que somou a sua frustração e o fez se sentir impotente, mas você foi forte. </FIVE-OF-SWORDS-PAST>
<FIVE-OF-SWORDS-PRESENT>Você está enfrentando stress e frustração por causa de alguma doença que se recusa a tratar. Algumas visitas ao hospital estão sendo feitas, o que irá somar a sua frustração e está o fazendo se sentir impotente, mas tente ser forte. </FIVE-OF-SWORDS-PRESENT>
<FIVE-OF-SWORDS-FUTURE>Você enfrentará stress e frustração por causa de alguma doença que irá se recusar a tratar. Algumas visitas ao hospital deverão ser feitas, o que irá somar a sua frustração e o fará se sentir impotente, mas tente ser forte. </FIVE-OF-SWORDS-FUTURE>
<SIX-OF-SWORDS-ONE>Esta carta mostra que este pode ser um dos piores momentos com relação à sua saúde. Pode haver um prejuízo grave ou uma doença que vai incomodá-lo drasticamente. Você também pode se envolver em um acidente e acabar machucando pernas e joelhos. Há também chances de hospitalização por um determinado tempo, mas fique calmo, que agora as coisas vão finalmente melhorar. </SIX-OF-SWORDS-ONE>
<SIX-OF-SWORDS-PAST>Você pode ter vivido um dos piores momentos relacionados à sua saúde. Uma grave lesão ou doença, lhe incomodou demais. Você também se envolveu em um acidente e acabou machucando pernas e joelhos. Mas finalmente as coisas acabaram melhorando para você. </SIX-OF-SWORDS-PAST>
<SIX-OF-SWORDS-PRESENT>Você pode estar em um dos piores momentos relacionados à sua saúde. Uma lesão grave e uma doença esta lhe incomodando drasticamente. Você também se envolveu em um acidente causando ferimentos em seus joelhos e pernas. Você pode ser hospitalizada temporariamente, mas as coisas vão acabar melhorando em breve. </SIX-OF-SWORDS-PRESENT>
<SIX-OF-SWORDS-FUTURE>É provável que você ainda passe por um dos piores momentos relacionados a saúde. Uma lesão grave ou doença pode incomodá-lo. Há chances de um acidente causar ferimentos em suas pernas ou joelhos. Você poderia ser hospitalizado, mas as coisas vão melhorar eventualmente. </SIX-OF-SWORDS-FUTURE>
<SEVEN-OF-SWORDS-ONE>Este carta indica que o estres está o prejudicando mentalmente e fisicamente. Você vai estar muito ocupado lidando com várias coisas e isso pode ter efeito adverso sobre você, especialmente em sua mente e corpo. Você precisa tirar algum tempo para si mesmo e regenerar o seu corpo. </SEVEN-OF-SWORDS-ONE>
<SEVEN-OF-SWORDS-PAST>O estres lhe prejudicou mentalmente e fisicamente. Você estava muito ocupada lidando com várias coisas e isso lhe causou um efeito adverso, especialmente em sua mente e corpo. Você precisa tirar algum tempo para si mesmo e regenerar o seu corpo. </SEVEN-OF-SWORDS-PAST>
<SEVEN-OF-SWORDS-PRESENT>O estres está o prejudicando mentalmente e fisicamente. Você esta muito ocupada lidando com várias coisas e isso esta causando um efeito adverso sobre você, especialmente em sua mente e corpo. Você precisa tirar algum tempo para si mesmo e regenerar o seu corpo. </SEVEN-OF-SWORDS-PRESENT>
<SEVEN-OF-SWORDS-FUTURE>O stress pode lhe dominar e afetá-lo fisicamente e mentalmente. Você pode se manter ocupado fazendo várias coisas ao mesmo tempo, o afetando negativamente, corpo e mente. Você pode ter que tirar uma folga para regenerar seu corpo. </SEVEN-OF-SWORDS-FUTURE>
<EIGHT-OF-SWORDS-ONE>Esta carta mostra que uma espécie de um ?pequeno acidente? pode ocorrer se você não for cuidadoso. Você vai ter que ser mais cuidadoso agora, com essa carta sugerindo que você pode enfrentar um acidente devido a algumas operações de risco em casa. Você também terá que ser cauteloso ao dirigir ou atravessar ruas. Esta fase vai passar em breve. </EIGHT-OF-SWORDS-ONE>
<EIGHT-OF-SWORDS-PAST>Um pequeno acidente ocorreu por você não ser cuidadosa o suficiente. Era preciso ser mais cauteloso, pois você poderia ter enfrentado acidentes por causa de operações de risco em casa. Você foi cauteloso ao dirigir ou atravessar a rua, e essa fase passou rapidamente. </EIGHT-OF-SWORDS-PAST>
<EIGHT-OF-SWORDS-PRESENT>Um ?pequeno acidente? ocorreu por você não estar sendo cuidadoso. Você vai ter que ser mais cuidadoso agora, com essa carta sugerindo que você pode enfrentar um acidente devido a algumas operações de risco em casa. Você também terá que ser cauteloso ao dirigir ou atravessar ruas. Esta fase vai passar em breve. </EIGHT-OF-SWORDS-PRESENT>
<EIGHT-OF-SWORDS-FUTURE>Um pequeno acidente pode acontecer se você não for cuidadoso. Você deve ser cauteloso, porque um acidente pode ocorrer se você não prestar atenção em suas ações. Você pode ter que ser cauteloso ao dirigir ou atravessar a rua, mas essa fase vai passar gradualmente. </EIGHT-OF-SWORDS-FUTURE>
<NINE-OF-SWORDS-ONE>Esta carta está indicando que você terá que enfrentar algumas situações desagradáveis em sua vida pessoal ou profissional que irá levar à depressão. Também pode haver irregularidades em sua dieta que pode levar a alguns problemas de estômago, mas um dos seus entes queridos irá ajudá-lo a sair desta situação. </NINE-OF-SWORDS-ONE>
<NINE-OF-SWORDS-PAST>Você enfrentou algumas situações desagradáveis pessoalmente e profissionalmente que levaram à depressão. Irregularidades em sua dieta pode ter o levado a problemas de estômago, mas um de seus entes queridos o ajudou na presente situação. </NINE-OF-SWORDS-PAST>
<NINE-OF-SWORDS-PRESENT>Você terá que enfrentar algumas situações desagradáveis na vida pessoal e profissional que estão o levando à depressão. Irregularidades na sua dieta levaram a distúrbios de estômago, mas um de seus entes queridos esta o ajudando a superar isso. </NINE-OF-SWORDS-PRESENT>
<NINE-OF-SWORDS-FUTURE>É provável que você enfrente algumas situações desagradáveis na vida pessoal e profissional que podem levar à depressão. Há chances de irregularidades na dieta causarem problemas de estômago, mas um dos seus entes queridos irá o ajudar. </NINE-OF-SWORDS-FUTURE>
<TEN-OF-SWORDS-ONE>Esta carta mostra que você agora você decidiu cuidar de sua saúde e vai deixar o passado para trás para abraçar o futuro. Você vai definir certos objetivos com relação a sua saúde e vai fazer algumas alterações em seu estilo de vida para ajudar a esta resolução. </TEN-OF-SWORDS-ONE>
<TEN-OF-SWORDS-PAST>Você cuidou de sua saúde, deixou o passado de lado e abraçou o seu futuro. Você estabeleceu metas de saúde e fez algumas mudanças em seu estilo de vida, para ajudar a esta resolução. </TEN-OF-SWORDS-PAST>
<TEN-OF-SWORDS-PRESENT>Você decidiu cuidar de sua saúde e deixou o passado para trás para abraçar o futuro. Você vai definir certos objetivos com relação a sua saúde e já esta fazendo algumas alterações em seu estilo de vida para ajudar a esta resolução. </TEN-OF-SWORDS-PRESENT>
<TEN-OF-SWORDS-FUTURE>É provável que você passe a cuidar de sua saúde e, eventualmente, deixe de pensar no seu passado e viva o seu futuro. Você deve definir metas para sua saúde e pode fazer alterações em seu estilo de vida para ajudar nessa situação. </TEN-OF-SWORDS-FUTURE>
<PAGE-OF-SWORDS-ONE>Esta carta indica que haverá algumas pressões mentais especialmente relacionadas com o trabalho, mas você vai lidar com isso de forma paciente. Há chances de você sentir uma dor nas costas ou pode ter que visitar o dentista. No entanto, você vai se encher de energias positivas e vai dedicar mais tempo aos seus entes queridos. </PAGE-OF-SWORDS-ONE>
<PAGE-OF-SWORDS-PAST>Você sofreu muita pressão mental, mas soube lidar com elas pacientemente. Você pode ter passado por uma dor nas costas ou teve que ir ao dentista. Mas você estava no auge de suas energias e acabou dedicando mais tempo aos seus entes queridos. </PAGE-OF-SWORDS-PAST>
<PAGE-OF-SWORDS-PRESENT>Pode estar havendo algumas pressões mentais vindas do seu trabalho, mas você lidou com isso de forma paciente. Há chances de você sentir uma dor nas costas ou pode ter que visitar o dentista. No entanto, você vai se encher de energias positivas e esta dedicando mais tempo aos seus entes queridos. </PAGE-OF-SWORDS-PRESENT>
<PAGE-OF-SWORDS-FUTURE>É provável que você enfrente pressões mentais vindas do seu trabalho, mas você irá aprender a lidar com elas de forma paciente. Há chances de você sentir uma dor nas costas ou pode ter que visitar o dentista. No entanto, você vai se encher de energias positivas e irá dedicar mais tempo aos seus entes queridos. </PAGE-OF-SWORDS-FUTURE>
<KNIGHT-OF-SWORDS-ONE>Este carta mostra que você passará por altos e baixos com relação a sua saúde. Você estará em uma posição melhor mentalmente e vai estar se recuperando de outros problemas que estavam lhe afetando. Sua família vai precisar de você agora, pois uma má notícia deverá chegar a respeito de um parente ou um amigo da família. </KNIGHT-OF-SWORDS-ONE>
<KNIGHT-OF-SWORDS-PAST>Sua saúde pode ter enfrentado condições mistas. Você estava se recuperando de alguns problemas e do stress do seu trabalho. Sua família precisou de você uma vez que algumas más notícias chegaram com relação a um parente ou amigo da família. </KNIGHT-OF-SWORDS-PAST>
<KNIGHT-OF-SWORDS-PRESENT>Sua saúde esta passando por altos e baixos. Você esta em uma posição melhor mentalmente e esta se recuperando de alguns problemas vividos no trabalho. Sua família vai precisar de você agora, uma má notícia irá chegar com relação a um parente ou amigo da família. </KNIGHT-OF-SWORDS-PRESENT>
<KNIGHT-OF-SWORDS-FUTURE>Sua saúde deverá oscilar. Você irá passar por uma situação melhor em seu trabalho, se livrando do stress que estava o prejudicando. Sua família vai irá precisar de você, pois há chances de más notícias chegarem referentes a um parente ou amigo da família. </KNIGHT-OF-SWORDS-FUTURE>
<QUEEN-OF-SWORDS-ONE>Esta carta indica que você terá agora a varias tarefas entre as suas prioridades pessoais e profissionais e você vai tentar de tudo para cumprir todos os seus compromissos. Como resultado, você pode sentir-se desgastado e cansado, mas de alguma forma você vai conseguir conciliar todas essas responsabilidades. </QUEEN-OF-SWORDS-ONE>
<QUEEN-OF-SWORDS-PAST>Você teve varias tarefas entre as suas prioridades pessoais e profissionais e tentou de tudo para cumprir todos os seus compromissos. Como resultado, você acabou desgastado e cansado, mas de alguma forma você conseguiu conciliar todas essas responsabilidades. </QUEEN-OF-SWORDS-PAST>
<QUEEN-OF-SWORDS-PRESENT>Você esta com varias tarefas entre as suas prioridades pessoais e profissionais e você vai tentar de tudo para cumprir todos os seus compromissos. Como resultado, você esta se sentindo desgastado e cansado, mas de alguma forma você vai conseguir conciliar todas essas responsabilidades. </QUEEN-OF-SWORDS-PRESENT>
<QUEEN-OF-SWORDS-FUTURE>Você irá acumular varias tarefas entre as suas prioridades pessoais e profissionais e você vai tentar de tudo para cumprir todos os seus compromissos. Como resultado, você irá se sentir desgastado e cansado, mas de alguma forma você vai conseguir conciliar todas essas responsabilidades. </QUEEN-OF-SWORDS-FUTURE>
<KING-OF-SWORDS-ONE>Este carta mostra que sua saúde será abalada agora. Você vai estar mentalmente exausto e frustrado fisicamente e pode ter que tomar alguma medicação. Há chances de que um de seus entes queridos fique internado por algum tempo. </KING-OF-SWORDS-ONE>
<KING-OF-SWORDS-PAST>Sua saúde esteve muito abalada. Você vai esteve mentalmente exausto e frustrado fisicamente e teve que fazer uso de algumas medicações. Uma pessoa de sua família ficou internada por algum tempo. </KING-OF-SWORDS-PAST>
<KING-OF-SWORDS-PRESENT>Sua saúde esta piorando agora. Você está mentalmente exausto e frustrado fisicamente e deve fazer uso de alguma medicação. Um parente deve ficar internado por algum tempo. </KING-OF-SWORDS-PRESENT>
<KING-OF-SWORDS-FUTURE>Sua saúde deverá sofrer um abalo. Você irá ficar exausto e frustrado fisicamente e terá que fazer uso de algumas medicações. Uma pessoa de sua família deverá ficar internada por algum tempo. </KING-OF-SWORDS-FUTURE>
<ACE-OF-WANDS-ONE>Esta carta indica que você vai ter mais atenção à sua saúde, e no caso de qualquer doença física ou mental, agora você vai procurar um tipo diferente de medicação. Alguém irá sugerir-lhe formas naturais para a cura de certas doenças e você vai adotar esses métodos. </ACE-OF-WANDS-ONE>
<ACE-OF-WANDS-PAST>Você teve mais atenção à sua saúde, e nas doenças físicas ou mentais, você procurou um tipo diferente de medicação. Alguém lhe sugeriu formas naturais para a cura de certas doenças e você adotou esses métodos. </ACE-OF-WANDS-PAST>
<ACE-OF-WANDS-PRESENT>Você esta prestando mais atenção à sua saúde, e no caso de qualquer doença física ou mental, agora, você vai procurar um tipo diferente de medicação. Alguém sugeriu formas naturais para a cura de certas doenças e você adotou esses métodos. </ACE-OF-WANDS-PRESENT>
<ACE-OF-WANDS-FUTURE>Você terá mais atenção à sua saúde, e no caso de qualquer doença física ou mental, você irá procurar um tipo diferente de medicação. Alguém irá sugerir-lhe formas naturais para a cura de certas doenças e você irá adotar esses métodos. </ACE-OF-WANDS-FUTURE>
<TWO-OF-WANDS-ONE>Esta carta mostra que você está sobrecarregando seu corpo. Você recorreu a minerais artificiais para ajudar o seu corpo e sua mente. Negligenciar uma dieta equilibrada pode revelar-se perigoso no futuro e uma rotina saudável é estritamente recomendada para você. </TWO-OF-WANDS-ONE>
<TWO-OF-WANDS-PAST>Você estava sobrecarregando seu corpo. Você recorreu a minerais artificiais para ajudar o seu corpo e sua mente. Negligenciar sua dieta foi perigoso para você, uma rotina saudável foi essencial para você. </TWO-OF-WANDS-PAST>
<TWO-OF-WANDS-PRESENT>Você provavelmente está sobrecarregando seu corpo. Você recorreu a minerais artificiais para ajudar o seu corpo e sua mente. Negligenciar uma dieta equilibrada pode lhe prejudicar futuramente. Uma rotina saudável é estritamente recomendada para você. </TWO-OF-WANDS-PRESENT>
<TWO-OF-WANDS-FUTURE>É provável que você esteja sobrecarregando o seu corpo. Você irá recorrer a minerais artificiais para ajudar o seu corpo e sua mente. Negligenciar uma dieta equilibrada irá lhe prejudicar futuramente. Uma rotina saudável é estritamente recomendada para você. </TWO-OF-WANDS-FUTURE>
<THREE-OF-WANDS-ONE>Esta carta indica que você está preocupado com a saúde de um ente querido. Isso irá o deixar estressado e você pode precisar de descanso. Não sobrecarregar-se, pois isso pode ser perigoso. Você também pode ter de visitar o dentista muito em breve. </THREE-OF-WANDS-ONE>
<THREE-OF-WANDS-PAST>Você estava preocupado com a saúde de uma pessoa próxima. Isso o deixou estressado e você precisar tirar um tempo para descansar. Você buscou não se sobrecarregar, para evitar problemas futuros. Você também teve que visitar o dentista. </THREE-OF-WANDS-PAST>
<THREE-OF-WANDS-PRESENT>Você está preocupado com a saúde de um ente querido. Isso o deixou estressado e agora você precisa de descanso. Não sobrecarregar-se, pois isso pode ser perigoso. Você também terá que visitar o dentista muito em breve. </THREE-OF-WANDS-PRESENT>
<THREE-OF-WANDS-FUTURE>É provável que você se preocupe com a saúde de um ente querido. Isso irá o deixar estressado e você pode precisar de descanso. Não sobrecarregar-se, pois isso pode ser perigoso. Você também pode ter de visitar o dentista futuramente. </THREE-OF-WANDS-FUTURE>
<FOUR-OF-WANDS-ONE>Esta carta mostra que você está enfrentando algum desconforto em sua vida pessoal e isso está o deixando estressado. Pode haver alguns outros problemas que começarão a aparecer com o passar do tempo, que devem fazer você se sentir agitado e causar algumas dores inesperadas em seu corpo. </FOUR-OF-WANDS-ONE>
<FOUR-OF-WANDS-PAST>Você pode ter enfrentando algum desconforto em sua vida pessoal e isso o deixou estressado. Alguns outros problemas apareceram com o passar do tempo, e fizeram você se sentir agitado e acabou causando algumas dores inesperadas em seu corpo. </FOUR-OF-WANDS-PAST>
<FOUR-OF-WANDS-PRESENT>Você esta enfrentando algum desconforto em sua vida pessoal e isso está o deixando estressado. Pode haver alguns outros problemas que começarão a aparecer com o passar do tempo, o que vai fazer você se sentir agitado e causar algumas dores inesperadas em seu corpo. </FOUR-OF-WANDS-PRESENT>
<FOUR-OF-WANDS-FUTURE>É provável que você enfrente algum desconforto em sua vida pessoal e isso pode o deixar estressado. Pode haver alguns outros problemas que começarão a aparecer com o passar do tempo, você deverá se sentir agitado e isso pode causar algumas dores inesperadas em seu corpo. </FOUR-OF-WANDS-FUTURE>
<FIVE-OF-WANDS-ONE>Esta carta indica que você finalmente esta recuperada de todas as doenças que você teve, e finalmente esta desfrutando de um bom e saudável estado de corpo e espírito. É provável que agora seja a hora certa de tirar férias com seu amado. </FIVE-OF-WANDS-ONE>
<FIVE-OF-WANDS-PAST>Você finalmente se recuperou de todas as doenças que você teve, e finalmente esta desfrutando de um bom e saudável estado de corpo e espírito. Esta foi a hora certa de tirar férias com seu amado. </FIVE-OF-WANDS-PAST>
<FIVE-OF-WANDS-PRESENT>Você finalmente esta recuperada de todas as doenças que você teve, e finalmente esta desfrutando de um bom e saudável estado de corpo e espírito. Agora é a hora certa de tirar férias com seu amado. </FIVE-OF-WANDS-PRESENT>
<FIVE-OF-WANDS-FUTURE>Você finalmente irá se recuperar de todas as doenças que você teve, e finalmente irá desfrutar de um bom e saudável estado de corpo e espírito. É provável que agora seja a hora certa de tirar férias com seu amado. </FIVE-OF-WANDS-FUTURE>
<SIX-OF-WANDS-ONE>Esta carta mostra que você está finalmente percebendo que é a hora certa de fazer uma pausa no trabalho e tirar um tempo para si mesmo. Esta pausa será útil para você ter algumas reuniões sociais e tentar fazer as coisas que você gosta. </SIX-OF-WANDS-ONE>
<SIX-OF-WANDS-PAST>Você finalmente percebeu a hora certa de fazer uma pausa no trabalho e tirar um tempo para si mesmo. Esta pausa foi útil para você ter algumas reuniões sociais e tentar fazer as coisas que você sempre quis. </SIX-OF-WANDS-PAST>
<SIX-OF-WANDS-PRESENT>Você está finalmente percebendo que é a hora certa de fazer uma pausa no trabalho e tirar um tempo para si mesmo. Participe de algumas reuniões sociais e tente fazer as coisas que você gosta. </SIX-OF-WANDS-PRESENT>
<SIX-OF-WANDS-FUTURE>Você irá perceber que é a hora certa de fazer uma pausa no trabalho e tirar um tempo para si mesmo. Esta pausa será útil para você ter algumas reuniões sociais e tentar fazer as coisas que você sempre quis. </SIX-OF-WANDS-FUTURE>
<SEVEN-OF-WANDS-ONE>Esta carta indica que você está agora se envolvendo em muitas atividades ao mesmo tempo e isso esta lhe deixando extremamente desconfortável e incomodada. Mas dificilmente você vai perceber esse sentimento agora. Não negligencie sua saúde nesta busca e preste atenção ao que você está comendo, especialmente quando você come fora de casa. </SEVEN-OF-WANDS-ONE>
<SEVEN-OF-WANDS-PAST>Você se envolveu em muitas atividades ao mesmo tempo e isso o deixou extremamente desconfortável e incomodada. Você conseguiu não negligenciar sua saúde, e prestar atenção em tudo o que está comendo, especialmente quando você come fora de casa. </SEVEN-OF-WANDS-PAST>
<SEVEN-OF-WANDS-PRESENT>Você está se envolvendo em muitas atividades ao mesmo tempo e isso esta lhe deixando extremamente desconfortável e incomodada. Não deixe sua saúde em segundo plano, e preste atenção ao que você está comendo, especialmente quando você come fora de casa. </SEVEN-OF-WANDS-PRESENT>
<SEVEN-OF-WANDS-FUTURE>É provável que você se envolva em muitas atividades ao mesmo tempo e isso pode lhe deixar extremamente desconfortável e incomodada. Mas dificilmente você vai perceber isso. Não negligencie sua saúde por causa de seu trabalho e preste atenção em sua alimentação, especialmente quando você come fora de casa. </SEVEN-OF-WANDS-FUTURE>
<EIGHT-OF-WANDS-ONE>Esta carta mostra que você está com o humor leve agora, sentindo-se saudável e em forma, você esta excessivamente atraído por seu parceiro. Isso também irá levar a um passeio romântico e sensual e essas atividades vão te manter ocupado por algum tempo. </EIGHT-OF-WANDS-ONE>
<EIGHT-OF-WANDS-PAST>Você estava com o humor leve, sentindo-se saudável e em forma, excessivamente atraído por seu parceiro. Isso o levou a vários passeios, romântico e sensual e essas atividades te manterão ocupado por algum tempo. </EIGHT-OF-WANDS-PAST>
<EIGHT-OF-WANDS-PRESENT>Você está com o humor leve agora, sentindo-se saudável e em forma, excessivamente atraído por seu parceiro. Isso também irá levar a uma serie de passeios romântico e sensual e essas atividades vão te manter ocupado por algum tempo. </EIGHT-OF-WANDS-PRESENT>
<EIGHT-OF-WANDS-FUTURE>É provável que seu humor fique leve, você se sinta saudável e em forma, excessivamente atraído por seu parceiro. Isso também irá levar a passeios românticos e essas atividades vão te manter ocupado por algum tempo. </EIGHT-OF-WANDS-FUTURE>
<NINE-OF-WANDS-ONE>Este carta indica que sua condição física tem piorado e você vai não esta s sentindo bem. Isto pode causar alguma irritação e você pode ter que usar alguns medicamentos para lidar com isso, o fato de você ter que lidar com alguns documentos nesse momento, esta se tornando muito cansativo para você. </NINE-OF-WANDS-ONE>
<NINE-OF-WANDS-PAST>Sua condição física piorou com o passar do tempo. E isso lhe causou irritação, e o uso de alguns medicamentos. Você lidou com uma papelada importante, o que acabou sendo muito cansativo para você. </NINE-OF-WANDS-PAST>
<NINE-OF-WANDS-PRESENT>Sua condição física pode estar passando por uma fase ruim e você pode sentir-que a negligenciou demais com o passar do tempo. Isso pode lhe causar irritação, e algumas visitas ao hospital vão ser necessárias, o fato de você ter que lidar com alguns documentos nesse momento, esta se tornando muito cansativo para você. </NINE-OF-WANDS-PRESENT>
<NINE-OF-WANDS-FUTURE>Sua condição física deverá piorar pelo fato de você ter a negligenciado no passado. Há chances de você ter que visitar o hospital por conta disso, e ter que lidar com certos documentos pode ser um agravante para você. </NINE-OF-WANDS-FUTURE>
<TEN-OF-WANDS-ONE>Esta carta mostra que o seu trabalho ou alguns problemas pessoais irão cobrar um preço em você e tentar assumir muitas responsabilidades fará você se sentir fisicamente esgotado e dificilmente haverá tempo para você descansar, isso pode resultar em algum tipo de doença. Você vai ter que desacelerar as coisas para um ritmo pelo menos razoável. </TEN-OF-WANDS-ONE>
<TEN-OF-WANDS-PAST>Seus problemas pessoais ou de trabalho cobraram um preço caro. Você estava fisicamente esgotado desde que você tentou arcar com varias responsabilidades. Quase não houve tempo para você descansar. Isso quase resultou em algum tipo de doença. Você teve que retardar as coisas e seguir um ritmo mais razoável. </TEN-OF-WANDS-PAST>
<TEN-OF-WANDS-PRESENT>Seus problemas pessoais ou de trabalho estão cobrando um preço alto. Você esta fisicamente esgotado depois de tentar assumir varias responsabilidades. Você não esta conseguindo tempo para descansar. É perigoso isso resultar em algum tipo de doença. Você tem que desacelerar as coisas e seguir um ritmo mais razoável. </TEN-OF-WANDS-PRESENT>
<TEN-OF-WANDS-FUTURE>Seus problemas pessoais ou de trabalho vão cobrar um preço caro. Você irá ficar fisicamente esgotado por tentar assumir varias responsabilidades. Quase não vai haver tempo para você descansar. Isso quase resultou em algum tipo de doença. Você terá que desacelerar as coisas e seguir um ritmo mais tranquilo. </TEN-OF-WANDS-FUTURE>
<PAGE-OF-WANDS-ONE>Você vai ter que tomar alguns medicamentos que pode ser para problemas pequenos ou grandes. Esta carta indica que você está se sentindo irritado por causa de coisas que estão acontecendo ao seu redor e isso pode estar relacionado ao trabalho ou a problemas pessoais. Você vai ter que praticar a virtude da paciência e ser prático em sua abordagem. </PAGE-OF-WANDS-ONE>
<PAGE-OF-WANDS-PAST>Você teve que tomar alguns medicamentos que serviram para problemas pequenos e grandes. Esta carta indica que você estava se sentindo irritado por causa de coisas que estavam acontecendo ao seu redor e isso estava relacionado ao seu trabalho ou a problemas pessoais. Você vai teve que ser paciente e prático em sua abordagem. </PAGE-OF-WANDS-PAST>
<PAGE-OF-WANDS-PRESENT>Você vai ter que tomar alguns medicamentos que pode ser para problemas pequenos ou grandes. Esta carta indica que você está se sentindo irritado por causa de coisas que estão acontecendo ao seu redor e isso pode estar relacionado a problemas pessoais ou no seu trabalho. Você tem que praticar a virtude da paciência e ser prático em sua abordagem. </PAGE-OF-WANDS-PRESENT>
<PAGE-OF-WANDS-FUTURE>Você terá que tomar alguns medicamentos que pode ser para problemas pequenos ou grandes. Esta carta indica que você irá se sentir irritado por causa de coisas que vão acontecer ao seu redor e isso pode estar relacionado ao trabalho ou a problemas pessoais. Você terá que praticar a virtude da paciência e ser prático em sua abordagem a partir daqui. </PAGE-OF-WANDS-FUTURE>
<KNIGHT-OF-WANDS-ONE>Esta carta mostra que seu corpo irá passar por momentos difíceis, com o acumulo de atividades você não irá conseguir tempo para descansar. Isso também pode afetar suas condições mentais. </KNIGHT-OF-WANDS-ONE>
<KNIGHT-OF-WANDS-PAST>Seu corpo passou por momentos difíceis, com o acumulo de atividades você não conseguiu tempo para descansar. Isso também afetou suas condições mentais. </KNIGHT-OF-WANDS-PAST>
<KNIGHT-OF-WANDS-PRESENT>Seu corpo esta passando por momentos difíceis, com o acumulo de atividades você não esta conseguindo tempo para descansar. Isso também pode afetar suas condições mentais. </KNIGHT-OF-WANDS-PRESENT>
<KNIGHT-OF-WANDS-FUTURE>Seu corpo pode ficar susceptível de passar por momentos difíceis, com o acumulo de atividades você não irá conseguir tempo para descansar. Isso também pode afetar suas condições mentais. </KNIGHT-OF-WANDS-FUTURE>
<QUEEN-OF-WANDS-ONE>Esta carta mostra que você esta com muita energia, inspirado a fazer algumas mudanças construtivas em seu estilo de vida e saúde. Você está disposto a mudar certas coisas em sua vida tentando se aproximar de uma forma mais equilibrada de se viver. </QUEEN-OF-WANDS-ONE>
<QUEEN-OF-WANDS-PAST>Você estava com muita energia, o que o inspirou a fazer algumas mudanças construtivas em seu estilo de vida e saúde. Você mudou certas coisas em sua vida tentando se aproximar de uma forma mais equilibrada para se viver. </QUEEN-OF-WANDS-PAST>
<QUEEN-OF-WANDS-PRESENT>Você está com muita energia, inspirado a fazer algumas mudanças construtivas em seu estilo de vida e saúde. Você está disposto a mudar certas coisas em sua vida para se aproximar de uma forma mais equilibrada de vida. </QUEEN-OF-WANDS-PRESENT>
<QUEEN-OF-WANDS-FUTURE>Você pode estar com muita energia, o que irá o inspirar a fazer algumas mudanças construtivas em seu estilo de vida e saúde. Você estará disposto a mudar certas coisas em sua vida tentando se aproximar de uma forma mais equilibrada de se viver. </QUEEN-OF-WANDS-FUTURE>
<KING-OF-WANDS-ONE>Esta carta indica que você está disposto a improvisar em seus regimes de saúde e fitness, podendo consultar um nutricionista. Pode haver alguns problemas emocionais como ansiedade ou apreensão e você pode sofrer algum tipo de dor. </KING-OF-WANDS-ONE>
<KING-OF-WANDS-PAST>Você estava disposto a improvisar em seus regimes de saúde e fitness, e para isso consultou um nutricionista. Alguns problemas emocionais como ansiedade ou apreensão apareceram, e esse processo acabou sendo um pouco doloroso para você. </KING-OF-WANDS-PAST>
<KING-OF-WANDS-PRESENT>Você esta disposto a improvisar com relação à saúde e seu corpo, consultando um nutricionista para lhe ajudar. Pode haver alguns problemas emocionais como ansiedade ou apreensão e você pode sofrer algum tipo de dor. </KING-OF-WANDS-PRESENT>
<KING-OF-WANDS-FUTURE>Você pode improvisar em seus regimes de saúde e fitness, podendo consultar um nutricionista para lhe auxiliar nisso. Alguns problemas emocionais como ansiedade ou apreensão podem aparecer, e você pode sofrer algum tipo de dor. </KING-OF-WANDS-FUTURE>
<THE-MAGICIAN-ONE>Esta carta indica que você pode enfrentar alguns momentos de estresse agora. Alguns trabalhos e questões relacionadas com a sua casa podem custar caro e você não será capaz de encontrar uma solução para seus problemas de saúde por causa de várias complicações e resultados incertos. Você terá que visitar vários médicos antes de chegar à conclusão certa. </THE-MAGICIAN-ONE>
<THE-MAGICIAN-PAST>Você pode ter enfrentado alguns momentos de estresse. Alguns trabalhos e questões relacionadas com a sua casa cobraram um preço alto a sua saúde e você não foi capaz de encontrar uma solução para seus problemas de saúde por causa de várias complicações e resultados incertos. Você teve que visitar vários médicos antes de chegar à conclusão certa. </THE-MAGICIAN-PAST>
<THE-MAGICIAN-PRESENT>Você está enfrentando alguns momentos de estresse. Alguns trabalhos e questões relacionadas com a sua casa podem custar caro e você não será capaz de encontrar uma solução para seus problemas de saúde por causa de várias complicações e resultados incertos. Você terá que visitar vários médicos antes de chegar à conclusão certa. </THE-MAGICIAN-PRESENT>
<THE-MAGICIAN-FUTURE>Você pode ter que enfrentar alguns momentos de estresse futuramente. Alguns trabalhos e questões relacionadas com a sua casa podem custar caro e você não será capaz de encontrar uma solução para seus problemas de saúde por causa de várias complicações e resultados incertos. Você terá que visitar vários médicos antes de chegar à conclusão certa. </THE-MAGICIAN-FUTURE>
<THE-HIGH-PRIESTESS-ONE>Este carta mostra que você pode estar preso em seu passado e isso pode estar afetado a sua estabilidade mental ou física. Mas agora as coisas parecem estar melhorando, e você vai finalmente ver algum alívio e vai começar a sentir melhor muito em breve. </THE-HIGH-PRIESTESS-ONE>
<THE-HIGH-PRIESTESS-PAST>Você pode ter ficado preso em passado e isso pode ter afetado a sua estabilidade mental ou física. Mas as coisas foram se acertando, e você vai finalmente ver algum alívio e começou a se sentir melhor. </THE-HIGH-PRIESTESS-PAST>
<THE-HIGH-PRIESTESS-PRESENT>Você esta preso em seu passado e isso esta afetado a sua estabilidade mental ou física. Mas agora as coisas parecem estar melhorando, e você vai finalmente ver algum alívio e logo irá começar a se sentir melhor. </THE-HIGH-PRIESTESS-PRESENT>
<THE-HIGH-PRIESTESS-FUTURE>Você pode ficar preso a seu passado e isso pode afetar a sua estabilidade mental ou física. Mas as coisas provavelmente vão melhorar, e você finalmente ver algum alívio e vai começar a sentir melhor em breve. </THE-HIGH-PRIESTESS-FUTURE>
<THE-EMPRESS-ONE>Esta carta indica que você pode passar por alguns problemas referentes ao seu corpo, especialmente o seu pescoço. Você terá que entrar em contato com o lado espiritual, e tentar conhecer melhor seu corpo e suas necessidades e, em seguida, participar de uma terapia física ou yoga para relaxá-lo. </THE-EMPRESS-ONE>
<THE-EMPRESS-PAST>Você teve problemas referentes ao seu corpo, especialmente com seu pescoço. Você teve que entrar em contato com o lado espiritual, e tentar conhecer melhor seu corpo e suas necessidades e, em seguida, participar de uma terapia física ou yoga para relaxá-lo. </THE-EMPRESS-PAST>
<THE-EMPRESS-PRESENT>Você esta passando por problemas referentes ao seu corpo, especialmente o seu pescoço. Você esta precisando entrar em contato com o seu lado espiritual, para tentar conhecer melhor seu corpo e suas necessidades e, em seguida, participar de uma terapia física ou yoga para relaxá-lo. </THE-EMPRESS-PRESENT>
<THE-EMPRESS-FUTURE>É provável que você passe por alguns problemas referentes ao seu corpo, especialmente o seu pescoço. Você terá que entrar em contato com o seu lado espiritual, e tentar conhecer melhor seu corpo e suas necessidades e, em seguida, participar de uma terapia física ou yoga para relaxá-lo. </THE-EMPRESS-FUTURE>
<THE-EMPEROR-ONE>Esta carta indica que pode haver alguns problemas graves relacionados com a sua saúde. Precaução e cuidado serão necessários para curar suas dores. Você vai ganhar força e irá conseguir lutar contra a doença, mas é aconselhável que você não mostre qualquer negligência em relação ao seu corpo novamente. </THE-EMPEROR-ONE>
<THE-EMPEROR-PAST>Pode ter havido problemas graves relacionados à sua saúde. Precaução e cuidado serão necessários para curar suas dores. Você ganhou força para conseguir lutar contra a sua doença, mas é aconselhável que você não mostre qualquer negligência em relação ao seu corpo novamente. </THE-EMPEROR-PAST>
<THE-EMPEROR-PRESENT>Você esta lidando com alguns problemas graves relacionados à sua saúde. Precaução e cuidado serão necessários para curar suas dores. Você esta ganhando força para conseguir lutar contra a sua doença, mas é aconselhável que você não mostre qualquer negligência em relação ao seu corpo novamente. </THE-EMPEROR-PRESENT>
<THE-EMPEROR-FUTURE>Há probabilidade de haver alguns problemas graves relacionados à sua saúde. Precaução e cuidado serão necessários para curar suas dores. Você irá ganhar força para conseguir lutar contra a sua doença, mas é aconselhável que você não mostre qualquer negligência em relação ao seu corpo novamente. </THE-EMPEROR-FUTURE>
<THE-HIEROPHANT-ONE>Esta carta indica que você precisa prestar mais atenção em sua saúde. Existe a possibilidade de você passar por problemas de pressão arterial e tosse severa. Exames regulares e alguns cuidados médicos podem ser importantes para você nesse momento. </THE-HIEROPHANT-ONE>
<THE-HIEROPHANT-PAST>Você deu atenção a sua saúde, e a tratou como prioridade. Problemas de pressão arterial e uma tosse severa atacaram você. Exames regulares contribuíram para melhorar a sua condição. </THE-HIEROPHANT-PAST>
<THE-HIEROPHANT-PRESENT>Você tem que prestar mais atenção em sua saúde. Existe a possibilidade de você passar por problemas de pressão arterial e sofrer com tosse. Exames regulares e alguns cuidados médicos serão importantes para você nesse momento. </THE-HIEROPHANT-PRESENT>
<THE-HIEROPHANT-FUTURE>Você pode ter que prestar atenção em sua saúde, e a torna uma prioridade. Existe a possibilidade de problemas de pressão arterial baixa ou alta e tosse atingirem você. Exames regulares podem melhorar sua condição. </THE-HIEROPHANT-FUTURE>
<THE-LOVERS-ONE>Essa carta mostra que seu corpo está em uma forma e mais saudável e você está se sentindo feliz com isso. É provável que você fique mais dinâmico fisicamente e cada vez mais ativo agora. Você vai tentar criar um equilíbrio entre seu corpo e sua mente. </THE-LOVERS-ONE>
<THE-LOVERS-PAST>Esta carta mostrou que seu corpo esta ficando cada dia mais em forma e saudável e você está se sentindo cada vez mais feliz com isso. Isso te deixou mais dinâmico fisicamente e cada vez mais ativo. Você tentou criar um equilíbrio entre seu corpo e sua mente. </THE-LOVERS-PAST>
<THE-LOVERS-PRESENT>Você esta com o corpo em forma e saudável e você está se sentindo feliz com isso. Você este mais dinâmico fisicamente e cada vez mais ativo agora. Você esta tentando criar um equilíbrio entre seu corpo e sua mente. </THE-LOVERS-PRESENT>
<THE-LOVERS-FUTURE>Seu corpo vai ficar cada vez mais em forma e mais saudável e você está se sentindo feliz com isso. É provável que você fique mais dinâmico fisicamente e cada vez mais ativo. Você irá tentar criar um equilíbrio entre seu corpo e sua mente. </THE-LOVERS-FUTURE>
<THE-CHARIOT-ONE>Esta carta indica que você está profundamente envolvido no seu trabalho e você não esta sendo capaz de cuidar das necessidades do seu corpo. Se você continuar levando as coisas assim você irá ficar doente devido ao excesso de atividades. Este é um bom momento para visitar o médico para um check-up e se refugiar em um lugar tranquilo durante o fim de semana. </THE-CHARIOT-ONE>
<THE-CHARIOT-PAST>Você estava muito envolvido no seu trabalho e não estava sendo capaz de cuidar das necessidades do seu corpo. Você teve que repensar o jeito de levar as coisas, porque você poderia ficar doente devido ao excesso de atividades. Este foi um bom momento para visitar o médico para um check-up e se refugiar em um lugar tranquilo durante o fim de semana foi uma boa ideia. </THE-CHARIOT-PAST>
<THE-CHARIOT-PRESENT>Você está profundamente envolvido no trabalho e não esta sendo capazes de cuidar das necessidades do seu corpo. Se você continuar levando as coisas assim você vai ficar doente devido ao excesso de atividades. Este é um bom momento para visitar o médico para um check-up e se refugiar em um lugar tranquilo durante o fim de semana. </THE-CHARIOT-PRESENT>
<THE-CHARIOT-FUTURE>É provável que você esteja profundamente envolvido no trabalho e pode não ser capaz de cuidar das necessidades do seu corpo. Este ato pode fazer você ficar doente devido ao excesso de atividades que você esta enfrentando. Será um bom momento para visitar o médico para um check-up e se refugiar em um lugar tranquilo durante o fim de semana. </THE-CHARIOT-FUTURE>
<STRENGTH-ONE>Esta carta mostra que você vai ficar tranquilo com sua saúde agora. A carta da força significa alto astral físico e mental e mesmo que haja algumas pequenas questões relativas a seu corpo, você pode facilmente superá-las. Sua força de vontade e entusiasmo será apreciada por todos ao seu redor. </STRENGTH-ONE>
<STRENGTH-PAST>Você esteve tranquilo com relação a sua saúde. Seu alto astral físico e mental estiveram em evidencia, e algumas pequenas questões relativas a seu corpo, apareceram, mas você facilmente as superou. Sua força de vontade e entusiasmo foi apreciada por todos ao seu redor. </STRENGTH-PAST>
<STRENGTH-PRESENT>Você esta tranquilo com sua saúde. A carta da força significa alto astral físico e mental, e mesmo que algumas questões relativas a seu corpo apareçam você pode facilmente superá-las. Sua força de vontade e entusiasmo está sendo apreciada por todos ao seu redor. </STRENGTH-PRESENT>
<STRENGTH-FUTURE>Você vai ficar tranquilo com sua saúde. A carta da força significa alto astral físico e mental e mesmo que algumas pequenas questões relativas a seu corpo comecem a aparecer, você irá facilmente superá-las. Sua força de vontade e entusiasmo será apreciada por todos ao seu redor. </STRENGTH-FUTURE>
<THE-HERMIT-ONE>Esta carta indica que você vai emocionalmente se sentir contrariado e isso pode conduzir você mentalmente para baixo. Há possibilidades de doenças, que vão resultar vários compromissos médicos. Mas isso não vai durar por muito tempo e logo as coisas vão melhorar. </THE-HERMIT-ONE>
<THE-HERMIT-PAST>Você se sentiu emocionalmente contrariado e isso o conduziu mentalmente para baixo. Algumas doenças vão resultar em vários compromissos médicos. Mas isso não durou por muito tempo e logo as coisas melhoraram. </THE-HERMIT-PAST>
<THE-HERMIT-PRESENT>Você esta emocionalmente se sentindo contrariado e isso pode conduzir você mentalmente para baixo. Doenças vão resultar em vários compromissos médicos. Mas isso não vai durar por muito tempo e logo as coisas vão melhorar. </THE-HERMIT-PRESENT>
<THE-HERMIT-FUTURE>É provável que você se sinta emocionalmente contrariado e isso pode conduzir você mentalmente para baixo. Há possibilidades de doenças aparecerem, e isso pode resultar em vários compromissos médicos. Mas isso não vai durar por muito tempo e logo as coisas vão melhorar. </THE-HERMIT-FUTURE>
<WHEEL-OF-FORTUNE-ONE>Esta carta mostra que você está se sentindo muito instável por causa de pressões no trabalho, você esta trabalhado mais a cada dia e esta ficando a cada dia mais estressado também. Alguns pensamentos negativos podem estar afetando você, mas isso é apenas uma fase e ela vai passar muito em breve. </WHEEL-OF-FORTUNE-ONE>
<WHEEL-OF-FORTUNE-PAST>Seu sentimento de instabilidade foi causado por pressões mentais e de trabalho. Você estava trabalhado mais a cada dia e estava ficando a cada dia mais estressado também. Alguns pensamentos negativos afetaram você, mas isso foi apenas uma fase e ela passou de forma rápida. </WHEEL-OF-FORTUNE-PAST>
<WHEEL-OF-FORTUNE-PRESENT>Você está se sentindo muito instável. Trabalho e pressões mentais estão fazendo você se sentir mais estressado. Pensamentos negativos estão afetando você, mas isso será apenas uma fase. </WHEEL-OF-FORTUNE-PRESENT>
<WHEEL-OF-FORTUNE-FUTURE>É provável que você se sinta muito instável. Trabalho e pressões mentais podem fazer você se sentir mais estressado. Há chances para alguns pensamentos negativos aparecerem, mas isso só vai ser uma fase que vai passar eventualmente. </WHEEL-OF-FORTUNE-FUTURE>
<JUSTICE-ONE>Esta carta mostra que há chances de você visitar um médico para um check-up normal e descobrir um problema sério. Isto pode vir como uma surpresa, mas o médico terá conhecimento suficiente para ajudá-lo a se livrar deste novo problema de saúde. </JUSTICE-ONE>
<JUSTICE-PAST>Você foi visitar um médico para um check-up normal e descobrir um problema sério. Isto veio como uma surpresa, mas o médico teve conhecimento suficiente para ajudá-lo a se livrar deste novo problema de saúde. </JUSTICE-PAST>
<JUSTICE-PRESENT>Você pode visitar um médico para um check-up normal e descobrir um problema sério. Isto pode será uma surpresa, mas o médico terá conhecimento suficiente para ajudá-lo a se livrar deste novo problema de saúde. </JUSTICE-PRESENT>
<JUSTICE-FUTURE>Há chances de você visitar um médico para um check-up normal e descobrir um problema sério. Isto pode ser uma grande surpresa, mas o médico terá conhecimento suficiente para ajudá-lo a se livrar deste novo problema de saúde. </JUSTICE-FUTURE>
<THE-HANGED-MAN-ONE>Esta carta indica que você está se sentindo inquieto e ansioso sobre algo. Este é o momento que você dá ao seu corpo e sua mente um descanso antes de começa a mostrar sinais de doença e a afastando de pessoas que estão incentivando essa sua apreensão. </THE-HANGED-MAN-ONE>
<THE-HANGED-MAN-PAST>Você se sentiu inquieto e ansioso sobre algo. E foi o momento que você resolveu dar ao seu corpo e sua mente, oferecendo um descanso antes de começa a mostrar sinais de doença e a afastando de pessoas que estão incentivando essa sua apreensão. </THE-HANGED-MAN-PAST>
<THE-HANGED-MAN-PRESENT>Você está se sentindo inquieto e ansioso sobre algo. Este é o momento que você dá ao seu corpo e sua mente um descanso antes de começa a mostrar sinais de doença e a afastando de pessoas que estão incentivando essa sua apreensão. </THE-HANGED-MAN-PRESENT>
<THE-HANGED-MAN-FUTURE>É provável que você se sinta inquieto e ansioso sobre algo. Esse será o momento que você irá dar ao seu corpo e sua mente um descanso antes de começa a mostrar sinais de doença e a afastando de pessoas que estão incentivando essa sua apreensão. </THE-HANGED-MAN-FUTURE>
<DEATH-ONE>Esta carta mostra que algo em torno de você esta lhe fazendo muito infeliz. Este é o momento em que você estará conferindo o resultado de alguma doença grave. Você vai ter prestar atenção nas coisas boas, isso irá te ajudar a superar o mal que está acontecendo ao seu redor. Você vai receber muito amor e carinho de sua família agora. </DEATH-ONE>
<DEATH-PAST>Algo o deixou muito infeliz. Você passou por um momento delicado conferindo alguns resultados com relação a uma doença grave. Você teve que focar nas coisas boas, isso te ajudou a superar o mal ao seu redor. Você recebeu muito amor e carinho de sua família. </DEATH-PAST>
<DEATH-PRESENT>Alguma coisa em torno de você esta o deixando muito infeliz. Este é o momento em que você estará conferindo o resultado de alguma doença grave. Você tem que prestar atenção nas coisas boas, isso irá te ajudar a superar o mal que está acontecendo ao seu redor. Você esta recebendo muito amor e carinho de sua família agora. </DEATH-PRESENT>
<DEATH-FUTURE>Algo em torno de você irá o deixar muito infeliz. Você irá conferir o resultado de alguma doença grave. Você terá que prestar atenção nas coisas boas, isso te ajudará a superar o mal que está acontecendo ao seu redor. Você vai receber muito amor e carinho de sua família agora. </DEATH-FUTURE>
<TEMPERANCE-ONE>Esta carta indica que você não terá o tempo para visitar o médico por causa de sua agenda lotada e isso pode causar problemas futuros. Você vai ter que prestar atenção na sua saúde e priorizar uma visita ao médico o mais rápido possível. </TEMPERANCE-ONE>
<TEMPERANCE-PAST>Sua agenda lotada não permitiu que você fosse visitar um médico. Isto causou problemas em sua saúde. Você tentou prestar mais atenção à saúde, indo ao médico a tempo de se curar. </TEMPERANCE-PAST>
<TEMPERANCE-PRESENT>Sua agenda lotada não esta permitindo que você vá visitar um médico. Isto esta lhe causando problemas. Você tem que tentar prestar mais atenção na sua saúde, indo ao médico a tempo de evitar problemas mais sérios. </TEMPERANCE-PRESENT>
<TEMPERANCE-FUTURE>Sua agenda lotada não lhe permitiu que você fosse visitar um médico. Isto irá causar problemas com relação a sua saúde. Você tem que tentar prestar mais atenção na sua saúde, indo ao médico e evitando problemas mais sérios. </TEMPERANCE-FUTURE>
<THE-DEVIL-ONE>Esta carta mostra que a exaustão e a preocupação constante fará você se sentir letárgico e cansado. Você pode não perceber inicialmente, mas, eventualmente, você vai notar que está trabalhando um pouco demais e isso está o deixando constantemente estressado o que pode instigar você a tomar algumas pílulas. </THE-DEVIL-ONE>
<THE-DEVIL-PAST>Cansaço e preocupação constante fizeram você se sentir letárgico e exausto. Você pode não ter percebido inicialmente, mas você notou que está trabalhando um pouco demais e isso estava o deixando constantemente estressado o que instigou você a tomar algumas pílulas. </THE-DEVIL-PAST>
<THE-DEVIL-PRESENT>Preocupações constantes e cansaço estão fazendo você letárgico e exausto. Você pode não perceber inicialmente, mas, eventualmente, você vai notar que está trabalhando um pouco demais e isso está o deixando constantemente estressado o que pode instigar você a tomar algumas pílulas. </THE-DEVIL-PRESENT>
<THE-DEVIL-FUTURE>Exaustão e preocupação constante são susceptíveis de fazer você se sentir letárgico e cansado. Você pode não perceber inicialmente, mas, eventualmente, você acabar notando que está trabalhando um pouco demais e isso está o deixando constantemente estressado o que pode instigar você a tomar algumas pílulas. </THE-DEVIL-FUTURE>
<THE-TOWER-ONE>Esta carta indica que você passará por um incidente infeliz que pode causar algumas visitas ao hospital. Você passará por momentos estressantes por causa deste caos, mas você vai sobreviver. Um membro da família pode o ajudar durante esses momentos difíceis. </THE-TOWER-ONE>
<THE-TOWER-PAST>Um infeliz incidente levou você a visitar o hospital. Momentos de estresse podem ter ocorrido a partir do caos, mas você sobreviveu a isso tudo. Um membro de sua família o ajudou durante esses tempos difíceis. </THE-TOWER-PAST>
<THE-TOWER-PRESENT>Você terá que visitar um hospital devido a um incidente. Momentos de estresses podem ocorrer, mas você vai sobreviver. Um membro da família irá lhe ajudar durante esses tempos difíceis. </THE-TOWER-PRESENT>
<THE-TOWER-FUTURE>É provável que você passe por um incidente infeliz que pode resultar em visitas ao hospital. Momentos de estresse são possíveis, mas você acabará por sobreviver. Um membro da família pode ajudá-lo durante esses tempos difíceis. </THE-TOWER-FUTURE>
<THE-STAR-ONE>Esta carta mostra que algo vai inspirar seus pensamentos, e isso irá acontecer com a ajuda de um amigo; você vai montar um plano para o seu bem-estar. Este processo pode ser um pouco tedioso e você pode ter que passar por algumas rodadas de exames médicos e testes, mas você será feliz tomou essa decisão. </THE-STAR-ONE>
<THE-STAR-PAST>Um novo pensamento pode ter sido desenvolvido em sua mente com a ajuda de um amigo, você tentou montar um plano para o seu bem-estar. Este processo foi um pouco tedioso e você passou por algumas rodadas de exames médicos e testes, porém no final de tudo, sua decisão valeu a pena. </THE-STAR-PAST>
<THE-STAR-PRESENT>Algo pode inspirar um novo pensamento em sua mente, você vai montar um plano para o seu bem-estar. Este processo será um pouco tedioso e você esta passando por alguns exames médicos e testes, mas será feliz tomando essa decisão. </THE-STAR-PRESENT>
<THE-STAR-FUTURE>Algo pode inspirar um novo pensamento em sua mente, e você irá montar um plano para o seu bem-estar. Este processo pode ser um pouco tedioso e você pode ter que passar por algumas rodadas de exames médicos e testes, mas você será feliz tomando essa decisão. </THE-STAR-FUTURE>
<THE-MOON-ONE>Esta carta indica que você terá de enfrentar alguns problemas de saúde que ainda não estão visíveis. Estes problemas podem parecer pequenos, mas precisa de sua atenção, pois podem se tornar grandes se você não cuidar. Você também vai enfrentar um pouco de dor no joelho e problemas nas costas. </THE-MOON-ONE>
<THE-MOON-PAST>Você pode ter enfrentado alguns problemas de saúde que ainda não estavam visíveis. Estes problemas podem ter parecido pequenos, mas precisaram de sua atenção, pois podiam se complicar. Você também enfrentou dor no joelho e problemas nas costas. </THE-MOON-PAST>
<THE-MOON-PRESENT>Você está enfrentando alguns problemas de saúde que ainda não estão visíveis. Estes problemas podem parecer pequenos, mas precisam de sua atenção, pois podem se tornar grandes. Você também esta enfrentando dores no joelho e problemas nas costas. </THE-MOON-PRESENT>
<THE-MOON-FUTURE>É provável que você enfrente alguns problemas de saúde que ainda não estão visíveis. Estes problemas podem parecer pequenos, mas você irá precisar dar atenção a eles, pois podem se tornar grandes se você não cuidar. Você também poderá enfrentar dores no joelho e problemas nas costas. </THE-MOON-FUTURE>
<THE-SUN-ONE>Esta carta mostra que você está sentindo um pouco desmotivado. Agora você irá analisar de perto a si mesmo tentando identificar seus erros. Nenhuma doença física esta afetando você. Você lerá mais sobre questões de saúde e bem-estar por causa de um ente querido. </THE-SUN-ONE>
<THE-SUN-PAST>Você estava se sentindo um pouco desmotivado. Você fez uma analise de si mesmo tentando identificar seus erros. Nenhuma doença física afetou você. Você se dedicou mais a leitura sobre questões de saúde e bem-estar por causa de um ente querido. </THE-SUN-PAST>
<THE-SUN-PRESENT>Você está se sentindo um pouco desmotivado. Agora você está analisando de perto a si mesmo tentando identificar aonde vem errando. Nenhuma doença física esta afetando você. Você lerá mais sobre questões de saúde e bem-estar por causa de um ente querido. </THE-SUN-PRESENT>
<THE-SUN-FUTURE>É provável se sinta um pouco desmotivado. Agora você vai buscar analisar de perto a si mesmo tentando identificar erros que cometeu. Nenhuma doença física deverá afetar você. Você lerá mais sobre questões de saúde e bem-estar por causa de um ente querido. </THE-SUN-FUTURE>
<JUDGEMENT-ONE>Esta carta indica que você pode ter que enfrentar alguma instabilidade física por causa de estresse ou dieta inadequada. Você terá preocupações com a saúde de um ente querido e vai tentar dar o seu melhor para resolver isso. Várias visitas ao hospital e reuniões com médicos vão tomar grande parte do seu tempo. </JUDGEMENT-ONE>
<JUDGEMENT-PAST>Você pode ter enfrentar alguma instabilidade física por causa de estresse ou dieta inadequada. Você se preocupou com a saúde de um ente querido e se dedicou ao máximo para resolver isso. Várias visitas ao hospital e reuniões com médicos tomarão grande parte do seu tempo. </JUDGEMENT-PAST>
<JUDGEMENT-PRESENT>Você esta enfrentando instabilidade física por causa de estresse ou dieta inadequada. Você esta se preocupando com a saúde de um ente querido e esta dando o seu melhor para resolver isso. Várias visitas ao hospital e reuniões com médicos vão tomar grande parte do seu tempo. </JUDGEMENT-PRESENT>
<JUDGEMENT-FUTURE>É provável que você enfrente alguma instabilidade física por causa de estresse ou dieta inadequada. Você terá preocupações com a saúde de um ente querido e irá dar o seu melhor para resolver isso. Várias visitas ao hospital e reuniões com médicos deverá tomar grande parte do seu tempo. </JUDGEMENT-FUTURE>
<THE-WORLD-ONE>Esta carta mostra que você pode já estar sofrendo de uma doença ou de uma lesão e estará em recuperação a partir desse momento. Você vai ver que, mesmo de forma lenta você está fazendo progresso, embora existam chances desses problemas persistirem com o tempo. É recomendável que você ganhe mais conhecimento sobre seus problemas de saúde e tome medidas para evitar um avanço do problema. </THE-WORLD-ONE>
<THE-WORLD-PAST>Você pode ter sofrido de uma doença ou de uma lesão, mas acabou se recuperando. Você vai ver que, mesmo de forma lenta você fez progresso em seu problema, embora existam chances desses problemas persistirem com o tempo. Você adquiriu mais conhecimento sobre seus problemas de saúde e tomou medidas para evitar um avanço desse problema. </THE-WORLD-PAST>
<THE-WORLD-PRESENT>Você esta sofrendo de uma doença ou de uma lesão e esta em recuperação. Mesmo de forma lenta está fazendo progresso, embora existam chances desses problemas persistirem com o tempo. Você esta procurando ganhar mais conhecimento sobre seus problemas de saúde para evitar um avanço do problema. </THE-WORLD-PRESENT>
<THE-WORLD-FUTURE>Você pode sofrer de uma doença ou de uma lesão e mesmo que de forma lenta, você irá se recuperar, mesmo sendo provável que esse problema possa voltar no futuro. É recomendável que você ganhe mais conhecimento sobre seus problemas de saúde e tome medidas para evitar novos problemas. </THE-WORLD-FUTURE>
<THE-FOOL-ONE>Esta carta indica que você está preocupado com sua saúde e vai fazer checkup de forma regular agora. Os seus dentes brancos e brilhantes também podem precisar de um pouco de atenção agora, então você terá que visitar um dentista. Você vai conhecer novos métodos de cura através de um amigo e você vai estar disposto a tentar estes métodos. </THE-FOOL-ONE>
<THE-FOOL-PAST>Você estava preocupado com sua saúde e começou a ir para exames regulares. Seu branco perolado precisava de atenção e por isso você tinha que visitar o seu dentista. Você sabia que os novos métodos de cura de um amigo e estavam dispostos a tentar estes métodos. </THE-FOOL-PAST>
<THE-FOOL-PRESENT>Você está preocupado com sua saúde e vai fazer checkup de forma regular agora. Os seus dentes brancos e brilhantes também estão precisando de um pouco de atenção, e você irá visitar um dentista. Você esta conhecendo novos métodos de cura através de um amigo e esta disposto a tentar usar estes métodos. </THE-FOOL-PRESENT>
<THE-FOOL-FUTURE>É provável que você fique mais preocupado com saúde, e passará a fazer checkup de forma regular agora. Os seus dentes brancos e brilhantes também podem precisar de um pouco de atenção, então você terá que visitar um dentista. Você vai conhecer novos métodos de cura através de um amigo e você irá se mostrar disposto a tentar utilizar esses novos conhecimentos.</THE-FOOL-FUTURE>
</ROOT>
