﻿<?xml version="1.0" encoding="utf-8" ?>
<ROOT>
<ACE-OF-CUPS-ONE >
This card indicates that a very eventful trip is right ahead. This trip could be because of business or some other work related venture or it could also be a social trip. You will be very happy and content with this trip as it will prove to be beneficial in some or the other way and you may also come across something that you desired. 
</ACE-OF-CUPS-ONE >
<ACE-OF-CUPS-PAST >
You may have had an eventful trip. That trip could have been for business or some other work related venture or even on social purposes. You may have been very happy and content with that trip since it would have proved beneficial in some way. You may have also come across something you desired. 
</ACE-OF-CUPS-PAST >
<ACE-OF-CUPS-PRESENT >
You may have an eventful trip. This trip may have been for business or work related venture or social purpose. You may be very happy and content with this trip since it may prove beneficial in some way. You may also come across something you desire. 
</ACE-OF-CUPS-PRESENT >
<ACE-OF-CUPS-FUTURE >
You are likely to have an eventful trip. That trip may possibly be for business or social or work related venture. You may eventually be happy and content since the trip may prove beneficial in some way. There are chances you come across something you desire. 
</ACE-OF-CUPS-FUTURE >
<TWO-OF-CUPS-ONE >
This card shows that you may get a chance to go on an outing or a small trip. You will have no problems with the booking or other travel arrangement and the people around you will seem very cordial. This journey will be very satisfying and you will feel rejuvenated from this trip. 
</TWO-OF-CUPS-ONE >
<TWO-OF-CUPS-PAST >
You may have got a chance to go for an outing or small trip. You may have had no problems with booking or travel arrangement and people around you seemed cordial. That journey was very satisfying and you may have felt rejuvenated. 
</TWO-OF-CUPS-PAST >
<TWO-OF-CUPS-PRESENT >
You may get a chance to go for an outing or small trip. You will have no problems with booking or travel arrangement and people around you may seem cordial. This journey will be very satisfying and you may feel rejuvenated. 
</TWO-OF-CUPS-PRESENT >
<TWO-OF-CUPS-FUTURE >
You are likely to get a chance to go for an outing or small trip. You may have no problems with booking or travel arrangement and people around you may seem cordial. Such a journey is likely to make you feel rejuvenated and content. 
</TWO-OF-CUPS-FUTURE >
<THREE-OF-CUPS-ONE >
This card suggests that you may have to travel for work or health related issues and you will be accompanied by someone close to you. This problem will get sorted soon and there are also possibilities that you and your family will plan a small vacation. 
</THREE-OF-CUPS-ONE >
<THREE-OF-CUPS-PAST >
You may have had to travel for work or health issues and may have been accompanied by someone close to you. That problem would have sorted quickly and you and your family may have planned a small vacation. 
</THREE-OF-CUPS-PAST >
<THREE-OF-CUPS-PRESENT >
You may have to travel for work or health issues and may be accompanied by someone close to you. This problem will sort quickly and you and your family may plan a small vacation soon. 
</THREE-OF-CUPS-PRESENT >
<THREE-OF-CUPS-FUTURE >
You are likely to travel for work or health issues and may have to be accompanied by someone close to you. That problem will sort out eventually and you and your family may end up planning a small vacation. 
</THREE-OF-CUPS-FUTURE >
<FOUR-OF-CUPS-ONE >
This card indicates that you may end up making plans to pay them a visit as you are also looking for a refreshing change or there may be a distant friend of yours who is planning to drop in. You are missing someone or willing to meet a dear one who does not live with you. Either ways, you will have a great time. 
</FOUR-OF-CUPS-ONE >
<FOUR-OF-CUPS-PAST >
You may have made plans to pay your dear ones a visit for a refreshing change or a distant friend planned to drop in. You may have missed someone or may have wanted to meet a dear one who did not live with you. Either ways, you may have had a good time.
</FOUR-OF-CUPS-PAST >
<FOUR-OF-CUPS-PRESENT >
You may make plans to visit your dear ones for a refreshing change or a distant friend may plan to drop in. You may be missing someone or may want to meet a dear one who does not live with you. Either ways, you will have a good time. 
</FOUR-OF-CUPS-PRESENT >
<FOUR-OF-CUPS-FUTURE >
You are likely to be making plans to visit your dear ones for a refreshing change or a distant friend may be planning to drop in. You may be missing someone or may want to meet a dear one who may not be living with you. Either ways, you may end up having a good time. 
</FOUR-OF-CUPS-FUTURE >
<FIVE-OF-CUPS-ONE >
This card shows that you are feeling tired and lethargic and will avoid any heavy duty work. There may also be some prior commitments because of which you may have to travel but you will try very hard to postpone or cancel those trips in order to relax. But these trips will prove to be beneficial eventually. 
</FIVE-OF-CUPS-ONE >
<FIVE-OF-CUPS-PAST >
You felt tired and lethargic and avoided heavy duty work. There may have been prior commitments that demanded your travel but you may have tried hard to postpone or cancel those trips to relax. However, those trips may have proved beneficial. 
</FIVE-OF-CUPS-PAST >
<FIVE-OF-CUPS-PRESENT >
You may be feeling tired and may avoid heavy duty work. There may be prior commitments that demand your travel but you will try hard to postpone or cancel these trips to relax. However, these trips may prove beneficial. 
</FIVE-OF-CUPS-PRESENT >
<FIVE-OF-CUPS-FUTURE >
You are likely to feel tired and may avoid heavy duty work. There are chances of prior commitments demanding travel but you may try hard to postpone or cancel those trips to relax. However, those trips may prove to be beneficial eventually. 
</FIVE-OF-CUPS-FUTURE >
<SIX-OF-CUPS-ONE >
This card indicates that this is a time for lot of traveling due to work or personal reasons. This chore may become a little tiring and you will need some rest. You will want to travel to a peaceful place with your family or friends and will make plans for it. 
</SIX-OF-CUPS-ONE >
<SIX-OF-CUPS-PAST >
You may have had to travel a lot due to personal or work reasons. That chore may have become a tiring and you needed some rest. You may have wanted to travel to a peaceful place with your family or friends and even made plans for it. 
</SIX-OF-CUPS-PAST >
<SIX-OF-CUPS-PRESENT >
You may be travelling a lot due to work or personal reasons. This chore may become tiring and you may need some rest. You may want to travel to a peaceful place with your family or friends and may make plans for it. 
</SIX-OF-CUPS-PRESENT >
<SIX-OF-CUPS-FUTURE >
You are likely to travel a lot due to work or personal reasons. That chore may eventually become tiring and you may need some rest. You may plan to travel to a peaceful place with your family or friends. 
</SIX-OF-CUPS-FUTURE >
<SEVEN-OF-CUPS-ONE >
This card shows that you will now be facing lot of confusion in your life with regards to what would be more beneficial for you. You will be going through some rough times at work and may have to go on short trips unwillingly. This will make you feel tensed most of the times but you will have to remain calm to survive this phase. 
</SEVEN-OF-CUPS-ONE >
<SEVEN-OF-CUPS-PAST >
You may have faced confusion in your life on what was beneficial to you then. You may have gone through rough times at work and gone for short trips unwillingly. This made you feel tensed most times and but you had to remain calm to survive the phase. 
</SEVEN-OF-CUPS-PAST >
<SEVEN-OF-CUPS-PRESENT >
You may be facing confusion in your life on what is beneficial to you now. You may be going through rough times at work and may go on short trips unwillingly. This may make you feel tensed most of the times but you have to remain calm to survive this phase. 
</SEVEN-OF-CUPS-PRESENT >
<SEVEN-OF-CUPS-FUTURE >
You are likely to face confusion in your life on what may be beneficial to you then. You may have to go through rough times at work and may have to go on short trips unwillingly. That may make you feel tensed most of the times but you may have to remain calm to survive that phase. 
</SEVEN-OF-CUPS-FUTURE >
<EIGHT-OF-CUPS-ONE >
This card indicates that work will require you to go on short trips but you will find enough time to spend with your family and your partner. There may be times when you will think about your life while traveling and there may be certain realizations to enact upon. 
</EIGHT-OF-CUPS-ONE >
<EIGHT-OF-CUPS-PAST >
That work required you to go on short trips but you found adequate time to spend with your family and partner. There may have been times when you thought about your life while you travelled and there may have been certain realizations to enact upon. 
</EIGHT-OF-CUPS-PAST >
<EIGHT-OF-CUPS-PRESENT >
This work may require you to go on short trips but you will find enough time to spend with your family and partner. There may be times when you will be thinking about your life while you travel and there may be certain realizations to enact upon. 
</EIGHT-OF-CUPS-PRESENT >
<EIGHT-OF-CUPS-FUTURE >
That work is likely to require you to go on short trips but you may find enough time to spend with your family and partner. There are likely to be times when you may think about your life while you travel and there may be certain realizations to enact upon. 
</EIGHT-OF-CUPS-FUTURE >
<NINE-OF-CUPS-ONE >
This card shows that there may be some mixing of work with pleasure now. You may have to go on a business trip or to discuss a new venture and because of some of your social commitments and impulse, you will end up having a fare share of work and personal time. 
</NINE-OF-CUPS-ONE >
<NINE-OF-CUPS-PAST >
There may have been some mixing of work with pleasure. You may have gone on a business trip or to discuss a new venture. You may have received a fair share of work and personal time because of social commitments and impulse. 
</NINE-OF-CUPS-PAST >
<NINE-OF-CUPS-PRESENT >
There may be some mixing of work with pleasure. You may be going on a business trip or to discuss a new venture. You may receive a fair share of work and personal time due to social commitments and impulse. 
</NINE-OF-CUPS-PRESENT >
<NINE-OF-CUPS-FUTURE >
There is likely to be some mixing of work with pleasure. You may need to go on a business trip or to discuss a new venture. You may have chances of receiving fair share of work and personal time due to social commitments and impulse. 
</NINE-OF-CUPS-FUTURE >
<TEN-OF-CUPS-ONE >
This card indicates that you are having one of the best times of your life now. You will feel very content and satisfied with your personal and professional life. There may be a business or a social trip right ahead and you will enjoy it thoroughly. 
</TEN-OF-CUPS-ONE >
<TEN-OF-CUPS-PAST >
You may have had one of the best times of your life. You may have felt content and satisfied with your personal and professional life. There may have been a business or social trip and you may have enjoyed it thoroughly. 
</TEN-OF-CUPS-PAST >
<TEN-OF-CUPS-PRESENT >
You may have one of the best times of your life. You may feel content with your personal and professional life. There may be a business or social trip that you will enjoy thoroughly. 
</TEN-OF-CUPS-PRESENT >
<TEN-OF-CUPS-FUTURE >
You are likely to have one of the best times of your life. You may even feel content with your personal and professional life. There are chances for a business or social trip that you may enjoy thoroughly. 
</TEN-OF-CUPS-FUTURE >
<PAGE-OF-CUPS-ONE >
This card indicates that it is likely that you will travel because of your work or in a quest to rejuvenate yourself or find a new path of living. You are feeling a little confused now and therefore you want to go to a far off place to find the inner you. You will be successful in your endeavor. 
</PAGE-OF-CUPS-ONE >
<PAGE-OF-CUPS-PAST >
You may have traveled because of your work or in a quest to rejuvenate yourself or found a new path of living. You felt confused and therefore you wanted to go to a far off place to find the inner you. You may have been successful in your endeavor. 
</PAGE-OF-CUPS-PAST >
<PAGE-OF-CUPS-PRESENT >
You may travel because of your work or in a quest to rejuvenate yourself or find a new path of living. You may feel confused and therefore you may want to go to a far off place to find the inner you. You may be successful in your endeavor. 
</PAGE-OF-CUPS-PRESENT >
<PAGE-OF-CUPS-FUTURE >
You are likely to travel because of your work or may be in a quest to rejuvenate yourself or may find a new path of living. You may feel confused and there are chances you may go to a far off place to determine the inner you. You may be successful in your endeavor. 
</PAGE-OF-CUPS-FUTURE >
<KNIGHT-OF-CUPS-ONE >
This card shows that you will be spending some quality time with your dear ones. You will be visiting a relatives place to spend some time with them for an occasion and this will be a cheerful trip. You may also be going on some short trips for a few social gatherings and you will feel fresh and energetic after these trips. 
</KNIGHT-OF-CUPS-ONE >
<KNIGHT-OF-CUPS-PAST >
You may have spent some quality time with your dear ones and may have visited a relative to spend time with them for an occasion. That may have been a cheerful trip. You may have gone on short trips for social gatherings and felt fresh and energetic at the end. 
</KNIGHT-OF-CUPS-PAST >
<KNIGHT-OF-CUPS-PRESENT >
You may spend some quality time with your dear ones and may be visiting a relative to spend time with them for an occasion. This may be a cheerful trip. You may go on short trips for social gatherings and will feel fresh and energetic subsequently. 
</KNIGHT-OF-CUPS-PRESENT >
<KNIGHT-OF-CUPS-FUTURE >
You are likely to spend quality time with your dear ones and may visit a relative to spend time with them for an occasion. That may be a cheerful trip. You may eventually go on short trips for social gatherings and may feel fresh and energetic at the end. 
</KNIGHT-OF-CUPS-FUTURE >
<QUEEN-OF-CUPS-ONE >
This card indicates that things will not be as per what you scheduled them. There are certain delays indicated if you are planning to travel somewhere due to yours or a family member’s ill health. You may also have to cancel your trip due to crucial circumstances at work. 
</QUEEN-OF-CUPS-ONE >
<QUEEN-OF-CUPS-PAST >
Things may not have been as per your schedule. There may have been delays if you planned travel due to health issues in the family. You may also have cancelled a trip due to tough circumstances at work. 
</QUEEN-OF-CUPS-PAST >
<QUEEN-OF-CUPS-PRESENT >
Things may not be as per schedule. There may be delays if you are planning to travel due to family health issues. You may also cancel a trip due to tough circumstances at work. 
</QUEEN-OF-CUPS-PRESENT >
<QUEEN-OF-CUPS-FUTURE >
Things are not likely going to be as per schedule. There may be delays if you plan to travel due to family health issues. There are chances you cancel a trip because of tough circumstances at work. 
</QUEEN-OF-CUPS-FUTURE >
<KING-OF-CUPS-ONE >
You will be planning to pay a visit to someone elderly in your relatives for some guidance and support and you will get what you were seeking. There may also be plans of moving in with someone to a new place or a shift because of work. 
</KING-OF-CUPS-ONE >
<KING-OF-CUPS-PAST >
You may have planned a visit to some elderly relative for guidance and support and may have got what you sought for. There may have been plans to move in with someone to a new place or shift due to work. 
</KING-OF-CUPS-PAST >
<KING-OF-CUPS-PRESENT >
You may plan a visit to some elderly relative for guidance and support and may get what you seek. There may be plans of moving in with someone to a new place or shift due to work. 
</KING-OF-CUPS-PRESENT >
<KING-OF-CUPS-FUTURE >
You are likely to plan a visit to some elderly relative for guidance and support and may get what you seek. There are chances of moving in with someone to a new place or shift due to work. 
</KING-OF-CUPS-FUTURE >
<ACE-OF-PENTACLES-ONE >
This card indicates that you will certainly be traveling very soon. This may be due to a new assignment or just a holiday trip with your family or partner. It is most likely that you will travel to a far off distance for this purpose. 
</ACE-OF-PENTACLES-ONE >
<ACE-OF-PENTACLES-PAST >
You may have traveled due to a new assignment or a holiday trip with your family or partner. You may have had to travel to a far off distance for that purpose. 
</ACE-OF-PENTACLES-PAST >
<ACE-OF-PENTACLES-PRESENT >
You may travel soon because of a new assignment or have a holiday trip with your family or partner. You may have to travel for this purpose to a far off place. 
</ACE-OF-PENTACLES-PRESENT >
<ACE-OF-PENTACLES-FUTURE >
.You are likely to travel because of a new assignment or may have a holiday trip with your family or partner. You may eventually travel for that purpose to a far off place. 
</ACE-OF-PENTACLES-FUTURE >
<TWO-OF-PENTACLES-ONE >
This card shows that you are having a desire to meet your mate or a loved one or pay a visit to your relatives due to work or a planned reunion. But you will soon realize that the circumstances to travel or get in touch with them are not appropriate or favorable and will just settle to make a conversation over the phone. 
</TWO-OF-PENTACLES-ONE >
<TWO-OF-PENTACLES-PAST >
You may have desired to meet your mate or loved one or visit your relatives because of work or planned reunion. But you may have eventually realized that circumstances were not conducive to travel or connect with them and may have settled with a phone conversation. 
</TWO-OF-PENTACLES-PAST >
<TWO-OF-PENTACLES-PRESENT >
You may desire to meet your mate or loved one or visit your relatives because of work or planned reunion. But you will soon realize that circumstances are not favorable to travel or connect with them and may settle with a phone conversation. 
</TWO-OF-PENTACLES-PRESENT >
<TWO-OF-PENTACLES-FUTURE >
You are likely to meet your mate or loved one or visit your relatives due to work or planned reunion. But you may eventually realize that situations may not be conducive to travel or connect with them and may settle with a phone conversation. 
</TWO-OF-PENTACLES-FUTURE >
<THREE-OF-PENTACLES-ONE >
This card indicates that you may have to travel more often than you thought and this will mostly be some work related short trips. This can make you feel tired and restless and there may be a situation when you would want to leave your work and the traveling chaos for a while and take a break to relax. 
</THREE-OF-PENTACLES-ONE >
<THREE-OF-PENTACLES-PAST >
You may have traveled frequently than you expected and that may have been due to work. It may have made you tired and restless and there may have been a situation when you wanted to leave work and traveling chaos for some time and taken a break to relax.
</THREE-OF-PENTACLES-PAST >
<THREE-OF-PENTACLES-PRESENT >
You may travel frequently than you expect and it may be due to work. This may make you tired and restless and there may be a situation when you want to leave work and traveling chaos for some time to take a break to relax. 
</THREE-OF-PENTACLES-PRESENT >
<THREE-OF-PENTACLES-FUTURE >
You are likely to travel frequently than you may expect and that could be due to work. It may leave you tired and restless and there are chances you want to leave work and traveling chaos for some time to take a break to relax. 
</THREE-OF-PENTACLES-FUTURE >
<FOUR-OF-PENTACLES-ONE >
You may have planned a wonderful get together or a meeting with some of your friends or one of your coworkers but things may not work out in your favor and the plan may get delayed. But you will use this time to spend with your partner and go on a long drive with them. 
</FOUR-OF-PENTACLES-ONE >
<FOUR-OF-PENTACLES-PAST >
You planned a wonderful get together or meeting with some friends or one of your coworkers but things may not have worked out favorably and the plan may have got delayed. But you may have used this time with your partner and gone on a long drive. 
</FOUR-OF-PENTACLES-PAST >
<FOUR-OF-PENTACLES-PRESENT >
You may plan a wonderful get together or meeting with some friends or one of your coworkers but things may not work out favorably and the plan can get delayed. But you must use this time with your partner and go on a long drive. 
</FOUR-OF-PENTACLES-PRESENT >
<FOUR-OF-PENTACLES-FUTURE >
You may plan a wonderful get together or meeting with some friends or one of your coworkers but things are not likely to work out as you expected and the plan may get delayed. However, you may try to use this time with your partner and may go on a long drive. 
</FOUR-OF-PENTACLES-FUTURE >
<FIVE-OF-PENTACLES-ONE >
This card indicates that your journey is not going to be very pleasant. If there are any plans of traveling then you will have a rough time dealing with delays and there may also be some unpleasant situations that you may have to face. 
</FIVE-OF-PENTACLES-ONE >
<FIVE-OF-PENTACLES-PAST >
Your journey may not have been pleasant. Any plans of travel may have experienced rough times with delays and there may have been unpleasant situations you had to face. 
</FIVE-OF-PENTACLES-PAST >
<FIVE-OF-PENTACLES-PRESENT >
Your journey may not be pleasant. Any plans of travel may experience rough times with delays and there can be unpleasant situations you have to face. 
</FIVE-OF-PENTACLES-PRESENT >
<FIVE-OF-PENTACLES-FUTURE >
Your journey is not likely to be pleasant. Any plans of travel may experience rough times with delays and there may be unpleasant situations in store for you. 
</FIVE-OF-PENTACLES-FUTURE >
<SIX-OF-PENTACLES-ONE >
This card shows that you will be high on socializing at this period of time. Your company may plan to send you for some kind of training or short course or you will spend an extended holiday with your family. You will mingle with people around you and this will help you build contacts and sway everyone with your charm. 
</SIX-OF-PENTACLES-ONE >
<SIX-OF-PENTACLES-PAST >
You may have been high on socializing then. Your company may have planned to send you for some training or short course or you may have spent an extended holiday with your family. You mingled with people around and that helped you build contacts and attract people with your charm. 
</SIX-OF-PENTACLES-PAST >
<SIX-OF-PENTACLES-PRESENT >
You may be high on socializing now. Your company may send you for training or short course or you may spend an extended holiday with your family. You will mingle with people around and this will help you build contacts and attract people with your charm.
</SIX-OF-PENTACLES-PRESENT >
<SIX-OF-PENTACLES-FUTURE >
You are likely to be high on socializing. Your company may send you for training or short course or you may spend an extended holiday with your family. There are chances you may mingle with people around and that may help you build contacts and attract people with your charm. 
</SIX-OF-PENTACLES-FUTURE >
<SEVEN-OF-PENTACLES-ONE >
This card indicates that you will end up having a short trip away from home in another country or just another place and you will enjoy yourself thoroughly. You will line up things that you always wanted to do and this will prove to be exciting for you. You will be accompanied by people with whom you can have a good time. 
</SEVEN-OF-PENTACLES-ONE >
<SEVEN-OF-PENTACLES-PAST >
You may have ended up having a short trip away from home in another country or just another place and you enjoyed yourself thoroughly. You would have lined up things you always wanted to do and that proved to be exciting for you. You may have been accompanied by people with whom you had a good time. 
</SEVEN-OF-PENTACLES-PAST >
<SEVEN-OF-PENTACLES-PRESENT >
You may end up on a short trip away from home in another country or another place you will enjoy yourself thoroughly. You may line up things you always wanted to do and this may prove to be exciting for you. You may be accompanied by people with whom you will have a good time. 
</SEVEN-OF-PENTACLES-PRESENT >
<SEVEN-OF-PENTACLES-FUTURE >
You are likely to have a short trip away from home in another country or place and you may enjoy yourself thoroughly. You have chances to line up things you always wanted to do and that will eventually prove exciting for you. You may be accompanied by people with whom you may have a good time. 
</SEVEN-OF-PENTACLES-FUTURE >
<EIGHT-OF-PENTACLES-ONE >
This card indicates that there is a special trip coming up which will prove to be very lucky for you. You will have a romantic time with your partner and singles will come across many to woo them. This will be one of the most pleasant trips for you. 
</EIGHT-OF-PENTACLES-ONE >
<EIGHT-OF-PENTACLES-PAST >
There may have been a special trip that may have proved lucky for you. You may have had a romantic time with your partner and singles may have come across many to woo them. That may have been one of the most pleasant trips for you. 
</EIGHT-OF-PENTACLES-PAST >
<EIGHT-OF-PENTACLES-PRESENT >
There may be a special trip that can prove lucky for you. You may have a romantic time with your partner and singles may come across many to woo them. This may be one of the most pleasant trips for you. 
</EIGHT-OF-PENTACLES-PRESENT >
<EIGHT-OF-PENTACLES-FUTURE >
There is likely to be a special trip that may prove lucky for you. You may have a romantic time with your partner and singles may eventually come across many to woo them. There are chances that the trip will turn out to be one of the most pleasant for you. 
</EIGHT-OF-PENTACLES-FUTURE >
<NINE-OF-PENTACLES-ONE >
This card shows that you are accident prone but this will just be a minor incident which can be avoided if you are careful. You will have to be careful of your expenses in relation to various modes of transport. There are chances that you will go on a short trip for business or social purposes. 
</NINE-OF-PENTACLES-ONE >
<NINE-OF-PENTACLES-PAST >
You were accident prone but could have been only a minor incident that was possible to avoid. You may have had to be careful of your expenses related to transport. You may have gone on a short trip for social or business purposes. 
</NINE-OF-PENTACLES-PAST >
<NINE-OF-PENTACLES-PRESENT >
You are accident prone but may only be a minor incident that can be avoided if you are careful. You must be careful of transport related expenses. You may go on a short trip for social or business purposes. 
</NINE-OF-PENTACLES-PRESENT >
<NINE-OF-PENTACLES-FUTURE >
You are likely to be accident prone and hence you may have to be careful to avoid minor accidents. You may have to be careful of transport related expenses. There are chances for you to go on a short trip for social or business purposes. 
</NINE-OF-PENTACLES-FUTURE >
<TEN-OF-PENTACLES-ONE >
This card indicates that it is time to catch up with your old friends and extended family. You will have a desire to meet your friends or a relative and may end up traveling and staying at their place for a while. You will feel a strong connection with one of your relatives and will spend some time traveling with them. 
</TEN-OF-PENTACLES-ONE >
<TEN-OF-PENTACLES-PAST >
You had the opportunity to catch up with old friends and extended family. You may have desired to meet your friends or a relative and may have ended up traveling and staying at their place for some time. You may have felt a strong connection with one of your relatives and may have spent some time traveling with them. 
</TEN-OF-PENTACLES-PAST >
<TEN-OF-PENTACLES-PRESENT >
It is a good time to catch up with old friends and extended family. You may have a desire to meet your friends or a relative and may travel and stay at their place for some time. You will feel a strong connection with one of your relatives and may spend some time traveling with them. 
</TEN-OF-PENTACLES-PRESENT >
<TEN-OF-PENTACLES-FUTURE >
It is a good time to catch up with old friends and extended family. You may have a desire to meet your friends or a relative and may travel and stay at their place for some time. You will feel a strong connection with one of your relatives and may spend some time traveling with them. 
</TEN-OF-PENTACLES-FUTURE >
<PAGE-OF-PENTACLES-ONE >
This card shows that you are now entering an adventurous mood and will want to experiment with your daily routine. There are very high chances that you will excavate your chances of going for a spa or other relaxing treatments or just to take a break for the weekend. You will enter into a new way of life after this trip. 
</PAGE-OF-PENTACLES-ONE >
<PAGE-OF-PENTACLES-PAST >
You may have entered an adventurous mood and wanted to experiment with your daily routine. You may have excavated your chances of going to a spa or other relaxing treatments or taken a break for the weekend. You may have entered a new way of life after a trip. 
</PAGE-OF-PENTACLES-PAST >
<PAGE-OF-PENTACLES-PRESENT >
You may enter an adventurous mood and want to experiment with your daily routine. You have chances of going to a spa or other relaxing treatments or to take a break for the weekend. You may enter a new way of life after a trip. 
</PAGE-OF-PENTACLES-PRESENT >
<PAGE-OF-PENTACLES-FUTURE >
You are likely to enter an adventurous mood and may want to experiment with your daily routine. You may excavate your chances of going to a spa or other relaxing treatments or may take a break for the weekend. You are likely to enter a new way of life after a trip. 
</PAGE-OF-PENTACLES-FUTURE >
<KNIGHT-OF-PENTACLES-ONE >
This card indicates that you will finally get the much wanted break to spend time with your partner or a loved one. You will be granted a vacation and you will take your partner for a short trip. There are also chances that you two may end up traveling for work purposes but will be happy to spend time together. 
</KNIGHT-OF-PENTACLES-ONE >
<KNIGHT-OF-PENTACLES-PAST >
You may have received the much wanted break to spend time with your partner or loved one. You were granted a vacation and would have taken your partner for a short trip. The two of you may have traveled for work reasons but would have been happy to spend time together. 
</KNIGHT-OF-PENTACLES-PAST >
<KNIGHT-OF-PENTACLES-PRESENT >
You may get the much wanted break to spend time with your partner or loved one. You will be granted a vacation and would take your partner for a short trip. The two of you may travel for work reasons but will be happy to spend time together. 
</KNIGHT-OF-PENTACLES-PRESENT >
<KNIGHT-OF-PENTACLES-FUTURE >
You are likely to derive the much wanted break to spend time with your partner or loved one. You may be granted a vacation and may take your partner for a short trip. The two of you may travel for work reasons and are likely to be happy to spend time together. 
</KNIGHT-OF-PENTACLES-FUTURE >
<QUEEN-OF-PENTACLES-ONE >
There is also a small trip in store for you and this will be very pleasant and full of surprises. You may be traveling but there will be several thoughts in your mind. This may turn out to be a very romantic trip and you will enjoy it thoroughly. 
</QUEEN-OF-PENTACLES-ONE >
<QUEEN-OF-PENTACLES-PAST >
There may have been a small trip that may have been very pleasant and full of surprises. You may have travelled but there were many thoughts in your mind. It may have been a very romantic trip that you enjoyed thoroughly. 
</QUEEN-OF-PENTACLES-PAST >
<QUEEN-OF-PENTACLES-PRESENT >
There may be a small trip that happens soon and this may be full of pleasant surprises. You may travel but your mind will possess several thoughts. It may be a very romantic trip that you will enjoy thoroughly. 
</QUEEN-OF-PENTACLES-PRESENT >
<QUEEN-OF-PENTACLES-FUTURE >
There are chances for a small trip to happen and that may be full of pleasant surprises. You are likely to travel but your mind may have many thoughts. It may be a very romantic trip that you may enjoy thoroughly. 
</QUEEN-OF-PENTACLES-FUTURE >
<KING-OF-PENTACLES-ONE >
This card indicates that travel plans for business ventures will be successfully carried out but if you are planning a social trip especially somewhere abroad then this can be a risky situation because of the weather and you are cautioned against it. 
</KING-OF-PENTACLES-ONE >
<KING-OF-PENTACLES-PAST >
Travel plans for business ventures may have been successfully executed but your plan of a social trip somewhere abroad may have occurred at a risky situation and you were cautioned against it. 
</KING-OF-PENTACLES-PAST >
<KING-OF-PENTACLES-PRESENT >
Travel plans for business ventures may execute successfully but your plan of a social trip somewhere abroad can occur at a risky situation and you are cautioned against it. 
</KING-OF-PENTACLES-PRESENT >
<KING-OF-PENTACLES-FUTURE >
Travel plans for business ventures are likely to execute successfully but your plan of a social trip somewhere abroad may occur at a risky situation and you are likely to be cautioned against it. 
</KING-OF-PENTACLES-FUTURE >
<ACE-OF-SWORDS-ONE >
This card indicates that you will have to get things packing to re arrange certain things or accommodate new things. There are also chances that you may have to cancel or make changes in your schedule because of commitments made earlier. Do not get hassled and make a schedule as per your chores. 
</ACE-OF-SWORDS-ONE >
<ACE-OF-SWORDS-PAST >
You may have packed to rearrange or accommodate things. You had to cancel or change your schedule because of earlier commitments. It was wise not to have got hassled and you made a schedule as per your tasks. 
</ACE-OF-SWORDS-PAST >
<ACE-OF-SWORDS-PRESENT >
You may have to pack to rearrange or accommodate things. You may have to cancel or change your schedule because of your existing commitments. Do not get hassled and make a schedule as per your tasks. 
</ACE-OF-SWORDS-PRESENT >
<ACE-OF-SWORDS-FUTURE >
You are likely to be pack to rearrange or accommodate things. There are chances that you cancel or change your schedule due to earlier commitments. Do not get hassled and make a schedule as per your tasks. 
</ACE-OF-SWORDS-FUTURE >
<TWO-OF-SWORDS-ONE >
This card shows that there are chances of some. This may create a lot of confusion in your mind and things may get a little chaotic but you will deal with it tactfully. You will have to make certain arrangements for someone who will be arriving in a short while. 
</TWO-OF-SWORDS-ONE >
<TWO-OF-SWORDS-PAST >
There may have been changes in travel plans that caused confusion in your mind and chaos but you may have dealt with it tactfully. You had to make certain arrangements for someone who was expected to arrive shortly. 
</TWO-OF-SWORDS-PAST >
<TWO-OF-SWORDS-PRESENT >
There may be changes in travel plans that can cause confusion and chaos but you will deal with it tactfully. You may make certain arrangements for someone who is expected to arrive shortly. 
</TWO-OF-SWORDS-PRESENT >
<TWO-OF-SWORDS-FUTURE >
There are high chances of changes in travel plans that may cause confusion and chaos but you are likely to deal with it tactfully. You may have to make certain arrangements for someone who may be expected to arrive shortly. 
</TWO-OF-SWORDS-FUTURE >
<THREE-OF-SWORDS-ONE >
This card indicates that you will soon be going on a trip for work or just with family. The trip will prove to be very fruitful or fulfilling however you will have to face certain delays because of abrupt scheduling or a sudden dilemma. 
</THREE-OF-SWORDS-ONE >
<THREE-OF-SWORDS-PAST >
You may have gone on a trip for work or with family. The trip may have proved to be fruitful or fulfilling. But you may have faced certain delays due to abrupt scheduling or sudden dilemma. 
</THREE-OF-SWORDS-PAST >
<THREE-OF-SWORDS-PRESENT >
You may go on a work or family trip soon. This trip may be fruitful or fulfilling but you may face certain delays due to abrupt scheduling or sudden dilemma. 
</THREE-OF-SWORDS-PRESENT >
<THREE-OF-SWORDS-FUTURE >
You are likely to go on a work or family trip. That trip may prove to be fruitful or fulfilling eventually but you may have to face certain delays due to abrupt scheduling or sudden dilemma. 
</THREE-OF-SWORDS-FUTURE >
<FOUR-OF-SWORDS-ONE >
This card suggests that if you are planning to go on a trip for personal or professional reasons then it will be better if you weigh the circumstances and then make preparations as even a slight mistake can result into a major quandary. 
</FOUR-OF-SWORDS-ONE >
<FOUR-OF-SWORDS-PAST >
If you planned to go on a trip for personal or professional reasons, it may have been better to have weighed the circumstances first. It was wise to have made preparations since a slight mistake could have resulted into a major quandary. 
</FOUR-OF-SWORDS-PAST >
<FOUR-OF-SWORDS-PRESENT >
It will be better to weigh circumstances before planning a personal or professional trip. You should make preparations since a slight mistake may result into a major quandary. 
</FOUR-OF-SWORDS-PRESENT >
<FOUR-OF-SWORDS-FUTURE >
It is likely to be better to weigh circumstances before you may plan a personal or professional trip. You may have to make preparations since a slight mistake may result into a major quandary. 
</FOUR-OF-SWORDS-FUTURE >
<FIVE-OF-SWORDS-ONE >
This card indicates that there will be some changes in plans and this will cause an abrupt schedule. You may also have some problems because of delays or cancellation of flights. This will make you feel irritable and agitated but you will have to maintain your peace of mind to get through all of this. 
</FIVE-OF-SWORDS-ONE >
<FIVE-OF-SWORDS-PAST >
There may have been changes in plans and that may have caused an abrupt schedule. You may also have had problems due to flight delays or cancellation. That may have made you feel irritable but you maintained your peace of mind to get through everything. 
</FIVE-OF-SWORDS-PAST >
<FIVE-OF-SWORDS-PRESENT >
There may be changes in plans and this may cause an abrupt schedule. You may have problems due to flight delays or cancellation. This may make you irritable but you must maintain your peace of mind to get through everything. 
</FIVE-OF-SWORDS-PRESENT >
<FIVE-OF-SWORDS-FUTURE >
There is likely to be changes in plans and that may cause an abrupt schedule. There are chances of flight delays or cancellation and that may make you irritable but you may have to maintain your peace of mind to eventually get through everything. 
</FIVE-OF-SWORDS-FUTURE >
<SIX-OF-SWORDS-ONE >
This card shows that you may have to travel a little because of a checkup or a medication program concerning you or someone in the family. There is a possibility that you may have to go on a short trip and this trip will be a very important one and will help in changing things for better in some or the other way. 
</SIX-OF-SWORDS-ONE >
<SIX-OF-SWORDS-PAST >
You may have traveled because of a checkup or medication program for you or someone in the family. You may have gone on a short trip and that trip would have been a very important one that helped you change things for better in some way. 
</SIX-OF-SWORDS-PAST >
<SIX-OF-SWORDS-PRESENT >
You may travel due to a checkup or medication program for you or someone in the family. You may go on a short trip and this trip will be very important since it will help you change things for the better in some way. 
</SIX-OF-SWORDS-PRESENT >
<SIX-OF-SWORDS-FUTURE >
You are likely to travel for a checkup or medication program for you or someone in the family. You have chances of going on a short trip and that trip may be very important since it may help you change things for the better in some way. 
</SIX-OF-SWORDS-FUTURE >
<SEVEN-OF-SWORDS-ONE >
This card indicates that you may have to face some rejections or criticism and this will cause you to travel to a faraway place. This will be an enlightening journey for you as you will learn new things and you will not wish to be accompanied by someone who is known to you. 
</SEVEN-OF-SWORDS-ONE >
<SEVEN-OF-SWORDS-PAST >
You may have faced some rejections or criticism and this caused you to travel to a faraway place. That may have been an enlightening journey for you as you may have learnt new things and did not wish to be accompanied by someone who was known to you. 
</SEVEN-OF-SWORDS-PAST >
<SEVEN-OF-SWORDS-PRESENT >
You may face some rejections or criticism and this may cause you to travel to a faraway place. This may be an enlightening journey for you as you will learn new things and will not wish to be accompanied by someone who is known to you. 
</SEVEN-OF-SWORDS-PRESENT >
<SEVEN-OF-SWORDS-FUTURE >
You are likely to face some rejections or criticism and that may cause you to travel to a faraway place. That may possibly be an enlightening journey as you may learn new things and may not wish to be accompanied by someone who may be known to you. 
</SEVEN-OF-SWORDS-FUTURE >
<EIGHT-OF-SWORDS-ONE >
This card suggests that the upcoming trip may just turn out to be one of the most valuable ones. If you are going for some meetings or collaborations then you will gain success. You will do extremely well in the financial department on this trip. 
</EIGHT-OF-SWORDS-ONE >
<EIGHT-OF-SWORDS-PAST >
A trip may have turned out to be one of the most valuable ones. If you were going to some meetings or collaborations, you would have gained success. You would have done extremely well in financial department on that trip. 
</EIGHT-OF-SWORDS-PAST >
<EIGHT-OF-SWORDS-PRESENT >
A trip may turn out to be one of the most valuable ones. If you have some meetings or collaborations, you may have gain success. You may do extremely well in financial department on this trip. 
</EIGHT-OF-SWORDS-PRESENT >
<EIGHT-OF-SWORDS-FUTURE >
A trip is likely to be one of the most valuable ones. You may gain success if you have meetings or collaborations. You may do extremely well in financial department on this trip. 
</EIGHT-OF-SWORDS-FUTURE >
<NINE-OF-SWORDS-ONE>
This card indicates that travel plans will be difficult and to an extent gruesome as you will come across various problems pertaining to your schedule. You will want to spend time with your partner or your family but this will not be possible to various reasons. 
</NINE-OF-SWORDS-ONE>
<NINE-OF-SWORDS-PAST >
Travel plans may have been tough and you may have come across problems related to your schedule. You wanted to spend time with your partner or your family but that may not have been possible because of several reasons. 
</NINE-OF-SWORDS-PAST >
<NINE-OF-SWORDS-PRESENT >
Travel plans may be tough and you may come across problems regarding your schedule. You want to spend time with your partner or your family but this may not be possible due to many reasons. 
</NINE-OF-SWORDS-PRESENT >
<NINE-OF-SWORDS-FUTURE >
Travel plans are likely to be tough and you may come across problems relating to your schedule. You may want to spend time with your partner or your family but there may be chances for it not to happen. 
</NINE-OF-SWORDS-FUTURE >
<TEN-OF-SWORDS-ONE >
This card shows that some unexpected surprises will unveil on your trip and these will be the pleasant ones. You will have fun more than you expected but you are will have to keep a check on your expenses as this relaxation excavation can go heavy on your pocket. 
</TEN-OF-SWORDS-ONE >
<TEN-OF-SWORDS-PAST >
Some unexpected surprises may have unveiled on your trip and those may have been pleasant. You may have had fun more than you expected but you would have had to keep a tab on your expenses else this relaxation exercise could have gone heavy on your pocket. 
</TEN-OF-SWORDS-PAST >
<TEN-OF-SWORDS-PRESENT >
Some unexpected surprises may unveil on your trip and these may be pleasant. You may be having more fun that you expected but you will have to keep a check on your expenses else the relaxation excavation can go heavy on your pocket. 
</TEN-OF-SWORDS-PRESENT >
<TEN-OF-SWORDS-FUTURE >
Some unexpected surprises are likely to unveil on your trip and those may also be pleasant. You may have more fun than you expect but you may have to keep a tab on your expenses else the relaxation exercise may go heavy on your pocket. 
</TEN-OF-SWORDS-FUTURE >
<PAGE-OF-SWORDS-ONE >
This card indicates that even though you were excited about an outing, some cancellations and tantrums by loved ones will make you feel irritable. You will get some unpleasant shocks and your endeavors may not be fulfilled. It is cautioned that you do not get too agitated as this may affect you or a loved one badly. 
</PAGE-OF-SWORDS-ONE >
<PAGE-OF-SWORDS-PAST >
Some cancellations and tantrums by loved ones may have made you feel irritable even though you were excited about an outing. You may have received some unpleasant shocks and your efforts may have not been fulfilled. It was wise not to have been agitated since that could have affected you or your loved one. 
</PAGE-OF-SWORDS-PAST >
<PAGE-OF-SWORDS-PRESENT >
Some cancellations and tantrums by loved ones may make you feel irritable even though you are excited about an outing. You may receive some unpleasant shocks and your efforts may not be fulfilled. Do not get too agitated since this can affect you or your loved one. 
</PAGE-OF-SWORDS-PRESENT >
<PAGE-OF-SWORDS-FUTURE >
Some cancellations and tantrums by loved ones are likely to make you feel irritable even though you may be excited about an outing. There are chances you receive some unpleasant shocks and your efforts may not be fulfilled. It is advised that you do not get agitated since this may affect you or your loved one. 
</PAGE-OF-SWORDS-FUTURE >
<KNIGHT-OF-SWORDS-ONE >
This card shows that you are in for lot of traveling and also some romantic surprises. You will take a short trip or a long vacation with your partner and this trip will be a memorable one for you. There may also be a few short trips because of work and this will make you a little exhausted. 
</KNIGHT-OF-SWORDS-ONE >
<KNIGHT-OF-SWORDS-PAST >
You may have travelled a lot and also experienced some romantic surprises. You may have taken a short trip or a long vacation with your partner and that trip may have been a memorable one for you. There may have been a few short trips due to work and that may have exhausted you. 
</KNIGHT-OF-SWORDS-PAST >
<KNIGHT-OF-SWORDS-PRESENT >
You may be travelling a lot and also experiencing some romantic surprises. You may take a short trip or a long vacation with your partner and this trip may be a memorable one for you. There may be a few short trips due to work and this can exhaust you. 
</KNIGHT-OF-SWORDS-PRESENT >
<KNIGHT-OF-SWORDS-FUTURE >
You are likely to travel a lot and also may experience some romantic surprises. You may take a short trip or a long vacation with your partner and that trip may turn out to be memorable. There are chances for a few short trips due to work and that may exhaust you. 
</KNIGHT-OF-SWORDS-FUTURE >
<QUEEN-OF-SWORDS-ONE >
This card indicates that nothing will be preplanned and you will soon be sent on quick trips. This will leave you little time to think and as a result there will be delays and some improper arrangements with regards to your transport and lodging. There may also be a dear one who you may bump into on your way. 
</QUEEN-OF-SWORDS-ONE >
<QUEEN-OF-SWORDS-PAST >
Nothing may have been preplanned and you may have been sent on quick trips. That left you hardly any time to think and delays and improper arrangements regarding transport and lodging may have resulted from it. There may have been a dear one who bumped into you. 
</QUEEN-OF-SWORDS-PAST >
<QUEEN-OF-SWORDS-PRESENT >
Nothing may be preplanned and you may be sent on quick trips soon. This will leave you hardly any time to think and delays and improper arrangement relating to transport and lodging may result from it. There may be a dear one who will bump into you. 
</QUEEN-OF-SWORDS-PRESENT >
<QUEEN-OF-SWORDS-FUTURE >
Nothing is likely to be preplanned and you may be sent on quick trips before you may realize. That may leave you hardly any time to think and improper arrangement relating to transport and lodging may eventually result from it. There are chances a dear one may bump into you. 
</QUEEN-OF-SWORDS-FUTURE >
<KING-OF-SWORDS-ONE >
This card suggests that you will have to be extra careful as you are accident prone. This trip will not be as expected and there will be several delays on the way. It is suggested that you postpone the trip you are planning, as this is not a good time to travel as per the cards. 
</KING-OF-SWORDS-ONE >
<KING-OF-SWORDS-PAST >
You had to extra careful as you were accident prone. A trip may not have been as expected and there may have been several delays on your way. It was wise to have postponed the trip you planned since it may not have been a good time to travel. 
</KING-OF-SWORDS-PAST >
<KING-OF-SWORDS-PRESENT >
You have to be extra careful since you are accident prone. A trip may not be as expected and there may be several delays on your way. It is better to postpone the trip you are planning since this is not a good time to travel. 
</KING-OF-SWORDS-PRESENT >
<KING-OF-SWORDS-FUTURE >
You may have to be extra careful since you may be accident prone. A trip may not be as expected and there may be chances of several delays on your way. It may be better to postpone the trip you may be planning since that may not be a good time to travel. 
</KING-OF-SWORDS-FUTURE >
<ACE-OF-WANDS-ONE >
This card indicates that there will be some good news arriving while you travel to some place. This trip will prove to be worthwhile bringing some kind of prosperity financially. There is also a possibility that you may have to travel because of your work and your venture will be successful. 
</ACE-OF-WANDS-ONE >
<ACE-OF-WANDS-PAST >
There may have been some good news that reached you while you were traveling. That trip may have proved to be worthwhile since it brought some prosperity financially. You may have travelled due to your work and your venture may have been successful. 
</ACE-OF-WANDS-PAST >
<ACE-OF-WANDS-PRESENT >
There may be some good news that may reach you while you are traveling. This trip will prove to be worthwhile since it will bring some financial prosperity. You may travel because of work and your venture may be successful. 
</ACE-OF-WANDS-PRESENT >
<ACE-OF-WANDS-FUTURE >
There is likely to be some good news that may reach you while you travel. That trip may prove to be worthwhile since it may bring some financial prosperity. You are likely to travel due to work and your venture may be successful. 
</ACE-OF-WANDS-FUTURE >
<TWO-OF-WANDS-ONE >
This card shows that you will soon set out on a trip but it will be unusual in some ways. You will be traveling in a completely new place and therefore your travel experience will be very different. There may be a few hurdles on the way but that will not stop you from reaching your destination. 
</TWO-OF-WANDS-ONE >
<TWO-OF-WANDS-PAST >
You may have set out on a trip but it may have been unusual in some ways. You may have traveled in a new place and therefore your travel experience may have been very different. There may have been a few hurdles on the way but that never stopped you from reaching your destination. 
</TWO-OF-WANDS-PAST >
<TWO-OF-WANDS-PRESENT >
You may set out on a trip but it may be unusual in some ways. You may travel in a new place and hence your travel experience will be very different. There may be a few hurdles on the way but these will never stop you from reaching your destination. 
</TWO-OF-WANDS-PRESENT >
<TWO-OF-WANDS-FUTURE >
You are likely to set out on a trip but it may be unusual in some ways. You may travel in a new place and hence possibilities of a different travel experience are high. There is likely to be a few hurdles on the way but those may not stop you from reaching your destination. 
</TWO-OF-WANDS-FUTURE >
<THREE-OF-WANDS-ONE >
This card suggests that there are good prospects in traveling now. There are chances that you will want to pay a visit to someone dear who stays far off or vice versa. Even if you are traveling for business, there are high possibilities that you will be successful in your endeavor. If you stay away from home, then it is a good time to take a trip to meet your family. 
</THREE-OF-WANDS-ONE >
<THREE-OF-WANDS-PAST >
You had good prospects to travel. You may have visited someone dear who stayed far off or vice versa. Business travels may have also been successful. If you stayed away from home, you may have had a good trip to meet your family. 
</THREE-OF-WANDS-PAST >
<THREE-OF-WANDS-PRESENT >
You have good prospects to travel. You may visit someone dear who stays far off or vice versa. Business travels may also be successful. If you are staying away from home, it may be a good time to make a trip to meet your family. 
</THREE-OF-WANDS-PRESENT >
<THREE-OF-WANDS-FUTURE >
You are likely to have good prospects to travel. You may visit someone dear who stays far off or vice versa. Business travels are likely to be successful. If you stay away from home, there are good chances that you make a trip to meet your family. 
</THREE-OF-WANDS-FUTURE >
<FOUR-OF-WANDS-ONE >
This card indicates that this will be a very crucial time for you in your business or professional life. You may be upset over a few things that are happening lately but if there are any chances that you are traveling then the trip will prove to be very advantageous and you will be happy with the results. 
</FOUR-OF-WANDS-ONE >
<FOUR-OF-WANDS-PAST >
It may have been a very crucial time for your business and professional life. You may have been upset over a few things that happened lately but if you were traveling, the trip would have proved to be very advantageous and you would have been happy with the results. 
</FOUR-OF-WANDS-PAST >
<FOUR-OF-WANDS-PRESENT >
It may be a very crucial time for your business and professional life. You may be upset over a few things that are happening lately but if you are travelling, the trip may prove to be very advantageous and you may be happy with the results. 
</FOUR-OF-WANDS-PRESENT >
<FOUR-OF-WANDS-FUTURE >
It is likely to be a very crucial time for your business and professional life. You may be upset over a few things that may be happening but if you have plans to travel, the trip is likely to be advantageous and you may eventually be happy with the results. 
</FOUR-OF-WANDS-FUTURE >
<FIVE-OF-WANDS-ONE >
This card shows that there will be convenience in wherever you are traveling now. You may have to move to a far off place because of education or work related reasons and you will be willing to go ahead so that things get back to normal soon. There will be hardly any inconvenience on your way and this trip will go smoothly. 
</FIVE-OF-WANDS-ONE >
<FIVE-OF-WANDS-PAST >
There would have been convenience wherever you traveled. You may have moved to a far off place because of education or work and may have been willing to proceed expecting things to return to normal. There may have been hardly any inconvenience and the trip would have gone smoothly. 
</FIVE-OF-WANDS-PAST >
<FIVE-OF-WANDS-PRESENT >
There will be convenience wherever you travel. You may move to a far off place because of education or work and you may be willing to proceed for things to get back to normal. There will hardly be any inconvenience and the trip may go smoothly. 
</FIVE-OF-WANDS-PRESENT >
<FIVE-OF-WANDS-FUTURE >
There is likely to be convenience wherever you travel. You may have to move to a far off place because of education or work and you may be willing to proceed because things may have to get back to normal. There may be hardly any inconvenience and the trip may go smoothly. 
</FIVE-OF-WANDS-FUTURE >
<SIX-OF-WANDS-ONE >
This card indicates that you are feeling tired and exhausted with work and are craving for relaxation in some or the other way. If there are any businesses or social commitments which may involve some kind of traveling then you will try to postpone them or even cancel them if possible. 
</SIX-OF-WANDS-ONE >
<SIX-OF-WANDS-PAST >
You may have felt tired and exhausted with work and may have craved for relaxation. You may have tried to postpone or cancel businesses or social commitments that involved some traveling. 
</SIX-OF-WANDS-PAST >
<SIX-OF-WANDS-PRESENT >
You may be feeling tired and exhausted with work and may crave for relaxation. You may even try to postpone or cancel businesses or social commitments that involve some traveling. 
</SIX-OF-WANDS-PRESENT >
<SIX-OF-WANDS-FUTURE >
You are likely to feel tired and exhausted with work and may crave for relaxation. There are chances where you may even postpone or cancel businesses or social commitments that may involve some traveling. 
</SIX-OF-WANDS-FUTURE >
<SEVEN-OF-WANDS-ONE >
This card shows that you are willing to take some time off work to relax and let yourself loose. There are also chances that you will wrap up other things to go out on a vacation with your family or your loved one and this will be a pleasant journey. 
</SEVEN-OF-WANDS-ONE >
<SEVEN-OF-WANDS-PAST >
You may have been willing to take time off to relax and let loose. You may have tried to wrap up other things to go on a vacation with your family or your loved one and that may have been a pleasant journey. 
</SEVEN-OF-WANDS-PAST >
<SEVEN-OF-WANDS-PRESENT >
You may be willing to take time off to relax and let loose. You may wrap up other things to go on a vacation with your family or your loved one and this may be a pleasant journey. 
</SEVEN-OF-WANDS-PRESENT >
<SEVEN-OF-WANDS-FUTURE >
You are likely to take time off to relax and let loose. You may wrap up other things to go on a vacation with your family or your loved one and that is likely to be a pleasant journey. 
</SEVEN-OF-WANDS-FUTURE >
<EIGHT-OF-WANDS-ONE >
A journey is indicated in case of business, a vacation or just returning from a venture to your home. If you were facing any problems with booking arrangements or travel issues then things will now ease out. This trip could also be very eventful in many ways and can prove to be enlightening. 
</EIGHT-OF-WANDS-ONE >
<EIGHT-OF-WANDS-PAST >
You may have traveled for business or vacation. Problems that you faced with booking arrangements or travel would have eased out. That trip may have been eventful in several ways and may have proved to be enlightening. 
</EIGHT-OF-WANDS-PAST >
<EIGHT-OF-WANDS-PRESENT >
You may travel for business or vacation. Problems you face with booking arrangements or travel will ease out. This trip may be eventful in many ways and may prove to be enlightening. 
</EIGHT-OF-WANDS-PRESENT >
<EIGHT-OF-WANDS-FUTURE >
You are likely to travel for business or vacation. Problems you may face with booking arrangements or travel may ease out. That trip may be eventful in different ways and may prove to be enlightening. 
</EIGHT-OF-WANDS-FUTURE >
<NINE-OF-WANDS-ONE >
This card suggests that you will have to travel for work reasons and you will enjoy every bit if this trip. You will have the confidence required and your flair of communication will help you meet people who share common enthusiasm. You will also make new associates which will prove to be helpful for your business. 
</NINE-OF-WANDS-ONE >
<NINE-OF-WANDS-PAST >
You had to travel for work reasons and enjoyed every bit of that trip. You had the confidence and your communication helped you when you met people with common enthusiasm. You may have made new associates that proved to be helpful for your business. 
</NINE-OF-WANDS-PAST >
<NINE-OF-WANDS-PRESENT >
You may have to travel for work reasons and will enjoy every bit of this trip. You have the confidence and your communication will help you when you meet people with common enthusiasm. You may make new associates that prove to be helpful for your business. 
</NINE-OF-WANDS-PRESENT >
<NINE-OF-WANDS-FUTURE >
You are likely to travel for work reasons and may enjoy every bit of that trip. You may have the confidence and your communication may help you when you meet people with common enthusiasm. You have chances to make new associates that may prove to be helpful for your business. 
</NINE-OF-WANDS-FUTURE >
<TEN-OF-WANDS-ONE >
This card indicates that there are chances that you will shift base to some other place for a while. You will want to start afresh away from the problems and may seek out for a place away from your normal life. This will take some time but you will be successful in doing so. 
</TEN-OF-WANDS-ONE >
<TEN-OF-WANDS-PAST >
You may have shifted your base to some other place for some time. You may have wanted to start afresh, away from problems and would have sought for a place away from your normal life. That may have taken some time but you would have been successful in having done so. 
</TEN-OF-WANDS-PAST >
<TEN-OF-WANDS-PRESENT >
You may shift your base to some other place for some time. You may want to start afresh, away from problems and will seek a place away from your normal life. This may take some time but you will be successful in doing so. 
</TEN-OF-WANDS-PRESENT >
<TEN-OF-WANDS-FUTURE >
You are likely to shift your base to some other place for some time. You have chances to start afresh, away from problems and may seek a place away from your normal life. That is likely to take some time but you may be successful in doing so. 
</TEN-OF-WANDS-FUTURE >
<PAGE-OF-WANDS-ONE >
This card shows that you want a change in your life and are thinking of ways to experience new things. In this excavation, you will visit a dear one, a relative or a friend and this will make you gratified. You will weigh your options and will take a short trip to feel rejuvenated. 
</PAGE-OF-WANDS-ONE >
<PAGE-OF-WANDS-PAST >
You wanted a change in your life and thought of ways to experience new things. In that ordeal, you may have visited a dear one, relative or friend and that may have gratified you. You may have weighed your options and would have taken a short trip to feel rejuvenated. 
</PAGE-OF-WANDS-PAST >
<PAGE-OF-WANDS-PRESENT >
You may want a change in your life and think of ways to experience new things. In this ordeal, you may visit a dear one, relative or friend and this may gratify you. You have to weigh your options and should take a short trip to rejuvenate yourself. 
</PAGE-OF-WANDS-PRESENT >
<PAGE-OF-WANDS-FUTURE >
You are likely to observe a change in your life and may think of ways to experience new things. In that ordeal, you may even visit a dear one, relative or friend and that may gratify you. You may have to weigh your options and take a short trip to rejuvenate yourself. 
</PAGE-OF-WANDS-FUTURE >
<KNIGHT-OF-WANDS-ONE >
This card suggests that you are planning to go on a vacation with your loved one and are on the hunt for destinations. There are also chances that you will feel nostalgic about a loved one who you are missing a lot and there is a possibility that you will get in touch with them. 
</KNIGHT-OF-WANDS-ONE >
<KNIGHT-OF-WANDS-PAST >
You may have planned to go on a vacation with your loved one and may have been on the hunt for destinations. You may have felt nostalgic about a loved one who you were missing a lot and may have got in touch with them. 
</KNIGHT-OF-WANDS-PAST >
<KNIGHT-OF-WANDS-PRESENT >
You may be planning to go on a vacation with your loved one and may be on the hunt for destinations. You may feel nostalgic about a loved one who you are missing a lot and may get in touch with them. 
</KNIGHT-OF-WANDS-PRESENT >
<KNIGHT-OF-WANDS-FUTURE >
You may plan to go on a vacation with your loved one and may be on the hunt for destinations. You are likely to feel nostalgic about a loved one who you may be missing a lot and may connect with them. 
</KNIGHT-OF-WANDS-FUTURE >
<QUEEN-OF-WANDS-ONE >
This card indicates you will want to spend some time with your family and this could lead to a shirt trip or a place just a little away from home. There may be some plans of making an important decision with regards to traveling that you will consider for the future as you already have your hands full. 
</QUEEN-OF-WANDS-ONE >
<QUEEN-OF-WANDS-PAST >
You wanted to spend some time with your family and that may have led to a short trip to a place little away from home. There may have been some plans to make an important decision regarding traveling that was considered for the future since your hands may have been full then. 
</QUEEN-OF-WANDS-PAST >
<QUEEN-OF-WANDS-PRESENT >
You want to spend some time with your family and this may lead to a short trip to a place little away from home. There may be some plans to make an important decision regarding travel for the future since your hands may be full now. 
</QUEEN-OF-WANDS-PRESENT >
<QUEEN-OF-WANDS-FUTURE >
You may want to spend some time with your family and that may lead to a short trip to a place little away from home. There are likely to be plans regarding travel for the future since your hands may be full then. 
</QUEEN-OF-WANDS-FUTURE >
<KING-OF-WANDS-ONE >
This card shows that you may have to travel because of business, to pay a visit to someone or just to oblige a friend or a relative. You will be thinking of whether to accept it and go along or not but it is recommended that you go ahead as it is likely that you will get something good out of it. 
</KING-OF-WANDS-ONE >
<KING-OF-WANDS-PAST >
You may have been required to travel due to business or visit a friend or relative. You may have thought whether you needed to accept it or not but it was wise to proceed since you derived something from it. 
</KING-OF-WANDS-PAST >
<KING-OF-WANDS-PRESENT >
You may be required to travel due to business or visit a friend or relative. You may think whether you need to accept it or not but it is suggested you proceed since you can derive something from it. 
</KING-OF-WANDS-PRESENT >
<KING-OF-WANDS-FUTURE >
You may be required to travel because of business or visit a friend or relative. You are likely to think whether you have to accept it or not but it may be recommended to proceed since you may derive something from it. 
</KING-OF-WANDS-FUTURE >
<THE-MAGICIAN-ONE >
This card indicates that you are now concentrating more on your work and tasks getting fulfilled. In this process if you are likely to plan a trip with your family or for business purposes, some situations will demand the trip to be made for a shorter time than actually decided. 
</THE-MAGICIAN-ONE >
<THE-MAGICIAN-PAST >
You may have concentrated more on your work and tasks may have got fulfilled. Some situations may have demanded a shorter trip if you planned a trip with your family or for business. 
</THE-MAGICIAN-PAST >
<THE-MAGICIAN-PRESENT >
You may concentrate more on your work and tasks may be fulfilled. Some situations may demand a shorter trip than usual if you plan one with your family or for business purpose. 
</THE-MAGICIAN-PRESENT >
<THE-MAGICIAN-FUTURE >
You are likely to concentrate more on your work and tasks may eventually be fulfilled. Some situations may demand a shorter trip than usual if you may plan one with your family or for business purpose. 
</THE-MAGICIAN-FUTURE >
<THE-HIGH-PRIESTESS-ONE >
This card shows that travel is indicated. You may have to take a few trips to some place for work purposes or for a new business venture. If you are looking forward to go on a vacation with family, there will be some disappointment as the trip will either get canceled or postponed. 
</THE-HIGH-PRIESTESS-ONE >
<THE-HIGH-PRIESTESS-PAST >
You may have taken a few trips to some place for work purposes or for a new business venture. If you looked forward to go for a vacation with family, there may have been some disappointment as the trip would have been cancelled or postponed. 
</THE-HIGH-PRIESTESS-PAST >
<THE-HIGH-PRIESTESS-PRESENT >
You may take a few trips to some place for work purposes or for a new business venture. If you look forward to go for a vacation with family, there may be some disappointment since the trip may be cancelled or postponed. 
</THE-HIGH-PRIESTESS-PRESENT >
<THE-HIGH-PRIESTESS-FUTURE >
You are likely to take a few trips to some place for work purposes or a new business venture. If you may look forward to go for vacation with family, there may be some disappointment since the trip is likely to be cancelled or postponed. 
</THE-HIGH-PRIESTESS-FUTURE >
<THE-EMPRESS-ONE >
This card indicates that you may have to travel but for a short while due to work or personal pleasure with family or someone close. You may also be under some pressures by loved ones and may decide to go to another place or live with a friend for a while. 
</THE-EMPRESS-ONE >
<THE-EMPRESS-PAST >
You may have traveled for a short while due to work or personal pleasure with family or someone else. You may have been under some pressure by loved ones and may have decided to go to another place or live with a friend for a while. 
</THE-EMPRESS-PAST >
<THE-EMPRESS-PRESENT >
You may be traveling for a short while due to work or personal pleasure with family or someone else. You may be under some pressure by loved ones and may decide to go to another place or live with a friend for a while. 
</THE-EMPRESS-PRESENT >
<THE-EMPRESS-FUTURE >
You may have chances to travel for a short while due to work or personal pleasure with family or someone else. You are likely to be under pressure by loved ones and may decide to go to another place or live with a friend eventually. 
</THE-EMPRESS-FUTURE >
<THE-EMPEROR-ONE >
This card shows that there are delays indicated in you work and travel schedule. There may be some health issues or some business deals that may require immediate attention because of which certain meetings or travel programs will have to be kept on hold. 
</THE-EMPEROR-ONE >
<THE-EMPEROR-PAST >
There may have been delays in your work and travel schedule. There may have been some health issues or some business deals that required immediate attention due to which certain meetings or travel programs would have been kept on hold. 
</THE-EMPEROR-PAST >
<THE-EMPEROR-PRESENT >
There may be delays in your work and travel schedule. There may be some health issues or some business deals that will require immediate attention due to which certain meetings or travel programs may be kept on hold. 
</THE-EMPEROR-PRESENT >
<THE-EMPEROR-FUTURE >
There is likely to be some delays in your work and travel schedule. There are possibilities of health issues or some business deals that may require immediate attention due to which certain meetings or travel programs are likely to be kept on hold. 
</THE-EMPEROR-FUTURE >
<THE-HIEROPHANT-ONE >
This card indicates that you may have to travel but there will be lot of chaos due to many things happening at one time. Traveling will become necessary in order to execute certain plans or just decrease the gaps between loved ones. You will also have to strengthen your determination to carry out the task at hand. 
</THE-HIEROPHANT-ONE >
<THE-HIEROPHANT-PAST >
You may have traveled but there may have been chaos due to many things that happened at one time. Travel may have become necessary to execute certain plans or to decrease gaps between loved ones. You strengthened your determination to execute the task at hand. 
</THE-HIEROPHANT-PAST >
<THE-HIEROPHANT-PRESENT >
You may travel but there will be chaos due to many things that can happen at one time. Travel may be necessary to implement certain plans or to decrease gaps between loved ones. You may strengthen your determination to execute the task at hand. 
</THE-HIEROPHANT-PRESENT >
<THE-HIEROPHANT-FUTURE >
You are likely to travel but there may be chaos due to many things that may happen at one time. Travel is a possibility to implement certain plans or to decrease gaps between loved ones eventually. You may strengthen your determination to execute the task at hand. 
</THE-HIEROPHANT-FUTURE >
<THE-LOVERS-ONE >
This card shows that a travel is indicated because of work or personal gain but it will be upon you to take a decision of whether to travel or not and your decision will be influenced by lot of variables like a conflict between the heart and the mind. This will be an important decision. 
</THE-LOVERS-ONE >
<THE-LOVERS-PAST >
You may have traveled due to work or personal gain but you made a decision whether to travel or not and your decision was influenced by lot of variables like a conflict between the heart and mind. That may have been an important decision. 
</THE-LOVERS-PAST >
<THE-LOVERS-PRESENT >
You may travel due to work or personal gain but you will make a decision whether to travel or not and your decision will be influenced by a lot of variables like a conflict between the heart and mind. This may be an important decision. 
</THE-LOVERS-PRESENT >
<THE-LOVERS-FUTURE >
You are likely to travel due to work or personal gain but may make a decision whether to travel or not and your decision may be influenced by a lot of variables like a conflict between the heart and mind. That is going to be an important decision. 
</THE-LOVERS-FUTURE >
<THE-CHARIOT-ONE >
This card indicates that work will take a back seat and there may be some travel plans for leisure. You will plan a holiday with your family or partner. There are also chances that you will get in touch with an old friend and may land up in their city. 
</THE-CHARIOT-ONE >
<THE-CHARIOT-PAST >
Your work may have taken a back seat and there may have been some travel plans for leisure. You may have planned a holiday with your family or partner and may have connected with an old friend and landed in their city. 
</THE-CHARIOT-PAST >
<THE-CHARIOT-PRESENT >
Your work may take a back seat and there may be some travel plans for leisure. You may plan a holiday with your family or partner and may get in touch with an old friend and land in their city. 
</THE-CHARIOT-PRESENT >
<THE-CHARIOT-FUTURE >
Your work is likely to take a back seat and there is a possibility of travel plans for leisure. You may most probably plan a holiday with your family or partner and may get in touch with an old friend and land in their city. 
</THE-CHARIOT-FUTURE >
<STRENGTH-ONE >
This card shows that there are chances that you may have to postpone a trip because of some legal issues. But you will soon be on the move in this period and taking short trips will almost become a part of your schedule for the time being. A family member or someone close will also be making travel plans. 
</STRENGTH-ONE >
<STRENGTH-PAST >
You may have postponed a trip due to legal issues. But you may have eventually taken short trips and that may have become a part of your schedule. A family member of someone close may have also made travel plans. 
</STRENGTH-PAST >
<STRENGTH-PRESENT >
You may postpone a trip due to legal issues. But you will soon get moving and take short trips and this will become your schedule. A family member or someone close may also make travel plans. 
</STRENGTH-PRESENT >
<STRENGTH-FUTURE >
There are possibilities of postponing a trip due to legal issues. But you are likely to take short trips that may eventually become your schedule. A family member or someone else may also make travel plans. 
</STRENGTH-FUTURE >
<THE-HERMIT-ONE >
This card indicates that you will have to plan some traveling because of work or if you are a student then you may get an invitation to study somewhere else away from your hometown. A family member or a dear friend may also be planning a trip and is very likely that one of your relatives will call you for a visit for a get together or a holiday. 
</THE-HERMIT-ONE >
<THE-HERMIT-PAST >
You may have planned traveling due to work or if you were a student, you would have got an invitation to study elsewhere away from your hometown. A family member or a dear friend may have planned a trip and one of your relatives may have called you for a get together or a holiday. 
</THE-HERMIT-PAST >
<THE-HERMIT-PRESENT >
You may be planning to travel for work or if you are a student, you may get an invitation to study elsewhere away from your hometown. A family member or a dear friend may plan a trip and one of your relatives may call you for a get together or a holiday. 
</THE-HERMIT-PRESENT >
<THE-HERMIT-FUTURE >
You may plan to travel for work or if you may be a student, you may get an invitation to study elsewhere away from your hometown. A family member or a dear friend is likely to plan a trip and one of your relatives may also possibly call you for a get together or a holiday. 
</THE-HERMIT-FUTURE >
<WHEEL-OF-FORTUNE-ONE>
This card shows that you are now making a long term travel plan. There are also possibilities that you are considering an option of moving from your current house to someplace else. This can be due to a lucrative job offer or marriage and this will be a crucial decision. 
</WHEEL-OF-FORTUNE-ONE>
<WHEEL-OF-FORTUNE-PAST >
You may have made a long term travel plan. You may have considered an option of moving from your current home to some other place. That could have been due to a lucrative job offer or marriage and may have been crucial. 
</WHEEL-OF-FORTUNE-PAST >
<WHEEL-OF-FORTUNE-PRESENT >
You may make a long term travel plan. You may consider an option of moving from your current home to some other place. This could be due to a lucrative job offer or marriage and may be crucial. 
</WHEEL-OF-FORTUNE-PRESENT >
<WHEEL-OF-FORTUNE-FUTURE >
There may be chances for you to make a long term travel plan. You may consider an option of moving from your current home to some other place. That may be due to a lucrative job offer or marriage and is likely to be crucial. 
</WHEEL-OF-FORTUNE-FUTURE >
<JUSTICE-ONE >
You will have to travel for work or education and this will sound quite exciting. Some adjustments can take time but you will enjoy the experience. You will also experience some isolation but this will just be a phase and you may also get a surprise as someone very dear will drop in to meet you. 
</JUSTICE-ONE >
<JUSTICE-PAST >
You may have traveled for work or education and that sounded exciting. Some adjustments could have taken time but you enjoyed the experience. You may have been subjected to isolation but that was temporary and you may have been surprised since someone very dear may have dropped in to meet you. 
</JUSTICE-PAST >
<JUSTICE-PRESENT >
You may travel for work or education and this sounds exciting. Some adjustments can take time but you will enjoy the experience. You may be subjected to isolation but this is temporary and you may be surprised when someone very dear drops in to meet you. 
</JUSTICE-PRESENT >
<JUSTICE-FUTURE >
You are likely to travel for work or education and that may sound exciting. It may be possible that certain adjustments may take time but you may enjoy the experience. You may be subjected to isolation but that may be temporary and you may be surprised when someone very dear may drop in to meet you. 
</JUSTICE-FUTURE >
<THE-HANGED-MAN-ONE >
This card suggests that you are looking for something new or some kind of change in your life. Because of work or just in search of yourself, you will travel on some short trips to places which are quite different from now. There may also be some unexpected delays but it will not bother you much. 
</THE-HANGED-MAN-ONE >
<THE-HANGED-MAN-PAST >
You looked for something new or some kind of change in your life. You may have traveled on short trips to places, which have undergone a change, because of work or personal reasons. There may have been some unexpected delays but that may not have bothered you much. 
</THE-HANGED-MAN-PAST >
<THE-HANGED-MAN-PRESENT >
You are looking for something new or some kind of change in your life. You may travel on short trips to places that have undergone a change and this could be due to work or personal reasons. There may be some unexpected delays but this may not bother you much. 
</THE-HANGED-MAN-PRESENT >
<THE-HANGED-MAN-FUTURE >
You may be looking for something new or some kind of change in your life. You are likely to travel on short trips to places that may have undergone a change and that may be due to work or personal reasons. There are possibilities for unexpected delays but that may not bother you much. 
</THE-HANGED-MAN-FUTURE >
<DEATH-ONE >
This card indicates that your travel plans will not quite turn out the way you expected. You will have to make several changes in your travel plans and this can get quite chaotic. You will travel with a loved one and this will be quite relieving. Delays can get chaotic but you will eventually be content with what you get. 
</DEATH-ONE >
<DEATH-PAST >
Your travel plans may not have turned out the way you expected. You had to make several changes in your travel plans that could have become chaotic. You traveled with a loved one and that was relieving. Delays may have gotten chaotic but you were eventually content with what you got. 
</DEATH-PAST >
<DEATH-PRESENT >
Your travel plans may not turn out the way you expect. You have to make several changes in your travel plans and these can become chaotic. You may travel with a loved one and may feel relieved. Delays can get chaotic but you will be content with what you get. 
</DEATH-PRESENT >
<DEATH-FUTURE >
Your travel plans are not likely going to be what you expect. There are possibilities you may make changes in your travel plans and those can become chaotic. You may travel with a loved one and may feel relieved. Delays may get chaotic but you may eventually be content with what you may get. 
</DEATH-FUTURE >
<TEMPERANCE-ONE >
This card shows that you will feel more tired and exhausted now because of excess work and maddening schedules. You will have to take a short trip for work but you will give more priority to health and will take a break soon. 
</TEMPERANCE-ONE >
<TEMPERANCE-PAST >
You may have been very tired and exhausted because of excess work and maddening schedules. You had to take a short trip for work but you may have given more priority to health and taken a break. 
</TEMPERANCE-PAST >
<TEMPERANCE-PRESENT >
You may be very tired and exhausted because of excessive work and maddening schedules. You may take a short trip for work but you may give more priority to health and take a break soon. 
</TEMPERANCE-PRESENT >
<TEMPERANCE-FUTURE >
You are likely to be very tired and exhausted because of excess work and maddening schedules. You may take a short trip for work but there are possibilities you may give more priority to health and take a break eventually. 
</TEMPERANCE-FUTURE >
<THE-DEVIL-ONE >
This card indicates that you along with your family or colleagues will make a plan to visit some place out of town. But there will be some health issues that may prevent you from leaving town and these conditions may also get serious if you choose to ignore them now. 
</THE-DEVIL-ONE >
<THE-DEVIL-PAST >
You and your family or colleagues may have planned to visit some place out of town. But there may have been some health issues that prevented you from leaving town and those conditions may become serious had you ignored them then. 
</THE-DEVIL-PAST >
<THE-DEVIL-PRESENT >
You and your family or colleagues may plan to visit some place out of town. But there may be some health issues that prevent you from leaving town and these can become serious if you choose to ignore them now. 
</THE-DEVIL-PRESENT >
<THE-DEVIL-FUTURE >
You and your family or colleagues are likely to visit some place out of town. But there may be health issues that may prevent you from leaving town and those may become serious if you may not consider them importantly. 
</THE-DEVIL-FUTURE >
<THE-TOWER-ONE >
This card shows that you will have to be extra careful now for a while at least as there may be some health issues while traveling. You will make plans of going outstation on a pleasure or a business trip but it will get canceled or postponed unexpectedly. 
</THE-TOWER-ONE >
<THE-TOWER-PAST >
You had to be extra careful for some time since there were some health issues while you traveled. You made plans to go out of town on pleasure or business but it may have been canceled or postponed unexpectedly. 
</THE-TOWER-PAST >
<THE-TOWER-PRESENT >
You have to be extra careful for some time since there may be some health issues while you travel. You may make plans to go out of town on pleasure or business but it may be canceled or postponed unexpectedly. 
</THE-TOWER-PRESENT >
<THE-TOWER-FUTURE >
You may have to be extra careful for some time since health issues are likely to emerge when you travel. You may make plans to go out of town on pleasure or business but there are possibilities that they may be canceled or postponed unexpectedly. 
</THE-TOWER-FUTURE >
<THE-STAR-ONE >
This card indicates that a loved one or someone very dear from your family or friends may wish to see you. You will meet your loved ones who will travel a long distance to come and see you or may be returning home from work, studies or just a holiday trip. This will bring lot of joy to you and your family. 
</THE-STAR-ONE >
<THE-STAR-PAST >
A loved one or someone very dear from your family or friends may have desired to see you. You may have met your loved ones who traveled a long distance to come and see you or may have been returning home from work, studies or a holiday trip. That may have brought joy to you and your family. 
</THE-STAR-PAST >
<THE-STAR-PRESENT >
A loved one or someone very dear from your family or friends may desire to see you. You may meet your loved ones who may travel a long distance to come and see you or may be returning home from work, studies or holiday trip. This may bring joy to you and your family. 
</THE-STAR-PRESENT >
<THE-STAR-FUTURE >
A loved one or someone very dear from your family or friends may desire to see you. You are likely to meet your loved ones who may travel a long distance to come and see you or may be returning home from work, studies or holiday trip. That may eventually bring joy to you and your family. 
</THE-STAR-FUTURE >
<THE-MOON-ONE >
This card shows that you will be disappointed about a journey. There may be unexpected delays or cancellations during the journey and this will get extremely frustrating. Your friends will try to help you out but the situation will not improve much. You will feel that some more organizing would have helped in making the plan successful. 
</THE-MOON-ONE >
<THE-MOON-PAST >
You may have been disappointed about a journey since there were unexpected delays or cancellations in it. That may have been frustrating. Your friends may have tried to help you out but the situation may not have improved much. You may have felt that some more organizing may have helped in making the plan successful. 
</THE-MOON-PAST >
<THE-MOON-PRESENT >
You may be disappointed about a journey since there may be unexpected delays or cancellations in it. This may seem frustrating. Your friends may try to help you out but the situation may not improve much. You may feel that some more organizing will help in making the plan successful. 
</THE-MOON-PRESENT >
<THE-MOON-FUTURE >
You are likely to be disappointed about a journey since there are chances for unexpected delays or cancellations in it. That may seem frustrating. Your friends may try to help you out but the situation may not improve much. You may have felt that some more organizing may help in making the plan successful. 
</THE-MOON-FUTURE >
<THE-SUN-ONE >
This card indicates that your travel plans will not exactly be very successful. You will and restless and upset as things will not turn out to be the way you wanted. You will try to immerse yourself in your work in order to get rid of the disappointment and this will work for you at the moment. 
</THE-SUN-ONE >
<THE-SUN-PAST >
Your travel plans may not have been very successful. You may have been restless and upset since things may not have turned out the way you wanted. You may have tried to immerse yourself in your work to get rid of disappointment and that worked for you then. 
</THE-SUN-PAST >
<THE-SUN-PRESENT >
Your travel plans may not be very successful. You may be restless and upset since things may not turn out the way you want them to. You may try to immerse yourself in your work to get rid of disappointment and this will work for you. 
</THE-SUN-PRESENT >
<THE-SUN-FUTURE >
Your travel plans are not likely to be successful. You may be restless and upset since things may not turn out the way you wanted. There are possibilities where you immerse yourself in your work to get rid of disappointment and that may eventually work for you. 
</THE-SUN-FUTURE >
<JUDGEMENT-ONE >
This card suggests that going out for a social gathering or a small trip will be a very good experience. You will come across people who will seem intimidating at first but will prove to be of great help in future. You will also take some short trips on behalf of someone else for various reasons. 
</JUDGEMENT-ONE >
<JUDGEMENT-PAST >
You may have received a great experience when you went out for social gatherings or a small trip. You may have come across people who seemed intimidating at first but proved to be of great help eventually. You may have taken some short trips on behalf of someone else for different reasons. 
</JUDGEMENT-PAST >
<JUDGEMENT-PRESENT >
You may get a great experience by going out for social gatherings or a small trip. You may come across people who seem intimidating at first but will prove to be of great help soon. You may take some short trips on behalf of someone else for many reasons. 
</JUDGEMENT-PRESENT >
<JUDGEMENT-FUTURE >
You are likely to be experienced by going out for social gatherings or a small trip. You may eventually come across people who may seem intimidating at first but may prove to be of great help later. You may take some short trips on behalf of someone else for several reasons. 
</JUDGEMENT-FUTURE >
<THE-WORLD-ONE >
This card suggests that something interesting and unexpected is coming your way. You may get an offer through a call or personally that you will have to go on a trip or an outing which will be an impulsive decision. This could be for a job or new business opportunity and you will take the chance. 
</THE-WORLD-ONE >
<THE-WORLD-PAST >
Something interesting and unexpected may have come your way. You may have got an offer through a call or personally that you may have had to go on a trip or an outing and that may have been an impulsive decision. It would have been for a job or new business opportunity and you may have taken the chance. 
</THE-WORLD-PAST >
<THE-WORLD-PRESENT >
Something interesting and unexpected may come your way. You may get an offer through a call or personally that you may have to go on a trip or an outing and this will be an impulsive decision. This may be for a job or new business opportunity and you will take the chance. 
</THE-WORLD-PRESENT >
<THE-WORLD-FUTURE >
Something interesting and unexpected is likely to come your way. You have chances of getting an offer through a call or personally that you may have to go on a trip or an outing and that may be an impulsive decision. It may be for a job or new business opportunity and you may take the chance eventually. 
</THE-WORLD-FUTURE >
<THE-FOOL-ONE >
This card indicates that you are tired and do not want to go for a business meeting or a travel plan related to work. You will also consider taking some time off work and going for a holiday with your loved ones. Your partner will be very enthusiastic and make all the traveling arrangements. 
</THE-FOOL-ONE >
<THE-FOOL-PAST >
You were tired and never attended a business meeting or a travel plan related to work. You may have considered taking time off work and may have gone for a holiday with your loved ones. Your partner may have been very enthusiastic and made all traveling arrangements. 
</THE-FOOL-PAST >
<THE-FOOL-PRESENT >
You are tired and do not want to attend a business meeting or a travel plan related to work. You may consider taking time off work and may go for a holiday with your loved ones. Your partner may be very enthusiastic and make all traveling arrangements. 
</THE-FOOL-PRESENT >
<THE-FOOL-FUTURE >
You are likely to be tired and may not want to attend a business meeting or a travel plan related to work. You may think of taking time off work and eventually go for a holiday with your loved ones. Your partner may be very enthusiastic and may make all traveling arrangements.
</THE-FOOL-FUTURE >  
</ROOT>
