{
  "Ringtone" :
  [
    {
      "id" : "1",
      "mp3Url" : "https://raw.githubusercontent.com/SpartanUpdates/UplaodCodes/master/MyNameRingTone/Ringtone/English/Brazil_Remix_English.mp3",
      "name" : "Brazil_Remix_English"
    },
    {
      "id" : "2",
      "mp3Url" : "https://raw.githubusercontent.com/SpartanUpdates/UplaodCodes/master/MyNameRingTone/Ringtone/English/Found_You_When_Your_Heart_Was_Broken_English.mp3",
      "name" : "Found_You_When_Your_Heart_Was_Broken_English"
    },
	{
      "id" : "3",
      "mp3Url" : "https://raw.githubusercontent.com/SpartanUpdates/UplaodCodes/master/MyNameRingTone/Ringtone/English/I_Did_Like_To_Be_English.mp3",
      "name" : "I_Did_Like_To_Be_English"
    },
    {
      "id" : "4",
      "mp3Url" : "https://raw.githubusercontent.com/SpartanUpdates/UplaodCodes/master/MyNameRingTone/Ringtone/English/I_Did_Like_to_be_Everything_You_Want_English.mp3",
      "name" : "I_Did_Like_to_be_Everything_You_Want_English"
    },
	{
      "id" : "5",
      "mp3Url" : "https://raw.githubusercontent.com/SpartanUpdates/UplaodCodes/master/MyNameRingTone/Ringtone/English/I_Dont_Like_Yor_Little_Game_English.mp3",
      "name" : "I_Dont_Like_Yor_Little_Game_English"
    },
    {
      "id" : "6",
      "mp3Url" : "https://raw.githubusercontent.com/SpartanUpdates/UplaodCodes/master/MyNameRingTone/Ringtone/English/I_Got_Fever_English.mp3",
      "name" : "I_Got_Fever_English"
    },
	{
      "id" : "7",
      "mp3Url" : "https://raw.githubusercontent.com/SpartanUpdates/UplaodCodes/master/MyNameRingTone/Ringtone/English/I_Got_The_Eye_Of_Tiger_English.mp3",
      "name" : "I_Got_The_Eye_Of_Tiger_English"
    },
    {
      "id" : "8",
      "mp3Url" : "https://raw.githubusercontent.com/SpartanUpdates/UplaodCodes/master/MyNameRingTone/Ringtone/English/I_LOve_It_When_You_Call_Me_English.mp3",
      "name" : "I_LOve_It_When_You_Call_Me_English"
    },
	{
      "id" : "9",
      "mp3Url" : "https://raw.githubusercontent.com/SpartanUpdates/UplaodCodes/master/MyNameRingTone/Ringtone/English/I_Want_To_Stay_All_Night_English.mp3",
      "name" : "I_Want_To_Stay_All_Night_English"
    },
    {
      "id" : "10",
      "mp3Url" : "https://raw.githubusercontent.com/SpartanUpdates/UplaodCodes/master/MyNameRingTone/Ringtone/English/Just_Gonna_Stand_There_English.mp3",
      "name" : "Just_Gonna_Stand_There_English"
    },
	{
      "id" : "11",
      "mp3Url" : "https://raw.githubusercontent.com/SpartanUpdates/UplaodCodes/master/MyNameRingTone/Ringtone/English/Life_Is_What_Happens_Verious.mp3",
      "name" : "Life_Is_What_Happens_Verious"
    },
    {
      "id" : "12",
      "mp3Url" : "https://raw.githubusercontent.com/SpartanUpdates/UplaodCodes/master/MyNameRingTone/Ringtone/English/Lige_Goes_On_English.mp3",
      "name" : "Lige_Goes_On_English"
    },
	{
      "id" : "13",
      "mp3Url" : "https://raw.githubusercontent.com/SpartanUpdates/UplaodCodes/master/MyNameRingTone/Ringtone/English/Lily_Was_A_Littel_Girl_English.mp3",
      "name" : "Lily_Was_A_Littel_Girl_English"
    },
    {
      "id" : "14",
      "mp3Url" : "https://raw.githubusercontent.com/SpartanUpdates/UplaodCodes/master/MyNameRingTone/Ringtone/English/No_Buddy_Wanna_See_You_Together_English.mp3",
      "name" : "No_Buddy_Wanna_See_You_Together_English"
    },
	{
      "id" : "15",
      "mp3Url" : "https://raw.githubusercontent.com/SpartanUpdates/UplaodCodes/master/MyNameRingTone/Ringtone/English/Remix_DJ_English.mp3",
      "name" : "Remix_DJ_English"
    },
    {
      "id" : "16",
      "mp3Url" : "https://raw.githubusercontent.com/SpartanUpdates/UplaodCodes/master/MyNameRingTone/Ringtone/English/So_As_Long_As_Live_English.mp3",
      "name" : "So_As_Long_As_Live_English"
    },
	{
      "id" : "17",
      "mp3Url" : "https://raw.githubusercontent.com/SpartanUpdates/UplaodCodes/master/MyNameRingTone/Ringtone/English/So_Did_I_Deserve_English.mp3",
      "name" : "So_Did_I_Deserve_English"
    },
    {
      "id" : "18",
      "mp3Url" : "https://raw.githubusercontent.com/SpartanUpdates/UplaodCodes/master/MyNameRingTone/Ringtone/English/So_Everybody_Sing_English.mp3",
      "name" : "So_Everybody_Sing_English"
    },
	{
      "id" : "19",
      "mp3Url" : "https://raw.githubusercontent.com/SpartanUpdates/UplaodCodes/master/MyNameRingTone/Ringtone/English/So_Far_Away_English.mp3",
      "name" : "So_Far_Away_English"
    },
    {
      "id" : "20",
      "mp3Url" : "https://raw.githubusercontent.com/SpartanUpdates/UplaodCodes/master/MyNameRingTone/Ringtone/English/Something_Wishpers_English.mp3",
      "name" : "Something_Wishpers_English"
    },
	{
      "id" : "21",
      "mp3Url" : "https://raw.githubusercontent.com/SpartanUpdates/UplaodCodes/master/MyNameRingTone/Ringtone/English/Spectrum_Dj_REmix_English.mp3",
      "name" : "Spectrum_Dj_REmix_English"
    },
    {
      "id" : "22",
      "mp3Url" : "https://raw.githubusercontent.com/SpartanUpdates/UplaodCodes/master/MyNameRingTone/Ringtone/English/The_Most_Important_Thing__In_The_Worlds_Verious.mp3",
      "name" : "The_Most_Important_Thing__In_The_Worlds_Verious"
    },
	{
      "id" : "23",
      "mp3Url" : "https://raw.githubusercontent.com/SpartanUpdates/UplaodCodes/master/MyNameRingTone/Ringtone/English/The_Texi_Men_English.mp3",
      "name" : "The_Texi_Men_English"
    },
    {
      "id" : "24",
      "mp3Url" : "https://raw.githubusercontent.com/SpartanUpdates/UplaodCodes/master/MyNameRingTone/Ringtone/English/They_Dont_Care_About_Us_English.mp3",
      "name" : "They_Dont_Care_About_Us_English"
    },
	{
      "id" : "25",
      "mp3Url" : "https://raw.githubusercontent.com/SpartanUpdates/UplaodCodes/master/MyNameRingTone/Ringtone/English/We_Are_One_English.mp3",
      "name" : "We_Are_One_English"
    },
    {
      "id" : "26",
      "mp3Url" : "https://raw.githubusercontent.com/SpartanUpdates/UplaodCodes/master/MyNameRingTone/Ringtone/English/WE_Could_Have_Had_It_All_English.mp3",
      "name" : "WE_Could_Have_Had_It_All_English"
    },
	{
      "id" : "27",
      "mp3Url" : "https://raw.githubusercontent.com/SpartanUpdates/UplaodCodes/master/MyNameRingTone/Ringtone/English/We_Dont_Talk_Any_More_English.mp3",
      "name" : "We_Dont_Talk_Any_More_English"
    },
    {
      "id" : "28",
      "mp3Url" : "https://raw.githubusercontent.com/SpartanUpdates/UplaodCodes/master/MyNameRingTone/Ringtone/English/What_Is_Takes_To_Come_Alive_English.mp3",
      "name" : "What_Is_Takes_To_Come_Alive_English"
    },
	{
      "id" : "29",
      "mp3Url" : "https://raw.githubusercontent.com/SpartanUpdates/UplaodCodes/master/MyNameRingTone/Ringtone/English/What_Will_We_Do_When_We_Get_Old_English.mp3",
      "name" : "What_Will_We_Do_When_We_Get_Old_English"
    },
    {
      "id" : "30",
      "mp3Url" : "https://raw.githubusercontent.com/SpartanUpdates/UplaodCodes/master/MyNameRingTone/Ringtone/English/When_Its_Come_To_You_English.mp3",
      "name" : "When_Its_Come_To_You_English"
    },
	{
      "id" : "31",
      "mp3Url" : "https://raw.githubusercontent.com/SpartanUpdates/UplaodCodes/master/MyNameRingTone/Ringtone/English/Years_Will_Go_Past_Verious.mp3",
      "name" : "Years_Will_Go_Past_Verious"
    },
    {
      "id" : "32",
      "mp3Url" : "https://raw.githubusercontent.com/SpartanUpdates/UplaodCodes/master/MyNameRingTone/Ringtone/English/You_Say_You_Love_Me_English.mp3",
      "name" : "You_Say_You_Love_Me_English"
    }
  ]
}
