<?xml version="1.0" encoding="utf-8" ?>
<ROOT>
    <ACE-OF-CUPS-ONE >Ang baraha na ito ay nagpapahiwatig na matapang kang susuong sa bagong landas ng hindi natatakot sa mga panganib na matamo at di kalaunan, ang bagay na ito ang siyang tutulong sayo para sa iyong mga pangangailangan. Ito ang tamang oras para sumuong upang kumita ng pera. </ACE-OF-CUPS-ONE >
    <TWO-OF-CUPS-ONE >Anumang hindi pinagkakasunduan sa pinansiyal o mga dokumentong pinansiyal ay maaayos at ikaw ay mapapanatag. Ang iyong mga kita sa negosyo ay lalago o maaaring tumaas ang iyong sweldo. </TWO-OF-CUPS-ONE >
    <THREE-OF-CUPS-ONE >Ang baraha na ito ay nagpapahiwatig na magkakaroon ka ng matatag na pagkukunan ng pera ngayon at mayron kang bahagi sa income at mga gastusin. Magkakaroon ng maayos na daloy ng pera mula sa iba’t ibang maliliit na panggagalingan at ikaw ay makokontento. </THREE-OF-CUPS-ONE >
    <FOUR-OF-CUPS-ONE >Ang baraha na ito ay nagpapakita na kung meron mang hindi iregular sa pinansyal o anu mang sitwasyong pinansiyal, na ito ay iyong mataktikang lulutasin. Ikaw ay magiging mabilis, mautak, at kayang magawa ang mga trabaho lalo na sa pangongolekta ng pera o pag aayos ng anumang legal na bagay patungkol sa pera. </FOUR-OF-CUPS-ONE >
    <FIVE-OF-CUPS-ONE >Ang baraha na ito ay nagpapahiwatig na dapat mong tuunan ng pansin ang iyong mga pinansiyal na estado dahil ito hindi maaayos sa ngayon. Kailangan maingat na busisiin ang bawat gastos at ang praktikal at matibay na pagsuong dito ang siyang makakatulong sayo sa sitwasyong ito. </FIVE-OF-CUPS-ONE >
    <SIX-OF-CUPS-ONE >Iminumungkahi ng baraha na ito na hindi ka dapat mag-alala sa iyong mga pinansyal ngayon. Ang iyong mga gastos at income ay maaayos at dadaloy mula sa iba’t ibang direksyon. Ikaw ay magiging kontento sa iyong mga kita at maaaring magkaroon ng biglaang jackpot na iyong tatamaan kung saan ikaw ay mabibigla at matutuwa. </SIX-OF-CUPS-ONE >
    <SEVEN-OF-CUPS-ONE >Ang baraha na ito ay nagpapahiwatig na magkakaroon ng maliit na krisis sa iyong mga gastusin ngunit maaayos mo rin ito. HIndi ito dapat lubhang ipagka-alala sapagkat malulutas din agad at may posibilidad na maaari kang kumita ng maliit mula sa iba’t ibang mga pagmumulan. </SEVEN-OF-CUPS-ONE >
    <EIGHT-OF-CUPS-ONE >Ang baraha na ito ay nagpapakita na dapat mong bigyan ng pansin ang iyong mga gastusin sapagkat maaari kang humantong sa sitwasyon kung saan ang iyong mga gastusin at palaki ng palaki kahit anong pigil mo dito. Pakiramdam na mo na ang iyong mga kita ay hindi sapat para sa lahat ng gastusin at maaaring maramdaman mo ang pagkabigo. </EIGHT-OF-CUPS-ONE >
    <NINE-OF-CUPS-ONE >Ang baraha na ito ay nagpapahiwatig na hindi ka magiging masaya sa iyong mga kinikita. Maaari kang kumuha ng pera sa isa sa mga may utang sayo at maaaring magkaroon ng mga argumento dahil sa pinaghahatian sa pera. Ngunit maaayos mo rin ang sitwasyon at mareresolba ang mga bagay. </NINE-OF-CUPS-ONE >
    <TEN-OF-CUPS-ONE >Ang baraha na ito ay nagpapahiwatig na maaari kang gumastos ng mas malaki at bumili ng mga bagay para sa sarili. Maaari kang ring bumili ng mga regalo para sa mga mahal mo sa buhay at ang paggastos ay hindi masyadong nakakabahala sayo dahil ang iyong mga kinikita ay lalago na syang magbibigay sayo ng extra para sa iyong mga pamilya at mga kaibigan. </TEN-OF-CUPS-ONE >
    <PAGE-OF-CUPS-ONE >Maaari kang umasa sa isang promosyon o anumang uri ng promosyon at ito ay mangyayari sa lalo’t madaling panahon. Meron ring mga oportunidad na kakatok sa iyong pinto kaya’t hindi na dapat pang mabahala. </PAGE-OF-CUPS-ONE >
    <KNIGHT-OF-CUPS-ONE >Ang baraha na ito ay nagpapahiwatig na meron kang swerte pagdating sa pera. Makakakuha ka ng magagandang surpresa tulad ng pagtaas ng sweldo, o kita, o malaking pera mula sa hindi inaasahang pangagalingan. Kung naipit man ang pera mo kung saan, ito ay babalik sayo. </KNIGHT-OF-CUPS-ONE >
    <QUEEN-OF-CUPS-ONE >Ang baraha na ito ay magpaparamdam sayo na hindi ka kinakabahan sa anumang bagay pinansyal sa malapit na hinaharap. Maraming mga tao na handang tumulong sayo sa panahon ng krisis pinansyal o kung naghahanap ka ng gabay sa mga investments, makukuha mo ito sa mga tamang tao. Hindi ka magkakaroon ng maraming problema na makakuha ng komisyon o pera sa iba pang maaaring pangalingan nito. </QUEEN-OF-CUPS-ONE >
    <KING-OF-CUPS-ONE >Ang baraha na ito ay nagpapahiwatig na magkakaroon ka ng papasok na pera mula sa trabaho o sa bagong pakikipagsapalaran. Kung ikaw ay gumagawa ng mga bagong deals o kontrata, kailangan mong maging maingat sa lahat ng dokumentasyon, at tuntunin at kundisyon, dahil maaaring may mga elemento ito na titingin sa iyong mga galaw. </KING-OF-CUPS-ONE >
    <ACE-OF-PENTACLES-ONE >Ang baraha na ito ay nagpapahiwatig na ikaw ay mananalangin para sa iba’t ibang pwedeng panggalingan ng pera at upang magkaroon ng bagong pagkakakitaan. Mag iisip ka tungkol sa mga bagong pangmatagalang pinansyal na layunin. Meron ding mga siguradong plano at bagong pakikipagsapalarang papalapit sayo. </ACE-OF-PENTACLES-ONE >
    <TWO-OF-PENTACLES-ONE >Ang baraha na ito ay nagpapahiwatig na ikaw mapapaloob sa isang proseso ng pagpaplanong pinansya sa negosyo at personal na buhay. Kung merong mga pagkakataon na magplano ng bagong investment, magkakaroon ng malalaking paggastos. Kailangan mo laging suriin ang iyong mga gastusin. </TWO-OF-PENTACLES-ONE >
    <THREE-OF-PENTACLES-ONE >Ang baraha na ito ay nagpapahiwatig na ang pera ay dadating sayo mula sa mga hindi inaasahang panggagalingan at magkakaroon ka ng suporta mula sa iyong pamilya at mga katrabaho. Maghahanap ka rin ng adisyunal na panggagalingan at maaaring magbukas ng nag-aantay na proyekto sa layuning ito o magsimula ng bago. </THREE-OF-PENTACLES-ONE >
    <FOUR-OF-PENTACLES-ONE >Ang baraha na ito ay nagpapahiwatig na magkakaroon ng maraming gawain na may kinalaman sa paglilipat ng pera. Marami kang aayusing mga papeles na may lakip na legal upang kumita ng ilang komisyon. Makikita mo ang tatag sa pinansyal at magkakaroon ka ng sapat para sa iyong regular na mga panggastos. </FOUR-OF-PENTACLES-ONE >
    <FIVE-OF-PENTACLES-ONE >Ang baraha na ito ay nagpapahiwatig na ikaw ay gumagastos upang mapaayos ang sarili o makapag relax. Ang iyong mga pinansyal ay nasa pwesto at maililinya mo ng tama ang lahat ng iyong gastos. Katabi mo rin ang swerte habang nagpapatuloy kahit magkaroon pa man ng mga hadlang o problema. </FIVE-OF-PENTACLES-ONE >
    <SIX-OF-PENTACLES-ONE >Ang baraha na ito ay nagpapahiwatig na medyo mahihirapan ka sa iyong mga problema. Maaaring ginagamit ka lang ng iyong mga kaibigan at hindi ibalik ang mga inutang o hindi makakolekta ng tama. Maaari kang mabugnot at mag-alala, at magkaroon ng mga kaaway. Pinapayuhang maging malamig lang sa mga katulad na sitwasyon. </SIX-OF-PENTACLES-ONE >
    <SEVEN-OF-PENTACLES-ONE >Ang baraha na ito ay nagpapahiwatig na maaaring maging matamlay ang iyong mga pinansya sa simula at mukhang malabo. Ngunit magkakaroon ka ng pinansiyal na pagsulong sa negosyo o personal na pakikipagsapalaran kasama ang tulong at gabay ng isang malapit sayo at ito ang magbibigay sayo ng bagong pag-asa. </SEVEN-OF-PENTACLES-ONE >
    <EIGHT-OF-PENTACLES-ONE >Ang baraha na ito ay nagpapahiwatig na magiging maswerte ka sa lahat ng ng aspeto ng pera ngayon ng walang tensyon patungkol dito. Kikita ka ng mga ilan o mabibili mo na ang mga bagay na gusto mo. Ang susi sa masayang buhay ay ang maging kontento kung ano ang iyong makukuha at ay totoo sayo sa mga sandaling ito. </EIGHT-OF-PENTACLES-ONE >
    <NINE-OF-PENTACLES-ONE >Ang baraha na ito ay nagpapahiwatig na magkakaroon ka ng maraming swerte sayo ngayon at ang mga bagay ay tatakbo sa tamang direksyon pagdating sa pera. Kung ikaw ay nagkakaroon ng problemang pinansiya, ito ay maaayos at magkakaroon ng magandang balita sa lalo’t madaling panahon. </NINE-OF-PENTACLES-ONE >
    <TEN-OF-PENTACLES-ONE >Ang baraha na ito ay nagpapahiwatig na magkakaron ng balanse sa iyong mga kita at gastos at aayusin mo ang iba’t ibang gastusin sa bahay na kakain ng malaki sa iyong pera. Kung meron ka mang hinihintay na mabili o mga importanteng desisyon patungkol sa pera, ngayon mo ito gagawin. </TEN-OF-PENTACLES-ONE >
    <PAGE-OF-PENTACLES-ONE >Ang baraha na ito ay nagpapahiwatig na na ang iyong mga pinansyal ay mababalanse ngayon ngunit may ga pagkakataon na parang kulang ito. Maaari kang mainis at magalit. Kailangan mong kumalma dahil ang baraha na ito ay nagsasabi na may mga magagandang bagay na maaaring mangyari. </PAGE-OF-PENTACLES-ONE >
    <KNIGHT-OF-PENTACLES-ONE >Ang baraha na ito ay nagpapahiwatig na na walang masyadong problema sa iyong pinansyal na kundisyon. Kahit na meron mang mga taong hindi magsa-sauli ng pera at maaari ito maging isyu. Hindi ka man makakagarantiya ngayon ngunit may swerteng papunta sayo. </KNIGHT-OF-PENTACLES-ONE >
    <QUEEN-OF-PENTACLES-ONE >Ang baraha na ito ay nagpapahiwatig na ang iyong pera na hawak ng isang tao o nawala ay maaayos din. Makukuha mong muli ang iyong pera at maaaring makakuha ng kaunting extra o pagtaas ng sweldo. </QUEEN-OF-PENTACLES-ONE >
    <KING-OF-PENTACLES-ONE >Ang baraha na ito ay nagpapahiwatig na halos walang magiging problema sa iyong mga pinansiya. Magkakaroon ng kita sa mga iba’t ibang oportunidad na papunta sayo ngunit kailangan mo itong suriing mabuti. Minumungkahi na sa bahay o sa loob ng lugar ninyo gawin ang mga pakikipag ugnayan dahil ito ay maswerte sayo. </KING-OF-PENTACLES-ONE >
    <ACE-OF-SWORDS-ONE >Ang baraha na ito ay nagpapahiwatig na ang mga bagay na may kinalaman sa pera o pinansiyal ay hindi mangyayari sa katulad mong inaasahan. Kadalasan, ito ay sa mga gastusin lalo na sa mga hindi inaasahang gastusin. Maaayos naman ang iyong income ngunit kailangan mong magsikap pa upang mabalanse ang pasok at labas ng pera. </ACE-OF-SWORDS-ONE >
    <TWO-OF-SWORDS-ONE >Ang baraha na ito ay nagpapahiwatig na magiging maayos ang iyong pinansiyal at walang dapat ipagalala. May mga isyu sa mga bagong tinatahak o kontrata, at sa mga ilang bagay na iyong naiisip, ngunit ikaw ay magiging mapanuri bago tuluyang magpasiya. </TWO-OF-SWORDS-ONE >
    <THREE-OF-SWORDS-ONE >Ang baraha na ito ay nagpapahiwatig na ito ang tamang oras pagdating sa negosyo at magkakaroon ng tuluyag pagpasok ng pera. Maaari kang kumita sa mga hindi inaasahang panggagalingan o sa mga lumang pinasukan na magsisimulang kumita. Kung meron mga nangutang na ayaw magbayad, maaayos na din ito. </THREE-OF-SWORDS-ONE >
    <FOUR-OF-SWORDS-ONE >Ang baraha na ito ay nagpapahiwatig na medyo hihinto ang daloy ng pera. May mga sitwasyon ding magkakaroon ng pag-aaway dahil sa pera ng iyong business partner o nangutang sayo o mga kabugnutan sa mga delay sa pagbabayad. Ngunit ang gulong ito ay maaayos sapagkat magiging matatag rin ang pinansiyal mo pagkatapos. </FOUR-OF-SWORDS-ONE >
    <FIVE-OF-SWORDS-ONE >Ang baraha na ito ay nagpapahiwatig na nasisiyahan ka sa iyong income at ang mga gastusin ay balanse at kikita ka rin sa mga iba’t ibang panggagalingan. Ngunit ganunpaman, waring magaalala ka pa rin sa pinansiyal. Minumungkahi na wag masyadong magalala sa iyong pinansiyal at huminga muna. </FIVE-OF-SWORDS-ONE >
    <SIX-OF-SWORDS-ONE >Ang baraha na ito ay nagpapahiwatig na nahihirapan kang kumita ng pera at ang iyong mga gastusin ay hindi sumasangayon sa iyo. Ngunit magbabago rin ito at kikita ka rin ng kaunti kung paghihirapan mo ito at masisiyahan ka. </SIX-OF-SWORDS-ONE >
    <SEVEN-OF-SWORDS-ONE >Ang baraha na ito ay nagpapahiwatig na na medyo kinakabahan ka o nagagalit na maaari kang gumawa ng mga hindi kanais-nais na desisyon subalit maisasantabi mo rin ang iyong mga pagaalala dahil maaayos mo rin agad ito. May mga ilan ding kita na papunta sayo o baka manalo ka din sa hinaharap. </SEVEN-OF-SWORDS-ONE >
    <EIGHT-OF-SWORDS-ONE >Ang baraha na ito ay nagpapahiwatig na pakiramdam mo ang iyong income at hindi gumagalaw kahit inaasahan mong dapat tumaas ito. Hahanap ka ng mga alternatibong ruta para kumita pa ng extra para sa iyong mga pangangailangan. Ipinahihiwatig din na ikaw ay magiging matagumpay dito at maayos ang alin mang nakompromiso. </EIGHT-OF-SWORDS-ONE >
    <NINE-OF-SWORDS-ONE >Ang baraha na ito ay nagpapahiwatig na ito ang isa sa pinakamagandang panahon ng iyong buhay pagdating sa pera. Kikita ka ng maayos sa iyong regular na trabaho at maari ka makakuha ng increase. Maaari ring may mga bagong deals sa negosyo na magiging malaki ang iyong kita o mga katulad na bagay na magdadala sayong kumita ng malaking pera. </NINE-OF-SWORDS-ONE >
    <TEN-OF-SWORDS-ONE >Ang baraha na ito ay nagpapahiwatig na kung meron ka mang mga pinansiyal na problema ngayon ay malulutas din. Meron ding pagkakataon na ikaw ay magugulat sa biglaang kita o mga magagandang benepisyo sa trabaho mula sa dati mong ginawa o report na kung saan magpapasaya sa iyo. </TEN-OF-SWORDS-ONE >
    <PAGE-OF-SWORDS-ONE >Ang baraha na ito ay nagpapahiwatig na may bagay na may kinalaman sa iyong mga pinansiyal ang gagambala sayo palagi. Palagi mong iisipin ang iyong pinansiyal na kondisyon at ililiko ang iyong mga gastos. Ngunit para bang wala na itong katapusan dahil hindi agad ito maaayos sa unang pagkakataon. </PAGE-OF-SWORDS-ONE >
    <KNIGHT-OF-SWORDS-ONE >Ang baraha na ito ay nagpapahiwatig na ang isa sa iyong mga kaibigan o malapit sayo ay mag aalok ng partnership deal o sasama sa bagong yugto. Sila ay magiging malaking tulong sapagkat hindi sila hihingi ng malaking kapalit at masisiyahan ka sa kanilang ginagawa. </KNIGHT-OF-SWORDS-ONE >
    <QUEEN-OF-SWORDS-ONE >Ang baraha na ito ay nagpapahiwatig na may manloloko sayo sa pera. May taong hihiram sayo ng pera ngunit hindi agad ito ibabalik tulad ng mga delay na renta, bayarin, o material. Maiinis ka at maaring magkaron ng pag-aaway. </QUEEN-OF-SWORDS-ONE >
    <KING-OF-SWORDS-ONE >Ang baraha na ito ay nagpapahiwatig na kailangan mong magpahinga at wag muna magisip masyado tungkol sa pera. Ang iyong income ay magiging matatag ngunit may mga panggigipit minsan sa pamilya at sa mga nakapalibot sayo dahil sa mga saluwat na sitwasyong hindi mo maiiwasan. </KING-OF-SWORDS-ONE >
    <ACE-OF-WANDS-ONE >Ang baraha na ito ay nagpapahiwatig na na magkakaroon ka ng ilang pera. Ang kikitaing ito ay dahil sa iyong kakayahan. Kung pinaplano mo magkaroon ng eksibisyon ng iyong mga gawa o makaisap ng kakaibang konsepto sa iyong negosyo, ito na ang tamang paraan para gawin ito. </ACE-OF-WANDS-ONE >
    <TWO-OF-WANDS-ONE >Ang baraha na ito ay nagpapahiwatig na kung merong mga pag-aaway na pinansiyal o nagiisip tungkol sa mga ilang pinansiyal na pagkakasundo, na ito ang panahong sasangayon sila at ito ang magpapakalma sayo. May pagkakataong ang iyong mga kita sa negosyo ay lalago o tataas ang iyong sweldo. </TWO-OF-WANDS-ONE >
    <THREE-OF-WANDS-ONE >Ang baraha na ito ay nagpapahiwatig na dapat kang makipagugnayan sa iyong mga kaibigan at mga katrabaho dahil makakatulong sila sayo sa pinansiyal. Ang iyong negosyo o trabaho ay uusbong muli at magdadala ng mas maraming kita kaysa sa iyong inaakala. Magkakaroon ng mga bagong deal sa negosyo na merong karagdagang benepisyo kung saan lubha mong aasahan. </THREE-OF-WANDS-ONE >
    <FOUR-OF-WANDS-ONE >Ang baraha na ito ay nagpapahiwatig na ang iyong mga pinansiyal ay magiging matatag at makakatanggap ka ng pera sa mga ilang panggagalingan. Hindi ka magkakaroon ng problema na maayos ang mga pakikipagkasundong pinansiyal dahil ang iyong trabaho ay maayos. Mas mahusay ang mga gagawin mo ngayon kaysa dati. </FOUR-OF-WANDS-ONE >
    <FIVE-OF-WANDS-ONE >Ang baraha na ito ay nagpapahiwatig na magkakaroon ka ng swerte sa pera ngayon. Kung ikaw ay meron pinansiyal na di pinagkakaunawaan na patungkol sa ari-arian o mga investments, maaaring ikaw ang lamang. Maaayos mong mahahawakan ang iyong mga pinansyal at ito ang tutulong sayo para makaipon upang maalagaan ang mga inaasahan ng pamilya. </FIVE-OF-WANDS-ONE >
    <SIX-OF-WANDS-ONE >Ang baraha na ito ay nagpapahiwatig na may mga isyu patungkol sa perang nakaipit sa isang lugar o sa isang tao. Maaari kang lubhang magalala at magalit nang hindi napapansin. Pero lilipas din ito dahil ang iyong mga pinansiyal ay maaayos. </SIX-OF-WANDS-ONE >
    <SEVEN-OF-WANDS-ONE >Ang baraha na ito ay nagpapahiwatig na kung meron mang mga hirap o harang patungkol sa iyong pera, ito ay maaayos din. Makukuha mo ang mga benepisyo ng iyong savings plan at mga matalinong paggalaw sa pera na magpaparamdam sayo ng kontento at kasayahan. Ito ma’y mauwi sa konting paggastos, pero karapat-dapat ka dito! </SEVEN-OF-WANDS-ONE >
    <EIGHT-OF-WANDS-ONE >Ang baraha na ito ay nagpapahiwatig na ang mga bagay ay magbabago para sa mas maayos sa malapit na hinaharap. Ang iyong pinansiyal na kundisyon ay lalago kaysa sa iyong inaasahan at maaari kang makagawa ng mga kumikitang deal sa iyong kumpanya na tutulong sayo makakuha rin ng mga papuri at magkakaron ng maraming meeting para sa mga kita na gagawa ng mga oportunidad sa hinaharap. </EIGHT-OF-WANDS-ONE >
    <NINE-OF-WANDS-ONE >Ang baraha na ito ay nagpapahiwatig na ang iyong pinansiyal na kundisyon ay halos balanse ngayon dahil kumikita ka na ngayon at may maliit lang na gastos sa sandali. Ngunit walang dahilan para magalala dahil kikita ka pa ng maliliit para maging kontento at maaalagaan mo na ang iyong araw-araw na gastos at magiging matagumpay sa paghanap pa ng pagkakakitaan. </NINE-OF-WANDS-ONE >
    <TEN-OF-WANDS-ONE >Ang baraha na ito ay nagpapahiwatig na medyo magiging iskeptikal ka sa mga ugnayang may kinalaman sa pera na may konting alitan sa pagitan mo at ng kliyente o boss na maaaring magdala ng problema. Gugustuhin mong tumingin sa ibang panggagalingan ng pera ngunit magiging napakahirap nito. </TEN-OF-WANDS-ONE >
    <PAGE-OF-WANDS-ONE >Ang baraha na ito ay nagpapahiwatig na may papasok na pera sa ilang bahagi ng iyong trabaho at ilang mga bahagi na mananatiling mahina. Magkakaroon din ng isyu sa mga pakikipag ugnayan sa mga bangko o mga dokumentasyong pinansiyal. </PAGE-OF-WANDS-ONE >
    <KNIGHT-OF-WANDS-ONE >Merong mga pasok ng pera sa mga hindi inaasahang panggagalingan ngunit hindi ito sapat. Ang pagkolekta ng pera sa iyong mga mangungutang ay maaaring maging mahirap at hindi mo makukuha ang tunay mong inaasahan na maaaring maghatid ng mga argumento o di-kasiyahan. </KNIGHT-OF-WANDS-ONE >
    <QUEEN-OF-WANDS-ONE >Maaaring nasa mood mo ang paggastos at baka magulat ka sa iyong credit card bill na darating. Sasama ang iyong pakiramdam at mag iisip ng mga alternatibo sa sitwasyon. Ngunit ang iyong desisyon ay prueba na may benepisyo sa hinaharap. </QUEEN-OF-WANDS-ONE >
    <KING-OF-WANDS-ONE >Ang baraha na ito ay nagpapahiwatig na makakuha ka ng pera sa mga usual na pinanggagalingan pero susubukan pa ring kumita sa iba. Ngunit ang merkado ay magiging napakademanding at kung ikaw ay may sariling negosyo, mahihirapan ka makakuha ng mga bagong kontak o proyekto. Para sa mga empleyado, maaaring magkaroon ng kumpetisyon na kakaharapin sa lalo’t madaling panahon. </KING-OF-WANDS-ONE >
    <THE-MAGICIAN-ONE >Ang baraha na ito ay nagpapahiwatig na may mga bagong panimula sa iyong buhay patungkol sa traaho at mga may kinalaman sa pera. Makakasigurado ka na ang iyong mga pinansiyal na pinagsisikapan ay magiging matagumpay dahil ang hinaharap ay nagpapakita ng kasaganaan sa larangan ng bagong negosyo at anu pang pakikipag-ugnayan. </THE-MAGICIAN-ONE >
    <THE-HIGH-PRIESTESS-ONE >Ang baraha na ito ay nagpapahiwatig na kailangan mo munang suriin ang mga bagay. May inaasahan kang parcel, o padala, o pagdating bagay na may kinalaman sa pera. Maaari itong matagalan kaysa sa iyong inaasahan ngunit makukuha mo rin ang mga benepisyo ng paghihintay ng matagal. </THE-HIGH-PRIESTESS-ONE >
    <THE-EMPRESS-ONE >Ang baraha na ito ay nagpapahiwatig na kailangan mo lang maging organisado sa iyong mga pakikipag-ugnayang pinansiyal at mag-ingat sa mga impormasyong iyong binabahagi sa iyong business partner o katrabaho. Maaari mong alisin ang tensyon dahil ang pinangakong halaga ay kasalukuyang gumagalaw na at malapit ng mapa sa iyo. </THE-EMPRESS-ONE >
    <THE-EMPEROR-ONE >Ang baraha na ito ay nagpapahiwatig na kung ang iyong pera o anumang dokumentong may kinalaman sa pera at naiipik, ay maaayos din. Meron ng dahilan para mag magdiwang dahil tataas ang iyng sweldo o pagkakaroon ng pera na maghihikayat sayong magwaldas ng kaunti ngunit hindi ka kokonsenya. </THE-EMPEROR-ONE >
    <THE-HIEROPHANT-ONE >Ang baraha na ito ay nagpapahiwatig na kailangan mong balansehen ang iyong income at gumastos lang kaunti at kailangang suriin ang iyong mga gastusin. Magkakaroon ka ng problema na makakuha ng pera sa may utang sayo. Kahit na ikaw ay nag-aalala, ang iyong pinansiyal ay patuloy pa ring tatakbo. </THE-HIEROPHANT-ONE >
    <THE-LOVERS-ONE >Ang baraha na ito ay nagpapahiwatig na ng maayos na takbo ng pera dahil makakakuha ka ng promosyon, karagdagang bonus, o iba pang benepisyo. Ito ay makakatulong sayong patatagin ang iyong pinansiyal at hindi ka mag-aalalang kapusin ngayon. Magkakaroon din ng ilang pagwawaldas dahil may dahilan kang magdiwang. </THE-LOVERS-ONE >
    <THE-CHARIOT-ONE >Maaari kang ma-stress dahil ang iyong pera ay maiiipit sa mga tao o ibang mga transaksyon at mahihirapan kang makuha ito. Maaari rin itong maghatid sa ilang mga legal na isyu kung saan lalong magiging nakakainis. Ngunit maaayos din ang mga bagay dahil sa iyong pagsisikap na makakuha ng pera sa ibang mga panggagalingan. </THE-CHARIOT-ONE >
    <STRENGTH-ONE >Ang baraha na ito ay nagpapahiwatig na mas praktikal kang mag-iisip pagdating sa mga transaksyong may kinalaman sa pera. Ito ang tamang panahon para kunin ang pera sa mga nangutang na dapat nabayaran ng maaga ngunit na-delay dahil sa iba’t ibang rason. Maaayos mo na ang lahat ng pinansiyal na dokumento na makakatulong sayo ng malaki sa problema. </STRENGTH-ONE >
    <THE-HERMIT-ONE >Ang baraha na ito ay nagpapahiwatig na magkakaroon ka ng di-inaasahang income o mga bonus. Magugulat ka at magiging masaya kaya’t maaari itong magdulot sa iyo ng ilang pagwawaldas o selebrasyon kasama ang pamilya o mga kaibigan. Maaari ka ring mag plano ng bakasyon kasama ang iyong mahal dahil papasok na ang pera mula sa mga pinagkakautangan. </THE-HERMIT-ONE >
    <WHEEL-OF-FORTUNE-ONE >Ang baraha na ito ay nagpapahiwatig na may dahilan para magalala dahil mapapansin mong hindi kumikita ang iyong negosyo at mga butas na hindi mo agad nakita dati. Ilang gabay at tulong mula sa minamahal ang tutulong sayo mula sa iyong mga problemang pinansiyal. </WHEEL-OF-FORTUNE-ONE >
    <JUSTICE-ONE >Ang baraha na ito ay nagpapahiwatig na ang panahong ito ay magiging mahirap sayo sa pinansiyal na aspeto. Ang iyong negosyo ay hindi kumikita at ang iyong ibang pinagkukuhan ng pera ay nauubos. Magkakaroon din ng mga paghihirap na haharapin ngunit makakasigurado na ang mga ito ay lilipas din at magiging maaayos. </JUSTICE-ONE >
    <THE-HANGED-MAN-ONE >Ang baraha na ito ay nagpapahiwatig na kakaharapin mo ang mga ilang pagbagsak sa pera, ito man ay maliit, ito ay dahil sa merong manloloko sayo para sa kanilang pansariling benepisyo. Ngunit, makikita mo agad ito at kikilos agad upang makuha ang dapat na sa iyo. </THE-HANGED-MAN-ONE >
    <DEATH-ONE >Ang baraha na ito ay nagpapahiwatig na magkakaroon ng tensyon sa pera ngayon. Posibleng nagkaroon ka ng problemang pinansiyal kamakailan lang o ang taong dapat magsauli ng malaking pera ay bigla nalang nawala. Ang sitwasyong ito ay magpapahintulot sayong palagiang mapagbantay. </DEATH-ONE >
    <TEMPERANCE-ONE >Ang baraha na ito ay nagpapahiwatig na iikot na mula ngayon. Magiging itongparang roller coaster kung saan meron kang pera at ibang panahon, wala. Pwede itong maging problema sa simula ngunit ang iyong negosyo ay kikita rin para ikaw ay maging kuntento. </TEMPERANCE-ONE >
    <THE-DEVIL-ONE >Ang baraha na ito ay nagpapahiwatig na ikaw ay may kakaharapin napakaraming problemang pinansiyal. Ito ay dahil sa mga hindi magandang desisyon, o sakit sa pamilya, o iba pang legal na mga bagay. Magiging ganito pansamantala ngunit magiging maayos din ang mga bagay. </THE-DEVIL-ONE >
    <THE-TOWER-ONE >Ang baraha na ito ay nagpapahiwatig na magkakaroon ka ng mga pinansiyal na problema dahil sa mga hindi inaasahang gastos. Maaaring ang iyong negosyo ay hindi kumikita at ito’y malaking problema. Meron ding posibilidad na mawawala ang isa sa iyong bigating mga kliyente o ang pinaka kumikitang proyekto. </THE-TOWER-ONE >
    <THE-STAR-ONE >Ikaw ay makakakuha ng mga bagong proyekto at mga oportunidad sa negosyo na magpapaayos ng daloy ng pera. Meron ding posibilidad na makakakuha ka ng pera sapagkat ang hinaharap na swerte ay matingkad. Minumungkahi na wag magwaldas sa pagdidiwang dahil maaaring hindi mo mapansin na gumastos ka na ng sobra. </THE-STAR-ONE >
    <THE-MOON-ONE >Ang baraha na ito ay nagpapahiwatig na maaaring hindi ka maligayahan sa mga nangyayari pagdating sa mga pinansiyal. Maaaring may magsauli sayo ng utang ngunit ayaw bayaran ang interes. Maaaring ginagamit ka lang dahil kailangan ka ngunit alam mo kung paano makakabawi. </THE-MOON-ONE >
    <THE-SUN-ONE >Ang baraha na ito ay nagpapahiwatig na ang hindi pagdaloy ng pera ay maaayos at mga bagong oportunidad ang kakatok sa pinto. Kung ikaw ay naiipit sa mga isyu sa bangko o hindi naaprubahan ang loan, maaaring ito ay maayos na. Mga bagong panggalingan ng pera ang magbubukas at magkakaroon ng magandang pinansiyal na balita dadarating sa iyong koreo. </THE-SUN-ONE >
    <JUDGEMENT-ONE >Ang baraha na ito ay nagpapahiwatig na ito’y magandang panahon para sa iyong mga pinansiyal. Kung meron mang pinansiyal na pinagpapasiyahan, ito ay tatakbo sa iyong pabor. Meron ding mga kita mula sa mga dibidendo at pagbabayad ng utang, at ang iyong kundisyong pinansiyal ay magiging mas maayos. </JUDGEMENT-ONE >
    <THE-WORLD-ONE >Ang baraha na ito ay nagpapahiwatig na ikaw ay makakatanggap ng pera sa hindi inaasahang panggagalingan. Merong money order na kakatok sa iyong pinto at aanihin mo na ang benepisyong bonus dahil sa ng iyong pagsisikap. Dadalay din ang pera mula sa iba’t ibang panggagaliangan sa maliliit na halaga. </THE-WORLD-ONE >
    <THE-FOOL-ONE >Ang baraha na ito ay nagpapahiwatig na na kung may pera mang naipit sa isang lugar, ito ay makukuha na sa hinaharap. Sa panahong ito, kasama ng iyong pamilya o malpait sayo, ay magbubukas ng bagong negosyo o magdedesisyong gumawa ng malaking investment. Ito ang isa sa pinaka importanteng desisyon ng iyong buhay kaya’t minumungkahi na timbangin muna ang mga pros at cons bago humakbang ng malaki. </THE-FOOL-ONE >
</ROOT>
