<?xml version="1.0" encoding="utf-8" ?>
<ROOT>
<ACE-OF-CUPS-ONE>Esta carta indica que todo parece funcionar bien ahora en lo que respecta a tu salud. Te sentirás fresco y enérgico física y mentalmente y casi no habrá ninguna enfermedad. También avanzarás más hacia la espiritualidad, lo que hará que te sientas aún mejor. </ACE-OF-CUPS-ONE>
<TWO-OF-CUPS-ONE>Esta carta muestra que las cosas están un poco alteradas en el departamento de la salud mientras te esfuerzas por seguir el ritmo del bienestar de un ser querido, esto causará serias preocupaciones y algunas visitas repetidas al hospital. </TWO-OF-CUPS-ONE>
<THREE-OF-CUPS-ONE>Esta carta indica que quieres tener un tiempo de gala ahora y te mimarás más de lo necesario. Esto causará algunos problemas de salud graves que deberán abordarse pronto. Si no tomas medidas, es posible que debas ir al hospital o a una rehabilitación. </THREE-OF-CUPS-ONE>
<FOUR-OF-CUPS-ONE>Estás teniendo demasiado estrés y esto puede causar que tu cuerpo se descomponga. Debes tomarte un tiempo a pesar de los compromisos profesionales, ya que es necesario ahora. Esto puede frustrarte un poco, pero eventualmente te recuperarás y esto te dará una nueva postura en la vida. </FOUR-OF-CUPS-ONE>
<FIVE-OF-CUPS-ONE>Esta carta muestra que una cantidad excesiva de presión en un viaje o en el trabajo te afectará y te sentirás ahora agotado y extremadamente cansado. Esto también puede afectar tu salud más seriamente de lo que esperas causándote problemas. Tendrás que prestar atención a los problemas relacionados con el estómago como una prioridad. </FIVE-OF-CUPS-ONE>
<SIX-OF-CUPS-ONE>Esta carta indica que no te sientes muy bien y que esta inquietud está afectando tu cuerpo física y mentalmente. Pero te mantendrás unido para terminar ciertas tareas y luego tomarás un descanso que ayudará a tu cuerpo a rejuvenecer. </SIX-OF-CUPS-ONE>
<SEVEN-OF-CUPS-ONE>Esta carta muestra que tu cuerpo ahora está mostrando síntomas de una enfermedad que exige cierta relajación. Algunas dolencias pueden perseguirte con las que tendrás que lidiar. Puede haber algunos problemas relacionados con las extremidades o los ojos y tendrás que dejarte descansar por un tiempo para recuperarte. </SEVEN-OF-CUPS-ONE>
<EIGHT-OF-CUPS-ONE>Esta carta indica que el tiempo será un poco duro en tus ojos o cabello y seguirás un período de medicación. Esto dificultará un poco tus tareas diarias, lo que puede frustrarte, pero no habrá nada importante de qué preocuparte y la curación comenzará pronto. Tus seres queridos te cuidarán mientras te recuperas. </EIGHT-OF-CUPS-ONE>
<NINE-OF-CUPS-ONE>Esta carta muestra que ahora estás enfrentando o pronto tendrás que enfrentar un poco de aislamiento o depresión debido a los altibajos en tu vida. Estarás en una posición vulnerable en este momento y sentirás que nadie te entiende bien. Este estado de ánimo perturbador puede causar nerviosismo y que consumas algunas pastillas. </NINE-OF-CUPS-ONE>
<TEN-OF-CUPS-ONE>Esta carta indica que tu agenda ocupada y abrupta hará que tengas una dieta desequilibrada y esto puede llevar a algunos trastornos estomacales. Este horario abrupto puede llevar al aislamiento o al insomnio, que solo estará allí por un tiempo. Tomarás medidas y pronto te recuperarás. </TEN-OF-CUPS-ONE>
<PAGE-OF-CUPS-ONE>Esta carta muestra que con el tipo de circunstancias que enfrentas ahora, te sentirás muy sensible y puedes ser influenciado fácilmente. Este estado mental puede resultar malo para tu salud física o mental. Ten cuidado ya que eres propenso a los accidentes. </PAGE-OF-CUPS-ONE>
<KNIGHT-OF-CUPS-ONE>Esta carta indica que todo lo relacionado con tu salud será mucho mejor ahora. Si ya estás sufriendo algún tipo de enfermedad y visitas al médico, notarás que tu condición mejorará a pesar de las malas noticias que te den. Solo tendrás que mantener la fe en ti mismo y cuidar bien de tu cuerpo. </KNIGHT-OF-CUPS-ONE>
<QUEEN-OF-CUPS-ONE>Esta carta muestra que ahora te estás agotando mentalmente debido a diversas presiones personales y profesionales y, a veces, también puedes encontrarte indefenso. Puede haber algunos síntomas de desesperación por los cuales consultarás al médico y algunos familiares, pero las cosas mejorarán constantemente. </QUEEN-OF-CUPS-ONE>
<KING-OF-CUPS-ONE>Esta carta indica que puede haber algunas situaciones perturbadoras que te dejarán muy decepcionado y te obligarán a pensar que no eres lo suficientemente bueno para el mundo o que careces de cualidades. No permitas que estas circunstancias lleven a una adicción. </KING-OF-CUPS-ONE>
<ACE-OF-PENTACLES-ONE>Esta carta indica que estás dispuesto a hacer algunos cambios saludables en tu vida ahora. Si padecías algún tipo de dolencia, este es un buen momento para una rápida recuperación y pronto te verás en una condición mucho mejor. Eventualmente te recuperarás definitivamente. </ACE-OF-PENTACLES-ONE>
<TWO-OF-PENTACLES-ONE>Te sentirás cansado y agotado debido a las pocas horas de trabajo y al cumplimiento de diversas responsabilidades. Estas circunstancias pueden ser difíciles para tu cuerpo, pero tendrás que intentar encontrar un equilibrio para no ser víctima de la situación. </TWO-OF-PENTACLES-ONE>
<THREE-OF-PENTACLES-ONE>Esta carta indica que una ruptura emocional o un encuentro abrupto te llevará a algunas influencias tóxicas. Esto puede afectar tu salud, por lo que deberás tener cuidado. El descanso tendrá que esperar, ya que muchas cosas se alinearán para ti. </THREE-OF-PENTACLES-ONE>
<FOUR-OF-PENTACLES-ONE>Esta carta muestra que tendrás que enfrentar algunas dificultades con un problema médico ya existente y es posible que debas realizar algunas visitas a la clínica. Tú junto con tus seres queridos buscarán ayuda y consejo. Las cosas pueden ir un poco fuera de control y ahora tendrás que ser fuerte. </FOUR-OF-PENTACLES-ONE>
<FIVE-OF-PENTACLES-ONE>Esta carta indica que últimamente has estado descuidando mucho tu salud y es por eso que una dolencia menor ahora puede ser un poco grave, aunque no tan grave. Debido a esto, es posible que tengas que ir a algunos controles. </FIVE-OF-PENTACLES-ONE>
<SIX-OF-PENTACLES-ONE>Esta carta muestra que ahora tendrás que tener mucho cuidado con los alrededores. Eres propenso a los accidentes y, por lo tanto, tendrás que estar atento y ser cauteloso con todo lo que te rodea. Este es un momento crítico y, si no tienes cuidado, puedes llegar a un final indeseable. </SIX-OF-PENTACLES-ONE>
<SEVEN-OF-PENTACLES-ONE>Esta carta indica que estás enfrentando un período muy inquietante ahora y tratarás de evitar cualquier cosa que implique demasiada participación o trabajo físico. No estarás dispuesto a hacer nada que requiera tu tiempo y concentración, y esto te mantendrá alejado del trabajo de mala gana. </SEVEN-OF-PENTACLES-ONE>
<EIGHT-OF-PENTACLES-ONE>Esta carta muestra que es hora de sacar todas esas cremas hidratantes y bloqueadores solares, ya que tu piel puede ser vulnerable. Tendrás que viajar mucho por trabajo y esto puede afectar tu dieta y provocar problemas estomacales. </EIGHT-OF-PENTACLES-ONE>
<NINE-OF-PENTACLES-ONE>Esta carta indica que tú o alguien cercano a ti se recuperará de una dolencia o un accidente ocurrido. También existe la posibilidad de que alguien que conozcas muy bien se enfrente a un problema de salud importante. Ayudarás a tus familiares pero querrás salir y experimentar algo que te ayudará a liberarte. </NINE-OF-PENTACLES-ONE>
<TEN-OF-PENTACLES-ONE>Esta carta muestra que puedes tener algunos problemas personales que te molestarán un poco. Habrá alguien cercano a la familia que necesitará atención médica y tú lo guiarás hacia una nueva forma de vida. </TEN-OF-PENTACLES-ONE>
<PAGE-OF-PENTACLES-ONE>Esta carta indica que te sientes incómodo y muy inquieto. Puedes tener problemas relacionados con tu cuerpo. Puede haber algún tipo de culpa que esté molestándote enormemente y querrás deshacerte de ella. Se necesitarán algunos medicamentos para los dolores corporales y es posible que también desees tomar algunas pastillas para dormir debido al insomnio. </PAGE-OF-PENTACLES-ONE>
<KNIGHT-OF-PENTACLES-ONE>El servicio social es bueno si alguien no trata de aprovecharse indebidamente de ti y tendrás que darte cuenta de eso. Te sentirás ansioso y agitado por esto, pero podrás dar un paso audaz. Tratarás de mantenerte activo en lugar de estar inactivo, ya que esto puede evitar que pienses en cosas que no quieres. </KNIGHT-OF-PENTACLES-ONE>
<QUEEN-OF-PENTACLES-ONE>Esta carta indica que será mejor tomar ayuda de la naturaleza y adoptar formas naturales de curación y limpieza ahora. Si tú o uno de tus seres queridos se están recuperando de una enfermedad, este es un buen momento para una rápida recuperación. </QUEEN-OF-PENTACLES-ONE>
<KING-OF-PENTACLES-ONE>Esta carta muestra que estás en camino a una buena salud física y mental. Si te estabas recuperando de una lesión o enfermedad, mostrarás grandes mejoras. Incluso si hay problemas relacionados con el papeleo médico, se solucionará pronto. </KING-OF-PENTACLES-ONE>
<ACE-OF-SWORDS-ONE>Esta carta indica que te sientes desanimado y deprimido y que estás buscando ayuda médica. Miembros de la familia te ayudarán y también hay posibilidades de que sigas una nueva dirección para encontrar una cura para tu enfermedad y esto será beneficioso. </ACE-OF-SWORDS-ONE>
<TWO-OF-SWORDS-ONE>Esta carta muestra que tu salud se encuentra más en una etapa fluctuante y puedes parecer un poco inquieto. Puede haber problemas menores relacionados con la salud, pero tendrás que cuidar tu salud cuando no te sientas tan bien o haya posibilidades de una infección o fiebre leve o resfriado. </TWO-OF-SWORDS-ONE>
<THREE-OF-SWORDS-ONE>Esta carta indica que te sentirás extremadamente agotado y desearías relajarte y pasar un tiempo fuera del trabajo. Puede haber incidentes que pueden sumarse a tu tensión y agotamiento físico, pero tendrás que mantenerlo por tu propio bien. Tu mala salud afectará a los miembros de tu familia y pueden consultar a un médico. </THREE-OF-SWORDS-ONE>
<FOUR-OF-SWORDS-ONE>Esta carta muestra que los tiempos de recuperación están por venir y que tus preocupaciones mentales y emocionales finalmente se calmarán o al menos se aliviarán pronto. Tu salud física puede estar un poco dañada y esto requerirá que te sometas a algunas pruebas o tratamientos médicos. El médico será de gran ayuda en este caso. </FOUR-OF-SWORDS-ONE>
<FIVE-OF-SWORDS-ONE>Esta carta indica que estás enfrentando algo de estrés y frustración debido a alguna enfermedad que se niega a ir. Tendrás que tomar algunas rondas del hospital que aumentarán tu frustración y te sentirás impotente, pero tratarás de ser fuerte. </FIVE-OF-SWORDS-ONE>
<SIX-OF-SWORDS-ONE>Esta carta muestra que este puede ser uno de los peores momentos con respecto a tu salud. Puede haber una lesión grave o una enfermedad que te molestará drásticamente. También puedes sufrir un accidente que lesione especialmente las piernas o las rodillas. También hay posibilidades de hospitalización por un tiempo, pero las cosas finalmente mejorarán. </SIX-OF-SWORDS-ONE>
<SEVEN-OF-SWORDS-ONE>Esta carta indica que hay demasiado estrés sobre ti y esto está causando mucho estrés mental y físicamente también. Estarás demasiado ocupado manejando varias cosas y esto puede tener un efecto adverso sobre ti especialmente en tu mente y cuerpo. Necesitas tomarte un tiempo libre para rejuvenecerte y rejuvenecer tu cuerpo. </SEVEN-OF-SWORDS-ONE>
<EIGHT-OF-SWORDS-ONE>Esta carta muestra que puede ocurrir algún tipo de accidente menor si no tienes cuidado. Ahora tendrás que tener mucho cuidado ya que la carta sugiere que puedes enfrentar un percance debido a algunas operaciones riesgosas en el hogar. También deberás tener cuidado al conducir o cruzar calles. Esta fase pasará pronto. </EIGHT-OF-SWORDS-ONE>
<NINE-OF-SWORDS-ONE>Esta carta indica que tendrás que enfrentar algunas situaciones desagradables en tu vida personal o profesional que te conducirán a la depresión. También puede haber irregularidades en tu dieta que pueden provocar algunos trastornos estomacales, pero uno de tus seres queridos te ayudará a salir de esta situación. </NINE-OF-SWORDS-ONE>
<TEN-OF-SWORDS-ONE>Esta carta muestra que ahora has decidido hacerte cargo de tu salud y dejarás ir el pasado y abrazarás el futuro. Establecerás ciertos objetivos con respecto a tu salud y realizarás ciertos cambios en el estilo de vida para ayudar a esta resolución. </TEN-OF-SWORDS-ONE>
<PAGE-OF-SWORDS-ONE>Esta carta indica que habrá algunas presiones mentales especialmente relacionadas con el trabajo, pero las tratarás con paciencia. Hay posibilidades de que tengas un dolor de espalda o que tengas que visitar al dentista. Sin embargo, en general, tendrás un alto nivel de energía y pasarás tiempo con tus seres queridos. </PAGE-OF-SWORDS-ONE>
<KNIGHT-OF-SWORDS-ONE>Esta carta muestra que habrán algunas condiciones mixtas con respecto a tu salud. Estarás en una mejor posición mental y te recuperarás de un poco de estrés y otros problemas similares. Tu familia te necesitará ahora, ya que es probable que lleguen malas noticias con respecto a un familiar o un amigo de la familia. </KNIGHT-OF-SWORDS-ONE>
<QUEEN-OF-SWORDS-ONE>Esta carta indica que ahora tendrás que realizar múltiples tareas entre las prioridades personales y profesionales y que harás todo lo posible para exprimir todos tus compromisos. Como resultado, es posible que te sientas agotado y cansado, pero de alguna manera podrás hacer malabarismos con todas estas responsabilidades. </QUEEN-OF-SWORDS-ONE>
<KING-OF-SWORDS-ONE>Esta carta muestra que estarás en una caída en el departamento de salud ahora. Estarás mental y físicamente frustrado, agotado, y tendrás que tomar algunos medicamentos y algunos problemas menores. También hay posibilidades de que uno de tus seres queridos pueda ser internado. </KING-OF-SWORDS-ONE>
<ACE-OF-WANDS-ONE>Esta carta indica que prestarás más atención a tu salud ahora y, en caso de padecer alguna enfermedad física o mental, buscarás un tipo de medicamento diferente. Alguien te sugerirá formas naturales de curar ciertas enfermedades y adoptarás esos métodos. </ACE-OF-WANDS-ONE>
<TWO-OF-WANDS-ONE>Esta carta muestra que estás sobrecargando tu cuerpo lo que se está evidenciando físicamente. Tendrás que tomar el recurso de los minerales artificiales para ayudar a tu cuerpo y mente. Dejar de lado una dieta equilibrada puede resultar peligroso en el futuro y se recomienda estrictamente una rutina saludable. </TWO-OF-WANDS-ONE>
<THREE-OF-WANDS-ONE>Esta carta indica que ahora estás más preocupado por la salud de un ser querido. En el proceso, te estresarás y es posible que necesites suficiente descanso. No te sobrecargues, ya que esto puede ser peligroso. También es posible que tengas que visitar al dentista muy pronto. </THREE-OF-WANDS-ONE>
<FOUR-OF-WANDS-ONE>Esta carta muestra que estás enfrentando cierta incomodidad con tu vida personal y esto te deja estresado. Puede haber algunos otros problemas que comenzarán a aparecer en tu bienestar, lo que te hará sentirte agitado y también puedes sufrir algunos dolores corporales inesperadamente. </FOUR-OF-WANDS-ONE>
<FIVE-OF-WANDS-ONE>Esta carta indica que finalmente te has recuperado de cualquier enfermedad que tenías y al fin estás disfrutando de un estado mental y corporal bueno y saludable. Es muy probable que te vayas de vacaciones con tu pareja y serán unas vacaciones agradables. </FIVE-OF-WANDS-ONE>
<SIX-OF-WANDS-ONE>Esta carta muestra que finalmente te estás dando cuenta de que es hora de tomarte un descanso del trabajo y tomarte un tiempo para ti. Este descanso será útil ya que podrás asistir a algunas reuniones sociales y tratarás de hacer las cosas que te gustan. </SIX-OF-WANDS-ONE>
<SEVEN-OF-WANDS-ONE>Esta carta indica que ahora te estás involucrando en muchas más actividades de las que puedes manejar a la vez y esto te hace sentir muy incómodo y molesto. Pero apenas te darás cuenta de que esto acabará haciéndote sentir estresado. No descuides tu salud en esta búsqueda y también cuida lo que comes, especialmente afuera. </SEVEN-OF-WANDS-ONE>
<EIGHT-OF-WANDS-ONE>Esta carta muestra que estás en un estado de ánimo ligero ahora que te sientes saludable y en forma desde dentro y que te sentirás demasiado atraído hacia tu compañera (o). Esto también conducirá a una salida romántica y alguna actividad sensual que te mantendrá ocupado por un tiempo. </EIGHT-OF-WANDS-ONE>
<NINE-OF-WANDS-ONE>Esta carta indica que tu condición física está pasando por una mala fase y te sentirás descuidado y enfermo. Esto puede causar algo de irritación, ya que es posible que tengas que visitar la clínica y tratar con algunos trámites legales que pueden ser agotadores. </NINE-OF-WANDS-ONE>
<TEN-OF-WANDS-ONE>Esta carta muestra que tu trabajo o algunos problemas personales te afectarán y tratar de cumplir con demasiadas responsabilidades te hará sentir físicamente agotado. Casi no habrá tiempo para descansar ya que estarás constantemente alerta y esto puede resultar en: algún tipo de enfermedad. Tendrás que frenar las cosas a un ritmo razonable. </TEN-OF-WANDS-ONE>
<PAGE-OF-WANDS-ONE>Tendrás que tomar algún medicamento que puede ser para algo menor o incluso una enfermedad grave. Esta carta indica que te sientes irritable debido a las cosas que suceden a tu alrededor y esto puede ser por problemas laborales o personales. Tendrás que practicar la virtud de la paciencia ahora y ser práctico en tu enfoque. </PAGE-OF-WANDS-ONE>
<KNIGHT-OF-WANDS-ONE>Esta carta muestra que tu cuerpo tendrá que pasar por algunas actividades rigurosas, ya que estarás atrapado entre muchas cosas y te sentirás agotado y cansado. Esto también puede tener mucho que hacer con tus condiciones mentales. </KNIGHT-OF-WANDS-ONE>
<QUEEN-OF-WANDS-ONE>Esta carta muestra que ahora tienes mucha energía y estás inspirado para hacer algunos cambios constructivos en tu estilo de vida para tu salud. Estás dispuesto a cambiar ciertas cosas en tu vida tratando de acercarte a una forma de vida más equilibrada. </QUEEN-OF-WANDS-ONE>
<KING-OF-WANDS-ONE>Esta carta indica que estás dispuesto a hacer algunas improvisaciones en tus regímenes de salud y bienestar y también consultarás a un nutricionista. Puede haber algunos problemas emocionales como aprehensión y ansiedad o puedes sufrir algún tipo de dolor. </KING-OF-WANDS-ONE>
<THE-MAGICIAN-ONE>Esta carta indica que ahora tendrás que enfrentarte a momentos estresantes. Algunos problemas relacionados con el trabajo y el hogar tendrán un costo para ti y no podrás encontrar una solución a tus problemas de salud debido a varias complicaciones y resultados inciertos. Tendrás que visitar varios médicos antes de llegar a la conclusión correcta. </THE-MAGICIAN-ONE>
<THE-HIGH-PRIESTESS-ONE>Esta carta muestra que puedes haber pasado bastante por el pasado y esto puede haber afectado tu estabilidad mental o física. Pero ahora los tiempos van a mejorar, ya que finalmente verás algo de alivio y comenzarás a sentirte mejor muy pronto. </THE-HIGH-PRIESTESS-ONE>
<THE-EMPRESS-ONE>Esta carta indica que es posible que tengas que pasar por algunos problemas relacionados con tu cuerpo, especialmente el cuello. Tendrás que ponerte en contacto con el lado espiritual de tu cuerpo para tratar de conocer mejor las necesidades de tu cuerpo y luego unirte a una terapia física o yoga para rejuvenecerte. </THE-EMPRESS-ONE>
<THE-EMPEROR-ONE>Esta carta indica que puede haber algunos problemas graves relacionados con tu salud. Se requieren precauciones y cuidados completos para sacarte de tus dolores. Obtendrás fuerza y lograrás luchar contra la enfermedad, pero se recomienda que no vuelvas a mostrar negligencia hacia tu cuerpo. </THE-EMPEROR-ONE>
<THE-HIEROPHANT-ONE>Esta carta indica que tienes que prestarle más atención a tu cuerpo de lo que lo estás haciendo ahora. Hay posibilidades de problemas con la presión alta o baja y gripe y tos severa. Los chequeos regulares pueden ayudar a mejorar tu condición bastante. </THE-HIEROPHANT-ONE>
<THE-LOVERS-ONE>Esta carta muestra que tu cuerpo está en una forma más saludable ahora y te sientes feliz por ello. Es probable que ahora seas más dinámico físicamente y te veas más activo. Tomarás en serio las necesidades de tu cuerpo e intentarás construir un equilibrio entre un cuerpo y una mente que se adapten. </THE-LOVERS-ONE>
<THE-CHARIOT-ONE>Esta carta indica que estás profundamente involucrado en tu trabajo y otras actividades y no puedes atender las necesidades de tu cuerpo. Si continúas haciéndolo, es posible que te enfermes debido a una carga excesiva o que te sientas extremadamente inquieto mentalmente. Este es un buen momento para visitar al médico para un chequeo e irte a un lugar tranquilo durante el fin de semana. </THE-CHARIOT-ONE>
<STRENGTH-ONE>Esta carta muestra que estarás en el punto rosa de tu salud ahora. La carta de fortaleza significa alto espíritu físico y mental e incluso si hay algunos problemas menores relacionados con tu cuerpo, los superarás fácilmente. Tu fuerza de voluntad y entusiasmo serán estimulados y apreciados por las personas que te rodean. </STRENGTH-ONE>
<THE-HERMIT-ONE>Esta carta indica que te sentirás emocionalmente descuidado y desanimado y esto puede agotarte mentalmente. Hay posibilidades de enfermedades que resultarán en problemas y varias citas con médicos. Pero esto no durará por mucho tiempo y pronto las cosas mejorarán. </THE-HERMIT-ONE>
<WHEEL-OF-FORTUNE-ONE>Esta carta muestra que te sientes muy inestable ahora y debido al trabajo y las presiones mentales, te sentirás sobrecargado y estresado. Puede haber bastantes pensamientos negativos que te acosen, pero esto es solo una fase y pasará muy pronto. </WHEEL-OF-FORTUNE-ONE>
<JUSTICE-ONE>Esta carta muestra que hay posibilidades de que visites al médico para un chequeo de rutina y descubran un problema grave. Esto puede ser una sorpresa, pero el médico tendrá suficiente experiencia para ayudarte a deshacerte de este nuevo problema de salud. </JUSTICE-ONE>
<THE-HANGED-MAN-ONE>Esta carta indica que te sientes inquieto y ansioso por algo. Es hora de que descanses un poco tu mente y tu cuerpo antes de que empiecen a mostrar signos de enfermedad y también te ayudará si te mantienes alejado de esa situación o de personas que alientan tu aprehensión. </THE-HANGED-MAN-ONE>
<DEATH-ONE>Esta carta muestra que algo a tu alrededor te está haciendo muy infeliz. Este es el momento en el que consultarás acerca de alguna enfermedad grave. Tendrás que obligarte a mirar el lado más brillante y solo esto te ayudará a superar lo malo que está sucediendo a tu alrededor. Ahora recibirás mucho amor y cariño de tu familia. </DEATH-ONE>
<TEMPERANCE-ONE>Esta carta indica que no tendrás tiempo para visitar al médico debido a tu apretada agenda y esto puede hacer que el problema se amplíe en un futuro cercano. Tendrás que prestar atención a tu salud y establecer prioridades, acudiendo al médico a tiempo y curándote. </TEMPERANCE-ONE>
<THE-DEVIL-ONE>Esta carta muestra que el agotamiento y la preocupación constante te harán sentir letárgico y cansado. Es posible que no te des cuenta al principio, pero finalmente notarás que estás trabajando demasiado y esto te está evitando otras cosas y te sentirás constantemente estresado, lo que puede instigar a que tomes algunas pastillas. </THE-DEVIL-ONE>
<THE-TOWER-ONE>Esta carta indica que tendrás que pasar por un incidente desafortunado que podría causar algunas visitas al hospital. Será un momento estresante debido a este caos, pero sobrevivirás. También puede haber un miembro de la familia que te ayude durante esos tiempos agotadores. </THE-TOWER-ONE>
<THE-STAR-ONE>Esta carta muestra que algo inspirará un nuevo pensamiento en tu mente y con la ayuda de un amigo, armarás un plan para tu bienestar. Este proceso puede ser un poco tedioso y es posible que tengas que pasar por varias rondas de exámenes y pruebas médicas, pero te alegrarás de haber tomado esta decisión. </THE-STAR-ONE>
<THE-MOON-ONE>Esta carta indica que enfrentarás algunos problemas de salud general que aún están por aparecer o que han aparecido parcialmente. Estos problemas pueden parecer menores. También te enfrentas a algunos dolores de rodilla y problemas de espalda. </THE-MOON-ONE>
<THE-SUN-ONE>Esta carta muestra que te estás sintiendo un poco desmotivado y agotado ahora. Ahora te analizarás de cerca intentando detectar entre los errores y las cosas correctas. No se indica ninguna dolencia física como tal. Leerás más sobre temas de salud y bienestar ahora para uno de tus seres queridos. </THE-SUN-ONE>
<JUDGEMENT-ONE>Esta carta indica que es posible que tengas que enfrentar cierta inestabilidad física debido al estrés o una dieta inadecuada. Tendrás preocupaciones sobre la salud de un ser querido y harás tu mejor esfuerzo para ahuyentarlas. Varias visitas al hospital o reuniones con médicos tomarán la mayor parte de tu tiempo. </JUDGEMENT-ONE>
<THE-WORLD-ONE>Esta carta muestra que es posible que ya estés sufriendo una dolencia o una lesión y que te estés recuperando de ella. Verás que poco a poco, pero progresivamente, está progresando, aunque hay posibilidades de que ciertos errores de orientación puedan dar lugar a algunos problemas. Se recomienda que adquieras más conocimientos sobre tus problemas de salud y tomes las medidas correspondientes. </THE-WORLD-ONE>
<THE-FOOL-ONE>Esta carta indica que estás preocupado por tu salud y que te someterás a un chequeo regular ahora. Tus dientes también pueden necesitar atención ahora, por lo que tendrás que visitar a un dentista. Conocerás los nuevos métodos de curación de un amigo y estarás dispuesto a probarlos. </THE-FOOL-ONE>
</ROOT>
