﻿<?xml version="1.0" encoding="utf-8" ?>
<ROOT>
<THE-FOOL-PAST>O principal desafio de suas vidas passadas foi não querer crescer ou se concentrar em uma coisa qualquer. Você estava sempre animado para tentar algo novo ou para decolar em um caminho que não era o mais responsável. Você teve grandes ideias, mas pouco esforço, o que causou muitos problemas. </THE-FOOL-PAST>
<THE-MAGICIAN-PAST>Você não aprendeu a lição de ouvir e utilizando o seu poder pessoal. Você teve grandes ideias, mas teve medo de agir sobre elas, deixando-as para trás em coisas que poderiam ter realmente ajudado a avançar na vida. Você não confiou em si mesmo ou nas coisas que não vieram através de seus sentidos. </THE-MAGICIAN-PAST>
<THE-HIGH-PRIESTESS-PAST>Em suas vidas passadas, você não conseguiu prestar atenção às guias que foram definidas em seu caminho. Você não conseguiu fazer uso de alguns dos aspectos mais importantes da vida, incluindo os seus sentidos emocionais e espirituais. Estes são muito importantes, mas levou muitas vidas para que você pudesse descobrir que estes guias valiam a pena. </THE-HIGH-PRIESTESS-PAST>
<THE-EMPRESS-PAST>O desafio de suas vidas passadas foi que você não conseguiu entender como as pessoas viam você e quanto você tinha para oferecer. Você continha uma grande quantidade de sabedoria, mas você não soube como utilizá-la, ou até mesmo reconhecer que estava lá. Você passou por muitas vidas quase impotentes, sem esse conhecimento. </THE-EMPRESS-PAST>
<THE-EMPEROR-PAST>O principal desafio em suas vidas passadas foi que você não se permitiu ouvir o seu intelecto. Você foi governado por seu coração, mas sua cabeça tinha muitas coisas a dizer também. Você teve dificuldade em ouvir esta informação importante, sempre pensando que o intelecto vos queria enganar. </THE-EMPEROR-PAST>
<THE-HIEROPHANT-PAST>Em suas vidas passadas, você sempre se sentiu como você tinha que fazer a coisa certa e seguir a tradição. Você nunca foi capaz de desviar as normas sociais ou religiosas. Regras foram sempre mais importantes do que seus próprios desejos pessoais e você fez sacrifícios desnecessários para manter o status quo. </THE-HIEROPHANT-PAST>
<THE-LOVERS-PAST>Em suas vidas passadas, você foi confrontado com a luta entre a mente e o coração e entre o medo e o amor. Você sempre se sentiu dividido sobre qual lado você deve ouvir. Muitas vezes você cedeu ao medo e não seguiu em frente com as coisas que você se preocupava por causa deste medo do ridículo. </THE-LOVERS-PAST>
<THE-CHARIOT-PAST>Em suas vidas passadas, você se esforçou para encontrar a determinação que precisava para seguir com seus objetivos. Você tinha uma grande quantidade de energia e ideias maravilhosas, mas você se esforçou para aprender a concentrar essas duas coisas para seguir uma meta. Suas vidas passadas sofriam de objetivos não cumpridos por causa disso. </THE-CHARIOT-PAST>
<STRENGTH-PAST>Em suas vidas passadas, lutou com o conceito de mente sobre a matéria. Você teve dificuldade em conquistar seus medos e controlar seus impulsos, que eram habilidades necessárias para realizar todo o objetivo. Força é ser capaz de enfrentar seus medos e seguir em frente de qualquer maneira. Este é um conceito que você lutou por muitas vidas. </STRENGTH-PAST>
<THE-HERMIT-PAST>Você sempre temeu estar sozinho e isto aparece em muitas de suas vidas passadas. Para ser confortável estar sozinho foi uma habilidade que precisava ser desenvolvida. Introspecção tem sido um ponto fraco em suas vidas. No entanto, a incapacidade de ser capaz de ficar sozinho e conhecer a nós mesmos pode levar a colocar todos os outros acima de nós mesmos. </THE-HERMIT-PAST>
<WHEEL-OF-FORTUNE-PAST>Em suas vidas passadas, você teve dificuldade para entender a verdade da mudança. Você se esforçou para manter tudo como estava sem compreender que a roda continua a girar. Um dia seria bom e o próximo difícil. Você não poderia chegar a um acordo com isso, e por isso foi atormentado pelas marés. </WHEEL-OF-FORTUNE-PAST>
<JUSTICE-PAST>Karma tem sido seu inimigo em vidas passadas. Você não operar com as ideias de justiça, equilíbrio e equidade, o que lhe causou a reunir uma boa quantidade de karma negativo por causa de seu tratamento aos outros. Você não necessariamente escolhe conscientemente tratar outras pessoas mal, mas você não sabia que estava fazendo isso na época. </JUSTICE-PAST>
<THE-HANGED-MAN-PAST>Você não aprendeu em suas vidas passadas quanto o sacrifício era importante. Às vezes é melhor se você colocar as necessidades e os desejos dos outros acima dos seus. Ao fazer isso você pode ganhar maiores recompensas. No entanto, você não percebeu isso, o que fez com que você possivelmente não conseguisse tudo o que você poderia se tivesse feito sacrifício benéfico. </THE-HANGED-MAN-PAST>
<DEATH-PAST>Você teve dificuldade em suas vidas passadas, porque não podia aceitar a mudança, perda e destruição. Você manteve crenças e ideias de autolimitação, relacionamentos que não lhe serviam e ideias que você desenvolveu. Exploração excessiva causou-lhe uma grande quantidade de dor. Tentando controlar tudo causou um grande número de problemas. </DEATH-PAST>
<TEMPERANCE-PAST>Permitindo o equilíbrio em sua vida e paciência para lidar com muitas situações diferentes tem sido uma dificuldade para você por muitas vidas. Você teve dificuldade em encontrar paz e alegria e você gostava de atirar a qualquer coisa que você estivesse envolvido com, muitas vezes em detrimento de sua vida e aqueles ao seu redor. </TEMPERANCE-PAST>
<THE-DEVIL-PAST>Suas vidas passadas foram preenchidas com escravidão e servidão. Você muitas vezes se sentia preso em situações que você sentiu fora além de seu controle. Você não percebeu nessas vidas que você tinha mais controle do que você estava disposto a exercer. É muito difícil para libertar-se quando todos à sua volta está em escravidão. </THE-DEVIL-PAST>
<THE-TOWER-PAST>Em vidas passadas, você teve dificuldade em lidar com as mudanças. Tudo parecia uma catástrofe e você entrou em pânico sobre cada pequena mudança e imaginou o pior cenário cada vez que algo aconteceu. Isto dificultou lidar com o dia-a-dia. Quando tudo parece em crise, a vida pode ser muito difícil de gerir. </THE-TOWER-PAST>
<THE-STAR-PAST>Em suas vidas passadas, você teve dificuldade em se manter positivo em qualquer situação. Pode ser difícil de ver como algumas coisas de forma positivas, no entanto, é útil fazê-lo, e foi uma habilidade que você lutou com em suas vidas passadas. Embora os tempos fossem difíceis, não havia prazer também. </THE-STAR-PAST>
<THE-MOON-PAST>Em suas vidas passadas, você teve dificuldade para tornar-se conectado com seu lado intuitivo. Quando as coisas não pareciam racionais, você não sabe como lidar com eles. Você achou difícil funcionar quando tudo não era racional. Você não podia ouvir seu interiro, por assim dizer. Você perdeu muitas oportunidades por causa disso. </THE-MOON-PAST>
<THE-SUN-PAST>A negatividade tem sido uma característica constante para você sobre suas vidas passadas. Mesmo quando o sol estava brilhando, você viu uma razão para olhar para a chuva. Você nunca aprendeu sobre o poder de uma atitude positiva. Você também teve dificuldade em se concentrar sobre essas coisas que eram mais importantes para você. Você estava distraído por sua atitude. </THE-SUN-PAST>
<JUDGEMENT-PAST>Você passou muitas vidas sendo crítico dos outros e não permitindo que eles vivessem suas vidas. Você saltou para conclusões, que você sabia o que era certo e forçou a sua opinião sobre todos ao seu redor. As pessoas ficaram frustradas com suas ações e você teve dificuldade em fazer amigos por causa de sua atitude. </JUDGEMENT-PAST>
<THE-WORLD-PAST>Em suas vidas passadas, você não conseguiu entender o poder da dobra para baixo e fazer o trabalho duro que você precisa para alcançar seus sonhos. Você tinha em sua cabeça que maravilhas da vida seriam dadas a você, no entanto, quando você não recebeu o que queria, você não entendeu o porquê. </THE-WORLD-PAST>
<ACE-OF-WANDS-PAST>Novos começos assustaram-no em suas vidas passadas. Você enfrentou novas ideias e oportunidades com medo e pessimismo. Você teve dificuldade em aproveitar a sua energia para avançar e muitas vezes você ficou estagnada em situações em que o crescimento poderia ter sido excelente para a sua vida. Mesmo uma mudança positiva pode ser difícil de aceitar quando você não lida com as mudanças em tudo. </ACE-OF-WANDS-PAST>
<TWO-OF-WANDS-PAST>Há duas maneiras de encarar a vida: com felicidade ou com sofrimento. Em suas vidas passadas, você escolheu olhar para o sofrimento ao seu redor. Foi muito difícil para você ver além da dor e do sofrimento que experimentou ao invés de algo melhor, e esta visão afetou-o profundamente. Você teve dificuldade em ver o lado bom em qualquer coisa. </TWO-OF-WANDS-PAST>
<THREE-OF-WANDS-PAST>Em vidas passadas, você lutou no mundo do trabalho. Pode ter sido empregos, que odiou ou incapacidade de ser bem sucedido no que você trabalhou, esta tem sido uma área de grande luta ao longo de suas vidas. Você também pode ter lutado para liderar s pessoas ou cooperar com outros. </THREE-OF-WANDS-PAST>
<FOUR-OF-WANDS-PAST>Nas vidas passadas, você tem lutado para encontrar um lugar de sua preferência. Você pode ter saído ou pelo menos sentido que você não pertencia onde acabou. A vontade de viajar foi uma forte atração para você, e encontrar paz em uma vida simples casa foi uma grande luta. Havia muito mais que você queria fazer. </FOUR-OF-WANDS-PAST>
<FIVE-OF-WANDS-PAST>Suas vidas passadas estão cheias de lutas mesquinhas, desentendimentos com os outros e seu desejo de obter riquezas. Suas lutas levaram a muitos desentendimentos com as pessoas, e você nunca foi capaz de encontrar equilíbrio entre conseguir o que precisava e queria com manter a paz com as pessoas ao seu redor. </FIVE-OF-WANDS-PAST>
<SIX-OF-WANDS-PAST>Você tem trabalhado duro em muitas vidas passadas, mas por alguma razão, você tem lutado para obter o louvor e reconhecimento que merece. Embora você não necessariamente precisasse dessas coisas, muitas vezes você perdeu, porque as pessoas não reconheceram suas habilidades e talentos. Frustração era parte destas vidas. </SIX-OF-WANDS-PAST>
<SEVEN-OF-WANDS-PAST>Suas vidas passadas foram repletas de conflito e discórdia. Você não aprendeu a lidar com os outros de forma eficaz. Você teve dificuldade em alcançar o sucesso, porque era incapaz de descobrir como se dar bem, para que as pessoas saibam o que estava em sua mente e o que precisava com tato e compaixão. </SEVEN-OF-WANDS-PAST>
<EIGHT-OF-WANDS-PAST>Suas vidas passadas foram repletas de estagnação. Foi difícil para você seguir em frente e você muitas vezes encontrou-se preso. Ação foi difícil para você. Pode ter ocorrido falta de motivação, medo ou qualquer outra coisa, em suas vidas passadas, e você se sentiu preso e incapaz de ganhar a sua dinâmica. </EIGHT-OF-WANDS-PAST>
<NINE-OF-WANDS-PAST>Em suas vidas passadas, você não teve a força necessária para lutar contra a oposição que enfrentou. Eram necessários coragem e força para ir em frente mesmo quando você estava sendo contestado por forças que não podia controlar. Em vez disso, no entanto, essas forças foram capazes de controlá-lo. Você lutou para ficar em face da oposição. </NINE-OF-WANDS-PAST>
<TEN-OF-WANDS-PAST>O trabalho duro supostamente traz sucesso, mas para você, o sucesso não veio como uma recompensa para você em suas vidas passadas. Você encontrou maneiras de trabalhar, mas o fardo de o sucesso nunca foi agraciado sobre você. Sucesso deveria ter trazido mais, e você nunca foi capaz de conseguir o sucesso. </TEN-OF-WANDS-PAST>
<PAGE-OF-WANDS-PAST>Em suas vidas passadas, você teve dificuldade para ficar focado. Havia tantas coisas novas acontecendo, tantos desafios para tentar, que você não poderia concentrar suas energias suficientes para ter sucesso em qualquer coisa única. Esta distração causou a perda de muitas oportunidades e recompensas que você poderia ter alcançado. </PAGE-OF-WANDS-PAST>
<KNIGHT-OF-WANDS-PAST>Suas vidas passadas foram crivadas de você evitar problemas e trabalho duro e desistir antes que pudesse ver qualquer sucesso em seus empreendimentos. Você teve dificuldade em focar a sua energia em uma direção específica, o que o levou a perder a autoconfiança em suas habilidades. Muitas vezes, você não foi capaz de ver os projetos até sua conclusão. </KNIGHT-OF-WANDS-PAST>
<QUEEN-OF-WANDS-PAST>Suas vidas passadas foram muito boas para você. Você estava cheio de ideias e foi capaz de trazer grande energia para seus projetos e trabalho. Isto deu-lhe a capacidade de ter sucesso em muitas coisas diferentes. O único problema é que, por causa de seus sucessos, outros acharam você egocêntrico e egoísta. </QUEEN-OF-WANDS-PAST>
<KING-OF-WANDS-PAST>Você foi uma pessoa influente em suas vidas passadas. Embora você tentou ser irrepreensível, quando em uma posição de poder, encontrou dificuldades para ficar honesto e consciente quando tentando manter seu poder. Você pode ter experimentado alguns casos em que você não estava acima de qualquer suspeita para como você lidou com as coisas. </KING-OF-WANDS-PAST>
<ACE-OF-SWORDS-PAST>Bravura foi um traço que você lutou para ter em muitas vidas passadas. Foi difícil dar o salto para fazer a coisa certa ou algo que ia contra a convenção. Quando você sentia medo, tendia a recuar em vez de enfrentá-lo. Por isso, muitas vezes não realizou as coisas que você queria. </ACE-OF-SWORDS-PAST>
<TWO-OF-SWORDS-PAST>Em vidas passadas, você teve problemas para trabalhar com outras pessoas. Com uma característica mais solitária, as parcerias nos negócios e na vida lhe causaram problemas. Você teve dificuldade em ficar perto de pessoas ou chegar a compromissos razoáveis quando você teve divergências. Isto tornou muitas situações de trabalho e de casa difíceis para você. </TWO-OF-SWORDS-PAST>
<THREE-OF-SWORDS-PAST>Tristeza tem sido um tema subjacente em suas vidas passadas. Dor emocional e mágoa foram os fatores predominantes. Você teve dificuldade em lidar com estas emoções intensas, o que tornou muito mais difícil lidar com elas. A dor era uma parte importante da vida para você, mas sua incapacidade de avançar tornou-a ainda pior. </THREE-OF-SWORDS-PAST>
<FOUR-OF-SWORDS-PAST>Você muitas vezes se permitiu ser aproveitado em suas vidas passadas. Você falhou em estabelecer limites sobre o seu tempo e energia, permitindo que outros a tirassem proveito de você. Isso vem acontecendo por muitas vidas, e você não foi capaz de atingir seu pleno potencial devido sua incapacidade de criar tempo para si mesmo e seus próprios projetos. </FOUR-OF-SWORDS-PAST>
<FIVE-OF-SWORDS-PAST>Você era forte e valente, mas sempre escolheu lutar pelas coisas erradas. Você nunca analisou o que você estava lutando e causou muita morte e destruição ao longo do caminho por causa disso. Você perdeu a sua honra e muitos amigos, porque você era teimoso demais para ouvir as ideias dos outros. </FIVE-OF-SWORDS-PAST>
<SIX-OF-SWORDS-PAST>Você era resistente à mudança em vidas passadas. Podia ser uma mudança de opinião, ideia, ou até mesmo local, você mantinha-se preso a suas armas, mesmo quando sabia que uma mudança seria para melhor. Isso causou problemas com as pessoas, especialmente quando você precisava mudar para acomodar as pessoas próximas a você. </SIX-OF-SWORDS-PAST>
<SEVEN-OF-SWORDS-PAST>Você muitas vezes encontrou-se vítima de pessoas que tomaram vantagem de você através de mentiras, engano e roubo. Você não gostava de confrontar as pessoas, o que levou as pessoas a tirarem proveito de você. Foi difícil levantar-se por si mesmo, deixando de ser um alvo fácil para os desonestos. </SEVEN-OF-SWORDS-PAST>
<EIGHT-OF-SWORDS-PAST>Seu passado está repleto de situações em que você se sentia preso e incapaz de se mover para frente, tanto no sentido figurado ou quanto no literal. A prisão muitas vezes estava em sua própria mente, mas você não sabia como superar sua resistência a avançar. Devido a isso, muitas vezes você perdeu oportunidades que teria elevado o seu status na vida. </EIGHT-OF-SWORDS-PAST>
<NINE-OF-SWORDS-PAST>Você tem história de permitir-se ser controlado por seu medo e ansiedade. Em muitas vidas, você tinha o poder de seguir em frente e dar-te a oportunidade de fazer coisas maiores e melhores, mas você não avançou de maneira produtiva. Você perdeu muitas oportunidades por causa da ansiedade. </NINE-OF-SWORDS-PAST>
<TEN-OF-SWORDS-PAST>Você sofreu muito em suas vidas passadas. Você experimentou grande quantidade de dor, infortúnio e perda. Foi difícil para você seguir em frente, porque havia sempre algo fora de seu controle que levou a mais decepção. Finais nem sempre levam a coisas melhores e a vida nunca pareceu realmente estável. </TEN-OF-SWORDS-PAST>
<PAGE-OF-SWORDS-PAST>Você teve uma grande quantidade de energia borbulhando através de suas vidas. No entanto, você teve dificuldade em controlar esta energia e ela saiu tão impetuosa e às vezes inadequada. Isto causou grande dificuldade em suas vidas, como você muitas vezes ofendeu ou perturbou as pessoas que você estava tentando ajudar. </PAGE-OF-SWORDS-PAST>
<KNIGHT-OF-SWORDS-PAST>Mudança foi difícil para você em suas vidas passadas. Bravura era algo que você não possuía ou não tinham desenvolvido. Você muitas vezes encontrou-se em discussões ou brigas com outros que tinham uma diferença de opinião de você, e você lutou para como lidar com essas diferenças. Compromisso não foi fácil para você. </KNIGHT-OF-SWORDS-PAST>
<QUEEN-OF-SWORDS-PAST>Em suas vidas passadas, você foi forte ao extremo, e usou a sua força de modo inadequado. Esta atitude agressiva levou as pessoas a se voltarem contra você. Você perdeu amigos e entes queridos e foi incapaz de obter o que você precisava, porque alienou aqueles que poderiam ter ajudado você. </QUEEN-OF-SWORDS-PAST>
<KING-OF-SWORDS-PAST>Você foi forte e incapaz de mudar suas opiniões sobre o que estava acontecendo. Quando essas duas características combinadas, você lutou em suas vidas passadas para se dar bem com as pessoas, porque desta natureza agressiva e sua incapacidade de ver o ponto de vista dos outros. O poder pode levar a alienação e solidão. </KING-OF-SWORDS-PAST>
<ACE-OF-PENTACLES-PAST>Você tem lutado com ser financeiramente segura em vidas passadas. Você teve dificuldade em ganhar dinheiro, possivelmente de não encontrar um bom trabalho, ou em mantê-lo. Você tomou decisões financeiras insensatas, que você e sua família causou uma grande dose de dor e estresse. Você nunca aprendeu a lidar com o dinheiro de forma eficaz. </ACE-OF-PENTACLES-PAST>
<TWO-OF-PENTACLES-PAST>Seu maior problema em suas vidas passadas foi tentar fazer malabarismos com muitas coisas. Você estava envolvido em muitas coisas, e lutou para equilibrar tudo. Tentando cuidar de sua família, ter um emprego e cuidar de todas as coisas em sua vida era um grande problema para você ao longo do tempo. </TWO-OF-PENTACLES-PAST>
<THREE-OF-PENTACLES-PAST>Encontrar e manter um emprego qualificado foi um difícil para você em suas vidas passadas. Encontrar o sucesso no trabalho sempre foi uma luta. Pode ser porque você não encontrara o que queria fazer, não receberam formação para um bom trabalho ou não havia empregos disponíveis. Não importa a causa, você luta com o trabalho por muitas vidas. </THREE-OF-PENTACLES-PAST>
<FOUR-OF-PENTACLES-PAST>Suas vidas passadas foram atormentadas com a dificuldade de abstrair coisas. Você segurou as coisas com tanta força que você dirigiu pessoas e oportunidades para longe de você. Exploração em excesso fez você perder a sua segurança na vida em vez de melhora-la. O universo funciona segundo o princípio de que você obtenha o que você está disposto a deixar de ir. </FOUR-OF-PENTACLES-PAST>
<FIVE-OF-PENTACLES-PAST>A falta de segurança, saúde e perda foram enormes temas em muitas de suas vidas passadas. Você encontrou-se muitas vezes sofrendo, seja por falta de recursos financeiros ou problemas com o seu parceiro ou família. De qualquer maneira, você se sentiu deixado de fora no frio e sozinho e não teve certeza como crescer e sair da sua situação desesperada. </FIVE-OF-PENTACLES-PAST>
<SIX-OF-PENTACLES-PAST>Você lutou contra o dar e receber que a vida exige. Você não quer estar no fim de recepção de caridade por orgulho, mas você também não estava do lado da doação. Pode ser que você nunca sentiu como se você tivesse o suficiente, o que lhe causou a agarrar o que você tinha em vez de dar livremente. </SIX-OF-PENTACLES-PAST>
<SEVEN-OF-PENTACLES-PAST>Sua maior luta em suas vidas passadas foi o pensamento de que nunca houve o suficiente. Você trabalhou duro e teve o suficiente para cuidar de si mesmo e de sua família, mas você sempre se sentiu como se tivesse de fazer mais. Mesmo quando você deveria ter se sentido seguro, você não o fez. O medo era seu maior motivador. </SEVEN-OF-PENTACLES-PAST>
<EIGHT-OF-PENTACLES-PAST>Você trabalhou muito duro em muitas vidas passadas. Você pensou que precisava para ser tudo para todos, por isso sempre pareceu como quem nunca teve um segundo que não fosse cheio de coisas para fazer. Você queimou-se e ficou louco porque você sentiu que tinha de realizar tudo. </EIGHT-OF-PENTACLES-PAST>
<NINE-OF-PENTACLES-PAST>Os seus esforços para fazer o bem em suas vidas passadas não chegaram a você como esperava. Você pode não ter conseguido colocar trabalho necessário para tornar seus sonhos realidade ou o seu trabalho não levou aos resultados frutíferos que você esperava. De qualquer maneira, os confortos que ansiavam nunca vierem em suas vidas passadas. </NINE-OF-PENTACLES-PAST>
<TEN-OF-PENTACLES-PAST>Você teve chances em suas vidas passadas para ganhar riqueza material, mas essas apostas não estão sendo recompensados. Você perdeu mais do que ganhou, e correu riscos que nem sempre foram a melhor maneira de experimentar e tornar-se próspero. Em vez de trabalhar duro, você assumiu riscos, e eles saíram pela culatra para você. </TEN-OF-PENTACLES-PAST>
<PAGE-OF-PENTACLES-PAST>Você tem uma longa história de evitar o trabalho necessário para fazer maiores ganhos na vida. Esforço era algo que você não queria se engajar, esperando vez que as ideias deixassem você rico rapidamente. Infelizmente, você só ganhou o que estava disposto trabalhar. </PAGE-OF-PENTACLES-PAST>
<KNIGHT-OF-PENTACLES-PAST>Paciência e responsabilidade não eram seus pontos fortes ao longo de muitas de suas vidas. Você esperava as pessoas a cuidarem de você e terem a certeza que tinha tudo o que queria. Você era descuidado e ocioso, causando a perda de muitas coisas que pensou que merecia. Infelizmente, sem trabalho, as recompensas não vêm. </KNIGHT-OF-PENTACLES-PAST>
<QUEEN-OF-PENTACLES-PAST>Segurança e autoconfiança são os traços que você desejou em suas vidas passadas, mas ainda não foi capaz de desenvolver. Por causa de sua falta de autoestima, que estava desconfiado de todos ao seu redor. Porque lhe falta de segurança, você pensou que todos estavam fora para te pegar. Falta de necessidade da vida o levou a ter ciúmes de outras pessoas. </QUEEN-OF-PENTACLES-PAST>
<KING-OF-PENTACLES-PAST>Em suas vidas passadas, você não desenvolveu traços de coragem e inteligência. Isso fez com que você se sentisse fraco e incapaz de cuidar de sua própria vida. Você não conseguiu se tornar o líder de sua vida. Você não aprendeu a concentrar suas energias em seus sonhos e desejos, porque você não tinha a capacidade de fazê-lo. </KING-OF-PENTACLES-PAST>
<ACE-OF-CUPS-PAST>Porque você se importava tanto com as pessoas em suas vidas passadas, você sacrificou mais para eles do que foi realmente prudente. Você deixou com pouca energia para cuidar de suas próprias necessidades. Esta falta de energia causou-lhe a sentir-se instável e drenado, e deixou pouco para que você utilizasse em por si mesmo. </ACE-OF-CUPS-PAST>
<TWO-OF-CUPS-PAST>Você teve dificuldade com parcerias em suas vidas passadas. Você era mais uma alma solitária, mas sempre encontrou-se emparelhado com pessoas que não tinham seus melhores interesses no coração. Você não parecia ser capaz de envolver-se em parcerias que eram equilibradas e justas, seja em trabalho ou em sua vida doméstica. </TWO-OF-CUPS-PAST>
<THREE-OF-CUPS-PAST>Suas vidas passadas foram lições de perigos em excessos. Você gostava da vida um pouco demais, muitas vezes ao ponto de não cuidar de suas próprias responsabilidades. Você não percebeu que havia um momento de celebração e um tempo para o trabalho. Você queria se divertir mais do que você queria segurança. </THREE-OF-CUPS-PAST>
<FOUR-OF-CUPS-PAST>Suas vidas passadas estavam cheias de tédio e apatia. As coisas na vida que você não está mais animado, e você teve dificuldade em encontrar maneiras de criar felicidade. Você pensou que as pessoas tinham melhor do que você e não conseguiu ser feliz com essas coisas que lhe foram dadas. O ciúme fez muitas de suas vidas passadas infelizes. </FOUR-OF-CUPS-PAST>
<FIVE-OF-CUPS-PAST>Você tem sofreu grandes perdas em muitas vidas passadas. Você também teve muitas bênçãos em sua vida. A dificuldade que enfrentou foi reconhecer que você ainda tinha muitas coisas boas para olhar para frente. Em vez disso você focou nas coisas que você não tinha mais, fazendo com que a vida seja mais dolorosa e difícil do que tinha de ser. </FIVE-OF-CUPS-PAST>
<SIX-OF-CUPS-PAST>Sua luta de muitas vidas passadas era não conseguir perceber as alegrias simples que a vida poderia trazer como, segurar a mão de alguém que você ama ou uma flor que cresce no sol. Você passou muito tempo à procura de coisas importantes para fazer você feliz, e você perdeu as coisas que realmente faziam com que a vida valesse a pena viver. </SIX-OF-CUPS-PAST>
<SEVEN-OF-CUPS-PAST>Suas vidas passadas estavam cheias de confusões sobre as oportunidades disponíveis para você. Você nunca sabia o que você deve concentrar sua atenção sobre, o que tornava difícil ganhar qualquer coisa de seus esforços. Esta confusão resultou do desejo de ter todas as oportunidades dadas a você em vez de fazer uma escolha. </SEVEN-OF-CUPS-PAST>
<EIGHT-OF-CUPS-PAST>Suas vidas passadas foram espalhadas com o tema da perda. Muitas vezes você não escolheu se afastar de coisas. Em vez disso, as coisas foram tiradas de você, possivelmente, à força. Você sentiu profundamente esta perda e fora incapazes de lidar produtivamente com as perdas que sofreu. Lidar com essas mudanças fora uma luta para você. </EIGHT-OF-CUPS-PAST>
<NINE-OF-CUPS-PAST>Um sentimento de descontentamento seguiu-o através de muitas vidas. Você não conseguiu obter as coisas que seu coração ansiava, tornando a vitória algo que não poderia alcançar. No entanto, você aprendeu a incorporar em sua vida outros traços fortes. Você aprendeu com seus desejos que há coisas mais importantes do que o ganho material. </NINE-OF-CUPS-PAST>
<TEN-OF-CUPS-PAST>Sua maior lição na vida foi a felicidade. Suas vidas passadas estavam concentradas na ideia de felicidade em muitas formas, não apenas bens materiais. O amor era a coisa mais importante que você tinha. Você foi abençoado com muita felicidade e realização. Você aprendeu dar amor e permitiu-lhe receber amor em troca. </TEN-OF-CUPS-PAST>
<PAGE-OF-CUPS-PAST>Ao longo de nossas vidas, você tem lutado e trabalhado duro, mas você deixou pouco tempo para a felicidade, sonho e lazer em sua vida. A vida foi dura, mas obras do trabalho eram as únicas coisas que você permitiu-se. Devido a isso, você sofreu mais do que precisava. Coisas que tomam causarem grande dor e muito séria. </PAGE-OF-CUPS-PAST>
<KNIGHT-OF-CUPS-PAST>Movimento para frente foi sempre difícil para você. Você quis fazer mudanças em sua vida, mas você não sabia como fazê-la. Você sentiu grande quantidade de estagnação, apesar de você ter grandes sonhos e ideias que você queria seguir. Você só não sabia como fazê-lo. </KNIGHT-OF-CUPS-PAST>
<QUEEN-OF-CUPS-PAST>O tema de muitas de suas vidas passadas foi que você cercou-se de pessoas que não tinham seus melhores interesses no coração. Muitas pessoas em quem você não deviria ter confiado estavam em seu círculo interno. Isso provavelmente aconteceu porque você não conseguiu dizer às pessoas um não. Você queria confiar em todos. </QUEEN-OF-CUPS-PAST>
<KING-OF-CUPS-PAST>Em muitas vidas passadas, você teve o azar de estar cercado por pessoas que não eram honestas ou que estavam tentando tirar vantagem de você. Embora você possa não ter tido muita escolha, tinha dificuldade em lidar com pessoas que não tinham seus melhores interesses no coração. Você recebeu muita injustiça. </KING-OF-CUPS-PAST>
<THE-FOOL-PRESENT>Em suas vidas passadas, você não quis crescer ou tomar decisões para se acalmar, e você parece estar enfrentando o mesmo problema agora. Você não está pronto para se comprometer com qualquer coisa, quer se trate de uma carreira, amor ou mesmo o que fazer hoje. É difícil descobrir o seu futuro quando você não consegue descobrir o seu presente. </THE-FOOL-PRESENT>
<THE-MAGICIAN-PRESENT>Você aprendeu em sua vida passada fazer uso de todas as suas faculdades, incluindo seus poderes espirituais, emocionais e mentais. Você continuar ouvindo todas essas diferentes partes de você que mostram qual caminho seguir. Parece haver alguma força no universo que o orienta. </THE-MAGICIAN-PRESENT>
<THE-HIGH-PRIESTESS-PRESENT>A espiritualidade é muito importante para você nesta vida. Você aprendeu de vidas passadas que o universo tem muitas maneiras de lhe passar informações e seu objetivo nesta vida é aprender a acessá-las. A sincronicidade tem provado ser muito valioso para você nesta vida, e você deve confiar nela. </THE-HIGH-PRIESTESS-PRESENT>
<THE-EMPRESS-PRESENT>Você luta para perceber o poder e sabedoria que possui. As pessoas o veem atraente, tanto física como mentalmente, mas você não consegue entender a razão. Você precisa aprender que você é inteligente e atraente, mesmo que nesse momento você não entenda isso. Tente se enxergar da mesma forma que os outros o enxergam. </THE-EMPRESS-PRESENT>
<THE-EMPEROR-PRESENT>Você se depara com muitas situações em que sua cabeça esta lhe dando uma grande quantidade de informações, mas por algum motivo você esta as ignorando. Você é governado por seu coração, e achar que é difícil confiar à informação através de sua mente. Você pode ter alguns problemas de aceitação de quão inteligente você realmente é. </THE-EMPEROR-PRESENT>
<THE-HIEROPHANT-PRESENT>Você está atualmente esta lutando com as normas sociais, sentindo que você não pode ou não esta sendo capaz de abrir o seu próprio caminho, porque você não esta sendo o que todo mundo espera de você. Embora o ritual e a conformidade tenham o seu lugar, você sente que eles estão prendendo você. No entanto, você está inseguro sobre como seguir adiante. </THE-HIEROPHANT-PRESENT>
<THE-LOVERS-PRESENT>Porque você tem lutado por si mesmo em face do medo, muitas vezes você desiste de seus sonhos e desejos, porque você não quer ser a pessoa a quebrar as regras ou ir para fora de seu país. Você sente que a aceitação pode ser mais importante do que sua própria felicidade. </THE-LOVERS-PRESENT>
<THE-CHARIOT-PRESENT>Você continuar lutando e concentrando a sua energia em um objetivo produtivo. Você tem muitos sonhos e desejos, mas de alguma forma você vai os encontrar apenas no longo prazo. Ter energia sem ter foco tem atormentado a sua vida, e você está inseguro sobre como mover seus sonhos de forma produtiva. </THE-CHARIOT-PRESENT>
<STRENGTH-PRESENT>Você continuar a lutar com a ideia da mente sobre a matéria. Você não aprendeu a controlar seu medo e ter domínio sobre seus impulsos, o que leva você a ter grande dificuldade em completar objetivos e dar prosseguimento a seus desejos. Você precisa fortalecer esses músculos para que você seja capaz de realizar seus objetivos. </STRENGTH-PRESENT>
<THE-HERMIT-PRESENT>Você continua a lutar nesta vida com autorreflexão e introspecção. Devido a isso, você não parece conhecer a si mesmo ou seus desejos muito bem. Se você não entender por que você faz as coisas, você nunca será capaz de fazer mudanças positivas em sua vida. Introspecção é importante para uma vida plena. </THE-HERMIT-PRESENT>
<WHEEL-OF-FORTUNE-PRESENT>Suas vidas passadas têm afetado sua capacidade de lidar bem com a mudança. Você ainda luta com a compreensão de que o mundo não está estagnado e a mudança é uma parte necessária da vida. Quando você se recusa a reconhecer a mudança, você é forçado a sofrer as consequências quando não está preparado para que isso aconteça. </WHEEL-OF-FORTUNE-PRESENT>
<JUSTICE-PRESENT>Você está lutando para entender a questão do karma, o que leva você a tomar decisões pobres em sua vida. Você nunca aprendeu que o que você faz para os outros volta para você e, mesmo inadvertidamente, não saber nada sobre os sentimentos de outra pessoa pode lhe causar dor. Você precisa trabalhar com a sua dívida kármica. </JUSTICE-PRESENT>
<THE-HANGED-MAN-PRESENT>Você não gosta de abandonar qualquer coisa em sua vida. Você nunca aprendeu o valor do sacrifício ou abrir mão, o que faz com que você segure com muita força as pessoas e as coisas em sua vida. No entanto, segurar com muita força pode causar uma reação e causar muitos problemas com os outros. </THE-HANGED-MAN-PRESENT>
<DEATH-PRESENT>Você continuará a ter dificuldade em aceitar a mudança e abrir mão das coisas. Você acha que pode controlar tudo o que entra em sua vida. Este é um padrão de longa data através de muitas vidas e não tem muito que aprender a mudar seus processos de pensamento e atitudes. Aceitar a mudança pode ser muito difícil. </DEATH-PRESENT>
<TEMPERANCE-PRESENT>Você continuar a ter dificuldades com paciência e equilíbrio em sua vida. Você quer tudo agora e você coloca todo o seu tempo e energia para conseguir o que deseja. No entanto, você tende a afastar as pessoas quando você age assim, tornando mais difícil conseguir o que você deseja, porque poucas pessoas estão ao seu lado. </TEMPERANCE-PRESENT>
<THE-DEVIL-PRESENT>Você continua a permitir pessoas controlarem você e sua vida. Embora em suas vidas passadas você não teve muito controle sobre o seu cativeiro, você tem o controle agora, mas você deixar de exercer suas liberdades. Você permite que as pessoas lhe digam como viver, você mantém-se em empregos ou relacionamentos que não lhe trazem alegria, e a vida parece difícil. </THE-DEVIL-PRESENT>
<THE-TOWER-PRESENT>Você continua sofrendo com o problema das mudanças, que para você é sempre uma grande catástrofe. Você reage às mudanças de tal uma maneira que as pessoas próximas de você têm dificuldade em lidar com seu comportamento. O drama não é atraente, mas é fácil tentar chamar a atenção através de uma crise. </THE-TOWER-PRESENT>
<THE-STAR-PRESENT>Você continua a ter dificuldade em olhar para o lado positivo de qualquer situação. Embora a vida possa estar difícil, você esta a tornando muito mais difícil vendo apenas o lado negativo da situação. Além disso, você esta com dificuldades de atrair pessoas, nesse momento onde tudo parece estar difícil para você. </THE-STAR-PRESENT>
<THE-MOON-PRESENT>Você continua tendo dificuldades de ouvir o seu lado intuitivo psíquico. Você funciona mais em um plano racional. No entanto, isso pode deixá-lo em desvantagem quando a lógica não detém as respostas que você procura. Seus instintos precisam ser exercidos para que possam funcionar melhor. Mas aprender a usá-los tem sido difícil para você. </THE-MOON-PRESENT>
<THE-SUN-PRESENT>Mesmo quando as coisas estão indo bem em sua vida, você tende a ter uma visão negativa de tudo. Isso tem acontecido ao longo de muitas vidas passadas, mas essa lição ainda paira sobre você. É difícil quando tudo parece tão difícil. Você não encontra pessoas facilmente e tudo parece ser uma crise. </THE-SUN-PRESENT>
<JUDGEMENT-PRESENT>Você continuar a julgar outros ao seu redor. Você tirar conclusões precipitadas e acredito que você saiba melhor do que os outros ao seu redor. Isto tem causado alguma tensão em sua vida, porque você se recusou a reconhecer que as pessoas têm um ponto de vista diferente de você. No entanto, você se sente frustrado se os outros o tratarem desse mesma maneira. </JUDGEMENT-PRESENT>
<THE-WORLD-PRESENT>Um senso de direito parece segui-lo nessa vida. Você acha que deve fazer as coisas sem o levar em conta o trabalho duro. No entanto, quando você colocar adiante o esforço, você não vai pedir mais ajuda. Ou você quer fazer tudo por conta própria ou quer que os outros façam tudo para você. </THE-WORLD-PRESENT>
<ACE-OF-WANDS-PRESENT>Você continua tendo dificuldades em lidar com as mudanças, e você tem a enfrentado com mais ansiedade do que emoção. Embora a mudança seja boa, é assustador, e você achar que é mais fácil viver sua vida com medo do que enfrentar as duvidas de novas oportunidades. Você não quer falhar. </ACE-OF-WANDS-PRESENT>
<TWO-OF-WANDS-PRESENT>Você ainda luta com ver os aspectos positivos na vida. Suas experiências negativas têm assombrado você através de muitas vidas e você ainda tem dificuldade agitando o fato de que o sofrimento e a morte são uma parte importante da vida. Você ainda tem que experimentar a vida pode trazer alegrias. Você não sabe como ser positivo. </TWO-OF-WANDS-PRESENT>
<THREE-OF-WANDS-PRESENT>O mundo do trabalho continua a ser um problema nesta vida. Quer se trate de ser incapaz de encontrar um trabalho que agrade você, lutar para ganhar reconhecimento que você acha que merece ou ser incapaz de trabalhar bem com as pessoas. Você tem uma mente própria e acha que é difícil trabalhar com pessoas que não têm a sua visão. </THREE-OF-WANDS-PRESENT>
<FOUR-OF-WANDS-PRESENT>Vontade de viajar continua a ser um problema para você. Quando todo mundo estava se estabelecendo, você ainda sentiu a necessidade de explorar. Por causa de sua necessidade de viver um estilo de vida que os outros acham incomum, você teve dificuldade em encontrar o seu lugar nesta vida. Paz e harmonia não veem fácil para você. </FOUR-OF-WANDS-PRESENT>
<FIVE-OF-WANDS-PRESENT>Desentendimentos, luta e combate parecem segui-lo nesta vida. Você tem dificuldade em adquirir o que você quer para levar uma vida feliz. Esta poderia ser riqueza monetária, mas também poderia ser mais riquezas intangíveis que você procura. No entanto, a sua abordagem para obter as suas necessidades satisfeitas, muitas vezes afastam as pessoas em torno de você. </FIVE-OF-WANDS-PRESENT>
<SIX-OF-WANDS-PRESENT>Você está enfrentando muitos desafios nesta vida e outros não reconhecem seus talentos, habilidades e as contribuições que você pode dar. Embora faça um bom trabalho que deve ser bom o suficiente, você também almeja o reconhecimento pelo que faz. Este é um desejo muito natural, mas você ainda não descobriu como obtê-lo ainda. </SIX-OF-WANDS-PRESENT>
<SEVEN-OF-WANDS-PRESENT>Você tem tentado trabalhar a partir de um lugar de valor, mas você tem dificuldade em comunicar seus pensamentos e necessidades com os outros. Isso faz com que você experimente mais conflitos sobre o que você deseja. Este tem sido um padrão para muitas vidas. Você geralmente tem a vantagem, mas você sente como se tivesse de lutar para permanecer no topo. </SEVEN-OF-WANDS-PRESENT>
<EIGHT-OF-WANDS-PRESENT>Impulso para frente continua a ser difícil para você. Medo e falta de motivação estão impedindo de atingir o seu potencial pleno. Você não sabe como reunir força necessária para tomar decisões para impulsionar-se em direção ao topo. Sentindo-se preso e incapaz de tomar uma decisão parece ser um estado perpétuo para você. </EIGHT-OF-WANDS-PRESENT>
<NINE-OF-WANDS-PRESENT>Você esta sofrendo de ansiedade e preocupação sobre as situações em que você deveria estar se movendo para frente, mas não esta. Você tem grande dificuldade em fazer suas coisas frente a uma grande oposição. Este medo o paralisa e parece vir de um lugar que é muito mais antigo e profundo do que desta vida atual. Impulso para frente nesse momento parece impossível. </NINE-OF-WANDS-PRESENT>
<TEN-OF-WANDS-PRESENT>Você continua colocando esforço, possivelmente, até mesmo mais do que deveria, e ainda não esta colhendo as recompensas do sucesso. Você tem uma história de trabalho sem sucesso. Você precisa aprender a trabalhar de forma mais esperta e atenta. Esta tem sido sua maldição por muitas vidas. </TEN-OF-WANDS-PRESENT>
<PAGE-OF-WANDS-PRESENT>Distração é o seu maior problema. Você está fascinado por tantas coisas que você é incapaz de se concentrar em seu projeto atual. Este é um problema de longa data e torna difícil para você ser bem sucedido em qualquer coisa que faça. É quase como se você estivesse sabotando seus próprios esforços. </PAGE-OF-WANDS-PRESENT>
<KNIGHT-OF-WANDS-PRESENT>Você tem uma história de evitar o trabalho duro e qualquer conflito que você possa encontrar. Isso faz com que sua energia fique estagnada, e o torne incapaz de acompanhar, através de novos projetos. Você está começando a entender que você precisa aprender a se concentrar e dedicar-se a uma tarefa ou ideia específica para ter sucesso. </KNIGHT-OF-WANDS-PRESENT>
<QUEEN-OF-WANDS-PRESENT>Você tem uma grande energia e um ótimo poder de fogo, e você sabe como se concentrar na hora certa. O maior problema de suas vidas passadas é que os seus sucessos tornaram você arrogante e uma pessoa difícil de lidar. Você é geralmente tem bom coração, mas ainda não aprendeu a ser humilde. </QUEEN-OF-WANDS-PRESENT>
<KING-OF-WANDS-PRESENT>Você é forte e capaz e de lidar com uma posição de grande poder. No passado, você teve dificuldade para lidar com a superioridade moral, porém agora você sabe exatamente o que fazer. Honestidade e o que as pessoas veem em você. Você precisa descobrir como utilizar todas as suas habilidade. </KING-OF-WANDS-PRESENT>
<ACE-OF-SWORDS-PRESENT>Bravura tem sido um problema que tem assombrado você por muitos anos, e continua a assombrá-lo nesta vida. Você não sabe como encarar as coisas de frente, e você tende a recuar quando confrontado com uma decisão que você tem que tomar sozinho. Este medo faz com que seja difícil para você iniciar novos projetos. </ACE-OF-SWORDS-PRESENT>
<TWO-OF-SWORDS-PRESENT>Com característica solitária, relacionamentos e parcerias continuar a ser difícil para você. Você luta com a intimidade e teve essa dificuldade por muitas vidas. Você acha que é melhor confiar em si mesmo do que em outros. Poderia ser uma falta de confiança ou a falta de desejo de comprometer o que você quer com as ideias de outras pessoas. </TWO-OF-SWORDS-PRESENT>
<THREE-OF-SWORDS-PRESENT>Você tem muitas questões emocionais em sua mente nesta vida, e tem dificuldade em lidar com a tristeza e desilusão que você sofreu. Embora a dor seja parte da vida, quando você não consegue lidar bem com ela e avançar positivamente a dor que você experimenta é intensifica. </THREE-OF-SWORDS-PRESENT>
<FOUR-OF-SWORDS-PRESENT>Você continua a achar que estabelecer limites, ter tempo para si mesmo e permitir-se espaço para ser você mesmo são grandes desafios que se seguiram por muitas vidas. Você luta ainda para ter algum tempo para si mesmo quando você se sente esgotado. Você permite que outros controlem seu tempo e energia. </FOUR-OF-SWORDS-PRESENT>
<FIVE-OF-SWORDS-PRESENT>Você tende a ganhar, mas há sempre um custo. Você escolhe lutar no lado errado, e isso causa muita dor e conflito entre você, seus amigos e colegas. Quando você escolhe o lado errado de uma ideia e lutar por ela pode fazer você tolo e mostra aos outros sua falta de reflexão. </FIVE-OF-SWORDS-PRESENT>
<SIX-OF-SWORDS-PRESENT>Mudança continua a ser uma coisa difícil para você. Através de muitas vidas passadas, você pode ter sido visto como teimoso porque se recusa a mudar, mesmo quando a evidência está do lado da mudança. Ela tornou difícil para você resolver problemas com colegas e entes queridos. </SIX-OF-SWORDS-PRESENT>
<SEVEN-OF-SWORDS-PRESENT>Você é uma alma confiante, que infelizmente, torna mais fácil para as pessoas tirarem vantagem de você. Elas roubam seus segredos, suas ideias ou o seu dinheiro, e você costuma encontrar-se confrontado com a necessidade de lidar com pessoas desonestas. Seu desejo de evitar o confronto também tem ajudado este problema. </SEVEN-OF-SWORDS-PRESENT>
<EIGHT-OF-SWORDS-PRESENT>Você continua a lutar com sua prisão em muitas situações diferentes. Muitas vezes, esse sentimento de estar preso aparece em sua própria mente, mas você não percebe que você tem o poder de mudar estas circunstâncias. Você permitiu a derrota controlá-lo, em vez de dar o próximo passo para avançar. </EIGHT-OF-SWORDS-PRESENT>
<NINE-OF-SWORDS-PRESENT>Você continua permitindo que a sua ansiedade controle suas decisões nesta vida. Em vez de enfrentar seus medos de frente, você coloca se esconde e finge que as oportunidades não estão lá. Você perdeu muitas coisas nesta vida por causa do medo que sente. </NINE-OF-SWORDS-PRESENT>
<TEN-OF-SWORDS-PRESENT>Você continua a sofrer com muita dor e perda. Você tem dificuldade em se mover para frente no futuro por causa da dor que você experimentou no passado. Você esqueceu o velho ditado que sempre que uma porta se fecha, outra se abre. Talvez você ainda não abriu os olhos o suficiente para ver as novas oportunidades. </TEN-OF-SWORDS-PRESENT>
<PAGE-OF-SWORDS-PRESENT>Você continua com muita energia nesta vida, mas pouca noção sobre a forma de concentra-la corretamente para conseguir o que você quer e precisa dos outros. É difícil para você conseguir o que quer e ainda regular a sua energia. Infelizmente, isso pode levar você a alienar as próprias pessoas com quem você está tentando trabalhar. </PAGE-OF-SWORDS-PRESENT>
<KNIGHT-OF-SWORDS-PRESENT>Você continua a lutar com problemas de bravura e habilidade nesta vida. Muitas vezes você não quer defender suas crenças por medo de perturbar os outros. Você hesita em balançar o barco, o que leva as pessoas a andar em cima de você. Você não é corajoso o suficiente para suportar a tempestade da oposição. </KNIGHT-OF-SWORDS-PRESENT>
<QUEEN-OF-SWORDS-PRESENT>Você usou a sua força e poder na vida, mas você não aprendeu a controlá-los. O uso excessivo da força contra os outros afasta as pessoas e realmente faz com que as pessoas se desliguem por sua natureza agressiva. Sendo muito forte é tão mau que não é forte o suficiente. Isto afasta as pessoas. </QUEEN-OF-SWORDS-PRESENT>
<KING-OF-SWORDS-PRESENT>Você luta com muita força e teimosia, muitas vezes levando as pessoas a se desligarem por suas táticas. Você pode ser crítico dos outros e achar que é difícil exercer o tato necessário para ser bem sucedido. Embora às vezes esta abordagem vigorosa seja necessária, mais frequentemente não é, você precisa aprender a recuar. </KING-OF-SWORDS-PRESENT>
<ACE-OF-PENTACLES-PRESENT>Você continuará a ter dificuldade em gerir a sua saúde financeira nesta vida. Este tem sido um problema que tem lhe atormentado por muitas vidas. Você não encontrou um bom trabalho ou não tem obtido qualquer aconselhamento financeiro decente para ficar solvente na economia financeira atual. Você faz más decisões, porque tem medo de correr riscos. </ACE-OF-PENTACLES-PRESENT>
<TWO-OF-PENTACLES-PRESENT>A luta do equilíbrio tem sido constante em sua vida. Você tenta fazer muitas coisas ao mesmo tempo e, infelizmente, quando você faz isso, tudo acaba dando errado. Equilíbrio deve ser aplicado em longo prazo. Se você tiver muitos balões no ar, você vai começar a soltá-los. Você esta tentando fazer coisas demais. </TWO-OF-PENTACLES-PRESENT>
<THREE-OF-PENTACLES-PRESENT>Você está tendo dificuldade nessa vida me manter o trabalho adequado. Será que você tem dinheiro para educação ou formação adequada? Será que existem empregos disponíveis onde você mora? Seja qual for o problema, você tem sido incapaz de cuidar de si mesmo e de sua família, esse problema tem lhe atormentado por muitas vidas. </THREE-OF-PENTACLES-PRESENT>
<FOUR-OF-PENTACLES-PRESENT>A luta para deixar desapegar das coisas tem sido difícil para você. Em vez disso, você se agarrar as coisas com tanta força que você acaba as sufocando. Se isso for uma pessoa, você acaba as afastando, Se forem posses materiais, você acha que as segurando com muita força irá as manter por mais tempo. Você ganha tanto o quanto está disposto a dar. </FOUR-OF-PENTACLES-PRESENT>
<FIVE-OF-PENTACLES-PRESENT>Você continua sofrendo grandes perdas, dificuldades financeiras, problemas de saúde, ou até mesmo problemas em suas relações. Você se sente excluído, no frio por assim dizer. Você se esqueceu de como pedir ajuda, e quando a pede, não tem encontrado ninguém para lhe ajudar. </FIVE-OF-PENTACLES-PRESENT>
<SIX-OF-PENTACLES-PRESENT>O tema de suas vidas passadas é a de ser capaz de ser generosa e aceitar a generosidade. Você não quer fazer uma coisa qualquer. Você se sente muito orgulhoso de ter ajuda sempre que precisar dela, você ainda está inseguro sobre como ajudar os outros. Isto o deixa fora do ciclo de vida e impede você de sentir a verdadeira prosperidade. </SIX-OF-PENTACLES-PRESENT>
<SEVEN-OF-PENTACLES-PRESENT>Você continua sentindo que você nunca vai ter o suficiente, o que faz com que você trabalhe mais do que o necessário para se sentir estável. A segurança é um fantasma que você não consegue capturar. Você coloca tanta energia em seu trabalho que não tem nenhum para os momentos de lazer com sua família. </SEVEN-OF-PENTACLES-PRESENT>
<EIGHT-OF-PENTACLES-PRESENT>Sua vida é amaldiçoada com a ideia de que você deve trabalhar duro e dar tudo a todos. Você tem uma ética de trabalho admirável, mas está trabalhando depois e investindo todas as suas energias em tarefas que não estão te trazendo retorno. Você não tem que carregar o peso do mundo sobre seus ombros. </EIGHT-OF-PENTACLES-PRESENT>
<NINE-OF-PENTACLES-PRESENT>Você continuar a lutando para conquistar tudo o que quer nessa vida. Você se esforçar, mas ainda não viu os resultados que esta esperando. Isso pode ser porque você não conseguiu ver onde seus talentos são mais úteis. Você se sente indigno porque você ainda não obteve a riqueza material. </NINE-OF-PENTACLES-PRESENT>
<TEN-OF-PENTACLES-PRESENT>Você tem uma história de correr riscos para tentar se tornar próspero, em vez de ganhar dinheiro e luxo à maneira antiga. Você não tem sido capaz de conseguir as coisas que você queria e suas apostas estão voltando contra você. Você não aprendeu a lição de trabalho duro. </TEN-OF-PENTACLES-PRESENT>
<PAGE-OF-PENTACLES-PRESENT>Você continua evitando trabalhar duro, e esta procurando atalhos para conquistar tudo o que deseja na vida. Você não conseguiu aprender a lição do esforço determinado para um objetivo. Você continua esperando que grandes coisas venham até você sem esforço. </PAGE-OF-PENTACLES-PRESENT>
<KNIGHT-OF-PENTACLES-PRESENT>Você continuar sonhando com a ideia de que os outros devem cuidar de você. Isso torna mais difícil de assumir a responsabilidade por sua própria vida. Ao longo de muitas vidas, você manteve essa crença, e em algumas vidas que pode mesmo ter trabalhado para você. Mas nesta vida, você não vai conseguir nada se não trabalhar. </KNIGHT-OF-PENTACLES-PRESENT>
<QUEEN-OF-PENTACLES-PRESENT>A inveja e a desconfiança são as marcas de sua vida. Você não tem sido capaz de obter a segurança financeira que você quer e você não tem a motivação para trabalhar duro para conquistar isso, mas você esta olhando outras pessoas e as coisas que eles têm. Isso faz com que você se sinta com ciúmes. </QUEEN-OF-PENTACLES-PRESENT>
<KING-OF-PENTACLES-PRESENT>Você continua tendo dificuldades em tomar o controle de sua própria vida. Você pode não ter desenvolvido as características necessárias para ser capaz de se sentir no controle de seu destino. Esta é uma falha que tem seguido você através de muitas vidas. É difícil para você usar todos os recursos disponíveis. </KING-OF-PENTACLES-PRESENT>
<ACE-OF-CUPS-PRESENT>Seu maior tema ao longo de suas muitas vidas tem sido sacrificar suas próprias necessidades e desejos por aquelas pessoas que você ama. Isso está fazendo com que você seja incapaz de cumprir as suas próprias necessidades. </ACE-OF-CUPS-PRESENT>
<TWO-OF-CUPS-PRESENT>Você continuar lutando com ter parcerias de sucesso. Isto é verdade. Tanto em sua vida pessoal, como na sua vida profissional. Você é uma pessoa que gosta de estar sozinho mais do que você gosta de estar com os outros, o que o torna uma pessoa fácil de lidar no trabalho. Equilíbrio e compromisso tem sido uma luta constante para você. </TWO-OF-CUPS-PRESENT>
<THREE-OF-CUPS-PRESENT>Ao longo de muitas vidas, você apreciou os excessos da vida, mas muitas vezes não faz o trabalho necessário para viver. Prazer é uma coisa positiva, mas não à custa das partes menos agradáveis da vida. Você ainda não aprendeu que todos os dias não pode ser uma festa. Você tem que fazer o trabalho duro também. </THREE-OF-CUPS-PRESENT>
<FOUR-OF-CUPS-PRESENT>A apatia é a praga da sua vida. Você não consegue perceber como é abençoado nesta vida e, em vez disse sente inveja das pessoas ao redor. Contanto que você sente ciúmes em seu coração, você nunca vai encontrar a verdadeira felicidade. Você carrega a dor do tédio de muitas vidas. </FOUR-OF-CUPS-PRESENT>
<FIVE-OF-CUPS-PRESENT>Você tem uma história de sustentar a dor, em vez de alegria. Todo mundo experimenta tanto a perda quanto o ganho na vida, mas você só reconhece as coisas negativas que você experimentou. Isso faz com que você seja uma pessoa muito triste. Embora o luto seja normal, um perpétuo estado de miséria não é. </FIVE-OF-CUPS-PRESENT>
<SIX-OF-CUPS-PRESENT>Você está tão ocupado nesta vida perseguindo felicidade final que continuará a perder as alegrias simples que estão bem na frente de você. Sua energia é desperdiçada na busca fútil de coisas que você não pode ter e, se você conquista-las, elas não farão você feliz. Esforçar-se para itens materiais só faz você querer mais e não atingir a felicidade plena. </SIX-OF-CUPS-PRESENT>
<SEVEN-OF-CUPS-PRESENT>Você luta para fazer escolhas adequadas na vida. Há tantas ofertas e oportunidades na frente de você que você se sente atraído pelo esplendor delas. Você não percebe que nem sempre uma oportunidade é válida ou adequada para você. Em vez disso, você deixa os falsos desejos ofuscarem a sua visão. Clareza e foco são o que você precisa aprender. </SEVEN-OF-CUPS-PRESENT>
<EIGHT-OF-CUPS-PRESENT>O sentimento de perda tem seguido por muitas vidas. Ele tem sido influenciado pelo sentimento de perdas por tanto tempo que você se agarra com muita força para as coisas, mesmo quando você sabe que deve seguir em frente. É difícil sentir que vai perder tudo que você gosta. </EIGHT-OF-CUPS-PRESENT>
<NINE-OF-CUPS-PRESENT>Você não conseguiu encontrar contentamento em seu coração. Você tem trabalhado duro para encontrar satisfação nas pessoas e coisas ao seu redor, mas você não foi capaz de superar a negatividade que você também encontra. Quando você se concentra no negativo, você é incapaz de encontrar a felicidade em seu coração. </NINE-OF-CUPS-PRESENT>
<TEN-OF-CUPS-PRESENT>Sua maior tarefa nesta vida é aprender o que é o verdadeiro contentamento. Em vez de lutar para o ganho material, você está aprendendo que o contentamento em seu coração e encontrar pessoas para amar e cuidar, isto é o que realmente traz felicidade nesta vida. As pessoas são a coisa mais importante no mundo. </TEN-OF-CUPS-PRESENT>
<PAGE-OF-CUPS-PRESENT>Você está levando tudo muito a sério. Você sofreu através de muitas vidas, pensando que o trabalho era a única maneira de viver. No entanto, você não aprendeu que pode trabalhar muito e ter o divertimento, sonhar e desfrutar das coisas, tanto quanto suas conquistas. </PAGE-OF-CUPS-PRESENT>
<KNIGHT-OF-CUPS-PRESENT>Você é um sonhador, mas você ainda não aprendeu a concentrar seus sonhos em ação produtiva. Sonhar é bom, mas se você quer conseguir muitas coisas na vida, encontrar uma maneira de avançar é também essencial. Isto é o que lhe falta, e tem sido um tema para você por muitas vidas no passado. </KNIGHT-OF-CUPS-PRESENT>
<QUEEN-OF-CUPS-PRESENT>Você continua a rodear-se de pessoas que não são boas companhias e podem não ser boas para você. Você tem dificuldade em distinguir pessoas de confiança e não confiáveis. Você é muito aberta, o que tem causado problemas. Você não aprendeu a ouvir a sua intuição, que foi posta em prática para ser uma guia em sua vida. </QUEEN-OF-CUPS-PRESENT>
<KING-OF-CUPS-PRESENT>Você encontra-se cercado por pessoas que não têm interesse em bondade ou compaixão, e não podem ter seus melhores interesses no coração. Você continua a ter dificuldade em lidar com esse tipo de pessoa e se sente incapaz de remover essas pessoas difíceis de sua vida. Eles podem estar tentando dirigi-lo na direção errada. </KING-OF-CUPS-PRESENT>
<THE-FOOL-FUTURE>Você aprendeu no seu passado a nunca abandonar seu lado infantil. É importante ser responsável, mas também é importante manter esta parte de si mesmo que encontra maravilhas no cotidiano. Você sabe como olhar para as coisas novas, e começas cada dia apreciando as nuvens. </THE-FOOL-FUTURE>
<THE-MAGICIAN-FUTURE>Você aprendeu com seu passado a ouvir aquela voz mansa dentro de você e diz-lhe muitas coisas importantes. Intuição e sincronicidade são guias maravilhosas para o que é certo em sua vida. Através de muitas vidas que você aprendeu a ouvir e guiar-se, e tem servido bem a você. </THE-MAGICIAN-FUTURE>
<THE-HIGH-PRIESTESS-FUTURE>Suas vidas passadas lhe ensinaram que há mais coisas na vida do que você pode ver com seus olhos e tocar com as mãos. Você aprendeu a confiar em todas as coisas que podem dar-lhe informações, incluindo a sua intuição, seus sonhos e até mesmo sincronicidades que acontecem com você. Todos eles são importantes. </THE-HIGH-PRIESTESS-FUTURE>
<THE-EMPRESS-FUTURE>Você aprendeu com suas vidas passadas, que você é uma pessoa importante e que os outros enxergam você fisicamente e intelectualmente atraente. Você tem uma grande dose de sabedoria e muitas coisas para contribuir, e está finalmente aprendendo a lidar com o seu poder. </THE-EMPRESS-FUTURE>
<THE-EMPEROR-FUTURE>Você aprendeu que é mais esperto que você acha, e que, a sua mente vai o levar a bons lugares. Você não tem que seguir apenas seu coração. Seu intelecto tem muito a oferecer e você aceitou quem você é e tudo o que você tem para oferecer. </THE-EMPEROR-FUTURE>
<THE-HIEROPHANT-FUTURE>Você aprendeu que há um tempo para a tradição e um tempo para se afastar das tradições. A maior lição que você é que todo mundo tem sua importante. Você sabe que não tem que respeitar as regras o tempo todo. </THE-HIEROPHANT-FUTURE>
<THE-LOVERS-FUTURE>Você aprendeu com sua vida passada que as lutas de seu coração têm muito a dizer. Você pode seguir seu coração e rejeitar o medo e o descontentamento. As pessoas vão aprender a respeitá-lo quando você seguir seus sonhos e seu coração. Há muita coisa em seu coração que você deve ouvir. </THE-LOVERS-FUTURE>
<THE-CHARIOT-FUTURE>Você aprendeu com suas vidas passadas que você precisa concentrar sua energia em direção a um objetivo. Pode parecer uma coisa simples, mas aprender a concentrar sua energia tomou um longo tempo, e muitas vidas. Apenas ter desejos não é suficiente, você precisa de determinação para conquistar os seus desejos. </THE-CHARIOT-FUTURE>
<STRENGTH-FUTURE>Você aprendeu que seu passado, como viver e utilizar a sua força e habilidades para atingir seus objetivos. Você tem aprendido a ser assertivo, controlar seus impulsos, e se manter focado em um objetivo. Muitas vidas têm sido usadas para que você possa tomar o controle de si mesmo. </STRENGTH-FUTURE>
<THE-HERMIT-FUTURE>Suas vidas passadas lhe ensinaram a importância de ficar sozinho e confortável com si mesmo. Quando você pode aceitar a si mesmo e passar um tempo em introspecção, você tem uma maior capacidade de compreender seus desejos e necessidades e para satisfazer os seus desejos. Você também é capaz de se levantar por si mesmo quando você sabe exatamente quem você é. </THE-HERMIT-FUTURE>
<WHEEL-OF-FORTUNE-FUTURE>Suas vidas passadas lhe ensinaram como aceitar não só as mudanças, mas como seguir em frente. Cada dia é algo novo e excitante e você não pode saber o que vai acontecer, mas você está preparado. Quando você espera de tudo, você tem a capacidade de lidar com qualquer coisa que aconteça. </WHEEL-OF-FORTUNE-FUTURE>
<JUSTICE-FUTURE>Suas vidas passadas têm ajudado você a entender os efeitos do karma em sua vida atual. Devido a isso, você está incorporando a lei de causa e efeito em sua vida e está tratando os outros com justiça e equilíbrio. Você se sente melhor sabendo que você está tratando bem os outros, e recebe de volta o quanto você dá. </JUSTICE-FUTURE>
<THE-HANGED-MAN-FUTURE>Você aprendeu com suas vidas passadas que às vezes você tem de fazer sacrifícios e às vezes você deve manter-se fiel às suas crenças. Mas a lição mais importante que você aprendeu é saber quando agir. Nunca é fácil saber se você deve manter o seu terreno ou ceder, mas você tem uma grande compreensão deste princípio. </THE-HANGED-MAN-FUTURE>
<DEATH-FUTURE>Você aprendeu com suas vidas passadas que precisa para aprender a aceitar as coisas como elas são para abrir mão e não tentar controlar tudo ao seu redor. Você está até mesmo aprendendo modificar crenças e atitudes que não lhe servem mais. Permitindo a mudança em sua vida lhe permite crescer como pessoa. </DEATH-FUTURE>
<TEMPERANCE-FUTURE>Suas vidas passadas lhe ensinaram paciência. Você passou muitas vidas aprendendo essa lição, correndo e alienando pessoas. Em vez disso, você aprendeu que não pode obter tudo o que deseja de uma só vez e que deve exercitar a paciência e discrição quando se lida com a vida. Você atrai mais pessoas para você exercitando a paciência. </TEMPERANCE-FUTURE>
<THE-DEVIL-FUTURE>Você aprendeu a lição de suas vidas passadas que, não importa o quão desesperadora seja a situação, você tem controle sobre tudo o que está envolvido. Se esse controle mudar as circunstâncias ou alterar a sua atitude, você é capaz de romper as restrições que, uma vez paralisaram você. </THE-DEVIL-FUTURE>
<THE-TOWER-FUTURE>Você aprendeu que nem tudo é uma crise e que você pode agir através de problemas e questões sem transformá-lo em um grande problema. A vida parece muito mais calma agora que tudo não explode em seu rosto. É incrível o quanto uma crise é pequena quando você opta por vê-la dessa maneira. </THE-TOWER-FUTURE>
<THE-STAR-FUTURE>Você aprendeu que nem tudo é uma tragédia e que há muitas coisas positivas na vida. Se você olhar para o lado positivo, você pode ver que a vida é muito melhor do que você pensou que era. Ao olhar para o lado positivo, você aprendeu que há muitas coisas maravilhosas para experimentar. </THE-STAR-FUTURE>
<THE-MOON-FUTURE>Você aprendeu com seu passado, e se tornou mais intuitiva nesta vida. Depois de vidas em desenvolvimento, você percebeu que o seu lado psíquico intuitivo é tão importante quanto o seu lado racional. Isso abre todo um mundo de possibilidades que você nunca soube que você poderia experimentar. A vida parece mais doce agora. </THE-MOON-FUTURE>
<THE-SUN-FUTURE>Depois de muitas vidas de luta, você aprendeu que a vida não é tão difícil como você imaginava. Você pode ver o lado positivo das coisas e nem sempre se manter focado no negativo. Levou um longo tempo para você perceber os aspectos positivos, através de grande dificuldade. </THE-SUN-FUTURE>
<JUDGEMENT-FUTURE>Nesta vida, você ganhou a habilidade de temperar seu julgamento em relação aos outros. Agora você percebe que os outros têm opiniões diferentes das suas, mesmo você não conseguindo entender essas opiniões. A beleza de uma nova vida causa a aceitação das pessoas ao seu redor. </JUDGEMENT-FUTURE>
<THE-WORLD-FUTURE>Sua lição de vidas passadas é de trabalho duro, e não tenha medo de pedir ajuda quando você precisar dela. Levou muitas vidas para descobrir quando você deve pedir ajuda e quando você deve seguir por conta própria. Também aprendeu que você ainda tem muito a ganhar nessa vida. </THE-WORLD-FUTURE>
<ACE-OF-WANDS-FUTURE>Você aprendeu a ver o lado positivo das coisas. Quando a mudança ocorre, você aprendeu a acolhê-la de braços abertos. Nem sempre foi fácil, e às vezes ainda é uma luta para combater o seu medo, mas a bravura é a capacidade de enfrentar o medo e ainda avançar de uma forma positiva. </ACE-OF-WANDS-FUTURE>
<TWO-OF-WANDS-FUTURE>Você aprendeu, e passou por muitas provações, que você pode ver o lado positivo da vida, mesmo que o negativo ainda exista. É possível que os dois lados existam juntos, e você aprendeu a apreciar as coisas boas da vida, sem ignorar as coisas negativas que existem nela. Na verdade, essas coisas negativas fazem a alegria ainda mais forte quando você está aberto a ele. </TWO-OF-WANDS-FUTURE>
<THREE-OF-WANDS-FUTURE>Você tem lutado por muitas vidas para encontrar o seu lugar no mundo do trabalho. Através do tempo você aprendeu muitos truques, mas o mais importante, você aprendeu a forjar um lugar para si mesmo onde quer que vá. Você também sabe seguir seu coração e não sacrificar a sua visão por um salário. </THREE-OF-WANDS-FUTURE>
<FOUR-OF-WANDS-FUTURE>Você aprendeu que a paz e harmonia podem não ser as partes mais importantes da vida. Mesmo se você nunca encontre um lugar para se estabelecer, ou sentir-se preso em um mundo que não entendo você, você conseguiu forjar um nicho para si mesmo onde você pode ser feliz e confortável. A autoaceitação é o primeiro passo. </FOUR-OF-WANDS-FUTURE>
<FIVE-OF-WANDS-FUTURE>Você entende que a concorrência faz parte da vida, mas aprendeu a fazer de seus inimigos seus amigos. Levou-lhe muitas vidas para entender que você atrai mais com mel do que vinagre, e aprendeu a usar seu charme para satisfazer as suas necessidades, em vez de seu juízo. </FIVE-OF-WANDS-FUTURE>
<SIX-OF-WANDS-FUTURE>Ao longo do tempo, você aprendeu tanto para fazer o trabalho e ser capaz de reivindicar a glória. Você não teme se esforçar e você aprendeu a defender-se, quando seria mais fácil ficar quieto e deixar que os outros tomassem crédito pelo trabalho que você faz. A autoconfiança é a nova habilidade que você aprendeu. </SIX-OF-WANDS-FUTURE>
<SEVEN-OF-WANDS-FUTURE>Você agora tem a capacidade de fazer suas necessidades e desejos se tornarem conhecidos, sem causar muitos conflitos. Esta tem sido uma lição difícil para você, para ganhar a finesse necessária para manter as pessoas ao seu lado e para evitar a luta verbal que ocorreu frequentemente para você. </SEVEN-OF-WANDS-FUTURE>
<EIGHT-OF-WANDS-FUTURE>Suas vidas passadas lhe ensinaram que você precisa agir rapidamente para conseguir o que deseja. As coisas não vão ser dadas a você e a lição que aprendeu é que você tem que fazer o que precisa ser feito, porque ninguém mais o fará. Atividade, esforço e velocidade tornaram-se seus aliados. </EIGHT-OF-WANDS-FUTURE>
<NINE-OF-WANDS-FUTURE>As lições do passado têm ajudado a ganhar a força para seguir em frente mesmo quando os outros eram contra você. Você tem lutado para enfrentar a oposição no passado, mas você aprendeu autoconfiança e ter conforto em sua própria força e capacidade de fazer as coisas. Agora você está mais pró-ativo. </NINE-OF-WANDS-FUTURE>
<TEN-OF-WANDS-FUTURE>Você fez um grande avanço. Suas vidas passadas lhe ensinaram o valor do trabalho duro, mas até agora não conseguiram ensinar-lhe a capitalizar sobre o trabalho que você faz. Agora que você aprendeu você pode trabalhar de forma inteligente e obter maior sucesso do que manter sua cabeça para baixo, o que o trabalha havia lhe dado. </TEN-OF-WANDS-FUTURE>
<PAGE-OF-WANDS-FUTURE>Levaram muitas vidas, mas você finalmente aprendeu o valor do foco e do trabalho duro. No passado, você era facilmente distraído e fracassava em seus esforços por não conseguir focar em seus objetivos. Um dos maiores presentes que você deu a si mesmo é aprender a focar em si mesmo. </PAGE-OF-WANDS-FUTURE>
<KNIGHT-OF-WANDS-FUTURE>Sua energia esta alta, e você aprendeu através de varias tentativa que sua energia pode lhe orientar através de seus objetivos. Você sabe o que precisa ser e esta fazendo tudo o que é necessário. Levaram muitas vidas, mas você aprendeu como ser bem sucedido em todos os seus empreendimentos. </KNIGHT-OF-WANDS-FUTURE>
<QUEEN-OF-WANDS-FUTURE>Fogo e paixão são as suas principais características. Você tem trabalhado duro, e logo vai ver a recompensa. Você aprendeu a lição de diligência por muitas vidas. Você também aprendeu um pouco de humildade por meio de todo esse sucesso. Pode ser difícil para você se manter humilde quando você é tão bem-sucedida. </QUEEN-OF-WANDS-FUTURE>
<KING-OF-WANDS-FUTURE>A maior dificuldade é para alguém que esta no poder é ficar acima de qualquer suspeita, e você tem lutado com isso a bastante tempo. No entanto, nesta vida você aprendeu o poder da honestidade e moralidade. Você sabe que é mais importante seguir a sua própria bússola moral do que permanecer no poder. Suas prioridades mudaram. </KING-OF-WANDS-FUTURE>
<ACE-OF-SWORDS-FUTURE>Bravura é o seu novo grito de guerra. Você passou muitas vidas se escondendo nas horas mais importantes, e por causa disso, você perdeu muitas oportunidades. Mas através deste, você aprendeu que deve ficar de pé na cara do medo e fazer as coisas de qualquer maneira. É a única maneira de avançar na vida. </ACE-OF-SWORDS-FUTURE>
<TWO-OF-SWORDS-FUTURE>Embora tenha sido difícil, você tem aprendido novas habilidades que você precisava para ter sucesso quando se trabalha com outras pessoas. Você aprendeu as habilidades de compromisso e harmonia com os outros. Você já sabe que há muitas maneiras de olhar para a vida, e sua opinião não é a única verdade. As opiniões dos outros também são úteis. </TWO-OF-SWORDS-FUTURE>
<THREE-OF-SWORDS-FUTURE>Dor e sofrimento fazem parte da vida de todos. No entanto, você aprendeu a mover-se após esses sentimentos e não deixá-los governar a sua vida. Esta tem sido uma lição duramente conquistada e adquirida ao longo de muitas vidas. Você aprendeu a lidar com as emoções negativas e positivamente e de utilizar a sua dor para planejar o seu futuro. </THREE-OF-SWORDS-FUTURE>
<FOUR-OF-SWORDS-FUTURE>A lição mais importante que você aprendeu com suas vidas passadas é ter tempo para si mesmo. Você aprendeu a estabelecer limites, a permitir-se momentos de solidão e dar-se a capacidade de fazer o seu próprio trabalho e seguir seus sonhos. Você já não permite que as pessoas controlem seu tempo e energia. </FOUR-OF-SWORDS-FUTURE>
<FIVE-OF-SWORDS-FUTURE>Você aprendeu a defender suas crenças somente depois de ter-lhes dado um exame minucioso. Em suas vidas passadas, você muitas vezes lutou pelas coisas erradas, indo com a multidão e doente a pensar sobre os efeitos de suas ações. Você aprendeu com isso e se recusa a se envolver até que tenha examinado todas as provas. Você aprendeu a ter cautela. </FIVE-OF-SWORDS-FUTURE>
<SIX-OF-SWORDS-FUTURE>Sua lição para esta vida é aprender a ser mais flexível, a permitir a mudança e diferenças. Você aprendeu um dar e receber, melhor do que uma postura teimosa que não fará nenhum bom. Ele não está vendendo para aceitar a mudança; na verdade, ele mostra força de caráter para admitir quando está errado. </SIX-OF-SWORDS-FUTURE>
<SEVEN-OF-SWORDS-FUTURE>Você aprendeu a lição difícil que nem todo mundo segue a superioridade moral que você faz. Você tem aprendido através de muitas vidas como se proteger das pessoas desonestas ou pessoas que querem tirar vantagem de você. Você aprendeu a lição da maneira mais difícil, depois que muitas pessoas se aproveitaram de você muitas vezes antes. </SEVEN-OF-SWORDS-FUTURE>
<EIGHT-OF-SWORDS-FUTURE>Você aprendeu que estar vinculado nesta vida é muitas vezes um produto de sua própria mente e que você pode libertar-se da escravidão se você optar por seguir em frente. O medo tem mantido você de volta, mas você aprendeu a aproveitar o poder do seu medo de avançar. Derrota não é sempre um fim. </EIGHT-OF-SWORDS-FUTURE>
<NINE-OF-SWORDS-FUTURE>Medo não controla mais você. Você não pode livrar-se da ansiedade que sente, mas você aprendeu a gerenciá-lo para que você possa continuar a avançar através dele. E você descobriu que o medo não é tão ruim quanto você pensava que era. Em vez de um leão, o medo era mais um rato quando domado. </NINE-OF-SWORDS-FUTURE>
<TEN-OF-SWORDS-FUTURE>Você aceitou o fato de que a dor, infortúnio e terminações são uma parte natural da vida. Você sofreu no passado, porque se recusou a aceitar a realidade da existência. Mas uma vez que se permitiu sentir dor, bem como a alegria em sua vida, você foi capaz de ver as coisas mais claramente e ver as oportunidades que você tem. </TEN-OF-SWORDS-FUTURE>
<PAGE-OF-SWORDS-FUTURE>Sua maior lição foi aprender a aproveitar o poder que você tem e utilizá-lo de maneira positiva. A energia pode fazer uma pessoa ficar mais ousada e não pensar sobre os resultados de suas ações, mas você aprendeu que precisa aproveitar essa energia de forma adequada para obter os resultados que você deseja. </PAGE-OF-SWORDS-FUTURE>
<KNIGHT-OF-SWORDS-FUTURE>Você aprendeu com suas vidas anteriores em investir em seu próprio poder. Há algo sobre a habilidade de bravura que você não exerceu antes, mas agora está se tornando mais fácil para você usar. Ficar feliz com si mesmo é a maior habilidade que você pode aprender a usar. </KNIGHT-OF-SWORDS-FUTURE>
<QUEEN-OF-SWORDS-FUTURE>Você aprendeu com sua vida passada a experimentar a lição de equilíbrio. Permitir que as pessoas passem por cima de você é tão ruim quanto usar sua força para as intimidar. Você aprendeu a ficar equilibrado entre os dois extremos, utilizando a quantidade adequada de força quando necessário para obter o que você precisa. </QUEEN-OF-SWORDS-FUTURE>
<KING-OF-SWORDS-FUTURE>A luta entre ser forte e ser diplomático tem sido uma coisa difícil para você equilibrar. Você aprendeu, depois de muitas vidas que você pode caminhar nessa linha e não as cruzar sobre no momento errado. Há momentos em que é necessário ter vigor e momentos que o tato é uma abordagem melhor, e você aprendeu a hora certa de usar cada situação. </KING-OF-SWORDS-FUTURE>
<ACE-OF-PENTACLES-FUTURE>Embora esteja levado muito tempo, você está aprendendo a ser financeiramente responsável. Você conseguiu tornar-se estável, encontrar e manter um bom trabalho, e até mesmo poupar e investir. Você aprendeu sobre os aspectos positivos do dinheiro a como usar a sua riqueza com sabedoria para aumentar a produtividade em sua vida. </ACE-OF-PENTACLES-FUTURE>
<TWO-OF-PENTACLES-FUTURE>Equilíbrio foi à lição mais importante que você aprendeu nesta vida. Vocês têm que se liberar de coisas que não lhe servem e que são capazes de equilibrar as tarefas restantes que você tem a cumprir. Você sabe que as multitarefas são contraproducentes e agora você só incidi sobre as coisas que são mais importantes para você. </TWO-OF-PENTACLES-FUTURE>
<THREE-OF-PENTACLES-FUTURE>Você tem trabalhado para achar uma forma de como encontrar e manter um emprego. Você tem feito o trabalho para começar o treinamento que você precisa para ser confiável e encontrar um emprego. Você aprendeu que as medidas necessárias estão entre manter seu nível de habilidade no trabalho. Você finalmente conquistou as habilidades para encontrar o sucesso que você tem lhe faltado. </THREE-OF-PENTACLES-FUTURE>
<FOUR-OF-PENTACLES-FUTURE>Você aprendeu a lição valiosa do desapego das coisas, dando-as para a caridade, permitindo que as pessoas vivessem suas próprias vidas ou deixando de lado o medo. Quando você já não tenha medo, você é capaz de se sentir mais seguro e não segurar com tanta força a tudo. </FOUR-OF-PENTACLES-FUTURE>
<FIVE-OF-PENTACLES-FUTURE>Levou tempo, mas você aprendeu que há pessoas que estão dispostas a ajudá-lo através de seus momentos difíceis. Você também aprendeu que você não é o único sofrimento, e que não há alegria em compartilhar sua dor com os outros. Você levanta-se acima das trevas. </FIVE-OF-PENTACLES-FUTURE>
<SIX-OF-PENTACLES-FUTURE>Dar e receber são agora grandes alegrias em sua vida atual. Você experimentou tanto a perda quanto a prosperidade em vidas passadas, o que ajudou a aprender a lição para aceitar o que você precisa e dar quando você pode. Essa lição ajudou você a sentir-se uma parte do quadro maior, e fez sentir orgulho por isso. </SIX-OF-PENTACLES-FUTURE>
<SEVEN-OF-PENTACLES-FUTURE>Você aprendeu com suas vidas passadas que não precisa lutar para conquistar as coisas em seu trabalho. Você aprendeu que pode trabalhar duro quando necessário e também desfrutar do seu tempo para o lazer. Você não se sente impulsionado a trabalhar tão duro a ponto de sacrificar sua vida pessoal. Você esta se sentindo mais seguro sobre o seu futuro. </SEVEN-OF-PENTACLES-FUTURE>
<EIGHT-OF-PENTACLES-FUTURE>Você tem aprendido através de muitas vidas difíceis que você não precisa trabalhar mais do que o necessário. Trabalhar apenas para ser ocupado é contraproducente e um desperdício de energia. Este tem sido um grande avanço para você. Você sabe que você não tem que trabalhar o tempo todo e você ainda pode ser bem sucedido. </EIGHT-OF-PENTACLES-FUTURE>
<NINE-OF-PENTACLES-FUTURE>Levou muitas vidas, mas você finalmente aprendeu a concentrar seu tempo e energia de forma produtiva. Devido a isso, você está finalmente ganhando a riqueza material e a prosperidade que sonhou e fez delas realidade. Muitas vidas foram investidas para ensinar-lhe a lição de trabalho focado. </NINE-OF-PENTACLES-FUTURE>
<TEN-OF-PENTACLES-FUTURE>Você finalmente compreendeu que as maneiras de ficar rico rápido raramente funcionam, e na verdade são um desperdício de tempo e energia. Em vez disso, você aprendeu a concentrar seus esforços de forma positiva para fazer do mundo um lugar melhor, e ao fazer isso, você ganhou a prosperidade que você tem trabalhado na direção de muitas vidas. </TEN-OF-PENTACLES-FUTURE>
<PAGE-OF-PENTACLES-FUTURE>Muitas vidas passadas lhe ensinaram a lição de trabalhar duro. Parece um conceito tão banal, mas vale a pena lembrar que para conquistar seus objetivos é preciso levantar as mangas e trabalhar duro. Você está finalmente recebendo o que merece, porque você aprendeu esta lição. </PAGE-OF-PENTACLES-FUTURE>
<KNIGHT-OF-PENTACLES-FUTURE>Você finalmente aprendeu os valores do trabalho duro, dedicação e paciência. Responsabilidade é um novo hábito que esta fazendo parte do seu código pessoal e moral. Você está recebendo mais do que você quer porque você está disposto a assumir a responsabilidade para si e para sua própria vida. </KNIGHT-OF-PENTACLES-FUTURE>
<QUEEN-OF-PENTACLES-FUTURE>Você finalmente encontrou a confiança que precisava para assumir o controle de sua própria vida e tornar-se confortável. O ciúme muitas vezes vem de uma falta de confiança em suas próprias habilidades. Quando você aprendeu a lição de acreditar em si mesmo, você ficou surpreendido com as vantagens que este sentimento pode lhe dar. </QUEEN-OF-PENTACLES-FUTURE>
<KING-OF-PENTACLES-FUTURE>Através de muitas vidas passadas, você finalmente aprendeu a cuidar de si mesmo. Você aprendeu que só você pode ser responsável por seu destino, e você quer ser o único no controle de sua vida. O trabalho duro e dedicação são as marcas de sua lição, e quando você tirou esses traços do coração, você foi capaz de fazer grandes coisas. </KING-OF-PENTACLES-FUTURE>
<ACE-OF-CUPS-FUTURE>Embora você saiba que é importante para dar aos outros em vida, você também aprendeu depois de muitas provações que você precisa reservar um pouco de energia para si mesmo. Se você investir todas as suas emoções nos outros, você não vai ter mais nada para si mesmo. Esta é uma lição essencial para aprender a prosperar. </ACE-OF-CUPS-FUTURE>
<TWO-OF-CUPS-FUTURE>Embora tenha levado muitas vidas passadas ainda é difícil para você, você dividir a vida com outra pessoa. Você não tem que fazer tudo sozinho e você tem alguém para se apoiar quando você precisar de suporte. Apesar de preferir a solidão, você aprendeu as alegrias da parceria. </TWO-OF-CUPS-FUTURE>
<THREE-OF-CUPS-FUTURE>Você aprendeu tanto como desfrutar de si mesmo como dar importância ao trabalho duro necessário para criar uma vida satisfatória. Você aprendeu que a moderação é a melhor maneira de abordar todas as coisas. Você percebeu que pode alcançar a felicidade por cumprimento de uma meta. </THREE-OF-CUPS-FUTURE>
<FOUR-OF-CUPS-FUTURE>Tem sido um caminho difícil, mas você aprendeu que há mais na vida do que o desejo das coisas que seus vizinhos possuem. Você aprendeu que a felicidade não está nas coisas, mas em como você se sente e como você vive sua vida. A maior lição de suas vidas passadas é ser grato pelo que você tem. </FOUR-OF-CUPS-FUTURE>
<FIVE-OF-CUPS-FUTURE>Você tem a escolha entre focar em suas perdas e se concentrar em suas bênçãos. Depois de muitas tentativas, você aprendeu que a vida é melhor quando você se concentrar no que você tem em vez de se concentrar no que você perdeu. Você sabe que é normal para lamentar a perda, mas habitar na perda da vida arruína o que ainda tem. </FIVE-OF-CUPS-FUTURE>
<SIX-OF-CUPS-FUTURE>Você aprendeu que as coisas simples da vida é que trazem maior felicidade e prazer. Há algo de especial sobre essas coisas diárias que fazem você sorrir. Elas tornaram-se mais importante para você do que tentar obter as coisas grandes e os confortos materiais do mundo. </SIX-OF-CUPS-FUTURE>
<SEVEN-OF-CUPS-FUTURE>Suas vidas passadas lhe ensinaram sobre a necessidade de foco em sua vida. Você aprendeu a não se distrair com falsas promessas e oportunidades que não vingam. Você sabe que as coisas que parecem ser boas demais para ser verdade são de fato apenas isso. A capacidade de uma ação decisiva é seu presente de vidas passadas. </SEVEN-OF-CUPS-FUTURE>
<EIGHT-OF-CUPS-FUTURE>Você aprendeu que a perda é uma parte essencial da vida, mas não é nada a temer. Quando uma porta se fecha, outra porta se abrirá para você. Embora você possa lamentar o que se perdeu, você não pode se prender a coisas cujo tempo já passou. É importante ser capaz de chegar a um acordo entre perda e amor. </EIGHT-OF-CUPS-FUTURE>
<NINE-OF-CUPS-FUTURE>Sua maior lição das vidas passadas é aprender a encontrar satisfação na vida. Você parou de lutar por coisas e aprendeu a apreciar o que tem. Você se sente muito mais rico quando você soube que você não precisa ter tudo para ser feliz. Basta ser grato pelo que você tem. </NINE-OF-CUPS-FUTURE>
<TEN-OF-CUPS-FUTURE>Você aprendeu que a felicidade é mais do que ganhos materiais. Você precisa encontrar a paz de espírito e coração e as pessoas o amarão e se preocuparão com realmente conhecer a verdadeira felicidade. Você tem lutado através de muitas vidas para se tornar uma alma feliz, e você finalmente aprendeu essa lição mais importante. Você se sente contentamento em sua alma. </TEN-OF-CUPS-FUTURE>
<PAGE-OF-CUPS-FUTURE>A vida vale a pena viver quando você se permite brincar, sonhar e se divertir. Você passou muitas vidas trabalhando muito duro, se levando muito a sério e não permitindo pura alegria em seu ser. Você finalmente aprendeu que pode trabalhar duro e ainda aproveitar a vida. A vida não tem que ser apenas labuta. </PAGE-OF-CUPS-FUTURE>
<KNIGHT-OF-CUPS-FUTURE>Você aprendeu as lições de ser um sonhador e aprender a aproveitar o poder dos seus sonhos em ação poderosa. Levou muitas vidas para aperfeiçoar as habilidades. Muitas pessoas trabalham duro por anos sem um foco e muitas pessoas sonham sem ação. Você combinou os dois em algo grande. </KNIGHT-OF-CUPS-FUTURE>
<QUEEN-OF-CUPS-FUTURE>Você aprendeu a ouvir a sua intuição e seguir seu guia emocional. Isso salvou-o de muitas voltas falsas na vida. Você também tem sido capaz de identificar as pessoas que têm seus melhores interesses no coração e aqueles que estão tentando tirar vantagem de você. Ouvir o seu guia interior tem sido importante para o seu crescimento pessoal. </QUEEN-OF-CUPS-FUTURE>
<KING-OF-CUPS-FUTURE>Aprender a lidar com as pessoas com amor e compaixão tem sido uma lição de seu passado. Você aprendeu a ser gentil e compreensivo e de alguma forma obter a capacidade de desarmar as próprias pessoas que procuram tirar vantagem de você. Você sabe que o ódio é melhor lidar com através do amor.</KING-OF-CUPS-FUTURE>
</ROOT>
