<?xml version="1.0" encoding="utf-8" ?>
<ROOT>
<THE-FOOL-ONE >This card is a symbol of new beginnings and having the wonder and inspiration of a child. It represents starting fresh and doing something different and exciting. This card shows a young man blindly walking off a cliff, and this is what a new beginning feels like. He doesn't know where he will land, but he is willing to take the risk and land wherever he may. This boy shows no fear of what lays beyond. It is the excitement of a child, the wonder and splendor of life as seen through the eyes of the young. This card represents the feeling that you can start again by trying something new. </THE-FOOL-ONE >
<THE-MAGICIAN-ONE >The Magician is a symbol of positive transformation and the ability to make use of all of one's power: spiritual, intellectual, and emotional. This card is a reminder that we have the power to control our lives, as long as we choose to exercise it. It symbolizes strength, knowledge and inspiration. Focused energy is the keyword for this card. The Magician holds all these traits in abundance and uses them to better his life and the lives of others around him. The infinity symbol above the Magician's head shows that there is no limit to his power when he chooses to use it. </THE-MAGICIAN-ONE >
<THE-HIGH-PRIESTESS-ONE >This card represents spiritual truth, knowledge, and feminine wisdom. Key ideas include mystery, unrevealed secrets, and listening to inner wisdom.The crescent moon at her feet symbolizes the inner working of the soul and the hidden, dark aspects of life. The Priestess holds the scroll labeled Tora in her hand, which represents the Secret Law in the world. She sits between a black and a white pillar in the temple and she wears a symbol of the moon on her head, representing wisdom of the night, the hidden. She symbolizes the power of esoteric, spiritual thought. This is considered one of the holiest cards in the deck. </THE-HIGH-PRIESTESS-ONE >
<THE-EMPRESS-ONE >This card is the archetype of feminine power: sexual, mysterious, and fertile. She can be called the archetypal mother. The fertility represented in this card can mean abundance in every area of life. This card represents the appearance of something new in life. Growth and fruitfulness are key meanings of this card. This could be a new project, a new phase of life, or literally the growth and birth of a new child. The Empress is the archetype of feminine power and sexuality, and could signify an actual woman in your life who represents these things to you. The ultimate nurturer, this woman cares deeply for the well-being of others. </THE-EMPRESS-ONE >
<THE-EMPEROR-ONE >This card represents the ultimate masculine power. His power is the domination of the mind over the heart. The Emperor symbolizes mental stability and strength. He relies on his intellect rather than his intuition. Seated on his throne, the Emperor is the archetype of power and leadership. He holds a scepter in his hand and represents stability, power, protection, and authority. He can also be a symbol for fatherhood and can represent a male figure in life. This person has earned the respect and trust of those around him. He knows when to sacrifice to benefit the greater good. </THE-EMPEROR-ONE >
<THE-HIEROPHANT-ONE >In some decks, this card is also labeled as The Pope. He is a priest, spiritual guru, or rabbi who guides people on their spiritual path. He is known for doing the right thing and following the commandments. He lives by the rules of his religion and his society, and advises others to do the same. He expects people to bow down to the teachings of religion, much like the two supplicants are portrayed doing in the card. He can be seen as being inflexible and unyielding and refuses to accept anything or anyone who deviates outside these norms set forth by the rules. Duty is the key word for the Hierophant. </THE-HIEROPHANT-ONE >
<THE-LOVERS-ONE >This card depicts Adam and Eve naked in the Garden of Eden, the Tree of Life behind Eve. It is love before the great fall. This represents love in its purest form: virginity, innocence and newness. An angel is looking down from above to bless their union. Outside the context of love, this card can represent a flourishing partnership of any kind in your life, not necessarily romantic. Lastly, it can also represent the duality we have within us, our feminine and masculine sides. If not used to represent a specific love affair, it can also mean that one should listen to one's heart over the head when looking for a solution to a problem. </THE-LOVERS-ONE >
<THE-CHARIOT-ONE >This card represents energy and is a symbol for a triumphant return from war. He is moving forward with directed energy toward a goal. He uses the synergy between the wisdom of his mind and of his heart to achieve his objective. Planning, hard work, self-control and will are the key ingredients to the Chariot's success. He has the power in his hands, which he chooses to use wisely. The driver of the chariot has his sword drawn, showing himself to be ready to fight when needed. His chariot is pulled by two sphinx, which are symbols of power, wisdom, and truth. </THE-CHARIOT-ONE >
<STRENGTH-ONE >A person can be strong in many ways, and this card represents them all. It could mean physical strength, mastery of a skill, inward force of will, self-control, or strength of mind. This card also symbolizes fortitude, patience, and perseverance. The woman in this card is shown to be closing the jaw of a lion, which she has subdued. She wears the same symbol of infinity over her head, just like The Magician. It symbolizes the fact that there is no limit to her power when she uses her inner strength. This card is also representative of mind over matter. The woman in the card works to harness the power of her thoughts and uses them for the highest good. </STRENGTH-ONE >
<THE-HERMIT-ONE >The Hermit represents introspection and spirituality. The Hermit is pictured in the robe of a monk, bowing his head, with a lantern lighting the way. This lantern is the light of his spirit, rather than the doctrine of organized religion. The lantern can also be known as the light of the world which lights each person's individual path. He has removed himself from the world of people and looks to take care of his spiritual and internal health. He examines the life around him through personal introspection. He knows the answers he seeks are to be found inside his own soul, not in the outside world. </THE-HERMIT-ONE >
<WHEEL-OF-FORTUNE-ONE >The Wheel of Fortune represents changing fortunes that regularly happen in life. Nothing goes on forever, and this card represents this type of change. This card symbolizes good luck entering life. It also represents good fortune, good health, and advancement of some kind in life. It can also mean that what has destined to happen is on its way. Cherish this time and be prepared to take advantage of this good fortune, as it does not last forever, as the wheel always turns. Also, if times have been difficult, this card reminds you of the old adage "This too shall pass." The main meaning of this car represents the perpetual motion of life. The Sphinx represents this balance. </WHEEL-OF-FORTUNE-ONE >
<JUSTICE-ONE >The male figure in Justice is sitting between two pillars, which demonstrates right and wrong. He holds his sword up high, willing to impart justice swiftly on those who come to him. It is representative of a moral judgment in life and the need to be fair to everyone. Fairness is necessary in life. It also represents the idea that all life should be held equal: none is more important than another. It can also symbolize any legal matters that may come up. Because justice is so entwined with the legal systems of many cultures, it is also about being right in the eyes of the law. </JUSTICE-ONE >
<THE-HANGED-MAN-ONE >This card represents ultimate sacrifice. The Hanged Man hangs upside-down from his left foot, with his right forming a cross against his body. This can be representative of Jesus on the cross, sacrificing his life so others can be saved. He is not suffering. His facial expression displays a meditative state, which is also demonstrated with the halo of light around his head. The Hanged Man knows that sacrifice is what is most needed in the world and he is comfortable with this decision. It can be a card of great work, of duty, and of prudence. He sits between life and death, but is encompassed by neither. </THE-HANGED-MAN-ONE >
<DEATH-ONE >This card represents transformation and rebirth. Although it depicts a skeleton riding a horse, the true meaning isn't as frightening as this. It means death in the symbolic sense. Change is coming. Something in life will die and fade away. And although this can be difficult to deal with, when one door closes, another opens. This is the rebirth that is also coming. This is symbolized by the flag the skeleton carries, the Mystic Rose, which represents life. The sun, symbolizes immortality, shines in the corner of the card. This card represents the importance of accepting change as it occurs, for it is through clinging to the old that people really suffer. </DEATH-ONE >
<TEMPERANCE-ONE >Balance is the main symbol of this card. Other key words include economy, moderation, and frugality. The angel depicted in this card symbolizes this by having one foot placed firmly on the ground and the other is dipped in the river. The angel pours water from one chalice to the other, seeming to measure it into equal parts. The light above his head shows that by practicing temperance, he has the grace of higher powers looking after him. The sun shines on his brow to show that by practicing the virtue of temperance, the blessings of the gods shines down on him. </TEMPERANCE-ONE >
<THE-DEVIL-ONE >This card warns us about the excesses in life and the desire to give into our animal nature. On the other side, it also reminds us to guard against extremes of repression of natural desires and needs. Instead, it reminds us to learn balance in our lives. We are only restrained in bondage if we choose to be. Oftentimes we forget that we have a choice, much like the humans chained by the Devil in this card. The two humans are the same as those portrayed in The Lovers, only this time they are symbolized after the fall, when life becomes hard. They don't realize that they could take off their chains and walk away whenever they want. </THE-DEVIL-ONE >
<THE-TOWER-ONE >This card heralds in a time of great change. This change is sudden and can be catastrophic. The card pictures a burning tower with people falling or jumping out. Those in the card don't have much choice in the change and must learn to adapt or risk the consequences. Although this card represents the shattering of comfort and stability, it is important to remember that change also brings new beginnings, not just endings. If one is able to weather through this time of upheaval, that person will find that getting through to the other side is worth it. The key terms for this card include misery, distress, adversity, deception and unforeseen catastrophe. </THE-TOWER-ONE >
<THE-STAR-ONE >This card is a symbol of hope for all who receive it in a reading. A woman pours water from a jug into a pool, replenishing the land and the sea. Hold onto hope for the future. Positive change could take time, but it will happen for those with faith. Now is the time to dream, to make plans for the future, and start doing the work to follow through with your visions. What steps do you need to complete to have a brighter future? Contemplate that question and start completing those steps. The figure in the card represents youth and beauty and the coming of a new day. </THE-STAR-ONE >
<THE-MOON-ONE >The Moon is often seen as a gateway from the physical, material life to the metaphysical, subconscious one. It represents the life of the imagination, separate from real life. It's time to pay attention to this inner life. These will reveal great secrets about life. This card can also represent those things that are hidden, such as hidden enemies, danger, deception, and terror. The nighttime holds dark forces, and though there may be treasures there, the dark also holds those things we are afraid of. The animals in the card seem to be barking at that darkness. These dogs can also represent the animal nature in us that comes out at night. </THE-MOON-ONE >
<THE-SUN-ONE >This card depicts a naked child on a white horse, both symbols of renewal and vitality. The Sun is shining down on them, leading to brighter, happier days. The light is returning, bringing better days, happiness, and prosperity. The emergence of the light after a dark, cold night gives everyone new energy. This card demonstrates the happiness that emerges after surviving victorious from the many trials of life. Perseverance is now paying off. Positive thinking serves you best now. Childlike enthusiasm is merged with the experience gained through difficulties. Key terms include happiness, marriage, and contentment. The Sun represents the consciousness of the spirit, which has grown through the trials. </THE-SUN-ONE >
<JUDGEMENT-ONE >This card represents the resurrection and the forgiveness of one's sins. This means it is time to rise to a new life, forgive the past, and move into the future. The card depicts the Christian rapture, when the angel heralds the time for all believers to rise into Heaven. People are rising from their graves to be born again into a new and better world. They look upon the angel with adoration. The key words associated with this card include changing of position or mind about a certain subject, renewal, rebirth, and a completed outcome. Transformation through spiritual means could be a simple meaning for this card. </JUDGEMENT-ONE >
<THE-WORLD-ONE >This is a card of realization and attainment of a goal. As the last card of the Major Arcana, it represents the completion of a journey. It also represents the perfection of the world and the understanding that God is the world. Although it can signify an end to a journey, whether that be a literal journey or a figurative one, it also represents new beginnings. Like the circle, the end and the beginning are the same. There is no end to the trials of life. It is time to start anew, and one of the key words for this card can be flight or voyage. </THE-WORLD-ONE >
<ACE-OF-WANDS-ONE >Aces represent a time of new beginnings and new opportunities that are open to each and every person. A radiant hand holds out a single wand, signifying the torch being passed on something new. Wands, specifically, represent inspiration, creativity, and mental energy, so this card will represent new ideas, new plans, and the beginning of creative projects. This card in a reading is a positive sign. It represents feeling hopeful about the future and the beginnings of a new project. Energy, vitality, creativity, invention, and adventure are the key words related to this card. Harness this energy and begin a new project or embark on a new adventure. </ACE-OF-WANDS-ONE >
<TWO-OF-WANDS-ONE >This card represents balance and choice. In the card, a man holding a globe in one hand and a staff in the other, ponders his options and tries to choose the right path. His choice could be the difference between success and fruitfulness on one hand and physical suffering, sickness, and disease on the other. Balance is often difficult to attain, and he fears that he will not be able to make the right choice. Twos often represent this balance and need to choose, and until the choice is made, it is difficult to know which choice is best for both the querent and everyone involved. </TWO-OF-WANDS-ONE >
<THREE-OF-WANDS-ONE >This card depicts a man with his back facing us. He is looking over the sea, watching his ships sail. He is a successful man of commerce. He leans on one of the staves planted in the ground, taking a rest from his labors. This is the first card that demonstrates tangible results from the effort and energy displayed in the suit of wands. This card represents hard work, strength, enterprise, commerce, and discovery. It can also be used to show success in business, such as a great opportunity or partnership with another. Collaboration is useful to advance business and creative endeavors. </THREE-OF-WANDS-ONE >
<FOUR-OF-WANDS-ONE >This card shows four wands holding up a garland, and two women in the background. Some meanings suggest that they are decorating for a celebration, such as a fall festival honoring the fruits of the labors of the farming season. Others refer to this card as tending the homestead. Either way, the card depicts country life, peace, prosperity, and how hard work can lead to beneficial results. This card can also represent unexpected good fortune, as the scene is a very happy one for family. It can also symbolize child-bearing or pregnancy for a woman. Key words include marriage, partnership, success, and home life. </FOUR-OF-WANDS-ONE >
<FIVE-OF-WANDS-ONE >This card shows five young men fighting with wands. It is a mock battle, as if practicing warfare or participating in a sport. However, this card represents competition and strife. The key words for this card include battles, bickering, struggle, pettiness, and arguments with those around you. Aggression is directed at the querent personally. This card can also represent the major struggle: that of life itself. Some meanings suggest that engaging in the battle, victory, riches, and opulence will follow. It could literally mean the battle for material wealth. It is an every man for himself mentality. There is no cooperation or agreement in the meaning of this card. </FIVE-OF-WANDS-ONE >
<SIX-OF-WANDS-ONE >This card is often called the Victory Card. The card shows a man riding triumphantly with a wand decorated with a laurel wreath. He is surrounded by celebratory footmen, sharing in his success. This card represents celebrating the victories and overcoming challenges and completion over adversity due to focused effort. But it is not just a personal victory, it is a team victory. The horseman is surrounded by foot soldiers, also proclaiming victory and celebration. It is time to enjoy the fruits of their labors; they deserve the celebration they are having. The key words for this card are success, victory, triumph, recognition, and praise. </SIX-OF-WANDS-ONE >
<SEVEN-OF-WANDS-ONE >Once one has achieved victory, one cannot ride on their laurels. They need to continually fight to stay on top, which is the meaning of this card. It shows a man fighting with a wand. Although you do not see those he is fighting against, you can tell by the determined expression on his face that he does not want to lose what he has gained. The people fighting him are coming from lower ground, so he has the upper hand in the battle. This card signifies valor against obstacles. This could also represent verbal fighting. Key phrases include being in control of a situation and battling against obstacles. </SEVEN-OF-WANDS-ONE >
<EIGHT-OF-WANDS-ONE >Often, this card has been described as either Arrows of Love or Falling in Love. This card depicts eight wands traveling through space, possibly thrown or hurled. They appear to be coming to the ground. This card indicates something new and exciting, possibly a romantic or business relationship. Other new beginnings are also possible at this time. It also represents an increase in energy and enthusiasm. Key words for this card include travel, including overseas travel, speed, movement, and action. It can mean using great speed when starting a new activity or endeavor, or even that of a messenger with an important communique that must be shared. </EIGHT-OF-WANDS-ONE >
<NINE-OF-WANDS-ONE >This card depicts a man, beaten and bandaged, leaning on his wand. He has been involved in battle, and is taking a rest before he has to fight again. And even in his state, he will stand again when the time comes, which he knows it will. His eyes show that he is watching for the next battle. He will be strong in the face of opposition. Injury does not deter him from his chosen objective. He has wands behind him, building a barricade between himself and his enemies. Key words include battle, strength and determination of will, victory, and the idea that one is still fighting. </NINE-OF-WANDS-ONE >
<TEN-OF-WANDS-ONE >This card depicts a man carrying ten wands. His burden is heavy, yet he still carries on. This signifies the figurative burden one may be carrying. Key terms include overwhelm, overwork, challenges, and the burdens one is carrying. The man in the card will be facing difficulties in the near future, but he cannot give up. He appears to be doing his task the hard way and he cannot see how close he is to completion. It is possible that he is taking on the burdens of others, not just those that belong to himself. He will continue to struggle until he completes his goal. </TEN-OF-WANDS-ONE >
<PAGE-OF-WANDS-ONE >The Page of Wands often represents a literal young man or woman when drawn. He or she could represent someone bringing news. This person is also a high achiever and is very ambitious and does what he or she needs to do to achieve their goal. The person could also be a lover, a messenger, or the postman bearing news. If the card doesn't represent a literal person, it represents the energy of youth and enthusiasm. It also represents news coming your way. Key words for this card include messages or news coming your way, a time of high energy, or a fiery child. </PAGE-OF-WANDS-ONE >
<KNIGHT-OF-WANDS-ONE >The Knight of Wands rides a running steed. He holds a wand in his hand and appears to be riding into battle. He is full of passion, fire, and enthusiasm. He could represent a real person, one who has a great amount of energy and likes to live life in the fast lane. He is headstrong and unpredictable. He also has a fiery temper. Also, the Knight can represent a time for travel. He can represent a time for adventure and excitement in life. Key words for the Knight of Wands include gaining new property, movement, taking action, or doing things at a fast speed. </KNIGHT-OF-WANDS-ONE >
<QUEEN-OF-WANDS-ONE >The Queen is shown sitting on her throne, holding a wand in one hand and a sunflower in the other. At her feet sits a black cat. As is often the case with court cards, the Queen can represent a real woman in your life. She is creative, passionate, and bold. She also knows how to charm those around her, and many find her to be very alluring. However, she does not like to be reined in, as the black cat symbolizes. She is passionate and tends to be honorable and loving. She could be a business woman. Key terms include action, leadership, and resourcefulness. </QUEEN-OF-WANDS-ONE >
<KING-OF-WANDS-ONE >The King sits on his throne, surveying his kingdom. He represents masculine energy. This card could represent a literal person in life. He may be a mentor and has great energy and passion for his work. He is honest, conscientious, courageous, loyal, goal-oriented, determined, and charismatic. He is also a high achiever. Like the Queen, he is a business leader, an action-oriented man, a risk taker, and a hard worker. He suffers from lack of tact and says what he thinks is right. He has a quick temper but does not hold grudges. Once something is over, it is done. He can be overbearing, but his heart is in the right place. </KING-OF-WANDS-ONE >
<ACE-OF-SWORDS-ONE >Again, the hand from a cloud holds a single sword, pointing toward the sky. As an ace, this card represents new beginnings. The suit of Swords represents very intellectual things, where words, ideas, and thoughts are most important. This card represents a birth of new energy and developing a clearer mind and a deeper, sharper focus. It is a good time to take risks and make leaps of faith to start a new project or begin a new way of life. This card also represents ambition, determination, fairness, and justice. It shows that the power of the word to create change is very important. </ACE-OF-SWORDS-ONE >
<TWO-OF-SWORDS-ONE >This card shows a woman blindfolded, holding two swords crossed over her chest. She is a reminder of the statue justice, and is often portrayed as a diplomat for peace and compromise. Because she is blindfolded, she has an easier time to stay neutral. Key terms for this card include indecision, lack of clarity, stress and worry, and confusion. She represents not having all the information necessary to make a decision. Somehow she is blind to what is really going on or does not have all the information she needs to move forward. This card can also represent a difficult decision that needs to be made. </TWO-OF-SWORDS-ONE >
<THREE-OF-SWORDS-ONE >Three swords pierce a heart while rain falls from a dark cloud in the background. The symbolism shows heart ache, cruelty, pain, hurt feelings, anger, and resentment. Heartbreak and emotional conflict are the hallmarks of this card. It could represent an argument, a heart ache, or even a heart attack. Emotions surrounding this card include sorrow, strife, conflict, sadness, emotional pain, and great disappointment. It is time to examine these emotions openly before they fester and cause even more pain. Any kind of heart ache can be represented by this card. It can even mean the leaving of a lover from the relationship. </THREE-OF-SWORDS-ONE >
<FOUR-OF-SWORDS-ONE >A knight lays upon his tomb in a position of prayer. Three swords are pointing down and one lies under him on his tomb. This card represents a time of retreat and solitude in life. It is time for rest, recuperation, and a time to do absolutely nothing for a while. Everyone needs a break before gathering to embark on a new journey or quest. It's time for quiet contemplation before moving on, a time to heal the mind, body, and spirit. Prayer, meditation, and a temporary withdrawal from the stress and pain of daily life will do wonders for mental and physical health. </FOUR-OF-SWORDS-ONE >
<FIVE-OF-SWORDS-ONE >A fight has taken place. Two men are seen walking away from a third man, who seems to be in ownership of all five swords on the beach. He has won, but what was the cost of his victory? The victor believes he is right, but has little room for compassion and kindness in his heart. He has won the battle but lost the war. Sometimes it is better to walk away than to win at any cost. Key terms include conflict, victory, adversity, and a hollow victory. This hollow victory means that the person has won, but at what price. </FIVE-OF-SWORDS-ONE >
<SIX-OF-SWORDS-ONE >A ferryman pushes two people across the water. The work is hard, but not too hard for the ferryman. This card indicates travel, possibly a journey by water. It can also be a metaphorical journey, away from previous problems or issues with another. The figurative journey can mean moving away from childish, naÃ¯ve ideas to more thoughtful and clearer ones. The people in the card are moving away from the negative and moving toward better things. They are walking away from delusions into clearer thinking which will improve their future. The key of this card is to look beyond current pain to a better future. </SIX-OF-SWORDS-ONE >
<SEVEN-OF-SWORDS-ONE >A man is seen sneaking away from a camp carrying five swords. Two swords remain behind. This card suggests that there is a confrontation or competition. Often, this competition is taking place through deception, someone being underhanded, or someone taking something that doesn't rightfully belong to them. The key terms are theft, loss, or someone sneaking away or being underhanded. The expression on the man's face indicates he understands that this is not the noble way to take care of business, and is feeling very smug about getting away with something. It can signify that the querent needs to get out of this type of situation where they can be taken advantage of. </SEVEN-OF-SWORDS-ONE >
<EIGHT-OF-SWORDS-ONE >A woman stands bound with her eyes covered, surrounded by swords. The bonds appear loose, like she could get out of them if she chooses. This card depicts bondage, usually metaphorical in nature. She stands in a puddle of water, which represents being trapped by one's own emotions. The bondage suffered by this woman is most likely self-imposed and the situation may not be nearly as bad as it seems. It can also mean restriction from an external source. Other meanings of this card include bad news, accidents, a crisis in your life, conflict with another, or that an illness is imminent. Key terms include limitations, obstacles, or the feeling of being trapped. </EIGHT-OF-SWORDS-ONE >
<NINE-OF-SWORDS-ONE >A man awakens from a nightmare. He holds his head in his hands in the dark, nine swords over his bed. This card represents desolation and fear. Key terms include grief, distress, despair, illness, and great stress and worry. It can mean that someone is suffering from anxiety, depression, nightmares, and sleepless nights full of worry. It can also mean illness. This card can also represent a disappointment in life or a delay of something that was expected. This card can represent that it is time for the querent to reexamine life choices, as the path to this point has only led to fear, stress and worry. </NINE-OF-SWORDS-ONE >
<TEN-OF-SWORDS-ONE >This card is the symbol of ultimate ending. A man lays on his stomach on the beach, ten swords in his back. Things are as bad as they can get. It is not meant to represent physical injury, rather mental or emotional injury. Much like the card Death, it represents an ending. But as we know, endings always lead to new beginnings. The card looks bleak, but a peak at the horizon reveals that the dawn is coming, which symbolizes a new day. Key terms include endings and beginnings, being let down by someone, feelings of anxiety, or literally, being stabbed in the back by someone. </TEN-OF-SWORDS-ONE >
<PAGE-OF-SWORDS-ONE >This card shows a young man holding a sword in preparation for a fight. He is young and brash and is looking aggressively at the horizon. Like all Pages, this card can represent a child or young adult. Key terms for this card include being childlike, headstrong, aggressive, or a defensive posture. This person is probably sharp-tongued and quick-witted, but does not understand when to keep quiet. This person, as a child, may be prone to tantrums and is very immature. This card can also represent doing things much too quickly and not taking time to complete a task thoroughly. Impatience is a key. </PAGE-OF-SWORDS-ONE >
<KNIGHT-OF-SWORDS-ONE >The knight is riding full force into battle on his steed. He is the epitome of determination and will. He is brave and has no problem charging head first into battle, and possibly death. He knows he will be victorious. Key terms for this card include rushing something, risk-taking behavior, jumping in before thinking it through, being too impulsive, and being headstrong and not listening to others. The Knight can represent a person who is headstrong, impulsive, and possibly tactless and blunt. He is smart, has great ideas, and can communicate his thoughts well to others. He can be a strong ally when he agrees, but is also known to be fickle and changes his mind. </KNIGHT-OF-SWORDS-ONE >
<QUEEN-OF-SWORDS-ONE >The queen is a strong, honorable, and independent woman. She expects a lot from herself and from the people around her, and doesn't tolerate less than others' best efforts. Key words to describe this card include tough, independent, honest, shrewd, straight-talking, intelligent, and logical. She does not suffer fools easily and has little patience with people who don't work hard. Often this card can represent an older woman, possibly someone who is a widow. She likes to be in control of all situations and will often take the moral high ground in any argument. She can be vulnerable, but will not let others see her vulnerability. </QUEEN-OF-SWORDS-ONE >
<KING-OF-SWORDS-ONE >The king sits in judgment on his throne, and is reminiscent of Judgment in the Major Arcana. He embodies the principles of character, communication, and intellectual achievement. He is a fair man, but he is unyielding once he has made up his mind. He represents an authority figure who is looking to set others on the right path. If he isn't a literal person, he represents the need for strong, forceful energy in life. Key terms for this card include a shrewd businessman, honesty, efficiency, logic, and detail-oriented. He is fair and honest in his business dealings and know exactly what he wants and how to get it. </KING-OF-SWORDS-ONE >
<ACE-OF-PENTACLES-ONE >The ace represents new beginnings, and pentacles are the suit of material and physical needs and success as well as physical health. A hand emerges from a card, holding a single pentacle. Pentacles are also called discs or coins, pointing toward their material meaning. When the Ace of Pentacles appears, it demonstrates that the energy is right to begin a new project that will lead to success on the physical plane and that financial gain will follow. Key words include the appearance of new sources of money and regular money flow and financial opportunity. Financial situations change for the better. </ACE-OF-PENTACLES-ONE >
<TWO-OF-PENTACLES-ONE >A juggler handles two pentacles between his hands, forming the infinity symbol. He is in charge of keeping things in balance. He is waiting for ships that are coming in from the sea. As the juggler is spending most of his time with work, he is ignoring his personal life. His family feels neglected. The feeling of this card is one of feeling unproductive. He is going around in circles, but nothing seems to really be happening. Juggling is symbolic of trying to manage too many things and keeping everything in balance is becoming very difficult. It may mean that it is time to lighten the load and not try to handle so many things at once. </TWO-OF-PENTACLES-ONE >
<THREE-OF-PENTACLES-ONE >A sculptor is hard at work creating a masterpiece in a monastery. Others are overlooking his work as if they are teachers or instructors. He is the ultimate laborer. He has a skill and uses it to gain renowned and glory in his world. He is a craftsman that works through planning, skill, and effort. The key terms related to this card are learning a new skill, studying or apprenticeship, becoming an expert, and setting the foundations for a new task. Success will be attained through hard work and dedication. It can also signify that help, such as from an expert, is needed to attain this knowledge. </THREE-OF-PENTACLES-ONE >
<FOUR-OF-PENTACLES-ONE >A miser is sitting, holding on tightly to the wealth he has gained. He is greedy, but he is alone. He has made his entire focus developing his business interest and his material possessions. Fear of losing his wealth is a source of anxiety for him. The key words for this card include holding onto money, a lack of material flow, being stuck, and having to follow a budget. This card can also represent the need to be frugal with cash flow. Either way, money is a source of stress and is not a pleasurable experience. If one holds on too tightly, there is no room for things to flow in as well as flow out. </FOUR-OF-PENTACLES-ONE >
<FIVE-OF-PENTACLES-ONE >Two sick and impoverished people are seen out in a snowstorm. Their clothes are tattered, one wears no shows, and the other is on crutches. This is symbolic of financial difficulty, lacking basic necessities, material and spiritual poverty, and hopelessness. It represents the pain, debt, and loss that can occur when someone doesn't have enough money to provide for their basic needs. Although this is a very difficult time, it also can serve as a reminder that one must take action to improve one's personal situation. The only way to move forward is with directed action, and not paying attention to personal needs can lead to this situation. </FIVE-OF-PENTACLES-ONE >
<SIX-OF-PENTACLES-ONE >A successful merchant is seen giving away to people less fortunate than him. He holds a scale, measuring out what he is giving to others, so that he is fair to everyone. Two people kneel at his feet, thankful for his generosity. The key words to describe this card are benevolence, sharing, and giving to achieve balance in life. Charity, giving, financial help, abundance, and having plenty to be able to provide for others are the keys to this card. One could either be in a position of needing to give or one of needing to receive. Either way, a person should be humble with their current fate and accept it gratefully. </SIX-OF-PENTACLES-ONE >
<SEVEN-OF-PENTACLES-ONE >This is a card that demonstrates hard work leading to rewards. A laborer is shown leaning on his staff. He has gathered six pentacles while one remains in the field. He is resting before finishing and admiring his work. He knows he has put in a lot of effort and is almost done with the work. The keys to this card include enjoying the fruits of labors, earning success, not quitting until the job is done, and work being evaluated. This can be seen as a card of personal evaluation also, a time to assess the work done and whether one is still going in the right direction. Although rewards may be coming, it may not be the right path. </SEVEN-OF-PENTACLES-ONE >
<EIGHT-OF-PENTACLES-ONE >A craftsman works hard at mastering his work. He is creating a pentacle, literally making money. The work he has completed is displayed all around him. He is proud of his skills and is focused on doing the job correctly. He is diligent and conscientious. It's not just working for money, however. The craftsman enjoys the work he is doing. Keys include being satisfied with the job one is doing, making money, engaging in creative acts, and making progress toward the goal. It can represent turning a hobby or passion into a business, perfecting ones skills, working with one's hands, and the pride of a job well done. </EIGHT-OF-PENTACLES-ONE >
<NINE-OF-PENTACLES-ONE >A woman stands among grape vines that grow around her. She has a bird resting on her hand and admires its beauty. She has plenty to provide for her material needs. Her clothes and her surroundings are both beautiful. Key terms include financial independence, comfort, self-reliance, affluence, and prosperity. Her life is full of luxury as well as good health. She has made smart decisions in life and now is enjoying the results of these decisions. She likes the best things in life. This card represents someone who has worked hard and made it, getting the things they have been working towards all their life. </NINE-OF-PENTACLES-ONE >
<TEN-OF-PENTACLES-ONE >The people on this card have achieved financial abundance, not only for themselves, but have gained enough to take care of the next generation. This card depicts people of several generations in beautiful surroundings, wearing nice clothing and enjoying the comforts of life. Two white dogs are at their feet. Stability and prosperity are the gifts this card brings. Be thankful for having achieved this state. Key terms include affluence, inheritance for the next generation, family money, or having a large sum of money. It could represent money coming the way of the querent or having a benefactor who is supporting someone. The future looks good for many years to come. </TEN-OF-PENTACLES-ONE >
<PAGE-OF-PENTACLES-ONE >A young person studies the pentacle intently. When this card appears, it can signify several different things, including studying, hand-on learning, and wanting to be independent financially. This card can usher in a new, better time for health, business, or other financial matters. This card represents the child-like nature needed to learn a new skill. Go slow, learn all that one can, and one will be assured success in all your endeavors. The young man in the card can represent an actual young person or the idea of being young and needing to learn all that one can. Key terms include being practical, having physical enjoyment, and attracting the resources one needs to succeed. </PAGE-OF-PENTACLES-ONE >
<KNIGHT-OF-PENTACLES-ONE >A knight sits on a black horse holding a pentacle, surveying the world around him. He appears to either be unhappy or angry. The key terms that represent this card are being inflexible or fixed in idea, being stubborn, cautious, practical, or disliking change. It can represent an actual person in one's life who is practical, persistent, thorough, and detail-oriented. However, these traits can also lead someone to be unemotional or lacking in joy in life. It can also represent the desire to have financial or material comfort and everything that money can buy or having the best of everything. </KNIGHT-OF-PENTACLES-ONE >
<QUEEN-OF-PENTACLES-ONE >The queen sits on her throne, looking down at the pentacle in her lap. Her throne is outside, surrounded by plush scenery and beauty. The queen can symbolized a real person in life. She has everything in life: a good home, stability, and financial security. She could be a business owner or someone else who is in control of her fortunes and destiny. The qualities described in this card include success, generosity, confidence, freedom, security, and sincerity. Other key terms include being practical in life, focusing on business, organization, stability, connection with the earth and with nature, and being focused on the home and making it comfortable. </QUEEN-OF-PENTACLES-ONE >
<KING-OF-PENTACLES-ONE >The King sits on his throne, but beware. He is wearing a suit of armor under his robes, showing he is ready for battle if needed. This king is concerned with the practical and material sides of life. He is a leader in monetary and environmental matters. If he represents an actual person, it could be a business leader who could teach others some things about being successful financially. Qualities of this king include courage, intelligence, intellect, loyalty, and an aptitude for business. He is also generous, which is something everyone should be if they are able. He is also meticulous, making sure to check on things carefully and wanting things to be completed accurately. </KING-OF-PENTACLES-ONE >
<ACE-OF-CUPS-ONE >A hand is holding a cup, which overflows with water into a pond or lake. A dove flies above the cup. This card can represent several traits, such as happiness, new beginnings, contentment, and peace. Cups are often referred to as the cards of emotion, and this could represent the beginning of a relationship, marriage, or childbirth. Key terms include creative beginnings, offers of love or friendship, new ideas coming, or feelings of creativity. The phrase "your cup runneth over" is symbolic of these new beginnings and the blessings this card represents. Positive change is coming, focused mostly on emotions or creative areas. </ACE-OF-CUPS-ONE >
<TWO-OF-CUPS-ONE >This card shows a young man and young woman pledging their devotion to each other. The figurative meaning is love, and engagement or marriage, friendship, harmony, and union with another. It can represent having a soul-mate, falling in love, or having a real connection with another. This card demonstrates equal relationships between two people. The relationship doesn't necessarily need to be a loving one. It could also symbolize cooperation between two people in any endeavor such as a business partnership. Lastly, it can also symbolize people of different talents coming together for a greater good. A huge amount of energy is created when people come together for a singular purpose. </TWO-OF-CUPS-ONE >
<THREE-OF-CUPS-ONE >This card depicts three women, raising their glasses together to toast. They could also be making a pledge to each other. The colors in this card represent white for spiritual purity, yellow for energy, and red for action, the three traits needed to succeed at something. The mood is happy and joyous. Things are going well in life and the card represents that it is time to celebrate with family and friends. Key terms for this card include celebration, teamwork, success, and celebrating with female friends. This card can mean it is time to go out and socialize with others and make connections, especially with women. </THREE-OF-CUPS-ONE >
<FOUR-OF-CUPS-ONE >A man sits under a tree contemplating the three cups that sit before him. His expression is bored, unhappy, and unsatisfied with what is before him. A hand is offering him a forth cup, which he doesn't appear to see. He seems to be ignoring the fact that something better could be coming his way. Key terms for this card include being lost in reflection, being absorbed in one's problems, feeling apathetic, stuck, and anti-social. This card represents a time for reflection. While it is important to take a step back, it is not always a good thing, depending on what the circumstances are. </FOUR-OF-CUPS-ONE >
<FIVE-OF-CUPS-ONE >A person in a dark cloak is facing three cups that have spilled and are on their side. Two cups that still are upright lie to his back. This card shows loss, but also what one still has. It demonstrates the importance of where you put your focus. The person on the card is focusing on what he lost, while there are still cups that have their contents, which he seems to be ignoring. It is time to move on from feeling sorry for oneself. It also represents separation, sacrifice and some amount of regret. Key terms include loss, regret, living in the past, feeling let down and sad, and going through a period of grief. </FIVE-OF-CUPS-ONE >
<SIX-OF-CUPS-ONE >Two young children are in a garden with six cups full of flowers. They are meant to represent the past. People often look back on their childhood with a sense of nostalgia, remembering the happy times they had when life seemed much simpler. Although it can be fun to sometimes remember days gone by, it is also important to not get caught up in the past and to continue to live in the present. Key terms include reliving happy memories, thinking about or reuniting with people from the past, and anything to do with childhood, including taking care of the inner child. </SIX-OF-CUPS-ONE >
<SEVEN-OF-CUPS-ONE >Seven cups on a cloud appear before a person in the card. Each cup contains a different prize. This card represents many things, including flights of imagination, a choice someone has to make, temptation, or deception. So many things are presented and it can be hard to choose. Key words include having several choices, having to make a decision, focusing on one thing, feeling confusion, or facing the unknown. The amount of the color blue in the card represents the need for logic to be used when making one's choice. It is time to get clear on what one wants before one can make a decision. </SEVEN-OF-CUPS-ONE >
<EIGHT-OF-CUPS-ONE >Someone is seen with their back to eight cups, walking away from what he had. The card is dark, with the moon over the sun, showing an eclipse. The key terms for this card include walking away, taking a new direction in life, that there is no turning back, or one is burning bridges. When one walks away, they often leave everything completely behind. The path ahead is difficult and the moving on is not easy. Dark times could be ahead, as represented by the moon covering the sun in this card. Lastly, it could mean that someone is feeling dissatisfied with a life which was built on the superficial, and yearns for something deeper and more meaningful. </EIGHT-OF-CUPS-ONE >
<NINE-OF-CUPS-ONE >A man site before a table of nine cups. He was able to eat and drink until he had his fill, and now is content with what he had. His heart is content. Key words include happiness, contentment, satisfaction, and possibly even a feeling of smugness. The card represents wishes coming true, feeling pleasure in activities, and getting what one wants out of life or a certain situation. It is a card of pure indulgence, getting everything one wants. It also symbolizes success in any area of life, and shows that one should celebrate both one's successes and life itself. </NINE-OF-CUPS-ONE >
<TEN-OF-CUPS-ONE >This is the happiest card in the deck. A family is seen celebrating under a rainbow lined with ten cups. Children are dancing. The couple has their hands raised to the rainbow, as if giving thanks to the world for their good fortune. This card shows love, fulfillment, happiness, and harmony. The family is close and love one another deeply. Emotional well-being is at its height. At this time, things seem almost perfect. It represents a sense of spiritual well-being and the need to pay attention to one's spiritual side. Key terms for this card include family happiness, blessing, love, contentment, and the joy of children. </TEN-OF-CUPS-ONE >
<PAGE-OF-CUPS-ONE >The Page of Cups brings a message regarding a love or other type of relationship. The page could represent a literal child, and could mean that a baby or child may be coming into your life. This child is best nurtured in a supportive environment. The child needs love, affection, and attention. The child is sensitive and creative and is a daydreamer, is quiet, gentle, and kind. Key terms include birth, pregnancy, starting a new project, a labor of love, creativity, or new ideas coming one's way. Birth can be a literal birth or a figurative one, such as starting a new project. </PAGE-OF-CUPS-ONE >
<KNIGHT-OF-CUPS-ONE >The knight rides in on his graceful steed, carrying a cup in his hands. His best qualities include gentleness, sensitivity, affection, thoughtfulness, and creativity. Also, all knights can represent travel. Key terms include one being sensitive, romantic, emotional, loving, and caring. When representing a real person, this person is loving, caring, and generous, possibly even to their own detriment. They don't want to hurt the feelings of others. This person feels deeply, and may even have some difficulty with being too sensitive. As a knight, this card can also mean that a message is coming or that someone is offering love and friendship. </KNIGHT-OF-CUPS-ONE >
<QUEEN-OF-CUPS-ONE >The queen is a motherly figure. She is sitting on her throne, dressed in white, the color of spiritual purity, holding an ornate cup in her hands. She sits at the water's edge, representing the emotions of this suit. Love and compassion are the keys of this card, along with sensitivity, intuition, feeling artistic, and feeling emotions. The queen is a romantic, artistic, creative, and listens to her intuition to find the answers she seeks. When she represents a real person, this is the one everyone turns to for help with their problems. She is guided by her feelings and her heart and is full of compassion. It can also mean being connected to one's feelings. </QUEEN-OF-CUPS-ONE >
<KING-OF-CUPS-ONE >The king rules over the realms of relationships, emotions, the heart, and personal feelings. He cares deeply for those in his realm and feels deeply about the need for compassion and kindness in this world. He sits on his throne, holding a cup in his hand, and is surrounded by water, representative of emotions. The keys to this card include feelings of love, dreaming, feeling emotions deeply, being gentle, and creativity. Usually representing someone older than the querent, this person enjoys peace and harmony. He is a dreamer, but also is a perfectionist. He can sometimes withhold his own feelings so that he doesn't hurt the feelings of others.</KING-OF-CUPS-ONE >
</ROOT>
