<?xml version="1.0" encoding="utf-8" ?>
<ROOT>
<ACE-OF-CUPS-ONE>Esta carta indica que ahora te sientes contento contigo mismo y los sentimientos de amor, placer y romance dominan tu mente. Lo más probable es que te pongas en contacto con alguien que te agrade y esto podría convertirse en una cita romántica. Si ya estás en una relación, entonces tu pareja y tú pueden pensar en atar el nudo. </ACE-OF-CUPS-ONE>
<TWO-OF-CUPS-ONE>Deseas ver resuelta tu vida romántica y resolver los problemas que tienen tu pareja y tú. Te sientes inquieto y no puedes prestar toda tu atención a tu pareja debido a algo que te está molestando y confundiendo más. Tendrás que ser fuerte y tomar algunas decisiones concretas con respecto a tus sentimientos. </TWO-OF-CUPS-ONE>
<THREE-OF-CUPS-ONE>Esta carta muestra que te sientes muy vulnerable en este momento y quieres que te cuiden. También intentarás expresar tu cuidado y compasión hacia tu pareja y tus seres queridos. Las cosas se volverán suaves muy pronto y, a su debido tiempo, el romance crecerá en tu vida. </THREE-OF-CUPS-ONE>
<FOUR-OF-CUPS-ONE>Esta carta indica que puedes tener un fuerte deseo de tener una pareja ahora. Si ya estás en una relación, te sentirás muy cerca de tu pareja y querrás resolver los problemas, si hay alguno. Este tiempo puede ser un poco inquieto para ti al tratar de resolver los problemas con tu pareja y de unirse como una pareja feliz. </FOUR-OF-CUPS-ONE>
<FIVE-OF-CUPS-ONE>Ahora te sientes más emocional y quieres una relación seria en la que exista comprensión y comodidad mutua y esto incluso puede ser con alguna amistad. Ahora te estás dando cuenta de que no sería correcto comprometerte a ser tú mismo solo por el hecho de mantener viva una relación, ya que esto puede llegar a ser destructivo. </FIVE-OF-CUPS-ONE>
<SIX-OF-CUPS-ONE>Esta carta indica que, a pesar de sentirte atraído por esa persona especial, tendrás experiencias magníficas que te llevarán en diferentes direcciones. Intenta hacer cosas especiales para tu pareja, pero hay inseguridad acerca de cuán incierto sería su futuro como pareja. </SIX-OF-CUPS-ONE>
<SEVEN-OF-CUPS-ONE>Te sientes muy inseguro acerca de tus sentimientos y buscarás el camino correcto hacia quien deseas como tu pareja. Con mucho trabajo por manejar y varios otros problemas, no podrás dedicarle suficiente tiempo a tu pareja. Un encuentro con alguien será fructífero para los solteros. </SEVEN-OF-CUPS-ONE>
<EIGHT-OF-CUPS-ONE>Esta carta indica que tu relación puede sentirse aburrida ahora y esto evitará que tu pareja y tú creen un vínculo sólido. Es posible que tu relación tenga que pasar por momentos de estrés e incertidumbre y esto causará preocupación e incluso un cierto intercambio de palabras amargas. También puedes tomar la decisión de terminar tu relación que se ha vuelto muy traumática. </EIGHT-OF-CUPS-ONE>
<NINE-OF-CUPS-ONE>Ahora estás ansioso por las cosas superiores sobre una relación y esto también puede ser con alguien que acaba de entrar en tu vida. Quieres que las cosas entre los dos sean más interesantes pero de una manera diferente. Tienes dudas acerca de tu relación y, aunque estás dispuesto a seguir adelante, algunos riesgos implicados te mantendrán cauteloso. </NINE-OF-CUPS-ONE>
<TEN-OF-CUPS-ONE>Esta carta muestra que ahora estás buscando una relación más completa y satisfactoria y estás esperando el apoyo total de tu pareja. Se producirá un choque emocional de opiniones que te hará sentir tenso. El romance será intenso con alguien nuevo en tu vida. El matrimonio también está indicado. </TEN-OF-CUPS-ONE>
<PAGE-OF-CUPS-ONE>Quieres que las cosas vengan en armonía y construir un futuro concreto con la persona que amas. Te estás inquietando por moldear el futuro de la manera que deseas verlo, pero el proceso tomará tiempo. Sentirás la necesidad de que alguien esté a tu lado y te haga sentir amado y cuidado porque no quieres volver a experimentar la soledad en tu vida. </PAGE-OF-CUPS-ONE>
<KNIGHT-OF-CUPS-ONE>Esta carta indica que quieres aventurarte a un lugar nuevo con tu pareja que te emocionará y habrá gente alrededor que te animará hacia el camino del amor. Si estás soltero, sentirás que es hora de tomar la iniciativa para llevar adelante tu relación y plantear la pregunta a tu pareja de mucho tiempo. </KNIGHT-OF-CUPS-ONE>
<QUEEN-OF-CUPS-ONE>Ahora serás más prominente en las reuniones sociales y hay muchas posibilidades de que te encuentres con alguien que te atraiga mucho. Si pones algunos esfuerzos, este encuentro se convertirá en algo romántico. Si ya estás en una relación a largo plazo, puedes proponerle matrimonio a tu pareja. </QUEEN-OF-CUPS-ONE>
<KING-OF-CUPS-ONE>Esta carta indica que estás buscando a alguien con quien compartir tu vida y pasar un momento romántico. Casi estarás en una búsqueda para encontrar a alguien que parezca ser tu pareja ideal, pero esto no será fácil. Puede que tengas que hacer malabares con algunas cosas para impresionar a esa persona y convertir esto en algo sustancial. </KING-OF-CUPS-ONE>
<ACE-OF-PENTACLES-ONE>Este es un tiempo que indica nuevos comienzos en tu vida. Es posible que te sientas más inquieto que nunca, ya que no obtendrás la compasión y comprensión esperadas de tu pareja y esto te molestará profundamente. </ACE-OF-PENTACLES-ONE>
<TWO-OF-PENTACLES-ONE>Puede haber algunas dificultades que tu pareja y tú deberán enfrentar juntos, y esto puede hacer que te sientas un poco fuera de lugar, pero con el tiempo tu comprensión de la naturaleza y la ayuda de alguien te ayudarán a lidiar con eso. </TWO-OF-PENTACLES-ONE>
<THREE-OF-PENTACLES-ONE>Tu pareja y tú sentirán que la relación crece y, por lo tanto, darán algunos pasos hacia el futuro. Para los solteros, este será un buen momento para encontrar la persona adecuada para ti y podría ser en un lugar inesperado. </THREE-OF-PENTACLES-ONE>
<FOUR-OF-PENTACLES-ONE>Solo podrás mantener tu relación si ambos trabajan juntos para lograrlo con algo de paciencia y comprensión. Si esto no funciona, finalmente decidirás separarte de tu pareja e intentarás tomar un nuevo camino con nuevas posibilidades. </FOUR-OF-PENTACLES-ONE>
<FIVE-OF-PENTACLES-ONE>Esta carta indica que ahora anhelas ser alguien o hacer algo que ansiabas hacer desde hace mucho tiempo. También hay posibilidades de que tu pareja te engañe o viceversa. Este tampoco será un buen momento para las personas que ya están en una relación. </FIVE-OF-PENTACLES-ONE>
<SIX-OF-PENTACLES-ONE>Ahora estás anhelando que la persona que amabas en la infancia regrese o se ponga en contacto contigo. Habrá una sensación de soledad cuando veas que tu pareja se aleja más de ti. Tendrás que averiguar qué es lo que realmente quieres en la vida y, por lo tanto, estás dispuesto a esforzarte por conseguirlo. </SIX-OF-PENTACLES-ONE>
<SEVEN-OF-PENTACLES-ONE>Este será un momento inquietante para ti y tu pareja, ya que puede haber grandes diferencias de opiniones y esto también puede llevar al final de esta relación. Si estás casado o en una relación de largo tiempo, entonces reconsiderarás tu relación y tus esfuerzos en ella. </SEVEN-OF-PENTACLES-ONE>
<EIGHT-OF-PENTACLES-ONE>Parece que estás de humor juguetón estos días y disfrutas de la soltería más que nada. Estarás en un estado de ánimo especulativo y también estarás pensando en lo que sucederá en el futuro. Tu lado romántico pronto se apoderará. </EIGHT-OF-PENTACLES-ONE>
<NINE-OF-PENTACLES-ONE>Esta carta indica que estás buscando cosas nuevas y refrescantes en tu vida. Podrás querer huir de las cosas convencionales a un nuevo lugar. Es posible que debas pasar algún tiempo lejos de tu pareja por un período temporal y tomarás una decisión que será la opción correcta. </NINE-OF-PENTACLES-ONE>
<TEN-OF-PENTACLES-ONE>El amor no es algo que se juega en tu mente porque ya estás preocupado por muchas otras cosas relacionadas con el trabajo y otros problemas familiares. Intentarás elevar tu estado de ánimo reuniéndote con tus amigos o familiares, pero no intentarás disminuir el espacio entre tu pareja y tú. </TEN-OF-PENTACLES-ONE>
<PAGE-OF-PENTACLES-ONE>Esta carta indica que habrá una situación inquietante que te obligará a pensar qué tienes que hacer con tu relación, ya que no estás seguro de tu pareja y, finalmente, tomarás una decisión responsable que te hará sentir bien ya sea que tu relación tenga un futuro o no. </PAGE-OF-PENTACLES-ONE>
<KNIGHT-OF-PENTACLES-ONE>Ahora estás buscando la paz en tu historia de amor y quieres vivir y disfrutar con tu pareja. Dudarás en decirle algo a tu pareja o anunciar noticias que sientas que pueden estropear la fluidez de la relación que ambos comparten pero debes ser valiente. </KNIGHT-OF-PENTACLES-ONE>
<QUEEN-OF-PENTACLES-ONE>Esta carta indica que te sentirás atraído por alguien y esa persona estará igualmente interesada en ti. Esperarás tener una relación con esta persona y que la relación sea emocionante y llena de vida. </QUEEN-OF-PENTACLES-ONE>
<KING-OF-PENTACLES-ONE>Esta carta muestra que estarás un poco molesto o decepcionado porque tu pareja no cumplió ciertas promesas. Si ya estás en una relación, entonces experimentarás que a tu relación le falta el intercambio de opiniones libremente y por alguna relación con el trabajo, es más importante que hablen y pasen más tiempo juntos para conocerse. </KING-OF-PENTACLES-ONE>
<ACE-OF-SWORDS-ONE>Esta carta indica que ahora estás buscando gratificación personal en tu relación. Este es un momento en el que hay muchas posibilidades de que se produzca un nuevo amor que te sobresalte y tengas fuertes emociones hacia algo. Si ya estás en una relación, tu vínculo con tu pareja se hará más fuerte. </ACE-OF-SWORDS-ONE>
<TWO-OF-SWORDS-ONE>Quieres avanzar en la vida y buscas el amor desesperadamente. Es posible que tengas suerte ya que esta carta indica que puedes cumplir con eso en especial y si ya estás en una relación, entonces tu relación se fortalecerá y verás que tu pareja o tu pareja en potencia parecerán tener las cualidades que imaginaste. </TWO-OF-SWORDS-ONE>
<THREE-OF-SWORDS-ONE>Esta carta muestra que deseas que tu pareja regrese contigo. Tu paciencia está desistiendo y pronto decidirás darte por vencido y comenzar de nuevo si tu pareja se niega a regresar pronto. Puede que sientas que has visto mucho sufrimiento y enamorarte es una cuestión de riesgo. </THREE-OF-SWORDS-ONE>
<FOUR-OF-SWORDS-ONE>Ahora tienes un alto nivel de espiritualidad y sentirás un fuerte deseo de conocerte mejor. Tratarás de conectarte con tu ser interior y, por lo tanto, puedes perder el contacto con el mundo exterior, pero eventualmente encontrarás la paz. También existe la posibilidad de que alguien que se haya enganchado contigo te pida una cita. </FOUR-OF-SWORDS-ONE>
<FIVE-OF-SWORDS-ONE>Esta carta indica que estarás en una búsqueda de amor ahora. También puede haber ciertas desilusiones en tu vida amorosa a las que debes enfrentarte, lo que te hará sentirte insatisfecho y algo engañado. Tendrás que volver a absorber tu confianza en ti mismo y seguir adelante. </FIVE-OF-SWORDS-ONE>
<SIX-OF-SWORDS-ONE>Quizás estés enfrentando algunos problemas en el paraíso y las cosas no serán tan suaves como esperabas que fueran. Puede haber algo de descontento en tu vida amorosa y puede parecer que todo el esfuerzo no valió la pena después de todo. Puede haber cierta confusión con respecto al curso futuro y tendrás dificultades para mejorar las cosas. </SIX-OF-SWORDS-ONE>
<SEVEN-OF-SWORDS-ONE>Esta carta indica que deseas que un amigo querido o alguien cercano esté a tu lado y te ayude a corregir la situación o también puedes pensar en irte por un tiempo para sentirte mejor. Hay posibilidades de que un ex amante o alguien con quien te hayas enganchado se te acerque. Querrás mucho algo en tu relación, pero no estarás dispuesto a estar en una posición comprometedora. </SEVEN-OF-SWORDS-ONE>
<EIGHT-OF-SWORDS-ONE>Puede haber algún tipo de asfixia o inquietud en asuntos del corazón. Pero no será como parece, algo bueno está en camino. Hay posibilidades de que tengas la oportunidad de comenzar en un nuevo entorno o con una nueva pareja que te haga sentir liberado de nuevo. </EIGHT-OF-SWORDS-ONE>
<NINE-OF-SWORDS-ONE>Esta carta muestra que este no es el mejor momento de tu vida. Puedes estar pasando por ansiedad y privaciones y tendrás dificultades para poner las cosas juntas. Puede estar separado de tu pareja por algún tiempo debido a compromisos profesionales. Pero tu madurez y tu personalidad serena te ayudarán a unir las cosas. </NINE-OF-SWORDS-ONE>
<TEN-OF-SWORDS-ONE>Ya habrás pasado por algunos de los peores momentos y todavía te estarás recuperando. Parte del dilema continuará mientras intentas tomar algunas decisiones firmes sobre lo que es correcto para ti, pero este no será un proceso fácil. </TEN-OF-SWORDS-ONE>
<PAGE-OF-SWORDS-ONE>Esta carta muestra que ahora te estás concentrando en mejorar tu vida en los asuntos del corazón y también en las relaciones personales. Es posible que hayas pasado por momentos difíciles y tratarás de poner tu vida en el camino normal, pero te resultará difícil hacerlo. También puede haber algunos acontecimientos inesperados que causen preocupación. </PAGE-OF-SWORDS-ONE>
<KNIGHT-OF-SWORDS-ONE>Ahora es el momento de superar todos los tiempos amargos y buscar nuevos comienzos. Conocerás a alguien nuevo y serás atraído por esa persona. Querrás que la cadena de eventos continúe y ver un poco de desarrollo romántico. Esta será una fuerte iniciación y en ningún momento te encontrarás feliz y estable con tu pareja. </KNIGHT-OF-SWORDS-ONE>
<QUEEN-OF-SWORDS-ONE>Esta carta indica que puede haber un dilema o una fase de decepción constante, ya que puedes tener varias peleas y discusiones con tu pareja y las cosas también pueden llegar a su fin. Esto puede llevarte a enfrentar algunos momentos difíciles de vacío en tu vida. </QUEEN-OF-SWORDS-ONE>
<KING-OF-SWORDS-ONE>Sentirás que necesitas una visión clara de lo que es tu vida en este momento y te darás cuenta de que necesitas seguir adelante para vivir una vida pacífica. La realidad pronto puede tomar un nuevo giro, ya que puedes darte cuenta de que vivías en un mundo imaginario y que es hora de enfrentar la realidad y vivir con ella solo para mejorar. </KING-OF-SWORDS-ONE>
<ACE-OF-WANDS-ONE>Esta carta indica que ahora estás buscando una relación seria y de largo plazo y no estás realmente interesado en aventuras. Estás buscando un nuevo comienzo y también hay posibilidades de matrimonio o una relación de convivencia. Puede haber un miembro de la familia o un pariente con quien pronto hablarás sobre tus problemas de relación. </ACE-OF-WANDS-ONE>
<TWO-OF-WANDS-ONE>Esperas que suceda algo bueno y estás deseando verlo materializarse. Hay posibilidades de que alguien que necesita apoyo busque tu guía y establezca una conexión contigo. Estarás buscando fuertes lazos de amor y amistad ahora. También resolverás las diferencias que tuviste con cualquiera de los miembros de tu familia. </TWO-OF-WANDS-ONE>
<THREE-OF-WANDS-ONE>Es posible que recibas bastantes propuestas ahora y tomar una decisión con respecto a la correcta será un problema. Esto marcará un gran momento para las relaciones y, a pesar de tus inseguridades, te unirás con la persona que amas. Querrás superar todos los obstáculos para vivir una vida feliz con tu pareja. </THREE-OF-WANDS-ONE>
<FOUR-OF-WANDS-ONE>Puede haber posibilidades de reunirte con un amigo que vendrá al rescate y te llevará de compras o a algunas actividades divertidas para que te sientas mejor. Necesitarás algo de ánimo ya que puede haber algo de descontento en tu vida romántica debido a las privaciones. </FOUR-OF-WANDS-ONE>
<FIVE-OF-WANDS-ONE>Ahora te resulta difícil concentrarte en una cosa y esto te hace sentir inquieto. Estarás ocupado con demasiadas cosas y no podrás encontrar tiempo para tu pareja o para socializar. También están indicadas algunas aventuras amorosas o citas casuales. </FIVE-OF-WANDS-ONE>
<SIX-OF-WANDS-ONE>Esta carta indica que realizarás nuevas actividades en tu vida amorosa. Alguien que te admira probará su suerte para impresionarte y disfrutarás de la atención. Es posible que tengas que enfrentar una situación que te obligará a realizar algunos cambios necesarios en tu vida para tu mejoramiento. </SIX-OF-WANDS-ONE>
<SEVEN-OF-WANDS-ONE>Esta carta indica que el amor está en el aire para ti y los asuntos de corazón gobernarán tu mente. Te pondrás en contacto con tu lado romántico y harás cosas especiales para tu pareja. Esto se verá como una imagen perfecta, pero habrá ciertas cosas que tendrás que dejar ir para llevar la vida que deseas. </SEVEN-OF-WANDS-ONE>
<EIGHT-OF-WANDS-ONE>Estarás en un nivel alto de socialización y los asuntos del corazón gobernarán la mente ahora. Estarás de buen humor pensando en cosas positivas y tu pareja y tú participarán en muchas actividades juntos. También habrá algunos cambios positivos que se llevarán a cabo debido a tu pareja. También puede haber ciertas decepciones con las que tendrás que lidiar. </EIGHT-OF-WANDS-ONE>
<NINE-OF-WANDS-ONE>Notarás que tus esfuerzos finalmente te están dando resultados y que estarás en lo alto de las actividades sociales. Habrá ciertos conflictos mentales y diferencias de opinión y también puede tener lugar un intercambio aproximado de palabras. </NINE-OF-WANDS-ONE>
<TEN-OF-WANDS-ONE>Esta carta indica que tu amante puede dejarte confundido acerca de diversos sucesos y esto te hará sentir curioso e inquieto. Sentirás que tu pareja está molesta contigo y esto te hará sentir aislado. Harás esfuerzos para reparar tu relación y agregarle la chispa que falta. </TEN-OF-WANDS-ONE>
<PAGE-OF-WANDS-ONE>Puede haber alguna perturbación en tu relación y esperarás algunos cambios por parte de tu pareja. Te sentirás inseguro por el hecho de que tu pareja y tú no se llevan bien, e incluso si lo intentan, el vínculo de alguna manera nunca alcanzará su punto máximo. </PAGE-OF-WANDS-ONE>
<KNIGHT-OF-WANDS-ONE>Esta carta muestra que te sientes inquieto por varios problemas en tu relación y que desearás resolverlos antes de que te afecten. Verás a alguien a quien crees que ya conoces e intentarás vincularte con esta persona creando una conexión profunda al pasar más tiempo con ella. </KNIGHT-OF-WANDS-ONE>
<QUEEN-OF-WANDS-ONE>Esta carta indica que pronto conocerás a alguien especial y te preguntarás si debes tener una relación con esta persona o no. También puedes encontrarte con un fuerte admirador tuyo que encenderá algunas chispas de amor y esto puede convertirse en un romance muy apasionado y romántico que has estado esperando. </QUEEN-OF-WANDS-ONE>
<KING-OF-WANDS-ONE>Algunos problemas a tu alrededor harán que te veas indiferente y sin emociones y parecerás distraído con tu pareja. No querrás revelar al mundo lo que realmente estás pensando y esto puede causar tensión. Tendrás que pensar desde una perspectiva fría sobre cómo abordar la situación. Una propuesta de matrimonio también puede estar en tu camino. </KING-OF-WANDS-ONE>
<THE-FOOL-ONE>Si estás en una relación, la carta indica que sentirás una nueva emoción y entusiasmo en tu vida amorosa. Si estás soltero, es muy probable que te encuentres con alguien especial pronto. Caminarás con pasos espontáneos, confiados y alegres en tu vida amorosa. Debes dejar de lado tus relaciones pasadas y mirar hacia tu futuro, que se ve hermoso y feliz. </THE-FOOL-ONE>
<THE-MAGICIAN-ONE>Tu voluntad y compostura serán muy útiles para controlar y administrar tu vida amorosa en el futuro. Con tu confianza y gracia, es muy probable que tengas al sexo opuesto de acuerdo contigo en la mayoría de los asuntos. Si estás en una relación, puedes aprender algunas cosas ocultas sobre tu amada en un futuro próximo. Además, tu pareja probablemente mostrará un mayor interés en cada palabra que pronuncie. </THE-MAGICIAN-ONE>
<THE-HIGH-PRIESTESS-ONE>Esta carta sugiere que debes creer en tu capacidad para percibir personas y situaciones para una vida amorosa saludable. Necesitas tomar decisiones independientes sobre cosas que involucran tu vida amorosa. Si estás en una relación, es muy probable que tu pareja te dé consejos muy valiosos en un futuro cercano. Además, parece que puedes aprender algo totalmente inesperado acerca de tu pareja, ya sea bueno o malo. </THE-HIGH-PRIESTESS-ONE>
<THE-EMPRESS-ONE>Parece que estás preocupado por tu relación existente o en desarrollo. Si no estás en una relación, deseas estar en una. En tu aventura, tu naturaleza posesiva entre sí, puede traer algunos momentos difíciles en tu vida amorosa. Debes estar de pie con una actitud que muestre paciencia y confianza para lograr la estabilidad en tu vida amorosa. </THE-EMPRESS-ONE>
<THE-EMPEROR-ONE>La carta sugiere una introducción del éxito y los logros en tu relación en un futuro cercano. Puedes recibir valiosos consejos de amor de alguien como tu padre, hermano, amigo, etc. Es muy probable que tengas el control de tu relación actual y continúes dominando por un tiempo. Tu pareja te apoyará totalmente en todos los aspectos sin cuestionar. Ten cuidado de no ser demasiado exigente en tu relación; de lo contrario, terminarás lastimando emocionalmente a tu pareja. </THE-EMPEROR-ONE>
<THE-HIEROPHANT-ONE>Una mente más abierta y flexible podrá provocar un cambio positivo en tu vida amorosa. Si planeas casarte pronto, debes mostrar paciencia mientras te enfrentas a los obstáculos que se te presentan. Actuar terco con tu pareja no llevará tu relación a ninguna parte. Los problemas a los que te enfrentas en tu vida amorosa se pueden resolver con la presencia de la mente y manteniendo bajos los estribos. </THE-HIEROPHANT-ONE>
<THE-LOVERS-ONE>Es probable que nades en el mar del amor. Tendrás momentos hermosos y memorables en tu relación en un futuro próximo. Es probable que enfrentes una situación en tu vida amorosa, en la que te resultará muy difícil decidir algo. Escucha tu corazón y no tu mente y puedes encontrar que tu decisión fue correcta. Te conectarás muy bien emocionalmente con tu pareja. No te sientas tentado a engañar a tu pareja saliendo con alguien más. </THE-LOVERS-ONE>
<THE-CHARIOT-ONE>Tu vida amorosa puede toparse con una mala racha. Tienes que tomar algunos esfuerzos serios para salir de ella. Es muy probable que tus asuntos románticos experimenten algún tipo de cambio en el futuro cercano. Necesitas mostrar mucha paciencia hacia las emociones cambiantes de tu pareja. Eventualmente tu relación florecerá con amor. </THE-CHARIOT-ONE>
<JUSTICE-ONE>Necesitas traer un sentido de equilibrio y normalidad en tu relación actual. Parece que hay un exceso o falta de cierto elemento que es vital para traer estabilidad a tu vida amorosa. Es posible que debas mostrar un enfoque imparcial hacia tus asuntos románticos para lograr el equilibrio requerido. Presta igual atención a tu carrera y vida familiar. Tu honestidad y confianza serán cruciales para perfilar tu relación. Si sabes que estás cometiendo un error en tu relación, rectifícalo pronto. </JUSTICE-ONE>
<THE-HERMIT-ONE>Tómate un tiempo para analizar tu vida amorosa. Es probable que sientas impaciencia por como van las cosas en tu relación actual. Debes mantener la calma y evitar tomar decisiones apresuradas relacionadas con tu historia de amor. Si necesitas consejos de amor, consulta con alguien mayor y más experimentado que tú. Es probable que ordenes todos tus obstáculos románticos, si ambos se dan suficiente espacio entre sí en su relación. </THE-HERMIT-ONE>
<WHEEL-OF-FORTUNE-ONE>La carta muestra que te diriges hacia una fase muy alegre y especial que alegrará tu vida amorosa. La suerte está de tu lado y encontrarás el amor de tu vida. Mostrarás madurez a la hora de manejar tus asuntos de relación. Tu pareja soñada estará contigo pronto. Todas las preocupaciones que tenías sobre tu futura relación terminarán. Es muy probable que seas bendecido con algunos momentos maravillosos en tu vida amorosa. </WHEEL-OF-FORTUNE-ONE>
<STRENGTH-ONE>Mostrarás una actitud más fuerte y mejor hacia la vida, que te ayudará a enfrentar todos los obstáculos que puedas enfrentar en tu relación. Si deseas dejar de lado ciertos asuntos del pasado, probablemente deberías hacerlo pronto. La nave de tu relación navegará sin problemas, y puedes lograr fácilmente cosas por las que has estado luchando durante un tiempo. Con tu determinación e inteligencia, saldrás de todos los problemas de amor. </STRENGTH-ONE>
<THE-HANGED-MAN-ONE>Puede que tengas que adoptar una naturaleza de sacrificio en tu relación. Puede haber tensiones entre los dos. Se sugiere que mantengas un estado mental muy paciente, compuesto y maduro en tu vida amorosa. Puede haber peleas emocionales entre los dos. Es recomendable que seas más introspectivo y observes las situaciones con una mente abierta para comprenderlas mejor. </THE-HANGED-MAN-ONE>
<DEATH-ONE>La carta indica una fase, que resultará en algunas transformaciones dramáticas en tu vida amorosa. Puedes sentirte triste y deprimido en tu relación actual. Esta fase te empujará hacia una gran cantidad de emociones humanas, por lo que te darás cuenta de la importancia de los cambios por venir. Tu historia de amor puede tener que pasar por un parche relativamente áspero y oscuro. Tendrás que mostrar un cáracter fuerte para superar esta fase. </DEATH-ONE>
<TEMPERANCE-ONE>La carta indica la llegada de situaciones confusas o conflictivas en tu relación, en las que puede resultarte difícil tomar decisiones. Es muy probable que tu pareja y tú tengan puntos de vista opuestos sobre diversos asuntos, creando así una confusión. Tienes que ser paciente, cooperar y encontrar la mejor solución que también apacigüe al amor de tu vida. Encontrarás formas de construir armonía en tu relación. </TEMPERANCE-ONE>
<THE-DEVIL-ONE>Los tiempos por venir no son fáciles. Sentimientos como la lujuria, la codicia, la ambición o la adicción pueden hacer que tu vida amorosa se vuelva loca. También puedes desear dominar totalmente tu relación. Necesitas ser fuerte para resistir estas tentaciones con el fin de evitar grandes desastres en tu vida amorosa. Puedes sentirte poderoso por un momento fugaz, pero ir por el camino equivocado no servirá de nada para tu relación actual. Ten cuidado ya que esta carta es una advertencia para ti sobre los pasos mortales que puedes tomar. </THE-DEVIL-ONE>
<THE-TOWER-ONE>El futuro cercano puede traer una de las peores fases de tu vida amorosa. Es posible que veas situaciones desagradables y desfavorables en tu relación. Algunos de estos pueden ser inesperados y hacer que te sientas aislado y solo por un tiempo. Este cambio te mostrará nuevas formas y opciones para mejorar tu situación actual de vida amorosa. Será un viaje difícil por delante, por lo tanto, debes mantener la calma y simplemente aprender las cosas nuevas que la vida te enseña. </THE-TOWER-ONE>
<THE-STAR-ONE>Esta carta es un presagio de los buenos tiempos por venir. Indica la posibilidad de una relación sana que comenzará pronto. También indica que puedes llevar tu relación actual al siguiente nivel de compromiso. Puedes sentir una mejor conexión emocional y espiritual con tu pareja. Tu vida amorosa pasará por una fase en la que superarás tus asuntos pasados y serás más optimista sobre tu futuro amoroso. </THE-STAR-ONE>
<THE-MOON-ONE>Los únicos pensamientos que vendrán a tu mente serán sobre tu relación. Es posible que sientas que te han encadenado debido a la situación actual de tu vida amorosa. Es probable que aprendas algunos secretos que se mantuvieron ocultos intencionalmente, lo que puede provocar un revés emocional en tu relación. No te deprimas en el dolor. Muestra una mente más abierta y toma algunos esfuerzos serios para superar estos sentimientos. Disfruta de otras aficiones para superar los sentimientos emocionales y volver a encarrilarte. </THE-MOON-ONE>
<THE-SUN-ONE>Pronto sentirás vibraciones frescas y emocionantes en tu relación. Si no estás enamorado, puedes enamorarte de alguien pronto. Los asuntos románticos que parecían no ir a ninguna parte comenzarán a tener un progreso positivo. Unas vacaciones románticas y algunas citas tontas con tu amada están en las cartas. Los tiempos que tenemos por delante parecen alegres y memorables. Asegúrate de aprovechar al máximo esta hermosa fase. </THE-SUN-ONE>
<JUDGEMENT-ONE>Esta carta te pide que mantengas tus sentidos abiertos a todo lo que está alrededor. Es posible que te des cuenta de que las cosas van a tu favor, pero a menos que hagas un buen esfuerzo, es posible que no aproveches al máximo estas situaciones. Si aún no estás enamorado, es muy probable que te encuentres con un prospecto de pareja muy pronto. En tal caso, no pierdas demasiado tiempo antes de hacer la pregunta más importante. Si dejaste a alguien en el pasado, lo mismo podría pasar contigo. Pero finalmente, tu vida amorosa se moverá positivamente. </JUDGEMENT-ONE>
<THE-WORLD-ONE>La carta marca el final de tus dificultades e indica una llegada de momentos alegres y amorosos con tu pareja. Tu relación finalmente se pondrá en forma, como siempre has deseado. Tu pareja te alentará y apreciará por tu arduo trabajo y esto hará que tu amor florezca. Esta fase traerá un nuevo celo a tu vida amorosa. Si eres soltero, la probabilidad de conocer a esa persona especial es considerablemente alta.</THE-WORLD-ONE>
</ROOT>
