{
  "project_info": {
    "project_number": "342499457815",
    "project_id": "myphotolyricalvideo",
    "storage_bucket": "myphotolyricalvideo.appspot.com"
  },
  "client": [
    {
      "client_info": {
        "mobilesdk_app_id": "1:342499457815:android:cf5176d62b3961df47d552",
        "android_client_info": {
          "package_name": "com.kotlinz.videostatusmaker"
        }
      },
      "oauth_client": [
        {
          "client_id": "342499457815-h0tkj0s7uhor81h1vetj9m621fctnjsq.apps.googleusercontent.com",
          "client_type": 3
        }
      ],
      "api_key": [
        {
          "current_key": "AIzaSyAQcVAE5vKGzSJCofduOtr5SAt6CxFrqAg"
        }
      ],
      "services": {
        "appinvite_service": {
          "other_platform_oauth_client": [
            {
              "client_id": "342499457815-h0tkj0s7uhor81h1vetj9m621fctnjsq.apps.googleusercontent.com",
              "client_type": 3
            }
          ]
        }
      }
    }
  ],
  "configuration_version": "1"
}