<ROOT>
<ACE-OF-CUPS-ONE >Moga wystapic pewne napiecia lub nieporadnosc z krewnymi i to bedzie przyczyna irytacji. Z niecierpliwoscia oczekujesz nawiazania nowych kontaktów z kims, kto bedzie owocny i bedziesz zadowolony z tego, co dostaniesz. </ACE-OF-CUPS-ONE >
<TWO-OF-CUPS-ONE >Ta karta sugeruje, ze bedziesz musial spakowac swoje torby z powodów zawodowych lub osobistych. Pomimo pewnych nieporozumien z bliskimi, sprawy zostana ostatecznie rozwiazane. Mozesz zwierzyc sie komus, kto moze nie byc bardzo blisko ciebie, ale nadal bedzie sie wydawal drogi. </TWO-OF-CUPS-ONE >
<THREE-OF-CUPS-ONE >Moga wystapic opóznienia pewnych wydarzen wynikajace z zobowiazan zawodowych lub problemów osobistych, które moga spowodowac lekkie zdenerwowanie. To uczucie moze sprawic, ze poczujesz sie odizolowany, ale zdasz sobie sprawe, ze Twoi bliscy beda stac u Twojego boku, abys poczul sie lepiej. </THREE-OF-CUPS-ONE >
<FOUR-OF-CUPS-ONE >Ta karta wskazuje, ze bardzo pracowity okres bedzie musial byc traktowany z cierpliwoscia. Moze to byc czas testowania dla Twoich bliskich i wkrótce zdasz sobie sprawe, komu naprawde na Tobie zalezy. Sugeruje sie, ze nie pozostajesz obojetny, ale spróbuj podzielic sie swoim problemem i pozwolic swoim bliskim, aby Ci pomóc. </FOUR-OF-CUPS-ONE >
<FIVE-OF-CUPS-ONE >To moze nie byc bardzo przyjemny czas, poniewaz byc moze bedziesz musial zrezygnowac z pewnych rzeczy, nad którymi nie masz kontroli. Bedzie to trudna faza pomiedzy Toba a Twoja ukochana osoba i moze to równiez przerodzic sie w powazny spór, który moze prowadzic do niepozadanego rezultatu. </FIVE-OF-CUPS-ONE >
<SIX-OF-CUPS-ONE >Moze sie to wydawac dla Ciebie czasem wakacji, poniewaz moze byc wiele wizyt u przyjaciól i krewnych. Moga wystapic równiez pewne komplikacje w zyciu osobistym, które moga prowadzic do pewnych wyników kontrastu, ale bedziesz sie tym zajmowac w sposób zdrowy. </SIX-OF-CUPS-ONE >
<SEVEN-OF-CUPS-ONE >W twojej rodzinie moga wystepowac pewne konflikty opinii, które moga sie nasilic. Spróbujecie uzyskac pomoc w pokojowym rozwiazaniu sytuacji. Bedziesz robic dobrze profesjonalnie starajac sie zrównowazyc wiele rzeczy, ale poradzisz sobie z praca za oplata. </SEVEN-OF-CUPS-ONE >
<EIGHT-OF-CUPS-ONE >Nie moze byc niektóre zjazdy planowane z bliskimi, ale ze wzgledu na niepewnosc, mozesz byc zmuszony do odroczenia niektórych wizyt u lekarza dla bliskich jest równiez wskazane . Niektóre przyjemne wiesci beda w drodze. </EIGHT-OF-CUPS-ONE >
<NINE-OF-CUPS-ONE >Byc moze planujesz podróz lub ucieczke na jakis czas, ale odkladasz ja na pózniej, poniewaz cos lepszego nadejdzie na Twoja droge. Mozesz stac sie troche nostalgicznym radzeniem sobie z pewnymi dolegliwosciami, które przeszkadzaja twoim bliskim, ale jasniejsza strona bedzie wkrótce widoczna z pomoca twoich przyjaciól. </NINE-OF-CUPS-ONE >
<TEN-OF-CUPS-ONE >Byc moze bedziesz musial zmierzyc sie z trudna sytuacja i rozwazac upadek z rodziny lub pracy, myslac, ze sprawy nie mogly byc gorsze niz sa teraz. Ty laczyc twój emocjonalna strone teraz i dostawac w kontakt z twój rodzina i przyjaciólmi planowac zjazd. </TEN-OF-CUPS-ONE >
<PAGE-OF-CUPS-ONE >Ta karta wskazuje, ze teraz spróbujesz uproscic sobie zycie, a szczesliwa zmiana w trakcie twojego zycia pomoze ci z tym. Zaleca sie, abys nie naciskal na sprawy zwiazane z pieniedzmi, czynszem lub nieruchomosciami, poniewaz moga one nie okazac sie takie, jakich oczekiwales. Mozesz wpadac na jednego ze swoich starych przyjaciól lub kochanków, co moze prowadzic do spotkania. </PAGE-OF-CUPS-ONE >
<KNIGHT-OF-CUPS-ONE >Teraz myslisz o zmianie miejsca zamieszkania, ale nie bedziesz teraz zbyt mocno naciskac. Nalezy zachowac ostroznosc, poniewaz wokól domu sygnalizowane sa male wypadki. Twoi bliscy moga planowac wakacje i z niecierpliwoscia czekasz na nie. Bedziesz w stalym kontakcie z przyjaciólmi. </KNIGHT-OF-CUPS-ONE >
<QUEEN-OF-CUPS-ONE >Moze byc duzo chaosu na miejscu z powodu dzieci, pracy domowej lub gosci. Tam  moze byc niektóre problemy z rodzina i ty musisz postepowac odpowiedzialnie lub ty mozesz konczyc up w sytuacji ty nigdy chciales byc w. Ten chaos przyblizy cie jeszcze bardziej do przyjaciól i znajdziesz w nich pocieche. </QUEEN-OF-CUPS-ONE >
<KING-OF-CUPS-ONE >W twoim zyciu nadchodzi nowa sytuacja, która bedzie dzialac korzystnie dla ciebie i przywróci szczescie. Otrzymasz nieoczekiwany telefon od przyjaciela i to podniesie twój nastrój. Niektórzy krewni omówia z Toba problemy, a Ty bedziesz szczesliwy mogac im pomóc i postarasz sie je jak najbardziej pocieszyc. </KING-OF-CUPS-ONE >
<ACE-OF-PENTACLES-ONE >Jestes teraz w przyjemnym okresie, a dobrobyt bedzie na dobrej drodze. Bedziesz równiez w stanie pozwolic sobie na zakup czegos, czego nie mogles wczesniej kupic. Twoja relacja z rodzina bedzie szczesliwa i zdrowa, wszystko bedzie na swoim miejscu. Mozesz zaplanowac spotkanie z jakimis starymi przyjaciólmi lub skonczyc majac z nimi spontaniczne plany. </ACE-OF-PENTACLES-ONE >
<TWO-OF-PENTACLES-ONE >Zobaczysz, ze próba zrównowazenia sytuacji w domu staje sie bardzo trudna. Znajdziesz sie w fazie rozproszenia i bedziesz mial trudnosci z koncentracja na swoim zyciu osobistym. Odwrócenie uwagi moze byc spowodowane pewnymi obciazeniami zwiazanymi z praca. Poczujesz sie lepiej, gdy zaczniesz spotykac sie z nowymi ludzmi. </TWO-OF-PENTACLES-ONE >
<THREE-OF-PENTACLES-ONE >Ta karta wskazuje, ze bedziesz pochloniety jakimis hobby lub innymi zajeciami, a ukochana osoba lub ktos niespodziewanie przybedzie z prezentami i innymi mozliwosciami. Moga wystapic pewne oficjalne trudnosci, przez które bedziesz musial przejsc wraz z rodzina. </THREE-OF-PENTACLES-ONE >
<FOUR-OF-PENTACLES-ONE >Perspektywa biznesowa, sprzedaz lub jakas inna okazja wkrótce dotrze do Twoich drzwi. Bedzie to wymagalo wsparcia i przewodnictwa Twoich bliskich. Bedziesz robic plany z przyjaciólmi i nie moze byc pewne nieprzyjemne konfrontacje, ale bedziesz w stanie sobie z tym poradzic. </FOUR-OF-PENTACLES-ONE >
<FIVE-OF-PENTACLES-ONE >Ta karta pokazuje, ze byc moze trzeba bedzie zmierzyc sie z pewnymi stresujacymi sytuacjami, próbujac zrównowazyc stabilnosc psychologiczna i emocjonalna, ale zostaniesz poproszony o wskazówki od niektórych czlonków rodziny. Bedziesz teraz uczuciowy dla swoich przyjaciól, ale nie znajdziesz czasu, aby sie z nimi skontaktowac. </FIVE-OF-PENTACLES-ONE >
<SIX-OF-PENTACLES-ONE >Z powodu pewnych problemów mozesz nie czuc spokoju z niektórymi swoimi przyjaciólmi lub wspólpracownikami. Czlonek rodziny moze wydawac sie nieszczesliwy i chcialby spedzic troche czasu samemu lub udac sie na pielgrzymke. </SIX-OF-PENTACLES-ONE >
<SEVEN-OF-PENTACLES-ONE >Poczujesz sie niespokojny i niespokojny, poniewaz niektóre z twoich finansów wydaja sie gdzies utknac, ale bedzie naplyw pieniedzy z innego zródla. Niektóre problemy zdrowotne zmusza Cie do zrobienia sobie krótkiej przerwy. Znajdziesz czas, aby skontaktowac sie z przyjaciólmi i spedzic z nimi troche czasu. </SEVEN-OF-PENTACLES-ONE >
<EIGHT-OF-PENTACLES-ONE >Bedziesz troche zdezorientowany próbujac znalezc rozwiazania dla swoich problemów domowych. Twoja rodzina moze nie zachowywac sie z Toba teraz bardzo sprawnie i nie bedzie przeszkód w planach. Uda Ci sie znalezc równowage pomiedzy zyciem osobistym i zawodowym i spedzisz czas z najblizszymi. </EIGHT-OF-PENTACLES-ONE >
<NINE-OF-PENTACLES-ONE >Niektóre prace, które mozesz wykonywac z domu lub po prostu wykonujac kilka telefonów, beda Cie zajmowac przez jakis czas. Twoi przyjaciele i rodzina beda teraz przy Tobie na kazdym kroku i beda Cie prowadzic, podejmujac kluczowe decyzje. Bedziesz uczestniczyl w dyskusjach na temat pracy, która zblizy przyjaciól i wspólpracowników. </NINE-OF-PENTACLES-ONE >
<TEN-OF-PENTACLES-ONE >Ta karta wskazuje, ze bedziesz teraz cieszyc sie spotkaniami towarzyskimi i spedzac czas z przyjaciólmi i rodzina. Bedziesz czul sie bardziej zwiazany z rodzina i poprosi o wskazówki, których z radoscia udziela. Nadszedl czas, abys poznal nowych ludzi i ci ludzie stana sie czescia twojego zycia. </TEN-OF-PENTACLES-ONE >
<PAGE-OF-PENTACLES-ONE >Ty mozesz dostawac troszke stresujacy out przez twój goraczkowego harmonogram i próbuje robic planom isc out z kochajacymi ones. Tam  moze byc partnerem który ty czekasz ja ale ja no okazuje sie byc sposobem ty chciales ja i to denerwuje ciebie. Ale dolozysz wszelkich staran, aby to zadzialalo. </PAGE-OF-PENTACLES-ONE >
<KNIGHT-OF-PENTACLES-ONE >Bedziesz teraz w dobrym nastroju i moze skonczyc sie na zakupach lub wyjsciu na duze wydatki. Wystapia pewne napiecia miedzy Toba a jednym z czlonków Twojej rodziny, w zwiazku z czym powstrzymasz sie od bycia z nimi zbytnio. Teraz znajdziesz wsparcie w swoich przyjaciolach, a jesli byly jakies róznice, to zostana one rozwiazane. </KNIGHT-OF-PENTACLES-ONE >
<QUEEN-OF-PENTACLES-ONE >Ta karta wskazuje, ze bedziesz robil plany na przyszlosc, majac na uwadze swoja kariere, przyjaciól i rodzine. Bedzie to zdrowa burza mózgów z pomyslami podczas rozmowy z przyjaciólmi. Poczujesz sie blisko rodziny i zaoferujesz pomoc w rozwiazaniu niektórych problemów. </QUEEN-OF-PENTACLES-ONE >
<KING-OF-PENTACLES-ONE >Bedziesz teraz zajety czynnosciami zwiazanymi z duza iloscia papierkowej roboty. Spedzisz czas z przyjaciólmi, a takze zyskasz pewne korzysci. Znajdziesz sie w takiej sytuacji, ze bedzie cie to kusilo do wyjazdu na wakacje lub mala wycieczke z rodzina, ale wszystko bedzie musialo zostac wstrzymane. </KING-OF-PENTACLES-ONE >
<ACE-OF-SWORDS-ONE >Dostaniesz niespodziewane, ale przyjemne niespodzianki i bedziesz sie tym cieszyc. Bedzie duzo presji i niepokoju w domu pomiedzy czlonkami rodziny i to sprawi, ze poczujesz sie obojetny. Spróbujesz zaufac swoim przyjaciolom i spróbujesz szukac rady i pociechy. </ACE-OF-SWORDS-ONE >
<TWO-OF-SWORDS-ONE >Istnieja oznaki, ze wyruszasz z najblizszymi z róznych powodów. Bedziesz musial stawic czola problemom zwiazanym z pieniedzmi, a jesli bedziesz mial szczescie, ktos bedzie bardzo pomocny. Po prostu zachowaj cierpliwosc, a wszystkie argumenty zostana odpoczete w krótkim czasie. </TWO-OF-SWORDS-ONE >
<THREE-OF-SWORDS-ONE >Jak to zawsze ma miejsce w rodzinach, równiez wy mozecie byc sfrustrowani z powodu presji spelnienia wysokich oczekiwan. Mozesz czuc sie troche nieswojo z powodu poczucia winy i spróbujesz przekonac siebie do rozwiazania problemów i powrotu do normalnosci. </THREE-OF-SWORDS-ONE >
<FOUR-OF-SWORDS-ONE >Byc moze bedziesz musial przejsc przez pewne formalnosci prawne i nie bedzie to bardzo przyjemne doswiadczenie. Bedziesz czul sie bezradny w niektórych sytuacjach, jak widzisz ukochana osobe przechodzaca przez trudna faze. To moze nie byc najlepszy czas, aby spedzic z przyjaciólmi, jak bedziesz czuc sie rozczarowany ogólnie. </FOUR-OF-SWORDS-ONE >
<FIVE-OF-SWORDS-ONE >Po dlugim okresie przyjmowania leków, w koncu pozbedziesz sie wizyt u lekarza i wyzdrowiejesz. Twoja rodzina poczuje sie nostalgicznie i bedzie stala po twojej stronie. Mozesz byc obciazony pewnymi obowiazkami, co moze prowadzic do frustracji. Bedziesz równiez oddawac sie niektórym zakupom, zwlaszcza w domu. </FIVE-OF-SWORDS-ONE >
<SIX-OF-SWORDS-ONE >Ta karta pokazuje, ze mozesz napotkac pewne problemy i trudnosci w rozwiazywaniu problemów zwiazanych z domem. Poczujesz silny zwiazek z rodzina i postarasz sie byc teraz z rodzina i przyjaciólmi o wiele wiecej. Bedziesz sie równiez staral prowadzic niektórych z Twoich bliskich. </SIX-OF-SWORDS-ONE >
<SEVEN-OF-SWORDS-ONE >Nagle spotkanie ze starym przyjacielem jest wskazane i okaze sie korzystne. Moze byc kilka drobnych rzeczy, które dodadza ci problemów i sprawia, ze poczujesz sie niekomfortowo. Mozesz miec argumenty i konflikt interesów z rodzina, ale i tak utrzymasz wiez. </SEVEN-OF-SWORDS-ONE >
<EIGHT-OF-SWORDS-ONE >Moga wystapic pewne problemy zwiazane z pewnymi przyjaciólmi i bedziesz musial podjac pewne stanowcze decyzje. Nie moze byc równiez romantyczny etap, w którym mozna polaczyc sie z kochankiem. Bedziesz cieszyc sie troche czasu jakosci z rodzina i bedzie bardzo zadowolony z tego powodu. </EIGHT-OF-SWORDS-ONE >
<NINE-OF-SWORDS-ONE >Ta karta wskazuje, ze czujesz sie teraz niespokojny z powodu kogos. Moze byc jakis krewny, który bedzie sie zajmowal sprawami zwiazanymi z pieniedzmi i bedziesz staral sie pomóc. Poprawi to Twoja reputacje wsród krewnych. Byc moze bedziesz musial odejsc od kogos lub czegos, co sprawi, ze poczujesz sie bezbronny emocjonalnie. </NINE-OF-SWORDS-ONE >
<TEN-OF-SWORDS-ONE >Zapiszesz sie na kilka programów jakosciowych, które pomoga Ci rozwinac sie jako osoba i zwiekszyc Twoja koncentracje. Mozesz czuc sie troche odizolowany i niepewny i spróbujesz sobie z tym poradzic. Drogi czlowiek moze cie skrzywdzic, a to stawia przed toba dylemat. </TEN-OF-SWORDS-ONE >
<PAGE-OF-SWORDS-ONE >Na drodze moga pojawic sie nieprzyjemne wiesci, które bardzo zepsuja Twój nastrój. Mozesz zaplanowac wizyte u krewnego w odleglym miejscu lub na odwrót. Bedziesz stale podejmowac wysilki, aby zbudowac i rozwijac swoje romantyczne zycie i bedzie to doceniane przez partnera lub przyjaciela. </PAGE-OF-SWORDS-ONE >
<KNIGHT-OF-SWORDS-ONE >Ta karta wskazuje, ze bedziesz na imprezie i bedziesz widoczny przy wielu okazjach w dobrym nastroju. Moga wystapic pewne konfrontacje w rodzinie i bedziesz chcial sluchac i pracowac na rzecz poprawy sytuacji. Bedzie to równiez wymagalo pewnych wskazówek od ukochanej osoby. </KNIGHT-OF-SWORDS-ONE >
<QUEEN-OF-SWORDS-ONE >Ta karta wskazuje, ze bedzie to dla ciebie trudna faza. Zle wiesci moga nadejsc ze wszystkich stron, w tym z przyjaciólmi i rodzina. Bedzie Ci trudno sobie z tym poradzic, ale Twoi bliscy beda sie starali, abys czul sie swobodnie. </QUEEN-OF-SWORDS-ONE >
<KING-OF-SWORDS-ONE >Moga wystapic pewne konflikty z rodzina dotyczace Twojego sposobu zycia, co moze Cie zdenerwowac. Mozesz równiez rozwazyc przeprowadzke do hostelu lub nowego mieszkania. Klopoty beda Cie gonic i mozesz nieoczekiwanie stac sie czescia skandalu, jesli nie zachowasz ostroznosci. </KING-OF-SWORDS-ONE >
<ACE-OF-WANDS-ONE >Bedziesz mial pewne problemy zawodowe i w zgodzie z rodzina, zdecydujesz sie rzucic prace i zaczac cos na wlasna reke. Moga wystapic pewne opóznienia z powodu pewnych formalnosci i bedziesz musial odwolac pewne spotkania lub zjazdy. </ACE-OF-WANDS-ONE >
<TWO-OF-WANDS-ONE >Ta karta wskazuje, ze rozwiazesz swoje problemy z jednym z czlonków rodziny i spróbujesz przywrócic normalnosc. Aktualnosci sa w drodze i ta informacja pomoze Ci w przyszlosci. Bedziesz gotów pomóc przyjacielowi, ale dowiesz sie, ze intencje nie sa takie, jakie zalozyles. </TWO-OF-WANDS-ONE >
<THREE-OF-WANDS-ONE >Starsi w twojej rodzinie udziela ci cennych porad dotyczacych dokumentów i finansów. Zrobisz sobie przerwe od wszystkiego, aby zrobic to, co lubisz i bedzie to smialy krok. Bedziesz szukal wsparcia u swoich przyjaciól i postarasz sie rozszerzyc swoje marzenie o swoich bliskich. </THREE-OF-WANDS-ONE >
<FOUR-OF-WANDS-ONE >Bedziesz musial zmierzyc sie z pewnym stresem i frustracja z powodu walk rodzinnych i konfrontacji. Ale w koncu ty i twoi bliscy rozwiazecie problemy i utrzymacie pokój. Moze byc ktos, kto nie chce nic dobrego dla ciebie i bedzie próbowal oszukac cie w cos zlego, wiec zaleca sie, abys zachowal czujnosc. </FOUR-OF-WANDS-ONE >
<FIVE-OF-WANDS-ONE >Bedziesz czul sie zirytowany i zdenerwowany z powodu niektórych niekontrolowanych sytuacji, które powstaly z powodu kogos z zewnatrz. Moze byc ktos, kto próbuje zniszczyc twoja rodzine lub majatek i musisz byc ostrozny. Twoi przyjaciele i rodzina pomoga ci przejsc przez wewnetrzny proces oczyszczania. </FIVE-OF-WANDS-ONE >
<SIX-OF-WANDS-ONE >Ta karta wskazuje, ze choc nie bedziesz bardzo szczesliwy w swoich osobistych staraniach, postarasz sie dogonic przyjaciela lub rodzine i zaplanowac z nimi bloga podróz. Byc moze bedziesz musial poradzic sobie z problemami finansowymi, przez które przechodzi krewny. </SIX-OF-WANDS-ONE >
<SEVEN-OF-WANDS-ONE >Bedziesz musial zonglowac swoja droge przez goraczkowy harmonogram pracy i czas rodzinny, a to zaatakuje twoje zycie osobiste, jesli nie osiagniesz równowagi. Skontaktujesz sie ze starym przyjacielem i bedzie to mile spotkanie. </SEVEN-OF-WANDS-ONE >
<EIGHT-OF-WANDS-ONE >Ta karta wskazuje, ze bedziesz musial walczyc miedzy praca a domem i prawie nie znajdziesz czasu dla swojej rodziny. Na kartach jest równiez swietowanie z powodu dobrych wiesci w rodzinie. Bedziesz musial ostroznie obchodzic sie z przyjaciólmi, poniewaz moze dojsc do nieporozumien. </EIGHT-OF-WANDS-ONE >
<NINE-OF-WANDS-ONE >Postarasz sie pomóc krewnemu w niektórych kwestiach prawnych i zwiazanych z tym formalnosci. Niektóre problemy zostana rozwiazane ze starym przyjacielem, a spotkanie jest wskazane. Jestes niecierpliwie czeka na jakies wiadomosci od ukochanej osoby i ten niepokój sprawi, ze poczujesz sie niespokojny. </NINE-OF-WANDS-ONE >
<TEN-OF-WANDS-ONE >Praca na twoich ramionach bedzie wiazala sie z duzym obciazeniem i bedziesz staral sie wypelniac swoje zobowiazania. Bedziesz mial nie tylko oficjalna prace, ale takze sprawy osobiste, którymi nalezy sie zajac. Moze sie zdarzyc, ze pomiedzy Toba a przyjacielem lub ukochana osoba bedzie splajtowana, a Ty nie bedziesz wiedzial, jak to naprawic. Nie bedzie to dobre ani dla Ciebie, ani dla Twojego przyjaciela. </TEN-OF-WANDS-ONE >
<PAGE-OF-WANDS-ONE >Przechodzisz przez trudna faze i bedziesz chcial sie izolowac na jakis czas, co bedzie dotyczylo twoich przyjaciól i rodziny. Bedziesz próbowal uporzadkowac sprawy w swoim zyciu, podejmujac oceniane decyzje i wymagalbys w tym celu pewnego wsparcia ze strony przyjaciela. </PAGE-OF-WANDS-ONE >
<KNIGHT-OF-WANDS-ONE >Krótka podróz jest wskazany, aby odmlodzic siebie i bedziesz rozwazac zycie w zwiazku, aby spedzic wiecej czasu z partnerem. Sprawy nie potocza sie zgodnie z oczekiwaniami z czlonkami rodziny i przyjaciólmi ze wzgledu na pewne nietypowe okazje i bedziesz musial usunac czas dla przyjaciela, który bedzie szukal twojego wsparcia i wskazówek. </KNIGHT-OF-WANDS-ONE >
<QUEEN-OF-WANDS-ONE >Bedziesz w trybie duchowym i bedziesz chcial wprowadzic pewna samoregulacje i dyscypline. Sa szanse, ze nawiazesz nowe polaczenia lub stare polaczenia zostana odmlodzone i wzmocnione. </QUEEN-OF-WANDS-ONE >
<KING-OF-WANDS-ONE >Ta karta wskazuje, ze mozesz miec do czynienia z sytuacjami zwiazanymi z choroba. Moga istniec pewne przedsiewziecia, które beda wymagaly przeniesienia sie w inne miejsce. W koncu poczujesz sie zwolniony z poczucia izolacji i bedzie lepiej. </KING-OF-WANDS-ONE >
<THE-MAGICIAN-ONE >Skupiasz sie teraz na nowych poczatkach i wskazane jest, abys nie uganial sie za czyms, czego szanse na zdobycie sa minimalne. Wkrótce otrzymasz cenna lub istotna pomoc od jednego z Twoich przyjaciól. Niektóre plany zostana przygotowane wraz z krewnym lub sa szanse na zmiane planów ukochanej osoby. </THE-MAGICIAN-ONE >
<THE-HIGH-PRIESTESS-ONE >Ta karta wskazuje, ze w sklepie jest dla Ciebie mila niespodzianka i bedziesz zachwycony, ze ja dostaniesz. Nie bedziesz czul sie przywiazany do czlonków swojej rodziny teraz z powodu pewnego stresu i twoje równanie z przyjaciólmi moze sie teraz poprawic. </THE-HIGH-PRIESTESS-ONE >
<THE-EMPRESS-ONE >Poczujesz sie troche rozkojarzony z powodu róznych dyskusji w twojej rodzinie i bedziesz pragnal spokoju ducha. Rozwazysz równiez mozliwosc odejscia na jakis czas. Bedziesz czul sie troche winny z powodu czegos, co zrobiles swojemu przyjacielowi i nadszedl czas, aby stawic czola swojemu strachowi i dokonac pewnych wyznan. </THE-EMPRESS-ONE >
<THE-EMPEROR-ONE >Jesli planujesz odwiedzic krewnego lub bliska osobe, to wizyta zakonczy sie sukcesem, ale podróz nie bedzie bardzo udana. Jest to czas, w którym bedziesz otoczony przez wielu przyjaciól, którzy stana sie Twoim systemem wsparcia, a nawet zainspiruja Cie do pewnego stopnia, poniewaz czujesz sie teraz przygnebiony. </THE-EMPEROR-ONE >
<THE-HIEROPHANT-ONE >Ta karta wskazuje, ze chcesz, aby atmosfera w domu byla bardziej radosna, a po drodze beda dobre wiesci. Bedziesz mial ciezki czas na rozmowe z przyjacielem, ale tylko rozmowa ze soba uspokoi sytuacje i bedziesz w stanie to zrozumiec i ostatecznie ureguluje sytuacje. </THE-HIEROPHANT-ONE >
<THE-LOVERS-ONE >Teraz zdajesz sobie sprawe, ze nie wszyscy sa twoimi przyjaciólmi, a niektórzy z nich zdradzaja cie, jesli nie zrobisz czegos w tej sprawie. Bedziesz w dobrych stosunkach z rodzina, a takze mozesz zaplanowac spotkanie, które bedzie spowodowane mala uroczystoscia lub jakas plywajaca dobra wiadomoscia. Niektórzy krewni moga równiez wyrzucic swój gniew, wiec musisz byc ostrozny. </THE-LOVERS-ONE >
<THE-CHARIOT-ONE >Dogonisz starych przyjaciól i bedzie to orzezwiajaca zmiana w twoim stresujacym zyciu. Bedziesz chcial pomóc krewnemu z problemami, ale on nie bedzie chcial sluchac niczego, co sprawi, ze poczujesz sie winny i bezradny. Bedziesz potrzebowal silnego wsparcia, aby potwierdzic swoje roszczenia w odniesieniu do Twojej rodziny. </THE-CHARIOT-ONE >
<STRENGTH-ONE >Ta karta wskazuje, ze bedziesz mial radosny czas z przyjaciólmi, a niektóre iskry moga powstac z jednym z przyjaciól plci przeciwnej. Bedziesz mial ciezki czas z rodzina z powodów finansowych. Nie moze byc powazne argumenty lub nawet upadek, jesli sprawy wymykaja sie spod kontroli. </STRENGTH-ONE >
<THE-HERMIT-ONE >Jest szansa, ze po dlugim czasie porozmawiasz z czlonkiem rodziny lub przyjacielem. Jesli miales do czynienia z jakimis róznicami z ukochana osoba, to zostanie to rozwiazane. Otrzymasz od bliskiej osoby wskazówki dotyczace pracy lub spraw finansowych, które okaza sie bardzo pomocne. </THE-HERMIT-ONE >
<WHEEL-OF-FORTUNE-ONE >Ta karta wskazuje, ze jeden z czlonków rodziny spowoduje wiele frustracji i rozczarowania i chcialbys odejsc od tej osoby. Niektóre rundy zostana podjete do lekarza z powodu dolegliwosci w rodzinie i to spowoduje wiele stresu. </WHEEL-OF-FORTUNE-ONE >
<JUSTICE-ONE >Prawdopodobnie dowiesz sie, ze jeden z czlonków twojej rodziny lub krewnych napotka problemy, które beda mialy wplyw na ciebie i twoje decyzje. Rzeczy nie beda tak gladkie, jak sie spodziewales, poniewaz bedzie kilka komplikacji z rodzina i przyjaciólmi, ale ta faza w koncu przejdzie. </JUSTICE-ONE >
<THE-HANGED-MAN-ONE >Twoja rodzina i przyjaciele beda Cie wspierac w nowym przedsiewzieciu, które realizujesz, a droga osoba poprowadzi Cie przez nie. Nie moze byc pewne argumenty, ale tylko z powodu zmiany perspektywy i to zostanie latwo rozwiazane. Bedziesz musial wlozyc wysilek w utrzymanie starych relacji. </THE-HANGED-MAN-ONE >
<DEATH-ONE >ta karta wskazuje, ze bedzie to czas prosperity dla Ciebie i Twojej rodziny oraz ze mozesz równiez rozwazyc nauke pracy w gospodarstwie domowym z róznych powodów. Moga wystapic pewne zmiany lub niezreczne chwile miedzy Toba a Twoimi przyjaciólmi z powodu pewnych niezwyklych okolicznosci, ale wkrótce naprawisz wszystko tak, jak bylo. </DEATH-ONE >
<TEMPERANCE-ONE >Zauwazysz, ze twoja rodzina i krewni beda dla ciebie bardzo pomocni i udziela ci wlasciwych rad dotyczacych twojego zycia osobistego. Pomiedzy Toba a bliska Ci osoba pojawi sie fala emocjonalna. Bedziesz musial zachowac spokój i radzic sobie z sytuacjami, poniewaz mozesz sie latwo pogorszyc. </TEMPERANCE-ONE >
<THE-DEVIL-ONE >Ta karta wskazuje, ze teraz bedziesz mial duzo emocji i bedziesz mial trudnosci z przelozeniem tego, czego naprawde chcesz, ale na razie spróbuje zrównowazyc sytuacje. Moze wystapic huragan konfliktu w mózgu, poniewaz jestes zajety wieloma niepokojacymi myslami w tym samym czasie. </THE-DEVIL-ONE >
<THE-TOWER-ONE >Nie bedzie to bardzo przyjemny czas, poniewaz byc moze trzeba bedzie zmierzyc sie z trudnymi faktami, zarówno finansowo, jak i osobiscie. Moze to równiez prowadzic do zalamania, ale Twoi drodzy pomoga Ci przez to przejsc. Bedziesz szczesliwy i niefortunny w tym samym czasie z powodu okolicznosci, w których sie znajdujesz. </THE-TOWER-ONE >
<THE-STAR-ONE >Zauwazysz, ze niektórzy z twoich krewnych moga napotkac problemy zwiazane z papierkowa robota i przeskoczysz do pomocy. Moze sie zdarzyc, ze uslyszysz dobra wiadomosc od kogos, kto bedzie bardzo stymulujacy i da ci poczucie wspólnoty, która sprawi, ze poczujesz sie komfortowo i z ulga. </THE-STAR-ONE >
<THE-MOON-ONE >Moga zaistniec sytuacje, które sprawia, ze poczujesz sie bezbronny, zdezorientowany i niepewny. Mozesz myslec bardzo emocjonalnie o przyjacielu lub bliskim, a to zostawi cie w lzawienie mysli o tym, co robic, a czego nie robic. Twoje plany spotkania sie z przyjacielem lub krewnym okaza sie bardzo przygnebiajace. </THE-MOON-ONE >
<THE-SUN-ONE >Teraz próbujesz zalatwic sprawy tak, jak chcesz, aby twoje zycie bylo zrównowazone. Bedziesz rozmawial ze swoimi krewnymi, ale poczujesz, ze nie wspieraja cie. Pomyslisz o mieszaniu biznesu z przyjemnoscia lub spróbujesz nawiazac wiezi przyjazni w miejscu pracy, ale to nie bedzie bardzo dobrym pomyslem. </THE-SUN-ONE >
<JUDGEMENT-ONE >Ta karta wskazuje, ze bedziesz musial podjac kilka bardzo waznych decyzji i bedzie to dotyczylo starego lub drogiego przyjaciela. Dobre wiesci moga równiez nadejsc za posrednictwem jednego z Twoich przyjaciól lub krewnych. Twoje relacje z przyjaciólmi i krewnymi beda coraz silniejsze. </JUDGEMENT-ONE >
<THE-WORLD-ONE >W twojej glowie bedzie narastal duzy nacisk i moze to byc po prostu osiagniecie najwyzszego punktu przed eksplozja. Nadszedl czas, aby udac sie na wakacje lub jakies odlegle miejsce na jakis czas. Bedziesz szukal wsparcia u swoich przyjaciól, a niektórzy z nich chetnie zaakceptuja je i dodadza Ci otuchy. </THE-WORLD-ONE >
<THE-FOOL-ONE >Bedziesz w stanie pomóc jednej ze swoich krewnych, ale ten krewny moze stracic te mozliwosc z powodu ich lekkomyslnosci. Osoba ci bliska uswiadomi ci, ze zachowujesz sie bezbronnie i dlatego ktos cie wykorzystuje, co na dluzsza mete okaze sie zle.</THE-FOOL-ONE >
</ROOT>
