﻿{"cameraMode":{"drawMode":0,"name":"Shaded","section":"Shading Mode"},"sceneLighting":false,"audioPlay":false,"sceneViewState":{"showFog":true,"showMaterialUpdate":false,"showSkybox":false,"showFlares":true,"showImageEffects":true,"showParticleSystems":true},"in2DMode":false,"pivot":{"x":0.49561941623687746,"y":3.050593852996826,"z":52.46833419799805},"rotation":{"x":-0.40052077174186709,"y":-0.5392369627952576,"z":0.3350769877433777,"w":-0.6609517335891724},"size":14.487128257751465,"orthographic":false}