﻿{"cameraMode":{"drawMode":0,"name":"Shaded","section":"Shading Mode"},"sceneLighting":false,"audioPlay":false,"sceneViewState":{"showFog":true,"showMaterialUpdate":false,"showSkybox":false,"showFlares":true,"showImageEffects":true,"showParticleSystems":true},"in2DMode":false,"pivot":{"x":0.0,"y":-22.700000762939454,"z":161.760009765625},"rotation":{"x":0.16395892202854157,"y":0.00030908267945051193,"z":0.0060446420684456829,"w":-0.9866205453872681},"size":892.402099609375,"orthographic":false}