<?xml version="1.0" encoding="utf-8" ?>
<ROOT>
<ACE-OF-CUPS-ONE >Questa carta indica che farai qualche passo azzardato ed entrerai in una nuova avventura senza essere stressato e vessato dai rischi coinvolti e, alla fine, questo progetto ti aiuterà a prenderti cura dei tuoi bisogni. Questo è un buon momento per assumersi dei rischi dal momento che ne guadagnerai benefici finanziari. </ACE-OF-CUPS-ONE >
<TWO-OF-CUPS-ONE >Qualsiasi disputa o contratto finanziario sarà concordato e stabilito e questo ti farà sentire sollevato. I tuoi profitti negli affari potrebbero aumentare o potresti avere presto un aumento di salario. </TWO-OF-CUPS-ONE >
<THREE-OF-CUPS-ONE >Questa carta indica che avrai una stabile fonte di entrate ora e avrai una giusta suddivisione tra entrate e spese. Ci sarà un buon flusso in entrata di denaro attraverso varie piccole fonti e ti sentirai contento. </THREE-OF-CUPS-ONE >
<FOUR-OF-CUPS-ONE >Questa carta mostra che se ci saranno irregolarità finanziarie o qualsiasi situazione riguardo le finanze allora sarai in una posizione di affrontarle con tatto. Sarai molto perspicace e capace nel completare i compiti, specialmente nel raccogliere soldi o sistemare qualsiasi questione legale correlata al denaro. </FOUR-OF-CUPS-ONE >
<FIVE-OF-CUPS-ONE >Questa carta indica che ora dovrai prestare attenzione al tuo stato monetario e le tue finanze sembreranno un po' instabili. Devi fare ogni passo verso le spese attentamente e solo un approccio pratico e fermo ti aiuterà in questa situazione. </FIVE-OF-CUPS-ONE >
<SIX-OF-CUPS-ONE >Questa carta suggerisce che dovrai preoccuparti di più delle tue finanze adesso. Le tue spese e le tue entrate saranno sotto controllo e i soldi fluiranno da direzioni diverse. Ti sentirai felice per i tuoi guadagni e ci potranno essere jackpot improvvisi che potresti ricevere che potrebbero lasciarti piacevolmente scioccato. </SIX-OF-CUPS-ONE >
<SEVEN-OF-CUPS-ONE >Questa carta indica che ci sarà una qualche piccola crisi in relazione alle tue spese ma riuscirai a risolverla. Non ti dovrai preoccupare molto dal momento che le cose prenderanno una giusta piega presto e c'è anche la possiblità che ricaverai qualche piccolo guadagno da varie fonti. </SEVEN-OF-CUPS-ONE >
<EIGHT-OF-CUPS-ONE >Questa carta mostra che dovrai tenere d'occhio le tue spese dal momento che potresti attraversare una situazione in cui le spese continueranno a crescere anche se cerchi di frenarle. Sentirai che i tuoi guadagni non sono abbastanza per prenderti cura delle tue spese e potrebbero anche lasciarti un po' deluso e insoddisfatto. </EIGHT-OF-CUPS-ONE >
<NINE-OF-CUPS-ONE >Questa carta indica che dovrai affrontare un po' di insoddisfazione in termini di guadagni monetari. Otterrai del denaro dai tuoi debitori tra un po' ma ci potrebbero essere alcune contense a causa delle relazioni con i soldi. Ma sistemerai bene la situazione e le cose si risolveranno. </NINE-OF-CUPS-ONE >
<TEN-OF-CUPS-ONE >Questa carta mostra che vorrai lasciarti andare e spendere un po' più dell'usuale e indulgerai in qualche vizio. Finirai anche per comprare regali per le persone care e lo spendere non ti seccherà fin quando i tuoi guadagni miglioreranno e ti permetteranno di indulgere un po' con la tua famiglia e i tuoi amici. </TEN-OF-CUPS-ONE >
<PAGE-OF-CUPS-ONE >Ti aspetterai una promozione o qualche tipo di qualifica ed è probabile che accada presto. Ci saranno anche più opportunità che busseranno alla tua porta presto perciò non ci sono tanti motivi per preoccuparsi. </PAGE-OF-CUPS-ONE >
<KNIGHT-OF-CUPS-ONE >Questa carta mostra che hai fortuna nel tuo cammino quando si tratta della tua situazione finanziaria. Otterrai piacevoli sorprese in termini monetari come un aumento di stipendio, aumento di profitti o una gran quantità di denaro da una fonte inaspettata. Sei i tuoi soldi erano bloccati da qualche parte, ritorneranno da te. </KNIGHT-OF-CUPS-ONE >
<QUEEN-OF-CUPS-ONE >Questa carta indica che non ti sentirai vulnerabile finanziariamente nel breve periodo. Ci saranno un sacco di persone pronte ad aiutarti in caso di crisi finanziaria o se stai cercando una guida per gli investimenti allora l'otterrai dalle persone giuste. Non avrai troppi problemi nel ricevere commissioni o soldi da altre fonti. </QUEEN-OF-CUPS-ONE >
<KING-OF-CUPS-ONE >Questa carta indica che avrai una fonte in ingresso di soldi dal tuo lavoro o nuove avventure. Se stai facendo nuovi affari o firmando nuovi contratti, allora devi stare attento alla documentazione e a tutti i termini e le condizioni, dal momento che potrebbero esserci alcuni elementi che potrebbero osservare le tue mosse. </KING-OF-CUPS-ONE >
<ACE-OF-PENTACLES-ONE >Questa carta indica che pregherai per avere diverse fonti di denaro e stavolta la fortuna sarà dalla tua parte e riceverai una nuove fonte di introiti. Penserai un sacco alla tua situazione finanziaria a lungo termine e ci saranno alcuni piani o avventure che potresti incontrare sul cammino. </ACE-OF-PENTACLES-ONE >
<TWO-OF-PENTACLES-ONE >Questa carta indica che ti troverai in un processo di pianificazione finanziaria negli affari e nella vita personale e otterrai il consenso delle persone coinvolte. Se ci sono delle possibilità che tu stia pianificando un investimento, allora ci saranno un sacco di spese coinvolte. Dovrai tenere le tue spese sotto controllo. </TWO-OF-PENTACLES-ONE >
<THREE-OF-PENTACLES-ONE >Questa carta indica che i soldi verranno da te a partire da fonti inaspettate e avrai il supporto di famiglia e amici. Vorrai anche provare a trovare una fonte per introiti extra e potresti riaprire progetti e attività in attesa in questa ricerca o iniziarne di nuovi </THREE-OF-PENTACLES-ONE >
<FOUR-OF-PENTACLES-ONE >Questa carta mostra che ci saranno un sacco di attività per quanto riguarda il trasferimento di soldi. Dovrai maneggiare un sacco di scartoffie che potrebbero includere alcune formalità legali per guardagnare qualche tornaconto economico. Troverai la stabilità finanziaria e ne avrai abbastanza da prenderti cura delle spese regolari. </FOUR-OF-PENTACLES-ONE >
<FIVE-OF-PENTACLES-ONE >Questa carta indica che potresti spendere sul miglioramento personale e nel viziarti. Le tue finanze saranno a posto dal momento che sarai capace di coprire tutte le tue spese e anche la fortuna sarà dalla tua parte perchè farai progressi nonostante tanti problemi e ostacoli. </FIVE-OF-PENTACLES-ONE >
<SIX-OF-PENTACLES-ONE >Questa carta indica che i tempi saranno un po' duri per te dal momento che potresti avere seccature. I tuoi amici potrebebro darti per scontato e non restituire i soldi o potresti non ricevere gli affitti in tempo. Questo condurrà ad aggravare la situazione e alcuni disturbi mentali potrebbero insorgere insieme a conflitti. Ti suggerisce di mantenere la calma in queste situazioni. </SIX-OF-PENTACLES-ONE >
<SEVEN-OF-PENTACLES-ONE >Questa carta mostra che le cose potrebebro sembrare molto cupe riguardo alle finanze all'inizio e le cose potrebbero essere molto vaghe e poco chiare. Ma ci sarà presto un certo guadagno economico attraverso gli affari o le avventure personali con l'aiuto e la guida di qualcuno vicino a te e questo ti darà una nuova speranza. </SEVEN-OF-PENTACLES-ONE >
<EIGHT-OF-PENTACLES-ONE >Questa carta mostra che sarai fortunato nell'aspetto monetario per un po' e non ci saranno questioni in relazione ai soldi. Ci saranno alcuni guadagni economici o comprerai finalmente le cose che volevi. La chiave per una vita felice è essere felice di quello che ottieni e questo sarà vero per te per un po'. </EIGHT-OF-PENTACLES-ONE >
<NINE-OF-PENTACLES-ONE >Questa carta indica che avrai una bella quantità di buona fortuna con te ora e le cose sembreranno scorrere nella giusta direzione anche in termini monerati. Se avevi qualsiasi tipo di guaio finanziario allora questi si risolveranno e ci saranno anche buone notizie in arrivo. </NINE-OF-PENTACLES-ONE >
<TEN-OF-PENTACLES-ONE >Questa carta mostra che ci sarà un bilancio giusto tra i tuoi guadagni e le tue spese e risolverai alcuni conti domestici che porteranno via la maggior parte dei tuoi soldi. Se stavi aspettando per fare un qualche acquisto o qualche importante decisione riguardo i soldi, allora le farai. </TEN-OF-PENTACLES-ONE >
<PAGE-OF-PENTACLES-ONE >Questa carta indica che le tue finanze saranno ben bilaciate adesso ma ci saranno momenti in cui potrebbero sembrare insufficienti. Questo potrebbe aggravarti e portarti a forti reazioni. è necessario che tu ti calmi un po' e questa carta suggerisce che dei tempi migliori sono in arrivo. </PAGE-OF-PENTACLES-ONE >
<KNIGHT-OF-PENTACLES-ONE >Questa carta suggerisce che non ci saranno problemi nelle tue condizioni finanziarie. Sebbene ci possano essere alcune parti che non sono desiderose di restituire i soldi e questo potrebbe essere una fonte di preoccupazione. Potresti non essere rassicurato ora ma ci saranno presto delle cose positive che potrebbero accaderti. </KNIGHT-OF-PENTACLES-ONE >
<QUEEN-OF-PENTACLES-ONE >Questa carta mostra che se qualcuno aveva i tuoi soldi oppure ne hai persi un po', allora è più probabile che li riavrai e le cose si sistemeranno. Riavrai indietro i tuoi soldi e puoi anche aspettarti alcuni guadagni economici o aumento di introiti. </QUEEN-OF-PENTACLES-ONE >
<KING-OF-PENTACLES-ONE >Questa carta indica che non ci sarà quasi nessun problema riguardo le tue finanze. Ci saranno diverse opportunità redditizie che ti si presenteranno ma dovrai identificarle con cura. Suggerisce di portare a compimento le tue relazioni in casa o in un posto nelle vicinaze dal momento che potrebbero rivelarsi fortunate per te. </KING-OF-PENTACLES-ONE >
<ACE-OF-SWORDS-ONE >Questa carta indica che le questioni correlate ai tuoi soldi o alla finanze non saranno come ti aspettavi. Ci potrebbe essere un po' di apprensione in relazione alle spese, specialmente quelle inaspettate. I tuoi introiti saranno stabili ma dovrai camminare duro per trovare un bilancio tra gli introiti di denaro e le tue spese crescenti. </ACE-OF-SWORDS-ONE >
<TWO-OF-SWORDS-ONE >Questa carta mostra che le tue finanze saranno a posto e non ci sarà molto di cui preoccuparsi. Tuttavia, ci potrebbero essere questioni che potrebbero causare preoccupazioni riguardo una nuova avventura o servitù e ci saranno alcune cose che ti passeranno per la mente e sarai scettico nel prendere decisioni ferme. </TWO-OF-SWORDS-ONE >
<THREE-OF-SWORDS-ONE >Questa carta indica che sarà un buon periodo per te riguardo le tue finanze e ci sarà un flusso costante di denaro. Potresti guadagnare dalle fonti più inaspettate o vecchie avventure inizieranno a generare nuovi profitti. Se qualcuno dei tuoi debitori non desiderava restituirti i soldi, ora le cose si risolveranno presto. </THREE-OF-SWORDS-ONE >
<FOUR-OF-SWORDS-ONE >Questa carta mostra che i tuoi flussi di denaro saranno un po' staganti ora. Ci potrebbe anche essere una situazione in cui potresti trovarti in una discussione sui soldi con il tuo partner nel lavoro o un debitore o ci potrebbe essere un po' di delusione a causa del ritarto nei pagamenti. Ma questo caos finirà presto dal momento che le tue finanze diventeranno stabili tra un po'. </FOUR-OF-SWORDS-ONE >
<FIVE-OF-SWORDS-ONE >Questa carta indica che ci saranno introiti monetari soddisfacenti e le spese saranno bilanciate e guadagnerai anche da altre fonti. Ma, nonostante ciò, ci sarà un senso di consapevolezza riguardo le finanze. Raccomanda di non preoccuparti troppo delle tue finanze e lasciarti andare per un po'. </FIVE-OF-SWORDS-ONE >
<SIX-OF-SWORDS-ONE >Questa carta mostra che potresti avere un momento duro nel guadagnare soldi e nel prenderti cura delle tue spese dal momento che sembra che la fortuna ti abbia girato le spalle in merito ai soldi. Ma i tempi cambieranno presto e otterrai un po' di soldi senza fara chissà che e la cosa ti piacerà. </SIX-OF-SWORDS-ONE >
<SEVEN-OF-SWORDS-ONE >Questa carta indica che ti sentirai un po' nervoso o arrabbiato dal momento che ti troverai a prendere alcune decisioni indesiderate ma puoi lasciarti le preoccupazioni alle spalle dal momento che è probabile che aggiusterai velocemente le cose. Potrebbero anche esserci alcuni tipi di guadagni monetari in avvistamento o semplicemente vincerai presto qualcosa. </SEVEN-OF-SWORDS-ONE >
<EIGHT-OF-SWORDS-ONE >Questa carta mostra che sentirai che i tuoi introiti sono diventati stagnati e stai riscuotendo denaro aspettato. Cercherai di trovare strade alternative per guadagnere un po' di denaro per prenderti cura dei tuoi bisogni. Indica che avrai successo nel fare ciò e alla fine troverai una via d'uscita dai tuoi compromessi. </EIGHT-OF-SWORDS-ONE >
<NINE-OF-SWORDS-ONE >Questa carta indica che questo sarà uno dei momenti migliori della tua vita in termini monetari. Guadagnerai bene dal tuo lavoro regolare e potresti anche avere presto un aumento di salario. Potrebbero esserci alcuni nuovi accordi lavorativi trovati che potrebbero rivelarsi molto redditizi o troverai una strada parallela per guadagnare del denaro. </NINE-OF-SWORDS-ONE >
<TEN-OF-SWORDS-ONE >Questa carta mostra che se ci sono problemi finaziari che stai affrontando ora allora saranno presto risolti. Ci sono anche possibilità che avrai una sorpresa quando otterrai un qualche tipo di guadagno finaziario o benefici spaciali al lavoro da una vecchia avventura o una valutazione che ti renderà davvero felice. </TEN-OF-SWORDS-ONE >
<PAGE-OF-SWORDS-ONE >Questa carta indica che ci sarà qualcosa in relazione alle tue finanze che ti scoccerà costantemente. Ti sentirai apprensivo riguardo la tua situazione finanziaria e cercherai di frenare le tue spese. Ma questo potrebbe sembrare come un problema senza fine perchè non si sistemerà alla prima riunione. </PAGE-OF-SWORDS-ONE >
<KNIGHT-OF-SWORDS-ONE >Questa carta mostra che uno dei tuoi amici o parenti ti offrirà un nuovo accordo di collaborazione o di partecipare in una nuova avventura. Si riveleranno essere di grande aiuto e non ti chiederanno troppo in cambio; i loro gesti ti faranno sentire gratificato. </KNIGHT-OF-SWORDS-ONE >
<QUEEN-OF-SWORDS-ONE >Questa carta indica che potresti essere ingannato monetariamenmte da qualcuno. Potrebbe essere una persona che ha preso in prestito da te alcuni soldi e non desidera affatto restituirteli come affitti in ritardo, conti o materiali. Potresti anche essere agitato da ciò è finirai con l'avere discussioni o litigi. </QUEEN-OF-SWORDS-ONE >
<KING-OF-SWORDS-ONE >Questa carta suggerisce che hai bisogno di rilassarti e smettere di pensare troppo alle tue finanze. I tuoi introiti saranno stabili ma ci saranno ancora alcune pressione che prevarranno in famiglia e intorno a te a causa di alcune situazioni repulsive che non sarai in grado di evitare. </KING-OF-SWORDS-ONE >
<ACE-OF-WANDS-ONE >Questa carta indica che è probabile che tu otterrai dei guadagni finanziari. Questi guadagni saranno grazie alle tue abilità. Se stai pianificando di tenere una esibizione dei tuoi lavori o hai prodotto un concetto unico nel tuo lavoro allora è il momento giusto di metterti all'opera. </ACE-OF-WANDS-ONE >
<TWO-OF-WANDS-ONE >Questa carta mostra che se stai avendo litigi finanziari o stai pensando ad alcuni accordi finanziari allora troverai l'accordo che stavi cercando e questo ti farà sentire sollevato. Ci sono probabilità che i tuoi profitti nel lavoro aumenteranno o potresti ottenere un aumento di stipendio. </TWO-OF-WANDS-ONE >
<THREE-OF-WANDS-ONE >Questa carta suggerisce di restare in contatto con amici e colleghi dal momento che potrebbero rivelarsi di grande aiuto finanziario ora. Il tuo lavoro o i tuoi affari cominceranno a fiorire portandoti più benefici di quello che ti aspettavi. Ci sarà un accordo di lavoro stipulato che ti porterà benefici aggiuntivi che desideri tanto. </THREE-OF-WANDS-ONE >
<FOUR-OF-WANDS-ONE >Questa carta indica che le tue finanze saranno stabili ora e riceverai soldi da diverse fonti. Non avrai problemi nell'ottenere i tuoi accordi finanziari dal momento che il tuo lavoro andrà liscio e farai molto meglio di quello che stavi facendo prima. </FOUR-OF-WANDS-ONE >
<FIVE-OF-WANDS-ONE >Questa carta mostra che avrai un po' di fortuna con i soldi. Se stai affrontando qualsia tipo di litigio finanziario correlato alla proprietà o agli investimenti allora è più probabile che avrai fortuna. Maneggerai le tue finanze bene e questo ti aiuterà a risparmiare abbastanza per prenderti cura delle aspettative della tua famiglia. </FIVE-OF-WANDS-ONE >
<SIX-OF-WANDS-ONE >Questa carta indica che ci saranno alcune questioni che prevarranno in relazione ai tuoi soldi in mano ad altre persone. Questo potrebbe farti sentire immensamente preoccupato e ci potrebbero essere momenti in cui ti comporti come un taccagno senza accorgertene. Ma questi momenti difficili passeranno presto e i tuoi fondi saranno sistemati. </SIX-OF-WANDS-ONE >
<SEVEN-OF-WANDS-ONE >Questa carta suggerisce che se ci sono delle difficoltà o ostacoli in relazione ai tuoi soldi allora saranno presto risolte. Vedrai i benefici dei tuoi piani di risparmio e delle tue intelligenti mosse monetarie che ti faranno sentire felice e contento e questo potrebbe anche condurti ad essere un po' indulgente, ma te lo meriti! </SEVEN-OF-WANDS-ONE >
<EIGHT-OF-WANDS-ONE >Questa carta indica che le cose cambieranno presto in meglio per te. La tua condizione finanziaria fiorirà più di ciò che ti aspetti dal momento che stipulerai nuovi accordi fruttuosi nella tua azienda che ti aiuteranno anche a guadagnare riconoscimenti e ci saranno un sacco di riunioni da frequentare e opportunità di fare profitti nel futuro prossimo. </EIGHT-OF-WANDS-ONE >
<NINE-OF-WANDS-ONE >Questa carta mostra che la tua condizione finanziaria sarà quasi bilanciata ora dal momento che farai dei profitti e alcune perdite in breve tempo. Ma non ci sarà motivo di preoccuparsi perché guadagnerai un po' e sarai contento di poterti prendere cura delle spese giornaliere e avrai successo nel cercare nuove forme di guadagno. </NINE-OF-WANDS-ONE >
<TEN-OF-WANDS-ONE >Questa carta indica che sarai un po' scettico con i tuoi accordi monetari ora dal momento che ci saranno alcuni bisticci con i clienti o il capo che potrebbero portarti dei guai. Vorrai guardare oltre queste situazioni difficoltose per ottenere più fonti di guadagno ma questo si rivelerà essere più difficile del previsto. </TEN-OF-WANDS-ONE >
<PAGE-OF-WANDS-ONE >Questa carta mostra che vedrai i tuoi profitti scorrere; mentre alcuni aspetti del tuo lavoro saranno preoccupanti altri continueranno ancora ad essere deboli. Potrebbero anche esserci questioni con accordi con le banche o documentazione finanziaria. </PAGE-OF-WANDS-ONE >
<KNIGHT-OF-WANDS-ONE >Ci sarà ingresso di denaro da fonti inaspettate ma ancora non sarà una quantità considerevole. Il compito di raccogliere denaro dai debitori diventerà un po' oneroso e potresti non ottenere quello che davvero ti aspetti, il che potrebbe causare discussioni e delusione. </KNIGHT-OF-WANDS-ONE >
<QUEEN-OF-WANDS-ONE >Potresti essere dell'umore di voler sfoggiare e potresti indulgere più di quello che ti aspetti e il conto della tua carta di credito sarà sorprendente. Questo potrà renderti triste per un po' e penserai ad alternative a questa situazione. Ma la tua decisione si proverà, in verità, benefica in futuro. </QUEEN-OF-WANDS-ONE >
<KING-OF-WANDS-ONE >Questa carta indica che farai soldi da lavori inusuali ma cercherai di ottenere i migliori accordi dalle altre fonti. Ma il mercato diventerà molto esigente e se se un libero professionista dovrai combattere un po' per ottenere nuovi contatti e progetti. Per le persone impiegate, potrebbero doversi preparare ad affrontare a breve una dura competizione. </KING-OF-WANDS-ONE >
<THE-MAGICIAN-ONE >Questa carta indica nuovi inizi nella tua vita in termini di affari e anche accordi monetari. Puoi stare sicuro che i tuoi sforzi monetari avranno successo e il tempo a venire mostra prosperità e successo in termini di nuove avventure lavorative e altri accordi. </THE-MAGICIAN-ONE >
<THE-HIGH-PRIESTESS-ONE >Questa carta mostra che dovrai tenere d'occhio la situazione per un po'. Ti aspetti una parcella o una mail in arrivo da qualcosa correlato alle tue finanze. Questo potrebbe richiedere un po' più tempo del previsto ma alla fine otterrai i benefici a lungo aspettati. </THE-HIGH-PRIESTESS-ONE >
<THE-EMPRESS-ONE >Questa carta indica che devi organizzare un po' di più i tuoi affari finanziari ed essere attento alle informazioni che condividi con i tuoi colleghi di lavoro. Ma puoi rilasciare la tensione dal momento che è in transizione un'ingente cifra e arriverà presto a te. </THE-EMPRESS-ONE >
<THE-EMPEROR-ONE >Questa carta mostra che se i tuoi soldi o alcuni documenti monetari sono bloccati, allora saranno presto sbloccati. Ci sarà un motivo di festeggiamento dal momento che potresti ottenere una scalata nei tuoi pagamenti o qualche tipo di guadagno monetario che ti farà indulgere un po' ma non devi sentirti colpevole. </THE-EMPEROR-ONE >
<THE-HIEROPHANT-ONE >Questa carta suggerisce che dovrai bilanciare un po' i tuoi introiti e le tue spese e dovrai tener d’occhio soprattutto le spese. Avrai alcuni problemi nel riavere soldi dai debitori. Sebbene sarai preoccupato, le cose fileranno presto liscio dal punto di vista finanziario. </THE-HIEROPHANT-ONE >
<THE-LOVERS-ONE >Questa carta indica che ci sarà un buon flusso di denaro dal momento che potrai ottenere promozioni, bonus extra e altri benefici. Questo ti aiuterà a mantenere la stabilità finanziaria e non dovrai preoccuparti molto delle carenze ora. Ci saranno anche degli sperperi dal momento che presto avrai motivo per festeggiare. </THE-LOVERS-ONE >
<THE-CHARIOT-ONE >Ti stresserai dal momento che i tuoi soldi saranno bloccati da persone e altre transazioni e sarà difficile recuperarli. Questo potrebbe anche portare ad alcune questioni legali che renderanno il tutto più frustrante. Ma le cose alla fine andranno a favore del tuo duro lavoro e ricaverai denaro da fonti inaspettate. </THE-CHARIOT-ONE >
<STRENGTH-ONE >Questa carta indica che penserai in maniera più pratica ora quando si tratta di questioni monetarie. Questo è un buon momento per recuperare denaro dai debitori che dovevano pagare tempo fa ma hanno ritardato per diverse ragioni. Organizzerai tutti i tuoi documenti finanziari che ti aiuteranno immensamente nel risolvere i problemi. </STRENGTH-ONE >
<THE-HERMIT-ONE >Questa carta mostra che avrai alcuni introiti o bonus inaspettati. Questo ti lascerà scioccato e piacevolmente molto felice e potrà anche causare alcune indulgenze o qualche tipo di festeggiamento con amici e famiglia. Potresti anche pianificare una vacanza con il tuo amato dal momento che i soldi arrivano dai debitori. </THE-HERMIT-ONE >
<WHEEL-OF-FORTUNE-ONE >Questa carta indica che ci sarà una causa di preoccupazione dal momento che osserverai che il tuo lavoro non sta portando abbastanza profitti e ci saranno alcune scappatoie che prima non avevi visto. La guida e l'aiuto di una persona amata ti aiuterà a rialzarti dalle preoccupazioni finanziarie. </WHEEL-OF-FORTUNE-ONE >
<JUSTICE-ONE >Questa carta mostra che questo sarà un tempo duro per te dal punto di vista finanziario. Vedrai che il tuo lavoro non sta andando molto bene o altre fonti di guadagno si stanno esaurendo in un modo o nell'altro. Ci potrebbero essere alcuni tempi duri che dovrai affrontare ma stai sicuro che la situazione cambierà presto per il meglio. </JUSTICE-ONE >
<THE-HANGED-MAN-ONE >Questa carta indica che dovrai affrontare alcune cadute finanziarie, sebbene molto ridotte, dal momento che qualcuno ti ha ingannato o fregato per i suoi interessi. Ma capirai presto ciò e prenderai le azioni necessarie per ottenere quello che meriti. </THE-HANGED-MAN-ONE >
<DEATH-ONE >Questa carta mostra che ci sarà un po' di tensione riguardo al denaro. Potrebbe essere possibile che hai sofferto una battuta d'arresto finanziaria terribile di recente o qualcuno che doveva restituirti una grossa somma di denaro si è dileguato. La situazione ti costringerà a stare in guardia. </DEATH-ONE >
<TEMPERANCE-ONE >Questa carta indica che i tuoi soldi sono su solide basi ora. Sarà come una corsa in montagna russa in cui hai dei soldi tutti in una volta. Questo potrebbe essere un po' caotico all'inizio ma il tuo lavoro ti porterà abbastanza profitti da renderti contento. </TEMPERANCE-ONE >
<THE-DEVIL-ONE >Questa carta mostra che dovrai affrontare guai finanziari riguardo il denaro. Questo potrebbe accadere a causa di alcune decisioni sfortunate, un problema di salute in famiglia o altre questioni legali. Questo continuerà per un po' di tempo ma poi le cose miglioreranno. </THE-DEVIL-ONE >
<THE-TOWER-ONE >Questa carta mostra che dovrai affrontare una battuta d'arresto finanziaria a causa di alcune spese inaspettate. Il tuo lavoro potrebbe non fornirti i profitti richiesti e questo ti procurerà gravi preoccupazioni. C'è anche la possibilità che tu potrai perdere uno dei tuoi maggiori clienti o il tuo progetto più redditizio. </THE-TOWER-ONE >
<THE-STAR-ONE >Otterrai nuovi progetti e opportunità di lavoro che ti porteranno buoni flussi di denaro. C'è anche la possibilità che tu possa ottenere alcuni guadagni monetari dal momento che il futuro sembra molto brillante in merito alla prosperità. Suggerisce che tu non indulga in festeggiamenti dal momento che potresti non capire che le tue spese sono andate oltre. </THE-STAR-ONE >
<THE-MOON-ONE >Questa carta indica che sarai leggermente infelice delle nuove cose che stanno accadendo nelle tua finanze. Potrebbe esserci qualcuno che ti restituirà una somma di debiti ma potrebbe rifiutarsi di pagare gli interessi. Potresti essere preso per scontato ma saprai come farti rispettare. </THE-MOON-ONE >
<THE-SUN-ONE >Questa carta mostra che qualsiasi flusso di denaro sarà risolto e nuove opportunità busseranno alla tua porta. Se sei bloccato in alcune questioni con la banca o prestiti di denaro allora saranno probabilmente risolte. Nuove possibilità di introiti potrebbero aprirsi e presto ci saranno buone notizie finanziarie che verranno via mail. </THE-SUN-ONE >
<JUDGEMENT-ONE >Questa carta indica che questo sarà un buon periodo per le tue finanze. Se ci sono stati verdetti monetari allora è molto probabile che questi volgano a tuo favore. Ci saranno guadagni finanziari nelle forma di dividendi e pagamenti di debiti e la tua condizione finanziaria migliorerà presto. </JUDGEMENT-ONE >
<THE-WORLD-ONE >Questa carta suggerisce che stai per ricevere soldi dalle fonti più inaspettate. Potrebbe esserci presto un ordine di denaro che busserà alla tua porta o potresti raccogliere i benefici del tuo duro lavoro tramite qualche tipo di bonus. Ci saranno flussi di denaro in ingresso da diverse fonti in piccole quantità. </THE-WORLD-ONE >
<THE-FOOL-ONE >Questa carta indica che se c'erano dei soldi bloccati in qualche posto allora li riceverai presto. In questo periodo tu, insieme alla tua famiglia o persone vicine, aprirete una nuova attività o deciderete di fare un grande investimento. Questo sarà una decisione cruciale nella tua vita perciò ti suggerisce di soppesare i pro e i contro prima di fare un passo in avanti.</THE-FOOL-ONE >
</ROOT>
