<?xml version="1.0" encoding="utf-8" ?>
<ROOT>
<ACE-OF-CUPS-ONE >Kartu ini menunjukkan bahwa Anda sekarang merasa puas dengan diri sendiri dan perasaan cinta, Kesenangan dan asmara menguasai pikiran Anda. Kemungkinan besar Anda akan berhubungan dengan seseorang yang menyukai Anda dan ini mungkin menjadi sebuah kencan romantis. Jika Anda sudah menjalin hubungan maka Anda dan pasangan mungkin berpikir untuk melanjutkan ke jenjang lebih serius. </ACE-OF-CUPS-ONE >
<TWO-OF-CUPS-ONE >Anda ingin melihat kehidupan romantis Anda punya masa depan dan ingin menyelesaikan masalah yang Anda dan pasangan miliki. Anda merasa gelisah dan tidak dapat memberikan perhatian penuh pada pasangan Anda karena sesuatu yang mengganggu dan membingungkan. Anda harus kuat dan mengambil beberapa keputusan konkret mengenai perasaan Anda. </TWO-OF-CUPS-ONE >
<THREE-OF-CUPS-ONE >Kartu ini menunjukkan bahwa Anda merasa sangat rentan saat ini dan ingin diperhatikan. Anda juga akan mencoba untuk mengungkapkan kepedulian dan kasih sayang Anda terhadap pasangan dan orang yang Anda cintai. Semua hal akan menjadi lancar dengan segera dan pada waktu yang tepat, Anda akan menemukan asmara hadir dalam hidup Anda. </THREE-OF-CUPS-ONE >
<FOUR-OF-CUPS-ONE >Kartu ini menunjukkan bahwa Anda sekarang mungkin memiliki keinginan yang kuat mencari pasangan. Jika sudah menjalin hubungan, Anda akan merasa sangat dekat dengan pasangan Anda dan ingin menyelesaikan semua permasalahan yang mungkin ada. Saat ini Anda mungkin merasa sedikit gelisah karena Anda mencoba menyelesaikan masalah dengan pasangan Anda dan mencoba bersikap seperti pasangan yang bahagia. </FOUR-OF-CUPS-ONE >
<FIVE-OF-CUPS-ONE >Anda sekarang merasa lebih emosional dan Anda menginginkan hubungan serius dimana ada saling pengertian dan kenyamanan dan ini bahkan mungkin yang akan menjadi pasangan adalah teman Anda. Anda sekarang menyadari bahwa tidak akan benar jika berkompromi dengan diri Anda sendiri hanya demi menjaga hubungan karena pada akhirnya bisa terbukti merusak diri Anda sendiri. </FIVE-OF-CUPS-ONE >
<SIX-OF-CUPS-ONE >Kartu ini menunjukkan bahwa meskipun tertarik hanya pada satu orang spesial, Anda akan memiliki beberapa pengalaman hebat yang akan membawa Anda ke arah yang berbeda. Anda mencoba melakukan hal-hal khusus untuk pasangan Anda tapi ada ketidakamanan tentang betapa tidak pasti masa depan Anda dan pasangan nantinya. </SIX-OF-CUPS-ONE >
<SEVEN-OF-CUPS-ONE >Anda merasa sangat tidak yakin dengan perasaan Anda dan Anda akan mencari jalan menuju yang Anda inginkan untuk mendapatkan pasangan. Dengan banyak pekerjaan untuk ditangani dan berbagai masalah lainnya, Anda tidak akan bisa memberi cukup waktu kepada pasangan Anda. Pertemuan dengan seseorang akan bermanfaat bagi para lajang. </SEVEN-OF-CUPS-ONE >
<EIGHT-OF-CUPS-ONE >Kartu ini menunjukkan bahwa sekarang hubungan Anda mungkin terasa sangat membosankan dan ini akan mencegah Anda dan pasangan untuk menciptakan ikatan yang kuat. Hubungan Anda mungkin harus melalui masa-masa penuh tekanan dan ketidakpastian dan ini akan menyebabkan kekhawatiran dan perdebatan yang menyakitkan. Anda mungkin juga mengambil keputusan untuk mengakhiri hubungan Anda yang telah menjadi sangat traumatis. </EIGHT-OF-CUPS-ONE >
<NINE-OF-CUPS-ONE >Anda sekarang mendambakan hal yang terbaik tentang suatu hubungan dan mungkin juga terjadi pada seseorang yang baru saja memasuki hidup Anda. Anda ingin apa yang terjadi antara Anda berdua menjadi lebih menarik tapi dengan cara yang berbeda. Anda memiliki pemikiran kedua tentang hubungan Anda dan meskipun Anda bersedia untuk terus maju, beberapa risiko yang mungkin akan terjadi akan membuat Anda berhati-hati. </NINE-OF-CUPS-ONE >
<TEN-OF-CUPS-ONE >Kartu ini menunjukkan bahwa Anda sekarang mencari lebih banyak ketenangan dan hubungan yang memberi bahagia dan Anda mengharapkan dukungan penuh dari pasangan Anda. Beberapa benturan emosional akan terjadi yang akan membuat Anda merasa tegang.Asmara akan menjadi intens dengan seseorang yang baru dalam hidup Anda. Pernikahan juga mungkin akan terjadi. </TEN-OF-CUPS-ONE >
<PAGE-OF-CUPS-ONE >Anda ingin segala sesuatu berjalan harmonis dan membangun masa depan yang konkret dengan kekasih Anda. Anda mulai gelisah untuk membentuk masa depan seperti yang Anda inginkan tapi proses untuk pembentukannya akan memakan waktu. Anda akan merasakan kebutuhan seseorang untuk berada di sisi Anda dan membuat Anda merasa dicintai dan diperhatikan karena Anda tidak ingin mengalami kesepian dalam hidup Anda lagi. </PAGE-OF-CUPS-ONE >
<KNIGHT-OF-CUPS-ONE >Kartu ini menunjukkan bahwa Anda ingin menjelajah ke tempat baru dengan pasangan Anda yang akan menggairahkan Anda dan akan ada orang-orang di sekitar yang akan mendorong Anda menemukan cinta. Jika Anda lajang maka Anda akan merasa bahwa inilah saatnya Anda mengambil inisiatif untuk membawa hubungan Anda ke depan dan mengajak menikah pasangan Anda. </KNIGHT-OF-CUPS-ONE >
<QUEEN-OF-CUPS-ONE >Anda sekarang akan lebih menonjol dalam pertemuan sosial dan ada kemungkinan besar Anda akan bertemu seseorang yang sangat Anda sukai. Jika Anda memperjuangkannya, pertemuan ini akan berubah menjadi sesuatu yang romantis. Jika Anda sudah lama memiliki hubungan, Anda bisa saja melamar pasangan Anda. </QUEEN-OF-CUPS-ONE >
<KING-OF-CUPS-ONE >Kartu ini menunjukkan bahwa Anda mencari seseorang yang dengannya Anda dapat berbagi kehidupan dan menghabiskan waktu romantis. Anda akan mencari cara untuk menemukan seseorang yang tampaknya menjadi pasangan ideal Anda, tapi ini tidak akan mudah. Anda mungkin harus melakukan beberapa hal untuk memberi kesan terbaik dan mengubahnya menjadi sesuatu yang substansial. </KING-OF-CUPS-ONE >
<ACE-OF-PENTACLES-ONE >Ini adalah saat yang tepat untuk menandai permulaan baru dalam hidup Anda. Anda mungkin merasa lebih resah daripada sebelumnya karena Anda tidak akan mendapatkan belas kasih dan pemahaman yang diharapkan dari pasangan Anda dan ini akan membuat Anda sangat sedih. </ACE-OF-PENTACLES-ONE >
<TWO-OF-PENTACLES-ONE >Mungkin ada beberapa kesulitan yang harus dihadapi oleh Anda dan pasangan secara bersama-sama dan ini mungkin membuat Anda merasa sedikit tidak memiliki kendali, namun pada akhirnya sifat ingin memahami yang Anda miliki dan bantuan dari seseorang akan membantu Anda mengatasinya. </TWO-OF-PENTACLES-ONE >
<THREE-OF-PENTACLES-ONE >Anda dan pasangan akan merasa hubungan bertumbuh dan oleh karena itu akan mengambil beberapa langkah untuk merencanakan masa depan. Untuk yang lajang ini akan menjadi saat yang tepat untuk menemukan pasangan yang tepat bagi Anda dan dia bisa berada di tempat yang tak terduga. </THREE-OF-PENTACLES-ONE >
<FOUR-OF-PENTACLES-ONE >Anda hanya bisa mempertahankan hubungan Anda jika Anda berdua memperjuangkannya dengan kesabaran dan pengertian. Jika ini tidak berhasil, Anda akhirnya akan memutuskan untuk berpisah dengan pasangan Anda dan akan mencoba menempuh jalur baru dengan kemungkinan baru. </FOUR-OF-PENTACLES-ONE >
<FIVE-OF-PENTACLES-ONE >Kartu ini menunjukkan bahwa Anda sekarang menginginkan untuk menjadi pribadi yang baru atau melakukan sesuatu yang telah Anda inginkan sejak lama. Ada kemungkinan juga pasangan Anda berselingkuh atau sebaliknya. Saat ini juga tidak akan menjadi saat yang sangat baik bagi orang-orang yang sudah menjalin hubungan. </FIVE-OF-PENTACLES-ONE >
<SIX-OF-PENTACLES-ONE >Anda sekarang merindukan kekasih masa kecil Anda untuk kembali pada Anda atau sekedar menghubungi Anda. Akan ada rasa kesepian saat Anda melihat pasangan Anda melangkah lebih jauh dari Anda. Anda harus mencari tahu apa yang benar-benar Anda inginkan dalam hidup dan sejauh mana Anda menginginkannya. </SIX-OF-PENTACLES-ONE >
<SEVEN-OF-PENTACLES-ONE >Saat ini akan menjadi saat yang penuh gangguan bagi Anda dan pasangan karena mungkin ada perbedaan pendapat yang terjadi sehingga dapat menyebabkan berakhirnya hubungan. Jika Anda sudah menikah atau berada dalam hubungan dengan jangka waktu yang lama, maka Anda akan mempertimbangkan kembali hubungan dan usaha Anda dalam menjalaninya. </SEVEN-OF-PENTACLES-ONE >
<EIGHT-OF-PENTACLES-ONE >Anda tampaknya dalam suasana hati yang menyenangkan beberapa hari ini dan menikmati masa lajang lebih dari apapun. Anda akan berada dalam suasana hati yang spekulatif dan juga akan memikirkan apa yang akan terjadi di masa depan. Sisi romantismu akan segera mengambil alih. </EIGHT-OF-PENTACLES-ONE >
<NINE-OF-PENTACLES-ONE >Kartu ini menunjukkan bahwa Anda mencari hal baru dan menyegarkan dalam hidup Anda. Anda ingin lari dari hal-hal konvensional ke tempat baru. Anda mungkin harus meluangkan waktu jauh dari pasangan Anda untuk sementara dan Anda akan mengambil keputusan yang akan menjadi pilihan tepat. </NINE-OF-PENTACLES-ONE >
<TEN-OF-PENTACLES-ONE >Cinta bukanlah sesuatu yang dimainkan di pikiran Anda karena Anda sudah disibukkan dengan banyak hal lain yang berhubungan dengan pekerjaan dan masalah keluarga lainnya. Anda akan mencoba mengangkat mood Anda dengan meluangkan waktu bersama teman atau saudara Anda namun tidak akan mencoba mengurangi kedekatan Anda dan pasangan Anda. </TEN-OF-PENTACLES-ONE >
<PAGE-OF-PENTACLES-ONE >Kartu ini menunjukkan bahwa akan ada situasi yang membuat Anda gelisah sehingga akan memaksa Anda untuk memikirkan apa yang harus Anda lakukan dengan hubungan Anda karena Anda tidak yakin dengan pasangan dan pada akhirnya Anda akan mengambil keputusan dengan bertanggung jawab yang akan membuat Anda merasa baik apapun hubungan Anda nantinya memiliki masa depan atau tidak </PAGE-OF-PENTACLES-ONE >
<KNIGHT-OF-PENTACLES-ONE >Anda sekarang mencari kedamaian dalam urusan cinta dan ingin menjalani hidup dan menikmati nya bersama dengan pasangan Anda. Anda akan ragu untuk mengatakan sesuatu kepada pasangan Anda atau memberi kabar yang Anda rasa dapat merusak hubungan Anda tapi Anda harus tetap berani. </KNIGHT-OF-PENTACLES-ONE >
<QUEEN-OF-PENTACLES-ONE >Kartu ini menunjukkan bahwa Anda akan sangat tertarik pada seseorang dan orang itu juga tertarik pada Anda. Anda akan menantikan hubungan dengan orang tersebut dan mengharapkan hubungan menjadi menarik dan penuh dengan kegembiraan. </QUEEN-OF-PENTACLES-ONE >
<KING-OF-PENTACLES-ONE >Kartu ini menunjukkan bahwa Anda akan sedikit marah atau kecewa karena ada janji yang tidak dipenuhi oleh pasangan Anda. Jika Anda dalam sebuah hubungan maka Anda akan mengalami kurangnya Anda bertukar pendapat dengan bebas dengan pasangan Anda dan agar setiap hubungan dapat berjalan dengan baik, yang terpenting adalah Anda untuk saling berbicara dan menghabiskan lebih banyak waktu bersama untuk saling mengenal. </KING-OF-PENTACLES-ONE >
<ACE-OF-SWORDS-ONE >Kartu ini menunjukkan bahwa Anda sekarang mencari kepuasan pribadi dalam hubungan Anda. Saat ini kemungkinan cinta baru akan datang pada Anda dan Anda akan memiliki emosi yang kuat terhadap sesuatu. Jika Anda sudah menjalin hubungan, ikatan Anda dengan pasangan akan tumbuh lebih kuat. </ACE-OF-SWORDS-ONE >
<TWO-OF-SWORDS-ONE >Anda ingin meninggalkan masa lalu dan sangat ingin menemukan cinta. Anda mungkin beruntung karena kartu ini menunjukkan bahwa Anda mungkin bertemu dengan orang yang spesial dan jika Anda sudah menjalin hubungan maka hubungan Anda akan menjadi lebih kuat dan Anda akan melihat bahwa pasangan Anda atau tampaknya memiliki kualitas yang Anda inginkan. </TWO-OF-SWORDS-ONE >
<THREE-OF-SWORDS-ONE >Kartu ini menunjukkan bahwa Anda merindukan pasangan Anda untuk kembali. Kesabaran Anda mulai habis dan Anda akan segera memutuskan untuk menyerah dan mulai sesuatu yang baru jika pasangan Anda menolak untuk segera kembali. Anda mungkin merasa bahwa Anda telah melihat banyak penderitaan dan jatuh cinta adalah sebuah risiko. </THREE-OF-SWORDS-ONE >
<FOUR-OF-SWORDS-ONE >Anda sekarang mempunyai tingkay spiritualitas yang tinggi dan akan merasakan keinginan yang kuat untuk mengenal diri Anda dengan lebih baik. Anda akan mencoba untuk terhubung dengan diri Anda dan karena Anda akan kehilangan kontak dengan dunia luar namun pada akhirnya akan menemukan kedamaian. Ada juga kemungkinan seseorang yang jatuh hati pada Anda akan meminta Anda untuk berkencan. </FOUR-OF-SWORDS-ONE >
<FIVE-OF-SWORDS-ONE >Kartu ini menunjukkan bahwa Anda sekarang akan berada dalam pencarian cinta. Mungkin juga ada kekecewaan tertentu dalam kehidupan cinta Anda yang akan membuat Anda merasa tidak bahagia dan merasa dicurangi. Anda harus kembali menyerap rasa percaya diri Anda dan melangkah maju. </FIVE-OF-SWORDS-ONE >
<SIX-OF-SWORDS-ONE >Anda mungkin menghadapi beberapa masalah dan ada hal-hal tidak akan semulus seperti yang Anda harapkan. Mungkin ada beberapa ketidakpuasan dalam kehidupan cinta Anda dan sepertinya semua usaha itu tidak layak dilakukan. Mungkin ada beberapa kebingungan mengenai masa depan dan Anda akan berjuang untuk membuat segalanya menjadi lebih baik. </SIX-OF-SWORDS-ONE >
<SEVEN-OF-SWORDS-ONE >Kartu ini menunjukkan bahwa Anda menginginkan teman baik atau seseorang yang dekat untuk berada di samping Anda dan membantu Anda memperbaiki situasi atau Anda mungkin juga berpikir untuk pergi sejenak untuk merasa lebih baik. Ada kemungkinan bahwa mantan kekasih atau seseorang yang Anda sukai akan mendekati Anda. Anda akan sangat menginginkan sesuatu dalam hubungan Anda tapi tidak mau berada dalam posisi yang penuh kompromi </SEVEN-OF-SWORDS-ONE >
<EIGHT-OF-SWORDS-ONE >Mungkin ada semacam keresahan atau ketidaknyamanan yang terkait dengan hati Anda. Tapi itu tidak menandakan bahwa ada sesuatu yang baik sedang menanti Anda. Ada kemungkinan bahwa Anda mungkin mendapat kesempatan untuk memulai sesuatu yang baru atau dengan pasangan baru yang akan membuat Anda merasa terbebaskan lagi. </EIGHT-OF-SWORDS-ONE >
<NINE-OF-SWORDS-ONE >Kartu ini menunjukkan bahwa saat ini bukan waktu terbaik dalam hidup Anda. Anda mungkin mengalami kecemasan dan ketakutan dan akan berjuang membuat semuanya menjadi lebih baik. Anda mungkin akan terpisah dari pasangan Anda karena ada komitmen profesional. Tapi kematangan dan kepribadian Anda yang tenang akan membantu Anda melewatinya dengan baik secara bersama-sama. </NINE-OF-SWORDS-ONE >
<TEN-OF-SWORDS-ONE >Anda akan mengalami masa-masa sulit saat ini dan masih akan berusaha untuk melewatinya. Beberapa dilema masih akan berlanjut saat Anda mencoba mengambil beberapa keputusan tegas tentang apa yang tepat untuk Anda tapi ini tidak akan menjadi proses yang mudah. </TEN-OF-SWORDS-ONE >
<PAGE-OF-SWORDS-ONE >Kartu ini menunjukkan bahwa Anda sekarang berkonsentrasi untuk membuat hidup Anda lebih baik dalam masalah asmara dan juga dalam hubungan pribadi. Anda mungkin telah mengalami masa-masa sulit dan Anda akan berusaha mewujudkan hidup Anda ada di jalur yang semestinya tapi Anda akan sulit melakukannya. Mungkin juga ada beberapa kejadian tak terduga akan menimbulkan kekhawatiran pada Anda. </PAGE-OF-SWORDS-ONE >
<KNIGHT-OF-SWORDS-ONE >Sekarang saatnya untuk melupakan semua masa lalu yang buruk dan mencari awal yang baru. Anda akan bertemu seseorang yang baru dan akan tertarik dengan orang tersebut. Anda akan menginginkan semuanya berlanjut dan cinta tumbuh. Ini akan menjadi inisiasi yang kuat dan dalam waktu singkat Anda akan merasa bahagia dan stabil dengan pasangan Anda. </KNIGHT-OF-SWORDS-ONE >
<QUEEN-OF-SWORDS-ONE >Kartu ini menunjukkan bahwa mungkin ada dilema atau fase kekecewaan terus menerus karena Anda mungkin memiliki beberapa pertengkaran dan argumen dengan pasangan Anda dan mungkin hubungan Anda juga akan berakhir. Hal ini dapat membawa Anda menghadapi beberapa masa sulit berada di kekosongan dalam hidup Anda. </QUEEN-OF-SWORDS-ONE >
<KING-OF-SWORDS-ONE >Anda akan merasa bahwa Anda memerlukan visi yang jelas tentang hidup yang Anda jalani saat ini dan akan menyadari bahwa Anda perlu terus maju untuk menjalani kehidupan yang damai. Realitas akan segera menghampiri Anda karena selama ini Anda tinggal di dunia imajiner dan sekarang saatnya untuk menghadapi kenyataan dan menjalani agar semua menjadi lebih baik. </KING-OF-SWORDS-ONE >
<ACE-OF-WANDS-ONE >Kartu ini menunjukkan bahwa Anda sekarang mencari hubungan serius dan jangka panjang dan tidak tertarik untuk melakukan hubungan main-main. Anda mencari awal yang baru dan ada juga peluang untuk menikah atau hubungan yang akan berlangsung lama. Mungkin Anda akan segera mendiskusikan masalah hubungan Anda dengan anggota keluarga atau saudara. </ACE-OF-WANDS-ONE >
<TWO-OF-WANDS-ONE >Anda berharap sesuatu yang baik terjadi dan berharap untuk melihatnya terwujud. Ada kemungkinan seseorang yang membutuhkan dukungan akan meminta bimbingan Anda dan pada akhirnya akan membangun hubungan dengan Anda. Anda akan mencari ikatan cinta dan persahabatan yang kuat sekarang. Anda juga akan mengatasi perbedaan yang Anda hadapi dengan anggota keluarga Anda. </TWO-OF-WANDS-ONE >
<THREE-OF-WANDS-ONE >Anda sekarang mungkin mendapatkan beberapa tawaran dan meneguhkan pendirian Anda siapa yang akan menjadi pasangan Anda sesungguhnya. Ini akan menandai waktu yang tepat untuk memulai suatu hubungan dan terlepas dari rasa tidak percaya diri Anda, Anda akan bersatu dengan yang Anda cintai. Anda akan ingin mengatasi semua rintangan untuk menjalani hidup bahagia bersama pasangan Anda. </THREE-OF-WANDS-ONE >
<FOUR-OF-WANDS-ONE >Ada kemungkinan reuni dengan seorang teman yang akan datang dan mengajak Anda keluar untuk berbelanja atau kegiatan menyenangkan untuk membuat Anda merasa lebih baik. Anda akan membutuhkan dukungan dari orang-orang terdekat karena mungkin ada ketidakpuasan dalam kehidupan romantis Anda. </FOUR-OF-WANDS-ONE >
<FIVE-OF-WANDS-ONE >Anda sekarang merasa sulit berkonsentrasi pada satu hal dan ini membuat Anda merasa resah. Anda akan sibuk dengan banyak hal dan tidak akan dapat menemukan waktu untuk pasangan Anda atau untuk bersosialisasi. Beberapa janji kencan juga akan terjadi pada Anda. </FIVE-OF-WANDS-ONE >
<SIX-OF-WANDS-ONE >Kartu ini menunjukkan bahwa Anda akan melakukan pencarian baru dalam kehidupan cinta Anda. Seseorang yang mengagumi Anda akan mencoba keberuntungan untuk mengesankan Anda dan Anda akan menikmati perhatiannya. Anda mungkin harus menghadapi situasi yang akan memaksa Anda membuat beberapa perubahan penting dalam kehidupan demi kemajuan Anda. </SIX-OF-WANDS-ONE >
<SEVEN-OF-WANDS-ONE >Kartu ini menunjukkan bahwa cinta akan menghampiri Anda dan masalah hati akan menguasai pikiran Anda. Anda akan berhubungan dengan sisi romantis dan akan melakukan hal-hal khusus untuk pasangan Anda. Ini akan terlihat seperti fase yang sempurna tapi akan ada beberapa hal yang harus Anda lepaskan untuk menjalani kehidupan yang Anda inginkan. </SEVEN-OF-WANDS-ONE >
<EIGHT-OF-WANDS-ONE >Anda akan sering bersosialisasi dan masalah hati akan menguasai pikiran. Anda akan berada dalam suasana hati yang baik memikirkan hal-hal positif dan Anda dan pasangan akan menikmati banyak kegiatan bersama. Juga akan ada beberapa perubahan positif yang akan terjadi karena pasangan Anda. Mungkin juga ada kekecewaan tertentu yang harus Anda hadapi. </EIGHT-OF-WANDS-ONE >
<NINE-OF-WANDS-ONE >Anda akan melihat bahwa usaha Anda akhirnya mendapatkan hasil dan Anda akan banyak melakukan aktivitas sosial. Akan ada beberapa konflik pikiran dan perbedaan pendapat dan beberapa pertukaran kata-kata kasar. </NINE-OF-WANDS-ONE >
<TEN-OF-WANDS-ONE >Kartu ini menunjukkan bahwa kekasih Anda mungkin membuat Anda bingung karena beberapa hal dan ini akan membuat Anda merasa penasaran dan gelisah. Anda akan merasa bahwa pasangan Anda kesal dengan Anda dan ini akan membuat Anda merasa terisolasi. Anda akan berusaha memperbaiki hubungan Anda dan menambahkan percikan dalam hubungan yang Anda jalani. </TEN-OF-WANDS-ONE >
<PAGE-OF-WANDS-ONE >Mungkin ada beberapa gangguan dalam hubungan Anda dan Anda akan mengharapkan beberapa perubahan dari pasangan Anda. Anda akan merasa tidak yakin dengan fakta bahwa Anda dan pasangan tidak benar-benar menjalani hubungan dengan baik dan bahkan Anda terus mencoba, hubungan ini tidak akan pernah mencapai saat terbaiknya. </PAGE-OF-WANDS-ONE >
<KNIGHT-OF-WANDS-ONE >Kartu ini menunjukkan bahwa Anda merasa tidak nyaman dengan berbagai masalah dalam hubungan Anda dan ingin menyelesaikannya sebelum mulai membebani. Anda akan melihat seseorang yang menurut Anda sudah Anda kenal dan akan mencoba untuk terikat dengan orang ini untuk membangun hubungan yang mendalam dan menghabiskan lebih banyak waktu bersamanya. </KNIGHT-OF-WANDS-ONE >
<QUEEN-OF-WANDS-ONE >Kartu ini menunjukkan bahwa Anda akan segera bertemu seseorang yang spesial dan bertanya-tanya apakah Anda harus menjalin hubungan dengan orang ini atau tidak. Anda mungkin juga menemukan pengagum yang pada akhirnya akan memicu percikan cinta dan ini bisa berubah menjadi hubungan cinta yang penuh nafsu dan romantis yang telah Anda tunggu-tunggu. </QUEEN-OF-WANDS-ONE >
<KING-OF-WANDS-ONE >Beberapa masalah di sekitar Anda akan menyebabkan Anda terlihat acuh tak acuh dan tanpa emosi dan Anda akan tampak menghiraukan pasangan Anda. Anda tidak ingin mengungkapkan apa yang benar-benar Anda pikirkan dan sehingga pada akhirnya bisa menyebabkan ketegangan. Anda harus berpikir dengan kepala yang dingin tentang bagaimana mengatasi situasi ini.Sebuah lamaran pernikahan juga akan tiba tidak lama lagi. </KING-OF-WANDS-ONE >
<THE-FOOL-ONE >Jika Anda sedang menjalin hubungan, kartu tersebut menunjukkan bahwa Anda akan merasakan kegembiraan dan semangat baru dalam kehidupan cinta Anda. Jika Anda lajang, kemungkinan besar Anda segera akan bertemu dengan seseorang yang spesial. Anda menjalani hidup dengan kepercayaan diri spontan, penuh langkah pasti dalam menjalani kehidupan cinta Anda. Anda perlu melepaskan hubungan masa lalu Anda dan melihat masa depan Anda, yang terlihat indah dan menyenangkan. </THE-FOOL-ONE >
<THE-MAGICIAN-ONE >Tekad dan ketenangan diri Anda akan sangat membantu dalam mengendalikan dan mengelola kehidupan cinta Anda di masa yang akan datang. Dengan rasa percaya diri dan pesona Anda, akan sangat mungkin untuk mendapatkan lawan jenis sesuai dengan keinginan Anda. Jika Anda dalam suatu hubungan, Anda mungkin belajar beberapa hal tersembunyi tentang kekasih Anda dalam waktu dekat. Selain itu, pasangan Anda kemungkinan besar akan menunjukkan minat yang lebih terhadap apa yang Anda ucapkan. </THE-MAGICIAN-ONE >
<THE-HIGH-PRIESTESS-ONE >Kartu ini menunjukkan bahwa Anda harus percaya pada kemampuan Anda untuk memahami orang dan situasi sehingga Anda akan mendapatkan kehidupan cinta yang sehat. Anda perlu mengambil keputusan independen tentang hal-hal yang melibatkan kehidupan cinta Anda. Jika Anda ada dalam suatu hubungan, pasangan Anda sangat mungkin memberi saran yang sangat berharga dalam waktu dekat. Juga, nampaknya Anda bisa belajar sesuatu yang sama sekali tidak terduga tentang pasangan Anda, entah itu baik atau buruk. </THE-HIGH-PRIESTESS-ONE >
<THE-EMPRESS-ONE >Anda tampaknya khawatir tentang hubungan Anda, entah itu hubungan yang sudah terjalin lama atau yang baru berkembang. Jika Anda tidak menjalin hubungan, Anda sedang ingin berada dalam satu hubungan. Dalam perjalanan asmara Anda, sifat posesif Anda dan pasangan, dapat membawa masa-masa sulit dalam kehidupan cinta. Anda perlu menunjukkan kesabaran dan kepercayaan untuk mencapai stabilitas dalam kehidupan cinta Anda. </THE-EMPRESS-ONE >
<THE-EMPEROR-ONE >Kartu tersebut memberitahu bahwa Anda akan mendapatkan keberhasilan dan pencapaian dalam hubungan Anda dalam waktu dekat. Anda mungkin menerima nasihat cinta yang berharga dari seseorang, bisa itu ayah, saudara laki-laki, teman pria, dan lain-lain. Anda bisa mengendalikan hubungan Anda saat ini dan akan terus mendominasi untuk sementara waktu. Pasangan Anda akan mendukung Anda sepenuhnya dalam semua aspek tanpa banyak bertanya. Berhati-hatilah agar Anda tidak terlalu menuntut dalam hubungan Anda, karena pada akhirnya akan menyakiti pasangan secara emosional. </THE-EMPEROR-ONE >
<THE-HIEROPHANT-ONE >Pikiran yang lebih terbuka dan fleksibel akan membawa perubahan positif dalam kehidupan cinta Anda. Jika Anda berencana untuk menikah dalam waktu dekat, Anda perlu menunjukkan kesabaran saat Anda mengatasi rintangan yang menyertai Anda. Bertindak keras kepala dengan pasangan akan membawa hubungan Anda ke arah yang tidak jelas. Masalah yang Anda hadapi dalam kehidupan cinta Anda dapat dipecahkan dengan akal sehat dan kesabaran. </THE-HIEROPHANT-ONE >
<THE-LOVERS-ONE >Anda akan berenang di lautan cinta. Anda akan memiliki saat-saat indah dan berkesan dalam hubungan Anda dalam waktu dekat. Anda akan menghadapi situasi dalam kehidupan cinta Anda, di mana Anda akan merasa sulit untuk memutuskan sesuatu. Dengarkan hati Anda dan bukan logika dan Anda akan merasa bahwa keputusan Anda benar. Anda akan terhubung dengan sangat baik secara emosional dengan pasangan Anda. Jangan tergoda untuk menipu pasangan Anda dengan berkencan dengan orang lain. </THE-LOVERS-ONE >
<THE-CHARIOT-ONE >Kehidupan cinta Anda mungkin mengalami masalah yang cukup berat. Anda harus melakukan beberapa upaya serius untuk keluar dari situasi itu. Urusan romantis Anda kemungkinan besar akan mengalami beberapa perubahan dalam waktu dekat. Anda perlu menunjukkan banyak kesabaran terhadap emosi pasangan Anda yang berubah-ubah. Tapi pada akhirnya hubungan Anda akan tumbuh dengan penuh cinta </THE-CHARIOT-ONE >
<JUSTICE-ONE >Anda perlu memberikan keseimbangan dan normal dalam hubungan Anda saat ini. Tampaknya ada kelebihan atau kekurangan unsur tertentu yang sangat penting untuk membawa stabilitas dalam kehidupan cintamu. Anda mungkin harus menunjukkan pendekatan yang tidak memihak terhadap urusan romantis, sehingga mencapai keseimbangan yang dibutuhkan. Berikan perhatian yang sama antara karir dan kehidupan keluarga Anda. Kejujuran dan kepercayaan Anda akan sangat penting dalam membentuk hubungan Anda. Jika Anda tahu telah membuat kesalahan dalam hubungan, segera perbaiki. </JUSTICE-ONE >
<THE-HERMIT-ONE >Luangkan waktu untuk menganalisa kehidupan cinta Anda. Anda mungkin merasa tidak sabar dengan apa yang terjadi dalam hubungan Anda saat ini. Anda perlu memiliki kepala yang dingin dan menghindari keputusan terburu-buru yang berkaitan dengan hubungan asmara. Jika Anda membutuhkan nasihat cinta, berkonsultasilah dengan seseorang yang lebih tua dan lebih berpengalaman dari Anda. Anda akan mampu menyelesaikan semua masalah romantis Anda, jika Anda dan pasangan memberi cukup ruang satu sama lain dalam hubungan. </THE-HERMIT-ONE >
<WHEEL-OF-FORTUNE-ONE >Kartu itu menunjukkan bahwa Anda menuju fase sangat menyenangkan yang akan mencerahkan kehidupan cinta Anda. Keberuntungan ada di pihak Anda dan Anda akan menemukan cinta dalam hidup Anda. Anda akan menunjukkan kedewasaan saat menangani masalah dalam hubungan. Pasangan impianmu akan segera hadir dalam kehidupan Anda. Semua kekhawatiran Anda tentang hubungan masa depan akan berakhir. Anda sangat mungkin diberkati dengan masa-masa indah dalam kehidupan cinta Anda. </WHEEL-OF-FORTUNE-ONE >
<STRENGTH-ONE >Anda akan menunjukkan sikap yang lebih kuat dan lebih baik terhadap kehidupan, yang akan membantu Anda mengatasi setiap rintangan yang mungkin Anda hadapi dalam hubungan Anda. Jika Anda ingin melepaskan beberapa hal dari masa lalu, mungkin Anda harus segera melakukannya. Bila diibaratkan sebagai kapal, maka hubungan Anda akan berlayar dengan mulus, dan Anda dapat dengan mudah menyelesaikan hal-hal yang telah Anda perjuangkan untuk sementara waktu. Dengan tekad dan kecerdasan Anda, Anda akan mengatasi semua masalah cinta. </STRENGTH-ONE >
<THE-HANGED-MAN-ONE >Anda mungkin harus memiliki sifat pengorbanan dalam hubungan Anda. Mungkin ada ketegangan antara Anda dan pasangan. Disarankan agar Anda tetap sabar, tenang dan matang dalam menjalani kehidupan cinta Anda. Mungkin ada pertentangan emosional antara Anda dan pasangan. Disarankan agar Anda lebih introspektif dan melihat sekeliling dengan pikiran terbuka untuk lebih memahami pasangan Anda. </THE-HANGED-MAN-ONE >
<DEATH-ONE >Kartu tersebut menunjukkan sebuah fase, yang akan menghasilkan beberapa transformasi dramatis dalam kehidupan cinta Anda. Anda mungkin merasa sedih dan tertekan dalam hubungan Anda saat ini. Fase ini akan mendorong Anda mengalami berbagai macam emosi, sehingga membuat Anda menyadari pentingnya perubahan dalam kehidupan. Hubungan cinta Anda mungkin harus melalui jalan yang relatif kasar dan gelap. Anda harus menunjukkan karakter yang kuat untuk mengatasi fase depresi ini. </DEATH-ONE >
<TEMPERANCE-ONE >Kartu tersebut menunjukkan adanya situasi membingungkan atau saling bertentangan dalam hubungan Anda, dimana Anda mungkin merasa sulit untuk membuat pilihan. Anda dan pasangan sangat mungkin memiliki pandangan yang berlawanan mengenai berbagai hal sehingga menciptakan pertentangan. Anda harus bersabar, bekerja sama dan menemukan solusi terbaik yang memberi ketenangan dalam jalinan cinta Anda. Anda akan menemukan cara untuk membangun harmoni dalam hubungan Anda. </TEMPERANCE-ONE >
<THE-DEVIL-ONE >Masa depan tidak mudah. Perasaan seperti nafsu, keserakahan, ambisi atau kecanduan bisa menyebabkan kehidupan cintamu menjadi kacau. Anda mungkin juga ingin benar-benar mendominasi hubungan Anda. Anda harus kuat menahan godaan ini untuk menghindari bencana besar dalam kehidupan cinta Anda. Anda mungkin merasa kuat untuk sesaat tapi pada akhirnya akan lemah dan membuat hubungan Anda saat ini menjadi rusak. Berhati-hatilah karena kartu ini merupakan peringatan bagi Anda tentang langkah-langkah mematikan yang mungkin Anda lakukan. </THE-DEVIL-ONE >
<THE-TOWER-ONE >Masa depan bisa membawa salah satu fase terburuk dalam kehidupan cinta Anda. Anda mungkin melihat situasi yang tidak menyenangkan dan tidak menguntungkan yang terjadi dalam hubungan Anda. Beberapa di antaranya mungkin tak terduga membuat Anda merasa terisolasi dan kesepian untuk sementara waktu. Perubahan ini akan menunjukkan cara dan opsi baru untuk memperbaiki situasi kehidupan cinta Anda saat ini. Saat ini akan menjadi perjalanan yang sulit di depan, maka Anda harus tetap tenang dan mempelajari hal-hal baru yang diajarkan kehidupan kepada Anda. </THE-TOWER-ONE >
<THE-STAR-ONE >Kartu ini adalah pertanda masa-masa indah akan datang pada Anda. Anda akan menjalani hubungan yang sehat dan akan segera dimulai. Kartu ini juga menunjukkan bahwa Anda dapat membawa hubungan Anda saat ini ke tingkat komitmen berikutnya. Anda mungkin merasakan hubungan emosional dan spiritual yang lebih baik dengan pasangan Anda. Kehidupan cinta Anda akan melalui fase dimana Anda akan melupakan masa lalu dan akan lebih optimis tentang masa depan cinta Anda. </THE-STAR-ONE >
<THE-MOON-ONE >Satu-satunya pikiran yang akan muncul di benak Anda adalah tentang hubungan Anda. Anda mungkin merasa seperti Anda dirantai karena situasi kehidupan cinta Anda saat ini. Anda akan mempelajari beberapa rahasia yang sengaja disembunyikan yang dapat menyebabkan kemunduran emosional dalam hubungan Anda. Jangan tertekan karena kesedihan. Tunjukkan pikiran yang lebih terbuka dan lakukan beberapa upaya serius untuk mengatasi perasaan ini. Lakukan hobi lain untuk mengatasi perasaan emosional agar bisa kembali ke kehidupan semula. </THE-MOON-ONE >
<THE-SUN-ONE >Anda akan segera merasakan getaran segar dan menarik dalam hubungan Anda. Jika tidak ada cinta dalam kehidupan Anda, Anda mungkin akan segera jatuh cinta pada seseorang. Hal-hal romantis yang sepertinya tidak berjalan ke mana-mana akan mulai membuat kemajuan positif. Liburan romantis dan beberapa kencan dengan kekasih Anda ditunjukan oleh kartu ini. Masa depan terlihat menyenangkan dan tak terlupakan. Pastikan Anda menikmati fase indah ini. </THE-SUN-ONE >
<JUDGEMENT-ONE >Kartu ini meminta Anda untuk menjaga indera Anda tetap terbuka terhadap segala sesuatu yang ada di sekitar. Anda mungkin menyadari bahwa segala sesuatunya berjalan sesuai keinginan Anda, tapi kecuali Anda melakukan usaha terbaik, Anda mungkin gagal memanfaatkan situasi ini dengan sebaik-baiknya. Jika Anda belum jatuh cinta, kemungkinan besar Anda akan segera bertemu dengan calon pasangan. Apabila terjadi, jangan buang waktu terlalu lama sebelum mengajukan pertanyaan penting. Jika Anda mencampakkan seseorang di masa lalu, hal yang sama mungkin terjadi pada Anda. Tapi akhirnya, kehidupan cintamu akan bergerak positif. </JUDGEMENT-ONE >
<THE-WORLD-ONE >Kartu ini menandai akhir dari kesulitan Anda dan menunjukkan kedatangan saat-saat yang menyenangkan dan penuh cinta dengan kekasih Anda. Hubungan Anda akhirnya akan terbentuk, seperti yang selalu Anda inginkan. Pasangan Anda akan mendorong dan menghargai Anda atas kerja keras Anda dan ini akan membuat cinta Anda berkembang. Fase ini akan membawa semangat baru menuju kehidupan cinta Anda. Jika Anda lajang, kemungkinan besar akan mengalami pertemuan dengan seseorang yang spesial.</THE-WORLD-ONE >
    </ROOT>
