{
  "project_info": {
    "project_number": "134071085031",
    "firebase_url": "https://lyricalvideomaker-817d6.firebaseio.com",
    "project_id": "lyricalvideomaker-817d6",
    "storage_bucket": "lyricalvideomaker-817d6.appspot.com"
  },
  "client": [
    {
      "client_info": {
        "mobilesdk_app_id": "1:134071085031:android:b11c1332bbae6e096fff42",
        "android_client_info": {
          "package_name": "com.example.lyricsvideo"
        }
      },
      "oauth_client": [
        {
          "client_id": "134071085031-smsa0rc42ej2j60v0k1fibh3heecgo0e.apps.googleusercontent.com",
          "client_type": 3
        }
      ],
      "api_key": [
        {
          "current_key": "AIzaSyD2MA_-gfVR4ozfo_fwvaE54-Rn4ZtNUII"
        }
      ],
      "services": {
        "appinvite_service": {
          "other_platform_oauth_client": [
            {
              "client_id": "134071085031-smsa0rc42ej2j60v0k1fibh3heecgo0e.apps.googleusercontent.com",
              "client_type": 3
            }
          ]
        }
      }
    }
  ],
  "configuration_version": "1"
}