[
  {
    "theme_id": 1,
    "theme_name": "Promise",
    "game_object_name": "Promise",
    "theme_bundle": "Promise.unity3d",
    "bundle_size": "117983",
    "theme_thumbnail": "Promise.png",
    "from_asset": true
  },
  {
    "theme_id": 2,
    "theme_name": "AngelLove",
    "game_object_name": "AngelLove",
    "theme_bundle": "AngelLove.unity3d",
    "bundle_size": "147506",
    "theme_thumbnail": "AngelLove.png",
    "from_asset": true
  },
  {
    "theme_id": 3,
    "theme_name": "CreamCake",
    "game_object_name": "CreamCake",
    "theme_bundle": "CreamCake.unity3d",
    "bundle_size": "54938",
    "theme_thumbnail": "CreamCake.png",
    "from_asset": true
  },
  {
    "theme_id": 4,
    "theme_name": "Crazy",
    "game_object_name": "Crazy",
    "theme_bundle": "Crazy.unity3d",
    "bundle_size": "66618",
    "theme_thumbnail": "Crazy.png",
    "from_asset": true
  },
  {
    "theme_id": 5,
    "theme_name": "Energy",
    "game_object_name": "Energy",
    "theme_bundle": "Energy.unity3d",
    "bundle_size": "54132",
    "theme_thumbnail": "Energy.png",
    "from_asset": true
  },
  {
    "theme_id": 6,
    "theme_name": "Excitement",
    "game_object_name": "Excitement",
    "theme_bundle": "Excitement.unity3d",
    "bundle_size": "188108",
    "theme_thumbnail": "Excitement.png",
    "from_asset": true
  },
  {
    "theme_id": 7,
    "theme_name": "GradientColor",
    "game_object_name": "GradientColor",
    "theme_bundle": "GradientColor.unity3d",
    "bundle_size": "44082",
    "theme_thumbnail": "GradientColor.png",
    "from_asset": true
  },
  {
    "theme_id": 8,
    "theme_name": "GradientHeart",
    "game_object_name": "GradientHeart",
    "theme_bundle": "GradientHeart.unity3d",
    "bundle_size": "71052",
    "theme_thumbnail": "GradientHeart.png",
    "from_asset": true
  },
  {
    "theme_id": 9,
    "theme_name": "HeartFilling",
    "game_object_name": "HeartFilling",
    "theme_bundle": "HeartFilling.unity3d",
    "bundle_size": "67227",
    "theme_thumbnail": "HeartFilling.png",
    "from_asset": true
  },
  {
    "theme_id": 10,
    "theme_name": "HeartTouch",
    "game_object_name": "HeartTouch",
    "theme_bundle": "HeartTouch.unity3d",
    "bundle_size": "45185",
    "theme_thumbnail": "HeartTouch.png",
    "from_asset": true
  },
  {
    "theme_id": 11,
    "theme_name": "Highper",
    "game_object_name": "Highper",
    "theme_bundle": "Highper.unity3d",
    "bundle_size": "57686",
    "theme_thumbnail": "Highper.png",
    "from_asset": true
  },
  {
    "theme_id": 12,
    "theme_name": "InsideLove",
    "game_object_name": "InsideLove",
    "theme_bundle": "InsideLove.unity3d",
    "bundle_size": "74993",
    "theme_thumbnail": "InsideLove.png",
    "from_asset": true
  },
  {
    "theme_id": 13,
    "theme_name": "LoveHeart",
    "game_object_name": "LoveHeart",
    "theme_bundle": "LoveHeart.unity3d",
    "bundle_size": "53130",
    "theme_thumbnail": "LoveHeart.png",
    "from_asset": true
  },
  {
    "theme_id": 14,
    "theme_name": "LoveMusic",
    "game_object_name": "LoveMusic",
    "theme_bundle": "LoveMusic.unity3d",
    "bundle_size": "51127",
    "theme_thumbnail": "LoveMusic.png",
    "from_asset": true
  }
]