<ROOT>
<ACE-OF-CUPS-ONE >ไพ่ใบนี้บ่งบอกว่าคุณจะมีก้าวที่สำคัญเข้าสู่ความเสี่ยงครั้งใหม่โดยไม่เครียดหรือวิวาทเกี่ยวกับความเสี่ยงต่าง ๆ และสุดท้ายแล้ว โครงการนี้จะช่วยให้คุณได้ดูแลสิ่งที่คุณต้องการ นี่คือเวลาที่ดีที่จะเสี่ยง คุณจะได้รับประโยชน์ด้านการเงิน </ACE-OF-CUPS-ONE >
<TWO-OF-CUPS-ONE >การโต้แย้งด้านการเงินหรือข้อตกลงด้านการเงินใด ๆ จะได่รับการยอมรับและตกลงกันได้และนี่จะทำให้คุณสบายใจ กำไรของคุณธุรกิจอาจเพิ่มขึ้นหรือจะได้ขึ้นเงินเดือนเร็ว ๆ นี้ </TWO-OF-CUPS-ONE >
<THREE-OF-CUPS-ONE >ไพ่ใบนี้บ่งบอกว่าตอนนี้คุณมีแหล่งที่มาของรายได้ที่มั่นคงและคุณมีส่วนแบ่งระหว่างรายรับและรายจ่ายที่พอกัน จะมีเงินเข้าดีผ่านแหล่งย่อยต่าง ๆ และคุณจะรู้สึกพอใจ </THREE-OF-CUPS-ONE >
<FOUR-OF-CUPS-ONE >ไพ่ใบนี้แสดงให้เห็นว่าถ้าหากมีความผิดปกติด้านการเงินหรือสถานการณ์ใด ๆ เกี่ยวกับการเงิน คุณจะสามารถจัดการกับมันได้อย่างแนบเนียนคุณจะมีไหวพริบรวดเร็วมากและสามารถทำงานให้สำเร็จไปได้ โดยเฉพาะในการเก็บเงินหรือตกลงปัญหาด้านกฏหมายที่เกี่ยวกับเงิน </FOUR-OF-CUPS-ONE >
<FIVE-OF-CUPS-ONE >ไพ่ใบนี้บ่งบอกว่าคุณจะต้องให้ความสนใจเกี่ยวกับการเงินของคุณและตอนนี้สถานะการเงินของคุณจะไม่ค่อยมั่นคง คุณจะต้องทำทุกสิ่งเกี่ยวกับรายจ่ายอย่างระมัดระวังและมีเพียงการปฏิบัติแบบใช้ได้จริงและมั่นคงจะช่วยให้คุณผ่านสถานการณ์นี้ไปได้ </FIVE-OF-CUPS-ONE >
<SIX-OF-CUPS-ONE >ไพ่ใบนี้บ่งบอกว่าคุณจะไม่ต้องห่วงอะไรมากเกี่ยวกับการเงินของคุณ รายจ่ายและรายรับของคุณจะอยู่ในการควบคุมและเงินจะไหลเข้าจากหลายช่องทาง คุณจะรู้สึกพอใจจากรายรับของคุณและจะได้เงินรางวัลแบบทันทีซึ่งจะทำคุณช็อก </SIX-OF-CUPS-ONE >
<SEVEN-OF-CUPS-ONE >ไพ่ใบนี้บ่งบอกว่าจะมีวิกฤติขนาดเล็กในความสัมพันธ์กับการใช้เงิน แต่คุณจะจัดการมันได้ จะไม่ต้องห่วงอะไรมากสิ่งต่าง ๆ จะได้รับการแก้ไขเร็ว ๆ นี้ และยังมีโอกาสที่คุณจะได้รายรับเล็กน้อยจากแหล่งต่าง ๆ </SEVEN-OF-CUPS-ONE >
<EIGHT-OF-CUPS-ONE >ไพ่ใบนี้แสดงให้เห็นว่าคุณจะต้องจับตาดูรายจ่ายของคุณจากสถานการณ์ต่าง ๆ ค่าใช้จ่ายจะเพิ่มขึ้นเรื่อย ๆ ถึงแม้คุณจะควบคุมมันแล้ว คุณจะรู้สึกว่ารายรับของคุณไม่เพียงพอกับค่าใช้จ่ายและนี่อาจทำให้คุณผิดหวังหรือไม่พึงพอใจ </EIGHT-OF-CUPS-ONE >
<NINE-OF-CUPS-ONE >ไพ่ใบนี้บ่งบอกว่าคุณจะต้องพบกับความไม่พึงพอใจในด้านของรายรับ คุณจะได้รับเงินจากลูกหนี้ของคุณเร็ว ๆ นี้ แต่ต้องมีการถกเถียงกันเพราะโดยต้องแยกความสัมพันธ์เพราะเรื่องเงิน แต่คุณจะจัดการสถานการณ์ได้ดีและทุกสิ่งจะคลี่คลาย </NINE-OF-CUPS-ONE >
<TEN-OF-CUPS-ONE >ไพ่ใบนี้แสดงให้เห็นว่าคุณจะต้องอยากปลดปล่อยตัวเองบ้างและใช้เงินมากกว่าเดิมเล็กน้อยและดื่มด่ำกับการผ่อนคลาย คุณอาจต้องซื้อของขวัญให้กับคนรักและการใช้จ่ายจะไม่รบกวนคุณ คุณจะได้รับเงินมากขึ้นและดื่มด่ำเล็กน้อยกับเพื่อนและครอบครัว </TEN-OF-CUPS-ONE >
<PAGE-OF-CUPS-ONE >คุณจะคาดหวังการเลื่อนขั้นหรือการประเมินและมันจะเกิดขึ้นเร็ว ๆ นี้ จะมีโอกาสเข้ามาหาคุณ เพราะฉะนั้นไม่มีอะไรต้องห่วง </PAGE-OF-CUPS-ONE >
<KNIGHT-OF-CUPS-ONE >ไพ่ใบนี้แสดงให้เห็นว่าคุณมีโชคดีในเรื่องของการเงิน คุณจะได้รับเซอไพรส์ที่ดีด้านการเงินเช่นการเพิ่มเงินเดือน, เพิ่มรายได้หรือเงินจำนวนมากจากแหล่งที่มาที่คาดไม่ถึง ถ้าเงินของคุณกำลังติดอยู่ที่ไหน มันจะกลับมาหาคุณ </KNIGHT-OF-CUPS-ONE >
<QUEEN-OF-CUPS-ONE >ไพ่ใบนี้บ่งบอกว่าคุณจะไม่รู้สึกอ่อนแอด้านการเงินเร็ว ๆ นี้ จะมีคนคอยช่วยเหลือคุณมากมายในวิกฤตด้านการเงินหรือถ้าหากคุณกำลังหาคำแนะนำในการลงทุนคุณก็จะได้รับมันจากคนที่ถูกต้อง คุณจะไม่มีปัญหาในการรับค่านายหน้าหรือเงินจากแหล่งอื่น </QUEEN-OF-CUPS-ONE >
<KING-OF-CUPS-ONE >ไพ่ใบนี้บ่งบอกว่าคุณจะมีแหล่งที่มารายได้ของเงินจากงานของคุณหรือกิจการใหม่ ถ้าคุณทำการซื้อขายหรือเซ็นสัญญาใหม่คุณก็ควรระวังเรื่องเอกสารและข้อตกลงและเงื่อนไขมันอาจมีบางส่วนคอยบังคับการดำเนินการของคุณ </KING-OF-CUPS-ONE >
<ACE-OF-PENTACLES-ONE >ไพ่ใบนี้บ่งบอกว่าคุณอธิษฐานขอเงินขอจากแหล่งต่าง ๆ และครั้งนี้มันจะสนับสนุนคุณและคุณจะได้รับรายได้จากช่องทางใหม่ คุณจะต้องคิดเกี่ยวกับเป้าหมายการเงินระยะยาวและจะมีแผนหรือกิจการที่จะเข้ามาหาคุณ </ACE-OF-PENTACLES-ONE >
<TWO-OF-PENTACLES-ONE >ไพ่ใบนี้แสดงให้เห็นว่าคุณจะดำเนินการวางแผนด้านการเงินในธุรกิจและชีวิตส่วนตัวและคุณจะได้รับคำยินยอมจากผู้ที่เกี่ยวข้อง ถ้าหากคุณกำลังวางแผนการลงทุนใหม่มันจะมีค่าใช้จ่ายจำนวนมากเกี่ยวข้อง คุณจะต้องจ่ายเงินอย่างต่อเนื่อง </TWO-OF-PENTACLES-ONE >
<THREE-OF-PENTACLES-ONE >ไพ่ใบนี้บ่งบอกว่าเงินจะมาหาคุณจะแหล่งที่ไม่คาดคิดและคุณจะได้รับการสนับสนุนจากครอบครัวและเพื่อนร่วมงาน คุณจะหาแหล่งทำเงินเพื่อเพิ่มรายได้และอาจได้เปิดโครงการหรือกิจกรรมที่ภารกิจนี้หรืออาจเริ่มต้นสิ่งใหม่ </THREE-OF-PENTACLES-ONE >
<FOUR-OF-PENTACLES-ONE >ไพ่ใบนี้แสดงให้เห็นว่าคุณจะมีกิจกรรมมากมายเกี่ยวกับการโอนเงิน คุณจะต้องทำเอกสารมากมายซึ่งอาจเกี่ยวกับระเบียบกฎหมายเพื่อรับเงินคืน คุณจะพบกับความมั่นคงด้านการเงินและคุณจะมีเพียงเพื่อการใช้จ่ายทั่วไป </FOUR-OF-PENTACLES-ONE >
<FIVE-OF-PENTACLES-ONE >ไพ่ใบนี้บ่งบอกว่าคุณอาจใช้เงินเพื่อพัฒนาตัวเองและตามใจตัวเอง การเงินของคุณจะเข้าที่คุณจะสามารถจัดการกับรายจ่ายได้ทั้งหมดและโชคอาจอยู่ข้างคุณ แม้อาจจะมีปัญหาหรือสิ่งกีดขวางบ้างระหว่างการดำเนินการ </FIVE-OF-PENTACLES-ONE >
<SIX-OF-PENTACLES-ONE >ไพ่ใบนี้บ่งบอกว่าจะเป็นเวลาที่ยากลำบากเล็กน้อยสำหรับคุณเพราะคุณอาจมีปัญหา เพื่อนของคุณอาจไม่เห็นค่าของคุณและไม่คืนเงินของคุณหรืออาจไม่ได้ค่าเช่าตรงเวลา นี่อาจนำไปสู่ความรุนแรงและความรบกวนใจและความขัดแย้ง ในสถานการณ์แบบนี้แนะนำให้คุณใจเย็นเข้าไว้ </SIX-OF-PENTACLES-ONE >
<SEVEN-OF-PENTACLES-ONE >ไพ่ใบนี้แสดงให้เห็นว่าสิ่งต่าง ๆ เกี่ยวกับการเงินอาจดูมืดมนมากในเริ่มต้นและสิ่งต่าง ๆ อาจดูคลุมเครือและไม่ชัดเจน แต่มีการได้รับด้านการเงินเร็ว ๆ นี้ผ่านธุรกิจหรือกิจการส่วนตัวด้วยความช่วยเหลือและคำแนะนำจากคนใกล้ชิดและนี่จะเป็นความหวังใหม่ให้กับคุณ </SEVEN-OF-PENTACLES-ONE >
<EIGHT-OF-PENTACLES-ONE >ไพ่ใบนี้แสดงให้เห็นว่าช่วงนี้คุณจะโชคดีในด้านการเงินและจะไม่มีเรื่องการเงินให้เครียด จะมีรายรับหรือคุณจะได้ซื้อสิ่งที่คุณต้องการ ปัจจัยสำคัญสู่ชีวิตที่มีความสุขคือการพอใจกับสิ่งที่คุณมีและนี่จะเป็นเรื่องจริงสำหรับคุณไปอีกซักพัก </EIGHT-OF-PENTACLES-ONE >
<NINE-OF-PENTACLES-ONE >ไพ่ใบนี้บ่งบอกว่าตอนนี้คุณจะมีความโชคดีและสิ่งต่าง ๆ จะเป็นไปในทิศทางที่ถูกต้องแม้ในแง่ของการเงิน หากคุณมีปัญหาใด ๆ ด้านการเงิน ทุกอย่างจะได้รับการแก้ไขไปได้ด้วยดีและจะมีข่าวดีเข้ามาเร็ว ๆ นี้ </NINE-OF-PENTACLES-ONE >
<TEN-OF-PENTACLES-ONE >ไพ่ใบนี้แสดงให้เห็นว่าจะมีความสมดุลที่พอดีระหว่างรายได้และค่าใช้จ่ายของคุณและคุณจะต้องจัดการกับค่าใช้จ่ายต่าง ๆ ภายในบ้านซึ่งจะใช้เงินส่วนใหญ่ของคุณ หากคุณกำลังจะซื้ออะไรบางอย่างหรือการตัดสินใจที่สำคัญบางอย่างเกี่ยวกับเงินมันก็จะถูกจัดการไปได้ </TEN-OF-PENTACLES-ONE >
<PAGE-OF-PENTACLES-ONE >ไพ่ใบนี้บ่งบอกว่าตอนนี้การเงินของคุณจะมีความสมดุล แต่จะมีบางครั้งที่คุณอาจรู้สึกไม่เพียงพอ สิ่งนี้อาจรุนแรงขึ้นคุณและนำไปสู่การตอบสนองที่รุนแรง คุณจะต้องใจเย็นลงเล็กน้อยเพราะไพ่ใบนี้แนะนำว่าช่วงเวลาที่ดีกำลังจะเกิดขึ้น </PAGE-OF-PENTACLES-ONE >
<KNIGHT-OF-PENTACLES-ONE >ไพ่ใบนี้แสดงให้เห็นว่าจะไม่มีปัญหามากมายกับสถานะทางการเงินของคุณ แม้ว่าอาจมีบางฝ่ายที่ไม่เต็มใจที่จะคืนเงินและนี่อาจเป็นปัญหาทำให้เกิดความกังวล ตอนนี้คุณอาจไม่มั่นใจตัวเอง แต่ในไม่ช้าก็จะมีโชคดีเข้ามาหาคุณ </KNIGHT-OF-PENTACLES-ONE >
<QUEEN-OF-PENTACLES-ONE >ไพ่ใบนี้้แสดงให้เห็นว่าหากเงินของคุณอยู่ที่ใครหรือสูญหายไปที่ไหนสักแห่งมันเป็นไปได้มากว่ามันจะคลี่คลายและสิ่งต่าง ๆ จะได้รับการแก้ไข คุณจะได้รับเงินของคุณคืนและคุณยังสามารถคาดหวังกำไรทางการเงินเล็กน้อยหรือรายได้เพิ่มขึ้น </QUEEN-OF-PENTACLES-ONE >
<KING-OF-PENTACLES-ONE >ไพ่ใบนี้บ่งบอกว่าจะไม่มีปัญหาใด ๆ เกี่ยวกับการเงินของคุณ คุณจะมีโอกาสทำกำไรได้หลายทาง แต่คุณจะทำมันด้วยความระมัดระวัง ขอแนะนำให้คุณทำธุรกิจของคุณในบ้านหรือสถานที่ใกล้เคียงนี่อาจเป็นโชคดีสำหรับคุณ </KING-OF-PENTACLES-ONE >
<ACE-OF-SWORDS-ONE >ไพ่ใบนี้บ่งบอกว่าเรื่องที่เกี่ยวข้องกับเงินหรือการเงินของคุณจะไม่เป็นแบบที่คุณคาดหวังไว้ อาจมีความหวาดหวั่นเกี่ยวกับค่าใช้จ่ายบางอย่างโดยเฉพาะอย่างยิ่งสิ่งที่ไม่คาดคิด รายได้ของคุณจะมีมั่นคง แต่คุณจะต้องพยายามอย่างหนักเพื่อให้เกิดความสมดุลระหว่างการเงินเข้าและค่าใช้จ่ายที่เพิ่มขึ้น </ACE-OF-SWORDS-ONE >
<TWO-OF-SWORDS-ONE >ไพ่ใบนี้แสดงให้เห็นว่าการเงินของคุณอยู่ในตำแหน่งที่เหมาะสมและไม่ต้องกังวลมากนัก แม้ว่าอาจจะมีปัญหาให้กังวลเกี่ยวกับการลงทุนใหม่หรือการผูกมัดและจะมีบางสิ่งที่เกิดขึ้นในความคิดของคุณและคุณจะไม่มั่นใจในที่จะตัดสินใจอย่างเด็ดขาด </TWO-OF-SWORDS-ONE >
<THREE-OF-SWORDS-ONE >ไพ่ใบนี้บ่งบอกว่านี่จะเป็นช่วงเวลาที่ดีเกี่ยวกับการเงินของคุณและจะมีเงินไหลเข้ามาอย่างต่อเนื่อง คุณอาจได้รับจากแหล่งที่ไม่คาดคิดมากที่สุดหรือการลงทุนเก่าของคุณจะเริ่มสร้างผลกำไร หากลูกหนี้ของคุณบางคนไม่เต็มใจที่จะคืนเงินให้คุณ สิ่งต่าง ๆ จะถูกจัดการไปได้เร็ว ๆ นี้ </THREE-OF-SWORDS-ONE >
<FOUR-OF-SWORDS-ONE >ไพ่ใบนี้แสดงให้เห็นว่าการไหลเข้าของเงินของคุณจะค่อนข้างนิ่งในขณะนี้ อาจมีสถานการณ์ที่คุณอาจต้องโต้เถียงเรื่องเงินกับคู่ค้าทางธุรกิจหรือลูกหนี้หรืออาจมีความผิดหวังเนื่องจากความล่าช้าในการชำระเงิน แต่ความโกลาหลนี้จะสิ้นสุดในไม่ช้าเนื่องจากการเงินของคุณจะมั่นคงหลังจากผ่านไประยะหนึ่ง </FOUR-OF-SWORDS-ONE >
<FIVE-OF-SWORDS-ONE >ไพ่ใบนี้บ่งบอกว่าคุณจะพึงพอใจในเรื่องการเงินเนื่องจากรายได้และค่าใช้จ่ายของคุณจะสมดุลและคุณจะได้รับเงินจากแหล่งต่าง ๆ แต่ถึงอย่างนั้นก็จะมีสติในเรื่องการเงิน ขอแนะนำว่าคุณไม่ต้องกังวลเรื่องการเงินมากเกินไปและทำใจให้สบาย </FIVE-OF-SWORDS-ONE >
<SIX-OF-SWORDS-ONE >ไพ่ใบนี้แสดงให้เห็นว่าคุณอาจมีช่วงเวลาที่ยากลำบากในการหารายได้และดูแลค่าใช้จ่ายของคุณเนื่องจากอาจดูเหมือนว่าเรื่องการเงินโชคไม่เข้าข้างคุณ แต่มันจะเปลี่ยนไปในไม่ช้าและคุณจะทำเงินจำนวนหนึ่งได้โดยต้องอาศัยโชคดีและคุณจะสนุกไปกับมัน </SIX-OF-SWORDS-ONE >
<SEVEN-OF-SWORDS-ONE >ไพ่ใบนี้บ่งบอกว่าคุณจะรู้สึกประหม่าหรือโกรธเล็กน้อยเนื่องจากคุณอาจต้องทำการตัดสินใจที่ไม่ตรงความต้องการ แต่คุณสามารถลืมความกังวลนั้นไปได้เพราะมันดูเหมือนว่าคุณจะจัดการมันไปได้อย่างรวดเร็ว นอกจากนี้ยังอาจมีผลประโยชน์ทางการเงินบางอย่างมาถึงคุณหรือคุณอาจชนะบางสิ่งในไม่ช้า </SEVEN-OF-SWORDS-ONE >
<EIGHT-OF-SWORDS-ONE >ไพ่ใบนี้แสดงให้เห็นว่าคุณจะรู้สึกว่ารายได้ของคุณนิ่งและคุณจะได้รับการประเมินที่คาดหวัง คุณจะพยายามหาเส้นทางอื่นเพื่อหาเงินเล็กน้อยเพื่อจัดการตามความต้องการของคุณ มันแสดงให้เห็นว่าคุณจะประสบความสำเร็จในการทำเช่นนี้และจัดการเรื่องผูกมัดไปได้ด้วยดี </EIGHT-OF-SWORDS-ONE >
<NINE-OF-SWORDS-ONE >ไพ่ใบนี้บ่งบอกว่านี่จะเป็นหนึ่งในช่วงเวลาที่ดีที่สุดในชีวิตของคุณครั้งหนึ่งในเรื่องการเงิน คุณจะมีรายได้ดีจากงานประจำของคุณและคุณอาจได้รับค่าจ้างเพิ่มขึ้นในไม่ช้า อาจมีข้อตกลงทางธุรกิจใหม่ ๆ เกิดขึ้นซึ่งจะทำกำไรได้มากหรือคุณอาจพบทางที่สามารถทำคู่กันไปเพื่อหารายได้ที่ดีได้ </NINE-OF-SWORDS-ONE >
<TEN-OF-SWORDS-ONE >ไพ่ใบนี้แสดงให้เห็นว่าหากมีปัญหาทางการเงินใด ๆ ที่คุณกำลังเผชิญอยู่ในขณะนี้มันจะได้รับการแก้ไข นอกจากนี้ยังมีโอกาสที่คุณจะประหลาดใจเมื่อคุณได้รับผลประโยชน์ทางการเงินหรือผลประโยชน์พิเศษในที่ทำงานจากกิจการเก่าหรือการประเมินซึ่งจะทำให้คุณยินดีไปกับความสุขนี้ </TEN-OF-SWORDS-ONE >
<PAGE-OF-SWORDS-ONE >ไพ่ใบนี้ระบุว่าจะมีบางอย่างที่เกี่ยวข้องกับการเงินของคุณที่จะรบกวนคุณอย่างต่อเนื่อง คุณจะรู้สึกวิตกเกี่ยวกับสถานะทางการเงินของคุณและคุณจะพยายามลดค่าใช้จ่ายของคุณ แต่นี่อาจดูเหมือนเป็นปัญหาที่ไม่สิ้นสุดเพราะมันจะไม่ถูกตัดสินในการพบกันครั้งแรก </PAGE-OF-SWORDS-ONE >
<KNIGHT-OF-SWORDS-ONE >ไพ่ใบนี้แสดงให้เห็นว่าหนึ่งในเพื่อนของคุณหรือคนใกล้ตัวจะเสนอข้อตกลงหุ้นส่วนหรือร่วมในกิจการใหม่ พวกเขาจะพิสูจน์ให้เห็นว่าพวกเขาช่วยได้มากเนื่องจากพวกเขาไม่ขออะไรตอบแทนมากมายและคุณจะรู้สึกพึงพอใจกับท่าทีของพวกเขา </KNIGHT-OF-SWORDS-ONE >
<QUEEN-OF-SWORDS-ONE >ไพ่ใบนี้ระบุว่าคุณอาจถูกใครบางคนโกงเงิน อาจมีใครที่ยืมเงินจากคุณและไม่ยอมจ่ายคืน เช่น ค่าเช่าที่ช้า บิลหรือวัสดุ นอกจากนี้มันยังอาจทำให้คุณรู้สึกไม่พอใจและลงท้ายด้วยการโต้เพียงหรือเผชิญหน้า </QUEEN-OF-SWORDS-ONE >
<KING-OF-SWORDS-ONE >ไพ่ใบนี้แสดงให้เห็นว่าคุณต้องผ่อนคลายและหยุดคิดเกี่ยวกับการเงินของคุณมากเกินไป รายได้ของคุณจะมั่นคง แต่ยังคงมีแรงกดดันที่เกิดขึ้นในครอบครัวและรอบ ๆ ตัวคุณเนื่องจากสถานการณ์น่ารังเกียจบางอย่างที่คุณอาจไม่สามารถหลีกเลี่ยงได้ </KING-OF-SWORDS-ONE >
<ACE-OF-WANDS-ONE >ไพ่ใบนี้บ่งชี้ว่าคุณมีแนวโน้มสูงที่จะได้รับเงิน กำไรเหล่านี้จะเป็นเพราะสิ่งที่เกี่ยวข้องกับทักษะของคุณ หากคุณวางแผนที่จะจัดนิทรรศการผลงานของคุณหรือมีแนวคิดที่ธุรกิจที่แตกต่าง นี่เป็นเวลาที่เหมาะสมที่จะดำเนินการ </ACE-OF-WANDS-ONE >
<TWO-OF-WANDS-ONE >ไพ่ใบนี้แสดงให้เห็นว่าหากคุณมีข้อพิพาททางการเงินหรือกำลังคิดตามข้อตกลงทางการเงินในที่สุดพวกเขาก็จะตกลงและตกลงกันในที่สุดและสิ่งนี้จะทำให้คุณรู้สึกโล่งใจ มีโอกาสที่ผลกำไรของคุณในธุรกิจของคุณจะเพิ่มขึ้นหรือคุณอาจได้รับการขึ้นเงินเดือนในไม่ช้า </TWO-OF-WANDS-ONE >
<THREE-OF-WANDS-ONE >ไพ่ใบนี้แนะนำให้ติดต่อกับเพื่อนและเพื่อนร่วมงานของคุณเพราะพวกเขาจะแสดงให้เห็นว่าตอนนี้พวกเขาช่วยเหลือทางการเงินได้อย่างยอดเยี่ยม ธุรกิจหรืองานของคุณจะเริ่มเฟื่องฟูสร้างผลกำไรให้คุณมากกว่าที่คาดไว้ จะมีข้อตกลงทางธุรกิจเกิดขึ้นซึ่งจะทำให้คุณได้รับประโยชน์เพิ่มขึ้นตามที่คุณตั้งตารอ </THREE-OF-WANDS-ONE >
<FOUR-OF-WANDS-ONE >ไพ่ใบนี้บ่งบอกว่าตอนนี้การเงินของคุณจะมั่นคงและคุณจะได้รับเงินจากไม่กี่แหล่ง คุณจะไม่มีปัญหาใด ๆ ในการเจรจาทางการเงินเนื่องจากงานของคุณจะราบรื่นและคุณจะทำได้ดีกว่าก่อนหน้านี้ </FOUR-OF-WANDS-ONE >
<FIVE-OF-WANDS-ONE >ไพ่ใบนี้แสดงให้เห็นว่าตอนนี้คุณจะมีโชคด้านเงิน หากคุณมีข้อโต้แย้งด้านการเงินใด ๆ ที่เกี่ยวข้องกับอสังหาริมทรัพย์หรือการลงทุนเป็นไปได้มากว่าคุณจะได้เปรียบ คุณจะจัดการด้านการเงินของคุณได้ดีและสิ่งนี้จะช่วยให้คุณประหยัดได้มากพอสำหรับการดูแลความคาดหวังของครอบครัว </FIVE-OF-WANDS-ONE >
<SIX-OF-WANDS-ONE >ไพ่ใบนี้บ่งบอกว่าจะมีปัญหาบางอย่างเกิดขึ้นเกี่ยวกับเงินของคุณที่อยู่กับคนอื่นหรืออยู่ในบางที่ สิ่งนี้สามารถทำให้คุณรู้สึกกังวลอย่างมากและอาจมีบางครั้งที่คุณอาจแสดงความขี้เหนียวโดยที่ไม่รู้ตัว แต่ช่วงเวลาที่ยากลำบากนี้จะผ่านไปในไม่ช้าและเงินของคุณจะถูกจัดการไปได้ด้วยดี </SIX-OF-WANDS-ONE >
<SEVEN-OF-WANDS-ONE >ไพ่ใบนี้แสดงให้เห็นว่าหากมีปัญหาหรืออุปสรรคใด ๆ เกี่ยวกับเงินของคุณแล้วพวกเขาก็คลี่คลายไปในไม่ช้า คุณจะได้รับผลประโยชน์จากแผนการออมทรัพย์และเคลื่อนย้ายการเงินที่ชาญฉลาดซึ่งจะทำให้คุณรู้สึกพึงพอใจและมีความสุขและสิ่งนี้อาจนำไปสู่การทำตามใจตัวเองเล็กน้อย แต่คุณสมควรได้รับมันแล้ว! </SEVEN-OF-WANDS-ONE >
<EIGHT-OF-WANDS-ONE >ไพ่ใบนี้ระบุว่าสิ่งต่าง ๆ จะเปลี่ยนไปในทางที่ดีขึ้นในไม่ช้า สถานะทางการเงินของคุณจะรุ่งเรืองมากกว่าที่คุณคาดหวังเพราะคุณจะทำข้อตกลงที่ทำกำไรได้ใหม่ในบริษัทของคุณซึ่งจะช่วยให้คุณได้รับเกียรติด้วยและจะมีการประชุมจำนวนมากที่ต้องเข้าร่วมและทำกำไรในอนาคตอันใกล้ </EIGHT-OF-WANDS-ONE >
<NINE-OF-WANDS-ONE >ไพ่ใบนี้แสดงให้เห็นว่าตอนนี้สถานะทางการเงินของคุณเกือบจะสมดุลเนื่องจากคุณอาจทำกำไรได้และมีการขาดทุนในระยะเวลาอันสั้น แต่จะไม่ทำให้เกิดความกังวลเพราะคุณจะได้รับรายได้เพียงพอให้พึงพอใจและจัดการค่าใช้จ่ายรายวันของคุณได้และคุณจะประสบความสำเร็จในการหาแหล่งรายได้เพิ่มขึ้น </NINE-OF-WANDS-ONE >
<TEN-OF-WANDS-ONE >ไพ่ใบนี้แสดงให้เห็นว่าตอนนี้คุณจะไม่เชื่อมั่นเล็กน้อยเกี่ยวกับข้อตกลงการเงินของคุณ เนื่องจากอาจมีบางอย่างกับลูกค้าหรือเจ้านายของคุณซึ่งอาจนำไปสู่ปัญหาบางอย่าง คุณจะต้องการมองข้ามสถานการณ์ที่ลำบากเหล่านี้เพื่อหาแหล่งรายได้มากขึ้น แต่จะพบว่ามันยากกว่าที่คุณคิด </TEN-OF-WANDS-ONE >
<PAGE-OF-WANDS-ONE >ไพ่ใบนี้แสดงให้เห็นว่าคุณจะเห็นผลกำไรเข้ามาเมื่องานบางส่วนของคุณน่าเป็นห่วงในขณะที่บางส่วนยังคงอ่อนแอ อาจมีปัญหาเกี่ยวกับการติดต่อกับธนาคารหรือเอกสารทางการเงิน </PAGE-OF-WANDS-ONE >
<KNIGHT-OF-WANDS-ONE >จะมีเงินไหลเข้าจากบางแหล่งที่ไม่คาดคิดแต่ไม่ใช่จำนวนมากมาย งานการเก็บเงินจากลูกหนี้ของคุณจะกลายเป็นการเดินทางโดยรถแท็กซี่เล็กน้อยและคุณอาจไม่ได้รับสิ่งที่คุณคาดหวังซึ่งอาจทำให้เกิดการโต้เถียงและความผิดหวัง </KNIGHT-OF-WANDS-ONE >
<QUEEN-OF-WANDS-ONE >คุณอาจอารมณ์เสียและอาจทำตามใจตัวเองมากกว่าที่คุณคาดไว้และใบเรียกเก็บเงินค่าบัตรเครดิตของคุณอาจทำให้คุณตกใจ สิ่งนี้สามารถทำให้คุณอารมณ์เสียไปซักพักและในสถานการณ์นึ้คุณจะคิดถึงตัวเลือกอื่น แต่การตัดสินใจของคุณจะเป็นประโยชน์ในชีวิตจริงภายหลัง </QUEEN-OF-WANDS-ONE >
<KING-OF-WANDS-ONE >ไพ่ใบนี้ระบุว่าคุณจะทำเงินจากงานปกติของคุณ แต่จะพยายามรับข้อเสนอที่ดีที่สุดจากแหล่งอื่น ๆ แต่ตลาดจะกลายเป็นที่ต้องการอย่างมากและหากคุณมีธุรกิจของตัวเองคุณจะต้องดิ้นรนเล็กน้อยเพื่อหาผู้ติดต่อและโครงการใหม่ ๆ สำหรับคนที่เป็นพนักงาน อาจมีการแข่งขันที่หินที่คุณอาจต้องเผชิญในไม่ช้า </KING-OF-WANDS-ONE >
<THE-MAGICIAN-ONE >ไพ่ใบนี้บ่งบอกถึงการเริ่มต้นใหม่ในชีวิตของคุณในด้านของธุรกิจและการติดต่อทางการเงิน คุณสามารถมั่นใจได้ว่าความพยายามทางการเงินของคุณจะประสบความสำเร็จเพราะเวลาข้างหน้าแสดงให้เห็นถึงความเจริญรุ่งเรืองและความสำเร็จในด้านการลงทุนทางธุรกิจใหม่และการติดต่ออื่น ๆ </THE-MAGICIAN-ONE >
<THE-HIGH-PRIESTESS-ONE >ไพ่ใบนี้แสดงให้เห็นว่าคุณจะต้องคอยตรวจสอบสิ่งต่าง ๆ ไปซักพัก คุณคาดหวังว่าจะได้รับพัสดุหรือจดหมายหรือของบางอย่างเกี่ยวกับการเงินของคุณ สิ่งนี้อาจใช้เวลานานกว่าที่คุณคาดไว้เล็กน้อย แต่ในที่สุดคุณจะได้รับประโยชน์จากการรอคอยที่ยาวนาน </THE-HIGH-PRIESTESS-ONE >
<THE-EMPRESS-ONE >ไพ่ใบนี้บ่งบอกว่าคุณจะต้องจัดระเบียบทางการเงินของคุณให้มากขึ้นและระมัดระวังข้อมูลที่คุณแบ่งปันกับพันธมิตรทางธุรกิจหรือเพื่อนร่วมงานของคุณ แต่คุณสามารถปลดปล่อยความเครียดของคุณได้เนื่องจากจำนวนเงินที่สัญญาไว้อยู่ในช่วงเปลี่ยนผ่านและจะมาถึงคุณในไม่ช้า </THE-EMPRESS-ONE >
<THE-EMPEROR-ONE >ไพ่ใบนี้แสดงให้เห็นว่าถ้าหากเงินหรือเอกสารทางการเงินของคุณติดขัดอยู่มันจะได้รับการจัดการเร็วในไม่ช้า จะมีเหตุให้เฉลิมฉลอง คุณอาจได้รับการขึ้นเงินหรือผลประโยชน์ทางการเงินบางชนิดซึ่งจะกระตุ้นให้คุณดื่มด่ำเล็กน้อย แต่คุณไม่ต้องรู้สึกผิด </THE-EMPEROR-ONE >
<THE-HIEROPHANT-ONE >ไพ่ใบนี้แสดงให้เห็นว่าคุณจะต้องสร้างสมดุลระหว่างรายรับและการใช้จ่ายเล็กน้อยและจะต้องคอยดูค่าใช้จ่ายของคุณ คุณจะมีปัญหาในการรับเงินจากลูกหนี้ของคุณ แม้ว่าคุณจะกังวล แต่สิ่งต่าง ๆ ทางการเงินจะไปได้อย่างราบรื่น </THE-HIEROPHANT-ONE >
<THE-LOVERS-ONE >ไพ่ใบนี้บ่งบอกว่าจะมีเงินไหลเวียนดีเนื่องจากคุณอาจได้รับการเลื่อนขั้น เพิ่มโบนัสและสิทธิประโยชน์อื่น ๆ สิ่งนี้จะช่วยให้คุณรักษาเสถียรภาพทางการเงินและคุณจะไม่ต้องกังวลกับข้อบกพร่องในขณะนี้ นอกจากนี้ยังจะมีการใช้จ่ายสุรุ่ยสุร่ายบ้างเนื่องจากคุณจะมีเหตุผลให้เฉลิมฉลองในไม่ช้า </THE-LOVERS-ONE >
<THE-CHARIOT-ONE >คุณจะเครียดเพราะเงินจะติดอยู่กับผู้คนและการทำธุรกรรมอื่น ๆ และมันจะยากที่จะเรียกคืนมา สิ่งนี้ยังอาจนำไปสู่ปัญหาทางกฎหมายบางอย่างซึ่งจะน่าผิดหวังมากขึ้น แต่ในที่สุดสิ่งต่าง ๆ ก็จะผ่อนคลายลงเนื่องจากการทำงานอย่างหนักของคุณจะดึงเงินจากที่อื่น ๆ ที่ไม่คาดคิด </THE-CHARIOT-ONE >
<STRENGTH-ONE >ไพ่ใบนี้บ่งบอกว่าคุณจะต้องคิดมากขึ้นเกี่ยวกับการติดต่อทางการเงิน นี่เป็นเวลาที่ดีที่จะเอาเงินคืนจากลูกหนี้ซึ่งต้องชำระก่อนหน้านี้ แต่ล่าช้าด้วยเหตุผลหลายประการ คุณจะจัดระเบียบเอกสารทางการเงินทั้งหมดของคุณซึ่งจะช่วยได้อย่างมากเมื่อมีปัญหา </STRENGTH-ONE >
<THE-HERMIT-ONE >ไพ่ใบนี้แสดงให้เห็นว่าคุณจะมีรายได้หรือโบนัสที่ไม่คาดคิด สิ่งนี้จะทำให้คุณตกใจและมีความสุขมากและนี่อาจเป็นสาเหตุให้ใช้จ่ายตามใจตัวเองหรือฉลองกับเพื่อนและครอบครัว คุณอาจวางแผนวันหยุดกับคนที่คุณรักเมื่อได้เงินจากลูกหนี้ </THE-HERMIT-ONE >
<WHEEL-OF-FORTUNE-ONE >ไพ่ใบนี้บ่งบอกว่าจะมีเหตุให้กังวล คุณจะพบว่าธุรกิจของคุณกำไรไม่เพียงพอและมีช่องโหว่บางอย่างที่คุณไม่เคยเห็นมาก่อน คำแนะนำและความช่วยเหลือจากคนที่คุณรักจะช่วยคุณจากความกังวลทางการเงินนี้ได้ </WHEEL-OF-FORTUNE-ONE >
<JUSTICE-ONE >ไพ่ใบนี้แสดงให้เห็นว่านี่จะเป็นช่วงเวลาทางการเงินที่ยากลำบากสำหรับคุณ คุณจะเห็นว่าธุรกิจของคุณทำงานได้ไม่ดีนักหรือแหล่งรายได้อื่น ๆ ของคุณหมดแรงไปในทางใดทางหนึ่ง อาจมีช่วงเวลาที่ยากลำบากที่คุณอาจต้องเผชิญ แต่มั่นใจได้ว่าในไม่ช้าทุกสิ่งจะเปลี่ยนไปในทางที่ดีขึ้นอย่างน้อยก็ด้านรายได้ </JUSTICE-ONE >
<THE-HANGED-MAN-ONE >ไพ่ใบนี้บ่งบอกว่าคุณจะต้องเผชิญกับความหายนะทางการเงินแม้ว่าจะเป็นปัญหาขนาดเล็กเนื่องจากมีคนอาจโกงคุณหรือนำคุณไปในทางที่ผิดเพื่อผลประโยชน์ของตนเอง แต่ในไม่ช้าคุณจะตระหนักถึงสิ่งนี้และดำเนินตามที่จำเป็นเพื่อให้ได้สิ่งที่คุณสมควรได้รับ </THE-HANGED-MAN-ONE >
<DEATH-ONE >ไพ่ใบนี้แสดงให้เห็นว่าตอนนี้จะมีความตึงเครียดเกี่ยวกับเงิน อาจเป็นไปได้ว่าคุณอาจได้ประสบความล้มเหลวทางการเงินอย่างรุนแรงเมื่อเร็ว ๆ นี้หรือบางคนที่คิดว่าจะคืนเงินจำนวนมากให้คุณได้หนีไป สถานการณ์นี้จะทำให้คุณคอยระวังตัวเอง </DEATH-ONE >
<TEMPERANCE-ONE >ไพ่ใบนี้แสดงให้เห็นว่าเงินของคุณจะหมุนเวียนตามลำดับ มันจะเป็นเหมือนการนั่งรถไฟเหาะที่ครั้งหนึ่งคุณมีเงินในขณะที่อีกเวลาหนึ่งคุณจะไม่มีเงิน สิ่งนี้อาจวุ่นวายเล็กน้อยในช่วงเริ่มต้น แต่ธุรกิจของคุณจะนำกำไรเพียงพอให้คุณพึงพอใจ </TEMPERANCE-ONE >
<THE-DEVIL-ONE >ไพ่ใบนี้แสดงให้เห็นว่าตอนนี้คุณจะต้องเผชิญกับปัญหาทางการเงินมากมายเกี่ยวกับเงินของคุณ สิ่งนี้อาจเกิดขึ้นได้เนื่องจากการตัดสินใจที่โชคไม่ดีนัก ปัญหาสุขภาพในครอบครัวหรือเรื่องทางกฎหมายอื่น ๆ สิ่งนี้จะดำเนินต่อไประยะหนึ่ง แต่ทุกอย่างจะดีขึ้นในไม่ช้า </THE-DEVIL-ONE >
<THE-TOWER-ONE >ไพ่ใบนี้บ่งบอกว่าคุณอาจต้องเผชิญกับความล้มเหลวทางการเงินเพราะค่าใช้จ่ายที่ไม่คาดคิด ธุรกิจของคุณอาจทำกำไรไม่เท่าที่จำเป็นและนี่จะเกิดความกังวลอย่างมาก นอกจากนี้ยังมีความเป็นไปได้ที่คุณอาจสูญเสียลูกค้ารายใหญ่รายหนึ่งหรือโครงการที่ทำกำไรได้มากที่สุด </THE-TOWER-ONE >
<THE-STAR-ONE >คุณจะได้รับโครงการใหม่และโอกาสทางธุรกิจซึ่งจะนำไปสู่การไหลเข้าของเงินที่ดี นอกจากนี้ยังมีโอกาสที่คุณอาจได้รับผลประโยชน์ทางการเงินบางอย่างเนื่องจากอนาคตในด้านของความมั่งคั่งนั้นดูสดใส ขอแนะนำว่าคุณอย่าใช้เงินตามใจตัวเองในการฉลองมากเกินไปเพราะคุณอาจไม่ได้ทันคิดเมื่อการใช้จ่ายของคุณมากเกินไป </THE-STAR-ONE >
<THE-MOON-ONE >ไพ่ใบนี้บ่งบอกว่าคุณจะไม่พอใจเล็กน้อยกับสิ่งที่เกิดขึ้นในเรื่องการเงินของคุณ อาจมีบางคนคืนหนี้ที่ติดอยู่ให้คุณ แต่อาจปฏิเสธที่จะจ่ายดอกเบี้ย คุณอาจถูกลืมคุณค่าของคุณไปแต่คุณจะรู้ว่าจะจัดการอย่างไร </THE-MOON-ONE >
<THE-SUN-ONE >ไพ่ใบนี้แสดงให้เห็นว่าเงินที่ไหลเข้ามาช้าจะได้รับการแก้ไขและโอกาสใหม่จะมาหา หากคุณติดอยู่กับปัญหาบางอย่างกับธนาคารหรือการปล่อยสินเชื่อก็มีแนวโน้มที่จะผ่านไปได้ ช่องทางรายได้ใหม่อาจจะเปิดขึ้นและในไม่ช้าก็จะมีข่าวดีทางการเงินมาทางจดหมาย </THE-SUN-ONE >
<JUDGEMENT-ONE >ไพ่ใบนี้บ่งบอกว่านี่จะเป็นช่วงเวลาที่ดีสำหรับการเงินของคุณ หากมีคำตัดสินทางการเงินใด ๆ ผ่านมามันมีโอกาสสูงที่คุณจะเป็นผู้ได้รับ จะมีกำไรทางการเงินในรูปแบบเงินปันผลและชำระหนี้และสภาพทางการเงินของคุณจะดีขึ้นในไม่ช้า </JUDGEMENT-ONE >
<THE-WORLD-ONE >ไพ่ใบนี้แนะนำว่าคุณจะได้รับเงินจากแหล่งที่ไม่คาดคิดที่สุด อาจมีธนาณัติในเร็ว ๆ นี้มาหาคุณหรือคุณอาจเก็บเกี่ยวผลประโยชน์จากการทำงานหนักของคุณในรูปแบบของโบนัส จะมีเงินไหลเข้ามาจากแหล่งต่าง ๆ จำนวนเล็กน้อย </THE-WORLD-ONE >
<THE-FOOL-ONE >ไพ่ใบนี้บ่งบอกว่าหากมีเงินติดอยู่ในบางสถานที่และจะได้รับในไม่ช้า ในช่วงเวลานี้คุณกับครอบครัวหรือคนใกล้ชิดจะเปิดธุรกิจใหม่หรือตัดสินใจลงทุนครั้งใหญ่ นี่เป็นการตัดสินใจครั้งสำคัญในชีวิตของคุณดังนั้นจึงขอแนะนำให้คุณชั่งน้ำหนักข้อดีและข้อเสียก่อนที่จะตัดสินใจ</THE-FOOL-ONE >
</ROOT>
