<ROOT>
<ACE-OF-CUPS-ONE >คุณอาจเผชิญกับความตึงเครียดหรือความน่าอึดอัดใจกับบรรดาเครือญาติของคุณ ซึ่งนั่นอาจทำให้พวกคุณรู้สึกขุ่นเคืองใจกันได้ แต่ถึงอย่างไรคุณมีโอกาสที่จะสร้างความสัมพันธ์ครั้งใหม่กับใครบางคนได้อย่างประสบความสำเร็จ และคุณจะพึงพอใจในสิ่งที่คุณได้รับ </ACE-OF-CUPS-ONE >
<TWO-OF-CUPS-ONE >ไพ่ใบนี้บ่งบอกว่า คุณมีโอกาสที่จะได้เก็บกระเป๋าออกเดินทาง อาจเป็นการเดินทางเพื่อไปทำงานหรือด้วยเหตุผลส่วนตัว ในเรื่องความรักนั้นถึงแม้ว่าคุณจะมีปัญหาหรือความขัดแย้งบางอย่างกับคนที่คุณรัก แต่คุณจะสามารถจัดการปัญหาเหล่านั้นได้ในที่สุด นอกจากนั้นในช่วงนี้คุณอาจไว้ใจเล่าเรื่องราวส่วนตัวกับใครบางคนที่อาจจะไม่สนิทกับคุณสักเท่าไหร่นัก แต่ดูเหมือนว่าเขาคนนั้นยังเป็นคนที่ดี </TWO-OF-CUPS-ONE >
<THREE-OF-CUPS-ONE >อาจเกิดความล่าช้าในกิจกรรมบางอย่างซึ่งมีสาเหตุมาจากข้อผูกมัดทางธุรกิจหรือปัญหาส่วนตัวต่าง ๆ ที่จะทำให้คุณหัวเสียเล็กน้อยได้ และปัญหาที่เกิดขึ้นนี้อาจทำให้คุณรู้สึกโดดเดี่ยว แต่นั่นจะทำให้คุณได้รู้ว่า คุณยังมีคนที่คุณรักคอยยืนอยู่เคียงข้างและทำให้คุณรู้สึกดีขึ้น </THREE-OF-CUPS-ONE >
<FOUR-OF-CUPS-ONE >ไพ่ใบนี้บ่งบอกว่า คุณอาจต้องใช้ความอดทนในการรับมือช่วงเวลาที่ยุ่งยากอย่างมาก อีกทั้งนี่อาจจะเป็นช่วงเวลาทดสอบอะไรบางอย่างสำหรับคนที่คุณรัก เข้าตำราหนทางพิสูจน์ม้ากาลเวลาพิสูจน์คน และในไม่ช้าคุณจะได้รู้ว่าใครที่ห่วงใยคุณอย่างแท้จริง นอกจากนี้ขอแนะนำวคุณไม่ควรอยู่ตัวคนเดียว หากแต่ลองเปิดใจเล่าถึงปัญหาของคุณให้คนทีคุณรักได้คอยช่วยเหลือคุณ </FOUR-OF-CUPS-ONE >
<FIVE-OF-CUPS-ONE >นี่อาจไม่ใช่ช่วงเวลาที่ดีสำหรับคุณเท่าไหร่นัก เนื่องจากคุณจำเป็นต้องยอมแพ้ในบางสิ่งที่คุณไม่อาจควบคุมมันได้ อีกทั้งยังเป็นช่วงเวลาที่ยากลำบากระหว่างคุณและคนรักเพราะอาจเกิดความขัดแย้งอย่างรุนแรงขึ้น ซึ่งอาจนำไปสู่ผลลัพธ์ที่ไม่คุณพึงปรารถนา </FIVE-OF-CUPS-ONE >
<SIX-OF-CUPS-ONE >ดูเหมือนว่านี่อาจเป็นช่วงเวลาพักผ่อนหย่อนใจสำหรับคุณ เพราะคุณจะได้เดินทางไปหาเพื่อนและญาติอยู่บ่อยครั้ง แต่จะมีเรื่องยุ่งยากเกิดขึ้นในชีวิตส่วนตัวของคุณ ซึ่งอาจนำไปสู่ผลลัพธ์ที่ตรงกันข้าม แต่คุณจะสามารถรับมือมันได้อย่างมีสติ </SIX-OF-CUPS-ONE >
<SEVEN-OF-CUPS-ONE >อาจมีความขัดแย้งทางความคิดที่รุนแรงเกิดขึ้นในครอบครัวของคุณ ซึ่งตัวคุณพยายามที่จะขอความช่วยเหลือจากใครสักคนเพื่อแก้ไขสถานการณ์ได้อย่างสงบ ในด้านการงานคุณจะไปได้สวยเลยทีเดียวจึงขอแนะนำให้คุณพยายามจัดการสิ่งต่าง ๆให้ลงตัวเสียจะเป็นการดี </SEVEN-OF-CUPS-ONE >
<EIGHT-OF-CUPS-ONE >คุณและคนรักของคุณได้ร่วมกันวางแผนการนัดพบรวมตัวเอาไว้ แต่อาจมีอันต้องเลื่อนออกไปก่อนเพราะสถานการณ์ที่ไม่แน่นอน อีกทั้งยังมีเกณฑ์ที่คุณอาจต้องพาคนที่คุณรักไปหาหมอ นอกจากนี้จะมีข่าวที่น่ายินดีบางอย่างกำลังเข้ามาในชีวิตคุณ </EIGHT-OF-CUPS-ONE >
<NINE-OF-CUPS-ONE >คุณอาจกำลังวางแผนการเดินทางหรือพักผ่อนสักระยะหนึ่ง แต่กลับเลื่อนออกไปเพราะจะมีสิ่งที่ดีกว่า เข้ามาหาคุณ อีกทั้งคุณยังต้องคอยจัดการกับอาการเจ็บป่วยบางอย่างที่เข้ามารบกวนคนที่คุณรักแต่ในไม่ช้าจะมีเพื่อนซึ่งเปรียบเหมือนแสงสว่างยื่นมือเข้ามาช่วยเหลือคุณ </NINE-OF-CUPS-ONE >
<TEN-OF-CUPS-ONE >คุณอาจต้องเผชิญกับสถานการณ์ที่ยากลำบาก และอาจผิดใจกับครอบครัวหรืองานของคุณ ถึงขนาดที่ว่าคงไม่มีอะไรเลวร้ายไปกว่าสิ่งที่เกิดขึ้นในตอนนี้อีกแล้ว ถึงอย่างไรคุณจะมีโอกาสได้ติดต่อกับครอบครัวและเพื่อนของคุณเพื่อวางแผนที่จะกลับมารวมตัวกันใหม่ </TEN-OF-CUPS-ONE >
<PAGE-OF-CUPS-ONE >ไพ่ใบนี้ชี้ว่า ตอนนี้คุณพยายามทำสิ่งต่าง ๆให้ง่ายขึ้นเพื่อตัวของคุณเอง และจะมีการเปลี่ยนแปลงที่ดีในชีวิตมาช่วยคุณจัดการสิ่งต่าง ๆ แต่ถึงอย่างไรขอแนะนำว่าคุณไม่ควรให้ความสำคัญกับเรื่องเงิน ค่าเช่าหรือทรัพย์สิน เพราะมันอาจไม่เป็นไปตามที่คุณคาดหวังไว้ นอกจากนี้คุณอาจพบกับเพื่อนหรือคนรักเก่าของคุณโดยบังเอิญ และนั่นอาจนำไปสู่การกลับมารวมตัวกันอีกครั้ง </PAGE-OF-CUPS-ONE >
<KNIGHT-OF-CUPS-ONE >ตอนนี้คุณกำลังคิดเกี่ยวกับการเปลี่ยนแปลงที่อยู่อาศัย แต่ขอแนะนำว่าคุณไม่ควรที่จะโหมทำทุกอย่างมากจนเกินไป และควรระวังอุบัติเหตุเล็ก ๆ ที่เกิดขึ้นรอบบ้าน นอกจากนี้คนที่คุณรักอาจกำลังวางแผนเดินทางพักผ่อนในวันหยุดและตัวคุณก็ตั้งตารอคอยมันอยู่เสียด้วย อีกทั้งคุณจะได้ติดต่อกับเพื่อนของคุณอย่างต่อเนื่อง </KNIGHT-OF-CUPS-ONE >
<QUEEN-OF-CUPS-ONE >อาจเกิดเรื่องวุ่นวายขึ้นอย่างมากมายในบ้านของคุณ ซึ่งสาเหตุอาจมาจากเด็ก งานบ้านบางอย่าง หรือแขกบางคนที่มาบ้านเป็นได้ นอกจากนี้คุณอาจมีปัญหาบางอย่างกับสมาชิกในครอบครัวและคุณเองที่จะต้องเป็นฝ่ายรับผิดชอบ หรือไม่คุณอาจต้องตกอยู่ในสถานการณ์ที่คุณไม่ต้องการจะเข้าไปอยู่ในนั้นด้วยซ้ำไป อย่างไรก็ตาม เรื่องวุ่นวายนี้จะทำให้คุณได้ใกล้ชิดกับเพื่อนของคุณมากขึ้นกว่าเดิม แถมคุณยังได้รับการปลอบใจจากพวกเขาอีกด้วย </QUEEN-OF-CUPS-ONE >
<KING-OF-CUPS-ONE >จะมีเหตุการณ์ใหม่ที่นำมาซึ่งผลประโยชน์และความสุขเข้ามาในชีวิตของคุณ คุณจะได้รับการติดต่อที่ไม่ได้คาดคิดจากเพื่อนของคุณผ่านทางโทรศัพท์และนั่นจะช่วยทำให้อารมณ์ของคุณดีขึ้น นอกจากนั้นอาจมีบรรดาเครือญาติบางคนเข้ามาปรึกษาปัญหากับคุณ ซึ่งตัวคุณเองก็ยินดีที่จะช่วยเหลือและปลอบโยนพวกเขาให้ได้มากที่สุดเท่าที่คุณจะทำได้ </KING-OF-CUPS-ONE >
<ACE-OF-PENTACLES-ONE >ตอนนี้คุณกำลังอยู่ในช่วงที่มีความสุขและจะมีแต่ความเจริญรุ่งเรืองเข้ามาในชีวิต คุณยังสามารถซื้อของบางสิ่งที่คุณไม่สามารถซื้อมันได้ก่อนหน้านี้ นอกจากนั้นความสัมพันธ์ของคุณและครอบครัวจะมีแต่ความสุขสมบูรณ์อย่างลงตัว คุณอาจวางแผนที่นัดเจอบรรดาเพื่อนเก่าหรืออาจไปจบลงที่แผนบางอย่างที่ไม่ได้เตรียมการไว้กับพวกเขา </ACE-OF-PENTACLES-ONE >
<TWO-OF-PENTACLES-ONE >คุณจะพบว่าการพยายามที่จะรักษาสมดุลของเหตุการณ์ต่างๆที่เกิดขึ้นในบ้านนั้นเป็นเรื่องที่ยากมาก และคุณอาจอยู่ในช่วงเวลาที่สับสนและทำให้ยากต่อการมีสมาธิจดจ่อในการดำเนินชีวิตส่วนตัวของคุณซึ่งสิ่งรบกวนเหล่านี้อาจเป็นความกดดันจากในที่ทำงาน แต่คุณจะรู้สึกดีขึ้นเมื่อคุณเริ่มเข้าสังคมและได้พบปะผู้คนใหม่ๆ </TWO-OF-PENTACLES-ONE >
<THREE-OF-PENTACLES-ONE >ไพ่ใบนี้บ่งบอกว่าคุณมัวแต่หมกมุ่นอยู่กับงานอดิเรกหรือกิจกรรมบางอย่าง และในขณะนั้นคนรักของคุณหรือใครบางคนที่คุณคาดไม่ถึงจะมาเซอร์ไพรส์คุณพร้อมกับของขวัญและโอกาสอื่นๆ อย่างไรก็ตามอาจเกิดปัญหาบางอย่างที่คุณและครอบครัวของคุณจะต้องร่วมกันผ่านพ้นมันไปให้ได้ </THREE-OF-PENTACLES-ONE >
<FOUR-OF-PENTACLES-ONE >โอกาสทางธุรกิจ การขายหรืออื่นๆจะมาหาคุณถึงหน้าประตูบ้านในอีกไม่ช้า ซึ่งคุณอาจต้องการคำแนะนำและกำลังใจจากคนที่คุณรักถึงโอกาสเหล่านี้ นอกจากนั้นคุณจะได้ร่วมวางแผนบางอย่างกับเพื่อนของคุณและอาจต้องเผชิญหน้ากับบางสิ่งที่ไม่พึงปรารถนา แต่คุณจะสามารถจัดการกับมันได้ </FOUR-OF-PENTACLES-ONE >
<FIVE-OF-PENTACLES-ONE >ไพ่ใบนี้แสดงให้เห็นว่า คุณอาจต้องเผชิญหน้ากับสถานการณ์บางอย่างที่ตึงเครียดซึ่งคุณต้องพยายามสร้างความมั่นคงให้กับทั้งร่างกายและจิตใจ ถึงกระนั้นคุณจะถูกขอคำปรึกษาจากสมาชิกบางคนในครอบครัว และในตอนนี้คุณอาจเกิดอารมณ์น้อยใจเพื่อนของคุณ แต่ยังไม่หาเวลาที่จะติดต่อพูดคุยกับพวกเขาอีกต่างหาก </FIVE-OF-PENTACLES-ONE >
<SIX-OF-PENTACLES-ONE >มีปัญหาบางอย่างที่ทำให้คุณรู้สึกไม่สงบสุขกับเพื่อนหรือเพื่อนร่วมงานของคุณ คุณกำลังเครียดอยู่กับงานมากจนเกินไปโดยที่คุณไม่ได้พักผ่อนเลย คุณต้องหยุดพักผ่อนเสียบ้างก่อนที่จะทุกข์ทรมานไปมากกว่านี้ นอกจากนั้นดูเหมือนว่าสมาชิกบางคนในครอบครัวของคุณรู้สึกไม่มีความสุขและต้องการที่จะใช้เวลาอยู่กับตัวเองตามลำพังหรือออกเดินทางไปแสวงบุญ </SIX-OF-PENTACLES-ONE >
<SEVEN-OF-PENTACLES-ONE >คุณรู้สึกกระสับกระส่ายวุ่นวายใจเพราะการเงินของคุณช่วงนี้ดูเหมือนจะติดขัด ถึงกระนั้นก็ยังพอมีเงินไหลเข้ามาจากที่อื่น นอกจากนั้นคุณอาจต้องหยุดพักผ่อนไปสักระยะหนึ่งเนื่องจากปัญหาทางสุขภาพ และคุณจะมีเวลาติดต่อกับเพื่อนของคุณและได้ใช้เวลาอยู่กับพวกเขา </SEVEN-OF-PENTACLES-ONE >
<EIGHT-OF-PENTACLES-ONE >คุณรู้สึกสับสนเล็กน้อยในการที่จะพยายามแก้ไขปัญหาในบ้านของคุณ แถมครอบครัวของคุณอาจทำตัวไม่ดีกับคุณมากๆในขณะนี้และนั่นอาจก่อให้เกิดอุปสรรคในการวางแผนต่างๆขึ้นมาได้ คุณจะต้องจัดการเรื่องงานและเรื่องส่วนตัวให้พอดีกันและใช้เวลาอยู่คนที่คุณรัก </EIGHT-OF-PENTACLES-ONE >
<NINE-OF-PENTACLES-ONE >ภาระงานบางอย่างที่คุณสามารถทำที่บ้านได้หรือว่าผ่านทางโทรศัพท์จะทำให้ชีวิตของคุณยุ่งไปสักพักหนึ่ง แต่ครอบครัวและเพื่อนของคุณคอยอยู่เคียงข้างคุณในทุกจังหวะชีวิตและพวกเขาจะคอยให้คำแนะนำในระหว่างที่คุณกำลังตัดสินใจทำบางสิ่งที่สำคัญ คุณยังจะได้เข้าไปมีส่วนร่วมในการหารือเกี่ยวกับเรื่องงานซึ่งจะทำให้คุณได้ใกล้ชิดกับเพื่อนและเพื่อนร่วมงานของคุณ </NINE-OF-PENTACLES-ONE >
<TEN-OF-PENTACLES-ONE >ไพ่ใบนี้บ่งบอกว่าคุณกำลังสนุกเพลิดเพลินไปกับการเข้าสังคมและใช้เวลาอยู่กับครอบครัวรวมถึงเพื่อนของคุณ ตัวคุณเองรู้สึกสนิทกับครอบครัวมากยิ่งขึ้นและได้ขอคำปรึกษาบางอย่างกับพวกเขา ซึ่งพวกเขาก็ยินดีอย่างยิ่งที่จะให้คำแนะนำแก่คุณ นี่คือเวลาที่คุณจะได้พบปะผู้คนใหม่ๆและพวกเขาเหล่านี้จะกลายมาเป็นส่วนหนึ่งในชีวิตของคุณ </TEN-OF-PENTACLES-ONE >
<PAGE-OF-PENTACLES-ONE >คุณอาจรู้สึกเครียดเล็กน้อยจากตารางงานที่ยุ่งเหยิงวุ่นวายและจากการวางแผนออกไปเที่ยวกับคนรักของคุณ นอกจากนี้จะมีการร่วมทำหุ้นส่วนที่คุณอาจตั้งตารอคอยเข้ามาในชีวิตแต่กลับกลายเป็นสิ่งที่คุณไม่ได้ต้องการเสียอย่างนั้นแถมยังทำให้คุณอารมณ์เสียอีกต่างหาก ถึงอย่างไรก็ตามคุณจะพยายามอย่างเต็มที่เพื่อทำให้งานออกมาสำเร็จลุล่วง </PAGE-OF-PENTACLES-ONE >
<KNIGHT-OF-PENTACLES-ONE >ด้วยความที่ช่วงนี้คุณกำลังมีไฟเป็นอย่างมาก มากเสียจนคุณอาจไปลงเอยที่การจับจ่ายใช้สอยอย่างหนักหน่วง และอาจมีความตึงเครียดเกิดขึ้นระหว่างคุณกับหนึ่งในสมาชิกครอบครัวเพราะคุณไม่อยากที่จะอยู่กับพวกเขามากจนเกินไป นอกจากนี้คุณจะรับได้แรงสนับสนุนจากเพื่อนของคุณ และหากมีปัญหาอะไรเกิดขึ้นก็จะถูกคลี่คลายลง </KNIGHT-OF-PENTACLES-ONE >
<QUEEN-OF-PENTACLES-ONE >ไพ่ใบนี้บ่งบอกว่าคุณกำลังจะได้วางแผนอะไรบางอย่างในอนาคตโดยที่เพื่อรักษาครอบครัว เพื่อนและอาชีพการงานไว้ และอาจเกิดความคิดที่สุดแสนบรรเจิดขึ้นมาจากการระดมสมองในระหว่างที่คุณคุยเล่นกับเพื่อนของคุณ อีกทั้งคุณจะรู้สึกใกล้ชิดกับครอบครัวของคุณพร้อมออกตัวช่วยเหลือในการแก้ไขปัญหาบางอย่าง </QUEEN-OF-PENTACLES-ONE >
<KING-OF-PENTACLES-ONE >คุณกำลังยุ่งอยู่กับการทำกิจกรรมที่เกี่ยวข้องกับกองงานเอกสารมากมาย คุณยังได้ใช้เวลาอยู่กับเพื่อนของคุณและจะได้รับผลประโยชน์บางอย่างกลับมาด้วยเช่นกัน นอกจากนี้คุณมีเกณฑ์ที่ได้ออกไปท่องเที่ยวพักผ่อนวันหยุดหรือออกไปเที่ยวกับครอบครัวของคุณ แต่ทุกอย่างกลับต้องถูกพักไว้เสียอย่างนั้น </KING-OF-PENTACLES-ONE >
<ACE-OF-SWORDS-ONE >คุณจะได้รับเซอร์ไพรส์ในแบบที่คุณไม่ได้คาดคิดและคุณจะชอบมัน อย่างไรก็ตามจะมีแรงกดดันและความอึดอัดไม่สบายใจเกิดขึ้นในบ้านระหว่างคนในครอบครัวด้วยกันเอง และมันทำให้คุณรู้สึกอยากตีตัวออกห่างมาอยู่คนเดียวเสียเหลือเกิน ซึ่งคุณอาจไว้วางใจเพื่อนของคุณและพยายามที่จะขอความช่วยเหลือและคำปลอบใจจากพวกเขา </ACE-OF-SWORDS-ONE >
<TWO-OF-SWORDS-ONE >มีสัญญาณบ่งบอกว่าคุณกำลังได้ออกเดินทางกับคนที่คุณรักด้วยเหตุผลหลายประการ และคุณอาจต้องเผชิญกับปัญหาด้านการเงินซึ่งถ้าหากคุณยังโชคช่วย จะมีใครบางคนสามารถช่วยคุณได้อย่างมาก ขอเพียงแค่ให้คุณอดทนรอและความโต้แย้งต่าง ๆจะจบลงในระยะเวลาอันสั้น </TWO-OF-SWORDS-ONE >
<THREE-OF-SWORDS-ONE >คุณอาจหงุดหงิดกับได้รับแรงกดดันของการถูกตั้งความหวังที่สูงมากจากครอบครัวของคุณ ซึ่งก็เป็นเรื่องที่คุณมักจะเจอมาตลอด คุณอาจรู้สึกไม่ค่อยสบายใจเพราะความผิดบางอย่าง และคุณพยายามที่จะทำให้ตัวคุณเองเชื่อมันในการแก้ไขสิ่งต่างๆให้กลับสู่ปกติ </THREE-OF-SWORDS-ONE >
<FOUR-OF-SWORDS-ONE >คุณอาจต้องทำงานเอกสารบางอย่างที่เกี่ยวกับกฏหมาย ซึ่งนั่นอาจเป็นประสบการณ์ที่ไม่ค่อยน่าพอใจสักเท่าไหร่นัก นอกจากนี้คนที่คุณรักกำลังประสบปัญหาซึ่งคุณเองก็หมดหนทางที่จะช่วยเหลือ และนี่อาจไม่ใช่เวลาที่ดีที่คุณจะใช้เวลาอยู่กับเพื่อนของคุณเพราะคุณอาจต้องเจอกับความรู้สึกผิดหวังในโดยรวม </FOUR-OF-SWORDS-ONE >
<FIVE-OF-SWORDS-ONE >หลังจากที่ต้องรักษาตัวอยู่เป็นเวลานาน ในที่สุดก็ได้ฤกษ์ที่คุณจะได้บอกลาคุณหมอเสียทีเพราะตัวคุณนั้นรู้สึกดีขึ้นแล้ว อีกทั้งครอบครัวของคุณรู้สึกคิดถึงคุณและพร้อมที่จะอยู่เคียงข้างคุณเสมอ อย่างไรก็ตาม ความรับผิดชอบบางอย่างอาจเข้ามาถ่วงชีวิตและทำให้คุณรู้สึกขุ่นมัวได้ นอกจากนั้นคุณยังหลงระเริงไปกับการช็อปปิ้งโดยเฉพาะการช็อปปิ้งจากที่บ้าน </FIVE-OF-SWORDS-ONE >
<SIX-OF-SWORDS-ONE >ไพ่ใบนี้แสดงให้เห็นว่าคุณอาจต้องเผชิญหน้ากับปัญหาและอุปสรรคต่างๆในขณะที่คุณต้องรับมือกับปัญหาที่เกิดขึ้นภายในบ้านอีก ถึงอย่างไรคุณจะรู้สึกผูกพันกับคนในครอบครัวและอยากที่จะอยู่กับพวกเขาให้มากกว่านี้ นอกจากนี้คุณยังพยายามที่จะแนะนำบางสิ่งบางอย่างให้กับคนที่คุณรักด้วย </SIX-OF-SWORDS-ONE >
<SEVEN-OF-SWORDS-ONE >คุณอาจได้พบกับเพื่อนเก่าของคุณอีกครั้งซึ่งนั่นนับว่าเป็นสัญญาณที่ดีเลยทีเดียว แต่ยังมีปัญหาบางอย่างที่ไม่สลักสำคัญมากนักเพิ่มเข้ามาที่อาจทำให้คุณรู้สึกอึดอัดใจ อีกทั้งอาจมีการโต้เถียงหรือความขัดแย้งทางผลประโยชน์เกิดขึ้นระหว่างคุณและครอบครัว แต่ถึงอย่างไรคุณจะยังคงรักษาความสัมพันธ์ระหว่างคุณกับพวกเขาไว้ได้ </SEVEN-OF-SWORDS-ONE >
<EIGHT-OF-SWORDS-ONE >อาจมีปัญหาบางอย่างเกี่ยวข้องกับเพื่อนบางคนซึ่งคุณจะต้องทำการตัดสินใจในบางเรื่อง นอกจากนั้นนี่เป็นช่วงเวลาที่สุดแสนจะโรแมนติกของคุณและคนรัก อีกทั้งคุณจะมีความสุขไปกับการใช้เวลาอยู่กับครอบครัวของคุณเป็นอย่างมาก </EIGHT-OF-SWORDS-ONE >
<NINE-OF-SWORDS-ONE >ไพ่ใบนี้บ่งบอกว่าคุณกำลังรู้สึกกระสับกระส่ายวุ่นวายใจกับใครบางคน และยิ่งไปกว่านั้นอาจมีญาติบางคนที่กำลังมีปัญหาทางการเงินผ่านเข้ามาให้คุณพยายามยื่นมือเข้าไปช่วย และนี่จะเป็นโอกาสในการกู้ชื่อเสียงของคุณในหมู่เครือญาติ นอกจากนี้คุณจำเป็นต้องตีตัวออกห่างจากบางสิ่งหรือใครบางคนที่อาจทำให้คุณรู้สึกอารมณ์อ่อนไหว </NINE-OF-SWORDS-ONE >
<TEN-OF-SWORDS-ONE >มีโอกาสที่คุณจะลงทะเบียนสมัครโปรแกรมบางอย่างที่จะช่วยให้คุณพัฒนาตัวเองและมีสมาธิมากยิ่งขึ้น ถึงกระนั้นคุณอาจรู้สึกโดดเดี่ยวและไม่ค่อยมั่นคงเล็กน้อยแต่พยายามที่จะรับมือกับมันให้ได้ ระวังจะมีใครสักคนที่คุณรักเข้ามาทำร้ายและทำให้คุณตกอยู่ในสภาวะกลืนไม่เข้าคายไม่ออก </TEN-OF-SWORDS-ONE >
<PAGE-OF-SWORDS-ONE >จะมีข่าวร้ายเข้ามาทำให้คุณอารมณ์เสียเป็นอย่างมาก นอกจากนี้คุณกำลังวางแผนไปเยี่ยมบรรดาญาติของคุณที่อยู่ห่างไกลหรืออาจกลับกัน อีกทั้งคุณกำลังพยายามที่จะสร้างและพัฒนาความโรแมนติกในชีวิตของคุณอย่างไม่หยุดหย่อน ซึ่งนั่นทำให้คุณได้รับคำชมจากทั้งเพื่อนและคนรักของคุณ </PAGE-OF-SWORDS-ONE >
<KNIGHT-OF-SWORDS-ONE >ไพ่ใบนี้บ่งบอกว่าคุณคือนักปาร์ตี้ที่ใครๆก็สามารถพบเห็นคุณได้ในหลายๆโอกาส และคุณอาจต้องเผชิญหน้ากับคนในครอบครัวซึ่งคุณก็ยินดีที่จะรับฟังและทำให้ทุกอย่างนั้นดีขึ้น ซึ่งคุณอาจจะต้องขอคำแนะนำจากคนรักของคุณ </KNIGHT-OF-SWORDS-ONE >
<QUEEN-OF-SWORDS-ONE >ไพ่ใบนี้บอกว่านี่จะเป็นช่วงเวลาที่ยากลำบากสำหรับคุณ เพราะจะมีข่าวร้ายโถมเข้ามาหาคุณทุกช่องทางรวมไปถึงจากครอบครัวและเพื่อนของคุณ อาจเป็นเรื่องยากสำหรับคุณที่จะรับมือกับมัน แต่คนที่คุณรักเขาพยายามเต็มที่เพื่อทำให้คุณรู้สึกผ่อนคลายขึ้น </QUEEN-OF-SWORDS-ONE >
<KING-OF-SWORDS-ONE >จะมีความขัดแย้งบางอย่างเกิดขึ้นกับครอบครัวเกี่ยวกับการใช้ชีวิตของคุณ และนั่นทำให้คุณหัวเสีย ซึ่งคุณอาจคิดถึงการย้ายออกไปอยู่หอพักหรืออพาร์ทเมนท์แห่งใหม่ แต่กระนั้นปัญหาต่างๆจะยังคงไล่ล่าคุณและอาจถึงขั้นกลายเป็นเรื่องอื้อฉาวโดยที่คุณไม่คาดคิดหากคุณไม่ระมัดระวังตัวเองให้ดี </KING-OF-SWORDS-ONE >
<ACE-OF-WANDS-ONE >คุณจะประสบปัญหาในด้านการงานที่มีครอบครัวของคุณเข้ามาเกี่ยวข้อง ซึ่งอาจทำให้คุณตัดสินใจที่จะลาออกจากงานและเริ่มต้นทำบางสิ่งบางอย่างด้วยตัวเอง นอกจากนั้นอาจเกิดความล่าช้าของงานเอกสารบางอย่างที่ทำให้คุณจำเป็นต้องยกเลิกการประชุมหรือการนัดรวมตัว </ACE-OF-WANDS-ONE >
<TWO-OF-WANDS-ONE >ไพ่ใบนี้บ่งบอกว่าคุณต้องแก้ไขปัญหากับหนึ่งในสมาชิกครอบครัวและพยายามที่จะทำให้ทุกอย่างกลับมาเป็นปกติอีกครั้ง นอกจากนั้นจะมีข่าวใหญ่เข้ามาและข้อมูลเหล่านี้จะสามารถช่วยคุณได้อนาคต นอกจากนั้นคุณยังยินดีที่จะช่วยเหลือเพื่อน แต่กลับพบว่าความตั้งใจเหล่านั้นไม่ใช่สิ่งที่คุณได้คิดเอาไว้ </TWO-OF-WANDS-ONE >
<THREE-OF-WANDS-ONE >คุณจะได้รับคำแนะนำที่มีประโยชน์จากผู้อาวุโสในครอบครัวของคุณเกี่ยวกับงานเอกสารและการเงิน นอกจากนี้คุณต้องการที่จะหยุดพักจากทุกสิ่งเพื่อทำในสิ่งที่คุณชอบและนี่ถือว่าเป็นก้าวที่สำคัญของคุณเลยทีเดียว คุณกำลังมองหากำลังใจจากเพื่อนของคุณและพยายามที่จะขยายความฝันของคุณโดยมีคนที่คุณรักรวมอยู่ในนั้นด้วย </THREE-OF-WANDS-ONE >
<FOUR-OF-WANDS-ONE >คุณจะต้องเผชิญกับความตึงเครียดและคับข้องใจจากการทะเลาะวิวาทและการเผชิญหน้าในครอบครัว แต่คุณและคนที่คุณรักจะสามารถแก้ไขปัญหาและรักษาความสงบสุขได้ในที่สุด นอกจากนี้ระวังคนที่ไม่หวังกับคุณจะเข้ามาหลอกล่อให้คุณทำในสิ่งที่ผิด ดังนั้นขอแนะนำให้คุณระวังตัวไว้จะเป็นการดี </FOUR-OF-WANDS-ONE >
<FIVE-OF-WANDS-ONE >จะมีสถานการณ์บางอย่างที่ไม่อาจควบคุมได้เข้ามาทำให้คุณรู้สึกหงุดหงิด ซึ่งสถานการณ์เหล่านั้นล้วนเกิดจากคนนอกบางคน อีกทั้งอาจมีใครบางคนที่พยายามทำลายทรัพย์สินหรือครอบครัวของคุณ ดังนั้นคุณควรระวังตัวไว้ให้ดี นอกจากนี้ครอบครัวและเพื่อนของคุณจะคอยช่วยให้คุณผ่านพ้นปัญหาต่างๆไปได้ </FIVE-OF-WANDS-ONE >
<SIX-OF-WANDS-ONE >ไพ่ใบนี้บ่งบอกว่าถึงแม้คุณจะยังรู้สึกไม่พอใจในความมุมานะของตัวคุณเองเป็นอย่างมาก แต่คุณยังพยายามที่จะติดต่อครอบครัวและเพื่อนรวมถึงวางแผนการท่องเที่ยวอันแสนสุขกับพวกเขา อย่างไรก็ตามยังมีปัญหาการเงินที่เกี่ยวข้องกับเครือญาติเข้ามาให้คุณต้องรับมือ </SIX-OF-WANDS-ONE >
<SEVEN-OF-WANDS-ONE >คุณอาจต้องจัดสรรชีวิตของคุณตามตารางงานที่แสนยุ่งเหยิงและเวลาครอบครัว และชีวิตส่วนตัวของคุณอาจถูกรุกล้ำได้หากคุณไม่จัดสรรเวลาให้ดี นอกจากนั้นคุณมีเกณฑ์ที่จะได้กลับมาติดต่อกับเพื่อนเก่าซึ่งนับว่าเป็นการพบกันที่ดียิ่งนัก </SEVEN-OF-WANDS-ONE >
<EIGHT-OF-WANDS-ONE >ไพ่ใบนี้บ่งบอกว่าคุณจะต้องดิ้นรนต่อสู้กับสิ่งต่างๆทั้งจากที่บ้านและที่ทำงาน และนั่นอาจทำให้คุณไม่ค่อยมีเวลาให้กับครอบครัวของคุณ อีกทั้งยังมีข่าวดีเกิดขึ้นในครอบครัวของคุณซึ่งเป็นสาเหตุที่มีการเฉลิมฉลองปรากฏอยู่บนไพ่ นอกจากนั้นคุณอาจต้องรับมือกับเพื่อนของคุณให้ดีเพราะอาจเกิดเรื่องผิดใจขึ้นมาได้ </EIGHT-OF-WANDS-ONE >
<NINE-OF-WANDS-ONE >คุณอาจมีโอกาสได้ช่วยเหลือญาติของคุณในเรื่องของกฏหมายหรือเอกสารที่เกี่ยวข้องกับกฏหมาย อีกทั้งปัญหาของคุณจะได้รับการแก้ไขร่วมกับเพื่อนของคุณ และพวกคุณสามารถกลับมารวมตัวกันได้ใหม่ นอกจากนี้คุณกำลังรอข่าวสารบางอย่างจากคนรักของคุณอย่างใจจดใจจ่อ และนั่นทำให้คุณรู้สึกกระสับกระส่ายและกังวลใจ </NINE-OF-WANDS-ONE >
<TEN-OF-WANDS-ONE >คุณมีเกณฑ์ที่จะต้องเผชิญกับภาระที่หนักอึ้งมากมาย อีกทั้งตัวคุณเองก็พยายามที่จะทำตามข้อผูกมัดของคุณ และไม่เพียงแต่งานทางการที่สำคัญเท่านั้นแต่ยังรวมถึงปัญหาส่วนตัวที่คุณยังต้องจัดการดูแลอีกต้วย นอกจากนี้อาจเกิดเรื่องทะเลาะวิวาทกันระหว่างคุณและเพื่อนหรือคนที่คุณรัก และตัวคุณก็ไม่รู้ว่าควรแก้ไขสิ่งต่างๆให้ถูกต้องได้อย่างไร นับว่าเป็นเรื่องที่ไม่ดีทั้งสำหรับตัวคุณและเพื่อนของคุณเลย </TEN-OF-WANDS-ONE >
<PAGE-OF-WANDS-ONE >คุณกำลังผ่านพ้นช่วงเวลาที่แสนยากลำบากและต้องการที่จะปลีกวิเวกตัวเองเป็นเวลาสักระยะหนึ่ง การตัดสินใจเช่นนั้นทำให้ครอบครัวและเพื่อนเป็นห่วงคุณมาก คุณพยายามที่จะจัดการแยกแยะสิ่งต่างๆในชีวิตของคุณอย่างชั่งใจ และคุณอาจต้องการแรงสนับสนุนบางส่วนจากเพื่อนในการตัดสินใจทำเช่นนั้น </PAGE-OF-WANDS-ONE >
<KNIGHT-OF-WANDS-ONE >การเดินทางเพียงเวลาสั้นๆจะช่วยให้ตัวคุณรู้สึกกระปรี้กระเปร่า นอกจากนี้คุณกำลังคิดถึงในเรื่องการใช้เวลาอยู่กับคนรักของคุณให้นานยิ่งขึ้น ในส่วนของครอบครัวและเพื่อนนั้นอาจมีสิ่งต่างๆเกิดขึ้นอย่างไม่คาดคิดเนื่องจากมีเหตุการณ์บางอย่างที่ไม่ปกติ อีกทั้งคุณจะต้องลดเวลาของคุณกับเพื่อนบางคนที่มาขอคำแนะนำและการสนับสนุนจากคุณลง </KNIGHT-OF-WANDS-ONE >
<QUEEN-OF-WANDS-ONE >ช่วงนี้คุณจะอยู่ในโหมดแห่งจิตวิญญาณและต้องการที่จะควบคุมตัวเองให้มีระเบียบวินัย อีกทั้งยังมีโอกาสที่คุณจะได้สร้างความสัมพันธ์ครั้งใหม่หรือเก่าจะทำให้คุณรู้สึกมีพลังและเข้มแข็งมากขึ้น </QUEEN-OF-WANDS-ONE >
<KING-OF-WANDS-ONE >ไพ่ใบนี้บ่งบอกว่าคุณอาจต้องรับมือกับสถานการณ์บางอย่างที่มีการเจ็บไข้ได้ป่วยเข้ามาเกี่ยวข้อง อีกทั้งอาจมีกิจการบางอย่างที่ทำให้คุณต้องโยกย้ายไปอยู่ที่อื่น ในที่สุดคุณจะรู้สึกโล่งใจที่ได้ปลีกตัวเองออกมาอยู่คนเดียวและทุกๆอย่างในชีวิตคุณมีเกณฑ์ที่ดีขึ้น </KING-OF-WANDS-ONE >
<THE-MAGICIAN-ONE >ตอนนี้คุณกำลังให้ความสำคัญกับการเริ่มต้นใหม่ ขอแนะนำให้คุณอย่าเพิ่งวิ่งไล่ตามบางสิ่งที่คุณมีโอกาสเพียงน้อยนิดที่จะคว้ามันไว้ได้ อีกไม่นานคุณจะได้รับความช่วยเหลือที่มีค่าจากหนึ่งในเพื่อนของคุณ นอกจากนั้นยังมีแผนการบางอย่างที่คุณจะได้ทำร่วมกับญาติมิตรของคุณ หรืออาจมีการปรับเปลี่ยนบางอย่างในแผนการร่วมกับคนรักของคุณ </THE-MAGICIAN-ONE >
<THE-HIGH-PRIESTESS-ONE >ไพ่ใบนี้บ่งบอกว่า จะมีเรื่องเซอร์ไพรส์ที่น่ายินดีเข้ามาหาคุณและคุณเองก็รู้สึกตื่นเต้นที่จะได้รับมันเช่นกัน แต่ช่วงนี้คุณอาจไม่รู้สึกผูกพันกับสมาชิกในครอบครัวของคุณสักเท่าไหร่นักเนื่องจากคุณมีความเครียด อีกทั้งความสัมพันธ์ของคุณและเพื่อนในตอนนี้มีแนวโน้มที่จะดีขึ้น </THE-HIGH-PRIESTESS-ONE >
<THE-EMPRESS-ONE >คุณรู้สึกสับสนเล็กน้อยจากการพูดคุยกันหลายเรื่องของคนในครอบครัว ซึ่งมันทำให้คุณรู้สึกโหยหาความสงบในจิตใจบ้าง คุณยังนึกถึงการย้ายออกไปอยู่ที่อื่นสักพัก นอกจากนี้คุณรู้สึกผิดเล็กน้อยกับสิ่งที่คุณทำกับเพื่อนของคุณ และถึงเวลาแล้วที่คุณจะต้องเผชิญหน้ากับความกลัวและสารภาพบางสิ่งออกมา </THE-EMPRESS-ONE >
<THE-EMPEROR-ONE >หากคุณกำลังคิดวางแผนที่จะเดินทางไปหาญาติหรือคนที่คุณรักแล้วล่ะก็ ขอบอกเลยว่านี่จะเป็นการเยี่ยมเยือนที่สำเร็จลุล่วงหากแต่ระหว่างการเดินทางนั้นอาจไม่ราบรื่นมากนัก นอกจากนี้นี่ยังเป็นเวลาที่ตัวคุณจะถูกรายล้อมไปด้วยเหล่ามิตรสหายที่จะเป็นแรงสนับสนุนและแรงบันดาลใจให้แก่คุณในเวลาที่คุณกำลังรู้สึกหดหู่ใจ </THE-EMPEROR-ONE >
<THE-HIEROPHANT-ONE >ไพ่ใบนี้บ่งบอกว่าคุณอยากให้บรรยากาศที่บ้านมีความสดใสมากขึ้น อีกทั้งจะมีข่าวดีบางอย่างกำลังเดินทางเข้ามาในชีวิตของคุณ ถึงกระนั้นคุณจะตกอยู่ในช่วงเวลาที่ยากลำบากในการรับมือกับเพื่อนของคุณ แต่เพียงแค่การพูดคุยซึ่งกันละกันจะสามารถช่วยให้สถานการณ์สงบลง และคุณจะสามารถเข้าใจรวมทั้งแก้ไขสถานการณ์ได้ในที่สุด </THE-HIEROPHANT-ONE >
<THE-LOVERS-ONE >คุณจะได้รู้ว่าไม่ใช่ทุกคนที่คิดจะเป็นเพื่อนกับคุณ และหนึ่งในคนเหล่านั้นจะหักหลังคุณหากคุณไม่จัดการอะไรสักอย่างกับปัญหานี้ นอกจากนั้นพึงระวังญาติบางคนที่นำความโกรธของพวกเขามาระบายลงที่คุณ อย่างไรก็ตามความสัมพันธ์ระหว่างคุณและครอบครัวอยู่ในเกณฑ์ที่ดี นอกจากนั้นคุณอาจมีการวางแผนจัดงานรวมตัวสังสรรค์ที่เนื่องมาจากการเฉลิมฉลองเล็กๆ หรือข่าวดีบางอย่างที่พัดผ่านเข้ามา </THE-LOVERS-ONE >
<THE-CHARIOT-ONE >คุณจะได้ติดต่อกับเพื่อนเก่าของคุณ และการติดต่อกันครั้งนี้อาจเป็นการเปลี่ยนแปลงชีวิตที่สุดแสนจะเครียดของคุณให้กลับมาสดชื่นอีกครั้ง นอกจากนั้นคุณยังต้องการช่วยเหลือญาติที่มีปัญหา แต่เขากลับไม่ยินดีที่จะรับฟังอะไรก็ตามและยังทำให้คุณรู้สึกผิดและคิดว่าตัวคุณไร้ประโยชน์ อีกทั้งคุณยังต้องการแรงสนับสนุนที่แข็งแกร่งเพื่อที่จะตรวจสอบคำเรียกร้องของคุณที่เกี่ยวข้องครอบครัว </THE-CHARIOT-ONE >
<STRENGTH-ONE >ไพ่ใบนี้ชี้ว่าคุณจะได้ใช้เวลาแห่งความสุขร่วมกับเพื่อน ๆ ของคุณ และอาจเกิดปิ๊งรักกับหนึ่งในเพื่อนเพศตรงข้ามของคุณอีกด้วยนะ แต่ในทางกลับกันปัญหาทางด้านการเงินอาจทำให้คุณและครอบครัวอาจตกอยู่ในช่วงเวลาที่ยากลำบาก ซึ่งอาจทำให้เกิดความขัดแย้งอย่างใหญ่หลวงไปจนถึงสูญเสียบางสิ่งเลยก็เป็นได้ </STRENGTH-ONE >
<THE-HERMIT-ONE >มีโอกาสที่คุณจะได้พูดคุยกับสมาชิกในครอบครัวหรือเพื่อนหลังจากไม่ได้คุยเป็นเวลานาน อีกทั้งหากคุณกำลังมีปัญหากับคนรักของคุณอยู่ ปัญหาเหล่านั้นจะได้รับการแก้ไข นอกจากนี้คุณอาจจะได้รับคำแนะนำบางอย่างเกี่ยวกับเรื่องงานหรือการเงินจากคนรักของคุณอีกด้วย ซึ่งคำแนะนำเหล่านั้นเป็นประโยชน์ต่อคุณเป็นอย่างมาก </THE-HERMIT-ONE >
<WHEEL-OF-FORTUNE-ONE >ไพ่ใบนี้ชี้ว่าใครคนใดคนหนึ่งในครอบครัวของคุณจะทำให้คุณรู้สึกหงุดหงิดและผิดหวังเป็นอย่างมาก และตัวคุณเองก็อยากที่จะหนีจากคนคนนั้นเช่นกัน ยิ่งไปกว่านั้นด้วยความเจ็บป่วยในครอบครัวของคุณอาจมีใครบางคนถูกหามส่งโรงพยาบาล และนั่นทำให้คุณเกิดความเครียดเป็นอย่างมาก </WHEEL-OF-FORTUNE-ONE >
<JUSTICE-ONE >คุณมีแนวโน้มที่จะได้รู้ว่าใครสักคนในครอบครัวหรือเครือญาติของคุณกำลังจะเผชิญปัญหาที่ส่งผลกับคุณหรือการตัดสินใจของคุณ อีกทั้งหลายสิ่งอาจไม่ราบรื่นอย่างที่คุณคาดไว้ เพราะอาจจะมีเรื่องยุ่งยากหลายอย่างกับครอบครัวและเพื่อนของคุณ แต่ปัญหาเหล่านี้จะสามารถผ่านไปได้ในที่สุด </JUSTICE-ONE >
<THE-HANGED-MAN-ONE >ครอบครัวและเพื่อนของคุณจะคอยสนับสนุนคุณในกิจการใหม่ที่คุณกำลังทำอยู่และคนรักของคุณก็จะเป็นอีกแรงสนับสนุนให้คุณผ่านพ้นมันไปได้ด้วยดี แต่พึงระวังเรื่องขัดแย้งบางอย่างที่เกิดขึ้นเพราะทัศนคติที่เปลี่ยนไป ถึงอย่างไรปัญหาเหล่านี้จะถูกแก้ไขลงอย่างง่ายดาย นอกจากนี้คุณอาจต้องใช้ความพยายามที่จะรักษาความสัมพันธ์เก่าๆเอาไว้ </THE-HANGED-MAN-ONE >
<DEATH-ONE >ไพ่ใบนี้บ่งบอกว่า นี่จะเป็นช่วงเวลาที่ดีมากสำหรับคุณและครอบครัวของคุณ หรือคุณอาจกำลังคิดที่จะเรียนรู้การทำงานบ้านเนื่องด้วยเหตุผลหลายประการ แต่อาจมีการเปลี่ยนแปลงบางอย่างหรือช่วงเวลาที่น่าอึดอัดใจเกิดขึ้นระหว่างคุณและเพื่อนของคุณ ซึ่งอาจมีสาเหตุมาจากเหตุการณ์บางอย่างที่ไม่ปกติ แต่คุณจะสามารถแก้ไขปัญหาทุกอย่างให้กลับมาเป็นอย่างเดิมได้ในไม่ช้า </DEATH-ONE >
<TEMPERANCE-ONE >คุณจะพบว่าครอบครัวและเครือญาติของคุณจะคอยให้การสนับสนุนและคำแนะนำเกี่ยวกับชีวิตส่วนตัวของคุณเป็นอย่างมาก นอกจากนี้พึงระวังจะเกิดการปะทะอารมณ์ขึ้นระหว่างคุณและคนรัก ทางที่ดีคุณควรสงบจิตใจและรับมือกับสถานการณ์ต่างๆ ที่คุณอาจถูกทำร้ายอย่างง่ายดาย </TEMPERANCE-ONE >
<THE-DEVIL-ONE >ไพ่ใบนี้ชี้ว่า ในตอนนี้คุณอยู่ในสภาวะอารมณ์ที่ฉุนเฉียว และยากที่จะตัดสินว่าคุณต้องการอะไร แต่จะพยายามสร้างความสมดุลให้กับสถานการณ์ในขณะนั้น อาจมีพายุเฮอริเคนแห่งความขัดแย้งในสมองของคุณในขณะที่คุณกำลังยุ่งอยู่กับความคิดที่รบกวนหลายครั้ง </THE-DEVIL-ONE >
<THE-TOWER-ONE >นี่เป็นช่วงเวลาที่ไม่ค่อยดีสำหรับคุณอย่างยิ่ง เนื่องจากคุณอาจต้องเผชิญกับความจริงบางอย่างในด้านการเงินหรือเรื่องส่วนตัวอย่างหนักหน่วง ซึ่งปัญหาเหล่านี้อาจนำไปสู่ความล้มเหลวหรือเสียหาย แต่คนที่คุณรักจะคอยช่วยคุณฝ่าฟันปัญหาเหล่านั้นไปได้ นอกจากนั้นคุณมีทั้งโชคดีและโชคร้ายในเวลาเดียวกัน ขึ้นอยู่สถานการณ์ที่คุณกำลังเผชิญ </THE-TOWER-ONE >
<THE-STAR-ONE >มีญาติบางคนของคุณอาจประสบปัญหาเกี่ยวกับเอกสารซึ่งคุณจะเป็นคนยื่นมือเข้าไปช่วยเหลือ และคุณอาจได้รับข่าวดีบางอย่างจากใครบางคนที่ทำให้เข้ามากระตุ้นหรือร่วมมือทำบางสิ่งบางอย่างที่จะทำให้คุณรู้สึกโล่งและสบายใจ </THE-STAR-ONE >
<THE-MOON-ONE >อาจมีสถานการณ์ที่จะทำให้คุณรู้สึกอ่อนแอ สับสน และไม่มั่นคง แถมคุณยังรู้สึกน้อยใจเพื่อนหรือคนรักของคุณ จนถึงขั้นทำให้ทำให้คุณไม่รู้ว่าอะไรควรทำหรือไม่ควรทำ มิหน้ำซ้ำคุณอาจรู้สึกหมดกำลังใจในการวางแผนรวมตัวเพื่อนหรือญาติของคุณอีกด้วย </THE-MOON-ONE >
<THE-SUN-ONE >ตอนนี้คุณกำลังพยายามจัดการแก้ไขสิ่งต่าง ๆ เพราะคุณต้องการให้ชีวิตของคุณมีความลงตัว นอกจากนั้นคุณได้พูดคุยกับบรรดาญาติของคุณ แต่รู้สึกพวกเขาไม่ค่อยอยากสนับสนุนคุณสักเท่าไหร่อีกทั้งคุณอาจคิดที่จะทำให้กิจการของคุณมีความสุขและพยายามสร้างมิตรภาพอันดีในที่ทำงาน แต่นั่นไม่ได้พิสูจน์ได้ว่านี่จะเป็นความคิดที่ดี </THE-SUN-ONE >
<JUDGEMENT-ONE >ไพ่ใบนี้บ่งบอกว่า คุณต้องทำการตัดสินใจในเรื่องบางอย่างที่สำคัญมาก และสิ่ง ๆนั้นอาจเกี่ยวข้องกับเพื่อนเก่าหรือคนที่คุณรัก แต่จะมีข่าวดีบางอย่างเข้ามาผ่านทางหนึ่งในญาติมิตรของคุณ นอกจากนั้นความสามัคคีของคุณและพวกเขาจะแน่นแฟ้นมากยิ่งขึ้น </JUDGEMENT-ONE >
<THE-WORLD-ONE >มีแรงกดดันเกิดขึ้นในหัวของคุณอย่างมากมาย และดูเหมือนว่าจะถึงขีดสุดก่อนที่มันระเบิด ดังนั้นนี่เป็นช่วงเวลาที่คุณควรออกไปเที่ยวพักผ่อนหรือเดินทางไปยังสถานที่ไกล ๆสักระยะหนึ่ง นอกจากนี้คุณอาจต้องการกำลังใจจากเพื่อนของคุณ และพวกเขาก็ยินดีที่จะช่วยเหลือและปลอบใจคุณเช่นกัน </THE-WORLD-ONE >
<THE-FOOL-ONE >คุณมีโอกาสที่จะได้ช่วยเหลือญาติคนใดคนหนึ่งของคุณ แต่น่าเสียดายที่เขาอาจไม่ได้รับโอกาสนั้นจากคุณเพราะความไม่คิดหน้าคิดหลังของเขาเอง มีคนใกล้ตัวคุณทำให้คุณได้รู้ว่าคุณกำลังเผยจุดอ่อนของคุณ และใครคนนั้นกำลังหาประโยชน์จากตัวคุณ ซึ่งจะทำให้เกิดผลเสียขึ้นในระยะยาว</THE-FOOL-ONE >
</ROOT>
