<ROOT>
<ACE-OF-CUPS-ONE >你可能会和你的亲戚产生紧绷或尴尬的关系，这将会是令你烦恼的原因。你会期待和某人建立新的连结，这会让你获益良多，并且你会很满意你所得到的。 </ACE-OF-CUPS-ONE >
<TWO-OF-CUPS-ONE >这张牌代表你将会因为工作或个人原因收拾行李。尽管与你所爱的人存在着某些分歧，但事情最终会被解决的。你可能会向不是很亲近你，但看起来很亲切的人吐露你的秘密。 </TWO-OF-CUPS-ONE >
<THREE-OF-CUPS-ONE >某些事情可能会因专业承诺或个人因素延期，这将让你感到有些沮丧。你会因为这件事觉得被孤立，但你会发现你所爱的人会站在你这边，使你感觉好过一点。 </THREE-OF-CUPS-ONE >
<FOUR-OF-CUPS-ONE >这张牌指出你将会需要有耐心地度过一段非常忙碌的时间 。这对你和你所爱的人来说可能会是一段测试期，你会很快了解到谁才是那个真正在乎你的人。建议你不要保持冷漠，要尽量表达你的问题，并让你所爱的人来帮助你。 </FOUR-OF-CUPS-ONE >
<FIVE-OF-CUPS-ONE >这段时间对你来说可能不是很愉快，你可能会放弃超出你掌控的某些事情。你和你所爱的人之间将会面临一个艰难的时刻，这也许会变成主要争执的原因，可能导致你不希望看到的结果发生。 </FIVE-OF-CUPS-ONE >
<SIX-OF-CUPS-ONE >这看起来对你来说像一段度假时光，因为可能会有很多朋友和亲戚来拜访你。你的个人生活可能会存在着某些让你纠结的事情，这可能会导致一些不同的结果，但你会妥善处理它们。 </SIX-OF-CUPS-ONE >
<SEVEN-OF-CUPS-ONE >你的家庭可能会因为某些意见分歧，这些歧见可能会造成更大的冲突。你会尽力帮忙使事情可以和平地解决。你将以专业的态度妥善处理，试着使许多事情取得平衡，而且会处理得很公平。 </SEVEN-OF-CUPS-ONE >
<EIGHT-OF-CUPS-ONE >你可能会和你所爱的人有一些相聚的计划，但是因为不确定因素，可能必须延期。这张牌还指出你会为了你所爱的人就医。你将会听到一些好消息。 </EIGHT-OF-CUPS-ONE >
<NINE-OF-CUPS-ONE >你可能正在计划旅行或离开一段时间，但计划会被拖迟，因为你会遇到一些更好的事情。你可能会对某些影响你所爱的人的疾病感到不安，但是在你的朋友的帮助下，好的一面即将到来。 </NINE-OF-CUPS-ONE >
<TEN-OF-CUPS-ONE >你可能要面对一个艰难的局面，而且可能会和考虑逃离你的家人还有工作，你想着事情不可能比现在更糟的了。但你会和你感性的一面连结，与你的家人和朋友联系来计划相聚。 </TEN-OF-CUPS-ONE >
<PAGE-OF-CUPS-ONE >这张牌指出你现在将尝试为自己简化一些事情，而且在你生活中的一项幸运转变将会帮助你达成此事。建议你不要推动有关于金钱、租金或财产相关的事项，因为它们可能不会按照你预期的发展。你可能会巧遇你的旧朋友或旧情人，这可能会使你们再相聚。 </PAGE-OF-CUPS-ONE >
<KNIGHT-OF-CUPS-ONE >你现在正在考虑改变居住地，但不会太认真对待这件事。你应该保持小心，因为在你家周围可能会发生一些小事故。你所爱的人可能正在计划一个假期，而你也非常期待。你会与你的朋友保持联系。 </KNIGHT-OF-CUPS-ONE >
<QUEEN-OF-CUPS-ONE >由于小孩，或某些家事，或是有访客，使你住的地方一片混乱。你和你的家人可能有某些问题，你必须负责任地处理这些问题，不然你可能会陷入一种你从未想过的惨境。这种混乱会让你更加亲近你的朋友，你会得到他们的安慰。 </QUEEN-OF-CUPS-ONE >
<KING-OF-CUPS-ONE >你的生活将有新的变化，对你来说是好事而且会带给你幸福。你将会接到朋友的意外电话，这会让你心情变好。一些亲戚会和你讨论他们的问题，你会很乐意帮助他们，而且会试着尽力安慰他们。 </KING-OF-CUPS-ONE >
<ACE-OF-PENTACLES-ONE >你现在正处在一段愉快的时期，成功已经离你不远了。你也有能力可以购买之前买不起的东西。你和家人有着快乐且健康的关系。一切都将按部就班地进行着。你可能打算与一些老朋友见面，或可能最后会和他们有一些随性的计划。 </ACE-OF-PENTACLES-ONE >
<TWO-OF-PENTACLES-ONE >你会发现在试图平衡各种家中大小事的时候会感到非常棘手。你将会处于一种分心的状态，而且发现很难专注在你的个人生活。这些干扰可能是来自工作的压力。一旦你开始社交活动跟认识新朋友，你会觉得好过一点。 </TWO-OF-PENTACLES-ONE >
<THREE-OF-PENTACLES-ONE >这张牌指出你将全神贯注于某些爱好或其他活动，而你所爱的人或出乎你意料之外的某人会带着礼物或其他机会到来。你和家人将需要克服一些可能会遇到的真正难题。 </THREE-OF-PENTACLES-ONE >
<FOUR-OF-PENTACLES-ONE >最近很快会有一些商业和销售上的机会来临。这会需要你所爱的人的支持和陪伴。你和你的朋友会制定一些计划，有可能会有不愉快的冲突，但你会有能力处理它们的。 </FOUR-OF-PENTACLES-ONE >
<FIVE-OF-PENTACLES-ONE >这张牌显示你可能要面对一些压力在试图平衡心理和情绪的稳定性上，但会被某些家庭成员要求陪伴。你会因为你的朋友产生情绪波动，但是你不会有时间联系他们。 </FIVE-OF-PENTACLES-ONE >
<SIX-OF-PENTACLES-ONE >由于某些问题，你可能会被你的朋友和同事干扰。你在工作上给自己太大的压力，没有任何放松的时间。在它对你造成伤害之前，你需要休息一下。你的一个家庭成员可能会不太高兴，会跟你表达他想花点时间独处或旅行的念头。 </SIX-OF-PENTACLES-ONE >
<SEVEN-OF-PENTACLES-ONE >你会感到紧张和焦躁不安，因为你的一些财务状况似乎被套牢了，但还是会有来自其他来源的资金流入。你会因一些健康相关问题被强迫休息一段时间。你将有时间和朋友联系，并与他们共度时光。 </SEVEN-OF-PENTACLES-ONE >
<EIGHT-OF-PENTACLES-ONE >当你试图寻找跟你家庭有关问题的解决方案时，你会感到有点困惑。你可能和你的家人没办法顺利相处，且你的计划会出现阻碍。你将设法在个人生活和职业生涯之间取得平衡，并与你所爱的人共度时光。 </EIGHT-OF-PENTACLES-ONE >
<NINE-OF-PENTACLES-ONE >你将会因为一些可以在家里做的工作或因为打几个电话而忙碌一段时间。你的朋友和家人会一直陪在你身边，他们也会在你做出重要决定的时候引领你。你会参与有关工作的讨论，让你跟朋友还有同事更亲近。 </NINE-OF-PENTACLES-ONE >
<TEN-OF-PENTACLES-ONE >这张牌指出你会享受社交聚会，并会与朋友和家人共度时光。你会感觉跟你的家人关系更亲密， 他们也会很乐意陪伴你。是时候认识一些新朋友了，他们将成为你生活的一部分。 </TEN-OF-PENTACLES-ONE >
<PAGE-OF-PENTACLES-ONE >你会因为你忙乱的行程表而有一点压力，而且会尝试计划和你所爱的人出游。可能会有你所期待的合作关系出现，但你会感到沮丧，因为结果不会是像你期望的一样。但是你会努力让它实现。 </PAGE-OF-PENTACLES-ONE >
<KNIGHT-OF-PENTACLES-ONE >你现在处于一种亢奋的状态，可能会导致你购物或有大笔的开销。你和你的一个家庭成员可能会处于紧张状态，因此你会避免和他们待在一起。你的朋友将会支持你，如果有任何争论的话，他们会想办法解决。 </KNIGHT-OF-PENTACLES-ONE >
<QUEEN-OF-PENTACLES-ONE >这张牌指出你将制定一些未来的计划来记挂着你的事业、朋友和家人。在跟朋友闲聊的时候，会得到一些正向的脑力激荡点子。你会感觉和家人很亲密，也会提供协助来解决某些问题。 </QUEEN-OF-PENTACLES-ONE >
<KING-OF-PENTACLES-ONE >你现在忙于需要大量文书作业的项目。你将与你的朋友共度时光，并且获得一些好处。你会遇到一些事情，像是诱惑你去度假或和家人一起去郊游，但你必须把持住自己。 </KING-OF-PENTACLES-ONE >
<ACE-OF-SWORDS-ONE >你会得到一些非预期但令人愉快的惊喜，而且你会喜欢它。家庭成员间可能会有压力和不安，这会使你感到孤独。你会试着向你的朋友倾诉，并寻求建议和安慰。 </ACE-OF-SWORDS-ONE >
<TWO-OF-SWORDS-ONE >有迹象指出你会因为各种原因和你所爱的人一起启程。你将会面临一些和金钱相关的问题，如果运气好的话，某人会提供很大的帮助。只要你保持耐心，所有的争论会在短时间内休止。 </TWO-OF-SWORDS-ONE >
<THREE-OF-SWORDS-ONE >家人总是对你有很高的期望，你可能会因为这些压力而感到沮丧。你可能会因为某些过失而感觉有些不安。你会试图说服自己来解决问题，并使一切回归正常。 </THREE-OF-SWORDS-ONE >
<FOUR-OF-SWORDS-ONE >你可能要处理一些法律文书事项，而这不会是一段令人愉悦的体验。当你看到你所爱的人处在困境中，你会在某些情况下感觉无助。这可能不是与朋友共度时光的最佳时间，因为总体上来说，你会感到失望。 </FOUR-OF-SWORDS-ONE >
<FIVE-OF-SWORDS-ONE >经过长时间的药物治疗，你终于康复而且不用再看医生。你的家人会觉得伤感，并且会和你站在一起。你可能会被某些责任拖累而使你觉得沮丧。你也会沉迷于购物，尤其是购买家居用品。 </FIVE-OF-SWORDS-ONE >
<SIX-OF-SWORDS-ONE >这张牌显示你在处理和家庭相关的问题时可能要面对一些问题和困难。你会感受到你和家人的紧密连结，你也会尝试与你的家人和朋友有更多的相处时间。你也会试着陪伴你所爱的人。 </SIX-OF-SWORDS-ONE >
<SEVEN-OF-SWORDS-ONE >有迹象指出你会突然与老朋友相遇，这对你有益。可能会有一些小事使你困扰，让你感到不安。你可能会与你的家人有争执和利益冲突，但你还是会和他们保持联系。 </SEVEN-OF-SWORDS-ONE >
<EIGHT-OF-SWORDS-ONE >某些朋友跟你之间可能还是存在一些问题，你必须做出坚定的决定。你可能会与你的爱人联系并进入浪漫期。你会和你的家人享受一段不错的时光，并对此感到非常高兴。 </EIGHT-OF-SWORDS-ONE >
<NINE-OF-SWORDS-ONE >这张牌指出你现在对某人感到焦虑。可能会有一些亲戚处理一些与金钱相关的事项，而你会试着帮忙，这将会提高你在亲戚中的声誉。你可能还必须远离某人或某些让你感到情绪脆落的事情。 </NINE-OF-SWORDS-ONE >
<TEN-OF-SWORDS-ONE >你将报名参加一些高质量的课程，这些课程会帮助你成长并使你更专注。你可能会感到有点被孤立和不安，但你会试着解决。亲爱的人可能会伤害你，这会让你陷入两难。 </TEN-OF-SWORDS-ONE >
<PAGE-OF-SWORDS-ONE >最近可能会收到一些不愉快的消息而破坏你的心情。你可能计划拜访远方的亲戚，或他们会来拜访你。你会持续努力建立和发展你的感情生活，你的伴侣或朋友会因此而感谢你。 </PAGE-OF-SWORDS-ONE >
<KNIGHT-OF-SWORDS-ONE >这张牌指出你将会参加派对狂欢，并在很多场合表现得很亢奋。你将愿意倾听并努力使事情变得更好。这也需要你所爱的人的陪伴。 </KNIGHT-OF-SWORDS-ONE >
<QUEEN-OF-SWORDS-ONE >这张牌指出这对你来说将会是个艰难的阶段。包括你的朋友和家人在内的各方都可能会收到坏消息。这对你来说会很难解决，但你所爱的人们会尽力让你感到安心。 </QUEEN-OF-SWORDS-ONE >
<KING-OF-SWORDS-ONE >家人和你可能会因为生活习惯而产生冲突，你会因此感到心烦意乱。你也可以考虑搬到宿舍或新公寓。麻烦会追随着你，如果你不小心的话，你可能会在无预警之下成为丑闻的一部分。 </KING-OF-SWORDS-ONE >
<ACE-OF-WANDS-ONE >你会遇到一些专业上的问题，考虑到你的家庭，你会决定辞掉工作并且开始自己的事业。由于某些文书工作的拖延，你可能会取消某些会议或是聚会。 </ACE-OF-WANDS-ONE >
<TWO-OF-WANDS-ONE >这张牌指出你将解决与你的一位家庭成员的问题，并试图回归正轨。你将会收到一个重大消息，且此消息会对你的未来有帮助。你会愿意帮助一个朋友，但你会发现他的目的不是像你想像的那样。 </TWO-OF-WANDS-ONE >
<THREE-OF-WANDS-ONE >你家中的长者会针对一些文书工作或财物给你一些宝贵的建议。你会休息一下，远离一切，并且做一些你喜欢的事，这会是一个大胆的措举。你会寻求朋友的支持，尝试把那个有你所爱的人的梦想变大。 </THREE-OF-WANDS-ONE >
<FOUR-OF-WANDS-ONE >因为一些和家人的争吵和冲突，你会需要面对一些压力和沮丧。但最终你和你所爱的人会解决这个问题并保持和谐关系。可能有人会对你有恶意，试图欺骗你使你误入歧途，所以建议你保持警惕。 </FOUR-OF-WANDS-ONE >
<FIVE-OF-WANDS-ONE >你会因为一些外人导致的不可控制的情况而感到烦躁和不安。可能有人在试图破坏你的家庭或产业，你需要保持小心。你的朋友和家人会帮助你完成心灵洁净的过程。 </FIVE-OF-WANDS-ONE >
<SIX-OF-WANDS-ONE >这张牌指出虽然你不会对你个人的努力感到非常满意，但你会尝试与朋友或家人联系，并与他们一起计划一次愉快的旅行。你可能必须处理亲戚的财务问题。 </SIX-OF-WANDS-ONE >
<SEVEN-OF-WANDS-ONE >在繁忙的工作计划和家庭时间之间，你不得不频频更改你的行程，但如果你没有取得平衡的话，这将会使你的个人生活被侵犯。你会和一位老朋友取得联系，这将是一次愉快的交流。 </SEVEN-OF-WANDS-ONE >
<EIGHT-OF-WANDS-ONE >这张牌指出你会挣扎于工作和家庭之间，而且会很难找到时间陪伴你的家人。这张牌也显示你会因为家人的好消息而有一个庆祝活动。你和你的朋友间可能会有一些误解而需要你小心处理。 </EIGHT-OF-WANDS-ONE >
<NINE-OF-WANDS-ONE >你会尝试协助你的亲戚处理一些法律事务相关的文书工作。有些问题会获得一位老朋友的帮助，而且有征兆指出你们会有一次重聚机会。你迫切地等待你所爱的人的一些消息，这种焦虑让你感到焦躁不安。 </NINE-OF-WANDS-ONE >
<TEN-OF-WANDS-ONE >工作上会给你带来沉重负担，而你会试图履行你的承诺。你不仅需要工作还要处理个人问题。你和朋友或所爱的人之间可能会有争吵，你将不知如何是好。这对你和你的朋友都没有好处。 </TEN-OF-WANDS-ONE >
<PAGE-OF-WANDS-ONE >你将经历一段艰难的时期，并希望自己独处一段时间，这将关系到你的朋友和家人。你会试着评估你生活中的事物并做出衡量过后的决定，这会需要你的一个朋友的支持。 </PAGE-OF-WANDS-ONE >
<KNIGHT-OF-WANDS-ONE >有迹象指出一个小旅行可以让你恢复活力，你会考虑花更多时间与你的伴侣相处。由于一些不寻常的原因，你和你的家人和朋友之间的事情可能不会如你所期待的进行。你会需要为一个寻求你支持和陪伴的朋友挪出时间。 </KNIGHT-OF-WANDS-ONE >
<QUEEN-OF-WANDS-ONE >你将处于一种灵性模式，并希望使自己自律和加强自我休养。你有可能会建立新的连结或重启和加强旧的连结。 </QUEEN-OF-WANDS-ONE >
<KING-OF-WANDS-ONE >这张牌指出你可能会需要处理和疾病有关的情况。可能有一些有风险的机会使你需要搬到别的地方。最终，你会从被孤立的感觉中解脱，事情会变得更好。 </KING-OF-WANDS-ONE >
<THE-MAGICIAN-ONE >你现在的重心是面对新事物的开始，建议你不要追寻一些机会渺茫的事物。你很快就会得到一位朋友宝贵的或相关的帮助。你将和你的亲戚一起制定某些计划，或有机会和你的爱人改变部分计划。 </THE-MAGICIAN-ONE >
<THE-HIGH-PRIESTESS-ONE >这张牌指出你会在商店里得到一个令你高兴的惊喜，你会感到非常兴奋，由于一些压力，你将不会依恋你的家庭成员。你和你朋友间的关系可能会得到改善。 </THE-HIGH-PRIESTESS-ONE >
<THE-EMPRESS-ONE >你会因为你家庭中的各种讨论而感到有点分心，并会渴望心灵的平静。你也会考虑搬走一阵子。你会因为你对朋友做的某事觉得有点罪恶感，是时候面对你的恐惧和并悔改了。 </THE-EMPRESS-ONE >
<THE-EMPEROR-ONE >如果你计划拜访亲戚或爱人，那这次拜访会很成功，但是旅途可能不会很顺遂。这段期间你会被很多朋友围绕着，他们将成为你的支柱，甚至会在一定程度上激励现在那个沮丧的你 。 </THE-EMPEROR-ONE >
<THE-HIEROPHANT-ONE >这张牌指出你希望家里的气氛更加愉快，会很快收到一些好消息。你和朋友相处之间可能会有一段不好过的时间，但只有彼此谈过之后才能使局面冷静下来，你将会理解这点并且最终会解决这种情况的。 </THE-HIEROPHANT-ONE >
<THE-LOVERS-ONE >你将会发现并非所有人都是你的朋友，如果你不采取行动，他们之中的某些人会背叛你。你将与你的家人保持良好关系，也可能会因为一个小小的庆祝活动或一些好消息而计划聚在一起。你要小心有些亲戚可能会发泄他们的愤怒。 </THE-LOVERS-ONE >
<THE-CHARIOT-ONE >你会和老朋友小聚，这将使你在充满压力的生活重新打起精神来。你会想帮助一个亲戚但他不愿意听任何人的意见，这让你觉得内疚和无助。你会需要一些强而有力的支持来证明你对家人的要求。 </THE-CHARIOT-ONE >
<STRENGTH-ONE >这张牌指出你会和朋友一起度过快乐的时光，而且可能会和你的一个异性朋友擦出火花。你和家人可能会因为财务的原因而有一段不好过的时光。如果事情失控，可能会有很大的争执甚至引起很大的余波。 </STRENGTH-ONE >
<THE-HERMIT-ONE >在很长的一段时间后，你终于有机会和家庭成员或朋友好好谈谈了。如果你与你所爱的人有一些意见分歧，那么它将会被解决。你将从爱人那边获得跟工作或财务问题相关的一些有用的指导。 </THE-HERMIT-ONE >
<WHEEL-OF-FORTUNE-ONE >这张牌指出一个你的家庭成员会让你感到很沮丧跟失望，你会希望可以离开那个人。你可能会因为一些家人的病痛，而需要去医院好几次，这将产生很多压力。 </WHEEL-OF-FORTUNE-ONE >
<JUSTICE-ONE >你可能会发现一个你的家庭成员或亲戚将面临到一些会影响你和你决定的问题。 因为和家人和朋友的纠纷，导致事情不会如你预期般顺利，但这终究会过去的。 </JUSTICE-ONE >
<THE-HANGED-MAN-ONE >你的家人和朋友会支持你和你正在追寻的新事业，你的爱人也会引领你度过这关。可能会存在某些争论，但只是因为观点不同，而且会很容易解决。你必须努力维持一些旧的关系。 </THE-HANGED-MAN-ONE >
<DEATH-ONE >这张牌指出你会有充裕的时间和你的家人相处，你可能也会因为各种理由而考虑学习一些家事。由于某些不寻常的情况，你和朋友之间可能会有一些关系上的变化或尴尬的时刻，但你会像之前那样很快就修复这些问题。 </DEATH-ONE >
<TEMPERANCE-ONE >你会发现你的家人和朋友会非常支持你，并就你的个人生活给你正确的建议。你和你的爱人之家可能会有情绪的波动。你可能会轻易地被激怒，所以你将不得不保持冷静并处理这个状况。 </TEMPERANCE-ONE >
<THE-DEVIL-ONE >这张牌指出你现在情绪很激昂，并且不清楚知道自己想要什么，但你会试着暂时平衡这种情况。你可能会感觉非常矛盾，因为你脑内同时被许多干扰你的想法占据着。 </THE-DEVIL-ONE >
<THE-TOWER-ONE >这将不是一段非常愉快的时光，因为你可能要再财务和个人方面面对一些被打击的事实。这也可能让你很崩溃，但你的爱人会帮助你度过这段时光。在这种情况下，你会同时觉得幸运又不幸。 </THE-TOWER-ONE >
<THE-STAR-ONE >你会注意到你的一些亲戚可能会有文书工作上的问题，而且你会帮助他们。你可能会从某人那边听到一个好消息，非常令人振奋，而且会带给你一种团结的感觉，让你觉得舒适和放松。 </THE-STAR-ONE >
<THE-MOON-ONE >可能会出现让你感到脆弱、困惑和不确定的情况。你可能会对你的朋友和爱人变得情绪化思考，这会让你陷入痛苦的念头，思考着到底该不该做某些事。你和朋友或亲戚的聚会计划可能会变得非常令人沮丧。 </THE-MOON-ONE >
<THE-SUN-ONE >你现在试图安顿下来，因为你希望你的生活达到平衡。你会和你的亲戚谈论这件事，但会觉得他们不支持你。你将考虑将工作和乐趣结合，或是试着在你的工作场所建立友谊，但这不会是个好主意。 </THE-SUN-ONE >
<JUDGEMENT-ONE >这张牌指出你会做出一些非常重要的决定，这个决定关系到你的老朋友和你的爱人。你的一个朋友或亲戚可能会给你带来一些好消息。你与亲朋好友的关系会变得更亲密。 </JUDGEMENT-ONE >
<THE-WORLD-ONE >你脑中会有很多压力，这可能是爆炸前的临界点。是时候去渡个假或是休息一段时间了。你会向你的朋友寻求支持，其中一些人愿意接受而且会给予你安慰。 </THE-WORLD-ONE >
<THE-FOOL-ONE >你会帮助你的一个亲戚，但因为他的鲁莽，他可能会失去这个机会。因为你的脆弱，让某些人可以利用你，从长远的角度来说这是件坏事。一个亲近你的人会让你意识到这点。</THE-FOOL-ONE >
</ROOT>
