﻿{"cameraMode":{"drawMode":0,"name":"Shaded","section":"Shading Mode"},"sceneLighting":false,"audioPlay":false,"sceneViewState":{"showFog":true,"showMaterialUpdate":false,"showSkybox":false,"showFlares":true,"showImageEffects":true,"showParticleSystems":true},"in2DMode":false,"pivot":{"x":-2.0473227500915529,"y":0.7330978512763977,"z":4.0008697509765629},"rotation":{"x":0.44063976407051089,"y":0.004845129791647196,"z":-0.002509718295186758,"w":0.8976843357086182},"size":5.106705188751221,"orthographic":false}