﻿{"cameraMode":{"drawMode":0,"name":"Shaded","section":"Shading Mode"},"sceneLighting":false,"audioPlay":false,"sceneViewState":{"showFog":true,"showMaterialUpdate":false,"showSkybox":false,"showFlares":true,"showImageEffects":true,"showParticleSystems":true},"in2DMode":false,"pivot":{"x":-0.9165266752243042,"y":-1.4765864610671998,"z":109.0406494140625},"rotation":{"x":0.16965323686599732,"y":0.8040568232536316,"z":-0.27311721444129946,"w":0.5002691745758057},"size":9.102460861206055,"orthographic":false}