﻿{"cameraMode":{"drawMode":0,"name":"Shaded","section":"Shading Mode"},"sceneLighting":false,"audioPlay":false,"sceneViewState":{"showFog":true,"showMaterialUpdate":false,"showSkybox":false,"showFlares":true,"showImageEffects":true,"showParticleSystems":true},"in2DMode":false,"pivot":{"x":14.582825660705567,"y":-13.407060623168946,"z":42.74449920654297},"rotation":{"x":0.2852136194705963,"y":0.3995800316333771,"z":-0.13238881528377534,"w":0.861282229423523},"size":99.28753662109375,"orthographic":false}