﻿{"cameraMode":{"drawMode":0,"name":"Shaded","section":"Shading Mode"},"sceneLighting":false,"audioPlay":false,"sceneViewState":{"showFog":true,"showMaterialUpdate":false,"showSkybox":false,"showFlares":true,"showImageEffects":true,"showParticleSystems":true},"in2DMode":false,"pivot":{"x":2.7899999618530275,"y":0.7799999713897705,"z":213.5},"rotation":{"x":-0.3682660162448883,"y":-0.4088134169578552,"z":0.18507912755012513,"w":-0.8142731785774231},"size":14.928020477294922,"orthographic":false}