﻿{"cameraMode":{"drawMode":0,"name":"Shaded","section":"Shading Mode"},"sceneLighting":false,"audioPlay":false,"sceneViewState":{"showFog":true,"showMaterialUpdate":false,"showSkybox":false,"showFlares":true,"showImageEffects":true,"showParticleSystems":true},"in2DMode":false,"pivot":{"x":1.1920928955078126e-7,"y":1.5000001192092896,"z":133.10000610351563},"rotation":{"x":-0.45587438344955447,"y":-0.4333309829235077,"z":0.2724137604236603,"w":-0.7282471060752869},"size":6.582322597503662,"orthographic":false}