﻿{"cameraMode":{"drawMode":0,"name":"Shaded","section":"Shading Mode"},"sceneLighting":false,"audioPlay":false,"sceneViewState":{"showFog":true,"showMaterialUpdate":false,"showSkybox":false,"showFlares":true,"showImageEffects":true,"showParticleSystems":true},"in2DMode":false,"pivot":{"x":0.0000019073486328125,"y":3.7480111122131349,"z":44.69997787475586},"rotation":{"x":0.0757150650024414,"y":-0.920372724533081,"z":0.22260607779026032,"w":0.31299513578414919},"size":53.176170349121097,"orthographic":false}