﻿{"cameraMode":{"drawMode":0,"name":"Shaded","section":"Shading Mode"},"sceneLighting":false,"audioPlay":false,"sceneViewState":{"showFog":true,"showMaterialUpdate":false,"showSkybox":false,"showFlares":true,"showImageEffects":true,"showParticleSystems":true},"in2DMode":false,"pivot":{"x":0.0,"y":-18.899999618530275,"z":161.760009765625},"rotation":{"x":-0.04382551461458206,"y":0.03567415475845337,"z":-0.00011065419676015154,"w":-0.9984933137893677},"size":891.6809692382813,"orthographic":false}