﻿{"cameraMode":{"drawMode":0,"name":"Shaded","section":"Shading Mode"},"sceneLighting":false,"audioPlay":false,"sceneViewState":{"showFog":true,"showMaterialUpdate":false,"showSkybox":false,"showFlares":true,"showImageEffects":true,"showParticleSystems":true},"in2DMode":false,"pivot":{"x":1.1920928955078126e-7,"y":1.5000001192092896,"z":82.7300033569336},"rotation":{"x":0.2625800371170044,"y":0.028404753655195237,"z":-0.007735924329608679,"w":0.964472234249115},"size":4.286842346191406,"orthographic":false}