﻿{"cameraMode":{"drawMode":0,"name":"Shaded","section":"Shading Mode"},"sceneLighting":false,"audioPlay":false,"sceneViewState":{"showFog":true,"showMaterialUpdate":false,"showSkybox":false,"showFlares":true,"showImageEffects":true,"showParticleSystems":true},"in2DMode":false,"pivot":{"x":1.1920928955078126e-7,"y":1.4900001287460328,"z":162.50999450683595},"rotation":{"x":-0.257404625415802,"y":-0.08269654959440232,"z":0.022132031619548799,"w":-0.9625316858291626},"size":4.28682804107666,"orthographic":false}