﻿{"cameraMode":{"drawMode":0,"name":"Shaded","section":"Shading Mode"},"sceneLighting":false,"audioPlay":false,"sceneViewState":{"showFog":true,"showMaterialUpdate":false,"showSkybox":false,"showFlares":true,"showImageEffects":true,"showParticleSystems":true},"in2DMode":false,"pivot":{"x":0.0,"y":0.524207353591919,"z":21.941421508789064},"rotation":{"x":-0.20571307837963105,"y":-0.032121069729328158,"z":0.007334583904594183,"w":-0.9781282544136047},"size":4.943215847015381,"orthographic":false}