﻿{"cameraMode":{"drawMode":0,"name":"Shaded","section":"Shading Mode"},"sceneLighting":false,"audioPlay":false,"sceneViewState":{"showFog":true,"showMaterialUpdate":false,"showSkybox":false,"showFlares":true,"showImageEffects":true,"showParticleSystems":true},"in2DMode":false,"pivot":{"x":0.009354740381240845,"y":1.766782522201538,"z":-0.019023269414901735},"rotation":{"x":0.12808173894882203,"y":-0.11755695939064026,"z":0.015112116001546383,"w":0.9848048686981201},"size":7.620555400848389,"orthographic":false}