﻿{"cameraMode":{"drawMode":0,"name":"Shaded","section":"Shading Mode"},"sceneLighting":false,"audioPlay":false,"sceneViewState":{"showFog":true,"showMaterialUpdate":false,"showSkybox":false,"showFlares":true,"showImageEffects":true,"showParticleSystems":true},"in2DMode":false,"pivot":{"x":0.0,"y":-0.7651443481445313,"z":192.32000732421876},"rotation":{"x":0.26688846945762637,"y":-0.03149847686290741,"z":0.008721910417079926,"w":0.9631792306900024},"size":962.4347534179688,"orthographic":false}