﻿{"cameraMode":{"drawMode":0,"name":"Shaded","section":"Shading Mode"},"sceneLighting":false,"audioPlay":false,"sceneViewState":{"showFog":true,"showMaterialUpdate":false,"showSkybox":false,"showFlares":true,"showImageEffects":true,"showParticleSystems":true},"in2DMode":false,"pivot":{"x":-0.8000000715255737,"y":0.699999988079071,"z":100.41999816894531},"rotation":{"x":0.4001668393611908,"y":0.29438889026641848,"z":-0.1374814361333847,"w":0.857112467288971},"size":1.1431478261947632,"orthographic":false}