﻿{"cameraMode":{"drawMode":0,"name":"Shaded","section":"Shading Mode"},"sceneLighting":false,"audioPlay":false,"sceneViewState":{"showFog":true,"showMaterialUpdate":false,"showSkybox":false,"showFlares":true,"showImageEffects":true,"showParticleSystems":true},"in2DMode":false,"pivot":{"x":0.0,"y":-6.862115859985352,"z":161.760009765625},"rotation":{"x":0.13788877427577973,"y":0.00026044927653856575,"z":-0.004862277302891016,"w":0.9905924797058106},"size":887.5158081054688,"orthographic":false}