﻿{"cameraMode":{"drawMode":0,"name":"Shaded","section":"Shading Mode"},"sceneLighting":false,"audioPlay":false,"sceneViewState":{"showFog":true,"showMaterialUpdate":false,"showSkybox":false,"showFlares":true,"showImageEffects":true,"showParticleSystems":true},"in2DMode":false,"pivot":{"x":-0.37629395723342898,"y":0.915506899356842,"z":0.8561221361160278},"rotation":{"x":0.2560795247554779,"y":-0.7408210039138794,"z":0.47673505544662478,"w":0.3979284465312958},"size":4.479608535766602,"orthographic":false}