﻿{"cameraMode":{"drawMode":0,"name":"Shaded","section":"Shading Mode"},"sceneLighting":false,"audioPlay":false,"sceneViewState":{"showFog":true,"showMaterialUpdate":false,"showSkybox":false,"showFlares":true,"showImageEffects":true,"showParticleSystems":true},"in2DMode":false,"pivot":{"x":0.6646000742912293,"y":1.2062715291976929,"z":222.7991180419922},"rotation":{"x":0.40326154232025149,"y":0.3870907723903656,"z":-0.19369177520275117,"w":0.8062592148780823},"size":6.819441318511963,"orthographic":false}