﻿{"cameraMode":{"drawMode":0,"name":"Shaded","section":"Shading Mode"},"sceneLighting":false,"audioPlay":false,"sceneViewState":{"showFog":true,"showMaterialUpdate":false,"showSkybox":false,"showFlares":true,"showImageEffects":true,"showParticleSystems":true},"in2DMode":false,"pivot":{"x":-3.595020055770874,"y":0.7724510431289673,"z":4.003602027893066},"rotation":{"x":0.3297233581542969,"y":0.6407148838043213,"z":-0.3568597733974457,"w":0.5946230292320252},"size":1.275280475616455,"orthographic":false}