<?xml version="1.0" encoding="utf-8" ?>
<ROOT>
<ACE-OF-CUPS-ONE >Lá bài này cho biết hiện tại bạn thấy hài lòng về bản thân và những cảm giác về tình yêu, niềm vui và sự lãng mạng đang chiếm lĩnh tâm trí bạn. Bạn sẽ liên hệ với ai đó thích bạn và việc này có thể dẫn đến một buổi hẹn hò lãng mạn. Nếu bạn đã ở trong một mối quan hệ thì tình cảm của hai bạn sẽ được thắt chặt. </ACE-OF-CUPS-ONE >
<TWO-OF-CUPS-ONE >Bạn muốn trông thấy cuộc sống tình cảm của mình yên ổn và hòa giải những vấn đề giữa bạn và nửa kia. Bạn đang cảm thấy bất an và không thể toàn tâm toàn ý cho nửa kia của mình bởi vì có điều gì đó đang khiến bạn lo lắng và bối rối. Bạn sẽ phải mạnh mẽ và đưa ra những quyết định vững chắc liên quan đến cảm xúc của bản thân. </TWO-OF-CUPS-ONE >
<THREE-OF-CUPS-ONE >Lá bài này cho biết bạn đang cảm thấy dễ bị tổn thương trong thời điểm này và muốn được chăm sóc. Bạn cũng sẽ cố gắng thể hiện sự quan tâm, đồng cảm với những người thân và nửa kia của mình. Mọi việc sẽ sớm suôn sẻ và trong lúc đó, tình yêu lứa đôi của bạn sẽ tiến triển. </THREE-OF-CUPS-ONE >
<FOUR-OF-CUPS-ONE >Lá bài này cho biết hiện tại bạn khao khát mãnh liệt muốn tìm được nửa kia của mình. Nếu bạn hiện có một mối quan hệ, bạn sẽ cảm thấy cực kỳ thắm thiết với nửa kia và muốn hòa giải mọi xích mích nếu có. Thời gian này có thể khá bất an đối với bạn bởi vì bạn đang cố gắng giải quyết vấn đề với nửa kia của mình để đến với nhau như một cặp đôi hạnh phúc. </FOUR-OF-CUPS-ONE >
<FIVE-OF-CUPS-ONE >Cảm xúc của bạn đang dâng trào và bạn muốn có một mối quan hệ thực sự nghiêm túc khi có sự thấu hiểu lẫn nhau và thoải mái và đây có thể là một người bạn của bạn. Giờ đây bạn sẽ nhận ra không nên từ bỏ là chính mình để níu giữ một mối quan hệ vì điều này cuối cùng cũng mang đến tác động tiêu cực. </FIVE-OF-CUPS-ONE >
<SIX-OF-CUPS-ONE >Lá bài này cho biết mặc dù thấy cuốn hút bởi một người đặc biệt duy nhất, bạn sẽ có những trải nghiệm tuyệt vời phong phú khác. Bạn đang cố gắng làm những điều đặc biệt cho nửa kia nhưng bạn thấy không chắc chắc về tương lai của hai người. </SIX-OF-CUPS-ONE >
<SEVEN-OF-CUPS-ONE >Bạn cảm thấy hoàn toàn không chắc chắn về những cảm nhận của mình và bạn sẽ tìm kiếm con đường đúng đắn dẫn tới nửa kia như ý của bạn. Phải xử lý nhiều công việc và những vấn đề khác, bạn sẽ không có đủ thời gian dành cho nửa kia của mình. Một cuộc gặp mặt với ai đó sẽ đem lại kết quả thú vị cho những người độc thân. </SEVEN-OF-CUPS-ONE >
<EIGHT-OF-CUPS-ONE >Lá bài này cho biết hiện nay mối quan hệ của bạn có thể khá mờ nhạt và điều này khiến bạn và nửa kia của mình không tạo được sự kết nối khăng khít. Quan hệ của bạn có thể phải trải qua những giai đoạn căng thẳng và mông lung và điều này dẫn đến sự lo lắng hay thậm chí cãi vã. Có thể bạn sẽ đưa ra quyết định chấm dứt mối quan hệ khi nó đã không thể cứu vãn. </EIGHT-OF-CUPS-ONE >
<NINE-OF-CUPS-ONE >Bạn đang khao khát những thứ tốt đẹp trong một mối quan hệ và điều này có thể liên quan đến một người vừa mới bước vào cuộc đời của bạn. Bạn muốn mọi chuyện giữa hai bạn trở nên thú vị hơn nhưng theo một cách khác lạ. Bạn đang cân nhắc lại mối quan hệ lứa đôi và mặc dù bạn muốn đi tiếp nhưng một số rủi ro liên quan khiến bạn thận trọng. </NINE-OF-CUPS-ONE >
<TEN-OF-CUPS-ONE >Lá bài này cho biết bạn đang tìm kiếm một mối quan hệ mãn nguyện và trọn vẹn, cũng như bạn trông đợi sự hỗ trợ hoàn toàn từ nửa kia của mình. Những xung đột ý kiến sẽ diễn ra và khiến bạn cảm thấy căng thẳng. Tình yêu với người mới trong cuộc đời bạn sẽ rất mãnh liệt. Lá bài cũng báo hiệu về hôn nhân. </TEN-OF-CUPS-ONE >
<PAGE-OF-CUPS-ONE >Bạn muốn mọi việc hài hòa và xây dựng một tương lai vững chắc với người yêu của mình. Bạn trở nên nôn nóng khi cố định hình tương lai theo ý muốn chủ quan nhưng nó đòi hỏi thời gian. Bạn sẽ cảm thấy cần ai đó bên cạnh, yêu thương và chăm sóc cho bạn bởi vì bạn không muốn lại cô đơn trong cuộc đời. </PAGE-OF-CUPS-ONE >
<KNIGHT-OF-CUPS-ONE >Lá bài này cho biết bạn muốn đi tới một nơi mới mẻ cùng với nửa kia của mình và điều đó khiến bạn hứng thú, và bạn sẽ được ủng hộ bởi những người khác trên con đường tình yêu của mình. Nếu bạn độc thân, bạn sẽ cảm thấy đây là thời gian thích hợp để khởi đầu mối quan hệ và đặt vấn đề với người ấy. </KNIGHT-OF-CUPS-ONE >
<QUEEN-OF-CUPS-ONE >Giờ đây bạn sẽ gặp gỡ giao lưu nhiều hơn và khả năng cao bạn sẽ gặp một người mà bạn bị cuốn hút hoàn toàn. Nếu bạn cố gắng, cuộc gặp gỡ này sẽ trở thành một mối quan hệ tình cảm. Nếu bạn đang có một mối quan hệ lâu dài, có thể bạn sẽ cầu hôn người ấy. </QUEEN-OF-CUPS-ONE >
<KING-OF-CUPS-ONE >Lá bài này cho biết bạn đang tìm kiếm một người bạn đời để dành thời gian hạnh phúc bên nhau. Bạn sẽ đi tìm kiếm người bạn đời lý tưởng tuy nhiên việc đó không hề dễ dàng. Bạn có thể phải nghĩ cách để gây ấn tượng với người ấy và thúc đẩy mối quan hệ. </KING-OF-CUPS-ONE >
<ACE-OF-PENTACLES-ONE >Đây là giai đoạn đánh dấu những khởi đầu mới trong cuộc sống của bạn. Bạn có thể cảm thấy bất an hơn bao giờ hết bởi vì bạn sẽ không nhận được sự cảm thông và thấu hiểu như mong đợi từ nửa kia của mình và điều này khiến bạn rất bực bội. </ACE-OF-PENTACLES-ONE >
<TWO-OF-PENTACLES-ONE >Bạn và nửa kia của mình có thể phải đối mặt với một số khó khăn và điều này có thể khiến bạn cảm thấy hơi gượng gạo nhưng cuối cùng với bản chất thấu hiểu và sự trợ giúp từ một người khác sẽ giúp bạn giải quyết vấn đề. </TWO-OF-PENTACLES-ONE >
<THREE-OF-PENTACLES-ONE >Bạn và nửa kia của mình sẽ cảm thấy mối quan hệ đang tiến triển tốt đẹp và do đó sẽ có những bước tiến tiếp theo. Nếu bạn là người độc thân, đây là thời gian tốt để tìm kiếm một người phù hợp cho mình và việc này có thể xảy ra tại một địa điểm ngoài dự kiến. </THREE-OF-PENTACLES-ONE >
<FOUR-OF-PENTACLES-ONE >Bạn chỉ có thể duy trì mối quan hệ nếu cả hai bạn cùng nỗ lực với sự kiên nhẫn và thấu hiểu. Nếu sự việc không thành, cuối cùng bạn sẽ quyết định chia tay với người ấy và sẽ cố gắng bước trên một con đường mới với những cơ hội mới. </FOUR-OF-PENTACLES-ONE >
<FIVE-OF-PENTACLES-ONE >Lá bài này cho biết bạn đang muốn trở thành ai đó hoặc làm điều gì đó mà bạn mong mỏi từ lâu. Cũng có khả năng nửa kia của bạn lừa dối bạn hoặc ngược lại. Đối với những người đang có một mối quan hệ, đây cũng không phải là giai đoạn quá tốt lành. </FIVE-OF-PENTACLES-ONE >
<SIX-OF-PENTACLES-ONE >Bạn đang mong tình yêu thưở thơ ấu quay về và nối lại quan hệ với bạn. Sẽ có một cảm giác cô đơn khi bạn chứng kiến người ấy đang rời xa bạn. Bạn cần phải biết bạn thực sự muốn gì trong cuộc đời và bạn sẵn sàng bỏ bao nhiêu công sức để có nó. </SIX-OF-PENTACLES-ONE >
<SEVEN-OF-PENTACLES-ONE >Đây sẽ là khoảng thời gian khó chịu cho bạn và nửa kia của mình bởi vì có những khác biệt lớn về quan điểm và điều này có thể dẫn tới chia tay. Nếu bạn đã kết hôn hay đang có một mối quan hệ lâu dài, bạn sẽ cân nhắc lại mối quan hệ và những nỗ lực của bản thân trong mối quan hệ đó. </SEVEN-OF-PENTACLES-ONE >
<EIGHT-OF-PENTACLES-ONE >Hiện tại dường như bạn đang có tâm trạng để vui chơi và yêu thích tình trạng độc thân hơn bất kỳ điều gì. Bạn sẽ có tâm trạng phỏng đoán và sẽ nghĩ về những điều sẽ xảy ra trong tương lai. Khía cạnh lãng mạn trong bạn sẽ sớm lộ diện. </EIGHT-OF-PENTACLES-ONE >
<NINE-OF-PENTACLES-ONE >Lá bài này cho biết bạn đang tìm kiếm những điều tươi mới trong cuộc sống. Bạn muốn thoát khỏi những thứ thông lệ để đến một nơi mới lạ. Bạn có thể phải rời xa nửa kia của mình một thời gian và bạn sẽ đưa ra quyết định lựa chọn đúng đắn. </NINE-OF-PENTACLES-ONE >
<TEN-OF-PENTACLES-ONE >Bạn không dành tâm trí cho tình yêu bởi vì bạn rất bận rộn với nhiều thứ khác liên quan tới công việc và gia đình. Bạn sẽ cố gắng nâng cao tinh thần bằng cách tụ họp với bạn bè và người thân nhưng sẽ không cố để xích lại gần nửa kia của mình. </TEN-OF-PENTACLES-ONE >
<PAGE-OF-PENTACLES-ONE >Lá bài này cho biết sẽ có một tình huống khó khăn khiến bạn phải nghĩ về những điều cần làm với mối quan hệ của mình bởi vì bạn không chắc chắn về nửa kia, và cuối cùng bạn sẽ đưa tra một quyết định có trách nhiệm giúp bạn cảm thấy an tâm dù mối quan hệ của bạn có tương lai hay không. </PAGE-OF-PENTACLES-ONE >
<KNIGHT-OF-PENTACLES-ONE >Bạn đang tìm kiếm sự yên bình trong tình yêu và muốn chung sống vui vẻ với nửa kia của mình. Bạn do dự khi nói với nửa kia về điều gì đó mà bạn cảm thấy có thể phá hỏng mối quan hệ suôn sẻ giữa hai bạn nhưng bạn cần phải dũng cảm. </KNIGHT-OF-PENTACLES-ONE >
<QUEEN-OF-PENTACLES-ONE >Lá bài này cho biết bạn sẽ bị cuốn hút mãnh liệt bởi một người nào đó và người đó cũng không kém phần để ý đến bạn. Bạn sẽ mong chờ một mối quan hệ với người này và kỳ vọng nó sẽ thú vị và sống động. </QUEEN-OF-PENTACLES-ONE >
<KING-OF-PENTACLES-ONE >Lá bài này cho biết bạn sẽ khá bực bội và thất vọng khi nửa kia của bạn không hoàn thành những lời hứa nhất định. Nếu bạn đang có một mối quan hệ, bạn sẽ nhận thấy mối quan hệ đó thiếu đi sự trao đổi ý kiến tự do và để duy trì bất kỳ mối quan hệ nào, người ta cần trao đổi và dành thời gian để tìm hiểu về nhau. </KING-OF-PENTACLES-ONE >
<ACE-OF-SWORDS-ONE >Lá bài này cho biết bạn đang tìm kiếm sự hài lòng trong mối quan hệ của bản thân. Đây là giai đoạn mà bạn sẽ ngạc nhiên với một tình yêu mới đang ấp ủ và bạn sẽ có cảm xúc mãnh liệt với điều gì đó. Nếu bạn đang có một mối quan hệ, tình cảm của bạn với nửa kia sẽ bền chặt hơn. </ACE-OF-SWORDS-ONE >
<TWO-OF-SWORDS-ONE >Bạn muốn có những bước tiến trong cuộc sống và đang miệt mài tìm kiếm tình yêu. Lá bài này cho biết bạn sẽ may mắn gặp được người ấy và nếu bạn đang có một mối quan hệ, thì tình cảm của bạn sẽ bền chặt hơn và nửa kia của bạn sẽ có những phẩm chất mà bạn tưởng tượng. </TWO-OF-SWORDS-ONE >
<THREE-OF-SWORDS-ONE >Lá bài này cho biết bạn đang mong chờ nửa kia của bạn quay trở lại. Lòng kiên nhẫn của bạn sắp đến giới hạn và bạn sẽ sớm quyết định từ bỏ và làm lại từ đầu nếu nửa kia của bạn không sớm quay lại. Có thể bạn cảm thấy rằng bạn đã trải qua nhiều đau khổ và yêu ai đó là một việc rủi ro. </THREE-OF-SWORDS-ONE >
<FOUR-OF-SWORDS-ONE >Bạn đang có tinh thần hưng phấn và sẽ có khao khát tìm hiểu rõ hơn về bản thân. Bạn sẽ cố gắng kết nối với con người bên trong và do đó có thể mất kết nối với thế giới bên ngoài nhưng cuối cùng sẽ tìm thấy sự thanh thản. Có khả năng một người nào đó phải lòng bạn sẽ rủ bạn ra ngoài hẹn hò. </FOUR-OF-SWORDS-ONE >
<FIVE-OF-SWORDS-ONE >Lá bài này cho biết bạn sẽ trên hành trình tìm kiếm tình yêu. Có thể có những thất vọng nhất định trong tình yêu mà bạn phải đối mặt, và chúng cho bạn cảm giác không thỏa mãn và có phần bị lừa gạt. Bạn sẽ phải lấy lại sự tự tin và tiến về phía trước. </FIVE-OF-SWORDS-ONE >
<SIX-OF-SWORDS-ONE >Bạn có thể đang đối mặt với những rắc rối nhất định và sự việc không suôn sẻ như bạn mong đợi. Có thể có sự bất mãn trong đời sống tình yêu của bạn và dường như sau cùng tất cả nỗ lực là không xứng đáng. Có thể có sự bối rối về định hướng cho tương lai và bạn sẽ phải xoay xở để cải thiện tình hình. </SIX-OF-SWORDS-ONE >
<SEVEN-OF-SWORDS-ONE >Lá bài này cho biết bạn muốn có một người bạn thân hay ai đó gần gũi để đứng bên bạn và giúp bạn sửa chữa tình thế, hay bạn có thể nghĩ về việc đi xa một khoảng thời gian để cảm thấy đỡ hơn. Có khả năng một người tình cũ hay ai đó bạn đã phải lòng sẽ tiếp cận bạn. Bạn sẽ rất muốn có điều gì đó trong mối quan hệ của mình nhưng sẽ không sẵn sàng nhân nhượng. </SEVEN-OF-SWORDS-ONE >
<EIGHT-OF-SWORDS-ONE >Vấn đề tình yêu có thể có sự ngột ngạt hay khó chịu nào đó. Và dường như không có điều tích cực nào sắp đến. Có khả năng bạn sẽ bắt đầu trong một môi trường mới hay với một người yêu mới có thể giúp bạn cảm thấy tự do một lần nữa. </EIGHT-OF-SWORDS-ONE >
<NINE-OF-SWORDS-ONE >Lá bài này cho biết đây không phải là khoảng thời gian tốt đẹp nhất trong cuộc đời bạn. Bạn có thể trải qua những lo âu, mất mát và sẽ phải vất vả để giải quyết vấn đề. Có thể bạn sẽ rời xa nửa kia của mình một thời gian do công việc. Nhưng sự chín chắn và điềm tĩnh sẽ giúp bạn vượt qua mọi việc. </NINE-OF-SWORDS-ONE >
<TEN-OF-SWORDS-ONE >Có thể bạn đã trải qua những giai đoạn tồi tệ nhất và bạn vẫn đang trong quá trình hồi phục. Một số tình huống nan giải vẫn sẽ tiếp diễn trong khi bạn cố gắng đưa ra những quyết định đúng đắn cho bản thân nhưng đây không phải là chuyện dễ dàng. </TEN-OF-SWORDS-ONE >
<PAGE-OF-SWORDS-ONE >Lá bài này cho biết bạn đang tập trung cải thiện cuộc sống của bản thân trên phương diện tình yêu và những mối quan hệ cá nhân. Bạn có thể đã trải qua những quãng thời gian chông gai và bạn sẽ cố gắng đưa cuộc sống của mình trở về quỹ đạo nhưng việc đó khá khó khăn. Những sự kiện ngoài dự kiến có thể xảy ra và gây nên sự lo ngại. </PAGE-OF-SWORDS-ONE >
<KNIGHT-OF-SWORDS-ONE >Đây là thời điểm để bỏ qua tất cả những quãng thời gian cay đắng để hướng về những khởi đầu mới. Bạn sẽ gặp gỡ một người mới và cảm thấy bị cuốn hút bởi người đó. Bạn muốn phát huy và thúc đẩy mối quan hệ đó. Đây sẽ là một khởi đầu vững chắc và bạn sẽ sớm cảm thấy hạnh phúc và yên ổn bên nửa kia của mình. </KNIGHT-OF-SWORDS-ONE >
<QUEEN-OF-SWORDS-ONE >Lá bài này cho biết có thể có một tình huống nan giải hay một thời kỳ thất vọng liên tục khi bạn có những cuộc cãi lộn với nửa kia của mình và sự việc có thể sẽ chấm hết. Điều này khiến bạn trải qua một giai đoạn trống trải đầy khó khăn trong cuộc sống. </QUEEN-OF-SWORDS-ONE >
<KING-OF-SWORDS-ONE >Bạn sẽ thấy cần nhìn rõ hơn về cuộc sống hiện tại của bản thân và cần bước tiếp để có một cuộc sống bình yên. Thực tại sẽ sớm cho thấy rằng bạn đang sống trong một thế giới tưởng tượng và đã đến lúc đối mặt và chấp nhận thực tế để có một cuộc sống tốt đẹp hơn. </KING-OF-SWORDS-ONE >
<ACE-OF-WANDS-ONE >Lá bài này cho biết bạn đang tìm kiếm một mối quan hệ nghiêm túc và lâu dài, và bạn không quan tâm đến tình cảm qua đường. Bạn đang tìm kiếm một khởi đầu mới và một cuộc hôn nhân hay một mối quan hệ chung sống có thể diễn ra. Có thể bạn sẽ sớm tâm sự những vấn đề tình cảm của mình với một thành viên trong gia đình hay một người họ hàng. </ACE-OF-WANDS-ONE >
<TWO-OF-WANDS-ONE >Bạn đang hi vọng một điều tốt đẹp xảy đến và trông chờ nó trở thành sự thật. Có khả năng ai đó sẽ cần sự trợ giúp và chỉ dẫn của bạn và họ sẽ xây dựng một mối quan hệ với bạn. Giờ đây bạn sẽ tìm kiếm những mối quan hệ tình yêu và tình bạn bền chặt. Bạn cũng sẽ hòa giải những khác biệt giữa bạn và bất kỳ thành viên nào trong gia đình. </TWO-OF-WANDS-ONE >
<THREE-OF-WANDS-ONE >Bạn có thể nhận được một số lời cầu hôn và việc quyết định lựa chọn đúng đắn sẽ là một vấn đề quan trọng. Đây là khoảng thời gian tuyệt vời cho tình cảm đôi lứa và bất chấp những lo lắng của bạn, bạn sẽ đoàn tụ với người yêu. Bạn sẽ muốn vượt qua mọi chướng ngại để sống một cuộc sống hạnh phúc bên nửa kia của mình. </THREE-OF-WANDS-ONE >
<FOUR-OF-WANDS-ONE >Có thể có một cuộc đoàn tụ với một người bạn và họ sẽ đưa bạn ra ngoài mua sắm hay tham gia các hoạt động thú vị để giúp bạn cảm thấy khá hơn. Bạn sẽ cần đến sự khích lệ bởi vì những mất mát trong tình yêu có thể khiến bạn bất mãn. </FOUR-OF-WANDS-ONE >
<FIVE-OF-WANDS-ONE >Bạn đang cảm thấy khó tập trung vào một việc và điều này khiến bạn cảm thấy bồn chồn. Bạn sẽ bận rộn với quá nhiều việc và sẽ không có thời gian dành cho nửa kia của mình hay để giao lưu. Bạn cũng có thể có một số cuộc hẹn hò thông thường. </FIVE-OF-WANDS-ONE >
<SIX-OF-WANDS-ONE >Lá bài này cho biết bạn sẽ có những theo đuổi mới trong tình yêu. Một người ngưỡng mộ bạn sẽ thử tạo ấn tượng với bạn và bạn cũng thích được chú ý. Một tình thế sẽ khiến bạn phải thay đổi những điều nhất định trong cuộc sống theo hướng tốt hơn. </SIX-OF-WANDS-ONE >
<SEVEN-OF-WANDS-ONE >Lá bài này cho biết tình yêu đang ở xung quanh bạn và nó đang ngự trị trong tâm trí của bạn. Khía cạnh lãng mạn của bạn sẽ được bộc lộ và bạn sẽ thực hiện những điều đặc biệt dành cho nửa kia của mình. Điều này có vẻ hoàn hảo nhưng bạn sẽ phải từ bỏ những điều nhất định để có cuộc sống như ý muốn. </SEVEN-OF-WANDS-ONE >
<EIGHT-OF-WANDS-ONE >Bạn sẽ yêu thích giao lưu và tình yêu đang ngự trị tâm trí của bạn. Bạn đang có tâm trạng tốt để nghĩ về những điều tích cực. Bạn và nửa kia của mình sẽ cùng nhau tham gia vào rất nhiều hoạt động. Bạn cũng sẽ thay đổi tích cực vì nửa kia của bạn. Bạn có thể phải đối mặt với những nỗi thất vọng nhất định. </EIGHT-OF-WANDS-ONE >
<NINE-OF-WANDS-ONE >Những nỗ lực của bạn cuối cùng sẽ được đền đáp và bạn sẽ hứng thú với những hoạt động giao lưu xã hội. Sẽ có những xung đột quan điểm, bất đồng ý kiến, và những cuộc cãi vã nhất định. </NINE-OF-WANDS-ONE >
<TEN-OF-WANDS-ONE >Lá bài này cho biết người yêu của bạn có thể khiến bạn bối rối về những sự việc khác nhau và bạn sẽ cảm thấy tò mò và bất an. Bạn sẽ cảm thấy người ấy đang bực bội với bạn và điều này khiến bạn cảm thấy cô lập. Bạn sẽ nỗ lực hàn gắn mối quan hệ và bổ sung những điều còn thiếu sót. </TEN-OF-WANDS-ONE >
<PAGE-OF-WANDS-ONE >Có thể có những sự khó chịu trong mối quan hệ và bạn sẽ trông chờ một số thay đổi từ nửa kia của mình. Bạn sẽ cảm thấy bất an khi mối quan hệ của bạn không được hòa hợp và thậm chí nếu bạn cố gắng, mối quan hệ cũng không thể thăng hoa. </PAGE-OF-WANDS-ONE >
<KNIGHT-OF-WANDS-ONE >Lá bài này cho biết bạn đang cảm thấy băn khoăn về những vấn đề khác nhau trong mối quan hệ của mình và bạn sẽ muốn giải quyết chúng trước khi có những hệ lụy. Bạn sẽ gặp một người mà bạn ngờ ngợ đã quen và bạn sẽ cố gắng xây dựng mối quan hệ sâu sắc với người này bằng cách dành thêm thời gian với họ. </KNIGHT-OF-WANDS-ONE >
<QUEEN-OF-WANDS-ONE >Lá bài này cho biết bạn sẽ sớm gặp một người đặc biệt và băn khoăn không biết có nên tạo mối quan hệ với người này hay không. Có thể bạn sẽ gặp một người ái mộ và phát sinh tình cảm với họ. Nó có thể trở thành một tình yêu đam mê và lãng mạn mà bạn mong chờ từ lâu. </QUEEN-OF-WANDS-ONE >
<KING-OF-WANDS-ONE >Một số rắc rối sẽ khiến bạn có vẻ thờ ơ và vô cảm, và bạn sẽ có vẻ xao lãng đối với nửa kia của mình. Bạn không muốn tiết lộ suy nghĩ ra bên ngoài và điều này có thể khiến bạn căng thẳng. Bạn cần bình tĩnh nghĩ ra cách xử lý tình thế. Một lời cầu hôn có thể sẽ đến với bạn. </KING-OF-WANDS-ONE >
<THE-FOOL-ONE >Nếu bạn đang có một mối quan hệ, lá bài này cho biết bạn sẽ có những hứng khởi mới trong tình yêu. Nếu bạn độc thân, bạn sẽ sớm gặp được người đặc biệt. Bạn sẽ có những bước tiến ngẫu nhiên, tự tin và vui tươi trong tình yêu. Bạn cần buông bỏ những mối quan hệ trước đây để hướng về tương lai tươi sáng và vui vẻ. </THE-FOOL-ONE >
<THE-MAGICIAN-ONE >Ý chí và sự điềm tĩnh sẽ giúp bạn kiểm soát và quản lý cuộc sống tình cảm của mình trong thời gian sắp tới. Với sự tự tin và duyên dáng của mình, bạn sẽ được người khác giới chú ý trong hầu hết mọi việc. Nếu đang có một mối quan hệ, có thể bạn sẽ sớm biết được những điều chưa biết về nửa kia của mình. Ngoài ra, nửa kia sẽ cho thấy sự quan tâm hơn đến mỗi lời bạn nói. </THE-MAGICIAN-ONE >
<THE-HIGH-PRIESTESS-ONE >Lá bài này cho biết bạn nên tin tưởng ở khả năng nhận biết con người và tình huống của mình để có một cuộc sống tình cảm tốt đẹp. Bạn cần đưa ra những quyết định độc lập và những điều trong tình yêu. Nếu đang có một mối quan hệ, nửa kia của bạn rất có thể sẽ cho bạn những lời khuyên đáng giá trong tương lai gần. Ngoài ra, có thể bạn sẽ phát hiện ra điều gì đó bất ngờ về nửa kia của mình, nó có thể là tốt hoặc xấu. </THE-HIGH-PRIESTESS-ONE >
<THE-EMPRESS-ONE >Có vẻ bạn đang lo ngại về mối quan hệ hiện tại hay đang nảy sinh của mình. Nếu bạn chưa có một mối quan hệ, bạn ước muốn có được nó. Trong tình cảm, bản chất muốn sở hữu lẫn nhau của bạn có thể khiến bạn gặp khó khăn. Bạn cần có thái độ kiên nhẫn và tin tưởng để đạt sự ổn định trong tình yêu. </THE-EMPRESS-ONE >
<THE-EMPEROR-ONE >Lá bài này cho biết thành công và thành tựu trong mối quan hệ của bạn sẽ xuất hiện trong tương lai gần. Bạn có thể sẽ nhận được lời khuyên quý giá về tình yêu từ ai đó như cha, anh em, bạn bè, v.v. Rất có thể bạn sẽ kiểm soát được mối quan hệ hiện tại của mình và tiếp tục giành thế chủ động trong một khoảng thời gian. Nửa kia của bạn sẽ giúp bạn trong mọi vấn đề mà không hề thắc mắc. Hãy chú ý không nên quá đòi hỏi trong mối quan hệ nếu không rốt cuộc bạn sẽ làm tổn thương cảm xúc của người ấy. </THE-EMPEROR-ONE >
<THE-HIEROPHANT-ONE >Sự cởi mở và linh hoạt hơn sẽ mang đến một sự thay đổi tích cực trong cuộc sống tình cảm của bạn. Nếu bạn đang có kế hoạch kết hôn, bạn cần kiên nhẫn trong khi giải quyết những chướng ngại trên con đường của mình. Cư xử ngang ngạnh với nửa kia của bạn sẽ không giúp gì cho mối quan hệ của bạn. Những rắc rối bạn gặp phải trong tình yêu có thể được giải quyết bằng lý trí và sự điềm tĩnh. </THE-HIEROPHANT-ONE >
<THE-LOVERS-ONE >Bạn có thể được đắm chìm trong tình yêu. Trong tương lai gần, mối quan hệ của bạn sẽ trải qua những quãng thời gian đẹp đẽ và đáng nhớ. Bạn có thể phải đối mặt với một tình huống khó đưa ra quyết định trong tình yêu. Hãy lắng nghe con tim, không phải lý trí và bạn có thể tìm ra một quyết định đúng đắn cho bản thân. Bạn sẽ có sự đồng điệu trong cảm xúc với nửa kia của mình. Không nên hẹn hò với người khác và lừa dối nửa kia của bạn. </THE-LOVERS-ONE >
<THE-CHARIOT-ONE >Tình yêu của bạn có thể phải trải qua chông gai. Bạn cần nỗ lực nghiêm túc để thoát khỏi tình trạng đó. Vấn đề tình yêu của bạn rất có thể sẽ trải qua một sự thay đổi trong tương lai gần. Bạn cần kiên nhẫn hơn trước những thay đổi cảm xúc của nửa kia. Cuối cùng mối quan hệ của bạn cũng sẽ thăng hoa. </THE-CHARIOT-ONE >
<JUSTICE-ONE >Bạn cần mang đến trạng thái cân bằng và bình thường cho mối quan hệ hiện tại của bạn. Một yếu tố thiết yếu để có sự ổn định trong đời sống tình cảm của bạn có thể quá thừa hoặc quá thiếu. Có thể bạn phải thể hiện một cách tiếp cận công bằng đối với những vấn đề trong tình yêu để đạt được cân bằng. Dành sự quan tâm ngang bằng cho sự nghiệp và gia đình. Sự chân thật và tin tưởng của bạn sẽ rất quan trọng trong việc định hình mối quan hệ của bạn. Nếu bạn biết mình đang gây ra lỗi lầm trong mối quan hệ, hãy sớm sửa sai. </JUSTICE-ONE >
<THE-HERMIT-ONE >Dành thời gian để phân tích đời sống tình cảm của bản thân. Có thể bạn cảm thấy mất kiên nhẫn với những điều đang xảy ra trong mối quan hệ của bạn. Bạn cần giữ tỉnh táo và tránh đưa ra những quyết định vội vã liên quan đến tình yêu. Nếu bạn cần lời khuyên về tình yêu, hãy tham khảo ai đó lớn tuổi và kinh nghiệm hơn bạn. Mọi chướng ngại trong tình yêu đều có thể dàn xếp nếu các bạn tôn trọng không gian riêng của nhau. </THE-HERMIT-ONE >
<WHEEL-OF-FORTUNE-ONE >Lá bài cho thấy bạn đang tiến gần đến một giai đoạn vui vẻ và đặc biệt trong đời sống tình cảm. Vận may đứng về phía bạn và bạn sẽ tìm thấy tình yêu của cuộc đời mình. Bạn sẽ cho thấy sự chín chắn khi giải quyết những vấn đề về mối quan hệ. Bạn sẽ sớm ở bên người trong mộng của mình. Mọi âu lo của bạn về mối quan hệ trong tương lai sẽ chấm dứt. Rất có thể bạn sẽ có những quãng thời gian tuyệt vời trong đời sống tình cảm. </WHEEL-OF-FORTUNE-ONE >
<STRENGTH-ONE >Bạn sẽ cho thấy một thái độ tích cực và mạnh mẽ hơn với cuộc sống, nó sẽ giúp bạn giải quyết mọi chướng ngại trong mối quan hệ của bản thân. Nếu bạn muốn buông bỏ những vấn đề nhất định trong quá khứ, bạn nên sớm làm điều đó. Mối quan hệ của bạn sẽ suôn sẻ, và bạn có thể dễ dàng đạt được những điều bạn nỗ lực bấy lâu. Với sự kiên định và tài trí, bạn sẽ thoát khỏi mọi rắc rối tình ái. </STRENGTH-ONE >
<THE-HANGED-MAN-ONE >Bạn có thể phải áp dụng đức tính hy sinh trong mối quan hệ của mình. Có thể có những căng thẳng giữa bạn và người ấy. Bạn cần giữ thái độ kiên nhẫn, điềm đạm và chín chắn trong đời sống tình cảm. Giữa hai bạn có thể có những cãi cọ. Bạn cần tự kiểm bản thân và nhìn bao quát tình thế với sự cởi mở để hiểu rõ vấn đề hơn. </THE-HANGED-MAN-ONE >
<DEATH-ONE >Lá bài cho thấy một giai đoạn với những chuyển biến trong đời sống tình cảm của bạn. Bạn có thể cảm thấy buồn chán trong mối quan hệ hiện tại. Giai đoạn này sẽ đẩy bạn tới giới hạn của cảm xúc con người, khiến bạn nhận ra tầm quan trọng của những thay đổi sắp tới. Tình yêu của bạn có thể phải trải qua một giai đoạn chông gai và bi quan. Bạn sẽ phải thể hiện tính cách mạnh mẽ để vượt qua thời kỳ xuống dốc này. </DEATH-ONE >
<TEMPERANCE-ONE >Lá bài này cho biết những tình huống xung đột, phức tạp trong mối quan hệ của bạn có thể sẽ đến và bạn gặp khó khăn khi đưa ra lựa chọn. Bạn và nửa kia của mình có thể có những quan điểm đối lập về những vấn đề khác nhau, do đó tạo nên sự rối ren. Bạn cần kiên nhẫn, hợp tác và tìm ra cách tốt nhất để giúp nửa kia của bạn nguôi ngoai. Bạn sẽ tìm ra cách để mối quan hệ của mình trở nên hài hòa. </TEMPERANCE-ONE >
<THE-DEVIL-ONE >Thời gian phía trước sẽ không dễ dàng. Những cảm giác như dục vọng, tham lam, tham vọng hay si mê có thể phá hỏng đời sống tình cảm của bạn. Bạn cũng có thể muốn chi phối hoàn toàn mối quan hệ của mình. Bạn cần mạnh mẽ để kiềm chế những thôi thúc này nhằm tránh những hậu họa nghiêm trọng trong tình yêu. Bạn có thể cảm thấy quyền lực trong thoáng chốc nhưng tiếp tục đi sai đường sẽ không có lợi cho mối quan hệ hiện tại của bạn. Hãy thận trọng bởi vì lá bài này là một lời cảnh báo về những bước đi tiềm ẩn nguy hiểm. </THE-DEVIL-ONE >
<THE-TOWER-ONE >Trong thời gian sắp tới, bạn có thể phải trải qua một trong những giai đoạn tồi tệ nhất trong đời sống tình cảm. Những tình huống khó chịu và bất lợi có thể xảy ra trong mối quan hệ của bạn. Một số tình huống này có thể khiến bạn đột nhiên cảm thấy cô đơn trong một khoảng thời gian. Sự thay đổi này sẽ cho bạn thấy những cách thức và lựa chọn mới để cải thiện đời sống tình cảm. Quãng đường phía trước sẽ có nhiều chông gai do đó bạn cần điềm tĩnh và học hỏi những điều mới mẻ từ cuộc sống. </THE-TOWER-ONE >
<THE-STAR-ONE >Lá bài này báo hiệu những giai đoạn tốt đẹp sắp tới. Nó cho thấy khả năng một mối quan hệ lành mạnh sẽ sớm bắt đầu. Nó cũng cho biết bạn có thể tiến tới trong mối quan hệ. Bạn có thể cảm thấy gắn kết hơn với nửa kia của mình về cảm xúc và tinh thần. Bạn sẽ trải qua giai đoạn buông bỏ quá khứ và lạc quan hơn về tình yêu trong tương lai. </THE-STAR-ONE >
<THE-MOON-ONE >Bạn sẽ chỉ suy nghĩ về mối quan hệ của bản thân. Bạn cảm thấy bị gò bó trong đời sống tình cảm hiện tại. Bạn rất có thể sẽ biết được những bí mật được cố tình che giấu, và việc đó tạo nên những rào cản tâm lý trong mối quan hệ của bạn. Không nên chìm đắm vào buồn bã. Hãy thể hiện một tinh thần cởi mở hơn và nỗ lực nghiêm túc để vượt qua những điều này. Nuôi dưỡng những sở thích khác để quên đi những cảm xúc khó chịu và đưa cuộc sống trở lại quỹ đạo. </THE-MOON-ONE >
<THE-SUN-ONE >Bạn sẽ sớm cảm nhận được sự tươi mới và hào hứng trong mối quan hệ của bạn. Nếu chưa yêu ai, có thể bạn sẽ sớm phải lòng ai đó. Vấn đề tình yêu đang dậm chân tại chỗ giờ đây sẽ bắt đầu tiến triển tích cực. Lá bài báo hiệu một kỳ nghỉ lãng mạn và những buổi hẹn hò lãng mạn với nửa kia của bạn. Thời gian phía trước sẽ vui vẻ và đáng nhớ. Hãy đảm bảo bạn tận hưởng hết giai đoạn tươi đẹp này. </THE-SUN-ONE >
<JUDGEMENT-ONE >Lá bài này yêu cầu bạn giữ thái độ cởi mở với mọi thứ xung quanh. Có những việc đang đến với bạn, nhưng trừ khi bạn nỗ lực, bạn có thể không tận dụng được những cơ hội này. Nếu bạn chưa yêu ai, bạn sẽ sớm gặp được người ấy. Trong trường hợp đó, đừng lãng phí thời gian trước khi đặt ra tất cả những câu hỏi quan trọng. Nếu bạn chia tay ai đó trước đây, điều tương tự có thể xảy đến với bạn. Tuy nhiên cuối cùng, đời sống tình cảm của bạn sẽ đi theo chiều hướng tích cực. </JUDGEMENT-ONE >
<THE-WORLD-ONE >Lá bài này đánh dấu sự kết thúc những khó khăn và báo hiệu quãng thời gian yêu thương, vui vẻ của bạn bên nửa còn lại của mình. Mối quan hệ của bạn cuối cùng sẽ định hình như cách bạn hằng khao khát. Nửa kia của bạn sẽ khuyến khích và công nhận nỗ lực làm việc chăm chỉ của bạn và điều này sẽ giúp tình yêu của bạn thăng hoa. Giai đoạn này sẽ mang đến một sự hứng khởi mới trong đời sống tình cảm của bạn. Nếu bạn độc thân, khả năng bạn được gặp người đặc biệt là khá cao.</THE-WORLD-ONE >
    </ROOT>
