{
  "project_info": {
    "project_number": "41097263252",
    "project_id": "festivalstorymaker",
    "storage_bucket": "festivalstorymaker.appspot.com"
  },
  "client": [
    {
      "client_info": {
        "mobilesdk_app_id": "1:41097263252:android:1ee091669eb161f8da9c81",
        "android_client_info": {
          "package_name": "com.kotlinz.festivalstorymaker"
        }
      },
      "oauth_client": [
        {
          "client_id": "41097263252-6j1lqfuc6kvv361c7hve80kkv51c4nje.apps.googleusercontent.com",
          "client_type": 3
        }
      ],
      "api_key": [
        {
          "current_key": "AIzaSyBFYb0QmcTwdKfJ4pF-SocJAGpqvPXvRxg"
        }
      ],
      "services": {
        "appinvite_service": {
          "other_platform_oauth_client": [
            {
              "client_id": "41097263252-6j1lqfuc6kvv361c7hve80kkv51c4nje.apps.googleusercontent.com",
              "client_type": 3
            }
          ]
        }
      }
    }
  ],
  "configuration_version": "1"
}