{
  "categories": [
    {
      "id": "quotes",
      "name": "General",
      "is_free": true
    },
    {
      "id": "hacks",
      "name": "Life Hacks",
      "is_free": true
    },
    {
      "id": "sex",
      "name": "Sex",
      "is_free": true
    },
    {
      "id": "sports",
      "name": "Sports",
      "is_free": true
    },
    {
      "id": "animals",
      "name": "Animals",
      "is_free": true
    },
    {
      "id": "science",
      "name": "Science",
      "is_free": true
    },
    {
      "id": "body",
      "name": "Human Body",
      "is_free": true
    },
    {
      "id": "universe",
      "name": "Universe",
      "is_free": true
    },
    {
      "id": "usa",
      "name": "United States",
      "is_free": true
    },
    {
      "id": "geography",
      "name": "World",
      "is_free": true
    },
    {
      "id": "food",
      "name": "Food",
      "is_free": true
    },
    {
      "id": "technology",
      "name": "Technology",
      "is_free": true
    },
    {
      "id": "celebrities",
      "name": "Celebrities",
      "is_free": true
    },
    {
      "id": "language",
      "name": "Language",
      "is_free": true
    },
    {
      "id": "kids",
      "name": "For Kids",
      "is_free": true
    },
    {
      "id": "history",
      "name": "History Dates",
      "is_free": true
    }
  ],
  "sections": []
}