[
  {
    "font":"HankenGrotesk-Bold",
    "color":"FFFFFF",
    "background":"FFFFFF",
    "backgroundImageName":"greenwavesabstract",
    "shadowColor":"3B7684",
    "name":"Default"
  },
  {
    "font":"KohneMakinaRegular",
    "color":"FAFAFA",
    "shadowColor":"FF0044",
    "background":"FFFFFF",
    "backgroundImageName":"upsidedown",
    "name":"upsidedown"
  },
  {
    "font":"Bangers-Regular",
    "color":"F6B6B6",
    "shadowColor":"F98AA3",
    "background":"FFFFFF",
    "backgroundImageName":"redneon",
    "name":"redneon"
  },
  {
    "font":"KohneMakinaRegular",
    "color":"FFFFFF",
    "shadowColor":"000000",
    "background":"FFFFFF",
    "backgroundImageName":"blackwhitestars",
    "name":"blackwhitestars"
  },
  {
    "font":"Futura-CondensedExtraBold",
    "color":"ED008C",
    "background":"FFF300",
    "shadowColor":"000000",
    "capital":1,
    "leftAligned":1,
    "name":"pulpfiction"
  },
  {
    "font":"BebasNeue-Bold",
    "color":"FFFFFF",
    "background":"FFFFFF",
    "backgroundImageName":"science_bg",
    "shadowColor":"000000",
    "capital":1,
    "name":"science"
  },
  {
    "font":"Kiona-Regular",
    "color":"BFD4F9",
    "background":"FFFFFF",
    "backgroundImageName":"shootingstar",
    "shadowColor":"000000",
    "name":"shootingstar"
  },
  {
    "font":"DomaineDisplay-ExtraboldItalic",
    "color":"E6CBC0",
    "background":"FFFFFF",
    "backgroundImageName":"jellyfishdark",
    "shadowColor":"181212",
    "name":"jellyfishdark"
  },
  {
    "font":"HankenGrotesk-Light",
    "color":"FFFFFF",
    "shadowColor":"202020",
    "background":"303030",
    "name":"HankenDarkGrey"
  },
  {
    "font":"ImpactLabelReversed",
    "color":"A5BDE6",
    "background":"FFFFFF",
    "backgroundImageName":"milkyway",
    "shadowColor":"D41919",
    "name":"milkyway"
  },
  {
    "font":"Helvetica-Bold",
    "color":"FFFFFF",
    "background":"1c1c18",
    "leftAligned":1,
    "backgroundImageName":"bookinspiration",
    "name":"BookInspiration"
  },
  {
    "font":"Avenir-Medium",
    "color":"FFFFFF",
    "background":"44B19D",
    "name":"Facts"
  },
  {
    "font":"KohneMakinaRegular",
    "color":"ECECEC",
    "shadowColor":"000000",
    "background":"FFFFFF",
    "backgroundImageName":"constellation",
    "name":"constellation"
  },
  {
    "font":"GillSans-Light",
    "color":"faecff",
    "background":"36364c",
    "backgroundImageName":"astrology",
    "shadowColor":"36364c",
    "capital":1,
    "name":"astrology"
  },
  {
    "font":"Luna",
    "color":"F8F0E1",
    "background":"FFFFFF",
    "backgroundImageName":"galaxyexplosion",
    "shadowColor":"144C40",
    "name":"galaxyexplosion"
  },
  {
    "font":"Anton-Regular",
    "color":"405243",
    "background":"FFFFFF",
    "backgroundImageName":"dreamyforest",
    "shadowColor":"FFFAF1",
    "name":"dreamyforest"
  },
  {
    "font":"AvenirNext-Medium",
    "color":"9f324a",
    "background":"f8e8e9",
    "backgroundImageName":"pattern",
    "capital":1,
    "name":"pattern"
  },
  {
    "font":"Anton-Regular",
    "color":"ECF4FC",
    "background":"FFFFFF",
    "backgroundImageName":"chemicals",
    "shadowColor":"0D123B",
    "name":"chemicals"
  },
  {
    "font":"BodoniSvtyTwoITCTT-BookIta",
    "color":"EEECD9",
    "background":"FFFFFF",
    "backgroundImageName":"leavenerves",
    "shadowColor":"232613",
    "name":"leavenerves"
  },
  {
    "font":"Neothic",
    "color":"FAFAFA",
    "background":"FFFFFF",
    "backgroundImageName":"blackmarble",
    "shadowColor":"000000",
    "name":"blackmarble"
  },
  {
    "font":"amatic-bold",
    "color":"ffffff",
    "background":"ffffff",
    "backgroundImageName":"rainforest",
    "shadowColor":"000000",
    "name":"rainforest"
  },
  {
    "font":"Cedarville-Cursive",
    "color":"2e89d7",
    "background":"fcfdf7",
    "backgroundImageName":"brushpattern",
    "name":"BrushPattern"
  },
  {
    "font":"Kiona-Regular",
    "color":"1c5779",
    "shadowColor":"2789b0",
    "background":"e8edf4",
    "backgroundImageName":"bluemarble",
    "name":"bluemarble"
  },
  {
    "font":"theboldfont",
    "color":"504148",
    "shadowColor":"D3B6D1",
    "background":"FFFFFF",
    "backgroundImageName":"retrowave",
    "name":"retrowave"
  },
  {
    "font":"theboldfont",
    "color":"FFFFFF",
    "shadowColor":"000000",
    "background":"FFFFFF",
    "backgroundImageName":"elegantflowers",
    "name":"elegantflowers"
  },
  {
    "font":"ShadowsIntoLight",
    "color":"212524",
    "background":"E9C6CB",
    "name":"GirlyPen"
  },
  {
    "font":"ImpactLabel",
    "color":"1b1b1b",
    "shadowColor":"FFFFFF",
    "background":"f7a6b9",
    "leftAligned":1,
    "name":"SimpleLabel"
  },
  {
    "font":"BebasNeue-Bold",
    "color":"F8F0E1",
    "background":"FFFFFF",
    "backgroundImageName":"astronautspace",
    "shadowColor":"000000",
    "name":"astronautspace"
  },
  {
    "font":"DomaineDisplay-ExtraboldItalic",
    "color":"ECE8C5",
    "background":"234148",
    "shadowColor":"83B5B1",
    "name":"plainmen"
  },
  {
    "font":"AvenirNext-Bold",
    "color":"FFFFFF",
    "capital":1,
    "background":"254174",
    "backgroundImageName":"blueabstract",
    "name":"blueabstract"
  },
  {
    "font":"BebasNeue-Bold",
    "color":"feecec",
    "background":"cc4454",
    "capital":1,
    "backgroundImageName":"purpleorange",
    "name":"purpleorange"
  },
  {
    "font":"CastorOne",
    "color":"9fdce6",
    "background":"334d5c",
    "name":"Sport"
  },
  {
    "font":"BebasNeue-Bold",
    "color":"FFFFFF",
    "background":"202020",
    "name":"MotivationBellaboo"
  },
  {
    "font":"amatic-bold",
    "color":"D97785",
    "background":"F7F7F7",
    "name":"lipstick"
  },
  {
    "font":"Shrikhand-Regular",
    "color":"F077B3",
    "shadowColor":"AC0C47",
    "background":"F6D9B2",
    "name":"retrostyle"
  },
  {
    "font":"Anton-Regular",
    "color":"000000",
    "background":"F7B647",
    "name":"ImpactBanana"
  },
  {
    "font":"report",
    "color":"232323",
    "background":"DEDEDE",
    "name":"report"
  },
  {
    "font":"Helvetica-Bold",
    "color":"FFFFFF",
    "background":"202020",
    "leftAligned":1,
    "name":"HelveticaLeft"
  },
  {
    "font":"GillSans-Light",
    "shadowColor":"FF0000",
    "color":"FFC3C3",
    "background":"200000",
    "name":"NeonRed",
    "capital":1
  },
  {
    "font":"AmericanTypewriter-Light",
    "color":"FFFFFF",
    "background":"000000",
    "name":"Classic"
  }
]