<?xml version="1.0" encoding="utf-8" ?>
<ROOT>

<THE-FOOL-ONE> You are afraid of what you should do, but you shouldn't be. You want to try something new, and now is the time to do it! Take the leap, take joy in trying something new, and so go for it. You never know if you will succeed, but you won't if you don't try. </THE-FOOL-ONE>
<THE-MAGICIAN-ONE> You are in possession of everything you need. It is time to make use of all your resources. So the answer is yes. Go for it, try something new, and give it your all. Improvements in your life are on their way, and now is the best time to say yes to what has been on your mind. </THE-MAGICIAN-ONE>
<THE-HIGH-PRIESTESS-ONE> You already know the answer to your hot button question. The key is to listen to what is inside your heart and follow it. Sometimes it is best to take some time to listen to that voice inside you; it usually has the answers you seek. Take some time and listen and you will know your answer. </THE-HIGH-PRIESTESS-ONE>
<THE-EMPRESS-ONE> Follow your bliss. Do what it is that you want, and you will gain the success you are looking for. They key to life is to listen to what is in your heart. If you do this, everything else will follow suit. And when you make your decision, the people around you will be there to help you. </THE-EMPRESS-ONE>
<THE-EMPEROR-ONE> Listen to your logical side to find the answer to your hot button topic. Sometimes it is best to listen to what makes the most sense instead of listing to your heart's desires. With logic ruling, you will have the best chance of success. Although it is frustrating at times, it is in your best interest. </THE-EMPEROR-ONE>
<THE-HIEROPHANT-ONE> You know what the right thing is, and you have to listen to that part of yourself that really tells you what to do. Remember that the right thing is also what is right for you, not just everyone else. If you are still confused, seek out your mentor for guidance. </THE-HIEROPHANT-ONE>
<THE-LOVERS-ONE> Your heart is telling you one thing, but your head is telling you another. When this happens, it is best to listen to your heart. This is where the spiritual guidance in your life comes from. Always choose love. This is your best bet for making the right decision about your hot button topic. </THE-LOVERS-ONE>
<THE-CHARIOT-ONE> You are ready to get things done. The energy is right for you to finally do what has been on your mind. You have the determination and the ambition to take advantage of your desires, and now is the time to go. Your heart and your head are in the same place, which gives you great energy. </THE-CHARIOT-ONE>
<STRENGTH-ONE> Focus your thoughts and do what you want to do. Use your thoughts and your strength to do what is in your best interests. It happens that this is also what is in the best interests of those around you. When others are on your side it is a lot easier to move forward. You know it is time. </STRENGTH-ONE>
<THE-HERMIT-ONE> You are trying to do the right thing, but it is hard to know what the right thing is. If you have any doubts about how to move forward with your hot button topic, take some time for yourself to figure it out. Solitude can give you the space to figure out what it is that's on your mind. </THE-HERMIT-ONE>
<WHEEL-OF-FORTUNE-ONE> Things are changing right now. It may not be the time to act on what it is that's on your mind, as your fortunes are changing. You need to live in the now and not go for anything new. When the time is right to move forward, you will know. Continue to think positively and your time will come. </WHEEL-OF-FORTUNE-ONE>
<JUSTICE-ONE> When thinking about the hot topic of the day, think about its effect on yourself and others. This will give you the answers you need. You are more about keeping balance and harmony in your life, which may mean that you have to forgo your own desires to stay in harmony with others. </JUSTICE-ONE>
<THE-HANGED-MAN-ONE> You are at a crossroads, and it is time to make a decision. Take time to really consider your decision, and remember that if you are willing to make changes, you may affect you life in the best way. Let go of things that no longer serve you, and you will get what you want. </THE-HANGED-MAN-ONE>
<DEATH-ONE> It is time to let go of things that are out of your control. You may not be able to make the decisions for what you want; they may be in someone else's hands. Sometimes we cannot have control when we want to, and rather than beat yourself up over it, understand that we cannot always have what we want. </DEATH-ONE>
<TEMPERANCE-ONE> Things are going well for you, but you may find that you need to try several different things to really find what it is that you want. Try not to have expectations of yourself that are too high to meet. This will be the death of you if you do this. Taking it easy will get you what you want. </TEMPERANCE-ONE>
<THE-DEVIL-ONE> Look into the deeper meaning of what it is you are contemplating. There is something holding you back, and you need to figure out that that is. Remember that you are in control, even if you don't feel like it. Make a choice and take small steps and you will make progress. </THE-DEVIL-ONE>
<THE-TOWER-ONE> If you are holding onto the status quo, now is the time to let go. Things are changing in your life, and you need to understand that change is inevitable. Try to stay in control. Emotions may be high right now, and the only way to make things better is to keep in control of yourself. Accept change. </THE-TOWER-ONE>
<THE-STAR-ONE> You are inspired and hopeful about the future. If you have been scared to take the next step, now is the time to do so. The world is shining down on you, and you know you can accomplish anything you have desired to do so. It is time to take those steps to a better life. </THE-STAR-ONE>
<THE-MOON-ONE> You have been confused about your hot button issue, and that will continue for a little while. You need to trust your instincts right now, as they will guide the way much better than your head will. If you think there are people that you can't trust, listen to that instinct. It will guide you well. </THE-MOON-ONE>
<THE-SUN-ONE> Everything is going well for you, and what you have been worried about is completely cleared up. Focus on what is truly important in your life right now. The sun is shining down on you and as long as you have yours and other people's best interests at heart, you will continue to receive blessings. </THE-SUN-ONE>
<JUDGEMENT-ONE> Don't make decisions too quickly. It is time to be mindful and think through what it is that is really best for you. If you take time to think things through, you will benefit from the time of contemplation. Sometimes things can't happen too quickly and you need to be patient. </JUDGEMENT-ONE>
<THE-WORLD-ONE> You feel like the weight of the world is on your shoulders, but soon you will get some relief. Things are coming to a completion and the weight will be lifted. However, you may not get the recognition you deserve for your work. Remember that you are doing the right thing and are on the road you need to be. </THE-WORLD-ONE>
<ACE-OF-WANDS-ONE> You should be feeling upbeat and optimistic about your future. Whatever has been on your mind, trust that good things are coming. You have the desire and the energy to get what you want, so stay positive. This card signifies new beginnings and you are excited for them to come. </ACE-OF-WANDS-ONE>
<TWO-OF-WANDS-ONE> Stay positive and remember that life is about a give and take. You cannot have everything you want all the time. Sometimes you need to compromise what you think it right to keep the peace and to make others around you happy. However, you need to remain positive to find a successful resolution. </TWO-OF-WANDS-ONE>
<THREE-OF-WANDS-ONE> Things are going great for you, and you are getting everything it is that you have been wanting in reference to your hot topic. People see your effort and appreciate what you have been doing to deal with what has been going on. Make sure to treat the people around you as equals and things will continue to go well. </THREE-OF-WANDS-ONE>
<FOUR-OF-WANDS-ONE> Don't lose your mental footing in reference to your hot topic. If you go a little crazy, things will turn out poorly. However, if you keep your wits about you, things will work out for the best. Be proud of what you have been able to accomplish and treat yourself for your hard work. </FOUR-OF-WANDS-ONE>
<FIVE-OF-WANDS-ONE> There are people competing with you in the area of your hot button topic. Don't be afraid of a little competition. Stay positive and believe in yourself and know that faith in yourself will help you get to the place you need to be. If you're thinking of making a change in life, stay focused on good things will happen. </FIVE-OF-WANDS-ONE>
<SIX-OF-WANDS-ONE> You have been facing some obstacles, but by keeping positive and working hard, you will get what it is you have been working for. Things will turn out better than you had even hoped for. Keep doing what you are doing and things will turn out for the best. Happiness and celebration are at hand. </SIX-OF-WANDS-ONE>
<SEVEN-OF-WANDS-ONE> Make clear to yourself and others around you where you stand on your hot button issue. People are likely to challenge you, but it is important for you to stand your ground. Independent thinking will put you on the right road. Going with the crow will not get you what you want. </SEVEN-OF-WANDS-ONE>
<EIGHT-OF-WANDS-ONE> You have been frustrated around your hot button topic, but you must be patient for a little longer. If you push things forward, your efforts will backfire on you. The outcomes will be positive for you if you can remain calm and not push too hard before the time is right. Patience is a virtue. </EIGHT-OF-WANDS-ONE>
<NINE-OF-WANDS-ONE> Things are difficult and complex and you may tend toward anxiety and worry around your hot button topic. Don't let the worry overwhelm you, though. Make sure to examine your fears to see what it is that is bothering you and you can better decide if it is worth your energy. Stay positive and things will work out. </NINE-OF-WANDS-ONE>
<TEN-OF-WANDS-ONE> Things are getting very heavy for you to carry alone, and you need to decide if your burden is worth continuing with. Try to step back, delegate some of your tasks, and stay positive. Having too much going on in your life is backfiring on you and you need to simplify to get what it is you really want. </TEN-OF-WANDS-ONE>
<PAGE-OF-WANDS-ONE> You have been working hard for a long time to get what you want, and now you are starting to see your hard work pay off. You need to continue to stay positive and supply the energy to see your plans through to fruition. Great things are coming your way when you work hard. </PAGE-OF-WANDS-ONE>
<KNIGHT-OF-WANDS-ONE> You are going to find that you are more successful than you had ever hoped to be. Life is going well for you and there is no need to worry about your hot button topic, as things will work out well for you in the end. You have the self-confidence and energy to get what it is you want. </KNIGHT-OF-WANDS-ONE>
<QUEEN-OF-WANDS-ONE> You are focused and have the energy to finish what it is you have been completing. With this kind of energy, there is no need to worry about what it is that's on your mind. You just stay positive and work hard and things will go your way. Life is working out well for you. </QUEEN-OF-WANDS-ONE>
<KING-OF-WANDS-ONE> You are ambitious and goal-oriented, so you don't have to worry about things right now. What it is that has been on your mind is not a problem. Others in your life have been pulling for you, and you have the energy to do what it is that you need to. Things will turn out great for you. </KING-OF-WANDS-ONE>
<ACE-OF-SWORDS-ONE> Take a risk! You know what you need to do, so face your fears and go for it. Sometimes you need to take a leap of faith to get over the hump and do what it is that you want. You have some innovative ideas, and you need to follow through on them. Risk will bring its own reward. </ACE-OF-SWORDS-ONE>
<TWO-OF-SWORDS-ONE> You need to pay attention to the people in your life that are affected by your decisions. You are not the only person you need to worry about, and if you have something on your mind, you can't let your personal desires be your only consideration. Give equal thought to those who are affected by your decisions. </TWO-OF-SWORDS-ONE>
<THREE-OF-SWORDS-ONE> Sometimes you have to experience sorrow before you can experience joy. You cannot succeed at everything in your life, and you need to acknowledge the pain in your life before you can move through it. You may have to let go of the thing you have been dreaming of in order to make room for better. </THREE-OF-SWORDS-ONE>
<FOUR-OF-SWORDS-ONE> You have been focusing your energy too much on your hot topic issue, and now is time for a break. Sometimes stepping away is the best for you. Pushing too hard wastes energy and doesn't serve your purpose. It's time to learn to say no and give yourself some time. You will come back much stronger when it's time. </FOUR-OF-SWORDS-ONE>
<FIVE-OF-SWORDS-ONE> You are feeling confused right now, but keep your thoughts to yourself. Sometimes speaking to others can ruin what it is you have been working for. Step back and choose your battles. It may be better to let go of what it is you thought you wanted. If it's meant to be, it will come back to you later. </FIVE-OF-SWORDS-ONE>
<SIX-OF-SWORDS-ONE> It's time to move forward. Your thoughts around you hot button topic are getting less stressful and more positive. Trust those thoughts and follow your intuition. The universe knows what is best for you, and if you listen to that still small voice in yourself, you will learn what is best for you. </SIX-OF-SWORDS-ONE>
<SEVEN-OF-SWORDS-ONE> There are people you are competing with who may not necessarily be playing fairly. If you are worried about others around you involved with your hot button topic, you are justified in your fears. Protect yourself and don't trust those people you doubt. Your intuition is correct. Walk the straight and narrow and do the right thing. </SEVEN-OF-SWORDS-ONE>
<EIGHT-OF-SWORDS-ONE> You are suffering from fear, and this fear is what is holding you back. Take the time to examine your fears and decide if they are really warranted. You may find that what you fear is all in your head. Sometimes the unknown can be scary, and facing it is the only way to get through it. </EIGHT-OF-SWORDS-ONE>
<NINE-OF-SWORDS-ONE> You are suffering anxiety surrounding your hot button issues. Examine what it is you feel anxious about, and decide if it is something that you have control over. If it is, do what you need to do to take care of that which is causing you anxiety. If you don't have any control, you must let go of your fears. </NINE-OF-SWORDS-ONE>
<TEN-OF-SWORDS-ONE> Your situation right now is not stable. Be careful of who you put your trust in. You may see that the answer to your hot button topic is no. You may need to let go of what it is that you were working for. But know that when one opportunity disappears, another, better one, will appear. </TEN-OF-SWORDS-ONE>
<PAGE-OF-SWORDS-ONE> You are trying too hard and may be upsetting the people around you to get what it is you want. This is never a good strategy and will backfire on you. Make sure to keep others in mind when you make decisions about how to act. You have great energy; just make sure to use it properly. </PAGE-OF-SWORDS-ONE>
<KNIGHT-OF-SWORDS-ONE> Things are finally going your way. The news you have been anxiously waiting for is good, and what you have been working for will be coming your way soon. You are becoming busier, but this is an advantage right now. Your emotional and spiritual energy is at an all-time high. </KNIGHT-OF-SWORDS-ONE>
<QUEEN-OF-SWORDS-ONE> You know what it is that you want and need and it is time to go after it. The time is right for you to get what you want. Just be sure to be mindful of the people around you. They may find your energy too abrasive and you may step on other people's boundaries if you aren't careful. </QUEEN-OF-SWORDS-ONE>
<KING-OF-SWORDS-ONE> It may be time to change your mind, or at least your tactics. Sometimes things don't work out the way you want them to, and you need to know when that time has come. If you keep going on the same path you have been, you will hurt others and push them too far, and your efforts will backfire. </KING-OF-SWORDS-ONE>
<ACE-OF-PENTACLES-ONE> Your energy and vitality is at an all-time high. Things are going great for you and you are taking advantage of it. Events are turning in your favor and you need to be thankful for all that you have. Your future is looking very bright. Take advantage of the momentum. </ACE-OF-PENTACLES-ONE>
<TWO-OF-PENTACLES-ONE> You have two issues at the forefront of your mind right now, and you need to make sure that one does not take precedence over the other. Both are important and you need to keep them in balance. It may be time to take some risks in respect to both areas. They should work out well for you. </TWO-OF-PENTACLES-ONE>
<THREE-OF-PENTACLES-ONE> Things are going well for you. You are doing what you need and continue to feel positive that you are dealing well with your hot button topic. Also, people around you are on your side and are giving you what you need to succeed. Great things happen when you have the support of your loved ones. </THREE-OF-PENTACLES-ONE>
<FOUR-OF-PENTACLES-ONE> Your anxiety has caused you to hold onto things for far too long. You are doing things just for survival, but aren't taking care of yourself emotionally. Holding onto things does not resolve your anxiety. Instead, it makes it worse. It is time to let go and let better things enter your life. </FOUR-OF-PENTACLES-ONE>
<FIVE-OF-PENTACLES-ONE> You are feeling very insecure right now, and people around you seem to have far more than you do, which fills you with anger. All you can do right now is to do the best you can with what you have and to keep working toward a resolution to your issue. Trust that the universe will not let you down. </FIVE-OF-PENTACLES-ONE>
<SIX-OF-PENTACLES-ONE> Things have been difficult for you, but you will start to see things going more your way. People are willing to help you out to resolve your issue, and in turn you need to return their generosity. The universe works in this way, and the best way to bring benefit to yourself is to help others. </SIX-OF-PENTACLES-ONE>
<SEVEN-OF-PENTACLES-ONE> You have been putting a lot of time and energy into your ongoing issue, and it is time to see a return to your investment. You are feeling more secure as your anxiety falls away. You know that good things are coming, and you are no longer worried. Your issues are resolving. </SEVEN-OF-PENTACLES-ONE>
<EIGHT-OF-PENTACLES-ONE> It is time to work hard. You can no longer coast on your laurels. Hard work is not necessarily a bad thing. It will point you in the proper to resolve your issues. You will be tested right now. Make sure not to work too hard and lose the balance in your life. Don't let one thing rule everything else. </EIGHT-OF-PENTACLES-ONE>
<NINE-OF-PENTACLES-ONE> Your worries will soon be over and things will go far better than you had ever imagined they could. You will find emotional and spiritual abundance. Now is the time to be thankful for what you have and to share your abundance with those around you. You have much to be grateful for. </NINE-OF-PENTACLES-ONE>
<TEN-OF-PENTACLES-ONE> Security is finally yours. You have been working hard to resolve your hot button issue, and now you see that things are working out much better than you ever though possible. You are no longer anxious and are enjoying what you have worked for. Share your good fortune with others. </TEN-OF-PENTACLES-ONE>
<PAGE-OF-PENTACLES-ONE> Right now things seem at a stand-still, and the work you need to do feel very tedious. However, the only way to get through this stage is to do the work. Sometimes success isn't glamorous, and the work is necessary to get to the next stage and resolve your issues. </PAGE-OF-PENTACLES-ONE>
<KNIGHT-OF-PENTACLES-ONE> It is time to take care of the little things in life right now. You may be looking at the big picture, but that will work itself out when you focus on those little things you usually ignore. It is amazing how much anxiety is relieved when these little things are taken care of. Small tasks, big rewards. </KNIGHT-OF-PENTACLES-ONE>
<QUEEN-OF-PENTACLES-ONE> You are starting to make some headway now in resolving your issues, and things will work best if you focus your attention on your home life. Sometimes having a warm, happy comfortable place to lay your head will help resolve other issues you are facing in your life. Take care of this and other things will follow. </QUEEN-OF-PENTACLES-ONE>
<KING-OF-PENTACLES-ONE> Don't try anything new right now. You may be tempted to do something different, but now is not the time. Sometimes it is best to follow the status quo. You will accomplish more this way as the energy to support maverick ways just isn't there. Keep doing what you've been doing for success. </KING-OF-PENTACLES-ONE>
<ACE-OF-CUPS-ONE> Things are looking up for you. Whatever issues you have that have been taking your time are about to be resolved and you will find that love and happiness are entering into your life. Feel good about all the positive things coming your way. Go out, do something fun, meet new people, and don't worry. </ACE-OF-CUPS-ONE>
<TWO-OF-CUPS-ONE> Things are going well and you feel good about life. Other people support you and are willing to help you resolve your issues. When you feel supported and appreciated, you feel more competent to take care of your own issues. Make sure to show appreciation to those who are helping you. </TWO-OF-CUPS-ONE>
<THREE-OF-CUPS-ONE> Things are going great for you right now, and someone may enter your life that you hadn't seen in a long time. This reunion will turn out to be very beneficial for you. It is time for celebration. Things you have been dealing with are coming to resolution and things work out well for you. Enjoy! </THREE-OF-CUPS-ONE>
<FOUR-OF-CUPS-ONE> You are looking too much in the future and dreaming of things that haven't happened yet. While it is good to dream, you must also hang onto the present, for without the work now, the future will not happen. Plus, you need to pay attention to the blessings in your life now. This will help you stay positive and focused. </FOUR-OF-CUPS-ONE>
<FIVE-OF-CUPS-ONE> It is time to refocus yourself. You may not have gotten everything you want and are feeling sorry for yourself. However, you must also remember the good things in your life. Count your blessings and remember you can't have everything you want, and you should be thankful for what you do have. </FIVE-OF-CUPS-ONE>
<SIX-OF-CUPS-ONE> Don't waste time thinking about how good things used to be. You must see things how they are now. Times do get tough, but times were tough before. We forget that when we look back. Instead, spend your energy taking care of the now. You may have to look for creative solutions to your problems. </SIX-OF-CUPS-ONE>
<SEVEN-OF-CUPS-ONE> You have a lot going on and you may feel very confused about where to focus your energy. You need to take some time to decide what is most important, and you need to let go of those things that don't mean as much. When you are overwhelmed, nothing gets your complete energy and you will fail at everything. </SEVEN-OF-CUPS-ONE>
<EIGHT-OF-CUPS-ONE> You have to look at your hot button issue and decide if it is time to leave it behind. Sometimes you know that the things you have been working for are no longer important to you, and should be left behind. It's a time of renewal, and if you are brave enough to move on, great things are coming. </EIGHT-OF-CUPS-ONE>
<NINE-OF-CUPS-ONE> What you want most in your life will be coming your way. Happiness and good fortune are yours. If you are asking a yes/no question, the answer will be a resounding yes! Enjoy the great fortunes in your life right now. Great times do not last forever, but now you can rest for a bit. </NINE-OF-CUPS-ONE>
<TEN-OF-CUPS-ONE> Everything is going your way right now and you are taking care of yourself. Happiness and joy are yours, and any anxiety you have about your life dissolves when you start to see all the good fortune coming your way. Whatever it is that you want the universe wants to give you. </TEN-OF-CUPS-ONE>
<PAGE-OF-CUPS-ONE> You have been serious, worrying about your issue for too long. Worry no longer serves you and it is time to let another side of you come through. Dream, play, and allow yourself to have some fun. It is important to take time off from worry, and by enjoying yourself, you may find a better solution to your issues. </PAGE-OF-CUPS-ONE>
<KNIGHT-OF-CUPS-ONE> Good news is coming your way. Your issues are resolving and you are ready to move on to bigger and better things. Be proud that you have dealt with that which has been plaguing you and survived. You are ready for action and new challenges in life. It feels good to move on. </KNIGHT-OF-CUPS-ONE>
<QUEEN-OF-CUPS-ONE> Treat yourself with love and compassion. It can be very difficult to do if you are worried about an issue, but that is the most important time to take care of yourself. You find your problems seem less difficult when you are refreshed and energized through loving energy. Take care of yourself. </QUEEN-OF-CUPS-ONE>
<KING-OF-CUPS-ONE> The universe is supporting you and surrounding you with love, kindness, and compassion. You need this positive energy as you deal with your issue. Things improve when you see this card, and you will likely see a resolution to your hot button issue soon. Keep the faith. You are taken care of. </KING-OF-CUPS-ONE>
</ROOT>
