<?xml version="1.0" encoding="utf-8" ?>
<ROOT>
<ACE-OF-CUPS-ONE >Deze kaart geeft aan dat je nu over jezelf en over de gevoelens van liefde, plezier en romantiek die door je hoofd dwalen, tevreden bent. Zeer waarschijnlijk kom je in contact met iemand die je leuk vindt en dit zou zo kunnen uitmonden in een romantische date. Als je al in een relatie zit, dan kunnen jullie nu aan trouwen gaan denken. </ACE-OF-CUPS-ONE >
<TWO-OF-CUPS-ONE >Je wilt graag je liefdesleven op orde hebben en zaken tussen jou en je partner oplossen. Je voelt je onrustig en je bent niet in staat, omwille van iets dat je bezighoudt en verwarrend voor je is, om je partner je volledige aandacht te geven. Je moet sterk zijn en ten aanzien van je gevoelens een aantal concrete beslissingen nemen. </TWO-OF-CUPS-ONE >
<THREE-OF-CUPS-ONE >Deze kaart laat zien dat je je op dit moment erg kwetsbaar voelt en wilt worden verzorgd. Je zult ook proberen om jouw zorg en medeleven naar je partner en je dierbaren te uiten. Dingen zullen zeer snel beter worden en in de loop der tijd zul je romantiek in je leven vinden. </THREE-OF-CUPS-ONE >
<FOUR-OF-CUPS-ONE >Deze kaart geeft aan dat je nu een sterk verlangen naar een partner hebt. Als je al in een relatie zit, zul je je meer dan ooit met je partner verbonden voelen en zou je strubbelingen, indien van toepassing, willen oplossen. Deze tijd kan een beetje onrustig voor je zijn, omdat je probeert om je problemen met je partner op te lossen en probeert om samen een gelukkig stel te zijn. </FOUR-OF-CUPS-ONE >
<FIVE-OF-CUPS-ONE >Je voelt je nu emotioneler en je wilt een echte serieuze relatie waar sprake is van wederzijds begrip en troost en dit kan zelfs een vriend van jou zijn. Je beseft je nu dat het niet goed is om, omwille van een relatie in stand te houden, compromissen te sluiten omdat dit uiteindelijk destructief kan zijn. </FIVE-OF-CUPS-ONE >
<SIX-OF-CUPS-ONE >Deze kaart geeft aan dat, ondanks het feit dat je je aangetrokken voelt tot die ene speciale persoon, je een aantal prachtige ervaringen zult hebben die je in verschillende richtingen zullen brengen. Je probeert om speciale dingen voor je partner te doen, maar er bestaat onzekerheid over hoe zeker je toekomst als een koppel zal zijn. </SIX-OF-CUPS-ONE >
<SEVEN-OF-CUPS-ONE >Je voelt je erg onzeker over je gevoelens en je zult op zoek gaan naar degene die jij als je partner wilt. Met een hoop werk dat je moet doen en diverse andere problemen die je moet oplossen, zul je niet in staat zijn om voldoende tijd aan je partner te schenken. Een ontmoeting met iemand zal voor alleenstaanden weleens goed kunnen uitpakken. </SEVEN-OF-CUPS-ONE >
<EIGHT-OF-CUPS-ONE >Deze kaart geeft aan dat je relatie nu behoorlijk saai aanvoelt en dit zal voorkomen dat jij en je partner een sterke band creëren. Jouw relatie kan onder druk komen te staan en deze onzekerheid zal zorgen en zelfs bittere woordenwisselingen veroorzaken. Je kunt ook de beslissing nemen om je relatie, die zeer traumatisch is geworden te beëindigen. </EIGHT-OF-CUPS-ONE >
<NINE-OF-CUPS-ONE >Je verlangt nu naar de superieure dingen van een relatie en dit kan ook met iemand zijn, die net in je leven is gekomen. Je wilt dat de dingen tussen jullie interessanter worden, maar dan op een andere manier. Je hebt bedenkingen over je relatie en hoewel je bereid bent om verder te gaan, zullen sommige risico's je voorzichtig houden. </NINE-OF-CUPS-ONE >
<TEN-OF-CUPS-ONE >Deze kaart laat zien dat je nu op zoek bent naar een relatie met inhoud en vervulling en dat je volledige steun van je partner verwacht. Er kunnen emotionele meningsverschillen worden geuit, die je gespannen maken. De romantiek met een nieuw iemand in je leven, zal intens zijn. Een huwelijk behoort tot de vooruitzichten. </TEN-OF-CUPS-ONE >
<PAGE-OF-CUPS-ONE >Je wilt dat dingen harmonieus verlopen en je bouwt met je geliefde aan een solide toekomst. Je wilt graag die toekomst op je eigen manier vormgeven, maar dat proces zal tijd in beslag nemen. Je zult iemand aan je zijde willen en de behoefte voelen dat je geliefd en verzorgd wordt, omdat je die eenzaamheid in je leven niet opnieuw wilt ervaren. </PAGE-OF-CUPS-ONE >
<KNIGHT-OF-CUPS-ONE >Deze kaart geeft aan dat je met je partner erop uit wilt naar een aantal nieuwe plaatsen en dat je zal je prikkelen en er zullen mensen in je buurt zijn, die je zullen aanmoedigen om het pad van de liefde te nemen. Als je alleenstaand bent, dan zul je het gevoel krijgen dat het tijd wordt dat je initiatief neemt om een relatie te ontwikkelen en je langetermijn partner een aanzoek te doen. </KNIGHT-OF-CUPS-ONE >
<QUEEN-OF-CUPS-ONE >Je zult nu op sociale bijeenkomsten prominenter aanwezig zijn en er is een grote kans dat je iemand ontmoet, die je zeer aantrekkelijk vindt. Als je het wat aandacht geeft, zal deze ontmoeting in iets romantisch kunnen uitlopen. Als je al een lange termijn relatie hebt, kun je een huwelijk aan je partner voorstellen. </QUEEN-OF-CUPS-ONE >
<KING-OF-CUPS-ONE >Deze kaart geeft aan dat je op zoek bent naar iemand, met wie je je leven kunt delen en een romantische tijd kunt doorbrengen. Je zult bijna op jacht gaan naar iemand die jouw ideale partner lijkt te zijn, maar dit zal niet gemakkelijk zijn. Je kunt moeite hebben om indruk te maken op die persoon en om dit om te zetten in iets substantieels. </KING-OF-CUPS-ONE >
<ACE-OF-PENTACLES-ONE >Dit is een tijd die een nieuw begin in je leven aangeeft. Je zou je onrustiger dan ooit kunnen voelen omdat je niet de verwachte compassie en begrip van je partner krijgt en dit zal je erg van streek maken. </ACE-OF-PENTACLES-ONE >
<TWO-OF-PENTACLES-ONE >Er kunnen enkele problemen zijn, waar jij en je partner tegenaan lopen en dit kan je een beetje een misplaatst gevoel geven, maar uiteindelijk zul je, door jouw natuurlijke begrip en wat hulp van iemand die je wil helpen, hiermee kunnen omgaan. </TWO-OF-PENTACLES-ONE >
<THREE-OF-PENTACLES-ONE >Jij en je partner voelen de relatie groeien en zullen daarom een aantal stappen richting de toekomst nemen. Voor singles zal dit een goed moment zijn om een geschikte partner te vinden en dit zou op een onverwachte plek kunnen plaatsvinden. </THREE-OF-PENTACLES-ONE >
<FOUR-OF-PENTACLES-ONE >Je kunt alleen in staat zijn om je relatie in stand te houden als je er beiden met wat geduld en begrip aan werkt. Als dit niet werkt, dan zul je uiteindelijk besluiten om je eigen weg te gaan en zul je moeten proberen om een nieuw pad met nieuwe mogelijkheden te bewandelen. </FOUR-OF-PENTACLES-ONE >
<FIVE-OF-PENTACLES-ONE >Deze kaart geeft aan dat je nu verlangt om iemand te zijn of naar iets verlangt wat je al heel lang hebt willen doen. Er bestaat ook de kans dat je partner je bedriegt of vice versa. Dit zal ook geen gunstige tijd zijn voor mensen die al in een relatie zitten. </FIVE-OF-PENTACLES-ONE >
<SIX-OF-PENTACLES-ONE >Je verlangt ernaar dat je jeugdliefde terugkomt of weer contact met je opneemt. Er zal een gevoel van eenzaamheid zijn als je ziet dat je partner van je afdrijft. Je moet uitzoeken wat je echt wilt in het leven en hoeveel je bereid bent om daarvoor te doen. </SIX-OF-PENTACLES-ONE >
<SEVEN-OF-PENTACLES-ONE >Dit wordt een verontrustende tijd voor jou en je partner, aangezien er grote meningsverschillen kunnen zijn en dit kan ook leiden tot het einde van deze relatie. Als je getrouwd bent of in een lange relatie zit, dan zul je je relatie en je inspanningen voor die relatie moeten heroverwegen. </SEVEN-OF-PENTACLES-ONE >
<EIGHT-OF-PENTACLES-ONE >Je lijkt deze dagen in een speelse bui te zijn en geniet meer dan ooit van het single zijn. Je komt in een speculatieve stemming en je zult ook nadenken over wat er zal gebeuren in de toekomst. Jouw romantische kant zal binnenkort de overhand nemen. </EIGHT-OF-PENTACLES-ONE >
<NINE-OF-PENTACLES-ONE >Deze kaart geeft aan dat je op zoek bent naar nieuwe en verfrissende dingen in je leven. Je zou willen weglopen van conventionele dingen en naar een nieuwe plek willen gaan. Je kunt wat afstand van je patner nodig hebben en je zult een beslissing nemen, die de juiste keuze zal zijn. </NINE-OF-PENTACLES-ONE >
<TEN-OF-PENTACLES-ONE >Liefde is niet iets dat je nu bezighoudt, omdat je al bezig bent met tal van andere dingen met betrekking tot je werk en andere familie aangelegenheden. Je zult proberen om je humeur te verheffen door je met je vrienden of familieleden te herenigen, maar je zult niet proberen om de ruimte tussen jou en jouw partner te verkleinen. </TEN-OF-PENTACLES-ONE >
<PAGE-OF-PENTACLES-ONE >Deze kaart geeft aan dat er een onrustige situatie zal zijn, die je zal dwingen om na te denken over wat je moet doen met je relatie en als je onzeker bent over je partner zul je uiteindelijk op een verantwoorde wijze een beslissing nemen, die je goed zal doen of je relatie nu toekomst heeft of niet. </PAGE-OF-PENTACLES-ONE >
<KNIGHT-OF-PENTACLES-ONE >Je bent nu op zoek naar vrede in je liefdesrelatie en je wilt samen met je partner leven en genieten. Je zult aarzelen om iets tegen je partner te zeggen of iets nieuws aan te kondigen, omdat je voelt dat dat de relatie, die van een leien dakje gaat, kan bederven, maar je moet toch moedig zijn. </KNIGHT-OF-PENTACLES-ONE >
<QUEEN-OF-PENTACLES-ONE >Deze kaart geeft aan dat je je sterk tot iemand aangetrokken voelt en die persoon zal net zo geïnteresseerd zijn in jou. Je zult je verheugen op een relatie met deze persoon en zult verwachten dat die relatie spannend en niet saai zal zijn. </QUEEN-OF-PENTACLES-ONE >
<KING-OF-PENTACLES-ONE >Deze kaart laat zien dat je een beetje boos of teleurgesteld bent en dat er door je partner bepaalde beloftes worden gebroken. Als je al in een relatie zit dan zul je ervaren dat er in je relatie geen ruimte is voor het vrij uitwisselen van meningen en om een relatie te laten werken, is het zeer belangrijk dat je praat en meer tijd samen besteedt, om elkaar beter te leren kennen. </KING-OF-PENTACLES-ONE >
<ACE-OF-SWORDS-ONE >Deze kaart geeft aan dat je nu op zoek bent naar persoonlijke bevrediging in je relatie. Dit is een tijd waarin er een grote kans bestaat op een nieuwe liefde, die je zal opschrikken en je zult sterke emoties naar iets hebben. Als er al een relatie is, dan zal je band met je partner steeds sterker worden. </ACE-OF-SWORDS-ONE >
<TWO-OF-SWORDS-ONE >Jij wilt in het leven vooruit en bent wanhopig op zoek naar liefde. Je kunt gewoon geluk hebben omdat deze kaart aangeeft dat het mogelijk is om die ene speciale partner te ontmoeten en als je al in een relatie zit, dan zal je relatie sterker worden en zul je zien of je partner die krachtige kwaliteiten heeft, die je in gedachte hebt. </TWO-OF-SWORDS-ONE >
<THREE-OF-SWORDS-ONE >Deze kaart laat zien dat je ernaar verlangt dat je partner naar jou terugkomt. Jouw geduld raakt op en je zult snel besluiten om te stoppen en opnieuw beginnen als je partner weigert om snel terug te komen. Je kunt het gevoel hebben dat je veel leed hebt meegemaakt en verliefd worden is een kwestie van risico’s durven nemen. </THREE-OF-SWORDS-ONE >
<FOUR-OF-SWORDS-ONE >Je bent nu erg spiritueel en je zult een sterk verlangen hebben om jezelf beter te leren kennen. Je zult proberen om verbinding te maken met je innerlijke zelf en daarom kun je het contact met de buitenwereld verliezen, maar uiteindelijk zul je vrede vinden. Er bestaat ook een mogelijkheid dat iemand, die een oogje op jou had, je mee uit kan vragen voor een date. </FOUR-OF-SWORDS-ONE >
<FIVE-OF-SWORDS-ONE >Deze kaart geeft aan dat je nu op zoek bent naar liefde. Er kunnen ook bepaalde teleurstellingen in je liefdesleven zijn waarmee je geconfronteerd wordt en waardoor je je onvervuld en enigszins bedrogen voelt. Je moet opnieuw je zelfvertrouwen vinden en doorgaan. </FIVE-OF-SWORDS-ONE >
<SIX-OF-SWORDS-ONE >Je kunt met een aantal problemen in het paradijs worden geconfronteerd en de dingen zullen niet zo soepel verlopen, als je verwachtte. Er kan enige ontevredenheid in je liefdesleven bestaan en het lijkt dat alle inspanningen het uiteindelijk niet waard zijn geweest. Er kan enige verwarring bestaan over de toekomstige koers en je zult moeite hebben om de dingen te verbeteren. </SIX-OF-SWORDS-ONE >
<SEVEN-OF-SWORDS-ONE >Deze kaart geeft aan dat je wilt dat een dierbare vriend of iemand dichtbij aan je zijde staat en je helpt om de situatie recht te zetten of je kunt er ook aan denken om voor een poosje weg te gaan, om je beter te voelen. Er bestaat de kans dat een ex-geliefde of iemand die een oogje op je had je zal benaderen. Je zult iets heel graag in je relatie willen hebben, maar je bent niet bereid om in een compromitterende positie terecht te komen. </SEVEN-OF-SWORDS-ONE >
<EIGHT-OF-SWORDS-ONE >Er kan op het gebied van de liefde een soort van verstikking of onbehagen bestaan. Maar het zal niet zijn wat het lijkt en iets goeds zal op je pad komen. Er zijn mogelijkheden dat je een kans krijgt om te beginnen in een nieuwe omgeving of met een nieuwe partner, die ervoor zorgt dat je weer een bevrijd gevoel kunt krijgen. </EIGHT-OF-SWORDS-ONE >
<NINE-OF-SWORDS-ONE >Deze kaart laat zien dat dit niet de beste tijd van je leven is. Je kunt last van angst en deprivatie hebben en je zult moeite hebben om dingen voor elkaar te krijgen. Je kunt als gevolg van professionele verplichtingen voor bepaalde tijd gescheiden zijn van je partner. Maar jouw volwassenheid en kalme persoonlijkheid zullen je helpen om dingen voor elkaar te krijgen. </NINE-OF-SWORDS-ONE >
<TEN-OF-SWORDS-ONE >Je bent nu waarschijnlijk door het ergste heen en nog steeds herstellende om eroverheen te komen. Een aantal van de dilemma’s zijn er nog steeds, maar omdat je probeert om over wat goed voor je is een aantal krachtige besluiten te nemen, zal dit geen gemakkelijk proces voor je zijn. </TEN-OF-SWORDS-ONE >
<PAGE-OF-SWORDS-ONE >Deze kaart toont aan dat je je nu concentreert op het verbeteren van zaken die de liefde betreffen en ook in de persoonlijke relaties. Je kunt moeilijke tijden hebben doorgemaakt en je zult proberen om je leven weerop de rit te krijgen, maar je vindt dat moeilijk om te doen. Er zouden enige onverwachte gebeurtenissen kunnen opduiken die je aandacht nodig hebben. </PAGE-OF-SWORDS-ONE >
<KNIGHT-OF-SWORDS-ONE >Nu is het de tijd om je over alle zure tijden heen te zetten en op zoek te gaan naar een nieuw begin. Je ontmoet een nieuw iemand en je zult je aangetrokken voelen tot die persoon. Je wilt dat deze gebeurtenissen zich voortzetten en zien hoe de romantiek zich ontwikkelt. Dit zal een sterke initiatie hebben en in een mum van tijd zul je jezelf gelukkig en stabiel met je partner voelen. </KNIGHT-OF-SWORDS-ONE >
<QUEEN-OF-SWORDS-ONE >Deze kaart geeft aan dat er een dilemma is of een fase van constante teleurstelling bestaat, omdat je verschillende ruzies met je partner hebt wat ook voor het einde van je relatie zou kunnen zorgen. Dit zou je in een moeilijk pakket kunnen plaatsen en je zult moeten leren omgaan met die leegte in je leven. </QUEEN-OF-SWORDS-ONE >
<KING-OF-SWORDS-ONE >Je krijgt het gevoel dat je een duidelijke visie nodig hebt van wat je leven op dit moment nodig heeft en je realiseert je dat je verder moet gaan met het oog op een rustig leven leiden. De werkelijkheid kan binnenkort voor een nieuwe wending zorgen als het je begint te dagen, dat je in een imaginaire wereld leefde en dat het tijd is om eindelijk de realiteit onder ogen te zien en hiermee te leren leven zodat het beter wordt. </KING-OF-SWORDS-ONE >
<ACE-OF-WANDS-ONE >Deze kaart geeft aan dat jij nu op zoek bent naar een serieuze en een lange termijn relatie en niet geïnteresseerd bent in flirten. Je bent op zoek naar een nieuwe start en er zijn ook kansen op een huwelijk of een relatie die bij je intrekt. Er kan een familielid of een vriend zijn met wie je binnenkort jouw relatieproblemen gaat bespreken. </ACE-OF-WANDS-ONE >
<TWO-OF-WANDS-ONE >Je hoopt er op dat er iets goeds gebeurt en kijkt ernaar uit om het te zien materialiseren. Er is een grote kans dat iemand die steun nodig heeft bij je aanklopt en dat je met deze persoon een sterke band opbouwt. Je zult nu op zoek gaan naar sterke banden qua liefde en vriendschap. Je zult ook enkele ruzies die je had met familieleden uitpraten. </TWO-OF-WANDS-ONE >
<THREE-OF-WANDS-ONE >Je zou nu een flink aantal aanzoeken kunnen krijgen en om voor de juiste te kiezen kan best een probleem zijn. Dit zal een geweldige tijd voor het aangaan van relaties zijn en ondanks je onzekerheden zul je je verbinden met de degene van wie je houdt. Je wilt alle hindernissen overwinnen om een gelukkig leven met je partner te kunnen leiden. </THREE-OF-WANDS-ONE >
<FOUR-OF-WANDS-ONE >Er bestaan kansen op een hereniging met een vriend die je zal komen redden en die je mee uit vraagt om te gaan winkelen of een aantal leuke activiteiten te doen om je een beter gevoel te geven. Je moet een beetje opgebeurd worden omdat er als gevolg van ontbering enige ontevredenheid in jouw liefdesleven kan zijn. </FOUR-OF-WANDS-ONE >
<FIVE-OF-WANDS-ONE >Je vindt het nu moeilijk om je op één ding te concentreren en dat maakt je onrustig. Je zult met te veel dingen bezig zijn en je zult niet in staat zijn om tijd te vinden voor je partner of voor gezelligheid. Er staan of een aantal flirts of casual dates op het programma. </FIVE-OF-WANDS-ONE >
<SIX-OF-WANDS-ONE >Deze kaart geeft aan dat er in je liefdesleven nieuwe activiteiten zullen zijn. Iemand die je bewondert, zal proberen om indruk op je te maken en je zult genieten van die aandacht. Het kan een situatie zijn die je zal dwingen tot het maken van enkele noodzakelijke veranderingen in je leven maar dit zal voor verbetering zorgen. </SIX-OF-WANDS-ONE >
<SEVEN-OF-WANDS-ONE >Deze kaart geeft aan dat er voor jou liefde in de lucht hangt en zaken omtrent liefde zullen de overhand krijgen. Je zult in contact komen met jouw romantische kant en je zult bijzondere dingen doen voor je partner. Dit ziet eruit als een perfect plaatje, maar er zullen bepaalde dingen zijn die je zult moeten laten gaan om het leven te leiden dat je wilt. </SEVEN-OF-WANDS-ONE >
<EIGHT-OF-WANDS-ONE >Snel zul je een hoop gezelligheid krijgen en kwesties omtrent de liefde zullen de overhand krijgen. Je zult in een goed humeur zijn door alleen maar te denken aan positieve dingen en jij en je partner zullen samen van tal van activiteiten genieten. Er zullen ook een aantal positieve veranderingen plaatsvinden als gevolg van je partner. Er kunnen ook bepaalde teleurstellingen zijn waarmee je om zult moeten gaan. </EIGHT-OF-WANDS-ONE >
<NINE-OF-WANDS-ONE >Je zult merken dat jouw inspanningen eindelijk resultaten opleveren en je zult veel sociale activiteiten hebben. Er zullen bepaalde conflicten en verschillen van mening zijn en er kan ook een enkele ruwe woordenwisseling plaatsvinden. </NINE-OF-WANDS-ONE >
<TEN-OF-WANDS-ONE >Deze kaart geeft aan dat jouw geliefde je over verschillende gebeurtenissen verward kan achterlaten en dit zal je een nieuwsgierig en een onrustig gevoel geven. Je voelt dat je partner boos op je is en hierdoor zul je je geïsoleerd voelen. Je zult je inspannen om je relatie te herstellen en de ontbrekende vonk weer over te laten slaan. </TEN-OF-WANDS-ONE >
<PAGE-OF-WANDS-ONE >Je relatie kan wat verstoord zijn en je zult een aantal wijzigingen ten opzichte van je partner verwachten. Je voelt je onzeker over het feit dat jij en je partner niet echt met elkaar kunnen opschieten en zelfs als je het probeert, zal de band op de een of andere manier nooit zijn hoogtepunt bereiken. </PAGE-OF-WANDS-ONE >
<KNIGHT-OF-WANDS-ONE >Deze kaart laat zien dat je over diverse kwesties in je relatie onrustig bent en deze wilt oplossen voordat ze een tol eisen. Je zult iemand tegenkomen, die je denkt te kennen en je zult proberen om met deze persoon een diepe band op te bouwen door er meer tijd mee door te brengen. </KNIGHT-OF-WANDS-ONE >
<QUEEN-OF-WANDS-ONE >Deze kaart geeft aan dat je binnenkort een speciaal iemand zult ontmoeten en je vraagt je af of je met deze persoon een relatie moet opbouwen. Je kunt ook een sterke bewonderaar van jou tegenkomen, die de liefde zal ontbranden en dit kan veranderen in een zeer gepassioneerde en romantische liefdesrelatie, waar je lang op hebt gewacht. </QUEEN-OF-WANDS-ONE >
<KING-OF-WANDS-ONE >Sommige problemen om je heen zullen je onverschillig en emotieloos maken en je lijkt afgeleid van je partner. Je zult niet echt aan de wereld willen laten zien wat je denkt en dit kan leiden tot spanning. Je moet het hoofd koel houden en bedenken hoe je de situatie kunt aanpakken. Een huwelijksaanzoek kan ook jouw kant op komen. </KING-OF-WANDS-ONE >
<THE-FOOL-ONE >Als je in een relatie zit, geeft de kaart aan dat je een nieuwe opwinding en geestdrift in je liefdesleven zult voelen. Als je alleenstaand bent, zul je zeer waarschijnlijk binnenkort een speciaal iemand ontmoeten. Je zult spontaan, zelfverzekerd en opgewekt in je liefdesleven stappen. Je moet je oude relaties loslaten en naar je toekomst kijken, die er mooi en vrolijk uitziet. </THE-FOOL-ONE >
<THE-MAGICIAN-ONE >Jouw eigen wil en kalmte zullen in de komende tijd zeer nuttig zijn bij het beheer en het onderhouden van je liefdesleven. Met jouw zelfvertrouwen en sierlijkheid, zorg je er zeer waarschijnlijk voor dat het tegenovergestelde geslacht met de meeste zaken in overeenstemming met jou komt. Als je in een relatie zit, kun je in de nabije toekomst achter een aantal verborgen dingen over je geliefde te weten komen. Ook zal je partner waarschijnlijk een verbeterde belangstelling hebben voor alles dat je zegt. </THE-MAGICIAN-ONE >
<THE-HIGH-PRIESTESS-ONE >Deze kaart geeft aan dat je voor een gezond liefdesleven op jouw vermogen om mensen en situaties waar te nemen, moet vertrouwen. Je zult met betrekking tot je liefdesleven zelfstandig beslissingen moeten nemen. Als je in een relatie zit, zal je partner je zeer waarschijnlijk in de nabije toekomst waardevol advies geven. Ook lijkt het erop dat je iets totaal onverwachts over je partner, goed of slecht, te weten komt. </THE-HIGH-PRIESTESS-ONE >
<THE-EMPRESS-ONE >Je lijkt bezorgd te zijn over ofwel jouw bestaande of een nog ontwikkelende relatie. Als je niet in een relatie zit, zou je dat wel graag willen. In jouw geval, kan jouw bezitterige aard, moeilijke tijden in je liefdesleven brengen. Je moet een houding aannemen, die geduld toont en vertrouwen uitstraalt om stabiliteit in je liefdesleven te kunnen bereiken. </THE-EMPRESS-ONE >
<THE-EMPEROR-ONE >De kaart geeft een introductie van succes en prestatie in je relatie in de nabije toekomst aan. Je kunt waardevol liefdesadvies krijgen van iemand zoals je vader, je broer, een vriend, enz. Je hebt zeer waarschijnlijk de controle over je huidige relatie en zal deze voor een tijdje blijven domineren. Je partner zal je in alle aspecten volledig ondersteunen en geen vragen stellen. Zorg ervoor dat je niet te veeleisend wordt in je relatie anders zal dat eindigen en zul je je partner emotioneel kwetsen. </THE-EMPEROR-ONE >
<THE-HIEROPHANT-ONE >Een meer open en flexibele geest zou kunnen leiden tot een positieve verandering in je liefdesleven. Als je op korte termijn van plan bent om te gaan trouwen, moet je geduld tonen terwijl je de obstakels die op je pad komen aanpakt. Je koppig opstellen tegenover je partner zal je relatie geen goed doen. De problemen die je ervaart in je liefdesleven kunnen worden opgelost met tegenwoordigheid van geest en het bewaren van de kalmte. </THE-HIEROPHANT-ONE >
<THE-LOVERS-ONE >Je zwemt waarschijnlijk in een zee van liefde. Je zult in de nabije toekomst prachtige en onvergetelijke momenten in je relatie ervaren. Je komt waarschijnlijk in je liefdesleven in een situatie terecht, waarin je het moeilijk vindt om een beslissing te nemen. Luister naar je hart en niet naar je verstand en dan zul je zien dat jouw beslissing juist was. Je zult je zeer goed emotioneel kunnen verbinden met je partner. Laat je niet verleiden om je partner te bedriegen door te gaan daten met iemand anders. </THE-LOVERS-ONE >
<THE-CHARIOT-ONE >Jouw liefdesleven kan een moeilijke periode doormaken. Je zult een aantal serieuze pogingen moeten doen om hier uit te komen. Jouw romantische episodes ondergaan zeer waarschijnlijk in de nabije toekomst enige verandering. Je moet veel geduld tonen voor de veranderende emoties van je partner. Uiteindelijk zal je relatie met veel liefde weer opbloeien. </THE-CHARIOT-ONE >
<JUSTICE-ONE >Je moet een gevoel van evenwicht en normaliteit in je huidige relatie brengen. Er lijkt ofwel een overmaat van een bepaald element of het ontbreken ervan, dat van vitaal belang is voor de stabiliteit van jouw liefdesleven. Je zou een onpartijdige aanpak van jouw romantische zaken kunnen tonen om het vereiste evenwicht te bereiken. Geef even veel aandacht aan je carrière als aan je gezinsleven. Jouw eerlijkheid en vertrouwen zal zeer cruciaal zijn voor het vormgeven van je relatie. Als je weet dat je een fout maakt in je relatie, corrigeer het binnenkort dan. </JUSTICE-ONE >
<THE-HERMIT-ONE >Neem de tijd om je liefdesleven te analyseren. Je bent waarschijnlijk ongeduldig over hoe het gaat in je huidige relatie. Je moet het hoofd koel houden en voorkomen dat je overhaaste beslissingen met betrekking tot jouw liefdesrelatie neemt. Als je liefdesadvies nodig hebt, neem dan contact op met iemand die ouder is en meer ervaring heeft dan jij. Je kunt waarschijnlijk al je romantische obstakels overwinnen, als je beiden in je relatie elkaar genoeg ruimte geeft. </THE-HERMIT-ONE >
<WHEEL-OF-FORTUNE-ONE >De kaart laat zien dat je naar een zeer vrolijke en bijzondere fase gaat, die je liefdesleven zal opfleuren. Het geluk is aan jouw zijde en je zult de liefde van je leven vinden. Je zult volwassenheid tonen bij het omgaan van zaken die met je relatie te maken hebben. Jouw droompartner zal spoedig bij je zijn. Alle zorgen die je had over je toekomstige relatie zullen wegebben. Je bent zeer waarschijnlijk gezegend met een aantal prachtige momenten in je liefdesleven. </WHEEL-OF-FORTUNE-ONE >
<STRENGTH-ONE >Je krijgt een sterkere en een betere houding tegenover het leven, wat je zal helpen om elke hindernis, die je kunt tegenkomen in je relatie, aan te pakken. Indien je bepaalde zaken uit het verleden los wilt laten, moet je dat waarschijnlijk binnenkort doen. Jouw relatie verloopt soepel en je krijgt gemakkelijk dingen voor elkaar, waar je al een tijdje mee worstelt. Met jouw vastberadenheid en intelligentie, zul je alle problemen met betrekking tot de liefde kunnen overwinnen. </STRENGTH-ONE >
<THE-HANGED-MAN-ONE >Het kan nodig zijn om een opofferende houding in je relatie aan te nemen. Er kunnen spanningen tussen jullie bestaan. Er wordt geadviseerd dat je een geduldige, bedaarde en gerijpte gemoedstoestand in je liefdesleven moet bewaren. Er kunnen emotionele gevechten tussen jullie beiden zijn. Het is je aan te raden om meer introspectief te zijn en situaties met een open geest te bekijken om ze beter te kunnen begrijpen. </THE-HANGED-MAN-ONE >
<DEATH-ONE >Deze kaart geeft een fase aan, die zal resulteren in een aantal dramatische veranderingen in je liefdesleven. Je kunt kunt je in je huidige relatie droevig en depressief voelen. Deze fase zal je in de richting van een overvloed aan menselijke emoties stuwen, waardoor je het belang van de veranderingen gaat beseffen. Jouw liefdesrelatie kan door een relatief ruwe en donkere periode gaan. Je moet een sterk karakter tonen om uit dit dal te kunnen komen. </DEATH-ONE >
<TEMPERANCE-ONE >Deze kaart geeft aan dat er verwarrende of tegenstrijdige situaties in je relatie op komst zijn en dat het moeilijk kan zijn om de juiste keuzes te maken. Jij en jouw partner hebben over diverse zaken zeer waarschijnlijk tegengestelde standpunten waardoor er onrust ontstaat. Je moet geduld hebben, samenwerken en de beste oplossing vinden, wat ook de liefde van je leven zal kalmeren. Je zult manieren vinden om de harmonie wwer teug te brengen in je relatie. </TEMPERANCE-ONE >
<THE-DEVIL-ONE >De komende tijden zullen niet eenvoudig zijn. Gevoelens zoals lust, hebzucht, ambitie of verslaving kunnen ertoe leiden dat jouw liefdesleven eraan gaat. Je kunt ook volledig je relatie willen domineren. Je moet sterk zijn om deze verleidingen te weerstaan om grote rampen in je liefdesleven te vermijden. Je kunt je voor een moment krachtig voelen, maar als je de verkeerde kant opgaat zal dat geen goed doen aan je huidige relatie. Wees voorzichtig omdat deze kaart een waarschuwing voor je is over de dodelijke stappen die je kunt nemen. </THE-DEVIL-ONE >
<THE-TOWER-ONE >De nabije toekomst zal een van de slechtste fases in je liefdesleven brengen. Je kunt onaangename en ongunstige situaties in je relatie ervaren. Sommige van deze kunnen onverwacht opduiken, waardoor je je voor een tijdje geïsoleerd en eenzaam zult voelen. Deze verandering zal je nieuwe wegen en mogelijkheden tonen om de huidige situatie in jouw liefdesleven te verbeteren. Het zal niet makkelijk voor je zijn, dus je moet kalm blijven en gewoon nieuwe dingen leren, die het leven je laat zien. </THE-TOWER-ONE >
<THE-STAR-ONE >Deze kaart is een voorbode van de goede tijden die eraan komen. Het geeft de mogelijkheid van een gezonde relatie in de nabije toekomst aan. Het geeft ook aan dat jij je huidige relatie naar een volgend niveau van betrokkenheid kunt tillen. Je kunt een betere emotionele en spirituele verbinding met je partner voelen. Jouw liefdesleven zal door een fase gaan waarin je je verleden kunt verwerken en optimistischer over je toekomst in de liefde kunt zijn. </THE-STAR-ONE >
<THE-MOON-ONE >Het enige waaraan jij kunt denken is je relatie. Je kunt het gevoel hebben alsof je door de huidige situatie vastzit in je liefdesleven. Je komt waarschijnlijk achter een aantal geheimen die opzettelijk verborgen werden gehouden en die kunnen leiden tot een emotionele tegenslag in je relatie. Word niet depressief van al dat verdriet. Toon een meer open geest en doe een aantal serieuze pogingen om over deze gevoelens heen te komen. Geniet van andere hobby's om over deze emotionele gevoelens te komen en je leven weer op de rails te krijgen. </THE-MOON-ONE >
<THE-SUN-ONE >Je zult al snel frisse en spannende vibraties in je relatie voelen. Als je niet verliefd bent, kun je al snel verliefd op iemand worden. Romantische zaken die op niets leken uit te lopen, beginnen een positieve vooruitgang te maken. Een romantische vakantie en een aantal papperige dates hangen in de lucht. De tijden die eraan komen zien er vrolijk en onvergetelijk uit. Zorg ervoor dat je het beste maakt van deze prachtige fase. </THE-SUN-ONE >
<JUDGEMENT-ONE >Deze kaart vraagt je om voor alles wat erom je heen gebeurt, al je zintuigen te gebruiken. Je kunt je realiseren dat dingen goed gaan, maar tenzij je goede inspanningen levert, kunnen de meeste van deze situaties de verkeerde kant opgaan. Als je nog niet verliefd bent, is het zeer waarschijnlijk dat je zeer binnenkort een potentiële partner zult ontmoeten. In een dergelijk geval, moet je niet te veel tijd verspillen voordat je een aanzoek doet. Als je in het verleden iemand hebt gedumpt, kan hetzelfde gebeuren met jou. Maar uiteindelijk zal je liefdesleven positief zijn. </JUDGEMENT-ONE >
<THE-WORLD-ONE >Deze kaart markeert het einde van jouw problemen en wijst op de komst van vrolijke en liefdevolle momenten met je geliefde. Jouw relatie zal eindelijk vorm krijgen op de manier waarop je dat altijd hebt gewild. Jouw partner zal je aanmoedigen en je waarderen voor je harde werk en dit zal de liefde laten opbloeien. Deze fase zal nieuw vuur in je liefdesleven blazen. Als je alleenstaand bent, is de kans dat je die speciale persoon ontmoet, aanzienlijk groot.</THE-WORLD-ONE >
</ROOT>
