<?xml version="1.0" encoding="utf-8" ?>
<ROOT>
<ACE-OF-CUPS-ONE >Deze kaart geeft aan dat je om een nieuwe onderneming op te zetten een aantal moedige stappen zult nemen, zonder dat je gespannen raakt of twijfelt over de mogelijke risico’s en uiteindelijk zal dit project uitpakken zoals je had verwacht. Dit is een goed moment om risico's te nemen als je uit bent op financieel voordeel. </ACE-OF-CUPS-ONE >
<TWO-OF-CUPS-ONE >Eventuele financiële geschillen of financiële overeenkomsten zullen worden afgesproken en geregeld en dit zal je opluchten. Jouw winst in het zaken doen kan verhogen of je kunt snel een loonsverhoging krijgen. </TWO-OF-CUPS-ONE >
<THREE-OF-CUPS-ONE >Deze kaart geeft aan dat je nu een stabiele bron van inkomsten zult hebben en waarop je recht hebt, zal je toekomen. Door middel van diverse kleine bronnen zal er een goede instroom van geld zijn en zul je je tevreden voelen. </THREE-OF-CUPS-ONE >
<FOUR-OF-CUPS-ONE >Deze kaart toont aan dat als er sprake is van financiële onzekerheid of een andere vervelende situatie met betrekking tot financiën, je in een positie zult komen waarmee je tactvol moet omgaan. Je zult heel snel overzicht krijgen en in staat zijn om de klus te klaren, in het bijzonder bij het verzamelen van geld of bij het oplossen van alle juridische kwesties met betrekking tot geld. </FOUR-OF-CUPS-ONE >
<FIVE-OF-CUPS-ONE >Deze kaart geeft aan dat je nu op je financiën zult moeten letten en dat je financiën een beetje onzer zullen zijn. Je moet iedere stap in de richting van jouw uitgaven zorgvuldig overwegen en alleen een praktische en stevige aanpak zal je helpen om door deze situatie te komen. </FIVE-OF-CUPS-ONE >
<SIX-OF-CUPS-ONE >Deze kaart suggereert dat je je nu over jouw financiën niet al te veel zorgen hoeft te maken. Jouw uitgaven en jouw inkomsten zullen onder controle zijn en er zal geld vanuit verschillende richtingen binnenkomen. Je zult van je inkomsten kunnen genieten en er kan een plotselinge jackpot opdruiken, waardoor je aangenaam verrast zult zijn. </SIX-OF-CUPS-ONE >
<SEVEN-OF-CUPS-ONE >Deze kaart geeft aan dat er in verband met jouw uitgaven een soort kleine crisis zal zijn, maar je zult het overkomen. Je hoeft je niet al te veel zorgen te maken als dingen binnenkort zullen worden rechtgezet en er is ook een mogelijkheid dat je een aantal kleine winsten uit verschillende bronnen zult maken. </SEVEN-OF-CUPS-ONE >
<EIGHT-OF-CUPS-ONE >Deze kaart laat zien dat je op je uitgaven moet letten omdat je wellicht in een situatie kunt terechtkomen, waarin jouw uitgaven gewoon zullen blijven toenemen, zelfs als je probeert om ze in bedwang te houden. Je zult voelen dat jouw inkomsten onvoldoende zijn voor jouw uitgaven en dit kan er toe leiden dat je je een beetje teleurgesteld en ontevreden zult voelen. </EIGHT-OF-CUPS-ONE >
<NINE-OF-CUPS-ONE >Deze kaart geeft aan dat je geconfronteerd zult worden met een beetje onvrede, als het gaat om je financiën. Je zult over een poosje van een van je debiteuren wat geld krijgen, maar er kunnen een aantal discussies ontstaan vanwege verloren gegane relaties over geld. Je zult de situatie goed oplossen en de dingen zullen weer op hun pootjes terechtkomen. </NINE-OF-CUPS-ONE >
<TEN-OF-CUPS-ONE >Deze kaart laat zien dat je meer dan normaal wat ruimte voor jezelf nodig hebt en zult genieten van wat verwennerij. Je kunt uiteindelijk ook cadeaus kopen voor dierbaren en die uitgaven zullen je niet veel hinderen omdat jouw inkomsten zullen verbeteren, waardoor je je gezin en vrienden een beetje extra kunt verwennen. </TEN-OF-CUPS-ONE >
<PAGE-OF-CUPS-ONE >Je kunt waarschijnlijk binnenkort een promotie of een soort financiele meevaller verwachten. Er zullen zich snel ook meer mogelijkheden voordoen, dus er is niet al te veel reden om je zorgen te maken. </PAGE-OF-CUPS-ONE >
<KNIGHT-OF-CUPS-ONE >Deze kaart laat zien dat als het gaat om jouw financiële toestand, je het geluk aan je zijde hebt. Het zal je financieel voor de wind gaan en bijvoorbeeld een salarisverhoging, hogere winsten of een enorme hoeveelheid geld kan uit een onverwachte hoek komen. Als je geld was verloren, zal dat nu weer terugkomen. </KNIGHT-OF-CUPS-ONE >
<QUEEN-OF-CUPS-ONE >Deze kaart geeft aan dat je je in de nabije toekomst financieel niet kwetsbaar meer zult voelen. Er zullen genoeg mensen om je heen zijn om je in het geval van een financiële crisis te helpen en als je op zoek bent naar advies voor investeringen dan zul je die van de juiste mensen krijgen. Je zult niet al te veel problemen hebben om provisie te krijgen of geld te ontvangen van een andere bron. </QUEEN-OF-CUPS-ONE >
<KING-OF-CUPS-ONE >Deze kaart geeft aan dat je geld gaat verdienen met je werk of uit een nieuwe onderneming. Als je nieuwe overeenkomsten aangaat of nieuwe contracten moet ondertekenen, dan moet je voorzichtig zijn met de documentatie en alle voorwaarden lezen, omdat er een aantal elementen kunnen zijn die jouw handelingen in de gaten houden. </KING-OF-CUPS-ONE >
<ACE-OF-PENTACLES-ONE >Deze kaart geeft aan dat je hoopt op verschillende bronnen van geld en deze keer zul je geluk hebben en zul je nieuwe bronnen van inkomsten ontvangen. Je zult moeten nadenken over financiële doelstellingen op lange termijn en er zullen bepaalde plannen of ondernemingen op je pad komen. </ACE-OF-PENTACLES-ONE >
<TWO-OF-PENTACLES-ONE >Deze kaart laat zien dat je zowel in een proces van financiële planning in het bedrijfsleven als in het persoonlijke leven zit en dat je instemming van de betrokken mensen zult krijgen. Als je van plan bent om een nieuwe investering te doen, dan zullen er heel wat kosten bij betrokken zijn. Je moet daarom je uitgaven onder controle houden. </TWO-OF-PENTACLES-ONE >
<THREE-OF-PENTACLES-ONE >Deze kaart geeft aan dat er geld uit een onverwachte hoek naar je toe zal komen en dat je steun zult krijgen van je gezin en collega's. Je zult ook proberen om een bron van extra inkomsten te vinden en je kunt in deze zoektocht een lopend project of activiteit openen of een nieuwe opstarten. </THREE-OF-PENTACLES-ONE >
<FOUR-OF-PENTACLES-ONE >Deze kaart toont aan dat er op het gebied van geldtransfers veel activiteit zal zijn. Je zult om financieel winst te kunnen maken door heel veel papierwerk moet gaan, wat kan bestaan uit een aantal juridische formaliteiten. Je financiën zullen stabiel zijn en je zult genoeg hebben om zorg te dragen voor je reguliere uitgaven. </FOUR-OF-PENTACLES-ONE >
<FIVE-OF-PENTACLES-ONE >Deze kaart geeft aan dat je geld zult uitgeven aan jezelf of aan verwennerij. Jouw financiën zullen op orde zijn, als je in staat bent om al je uitgaven te dekken en het geluk kan als je je ontwikkelt, ondanks alle problemen en hindernissen, ook aan je zijde staan. </FIVE-OF-PENTACLES-ONE >
<SIX-OF-PENTACLES-ONE >Deze kaart geeft aan dat je financieel een moeilijke tijd kunt doormaken omdat je problemen kunt hebben. Je vrienden kunnen je voor lief nemen en je je geld niet teruggeven of je kunt misschien niet op tijd de huurgelden ontvangen. Dit kan leiden tot boosheid en depressie en er kunnen ook een aantal conflicten ontstaan. Aanbevolen wordt dat je in een dergelijke situatie je hoofd koel houdt. </SIX-OF-PENTACLES-ONE >
<SEVEN-OF-PENTACLES-ONE >Deze kaart laat zien dat dingen, met betrekking tot financiën, in het begin heel somber lijken en dat de dingen ook vaag en onduidelijk kunnen zijn. Maar je zult binnenkort, met de hulp en de begeleiding van een vriend of familielid, een soort van financieel gewin uit zakelijke of persoonlijke ondernemingen krijgen en dit zal je nieuwe hoop geven. </SEVEN-OF-PENTACLES-ONE >
<EIGHT-OF-PENTACLES-ONE >Deze kaart laat zien dat je tijdelijk geluk zult hebben, als het gaat om je financiële situatie en er zullen met betrekking tot geld geen spanningen meer zijn. Je zult winst maken en je zult uiteindelijk de dingen kopen, die je wilde kopen. De sleutel tot een gelukkig leven is tevreden zijn met wat je krijgt en dit geldt zeker voor een tijdje ook voor jouw. </EIGHT-OF-PENTACLES-ONE >
<NINE-OF-PENTACLES-ONE >Deze kaart geeft aan dat je nu veel geluk hebt en dat de dingen op financieel gebied in de juiste richting lijken te stromen. Als je financiële problemen had, dan zullen die nu voorbij zijn en er zal binnenkort ook goed nieuws jouw kant opkomen. </NINE-OF-PENTACLES-ONE >
<TEN-OF-PENTACLES-ONE >Deze kaart laat zien dat er een goed evenwicht zal zijn tussen jouw inkomsten en jouw uitgaven en dat je aandacht zult moeten besteden aan diverse huishoudelijke rekeningen, die het meeste van je geld opslurpen. Als er een aankoop was waarmee je hebt gewacht om die te doen of een belangrijke beslissing met betrekking tot geld, dan kun je nu je gang gaan. </TEN-OF-PENTACLES-ONE >
<PAGE-OF-PENTACLES-ONE >Deze kaart geeft aan dat jouw financiën nu goed in balans zijn, maar er zullen momenten zijn waarop je voelt dat het onvoldoende is. Deze kunnen het zwaar voor je maken en leiden tot heftige reacties. Je zult een beetje moeten kalmeren omdat deze kaart suggereert dat er goede tijden aan zullen komen. </PAGE-OF-PENTACLES-ONE >
<KNIGHT-OF-PENTACLES-ONE >Deze kaart suggereert dat er niet al te veel problemen zijn met jouw financiële toestand. Hoewel er enkele partijen kunnen zijn die niet bereid zijn om het geld terug te geven en dit een punt van zorg kan zijn. Je mag dan nu niet zelfverzekerd zijn, maar binnenkort lacht het geluk je weer toe. </KNIGHT-OF-PENTACLES-ONE >
<QUEEN-OF-PENTACLES-ONE >Deze kaart laat zien, dat als je geld krijgt van iemand of dat als je geld verloren hebt, dat het dan zeer waarschijnlijk is dat de dingen worden opgehelderd en de zaken zullen worden opgelost. Je zult je geld terugkrijgen en je kunt ook een aantal kleine geldelijke winsten of een verhoging van de inkomsten verwachten. </QUEEN-OF-PENTACLES-ONE >
<KING-OF-PENTACLES-ONE >Deze kaart geeft aan dat er, met betrekking tot je financiën, nauwelijks problemen zullen zijn. Er zullen verschillende winstgevende mogelijkheden op je afkomen, maar je zult ze met zorg moeten identificeren. Aanbevolen wordt dat je je transacties in je huis of een plaats binnen de omgeving uitvoert, omdat dit gunstig voor jou kan zijn. </KING-OF-PENTACLES-ONE >
<ACE-OF-SWORDS-ONE >Deze kaart geeft aan dat zaken, in verband met geld of jouw financiën, niet zullen gaan op de manier waarop je dat verwacht. Er is enige bezorgdheid met betrekking tot de kosten, vooral de onverwachte. Jouw inkomen zal stabiel zijn, maar je zult hard moeten streven om een evenwicht te vinden tussen je inkomsten en je groeiende uitgaven. </ACE-OF-SWORDS-ONE >
<TWO-OF-SWORDS-ONE >Deze kaart laat zien dat jouw financiën op orde zijn en dat er niet veel is om je zorgen over te maken. Hoewel er een kwestie kan zijn die reden tot bezorgdheid geeft over een nieuwe onderneming of samenwerking zullen zul je sceptisch zijn over het nemen van een duidelijk besluit. </TWO-OF-SWORDS-ONE >
<THREE-OF-SWORDS-ONE >Deze kaart geeft aan dat dit, met betrekking tot je financiën, een goede periode zal worden en dat er een constante geldstroom zal zijn. Je kunt geld verdienen uit de meest onverwachte bronnen of jouw oude onderneming zal beginnen met het genereren van winst. Als sommige van je debiteuren weigerachtig zijn om je geld terug te betalen, dan worden deze zaken snel opgelost. </THREE-OF-SWORDS-ONE >
<FOUR-OF-SWORDS-ONE >Deze kaart laat zien dat jouw inkomsten nu een beetje gestagneerd zijn. Er kan ook een situatie zijn waar je een ruzie over geld met je zakelijke partner of een debiteur kunt krijgen of er kan enige teleurstelling zijn als gevolg van een vertraging in de betalingen. Maar deze chaos zal spoedig tot een einde komen omdat jouw financiën na een tijdje stabiel zullen worden. </FOUR-OF-SWORDS-ONE >
<FIVE-OF-SWORDS-ONE >Deze kaart geeft aan dat je financiele situatie beter wordt omdat jouw inkomsten en uitgaven in evenwicht zullen zijn en omdat je ook inkomsten uit diverse andere bronnen zult krijgen. Maar ondanks dit zal er een gevoel van bewustzijn zijn over de financiën. Het wordt aanbevolen om je over je financiën niet te veel zorgen te maken en het een tijdje los te laten. </FIVE-OF-SWORDS-ONE >
<SIX-OF-SWORDS-ONE >Deze kaart laat zien dat je in een moeilijke tijd zit op het gebied van geld verdienen en dat je het lastig vindt om je uitgaven bij te houden, omdat het geluk met betrekking tot geld zich tegen je heeft gekeerd. Maar die tijden zullen spoedig veranderen en je zult heel wat geld verdienen zonder er al te veel voor hoeven te doen en daar zul je van genieten. </SIX-OF-SWORDS-ONE >
<SEVEN-OF-SWORDS-ONE >Deze kaart geeft aan dat je je een beetje nerveus of boos voelt, omdat je een aantal ongewenste beslissingen moet nemen, maar je kunt je zorgen achter je laten want het is zeer waarschijnlijk dat je de dingen snel oplost. Er kan ook een soort van geldelijk gewin op je afkomen of je zult misschien snel iets winnen. </SEVEN-OF-SWORDS-ONE >
<EIGHT-OF-SWORDS-ONE >Deze kaart laat zien dat je het gevoel hebt dat je inkomen stagneert en dat je nog te verwachte inkomsten zult krijgen. Je zult proberen om alternatieve wegen te vinden om een beetje extra geld te verdienen, om te zorgen dat je alles kunt doen wat je wilt. Er wordt aangegeven dat je hierin succesvol bent en dat je eindelijk een uitweg zult vinden. </EIGHT-OF-SWORDS-ONE >
<NINE-OF-SWORDS-ONE >Deze kaart geeft aan dat het je financieel beter dan ooit voor de wind gaat. Je zult goed verdienen met je gewone werk en je kunt binnenkort ook een loonsverhoging verwachten. Er kunnen een aantal nieuwe zakelijke deals gesloten worden, die zeer winstgevend zouden kunnen zijn of je kunt andere manieren vinden om geld mee te verdienen. </NINE-OF-SWORDS-ONE >
<TEN-OF-SWORDS-ONE >Deze kaart toont aan dat, als er sprake is van financiële problemen, je die nu moet aanpakken en dat ze binnenkort zullen worden opgelost. Er bestaat ook de kans dat je voor een verrassing komt te staan als je een soort van geldelijk gewin of speciale voordelen op het werk van een oude onderneming krijgt of een beoordeling krijgt die je extatisch van vreugde zal maken. </TEN-OF-SWORDS-ONE >
<PAGE-OF-SWORDS-ONE >Deze kaart geeft aan dat er, met betrekking tot je financiën, iets is wat je constant bezighoudt. Je zult je ongerust voelen over je financiële toestand en je zult proberen om jouw uitgaven te beteugelen. Maar dit lijkt een probleem dat maar niet ophoudt, omdat je niet in staat bent om het meteen op te lossen. </PAGE-OF-SWORDS-ONE >
<KNIGHT-OF-SWORDS-ONE >Deze kaart laat zien dat één van je vrienden of iemand in je buurt je een nieuw partnerschap zal aanbieden of je zal vragen om deel te nemen aan een nieuwe onderneming. Zij zullen een grote hulp blijken te zijn omdat ze niet te veel in ruil daarvoor zouden vragen en je zult je blij voelen door hun gebaar. </KNIGHT-OF-SWORDS-ONE >
<QUEEN-OF-SWORDS-ONE >Deze kaart geeft aan dat je op financieel gebied door door iemand bent bedrogen. Er kan een persoon zijn, die wat geld van je heeft geleend en niet bereid is om terug te betalen. Ook kun je vertraagde huurinkomsten of rekeningen mis lopen. Je kunt hierdoor ook geagiteerd worden en dit zou kunnen eindigen met een ruzie of een confrontatie. </QUEEN-OF-SWORDS-ONE >
<KING-OF-SWORDS-ONE >Deze kaart wijst erop dat je je nodig moet ontspannen en moet stoppen om je zorgen te maken over je financiën. Jouw inkomen zal stabiel zijn, maar toch zal er in het gezin en om je heen spanning zijn vanwege weerzinwekkende situaties, die je niet kunt vermijden. </KING-OF-SWORDS-ONE >
<ACE-OF-WANDS-ONE >Deze kaart geeft aan dat je financieel voordeel kunt verwachten. Deze winsten zullen gerelateerd zijn met je vaardigheden. Als je van plan bent om een tentoonstelling van jouw werk te houden of een uniek concept hebt voor jouw bedrijf hebt, dan is dit het juiste moment om het uit te voeren. </ACE-OF-WANDS-ONE >
<TWO-OF-WANDS-ONE >Deze kaart laat zien dat als je financiële geschillen hebt of andere problemen op financieel gebied, deze zullen worden opgelost en geregeld en dit zal je een opgelucht gevoel geven. Er bestaat de kans dat jouw winst in jouw bedrijf zal verhogen of dat je binnenkort een loonsverhoging krijgt. </TWO-OF-WANDS-ONE >
<THREE-OF-WANDS-ONE >Deze kaart wijst erop dat je in contact moet blijven met je vrienden en je collega's omdat zal blijken dat ze een grote financiële hulp kunnen zijn. Jouw bedrijf of werk zal beginnen te bloeien waardoor je meer winst maakt dan verwacht. Er zal een zakelijke deal worden afgesloten waardoor je die extra voordelen krijgt, waarnaar je zo gretig op zoek was. </THREE-OF-WANDS-ONE >
<FOUR-OF-WANDS-ONE >Deze kaart geeft aan dat jouw financiën nu stabiel zijn en dat je geld zult ontvangen van een flink aantal bronnen. Je zult geen problemen hebben bij het verkrijgen van je financiële transacties omdat je werk nu soepel verloopt en omdat je de dingen nu beter aanpakt dan je vroeger deed. </FOUR-OF-WANDS-ONE >
<FIVE-OF-WANDS-ONE >Deze kaart laat zien dat je financieel geluk zult hebben. Als je met enige vorm van financiële geschillen in verband met onroerend goed of investeringen te maken hebt, dan is het zeer waarschijnlijk dat je hierin een overhand zult hebben. Je zult je financiën goed beheren en dit zal je helpen om voldoende te sparen voor het verzorgen van je gezin. </FIVE-OF-WANDS-ONE >
<SIX-OF-WANDS-ONE >Deze kaart geeft aan dat er nog bepaalde kwesties liggen, die gerelateerd zijn aan jouw geld en die ergens worden opgehouden door iemand. Dit kan er voor zorgen dat je je enorm bezorgd maakt en er kunnen momenten zijn dat je gierig kunt optreden, zonder het te beseffen. Maar deze moeilijke tijd zal snel overgaan en jouw middelen zullen worden georganiseerd. </SIX-OF-WANDS-ONE >
<SEVEN-OF-WANDS-ONE >Deze kaart suggereert dat als er problemen of obstakels waren met betrekking tot jouw geld, dat ze binnenkort zullen zijn opgelost. Je zult de voordelen van je spaarplannen en slimme geldelijke bewegingen ervaren waardoor je je tevreden en gelukkig zult voelen en dit kan ook leiden tot een beetje verwennerij en dat verdien je! </SEVEN-OF-WANDS-ONE >
<EIGHT-OF-WANDS-ONE >Deze kaart geeft aan dat financieel, dingen zeer binnenkort ten goede zullen veranderen. Jouw financiële toestand zal meer opbloeien dan je had verwacht, omdat je nieuwe lucratieve deals in je bedrijf je zullen helpen om lofbetuigingen te verdienen en er zullen in de nabije toekomst ook veel bijeenkomsten zijn om bij te wonen. Winstgevende kansen zullen zich snel voordoen. </EIGHT-OF-WANDS-ONE >
<NINE-OF-WANDS-ONE >Deze kaart geeft aan dat jouw financiële situatie nu bijna in balans is. Binnenkort zul je winst maar ook verlies maken. Maar er zal geen reden tot bezorgdheid zijn, omdat je blijft verdienen om blij te blijven en te zorgen voor je dagelijkse uitgaven en omdat je succesvol zult zijn in het vinden van meer bronnen van inkomsten. </NINE-OF-WANDS-ONE >
<TEN-OF-WANDS-ONE >Deze kaart geeft aan dat je nu een beetje sceptisch bent met je geldtransacties omdat er wellicht een aanvaring met een klant of met een werkgever kan zijn wat zou kunnen leiden tot een aantal problemen. Je moet verder kijken dan deze lastige situaties om meer bronnen van inkomsten te krijgen en dit zal moeilijker zijn dan je dacht. </TEN-OF-WANDS-ONE >
<PAGE-OF-WANDS-ONE >Deze kaart laat zien dat je op bepaalde gebieden van je werk winst zult maken, terwijl sommige gebieden nog steeds zwak zullen blijven. Er kunnen ook problemen opduiken met banken of financiële documentatie. </PAGE-OF-WANDS-ONE >
<KNIGHT-OF-WANDS-ONE >Er zal geld binnenkomen van een aantal onverwachte bronnen, maar dit zal geen aanzienlijk bedrag zijn. De taak van het verzamelen van het geld van je debiteuren zal een beetje belastend worden en misschien krijg je niet wat je echt verwacht, wat voor een aantal aanvaringen kan zorgen en teleurstelling kan veroorzaken. </KNIGHT-OF-WANDS-ONE >
<QUEEN-OF-WANDS-ONE >Je kunt in de stemming zijn om geld uit te geven en jezelf meer te verwennen dan je had gepland en je creditcardfactuur kan dan ook als een schok komen. Dit kan je voor een tijdje boos maken en je zult gaan nadenken over alternatieven voor deze situatie. Maar jouw beslissing zal later in het leven daadwerkelijk gunstig voor je blijken te zijn. </QUEEN-OF-WANDS-ONE >
<KING-OF-WANDS-ONE >Deze kaart geeft aan dat je met je gewone werk geld zult verdienen, maar ook zult proberen om van andere bronnen de beste aanbiedingen te krijgen. Maar de markt is zeer veeleisend geworden en als je je eigen bedrijf hebt dan moet je een beetje moeite doen om nieuwe contacten en projecten binnen te halen. Voor mensen die in loondienst zijn, kan er geduchte concurrentie zijn die je binnenkort onder ogen moet zien. </KING-OF-WANDS-ONE >
<THE-MAGICIAN-ONE >Deze kaart geeft in termen van het bedrijfsleven en op financieel gebied een nieuw begin in je leven aan. Je kunt ervan verzekerd zijn dat jouw financiële inspanningen succesvol zullen zijn omdat de komende tijd in termen van nieuwe zakelijke ondernemingen en andere transacties voorspoed en succes toont. </THE-MAGICIAN-ONE >
<THE-HIGH-PRIESTESS-ONE >Deze kaart laat zien dat je voor een tijdje de dingen goed onder controle moet houden. Je kunt een pakketje, een e-mail of iets nieuws met betrekking tot je financiën verwachten. Dit kan een beetje langer duren dan je verwacht, maar uiteindelijk zul je de voordelen van het lange wachten plukken. </THE-HIGH-PRIESTESS-ONE >
<THE-EMPRESS-ONE >Deze kaart geeft aan dat je met je financiële transacties wat meer georganiseerd moet zijn en voorzichtig moet zijn met welke informatie je deelt met je partner of je collega. Maar je kunt je ontspannen omdat je binnenkort een behoorlijk bedrag kunt verwachten. </THE-EMPRESS-ONE >
<THE-EMPEROR-ONE >Deze kaart laat zien dat als je geld of geldelijke documenten vaststaan, deze binnenkort worden vrijgegeven. Het zal een reden zijn voor een feestje omdat je loonsverhoging of een soort van geldelijk gewin zult krijgen, dat je zal provoceren om jezelf een beetje te verwennen en je hoeft je hierover niet schuldig te voelen. </THE-EMPEROR-ONE >
<THE-HIEROPHANT-ONE >Deze kaart suggereert dat je je inkomen in evenwicht moet brengen door minder uit te geven en op je uitgaven te letten. Je zult een aantal problemen krijgen bij het verkrijgen van geld van je debiteuren. Hoewel je bezorgd zult zijn, zullen de financiële zaken nog steeds soepel verlopen. </THE-HIEROPHANT-ONE >
<THE-LOVERS-ONE >Deze kaart geeft aan dat er een goede geldstroom zal zijn, omdat je promoties, toegevoegde bonussen en andere voordelen kunt verwachten. Dit zal je helpen de financiële stabiliteit te bewaren en je zult je nu niet echt financieel geen zorgen meer hoeven te maken. Er zullen ook een aantal uitspattingen komen omdat je snel een reden hebt om dat te vieren. </THE-LOVERS-ONE >
<THE-CHARIOT-ONE >Je zult gestrest raken omdat je geld vast zal komen te zitten bij mensen en in andere transacties en dat het moeilijk zal zijn om het weer te innen. Dit kan ook leiden tot een aantal juridische kwesties die des te meer frustrerend zullen zijn. Maar de dingen zullen uiteindelijk opgelost worden en je harde werken zal worden beloond. Ook zul je uit onverwachte hoek een voordeeltje krijgen. </THE-CHARIOT-ONE >
<STRENGTH-ONE >Deze kaart geeft aan dat je, als het gaat om je financiele situatie, praktischer moet gaan denken. Dit is een goed moment om geld terug te vorderen van debiteuren die eerder zouden betalen, maar dat om verschillende redenen werd uitgesteld. Je zult al jouw financiële documenten organiseren, wat je enorm zal helpen bij het oplossen van een probleem. </STRENGTH-ONE >
<THE-HERMIT-ONE >Deze kaart laat zien dat je een aantal onverwachte inkomsten of bonussen krijgt. Dit zal je verbazen en aangenaam blij maken en dit kan ook een oorzaak zijn voor wat verwennerij of een feestje met vrienden en familie. Je kunt ook een vakantie plannen met je dierbaren als je geld van debiteuren komt. </THE-HERMIT-ONE >
<WHEEL-OF-FORTUNE-ONE >Deze kaart geeft aan dat er reden tot zorg zal zijn, als je bemerkt dat je bedrijf onvoldoende winst maakt en er een aantal lacunes zijn, die je eerder niet zag. Wat begeleiding en hulp van een geliefde zal je helpen om je financiële zorgen te overwinnen. </WHEEL-OF-FORTUNE-ONE >
<JUSTICE-ONE >Deze kaart laat zien dat je een financieel moeilijke tijd te wachten staat. Je zult zien dat jouw bedrijf het niet erg goed doet of dat andere bronnen van inkomsten op een bepaalde manier uitgeput raken. Er kunnen moeilijke tijden aanbreken die je onder ogen moet zien, maar ben er zeker van dat de tijden, zeker financieel gezien, snel zullen verbeteren. </JUSTICE-ONE >
<THE-HANGED-MAN-ONE >Deze kaart geeft aan dat je, hoewel zeer gering, een aantal financiële tegenvallers moet aanschouwen, omdat iemand je in zijn eigen voordeel heeft bedrogen of misleid. Maar je zult dit al snel realiseren en de nodige maatregelen treffen om te krijgen wat je verdient. </THE-HANGED-MAN-ONE >
<DEATH-ONE >Deze kaart laat zien dat er nu enige spanning zal zijn met betrekking tot geld. Het kan mogelijk zijn dat je onlangs een vreselijke financiële tegenvaller hebt gehad of dat iemand van wie je een enorme hoeveelheid geld krijgt, weggevlucht is. Deze situatie maakt je gespannen en alert. </DEATH-ONE >
<TEMPERANCE-ONE >Deze kaart geeft aan dat jouw geld op het moment rouleert. Het zal als een achtbaan aanvoelen, want op een bepaald moment heb je het geld en op een ander moment heb je niets. Dit kan een beetje chaotisch zijn in het begin, maar jouw bedrijf zal genoeg winst voor je opleveren om tevreden mee te zijn. </TEMPERANCE-ONE >
<THE-DEVIL-ONE >Deze kaart laat zien dat je momenteel veel financiële problemen hebt. Dit kan het gevolg zijn van een aantal ongelukkige beslissingen, een gezondheidsprobleem in de familie of andere juridische kwesties. Dit zal nog enige tijd aanhouden, maar dingen zullen snel verbeteren. </THE-DEVIL-ONE >
<THE-TOWER-ONE >Deze kaart geeft aan dat je met een financiële tegenvaller kunt worden geconfronteerd als gevolg van een aantal onverwachte uitgaven. Je zaken kunnen niet de vereiste winst maken en dit zal een grote zorg voor je zijn. Er bestaat ook de mogelijkheid dat je een van je belangrijkste klanten of het meest winstgevende project kunt verliezen. </THE-TOWER-ONE >
<THE-STAR-ONE >Je zult nieuwe projecten en zakelijke kansen krijgen, die zullen leiden tot goede inkomsten. Er is ook een mogelijkheid dat je winst maakt omdat de toekomst op het gebied van welvaart er rooskleurig uitziet. Je wordt geadviseerd dat je jezelf niet teveel verwend omdat je je misschien niet realiseert dat je te veel uit geeft. </THE-STAR-ONE >
<THE-MOON-ONE >Deze kaart geeft aan dat je als het gaat om jouw financiën een beetje ongelukkig bent met de gang van zaken. Er kan iemand zijn die zijn schuld aan jou terugbetaalt, maar weigert om de rente te betalen. Je hebt dat misschien al als vanzelfsprekend aangenomen, maar je weet hoe je je zin moet krijgen. </THE-MOON-ONE >
<THE-SUN-ONE >Deze kaart toont aan dat een stagnerende doorstroming van het geld zal worden opgelost en dat nieuwe kansen zich aandienen. Als je opgescheept zit met een aantal problemen met de bank of de toekenning van een lening, dan zal het waarschijnlijk worden opgelost. Nieuwe bronnen van inkomsten kunnen worden aangeboord en binnenkort zal er goed financieel nieuws via de post komen. </THE-SUN-ONE >
<JUDGEMENT-ONE >Deze kaart geeft aan dat dit een goede periode voor jouw financiën zal zijn. Als er geldelijke vonnissen worden doorgegeven, dan is het zeer waarschijnlijk dat ze zullen worden beslecht in jouw voordeel. Er zal geldelijke winst komen in de vorm van dividenden en de terugbetaling van schulden en jouw financiële toestand zal snel verbeteren. </JUDGEMENT-ONE >
<THE-WORLD-ONE >Deze kaart suggereert dat je uit de meest onverwachte hoek geld gaat ontvangen. Er kan een voordeeltje aankomen of je harde werken wordt in de vorm van een bonus beloond. Er zal geld stroomt uit diverse bronnen in kleine hoeveelheden aanwezig zijn. </THE-WORLD-ONE >
<THE-FOOL-ONE >Deze kaart geeft aan dat, als er geld was blijven steken op een plek, je dit binnenkort zult ontvangen. In deze periode kun je samen met je gezin of iemand in je buurt een nieuw bedrijf starten of besluiten om een grote investering te doen. Dit zal een cruciale beslissing in je leven worden, dus je wordt geadviseerd om de voors en tegens goed tegen elkaar af te wegen alvorens een stap te nemen.</THE-FOOL-ONE >
</ROOT>
