{
  "Ringtone" :
  [
    {
      "id" : "1",
      "mp3Url" : "https://raw.githubusercontent.com/SpartanUpdates/UplaodCodes/master/MyNameRingTone/Ringtone/Telugu/Aakalesi_Telugu.mp3",
      "name" : "Aakalesi_Telugu"
    },
    {
      "id" : "2",
      "mp3Url" : "https://raw.githubusercontent.com/SpartanUpdates/UplaodCodes/master/MyNameRingTone/Ringtone/Telugu/Ammaye_Telugu.mp3",
      "name" : "Ammaye_Telugu"
    },
	{
      "id" : "3",
      "mp3Url" : "https://raw.githubusercontent.com/SpartanUpdates/UplaodCodes/master/MyNameRingTone/Ringtone/Telugu/Anu_Baby_Telugu.mp3",
      "name" : "Anu_Baby_Telugu"
    },
    {
      "id" : "4",
      "mp3Url" : "https://raw.githubusercontent.com/SpartanUpdates/UplaodCodes/master/MyNameRingTone/Ringtone/Telugu/Dache_Unchena_Telugu.mp3",
      "name" : "Dache_Unchena_Telugu"
    },
	{
      "id" : "5",
      "mp3Url" : "https://raw.githubusercontent.com/SpartanUpdates/UplaodCodes/master/MyNameRingTone/Ringtone/Telugu/Guppeta_Telugu.mp3",
      "name" : "Guppeta_Telugu"
    },
    {
      "id" : "6",
      "mp3Url" : "https://raw.githubusercontent.com/SpartanUpdates/UplaodCodes/master/MyNameRingTone/Ringtone/Telugu/Kaadaannaa_Telugu.mp3",
      "name" : "Kaadaannaa_Telugu"
    },
	{
      "id" : "7",
      "mp3Url" : "https://raw.githubusercontent.com/SpartanUpdates/UplaodCodes/master/MyNameRingTone/Ringtone/Telugu/Kaatuka_Kallanu_Telugu.mp3",
      "name" : "Kaatuka_Kallanu_Telugu"
    },
    {
      "id" : "8",
      "mp3Url" : "https://raw.githubusercontent.com/SpartanUpdates/UplaodCodes/master/MyNameRingTone/Ringtone/Telugu/Kala_Anuko_Telugu.mp3",
      "name" : "Kala_Anuko_Telugu"
    },
	{
      "id" : "9",
      "mp3Url" : "https://raw.githubusercontent.com/SpartanUpdates/UplaodCodes/master/MyNameRingTone/Ringtone/Telugu/Kalla_Mitai_Telugu.mp3",
      "name" : "Kalla_Mitai_Telugu"
    },
    {
      "id" : "10",
      "mp3Url" : "https://raw.githubusercontent.com/SpartanUpdates/UplaodCodes/master/MyNameRingTone/Ringtone/Telugu/Kamma_Karai_Telugu.mp3",
      "name" : "Kamma_Karai_Telugu"
    },
	{
      "id" : "11",
      "mp3Url" : "https://raw.githubusercontent.com/SpartanUpdates/UplaodCodes/master/MyNameRingTone/Ringtone/Telugu/Life_Anedhe_Telugu.mp3",
      "name" : "Life_Anedhe_Telugu"
    },
    {
      "id" : "12",
      "mp3Url" : "https://raw.githubusercontent.com/SpartanUpdates/UplaodCodes/master/MyNameRingTone/Ringtone/Telugu/Maatalona_Telugu.mp3",
      "name" : "Maatalona_Telugu"
    },
	{
      "id" : "13",
      "mp3Url" : "https://raw.githubusercontent.com/SpartanUpdates/UplaodCodes/master/MyNameRingTone/Ringtone/Telugu/Maruvaka_Telugu.mp3",
      "name" : "Maruvaka_Telugu"
    },
    {
      "id" : "14",
      "mp3Url" : "https://raw.githubusercontent.com/SpartanUpdates/UplaodCodes/master/MyNameRingTone/Ringtone/Telugu/Na_Pranam_Telugu.mp3",
      "name" : "Na_Pranam_Telugu"
    },
	{
      "id" : "15",
      "mp3Url" : "https://raw.githubusercontent.com/SpartanUpdates/UplaodCodes/master/MyNameRingTone/Ringtone/Telugu/Na_Premanu_Telugu.mp3",
      "name" : "Na_Premanu_Telugu"
    },
    {
      "id" : "16",
      "mp3Url" : "https://raw.githubusercontent.com/SpartanUpdates/UplaodCodes/master/MyNameRingTone/Ringtone/Telugu/Nekko_Dhamena_Telugu.mp3",
      "name" : "Nekko_Dhamena_Telugu"
    },
	{
      "id" : "17",
      "mp3Url" : "https://raw.githubusercontent.com/SpartanUpdates/UplaodCodes/master/MyNameRingTone/Ringtone/Telugu/Ninaa_Dhaka_Telugu.mp3",
      "name" : "Ninaa_Dhaka_Telugu"
    },
    {
      "id" : "18",
      "mp3Url" : "https://raw.githubusercontent.com/SpartanUpdates/UplaodCodes/master/MyNameRingTone/Ringtone/Telugu/Ninnu_Telugu.mp3",
      "name" : "Ninnu_Telugu"
    },
	{
      "id" : "19",
      "mp3Url" : "https://raw.githubusercontent.com/SpartanUpdates/UplaodCodes/master/MyNameRingTone/Ringtone/Telugu/Nuvu_Ivvari_Telugu.mp3",
      "name" : "Nuvu_Ivvari_Telugu"
    },
    {
      "id" : "20",
      "mp3Url" : "https://raw.githubusercontent.com/SpartanUpdates/UplaodCodes/master/MyNameRingTone/Ringtone/Telugu/O_Rangula_Telugu.mp3",
      "name" : "O_Rangula_Telugu"
    },
	{
      "id" : "21",
      "mp3Url" : "https://raw.githubusercontent.com/SpartanUpdates/UplaodCodes/master/MyNameRingTone/Ringtone/Telugu/Ohh_Cute_Telugu.mp3",
      "name" : "Ohh_Cute_Telugu"
    },
    {
      "id" : "22",
      "mp3Url" : "https://raw.githubusercontent.com/SpartanUpdates/UplaodCodes/master/MyNameRingTone/Ringtone/Telugu/Padara_Padara_Telugu.mp3",
      "name" : "Padara_Padara_Telugu"
    },
	{
      "id" : "23",
      "mp3Url" : "https://raw.githubusercontent.com/SpartanUpdates/UplaodCodes/master/MyNameRingTone/Ringtone/Telugu/Remix_Aaakalesi_Telugu.mp3",
      "name" : "Remix_Aaakalesi_Telugu"
    },
    {
      "id" : "24",
      "mp3Url" : "https://raw.githubusercontent.com/SpartanUpdates/UplaodCodes/master/MyNameRingTone/Ringtone/Telugu/School_Kallle_Telugu.mp3",
      "name" : "School_Kallle_Telugu"
    },
	{
      "id" : "25",
      "mp3Url" : "https://raw.githubusercontent.com/SpartanUpdates/UplaodCodes/master/MyNameRingTone/Ringtone/Telugu/Thelisene_Telugu.mp3",
      "name" : "Thelisene_Telugu"
    },
    {
      "id" : "26",
      "mp3Url" : "https://raw.githubusercontent.com/SpartanUpdates/UplaodCodes/master/MyNameRingTone/Ringtone/Telugu/Tick_Tick_Tick_Telugu.mp3",
      "name" : "Tick_Tick_Tick_Telugu"
    },
	{
      "id" : "27",
      "mp3Url" : "https://raw.githubusercontent.com/SpartanUpdates/UplaodCodes/master/MyNameRingTone/Ringtone/Telugu/Vellake_Telugu.mp3",
      "name" : "Vellake_Telugu"
    }
  ]
}
