{
  "Ringtone" :
  [
    {
      "id" : "1",
      "mp3Url" : "https://raw.githubusercontent.com/SpartanUpdates/UplaodCodes/master/MyNameRingTone/Ringtone/Hindi/Aa_Jao_Mere_Soniye_Love.mp3",
      "name" : "Aa_Jao_Mere_Soniye_Love"
    },
    {
      "id" : "2",
      "mp3Url" : "https://raw.githubusercontent.com/SpartanUpdates/UplaodCodes/master/MyNameRingTone/Ringtone/Hindi/Ajanbi_Hai_To_Kya_Rock.mp3",
      "name" : "Ajanbi_Hai_To_Kya_Rock"
    },
	{
      "id" : "3",
      "mp3Url" : "https://raw.githubusercontent.com/SpartanUpdates/UplaodCodes/master/MyNameRingTone/Ringtone/Hindi/Akhiya_Soni_Teri_Rock.mp3",
      "name" : "Akhiya_Soni_Teri_Rock"
    },
    {
      "id" : "4",
      "mp3Url" : "https://raw.githubusercontent.com/SpartanUpdates/UplaodCodes/master/MyNameRingTone/Ringtone/Hindi/Are_koun_Thi_Bhai_Yohh_Rock.mp3",
      "name" : "Are_koun_Thi_Bhai_Yohh_Rock"
    },
	{
      "id" : "5",
      "mp3Url" : "https://raw.githubusercontent.com/SpartanUpdates/UplaodCodes/master/MyNameRingTone/Ringtone/Hindi/Ayi_Karib_Tu_Love.mp3",
      "name" : "Ayi_Karib_Tu_Love"
    },
    {
      "id" : "6",
      "mp3Url" : "https://raw.githubusercontent.com/SpartanUpdates/UplaodCodes/master/MyNameRingTone/Ringtone/Hindi/Chamka_Chamka_Rock.mp3",
      "name" : "Chamka_Chamka_Rock"
    },
	{
      "id" : "7",
      "mp3Url" : "https://raw.githubusercontent.com/SpartanUpdates/UplaodCodes/master/MyNameRingTone/Ringtone/Hindi/Chhori_Tere_Pichhe_Aau_Re_Rock.mp3",
      "name" : "Chhori_Tere_Pichhe_Aau_Re_Rock"
    },
    {
      "id" : "8",
      "mp3Url" : "https://raw.githubusercontent.com/SpartanUpdates/UplaodCodes/master/MyNameRingTone/Ringtone/Hindi/Chori_Chori_Chupkke_Se_Rock.mp3",
      "name" : "Chori_Chori_Chupkke_Se_Rock"
    },
	{
      "id" : "9",
      "mp3Url" : "https://raw.githubusercontent.com/SpartanUpdates/UplaodCodes/master/MyNameRingTone/Ringtone/Hindi/Dheere_Dheere_Love.mp3",
      "name" : "Dheere_Dheere_Love"
    },
    {
      "id" : "10",
      "mp3Url" : "https://raw.githubusercontent.com/SpartanUpdates/UplaodCodes/master/MyNameRingTone/Ringtone/Hindi/Dil_Jan_hai_Love.mp3",
      "name" : "Dil_Jan_hai_Love"
    },
	{
      "id" : "11",
      "mp3Url" : "https://raw.githubusercontent.com/SpartanUpdates/UplaodCodes/master/MyNameRingTone/Ringtone/Hindi/Dil_Ko_Sandookon_Love.mp3",
      "name" : "Dil_Ko_Sandookon_Love"
    },
    {
      "id" : "12",
      "mp3Url" : "https://raw.githubusercontent.com/SpartanUpdates/UplaodCodes/master/MyNameRingTone/Ringtone/Hindi/Dil_Yeh_Gayab_Ho_Gaya_Rock.mp3",
      "name" : "Dil_Yeh_Gayab_Ho_Gaya_Rock"
    },
	{
      "id" : "13",
      "mp3Url" : "https://raw.githubusercontent.com/SpartanUpdates/UplaodCodes/master/MyNameRingTone/Ringtone/Hindi/Duniya_Ko_Bhul_Ke_Rock.mp3",
      "name" : "Duniya_Ko_Bhul_Ke_Rock"
    },
    {
      "id" : "14",
      "mp3Url" : "https://raw.githubusercontent.com/SpartanUpdates/UplaodCodes/master/MyNameRingTone/Ringtone/Hindi/Ek_Tha_Ladka_Rock.mp3",
      "name" : "Ek_Tha_Ladka_Rock"
    },
	{
      "id" : "15",
      "mp3Url" : "https://raw.githubusercontent.com/SpartanUpdates/UplaodCodes/master/MyNameRingTone/Ringtone/Hindi/Ek_Uncha_Lamba_Kad_Rock.mp3",
      "name" : "Ek_Uncha_Lamba_Kad_Rock"
    },
    {
      "id" : "16",
      "mp3Url" : "https://raw.githubusercontent.com/SpartanUpdates/UplaodCodes/master/MyNameRingTone/Ringtone/Hindi/Gora_Gora_Rang_Tera_Rock.mp3",
      "name" : "Gora_Gora_Rang_Tera_Rock"
    },
	{
      "id" : "17",
      "mp3Url" : "https://raw.githubusercontent.com/SpartanUpdates/UplaodCodes/master/MyNameRingTone/Ringtone/Hindi/Ha_Lal_Meri_Pat_Rock.mp3",
      "name" : "Ha_Lal_Meri_Pat_Rock"
    },
    {
      "id" : "18",
      "mp3Url" : "https://raw.githubusercontent.com/SpartanUpdates/UplaodCodes/master/MyNameRingTone/Ringtone/Hindi/Hay_Ni_Haye_Nakhara_Tera_Ni_Rock.mp3",
      "name" : "Hay_Ni_Haye_Nakhara_Tera_Ni_Rock"
    },
	{
      "id" : "19",
      "mp3Url" : "https://raw.githubusercontent.com/SpartanUpdates/UplaodCodes/master/MyNameRingTone/Ringtone/Hindi/Jabse_Hui_Mulakat_Rock.mp3",
      "name" : "Jabse_Hui_Mulakat_Rock"
    },
    {
      "id" : "20",
      "mp3Url" : "https://raw.githubusercontent.com/SpartanUpdates/UplaodCodes/master/MyNameRingTone/Ringtone/Hindi/Jeene_Ke_Hai_Char_Din_Rock.mp3",
      "name" : "Jeene_Ke_Hai_Char_Din_Rock"
    },
	{
      "id" : "21",
      "mp3Url" : "https://raw.githubusercontent.com/SpartanUpdates/UplaodCodes/master/MyNameRingTone/Ringtone/Hindi/Katteli_Teri_Akhiyan_Rock.mp3",
      "name" : "Katteli_Teri_Akhiyan_Rock"
    },
    {
      "id" : "22",
      "mp3Url" : "https://raw.githubusercontent.com/SpartanUpdates/UplaodCodes/master/MyNameRingTone/Ringtone/Hindi/Kehndi_Zalima_Rock.mp3",
      "name" : "Kehndi_Zalima_Rock"
    },
	{
      "id" : "23",
      "mp3Url" : "https://raw.githubusercontent.com/SpartanUpdates/UplaodCodes/master/MyNameRingTone/Ringtone/Hindi/Kudiyo_Ka_Nasha_Rock.mp3",
      "name" : "Kudiyo_Ka_Nasha_Rock"
    },
    {
      "id" : "24",
      "mp3Url" : "https://raw.githubusercontent.com/SpartanUpdates/UplaodCodes/master/MyNameRingTone/Ringtone/Hindi/Na_Julfo_Ki_Chaiya_Rock.mp3",
      "name" : "Na_Julfo_Ki_Chaiya_Rock"
    },
	{
      "id" : "25",
      "mp3Url" : "https://raw.githubusercontent.com/SpartanUpdates/UplaodCodes/master/MyNameRingTone/Ringtone/Hindi/Oh_Unchi_Sandal_Wali_Rock.mp3",
      "name" : "Oh_Unchi_Sandal_Wali_Rock"
    },
    {
      "id" : "26",
      "mp3Url" : "https://raw.githubusercontent.com/SpartanUpdates/UplaodCodes/master/MyNameRingTone/Ringtone/Hindi/Sohne_Tere_Rock.mp3",
      "name" : "Sohne_Tere_Rock"
    },
	{
      "id" : "27",
      "mp3Url" : "https://raw.githubusercontent.com/SpartanUpdates/UplaodCodes/master/MyNameRingTone/Ringtone/Hindi/Teri_Gali_Rock.mp3",
      "name" : "Teri_Gali_Rock"
    },
    {
      "id" : "28",
      "mp3Url" : "https://raw.githubusercontent.com/SpartanUpdates/UplaodCodes/master/MyNameRingTone/Ringtone/Hindi/Teri_Pyari_Pyari_Do_Akhiyan_Rock.mp3",
      "name" : "Teri_Pyari_Pyari_Do_Akhiyan_Rock"
    },
	{
      "id" : "29",
      "mp3Url" : "https://raw.githubusercontent.com/SpartanUpdates/UplaodCodes/master/MyNameRingTone/Ringtone/Hindi/Teri_To_Teri_Ta_Rock.mp3",
      "name" : "Teri_To_Teri_Ta_Rock"
    },
    {
      "id" : "30",
      "mp3Url" : "https://raw.githubusercontent.com/SpartanUpdates/UplaodCodes/master/MyNameRingTone/Ringtone/Hindi/Unchi_Udan_Rock.mp3",
      "name" : "Unchi_Udan_Rock"
    }
  ]
}
