<?xml version="1.0" encoding="utf-8" ?>
<ROOT>
<ACE-OF-CUPS-ONE >Kartu ini menunjukkan bahwa Anda akan mengambil beberapa langkah berani untuk memasuki usaha baru tanpa merasakan ketegangan terhadap risiko yang akan terjadi sehingga pada akhirnya proyek ini akan membantu Anda memenugi kebutuhan Anda. Ini adalah saat yang tepat untuk mengambil risiko karena Anda akan mendapatkan keuntungan finansial. </ACE-OF-CUPS-ONE >
<TWO-OF-CUPS-ONE >Setiap perselisihan keuangan atau perjanjian keuangan akan disepakati dan diselesaikan dan akan membuat Anda lega. Keuntungan Anda dalam bisnis dapat meningkat atau Anda mungkin segera mendapatkan kenaikan gaji. </TWO-OF-CUPS-ONE >
<THREE-OF-CUPS-ONE >Kartu ini menunjukkan bahwa sekarang Anda akan memiliki sumber pendapatan yang stabil dan Anda akan memiliki keseimbangan antara pendapatan dan pengeluaran. Akan ada aliran masuk uang yang cukup banyak melalui berbagai sumber kecil dan Anda akan merasa tercukupi. </THREE-OF-CUPS-ONE >
<FOUR-OF-CUPS-ONE >Kartu ini menunjukkan bahwa jika ada penyimpangan keuangan atau situasi mengenai keuangan maka Anda akan berada dalam posisi untuk menghadapinya dengan bijaksana. Anda akan sangat cerdik dan mampu menyelesaikan semua tugas dengan baik terutama dalam hal mengumpulkan uang atau dalam menyelesaikan masalah hukum yang berkaitan dengan uang. </FOUR-OF-CUPS-ONE >
<FIVE-OF-CUPS-ONE >Kartu ini menunjukkan bahwa Anda sekarang akan harus memberikan perhatian pada keuangan Anda dan status keuangan Anda akan tampak sedikit tidak stabil sekarang. Anda akan harus mengambil setiap langkah untuk mengontrol pengeluaran Anda dan hanya pendekatan praktis dan sederhana yang akan membantu Anda untuk melewati situasi ini. </FIVE-OF-CUPS-ONE >
<SIX-OF-CUPS-ONE >Kartu ini menunjukkan bahwa Anda tidak perlu banyak khawatir tentang keuangan Anda sekarang. Pengeluaran dan pendapatan akan di cek dan uang akan mengalir masuk dari berbagai arah. Anda akan merasa cukup dari penghasilan Anda dan bisa ada kejutan mendadak Anda dapatkan sehingga membuat Anda terkejut dengan kesenangan. </SIX-OF-CUPS-ONE >
<SEVEN-OF-CUPS-ONE >Kartu ini menunjukkan bahwa Anda akan mengalami semacam krisis kecil terkait dengan pengeluaran Anda, tetapi Anda akan mampu mengatasinya. Tidak perlu banyak khawatir karena semua hal akan diperbaiki segera dan ada juga kemungkinan bahwa Anda akan menghasilkan keuntungan kecil dari berbagai sumber. </SEVEN-OF-CUPS-ONE >
<EIGHT-OF-CUPS-ONE >Kartu ini menunjukkan bahwa Anda akan harus memperhatikan pengeluaran Anda karena Anda mungkin menemukan situasi di mana pengeluaran Anda hanya akan terus meningkat bahkan jika Anda mencoba berhemat. Anda akan merasa bahwa penghasilan Anda tidak cukup untuk mengimbangi pengeluaran Anda dan situasi ini juga dapat membuat Anda sedikit kecewa dan tidak puas. </EIGHT-OF-CUPS-ONE >
<NINE-OF-CUPS-ONE >Kartu ini menunjukkan bahwa Anda akan harus menghadapi sedikit ketidakpuasan dalam hal keuntungan finansial. Anda akan mendapatkan uang dari salah satu debitur Anda tapi mungkin ada beberapa argumen terkait pembagian uang. Tapi Anda akan menyelesaikan situasi ini dengan baik dan masalah akan terselesaikan. </NINE-OF-CUPS-ONE >
<TEN-OF-CUPS-ONE >Kartu ini menunjukkan bahwa Anda akan ingin membiarkan diri Anda untuk dapat menghabiskan uang Anda sedikit lebih banyak dari biasanya dan akan menikmati untuk memanjakan diri. Anda juga mungkin berakhir membeli hadiah untuk orang yang dicintai dan belanja tidak akan mengganggu Anda keuangan Anda karena penghasilan Anda akan meningkat dan memungkinkan Anda untuk memanjakan sedikit keluarga dan teman-teman Anda. </TEN-OF-CUPS-ONE >
<PAGE-OF-CUPS-ONE >Anda akan mendapatkan promosi atau semacam sebuah peningkatan dan ini mungkin terjadi dalam waktu dekat dan akan ada lebih banyak kesempatan mengetuk pintu Anda, sehingga tidak akan ada banyak alasan untuk khawatir. </PAGE-OF-CUPS-ONE >
<KNIGHT-OF-CUPS-ONE >Kartu ini menunjukkan bahwa Anda memiliki keberuntungan di langkah Anda terkait kondisi keuangan Anda. Anda akan mendapatkan kejutan menyenangkan terkait keuangan seperti kenaikan gaji, peningkatan keuntungan atau mendapat sejumlah besar uang dari sumber yang tak terduga. Jika terdapat uang milik Anda yang tertahan di luar sana, maka niscaya akan kembali kepada Anda. </KNIGHT-OF-CUPS-ONE >
<QUEEN-OF-CUPS-ONE >Kartu ini menunjukkan bahwa Anda tidak akan merasa rentan finansial dalam waktu dekat ini. Akan ada banyak orang yang siap untuk membantu Anda apabila terjadi krisis keuangan atau jika Anda sedang mencari beberapa petunjuk untuk investasi maka Anda akan mendapatkannya dari orang yang tepat. Anda tidak akan memiliki terlalu banyak masalah untuk menerima komisi atau uang dari beberapa sumber lain. </QUEEN-OF-CUPS-ONE >
<KING-OF-CUPS-ONE >Kartu ini menunjukkan bahwa Anda akan mendapatkan uang dari pekerjaan Anda atau usaha baru. Jika Anda membuat transaksi baru atau menandatangani kontrak baru maka Anda perlu berhati-hati terkait dokumentasi dan semua syarat ketentuan karena ada beberapa elemen yang mungkin membatasi gerak Anda. </KING-OF-CUPS-ONE >
<ACE-OF-PENTACLES-ONE >Kartu ini menunjukkan bahwa doa Anda yang mengharap untuk mendapat uang akan terkabul dan Anda akan menerima sumber pendapatan baru. Anda akan berpikir tentang tujuan keuangan jangka panjang dan akan ada rencana tertentu atau usaha yang mungkin datang pada Anda. </ACE-OF-PENTACLES-ONE >
<TWO-OF-PENTACLES-ONE >Kartu ini menunjukkan bahwa Anda akan berada dalam proses perencanaan keuangan dalam bisnis dan dalam kehidupan pribadi dan Anda akan mendapatkan persetujuan dari orang terkait perencanaan tersebut. Jika ada kemungkinan Anda sedang merencanakan investasi baru maka akan membutuhkan banyak biaya. Anda akan harus menjaga pengeluaran Anda. </TWO-OF-PENTACLES-ONE >
<THREE-OF-PENTACLES-ONE >Kartu ini menunjukkan uang akan datang kepada Anda dari sumber-sumber yang tak terduga dan Anda akan memiliki dukungan dari keluarga dan kolega. Anda juga akan mencoba untuk menemukan sumber pendapatan tambahan dan dapat membuka peluang bagi proyek atau kegiatan yang tertunda dalam pencarian ini atau mungkin memulai sesuatu yang baru. </THREE-OF-PENTACLES-ONE >
<FOUR-OF-PENTACLES-ONE >Kartu ini menunjukkan bahwa akan ada banyak kegiatan yang berkaitan dengan transfer uang. Anda akan harus melalui banyak dokumen yang mungkin termasuk beberapa formalitas hukum untuk mendapatkan keuntungan finansial. Anda akan menemukan stabilitas dalam keuangan dan Anda akan memiliki cukup uang untuk menutupi pengeluaran rutin Anda. </FOUR-OF-PENTACLES-ONE >
<FIVE-OF-PENTACLES-ONE >Kartu ini menunjukkan bahwa Anda mungkin mengeluarkan sejumlah uang pada peningkatan kualitas diri dan memuaskan keinginan pribadi. Satus keuangan Anda akan berada di tempat yang seharusnya, Anda akan dapat menutupi semua pengeluaran Anda dan keberuntungan juga mungkin di sisi Anda saat Anda dapat mengatasi banyak masalah dan rintangan. </FIVE-OF-PENTACLES-ONE >
<SIX-OF-PENTACLES-ONE >Kartu ini menunjukkan bahwa Anda akan melalui saat yang sulit karena Anda mungkin memiliki masalah. Teman-teman Anda mungkin menganggap Anda tidak penting dan tidak mengembalikan uang Anda atau Anda mungkin tidak mendapatkan uang sewa tepat waktu. Hal ini dapat menyebabkan kejengkelan dan beberapa gangguan mental dan juga menimbulkan beberapa konflik. Disarankan Anda tetap tenang dalam situasi seperti ini. </SIX-OF-PENTACLES-ONE >
<SEVEN-OF-PENTACLES-ONE >Kartu ini menunjukkan bahwa di awal semua hal akan tampak sangat suram berkaitan dengan keuangan dan mungkin tampak kabur dan tidak jelas. Tapi akan segera menjadi semacam keuntungan finansial melalui bisnis atau usaha pribadi dengan bantuan dan bimbingan dari seseorang yang dekat dan ini akan memberi Anda harapan baru. </SEVEN-OF-PENTACLES-ONE >
<EIGHT-OF-PENTACLES-ONE >Kartu ini menunjukkan bahwa Anda akan beruntung dalam aspek keuangan untuk sementara waktu dan tidak akan ada ketegangan mengenai uang. Akan ada beberapa keuntungan keuangan atau Anda akhirnya akan membeli hal-hal yang Anda inginkan. Kunci untuk hidup bahagia adalah merasa cukup dengan apa yang Anda dapatkan dan ini akan menjadi kenyataan bagi Anda untuk sementara waktu. </EIGHT-OF-PENTACLES-ONE >
<NINE-OF-PENTACLES-ONE >Kartu ini menunjukkan bahwa Anda akan memiliki sejumlah keberuntungan dan semua hal akan tampak mengalir ke arah yang benar bahkan yang terkait keuangan. Jika Anda memiliki segala jenis masalah keuangan maka akan terselesaikan dan juga akan ada beberapa kabar baik segera tiba. </NINE-OF-PENTACLES-ONE >
<TEN-OF-PENTACLES-ONE >Kartu ini menunjukkan bahwa akan ada keseimbangan yang adil antara penghasilan dan pengeluaran dan Anda akan harus memilah berbagai tagihan rumah tangga yang akan menghabiskan sebagian dari uang Anda. Jika ada beberapa pembelian yang Anda sedang tunggu untuk dilaksanaka atau beberapa keputusan penting mengenai uang maka keduangan akan dilakukan. </TEN-OF-PENTACLES-ONE >
<PAGE-OF-PENTACLES-ONE >Kartu ini menunjukkan bahwa keuangan Anda akan seimbang saat ini tapi akan ada saat-saat ketika Anda mungkin merasa tidak cukup. Situasi ini dapat memperburuk Anda dan menyebabkan reaksi yang kuat. Anda perlu tenang sedikit seperti yang kartu ini tunjukan bahwa waktu baik akan segera tiba. </PAGE-OF-PENTACLES-ONE >
<KNIGHT-OF-PENTACLES-ONE >Kartu ini menunjukkan bahwa tidak akan ada banyak masalah dengan kondisi keuangan Anda. Meskipun mungkin ada beberapa pihak yang tidak akan bersedia untuk mengembalikan uang Anda dan ini mungkin menjadi akan menjadi masalah. Anda mungkin tidak merasa yakin sekarang tapi akan segera ada beberapa keberuntungan datang pada Anda. </KNIGHT-OF-PENTACLES-ONE >
<QUEEN-OF-PENTACLES-ONE >Kartu ini menunjukkan bahwa jika uang Anda disimpan oleh seseorang atau hilang di suatu tempat maka kemungkinan besar akan segera terselesaikan. Anda akan mendapatkan uang Anda kembali dan Anda juga dapat mengharapkan beberapa keuntungan keuangan kecil atau peningkatan pendapatan. </QUEEN-OF-PENTACLES-ONE >
<KING-OF-PENTACLES-ONE >Kartu ini menunjukkan bahwa akan ada hampir tidak ada masalah yang berkaitan dengan keuangan Anda. Akan ada beberapa peluang yang menguntungkan pada Anda, tetapi Anda harus mengidentifikasi mereka dengan hati-hati. Disarankan Anda melakukan transaksi Anda di rumah atau di sekitar tempat tinggal karena ini terbukti memberikan keuntungan bagi Anda. </KING-OF-PENTACLES-ONE >
<ACE-OF-SWORDS-ONE >Kartu ini menunjukkan bahwa hal-hal yang berhubungan dengan uang atau keuangan Anda tidak akan berubah menjadi seperti yang Anda harapkan. Mungkin ada beberapa kekhawatiran yang terkait dengan biaya terutama yang tak terduga. Pendapatan Anda akan stabil tetapi Anda harus berusaha keras untuk menjaga keseimbangan antara aliran uang masuk dan pengeluaran. </ACE-OF-SWORDS-ONE >
<TWO-OF-SWORDS-ONE >Kartu ini menunjukkan bahwa keuangan Anda akan berada di tempat yang seharusnya dan perlu banyak khawatir. Meskipun mungkin ada masalah yang mungkin menjadi perhatian terkaiti usaha baru atau hutang dan akan ada beberapa hal yang membebani pikiran Anda dan Anda akan menjadi skeptis dalam mengambil keputusan tegas. </TWO-OF-SWORDS-ONE >
<THREE-OF-SWORDS-ONE >Kartu ini menunjukkan bahwa ini akan menjadi periode yang baik berkaitan dengan keuangan Anda dan akan ada aliran uang yang konstan. Anda dapat memperolehnya dari sumber-sumber yang paling tak terduga atau usaha lama Anda akan mulai menghasilkan keuntungan. Jika beberapa debitur Anda tidak bersedia untuk mengembalikan uang Anda maka masalah ini akan segera terselesaikan. </THREE-OF-SWORDS-ONE >
<FOUR-OF-SWORDS-ONE >Kartu ini menunjukkan bahwa sekarang aliran uang akan sedikit stagnan. Mungkin juga ada situasi di mana Anda dapat terlibat dalam sebuah argumen atas uang dengan mitra bisnis Anda atau debitur atau mungkin ada beberapa kekecewaan karena keterlambatan pembayaran. Tapi kekacauan ini akan segera berakhir karena keuangan Anda akan menjadi stabil setelah beberapa saat. </FOUR-OF-SWORDS-ONE >
<FIVE-OF-SWORDS-ONE >Kartu ini menunjukkan bahwa Anda akan puas secara finansial karena pendapatan dan pengeluaran Anda akan berada dalam keseimbangan dan Anda juga akan mendapatkan tambahan dari berbagai sumber lainnya. Namun, meskipun demikian akan ada rasa kesadaran tentang keuangan. Disarankan agar Anda tidak terlalu khawatir tentang keuangan Anda dan agak santai untuk sementara waktu. </FIVE-OF-SWORDS-ONE >
<SIX-OF-SWORDS-ONE >Kartu ini menunjukkan bahwa Anda mungkin akan mengalami waktu yang sulit untuk mendapatkan uang dan mengurus pengeluaran Anda karena tampaknya keberuntungan yang berkaitan dengan uang telah berbalik pada Anda. Tapi waktu akan segera berubah dan Anda akan menghasilkan beberapa dolar dengan hanya sedikit keberuntungan dan Anda akan menikmatinya. </SIX-OF-SWORDS-ONE >
<SEVEN-OF-SWORDS-ONE >Kartu ini menunjukkan bahwa Anda akan merasa sedikit gugup atau marah karena Anda mungkin harus mengambil beberapa keputusan yang tidak diinginkan tetapi Anda menyimpan kekhawatiran Anda karena kemungkinan besar Anda akan menyelesaikan masalah dengan cepat. Mungkin juga ada semacam keuntungan finansial datang pada Anda atau Anda akan memenangkan sesuatu dalam waktu dekat. </SEVEN-OF-SWORDS-ONE >
<EIGHT-OF-SWORDS-ONE >Kartu ini menunjukkan bahwa Anda akan merasa bahwa penghasilan Anda menjadi stagnan dan Anda mendapatkan penilaian yang diharapkan. Anda akan mencoba untuk menemukan rute alternatif untuk mendapatkan sedikit uang agar dapat memenuhi kebutuhan Anda. Kartu ini menunjukkan bahwa Anda akan berhasil dalam melakukannya dan akhirnya akan menemukan jalan keluar yang diperlukan. </EIGHT-OF-SWORDS-ONE >
<NINE-OF-SWORDS-ONE >Kartu ini menunjukkan bahwa saat ini akan menjadi salah satu saat terbaik dalam hidup Anda dalam hal keuangan. Anda akan mendapatkan hasil yang bagus dari pekerjaan rutin Anda dan Anda mungkin juga akan segera mendapatkan kenaikan gaji. Mungkin ada beberapa kesepakatan bisnis baru yang akan sangat menguntungkan atau Anda mungkin menemukan beberapa rute paralel untuk mendapatkan uang yang cukup banyak. </NINE-OF-SWORDS-ONE >
<TEN-OF-SWORDS-ONE >Kartu ini menunjukkan bahwa jika ada masalah keuangan yang sedang Anda hadapi saat ini maka mereka akan segera terselesaikan. Ada kemungkinan juga Anda mungkin terkejut mendapatkan keuntungan di tempat kerja dari usaha lama yang akan membuat Anda gembira dengan penuh sukacita. </TEN-OF-SWORDS-ONE >
<PAGE-OF-SWORDS-ONE >Kartu ini menunjukkan bahwa akan ada sesuatu yang berkaitan dengan keuangan yang akan selalu mengganggu Anda. Anda akan merasa khawatir dengan kondisi keuangan Anda dan Anda akan berusaha mengendalikan pengeluaran Anda. Tapi ini mungkin tampak seperti masalah yang tidak pernah berakhir karena tidak akan diselesaikan pada pertemuan pertama. </PAGE-OF-SWORDS-ONE >
<KNIGHT-OF-SWORDS-ONE >Kartu ini menunjukkan bahwa salah satu dari teman atau pasangan Anda akan menawarkan kesepakatan kemitraan baru atau berpartisipasi dalam usaha baru. Kesepakatan tersebut akan terbukti memberi dampak positif pada Anda karena kesepakatan tersebut tidak akan menuntut terlalu banyak di sisi Anda dan sebagai balasannya Anda akan merasa terpuaskan. </KNIGHT-OF-SWORDS-ONE >
<QUEEN-OF-SWORDS-ONE >Kartu ini menunjukkan bahwa Anda mungkin tertipu dalam masalah keuangan oleh seseorang. Mungkin ada orang yang telah meminjam sejumlah uang dari Anda atau tidak mau membayar uang sewa, tagihan atau material yang tertunda. Anda mungkin juga merasa terganggu dengan ini dan mungkin akan bertengkar atau berkonfrontasi. </QUEEN-OF-SWORDS-ONE >
<KING-OF-SWORDS-ONE >Kartu ini menunjukkan bahwa Anda perlu rileks dan berhenti memikirkan terlalu banyak tentang keuangan Anda. Penghasilan Anda akan stabil tapi tetap saja akan ada tekanan yang terjadi dalam keluarga dan di sekitar Anda karena beberapa situasi buruk yang mungkin tidak dapat Anda hindari. </KING-OF-SWORDS-ONE >
<ACE-OF-WANDS-ONE >Kartu ini menunjukkan bahwa Anda kemungkinan besar mendapatkan keuntungan finansial. Keuntungan ini akan terjadi karena sesuatu yang berhubungan dengan keahlian Anda. Jika Anda berencana untuk melakukan pameran karya Anda atau telah menemukan konsep unik dalam bisnis Anda, inilah saat yang tepat untuk menjalankannya. </ACE-OF-WANDS-ONE >
<TWO-OF-WANDS-ONE >Kartu ini menunjukkan bahwa jika Anda mengalami perselisihan keuangan atau memikirkan beberapa kesepakatan keuangan maka pada akhirnya semuanya akan disepakati dan diselesaikan dan ini akan membuat Anda merasa lega. Ada kemungkinan bahwa keuntungan Anda dalam bisnis akan meningkat atau Anda mungkin akan segera mendapatkan kenaikan gaji Anda. </TWO-OF-WANDS-ONE >
<THREE-OF-WANDS-ONE >Kartu ini menunjukkan untuk Anda tetap berhubungan dengan teman dan kolega Anda karena mereka akan terbukti sangat membantu keuangan Anda sekarang. Bisnis atau pekerjaan Anda akan mulai berkembang, memberikan Anda keuntungan lebih dari yang diharapkan. Akan ada kesepakatan bisnis yang akan membuat Anda mendapatkan keuntungan tambahan yang Anda harapkan. </THREE-OF-WANDS-ONE >
<FOUR-OF-WANDS-ONE >Kartu ini menunjukkan bahwa saat ini keuangan Anda akan stabil dan Anda akan menerima uang dari beberapa sumber. Anda tidak akan memiliki masalah dalam menyelesaikan urusan keuangan karena pekerjaan Anda akan berjalan lancar dan Anda akan melakukan jauh lebih baik daripada yang Anda lakukan sebelumnya. </FOUR-OF-WANDS-ONE >
<FIVE-OF-WANDS-ONE >Kartu ini menunjukkan bahwa Anda akan mendapat keuntungan terkait keuangan. Jika Anda memiliki jenis sengketa keuangan terkait dengan properti atau investasi maka kemungkinan besar akan berbalik menguntungkan Anda. Anda akan mengelola keuangan Anda dengan baik dan ini akan membantu Anda untuk cukup berhemat sehingga dapat memenuhi harapan keluarga Anda. </FIVE-OF-WANDS-ONE >
<SIX-OF-WANDS-ONE >Kartu ini menunjukkan bahwa akan ada beberapa masalah yang terkait dengan uang Anda yang dipegang oleh seseorang atau di suatu tempat. Hal ini dapat membuat Anda merasa sangat khawatir dan mungkin ada saat-saat ketika Anda dapat bertindak pelit tanpa menyadarinya. Tapi saat yang sulit ini akan segera berlalu dan dana Anda akan aman. </SIX-OF-WANDS-ONE >
<SEVEN-OF-WANDS-ONE >Kartu ini menunjukkan bahwa jika ada kesulitan atau hambatan dalam keuangan maka semuanya akan segera terselesaikan. Anda akan menuai keuntungan dari rencana tabungan Anda dan langkah-langkah keuangan yang cerdas akan membuat Anda merasa puas dan senang dan ini juga bisa menyebabkan sedikit kesenangan, tapi Anda pantas mendapatkannya! </SEVEN-OF-WANDS-ONE >
<EIGHT-OF-WANDS-ONE >Kartu ini menunjukkan bahwa segala sesuatunya akan segera berubah menjadi lebih baik. Kondisi keuangan Anda akan berkembang lebih dari yang Anda harapkan karena Anda akan membuat kesepakatan baru yang menguntungkan di perusahaan Anda yang akan membantu Anda memperoleh penghargaan dan akan ada banyak pertemuan untuk dihadiri dan menghasilkan keuntungan dalam waktu dekat. </EIGHT-OF-WANDS-ONE >
<NINE-OF-WANDS-ONE >Kartu ini menunjukkan bahwa kondisi keuangan Anda akan sekarang hampir seimbang karena Anda dapat menghasilkan beberapa keuntungan dan beberapa kerugian dalam waktu singkat. Tapi tidak akan ada kekhawatiran karena Anda akan menghasilkan sedikit keuntungan untuk tetap tenang dan mengurus pengeluaran harian Anda dan Anda akan berhasil menemukan lebih banyak sumber pendapatan. </NINE-OF-WANDS-ONE >
<TEN-OF-WANDS-ONE >Kartu ini menunjukkan bahwa Anda akan sedikit ragu dengan urusan uang Anda karena mungkin ada beberapa perseteruandengan klien atau bos Anda yang dapat menyebabkan beberapa masalah. Anda ingin melihat melampaui situasi sulit ini untuk mendapatkan lebih banyak sumber pendapatan tapi masalah ini akan terbukti lebih sulit dari yang Anda duga. </TEN-OF-WANDS-ONE >
<PAGE-OF-WANDS-ONE >Kartu ini menunjukkan bahwa Anda akan melihat keuntungan mengalir di bagian tertentu dari pekerjaan Anda, sementara beberapa area masih akan tetap tidak terlalu baik. Mungkin juga ada masalah dengan urusan bank atau dokumentasi keuangan. </PAGE-OF-WANDS-ONE >
<KNIGHT-OF-WANDS-ONE >Akan ada arus masuk uang dari beberapa sumber tak terduga tapi ini tidak akan cukup banyak. Tugas mengumpulkan uang dari debitur Anda akan menjadi sedikit berat dan Anda mungkin tidak mendapatkan apa yang benar-benar Anda harapkan, yang dapat menyebabkan beberapa argumen dan kekecewaan. </KNIGHT-OF-WANDS-ONE >
<QUEEN-OF-WANDS-ONE >Anda mungkin sedang dalam mood untuk berbelanja secara royal dan mungkin lebih memanjakan diri daripada yang Anda harapkan dan tagihan kartu kredit Anda mungkin akan mengejutkan. Hal ini dapat membuat Anda kesal untuk sementara dan Anda akan memikirkan alternatif untuk mengatasi situasi ini. Tapi keputusan Anda sebenarnya akan terbukti bermanfaat di kemudian hari. </QUEEN-OF-WANDS-ONE >
<KING-OF-WANDS-ONE >Kartu ini menunjukkan bahwa Anda akan menghasilkan uang dari pekerjaan rutin Anda tapi akan berusaha mendapatkan penawaran terbaik dari sumber lain. Tapi pasar pekerjaan akan menjadi sangat menuntut dan jika Anda memiliki bisnis maka Anda harus berjuang sedikit untuk mendapatkan kontak dan proyek baru. Bagi orang-orang yang dipekerjakan, mungkin ada persaingan ketat yang harus segera Anda hadapi. </KING-OF-WANDS-ONE >
<THE-MAGICIAN-ONE >Kartu ini menunjukkan permulaan baru dalam hidup Anda dalam hal bisnis dan juga urusan keuangan. Anda dapat yakin bahwa upaya keuangan Anda akan berhasil seiring waktu, karena masa depan menunjukkan kemakmuran dan kesuksesan dalam hal usaha bisnis baru dan urusan lainnya. </THE-MAGICIAN-ONE >
<THE-HIGH-PRIESTESS-ONE >Kartu ini menunjukkan bahwa Anda harus memeriksa keuangan Anda. Anda akan mengharapkan paket atau surat atau sesuatu yang berhubungan dengan keuangan Anda. Ini mungkin memakan waktu sedikit lebih lama dari yang Anda harapkan tapi pada akhirnya Anda akan menuai keuntungan dari penungguan Anda </THE-HIGH-PRIESTESS-ONE >
<THE-EMPRESS-ONE >Kartu ini menunjukkan bahwa Anda harus sedikit lebih terorganisir dengan urusan keuangan dan berhati-hatilah dengan informasi apa yang Anda bagikan dengan rekan bisnis atau kolega Anda. Tapi Anda bisa melepaskan ketegangan Anda seperti jumlah keuntungan akan segera menghampiri Anda. </THE-EMPRESS-ONE >
<THE-EMPEROR-ONE >Kartu ini menunjukkan bahwa jika uang Anda atau beberapa dokumen keuangan macet maka semuanya akan segera terselesaikan. Akan ada alasan untuk merayakannya karena Anda mungkin akan mendapatkan kenaikan gaji atau semacam keuntungan moneter yang akan membuat Anda merasa perlu untuk sedikit memanjakan diri, tapi Anda tidak perlu merasa bersalah. </THE-EMPEROR-ONE >
<THE-HIEROPHANT-ONE >Kartu ini menunjukkan bahwa Anda harus menyeimbangkan pendapatan dan pengeluaran Anda dan harus mengawasi pengeluaran Anda. Anda akan memiliki beberapa masalah dalam mendapatkan sejumlah uang dari debitur Anda. Meski Anda khawatir, semuanya akan berjalan lancar secara finansial. </THE-HIEROPHANT-ONE >
<THE-LOVERS-ONE >Kartu ini menunjukkan bahwa akan ada arus uang yang cukup baik karena Anda bisa mendapatkan promosi, bonus tambahan dan keuntungan lainnya. Ini akan membantu Anda menjaga stabilitas keuangan dan Anda tidak perlu khawatir kekurangan uang. Ada juga beberapa tambahan penghasilan dan Anda akan mendapatkan alasan untuk merayakannya. </THE-LOVERS-ONE >
<THE-CHARIOT-ONE >Anda akan merasa stres karena Anda akan terjebak dengan beberapa orang dan transaksi lainnya dan akan sulit untuk mendapatkannya kembali. Hal ini juga dapat menyebabkan beberapa masalah hukum yang akan semakin membuat frustrasi. Tapi akhirnya semua akan mereda karena kerja keras Anda dan Anda akan mendapatkan uang dari tempat tak terduga lainnya. </THE-CHARIOT-ONE >
<STRENGTH-ONE >Kartu ini menunjukkan bahwa Anda akan berpikir lebih praktis sekarang saat berhubungan dengan transaksi keuangan. Saat ini adalah saat yang tepat untuk mengembalikan uang dari debitur yang harus dibayar lebih awal namun tertunda karena berbagai alasan. Anda akan mengatur semua dokumen keuangan Anda yang akan sangat membantu Anda dalam masalah. </STRENGTH-ONE >
<THE-HERMIT-ONE >Kartu ini menunjukkan bahwa Anda akan mendapatkan beberapa pendapatan atau bonus tak terduga. Ini akan membuat Anda kaget dan sangat bahagia dan ini juga bisa menjadi alasan untuk menghabiskan uang untuk kesenangan atau semacam perayaan dengan teman dan keluarga. Anda juga bisa merencanakan liburan bersama orang yang Anda cintai karena uang Anda berasal dari debitur. </THE-HERMIT-ONE >
<WHEEL-OF-FORTUNE-ONE >Kartu ini menunjukkan bahwa akan ada kekhawatiran karena Anda akan melihat bahwa bisnis Anda tidak menghasilkan keuntungan yang cukup dan ada beberapa celah yang tidak Anda lihat sebelumnya. Beberapa panduan dan bantuan dari orang yang dicintai akan membantu Anda bangkit dari kekhawatiran finansial Anda. </WHEEL-OF-FORTUNE-ONE >
<JUSTICE-ONE >Kartu ini menunjukkan bahwa saat ini akan menjadi masa sulit bagi Anda secara finansial. Anda akan melihat bahwa bisnis Anda tidak berjalan dengan baik atau sumber pendapatan lainnya melemah. Mungkin ada beberapa masa sulit yang mungkin harus Anda hadapi tapi yakinlah bahwa waktu akan segera berubah menjadi lebih baik setidaknya secara keuangan. </JUSTICE-ONE >
<THE-HANGED-MAN-ONE >Kartu ini menunjukkan bahwa Anda harus menghadapi beberapa kerugian finansial meskipun sangat kecil karena seseorang mungkin telah menipu Anda atau menyesatkan Anda untuk kepentingan sendiri. Tapi Anda akan segera menyadarinya dan mengambil tindakan yang diperlukan untuk mendapatkan apa yang layak Anda dapatkan. </THE-HANGED-MAN-ONE >
<DEATH-ONE >Kartu ini menunjukkan bahwa akan ada beberapa ketegangan berkaitan dengan uang saat ini. Mungkin saja Anda mungkin mengalami kemunduran keuangan yang cukup parah baru-baru ini atau seseorang yang mengira akan mengembalikan sejumlah besar uang Anda telah melarikan diri. Situasi ini akan membuat Anda tetap waspada. </DEATH-ONE >
<TEMPERANCE-ONE >Kartu ini menunjukkan bahwa uang Anda akan berputar dengan rutin sekarang. Saat Ini akan menjadi seperti menaiki roller coaster dimana pada satu waktu Anda memiliki uang sementara lain kali tidak. Saat ini keadaan mungkin akan sedikit kacau pada awalnya tapi bisnis Anda akan mendapatkan cukup keuntungan bagi Anda untuk merasa puas. </TEMPERANCE-ONE >
<THE-DEVIL-ONE >Kartu ini menunjukkan bahwa Anda sekarang harus menghadapi banyak masalah keuangan berkaitan dengan uang Anda. Hal ini mungkin terjadi karena beberapa keputusan yang tidak menguntungkan, masalah kesehatan di keluarga atau masalah hukum lainnya. Keadaaan ini akan berlangsung lama tapi akan segera membaik. </THE-DEVIL-ONE >
<THE-TOWER-ONE >Kartu ini menunjukkan bahwa Anda mungkin menghadapi kemunduran keuangan karena beberapa biaya tak terduga. Bisnis Anda mungkin tidak menghasilkan keuntungan yang diinginkan dan ini akan sangat memprihatinkan. Ada juga kemungkinan Anda mungkin kehilangan salah satu klien utama Anda atau proyek yang paling menguntungkan. </THE-TOWER-ONE >
<THE-STAR-ONE >Anda akan mendapatkan proyek dan peluang bisnis baru yang akan menghasilkan arus masuk keuangan yang baik. Ada juga kemungkinan Anda bisa mendapatkan keuntungan keuangan karena masa depan dalam hal kemakmuran terlihat cerah. Disarankan agar Anda tidak terlalu memanjakan diri dalam merayakannya karena Anda mungkin tidak menyadari kapan pengeluaran Anda akan hilang. </THE-STAR-ONE >
<THE-MOON-ONE >Kartu ini menunjukkan bahwa Anda akan sedikit tidak senang dengan apa yang terjadi ketika menyangkut masalah keuangan. Mungkin ada seseorang yang bisa mengembalikan jumlah hutang pada Anda tapi mungkin menolak untuk membayar bunga. Anda mungkin dianggap sepele tapi Anda akan tahu bagaimana cara mengatasinya. </THE-MOON-ONE >
<THE-SUN-ONE >Kartu ini menunjukkan bahwa aliran dana yang stagnan akan teratasi dan peluang baru akan mengetuk pintu Ansa. Jika Anda terjebak dengan beberapa masalah dengan bank atau pemberian pinjaman maka kemungkinan akan dihilangkan. Jalan baru pendapatan juga bisa terbuka dan akan segera ada berita keuangan baik yang datang melalui surat. </THE-SUN-ONE >
<JUDGEMENT-ONE >Kartu ini menunjukkan bahwa saat ini akan menjadi periode yang baik untuk keuangan Anda. Jika ada keputusan keuangan diambil maka sangat mungkin akan menguntungkan Anda. Akan ada keuntungan keuangan dalam bentuk dividen dan pembayaran hutang dan kondisi keuangan Anda akan segera membaik. </JUDGEMENT-ONE >
<THE-WORLD-ONE >Kartu ini menunjukkan bahwa Anda akan menerima uang dari sumber yang paling tidak terduga. Mungkin Anda akan mendapatkan uang dalam waktu dekat atau Anda bisa menuai keuntungan dari kerja keras Anda dalam bentuk bonus. Akan ada uang yang mengalir dari berbagai sumber dalam jumlah kecil. </THE-WORLD-ONE >
<THE-FOOL-ONE >Kartu ini menunjukkan bahwa jika ada uang macet di beberapa tempat dan akan segera diterima. Pada periode ini Anda bersama keluarga atau keluarga Anda akan membuka bisnis baru atau memutuskan untuk melakukan investasi besar. Ini akan menjadi keputusan penting dalam hidup Anda, jadi disarankan agar Anda mempertimbangkan pro dan kontra sebelum melangkah lebih jauh.</THE-FOOL-ONE >
    </ROOT>
