<?xml version="1.0" encoding="utf-8" ?>
<ROOT>
<ACE-OF-CUPS-ONE >Kad menunjukkan anda lebih menyukai perkara-perkara emosi yang penting. Sudah tiba masanya untuk biarkan perasaan anda yang memberi panduan dalam cara anda. Anda perlu mempercayai gerak hati anda dan lakukan apa yang anda rasa sesuai dengan emosi. Anda mungkin akan rasa satu ikatan intim dengan belas kasihan dan kasih sayang. Kehidupan cinta anda adalah yang paling berkemungkinan dalam keadaan yang kuat dan bersinar terang. </ACE-OF-CUPS-ONE >
<TWO-OF-CUPS-ONE >Kad terutamanya menunjukkan ikatan, keamanan dan kasih sayang. Kad ini adalah mengenai membuat hubungan baru/perkongsian dalam cinta, pekerjaan, persahabatan atau di tempat lain. Ini adalah masa untuk datang bersama-sama dan tidak tinggal tempat berlainan. Jika terdapat konflik dalam hubungan/perkongsian, selesaikan perkara yang sama dan capai kedamaian. Memaafkan dan melupakan. Buatlah satu ikatan yang baru dan pergi ke hadapan dengan penuh positif. </TWO-OF-CUPS-ONE >
<THREE-OF-CUPS-ONE >Kad menunjukkan untuk meningkatkan semangat dan keghairahan terhadap kehidupan. Anda akan mendapati diri anda menikmati semua perkara kecil yang datang kepada anda. Anda akan bersama-sama dengan rakan-rakan lama dan bina sebuah ikatan kepercayaan yang kuat dengan mereka. Anda akan membuat kenalan baru dalam pengalaman keakraban masyarakat. Anda mungkin mendapati diri anda bekerja di dalam sebuah pasukan/kumpulan yang ke arah matlamat yang sama. </THREE-OF-CUPS-ONE >
<FOUR-OF-CUPS-ONE >Kad ini merupakan masa untuk menggambarkan dan introspek pemikiran dan kehidupan anda. Anda mungkin mendapati diri anda dalam keadaan yang tidak diingini. Pada suatu masa, anda mungkin merasa tidak peduli dan kekurangan motivasi. Anda perlu membuka diri anda untuk semua kemungkinan-kemungkinan yang baru untuk mencari arah yang anda telah cari. Cuba untuk tidak mementingkan diri sendiri dan dengar kepada orang lain untuk anda mencari jalan keluar. </FOUR-OF-CUPS-ONE >
<FIVE-OF-CUPS-ONE >Kad ini melambangkan kehilangan harapan, kekecewaan dan rasa kecil dalam kehidupan semasa peristiwa masa lalu. Anda mungkin merasa hilang atau kalah kerana sesuatu yang telah pun berlaku. Anda mungkin menyesali keputusan masa lalu anda dan mungkin ingin kembali dalam masa untuk meminda keputusan anda. Anda mengakui kesilapan anda tetapi anda tidak memikirkan apa yang tinggal. Anda perlu untuk melepaskan masa lalu, melihat yang baik dalam diri anda yang sekarang dan berusaha ke arah masa depan. </FIVE-OF-CUPS-ONE >
<SIX-OF-CUPS-ONE >Kad ini menunjukkan pandangan baik hati dan tidak bersalah anda terhadap kehidupan. Anda berpuas hati untuk menyebarkan kegembiraan tanpa sebarang motif dalam diri. Anda mungkin merasa diberkati dan seronok membantu orang lain. Anda akan mula perasan semua perkara-perkara kecil di sekitar dan akan dapat kepuasan dalam keseronokan kecil itu. Anda mungkin dapat bernostalgia pada zaman kanak-kanak anda. Kasih Ilahi juga mungkin ada di masa hadapan anda. </SIX-OF-CUPS-ONE >
<SEVEN-OF-CUPS-ONE >Kad ini adalah tentang ilusi dan mimpi. Anda mungkin membiarkan fikiran anda menguasai dengan imaginasi dan tidak memberi tumpuan ke arah realiti kehidupan. Anda menghadapi masa di mana anda boleh melihat banyak pilihan untuk dipilih. Terdapat kemungkinan bahawa anda mengabaikan kesihatan anda dan makan makan/ minum berlebihan. Kemalasan dan ketangguhan adalah ketua musuh anda. </SEVEN-OF-CUPS-ONE >
<EIGHT-OF-CUPS-ONE >Kad menunjukkan kemajuan anda untuk mendapatkan makna yang lebih mendalam dalam hidup. Anda ingin melepakan diri dari masalah hidup dan meninggalkan situasi yang putus asa. Anda mungkin cenderung untuk mencari kebahagiaan yang sebenar dan bukannya memberi tumpuan bangsa pemusnah. Anda akan mencari kegembiraan dan cenderung untuk beralih daripada masa lalu. Anda akan menumpukan lebih masa untuk aktiviti kerohanian. </EIGHT-OF-CUPS-ONE >
<NINE-OF-CUPS-ONE >Kad menunjukkan memenuhi kehendak. Anda akan mendapat apa yang anda benar-benar layak dan ingin. Anda mungkin merasa lebih berpuas hati dalam hidup, kerana kejayaan adalah di sebelah pihak anda. Impian kesayangan anda boleh menjadi kenyataan dan matlamat anda yang dinanti-nantikan akhirnya boleh tercapai. Anda akan mahu untuk mengalami dan menghayati kemewahan. Istirehat adalah apa yang anda inginkan sekarang. Menikmati masa yang baik ini selagi anda boleh. </NINE-OF-CUPS-ONE >
<TEN-OF-CUPS-ONE >Kad menunjukkan kegembiraan dan ketenangan yang akan datang dalam hidup anda. Anda boleh rasa kebahagiaan di sekitar dan dapat merasakan kesejahteraan. Anda mungkin mendapati tekanan dan ketegangan semakin berkurangan dan hidup menjadi mudah dan harmoni. Anda akan tumpu pada kasih sayang dan persahabatan dan cemerlang dalam kedua-duanya. Anda akan kekal berdedikasi pada keluarga anda dan akan menikmati pertemuan sosial dan acara-acara yang melibatkan mereka. </TEN-OF-CUPS-ONE >
<PAGE-OF-CUPS-ONE >Kad mencerminkan bahagian emosi anda. Anda cenderung untuk pergi dengan perasaan daripada minda. Anda cenderung untuk sentimental dan tersentuh ke atas perkara-perkara kecil. Anda melihat dalam diri sendiri dan percaya gerak hati anda untuk panduan. Ini adalah masa yang baik untuk hubungan romantis dimana anda akan ada emosi dengan orang yang terdekat. Persahabatan yang erat hendaklah diwujudkan. Ini juga adalah masa untuk membaiki hubungan yang rosak. </PAGE-OF-CUPS-ONE >
<KNIGHT-OF-CUPS-ONE >Kad bermakna emosi yang indah dan juga petunjuk tentang lebihannya. Pada suatu masa, anda mungkin sentimental dalam percintaan, tetapi mungkin terlebih ekspresi dalam menyatakan cinta. Cemburu boleh menjalar di dalam romantis anda. Anda adalah sensitif tetapi pada suatumasa, anda cenderung untuk rasa sakit sangat mudah. Anda adalah mesra dan bijak. Anda bermimpi perkara-perkara yang besar untuk diri sendiri tetapi sering kecil hati dengan mudah. </KNIGHT-OF-CUPS-ONE >
<QUEEN-OF-CUPS-ONE >Kad melambangkan kepekaan dan kematangan dalam menangani emosi. Anda mungkin menunjukkan pendekatan dengan bertimbang rasa dan matang terhadap setiap keadaan yang anda hadapi. Anda cenderung untuk menghubung dengan bahagian rohani anda dan menghayati erti lebih mendalam dalam kehidupan. Anda adalah pesakit. Anda empati dengan orang lain dan baik dan lemah lembut terhadap yang lemah. Anda cenderung untuk memahami perkara-perkara tanpa bertanya. </QUEEN-OF-CUPS-ONE >
<KING-OF-CUPS-ONE >Kad menandakan sikap yang bijaksana dan bertoleransi. Anda mungkin mempunyai kefahaman yang mendalam tentang sifat manusia. Anda boleh menjadi seorang guru yang baik. Anda boleh bertenang semasa dalam krisis dan menyelesaikan masa tegang. Anda tahu apa yang ingin dikatakan bila perlu. Anda berasa belas kasihan bagi yang kurang bernasib baik. Anda mungkin seorang yang luas pandangan dengan pemandangan diplomatik. Kemahiran kepimpinan anda adalah aset anda. </KING-OF-CUPS-ONE >
<ACE-OF-PENTACLES-ONE >Kad mencadangkan anda untuk menyatukan kekuatan mental yang anda miliki dan fokus ke arah matlamat anda. Anda mungkin melihat usaha anda beralih kepada keputusan yang anda diingini. Ini akhirnya akan membawa peningkatan dalam kerjaya dan hidup anda dan membina minda yang positif untuk anda. Anda mesti bertindak secara praktikal dan menjadi realistik dalam kehidupan. Meneruskan dengan keimanan dan kepercayaan pada orang lain akan memberi manfaat kepada anda. </ACE-OF-PENTACLES-ONE >
<TWO-OF-PENTACLES-ONE >Kad berbicara tentang keupayaan menyesuaikan diri dan kesesuaian terhadap kehidupan anda. Anda akan cuba mengimbangkan perkara yang anda kendalikan dan akan bergerak ke hadapan dengan stabil tetapi pantas. Anda akan terbuka kepada idea-idea baru dan kemungkinan, kedua-duanya dalam kehidupan peribadi dan profesional anda. Anda akan cekap menguruskan perubahan-perubahan yang berlaku dan rasa seronok dalam masa yang sama. Kerja dan rehat akan berlaku pada masa yang sama untuk anda. </TWO-OF-PENTACLES-ONE >
<THREE-OF-PENTACLES-ONE >Potensi anda bekerja sebagai pemain pasukan cemerlang telah digariskan oleh kad ini. Anda akan menjadi sangat kordinasi dan motivasi dalam tugas yang anda ambil. Anda mungkin cenderung menjadi agak teratur dalam pendekatan anda. Dengan kecekapan anda, anda akan mencapai kesempurnaan dalam kerja anda dan akan mampu memenuhi matlamat anda. Anda akan membuktikan kemampuan anda kepada sesiapa yang meragui tentangnya. </THREE-OF-PENTACLES-ONE >
<FOUR-OF-PENTACLES-ONE >Kad menyerlahkan warna-warna posesif anda dan tentangan terhadap perubahan. Anda mungkin cenderung untuk menyimpan benda-benda materialistik dan tidak berkongsi dengan orang lain. Tamak boleh menguasai minda anda. Anda akan cuba untuk mengawal perkara-perkara disekeliling anda dan mendesak perkara-perkara itu perlu dilakukan dengan cara anda. Anda juga akan cenderung untuk mengekalkan perkara-perkara yang belum dan tidak berubah, maka akan bawa kepada ‘takungan’ dalam kebanyakan aspek kehidupan. </FOUR-OF-PENTACLES-ONE >
<FIVE-OF-PENTACLES-ONE >Kad menunjukkan suatu fasa masa sukar, emosi dan fizikal. Anda mungkin menghadapi beberapa jenis masalah kewangan atau beberapa isu yang akan muncul di tempat kerja anda. Anda mungkin mengalami kekurangan kemahiran yang dimana anda benar-benar perlukan untuk lebih maju di sekitar. Anda mungkin juga melalui fasa dimana anda mungkin rasa kekurangan sokongan dan boleh hanyut dalam kesepian yang tenang. Terdapat isu-isu kesihatan juga. </FIVE-OF-PENTACLES-ONE >
<SIX-OF-PENTACLES-ONE >Kad berbicara tentang kemungkinan mempunyai kekayaan, kuasa dan kebijaksanaan. Anda sama ada memilikinya ataupun tidak. Anda boleh sama ada menerima perkara-perkara pada akhir ataupun memberi. Ini terjadi dalam semua aspek kehidupan, anda mungkin ada di sini atau di sana. Dalam kedua kes, Walau bagaimanapun, anda harus memahami dan menganalisis masa depan anda dan berusaha ke arah itu. </SIX-OF-PENTACLES-ONE >
<SEVEN-OF-PENTACLES-ONE >Kad menandakan keperluan untuk menilai dan menganalisis situasi semasa hidup. Anda mungkin mahu mengambil sedikit masa semata-mata untuk jejak kemajuan anda sehingga kini dan pastikan yang anda berada di jalan yang betul. Terdapat peluang yang kuat bahawa anda juga akan mengalami kejayaan dari usaha anda yang ikhlas dan mencapai kejayaan yang telah anda mimpikan. Anda mungkin mendapati diri anda memikirkan mengenai perubahan kerja/rumah anda. </SEVEN-OF-PENTACLES-ONE >
<EIGHT-OF-PENTACLES-ONE >Kad menunjukkan kesungguhan berlebihan dan fokus untuk maklumat yang jelas. Anda mungkin terlibat dalam sesetengah tugas/tugas-tugas dan biarkan diri anda benar-benar lakuakan sepenuh hati dalam kerja. Sikap ini akan membantu anda meningkatkan kemahiran dan pengetahuan tentang perkara-perkara yang sedang anda usahakan. Anda akan sangat berhati-hati dan pastikan bahawa semua dilakukan secara kaedah dan betul sehingga ke dala terperinici terakhir. </EIGHT-OF-PENTACLES-ONE >
<NINE-OF-PENTACLES-ONE >Kad berbicara tentang tingkah-laku disiplin anda dengan kepercayaan kendiri dan damba untuk memperbaiki. Anda akan cari jalan penyelesaian untuk menyelesaikan masalah dan mengendalikan kehidupan dengan pendekatan yang terancang dan teratur. Anda akan mempercayai kemampuan anda sendiri dan menukar potensi anda kepada prestasi diri sendiri. Anda akan mengejar kesempurnaan dan ingin menikmati kehidupan yang baik. Anda akan bercita-cita untuk gaya hidup yang mewah. </NINE-OF-PENTACLES-ONE >
<TEN-OF-PENTACLES-ONE >Kad menunjukkan banyak kemewahan yang akan anda hadapi. Anda akan menikmati kejayaan perniagaan yang sihat di mana usaha-usaha anda yang semakin pesat. Atau anda mungkin mencari pekerjaan yang membayar bayaran yang sangat tinggi. Anda akan mengalami jaminan kewangan dalam mana-mana situasi. Anda mungkin keluarkan pelan untuk menyelamatkan diri anda dan keluarga anda untuk seumur hidup. Dalam semua ini, anda akan menerima pakai kaedah untuk dicuba dan diuji dan kekal dalam peraturan dalam apa-apa yang anda lakukan. </TEN-OF-PENTACLES-ONE >
<PAGE-OF-PENTACLES-ONE >Kad mencadangkan anda untuk menjadi praktikal dalam hidup dan bertindak atas impian anda untuk membuatnya menjadi kenyataan. Anda akan perlu bekerja dengan apa yang anda ada dan gunakan kekuatan mental dan fizikal anda untuk berbuat demikian. Anda harus kurangkan sikap sengaja dan pastikan anda tidak malas. Anda perlu bertindak dengan cara yang bertanggungjawab dan boleh dipercayai dan mempercayai orang yang anda kendalikan. </PAGE-OF-PENTACLES-ONE >
<KNIGHT-OF-PENTACLES-ONE >Kad berbicara tentang kecenderungan anda yang berlebihan terhadap perkara-perkara positif dalam hidup. Apabila anda menyelesaikan untuk mengejar matlamat, anda tetap degil, tidak dengar kata sesiapa dan enggan berhenti walaupun dalam keadaan yang teruk. Anda adalah konservatif, takut risiko dan kerana itu kehilangan peluang yang mudah pada suatu masa. Kadang-kadang usaha anda untuk ketepatan sehingga ke tahap obsesi. Praktikalnya anda membuatkan anda seorang pesimis. Anda melakukan begitu banyak kerja keras anda gagal untuk melihat dunia indah di sekeliling. </KNIGHT-OF-PENTACLES-ONE >
<QUEEN-OF-PENTACLES-ONE >Kad ini menunjukkan sifat anda yang merendah-diri, inspirasi dan murah hati. Anda mengambil berat dan cinta akan masyarakat sekeliling anda dengan cara yang tidak pentingkan diri. Anda mempunyai hati yang lembut dan ingin menyebarkan keceriaan dan kebahagiaan dengan sikap anda yang jelas. Anda adalah seorang yang taat dan setia. Anda tidak membuang perkara-perkara dan buatkan perkara pergi jauh. Orang lain berasa selesa di sekeliling anda kerana sifat bersahaja dan menyenangkan anda. </QUEEN-OF-PENTACLES-ONE >
<KING-OF-PENTACLES-ONE >Kad yang menyerlahkan kemahiran anda yang cukup besar dalam pelbagai lapisan. Kemahiran keusahawanan anda akan membawa anda kepuasan mental mahupun kewangan dalam hidup. Anda boleh dikira sebagai orang yang boleh dipercayai semasa dalam krisis. Sifat anda yang dapat menyesuaikan diri membantu anda dalam apa jua keadaan. Sikap yang menggalakkan membantu orang di sekeliling anda. Anda adalah seorang yang tenang, menepati masa dan rajin. </KING-OF-PENTACLES-ONE >
<ACE-OF-SWORDS-ONE >Kad tersebut menunjukkan bahawa anda akan mendapati kesedaran mental dan akan memikirkan perkara-perkara dengan cara anda sendiri. Dengan akal minat anda dan keupayaan pertimbangan, anda akan mempelajari beberapa fakta hidup. Kerana kekuatan mental anda, anda akan perlahan-lahan bergerak keluar daripada situasi sukar hidup dengan menghadapi setiap halangan. Anda mungkin cenderung untuk memperjuangkan keadilan untuk seseorang/sesuatu dan akan teruskan ke arah kebenaran dan kejujuran. </ACE-OF-SWORDS-ONE >
<TWO-OF-SWORDS-ONE >Kad menunjukkan tentagan kepada emosi dan penindasan perasaan sebenar. Anda mungkin menyembunyikan kesusahan anda daripada orang lain dan akan cuba untuk mengekalkan luaran yang sejuk. Masa akan datang, di mana anda mendapati diri anda terperangkap dalam situasi yang tidak menyenangkan di mana anda akan teragak-agak untuk membuat keputusan atau bertindak. Anda mungkin cenderung mengelak untuk menjelaskan fakta dan kebenaran. Keadaan ini akan kekal kerana ianya kerana ketiadaan tindakan anda. </TWO-OF-SWORDS-ONE >
<THREE-OF-SWORDS-ONE >Kad ini mencadangkan bahawa anda mungkin menghadapi masa emosi yang rendah. Anda mungkin akhirnya menyakiti perasaan seseorang atau sebaliknya. Beberapa berita buruk mungkin berlaku. Kemungkinan ada peluang bahawa anda berasa ditolak. Anda mungkin berasa bahawa tiada siapa yang ada untuk anda apabila anda paling memerlukan seseorang. Kesepian mungkin sudah terletak. Anda mungkin mengetahui rahsia tentang orang-orang yang dekat kepada anda yang mungkin mengganggu anda. Anda juga mungkin mengalami pengkhianatan oleh orang terdekat. </THREE-OF-SWORDS-ONE >
<FOUR-OF-SWORDS-ONE >Kad mencadangkan bahawa anda harus mencatat hidup mudah tanpa terlalu memaksa diri sendiri. Anda perlu berehat daripada rutin harian anda dan mencari kedamaian dan ketenangan. Dapatkan beberapa ketenangan untuk badan dan minda. Mengambil masa ini terluang ini untuk berfikir tentang di mana anda berdiri dalam hidup, apa yang anda ingin capai, apa semua yang telah anda lakukan, dan lain-lain. Oleh itu, bersedialah untuk masa depan dengan lindungi kedudukan anda sekarang. </FOUR-OF-SWORDS-ONE >
<FIVE-OF-SWORDS-ONE >Kad tersebut mencerminkan pemikiran yang mementingkan diri sendiri dan sikap tidak ‘ngam’ dengan orang lain. Anda mungkin cenderung berfikir untuk kepentingan anda sendiri sebelum anda mengambil sebarang tugas. Anda mungkin mendapati sukar untuk menerima pandangan dan pendapat orang lain. Anda mungkin dapat mencipta ‘sakit’ antara orang lain. Anda akan dapat mencapai kejayaan yang menggunakan cara yang salah. </FIVE-OF-SWORDS-ONE >
<SIX-OF-SWORDS-ONE >Kad menggariskan atas dan bawah fasa-fasa kehidupan. Anda mungkin berasa lemah dan tertekan dalam apa jua yang anda lakukan. Kesihatan iaitu sakit mungkin kedengaran. Anda mungkin perlu mengambil sedikit masa untuk diri peribadi anda, untuk sembuh dan menangani situasi emosi dalam hidup anda. Anda akan melihat dunia dengan harapan yang baru dan mula bergerak ke arah rangka minda yang positif. Anda boleh bergerak dari satu tempat yang lain dalam mencari pengembaraan dan berubah. </SIX-OF-SWORDS-ONE >
<SEVEN-OF-SWORDS-ONE >Kad berbicara tentang kecenderungan anda untuk mengelak tanggungjawab serta kewajipan yang berada disekeliling anda. Anda menyembunyikan kebenaran untuk mengelak menghadapi perbincangan. Anda mungkin cenderung untuk tinggal bersendirian dan menyendiri dan mengekalkan jarak yang baik dari dunia sosial di sekeliling. Semasa fasa pengasingan, anda akan memebentuk sikap yang mengelirukan dan pada suatu masa, boleh bertindak dengan cara yang palsu. </SEVEN-OF-SWORDS-ONE >
<EIGHT-OF-SWORDS-ONE >Kad ini menunjukkan lorong gelap dan sukar ke hadapan. Anda mungkin merasa dikurung dengan situasi dan juga mungkin mendapati sukar untuk mencari jalan sendiri dalam kehidupan. Anda mungkin berasa keliru dalam kebanyakan keadaan tentang langkah apa yang perlu seterusnya. Anda mungkin kekurangan fokus untuk pergi ke hadapan dan mungkin mencari bantuan luar. Anda mungkin rasa bahawa perkara-perkara yang semakin luar kawalan anda, sementara apa yang anda boleh lakukan adalah tunggu dan lihat. </EIGHT-OF-SWORDS-ONE >
<NINE-OF-SWORDS-ONE >Kad ini menunjukkan fasa kebimbangan dan ketegangan untuk anda. Anda boleh membangunkan rasa bersalah untuk sesuatu yang anda telah lakukan pada masa lalu dan akan mendapati sukar untuk memaafkan diri sendiri itu. Anda mungkin ingin kembali dalam masa untuk membetulkan tindakan anda. Anda akan hanyut ke arah fasa yang mana anda boleh berhenti mempercayai pada diri sendiri dan mungkin berasa tertekan. Pada masa tertentu, anda juga mungkin merasa emosi rosak. </NINE-OF-SWORDS-ONE >
<TEN-OF-SWORDS-ONE >Kad ini menunjukkan fasa kebimbangan dan ketegangan untuk anda. Anda boleh membangunkan rasa bersalah untuk sesuatu yang anda telah lakukan pada masa lalu dan akan mendapati sukar untuk memaafkan diri sendiri itu. Anda mungkin ingin kembali dalam masa untuk membetulkan tindakan anda. Anda akan hanyut ke arah fasa yang mana anda boleh berhenti mempercayai pada diri sendiri dan mungkin berasa tertekan. Pada masa tertentu, anda juga mungkin merasa emosi rosak. </TEN-OF-SWORDS-ONE >
<PAGE-OF-SWORDS-ONE >Kad ini meminta anda untuk mendapatkan kekuatan mental anda bersama-sama dan menangani masalah-masalah yang mungkin mengganggu anda dalam perjalanan panjang. Anda akan mempunyai logik menganalisis isu-isu yang anda hadapi dan membuat perancangan sewajarnya untuk menyelesaikan perkara yang sama. Anda perlu jujur dan benar dan tidak cuba untuk menyembunyikan apa-apa. Anda perlu menyusun yang baik dan buruk, dan juga menerima tanggungjawab yang datang bersama-sama. Kekalkan semangat yang tinggi dan menghadapi kesukaran dengan semangat anda. </PAGE-OF-SWORDS-ONE >
<KNIGHT-OF-SWORDS-ONE >Kad ini menunjukkan keyakinan tetapi dengan sentuhan kesabaran. Kejujuran anda boleh dianggap sebagai kurang ajar oleh orang lain. Anda mungkin boleh digambarkan sebagai seseorang yang boleh bercakap sesuatu tanpa berfikir. Anda boleh mula sebagai seorang pemimpin yang baik tetapi berakhir dengan sikap yang mengawal. Anda boleh menunjukkan rasa hebat jenaka dengan sindiran. Pengetahuan mendalam anda akan dihargai. </KNIGHT-OF-SWORDS-ONE >
<QUEEN-OF-SWORDS-ONE >Kad mencerminkan sifat jujur dan berterus terang anda dalam kehidupan. Anda lebih suka akan terbuka dalam semua urusan anda. Persepsi anda kepada mana-mana orang berada di tempatnya. Anda cuba untuk menerima pendekatan yang sungguh-sungguh dalam apa jua yang anda lakukan. Anda rasa lawak adalah sangat baik dan tidak pada sesiapa. Pengalaman luas anda memberikan anda kekuatan untuk teruskan hidup. </QUEEN-OF-SWORDS-ONE >
<KING-OF-SWORDS-ONE >Kad melambangkan fikiran yang bernas dan beretika. Anda cenderung untuk menganalisis situasi yang hidup dengan cara yang cekap dengan kebolehan logik dan pertimbangan anda. Anda mampu untuk menyampaikan pandangan dan idea-idea dengan kemahiran lisan cemerlang anda. Anda akan menjadi luas dalam persepsi anda dan matang unutk memahami semua aspek. Anda cenderung untuk menjadi jujur dan berintegriti dalam apa jua yang anda lakukan. </KING-OF-SWORDS-ONE >
<ACE-OF-WANDS-ONE >Kad ini menandakan kejayaan. Anda mempunyai cara yang imaginatif dan tidak konvensional dalam pemikiran, yang memuatkan anda dengan kreativiti. Semangat dan keyakinan yang bersinar anda cenderung untuk memberi inspirasi kepada orang lain dan membawa keluar keghairahan anda. Anda memberi lebih dari 100% dalam apa jua yang anda lakukan. Dalam hidup, apabila anda menghadapi sebarang masalah atau cabaran, anda akan menghadapi kesukaran dengan keberanian dan keyakinan diri untuk berjaya. </ACE-OF-WANDS-ONE >
<TWO-OF-WANDS-ONE >Kad ini melambangkan sikap yang berani. Jika anda telah menunggu untuk mengambil satu inisiatif atau melaksanakan beberapa tugas/perjalanan, ini adalah masa untuk melakukannya. Anda mempunyai kuasa dan pengaruh untuk mencapai objektif anda. Jadi, anda hanya perlu mempunyai keberanian untuk mengambil langkah-langkah anda ke hadapan. Inilah masa untuk menjadi berani dan menghadapi ketakutan anda. Anda perlu datang dengan sebuah pendekatan inovatif untuk mencapai matlamat anda. Hanya mengukir laluan anda sendiri. </TWO-OF-WANDS-ONE >
<THREE-OF-WANDS-ONE >Kad menunjukkan dahaga dan tidak sabar untuk meneroka sesuatu yang baru. Ini menyambung pengembaraan dan keseronokan mencari sifat anda. Sifat anda akan terus membantu anda di masa akan datang. Anda mempunyai masa untuk memikul peranan pemimpin untuk mengerahkan semua orang ke arah misi dan matlamat anda. Anda mungkin mendapati banyak kejayaan dalam perdagangan dan perniagaan. </THREE-OF-WANDS-ONE >
<FOUR-OF-WANDS-ONE >Anda boleh menyambung pengembaraan dan keseronokan mencari alam semula jadi. Sifat berpandangan jauh anda boleh terus membantu anda di masa akan datang. Anda perlu menganggap peranan kepimpinan untuk mengerahkan semua orang ke arah misi dan matlamat anda. Anda mungkin mendapati banyak kejayaan dalam perdagangan dan perniagaan tidak lama lagi. </FOUR-OF-WANDS-ONE >
<FIVE-OF-WANDS-ONE >Kad ini menandakan ada masalah hadapan. Orang mungkin seolah-olah tidak suka anda dan anda mungkin beri alasan dan bergaduh dengan orang. Ada orang lain keluar untuk bersaing dengan anda dan anda setuju dengan cabaran. Halangan kecil dan bersusah-payah berada dengan anda. Anda perlu menunjukkan kesabaran dan kerelaan untuk keluar daripada situasi ini. </FIVE-OF-WANDS-ONE >
<SIX-OF-WANDS-ONE >Kad menggambarkan kemenangan, penghargaan dan kebanggaan. Anda boleh menguruskan untuk mencapai matlamat anda dengan cemerlang. Anda boleh dihargai usaha anda dan ia membuatkan anda terdorong untuk memberikan terbaik dalam apa jua yang anda lakukan. Anda akan menikmati hari anda di bawah matahari tetapi tiba-tiba mungkin mula berasa mengalahkan. Anda boleh mula berfikir tentang diri anda terlebih dahulu yang boleh mendorong orang untuk berfikir bahawa anda adalah orang yang sombong. </SIX-OF-WANDS-ONE >
<SEVEN-OF-WANDS-ONE >Kad ini menandakan usaha memperjuangkan kedudukan dan berdiri teguh untuk apa yang anda percaya. Anda cenderung untuk mempunyai pendekatan yang agresif dan was-was dalam kehidupan. Kebanyakan masa, pendekatan ini berfungsi dengan baik untuk anda, tetapi pada masa-masa tertentu, anda terlalu mengujakan diri anda. Anda cenderung lebih degil apabila mengambil pendirian dan agak berterusan. Keyakinan anda ikhlas dengan kebolehan anda akan membantu anda melalui masa-masa kecemasan. </SEVEN-OF-WANDS-ONE >
<EIGHT-OF-WANDS-ONE >Kad mencadangkan perubahan dalam masa. Masa yang anda tunggu telah tiba. Sudah tiba masanya untuk mengambil tindakan dan membuktikan potensi anda dalam beberapa banyak benda. Sesetengah tugas belum selesai dapat diselesaikan akhirnya. Anda akan menemui beberapa maklumat atau berita yang anda cari. Anda mungkin perlu menamatkan satu perkara tertentu, hanya untuk memulakan sesuatu yang lebih baik. </EIGHT-OF-WANDS-ONE >
<NINE-OF-WANDS-ONE >Kad ini menandakan langkah berjaga-jaga yang anda ambil dan keazaman anda. Dari masa lalu anda kesusahan atau pengalaman, anda lebih berhati-hati dan sentiasa bersedia untuk perkara paling teruk. Anda jaga diri anda dan orang terdekat. Anda berdiri menghadapi semua kemungkinan dan sentiasa berjuang untuk matlamat anda sepenuh hati. Keazaman diri dan kekuatan fizikal anda akan terus memastikan usaha anda disalurkan ke arah kegemilangan. </NINE-OF-WANDS-ONE >
<TEN-OF-WANDS-ONE >Kad menunjukkan rasa beban emosi atau mental yang semakin meningkat. Anda mungkin akan memaksa diri anda di tempat kerja. Anda mungkin melakukan banyak perkara pada masa dan tersangkut dalam kebanyakannya. Anda mungkin mempunyai beberapa hutang untuk dibayar balik. Anda mungkin mendapati ia sukar untuk mengatakan tidak kepada orang lain. Walaupun anda tidak mendapat kredit untuk perkara-perkara baik yang anda lakukan, anda akhirnya disalahkan. Anda juga mungkin mendapati bahawa anda perlu berjuang untuk setiap kejayaan yang sedikit. </TEN-OF-WANDS-ONE >
<PAGE-OF-WANDS-ONE >Kad menandakan peluang-peluang baru bagi anda untuk menerokai kuasa dan tenaga baru yang anda miliki. Inilah masa untuk menemui semula kehidupan dan Terokai dengan pendekatan yang kreatif dan berani. Anda perlu menunjukkan lebih banyak keseronokan dan keyakinan dalam usaha anda. Menjadi bersemangat dalam apa jua yang anda lakukan. Percaya kemahiran anda dan mengekalkan tumpuan anda untuk memerah yang terbaik. Menempuhi cabaran dan mengambil risiko. Inilah masa untuk menjadi tegas. </PAGE-OF-WANDS-ONE >
<KNIGHT-OF-WANDS-ONE >Kad Knight menggambarkan sekumpulan kualiti yang kuat dengan beberapa elemen negatif. Anda sering cenderung untuk menawan dan yakin, tetapi mungkin anda berjumpa dengan seorang yang sombong. Anda cenderung untuk berani tetapi ada masa-masa menjadi melulu. Dalam pengembaraan anda, anda cenderung untuk menjadi benar-benar resah. Anda akan bersemangat oleh alam semula jadi tetapi panas baran dalam masa yang sama. </KNIGHT-OF-WANDS-ONE >
<QUEEN-OF-WANDS-ONE >Kad ini adalah salah satu yang paling positif. Ia menunjukkan rangsangan tenaga, mood dan kegembiraan. Anda berjaya untuk belayar melalui tugas-tugas anda dengan komitmen dan dedikasi anda. Anda akan cenderung untuk menjadi rakan baik dan akan dapat kawan-kawan baru dengan mudah. Anda akan mengalami masa yang tenang dan ceria pada hari-hari akan datang. Ketengan anda akan membantu anda mengatasi sebarang halangan yang datang pada anda. </QUEEN-OF-WANDS-ONE >
<KING-OF-WANDS-ONE >Kad ini mencerminkan kuasa pemikiran yang kreatif dan inovatif. Biarkan fikiran anda terbbuka untuk kemungkinan dan peluang baru. Anda mungkin boleh mengalami sesuatu yang baru dalam masa terdekat. Anda mungkin pandai berkomunikasi dan Ikatan dengan orang lain dan memberi inspirasi. Anda juga boleh cenderung untuk menguasai dan memerintah orang-orang yang berada sekitar anda tetapi dengan penuh hormat. Anda suka perhatian dan cenderung untuk menarik berlawanan jantina. </KING-OF-WANDS-ONE >
<THE-FOOL-ONE >Satu permulaan baru sedang bermula. Anda akan berasa bahawa anda akan mula segar dengan sesuatu yang baru dan ideologi baru. Ia mungkin berkaitan dengan kerjaya dan kehidupan cinta. Banyak perkara yang sponta dan menyeronokkan di sepanjang perjalanan ini. Jika berlaku apa-apa halangan, anda akan mempelajari sesuatu yang berharga. Anda perlu biarkan pergi lama dan ambil perkara-perkara yang baru untuk meneroka dunia baru yang anda sedang teroka. </THE-FOOL-ONE >
<THE-MAGICIAN-ONE >Keazaman anda lebih kuat sekarang. Orang akan mendengar dan mengambil apa-apa yang anda katakan secara serius. Anda akan dapat meyakinkan orang dan masa ini menandakan bahawa anda akan menjadi terbaik pada kemahiran kepimpinan anda untuk sekurang-kurangnya beberapa waktu sekarang. Anda akan mendapat idea-idea yang cerah dan ia akan menjadi terpulang kepada anda bagaimana untuk menggunakannya. Beberapa rahsia orang lain mungkin juga perlu didedahkan. </THE-MAGICIAN-ONE >
<THE-HIGH-PRIESTESS-ONE >Ini adalah masa apabila anda percayakan naluri dan mengikut jalan impian anda yang anda rasa. Mungkin ada orang yang tidak lama lagi akan memberikan anda nasihat yang sangat penting atau berguna. Anda mungkin perlu mencari beberapa hal yang tidak diketahui kepada anda dan ianya berkemungkinan bahawa terdapat beberapa perkara yang dipelihara tersembunyi daripada anda. Anda perlu terus mencari sehingga rahsia tidak dibongkarkan kerana ini boleh membawa kesedaran amat penting kepada anda. </THE-HIGH-PRIESTESS-ONE >
<THE-EMPRESS-ONE >Anda berfikir mendalam tentang sesuatu dan bimbang tentang perkembangan atau permulaan sesuatu dalam kerjaya anda, perniagaan atau hubungan anda. Anda atau pasangan anda sedang sangat berjaga-jaga dan mungkin juga buat cara-cara yang tidak beretika untuk mencapai apa yang diingini. Kesabaran sedikit dan usaha sedikit akan diperlukan untuk mencapai kestabilan hari ini. </THE-EMPRESS-ONE >
<THE-EMPEROR-ONE >Pencapaian tidak jauh dan penghormatan dalam perjalanan. Anda mungkin akan dipengaruhi oleh seorang lelaki yang membimbing seperti bapa anda, saudara, pasangan atau rakan anda. Anda mempunyai kuasa sekarang dan berada dalam arahan apa yang anda ingin lakukan. Sistem sokongan yang sangat kuat akan berada dengan anda. Anda perlu berhati-hati tentang diri anda atau alam semula jadi yang mencabar yang boleh mencederakan junior anda. </THE-EMPEROR-ONE >
<THE-HIEROPHANT-ONE >Tidak perlu degil tentang fikiran dan tidak berpegang kepada kepercayaan lama dan adat hanya kerana mereka telah diikuti mengikut zaman. Anda mungkin terfikir tentang perkahwinan. Anda mungkin tersekat di formaliti undang-undang. Masalah mungkin tiba dan anda boleh berpaut kepada kaedah lama untuk menyelesaikannya. Anda perlu berurusan dengan masalah dengan tenang dan penuh kesabaran. </THE-HIEROPHANT-ONE >
<THE-LOVERS-ONE >Cinta dalam perjalanan untuk anda. Tidak lama lagi, anda mungkin mendapat kadarnya dalam kehidupan cinta anda. Anda mungkin perlu membuat pilihan antara hati dan fikiran anda. Anda mungkin mengikuti hati ke fikiran anda dan risiko yang diambil adalah berbaloi. Anda mungkin lebih terdorong yang boleh membawa kepada kebimbangan, yang harus dielakkan. Sambungan emosi anda akan menjadi kuat. </THE-LOVERS-ONE >
<THE-CHARIOT-ONE >Anda adalah untuk perjuangan beberapa untuk mencapai apa yang anda inginkan. Beberapa jenis perubahan atau pelancongan mungkin berlaku dalam hidup anda. Anda mungkin perlu menghadapi rintangan dalam kerjaya atau kehidupan peribadi anda. Anda mungkin boleh diganggu oleh seseorang yang mempunyai motif yang mementingkan diri sendiri. Sesetengah kawalan yang mungkin diperlukan dalam menentang emosi dan keadaan, tetapi akhir kemenangan akan dicapai. </THE-CHARIOT-ONE >
<JUSTICE-ONE >Sudah tiba masanya untuk membawa imbangan dalam apa yang anda lakukan. Mungkin ada sesetengah tabiat atau aktiviti yang berlaku lebih atau kurang daripada apa yang diperlukan dalam hidup anda. Anda perlu mengawal ini. Anda perlu mengambil usaha untuk mendapatkan kembali seperti sediakala dengan menyeimbangkan semua aspek kehidupan anda. Anda dikehendaki untuk bersikap adil semasa membuat perjanjian atau perkongsian dalam masa terdekat. Jika ada sesuatu yang anda tahu yang anda lakukan salah, memperbetulkan ia tidak lama lagi sebelum ia mengambil selekoh yang berbahaya. </JUSTICE-ONE >
<THE-HERMIT-ONE >Mengambil masa dan cuba untuk menyusun dan menganalisis sesuatu perkara. Anda mungkin akan berasa tidak sabar dengan hal-hal yang berlaku di sekeliling anda. Jangan ambil keputusan terburu-buru dan ia akan menjadi lebih baik jika beberapa nasihat yang diambil dari seseorang dan dipercayai sebelum membuat keputusan yang penting dalam masa terdekat. Berehat pendek dari jadual anda dan cuba untuk mencari keamanan dan kesedaran diri. </THE-HERMIT-ONE >
<WHEEL-OF-FORTUNE-ONE >Anda tidak lama lagi akan menghadapi salah satu fasa yang terbaik dalam hidup anda. Nasib akan memihak kepada anda dan anda akan mendapat hasil usaha anda. Beberapa perubahan akan berlaku dan hidup anda akan bergerak ke arah kematangan. Berkemungkinan bahawa anda akan mendapatkan segala yang telah anda menunggu. Masalah anda akan sampai ke penghujungnya dan kebahagiaan akan datang dengan banyaknya. Impian anda akan tercapai. </WHEEL-OF-FORTUNE-ONE >
<STRENGTH-ONE >Anda akan mendapati bahawa anda telah memperolehi kekuatan dan potensi untuk menghadapi situasi terburuk, kedua-dua fizikal dan mental. Kad ini menandakan masa yang baik untuk berhenti dari tabiat buruk, yang anda telah cuba untuk berhenti sejak lama. Anda akan mendapat pencapaian dalam perkara-perkara yang anda berjuang lebih awal seperti dalam perhubungan, kerjaya, kesihatan, dan sebagainya. Dengan kuasa dan kecerdasan anda, anda boleh lulus ujian dan kesengsaraan dalam hidup anda. </STRENGTH-ONE >
<THE-HANGED-MAN-ONE >Anda mungkin terpaksa mengorbankan sesuatu atau meninggalkan seseorang untuk mencapai sesuatu yang lebih baik. Keuzuran, kegagalan atau ketegangan mungkin berlaku. Berurusan dengan mana-mana masalah tersebut dengan mengekalkan ketenangan dan ketabahan. Keadaan yang buruk boleh membawa kepada tekad dan kerosakan emosi. Ia dinasihatkan bahawa anda perlu berwawasan dan menggunakan masa ini untuk mendapatkan situasi yang jelas. </THE-HANGED-MAN-ONE >
<DEATH-ONE >Kad ini menandakan transformasi dan perubahan penting atau mengejutkan dalam hidup. Seperti namanya, ia menunjukkan kematian tetapi hanya dalam keadaan-keadaan seperti usia tua atau kesihatan yang kritikal. Anda mungkin merasa sedih, kosong atau tertekan tetapi fasa ini akan membantu anda sedar bahawa perubahan perlu dibuat seumur hidup untuk bergerak. Mempunyai kekuatan untuk menerima perubahan ini supaya anda boleh teruskan dengan fasa ini. </DEATH-ONE >
<TEMPERANCE-ONE >Anda mungkin keliru dengan pilihan, kehidupan menawarkan anda. Anda mungkin perlu memilih antara bertentangan dan anda perlu berusaha untuk mencari jalan untuk mengimbangkan kedua-dua perkara untuk keselesaan dan ketenangan. Anda perlu memberi masa dan percubaan sedikit untuk mencari penyelesaian yang terbaik. Anda perlu menimbang hak pilihan anda untuk campuran tersebut sebaliknya bertentangan dengan aspek untuk mengekalkan keamanan. Anda menemui cara untuk membina keharmonian. </TEMPERANCE-ONE >
<THE-DEVIL-ONE >Anda terdorong ke arah perasaan nafsu, tamak, cita-cita atau ketagihan. Anda inginkan kuasa untuk mengawal perkara-perkara dan tertarik kepada keselesaan dalam kehidupan. Kekurangan kawalan diri boleh membawa kepada situasi yang berbahaya dan rumit. Apa sahaja yang anda lakukan, akan ke arah keterlaluan yang akan membuatkan anda berasa kuat, tetapi akan menjadi merbahaya dalam masa yang sama. Anda perlu berhati-hati kerana kad ini memberi anda amaran mungkin mengambil langkah yang salah. </THE-DEVIL-ONE >
<THE-TOWER-ONE >Dalam masa terdekat boleh menjadi salah satu daripada masalah anda mungkin pernah lihat. Anda mungkin menghadapi beberapa perubahan yang tidak menyenangkan dan secara tiba-tiba. Penderitaan sesetengah mungkin disebabkan sebab-sebab yang tidak dijangka dan anda mungkin perlu menghadapi sedikit pengasingan atau kesepian. Tetapi perubahan ini mungkin memaksa anda untuk melihat arahan yang baru dalam hidup, yang mungkin membuktikan bermanfaat dalam jangka panjang. Ia tidak akan menyenangkan tetapi ia akan menjadi yang terbaik kerana ia akan mengajar anda banyak perkara untuk masa depan. </THE-TOWER-ONE >
<THE-STAR-ONE >Anda akan lebih aman sekarang dan keinginan yang cenderung rohani dan harmoni dalam kehidupan anda. Ini akan menjadi masa untuk penyembuhan dan menimbulkan harapan yang baru di hadapan peribadi serta profesional. Ia adalah suatu kejahatan yang baik untuk memulakan hubungan baru atau membawa hubungan sedia ada anda ke peringkat seterusnya. Pengetahuan tentang pelbagai perkara akan dipertingkatkan dan ini akan menjadi masa yang baik untuk menikmati aktiviti seni. </THE-STAR-ONE >
<THE-MOON-ONE >Anda mungkin berasa seperti perjalanan dunia dengan imaginasi dan kreativiti. Anda mungkin mengalami beberapa rahsia tersembunyi yang mendalam dan gelap dan boleh pergi ke arah emosi yang salah. Anda harus mengelak daripada dadah atau alkohol atau apa-apa penyalahgunaan bahan yang mungkin berbahaya kepada kesihatan anda. Anda mungkin berasa terperangkap dalam dunia yang gila dan berpindah-randah dan perlu ikut gerak hati anda dan minat untuk membawa anda melalui jalan yang terbaik, sebaik-baiknya sesuatu yang dilakukan dengan muzik, seni, tarian, teater, dan lain-lain. </THE-MOON-ONE >
<THE-SUN-ONE >Anda akan berasa sangat bertenaga, muda dan sedar untuk membuat keputusan yang betul untuk mendapatkan kejayaan. Kad matahari adalah tentang kesegaran, semangat dan menandakan bahawa segala-galanya akan seolah-olah jatuh di tempat satu demi satu. Beberapa berita baik juga mungkin ada. Percutian boleh didapati juga dalam masa terdekat. Lebih banyak masa akan dihabiskan bersama keluarga dan rakan-rakan dalam suasana yang ceria pada hari-hari akan datang. Kegembiraan dan ketenangan bersama anda pada hari-hari untuk mengikuti. </THE-SUN-ONE >
<JUDGEMENT-ONE >Kad ini menunjukkan peluang yang tidak wajar dibiarkan. Ini adalah peluang yang anda tunggu. Ia adalah masa yang anda beri ganjaran untuk usaha anda telah meletakkan di masa lalu. Prospek baru yang menuju jalan anda mengubah hidup anda yang terbaik. Kerana hukum yang perlu berlaku adil, anda mungkin perlu menghadapi kesalahan anda di masa lalu. Semua dalam semua, akan ada pengakhiran yang gembira dalam apa jua yang anda lakukan pada masa ini. </JUDGEMENT-ONE >
<THE-WORLD-ONE >Inilah waktunya perjuangan panjang datang ke penghujungnya dan anda mendapat ganjaran untuknya. Kad ini menunjukkan rehat yang lama dari usaha. Anda akan mengalami bahawa, anda akhirnya mendapat perkara-perkara dan keputusan yang anda telah lama dikehendaki dan bercita-cita. Pasangan akan menghargai hasil daripada kerja keras anda. Tempoh ini akan memulakan pencapaian yang kukuh dan akan menandakan permulaan yang baru.</THE-WORLD-ONE >
    </ROOT>
