{
  "theme_thumb_url": "https://uvadmin.s3.ap-south-1.amazonaws.com/theme_thumb/",
  "theme_bundle_url": "https://uvadmin.s3.ap-south-1.amazonaws.com/animation_file/",
  "category": [
    {
      "id": 1,
      "name": "Particle",
      "themes": [
        {
          "theme_id": 1,
          "theme_name": "AngelLove",
          "game_object_name": "AngelLove",
          "theme_bundle": "AngelLove.zip",
          "bundle_size": "147699",
          "theme_thumbnail": "AngelLove.png",
          "from_asset": true
        },
        {
          "theme_id": 2,
          "theme_name": "Promise",
          "game_object_name": "Promise",
          "theme_bundle": "Promise.zip",
          "bundle_size": "118167",
          "theme_thumbnail": "Promise.png",
          "from_asset": true
        },
        {
          "theme_id": 3,
          "theme_name": "LoveHeart",
          "game_object_name": "LoveHeart",
          "theme_bundle": "LoveHeart.zip",
          "bundle_size": "53308",
          "theme_thumbnail": "LoveHeart.png",
          "from_asset": true
        }
      ]
    }
  ]
}


