<?xml version="1.0" encoding="utf-8" ?>
<ROOT>
<ACE-OF-CUPS-ONE>
    Bu kart, hayallerinizi anlamanin, yeni seyler denemenin ve biraz deney yapmanin zamani geldigini gösteriyor. Ancak o zaman gerçekten neyi basarmak istediginizi bilirsiniz ve bu, sizi tatmin olmus ve memnun hissettirecektir.
</ACE-OF-CUPS-ONE>
<TWO-OF-CUPS-ONE>
    Zor bir asamadan geçiyor olabilirsiniz, ancak size yardim etmek isteyen insanlar olacaktir. Olaganüstü görevler varsa, bunlar atlatilabilir ve eski sorunlar çözülebilir ve sonunda hedeflerinize dogru hareket edebilirsiniz. Her ne kadar üzülmeseniz de, yavas ve istikrarli sekilde isler ilerleyecektir.
</TWO-OF-CUPS-ONE>
<THREE-OF-CUPS-ONE>
    Bu kart, risklerden korkmak yerine fikirlerinizi söylemek için daha cesur olmaniz gerektigini gösterir. Bunu yapabiliyorsaniz, muazzam iyilestirmeler yapacaksiniz ve eger herhangi bir aci çektiginiz dönemlerden geçiyorsaniz, o zaman bunlar sona erecektir. Bazi engellerin asilmasi gerekecek, ancak sonuç tatmin edici olacaktir.
</THREE-OF-CUPS-ONE>
<FOUR-OF-CUPS-ONE>
    Bu kart, her seferinde baskalarinin yardimina ihtiyaç duymak yerine, kendinize zaman bulmaniz gerektigini önerir. Kendinizi rahat hissettirecek seyler için avlanacaksiniz ve onlari bulabileceksiniz. Ama biraz mutsuz ve kafasi karismis olacaksin ki bu da sizi sinirlendirebilir ama sonunda bunun disina çikacaksiniz.
</FOUR-OF-CUPS-ONE>
<FIVE-OF-CUPS-ONE>
    Yüzeyde iyi görünen bir seyin arkasinda kosmayin. Özgünlügünden emin oldugunuz zamani bekleyin. Çevrenizdeki duygularinizi anlamak zamaninizi alacak ancak yine de güçlü ama yine de önemli kararlar vermeyi basaracaksiniz.
</FIVE-OF-CUPS-ONE>
<SIX-OF-CUPS-ONE>
    Artik rahatlamak ve fikirleri serbest birakip size gelmesine izin vermeniz gerekir. Isler çok yakinda düsmeye baslayacak ve gerçeklesecek beklenmedik bir durum olacak ve bu hayallerinizi gerçeklestirmenize yardim etmede çok önemli olacak. Bir yoksunluk hissi olabilir ama yakinda geçecek.
</SIX-OF-CUPS-ONE>
<SEVEN-OF-CUPS-ONE>
    Bu kart, meslek yasaminizda sizi rahatsiz edebilecek bazi problemler olabilecegini, ancak kendinizi ve eylemlerinizi yakinda gözden geçireceginizi ve bu sayede size mutlu bir insanlik kazandiracak ruhsal bir uyanis ve içsel tatmin duygusu getirecegini önermektedir.
</SEVEN-OF-CUPS-ONE>
<EIGHT-OF-CUPS-ONE>
    Bu kart, gelecekte iyi bir sans önerir. Yeni firsatlar, kisisel ve ayni zamanda profesyonel yasamda karsiniza çikaracak ve bu da sizi hedefinize yakinlastiracaktir. Eski kavgalar ve sorunlar çözülecek ve tüm hayal kirikliginizin ve sorunlarinizin tek tek ortadan kalktigini göreceksiniz.
</EIGHT-OF-CUPS-ONE>
<NINE-OF-CUPS-ONE>
    Bu kart, durumu her yönüyle degerlendirmeden çok kisa bir süre önce karar vermemeniz veya sonuç çikarmamanizi önerir. Sizi çevreleyen insanlardan duygusal destek arayacaksiniz ve onlar, size çok fazla ilgi göstermeye istekli olacaklar. Sabir, en iyi erdemdir ve bu, sizi zihinsel tatmin için yönlendirecek sekilde uygulanir.
</NINE-OF-CUPS-ONE>
<TEN-OF-CUPS-ONE>
    Bu kart, ilgili kisilerden onay ve olumlu bir geri bildirim alacaginizi ve bu durumun sizin konumunuza güvence verecegini gösterir. Dileginiz veya belirli bir arzunuz nihayet gerçeklesecektir ve bu, beklediginiz bir tür serbestlige yol açacaktir.
</TEN-OF-CUPS-ONE>
<PAGE-OF-CUPS-ONE>
    Bu kart, gerçekte ne istediginizi hala belirsiz kildiginizi ve daha sonra, hatta yardim isteyebileceginiz kararlar almaya ihtiyaciniz oldugunu gösteriyor. Isler biraz kafa karistirici ve eksik gibi görünecek, ama hayallerinizi gerçeklestirdiginiz anda isler gelismeye baslayacaktir.
</PAGE-OF-CUPS-ONE>
<KNIGHT-OF-CUPS-ONE>
    Simdi biraz temiz havaya ve bazi degisikliklere ihtiyaç duyacaksiniz ve disari çikmak, yapilacak en iyi sey olacaktir. Simdi en güvenilir kaynak oldugu için size yolu göstermesi için sezginizi takip edin. Hayatinizda meydana gelen degisiklikler olacak ve bunlar memnun edici degisimler olacaktir.
</KNIGHT-OF-CUPS-ONE>
<QUEEN-OF-CUPS-ONE>
    Çekiciliginiz ve ikna taktikleriniz, simdi uzun bir yol gitmenize yardimci olacaktir. Arzu ettiginiz seylere ulasmaniza yardimci olmak için çalisan bazi gizli kuvvetler olacaktir. Ancak isler beklediginiz kadar mükemmel olmayabilir. Ama bu sizin zamaniniz ve kaderiniz, sizden arzu ettiginiz seyi size veya baska bir sekilde vermenin bir yolunu bulacaktir.
</QUEEN-OF-CUPS-ONE>
<KING-OF-CUPS-ONE>
    Eger daha iyi bir sey elde edebileceginizi biliyorsaniz, vasat bir sey için pes etmeyin. Isiniz ve kisisel hayatiniz yeni zirvelere yükselecektir. Bu neredeyse büyü gibi olacak ve yakinda özel biriyle tanisacaksin veya zaten taahhütte bulunduysaniz, var olan herhangi bir sorun yakinda ortadan kalkacaktir.
</KING-OF-CUPS-ONE>
<ACE-OF-PENTACLES-ONE>
    Hiçbir sey için çok kati olmayin ve gevsemeye çalisin ve zevk veren etkinliklere katilin. Bu, sizi iyimser ve keyifli tutmaniza yardimci olacaktir ve ne istediginizi elde etmek için daha iyi bir akil çerçevesinde olacaksiniz. Sansiniz sizi destekleyecek ve nihayetinde basariyu kazanacaksiniz.
</ACE-OF-PENTACLES-ONE>
<TWO-OF-PENTACLES-ONE>
    Çok fazla seyin arkasinda kosamazsin ve onlarin yerine getirilmesini beklersin. Önceliklerini not etmeli ve ona dogru çalismalisin. Bunu yaptiktan sonra, düsünceleriniz daha akli-selim olacak ve sizi mutluluga daha yakin yapacak olan dengeli bir zihin çerçevesine sahip olacaksiniz.
</TWO-OF-PENTACLES-ONE>
<THREE-OF-PENTACLES-ONE>
    Yolunuza gelen yeni firsatlar olacak. Bu yüzden, bundan en iyi sekilde yararlanmak için biraz çabalamaktan korkmayin. Bu, özellikle yeni projelerinizde size yardimci olacaktir ve ayni zamanda verimli bir sekilde isleyecek bir ortak girisimin olanaklarini da dikkate alacaktir.
</THREE-OF-PENTACLES-ONE>
<FOUR-OF-PENTACLES-ONE>
    Hayallerin de gerçekçi olmasi gerektigini anlamaniz gerekecek ve artik havada kaleler yapmayi birakmalisin. Kariyerinizde yeni gelismeler olacak, ancak kisisel yasaminizla ilgili olabilecek birkaç dikkat dagiticiyla da ugrasmak zorunda kalabilirsiniz. Ama sevdiklerinizle yeniden baslamak için bundan kurtulacaksiniz.
</FOUR-OF-PENTACLES-ONE>
<FIVE-OF-PENTACLES-ONE>
    Bu, isiniz ve isinizle ilgili diger konularin, sert bir asamadan geçecegi zamandir. Yüzlesmek zorunda kalabileceginiz bazi istenmeyen durumlar olacaktir. Yaralar iyilesecek ve isler normale dönecektir.
</FIVE-OF-PENTACLES-ONE>
<SIX-OF-PENTACLES-ONE>
    Hayallerinizi takip etmekten korkmayin ve kararlariniza güvenin. Çözülmeyecek belirli durumlar olacaktir. Ancak, olumlu tavriniz, sorunlarin kalanlarina ragmen size yardimci olacaktir. Sabrinizin, zor kosullarla basa çikmaniza yardimci oldugunun farkina varacaksiniz.
</SIX-OF-PENTACLES-ONE>
<SEVEN-OF-PENTACLES-ONE>
    Yeni fikirler ve yollar yolunuza çikacak ve en iyi sekilde yararlanmak için yeteneklerinizi aninda taniyacaksiniz. Yeni fikirler ve yollar sizin yolunuza çikacak ve bundan en iyi sekilde yararlanmak için yeteneklerinizi aninda taniyacaksiniz. Kararli ve çaliskan ama biraz huzursuz olacaksiniz ve simdi basariyi saglamanin yollarini düsüneceksiniz.
</SEVEN-OF-PENTACLES-ONE>
<EIGHT-OF-PENTACLES-ONE>
    Isleri çok zorlamaya ya da durumu kendi çikariniza döndürmeye çalismayin. Zamanin geçmesine izin verin ve kesinlikle sizin lehinize dönecek seyleri göreceksiniz. Herhangi bir mucizenin gerçeklesmesini beklemeyin ama sizi memnun edecek olan birkaç beklenmedik sekilde basari elde edeceksiniz. Bazi gerçeklesmeler sonradan meydana gelebilir ve size bir yetiskin olarak büyüyeceksiniz.
</EIGHT-OF-PENTACLES-ONE>
<NINE-OF-PENTACLES-ONE>
    Bir terfi veya baska bir firsatta sansiniz varsa, o zaman arzularinizi dile getirme konusunda fazla coskun olmayin. Bir miktar sosyal hizmet iyi sans getirecektir. Fakat sosyal ve duygusal cephede, kisisel cephede isler yapmak için inisiyatif almak zorunda kalacaksiniz.
</NINE-OF-PENTACLES-ONE>
<TEN-OF-PENTACLES-ONE>
    Destegin harikalar yaratacagi zaman oldugu için sevdiklerinizle yakinlasmaniz tavsiye edilir. Ruhsal bir uyanis için size yardimci olabilecek çesitli etkinliklere katilacaksiniz. Yeni insanlarla tanisacaksiniz ve bunlardan birine baglanma sansiniz var.
</TEN-OF-PENTACLES-ONE>
<PAGE-OF-PENTACLES-ONE>
    Bu kart, bazi riskli sanslar aldiginizi ve bunlarin bazilarinin beklentilerinize göre çalisamayacagini öneriyor. Bu sizi üzebilir ama nihayetinde, rehber gücünüz olan sevilen bir kisi sayesinde basa çikacaksiniz.
</PAGE-OF-PENTACLES-ONE>
<KNIGHT-OF-PENTACLES-ONE>
    Bu, sezgilerinizin en iyi sekilde çalisacagi ve “kalbini takip et” dedikleri gibi size dogru yolu gösterecegi zamandir. Çok kisa bir zaman içinde hayallerinizi gerçeklestireceksiniz ve büyük olasilikla evren, arzu ettiginiz seyde basari elde etmenize yardimci olacaktir.
</KNIGHT-OF-PENTACLES-ONE>
<QUEEN-OF-PENTACLES-ONE>
    Bu kart, koydugunuz zor is için basarilar elde edeceginizi ama yine de her zaman istediginiz bir pozisyonda kendinizi görmek için jackpotu bekleyeceginizi gösteriyor.Çokça zaman geçireceginiz, birlikte çalistiginiz eglenceli veya eski bir arkadasinizla tanismaniz yüksek bir ihtimaldir.
</QUEEN-OF-PENTACLES-ONE>
<KING-OF-PENTACLES-ONE>
    Kendinize ve koydugunuz çabalara karsi dogru iseniz, bunu bilmeden önce istediginiz seyi elde edeceksiniz. Hayatinizda yeni hedefler almak zorunda kalacaksiniz, bu da sonunda emellerinizi yerine getirmenize yardimci olacaktir. Cazibeniz, sosyal toplantilarda en iyiniz olacaktir.
</KING-OF-PENTACLES-ONE>
<ACE-OF-SWORDS-ONE>
    Bu kart, ilerlemek için kendine güveninizi yeniden canlandirmak zorunda kalacaginizi gösteriyor. Endiseleriniz halledileceginden, sans sizi tercih edecektir ve kendiniz ve çevrenizdeki her sey hakkinda yeni bir anlayis olacaktir. Isler kisisel ve profesyonel yasaminizda da daha iyi olacaktir.
</ACE-OF-SWORDS-ONE>
<TWO-OF-SWORDS-ONE>
    Birinden yardim veya rehberlik almak konusunda çok çekingen davraniyorsunuz ama eger net bir vizyon istiyorsaniz, onlara, size yolu göstermeleri için izin vermelisiniz. Zorlu kosullara ragmen istediginiz seyi gerçeklestireceginiz belirli seyler olacak ve sonunda kendiniz hakkinda emin olacaksiniz.
</TWO-OF-SWORDS-ONE>
<THREE-OF-SWORDS-ONE>
    Bu kart, korkularinizi geride birakmak ve biraz çildirmis olsalar bile, bu asama geçici olacagindan ve bundan en iyi sekilde faydalanmaniz gerektiginden, sevdiginiz seyleri yapmak zorunda kalacaginizi gösteriyor. Sahip oldugunuz seylere tutunmaya ve kaybettiginiz seyleri kurtarmaya çalisacaksiniz fakat üzerinde kontrolünüz olmayan bazi seyler var, bu yüzden onu birakmaniz gerekecektir.
</THREE-OF-SWORDS-ONE>
<FOUR-OF-SWORDS-ONE>
    Bu kart, her seyi kadere birakmayacaginiz için, hak ettikleriniz ve ne için çalistiginizi sormanin vakti geldigini gösterir. Bazi zorluklardan geçmeniz gerekebilir, ancak bu sadece bir geçis asamasi olacaktir. Rüyalarinizin pesinde kosarak disari çikmadan önce, sagliginiza dikkat etmeniz gerekir.
</FOUR-OF-SWORDS-ONE>
<FIVE-OF-SWORDS-ONE>
    Bu kart, arzu ettiginiz belirli alanlarda adil bir basari payi elde edeceginizi ama hayatin her alaninda bütün kurdeleler ve balonlar olmayacagini gösteriyor. Uzlasmaniz gereken belirli alanlar olacak ve istediginizi elde etmenize ragmen, hala tatminsiz görüneceksiniz.
</FIVE-OF-SWORDS-ONE>
<SIX-OF-SWORDS-ONE>
    Sorunlarla karsilasacaginiz belirli alanlar olacak ve tüm kontrolü kadere devretmek yerine ayaga kalkmak ve kendiniz için savasmak zorunda kalacaksiniz. Belli bir durum hakkinda ciddi bir düsünceniz olacaktir ve sonunda yeni bir baslangiç için hayatinizin bazi yönlerini geride birakmaya karar vereceksiniz.
</SIX-OF-SWORDS-ONE>
<SEVEN-OF-SWORDS-ONE>
    Kosullardan dolayi biraz stresli hissedeceksiniz ve duygusal ve fiziksel yasaminizi dengelemeniz gerekecektir. Çok fazla stres iyi degildir ve sizi hedefinize ulasmaktan caydirabilir. Ancak sevdiklerinizden destek alacaksiniz ve sizin için sansli oldugunu kanitlayan özel biriyle görüsme sansiniz var.
</SEVEN-OF-SWORDS-ONE>
<EIGHT-OF-SWORDS-ONE>
    Sizin için çok agir ve stresli oldugu kanitlanacak durumlar olacaktir ama sonunda bu durumdan kurtulmaya ve yeni kaynaklarla, yeni alanlarda, yeni bir yetenek ya da kapasite ile, yeniden baslamaya karar vereceksiniz. Bu sizi daha mutlu bir asamaya götürecek ve bu kararlari aldiginiza sevineceksiniz.
</EIGHT-OF-SWORDS-ONE>
<NINE-OF-SWORDS-ONE>
    Çok zorlamadiginiz ve evrenin sizin için bir seyler açmasina izin vermedigi ileri sürülmektedir. Sevdikleriniz simdi hayatinizda önemli bir rol oynayacak ve çevreniz hakkinda daha güvende hissetmenizi saglayacak bazi yeni baslangiçlar veya yeni gerçeklesmeler olabilir.
</NINE-OF-SWORDS-ONE>
<TEN-OF-SWORDS-ONE>
    Bu kart, yol boyunca ilerledikçe, beklediginizden çok farkli olan seylerin oldugunu göreceginizi göstermektedir. Bir süreligine yüzlesmek zorunda kalacaginiz bazi engeller olacak ama hala umut var ve yol boyunca odaginizi kaybetmemeye çalisacaksiniz.
</TEN-OF-SWORDS-ONE>
<PAGE-OF-SWORDS-ONE>
    Bu kart, istediginiz seyi elde etmek üzere oldugunuz için su anda pes etmemeniz gerektigini belirtmektedir. Yolu terk etmezseniz, çok yakinda ne için yola çiktiginizi seyi bulacaksiniz ve zihninizin pozitif çerçevesinden dolayi, is arkadaslariniz ve sevdiklerinizle olan seyleri çözebileceksiniz. Ask hayatin, büyük olasilikla gelisecektir.
</PAGE-OF-SWORDS-ONE>
<KNIGHT-OF-SWORDS-ONE>
    Hedefinize çok yakin oldugunuzdan simdi engellerle durdurulmayin ve yakinda, her zaman istedigin seye dogru net bir yolla karsilasacaksin. Hedeflerinizi kazanmanizda önemli bir rol oynayacak yardimci bazi faktörler olacaktir ama bu faktörleri tanimlamaniz ve takdir etmeniz gerekir.
</KNIGHT-OF-SWORDS-ONE>
<QUEEN-OF-SWORDS-ONE>
    Istediginiz sonuçlari görmek için rahatlamaniz ve sabirli olmaniz gerektiginden, çok fazla güç gerektiren seyler yapmayin. Bu asamada, biraz sinirli olacaksiniz ve maddenin derinliklerine gitmek yerine izolasyonu tercih edeceksiniz. Sevdikleriniz size yardim etmeye çalisacak, ancak siz, kendinize bir çözüm bulmaya çalisacaksiniz.
</QUEEN-OF-SWORDS-ONE>
<KING-OF-SWORDS-ONE>
    Bu kart, kolayca pes etmeyeceginizi ve ona ulastiginiz zamana kadar hayallerinizin pesinden gideceginizi gösterir. Noktalara birlestirmeye basladiginizda isler netlesmeye baslayacak ve bu size çok yardimci olacaktir. Kötü bir etki içine düsmememiz ve onlara kararlarinizi almalarina izin vermeniz tavsiye edilir.
</KING-OF-SWORDS-ONE>
<ACE-OF-WANDS-ONE>
    Yakinda, hayatinizi nasil yönlendireceginize yönelik yaklasiminizi degistireceksiniz. Bu size ait olma duygusu kazandiracak ve kendinizi rahatlatacaktir. Sans, kapinizi iki kez çalmayacagindan uyanik olmaniz gerekecektir, ve bunu yaparken yakalamaniz gerekir.
</ACE-OF-WANDS-ONE>
<TWO-OF-WANDS-ONE>
    Isler su anda biraz kafa karistirici gibi görünebilir, ancak kader size, hedeflerinize dogru bir yolu gösterecektir. Bazen etrafinizdaki kazançli seylerden çok heyecanlanirsiniz ve bu, daha sonra pismanliga yol açabilir. Bu yüzden düsünmeden kararlar almamanizi önerilir.
</TWO-OF-WANDS-ONE>
<THREE-OF-WANDS-ONE>
    Sansiniz sizi tercih etmekten yana oldugu için isiniz hakkinda çok küçümseyici olmayin ama bunun için biraz cesaret göstermeniz gerekecektir. Faydali olacagini kanitlayacak biriyle tanisabilirsiniz ve bu, iyi zamanlarin köse basinda oldugunu ve pozitif enerjinin sizin yönünüzde aktigini isaret edecektir.
</THREE-OF-WANDS-ONE>
<FOUR-OF-WANDS-ONE>
    Herkes hayatta hata yapar, ama kabul etmek ve meseleyi kötülemek yerine çözüm bulmak en iyisidir. Bunun en iyi yani, bunu fark edip bunu kabullenmenin cesaretine sahip olmaniz ve sonuçlarla yüzlesmenizdir ve bu tutum, sevdikleriniz tarafindan takdir edilecektir.
</FOUR-OF-WANDS-ONE>
<FIVE-OF-WANDS-ONE>
    Mutlu bir zihin çerçevesinde olacak ve iyimser bir sekilde etraftaki her seyi görmeye çalisacaksiniz ve bu sizi memnun hissettirecektir. Istediginiz seyin farkli bir resmine sahip olacaksiniz ama hayatin sunabilecegi baska bir sey olacaktir. Ancak, pozitif zihniniz, aldiginiz seyle barisik olmaniza yardimci olacak ve her seyden sonra tatmin olacaksiniz.
</FIVE-OF-WANDS-ONE>
<SIX-OF-WANDS-ONE>
    Kader hayatin trajedilerini kaldirmaya karar verecektir ve çok daha mutlu bir alana gireceksiniz. Sabir, su an için pratik yapmaniz gereken bir erdemdir ve evrendeki seyleri sizin için nihai olarak kaliplayacagindan, isleri istediginiz gibi zorlamamaniz önerilmektedir.
</SIX-OF-WANDS-ONE>
<SEVEN-OF-WANDS-ONE>
    Su an biraz güçlü olman gerekecektir ve hayatinizin kontrolünü ele geçirmeye çalismak zorunda kalacaksiniz. Cesaretin, arzu ettiginiz seyi elde etmenize yardim etmenin tek yolu oldugunu anlayacaksiniz. Sonunda istedigini alacaksin ve tüm tutkular bir kenara konacak.
</SEVEN-OF-WANDS-ONE>
<EIGHT-OF-WANDS-ONE>
    Her sey bir parmak çirpida gerçeklesemedigi için simdi biraz sabirli olmaniz gerekecek ama fark edeceksiniz, dogru yöne gidiyorsunuz. Inisiyatifiniz ve çabalariniz artik çok önemli. Eger bu seyler halledilirse, o zaman kesinlikle istediginizi alacaksiniz.
</EIGHT-OF-WANDS-ONE>
<NINE-OF-WANDS-ONE>
    Hiçbir seyin dogru olmadigi zamanlar vardir ama bu mücadele asamasinin sabirla geçilmesi gerekecektir. Hayallerinizi gerçekten yerine getirmek istiyorsaniz, pes etmeyin. Bir peri masali sonu isteyeceksiniz ve bunu da muhtemelen alacaksiniz ama bu sadece sizin inisiyatifinizdedir ve dayanikliliginiza göre belirlenir.
</NINE-OF-WANDS-ONE>
<TEN-OF-WANDS-ONE>
    Yolunuzdaki Zorlu engebelere ragmen basari kazanacaksiniz. Istedigin seyi aldigin zamana kadar kolayca pes etmeyeceksin ve bu tavir sizi zirveye çikaracaktir. Yeni insanlarla tanismaniz olasidir ve bazen bir ortagin veya bir meslektasin sansi gerçekten harikalar yaratabileceginden bu iyi bir isarettir.
</TEN-OF-WANDS-ONE>
<PAGE-OF-WANDS-ONE>
    Isleri titizlikle yapmaya çalisiyorsunuz ve bu kesinlikle sizi uzun bir yoldan alacaktir. Yolculugunuza gelen bazi hayal kirikligi haberleri olabileceginden, bu tam olarak kutlamalar için en iyi zaman olmayacaktir ama güçlü olmaya ve dengeli bir yaklasimla isleri yapmaya çalisacaksiniz.
</PAGE-OF-WANDS-ONE>
<KNIGHT-OF-WANDS-ONE>
    Bu kart, bazi seylerin gölgede birakilabilecegi gibi nihai bir karar almadan önce durumu tüm taraflardan görmenin daha iyi oldugunu göstermektedir. Zorlu durumlarda panik yapmayin, bunlar olgunluk belirtileri olabilir ve nihayetinde hedefinize ulasacaksiniz.
</KNIGHT-OF-WANDS-ONE>
<QUEEN-OF-WANDS-ONE>
    Gerektiginden fazlasini yapiyorsunuz ve bu, kendinizi stresli hissettirebilir. Etraftaki insanlara güvenmeye çalisin ve onlara isler atayin ve göreceksiniz ki, etrafinizdaki insanlara güvenmek, her zaman hayal kirikligi yaratmaz. Isinizi en iyi sekilde yapmaya gayret edeceksiniz ve bu kalite, patronlarinizi ve meslektaslarinizi etkileyecektir.
</QUEEN-OF-WANDS-ONE>
<KING-OF-WANDS-ONE>
    Öncelikle isleri planlamak ve sonra uygulamaya koyarak devam etmek en iyisidir. Bu mantik ile, yeteneginiz sadece isinizde akacak ve iletisim becerileriniz eslik edecek, kisisel ve profesyonel yasamda insanlara hayrete düsüreceksiniz.
</KING-OF-WANDS-ONE>
<THE-MAGICIAN-ONE>
    Bu kart, eger sevgi sizin için bir endise ise, romantizm daha da güçleneceginden dolayi, kisa bir süre içinde adimlarinizda olumlu bir degisiklik bekleyebileceginizi söyler. Eger simdi eski bir yoldaysaniz, hayallerinizi gerçeklestirmek için, yeni bir girisim ya da yeni biriyle, bazi degisiklikler yapmaniz ya da yeni bir seyler yapmaya baslamak zorunda kalacaksiniz.
</THE-MAGICIAN-ONE>
<THE-HIGH-PRIESTESS-ONE>
    Bu kart yeni bir girisimin baslamak üzere oldugunu ve bunun için yardima ihtiyaciniz olacagini gösterir. Eger bir rehberlik ariyorsaniz, o zaman birisi size yardim etmeyi önerecek ve tüm süphelerinizin çaresine bakilacak. Basarili olma sansi son derece yüksek oldugu için bu, yeni bir seyler yapmaya baslama zamani olacaktir.
</THE-HIGH-PRIESTESS-ONE>
<THE-EMPRESS-ONE>
    Bu kart, kisisel ya da profesyonel yasamda sizin için büyük önem tasiyacak biriyle karsilasacaginizi gösterir. Hevesli bir sekilde beklemekte oldugunuz bir sey yüzünden huzursuzlasiyorsunuz ancak bu biraz zaman alacak.
</THE-EMPRESS-ONE>
<THE-EMPEROR-ONE>
    Bu kart, çabalarinizdan dolayi var olacak bir sey ya da birileri oldugunu gösteriyor. Artik birçok seyi hayal ediyorsun ve taleplerin gökyüzüne ates ediyor ancak sansiniz, bunu elde etmenin en muhtemel oldugu seyleri sormak için iyi bir gün oldugunu söylüyor. Pek çok seyi netlestirecek bir rehberlik vermeye istekli birileri olacaktir.
</THE-EMPEROR-ONE>
<THE-HIEROPHANT-ONE>
    Çogunlukla yeni bir yasam tarzini veya yeni bir girisimi takip edeceksiniz ve bu sizi bunaltacaktir. Yapmak istediginiz seyi takip etmenizi engelleyecek bazi engeller veya güçler olacaktir ve yolda bazi hayal kirikliklariyla ugrasmak zorunda kalabilirsiniz.
</THE-HIEROPHANT-ONE>
<THE-LOVERS-ONE>
    Bu kart, hedefinizin yolunda birçok sorunlu durumla yüzlesmeniz gerektigini belirtir. Ama sonunda kesin bir karar alacaksiniz ve kararin dogru oldugunu kanitlayacaksiniz. Size rehberlik etmek ve bazi zorlu zamanlarda size yardimci olmak için duygusal desteginizi kanitlayacak bir kisi olacak.
</THE-LOVERS-ONE>
<THE-CHARIOT-ONE>
    Eger bir sey için sabirsizlaniyorsaniz, o zaman yakinda fark edeceksiniz ki, hayat beklediginizden daha iyi seyler sunmak zorundadir. Daha iyi bir insan olmaniz ve kendi iyiliginiz için, çesitli yasam tarzi degisikliklerine yardimci olacak bir iç uyanis olacak.
</THE-CHARIOT-ONE>
<STRENGTH-ONE>
    Bu kart, istediginiz seyi elde etmek için çok güçlü bir konumda olacaginizi ve yoldaki tüm engellerin üstesinden geleceginizi gösterir. Herhangi bir kosulda yenilgiyi kabul etmeyeceksiniz ve bu tutum takdir edilecektir. Ruhunuzu kirmaya çalisabilecek bazi unsurlar olabilir ama siz daha güçlü olacaksiniz.
</STRENGTH-ONE>
<THE-HERMIT-ONE>
    Hayallerinizi daha net görmenizi saglayacak belirli bir durum meydana gelecek ve onlarin ulasilabilir olduklarini hissedeceksiniz. Yolda küçük basarilar olacak, ancak gözlerinizi ana hedefinizde olacak ve bunu da basarabilirsiniz.
</THE-HERMIT-ONE>
<WHEEL-OF-FORTUNE-ONE>
    Belirli kararlar ve bunlarin sonuçlarina göre kaos olacaktir. Bu kafa karisikligi sinir bozucu olabilir ancak daha verimli olabileceginden, yeni girisimlere konsantre olmak en iyisidir. Yaptiginiz seyleri gözden geçirmeniz ve buna göre bir aliskanlik ya da yasam tarzi gibi bir seyleri kendi iyiliginiz için degistirmeniz gerekecektir.
</WHEEL-OF-FORTUNE-ONE>
<JUSTICE-ONE>
    Bu kart, sizi zihinsel olarak rahatsiz eden zor bir asamadan geçtiginizi gösterir ama yakinda isler iyilesmeye baslayacak ve hayallerinize ulasmaya yaklasacaksiniz. Çok fazla zorlamayin ve zamanin onu yönlendirmesine izin verin.
</JUSTICE-ONE>
<THE-HANGED-MAN-ONE>
    Hayatta ne istedigini anliyorsun, ama yine de bunu basarmayi taahhüt etme yoluna gitmeye hazir olmadigina inaniyorsun. Hala devam etmek istediginiz veya birakmak istemediginiz bazi seylerin oldugunu hissedeceksiniz.
</THE-HANGED-MAN-ONE>
<DEATH-ONE>
    Bu kart, sahip olduklarinizin çogunun gerçekten istediginiz gibi olmayacagini ve simdiye kadar çok fazla hayal kirikligi yasanacagini gösteriyor. Ama istikrar kazanacak ve bir kez daha hedefini takip edeceksin ve hirsin ve cesaretin seni daha ileriye götürecek.
</DEATH-ONE>
<TEMPERANCE-ONE>
    Bu, arka koltuga kaçma ya da durumlardan korkma zamani degil. Kontrolü ele almali ve kendi geminizin kaptani olmali, baskasinin kontrol etmesine izin vermemelisiniz. Eger cesaret gösterirseniz, firsatlari elde edeceksiniz ve ve bunlar, nasil kullanacaginiz üzerine olacaktir.
</TEMPERANCE-ONE>
<THE-DEVIL-ONE>
    Bu kart kararlarinizda aceleci olmamanizi tavsiye ediyor. Sadece biraz zaman ayirin ve hayatinizda ne istediginizi yeniden düsünün ve gerektiginde öneriler alin. Isler yakin gelecekte istediginiz gibi olmayacak, ama bunlarin çözülecek bir bulmacanin parçalari olacagini fark edeceksiniz.
</THE-DEVIL-ONE>
<THE-TOWER-ONE>
Geçmiste meydana gelen belirli kayiplardan dolayi hayal kirikligina ugramis hissediyor olmalisiniz. Ama kayip olani telafi etmek için, hos bir sey geliyor olacak. Beklenmedik durumlarda sakin olmaniz ve sezgilerinize inanmaniz ve kesinlikle ödüllendirileceginiz bildirilmektedir.
</THE-TOWER-ONE>
<THE-STAR-ONE>
Hedefinize dini olarak giden yolunuzu takip edin ve islerin yerine oturdugunu göreceksiniz ve istediginiz seyi yakinda alacaksiniz. Islerin iyilestigini ve hayallerinize olan sadakat ve bagliliginizin, sevdiklerinizin yardim ve destegiyle aydinlanacagini kesinlikle fark edeceksiniz.
</THE-STAR-ONE>
<THE-MOON-ONE>Hiçbir sey için asiri önlemler almayin ve sadece sezgilerinizle harekete geçin. Yakinda yeni bir uyanis duygusu olacak ve endiselerinizi ve olumsuz duygularinizi birakmaya karar verdiginizde daha mutlu bir hayat sürdürebileceksiniz. Simdi duygusal bir yükseliste olacaksiniz ve etrafiniz pozitif insanlarla çevrili olacak.
</THE-MOON-ONE>
<THE-SUN-ONE>Kisisel ve profesyonel yasamda isler karisik ve belirsiz göründügü için birazcik agirlastiriliyorsunuz. Ama endiselenmekten çok harekete geçmek daha iyidir ve kaderiniz sizi, sadece siki çalismaniz ve inancinizla, bunun disina çikaracaktir.
</THE-SUN-ONE>
<JUDGEMENT-ONE>Mutlulugun pesinde zor zamanlardan geçtikten sonra, isler kasvetli görünebilir ancak kisa bir sürede aklin, bedenin ve ruhun yenilenmesi olacak, bu da hayatinizda yeni bir ümit yaratmaya yardimci olacak ve eger enerjiyle destekleniyorsa, sizi arzu ettiginiz seye götürecektir.
</JUDGEMENT-ONE>
<THE-WORLD-ONE>
Bu kart, özgür olmaniza ve özgür ruhlu bir sekilde düsünmenize izin vermediginizi gösterir. Hayallerinizi kovalamak için kendinizi serbest birakmaniz gerekecek ve ancak o zaman tüm engelleri asacak ve zafer kazanacaksiniz. Isler, sadece ilk adimi alarak, zahmetsizce yerine gelmeye baslayacak.
</THE-WORLD-ONE>
<THE-FOOL-ONE>
    Bu kart, ihtiyaciniz olan bir sey varsa, kesinlikle islerin sizin için yoluna girecegini gösterir. Istediginiz seyleri nasil aldiginizi gerçekten anlamayacaksiniz ama yukarida bir yerlede senin Noel Baban olacak kadar nazik biri olacak ve en alisilmadik sekillerde sansi baslatacak.
</THE-FOOL-ONE>
    </ROOT>
