<?xml version="1.0" encoding="utf-8" ?>
<ROOT>
<ACE-OF-CUPS-ONE>Puede haber cierta tensiones o incomodidades con sus familiares y eso será un motivo de molestia. Usted estará esperando hacer nuevas conexiones con alguien, la cual será fructífera y usted estará satisfecho con lo que obtendrá. </ACE-OF-CUPS-ONE>
<TWO-OF-CUPS-ONE>Esta carta sugiere que usted tendrá que hacer sus maletas por razones de trabajo o personales. A pesar de ciertos desacuerdos con sus seres queridos, las cosas se solucionarán eventualmente. Usted pudiera confiar en alguien que quizá no es muy cercano a usted pero que pareciera ser querido. </TWO-OF-CUPS-ONE>
<THREE-OF-CUPS-ONE>Puede haber retraso de ciertos eventos debido a compromisos profesionales o por asuntos personales los cuales lo dejarán ligeramente molesto. Este sentimiento puede hacerlo sentir aislado, pero se dará cuenta que sus seres queridos permanecerán a su lado para hacerlo sentirse mejor. </THREE-OF-CUPS-ONE>
<FOUR-OF-CUPS-ONE>Esta carta indica que se tendrá que manejar con paciencia un período muy ocupado. Esto pudiera ser un período de prueba para tus seres queridos y pronto te darás cuenta quién realmente se preocupa por ti. Se le sugiere que no se mantenga al margen, sino que trate de compartir su problema y que les permita a sus seres queridos ayudarle. </FOUR-OF-CUPS-ONE>
<FIVE-OF-CUPS-ONE>Este pudiera no ser un tiempo muy placentero ya que usted tendrá que sacrificar ciertas cosas que no están en su control. Esta será una etapa difícil entre usted y sus seres queridos y esto pudiera también volverse en un argumento de peso el cual pudiera conducir a un resultado indeseable. </FIVE-OF-CUPS-ONE>
<SIX-OF-CUPS-ONE>Esto pudiera verse como un tiempo de vacación para usted ya que hay muchas visitas a amigos y parientes. Pudiera haber también ciertas complicaciones en su vida personal lo cual pudiera conducir a contrastar algunos resultados, pero lo manejará sensatamente. </SIX-OF-CUPS-ONE>
<SEVEN-OF-CUPS-ONE>Puede haber ciertos conflictos de opinión en su familia y esos pueden volverse intensos. Usted intentará obtener ayuda para solventar la situación pacíficamente. Usted estará bien profesionalmente intentando balancear muchas cosas, pero podrá hacer un buen trabajo. </SEVEN-OF-CUPS-ONE>
<EIGHT-OF-CUPS-ONE>Puede haber algunas reuniones planificadas con sus seres queridos pero debido a incertidumbres, usted pudiera tener que posponerlo. También se recomiendan algunas visitas al doctor para sus seres queridos. Unas noticias agradables están en camino. </EIGHT-OF-CUPS-ONE>
<NINE-OF-CUPS-ONE>Usted pudiera estar planeando un viaje o escaparse por un tiempo, pero lo pospondrá ya que algo mejor llegará a su camino. Pudiera sentirse un poco nostálgico al tratar con ciertas enfermedades que perturban a tus seres queridos pero muy pronto verá el lado positivo con la ayuda de sus amigos. </NINE-OF-CUPS-ONE>
<TEN-OF-CUPS-ONE>Pudiera tener que enfrentarse a una situación difícil y pudiera analizar un tropiezo de su familia o su trabajo pensando que las cosas no pudieron haber sido peor de lo que son ahora. Se conectará con su lado emocional y entrará en contacto con su familia y amigos para planificar una reunión. </TEN-OF-CUPS-ONE>
<PAGE-OF-CUPS-ONE>Esta carta indica que usted ahora intentará hacer las cosas mucho más simples para usted y un cambio positivo en el curso de su vida le ayudará con eso. Se recomienda que no fuerce las cosas relacionadas a dinero, renta o propiedades ya que pudieran no resultar de la manera esperada. Pudiera encontrarse con uno de sus antiguos amigos o expareja y esto pudiera llevar a una reunión. </PAGE-OF-CUPS-ONE>
<KNIGHT-OF-CUPS-ONE>Usted está ahora pensando en un cambio de residencia, pero no presionará mucho las cosas ahora. Usted debería ser cuidadoso ya que algunos accidentes pequeños pudieran suceder en la casa. Sus seres queridos pudieran estar planificando unas vacaciones y usted pudiera estarlo esperando con ansias. Estará en contacto constante con sus amigos. </KNIGHT-OF-CUPS-ONE>
<QUEEN-OF-CUPS-ONE>Puede haber mucho caos en su vivienda debido a los niños o algún tipo de trabajo en la casa o invitados. Puede haber algunos problemas con la familia y usted tendrá que actuar responsablemente o pudiera terminar en una situación en la que nunca quiso involucrarse. Este caos le acercará aún más a sus amigos y encontrará consuelo en ellos. </QUEEN-OF-CUPS-ONE>
<KING-OF-CUPS-ONE>Hay una nueva situación llegando a su vida la cual será favorable para usted y le traerá de nuevo la felicidad. Usted obtendrá una llamada inesperada de un amigo y esto lo pondrá de buen humor. Algunos parientes discutirán problemas con usted y usted estará feliz de ayudarles e intentará de consolarlos todo lo que sea posible. </KING-OF-CUPS-ONE>
<ACE-OF-PENTACLES-ONE>Usted está en un período cómodo en este momento y la prosperidad está en camino. También podrá darse el lujo de comprar algo que antes no pudo. Su relación con su familia será feliz y saludable y todo se irá acomodando en su lugar. Usted puede planificar visitar a algunos viejos amigos o pudiera terminar teniendo planes espontáneos con ellos. </ACE-OF-PENTACLES-ONE>
<TWO-OF-PENTACLES-ONE>Usted verá que intentar balancear situaciones en casa se está volviendo muy difícil. Usted estará en una fase distraída y encontrará difícil concentrarse en su vida personal. Estas distracciones pudieran ser presiones del trabajo. Se sentirá mejor una vez que usted empiece a socializar y conocer nuevas personas. </TWO-OF-PENTACLES-ONE>
<THREE-OF-PENTACLES-ONE>Esta carta indica que usted estará sumergido en algunos pasatiempos u otras actividades y un ser querido o alguien inesperado llegará con regalos y otras oportunidades. Pueda haber algunas dificultades oficiales por las que usted junto a su familia tendrá que pasar. </THREE-OF-PENTACLES-ONE>
<FOUR-OF-PENTACLES-ONE>Un prospecto de negocios, de venta u otra oportunidad llegará pronto a su puerta. Esto requerirá del apoyo y la guía de sus seres queridos. Usted hará planes con sus amigos y pudiera haber ciertas confrontaciones no gratas pero podrá lidiar con ellas. </FOUR-OF-PENTACLES-ONE>
<FIVE-OF-PENTACLES-ONE>Esta carta muestra que usted tiene que enfrentar algunas situaciones estresantes intentando balancear la estabilidad psicológica y emocional pero ciertos miembros de la familia le pedirán su guía. Se sentirá emocional por sus amigos ahora pero no encontrará el tiempo para contactarlos. </FIVE-OF-PENTACLES-ONE>
<SIX-OF-PENTACLES-ONE>Usted pudiera no sentirse en paz con algunos de sus amigos o colegas por algunos problemas. Usted está estresándose de más con su trabajo sin ninguna relajación y necesita tomarse un descanso antes que eso lo perjudique. Un miembro de su familia pudiera estar infeliz y expresará el deseo de pasar más tiempo solo o de ir a una peregrinación. </SIX-OF-PENTACLES-ONE>
<SEVEN-OF-PENTACLES-ONE>Se siente ansioso e intranquilo debido a que sus finanzas parecen estar estancados en alguna parte, pero puede haber un flujo de dinero de alguna otra fuente. Algunos aspectos relacionados con la salud lo obligarán a tomarse un descanso por un tiempo. Usted encontrará el tiempo de estar en contacto con sus amigos y pasar tiempo con ellos. </SEVEN-OF-PENTACLES-ONE>
<EIGHT-OF-PENTACLES-ONE>Usted estará un poco confundido intentando encontrar soluciones para los problemas relacionados a su casa. Su familia pudiera no comportarse muy bien con usted ahora y habrá obstáculos en los planes. Usted podrá encontrar un balance entre su vida personal y profesional y pasará tiempo con sus seres queridos. </EIGHT-OF-PENTACLES-ONE>
<NINE-OF-PENTACLES-ONE>El trabajo que puede hacer desde su casa o simplemente haciendo llamadas lo mantendrá ocupado por un tiempo. Sus amigos y familia estarán a su lado en cada paso ahora y lo guiarán mientras toma decisiones cruciales. Estará involucrado en discusiones con relación al trabajo las cuales acercarán a amigos y colegas. </NINE-OF-PENTACLES-ONE>
<TEN-OF-PENTACLES-ONE>Esta carta indica que usted ahora disfrutará de reuniones sociales y pasará tiempo con su familia y amigos. Se sentirá más conectado a su familia y les pedirá consejo el cual ellos estarán felices de darle. Es tiempo que conozca nuevas personas y estas personas se convertirán en parte de su vida. </TEN-OF-PENTACLES-ONE>
<PAGE-OF-PENTACLES-ONE>Puede estresarse un poco debido a su agitado horario e intentará hacer planes para salir con sus seres queridos. Puede haber una sociedad que usted esté esperando, pero no resultará de la manera en la que usted lo esperaba y esto lo molestará. Pero usted pondrá todos sus esfuerzos para hacer que funcione. </PAGE-OF-PENTACLES-ONE>
<KNIGHT-OF-PENTACLES-ONE>Usted ahora estará de ánimos y podría terminar comprando o saliendo y haciendo un gasto bastante fuerte. Habrá una tensión entre usted y uno de los miembros de su familia debido a lo que usted llamará estar mucho tiempo con ellos. Usted ahora encontrará apoyo en sus amigos y si hubiera algunas diferencias éstas se resolverán. </KNIGHT-OF-PENTACLES-ONE>
<QUEEN-OF-PENTACLES-ONE>Esta carta indica que usted pudiera estar haciendo algunos planes futuros para mantener su carrera, sus amigos y su familia en mente. Habrá algunas lluvias de ideas mientras platica con sus amigos. Se sentirá cercano a su familia y les ofrecerá ayuda para resolver algunos inconvenientes. </QUEEN-OF-PENTACLES-ONE>
<KING-OF-PENTACLES-ONE>Usted ahora estará ocupado en actividades que involucran papeleo. Pasará tiempo con sus amigos y también disfrutará de algunos beneficios. Estará en una situación tal que lo tentará a irse de vacaciones o a una pequeña salida con su familia, pero las cosas tendrán que mantenerse en espera. </KING-OF-PENTACLES-ONE>
<ACE-OF-SWORDS-ONE>Usted tendrá algunas sorpresas gratas pero inesperadas y va a disfrutarlas. Habrá mucha presión y malestar en la casa entre los miembros de la familia y esto te hará sentir al margen. Usted intentará confiar en sus amigos e intentará buscar consejo y consuelo. </ACE-OF-SWORDS-ONE>
<TWO-OF-SWORDS-ONE>Hay indicios que usted está saliendo con sus seres queridos por varias razones. Usted enfrentará algunos problemas relacionados con el dinero y si la suerte le favorece, alguien será de mucha ayuda. Solo tenga paciencia y todas las polémicas se atenuarán en poco tiempo. </TWO-OF-SWORDS-ONE>
<THREE-OF-SWORDS-ONE>Así como pasa en las familias, usted también pudiera frustrarse por las presiones de alcanzar altas expectativas. Usted pudiera sentirse un poco intranquilo por alguna culpa y usted intentará convencerse a usted mismo de resolver las cosas y volver a la normalidad. </THREE-OF-SWORDS-ONE>
<FOUR-OF-SWORDS-ONE>Usted pudiera tener que hacer algún tipo de papeleo legal y eso no será una experiencia muy placentera. Se sentirá impotente en algunas situaciones mientras ve a un ser querido atravesar una fase difícil. Pudiera no ser el mejor tiempo para pasarlo con sus amigos ya que se sentirá decepcionado por todo. </FOUR-OF-SWORDS-ONE>
<FIVE-OF-SWORDS-ONE>Después de un largo curso de medicación, usted finalmente se librará de las visitas a los doctores y se pondrá mejor. Su familia se sentirá nostálgica y se mantendrá a su lado. Pudiera estar agobiado por ciertas responsabilidades y esto pudiera llevar a la frustración. Usted también se dará el gusto de hacer algunas compras especialmente para el hogar. </FIVE-OF-SWORDS-ONE>
<SIX-OF-SWORDS-ONE>Esta carta muestra que usted pudiera tener que enfrentar algunos problemas y dificultades al lidiar con asuntos relacionados al hogar. Usted sentirá una conexión fuerte con su familia e intentará estar con su familia y amigos por más tiempo ahora. Usted intentará también de guiar a algunos de sus seres queridos. </SIX-OF-SWORDS-ONE>
<SEVEN-OF-SWORDS-ONE>Un encuentro repentino con un viejo amigo es indicado y esto probará ser favorable. Hay muchas cosas que se añadirán a sus problemas y lo harán sentir incómodo. Usted pudiera tener argumentos y conflictos de intereses con su familia, pero aun así mantendrá el vínculo. </SEVEN-OF-SWORDS-ONE>
<EIGHT-OF-SWORDS-ONE>Pudiera haber algunos problemas en relación con ciertos amigos y usted tendrá que tomar algunas decisiones firmes. Pudiera haber también una fase romántica en donde se conectará con su amante. Usted disfrutará de tiempo de calidad con su familia y será extremadamente feliz por ello. </EIGHT-OF-SWORDS-ONE>
<NINE-OF-SWORDS-ONE>Esta carta indica que usted ahora se está sintiendo inquieto por alguien. Hay algunos familiares quienes estarán lidiando con problemas relacionados al dinero y usted intentará ayudarlos. Esto mejorará su reputación entre sus familiares. Usted pudiera también tener que alejarse de alguien o algo lo cual lo dejará sintiéndose emocionalmente vulnerable. </NINE-OF-SWORDS-ONE>
<TEN-OF-SWORDS-ONE>Se inscribirá en algunos programas de calidad los cuales le ayudarán a desarrollarse como persona y mejorarán su concentración. Se pudiera sentir un poco aislado e inseguro e intentará lidiar con ello. Un ser querido pudiera lastimarlo y esto lo dejará con un dilema. </TEN-OF-SWORDS-ONE>
<PAGE-OF-SWORDS-ONE>Puede haber algunas noticias desagradables en el camino lo cual afectará tu humor tremendamente. Usted pudiera planear visitar a un familiar lejano o viceversa. Usted constantemente hará esfuerzos para construir y desarrollar su vida romántica y esto será apreciado por su pareja o un amigo. </PAGE-OF-SWORDS-ONE>
<KNIGHT-OF-SWORDS-ONE>Esta carta indica que usted estará en una temporada de fiestas y será visto en muchas ocasiones con los ánimos en alto. Pudiera haber ciertas confrontaciones en la familia y usted tendrá que estar dispuesto a escuchar y a trabajar por hacer las cosas mejor. Esto también requerirá alguna guía de un ser querido. </KNIGHT-OF-SWORDS-ONE>
<QUEEN-OF-SWORDS-ONE>Esta carta indica que esta será una fase difícil para usted. Puede haber malas noticias que vengan de todos lados incluyendo sus amigos y familia. Será difícil para usted lidiar con esto, pero sus seres queridos harán su mejor esfuerzo para hacerlo sentir mejor. </QUEEN-OF-SWORDS-ONE>
<KING-OF-SWORDS-ONE>Pudiera haber algunos conflictos con la familia en relación con su forma de vida y esto pudiera molestarle. Usted pudiera también considerar irse a un hotel o a un nuevo apartamento. Los problemas lo perseguirán y usted pudiera inesperadamente convertirse en parte de un escándalo si no se mantiene cauteloso. </KING-OF-SWORDS-ONE>
<ACE-OF-WANDS-ONE>Usted tendrá algunos problemas profesionales y de acuerdo con su familia, usted decidirá renunciar al trabajo y empezar algo propio. Habrá ciertos retrasos debido a algunos papeleos y tendrá que cancelar ciertas juntas o reuniones. </ACE-OF-WANDS-ONE>
<TWO-OF-WANDS-ONE>Esta carta indica que usted resolverá sus problemas con uno de los miembros de su familia e intentará que las cosas vuelvan a lo normal. Las buenas noticias están en camino y esta información le ayudará en el futuro. Usted estará dispuesto a ayudar a un amigo, pero descubrirá que las intenciones no son las que usted asumió. </TWO-OF-WANDS-ONE>
<THREE-OF-WANDS-ONE>Las personas mayores en su familia le darán un consejo valioso acerca de un papeleo y finanzas. Usted tomará un descanso de todo lo que hace y que le gusta y esto será un paso valiente. Usted buscará apoyo de sus amigos e intentará prolongar su sueño involucrando a sus seres queridos </THREE-OF-WANDS-ONE>
<FOUR-OF-WANDS-ONE>Usted tendrá que enfrentar algún estrés y frustración debido a algunos conflictos y confrontaciones familiares. Pero finalmente usted y sus seres queridos resolverán los problemas y mantendrán la paz. Pudiera haber alguien que no desearía un bien para usted e intentará embaucarte en algo malo así que está avisado que debe estar alerta. </FOUR-OF-WANDS-ONE>
<FIVE-OF-WANDS-ONE>Se sentirá irritado y molesto debido a algunas situaciones incontrolables las cuales han surgido debido a un externo. Pudiera haber alguien que está tratando de vandalizar a tu familia o propiedad y necesitas ser cuidadoso. Sus amigos y familia le ayudarán a pasar por un proceso de limpieza interior </FIVE-OF-WANDS-ONE>
<SIX-OF-WANDS-ONE>Esta carta indica que, aunque usted no esté muy feliz en sus actividades diarias, usted intentará ponerse al día con un amigo o familia y planeará un viaje agradable con ellos. Usted pudiera tener que lidiar con los problemas financieros que está lidiando un miembro de familia. </SIX-OF-WANDS-ONE>
<SEVEN-OF-WANDS-ONE>Usted tendrá que encontrar su camino entre su ajustado horario de trabajo y su tiempo de familia y esto le invadirá su vida personal si no encuentras un balance. Usted se mantendrá en contacto con un Viejo amigo y esto será un encuentro placentero. </SEVEN-OF-WANDS-ONE>
<EIGHT-OF-WANDS-ONE>Esta carta indica que tendrá dificultades entre su trabajo y su hogar y escasa y difícilmente encontrará tiempo para su familia. También hay una celebración en las cartas porque hay buenas noticias en la familia. Usted tendrá que lidiar con sus amigos cuidadosamente ya que puede haber malentendidos. </EIGHT-OF-WANDS-ONE>
<NINE-OF-WANDS-ONE>Usted intentará ayudar a un familiar con algunos asuntos legales y el papeleo relacionado. Algunos inconvenientes se resolverán con un viejo amigo y se indica una reunión. Usted está ansiosamente esperando algunas buenas noticias de un ser querido y esta ansiedad lo hará sentirse inquieto. </NINE-OF-WANDS-ONE>
<TEN-OF-WANDS-ONE>Habrá mucho peso del trabajo en sus hombros y usted intentará cumplir con sus compromisos. Usted no tendrá solo trabajo oficial sino también tendrá que ocuparse de asuntos personales. Pudiera haber una separación entre usted y un amigo o un ser querido y usted no sabrá como corregir las cosas. Esto no será bueno para usted o para su amigo. </TEN-OF-WANDS-ONE>
<PAGE-OF-WANDS-ONE>Usted estará pasando por una fase difícil y querrá aislarse por un tiempo y esto le preocupará a sus amigos y familia. Usted intentará ordenar las cosas en su vida tomando decisiones evaluadas y requerirá apoyo de un amigo haciendo eso. </PAGE-OF-WANDS-ONE>
<KNIGHT-OF-WANDS-ONE>Un viaje corto es indicado para rejuvenecerse y usted considerará el mudarse a vivir juntos en su relación para pasar más tiempo con su pareja. Las cosas no irán como se espera con sus miembros de la familia y amigos debido a ocasiones inusuales y usted tendrá que tomar tiempo para un amigo que buscará su apoyo y guía. </KNIGHT-OF-WANDS-ONE>
<QUEEN-OF-WANDS-ONE>Usted estará en una modalidad espiritual y querrá implementar algunas regulaciones y disciplina. Hay probabilidades que usted hará nuevas conexiones o las viejas conexiones se rejuvenecerán y fortalecerán. </QUEEN-OF-WANDS-ONE>
<KING-OF-WANDS-ONE>Esta carta indica que usted pudiera tener que lidiar con situaciones que involucran una enfermedad. Pudiera haber algunos proyectos que requerirán que usted se mueva a otro lugar. Usted finalmente se sentirá aliviado del sentimiento de estar aislado y las cosas mejorarán. </KING-OF-WANDS-ONE>
<THE-MAGICIAN-ONE>Su enfoque ahora son los nuevos comienzos y es recomendable que usted no persiga algo cuyas posibilidades de obtenerlo sean mínimas. Usted podrá muy pronto obtener ayuda valiosa o relevante de uno de sus amigos. Algunos planes se harán con un familiar o pudiera haber posibilidades de algún cambio en los planes con su pareja. </THE-MAGICIAN-ONE>
<THE-HIGH-PRIESTESS-ONE>Esta carta indica que hay una grata sorpresa para usted y usted estará emocionado por ella. Usted no se sentirá atado a los miembros de su familia ahora debido al estrés y su ecuación con sus amigos pudiera mejorarse ahora. </THE-HIGH-PRIESTESS-ONE>
<THE-EMPRESS-ONE>Usted se sentirá un poco distraído debido a las múltiples discusiones en su familia y ansiará paz mental. Usted también considerará irse por un tiempo. Usted se sentirá un poco culpable debido a algo que hizo a su amigo y es tiempo de enfrentar su miedo y hacer algunas confesiones. </THE-EMPRESS-ONE>
<THE-EMPEROR-ONE>Si usted estaba planificando visitar a un familiar o a un ser querido, entonces la visita será exitosa pero el viaje no será muy fácil. Este es un tiempo en el que estará rodeado de muchos amigos los cuales se convertirán en su sistema de soporte e incluso pudieran inspirarlo hasta cierto punto, ya que se siente deprimido ahora. </THE-EMPEROR-ONE>
<THE-HIEROPHANT-ONE>Esta carta indica que usted quiere que la atmósfera en casa sea más alegre y habrá buenas noticias en camino. Usted tendrá un tiempo difícil lidiando con un amigo, pero el solo hablar el uno con el otro calmará la situación y será capaz de comprenderlo y eventualmente la situación se resolverá. </THE-HIEROPHANT-ONE>
<THE-LOVERS-ONE>Usted ahora se dará cuenta que no todos son sus amigos y que algunos de ellos lo traicionarán si no hace algo al respecto. Usted estará en buenos términos con su familia y pudieran también planear una reunión la cual será debido a una pequeña celebración o por algunas buenas noticias. Algunos familiares pudieran también ventilar su enojo así que necesita ser cuidadoso. </THE-LOVERS-ONE>
<THE-CHARIOT-ONE>Usted se pondrá al día con sus viejos amigos y esto será un cambio refrescante en su estresante vida. Usted tratará de apoyar a un familiar con sus problemas, pero el no estará dispuesto a escuchar nada lo cual lo hará sentirse culpable e impotente. Usted necesitará un respaldo fuerte para validar sus reclamos hacia su familia </THE-CHARIOT-ONE>
<STRENGTH-ONE>Esta carta indica que usted tendrá un tiempo feliz con sus amigos y algunas chispas pudieran surgir con uno de sus amigos del sexo opuesto. Usted tendrá un tiempo difícil con su familia debido a razones financieras. Pudiera haber argumentos o incluso problemas si las cosas se salen de control. </STRENGTH-ONE>
<THE-HERMIT-ONE>Hay probabilidades que usted le hablará un miembro de su familia o a un amigo después de bastante tiempo. Si ha estado enfrentando diferencias con un ser querido se resolverán. Usted tendrá una guía sobre asuntos laborales o financieros de un ser querido y esto le será muy útil. </THE-HERMIT-ONE>
<WHEEL-OF-FORTUNE-ONE>Esta carta indica que un miembro de su familia le causará mucha frustración y decepción y usted deseará alejarse de esa persona. Irá algunas veces al médico debido a una enfermedad en su familia y esto causará mucho estrés. </WHEEL-OF-FORTUNE-ONE>
<JUSTICE-ONE>Es probable que se de cuenta que uno de los miembros de su familia o un pariente estará enfrentando problemas los cuales le afectarán a usted y sus decisiones. Las cosas no serán tan fluidas como usted esperaba ya que habrá muchas complicaciones con la familia y amigos, pero esta fase pasará eventualmente. </JUSTICE-ONE>
<THE-HANGED-MAN-ONE>Su familia y amigos lo apoyarán en el nuevo proyecto que está persiguiendo y un ser querido también lo guiará. Puede haber algunos argumentos, pero debido al cambio en la perspectiva se resolverá rápidamente. Usted también tendrá que hacer un esfuerzo para mantener relaciones pasadas. </THE-HANGED-MAN-ONE>
<DEATH-ONE>Esta carta indica que será un tiempo próspero para usted y su familia y pudiera también estar considerando aprender algunas tareas domésticas por varias razones. Pudieran haber algunos cambios o momentos incómodos entre usted y sus amigos por circunstancias inusuales pero pronto usted arreglará las cosas como estaban. </DEATH-ONE>
<TEMPERANCE-ONE>Usted se dará cuenta que su familia y parientes serán de mucho apoyo para usted y le darán los consejos correctos con respecto a su vida personal. Habrá una ola emocional entre usted y un ser querido. Usted tendrá que mantenerse frio y lidiar con las situaciones ya que puede irse agravando fácilmente. </TEMPERANCE-ONE>
<THE-DEVIL-ONE>Esta carta indica que ahora usted estará con grandes emociones y encontrará difícil de establecer lo que realmente quiere, pero intentará balancear la situación. Pudiera haber un huracán o un conflicto en su mente ya que está ocupado con muchos pensamientos inquietantes al mismo tiempo. </THE-DEVIL-ONE>
<THE-TOWER-ONE>Este no será un tiempo muy placentero ya que pudiera tener que enfrentar algunos hechos muy duros tanto financieros como personales. Esto pudiera también llevarlo a un colapso, pero sus seres querido le ayudarán. Usted será afortunado y desafortunado al mismo tiempo debido a las circunstancias que está enfrentando. </THE-TOWER-ONE>
<THE-STAR-ONE>Usted se dará cuenta que algunos de sus seres queridos pudieran enfrentar problemas relacionados a papeleo y usted saldrá a ayudarlos. Pudiera tener la oportunidad de escuchar buenas noticias de alguien lo cual será muy motivante y le dará el sentimiento de unidad que lo hará sentir cómodo y aliviado. </THE-STAR-ONE>
<THE-MOON-ONE>Pudieran surgir situaciones que lo harán sentir vulnerable, confundido e inseguro. Usted pudiera estar pensando muy emocionalmente sobre un amigo o ser querido y esto lo dejará en una confusión de pensamiento sobre que hacer y que no hacer. Sus planes de reunirse con un amigo o un pariente demostrarán ser muy desalentadores. </THE-MOON-ONE>
<THE-SUN-ONE>Usted está ahora intentado establecer las cosas como quiere para balancear su vida. Usted hablará con sus familiares, pero sentirá que no lo están apoyando. Usted pensará en mezclar los negocios con el placer o intentará hacer vínculos de amistad en su lugar de trabajo, pero esto le demostrará que no será una buena idea </THE-SUN-ONE>
<JUDGEMENT-ONE>Esta carta indica que usted tendrá que tomar decisiones muy importantes y esto involucrará a un viejo amigo o a un ser querido. Algunas buenas noticias pudieran estar también llegando a través de uno de sus amigos o parientes. Su relación con sus amigos y parientes se hará más fuerte </JUDGEMENT-ONE>
<THE-WORLD-ONE>Habrá mucha presión juntándose en su cabeza y esto pudiera solo ser el alcanzar el punto más alto antes de explotar. Es tiempo de irse en una vacación o a algún lugar alejado por un tiempo. Usted buscará apoyo en sus amigos y algunos de ellos lo aceptarán voluntariamente y lo consolarán. </THE-WORLD-ONE>
<THE-FOOL-ONE>Usted estará en una posición de ayudar a uno de sus parientes, pero ese pariente pudiera perder su oportunidad debido a su imprudencia. Una persona cercana a usted lo hará darse cuenta que usted está actuando vulnerablemente y por lo tanto alguien está tomando ventaja de usted lo cual demostrará ser malo en el largo plazo.</THE-FOOL-ONE>
</ROOT>
