<?xml version="1.0" encoding="utf-8" ?>
<ROOT>
<ACE-OF-CUPS-ONE >Sie möchten sich jetzt mit Dingen beschäftigen, die für Sie emotional wichtig sind. Es ist die Zeit gekommen, dass Ihr Herz Ihnen den Weg weist. Verlassen Sie sich jetzt auf ihre Intuition und tun Sie das, was Sie gefühlsmäßig für richtig halten. Sie fühlen jetzt ein enges Band aus Leidenschaft und Liebe. Ihr Liebesleben wird Sie jetzt sehr zufrieden stellen. </ACE-OF-CUPS-ONE >
<TWO-OF-CUPS-ONE >Diese Karte steht für Verbundenheit, Frieden und Anteilnahme. Sie signalisiert eine neue Verbindung/Partnerschaft in der Liebe, bei der Arbeit oder anderswo. Es ist jetzt die Zeit, sich anderen anzunähern. Einen möglichen Konflikt in einer Partnerschaft zu lösen wird Sie beruhigen. Vergeben und vergessen ist die Devise. Schließen Sie neue Verbindungen und bleiben Sie optimistisch. </TWO-OF-CUPS-ONE >
<THREE-OF-CUPS-ONE >Einen großen Arbeitseifer und Neugier auf das Leben zeigt diese Karte. Sie können auch die kleinen Dinge genießen, die Ihnen begegnen. Sie werden alte Freunde treffen und das Vertrauensverhältnis stärken. Auch werden neue Kontakte und Freundschaften möglich. In einem Team arbeiten Sie auf ein gemeinsames Ziel hin. </THREE-OF-CUPS-ONE >
<FOUR-OF-CUPS-ONE >Es ist jetzt die Zeit, Ihr Denken und Ihr Leben zu reflektieren. Vielleicht befinden Sie sich in einer eher unangenehmen Situation. Gelegentlich fühlen Sie sich apathisch und spüren keine Motivation. Öffnen Sie sich jetzt allen neuen Situationen um die Richtung zu finden, die Sie schon lange anstreben. Versuchen Sie weniger egoistisch zu sein und auf andere zu hören. </FOUR-OF-CUPS-ONE >
<FIVE-OF-CUPS-ONE >Diese Karte steht wegen Ereignissen in der Vergangenheit für Hoffnungslosigkeit, für Unzufriedenheit und Mutlosigkeit. Sie mögen sich verloren oder niedergeschlagen vorkommen. Sie bedauern getroffene Entscheidungen und möchten diese am liebsten revidieren. Sie sehen Ihre Fehler, aber Sie denken nicht daran, was Sie alles geschafft haben. Bleiben Sie optimistisch, schauen Sie nach vorn. </FIVE-OF-CUPS-ONE >
<SIX-OF-CUPS-ONE >Diese Karte zeigt Ihren positiven und unschuldigen Blick auf das Leben. Ohne Eigennutz freuen Sie sich darüber, Freude zu verbreiten. Sie genießen es, anderen zu helfen. Sie bemerken plötzlich all die kleinen Dinge um Sie herum und sind auch mit kleinen Freuden zufrieden. Bezüglich Ihrer Kindheit werden sie nostalgisch. In der nahen Zukunft verspüren Sie u.U. göttliche Liebe. </SIX-OF-CUPS-ONE >
<SEVEN-OF-CUPS-ONE >Es geht jetzt um Illusionen und Träume. Sie beschäftigen sich vermutlich extrem mit Wünschen und verlieren dabei das reale Leben aus dem Blick. Gerade jetzt bieten sich Ihnen viele Optionen. Sie könnten jetzt die Gesundheit aus den Augen verlieren und ihr Essverhalten nicht kontrollieren. Faulheit und selbst verursachte Verzögerungen sind Ihre größten Feinde. </SEVEN-OF-CUPS-ONE >
<EIGHT-OF-CUPS-ONE >Die Karte zeigt Ihr Bemühen um eine tiefere Erkenntnis vom Leben. Sie möchten gern den Lebensproblemen ausweichen und hoffnungslosen Situationen aus dem Wege gehen. Vielleicht suchen Sie das wahre Glück statt dem Alltagstrott. Sie suchen innere Zufriedenheit und entfernen sich dabei von der Vergangenheit. Sich spirituellen Aktivitäten zu widmen ist eine gute Idee. </EIGHT-OF-CUPS-ONE >
<NINE-OF-CUPS-ONE >Wünsche gehen in Erfüllung. Sie werden erreichen, was Sie wirklich verdienen und wünschen. Der Erfolg ist auf Ihrer Seite. Ihre Träume mögen wahr werden und lang erstrebte Ziel erreichen Sie. Luxus kann für Sie ebenso wichtig werden wie Ausruhen. Genießen Sie diese tolle Zeit. </NINE-OF-CUPS-ONE >
<TEN-OF-CUPS-ONE >Ruhe und Frieden in Ihrem Leben kündigen sich an. Sie können das Glück um sie herum spüren und fühlen sich wohl. Stress und Spannungen werden abgebaut und das Leben wird leicht und harmonisch. Liebe und Freundschaft wird Ihnen wichtig. Sie widmen sich gern Ihrer Familie und haben Freude an gesellschaftlichen Zusammenkünften. </TEN-OF-CUPS-ONE >
<PAGE-OF-CUPS-ONE >Diese Karte steht für Ihre emotionale Seite. Herz ist für Sie jetzt wichtiger als Verstand. Sie neigen zu Sentimentalitäten und sind selbst von kleinen Dingen ergriffen. Ihrer Intuition können Sie jetzt voll Vertrauen. Eine gute Zeit für eine romantische Beziehung. Eine engere Freundschaft kann sich jetzt entwickeln. Es ist auch die Zeit, eine auseinandergebrochene Freundschaft wieder zu kitten. </PAGE-OF-CUPS-ONE >
<KNIGHT-OF-CUPS-ONE >Diese Karte signalisiert schöne Emotionen und zugleich Übertreibungen. Gelegentlich mögen Sie sentimental sein, was die Liebe angeht, gleichzeitig sind Sie grenzenlos darin, diese Liebe auszudrücken. Eifersucht droht. Zwar sind Sie gefühlvoll, aber auch sehr verletzlich. Sie sind liebenswürdig und intelligent, hinsichtlich Ihrer Träume aber auch leicht entmutigt. </KNIGHT-OF-CUPS-ONE >
<QUEEN-OF-CUPS-ONE >Sie zeigen Sensibilität und Reife im Umgang mit Emotionen. Jeder Situation begegnen Sie bescheiden und nachdenklich. Sie neigen dazu, sich mit Ihrer spirituellen Seite zu verbinden und sich Gedanken über die tiefere Seite des Lebens zu machen. Sie sind geduldig, zeigen Empathie bei anderen und Freundlichkeit gegenüber Schwächeren. Ohne zu fragen scheinen Sie die Situationen zu verstehen. </QUEEN-OF-CUPS-ONE >
<KING-OF-CUPS-ONE >Sie erweisen sich jetzt als tolerant und klug und haben ein tiefes Verständnis für die menschliche Natur. Sie könnten ein guter Lehrer sein. In einer Krise behalten Sie kühlen Kopf und vermögen Spannungen zu lösen. Dabei wissen Sie, wann Sie was sagen sollten. Mitgefühl für die weniger Privilegierten wird deutlich, ebenso wie Diplomatie und Führungsstärke bei Ihnen. </KING-OF-CUPS-ONE >
<ACE-OF-PENTACLES-ONE >Die Karte spricht dafür, Ihre mentale Stärke einzubringen, um Ihre Ziele zu verfolgen. Vermutlich sehen Sie, wie sich durch Ihr Streben Ihre Wünsche erfüllen. Letztlich wird das Ihrem beruflichen Fortkommen nützen und sich positiv für Sie auswirken. Bleiben Sie realistisch und praktisch. Vertrauen in und der Glauben an andere wird sich für Sie positiv erweisen. </ACE-OF-PENTACLES-ONE >
<TWO-OF-PENTACLES-ONE >Diese Karte handelt von der Anpassungsfähigkeit im Leben. Es gelingt Ihnen, bei Ihren Aktivitäten die Balance zu finden und mit festen, aber geschickten Handlungen weiterzukommen. Neuen Ideen und Möglichkeiten gegenüber sind Sie aufgeschlossen, im persönlichen wie im beruflichen Leben. Wirksam und mit Freude managen Sie die Veränderungen. Arbeit und Spiel sind kein Widerspruch. </TWO-OF-PENTACLES-ONE >
<THREE-OF-PENTACLES-ONE >Ihre Fähigkeiten als hervorragende Teamplayer unterstreicht diese Karte. Hochmotiviert und geschickt können Sie jetzt agieren. Sehr organisiert gehen Sie die Aufgaben an. Kompetent erreichen Sie Ihre Ziele und zeigen allen möglichen Zweiflern so Ihre wahren Fähigkeiten. </THREE-OF-PENTACLES-ONE >
<FOUR-OF-PENTACLES-ONE >Die Karte unterstreicht Ihren Besitzanspruch und die Abneigung gegenüber Veränderungen. Sie neigen zu materiellen Dingen und möchten diese nicht unbedingt mit anderen teilen. Gier könnte Ihr Denken bestimmen. Sie übernehmen zu gern die Kontrolle und erwarten, dass Aufgaben auf Ihre Art gelöst werden. Eine Abneigung gegenüber Veränderungen bringt jedoch Stagnation in die meisten Lebenssituationen. </FOUR-OF-PENTACLES-ONE >
<FIVE-OF-PENTACLES-ONE >Es könnte jetzt eine schwierige Zeit anbrechen, sowohl emotional wie physisch. Vielleicht erfahren Sie finanziellen oder beruflichen Ärger. Oder Sie merken, dass Ihnen eine Fähigkeit fehlt um weiter zu kommen. Möglicherweise ist das eine Phase, in der Sie Hilfe vermissen und sich isoliert fühlen. Es könnten aber auch gesundheitliche Probleme auftreten. </FIVE-OF-PENTACLES-ONE >
<SIX-OF-PENTACLES-ONE >Reichtum, Macht und Intelligenz haben immer zwei Seiten. Entweder man hat sie oder nicht. Sie werden entweder zu denen gehören, die geben oder die empfangen. Das gilt für alle Aspekte des Lebens, entweder sind Sie hier oder dort. In jedem Fall sollten Sie Ihre Zukunft verstehen und analysieren und darauf hinarbeiten. </SIX-OF-PENTACLES-ONE >
<SEVEN-OF-PENTACLES-ONE >Diese Karte signalisiert ein Bedürfnis, die gegenwärtige Lebenssituation anzugehen und zu analysieren. Vielleicht wollen Sie eine Auszeit nehmen, um den bisherigen Lebensweg zu analysieren und herauszufinden, ob sie auf dem richtigen Weg sind. Die Chancen stehen gut, aufgrund Ihrer ehrlichen Bemühungen Ihren Träumen näher zu kommen. Vielleicht ist auch ein Wechsel angesagt. </SEVEN-OF-PENTACLES-ONE >
<EIGHT-OF-PENTACLES-ONE >Diese Karte zeigt ihr extreme Entschlossenheit und ein Auge für Details. Vielleicht übernehmen Sie Aufgaben und sind mit ganzem Herzen dabei. Das fördert Ihr Wissen und Ihre Expertise bei den Dingen, an denen Sie arbeiten. Sie gehen vorsichtig vor und vergewissern sich, dass Sie methodisch und korrekt bis ins letzte Detail handeln. </EIGHT-OF-PENTACLES-ONE >
<NINE-OF-PENTACLES-ONE >Das Verlangen nach Neuem und eine beträchtliche Selbstdisziplin signalisiert diese Karte. Sie wollen Probleme lösen und das Leben wohl organisiert gestalten. Sie vertrauen Ihren eigenen Fähigkeiten und kommen weit voran. Die angenehmen Dinge des Lebens werden Ihnen wichtig. Dabei streben Sie nach einem luxuriösen Lebensstil. </NINE-OF-PENTACLES-ONE >
<TEN-OF-PENTACLES-ONE >Reichtum ist jetzt angesagt. Sie sind erfolgreich, Ihre Risiken zahlen sich aus. Oder Sie bekommen einen gut bezahlten Job. Auf jeden Fall finden Sie finanzielle Sicherheit. Vielleicht gelingt Ihnen auch ein Plan, um für sich selbst und Ihre Familie für das ganze Leben für eine entsprechende Absicherung zu sorgen. Bei allem Bemühen verlassen Sie sich auf bekannte und erprobte Methoden und halten sich dabei streng an die Regeln. </TEN-OF-PENTACLES-ONE >
<PAGE-OF-PENTACLES-ONE >Diese Karte empfiehlt einen praktischen Zugang zum Leben einzunehmen und die Träume zu verwirklichen. Sie müssen mit dem zurechtkommen, was Sie haben und Ihre mentalen physischen Stärken einsetzen. Zögern Sie nicht und bleiben Sie mit Ihren Füßen auf dem Boden. Handeln Sie verantwortlich und zuverlässig und vertrauen Sie den Menschen, mit denen Sie arbeiten. </PAGE-OF-PENTACLES-ONE >
<KNIGHT-OF-PENTACLES-ONE >Diese Karte zeigt Ihre unglaubliche Neigung hinsichtlich der positiven Dinge im Leben. Beim Verfolgen eines Zieles bleiben Sie hartnäckig, hören auf niemanden und weigern sich, selbst in einer hoffnungslosen Situation aufzugeben. Sie sind konservativ, scheuen Risiken und verlieren so gelegentlich eine Chance. Ihr Festhalten an Details grenzt manchmal an Obsession. Ihre Praxisbezogenheit stimmt Sie mitunter pessimistisch und Sie übersehen die Schönheiten der Welt. </KNIGHT-OF-PENTACLES-ONE >
<QUEEN-OF-PENTACLES-ONE >Diese Karte weist auf Ihre realistische, inspirierende und großzügige Natur. Selbstlos kümmern Sie sich um ihr Mitmenschen. Aufgrund Ihrer altruistischen Einstellung möchten Sie mit großem Herzen Glück und Freude verbreiten. Sie sind loyal und aufrichtig. Verschwendung liegt Ihnen nicht. Andere fühlen sich durch Ihre klare und freundliche Art in Ihrer Nähe wohl. </QUEEN-OF-PENTACLES-ONE >
<KING-OF-PENTACLES-ONE >Diese Karte unterstreicht Ihre Fähigkeiten in den verschiedensten Lebensbereichen. Ihre unternehmerischen Fähigkeiten bringen Ihnen finanzielle wie mentale Befriedigung. Man kann auf Sie in Krisenzeiten rechnen. Ihre Anpassungsfähigkeit ist in jeder Situation hilfreich und Ihre ermutigende Einstellung hilft Ihren Mitmenschen. Sie sind ruhig, pünktlich und fleißig. </KING-OF-PENTACLES-ONE >
<ACE-OF-SWORDS-ONE >Bei dieser Karte finden Sie geistige Erleuchtung und eigene Lösungsmöglichkeiten. Mit Ihrem kühnen Intellekt und Ihrer Analysefähigkeit werden Sie viele Fakten im Leben kennenlernen. Schwierige Lebenssituationen überwinden Sie durch ihre mentale Stärke und beseitigen jedes Hindernis. Sie wollen für Gerechtigkeit eintreten und folgen dieser Straße der Wahrheit und Aufrichtigkeit. </ACE-OF-SWORDS-ONE >
<TWO-OF-SWORDS-ONE >Sie neigen dazu, Emotionen und echte Gefühle zu unterdrücken. Dabei verbergen Sie Irritationen von anderen und bemühen sich um ein kühles Auftreten. Es werden jedoch Zeiten kommen, in denen Sie in unerfreuliche Situationen feststecken und eher zögerlich handeln oder entscheiden. Klaren Fakten und der Wahrheit gehen Sie lieber aus dem Wege. Aber diese Situation wird sich nicht allein lösen. </TWO-OF-SWORDS-ONE >
<THREE-OF-SWORDS-ONE >Emotional wird es jetzt schwierig. Vielleicht verletzen Sie die Gefühle eines anderen oder umgekehrt. Eine schlechte Nachricht kann Sie erreichen oder Sie fühlen sich abgewiesen. Und das gerade dann, wenn Sie Hilfe am meisten brauchen. Einsamkeit könnte die Folge sein. Geheimnisse eines Nahestehenden sind eher unangenehm für Sie. Betrug eines Angehörigen ist nicht unmöglich. </THREE-OF-SWORDS-ONE >
<FOUR-OF-SWORDS-ONE>Nach dieser Karte sollten Sie das Leben genießen, ohne jedoch zu übertreiben. Eine Pause vom Alltag tut gut und so können Sie Frieden und Ruhe finden. Entspannung für Geist und Seele sind wichtig. Eine Zeit, um darüber nachzudenken, wo man im Leben steht, was man erreichen will, was man getan hat usw. Sichern Sie Ihre gegenwärtige Position, um auf die Zukunft vorbereitet zu sein. </FOUR-OF-SWORDS-ONE >
<FIVE-OF-SWORDS-ONE >Eine disharmonische Haltung gegenüber anderen und Egoismus signalisiert diese Karte. Vor Übernahme eine Aufgabe neigen Sie dazu, an Ihre eigenen Interessen zu denken. Die Sichtweise anderer ist Ihnen jetzt fremd. Das ist schlecht für Teamarbeit. Allerdings wird ein Erfolg möglich, auch wenn die Wahl der Mittel falsch ist. </FIVE-OF-SWORDS-ONE >
<SIX-OF-SWORDS-ONE >Ein Hinweis auf die Hochs und Tiefs im Leben. Sie mögen sich jetzt bei allen Ihren Unternehmungen lustlos und niedergeschlagen fühlen. Auch eine Krankheit könnte passieren. Deswegen sollten Sie sich Zeit nehmen, sich mit den emotionalen Gegebenheiten im Leben zu befassen. Dann sehen Sie die Welt mit neuen Hoffnungen und können wieder positiv nach vorne schauen. Auf einer Reise suchen Sie Abenteuer und Veränderungen. </SIX-OF-SWORDS-ONE >
<SEVEN-OF-SWORDS-ONE >Sie wollen jetzt Verantwortlichkeiten und Verpflichtungen aus dem Wege zu gehen. Sie verstecken die Wahrheit und neigen dazu, allein zu bleiben und einen entsprechenden Abstand zu den gesellschaftlichen Verpflichtungen einzuhalten. In dieser Phase der Isolation könnten Sie eine trügerische Haltung, ja sogar eine betrügerische, einnehmen. </SEVEN-OF-SWORDS-ONE >
<EIGHT-OF-SWORDS-ONE >Eine problematische Zeit kündigt sich an. Sie fühlen sich durch die Situation wehrlos und können Ihren eigenen Lebensweg nicht verfolgen. Unsicher sind Sie, welchen Schritt Sie als nächstes unternehmen wollen. Konzentration fällt schwer und Sie suchen u. U. Hilfe von außen. Sie mögen spüren, dass die Dinge außer Kontrolle geraten, aber sie können nichts dagegen tun. </EIGHT-OF-SWORDS-ONE >
<NINE-OF-SWORDS-ONE >Angst und Spannung sprechen aus dieser Karte. Schuldgefühl für etwas aus der Vergangenheit macht Ihnen zu schaffen und sich selbst vergeben fällt Ihnen schwer. Aber getroffene Entscheidung lassen sich nicht mehr ändern. Es mangelt an Selbstvertrauen. Gelegentlich könnten Sie sich emotional völlig am Ende sehen. </NINE-OF-SWORDS-ONE >
<TEN-OF-SWORDS-ONE >Angst und Spannung sprechen aus dieser Karte. Schuldgefühl für etwas aus der Vergangenheit macht Ihnen zu schaffen und sich selbst vergeben fällt Ihnen schwer. Aber getroffene Entscheidung lassen sich nicht mehr ändern. Es mangelt an Selbstvertrauen. Gelegentlich könnten Sie sich emotional völlig down sehen. </TEN-OF-SWORDS-ONE >
<PAGE-OF-SWORDS-ONE >Sie sind aufgefordert, Ihre mentale Stärke einzusetzen und Probleme anzugehen, die Sie schon lange bedrücken. Sie werden logisch die Probleme analysieren und angemessen darauf reagieren. Sie werden ehrlich und aufrichtig sein müssen und nichts verbergen. Gutes und Schlechtes sollten Sie auseinanderhalten und auch die damit verbundene Verantwortlichkeit akzeptieren. Denken Sie positiv und gehen Sie Schwierigkeiten mit Nachdruck an. </PAGE-OF-SWORDS-ONE >
<KNIGHT-OF-SWORDS-ONE >Diese Karte steht für Vertrauen mit einem Schuss Ungestüm. Ihre Offenheit könnte von anderen als Unhöflichkeit aufgefasst werden. Vielleicht werden Sie beschrieben als jemand, der sich ohne nachzudenken äußert. Als gute Führungskraft gestartet nimmt man Ihnen die dominierende Haltung eher übel. Ihr Humor ist mit Sarkasmus gewürzt. Aber Ihr profundes Wissen akzeptiert man, wenn es nicht zur Arroganz ausartet. </KNIGHT-OF-SWORDS-ONE >
<QUEEN-OF-SWORDS-ONE >Ihre ehrliche und gerade Art wird jetzt angesprochen. Bei allen Verhandlungen bevorzugen Sie Offenheit. Ihre Wahrnehmung eine Situation/Person ist zutreffend. Es geht Ihnen um einen realen Zugang bei allem was Sie tun. Ihr Sinn für Humor ist ausgezeichnet und schadet niemandem. Kraft und Stärke beruhen auf Ihrer ausgiebigen Erfahrung. </QUEEN-OF-SWORDS-ONE >
<KING-OF-SWORDS-ONE >Diese Karte spricht Ihr nachdenkliches Wesen und Ihre ethische Persönlichkeit an. Sie neigen dazu, die Lebenssituation mit Ihren gut entwickelten logischen Fähigkeiten effektiv zu analysieren. Sie können Ihre Ansichten und Ideen durch Ihre exzellenten verbalen Fähigkeiten kommunizieren. In Ihrer Wahrnehmung sind Sie offen und verstehen alle Aspekte eines Vorgangs. Dabei sind Sie ehrlich. </KING-OF-SWORDS-ONE >
<ACE-OF-WANDS-ONE >Diese Karte verheißt Erfolg. Sie besitzen eine fantasievolle und unkonventionelle Denkweise, was Sie ungeheuer kreativ sein lässt. Ihr Enthusiasmus und ihr Vertrauen inspiriert andere und fördert Ihre Leidenschaft zutage. Bei allem was Sie tun, geben Sie immer 100 %. Schwierigkeiten oder Herausforderungen im Leben begegnen Sie mit Mut und Selbstbewusstsein. </ACE-OF-WANDS-ONE >
<TWO-OF-WANDS-ONE >Aus dieser Karte spricht eine mutige Einstellung. Haben Sie vor, eine Initiative zu ergreifen oder eine Aufgabe/Reise zu machen, dann ist jetzt die Zeit dafür. Sie haben die entsprechende Kraft und den Einfluss, um Ihre Ziele zu erreichen. Sie müssen nur den erforderlichen Mut aufbringen. Genau dafür ist jetzt die Zeit, auch sich den Ängsten zu stellen. Dabei sollten Sie einen neuen Zugang wählen. Bauen Sie sich einfach einen eigenen Weg. </TWO-OF-WANDS-ONE >
<THREE-OF-WANDS-ONE >Die Karte weist auf Ungeduld und den „Hunger“ darauf, etwas Neues zu erforschen. Das passt zu Ihrer abenteuerlichen Natur. Ihre vorausschauende Art sollte Ihnen in der Zukunft helfen. Als Führungskraft werden Sie Ihre Mitmenschen für Ihre Mission und Ihre Ziel begeistern. Handel im weitesten Sinne könnte für Sie zum Erfolg werden. </THREE-OF-WANDS-ONE >
<FOUR-OF-WANDS-ONE >Knüpfen Sie jetzt an Ihre Abenteuer- und Aufregung suchende Natur an. Ihre vorausschauende Art sollte Ihnen in der Zukunft helfen. Als Führungskraft werden Sie Ihre Mitmenschen für Ihre Mission und Ihre Ziel begeistern. Handel im weitesten Sinne könnte für Sie zum Erfolg werden. </FOUR-OF-WANDS-ONE >
<FIVE-OF-WANDS-ONE >Diese Karte weist auf etwas Ärger voraus. Menschen scheinen gegen Sie zu sein und Sie werden vielleicht mit diesen streiten müssen. Sie treffen auf weitere Mitbewerber und glauben, einem Kampf nicht ausweichen zu können. Kleinere Rückschläge bleiben nicht aus. Sie müssen Geduld und Gelassenheit zeigen, um aus dieser Situation herauszukommen. </FIVE-OF-WANDS-ONE >
<SIX-OF-WANDS-ONE >Diese Karte bezieht sich auf Sieg und Anerkennung. Sie werden Ihre Ziele jetzt extrem leicht erreichen können. Ihre Anstrengungen werden anerkannt, was Sie dazu veranlasst, weiterhin Ihr Bestes zu geben. Zwar genießen Sie diesen Platz an der Sonne, erscheinen aber plötzlich als Wichtigtuer. An sich selbst zuerst zu denken lässt Sie bei anderen arrogant erscheinen. </SIX-OF-WANDS-ONE >
<SEVEN-OF-WANDS-ONE >Diese Karte repräsentiert Ihre Bemühungen, um Ihre Position zu kämpfen und für das einzutreten, an das Sie glauben. Sie neigen zu einem aggressiven und trotzigen Zugang zum Leben. Meistens kommen Sie damit gut zurecht aber mitunter übertreiben Sie es. Sturheit ist nicht immer gut. Allerdings wird Ihnen Ihr aufrichtiger Glaube an Ihre Fähigkeiten in dieser Situation helfen. </SEVEN-OF-WANDS-ONE >
<EIGHT-OF-WANDS-ONE >Diese Karte steht für einen Wechsel. Die lang erwartete Zeit dafür ist jetzt da. Werden Sie aktiv und zeigen Sie Ihre Fähigkeiten auf die eine oder andere Weise. Ungelöste Aufgaben können Sie jetzt beenden. Vermutlich finden Sie eine Information oder Neuigkeit, auf die Sie lange gewartet haben. Vielleicht müssen Sie etwas beenden, um einen besseren Neuanfang zu wagen. </EIGHT-OF-WANDS-ONE >
<NINE-OF-WANDS-ONE >Die Karte bezieht sich auf die von Ihnen getroffenen Vorkehrungen und Entschlüsse. Aufgrund vergangener bitteren Erfahrungen sind Sie extrem vorsichtig und immer auf das Schlimmste vorbereitet. Sie beschützen sich und die Ihnen Nahestehenden. Mit ganzem Herzen setzen Sie sich für Ihre Ziele ein. Ihr Willen und ihr physische Stärke führen letztlich zum Sieg. </NINE-OF-WANDS-ONE >
<TEN-OF-WANDS-ONE >Diese Karte weist auf eine wachsende emotionale oder mentale Belastung. Vielleicht übertreiben Sie es mit Ihrer Arbeit. Vermutlich tun Sie viele Dinge gleichzeitig und kommen bei allen nicht so richtig voran. Oder Sie müssen Schulden zurückzahlen. Anderen können Sie schlecht Nein sagen. Für Ihre guten Taten werden Sie nicht belohnt, dafür aber für alles Negative verantwortlich gemacht. Selbst ein kleiner Erfolg erfordert viel Einsatz. </TEN-OF-WANDS-ONE >
<KNIGHT-OF-WANDS-ONE >Diese Karte zeigt starke Qualitäten gepaart mit einigen wenigen Schwächen. Sie neigen oft dazu, charmant und vertrauensvoll zu sein, aber gelegentlich auch etwas arrogant. In der Regel mutig, gelegentlich aber sorglos. Ruhelosigkeit prägt Ihr Verständnis für das Abenteuer. Sie sind von Natur aus leidenschaftlich, aber gleichzeitig jähzornig. </KNIGHT-OF-WANDS-ONE >
<PAGE-OF-WANDS-ONE >Es ergeben sich neue Möglichkeiten für Sie, Ihre wahre Power und Energie zu entdecken, die in Ihnen steckt. Entdecken Sie das Leben neu und erforschen Sie es, indem Sie kreativ und mutig sind. Zeigen Sie mehr Begeisterung und Optimismus und Leidenschaft in allem, was Sie tun. Glauben Sie an Ihre Fähigkeiten und holen Sie das Beste aus sich heraus. Handeln Sie risikobereit und zielsicher. </PAGE-OF-WANDS-ONE >
<QUEEN-OF-WANDS-ONE >Diese Karte ist eine der besten. Sie steht für einen Energieschub wie für Freude und gute Laune. Ihre Bereitschaft und Ihr Einsatz lässt Sie erfolgreich die Aufgaben bewältigen. Sie sind ein verlässlicher Freund und können leicht neue Freundschaften schließen. Die kommenden Tage erleben Sie als heiter und friedlich. Jedes Hindernis können Sie gelassen aus dem Wege räumen. </QUEEN-OF-WANDS-ONE >
<KING-OF-WANDS-ONE >Diese Karte symbolisiert, was kreatives und innovatives Denken bedeutet. Bleiben Sie offen für neue Möglichkeiten und Gelegenheiten. In der näheren Zukunft könnten Sie etwas Neues erfahren. Sie haben jetzt Talent, mit anderen zu kommunizieren. Es mag Ihnen sogar gelingen, die Menschen in ihrer Umgebung zu dominieren und zu beherrschen - aber mit Respekt. Sie genießen Aufmerksamkeit und üben auf das andere Geschlecht eine starke Anziehungskraft aus. </KING-OF-WANDS-ONE >
<THE-FOOL-ONE >Ein Neuanfang ist angezeigt. Sie spüren, dass neue Sache und neue Ideologien Sie voranbringen werden. Das gilt hinsichtlich Ihrer Karriere, ihres Liebeslebens oder auch im persönlichen Bereich. Viel Spontanität und Spaß werden Sie dabei empfinden. Sollte es Hindernisse geben, werden Sie daraus lernen. Lassen Sie das Alte los und verlassen Sie sich auf neue Entwicklungen in dieser neuen Welt, die Sie zu erobern beginnen. </THE-FOOL-ONE >
<THE-MAGICIAN-ONE >Ihre Willenskraft ist nun stärker. Menschen hören Ihnen zu und nehmen Sie ernst. So können Sie andere überzeugen, dass Ihre Führungsfähigkeiten zurzeit überragend sind. Sie haben hervorragende Ideen und es liegt bei Ihnen, was Sie daraus machen. Möglicherweise werden auch einige Geheimnisse anderer aufgedeckt. </THE-MAGICIAN-ONE >
<THE-HIGH-PRIESTESS-ONE >Vertrauen Sie nun Ihren Instinkten und arbeiten Sie an der Verwirklichung Ihrer Träume. Eine Person wird Ihnen einen sehr wichtigen oder nützlichen Rad geben. Achten Sie auf Unbekanntes, denn vermutlich verbirgt man etwas vor Ihnen. Passen Sie besonders darauf auf, denn es könnte für Sie von großer Bedeutung sein. </THE-HIGH-PRIESTESS-ONE >
<THE-EMPRESS-ONE >Sie denken intensiv über etwas nach und sind besorgt, wie der Start in Ihre Karriere, ein Geschäft oder auch in eine Beziehung gelingen kann. Sie oder Ihr Partner sind äußerst zurückhaltend und können u. U. zu unethischen Mitteln greifen, um das Ziel zu erreichen. Etwas Geduld und einige Anstrengungen werden erforderlich sein um jetzt Stabilität zu erreichen. </THE-EMPRESS-ONE >
<THE-EMPEROR-ONE >Erfolg ist nicht fern und auch die entsprechende Ehre erwartet Sie. Vielleicht werden Sie von einer erfahrenen männlichen Person wie zum Beispiel ih Ihrem r Vater, Bruder, Partner oder Freund beeinflusst. Sie sind eine Autorität und steuern Ihre Unternehmungen. Dabei hilft Ihnen ein starkes Unterstützungssystem. Vorsicht ist angebracht, um nicht Juniorpartner zu verletzen. </THE-EMPEROR-ONE >
<THE-HIEROPHANT-ONE >Seien Sie nicht zu stur und halten Sie nicht zu fest an alten Überlieferungen und Traditionen, nur weil diese bisher verfolgt wurden. Sie könnten jetzt an eine Hochzeit denken, wobei das Schriftliche alles etwas verzögern kann. Bei Problemen neigen Sie zu alten Lösungsmethoden. Ausdauer und ein kühler Kopf sind jetzt gefragt. </THE-HIEROPHANT-ONE >
<THE-LOVERS-ONE >Liebe liegt in der Luft. Es erwartet Sie eine freudige Überraschung in Ihrem Liebesleben. Vielleicht müssen Sie sich entscheiden zwischen Herz und Verstand. Sie neigen dazu, dem Herzen Vorrang zu geben, das Risiko ist es wert. Einer Versuchung sollten Sie jetzt nicht nachgeben, bleiben Sie treu. Ihre emotionalen Verbindungen werden stärker. </THE-LOVERS-ONE >
<THE-CHARIOT-ONE >Sie sind bereit, jetzt für Ihre Ziele zu kämpfen. Es könnte zu einer Reise oder einer anderen Veränderung in Ihrem Leben kommen. Kleinere Hindernisse im Beruf oder sonst im Leben könnten Sie etwas bremsen. Auch ein Mensch mit egoistischen Handlungsmotiven wird Sie vielleicht ärgern. Widersprüchliche Emotionen und Umstände verlangen Kontrolle, aber letztlich siegen Sie. </THE-CHARIOT-ONE >
<JUSTICE-ONE >Bemühen Sie sich um Balance. Gewohnheit oder Aktivität können im Widerstreit sein. Das sollten Sie kontrollieren. Alle Aspekte des Lebens sollten ausgeglichen sein. Darum geht es. Von Ihnen erwartet man bei Vereinbarungen oder Partnerschaften in der näheren Zukunft Objektivität. Ist Ihnen ein Fehler unterlaufen, korrigieren Sie das, bevor es zu größeren Problemen kommt. </JUSTICE-ONE >
<THE-HERMIT-ONE >Nehmen Sie sich Zeit Dinge zu organisieren und zu analysieren. Gerade weil Sie jetzt ungeduldig sind. Keine schnellen Entscheidungen; hören Sie auf den Rat eines erfahrenen und zuverlässigen Menschen vor einer wichtigen Entscheidung in der näheren Zukunft. Nehmen Sie sich eine Auszeit und versuchen Sie Ruhe zu finden. </THE-HERMIT-ONE >
<WHEEL-OF-FORTUNE-ONE >Sie werden bald eine der besten Zeiten Ihres Lebens haben. Das Glück ist auf Ihrer Seite und Sie werden die Früchte Ihrer Bemühungen ernten. Es wird zu einigen Veränderungen kommen und Ihr Leben wird überlegter. Vermutlich werden Sie all das erreichen, was Sie wollten. Probleme gibt es nicht mehr und das Glück kommt zu Ihnen. Ihre Träume stehen kurz vor der Verwirklichung. </WHEEL-OF-FORTUNE-ONE >
<STRENGTH-ONE >Sie werden bemerken, dass Sie die notwendige Stärke und Fähigkeiten besitzen, mit den schlimmsten Situationen fertig zu werden, sowohl physisch wie mental. Diese Karte zeigt, dass es eine gute Idee wäre, jetzt eine schlechte Gewohnheit aufzugeben, was Sie bisher nicht geschafft haben. Für Ihre Bemühungen werden Sie jetzt belohnt, ob es sich um Beziehungen, Karriere oder Gesundheit handelt. Willensstärke und Intelligenz sind Ihre Erfolgsgaranten. </STRENGTH-ONE >
<THE-HANGED-MAN-ONE >Vielleicht müssen Sie etwas oder jemanden zurücklassen, um Besseres zu erwerben. Es könnte zu einer Krankheit, einem Verlust oder einer Spannung kommen. Voraussicht und Geduld helfen Ihnen jetzt weiter. Eine widersprüchliche Situation könnte Ihre Willenskraft schwächen und einen gefühlsmäßigen Zusammenbruch bewirken. Bemühen Sie sich um eine klare Situationsanalyse. </THE-HANGED-MAN-ONE >
<DEATH-ONE >Diese Karte signalisiert größere Transformationen und wichtige oder gar schockierende Änderungen im Leben. Wie der Name sagt, steht sie für Tod, jedoch nur bei sehr alten oder sehr kranken Menschen. Sie fühlen sich vielleicht traurig, leer oder niedergeschlagen, aber erkennen, dass notwendige Veränderungen vollzogen werden müssen. Akzeptieren Sie das und Sie werden über diese negative Phase hinwegkommen. </DEATH-ONE >
<TEMPERANCE-ONE >Vielleicht sind Sie durch die vielen Wahlmöglichkeiten im Leben verwirrt. Sie müssen zwischen widersprüchlichen Dingen wählen und haben die Aufgabe, Ihres Seelenfriedens wegen eine Balance zu finden. Das braucht Zeit. Experimentieren Sie bei der Suche nach der besten Lösung und wägen Sie Ihre Optionen ab. Sie werden Wege finden, Harmonie wieder herzustellen. </TEMPERANCE-ONE >
<THE-DEVIL-ONE >Versuchungen hinsichtlich Lustgefühle, Habgier, Ehrgeiz oder einer Sucht. Sie möchten gern die Macht besitzen, Situationen zu kontrollieren und fühlen sich von den schönen Dingen im Leben angezogen. Mangel an Selbstkontrolle kann Sie in gefährliche und komplizierte Situationen bringen. Was immer Sie tun, es wird extrem sein und Ihnen Macht geben, aber gleichzeitig gefährlich sein. Die Karte ist eine deutliche Warnung an Sie, zerstörerische Schritte zu vermeiden, also Vorsicht. </THE-DEVIL-ONE >
<THE-TOWER-ONE >Die nähere Zukunft könnte zu den schwierigsten Zeiten Ihres Lebens gehören. Unerfreuliche und plötzliche Veränderungen stehen an. Isolation oder eine gewisse Einsamkeit ergibt sich aus unerwarteten Gründen. Aber diese Veränderungen führen dazu, dass Sie eine neue Richtung im Leben sehen, die auf lange Sicht Ihnen gut tut. Das ist nicht unbedingt angenehm, aber wird Ihnen vieles für die Zukunft mit auf den Weg geben. </THE-TOWER-ONE >
<THE-STAR-ONE >Sie wenden sich spirituellen Erfahrungen zu und streben Friede und Harmonie an. Jetzt ist die Zeit für Heilung gekommen, aber auch für das Entstehen neuer Hoffnungen im persönlichen wie im beruflichen Leben. Es ist ein gutes Omen, eine neue Beziehung zu beginnen oder eine existierende auf den nächsthöheren Level zu heben. Künstlerisches kann Ihnen jetzt gelingen. </THE-STAR-ONE >
<THE-MOON-ONE >Es kommt Ihnen vermutlich so vor, als ob Sie in einer Welt aus Fantasie und Kreativität reisen. Vielleicht entdecken Sie einige tiefe und verborgene dunkle Geheimnisse und erleben einen emotionalen Absturz. Drogen, Alkohol oder andere gesundheitsgefährdende Substanzen sind jetzt keine gute Idee. Sie fühlen sich vielleicht gefangen in der verrückten Welt und müssen Ihrer Intuition vertrauen, den richtigen Weg zu finden, vorzugsweise mit Musik, Künsten, Theater usw. </THE-MOON-ONE >
<THE-SUN-ONE >Sie fühlen sich volle Energie, jung und treffen bewusst die richtigen Entscheidungen. Diese Karte handelt von Frische, Enthusiasmus und signalisiert, dass sich alles letztlich zu Ihren Gunsten regeln lässt. Vielleicht erwartet Sie auch eine gute Nachricht. Ein Urlaub ist in der nächsten Zeit ebenfalls möglich. Sie verbringen jetzt mehr Zeit mit der Familie und Freunden. Freude und Ausgeglichenheit herrschen in den nächsten Tagen vor. </THE-SUN-ONE >
<JUDGEMENT-ONE >Lassen Sie jetzt keine Möglichkeiten aus. Auf diese haben Sie schon lange gewartet. Sie können jetzt die Früchte Ihrer Arbeit in der Vergangenheit ernten. Beste Aussichten für die Zukunft zeichnen sich ab. Ein gerechtes Urteil beinhaltet aber auch, dass Sie mit Ihren Sünden der Vergangenheit konfrontiert werden. Aber alles in allem wird das Ergebnis Ihrer Handlungen glücklich sein. </JUDGEMENT-ONE >
<THE-WORLD-ONE >Jetzt scheinen die langen Kämpfe vorbei zu sein und Sie können die entsprechende Belohnung kassieren. Diese Karte signalisiert Entspannung nach einem mühsamen Weg. Sie werden erfahren, dass lang gehegte Wünsche endlich in Erfüllung gehen. Ihre Lieben werden die Früchte dieser harten Arbeit schätzen. Diese Phase ist äußerst glücklich und zeigt neue Anfänge auf.</THE-WORLD-ONE >
    </ROOT>
