{
  "Ringtone" :
  [
    {
      "id" : "1",
      "mp3Url" : "https://raw.githubusercontent.com/SpartanUpdates/UplaodCodes/master/MyNameRingTone/Ringtone/Arabic/Aich_Aich_Arebic.mp3",
      "name" : "Aich_Aich_Arebic"
    },
    {
      "id" : "2",
      "mp3Url" : "https://raw.githubusercontent.com/SpartanUpdates/UplaodCodes/master/MyNameRingTone/Ringtone/Arabic/Allah_Ho_Tera_Sukhar_Hai_Islamic.mp3",
      "name" : "Allah_Ho_Tera_Sukhar_Hai_Islamic"
    },
	{
      "id" : "3",
      "mp3Url" : "https://raw.githubusercontent.com/SpartanUpdates/UplaodCodes/master/MyNameRingTone/Ringtone/Arabic/Allah_Song_Islamic.mp3",
      "name" : "Allah_Song_Islamic"
    },
    {
      "id" : "4",
      "mp3Url" : "https://raw.githubusercontent.com/SpartanUpdates/UplaodCodes/master/MyNameRingTone/Ringtone/Arabic/Anna_Manoweet_Arebic.mp3",
      "name" : "Anna_Manoweet_Arebic"
    },
	{
      "id" : "5",
      "mp3Url" : "https://raw.githubusercontent.com/SpartanUpdates/UplaodCodes/master/MyNameRingTone/Ringtone/Arabic/Ante_Mhma_Arebic.mp3",
      "name" : "Ante_Mhma_Arebic"
    },
    {
      "id" : "6",
      "mp3Url" : "https://raw.githubusercontent.com/SpartanUpdates/UplaodCodes/master/MyNameRingTone/Ringtone/Arabic/Binte_Dil_Arebic.mp3",
      "name" : "Binte_Dil_Arebic"
    },
	{
      "id" : "7",
      "mp3Url" : "https://raw.githubusercontent.com/SpartanUpdates/UplaodCodes/master/MyNameRingTone/Ringtone/Arabic/Dil_Na_Kisi_Ka_Kadbhi_Dukha_Islamic.mp3",
      "name" : "Dil_Na_Kisi_Ka_Kadbhi_Dukha_Islamic"
    },
    {
      "id" : "8",
      "mp3Url" : "https://raw.githubusercontent.com/SpartanUpdates/UplaodCodes/master/MyNameRingTone/Ringtone/Arabic/Duniya_Jiski_Kalmo_Roja_Islamic.mp3",
      "name" : "Duniya_Jiski_Kalmo_Roja_Islamic"
    },
	{
      "id" : "9",
      "mp3Url" : "https://raw.githubusercontent.com/SpartanUpdates/UplaodCodes/master/MyNameRingTone/Ringtone/Arabic/Fida_Ho_Raha_Hai_Islamic.mp3",
      "name" : "Fida_Ho_Raha_Hai_Islamic"
    },
    {
      "id" : "10",
      "mp3Url" : "https://raw.githubusercontent.com/SpartanUpdates/UplaodCodes/master/MyNameRingTone/Ringtone/Arabic/Habibi_Arebic.mp3",
      "name" : "Habibi_Arebic"
    },
	{
      "id" : "11",
      "mp3Url" : "https://raw.githubusercontent.com/SpartanUpdates/UplaodCodes/master/MyNameRingTone/Ringtone/Arabic/Hum_Garibo_Ke_Islamic.mp3",
      "name" : "Hum_Garibo_Ke_Islamic"
    },
    {
      "id" : "12",
      "mp3Url" : "https://raw.githubusercontent.com/SpartanUpdates/UplaodCodes/master/MyNameRingTone/Ringtone/Arabic/Kabhi_To_Sabz_Gumbad_Ka_Ujala_Hum_Bhi_Dekhenge_Islamic.mp3",
      "name" : "Kabhi_To_Sabz_Gumbad_Ka_Ujala_Hum_Bhi_Dekhenge_Islamic"
    },
	{
      "id" : "13",
      "mp3Url" : "https://raw.githubusercontent.com/SpartanUpdates/UplaodCodes/master/MyNameRingTone/Ringtone/Arabic/Kehti_Hi_Ye_Phulo_Ki_Rida_Islamic.mp3",
      "name" : "Kehti_Hi_Ye_Phulo_Ki_Rida_Islamic"
    },
    {
      "id" : "14",
      "mp3Url" : "https://raw.githubusercontent.com/SpartanUpdates/UplaodCodes/master/MyNameRingTone/Ringtone/Arabic/Liman_Arebic.mp3",
      "name" : "Liman_Arebic"
    },
	{
      "id" : "15",
      "mp3Url" : "https://raw.githubusercontent.com/SpartanUpdates/UplaodCodes/master/MyNameRingTone/Ringtone/Arabic/Neskot_Wenta_Mawjood_Arebic.mp3",
      "name" : "Neskot_Wenta_Mawjood_Arebic"
    },
    {
      "id" : "16",
      "mp3Url" : "https://raw.githubusercontent.com/SpartanUpdates/UplaodCodes/master/MyNameRingTone/Ringtone/Arabic/Quran_Ka_Mahima_Islamic.mp3",
      "name" : "Quran_Ka_Mahima_Islamic"
    },
	{
      "id" : "17",
      "mp3Url" : "https://raw.githubusercontent.com/SpartanUpdates/UplaodCodes/master/MyNameRingTone/Ringtone/Arabic/Rab_Se_Lagi_He_Loh_To_Islamic.mp3",
      "name" : "Rab_Se_Lagi_He_Loh_To_Islamic"
    },
    {
      "id" : "18",
      "mp3Url" : "https://raw.githubusercontent.com/SpartanUpdates/UplaodCodes/master/MyNameRingTone/Ringtone/Arabic/Rabb_Ki_Rubaai_Arebic.mp3",
      "name" : "Rabb_Ki_Rubaai_Arebic"
    },
	{
      "id" : "19",
      "mp3Url" : "https://raw.githubusercontent.com/SpartanUpdates/UplaodCodes/master/MyNameRingTone/Ringtone/Arabic/Sab_Hai_Mitti_Teri_Dar_Tale_Islamic.mp3",
      "name" : "Sab_Hai_Mitti_Teri_Dar_Tale_Islamic"
    },
    {
      "id" : "20",
      "mp3Url" : "https://raw.githubusercontent.com/SpartanUpdates/UplaodCodes/master/MyNameRingTone/Ringtone/Arabic/Sgheer_We_Fi_Arebic.mp3",
      "name" : "Sgheer_We_Fi_Arebic"
    },
	{
      "id" : "21",
      "mp3Url" : "https://raw.githubusercontent.com/SpartanUpdates/UplaodCodes/master/MyNameRingTone/Ringtone/Arabic/Siddha_Lai_Arebic.mp3",
      "name" : "Siddha_Lai_Arebic"
    },
    {
      "id" : "22",
      "mp3Url" : "https://raw.githubusercontent.com/SpartanUpdates/UplaodCodes/master/MyNameRingTone/Ringtone/Arabic/Sohrate_Manjile_Islamic.mp3",
      "name" : "Sohrate_Manjile_Islamic"
    },
	{
      "id" : "23",
      "mp3Url" : "https://raw.githubusercontent.com/SpartanUpdates/UplaodCodes/master/MyNameRingTone/Ringtone/Arabic/Takalik_Diwane_Sahar_Islamic.mp3",
      "name" : "Takalik_Diwane_Sahar_Islamic"
    },
    {
      "id" : "24",
      "mp3Url" : "https://raw.githubusercontent.com/SpartanUpdates/UplaodCodes/master/MyNameRingTone/Ringtone/Arabic/W_Baniya_Mad_Arebic.mp3",
      "name" : "W_Baniya_Mad_Arebic"
    },
	{
      "id" : "25",
      "mp3Url" : "https://raw.githubusercontent.com/SpartanUpdates/UplaodCodes/master/MyNameRingTone/Ringtone/Arabic/Wo_Kehte_Na_Karte_Kuch_Islamic.mp3",
      "name" : "Wo_Kehte_Na_Karte_Kuch_Islamic"
    },
    {
      "id" : "26",
      "mp3Url" : "https://raw.githubusercontent.com/SpartanUpdates/UplaodCodes/master/MyNameRingTone/Ringtone/Arabic/Ya_Allah_Taufeeq_De_Islamic.mp3",
      "name" : "Ya_Allah_Taufeeq_De_Islamic"
    },
	{
      "id" : "27",
      "mp3Url" : "https://raw.githubusercontent.com/SpartanUpdates/UplaodCodes/master/MyNameRingTone/Ringtone/Arabic/Ya_Ilahi_Islamic.mp3",
      "name" : "Ya_Ilahi_Islamic"
    },
    {
      "id" : "28",
      "mp3Url" : "https://raw.githubusercontent.com/SpartanUpdates/UplaodCodes/master/MyNameRingTone/Ringtone/Arabic/Ye_Bhukh_Pyas_Islamic.mp3",
      "name" : "Ye_Bhukh_Pyas_Islamic"
    }
  ]
}
