{
  "project_info": {
    "project_number": "862675775151",
    "project_id": "photoslideshow-9b83f",
    "storage_bucket": "photoslideshow-9b83f.appspot.com"
  },
  "client": [
    {
      "client_info": {
        "mobilesdk_app_id": "1:862675775151:android:d83f2d2c3604d94186ee5a",
        "android_client_info": {
          "package_name": "com.kotlinz.photoslideshow"
        }
      },
      "oauth_client": [
        {
          "client_id": "862675775151-vcm93q2mn37batdiqtc4113tpb03koum.apps.googleusercontent.com",
          "client_type": 3
        }
      ],
      "api_key": [
        {
          "current_key": "AIzaSyDrznDy2vqatCXrHZ0i7V1PiaQQ_U_1894"
        }
      ],
      "services": {
        "appinvite_service": {
          "other_platform_oauth_client": [
            {
              "client_id": "862675775151-vcm93q2mn37batdiqtc4113tpb03koum.apps.googleusercontent.com",
              "client_type": 3
            }
          ]
        }
      }
    }
  ],
  "configuration_version": "1"
}