<?xml version="1.0" encoding="UTF-8"?>

<ROOT><THE-FOOL>You are ready to step into your destiny, so take the leap of faith and go for it! This is a time to follow your heart and to take risks, even if you don't know where you will end up. Be open to what the universe wants for you and respond to the deepest call of your soul. </THE-FOOL>
<THE-MAGICIAN>You are called to step into your power and to make the most of your talents. Your life purpose may involve bringing several disparate things together, or perhaps channeling a spiritual or creative power for the benefit of others. You are destined to make magic, and can achieve your highest goals! </THE-MAGICIAN>
<THE-HIGH-PRIESTESS>You may be called to a spiritual vocation, a need to connect with and honour the mystery of life. This destiny may manifest in many different ways, perhaps through a role as a priest or counselor, helping others to connect to spirit, or perhaps by simply focusing on the mystery within you. </THE-HIGH-PRIESTESS>
<THE-EMPRESS>Your destiny is to create, to bring something new into being, and to help others to do the same. Whether you are birthing a family, a business or a work of art, you are called to connect to your own generative power and your ability to manifest tangible change in the world. </THE-EMPRESS>
<THE-EMPEROR>Your calling is likely to be to lead others, or to take a role of authority. You may be working within an organisation, perhaps as part of a governing body. In order to truly honour this calling, you need to be dedicated to those you help and not focused on increasing your own power. </THE-EMPEROR>
<THE-HIEROPHANT>You may have a vocation as a teacher or spiritual leader, passing on knowledge and traditions to the next generation. Your life purpose may involve bringing about positive change, by using your teachings to help heal society of destructive inheritances and find a more sustainable way forward. </THE-HIEROPHANT>
<THE-LOVERS>Your destiny is to make deep connections with others, and to seek inner and outer union. Your purpose in life may simply be to find the person or persons with whom you can build this connection, and then focus on the relationship. You could find yourselves working through past karma together. </THE-LOVERS>
<THE-CHARIOT>Your purpose in life may be simply to find a purpose, a specific goal which will bring you fulfilment and also improve the lives of others. The goal itself is less important, what's essential is the process of driving yourself towards that goal and keeping your energies focused. </THE-CHARIOT>
<STRENGTH>Your destiny at this time is simply to own your power. Not power over others, but your inner strength and power to overcome obstacles and be true to yourself. By leading by example in this way, you are able to empower others and connect to your own deepest self. </STRENGTH>
<THE-HERMIT>Your purpose in this life is to gain wisdom and understanding, and allow it to light the way for yourself and others. Your path is likely to be one of introspection and study. At times the path may seem dark or unclear, but you can rely on your inner knowing to light the way. </THE-HERMIT>
<WHEEL-OF-FORTUNE>Your destiny in life may seem to change with the seasons, as you weather life's ups and down. In time experience teaches you that this process of change is your life purpose, learning to grow and transform even in situations beyond your control, and to help others to do the same. </WHEEL-OF-FORTUNE>
<JUSTICE>Your purpose in life is likely to relate to social justice, to redressing the imbalances in the world and making society a fairer place. Your vocation may be to work in the law or for a charity, somewhere you can use your keen intellect and logic to make the world a better place. </JUSTICE>
<THE-HANGED-MAN>Your destiny in this life may not be to act or to make great changes in the world, but to withdraw from it. You may be called to a contemplative life, connecting to the mysteries of spirit and renouncing the material world and its illusions. This may be a solitary path, but one in which you can inspire others. </THE-HANGED-MAN>
<DEATH>You may be going through a process of deep transformation at this time, which allows you to connect more deeply to your purpose in life and your vocation. By releasing everything that doesn't serve your higher goal, you can make space for your destiny to manifest. </DEATH>
<TEMPERANCE>You may be bringing your creative and spiritual selves into balance at this time, and your purpose is likely to become clearer as you continue with this process. You may feel a sense of vocation around helping others to connect with their creativity, or your destiny might involve healing work. </TEMPERANCE>
<THE-DEVIL>Your purpose in this life is to break the chains that hold you back, overcoming social conditioning and an attachment to the material to release your inner power. Your destiny may also be to learn to live in balance, rather than giving in to a lifestyle of excesses and temptation. </THE-DEVIL>
<THE-TOWER>Your destiny relates to breaking down the structures that surround you, breaking free of your prison and helping others to do the same. Taking the leap away from the familiar can be scary, but is likely to feel fated, giving you the chance to heal on a deep level. </THE-TOWER>
<THE-STAR>This beautiful and hopeful card suggests that your purpose in life is simply to give hope to others, to be a shining light for those who are going through dark times. You are able to see the bigger picture and to show others that everything changes, and that there is always light at the end of the tunnel. </THE-STAR>
<THE-MOON>Your destiny is to seek the mysteries of life, digging deep into the unconscious to understand your deepest emotions and inner drives. You may also be able to help others do the same, perhaps by expressing your discoveries artistically or by working as a counselor, a guide to the inner realms. </THE-MOON>
<THE-SUN>Your purpose in life is likely to involve working with your creativity, taking a positive and optimistic approach to life and simply letting yourself shine. You are the hero in your own hero's journey, and you have the power to choose that journey for yourself, and to create the life of your choosing. </THE-SUN>
<JUDGEMENT>You may have had a sense for a while of a deeper calling, a destiny that awaits you. Pay attention to your intuition, and your life purpose is likely to become clearer. It may challenge you and take you out of your comfort zone, but it is likely that it will feel fated, something you just can't ignore. </JUDGEMENT>
<THE-WORLD>Sometimes the cards speak to us literally, so your destiny may be to see the world! Your purpose in life is likely to involve taking a holistic approach, and choosing a vocation which allows you to bring all the threads of your life together, and to help others to see the patterns of their lives. </THE-WORLD>
<ACE-OF-SWORDS>A new destiny is unfolding before you, although it may not be clear yet exactly what it is. Clear space in your life, and in your mind, to receive the gifts of the universe. You may be starting a new phase of learning or study which will help you to know your purpose in life. </ACE-OF-SWORDS>
<TWO-OF-SWORDS>Deep down inside, you are aware of your purpose in life and feel the call of your destiny. But you are struggling to make the choice which will lead you to it, perhaps because the two paths before you seem so similar. Connect with your feelings and follow your heart as well as your head. </TWO-OF-SWORDS>
<THREE-OF-SWORDS>You may be struggling with pain and heartache at this time, perhaps feeling like your life purpose is a distant dream. Remember that the obstacles are the way, and that what you are experiencing now may help you to gain clarity and focus in manifesting your destiny. </THREE-OF-SWORDS>
<FOUR-OF-SWORDS>Right now you are in a period of rest, learning to clear your mind and gather your strength. Your life purpose may relate to the lessons you are learning now, teaching you the skills you need to help others relax and heal. Take your time and allow your destiny to unfold when you are ready. </FOUR-OF-SWORDS>
<FIVE-OF-SWORDS>You may be distracted from following your life purpose at this time, getting caught up in chaos and arguments. Try to find some focus, choose your battles according to what you value most, and let the rest go. Don't let the opinions or expectations of others get in your way. </FIVE-OF-SWORDS>
<SIX-OF-SWORDS>You are moving forward through still waters, following the call of destiny. Make sure you don't carry the burdens of the past with you, as these can hold you back. You may have a sense of calm and of clarity, aware of your path in life and of what you need to do to fulfill your purpose. </SIX-OF-SWORDS>
<SEVEN-OF-SWORDS>Your destiny at this time may be to work quietly and even in secret, especially if the purpose you seek to fulfil may not be accepted by those around you. Some destinies are not meant to be shared, and you can still change the world even if others don't know what you have done. </SEVEN-OF-SWORDS>
<EIGHT-OF-SWORDS>You may be feeling held back in some way or even trapped, unable to make the changes which will allow you to connect to your lifeâ€™s purpose. Actually you have the power to break the chains around you, and to use this power to fulfill your destiny. Its time to break free! </EIGHT-OF-SWORDS>
<NINE-OF-SWORDS>Your worries and anxiety may be holding you back from fulfilling your lifeâ€™s purpose, or even from understanding what it is. Trying to hard to figure things out can sometimes be counter productive, so try to clear your mind and release your concerns. A sense of perspective will bring understanding of your destiny. </NINE-OF-SWORDS>
<TEN-OF-SWORDS>You may be feeling overwhelmed and unable to see your life purpose clearly, especially if life has been difficult for a while. A new dawn is coming, bringing a new understanding of your destiny in life. Its time to pick yourself up, shake off the hurts of the past and welcome what life has in store for you next. </TEN-OF-SWORDS>
<PAGE-OF-SWORDS>Your purpose in life at this time is to communicate and connect with others, and also to learn and increase your knowledge. Don't take your sense of destiny too seriously, as you can achieve more if you take a playful approach. Be open to the gifts of the universe! </PAGE-OF-SWORDS>
<KNIGHT-OF-SWORDS>You may have a strong sense of destiny, wanting to get out there and pursue your quest in life. However you might lack a sense of purpose, scattering your energy in too many directions at once. Choose the quest that is most meaningful to you, focus on that, and your destiny will become clear. </KNIGHT-OF-SWORDS>
<QUEEN-OF-SWORDS>Your purpose in life is likely to relate to your ability to learn from your experience and increase your knowledge and understanding, and to help others do the same. You may have suffered in the past, but that suffering has made you who you are today, helping you to fulfill your destiny as a strong independent woman. </QUEEN-OF-SWORDS>
<KING-OF-SWORDS>It's likely that your destiny is to take charge, perhaps to be a leader in the realm of thinking and knowledge. Your sense of confidence and self mastery can help you to find and fulfill your purpose, perhaps to teach or share your knowledge and experience with others. </KING-OF-SWORDS>
<ACE-OF-WANDS>You may be excited and inspired by a sense of purpose at this time, even if you are not exactly clear on what that purpose is. Your destiny is likely to involve creative or spiritual work, and sharing your vision with others. Your path is that of action, so keep moving and all will be revealed. </ACE-OF-WANDS>
<TWO-OF-WANDS>You are at the gateway to a new path, bringing a new sense of your purpose in life. You are laying the foundations and putting your ideas into action. Now is a time to move forward decisively, as your destiny will reveal itself through the initiative that you take. </TWO-OF-WANDS>
<THREE-OF-WANDS>You are making progress along a new path at this time, following the call of your destiny. It's likely that you are beginning to see the results of your actions, and this can give you a renewed sense of purpose and faith. Make changes if you need to, but don't lose sight of your vision. </THREE-OF-WANDS>
<FOUR-OF-WANDS>At this time, your best path to fulfiling your destiny involves building a secure foundation for your creativity and growth. Support from your loved ones will help you in working towards your lifeâ€™s purpose. Find ways to give structure and focus to your vision, as this will show you the clearest way forward. </FOUR-OF-WANDS>
<FIVE-OF-WANDS>You may be full of energy and ready to race into battle at this time, but its easy to lose your focus and get caught up in competing with those around you. Their destiny is not the same as yours, so choose your battles wisely and don't lost sight of your vision. </FIVE-OF-WANDS>
<SIX-OF-WANDS>This is a time of victory, when you have achieved a major goal which relates to your purpose in life. Others may sing your praises and help you celebrate all that you have won so far. Don't lost sight of your higher purpose, and use the energy available to you to move onto the next step on your path. </SIX-OF-WANDS>
<SEVEN-OF-WANDS>Its time to have the courage of your convictions, to hold to your sense of purpose, as those around you may be questioning or challenging you. You are easily able to defend yourself and your vision, so don't let the naysayers overcome you. Your sense of destiny is strong and will carry you through. </SEVEN-OF-WANDS>
<EIGHT-OF-WANDS>Everything may be moving very fast at this time, your destiny rapidly approaching even if you do not feel quite ready for it. Your horizons may be broadening, changing your understanding of your purpose in life. Stay focused and hold to your vision, especially if others are making demands of you. </EIGHT-OF-WANDS>
<NINE-OF-WANDS>You may be feeling embattled and defensive at this time, especially if those close to you do not have such a strong sense of purpose. Have the courage of your convictions, and you can fight off those who would hold you back. Strengthen your resolve and hold to your purpose. </NINE-OF-WANDS>
<TEN-OF-WANDS>You may be feeling so overwhelmed by the burdens you carry that you are no longer able to see your purpose in life. Lay some of the load down if you can, perhaps by asking for some support. Once you can see clearly again, your destiny will be revealed and so will the path towards it. </TEN-OF-WANDS>
<PAGE-OF-WANDS>Your destiny in life at this time is very simple, to play and to learn. Don't take yourself too seriously, and you can fulfil your purpose in life by inspiring others with your curious and childlike approach. Your destiny may be to express yourself artistically, helping others to understand the energies that drive them. </PAGE-OF-WANDS>
<KNIGHT-OF-WANDS>You are filled with a sense of purpose and destiny, but may not know quite where to direct it. You may be on a quest to find meaning in your life, trying lots of new things and travelling all over the place. Try to focus some focus and your unique destiny will reveal itself. </KNIGHT-OF-WANDS>
<QUEEN-OF-WANDS>You are likely to be confident and self assured, with a clear sense of your purpose in life. You are able to marry vision and action to ensure that your destiny unfolds as it should, inspiring others with your creativity, inner authority ability to keep moving and growing. </QUEEN-OF-WANDS>
<KING-OF-WANDS>Your destiny may be to take a leadership role, guiding others with the benefit of your experience and knowledge. Your purpose in life is not to dominate or control them, or to seize power for yourself, but to empower others to find their own confidence and life purpose. </KING-OF-WANDS>
<ACE-OF-CUPS>Your main purpose in life is likely to involve connecting to your feelings and expressing your imagination. Your destiny may still be forming, and doing creative or spiritual work will help it to become clearer. Go with the flow and don't try to force anything, and your sense of purpose will grow. </ACE-OF-CUPS>
<TWO-OF-CUPS>Your destiny in life is simply to connect, on a deep soul level, with others and with your inner self.The connections you make with others may feel fated or even karmic, and your destiny is to see your best self reflected in the eyes of another, and to reflect their best self back to them. </TWO-OF-CUPS>
<THREE-OF-CUPS>Your purpose in life at this time may simply be to enjoy yourself, to connect with others and have fun together. We live in a world where suffering is often seen as a route to learning about yourself, but joy and happiness can be equally as meaningful and life changing. </THREE-OF-CUPS>
<FOUR-OF-CUPS>You may be holding back your destiny at this time, perhaps feeling that you are stuck in a rut and unable to move forward. You may need to break out of emotional patterns which are no longer helpful. Your purpose in life can be revealed when you shift the stagnant energy around you and see your many gifts. </FOUR-OF-CUPS>
<FIVE-OF-CUPS>You could be feeling confused, and bereft of purpose, at this time, especially if you have recently suffered a loss. Make time to mourn what has passed, but then shift your perspective. Many gifts are still available to you, and they hold the secret to your destiny. </FIVE-OF-CUPS>
<SIX-OF-CUPS>You may have been focusing on happy memories of late, looking at the past through rose tinted glasses. Remembering good times in your childhood may give you clues about your purpose in life, perhaps reawakening an old passion or reminding you of who you used to be. </SIX-OF-CUPS>
<SEVEN-OF-CUPS>Fate may be offering you a myriad of possible destinies at this time, all equally tempting. Rather than dabbling a little in each one, choose the one that calls to you most strongly, the one that gives you goosebumps. The others may be interesting, but will ultimately be less fulfilling. </SEVEN-OF-CUPS>
<EIGHT-OF-CUPS>It's likely that recently you have taken steps to move towards your destiny, perhaps stepping out of your comfort zone and making a new start. You may have left behind all that you have built up so far, and be feeling fearful of what the future might bring. Hold to your purpose and all will be well. </EIGHT-OF-CUPS>
<NINE-OF-CUPS>The universe has been generous with you lately, and you may be feeling like all your wishes are on the verge of coming true. All the pieces are in place for you to embrace your life purpose. Don't get too complacent, remember that there will still be hard work ahead. But for now, enjoy this time of abundance! </NINE-OF-CUPS>
<TEN-OF-CUPS>You may feel like you have everything you want in life, surrounded by those you love and feeling emotionally secure. However it's likely that soon you will begin to wonder if there is something more, something that will help you to feel fulfilled as an individual as well as in your relationships. A new cycle is coming, and a new destiny. </TEN-OF-CUPS>
<PAGE-OF-CUPS>Your purpose in life at this time is to connect with your feelings and your imagination, to express them in new ways. You may be called to give form to your emotions, perhaps to express them artistically, or find another way to make them tangible. Listen to your dreams and intuition, for they will reveal your destiny. </PAGE-OF-CUPS>
<KNIGHT-OF-CUPS>You may have a sense of a great destiny waiting for you, and be ready to set off and seek it. It's likely that you are romantic and idealistic by nature, so try to find a balance between imagining a deep and meaningful purpose for your life, and finding a vocation which will allow you to achieve it. </KNIGHT-OF-CUPS>
<QUEEN-OF-CUPS>Your destiny is in your dreams at this time, so find ways to bring your imagination and intuition to life. Your purpose in life may be to make compassionate connections with others, helping them connect to their creativity or spirituality as you enjoy connecting to those aspects of yourself. </QUEEN-OF-CUPS>
<KING-OF-CUPS>You may be called to take the lead at this time, perhaps in a creative enterprise or artistic endeavour. Your natural compassion and imagination make this a destiny you are happy to fulfill. Try not to dominate the process or to lost sight of your own emotions, as your purpose in life is to connect not to separate. </KING-OF-CUPS>
<ACE-OF-PENTACLES>Your purpose in life at this time may be to seek material security, or to develop a new talent which you have recently discovered. Things may be unclear at this point, so focus on what you value most and make that your priority, and your destiny will soon manifest. </ACE-OF-PENTACLES>
<TWO-OF-PENTACLES>You may feel that your life is a constant process of balance at this time, and that you cannot follow your destiny while you are juggling so many demands. Remember that the journey is whats important, and consider the skills your are developing at this time which will help you to manifest your purpose in life. </TWO-OF-PENTACLES>
<THREE-OF-PENTACLES>You are building your own destiny at this time, perhaps even literally. You have the opportunity to create something which is greater than the sum of its parts, possibly working as part of a team. Your purpose is to build something that will endure, developing your own skills and talents along the way. </THREE-OF-PENTACLES>
<FOUR-OF-PENTACLES>You could be struggling to manifest your destiny at this time, as you are clinging to your sense of security and reluctant to leave your comfort zone. However your life purpose is not just to build material wealth, but to connect to a deeper sense of abundance which does not rely on physical possessions. </FOUR-OF-PENTACLES>
<FIVE-OF-PENTACLES>It's possible that you are feeling isolated at this time, and that life feels like a struggle. However the experience you are gaining will bring you closer to fulfilling your destiny and to finding your purpose in life. You will be able to relate compassionately to those who are going through similar difficult times and to support them. </FIVE-OF-PENTACLES>
<SIX-OF-PENTACLES>Your purpose in life is manifesting at this time as a process of energy exchange. It may be that you have an abundance that you can share with others, or that you suffer a lack and need help from others. By offering or accepting help, you clear the way for your destiny to manifest. </SIX-OF-PENTACLES>
<SEVEN-OF-PENTACLES>You may have been feeling the call of your destiny of late, and already be making changes to allow you to manifest it. You are taking your work to a deeper level, devoting your life to something more meaningful than you have done so far, and fulfilling your purpose. </SEVEN-OF-PENTACLES>
<EIGHT-OF-PENTACLES>Your purpose in life right now relates to your work, and the skills you are developing. For now the work may be quiet and routine, but it is this depth of practice and attention which will allow you to reach for a new destiny as a master in your field. </EIGHT-OF-PENTACLES>
<NINE-OF-PENTACLES>You have already achieved so much, manifesting your life purpose as a strong independent being, self reliant and skilled. You have the confidence born of experience. Enjoy this sense of security and inner authority, and consider how you can embrace a new destiny sharing your experience and knowledge with others. </NINE-OF-PENTACLES>
<TEN-OF-PENTACLES>Your sense of destiny may relate to your background or your roots, to where you have come from as well as where you are going. You have already achieved a great deal, providing stability and abundance for your chosen family. Now it is time for a new chapter, a new purpose, deepening your understanding and sense of security. </TEN-OF-PENTACLES>
<PAGE-OF-PENTACLES>You are on the cusp of finding a new purpose in life, so take some time to explore possibilities and consider what you value most. Recently discovered talents may be begging to be developed, and acquiring new skills may also give you a renewed sense of your destiny in life. </PAGE-OF-PENTACLES>
<KNIGHT-OF-PENTACLES>Your purpose in life at this time is likely to be simple, seeking to do your work, to make steady progress, and to build up your skills and sense of security. While others may seek a great destiny, you are more likely to be content with plain living, seeking contentment and happiness in your work. </KNIGHT-OF-PENTACLES>
<QUEEN-OF-PENTACLES>Your destiny in life is likely to include caring for others as well as yourself, and also connecting deeply to the earth and the environment. Your purpose may be to serve those you love with compassion, and to honour the gifts of nature. Your is a fertile energy, and your destiny is to create something new and beautiful in this world! </QUEEN-OF-PENTACLES>
<KING-OF-PENTACLES>You may be called to build and to manage, perhaps to create and maintain the structures which keep our society functioning. Your destiny is to do this work with creativity and compassion, by empowering others rather than focusing on your power and the fulfillment of your personal ambitions.</KING-OF-PENTACLES>
</ROOT>
