<?xml version="1.0" encoding="utf-8" ?>
<ROOT>
<ACE-OF-CUPS-ONE >Det kan være visse spenninger eller klossethet med dine slektninger, og det vil være en årsak til irritasjon. Du vil se frem til å få nye forbindelser med noen, som vil være fruktbart, og du vil være fornøyd med hva du får. </ACE-OF-CUPS-ONE >
<TWO-OF-CUPS-ONE >Dette kortet tyder på at du er nødt til å pakke kofferten for arbeid eller personlige grunner. Til tross for enkelte uenigheter med dine kjære, vil ting bli sortert ut til slutt. Du kan betro på noen som kanskje ikke er veldig nær deg, men vil fortsatt virke kjære. </TWO-OF-CUPS-ONE >
<THREE-OF-CUPS-ONE >Det kan være forsinkelse på enkelte hendelser på grunn av profesjonelle forpliktelser eller personlige problemer som vil etterlate deg litt opprørt. Denne følelsen kan gjøre du føler deg isolert, men du vil innse at dine kjære vil stå ved din side for å få deg til å føle deg bedre. </THREE-OF-CUPS-ONE >
<FOUR-OF-CUPS-ONE >Dette kortet indikerer at en svært travel periode vil måtte behandles med tålmodighet. Dette kan være en testing tid for dine kjære, og du vil snart innse hvem virkelig bryr seg om deg. Det er antydet at du ikke forblir reservert, men prøver å dele problemet og lar dine kjære til å hjelpe deg. </FOUR-OF-CUPS-ONE >
<FIVE-OF-CUPS-ONE >Dette kan ikke være en veldig hyggelig tid siden du kanskje må gi opp visse ting som ikke er i din kontroll. Dette vil være en tøff fase mellom deg og din kjære, og dette kan også bli til et viktig argument som kan føre til et uønsket resultat. </FIVE-OF-CUPS-ONE >
<SIX-OF-CUPS-ONE >Dette kan virke som en ferie tid for deg ettersom det kan være mange besøk til venner og slektninger. Det kan også være visse komplikasjoner i ditt personlige liv som kan føre til noen kontrast resultater, men du vil håndtere den med sunn fornuft. </SIX-OF-CUPS-ONE >
<SEVEN-OF-CUPS-ONE >Det kan være enkelte konflikter av mening i familien din, og disse kan bli intens. Du vil prøve å få litt hjelp til å løse situasjonen på fredelig vis. Du vil klare deg bra profesjonelt og prøve å balansere mange ting, men skal klare å gjøre en god jobb. </SEVEN-OF-CUPS-ONE >
<EIGHT-OF-CUPS-ONE >Det kan være noen gjenforeninger planlagt med dine kjære, men på grunn av usikkerhet, kan det hende du må utsette det. Noen besøk til en lege for dine kjære er også angitt. Noen hyggelige nyheter vil være på vei. </EIGHT-OF-CUPS-ONE >
<NINE-OF-CUPS-ONE >Du kanskje planlegger en tur eller en ferie for en stund, men vil utsette det siden noe bedre vil komme din vei. Du kan bli litt nostalgisk med å håndtere visse plager som forstyrrer dine kjære, men den lysere siden vil snart bli sett med hjelp av dine venner. </NINE-OF-CUPS-ONE >
<TEN-OF-CUPS-ONE >Du må kanskje møte en tøff situasjon, og kan vurdere en nedfall borte fra familien din eller arbeidet, tenker at ting ikke kunne ha vært noe verre enn de er nå. Du vil koble til din emosjonelle siden nå og komme i kontakt med familie og venner til å planlegge en reunion. </TEN-OF-CUPS-ONE >
<PAGE-OF-CUPS-ONE >Dette kortet indikerer at du nå vil prøve å gjøre ting mye enklere for deg selv og en heldig endring i løpet av livet ditt vil hjelpe deg med det. Det anbefales at du ikke skyver saker knyttet til penger, leie eller eiendom siden de kanskje ikke slår ut slik du forventet. Du kan støte på en av dine gamle venner eller elskere, og dette kan føre til et samvær. </PAGE-OF-CUPS-ONE >
<KNIGHT-OF-CUPS-ONE >Du nå tenker om en endring av bolig, men vil ikke presse for hardt nå. Du bør være forsiktig, noen små ulykker er indikert rundt huset. Dine kjære kanskje planlegger en ferie, og du vil se frem til det. Du vil være i konstant kontakt med vennene dine. </KNIGHT-OF-CUPS-ONE >
<QUEEN-OF-CUPS-ONE >Det kan bli mye kaos hjemme hos deg på grunn av barn eller noen form for husarbeid eller gjester. Det kan være noen problemer med familien, og du blir nødt til å opptre ansvarlig, eller du kan ende opp i en situasjon du aldri ønsket å være i. Dette kaoset vil bringe deg enda mer nær dine venner og du vil finne trøst i dem. </QUEEN-OF-CUPS-ONE >
<KING-OF-CUPS-ONE >Det er en ny situasjon ankommer i livet ditt som vil fungere positivt for deg og bringe tilbake din lykke. Du vil få en uventet telefon fra en venn, og dette vil løfte humøret ditt. Noen slektninger vil diskutere problemer med deg og du vil bli glad for å hjelpe dem og vil prøve å trøste dem så mye som mulig. </KING-OF-CUPS-ONE >
<ACE-OF-PENTACLES-ONE >Du er i en hyggelig periode akkurat nå og velstand vil være på vei. Du vil også være i stand til å ha råd til å kjøpe noe som du ikke kunne tidligere. Din relasjon med din familie vil være lykkelig og sunt, vil alt falle på plass. Du kan planlegge å møte noen gamle venner, eller kan ende opp med å ha noen spontane planer med dem. </ACE-OF-PENTACLES-ONE >
<TWO-OF-PENTACLES-ONE >Du vil se at du prøver å balansere situasjoner hjemme er blitt svært vanskelig. Du vil være i en distrahert fase og vil finne det vanskelig å konsentrere deg om ditt personlige liv. Disse distraksjonene kan være noen press fra arbeid. Du vil føle deg bedre når du begynner sosialt samvær og møter nye mennesker. </TWO-OF-PENTACLES-ONE >
<THREE-OF-PENTACLES-ONE >Dette kortet indikerer at du vil bli oppslukt i noen hobbyer eller noen andre aktiviteter og en kjær eller noen uventet kommer med gaver og andre muligheter. Det kan være noen offisielle vanskeligheter at du sammen med din familie blir nødt til å gå gjennom. </THREE-OF-PENTACLES-ONE >
<FOUR-OF-PENTACLES-ONE >En virksomhet prospekt, salg eller en annen mulighet vil snart komme til dørstokken din. Dette vil kreve støtte og veiledning av dine kjære. Du vil lage planer med venner, og det kan være visse ubehagelige konfrontasjoner, men du vil være i stand til å håndtere det. </FOUR-OF-PENTACLES-ONE >
<FIVE-OF-PENTACLES-ONE >Dette kortet viser at du kan ha til å møte noen stressende situasjoner prøver å balansere psykologisk og følelsesmessig stabilitet, men vil bli bedt om veiledning fra enkelte familiemedlemmer. Du vil bli følelsesmessig for dine venner nå, men finner ikke tid til å kontakte dem. </FIVE-OF-PENTACLES-ONE >
<SIX-OF-PENTACLES-ONE >Du kan ikke føle fred med noen av dine venner eller kolleger på grunn av noen problemer. Du stresser deg selv for mye med arbeid uten avslapning, og du må ta en pause før det tar en toll på deg. Et medlem av familien kan virke ulykkelig og ville uttrykke et ønske om å tilbringe litt tid alene eller dra på en pilegrimsreise. </SIX-OF-PENTACLES-ONE >
<SEVEN-OF-PENTACLES-ONE >Du vil føle deg engstelig og urolig som noe av din økonomi ser ut til å bli sittende fast et sted, men det vil være tilførsel av penger fra en annen kilde. Noen helserelaterte problemstillinger vil tvinge deg til å ta en pause for en stund. Du vil finne tid til å komme i kontakt med venner og tilbringe litt tid med dem. </SEVEN-OF-PENTACLES-ONE >
<EIGHT-OF-PENTACLES-ONE >Du vil bli litt forvirret prøver å finne løsninger på dine hjem relaterte problemer. Din familie kan ikke oppføre seg veldig greit med deg nå, og det vil være hindringer i planene. Du skal klare å finne en balanse mellom ditt personlige og profesjonelle liv, og vil tilbringe tid med dine kjære. </EIGHT-OF-PENTACLES-ONE >
<NINE-OF-PENTACLES-ONE >Noen jobber som du kan gjøre hjemmefra eller bare ved å gjøre noen samtaler vil holde deg opptatt en stund. Dine venner og familie vil være ved din side på alle trinn nå, og de vil veilede deg mens du tar viktige avgjørelser. Du vil bli involvert i diskusjoner om arbeid som vil bringe venner og kolleger nær. </NINE-OF-PENTACLES-ONE >
<TEN-OF-PENTACLES-ONE >Dette kortet indikerer at du nå vil nyte sosialt samvær og tilbringe tid med venner og familie. Du vil føle deg mer knyttet til familien, og vil be om veiledning som de vil gjerne gi. Det er på tide at du møter noen nye mennesker, og disse menneskene vil bli en del av livet ditt. </TEN-OF-PENTACLES-ONE >
<PAGE-OF-PENTACLES-ONE >Du kan være litt stresset ut på grunn av en hektisk timeplan, og vil prøve å lage planer om å gå ut med dine kjære. Det kan være et partnerskap som du vil se frem til, men det vil ikke vise seg å være slik du ville ha det, og dette vil skuffe deg. Men du vil sette din innsats for å gjøre det arbeidet. </PAGE-OF-PENTACLES-ONE >
<KNIGHT-OF-PENTACLES-ONE >Du vil nå være i godt humør og kan ende opp med å handle eller gå ut for noen store utgifter. Det vil være noen spenning mellom deg og en av dine familiemedlemmer, på grunn av hvor du vil avstå fra å være med dem for mye. Du vil nå finne støtte i dine venner, og hvis det var noen problemer, så vil de bli løst. </KNIGHT-OF-PENTACLES-ONE >
<QUEEN-OF-PENTACLES-ONE >Dette kortet indikerer at du vil være å gjøre noen fremtidsplaner med å holde din karriere, venner og familie i tankene. Det vil være litt sunn hjerne-storming av ideer mens du chatter med vennene dine. Du vil føle deg nær familie og vil tilby hjelp til å løse noen problemer. </QUEEN-OF-PENTACLES-ONE >
<KING-OF-PENTACLES-ONE >Du vil nå være opptatt i aktiviteter som involverer mye papirarbeid. Du vil tilbringe tid med venner og vil også få noen fordeler. Du vil være i en slik situasjon at det vil friste deg til å gå på en ferie eller en liten utflukt med familien, men ting må holdes på vent. </KING-OF-PENTACLES-ONE >
<ACE-OF-SWORDS-ONE >Du vil få noen uventede men hyggelige overraskelser, og du vil nyte det. Det vil være mye press og uro i hjemmet mellom familiemedlemmer, og dette vil gjøre at du føler tilbaketrukket. Du vil prøve å betro på dine venner, og vil prøver å lete etter råd og trøst. </ACE-OF-SWORDS-ONE >
<TWO-OF-SWORDS-ONE >Det er indikasjoner på at du drar ut med dine kjære for ulike grunner. Du vil møte noen penger relaterte problemer og hvis lykken favoriserer, noen vil være til stor hjelp. Bare holde tålmodigheten og alle argumentene vil bli lagt til hvile i en kort stund. </TWO-OF-SWORDS-ONE >
<THREE-OF-SWORDS-ONE >Som det alltid skjer i familier, du også kunne bli frustrert på grunn av presset fra å møte høye forventninger. Du kan føle litt urolig på grunn av skyldfølelser, og du vil prøve å overbevise deg selv å løse ting og komme tilbake til det normale. </THREE-OF-SWORDS-ONE >
<FOUR-OF-SWORDS-ONE >Du må kanskje gå gjennom noen juridiske papirer og dette vil ikke være en veldig hyggelig opplevelse. Du vil føle deg hjelpeløs i enkelte situasjoner som du ser en kjær går gjennom en vanskelig fase. Det er kanskje ikke den beste tiden å tilbringe med venner siden du vil føle deg skuffet samlet. </FOUR-OF-SWORDS-ONE >
<FIVE-OF-SWORDS-ONE >Etter en lang periode med medisiner, vil du endelig bli kvitt legebesøk og bli bedre. Din familie vil føle nostalgisk og vil stå ved din side. Du kan bli tynget ned av et visst ansvar, og dette kan føre til frustrasjon. Du vil også føye på litt shopping, spesielt for hjemmet. </FIVE-OF-SWORDS-ONE >
<SIX-OF-SWORDS-ONE >Dette kortet viser at du kan møte noen problemer og vanskeligheter mens du håndterer hjem relaterte problemer. Du vil føle en sterk kontakt med familien din og vil prøve å være med familie og venner mye mer nå. Du vil også prøve å veilede noen av dine kjære. </SIX-OF-SWORDS-ONE >
<SEVEN-OF-SWORDS-ONE >En plutselig møte med en gammel venn er indikert, og dette vil vise seg å være gunstig. Det kan være noen småting som vil legge til dine problemer og gjør at du føler deg ukomfortabel. Du kan ha argumenter og interessekonflikt med familien din, men du vil fortsatt opprettholde bindingen. </SEVEN-OF-SWORDS-ONE >
<EIGHT-OF-SWORDS-ONE >Det kan være noen problemer angående visse venner, og du er nødt til å ta noen fast beslutninger. Det kan også være en romantisk fase hvor du vil koble til med din kjæreste. Du vil nyte litt kvalitetstid med familien, og vil være svært glad for det. </EIGHT-OF-SWORDS-ONE >
<NINE-OF-SWORDS-ONE >Dette kortet indikerer at du nå føler rastløs over noen. Det kan være noen slektning som har noen pengerelaterte problemer og du vil prøve å hjelpe. Dette vil forbedre ditt rykte blant dine slektninger. Du kan også bevege deg bort fra noen eller noe som vil gjøre deg følelsesmessig sårbare. </NINE-OF-SWORDS-ONE >
<TEN-OF-SWORDS-ONE >Du vil melde deg for noen kvalitet programmer som vil hjelpe deg å utvikle deg selv som person og øke konsentrasjonen. Du kan føle litt isolert og usikker og vil prøve å takle det. En kjære har kanskje såret deg, og dette vil la deg inn i et dilemma. </TEN-OF-SWORDS-ONE >
<PAGE-OF-SWORDS-ONE >Det kan være noen ubehagelige nyheter på vei som vil ødelegge humøret ditt enormt. Du kan planlegge å besøke en slektning i et sted langt borte, eller vice versa. Du vil hele tiden ta innsats for å bygge og utvikle ditt romantiske liv, og dette vil bli verdsatt av din partner eller en venn. </PAGE-OF-SWORDS-ONE >
<KNIGHT-OF-SWORDS-ONE >Dette kortet indikerer at du vil være på en fest rangel og vil bli sett på mange anledninger i godt humør. Det kan være enkelte konfrontasjoner i familien, og du vil være villig til å lytte og jobbe mot å gjøre ting bedre. Dette vil også kreve litt veiledning fra en kjær. </KNIGHT-OF-SWORDS-ONE >
<QUEEN-OF-SWORDS-ONE >Dette kortet viser at dette vil være en tøff fase for deg. Det kan være dårlige nyheter som kommer fra alle sider, inkludert venner og familie. Det vil være vanskelig for deg å takle dette, men din kjære vil gjøre sitt beste for at du skal føle deg avslappet. </QUEEN-OF-SWORDS-ONE >
<KING-OF-SWORDS-ONE >Det kan være noen konflikter med familien om din måte å leve på, og dette vil uroe deg. Du kan også vurdere å flytte bort til et herberge eller en ny leilighet. Problemer vil jage deg, og du kan uventet bli en del av en skandale hvis du ikke forblir forsiktige. </KING-OF-SWORDS-ONE >
<ACE-OF-WANDS-ONE >Du vil ha noen problemer profesjonelt, og i samsvar med familien din, vil du bestemmer deg for å slutte jobben og starte noe på egen hånd. Det kan være enkelte forsinkelser på grunn av noen papirer, og du blir nødt til å kansellere enkelte møter eller gjenforeninger. </ACE-OF-WANDS-ONE >
<TWO-OF-WANDS-ONE >Dette kortet indikerer at du vil løse problemer med en av dine familiemedlemmer, og prøve å få ting tilbake til det normale. Store nyheter er på vei, og denne informasjonen vil hjelpe deg i fremtiden. Du vil være villig til å hjelpe en venn, men vil finne ut at intensjonene er ikke hva du antok. </TWO-OF-WANDS-ONE >
<THREE-OF-WANDS-ONE >De eldste i familien din vil gi deg noen verdifulle råd over noen papirer og økonomi. Du vil ta en pause fra alt for å gjøre hva du vil, og dette vil være et modig skritt. Du vil se etter støtte fra venner og vil prøve å utvide din drøm som involverer dine kjære. </THREE-OF-WANDS-ONE >
<FOUR-OF-WANDS-ONE >Du vil måtte møte noen stress og frustrasjon på grunn av familie kamper og konfrontasjoner. Men til slutt vil du og dine kjære løse problemer og opprettholde fred. Det kan være noen som ønsker ingen god for deg, og vil prøve å lure deg til noe galt så det anbefales at du holder deg årvåken. </FOUR-OF-WANDS-ONE >
<FIVE-OF-WANDS-ONE >Du vil føle deg irritert og opprørt på grunn av noen ukontrollerbare situasjoner som har steget opp på grunn av noen fremmed. Det kan være noen som prøver å vandalisere din familie eller eiendom, og du må være forsiktig. Dine venner og familie vil hjelpe deg å gå gjennom en indre renselsesprosess. </FIVE-OF-WANDS-ONE >
<SIX-OF-WANDS-ONE >Dette kortet indikerer at selv om du ikke vil være veldig glad i dine personlige bestrebelser, vil du prøve å fange opp med en venn eller familie og planlegge en lykksalig tur med dem. Du kanskje må håndtere økonomiske problemer som en slektning går gjennom. </SIX-OF-WANDS-ONE >
<SEVEN-OF-WANDS-ONE >Du er nødt til å sjonglere din vei gjennom en hektisk fremdriftsplan og din familietid, og dette vil invadere ditt personlige liv hvis du ikke finner en balanse. Du vil komme i kontakt med en gammel venn, og dette vil være en hyggelig møte. </SEVEN-OF-WANDS-ONE >
<EIGHT-OF-WANDS-ONE >Dette kortet indikerer at du er nødt til å slite mellom jobb og hjem, og vil neppe finne noen tid for din familie. Det er også en feiring i kortene på grunn av gode nyheter i familien. Du er nødt til å kommunisere med dine venner med forsiktighet, da det kan være noen misforståelser. </EIGHT-OF-WANDS-ONE >
<NINE-OF-WANDS-ONE >Du vil prøve å hjelpe en slektning med noen juridiske saker og tilhørende papirarbeid . Noen problemer vil bli løst med en gammel venn og en gjenforening er indikert. Du ivrig venter på noen nyheter fra en kjær og denne angsten vil gjøre at du føler deg rastløs. </NINE-OF-WANDS-ONE >
<TEN-OF-WANDS-ONE >Det vil være mye byrde fra arbeid på skuldrene dine, og du vil prøve å oppfylle dine forpliktelser. Du vil ikke bare ha offisiell arbeid, men også personlige problemer å bli tatt vare på. Det kan være et problem mellom deg og en venn eller en elsket én, og du vil ikke vite hvordan du kan løse ting. Dette vil heller ikke være bra for deg eller din venn. </TEN-OF-WANDS-ONE >
<PAGE-OF-WANDS-ONE >Du vil gå gjennom en vanskelig fase og vil ønske å isolere deg selv for en stund, og dette vil bekymre dine venner og familie. Du vil prøve å ordne opp i livet ditt ved å ta evaluerte beslutninger, og vil kreve noe støtte fra en venn i å gjøre det. </PAGE-OF-WANDS-ONE >
<KNIGHT-OF-WANDS-ONE >En kort tur er indikert til å forynge deg selv og du vil vurdere å leve i samliv for å tilbringe mer tid med partneren din. Ting går ikke som forventet med familiemedlemmer og venner på grunn av noen uvanlige anledninger og du er nødt til å fjerne tid for en venn som vil søke støtte og veiledning. </KNIGHT-OF-WANDS-ONE >
<QUEEN-OF-WANDS-ONE >Du vil være i en åndelig modus og ønsker å gjennomføre noen selvregulering og disiplin. Det er store sjanser for at du vil gjøre nye forbindelser, eller gamle forbindelser vil bli fornyet og styrket. </QUEEN-OF-WANDS-ONE >
<KING-OF-WANDS-ONE >Dette kortet indikerer at du kanskje må håndtere situasjoner som involverer en sykdom. Det kan være noen foretak som vil kreve at du må flytte til et annet sted. Du vil til slutt bli avløst av følelsen av å være isolert og ting vil bli bedre. </KING-OF-WANDS-ONE >
<THE-MAGICIAN-ONE >Ditt fokus er nå på nye begynnelser, og det anbefales at du ikke går og jager noe hvorav det er minimale sjanser for deg å få. Du vil snart få verdifull eller relevant hjelp fra en av dine venner. Noen planer vil bli gjort sammen med en slektning eller det er sjanser for noen endring i planene med din kjære. </THE-MAGICIAN-ONE >
<THE-HIGH-PRIESTESS-ONE >Dette kortet indikerer at det er en hyggelig overraskelse i vente for deg, og du vil bli begeistret for å få det. Du vil ikke føle festet til dine familiemedlemmer nå på grunn av noe stress, og din relasjon med dine venner kan forbedre nå. </THE-HIGH-PRIESTESS-ONE >
<THE-EMPRESS-ONE >Du vil føle litt distrahert på grunn av ulike diskusjoner i familien, og vil kreve for noen fred i sinnet. Du vil også vurdere å flytte bort for en stund. Du vil føle deg litt skyldig på grunn av noe som du gjorde med din venn, og det er på tide å møte din frykt og gjøre noen tilståelser. </THE-EMPRESS-ONE >
<THE-EMPEROR-ONE >Hvis du planlegger å besøke en slektning eller en kjære , så besøket vil bli vellykket, men reisen vil ikke være veldig glatt. Dette er en tid da du vil være omgitt av mange venner som vil bli til ditt støttesystem og til og med inspirere deg til en viss grad, siden du er deprimert nå. </THE-EMPEROR-ONE >
<THE-HIEROPHANT-ONE >Dette kortet indikerer at du vil at atmosfæren i hjemmet blir mer glad og det vil være noen gode nyheter på vei. Du vil ha en tøff tid arbeider med en venn, men bare snakker med hverandre vil roe situasjonen, og du vil være i stand til å forstå det, og vil løse situasjonen til slutt. </THE-HIEROPHANT-ONE >
<THE-LOVERS-ONE >Du vil nå innse at ikke alle er dine venner, og noen av dem vil forråde deg hvis du ikke gjør noe med det. Du vil være i gode vilkår med familien din og kan også planlegge en sammenkomst som vil være på grunn av en liten feiring eller noen flytende gode nyheter. Noen slektninger kan også lufte sitt sinne, så du må være forsiktig. </THE-LOVERS-ONE >
<THE-CHARIOT-ONE >Du vil ta opp kontakten med gamle venner, og dette vil være en forfriskende endring i din stressende liv. Du vil ønske å hjelpe en slektning med problemer, men han vil være uvillig til å lytte til noe som vil gjøre at du føler deg skyldig og hjelpeløs. Du vil trenge litt sterk støtte for å bekrefte dine krav med hensyn til familien. </THE-CHARIOT-ONE >
<STRENGTH-ONE >Dette kortet indikerer at du vil ha en gledens tid med dine venner og noen gnister kan stige med en av dine venner av det motsatte kjønn. Du vil ha en tøff tid med familien på grunn av økonomiske grunner. Det kan være store argumenter eller selv nedfall hvis ting går ut av hånden. </STRENGTH-ONE >
<THE-HERMIT-ONE >Det er store sjanser for at du vil snakke med et familiemedlem eller en venn etter en lang tid. Hvis du har stått overfor noen forskjeller med en kjær da det vil bli løst. Du vil få litt veiledning om arbeid eller økonomiske forhold fra en kjær, og dette vil vise seg å være svært nyttig. </THE-HERMIT-ONE >
<WHEEL-OF-FORTUNE-ONE >Dette kortet indikerer at en av dine familiemedlemmer vil føre deg mye frustrasjon og skuffelse, og du skulle ønske å gå bort fra den personen. Noen turer vil bli tatt til legen på grunn av en sykdom i familien, og dette vil føre til mye stress. </WHEEL-OF-FORTUNE-ONE >
<JUSTICE-ONE >Du vil sannsynligvis finne ut at en av dine familiemedlemmer eller en slektning vil stå overfor problemer som vil påvirke deg og dine beslutninger. Ting vil ikke være så glatt som du forventet fordi det vil være flere komplikasjoner med familie og venner, men denne fasen vil til slutt passere. </JUSTICE-ONE >
<THE-HANGED-MAN-ONE >Din familie og venner vil støtte deg i den nye virksomheten som du arbeider med, og en kjær en vil også veilede deg gjennom det. Det kan være enkelte argumenter, men bare på grunn av endring i perspektiv, og dette vil bli løst enkelt. Du er nødt til å legge vekt på å opprettholde gamle relasjoner. </THE-HANGED-MAN-ONE >
<DEATH-ONE >Dette kortet indikerer at det vil være en velstående tid for deg og din familie, og du kan også vurdere å lære litt husarbeid, på grunn av ulike årsaker. Det kan være noen endringer eller pinlige øyeblikk mellom deg og dine venner på grunn av noen uvanlige omstendigheter, men snart vil du fikse ting tilbake til hvordan de var. </DEATH-ONE >
<TEMPERANCE-ONE >Du vil merke at din familie og slektninger vil være svært støttende av deg og gi deg den rette typen råd i forhold til ditt personlige liv. Det vil være en følelsesmessig bølge mellom deg og en kjær. Du må opprettholde ro og håndtere situasjoner slik du kan få forverret enkelt. </TEMPERANCE-ONE >
<THE-DEVIL-ONE >Dette kortet indikerer at nå vil du være høyt på følelser og vil finne det vanskelig å uttrykke det du virkelig vil, men vil prøve å balansere ut situasjonen for tiden. Det kan være en orkan av konflikt i hjernen din som du er opptatt med mange forstyrrende tanker på en gang. </THE-DEVIL-ONE >
<THE-TOWER-ONE >Dette vil ikke være en svært hyggelig tid for du kanskje må møte noen hardtslående fakta økonomisk og personlig også. Dette kan også føre til et sammenbrudd, men din kjære vil hjelpe deg gjennom det. Du vil være heldig og uheldig på samme tid på grunn av omstendighetene du står overfor. </THE-TOWER-ONE >
<THE-STAR-ONE >Du vil merke at noen av slektningene dine kan stå overfor problemer knyttet til papirarbeid, og du vil hoppe for å hjelpe. Du kan komme til å høre en god nyhet fra noen som vil være veldig stimulerende og vil gi deg følelsen av samhold som vil få deg til å føle deg komfortabel og lettet. </THE-STAR-ONE >
<THE-MOON-ONE >Det kan være situasjoner som vil oppstå, noe som gjør at du føler deg sårbar, forvirret og usikker. Du kan tenke veldig følelsesmessig om en venn eller en kjære en, og dette vil gjøre deg tenke på hva du skal gjøre og hva du ikke skal. Dine planer om å komme sammen med en venn eller en slektning vil vise seg å være svært nedslående. </THE-MOON-ONE >
<THE-SUN-ONE >Du prøver nå å avgjøre ting siden du ønsker å se livet ditt balansert. Du vil snakke med dine slektninger, men vil føle at de ikke er støttende av deg. Du vil tenke på å blande forretninger med fornøyelse eller prøve å gjøre vennskap bindinger på arbeidsplassen din, men dette vil ikke vise seg å være en veldig god idé. </THE-SUN-ONE >
<JUDGEMENT-ONE >Dette kortet indikerer at du er nødt til å gjøre noen svært viktige avgjørelser, og dette vil innebære en gammel venn eller en kjær en. Noen gode nyheter kan også komme gjennom en av dine venner eller slektninger. Din rapport med dine venner og slektninger vil bli sterkere. </JUDGEMENT-ONE >
<THE-WORLD-ONE >Det vil være mye press bygd opp i hodet ditt, og dette kan bare være det høyeste punktet før det eksploderer. Det er på tide å gå på en ferie eller et fjernt sted for en stund. Du vil se til dine venner for støtte og noen av dem vil gjerne godta det og trøste deg. </THE-WORLD-ONE >
<THE-FOOL-ONE >Du vil være i stand til å hjelpe en av dine slektninger, men den slektningen kan miste denne muligheten på grunn av deres hensynsløshet. En person nær deg vil gjøre deg klar over at du opptrer sårbar og derfor noen tar nytte av deg som vil vise seg å være dårlig i det lange løp.</THE-FOOL-ONE >
    </ROOT>
