<?xml version="1.0" encoding="utf-8" ?>
<ROOT>
<ACE-OF-CUPS-ONE >Deze kaart geeft aan dat als het om je gezondheid gaat, alles nu soepel lijkt te functioneren. Je zult je fysiek en mentaal fris en energiek voelen en er zal nauwelijks sprake zijn van kwaaltjes. Je zult je ook meer gaan bezighouden met spiritualiteit, waardoor je je nog beter gaat voelen. </ACE-OF-CUPS-ONE >
<TWO-OF-CUPS-ONE >Deze kaart laat zien dat wat je gezondheid betreft de dingen een beetje verstoord zijn omdat je moeite hebt om gelijke tred te houden met het welzijn van een geliefde en dit is een ernstige zaak, waardoor je een aantal bezoeken aan het ziekenhuis moet brengen. </TWO-OF-CUPS-ONE >
<THREE-OF-CUPS-ONE >Deze kaart geeft aan dat je nu een fijne tijd zult hebben en jezelf meer zult verwennen dan nodig is. Dit zal een aantal ernstige gezondheidsproblemen opleveren, die je binnenkort moet gaan aanpakken. Als je geen maatregelen neemt, moet je naar het ziekenhuis of naar een afkickkliniek. </THREE-OF-CUPS-ONE >
<FOUR-OF-CUPS-ONE >Je hebt te veel stress en dit kan lichamelijke klachten veroorzaken. Je moet ondanks je professionele verplichtingen wat tijd voor jezelf nemen omdat dat nu noodzakelijk is. Dit kan je een beetje frustreren, maar uiteindelijk zul je herstellen en er beter van worden en dit zal je ook een nieuwe kijk op het leven geven. </FOUR-OF-CUPS-ONE >
<FIVE-OF-CUPS-ONE >Deze kaart laat zien dat je te veel op reis bent of dat de werkdruk te hoog is omdat je je nu uitgeput en erg moe voelt. Dit kan ook, meer dan je verwacht, invloed hebben op je gezondheid waardoor je in de problemen kunt komen. Je moet aandacht besteden aan maaggerelateerde zaken en deze voorop stellen. </FIVE-OF-CUPS-ONE >
<SIX-OF-CUPS-ONE >Deze kaart geeft aan dat je je niet erg goed voelt en deze onrust zal fysieke en mentale gevolgen hebben. Maar je zult moeten volhouden om bepaalde taken te voltooien om vervolgens daarna rust te kunnen nemen, dat je zal helpen om je lichaam nieuwe energie te geven. </SIX-OF-CUPS-ONE >
<SEVEN-OF-CUPS-ONE >Deze kaart laat zien dat je lichaam nu symptomen van een ziekte vertoont, wat om ontspanning vraagt. Sommige aandoeningen kunnen hardnekkig zijn en daarmee zul je moeten omgaan. Er kunnen een aantal zaken aan de hand zijn met betrekking tot je ledematen of je ogen en je zult een tijdje rust nodig hebben om te herstellen. </SEVEN-OF-CUPS-ONE >
<EIGHT-OF-CUPS-ONE >Deze kaart geeft aan dat je problemen met je ogen of je haar hebt en dat je medicijnen daarvoor zult moeten gebruiken. Dit zal je dagelijkse karweitjes een beetje belemmeren waardoor je je gefrustreerd kunt voelen, maar je hoeft je geen zorgen te maken omdat je snel weer zult herstellen. Jouw geliefden zullen voor je zorgen, terwijl jij herstelt. </EIGHT-OF-CUPS-ONE >
<NINE-OF-CUPS-ONE >Deze kaart laat zien dat je nu of binnenkort wordt geconfronteerd met isolement of depressie als gevolg van de ups-en-downs in je leven. Je bevindt je op dit moment in een kwetsbare positie en je zult het gevoel hebben dat niemand je nu goed begrijpt. Deze verontrustende gemoedstoestand kan nervositeit veroorzaken, waarvoor je medicijnen moet slikken. </NINE-OF-CUPS-ONE >
<TEN-OF-CUPS-ONE >Deze kaart geeft aan dat je het druk hebt waardoor je onevenwichtig eet en wat kan leiden tot een aantal maagklachten. Dit drukke schema kan voor een tijdje leiden tot isolatie of slapeloosheid. Je zult maatregelen moeten nemen en dan zul je spoedig herstellen. </TEN-OF-CUPS-ONE >
<PAGE-OF-CUPS-ONE >Deze kaart laat zien dat door de aard van de omstandigheden, waarmee je nu wordt geconfronteerd, je erg gevoelig en gemakkelijk te beïnvloeden bent. Deze gemoedstoestand kan slecht blijken te zijn voor je lichamelijke of geestelijke gezondheid. Wees voorzichtig omdat er kans bestaat op ongelukken. </PAGE-OF-CUPS-ONE >
<KNIGHT-OF-CUPS-ONE >Deze kaart geeft aan dat, alles met betrekking tot je gezondheid, er nu veel beter uitziet. Als je nu aan een kwaal lijdt en een bezoek aan je arts brengt, dan zul je merken dat je conditie verbeterd is, ondanks het slechte nieuws dat je te horen hebt gekregen. Je zult gewoon op jezelf moeten vertrouwen en goed voor je lichaam moeten zorgen. </KNIGHT-OF-CUPS-ONE >
<QUEEN-OF-CUPS-ONE >Deze kaart laat zien dat je je nu mentaal steeds uitgeput voelt als gevolg van persoonlijke en professionele druk en je kunt je ook hulpeloos voelen. Er kunnen een aantal symptomen van wanhoop zijn, waarvoor je naar de dokter moet en enkele familieleden moet raadplegen, maar dingen zullen gestaag beter worden. </QUEEN-OF-CUPS-ONE >
<KING-OF-CUPS-ONE >Deze kaart geeft aan dat er wellicht enkele verontrustende situaties zijn, waardoor je zeer teleurgesteld bent en wordt gedwongen om te denken dat je niet goed genoeg voor de wereld bent of gebrek aan kwaliteiten hebt. Laat je onder deze omstandigheden niet verleiden tot een verslaving. </KING-OF-CUPS-ONE >
<ACE-OF-PENTACLES-ONE >Deze kaart geeft aan dat je nu bereid bent om een aantal gezonde veranderingen in je leven aan te brengen. Als je zou lijden aan een kwaal, dan is dit een goed moment voor een snel herstel en je zult jezelf binnenkort in een veel betere conditie zien. Je zult er uiteindelijk sterker uitkomen. </ACE-OF-PENTACLES-ONE >
<TWO-OF-PENTACLES-ONE >Je voelt je moe en uitgeput vanwege het vele werk en diverse verantwoordelijkheden die je op je hebt genomen. Deze omstandigheden kunnen slecht zijn voor je lichaam, maar je zult moeten proberen om een evenwicht te vinden en jezelf niet het slachtoffer van deze situatie te laten worden. </TWO-OF-PENTACLES-ONE >
<THREE-OF-PENTACLES-ONE >Deze kaart geeft aan dat je het emotioneel moeilijk hebt of dat een plotselinge ontmoeting zal leiden naar een aantal toxische invloeden. Dit kan zijn tol voor je gezondheid eisen, dus moet je voorzichtig zijn. Je hebt nog geen tijd om je rust te nemen, omdat er nog veel dingen op je wachten. </THREE-OF-PENTACLES-ONE >
<FOUR-OF-PENTACLES-ONE >Deze kaart laat zien dat je moeite hebt met een reeds bestaand medisch probleem en mogelijk een aantal keren naar de kliniek moet. Je zult samen met je dierbaren hulp zoeken en advies inwinnen. Dingen kunnen een beetje uit de hand lopen, maar je moet nu sterk zijn. </FOUR-OF-PENTACLES-ONE >
<FIVE-OF-PENTACLES-ONE >Deze kaart geeft aan dat je je gezondheid de laatste tijd veel hebt verwaarloosd en dit is de reden waarom je nu een kleine kwaal hebt, die niet gevaarlijk is maar waar je wel wat aan moet doen. Hiervoor zul je voor een aantal controles naar een arts moeten gaan. </FIVE-OF-PENTACLES-ONE >
<SIX-OF-PENTACLES-ONE >Deze kaart laat zien dat je nu extra voorzichtig met je omgeving zult moeten zijn. Je hebt kans op een ongeluk en daarom zul je goed moeten opletten en voorzichtig moeten zijn met alles om je heen. Dit is een kritiek moment en als je niet voorzichtig bent, kan dat nare gevolgen hebben. </SIX-OF-PENTACLES-ONE >
<SEVEN-OF-PENTACLES-ONE >Deze kaart geeft aan dat je nu wordt geconfronteerd met een zeer verontrustende periode en je zult het rustig aan moeten doen en niet te veel lichamelijke arbeid moeten verichten. Je bent niet bereid om iets te doen dat jouw tijd en concentratie vraagt en hierdoor kun je, tegen je zin, een tijdje niet naar je werk. </SEVEN-OF-PENTACLES-ONE >
<EIGHT-OF-PENTACLES-ONE >Deze kaart laat zien dat het tijd is om al je moisturizers en zonnebrandcrèmes uit de kast te halen, omdat je huid kwetsbaar is. Je moet voor je werk veel reizen en dit kan invloed hebben op je dieet en leiden tot maaggerelateerde problemen. </EIGHT-OF-PENTACLES-ONE >
<NINE-OF-PENTACLES-ONE >Deze kaart geeft aan dat jij of iemand dicht bij je zal herstellen van een ziekte of een ongeval dat heeft plaatsgevonden. Er bestaat ook de mogelijkheid dat iemand, die je heel goed kent, te maken krijgt met een groot gezondheidsprobleem. Je staat klaar voor je gezin, maar je zou er graag even tussenuit willen om iets te doen, waardoor je even helemaal loskomt. </NINE-OF-PENTACLES-ONE >
<TEN-OF-PENTACLES-ONE >Deze kaart laat zien dat je een aantal persoonlijke problemen kunt hebben, die je erg van slag maken. Er zal iemand zijn, die dicht bij je gezin staat, die medische hulp nodig heeft en je zult hem/haar begeleiden naar een nieuwe manier van leven. </TEN-OF-PENTACLES-ONE >
<PAGE-OF-PENTACLES-ONE >Deze kaart geeft aan dat je je ongemakkelijk en zeer onrustig voelt. Er kunnen problemen zijn met betrekking tot je lichaam. Er kan een soort schuldgevoel zijn dat je enorm dwarszit en waarvan je je graag wilt ontdoen. Enkele medicijnen zullen nodig zal zijn voor de pijn in je lichaam en je kunt ook, als gevolg van slapeloosheid, een aantal slaappillen nodig hebben. </PAGE-OF-PENTACLES-ONE >
<KNIGHT-OF-PENTACLES-ONE >De sociale dienst is goed als iemand niet probeert om er onnodig van te profiteren en jij moet je dat beseffen. Je zult je angstig en onrustig voelen, maar je bent in staat om een moedige stap te nemen. Je zult proberen om zelf actief te zijn in plaats van maar stil te zitten, omdat dit je kan helpen om niet na te hoeven denken over dingen die je niet wilt doen. </KNIGHT-OF-PENTACLES-ONE >
<QUEEN-OF-PENTACLES-ONE >Deze kaart geeft aan dat het het beste is om de hulp van de natuur te aanvaarden en nu natuurlijke manieren van heling en reiniging tot je te nemen. Als één van jouw geliefden herstellende is van een kwaal, dan is dit een goed moment voor een spoedig herstel. </QUEEN-OF-PENTACLES-ONE >
<KING-OF-PENTACLES-ONE >Deze kaart toont aan dat je op weg bent naar zowel een fysieke als een mentale goede gezondheid. Als je herstellende bent van een blessure of een ziekte, dan zul je grote verbeteringen zien. Zelfs als er problemen zijn met betrekking tot een aantal medische rapporten, dan zal dat binnenkort worden opgelost. </KING-OF-PENTACLES-ONE >
<ACE-OF-SWORDS-ONE >Deze kaart geeft aan dat je je niet goed voelt en depressief bent en op zoek gaat naar medische hulp. Familieleden zullen je helpen en er bestaat ook een kans dat je een nieuwe richting zult inslaan om een remedie voor je ziekte te vinden en dit zal nuttig blijken. </ACE-OF-SWORDS-ONE >
<TWO-OF-SWORDS-ONE >Deze kaart laat zien dat je gezondheid pieken en dalen kent en dat je misschien een beetje onrustig bent. Er kunnen kleine gezondheidsproblemen zijn, maar je moet goed op je gezondheid letten als je je niet goed voelt of je zult een infectie, een lichte koorts of een kou kunnen oplopen. </TWO-OF-SWORDS-ONE >
<THREE-OF-SWORDS-ONE >Deze kaart geeft aan dat je je extreem uitgeput kunt voelen en hunkert naar wat ontspanning en wat vrije tijd. Er kunnen incidenten zijn, die jouw gespannenheid en fysieke uitputting kunnen verergeren, maar je zult voor je eigen bestwil moeten volhouden. Jouw slechte gezondheid zal je familieleden ongerust maken en ze kunnen hierover een arts raadplegen. </THREE-OF-SWORDS-ONE >
<FOUR-OF-SWORDS-ONE >Deze kaart laat zien dat er tijden van herstel in aantocht zijn en je mentale en emotionele zorgen eindelijk worden opgelost of al snel op zijn minst voor een groot deel worden verlicht. Jouw fysieke gezondheid kan wat schade hebben opgelopen en daarom zul je een aantal testen of medische behandelingen moeten ondergaan. De arts zal in dit geval een grote hulp voor je zijn. </FOUR-OF-SWORDS-ONE >
<FIVE-OF-SWORDS-ONE >Deze kaart geeft aan dat je wordt geconfronteerd met wat stress en frustratie als gevolg van een ziekte, die maar aanhoudt. Je zult een aantal keer naar het ziekenhuis moeten en dat zal je frustratie verergeren en je je zult je hulpeloos voelen, maar probeer om sterk te zijn. </FIVE-OF-SWORDS-ONE >
<SIX-OF-SWORDS-ONE >Deze kaart laat zien dat met betrekking tot je gezondheid dit één van de slechtste tijden is. Er kan sprake zijn van een ernstig letsel of een ziekte, waarvan je veel last hebt. Je kunt ook een ongeval krijgen, waarbij je vooral je benen of je knieën verwondt. Er bestaat ook een kans op een ziekenhuisopname voor een tijdje, maar dingen zullen uiteindelijk beter worden. </SIX-OF-SWORDS-ONE >
<SEVEN-OF-SWORDS-ONE >Deze kaart geeft aan dat je onder grote druk staat en dit veroorzaakt ook veel mentale en fysieke stress. Je hebt het te druk om met verschillende dingen om te gaan en dat kan vooral op je lichaam en geest een nadelig effect hebben. Je moet wat tijd voor jezelf uittrekken en jezelf en je lichaam weer opladen. </SEVEN-OF-SWORDS-ONE >
<EIGHT-OF-SWORDS-ONE >Deze kaart toont aan dat, als je niet voorzichtig bent, er een klein ongeval kan plaatsvinden. Je moet nu extra voorzichtig zijn omdat deze kaart suggereert dat je als gevolg van een aantal risicovolle activiteiten thuis met een ongeluk kunt worden geconfronteerd. Je moet ook voorzichtig zijn tijdens het rijden of het oversteken van de straat. Deze fase zal snel weer voorbij gaan. </EIGHT-OF-SWORDS-ONE >
<NINE-OF-SWORDS-ONE >Deze kaart geeft aan dat je in je persoonlijke of je professionele leven met een aantal vervelende situaties zult worden geconfronteerd, wat kan leiden tot depressie. Je kunt ook onregelmatig eten, wat kan leiden tot een aantal maagklachten, maar één van je dierbaren zal je helpen om uit deze situatie te komen. </NINE-OF-SWORDS-ONE >
<TEN-OF-SWORDS-ONE >Deze kaart laat zien dat je nu hebt besloten om voor je gezondheid te gaan zorgen en dat je dingen uit het verleden laat gaan en de toekomst omarmt. Je zult met betrekking tot je gezondheid bepaalde doelen moeten stellen en veranderingen moeten aanbrengen in je levensstijl. </TEN-OF-SWORDS-ONE >
<PAGE-OF-SWORDS-ONE >Deze kaart geeft aan dat je, vooral met betrekking tot het werk, mentale druk ervaart, maar je zult hier geduldig mee omgaan. De kans bestaat dat je rugpijn krijgt of dat je naar de tandarts moet. Maar je zult je over het algemeen energiek voelen en tijd doorbrengen met je dierbaren. </PAGE-OF-SWORDS-ONE >
<KNIGHT-OF-SWORDS-ONE >Deze kaart laat zien dat er met betrekking tot je gezondheid een aantal gemengde voorwaarden zijn. Je zult je mentaal beter voelen en herstellen van wat stress en andere problemen. Jouw gezin zal je nu nodig hebben omdat er waarschijnlijk ten aanzien van een familielid of een vriend van de familie slecht nieuws aankomt. </KNIGHT-OF-SWORDS-ONE >
<QUEEN-OF-SWORDS-ONE >Deze kaart geeft aan dat je nu tussen persoonlijke en professionele prioriteiten zult moeten multi-tasken en dat je niet al je verplichtingen kunt nakomen. Als gevolg daarvan kun je het gevoel hebben om uitgeput en moe te zijn, maar op de één of andere manier lukt het je om met al deze verantwoordelijkheden te jongleren. </QUEEN-OF-SWORDS-ONE >
<KING-OF-SWORDS-ONE >Deze kaart laat zien dat je qua gezondheid in een dip zit. Je zult je geestelijk gefrustreerd voelen en fysiek uitgeput zijn en dat kan ervoor zorgen dat je misschien tegen wat kleine klachten medicijnen moet nemen. Er bestaat ook de kans dat één van je geliefden opgenomen wordt. </KING-OF-SWORDS-ONE >
<ACE-OF-WANDS-ONE >Deze kaart geeft aan dat je nu meer aandacht aan een kwaal zult moeten besteden en voor je lichamelijke of geestelijke gezondheid medicatie moet innemen. Iemand zal je voor bepaalde kwalen natuurlijke manieren van genezen aanraden en je zult hiermee aan de slag gaan. </ACE-OF-WANDS-ONE >
<TWO-OF-WANDS-ONE >Deze kaart toont aan dat je lichaam overbelast is en dat kun je ook zien aan je lichaam. Je moet op zoek gaan naar supplementen om je lichaam en geest te helpen. De verwaarlozing van evenwichtige voeding kan in de toekomst gevaarlijk blijken en een gezonde routine is strikt geadviseerd. </TWO-OF-WANDS-ONE >
<THREE-OF-WANDS-ONE >Deze kaart geeft aan dat je nu bezorgd bent over de gezondheid van een geliefde. Tijdens dit proces ben je gestrest en moet je voldoende rust nemen. Zorg dat je niet overbelast raakt, omdat dit gevaarlijk kan zijn. Je kunt ook zeer binnenkort naar de tandarts moeten. </THREE-OF-WANDS-ONE >
<FOUR-OF-WANDS-ONE >Deze kaart toont aan dat je wordt geconfronteerd met wat ongemak in je persoonlijke leven en dit maakt je gestrest. Er kunnen enkele andere problemen opdoemen, die je welzijn aantasten, waardoor je je opgewonden voelt en onverwacht lichamelijke pijn kunt krijgen. </FOUR-OF-WANDS-ONE >
<FIVE-OF-WANDS-ONE >Deze kaart geeft aan dat je eindelijk van de kwalen, die je had, bent hersteld en eindelijk geniet van een goede en gezonde toestand van geest en lichaam. Waarschijnlijk ga je met je partner op vakantie en dit zal een prettige vakantie zijn. </FIVE-OF-WANDS-ONE >
<SIX-OF-WANDS-ONE >Deze kaart laat zien dat je nu eindelijk beseft dat het tijd is om vrij te nemen van het werk en wat tijd aan jezelf te besteden. Deze onderbreking zal nuttig zijn als je een aantal sociale bijeenkomsten moet bijwonen en probeert om de dingen te doen, die je wilt doen. </SIX-OF-WANDS-ONE >
<SEVEN-OF-WANDS-ONE >Deze kaart geeft aan dat je nu bij meer activiteiten betrokken bent dan je aankunt en daarom voel je je nu zeer ongemakkelijk en lastiggevallen. Maar je zult je dit nauwelijks beseffen waardoor je gestrest raakt. Verwaarloos in dit streven je gezondheid niet en let ook op wat je, vooral buiten de deur, eet. </SEVEN-OF-WANDS-ONE >
<EIGHT-OF-WANDS-ONE >Deze kaart laat zien dat je in een goede bui bent en je nu gezond en fit voelt en je zult je erg aangetrokken voelen tot je partner. Dit zal ook leiden tot een romantisch uitje en een aantal sensuele activiteiten, die je voor een tijdje bezig zullen houden. </EIGHT-OF-WANDS-ONE >
<NINE-OF-WANDS-ONE >Deze kaart geeft aan dat jouw fysieke conditie door een slechte fase gaat en je voelt je verwaarloosd en ziek. Dit kan enige irritatie veroorzaken omdat je een aantal keren naar het ziekenhuis moet en ook met wat juridische papierwerk te maken krijgt, wat je vermoeid maakt. </NINE-OF-WANDS-ONE >
<TEN-OF-WANDS-ONE >Deze kaart laat zien dat jouw werk of een aantal persoonlijke problemen zijn tol eisen en omdat je te veel verantwoordelijkheden op je neemt, voel je je fysiek uitgeput. Er is nauwelijks tijd om te rusten, omdat je constant op je tenen moet lopen en dit kan resulteren in een aandoening. Je moet echt een stapje terug doen. </TEN-OF-WANDS-ONE >
<PAGE-OF-WANDS-ONE >Je moet voor een kleine kwaal of misschien een ernsige ziekte medicijnen innemen. Deze kaart geeft aan dat je je prikkelbaar voelt als gevolg van de dingen om je heen en dit kan betrekking hebben op je werk of op je persoonlijke problemen. Je moet de deugd geduld nu oefenen en praktisch zijn in je aanpak. </PAGE-OF-WANDS-ONE >
<KNIGHT-OF-WANDS-ONE >Deze kaart laat zien dat je lichaam door een aantal strenge activiteiten zal moeten gaan omdat je veel aan je hoofd hebt en je zult je uitgeput en moe voelen. Dit kan ook veel te maken hebben met je psychische gesteldheid. </KNIGHT-OF-WANDS-ONE >
<QUEEN-OF-WANDS-ONE >Deze kaart laat zien dat je energiek bent en wordt geïnspireerd om voor je gezondheid een aantal constructieve veranderingen in je levensstijl aan te brengen. Je bent bereid om bepaalde dingen in je leven te veranderen om een evenwichtigere manier van leven te benaderen. </QUEEN-OF-WANDS-ONE >
<KING-OF-WANDS-ONE >Deze kaart geeft aan dat je bereid bent om een aantal veranderingen te maken voor je gezondheid en in je fitness regimes en je zult ook een voedingsdeskundige raadplegen. Er kunnen enkele emotionele problemen optreden, zoals vrees en angst of je kunt ergens pijn hebben. </KING-OF-WANDS-ONE >
<THE-MAGICIAN-ONE >Deze kaart geeft aan dat je een stressvolle periode doormaakt. Sommige werk- en thuisgerelateerde zaken zullen een tol eisen en je zult als gevolg van een aantal complicaties en onzekere resultaten niet in staat zijn om een oplossing voor je gezondheidsproblemen te vinden. Je moet verschillende artsen raadplegen, voordat je de juiste conclusie kunt trekken. </THE-MAGICIAN-ONE >
<THE-HIGH-PRIESTESS-ONE >Deze kaart laat zien dat je in het verleden heel wat hebt meegemaakt en dit kan jouw mentale of jouw fysieke stabiliteit hebben beïnvloed. Maar nu is het tijd om beter te worden omdat je eindelijk wat opluchting krijgt en je je zeer binnenkort beter begint te voelen. </THE-HIGH-PRIESTESS-ONE >
<THE-EMPRESS-ONE >Deze kaart geeft aan dat je met betrekking tot je lichaam een groot aantal problemen hebt en dan vooral met de nek. Je moet in contact komen met de spirituele kant van je lichaam om je lichaam beter te leren kennen en om dan vervolgens deel te nemen aan een fysieke therapie of yoga om jezelf te revitaliseren. </THE-EMPRESS-ONE >
<THE-EMPEROR-ONE >Deze kaart geeft aan dat er met betrekking tot je gezondheid mogelijk een aantal ernstige problemen zijn. Grondige voorzorg en zorg is nodig om je van je pijnen te verlossen. Je zult aan kracht winnen en de ziekte kunnen bestrijden, maar het is aangeraden om je lichaam niet meer te verwaarlozen. </THE-EMPEROR-ONE >
<THE-HIEROPHANT-ONE >Deze kaart geeft aan dat je meer aandacht moet besteden aan je gezondheid, dan je op dit moment doet. Het kan zijn dat je last hebt van een lage of hoge bloeddruk of ernstige hoest en verkoudheid. Regelmatige controles kunnen je helpen om je conditie te verbeteren. </THE-HIEROPHANT-ONE >
<THE-LOVERS-ONE >Deze kaart laat zien dat je lichaam nu gezond is en dat je daarmee blij bent. Je bent nu waarschijnlijk fysiek dynamischer en actiever dan ooit. Je verzorgt je lichaam goed en je wilt proberen om een evenwicht op te bouwen tussen een fit lichaam en een fitte geest. </THE-LOVERS-ONE >
<THE-CHARIOT-ONE >Deze kaart geeft aan dat je nauw betrokken bent bij je werk en andere activiteiten en niet in staat bent om goed voor de behoeften van je lichaam te zorgen. Als je dat blijft doen, kun je als gevolg van te veel belasting gewoon ziek worden of je kunt je mentaal zeer onrustig voelen. Dit is een goed moment om je arts te bezoeken voor een controle en in het weekend op zoek te gaan naar een rustige plek. </THE-CHARIOT-ONE >
<STRENGTH-ONE >Deze kaart laat zien dat het nu goed gaat met je gezondheid. Deze krachtkaart staat zowel lichamelijk als geestelijk voor een opperbeste stemming, ook al zijn er een paar kleine problemen met betrekking tot je lichaam, die je gemakkelijk kunt overwinnen. Jouw wilskracht en enthousiasme zullen worden gestimuleerd en gewaardeerd door de mensen om je heen. </STRENGTH-ONE >
<THE-HERMIT-ONE >Deze kaart geeft aan dat je je emotioneel verwaarloosd voelt en in een dip zit en dit kan je mentaal uitputten. Er bestaat de kans om aandoeningen te krijgen, waarvoor je meerdere afspraken met je arts zult moeten maken. Maar dit zal niet erg lang duren en al snel zullen dingen beter worden. </THE-HERMIT-ONE >
<WHEEL-OF-FORTUNE-ONE >Deze kaart laat zien dat je je nu heel instabiel voelt en als gevolg van het vele werk en de mentale druk, zul je je overwerkt en gestrest voelen. Er kunnen heel wat negatieve gedachten zijn, die je achtervolgen, maar dit is slechts een fase en het zal zeer snel weer voorbij zijn. </WHEEL-OF-FORTUNE-ONE >
<JUSTICE-ONE >Deze kaart laat zien dat er een kans bestaat dat je je arts moet bezoeken voor een normale controle en dat er dan een ernstig probleem wordt ontdekt. Dit kan als een verrassing komen, maar de arts zal voldoende expertise hebben om je te helpen om je te ontdoen van deze nieuwe gezondheidsproblemen. </JUSTICE-ONE >
<THE-HANGED-MAN-ONE >Deze kaart geeft aan dat je je onrustig en angstig over iets voelt. Het is tijd dat je je geest en je lichaam wat rust geeft, voordat je ziek wordt en het zal je ook helpen om een dergelijke situatie of mensen, die jouw vrees aanmoedigen, te vermijden. </THE-HANGED-MAN-ONE >
<DEATH-ONE >Deze kaart laat zien dat er iets om je heen is, waardoor je je erg ongelukkig voelt. Dit is het moment waarop je zult moeten nadenken over een ernstige ziekte. Je moet jezelf dwingen om naar de zonnige kant te kijken en alleen dit zal je helpen om het slechte, wat er om je heen gebeurt, te overwinnen. Je zult nu veel liefde en zorg van je familie krijgen. </DEATH-ONE >
<TEMPERANCE-ONE >Deze kaart geeft aan dat je vanwege je drukke schema geen tijd hebt om een arts te bezoeken en dit kan in de nabije toekomst het probleem vergroten. Je moet om jezelf te genezen aandacht besteden aan je gezondheid en op tijd naar de dokter gaan. </TEMPERANCE-ONE >
<THE-DEVIL-ONE >Deze kaart laat zien dat uitputting en constante zorgen je lusteloos en moe maken. Je kunt je dit in eerste instantie niet realiseren, maar uiteindelijk zul je merken dat je een beetje te hard werkt en dit veroorzaakt dat je andere dingen vermijdt en je constant gestrest voelt, wat kan leiden dat je medicijnen moet gaan gebruiken. </THE-DEVIL-ONE >
<THE-TOWER-ONE >Deze kaart geeft aan dat je een ongelukkig voorval zult meemaken, waardoor je een aantal bezoeken moet brengen aan het ziekenhuis. Je zult als gevolg van deze chaos een stressvolle tijd ervaren, maar je zult dit overleven. Er kan ook een familielid zijn, die je tijdens dergelijke vermoeiende tijden zal helpen. </THE-TOWER-ONE >
<THE-STAR-ONE >Deze kaart laat zien dat er iets is, dat een nieuwe gedachte zal inspireren in je geest en met de hulp van een vriend zul je een plan voor je welzijn samenstellen. Dit proces kan een beetje vervelend zijn en je kunt een aantal medische controles en testen moeten ondergaan, maar je zult blij zijn dat je deze beslissing hebt genomen. </THE-STAR-ONE >
<THE-MOON-ONE >Deze kaart geeft aan dat je met een aantal gezondheidsproblemen kunt worden geconfronteerd of dat die er gedeeltelijk al zijn. Deze problemen kunnen klein lijken, maar zullen je aandacht nodig hebben omdat ze kunnen verergeren als je ze verwaarloost. Je krijgt ook te maken met pijn in de knie en rugproblemen. </THE-MOON-ONE >
<THE-SUN-ONE >Deze kaart laat zien dat je je nu een beetje gedemotiveerd voelt en uitgeput raakt. Je zult jezelf nu nauwgelet analyseren omdat je het goede van het slechte wilt scheiden. Je hebt nu momenteel zelf geen fysieke ziekte. Je zult voor één van je dierbaren meer gaan lezen over gezondheidskwesties en welzijn. </THE-SUN-ONE >
<JUDGEMENT-ONE >Deze kaart geeft aan dat je als gevolg van stress of verkeerde voeding misschien een aantal fysieke problemen hebt. Je bent bezorgd over de gezondheid van een geliefde en je zult proberen om je best te doen om ze te helpen. Een aantal bezoeken aan het ziekenhuis of ontmoetingen met artsen zullen de meeste tijd in beslag nemen. </JUDGEMENT-ONE >
<THE-WORLD-ONE >Deze kaart laat zien dat je al aan een kwaal kunt lijden of een blessure hebt en dat je aan het herstellen bent. Je zult zien dat je langzaam vooruitgang boekt, hoewel er een kans bestaat dat er door een slechte begeleiding een aantal problemen ontstaan. Het is raadzaam dat je meer kennis opdoet over je gezondheid en overeenkomstig maatregelen treft. </THE-WORLD-ONE >
<THE-FOOL-ONE >Deze kaart geeft aan dat je je zorgen maakt over je gezondheid en dat je binnenkort voor een algemene controle gaat. Jouw parelwitte tanden hebben nu ook wat aandacht nodig, dus moet je naar de tandarts. Je zult van een vriend nieuwe methoden leren om te helen en je zult bereid zijn om deze methoden te proberen.</THE-FOOL-ONE >
</ROOT>
