<?xml version="1.0" encoding="utf-8" ?>
<ROOT>
<ACE-OF-CUPS-ONE >Es mag Spannungen oder Misshelligkeiten mit ihren Verwandten geben, was Grund für eine Irritation sein kann. Sie freuen sich darauf, neue Verbindung mit anderen einzugehen, die sehr fruchtbar sein werden. Sie werden zufrieden mit dem sein, was Sie bekommen. </ACE-OF-CUPS-ONE >
<TWO-OF-CUPS-ONE >Diese Karte schlägt vor, dass Sie aus persönlichen Gründen oder der Arbeit wegen verreisen. Trotz der Missverständnisse mit Ihren Lieben werden sich die Angelegenheiten am Ende doch aufklären. Sie vertrauen sich vielleicht jemandem an, der Ihnen nicht sehr nahe steht, doch den Sie gerne mögen. </TWO-OF-CUPS-ONE >
<THREE-OF-CUPS-ONE >Es mag aufgrund von professionellen Zusagen oder persönlichen Angelegenheiten Verzögerungen geben, die Ihnen nicht gefallen. Dieses Gefühl lässt Sie sich isoliert fühlen, aber Sie werden erkennen, dass Ihre Lieben bei Ihnen bleiben, um sie zu stärken. </THREE-OF-CUPS-ONE >
<FOUR-OF-CUPS-ONE >Diese Karte zeigt, dass Sie jetzt Geduld haben müssen. Das mag Ihre Lieben auf eine Probe stellen und Sie werden bald erkennen, wer sich wirklich um Sie kümmert. Zeigen Sie sich jetzt nicht reserviert, sondern teilen Sie Ihr Problem und erlauben Sie Ihren Lieben, Ihnen zu helfen. </FOUR-OF-CUPS-ONE >
<FIVE-OF-CUPS-ONE >Vielleicht keine angenehme Zeit, da Sie dazu neigen, gewisse Dinge aufzugeben, über die Ikeine Kontrolle haben. Das wird eine etwas schwierige Zeit zwischen Ihnen und Ihrer Geliebten sein. Es könnte auch zu einer größeren Auseinandersetzung mit unerwünschtem Ausgang kommen. </FIVE-OF-CUPS-ONE >
<SIX-OF-CUPS-ONE >Das mag Ihnen wie Urlaub vorkommen, da Sie vielleicht viele Freunde und Verwandte besuchen. Es könnte auch zu bestimmten Komplikationen mit widersprüchlichen Ergebnissen in Ihrem persönlichen Leben kommen, aber Sie werden richtig darauf reagieren. </SIX-OF-CUPS-ONE >
<SEVEN-OF-CUPS-ONE >Es mag gewisse Meinungsverschiedenheiten in Ihrer Familie geben, die recht heftig sein könnten. Sie suchen Hilfe, um die Situation friedlich zu bereinigen. Sie werden das gut erledigen, sind um Ausgleich bemüht, machen am Ende aber einen guten Job. </SEVEN-OF-CUPS-ONE >
<EIGHT-OF-CUPS-ONE >Vielleicht sind einige Zusammenkünfte mit Ihren Lieben geplant, aber wegen gewisser Ungewissheiten werden Sie diese verschieben. Einige Arztbesuche für Ihre Lieben deuten sich ebenfalls ab. Gute Nachrichten sind auf dem Weg. </EIGHT-OF-CUPS-ONE >
<NINE-OF-CUPS-ONE >Möglicherweise planen Sie einen Trip oder eine Reise, wollen diese aber wegen einer besseren Idee verschieben. Sie könnten ein wenig nostalgisch werden, weil Ihre Lieben von Unpässlichkeiten belastet sind, aber Freunde werden Ihnen Mut machen können. </NINE-OF-CUPS-ONE >
<TEN-OF-CUPS-ONE >Sie könnten eine schwierige Situation erleben und von Ihrer Familie oder Ihrer Arbeit enttäuscht sein und glauben, dass es nicht schlimmer als jetzt kommen kann. Jetzt wird aber Ihre emotionale Seite ins Spiel kommen und Ihnen helfen, sich mit ihrer Familie und Freunden wieder zu versöhnen. </TEN-OF-CUPS-ONE >
<PAGE-OF-CUPS-ONE >Diese Karte zeigt, dass Sie es sich nicht einfach machen und eine glückliche Wendung im Laufe Ihres Lebens wird Ihnen dabei helfen. Sie sollten jetzt keine finanziellen oder Wohnungs- und Immobilienangelegenheiten angehen, da Sie vielleicht nicht wie gewünscht Erfolg haben. U.U. aber treffen Sie alte Freunde oder Liebhaber (innen) und werden wieder zusammenfinden. </PAGE-OF-CUPS-ONE >
<KNIGHT-OF-CUPS-ONE >Zwar denken Sie über einen Wohnungswechsel nach, verfolgen das aber nicht hartnäckig genug. Seien Sie vorsichtig, um kleinere Unfälle im und um das Haus zu vermeiden. Ihre Lieben planen u. U. eine Reise, auf die Sie sich freuen. Kontakte zu Freunden bauen sie auf. </KNIGHT-OF-CUPS-ONE >
<QUEEN-OF-CUPS-ONE >Es könnte viel Chaos bei Ihnen geben, wegen der Kinder, möglichen Gästen oder Arbeiten im Haus. Auch könnte es einige Probleme mit der Familie geben. Sie sollten jetzt besonders verantwortlich handeln oder Sie finden sich eine Situation wieder, die Ihnen nicht gefällt. Aber dieses Durcheinander wird Sie Ihren Freunden wieder nahe bringen, Sie werden dort Trost finden. </QUEEN-OF-CUPS-ONE >
<KING-OF-CUPS-ONE >Neues wird in Ihr Leben treten, Ihnen zum Vorteil gereichen und zu Ihrem Glück beitragen. Sie erhalten einen unerwarteten Anruf eines Freundes, was Ihre Stimmung steigern wird. Einige Verwandten werden mit Ihnen Probleme diskutieren, Sie helfen Ihnen gern und versuchen diese so viel wie möglich zu beruhigen. </KING-OF-CUPS-ONE >
<ACE-OF-PENTACLES-ONE >Zurzeit erleben Sie einen Höhenflug und freuen sich auf entsprechenden Wohlstand. Sie können sich jetzt Dinge leisten, die Sie vorher nicht kaufen konnten. Ihre Beziehung zu Familie ist glücklich, alles scheint zu stimmen. Vielleicht treffen Sie einige alte Freunde und planen etwas gemeinsam mit ihnen. </ACE-OF-PENTACLES-ONE >
<TWO-OF-PENTACLES-ONE >Sie werden merken, dass es schwierig wird, Situationen zu Hause in den Griff zu bekommen. Sich auf ihr persönliches Leben zu konzentrieren mag Ihnen jetzt nicht so leichtfallen. Druck am Arbeitsplatz kann Ihnen zu schaffen machen. Treffen Sie neue Leute, um sich besser zu fühlen. </TWO-OF-PENTACLES-ONE >
<THREE-OF-PENTACLES-ONE >Diese Karte zeigt, dass Sie an einigen Hobbys oder anderen Aktivitäten Freude haben und eine Ihrer Lieben oder ein Unbekannter mit Geschenken zu ihnen kommt. U. U. kommt es zu einigen offiziellen Schwierigkeiten, mit denen Sie und Ihre Familie konfrontiert werden. </THREE-OF-PENTACLES-ONE >
<FOUR-OF-PENTACLES-ONE >Sie haben Aussicht auf einen Geschäftserfolg, einen Verkauf oder eine andere günstige Gelegenheit. Das erfordert allerdings die Hilfe Ihrer Lieben. Sie schmieden Pläne mit Ihren Freunden, es könnte aber auch zu unerfreulichen Begegnungen kommen, die Sie jedoch meistern werden. </FOUR-OF-PENTACLES-ONE >
<FIVE-OF-PENTACLES-ONE >Diese Karte zeigt, dass Sie möglicherweise einige stressige Situationen erleben, wobei Sie um psychologische und emotionale Stabilität bemüht sind. Nahe Familienmitglieder werden Sie um Hilfe bitten. Sie sind dazu zwar bereit, finden aber nicht den richtigen Kontakt zu Ihren Freunden. </FIVE-OF-PENTACLES-ONE >
<SIX-OF-PENTACLES-ONE >Wegen bestimmter Angelegenheiten sind Sie auf Ihre Freunde oder Kollegen gerade nicht gut zu sprechen. Überanstrengen Sie sich nicht, sondern suchen Sie Entspannung, bevor Sie darunter leiden. Ein Familienmitglied könnte unglücklich sein und den Wunsch ausdrücken, allein zu sein oder z. B. eine Pilgerfahrt zu unternehmen. </SIX-OF-PENTACLES-ONE >
<SEVEN-OF-PENTACLES-ONE >Sie scheinen sich jetzt Sorgen um ihre Finanzen zu machen, aber keine Angst, Geld wird aus einer anderen Quelle zu Ihnen fließen. Gesundheitliche Beeinträchtigungen sollten Sie mit einer Pause begegnen. Sie werden Zeit finden, Ihre Freunde zu kontaktieren und Zeit mit ihnen zu verbringen. </SEVEN-OF-PENTACLES-ONE >
<EIGHT-OF-PENTACLES-ONE >Sie werden ein wenig durcheinander sein, um Lösungen für Probleme zu finden, die sich zu Hause ergeben. Ihre Familie folgt nicht Ihren Plänen, sodass es dabei zu Verzögerungen kommen kann. Aber es gelingt Ihnen, Balance zwischen Ihrem persönlichen und Ihrem Berufsleben zu finden und Sie finden Zeit für Ihre Angehörigen. </EIGHT-OF-PENTACLES-ONE >
<NINE-OF-PENTACLES-ONE >Sie können einige Arbeiten von Zuhause oder per Telefon erledigen. Ihre Freunde und Ihre Familie werden eng an Ihrer Seite sein und Ihnen dabei helfen, schwierige Entscheidungen zu fällen. Sie werden in eine Diskussion über Ihren Beruf verwickelt, die Ihnen Freunde und Kollegen näher bringt. </NINE-OF-PENTACLES-ONE >
<TEN-OF-PENTACLES-ONE >Diese Karte zeigt, dass Sie Freude an Gemeinschaftsunternehmungen haben und Zeit mit Freunden und Familie verbringen werden. Sie fühlen sich eng mit Ihrer Familie verbunden. Ihrem Wunsch nach Unterstützung kommt diese gerne nach. Es ist Zeit, dass Sie neue Menschen kennenlernen, diese werden dann Teil Ihres Lebens. </TEN-OF-PENTACLES-ONE >
<PAGE-OF-PENTACLES-ONE >Ihr hektischer Zeitplan könnte Sie ein wenig belasten. Sie schmieden Pläne, mit Ihren Lieben auszugehen. Es mag eine Partnerschaft geben, auf die Sie sich freuen, aber sie wird nicht so enden, wie Sie sich das vorstellen. Das wird Ihnen nicht gefallen. Aber Sie strengen sich sehr an, um das zu ändern. </PAGE-OF-PENTACLES-ONE >
<KNIGHT-OF-PENTACLES-ONE >Sie haben beste Laune, gehen vielleicht einkaufen oder planen eine größere Ausgabe. Eine Meinungsverschiedenheit mit einem Familienmitglied hält Sie jetzt von einem engeren Kontakt ab. Freunde dagegen werden Sie unterstützen und Sie können letztlich mögliche Probleme lösen. </KNIGHT-OF-PENTACLES-ONE >
<QUEEN-OF-PENTACLES-ONE >Die Karte signalisiert, dass Sie neue Pläne bezüglich Ihrer Karriere, Freunde und Familie fassen. Dabei helfen Ihnen Gespräche mit Freunden ebenso wie ein gründliches Brainstorming. Dabei haben Sie engen Kontakt zu Ihrer Familie und vermögen mögliche Probleme zu lösen. </QUEEN-OF-PENTACLES-ONE >
<KING-OF-PENTACLES-ONE >Jetzt haben Sie viel Schreibkram zu erledigen. Sie verbringen auch Zeit mit Ihren Freunden und dürfen auf Annehmlichkeiten hoffen. Sie sind versucht, in Urlaub zu gehen oder mit Ihrer Familie einen kleinen Tipp zu unternehmen, aber die Dinge erledigen sich nicht von allein. </KING-OF-PENTACLES-ONE >
<ACE-OF-SWORDS-ONE >Freuen Sie sich auf unerwartete, aber angenehme Überraschungen und genießen Sie diese. Innerhalb der Familie gibt es viel Druck und Spannungen, die Sie etwas traurig stimmen. Sie suchen Hilfe bei Freunden, Rat und Unterstützung. </ACE-OF-SWORDS-ONE >
<TWO-OF-SWORDS-ONE >Es gibt Hinweise, dass Sie sich aus verschiedenen Gründen mit Ihren Lieben auseinandersetzen. Eventuell sehen Sie sich finanziellen Problemen gegenüber und, wenn das Glück Ihnen winkt, wird Sie jemand sehr unterstützen. Zeigen Sie einfach Geduld und alles wird sich dann regeln. </TWO-OF-SWORDS-ONE >
<THREE-OF-SWORDS-ONE >Wie in vielen Familien spüren Sie eine gewisse Frustration, da Sie den hohen Erwartungen gerecht werden wollen. Vielleicht fühlen Sie sich wegen gewisser Schuldgefühle nicht wohl und werden versuchen, Dinge auf den Weg zu bringen und zur Normalität zurückzukehren. </THREE-OF-SWORDS-ONE >
<FOUR-OF-SWORDS-ONE >Möglicherweise haben Sie juristische Fragen zu klären, sicherlich keine sehr angenehme Erfahrung. In gewissen Situationen werden Sie sich hilflos fühlen, zumal Ihre Lieben eine schwierige Phase erleben können. Jetzt sind auch Freunde keine große Hilfe, da Sie sich auf diese nicht einstellen können. </FOUR-OF-SWORDS-ONE >
<FIVE-OF-SWORDS-ONE >Gesundheitliche Probleme und Arztbesuche haben jetzt ein Ende. Sie wissen Ihre Familie an Ihrer Seite. Gewisse Verantwortlichkeiten mögen Sie belasten, was zu Frustrationen führen kann. Ihr Zuhause möchten Sie durch entsprechende Einkäufe verschönern. </FIVE-OF-SWORDS-ONE >
<SIX-OF-SWORDS-ONE >Diese Karte signalisiert Ihnen bei der Beschäftigung mit Dingen zu Hause einige Probleme und Schwierigkeiten. Sie werden eine enge Verbindung zu Ihrer Familie verspüren und bemühen sich um mehr Zeit mit ihr und mit Ihren Freunden. Auch werden Sie einigen Ihrer Lieben helfen können. </SIX-OF-SWORDS-ONE >
<SEVEN-OF-SWORDS-ONE >Eine unerwartete Begegnung mit einem alten Freund gereicht Ihnen zum Vorteile. Ein paar unangenehme Sachen jedoch könnten zum Problem werden und Ihr Wohlfühlpotenzial schmälern. U. U. sind es Auseinandersetzungen und Interessenskonflikte mit Ihrer Familie, die Sie aber bestehen. </SEVEN-OF-SWORDS-ONE >
<EIGHT-OF-SWORDS-ONE >Es mögen sich einige Probleme mit gewissen Freunden ergeben, die von Ihnen eine strikte Entscheidung verlangen. In einer romantischen Phase fühlen Sie sich zu ihrem Partner hingezogen. Die Zeit mit Ihrer Familie lässt Sie ein großes Glücksgefühl empfinden. </EIGHT-OF-SWORDS-ONE >
<NINE-OF-SWORDS-ONE >Diese Karte lässt vermuten, dass Sie wegen eines Kontaktes unruhig sind. Es könnte ein Verwandter sein, der mit Gelddingen zu tun hat und dem Sie helfen wollen. Das erhöht Ihr Ansehen bei der Verwandtschaft. Sie werden sich vielleicht von jemandem oder von etwas verabschieden müssen, was Sie emotional verletzlich sein lässt. </NINE-OF-SWORDS-ONE >
<TEN-OF-SWORDS-ONE >Sie werden sich für einige hohe Ziele einsetzen, was dazu beiträgt, sich als Person zu entwickeln und die Konzentration zu steigern. Sie können sich dabei ein wenig isoliert und unsicher fühlen und bemühen sich um eine Lösung. Einer Ihrer Lieben hat Sie u.U. verletzt, was ein Dilemma hinterlässt. </TEN-OF-SWORDS-ONE >
<PAGE-OF-SWORDS-ONE >Eine wenig erfreuliche Nachricht könnte Ihre Stimmung erheblich drücken. Sie planen nun einen Verwandtenbesuch, der Sie sehr weit weg führt, oder umgekehrt. Pausenlos arbeiten Sie daran, Ihr romantisches Leben aufzubauen und zu entwickeln. Das trifft auf Wohlwollen bei Ihrem Partner. </PAGE-OF-SWORDS-ONE >
<KNIGHT-OF-SWORDS-ONE >Sie sind jetzt in Party-Laune und verströmen überall eine gute Stimmung. Trotzdem kann es gewisse Auseinandersetzungen der Familie geben, doch sind Sie bereit zuzuhören und daran zu arbeiten, die Dinge zu verbessern. Da kommt Unterstützung von einer Ihrer Lieben gerade richtig. </KNIGHT-OF-SWORDS-ONE >
<QUEEN-OF-SWORDS-ONE >Diese Karte bedeutet eine schwierige Phase für Sie. Schlechte Neuigkeiten von allen Seiten sind möglich, einschließlich von Ihren Freunden und der Familie. Damit fertig zu werden ist für Sie nicht ganz einfach, aber Ihre Lieben helfen Ihnen nach Kräften dabei. </QUEEN-OF-SWORDS-ONE >
<KING-OF-SWORDS-ONE >Einige Probleme mit der Familie ergeben sich aus Ihrer Art zu leben, was Sie aufregt. Sie denken sogar über einen Umzug in eine Herberge oder ein neues Apartment nach. Seien Sie vorsichtig, Sie könnten unerwartet Teil eines Skandals werden oder sonst Ärger auf sich ziehen. </KING-OF-SWORDS-ONE >
<ACE-OF-WANDS-ONE >Berufliche Schwierigkeiten werden möglich und in Abstimmung mit Ihrer Familie wollen Sie Ihren Job wechseln und Selbstständigkeit anstreben. Es könnte zu gewissen Verzögerungen hinsichtlich des Schriftverkehrs kommen und Sie werden wohl einige Treffen und Versammlungen absagen müssen. </ACE-OF-WANDS-ONE >
<TWO-OF-WANDS-ONE >Es gelingt Ihnen jetzt, Familien-Zwistigkeiten zu lösen und zur Normalität zurückzukehren. Es wird eine große Neuigkeit geben, die Ihnen später weiterhilft. Außerdem wollen Sie einem Freund helfen, müssen aber feststellen, dass dessen Absichten andere als wie von Ihnen erwartet sind. </TWO-OF-WANDS-ONE >
<THREE-OF-WANDS-ONE >Die älteren Mitglieder der Familie stehen Ihnen mit wertvollem Rat bezüglich Büroarbeit und Finanzen zur Seite. Sie werden bei all dem eine Pause machen, was Sie interessiert. Ein kühner Schritt. Hilfe suchen Sie bei Ihren Freunden und wollen Ihre Lieben in Ihren Traum einschließen. </THREE-OF-WANDS-ONE >
<FOUR-OF-WANDS-ONE >Stress und Frustration ergeben sich aus Familienkonflikten und Konfrontationen. Finanziell allerdings geht es allen gut, kein Grund für Auseinandersetzung. Jemand, der es nicht gut mit Ihnen meint, will Sie in etwas Falsches hineinziehen. Ein guter Rat: Bleiben Sie wachsam. </FOUR-OF-WANDS-ONE >
<FIVE-OF-WANDS-ONE >Sie mögen sich jetzt irritiert fühlen. Ursache sind einige unkontrollierbare Situationen, die ein Außenstehender verursacht hat. Es könnte einen geben, der Familie und Eigentum zerstören möchte. Vorsicht! Ihre Freunde und ihre Familie helfen Ihnen bei dem inneren Reinigungsprozess. </FIVE-OF-WANDS-ONE >
<SIX-OF-WANDS-ONE >Auch wenn Sie bei Ihren persönlichen Unternehmungen nicht sehr glücklich sind, so zeigt die Karte, dass Sie auf einen Freund oder die Familie bauen und einen wunderbaren Ausflug planen können. Die finanzielle Angelegenheit eines Verwandten lässt Sie nicht unbeteiligt. </SIX-OF-WANDS-ONE >
<SEVEN-OF-WANDS-ONE >Ein hektischer Arbeitsplan und die Zeit mit Ihrer Familie werden leicht zu viel und beeinträchtigen Ihr persönliches Leben, wenn Sie nicht um eine Balance kämpfen. Sie nehmen Kontakt mit einem alten Freund auf, was zu einer sehr angenehmen Begegnung wird. </SEVEN-OF-WANDS-ONE >
<EIGHT-OF-WANDS-ONE >Diese Karte zeigt, dass Sie zwischen Arbeit und Zuhause hin und her gerissen sind und dann kaum Zeit für Ihre Familie finden. Aber auch eine Feier ist angezeigt. Grund ist eine gute Nachricht in der Familie. Missverständnissen mit Ihren Freunden sollten Sie durch Zurückhaltung begegnen. </EIGHT-OF-WANDS-ONE >
<NINE-OF-WANDS-ONE >Sie werden versuchen, einem Verwandten in juristischen Fragen und dem entsprechenden Schriftverkehr zu helfen. Einige Probleme mit einem alten Freund lassen sich lösen und es kommt zur Versöhnung. Unruhig sind Sie, weil Sie auf dringende Nachrichten eines Partners hoffen. </NINE-OF-WANDS-ONE >
<TEN-OF-WANDS-ONE >Arbeitsmäßig haben Sie eine schwere Last zu schultern und geben Ihr Bestes. Neben Ihrer offiziellen Arbeit sind es auch persönliche Belange, um die Sie sich kümmern. Privat kann es zu einer Meinungsverschiedenheit mit einem Freund oder einem Liebhaber kommen und Sie wissen keine rechte Lösung. Das ist aber weder gut für Sie noch Ihren Freund oder Ihre Freundin. </TEN-OF-WANDS-ONE >
<PAGE-OF-WANDS-ONE >In dieser schwierigen Phase möchten Sie sich am liebsten für eine Weile zurückziehen, was Ihre Familie und Ihre Freunde nicht unbedingt verstehen. Sie wollen sich für erwiesenermaßen bekannte Lösungen entscheiden, das würde aber die Hilfe eines Freundes beinhalten. </PAGE-OF-WANDS-ONE >
<KNIGHT-OF-WANDS-ONE >Ein kurzer Trip trägt bei Ihnen zur Verjüngung bei und Sie überdenken ein Leben in einer festen Beziehung, um mehr Zeit mit dem Partner verbringen zu können. Dinge entwickeln sich nicht so wie erwartet, gerade wegen ungewöhnlicher Situationen bei Ihren Familienmitgliedern und Freunden, und obendrein können Sie sich nicht ausreichend um einen Freund kümmern, der Hilfe sucht. </KNIGHT-OF-WANDS-ONE >
<QUEEN-OF-WANDS-ONE >Sie sind in einer spirituellen Phase und streben Selbstregulierung und -disziplin an. Es gibt Chancen für neue Verbindungen oder alte werden wiederbelebt und gestärkt. </QUEEN-OF-WANDS-ONE >
<KING-OF-WANDS-ONE >Diese Karte weist darauf hin, dass Sie möglicherweise mit Situationen konfrontiert werden, die eine Krankheit beinhalten. Vielleicht müssen Sie auch umziehen. Auf jeden Fall erleichtert es Sie, nicht mehr isoliert zu sein. Die Dinge werden sich zum Guten entwickelt. </KING-OF-WANDS-ONE >
<THE-MAGICIAN-ONE >Ihr Fokus gilt dem Neuanfang und es empfiehlt sich, nur die Chancen wahrzunehmen, die Aussicht auf Erfolg haben. Sie erhalten bald wertvolle oder relevante Hilfe von einem Ihrer Freunde. Mit ihm können Sie Pläne schmieden oder eine Planänderung wird von einem Ihrer Lieben vorgeschlagen. </THE-MAGICIAN-ONE >
<THE-HIGH-PRIESTESS-ONE >Eine erfreuliche Überraschung wartet auf Sie und Sie sind total aufgeregt. Familienbindungen bedeuten Ihnen im Augenblick nicht viel, und zwar wegen Stress. Das Verhältnis zu Ihren Freunden dagegen kann sich jetzt verbessern. </THE-HIGH-PRIESTESS-ONE >
<THE-EMPRESS-ONE >Sie fühlen sich jetzt ein wenig durcheinander wegen der vielen Diskussionen in Ihrer Familie und wünschen sich nur Seelenfrieden. Ihnen kommt der Gedanke, eine Zeit lang wegzufahren. Schuld empfinden Sie einem Freund gegenüber. Stellen Sie sich ihrer Angst und Ihrem Fehlverhalten. </THE-EMPRESS-ONE >
<THE-EMPEROR-ONE >Haben Sie vor, einen Verwandten oder einen Freund zu besuchen, wird der Besuch erfolgreich sein, die Fahrt dorthin dagegen unangenehm. Ihre vielen Freunde werden zu einer echten Unterstützung für Sie und helfen Ihnen durch ihren Zuspruch, Ihr Gefühl einer Depression zu überwinden. </THE-EMPEROR-ONE >
<THE-HIEROPHANT-ONE >Diese Karte signalisiert, dass Sie sich für Ihr Heim eine lebendige Atmosphäre wünschen, außerdem gibt es eine neue, gute Nachricht. Einer unangenehmen Phase mit einem Freund begegnen Sie am besten durch ein Gespräch, so dass Sie so am Ende die Situation bereinigen können. </THE-HIEROPHANT-ONE >
<THE-LOVERS-ONE >Sie werden jetzt erkennen, dass nicht alle Ihre Freunde sind und einige von ihnen Sie betrügen, wenn Sie nicht aufpassen. Mit Ihrer Familie verstehen Sie sich aber gut und planen vielleicht ein Treffen wegen einer kleinen Feier oder einer überraschende Neuigkeit. Einige Verwandte könnten aber auch ihrem Ärger Luft machen. </THE-LOVERS-ONE >
<THE-CHARIOT-ONE >Sie könnten alte Freunde wiedertreffen, was Ihnen bei Ihrem stressigen Leben viel Freude macht. Auch wollen Sie einem Verwandten bei Problemen helfen, was nicht unbedingt auf Gegenliebe stößt. Sie werden sich dann irgendwie hilflos und schuldig fühlen. Hinsichtlich Ihrer Familie können Sie jetzt Unterstützung gebrauchen. </THE-CHARIOT-ONE >
<STRENGTH-ONE >Laut dieser Karte werden Sie im Kreise von Ihren Freunden angenehme Stunden verbringen und ein Funke könnte bei der Begegnung mit dem anderen Geschlecht überspringen. Mit der Familie dagegen könnte es wegen finanzieller Dinge zu Problemen oder gar Streitereien kommen </STRENGTH-ONE >
<THE-HERMIT-ONE >Es gibt Chancen, nach langer Zeit wieder mit einem Familienmitglied oder einem Freund zu sprechen. Hatten Sie Probleme mit einem(r)Nahestehenden, können Sie diese lösen. Echte Hilfe erfahren Sie hinsichtlich Ihrer Arbeit oder der Finanzen durch wohlmeinende Partner. </THE-HERMIT-ONE >
<WHEEL-OF-FORTUNE-ONE >Diese Karte signalisiert, dass einer Ihrer Familienmitglieder Sie nervt und unzufrieden macht. Am liebsten würden Sie sich von dieser Person fernhalten. Arztbesuche innerhalb der Familien können Ihnen Sorgen bereiten. </WHEEL-OF-FORTUNE-ONE >
<JUSTICE-ONE >Vermutlich werden Sie herausfinden, dass ein Familienmitglied oder eine Verwandte Probleme hat, die auch Ihr Leben und Ihre Entscheidungen betreffen. Dinge könnte anfangs nicht so glatt laufen wie erwartet, weil es kurzfristig zu Komplikationen mit Familie und Freunden kommen könnte. </JUSTICE-ONE >
<THE-HANGED-MAN-ONE >Freunde und Familie unterstützen Sie bei neuen Projekten und auch Ihr Partner hilft dabei sehr. Nehmen Sie einmal eine neue Perspektive ein, um eine Lösung zu finden. Alte Beziehungen erfordern Ihre volle Aufmerksamkeit. </THE-HANGED-MAN-ONE >
<DEATH-ONE >Eine erfolgreiche Zeit für Sie und Ihre Familie erwartet Sie. Aus unterschiedlichen Gründen interessieren Sie sich für Arbeiten im Haus. Veränderungen oder unangenehme Augenblicke zwischen Ihnen und Ihren Freunden beruhen auf ungewöhnlichen Umständen, aber schnell finden Sie entsprechende Antworten. </DEATH-ONE >
<TEMPERANCE-ONE >Sie können sich jetzt auf Ihre Familie und Verwandte verlassen. Sie werden Ihnen einen guten Rat bezüglich Ihrer aktuellen Lebenssituation geben. Eine emotionale Verbindung zu einem geliebten Menschen lebt auf. Gerade wegen Ihrer Begeisterungsfähigkeit sollten Sie die realen Möglichkeiten im Auge behalten. </TEMPERANCE-ONE >
<THE-DEVIL-ONE >Sie erleben gerade einen emotionales Hoch und finden es schwierig, Ihre Wünsche zu artikulieren. Aber Sie bemühen sich in der gegenwärtigen Situation um entsprechende Balance. Viele zum Teil widerstreitende Gedanken beschäftigen Sie gleichzeitig, was zu einem Chaos im Denken führen kann. </THE-DEVIL-ONE >
<THE-TOWER-ONE >Keine unbedingt angenehme Zeit, da Sie jetzt harte finanzielle Entscheidungen wie auch sehr persönliche treffen müssen. Das bleibt nicht ohne Folgen, aber Ihre Familie hilft Ihnen. Die Umstände sorgen dafür, dass Sie sich gleichzeitig glücklich wie auch unglücklich fühlen. </THE-TOWER-ONE >
<THE-STAR-ONE >Ihnen fällt auf, dass Ihre Verwandten möglicherweise Probleme mit einem Schriftverkehr haben und Sie wollen spontan helfen. Eine gute Nachricht wird Sie voranbringen und das Gemeinschaftsgefühl fördern, sodass Sie sich erleichtert und zufrieden fühlen. </THE-STAR-ONE >
<THE-MOON-ONE >Vielleicht fühlen Sie sich jetzt in bestimmten Situationen verletzlich, unsicher und durcheinander. Ursache dafür könnte Ihre recht emotionale Stimmung hinsichtlich eines Freundes oder eines Partners sein, für die Sie keine eindeutige Lösung finden. Eine geplante Zusammenkunft mit einem Freund oder einem Verwandten verläuft eher entmutigend. </THE-MOON-ONE >
<THE-SUN-ONE >Sie suchen jetzt ein Gleichgewicht im Leben und versuchen es entsprechend zu organisieren. Gespräch mit Verwandten verlaufen eher enttäuschend. Keine sehr gute Idee ist es, Arbeit und Vergnügen miteinander zu verbinden und freundschaftliche Bande auf der Arbeit zu knüpfen. </THE-SUN-ONE >
<JUDGEMENT-ONE >Diese Karte weist auf wichtige bevorstehende Entscheidungen hin, die einen alten Freund oder einen geliebten Menschen einbeziehen. Eine gute Nachricht von Freunden oder Verwandten erfreut Sie. Die Beziehung zu diesen wird enger und stärker. </JUDGEMENT-ONE >
<THE-WORLD-ONE >Sie machen sich sehr viele Gedanken und Ihr Kopf scheint kurz vor der Explosion zu sein. Jetzt ist die Zeit für einen Urlaub bekommen. Auf Hilfe von Freunden können Sie jetzt zählen, was Sie beruhigt. </THE-WORLD-ONE >
<THE-FOOL-ONE >Jetzt sind Sie in einer Position, einem Verwandten zu helfen, aber der Betreffende geht u.U. zu sorglos damit um. Sie erfahren möglicherweise durch einen Bekannten, dass Sie zu leichtsinnig sind und ein anderer das ausnutzen kann, was Ihnen dann schaden könnte.</THE-FOOL-ONE >
    </ROOT>
