<?xml version="1.0" encoding="UTF-8"?>
<ROOT><THE-FOOL>You are poised on the brink of great change, ready to take the leap into a whole new chapter. Trust your instinct and take the leap, even if you are not sure exactly where it will lead you. There is potential for deep transformation and a complete change in your way of life. </THE-FOOL>
<THE-MAGICIAN>You have all the tools and resources you need to make changes in your life. You are able to tap into your inner power, and make changes on an emotional, spiritual and intellectual level. You have the chance to transform into the best version of yourself, able to fulfill you own potential and help others to fulfill theirs. </THE-MAGICIAN>
<THE-HIGH-PRIESTESS>Changes are happening for you on an inner level, and even those close to you may not be aware of the deep transformation you are undergoing. You are changing at a soul level, and growing in wisdom. Listen to the voice of your intuition, for it will bring even greater change. </THE-HIGH-PRIESTESS>
<THE-EMPRESS>You are in the process of bringing something to birth, perhaps a new project or a new sense of self. This is a time of growth and fruitfulness. The process of creating causes changes within you and also in your outer life. Trust your instincts and let the change happen. </THE-EMPRESS>
<THE-EMPEROR>Your status in the world may be in a process of change, perhaps as you move up the career ladder or establish yourself in your chosen field. Transformation happens when you are in control and able to direct the process yourself, but don't try to dominate others as this will hold back changes in your own life. </THE-EMPEROR>
<THE-HIEROPHANT>Your beliefs and worldview may be going through a process of change, perhaps because of teachings you are receiving from a wise elder. You may be questioning the traditions you were brought up with, and forming your own opinions. The conclusions you reach can lead to changes in the way you lead your life. </THE-HIEROPHANT>
<THE-LOVERS>Your relationship may be undergoing some changes as you grow and transform as individuals. Don't leave each other behind, instead share what you are going through so you can grow closer together and learn from each others. You may need to make a choice which brings great changes in your life, so choose wisely. </THE-LOVERS>
<THE-CHARIOT>You are driving the path of change in your life, transforming into a person who is comfortable in their own power. You know what you want and how to get it, and are making changes in your life accordingly. Be flexible rather than fixed in your thinking and great transformation is possible. </THE-CHARIOT>
<STRENGTH>You are learning to own your inner strength and power, which in itself brings deep transformation. You will no longer accept situations which drain your of that power, so make changes in your life to cut those ties and the way will be opened for a stronger sense of self. </STRENGTH>
<THE-HERMIT>You are learning to follow your inner wisdom, rather than the advice of others. Its important to make the changes that feel right for you, even if that means ignoring the wishes of others and perhaps being isolated for a while. Self reflection brings profound transformation and inner change. </THE-HERMIT>
<WHEEL-OF-FORTUNE>You may feel that you are surrounded by change at this time, not all of it welcome or of you own choice. Changes in your inner self can affect what happens in your outer life, so choose your priorities and focus on those, and on the situations that you are able to control. </WHEEL-OF-FORTUNE>
<JUSTICE>There may be changes in your legal or professional status at this time, bringing a transformation of your public self and also your sense of right and wrong. Keep your mind clear and your powers of logic can help you to welcome the transformation, and to make the most of this process of coming into balance. </JUSTICE>
<THE-HANGED-MAN>Change may seem suspended at this time, so that no matter how hard you try, everything remains the same. This is not a time to try hard, but to go with the flow and trust the universe. Changes are happening on an unconscious level and all will become clear in time. </THE-HANGED-MAN>
<DEATH>This is a time of deep transformation for you, a time to release the old and make space for a new chapter in life. This is not an easy process, so take the time to mourn what you have lost before turning your face to the new dawn. You may find that you have changed in ways you never thought possible. </DEATH>
<TEMPERANCE>Make changes in your life which bring you into balance, cutting back any excesses and paying attention to your physical, mental and spiritual health. This can help you to transform into somebody who is calmer and more self assured. Increased self awareness can bring a transformation of your creative energy. </TEMPERANCE>
<THE-DEVIL>You may be holding back from making changes in your life, perhaps fearful of what you might lose or imagining that change simply isn't possible. However the chains that bind you are not a strong as your think, and letting go of them will release a great transformative power. </THE-DEVIL>
<THE-TOWER>Change may be happening all around you, and may even be unwelcome and beyond your control. However these changes are necessary, for you cannot transform into the person you are meant to become without them. The way is being cleared for more positive change, as long as you weather the current storm. </THE-TOWER>
<THE-STAR>You may be feeling full of hope and positive energy at this time, with welcome changes happening in your life and bringing a profound inner transformation. Trust the universe and go with the flow, all is happening as it should and your life is changing for the better. </THE-STAR>
<THE-MOON>You may be feeling changes deep inside yourself, even if they are not visible to those around you. Listen to the wisdom of your dreams and the messages of your intuition, as they will show you the transformation that is taking place. Facing the shadow can be a great force for change. </THE-MOON>
<THE-SUN>You may be coming to the end of a process of change, and are finally able to relax and enjoy the transformation you have undergone. It's likely that you have increased in confidence and are feeling more creative and self assured. Stay optimistic and positive, and cultivate a sense of gratitude for the changes in your life. </THE-SUN>
<JUDGEMENT>You may be feeling an inner call to make changes in your life, even if this means stepping out of your comfort zone and following a more challenging path. You are capable of a profound transformation at this time, and there may be a sense of karma or destiny about the changes you are going through. </JUDGEMENT>
<THE-WORLD>You are reaching the completion of a deep cycle of change, which may have transformed your life in ways you never thought possible. Attaining your goal has likely changed you intellectually, emotionally and spiritually as well as bringing changes in your outer life. Carry the lessons of this cycle into the next chapter. </THE-WORLD>
<ACE-OF-SWORDS>New ideas and new connections are bringing change at the moment, although what those changes will be may not be fully clear yet. This is the seed point of a transformation, which may lead to new ideas and knowledge becoming part of your life, and a greater sense of inner wisdom. </ACE-OF-SWORDS>
<TWO-OF-SWORDS>You may be faced with a choice between two or more changes at this time, and find yourself unable to make a decision. If you usually rely on logic to make such decisions, check in with your feelings as well, and make the choice from your heart as well as your head. </TWO-OF-SWORDS>
<THREE-OF-SWORDS>There may be unwelcome changes around you at the moment, especially if you have been hurt by others and are feeling grief or loss. Go with the flow of these challenging emotions and allow them to transform you, reminding you of what is truly important in life and of who you really are. </THREE-OF-SWORDS>
<FOUR-OF-SWORDS>You may have been through a period of change, but now its time for a rest. There is a respite in the process, allowing you to process your feelings and to let outer changes in your life lead to inner transformation. Take some time for yourself to reflect on all that has happened and what it means. </FOUR-OF-SWORDS>
<FIVE-OF-SWORDS>You may feel that you are surrounded by change and chaos at this time, but if you look closely its just empty words and hot air. Nothing really changes and you may end up just going round in circles. Instead of responding to everything, choose your battles carefully based on what your truly value. </FIVE-OF-SWORDS>
<SIX-OF-SWORDS>It's likely that your life is changing and moving on at this time. However check that you are in control of the changes that are happening, and also that you are allowing time for inner transformation as well as outer. Otherwise you risk the same pattern repeating itself with only superficial changes. </SIX-OF-SWORDS>
<SEVEN-OF-SWORDS>There may be changes going on at this time, but as yet they are still hidden and unclear. If others are involved, check their motives, and make sure there is no deception around you. Alternatively, you may be working quietly for change on your own. It's not time to share your plans yet so keep them to yourself. </SEVEN-OF-SWORDS>
<EIGHT-OF-SWORDS>You may feel that you are trapped and unable to make changes in your life, but take a closer look at what holds you back. You may be able to break the bonds yourself, releasing a powerful transformative energy and taking back your power. Walking away from outdated patterns clears the space for change. </EIGHT-OF-SWORDS>
<NINE-OF-SWORDS>You may long to make changes in your life, but are beset by worry and over thinking. Instead of focusing on what could go wrong, shift your perspective to take a positive approach, and change will begin to happen. Trust the universe and let go of having to control all the variables. </NINE-OF-SWORDS>
<TEN-OF-SWORDS>You have reached the end of a cycle, and may be feeling unable to go on. Its time to let go of what you have outgrown and to make some space in your life for change. A new dawn is coming, bringing with it the possibility of transformation, especially if you let go of over thinking and worry. </TEN-OF-SWORDS>
<PAGE-OF-SWORDS>You may be making changes in your life relating to study or learning, or simply considering a new approach. Stay curious and playful, rather than trying to force the change, and don't be impatient. Rushing into things is more likely to lead to everything staying the same in the long run. </PAGE-OF-SWORDS>
<KNIGHT-OF-SWORDS>You may want to make changes in your life, but struggle to stick with anything long enough for a lasting transformation to take place. Rather than rushing in impulsively, use your powerful mind to consider what you really want, and focus your energies on that. Change is possible as long as you choose your battles carefully. </KNIGHT-OF-SWORDS>
<QUEEN-OF-SWORDS>Your life may be changing right now in a way that leaves you more independent and aware of your inner strength. You may need to rely on yourself more, allowing you to transform into somebody much more confident and self assured. Don't feel you have to do it all alone, asking for help can lead to positive change too. </QUEEN-OF-SWORDS>
<KING-OF-SWORDS>Changes happening in your life may relate to your career path or your position in society, perhaps stepping up to a leadership role or taking control of an enterprise. Being dogmatic and fixed in your thinking will not allow transformation to take place, so keep an open mind and learn from others as they learn from you. </KING-OF-SWORDS>
<ACE-OF-WANDS>There may be changes happening for you relating to a new creative project or a business enterprise. The Ace is a seed point, so it may not be fully clear yet what these changes will be. Stay open to inspiration and flashes of insight which bring the possibility of transformation. </ACE-OF-WANDS>
<TWO-OF-WANDS>You stand at the beginning of a new path, beginning to see the results of changes you have set in motion in recent months. You may still be experimenting and trying new ideas, so this is a good time to make changes and have a go. Even if something doesn't work out, it can still transform your thinking. </TWO-OF-WANDS>
<THREE-OF-WANDS>Now you are seeing tangible results from changes you have made, which are bringing success and opportunities for expansion. Your discoveries have great potential for transformation, on both inner and outer levels. You are increasing in confidence and experience, and finding your courage to make even bigger changes. </THREE-OF-WANDS>
<FOUR-OF-WANDS>Changes may be taking place in your home or family life, giving you a greater sense of security and something to celebrate. You may be putting down roots for the first time, settling down somewhere that truly feels like home. This can give you a solid foundation to transform yourself and your life. </FOUR-OF-WANDS>
<FIVE-OF-WANDS>You may be surrounded by competition and even aggression at this time, but much of it is posturing and doesn't lead to real change. Make space for genuine transformation by choosing your battles carefully and not wasting your energies, instead of getting caught up in petty arguments. </FIVE-OF-WANDS>
<SIX-OF-WANDS>You may have been going through a process of change for some time, and now others are beginning to recognise your achievements. Receiving praise from those around can strengthen your self confidence and allow you to aim higher, making changes you may not have originally thought possible. </SIX-OF-WANDS>
<SEVEN-OF-WANDS>You may be feeling under attack at this time, beset by those who do not understand the changes you are creating. Don't let them get you down, instead have the courage of your convictions and fight your corner. This can give your more confidence in both inner and outer transformation. </SEVEN-OF-WANDS>
<EIGHT-OF-WANDS>Change is happening rapidly at this time, it may seem that everything is moving at once and that you struggle to keep up. Ride the wave if you can and you may find that your whole life has been transformed, especially if you are hoping to travel or otherwise broaden your horizons. </EIGHT-OF-WANDS>
<NINE-OF-WANDS>This is a card of standing your ground, and not letting others derail the changes you have made. You may have already had to fight your corner, and are ready to do it again. This process of standing up for yourself is deeply transformative, and also reminds you of the reasons that you chose to make these changes. </NINE-OF-WANDS>
<TEN-OF-WANDS>You may be feeling overwhelmed, and that you have too much to do to make time for change. But this is exactly the time when you need to make changes, starting with laying down some of your burdens. If you tend to say yes to everything, change some of them to no, and you can open up some space for transformation. </TEN-OF-WANDS>
<PAGE-OF-WANDS>You have the opportunity to make creative and spiritual changes in your life, and also to change your approach. Be childlike and playful, and try something new just for the fun of it. Even simple changes can be deeply transformative, so do something different and see what happens! </PAGE-OF-WANDS>
<KNIGHT-OF-WANDS>It's likely that you thrive on change, and seek constant excitement and stimulation. You may be very good at starting new things, but not so good at seeing them through! Try to focus on one quest at a time, to allow for deep transformation instead of superficial change. </KNIGHT-OF-WANDS>
<QUEEN-OF-WANDS>You tend to be confident and self assured, and welcome change as a sign of growth. Your positive, optimistic approach allows you to make the best of whatever happens, and you are also able to guide others to do the same. By leading by example, you empower others in their transformation. </QUEEN-OF-WANDS>
<KING-OF-WANDS>Changes may be coming which move you into a position of power or authority, or involve taking responsibility for a project or enterprise. Rather than rushing in and trying to change everything to put your mark on it, take a measured approach, and remember that true transformation comes from within. </KING-OF-WANDS>
<ACE-OF-CUPS>Changes may be coming in your emotional life, perhaps the seed of a new relationship or friendship. This is likely to be a welcome change, bringing joy and the beginning of a new chapter in your life. Let your feelings begin to transform you, softening into a more open and vulnerable sense of self. </ACE-OF-CUPS>
<TWO-OF-CUPS>There may be a new connection which brings the potential for change in your love life and the way you relate to others. Keep an open mind and an open heart, allowing others to change you as much as you change them, and you can be transformed by an inner as well as an outer union. </TWO-OF-CUPS>
<THREE-OF-CUPS>Your friendships and relationships may be changing, moving into a new phase of contentment and emotional security. Existing friendships are deepening and close new soul connections may be forming. Take the time to celebrate this transformation with those closest to you. Relax, go with the flow, and have fun! </THREE-OF-CUPS>
<FOUR-OF-CUPS>You may be holding back change in your life, feeling stuck in a rut or that you are repeating the same old emotional patterns. Its easy to stay in our comfort zones where everything is familiar and easy. Start with small changes and you may find that your cup is fuller than you think! </FOUR-OF-CUPS>
<FIVE-OF-CUPS>You may have suffered unwelcome changes recently, such as the loss of something you cared about. Allow yourself to mourn, but do not dwell on the past. A different perspective can show that you still have much to be grateful for, so focus on the positive and change will come. </FIVE-OF-CUPS>
<SIX-OF-CUPS>You may find yourself remembering how things used to be, and feeling that they have changed for the worst. But we tend to view the past through rose tinted glasses, especially if the present is not meeting our expectations. Try to appreciate the present moment and positive changes will begin to happen. </SIX-OF-CUPS>
<SEVEN-OF-CUPS>There may be a range of potential changes before you right now, to the point that you cannot decide which to choose. Sometimes its better just to commit to a decision, especially if all the possibilities are equally positive. Make your choice and be open to the changes it brings. </SEVEN-OF-CUPS>
<EIGHT-OF-CUPS>This might be a time of big changes for you, the kind which turn your life upside down and involve leaving behind much that you have already achieved. Don't fight it, instead embrace the process of transformation, even when it is challenging, and let yourself grow beyond of your comfort zone. </EIGHT-OF-CUPS>
<NINE-OF-CUPS>It's likely that you are feeling content and happy at this time, with all your wishes seeming to come true. Enjoy the positive changes in your life, but don't become complacent, and make sure the transformation happens on a deep, inner level and isn't just superficial. </NINE-OF-CUPS>
<TEN-OF-CUPS>You may be feeling a sense of contentment at this time, having come to the end of a period of change. You have grown in emotional maturity and made lasting changes in your life. Now is the time to enjoy them, and to allow the resulting spiritual transformation to bring even deeper contentment. </TEN-OF-CUPS>
<PAGE-OF-CUPS>Your intuition is whispering to you of changes to come, perhaps in your friendships or relationships. You may find yourself making new soul connections which bring profound changes to your life, allowing you to embrace your feelings and imagination and bringing about creative and spiritual transformation. </PAGE-OF-CUPS>
<KNIGHT-OF-CUPS>You may be dreaming of change, full of hopes and plans for positive new things which you would like to bring into your life. However you need to take action to manifest them, as merely wishing for things does not make them happen. Let your intuition guide you to take the first steps in making your dream a reality. </KNIGHT-OF-CUPS>
<QUEEN-OF-CUPS>An inner transformation may be happening for you right now, possibly resulting in changes to your creative and spiritual life. In your unconscious mind you already understand the changes you need to make, so listen to your dreams and the whispers of your intuition and let them guide the process. </QUEEN-OF-CUPS>
<KING-OF-CUPS>You may be growing more emotionally mature, changing into somebody who is master of their emotions and able to help others to do the same. Allow your natural compassion and sensitivity to transform yourself and also those around you. Don't become disconnected from your emotions or the process of change will stall. </KING-OF-CUPS>
<ACE-OF-PENTACLES>An unexpected change may be coming in your financial or material situation, perhaps some money or a new home or job. Even if it's not immediately clear what form this change will take, keep an open mind and a positive attitude and you will be able to make the best of it. </ACE-OF-PENTACLES>
<TWO-OF-PENTACLES>Change may feel like a constant in your life at the moment, and you may be longing for a bit of stability. You could be juggling lots of balls and feel that you are not able to make space for lasting change. But you are learning to balance your energies, and this in itself is a transformative process. </TWO-OF-PENTACLES>
<THREE-OF-PENTACLES>There may be changes happening in your work life, perhaps a new team around you or the chance to learn a new skill. Be open to what is on offer and embrace the change, and you have the change to build something lasting and transformative, which will be greater than the sum of its parts. </THREE-OF-PENTACLES>
<FOUR-OF-PENTACLES>You may be resisting change, fearing to move out of your comfort zone and risk losing the security you have built for yourself. But there is no growth without change, and you cannot stay stuck in the same rut forever. Take small steps to begin the process and you can transform your sense of abundance and wealth. </FOUR-OF-PENTACLES>
<FIVE-OF-PENTACLES>Life may feel too difficult at the moment to even consider the possibility of change. But difficult situations can be deeply transformative, as you have no choice but to make the changes that will save you. Ask for help when you need it and take things slowly, and the change will come. </FIVE-OF-PENTACLES>
<SIX-OF-PENTACLES>This card suggests changes in fortunes â€“ are you giving or receiving abundance at this time? Either way, do so in a spirit of gratitude for what you have and try to pay it forward in whatever way you can. Opening up to an exchange of energy with others can bring about deep transformation. </SIX-OF-PENTACLES>
<SEVEN-OF-PENTACLES>This is a time of harvest and of seeing the fruits of your labours, a pause in the cycle of change and a chance to move to the next level. Review what you have achieved so far and consider your next steps, and you will be able to bring about an even deeper transformation. </SEVEN-OF-PENTACLES>
<EIGHT-OF-PENTACLES>Change is a gradual process for you right now, as you are refining your skills and putting in hours of practice. It's likely that your hard work and dedication are slowly bringing about a transformation, into a master of your craft. Trust in the process and you can achieve great things. </EIGHT-OF-PENTACLES>
<NINE-OF-PENTACLES>The changes you have made in your life have led to this point, where you are likely to be independent, self reliant and very capable. You have learned from experience and embraced a process of transformation, and now you are reaping the rewards of inner growth and material stability. </NINE-OF-PENTACLES>
<TEN-OF-PENTACLES>You may be feeling secure and settled in your life at this time, feeling that not much needs to change. Be careful not to get complacent, change is an ongoing process and soon as new chapter will begin. The solid foundation you have built so far will serve you well as you enter the next cycle of transformation. </TEN-OF-PENTACLES>
<PAGE-OF-PENTACLES>You could be experiencing changes in your health or your work at this time, perhaps taking a new approach or acquiring some new knowledge. Even if you already have experience in the field, adopting a "beginners mind" can help you to make the best of these changes. </PAGE-OF-PENTACLES>
<KNIGHT-OF-PENTACLES>You are likely to be focused on hard work and steady progress at this time, trusting that change will happen gradually. Don't let the process of transformation stall by not paying it enough attention or by getting stuck in a rut, instead make space for organic growth and change. </KNIGHT-OF-PENTACLES>
<QUEEN-OF-PENTACLES>This is a fertile and creative time for you, and you are able to nurture the process of change in your loved ones as well as for yourself. Your connection to nature can bring about inner transformation, leading you to make practical and spiritual changes in your life. </QUEEN-OF-PENTACLES>
<KING-OF-PENTACLES>You may be taking a more authoritative role at this time, or making changes in your work or business. It's likely that you are more comfortable with gradual change, so allow things to develop organically. You can build on the stability and security you already have and bring about lasting change at this time.</KING-OF-PENTACLES>
</ROOT>
