<?xml version="1.0" encoding="utf-8" ?>
<ROOT>
<ACE-OF-CUPS-ONE >Lá bài cho biết có khả năng bạn sẽ vướng vào những vấn đề tình cảm. Đã đến lúc để con tim dẫn lối. Bạn cần tin tưởng vào trực giác và làm theo những gì bạn cảm thấy phù hợp về cảm xúc. Bạn có thể sẽ cảm nhận được mối quan hệ tình cảm thân mật đang ấp ủ. Rất có khả năng đời sống tình yêu của bạn sẽ bền chặt và tỏa sáng. </ACE-OF-CUPS-ONE >
<TWO-OF-CUPS-ONE >Lá bài chủ yếu cho biết về mối quan hệ, sự thanh thản và tình cảm. Lá bài này nói về việc tạo dựng một mối quan hệ mới trong tình yêu, công việc, tình bạn hay nơi khác. Đây là thời điểm để đến với nhau và không xa rời. Nếu có xung đột trong mối quan hệ, hãy hòa giải và mang đến sự thanh thản. Vị tha và quên đi. Xây dựng những mối quan hệ mới trực tiếp và tiến về phía trước trong lạc quan. </TWO-OF-CUPS-ONE >
<THREE-OF-CUPS-ONE >Lá bài cho thấy một sự hăng hái và háo hức đối với cuộc sống. Bạn sẽ tận hưởng tất cả điều nhỏ bé đến với bạn. Bạn sẽ gặp gỡ những người bạn cũ và tạo dựng một mối quan hệ tin tưởng với họ. Bạn sẽ có những mối quan hệ bạn bè xã hội mới. Bạn có thể sẽ làm việc trong một đội/nhóm vì một mục tiêu chung. </THREE-OF-CUPS-ONE >
<FOUR-OF-CUPS-ONE >Lá bài này tượng trưng cho một khoảng thời gian để suy ngẫm và tự kiểm về những suy nghĩ và cuộc đời mình. Bạn có thể rơi vào một tình huống không mong muốn. Đôi lúc bạn có thể cảm thấy thờ ơ và thiếu động lực. Bạn cần cởi mở trước mọi khả năng mới để tìm hướng đi mà bạn mong đợi. Cố gắng vị tha hơn và lắng nghe người khác để tìm lối đi cho mình. </FOUR-OF-CUPS-ONE >
<FIVE-OF-CUPS-ONE >Lá bài này báo hiệu sự tuyệt vọng, thất vọng và buồn nản trong cuộc sống về những sự việc trong quá khứ. Bạn có thể cảm thấy lạc lối và thất bại do điều gì đó đã xảy ra. Bạn có thể hối tiếc về những quyết định trong quá khứ và mong muốn quay lại thời gian để sửa đổi chúng. Bạn thừa nhận lỗi lầm tuy nhiên bạn không nghĩ về những điều còn sót lại. Bạn cần để quá khứ trôi qua, nhìn vào điều tốt trong hiện tại và hành động hướng tới tương lai. </FIVE-OF-CUPS-ONE >
<SIX-OF-CUPS-ONE >Lá bài này cho thấy quan điểm ngây thơ và tốt đẹp của bạn về cuộc sống. Bạn mong muốn lan tỏa niềm vui mà không vụ lợi. Bạn cảm thấy hạnh phúc và thích giúp đỡ người khác. Bạn sẽ bắt đầu để ý đến và tìm kiếm sự hài lòng trong tất cả niềm vui nhỏ bé xung quanh. Có thể bạn sẽ luyến tiếc tuổi thơ ấu. Tình yêu thánh thiện cũng có thể đến với bạn trong tương lai gần. </SIX-OF-CUPS-ONE >
<SEVEN-OF-CUPS-ONE >Lá bài này là về ảo ảnh và mơ mộng. Có thể bạn đang để trí tưởng tượng của mình bay xa và không tập trung về thực tại của cuộc sống. Bạn đang trong một giai đoạn với nhiều cơ hội để chọn lựa. Có khả năng bạn đang xao lãng sức khỏe và quá thả lỏng việc ăn uống. Lười biếng và do dự là những kẻ thù chính của bạn. </SEVEN-OF-CUPS-ONE >
<EIGHT-OF-CUPS-ONE >Lá bài cho thấy sự nỗ lực của bạn để tìm kiếm một ý nghĩa cuộc sống sâu sắc hơn. Bạn mong muốn gỡ rối những vấn đề trong cuộc sống và từ bỏ những tình huống vô vọng. Bạn hướng tới việc tìm kiếm hạnh phúc đích thực thay vì tập trung vào cuộc sống thường nhật. Bạn sẽ tìm kiếm niềm vui nội tại và không nhìn lại quá khứ. Bạn có thể sẽ dành nhiều thời gian hơn cho các hoạt động tâm linh. </EIGHT-OF-CUPS-ONE >
<NINE-OF-CUPS-ONE >Lá bài này cho thấy các ước vọng được hoàn thành. Bạn sẽ có được điều bạn thực sự xứng đáng và khao khát. Bạn có thể cảm thấy hài lòng hơn với cuộc sống, bởi thành công đang ủng hộ bạn. Những mơ ước hoài bão của bạn có thể trở thành hiện thực và những mục tiêu mà bạn đã chờ lâu cuối cùng cũng đạt được. Bạn sẽ muốn trải nghiệm và thưởng thức sự sang trọng. Thư giãn là điều bạn đang khao khát. Hãy tận hưởng quãng thời gian tốt đẹp này tới chừng nào bạn có thể. </NINE-OF-CUPS-ONE >
<TEN-OF-CUPS-ONE >Lá bài báo hiệu niềm vui và an lành đang đến cuộc đời bạn. Bạn có thể cảm nhận niềm hạnh phúc đang ở xung quanh và cảm thấy sung mãn. Bạn có thể thấy những âu lo và căng thẳng đang thuyên giảm và cuộc sống trở nên dễ chịu và hài hòa. Bạn sẽ tập trung vào tình yêu và tình bạn và thành công trong cả hai. Bạn vẫn sẽ tận tâm với gia đình và thích những cuộc gặp gỡ giao lưu hay sự kiện có sự tham gia của họ. </TEN-OF-CUPS-ONE >
<PAGE-OF-CUPS-ONE >Lá bài này phản chiếu khía cạnh cảm xúc của bạn. Bạn thường đi theo con tim hơn trí óc. Bạn thường đa cảm và dễ xúc động trước những thứ nhỏ bé. Bạn nhìn vào bên trong con người mình và tin tưởng vào sự chỉ dẫn của trực giác. Đây là thời điểm tốt để có một mối quan hệ lãng mạn và bạn sẽ thấy gần gũi với người ấy. Tình bạn thân phải được phát huy. Đây cũng là lúc để nối lại những mối quan hệ xa cách. </PAGE-OF-CUPS-ONE >
<KNIGHT-OF-CUPS-ONE >Lá bài này tượng trưng cho những cảm xúc đẹp nhưng hơi thái quá. Đôi lúc, bạn ủy mị trong tình yêu, nhưng có khi lại bạo dạn bày tỏ tình cảm của mình. Lòng ghen tuông có thể xen lẫn vào tình cảm của bạn. Đôi khi bạn nhạy cảm, bạn thường rất dễ bị tổn thương. Bạn thông minh và dễ mến. Bạn mơ ước những điều lớn lao cho bản thân nhưng dễ bị nản lòng. </KNIGHT-OF-CUPS-ONE >
<QUEEN-OF-CUPS-ONE >Lá bài cho thấy sự nhạy cảm và chín chắn trong cách xử lý cảm xúc. Bạn cho thấy một cách tiếp cận thấu đáo và đúng mực trước mọi tình huống. Bạn thường kết nối với khía cạnh tâm linh và trân trọng ý nghĩa sâu xa của cuộc sống. Bạn là người kiên nhẫn. Bạn cảm thông với mọi người, tốt bụng và ân cần với những người yếu thế. Bạn có thể nắm bắt sự việc mà không cần hỏi. </QUEEN-OF-CUPS-ONE >
<KING-OF-CUPS-ONE >Lá bài này cho thấy một thái độ hiểu biết và bao dung. Bạn có thể có một hiểu biết sâu sắc về bản chất con người. Bạn có thể là một nhà giáo giỏi. Bạn có thể giữ bình tĩnh trong cơn khủng hoảng và giúp hóa giải một thời khắc căng thẳng. Bạn biết phải nói gì khi nào. Bạn thấy đồng cảm với những người thiếu may mắn. Bạn có thể là một người hiểu biết rộng lớn với những quan điểm ngoại giao. Những kỹ năng lãnh đạo của bạn chính là một thứ tài sản. </KING-OF-CUPS-ONE >
<ACE-OF-PENTACLES-ONE >Lá bài gợi ý bạn nên tập hợp sức mạnh tinh thần của bản thân và hướng nó về những mục tiêu của mình. Bạn có thể thấy nỗ lực sẽ được chuyển hóa thành những kết quả mong đợi. Điều này cuối cùng sẽ giúp sự nghiệp và cuộc sống của bạn thăng tiến và tạo dựng một cách nghĩ tích cực cho bạn. Bạn phải thực tế và hành động thiết thực trong cuộc sống. Tiếp tục tin tưởng vào người khác sẽ có lợi cho bạn. </ACE-OF-PENTACLES-ONE >
<TWO-OF-PENTACLES-ONE >Lá bài nói về khả năng thích nghi và hòa hợp của bạn trong cuộc sống. Bạn sẽ biết cân bằng những việc bạn đang xử lý và bạn sẽ tiến triển đều đặn và nhanh chóng. Bạn sẽ sẵn sàng đón nhận những ý tưởng và khả năng mới trong công việc cũng như cuộc sống cá nhân. Bạn sẽ quản lý hiệu quả những thay đổi đang diễn ra đồng thời có được niềm vui thú. Bạn sẽ biết kết hợp giữa làm việc và vui chơi. </TWO-OF-PENTACLES-ONE >
<THREE-OF-PENTACLES-ONE >Lá bài này cho thấy khả năng làm việc nhóm xuất sắc của bạn. Bạn biết cách phối hợp và khích lệ rất tốt trong khi làm việc. Bạn thường có cách tiếp cận rất tổ chức. Với năng lực của mình, bạn sẽ đạt được sự hoàn hảo trong công việc và có thể hoàn thành những mục tiêu. Từ đó bạn sẽ chứng tỏ khả năng của mình cho những ai còn hoài nghi. </THREE-OF-PENTACLES-ONE >
<FOUR-OF-PENTACLES-ONE >Lá bài nêu bật nét tính cách thích sở hữu và ngại thay đổi ở bạn. Bạn có thể thường tích trữ vật chất và không chia sẻ nó với người khác. Lòng tham có thể chiếm giữ tâm trí bạn. Có thể bạn muốn kiểm soát những thứ xung quanh và yêu cầu sự việc phải được thực hiện theo cách của bạn. Bạn thường duy trì mọi thứ không thay đổi và xáo trộn, từ đó khiến hầu hết khía cạnh của cuộc sống bị trì trệ. </FOUR-OF-PENTACLES-ONE >
<FIVE-OF-PENTACLES-ONE >Lá bài cho thấy một giai đoạn khó khăn về cảm xúc cũng như thể chất. Bạn có thể gặp những vấn đề về tài chính hay tại công sở. Có thể bạn thiếu những kỹ năng và cần phát triển chúng. Bạn có thể trải qua một giai đoạn khi bạn cảm thấy thiếu đi sự hỗ trợ và nó có thể dẫn đến sự cô đơn. Cũng có thể có những vấn đề về sức khỏe. </FIVE-OF-PENTACLES-ONE >
<SIX-OF-PENTACLES-ONE >Lá bài này cho thấy khả năng trung lập về việc có được tiền bạc, sức mạnh và trí tuệ. Bạn có thể có được chúng hoặc có thể không. Bạn có thể là người được nhận hoặc là người cho đi. Điều này áp dụng cho mọi mặt của cuộc sống - hoặc thế này, hoặc thế kia. Tuy nhiên dù trường hợp nào, bạn nên hiểu và phân tích tương lai của mình và hành động hướng đến nó. </SIX-OF-PENTACLES-ONE >
<SEVEN-OF-PENTACLES-ONE >Lá bài cho thấy nhu cầu cần đánh giá và phân tích tình hình cuộc sống hiện tại. Có thể bạn cần tạm nghỉ để nhìn lại con đường bạn đã đi cho đến nay và đảm bảo bạn đang đi đúng hướng. Rất có khả năng bạn sẽ có được thành công từ những nỗ lực chân thành của mình và đạt những cột mốc mà bạn hằng mong ước. Bạn có thể suy nghĩ về việc chuyển nhà hay công việc. </SEVEN-OF-PENTACLES-ONE >
<EIGHT-OF-PENTACLES-ONE >Lá bài cho thấy sự quyết tâm cao độ và con mắt chú ý đến từng chi tiết của bạn. Bạn có thể sẽ tham gia vào những nhiệm vụ nhất định và dành mọi tâm huyết cho công việc. Thái độ này sẽ giúp bạn tăng cường chuyên môn và kiến thức về những việc bạn đang làm. Bạn sẽ rất cẩn thận và đảm bảo sự chính xác và có hệ thống của từng chi tiết. </EIGHT-OF-PENTACLES-ONE >
<NINE-OF-PENTACLES-ONE >Lá bài cho thấy kỷ luật của bạn cùng với niềm tin vào bản thân và khao khát cải thiện. Bạn sẽ giải quyết các vấn đề và sắp xếp cuộc sống theo cách có thứ tự và tổ chức. Bạn tự tin vào những kỹ năng và sẽ hiện thực hóa tiềm năng của bản thân. Bạn sẽ theo đuổi sự hoàn mỹ và tìm kiếm những điều tinh tế trong cuộc sống. Bạn sẽ hướng tới phong cách sống sang trọng. </NINE-OF-PENTACLES-ONE >
<TEN-OF-PENTACLES-ONE >Lá bài này cho thấy sự giàu có dư dả mà bạn sẽ có được. Bạn sẽ có thể tận hưởng thành công khi việc kinh doanh của bạn nở rộ. Hoặc bạn có thể tìm thấy một công việc trả lương rất cao. Bạn sẽ có sự đảm bảo về tài chính dù trong trường hợp nào. Bạn có thể lên một kế hoạch đảm bảo trọn đời cho bản thân và gia đình. Trong quá trình đó, bạn sẽ sử dụng những phương pháp đã thử nghiệm và tuân theo những quy tắc trong mọi việc bạn làm. </TEN-OF-PENTACLES-ONE >
<PAGE-OF-PENTACLES-ONE >Lá bài gợi ý bạn nên thiết thực trong cuộc sống và hành động để hiện thực hóa những ước mơ của mình. Bạn sẽ phải làm việc với những thứ vốn có, cũng như vận dụng sức mạnh tinh thần và thể chất. Bạn nên từ bỏ thái độ do dự và đứng dậy hành động. Bạn nên hành động có trách nhiệm và đáng tin cậy, cũng như tin tưởng những người bạn làm việc cùng. </PAGE-OF-PENTACLES-ONE >
<KNIGHT-OF-PENTACLES-ONE >Lá bài cho thấy thiên hướng thái quá của bạn đối với những điều tích cực trong cuộc sống. Khi bạn đã quyết tâm theo đuổi một mục tiêu, bạn ương ngạnh, không nghe ai và không chịu bỏ cuộc kể cả trong tình huống vô vọng. Bạn bảo thủ, e sợ rủi ro và do đó đôi khi tuột mất những cơ hội dễ dàng. Sự cầu toàn của bạn đôi khi trở thành nỗi ám ảnh. Tính thiết thực của bạn khiến bạn bi quan. Bạn làm việc chăm chỉ nhưng quá nhiều nên không nhận thấy thế giới tươi đẹp xung quanh. </KNIGHT-OF-PENTACLES-ONE >
<QUEEN-OF-PENTACLES-ONE >Lá bài này cho biết bản chất thực tế, tạo cảm hứng và hào hiệp của bạn. Bạn quan tâm và dành tình cảm cho những người xung quanh theo cách vị tha. Bạn có trái tim nhân hậu và mong muốn lan tỏa niềm vui và hạnh phúc với tinh thần vì mọi người. Bạn là người sắt son. Bạn không lãng phí và biết dành dụm hợp lý. Người khác cảm thấy thoải mái khi ở bên bạn do bản chất chân thật và dễ chịu của bạn. </QUEEN-OF-PENTACLES-ONE >
<KING-OF-PENTACLES-ONE >Lá bài cho thấy những kỹ năng đáng nể của bạn trong nhiều mặt của cuộc sống. Những kỹ năng kinh doanh sẽ giúp bạn có được sự hài lòng về tài chính và tinh thần trong cuộc sống. Bạn là người có thể trông cậy được trong cơn khủng hoảng. Bản chất dễ thích ứng giúp bạn trong bất kỳ tình huống nào. Tinh thần khích lệ của bạn giúp đỡ mọi người xung quanh. Bạn là người điềm tĩnh, đúng giờ và chăm chỉ. </KING-OF-PENTACLES-ONE >
<ACE-OF-SWORDS-ONE >Lá bài cho thấy bạn sẽ có được sự khai sáng tinh thần và tìm ra cách của riêng bạn. Với trí tuệ nhạy bén và khả năng suy luận, bạn sẽ hiểu được những chân lý trong cuộc đời. Nhờ sức mạnh tinh thần, bạn sẽ dần dần thoát khỏi mọi tình thế khó khăn trong cuộc sống bằng cách vượt qua mọi chướng ngại. Bạn thường đấu tranh cho sự công bằng của ai/điều gì đó và sẽ đi theo hướng trung thực. </ACE-OF-SWORDS-ONE >
<TWO-OF-SWORDS-ONE >Lá bài cho thấy lý trí và sự kìm nén cảm xúc bên trong. Có thể bạn che giấu nỗi ưu phiền trước những người khác và sẽ cố duy trì vẻ ngoài vô ưu. Bạn có thể sẽ rơi vào những tình huống khó chịu và chần chừ khi đưa ra quyết định hay hành động. Bạn thường né tránh những chân lý hay sự thật hiển nhiên. Tình thế sẽ không suy chuyển do thiếu sự hành động của bạn. </TWO-OF-SWORDS-ONE >
<THREE-OF-SWORDS-ONE >Lá bài cho thấy bạn có thể đối mặt với giai đoạn xuống dốc cảm xúc. Bạn có thể làm tổn thương tới cảm xúc của ai đó hay ngược lại. Một số tin xấu có thể đang tới. Có khả năng bạn sẽ cảm thấy bị từ chối. Bạn cảm thấy không ai sẵn lòng giúp đỡ khi bạn cần họ nhất. Bạn cảm thấy cô đơn. Bạn có thể sẽ biết về những bí mật của những người thân và chúng khiến bạn không yên tâm. Bạn có thể cũng bị phản bội bởi ai đó thân quen. </THREE-OF-SWORDS-ONE >
<FOUR-OF-SWORDS-ONE >Lá bài gợi ý bạn nên sống nhẹ nhàng mà không quá sức. Bạn nên tạm giải lao công việc hàng ngày và đi tìm sự thanh thản và yên bình. Hãy để cơ thể và tâm trí bạn nghỉ ngơi. Dành thời gian này để nghĩ về vị trí hiện tại của bạn trong cuộc sống, điều bạn muốn đạt được, điều bạn đã thực hiện, v.v. và để chuẩn bị cho tương lai. </FOUR-OF-SWORDS-ONE >
<FIVE-OF-SWORDS-ONE >Lá bài phản ánh cách nghĩ coi mình là trung tâm và thái độ bất hòa với những người khác. Bạn có thể chỉ nghĩ về lợi ích của bản thân trước khi nhận bất kỳ nhiệm vụ nào. Bạn thấy khó khăn khi đương đầu với những quan điểm và ý kiến của người khác. Bạn có thể tạo ra thù hằn giữa những người khác. Bạn có thể đạt thành công bằng những cách thức không đúng đắn. </FIVE-OF-SWORDS-ONE >
<SIX-OF-SWORDS-ONE >Lá bài cho thấy những giai đoạn thăng trầm trong cuộc sống. Bạn có thể cảm thấy thờ ơ hay trầm cảm về mọi điều bạn đang làm. Đau ốm có thể xảy đến. Bạn có thể phải dành một chút thời gian cho bản thân để hồi phục và giải quyết những tình huống cảm xúc trong cuộc sống. Bạn sẽ có niềm hy vọng mới với cuộc đời và bắt đầu thay đổi sang cách nghĩ tích cực. Bạn có thể di chuyển từ nơi này đến nơi khác để tìm kiếm sự phiêu lưu hay thay đổi. </SIX-OF-SWORDS-ONE >
<SEVEN-OF-SWORDS-ONE >Lá bài nói về xu hướng né tránh trách nhiệm và nghĩa vụ. Bạn che giấu sự thật để né tránh hậu quả. Bạn thường ở một mình, tách biệt và giữ khoảng cách với thế giới bên ngoài. Trong giai đoạn cô lập này, thái độ lừa dối trong bạn có thể nảy nở và có thể đôi lúc bạn hành động không thành thật. </SEVEN-OF-SWORDS-ONE >
<EIGHT-OF-SWORDS-ONE >Lá bài này cho thấy những tình cảnh khó khăn và đen tối đang ở phía trước. Bạn có thể cảm thấy bó buộc bởi tình cảnh và khó tìm được con đường cho mình trong cuộc sống. Trong hầu hết trường hợp, bạn cảm thấy bối rối không biết làm gì tiếp theo. Bạn có thể thiếu tập trung để tiến về phía trước và sẽ tìm kiếm sự trợ giúp từ bên ngoài. Bạn cảm nhận được sự việc đang vượt quá tầm kiểm soát trong khi tất cả những gì bạn có thể làm là đứng nhìn. </EIGHT-OF-SWORDS-ONE >
<NINE-OF-SWORDS-ONE >Lá bài này cho thấy một giai đoạn lo âu và căng thẳng. Có thể bạn cảm thấy có lỗi về điều mình đã làm trước kia và khó tha thứ cho bản thân. Bạn mong muốn quay ngược thời gian để sửa chữa hành động của mình. Trong giai đoạn này, có thể bạn không còn tin tưởng vào bản thân và thấy trầm cảm. Đôi khi bạn cảm thấy đau lòng. </NINE-OF-SWORDS-ONE >
<TEN-OF-SWORDS-ONE >Lá bài này cho thấy một giai đoạn lo âu và căng thẳng. Có thể bạn cảm thấy có lỗi về điều mình đã làm trước kia và khó tha thứ cho bản thân. Bạn mong muốn quay ngược thời gian để sửa chữa hành động của mình. Trong giai đoạn này, có thể bạn không còn tin tưởng vào bản thân và thấy trầm cảm. Đôi khi bạn cảm thấy đau lòng. </TEN-OF-SWORDS-ONE >
<PAGE-OF-SWORDS-ONE >Lá bài gợi ý bạn nên tập hợp sức mạnh tinh thần để giải quyết những rắc rối làm phiền bạn về lâu dài. Bạn sẽ phải phân tích lô-gic các vấn đề gặp phải và lên kế hoạch hợp lý để giải quyết chúng. Bạn sẽ phải thành thật và không cố che dấu điều gì cả. Bạn sẽ phải phân biệt điều tốt với điều xấu, và nhận những trách nhiệm kèm theo. Giữ vững tinh thần và đối mặt với những khó khăn bằng bản lĩnh. </PAGE-OF-SWORDS-ONE >
<KNIGHT-OF-SWORDS-ONE >Lá bài này cho thấy sự tự tin kèm theo một chút bốc đồng. Sự thẳng thắn của bạn có thể được người khác coi là thô lỗ. Bạn có thể được mô tả như một người nói mà không biết nghĩ. Có thể bạn khởi đầu là một người lãnh đạo tốt nhưng cuối cùng sẽ có thái độ lấn át. Bạn cho thấy óc hài hước pha lẫn châm biếm. Sự hiểu biết sâu rộng của bạn là đáng quý nếu nó không trở thành sự ngạo mạn. </KNIGHT-OF-SWORDS-ONE >
<QUEEN-OF-SWORDS-ONE >Lá bài phản ánh bản chất chân thật và ngay thẳng của bạn trong cuộc sống. Bạn thích cởi mở trong mọi việc. Nhận thức của bạn về bất kỳ tình huống/người nào đều rất hợp lý và chính xác. Bạn nghiêm túc trong mọi việc. Óc hài hước của bạn rất tuyệt vời và không ảnh hưởng xấu tới ai. Sự dày dạn kinh nghiệm cho bạn sức mạnh để tiến về phía trước trong cuộc sống. </QUEEN-OF-SWORDS-ONE >
<KING-OF-SWORDS-ONE >Lá bài cho thấy suy nghĩ thấu đáo và phẩm cách đạo đức của bạn. Bạn thường phân tích hiệu quả các tình huống trong cuộc sống với những khả năng lô-gic và suy luận tốt của mình. Với kỹ năng nói xuất sắc, bạn sẽ có thể truyền đạt tốt quan điểm và ý tưởng của mình. Bạn có nhận thức sâu rộng và hiểu biết chín chắn về mọi mặt của bất kỳ vấn đề nào. Bạn thường trung thực và thẳng thắn trong mọi việc bạn làm. </KING-OF-SWORDS-ONE >
<ACE-OF-WANDS-ONE >Lá bài này cho thấy sự thành công. Bạn có cách suy nghĩ sáng tạo và ngoài khuôn mẫu. Sự nhiệt huyết và tự tin của bạn thường tạo cảm hứng cho người khác và cho thấy niềm đam mê của bạn. Bạn dành hơn 100% nỗ lực vào mọi điều bạn làm. Trong cuộc sống, trước bất kỳ vấn đề hay thách thức nào, bạn sẽ can đảm đối diện và tự tin sẽ thành công. </ACE-OF-WANDS-ONE >
<TWO-OF-WANDS-ONE >Lá bài này báo hiệu một thái độ táo bạo. Nếu bạn đang chờ đợi để bắt đầu hay thực hiện việc nào đó, thì đây là lúc để hành động. Bạn có sức mạnh và tầm ảnh hưởng để đạt được những mục tiêu của mình. Do đó, bạn chỉ cần có sự can đảm để hành động. Đây là lúc để đối diện sự sợ hãi bằng lòng can đảm. Bạn sẽ phải tìm ra một cách tiếp cận mới để đạt được mục tiêu của mình. Hãy tự vẽ đường cho mình. </TWO-OF-WANDS-ONE >
<THREE-OF-WANDS-ONE >Lá bài cho thấy sự khao khát và nóng lòng muốn khám phá những điều mới mẻ. Điều này phù hợp với bản tính muốn tìm kiếm sự phiêu lưu và hào hứng của bạn. Sự nhìn xa trông rộng sẽ tiếp tục giúp bạn trong thời gian tới. Bạn sẽ phải đảm trách vai trò lãnh đạo để tập hợp mọi người hướng về sứ mệnh và mục tiêu của mình. Bạn có thể thành công lớn trong việc mua bán và thương mại. </THREE-OF-WANDS-ONE >
<FOUR-OF-WANDS-ONE >Bản tính muốn tìm kiếm sự phiêu lưu và hào hứng của bạn có thể được thể hiện. Sự nhìn xa trông rộng sẽ tiếp tục giúp bạn trong thời gian tới. Bạn phải đảm trách vai trò lãnh đạo để tập hợp mọi người hướng về sứ mệnh và mục tiêu của mình. Bạn có thể sớm thành công lớn trong việc mua bán và thương mại. </FOUR-OF-WANDS-ONE >
<FIVE-OF-WANDS-ONE >Lá bài này báo hiệu một rắc rối nhỏ ở phía trước. Mọi người có vẻ chống lại bạn và kết cục là bạn có thể tranh luận và cãi cọ với họ. Có những người khác cạnh tranh với bạn và bạn muốn đứng dậy để thách thức. Những trở ngại và phiền nhiễu nhỏ đang chờ đón bạn. Bạn sẽ phải kiên nhẫn và bản lĩnh để thoát khỏi tình huống này. </FIVE-OF-WANDS-ONE >
<SIX-OF-WANDS-ONE >Lá bài phản ánh thắng lợi, sự cảm kích với một chút hãnh diện. Bạn có thể đạt được những mục tiêu của mình một cách xuất sắc. Những nỗ lực của bạn được trân trọng và điều đó giúp bạn có động lực để phấn đấu hết sức trong mọi việc bạn làm. Bạn sẽ thích những ngày tươi đẹp này, nhưng có thể đột nhiên bắt đầu cảm thấy bản thân quan trọng. Bạn có thể bắt đầu nghĩ về bản thân trước tiên và điều này khiến người khác cho rằng bạn ngạo mạn. </SIX-OF-WANDS-ONE >
<SEVEN-OF-WANDS-ONE >Lá bài này báo hiệu bạn sẽ nỗ lực đấu tranh cho vị thế và bảo về điều mình tin tưởng. Bạn thường có cách tiếp cận công kích và ngang ngạnh trong cuộc sống. Đa số trường hợp, cách tiếp cận này có tác dụng, nhưng đôi khi bạn hơi quá đà. Bạn thường ngang ngạnh khi đứng lên bảo vệ ý kiến và rất kiên quyết. Niềm tin về năng lực của mình sẽ giúp bạn vượt qua những giai đoạn gian nan. </SEVEN-OF-WANDS-ONE >
<EIGHT-OF-WANDS-ONE >Lá bài cho thấy một sự thay đổi đúng lúc. Thời điểm bạn mong chờ đã đến. Đây là thời điểm để hành động và chứng tỏ tiềm năng của bạn theo cách nào đó. Một số việc dang dở cuối cùng cũng hoàn tất. Có khả năng bạn sẽ khám phá ra thông tin hay điều bạn đang tìm kiếm. Có thể bạn phải kết thúc một việc để bắt đầu một việc khác tốt hơn. </EIGHT-OF-WANDS-ONE >
<NINE-OF-WANDS-ONE >Lá bài này cho thấy sự thận trọng và quyết tâm của bạn. Do những khó khăn và trải nghiệm trong quá khứ, hiện tại bạn rất thận trọng và sẵn sàng cho tình huống xấu nhất. Bạn bảo vệ bản thân và những người thân. Bạn toàn tâm toàn ý bảo vệ và đấu tranh cho những mục tiêu của mình bất chấp mọi khó khăn. Ý chí và sức mạnh thể chất sẽ giúp bạn tiến gần đến thành công. </NINE-OF-WANDS-ONE >
<TEN-OF-WANDS-ONE >Lá bài này cho thấy một gánh nặng tinh thần hay cảm xúc đang tích tụ. Có thể bạn đang làm việc quá sức. Có thể bạn đang làm nhiều việc và gặp bế tắc trong hầu hết những việc đó. Bạn có thể phải trả nợ. Bạn thấy khó khăn để từ chối ai đó. Trong khi bạn không nhận được công trạng với những việc bạn làm tốt, bạn lại phải gánh chịu mọi tội lỗi. Bạn có thể phải vất vả để có từng thành công nhỏ bé. </TEN-OF-WANDS-ONE >
<PAGE-OF-WANDS-ONE >Lá bài này báo hiệu những cơ hội để khám phá sức mạnh và năng lượng thực sự mà bạn sở hữu. Đây là thời điểm để khám phá lại cuộc sống theo hướng sáng tạo và can đảm. Bạn cần cho thấy thêm sự hào hứng và lạc quan trong những nỗ lực của bản thân. Đam mê với bất kể điều gì bạn đang làm. Tin tưởng vào những kỹ năng của bạn và duy trì sự tập trung để tận dụng hết những gì tinh túy nhất của bản thân. Phiêu lưu và chấp nhận rủi ro. Đây là lúc cần quyết đoán. </PAGE-OF-WANDS-ONE >
<KNIGHT-OF-WANDS-ONE >Lá bài Hiệp sĩ này cho thấy một bộ phẩm chất rất tốt kèm theo một vài nét tiêu cực. Bạn thường quyến rũ và tự tin nhưng đôi khi trở nên kiêu ngạo. Bạn thường táo bạo nhưng đôi khi trở nên khinh suất. Trong cuộc tìm kiếm sự phiêu lưu, bạn hoàn toàn không ngừng nghỉ. Bạn có niềm đam mê nhưng đồng thời lại nóng tính. </KNIGHT-OF-WANDS-ONE >
<QUEEN-OF-WANDS-ONE >Lá bài này là một trong những lá bài tích cực nhất. Nó cho thấy sự tăng trưởng trong năng lượng, tâm trạng và niềm vui. Với những cam kết và sự tận tụy của bản thân, bạn sẽ có thể hoàn thành những nhiệm vụ. Bạn sẽ là một người bạn tốt và có thể kết bạn mới dễ dàng. Bạn sẽ trải qua quãng thời gian thanh bình và vui vẻ trong những ngày sắp tới. Sự điềm tĩnh sẽ giúp bạn xử lý bất kỳ trở ngại nào ngăn cản bước tiến của bạn. </QUEEN-OF-WANDS-ONE >
<KING-OF-WANDS-ONE >Lá bài này phản ánh sức mạnh của lối tư duy sáng tạo và cách tân. Hãy giữ tinh thần cởi mở trước những khả năng và cơ hội mới. Có thể bạn sẽ trải nghiệm điều gì đó mới mẻ trong tương lai gần. Bạn giỏi giao tiếp, kết nối với người khác, và tạo cảm hứng cho họ. Thậm chí bạn thường chi phối và chỉ huy những người xung quanh, nhưng theo cách tôn trọng. Bạn thích được chú ý và thường thu hút người khác giới. </KING-OF-WANDS-ONE >
<THE-FOOL-ONE >Lá bài báo hiệu một sự khởi đầu mới. Bạn sẽ bắt đầu những điều mới và ý tưởng mới. Chúng có thể liên quan tới sự nghiệp, tình yêu hay cuộc sống cá nhân của bạn. Sẽ có rất nhiều sự thú vị và ngạc nhiên trong chuyến hành trình này. Với mỗi rào cản, bạn sẽ học được điều gì đó có giá trị. Bạn sẽ phải gác lại quá khứ và bắt đầu khám phá một thế giới mới. </THE-FOOL-ONE >
<THE-MAGICIAN-ONE >Ý chí của bạn hiện tại rất mạnh mẽ. Mọi người sẽ lắng nghe bạn và coi trọng những điều bạn nói. Bạn sẽ có thể thuyết phục người khác với những kỹ năng lãnh đạo tuyệt vời của mình ít nhất trong một khoảng thời gian. Bạn sẽ có những sáng kiến và việc sử dụng chúng ra sao sẽ tùy thuộc vào bạn. Một số bí mật của người khác cũng có thể được tiết lộ. </THE-MAGICIAN-ONE >
<THE-HIGH-PRIESTESS-ONE >Đây là lúc bạn nên tin tưởng vào bản năng và đi theo ước mơ của bạn. Có thể có một người sẽ sớm cho bạn những lời khuyên có ích và rất quan trọng. Có thể bạn phải tìm kiếm điều gì đó còn chưa được biết đến và có khả năng điều gì đó đang được ẩn giấu. Bạn sẽ phải tiếp tục tìm kiếm cho đến khi bí mật được tiết lộ bởi vì điều này có thể giúp bạn nhận ra một điều rất quan trọng. </THE-HIGH-PRIESTESS-ONE >
<THE-EMPRESS-ONE >Bạn đang suy nghĩ sâu về điều gì đó và lo lắng về sự phát triển hay khởi đầu của điều gì đó trong sự nghiệp, việc kinh doanh hay mối quan hệ của bạn. Bạn hay nửa kia của bạn hiện đang rất phòng ngừa và thậm chí có thể dùng đến những phương cách không tốt đẹp để đạt được điều mong muốn. Sẽ cần có một chút kiên nhẫn và những nỗ lực để đạt được sự ổn định trong tình hình hiện tại. </THE-EMPRESS-ONE >
<THE-EMPEROR-ONE >Thành tựu không còn quá xa và danh vọng đang trên đường đến. Có thể bạn bị ảnh hưởng bởi sự chỉ dẫn của một người nam giới như cha, anh em trai, bạn đời hay bạn bè của bạn. Giờ đây bạn sẽ có quyền hạn và sẽ đảm trách điều bạn muốn làm. Bên cạnh bạn sẽ có một hệ thống hỗ trợ rất mạnh mẽ. Tuy nhiên, bạn sẽ phải cẩn thận về bản tính hời hợt hay quá khắt khe của mình bởi vì nó có thể làm tổn thương đến những người ít tuổi hơn. </THE-EMPEROR-ONE >
<THE-HIEROPHANT-ONE >Không nên quá ngang ngạnh trong suy nghĩ và bảo thủ những quan niệm cũ và truyền thống chỉ bởi lẽ chúng đã được làm theo từ lâu. Có thể bạn đang nghĩ tới hôn nhân. Có thể bạn bị vướng mắc với những thủ tục pháp lý. Những rắc rối có thể xảy ra và bạn có thể sẽ bám vào những phương thức cũ để giải quyết chúng. Bạn sẽ phải giải quyết các vấn đề một cách bình tĩnh và kiên nhẫn. </THE-HIEROPHANT-ONE >
<THE-LOVERS-ONE >Tình yêu đang ở xung quanh bạn. Bạn có thể sớm nhận được một bất ngờ dễ chịu trong đời sống tình yêu. Bạn sẽ phải lựa chọn giữa con tim và trí óc. Bạn dễ có khả năng làm theo con tim thay vì trí óc và rủi ro bạn chấp nhận là xứng đáng. Có thể bạn bị dụ dỗ và trở nên không chung thủy, và đó là điều nên tránh. Những kết nối cảm xúc của bạn sẽ trở nên mạnh mẽ. </THE-LOVERS-ONE >
<THE-CHARIOT-ONE >Bạn đang vất vả để đạt được điều bạn mong muốn. Một sự thay đổi hay di chuyển nào đó có thể xảy đến với cuộc sống của bạn. Bạn có thể phải đối mặt với những rào cản trong sự nghiệp hay cuộc sống cá nhân. Bạn có thể bị lạm dụng bởi người nào đó có động cơ ích kỷ. Bạn cần kiểm soát các hoàn cảnh và cảm xúc đối lập, và cuối cùng vinh quang cũng đạt được. </THE-CHARIOT-ONE >
<JUSTICE-ONE >Đã đến lúc cân bằng những việc bạn đang làm. Có thể có thói quen hay hoạt động nào đó diễn ra nhiều hơn hay ít hơn mức cần thiết trong cuộc sống của bạn. Bạn cần kiểm soát điều này. Bạn cần nỗ lực để trở về trạng thái bình thường bằng cách cân bằng tất cả các mặt của cuộc sống. Bạn cần công tâm khi đưa ra thỏa thuận hay hợp tác trong tương lai gần. Nếu bạn nhận ra mình đang làm điều gì đó không đúng, hãy sớm chỉnh đốn nó trước khi có những tác hại. </JUSTICE-ONE >
<THE-HERMIT-ONE >Hãy tạm nghỉ và cố gắng sắp xếp và phân tích sự việc. Có thể bạn đang cảm thấy thiếu kiên nhẫn với những điều xung quanh bạn. Không nên quyết định vội vã và sẽ tốt hơn nếu bạn nhận lời khuyên từ ai đó lớn tuổi hay đáng tin cậy trước khi đưa ra những quyết định quan trọng trong tương lai gần. Hãy tạm nghỉ giải lao để tìm kiếm sự thanh thản và giác ngộ. </THE-HERMIT-ONE >
<WHEEL-OF-FORTUNE-ONE >Bạn sẽ sớm bước vào một trong những giai đoạn đẹp đẽ nhất trong cuộc đời. Vận may sẽ ủng hộ bạn và những nỗ lực của bạn sẽ đem đến thành quả. Một số thay đổi sẽ xảy đến và cuộc sống của bạn sẽ trở nên chín chắn hơn. Rất có khả năng bạn sẽ nhận được mọi điều bạn hằng mong đợi. Những rắc rối sẽ chấm dứt và hạnh phúc sẽ tràn đầy. Những giấc mơ của bạn sắp sửa đạt được. </WHEEL-OF-FORTUNE-ONE >
<STRENGTH-ONE >Bạn sẽ có sức mạnh và tiềm năng về thể chất và tinh thần để đương đầu với những tình huống tồi tệ nhất. Lá bài này cho biết đây là lúc thích hợp để từ bỏ một thói quen xấu mà bạn muốn từ bỏ đã lâu. Bạn sẽ nhận được thành quả từ những vấn đề mà trước đây bạn gặp khó khăn như các mối quan hệ, sự nghiệp, sức khỏe, v.v. Với nghị lực và trí tuệ của mình, bạn có thể vượt qua những thử thách trong cuộc đời. </STRENGTH-ONE >
<THE-HANGED-MAN-ONE >Bạn có thể phải hi sinh điều gì hay rời bỏ ai đó để có được điều khác tốt đẹp hơn. Sức khỏe đau ốm, thất bại hay căng thẳng có thể xảy đến. Giải quyết những vấn đề đó bằng cách duy trì sự thanh thản và kiên định. Một tình cảnh bất lợi có thể làm giảm nghị lực và dẫn đến sự suy sụp về cảm xúc. Bạn nên sáng suốt và sử dụng thời gian này để hiểu rõ tình cảnh. </THE-HANGED-MAN-ONE >
<DEATH-ONE >Lá bài này báo hiệu những chuyển hóa lớn và những thay đổi quan trọng hay bất ngờ trong cuộc sống. Giống như tên gọi của lá bài, nó cho thấy cái chết nhưng chỉ trong những trường hợp như đã cao tuổi hay ốm nặng. Bạn có thể cảm thấy buồn bã, trống trải hay trầm cảm nhưng giai đoạn này giúp bạn nhận ra những thay đổi là cần thiết để cuộc sống tiếp diễn. Mạnh mẽ để chấp nhận những thay đổi này và bạn có thể vượt qua giai đoạn khó khăn này. </DEATH-ONE >
<TEMPERANCE-ONE >Bạn có thể bối rối trước những lựa chọn mà cuộc sống mang đến cho bạn. Có thể bạn phải lựa chọn giữa các thái cực và bạn sẽ phải nỗ lực tìm cách cân bằng cả hai để có được sự thanh thản và dễ chịu. Bạn phải dành thời gian thử nghiệm một chút để tìm ra giải pháp tối ưu. Bạn cần cân nhắc các lựa chọn để kết hợp các mặt đối lập nhằm duy trì sự hài hòa. Bạn sẽ tìm cách để tạo dựng sự hài hòa. </TEMPERANCE-ONE >
<THE-DEVIL-ONE >Bạn sẽ cảm thấy bị lôi kéo bởi dục vọng, tham lam, tham vọng hay si mê. Bạn sẽ khao khát có quyền lực để điều khiển sự việc và bị cuốn hút bởi những thứ dễ chịu trong cuộc sống. Thiếu kiềm chế có thể dẫn đến những tình cảnh nguy hại và rối ren. Mọi điều bạn làm sẽ thiên về các thái cực, điều đó giúp bạn cảm thấy có quyền lực nhưng đồng thời nó cũng rất nguy hiểm. Bạn cần thận trọng bởi vì lá bài này cảnh báo về những bước đi mang tính hủy hoại tiềm tàng. </THE-DEVIL-ONE >
<THE-TOWER-ONE >Tương lai gần có thể là một trong những giai đoạn rắc rối nhất bạn từng chứng kiến. Bạn có thể đối mặt với những thay đổi đột ngột và khó chịu. Những đau khổ có thể đến từ những lý do ngoài dự kiến và có thể bạn sẽ cảm thấy hơi cô đơn hay tách biệt. Nhưng những thay đổi này có thể buộc bạn phải nhìn ra những hướng mới trong cuộc đời, và việc đó là hữu ích về lâu dài. Nó không phải là chuyến hành trình êm dịu nhưng giúp bạn có được chuyến hành trình tuyệt vời nhất bởi nó sẽ dạy bạn nhiều điều cho tương lai. </THE-TOWER-ONE >
<THE-STAR-ONE >Hiện tại bạn đang thiên về tâm linh hơn và khao khát sự bình yên và hài hòa trong cuộc sống. Đây sẽ là thời gian để hồi phục và mang đến những hy vọng mới trong cuộc sống cá nhân và công việc. Đây là một điềm lành để bắt đầu một mối quan hệ mới hay thúc đẩy mối quan hệ hiện tại. Kiến thức về nhiều chủ đề sẽ được tăng cường và đây là thời gian thích hợp dành cho những theo đuổi nghệ thuật. </THE-STAR-ONE >
<THE-MOON-ONE >Bạn có thể cảm thấy như đang du hành trong thế giới của trí tưởng tượng và sáng tạo. Bạn có thể sẽ đương đầu với những bí mật sâu thẳm và đen tối được giấu kín và rơi vào tình trạng xuống dốc cảm xúc. Bạn nên tránh xa ma túy, cồn hay bất kỳ chất gây nghiện nào nguy hại đến sức khỏe. Bạn có thể cảm thấy bị mắc kẹt trong một thế giới điên cuồng và bấp bênh, bạn sẽ phải làm theo trực giác để tìm ra con đường tối ưu, có thể là điều gì đó liên quan đến âm nhạc, nghệ thuật, khiêu vũ, kịch sân khấu, v.v. </THE-MOON-ONE >
<THE-SUN-ONE >Bạn sẽ cảm thấy tràn đầy năng lượng, sức trẻ và sẽ chủ động đưa ra những quyết định đúng đắn để gặt hái thành công. Lá bài Mặt trời cho thấy sự tươi trẻ, nhiệt huyết và mọi việc sẽ đâu vào đấy. Tin tốt lành cũng đang đến với bạn. Một kỳ nghỉ trong tương lai gần là có khả năng. Trong thời gian tới bạn sẽ có thêm thời gian vui vẻ bên gia đình và bạn bè. Niềm vui và sự bình yên đang chờ đợi bạn phía trước. </THE-SUN-ONE >
<JUDGEMENT-ONE >Lá bài này cho thấy những cơ hội không nên bị bỏ lỡ. Đây là những cơ hội bạn đang chờ đợi. Đây là lúc bạn sẽ nhận được phần thưởng từ những nỗ lực của bản thân trong quá khứ. Những triển vọng mới đang ở phía trước và sẽ thay đổi cuộc sống của bạn theo hướng tốt đẹp hơn. Do điều gì cũng có hai mặt, bạn có thể phải đối mặt với hình phạt cho tội lỗi của mình trong quá khứ. Nhưng sau cùng, những điều bạn đang làm hiện tại sẽ có kết thúc đẹp. </JUDGEMENT-ONE >
<THE-WORLD-ONE >Đây là lúc những vất vả của bạn chấm dứt và bạn nhận được phần thưởng xứng đáng. Lá bài này cho thấy sự thư giãn sau một chặng đường dài nỗ lực. Bạn sẽ được trải nghiệm điều đó. Cuối cùng bạn cũng có được những kết quả mà bạn hằng mong ước. Những người thân sẽ trân trọng những thành quả lao động vất vả của bạn. Giai đoạn này sẽ là khởi đầu cho những thành tựu mới.</THE-WORLD-ONE >
    </ROOT>
