<?xml version="1.0" encoding="utf-8" ?>
<ROOT>
<ACE-OF-CUPS-ONE >Μπορεί να υπάρξουν ορισμένες εντάσεις ή αμηχανία με τους συγγενείς σας που θα είναι αιτία εκνευρισμού. Θα περιμένετε να κάνετε νέες σχέσεις που θα είναι εποικοδομητικές με κάποιον και θα είστε ικανοποιημένοι με αυτό που θα πάρετε. </ACE-OF-CUPS-ONE >
<TWO-OF-CUPS-ONE >Αυτή η κάρτα δείχνει ότι θα πρέπει να μαζέψετε τα πράγματά σας για τη δουλειά ή για προσωπικούς λόγους. Παρά τις κάποιες διαφωνίες με τους αγαπημένους τους, τα πράγματα τελικά θα διευθετηθούν. Μπορεί να εμπιστευθείτε κάποιον που μπορεί να μην είναι πολύ κοντά σε σας, αλλά εξακολουθεί να φαίνεται αγαπητός. </TWO-OF-CUPS-ONE >
<THREE-OF-CUPS-ONE >Μπορεί να υπάρξει καθυστέρηση ορισμένων γεγονότων, λόγω επαγγελματικών υποχρεώσεων ή προσωπικών ζητημάτων που θα σας αφήσει λίγο αναστατωμένους. Αυτό το συναίσθημα μπορεί να σας κάνει να νιώθετε απομονωμένοι, αλλά θα διαπιστώσετε ότι τα αγαπημένα σας πρόσωπα στέκονται στο πλευρό σας και αυτό θα σας κάνει να αισθανθείτε καλύτερα. </THREE-OF-CUPS-ONE >
<FOUR-OF-CUPS-ONE >Αυτή η κάρτα δείχνει ότι μία πολύ απασχολημένη περίοδος θα πρέπει να αντιμετωπιστεί με υπομονή. Μπορεί να είναι χρόνος δοκιμών για τους αγαπημένους σας και σύντομα θα συνειδητοποιήσετε ποιος πραγματικά νοιάζεται για εσάς. Προτείνεται να μην παραμείνετε αδιάφοροι, αλλά να προσπαθήσετε να μοιραστείτε το πρόβλημά σας με τους αγαπημένους σας για να σας βοηθήσουν. </FOUR-OF-CUPS-ONE >
<FIVE-OF-CUPS-ONE >Αυτό ίσως να μην είναι και μια πολύ ευχάριστη στιγμή που μπορεί να χρειαστεί να εγκαταλείψετε κάποια πράγματα που δεν είναι υπό τον έλεγχό σας. Θα είναι μια δύσκολη φάση ανάμεσα σε εσάς και το αγαπημένο σας πρόσωπο και θα μπορούσε να μετατραπεί σε μία σημαντική διαμάχη που μπορεί να οδηγήσει σε ανεπιθύμητα αποτελέσματα. </FIVE-OF-CUPS-ONE >
<SIX-OF-CUPS-ONE >Αυτό μπορεί να φαίνεται σαν περίοδος διακοπών για εσάς και μπορεί να υπάρξουν πολλές επισκέψεις από φίλους και συγγενείς. Θα μπορούσαν επίσης να υπάρξουν ορισμένες επιπλοκές στην προσωπική σας ζωή, που μπορεί να οδηγήσουν σε κάποια από αντιφατικά αποτελέσματα, αλλά θα το χειριστείτε σωφρονώς. </SIX-OF-CUPS-ONE >
<SEVEN-OF-CUPS-ONE >Μπορεί να υπάρξουν ορισμένες συγκρούσεις απόψεων στην οικογένειά σας και μπορεί να γίνουν έντονα. Θα προσπαθήσετε να πάρετε κάποια βοήθεια για να λύσετε την κατάσταση ειρηνικά. Θα τα πάτε καλά στα επαγγελματικά προσπαθώντας να εξισορροπήσετε πολλά πράγματα, αλλά θα καταφέρετε να κάνετε μια καλή δουλειά. </SEVEN-OF-CUPS-ONE >
<EIGHT-OF-CUPS-ONE >Μπορεί να έχετε κάποιες προγραμματισμένες επανασυνδέσεις με αγαπημένους σας, αλλά λόγω αβεβαιότητας, ίσως χρειαστεί να τις αναβάλλετε. Επιδεικνύονται επίσης κάποιες επισκέψεις σε γιατρό για τους αγαπημένους σας. Κάποια ευχάριστη είδηση ​​είναι στο δρόμο. </EIGHT-OF-CUPS-ONE >
<NINE-OF-CUPS-ONE >Μπορεί να σχεδιάσετε ένα ταξίδι ή να ξεφύγετε για λίγο, αλλά θα το αναβάλλετε καθώς κάτι καλύτερο θα έρθει στο δρόμο σας. Μπορεί να γίνετε λίγο νοσταλγικοί και να ασχολούμενοι με ορισμένες ασθένειες που ενοχλούν τους αγαπημένους σας, αλλά σύντομα θα δείτε τη φωτεινή πλευρά με τη βοήθεια των φίλων σας. </NINE-OF-CUPS-ONE >
<TEN-OF-CUPS-ONE >Μπορεί να χρειαστεί να αντιμετωπίσετε μια δύσκολη κατάσταση και μπορεί να εξετάσετε μια αποχώρηση από την οικογένειά σας ή την εργασία σας νομίζοντας ότι τα πράγματα δεν θα μπορούσαν να είναι χειρότερα από ότι είναι τώρα. Τώρα θα συνδεθείτε με τη συναισθηματική πλευρά σας και θα έρθετε σε επαφή με την οικογένεια και τους φίλους σας για να προγραμματίσετε μια επανασύνδεση. </TEN-OF-CUPS-ONE >
<PAGE-OF-CUPS-ONE >Αυτή η κάρτα δείχνει ότι θα προσπαθήσετε τώρα να κάνετε τα πράγματα πολύ πιο απλά για τον εαυτό σας και μία αλλαγή τύχης στην πορεία της ζωής σας, θα σας βοηθήσει με αυτό. Καλό είναι να μην ασχοληθείτε με θέματα που σχετίζονται με χρήματα, ενοίκιο ή ακίνητα, καθώς μπορεί να μην καταλήξουν με τον τρόπο που περιμέναμε. Μπορείτε να πέσετε πάνω σε έναν από τους παλιούς φίλους ή εραστές σας και αυτό μπορεί να οδηγήσει σε μια επανασύνδεση. </PAGE-OF-CUPS-ONE >
<KNIGHT-OF-CUPS-ONE >Τώρα σκέφτεστε την αλλαγή κατοικίας, αλλά δεν μην πιέζετε πολύ τα πράγματα για τώρα. Θα πρέπει να είστε προσεκτικοί καθώς υποδεικνύονται ορισμένα μικρά ατυχήματα γύρω από το σπίτι. Τα αγαπημένα σας πρόσωπα μπορεί να σχεδιάζουν διακοπές και θα αναμένετε για αυτές. Θα είστε σε συνεχή επαφή με τους φίλους σας. </KNIGHT-OF-CUPS-ONE >
<QUEEN-OF-CUPS-ONE >Μπορεί να υπάρχει μεγάλο χάος τριγύρω, λόγω των παιδιών ή κάποιου είδους εργασία για το σπίτι ή για τους καλεσμένους σας. Μπορεί να υπάρξουν κάποια προβλήματα με την οικογένεια και θα πρέπει να ενεργήσετε με υπευθυνότητα ή μπορεί να καταλήξετε σε μια κατάσταση που δεν θα θέλατε ποτέ να βρεθείτε. Αυτό το χάος θα σας φέρει ακόμα πιο κοντά στους φίλους σας και θα βρείτε παρηγοριά σε αυτούς. </QUEEN-OF-CUPS-ONE >
<KING-OF-CUPS-ONE >Υπάρχει μια νέα κατάσταση που φθάνει στη ζωή σας που θα λειτουργήσει ευνοϊκά για σας και θα φέρει πίσω την ευτυχία. Θα έχετε μια αναπάντεχη κλήση από έναν φίλο και αυτό θα αλλάξει τη διάθεσή σας. Ορισμένοι συγγενείς θα συζητήσουν τα προβλήματά τους μαζί σας και θα χαρείτε να τους βοηθήσετε και θα προσπαθήσετε να τους παρηγορήσετε όσο το δυνατόν περισσότερο. </KING-OF-CUPS-ONE >
<ACE-OF-PENTACLES-ONE >Είστε σε μια ευχάριστη περίοδο αυτή τη στιγμή και η ευημερία είναι στο δρόμο. Θα είστε επίσης σε θέση να αντέξετε οικονομικά να αγοράσετε κάτι που δεν μπορούσατε νωρίτερα. Η σχέση σας με την οικογένειά σας θα είναι ευτυχισμένη και υγιής και όλα θα τακτοποιηθούν. Μπορεί να προγραμματίσετε να συναντήσετε μερικούς παλιούς φίλους ή να καταλήξετε σε κάποια αυθόρμητα σχέδια μαζί τους. </ACE-OF-PENTACLES-ONE >
<TWO-OF-PENTACLES-ONE >Θα δείτε ότι το να προσπαθείτε να ισορροπήσετε τις καταστάσεις στο σπίτι θα γίνει πολύ δύσκολο. Θα είστε σε έξαλλη φάση και θα είναι δύσκολο να επικεντρωθείτε στην προσωπική σας ζωή. Αυτοί οι περισπασμοί μπορεί να προέρχονται από κάποιες πιέσεις στην δουλειά. Θα αισθανθείτε καλύτερα μόλις αρχίσετε την κοινωνικοποίηση με νέους ανθρώπους. </TWO-OF-PENTACLES-ONE >
<THREE-OF-PENTACLES-ONE >Αυτή η κάρτα δείχνει ότι θα είστε απορροφημένοι σε ορισμένα χόμπι ή κάποιες άλλες δραστηριότητες και ένα αγαπημένο πρόσωπο ή κάποιος απροσδόκητος επισκέπτης θα έρθει με δώρα και άλλες ευκαιρίες. Μπορεί να υπάρξουν κάποιες επίσημες δυσκολίες που θα περάσετε μαζί με την οικογένειά σας. </THREE-OF-PENTACLES-ONE >
<FOUR-OF-PENTACLES-ONE >Μια επιχειρηματική προοπτική, πώληση ή κάποια άλλη ευκαιρία θα φτάσει σύντομα στην πόρτα σας. Αυτό θα απαιτήσει την υποστήριξη και την καθοδήγηση των αγαπημένων σας. Θα κάνετε σχέδια με τους φίλους σας και μπορεί να υπάρξουν ορισμένες δυσάρεστες αντιπαραθέσεις, αλλά θα είστε σε θέση να αντιμετωπίσετε το θέμα. </FOUR-OF-PENTACLES-ONE >
<FIVE-OF-PENTACLES-ONE >Αυτή η κάρτα δείχνει ότι μπορεί να χρειαστεί να αντιμετωπίσετε κάποιες καταστάσεις στρες προσπαθώντας να εξισορροπήσετε την ψυχολογική και συναισθηματική σταθερότητα, αλλά θα πρέπει να ζητήσετε καθοδήγηση από ορισμένα μέλη της οικογένειάς σας. Θα είστε συναισθηματικού με τους φίλους σας τώρα, αλλά δεν θα βρείτε το χρόνο για να επικοινωνήσετε μαζί τους. </FIVE-OF-PENTACLES-ONE >
<SIX-OF-PENTACLES-ONE >Μπορεί να μην αισθάνεστε καλά με μερικούς από τους φίλους ή τους συναδέλφους σας λόγω κάποιων θεμάτων. Αγχώνεστε πάρα πολύ με την εργασία, χωρίς καμία χαλάρωση και θα πρέπει να κάνετε ένα διάλειμμα πριν αυτό να έχει κάποιο αντίκτυπο πάνω σας. Ένα μέλος της οικογένειάς σας μπορεί να φαίνεται δυσαρεστημένο και θα εκφράσει την επιθυμία να περάσει λίγο χρόνο μόνο ή να φύγει για λίγο. </SIX-OF-PENTACLES-ONE >
<SEVEN-OF-PENTACLES-ONE >Θα αισθάνεστε ανήσυχοι καθώς μερικά από τα οικονομικά σας φαίνεται να έχουν κολλήσει κάπου, αλλά θα υπάρξει εισροή χρημάτων από κάποια άλλη πηγή. Ορισμένα θέματα που σχετίζονται με την υγεία θα σας αναγκάσουν να κάνετε ένα διάλειμμα για λίγο. Θα βρείτε χρόνο για να έρθετε σε επαφή με τους φίλους σας και να περάσετε λίγο χρόνο μαζί τους. </SEVEN-OF-PENTACLES-ONE >
<EIGHT-OF-PENTACLES-ONE >Θα υπάρχει μια μικρή σύγχυση προσπαθώντας να βρείτε λύσεις που σχετίζονται με τα προβλήματα του σπιτιού σας. Η οικογένειά σας μπορεί να μην σας συμπεριφέρεται πολύ καλά τώρα και να εμποδίζει τα σχέδιά σας. Θα καταφέρετε να επιτύχει μια ισορροπία μεταξύ της προσωπικής και της επαγγελματικής σας ζωής και θα περάσετε χρόνο με τους αγαπημένους σας. </EIGHT-OF-PENTACLES-ONE >
<NINE-OF-PENTACLES-ONE >Κάποια εργασία που μπορεί να κάνετε στο σπίτι ή απλά κάποια τηλεφωνήματα θα σας κρατήσουν απασχολημένους για λίγο. Οι φίλοι και η οικογένειά σας θα είναι δίπλα σας σε κάθε σας βήμα και θα σας καθοδηγήσουν κατά τη λήψη κρίσιμων αποφάσεων. Θα συμμετέχετε σε συζητήσεις σχετικά με τη δουλειά που θα φέρουν τους φίλους και τους συναδέλφους σας κοντά. </NINE-OF-PENTACLES-ONE >
<TEN-OF-PENTACLES-ONE >Αυτή η κάρτα δείχνει ότι τώρα θα απολαύσετε κοινωνικές εκδηλώσεις και θα περάσετε χρόνο με τους φίλους και την οικογένεια. Θα αισθανθείτε περισσότερο συνδεδεμένοι με την οικογένειά σας και θα ζητήσετε καθοδήγηση η οποία θα έρθει ευτυχώς. Είναι καιρός να συναντήσετε μερικούς νέους ανθρώπους και αυτοί οι άνθρωποι θα γίνουν μέρος της ζωής σας. </TEN-OF-PENTACLES-ONE >
<PAGE-OF-PENTACLES-ONE >Μπορεί να αγχωθείτε λίγο, λόγω του ταραχώδους προγράμματός σας και θα προσπαθήσετε να κάνετε σχέδια για να βγείτε έξω με τους αγαπημένους τους. Μπορεί να υπάρξει μια συνεργασία για την οποία θα ανυπομονείτε, αλλά δεν θα έρθει όπως την θέλατε και αυτό θα σας αναστατώσει. Αλλά θα κάνετε τις προσπάθειές σας για να την κάνετε να λειτουργήσει. </PAGE-OF-PENTACLES-ONE >
<KNIGHT-OF-PENTACLES-ONE >Θα είστε πλέον πολύ χαρούμενοι και μπορεί να καταλήξετε για ψώνια ή να βγείτε έξω και να κάνετε μεγάλες δαπάνες. Θα υπάρξει κάποια ένταση ανάμεσα σε εσάς και ένα από τα μέλη της οικογένειάς σας εξαιτίας της οποίας θα απέχετε από το να είστε πολύ μαζί τους. Θα βρείτε τώρα υποστήριξη στους φίλους σας και αν υπήρχαν οποιεσδήποτε διαφορές θα επιλυθούν. </KNIGHT-OF-PENTACLES-ONE >
<QUEEN-OF-PENTACLES-ONE >Αυτή η κάρτα δείχνει ότι θα κάνετε κάποια μελλοντικά σχέδια διατηρώντας την καριέρα, τους φίλους και την οικογένειά σας στο μυαλό. Θα υπάρξουν κάποιες υγιείς ιδέες καθώς κουβεντιάζετε με τους φίλους σας. Θα νιώσετε κοντά στην οικογένειά σας και θα προσφέρετε βοήθεια στην επίλυση ορισμένων θεμάτων. </QUEEN-OF-PENTACLES-ONE >
<KING-OF-PENTACLES-ONE >Τώρα θα είστε απασχολημένοι σε δραστηριότητες που περιλαμβάνουν πολλή γραφειοκρατία. Θα περάσετε χρόνο με τους φίλους σας και θα αποκτήσετε επίσης κάποια οφέλη. Θα είστε σε τέτοια κατάσταση που θα σας βάλει στον πειρασμό να πάτε διακοπές ή μια μικρή εκδρομή με την οικογένειά σας, αλλά τα πράγματα θα πρέπει να περιμένουν. </KING-OF-PENTACLES-ONE >
<ACE-OF-SWORDS-ONE >Θα έχετε κάποιες απροσδόκητες αλλά ευχάριστες εκπλήξεις και θα τις απολαύσετε. Θα υπάρξει μεγάλη πίεση και ανησυχία στο σπίτι μεταξύ των μελών της οικογένειας και αυτό θα σας κάνει να νιώσετε απόσταση. Θα προσπαθήσετε να εμπιστευτείτε τους φίλους σας και θα προσπαθήσετε να ψάξετε για συμβουλές και παρηγοριά. </ACE-OF-SWORDS-ONE >
<TWO-OF-SWORDS-ONE >Υπάρξουν ενδείξεις διαμάχης με τους αγαπημένους σας για διάφορους λόγους. Θα αντιμετωπίσετε κάποια προβλήματα που σχετίζονται με τα χρήματα και αν σας ευνοήσει η τύχη, κάποιος θα προσφέρει μεγάλη βοήθεια. Απλά να έχετε υπομονή και όλα τα προβλήματα που έχετε θα διαλυθούν σε ένα σύντομο χρονικό διάστημα. </TWO-OF-SWORDS-ONE >
<THREE-OF-SWORDS-ONE >Όπως συμβαίνει πάντα στις οικογένειες, έτσι κι εσείς θα απογοητευτείτε εξαιτίας των πιέσεων που προέρχονται από τις υψηλές προσδοκίες. Μπορεί να αισθανθείτε λίγο άβολα λόγω κάποιας ενοχής και θα προσπαθήσετε να πείσετε τον εαυτό σας να λύσει τα προβλήματα και επιστρέψει πίσω στα συνηθισμένα. </THREE-OF-SWORDS-ONE >
<FOUR-OF-SWORDS-ONE >Μπορεί να χρειαστεί να περάσετε από κάποια νομική γραφειοκρατία και αυτό δεν θα είναι μια πολύ ευχάριστη εμπειρία. Θα αισθάνεστε αβοήθητοι σε ορισμένες περιπτώσεις, γιατί μπορεί να δείτε ένα αγαπημένο σας πρόσωπο να διέρχεται από μια δύσκολη φάση. Μπορεί να μην είναι η καλύτερη στιγμή για να περάσετε με τους φίλους και θα νιώσετε συνολικά απογοητευμένοι. </FOUR-OF-SWORDS-ONE >
<FIVE-OF-SWORDS-ONE >Μετά από μια μακρά πορεία θεραπείας, θα απαλλαγείτε επιτέλους από τις επισκέψεις στον γιατρό και θα γίνετε καλύτερα. Η οικογένειά σας θα αισθάνεται νοσταλγική και θα σταθεί στο πλευρό σας. Μπορεί να ορισμένες ευθύνες να είναι πολύ μεγάλες και αυτό μπορεί να οδηγήσει σε απογοήτευση. Θα απολαύσετε επίσης ορισμένες αγορές, ιδίως για το σπίτι. </FIVE-OF-SWORDS-ONE >
<SIX-OF-SWORDS-ONE >Αυτή η κάρτα δείχνει ότι μπορεί να χρειαστεί να αντιμετωπίσετε κάποια προβλήματα και δυσκολίες, ενώ ασχολείστε με σχετικά με το σπίτι ζητήματα. Θα αισθανθείτε μια ισχυρή σύνδεση με την οικογένειά σας και θα προσπαθήσετε να είστε τώρα πολύ περισσότερο με την οικογένεια και τους φίλους σας. Θα προσπαθήσετε επίσης να καθοδηγήσετε κάποια από τα αγαπημένα σας πρόσωπα. </SIX-OF-SWORDS-ONE >
<SEVEN-OF-SWORDS-ONE >Μια ξαφνική συνάντηση με έναν παλιό φίλο ενδείκνυται και θα αποδειχθεί ευνοϊκή. Μπορεί να υπάρξουν κάποια ασήμαντα πράγματα που θα προσθέσουν στα προβλήματά σας και θα σας κάνουν να νιώθετε άβολα. Μπορεί να έχετε διαμάχες και συγκρούσεις συμφερόντων με την οικογένειά σας, αλλά θα διατηρήσετε το δεσμό μαζί τους. </SEVEN-OF-SWORDS-ONE >
<EIGHT-OF-SWORDS-ONE >Μπορεί να υπάρξουν κάποια προβλήματα σχετικά με ορισμένους φίλους και θα πρέπει να λάβετε κάποιες δύσκολες αποφάσεις. Μπορεί επίσης να υπάρξει μια ρομαντική φάση όπου θα συνδεθείτε με τον εραστή σας. Θα απολαύσετε λίγο ποιοτικό χρόνο με την οικογένειά σας και θα είστε πολύ χαρούμενοι γι' αυτό. </EIGHT-OF-SWORDS-ONE >
<NINE-OF-SWORDS-ONE >Αυτή η κάρτα δείχνει ότι τώρα αισθάνεστε ανήσυχοι για κάποιον. Μπορεί να υπάρχει κάποιος συγγενής που θα ασχολείται με ορισμένα θέματα που σχετίζονται με τα οικονομικά και θα προσπαθήσετε να βοηθήσετε. Αυτό θα βελτιώσει τη φήμη σας μεταξύ των συγγενών σας. Μπορεί επίσης να χρειαστεί να απομακρυνθείτε από κάποιον ή κάτι που θα σας αφήσει συναισθηματικά ευάλωτους. </NINE-OF-SWORDS-ONE >
<TEN-OF-SWORDS-ONE >Θα εγγραφείτε σε ορισμένα προγράμματα ποιότητας, τα οποία θα σας βοηθήσουν να αναπτύξετε τον εαυτό σας ως άτομο και να αυξήσετε τη συγκέντρωσή σας. Μπορεί να αισθανθείτε μια μικρή απομόνωση και ανασφάλεια και θα προσπαθήσετε να τα αντιμετωπίσετε. Ένας αγαπητός μπορεί να σας βλάψει και αυτό θα σας αφήσει σε δίλημμα. </TEN-OF-SWORDS-ONE >
<PAGE-OF-SWORDS-ONE >Μπορεί να υπάρξει κάποια δυσάρεστη είδηση ​​ που θα χαλάσει πολύ τη διάθεσή σας. Μπορεί να σχεδιάζετε να επισκεφθείτε έναν συγγενή σε έναν μακρινό τόπο ή το αντίστροφο. Θα κάνετε συνεχώς προσπάθειες για τη δημιουργία και την ανάπτυξη της ρομαντική σας ζωής και αυτό θα εκτιμηθεί από το σύντροφό ή τον φίλο σας. </PAGE-OF-SWORDS-ONE >
<KNIGHT-OF-SWORDS-ONE >Αυτή η κάρτα δείχνει ότι θα είναι σε μία περίοδο ξεφαντώματος και σε πολλές περιπτώσεις θα είστε σε μεγάλα κέφια. Μπορεί να υπάρξουν ορισμένες συγκρούσεις στην οικογένεια και θα είστε πρόθυμοι να ακούσετε και να εργαστείτε για να κάνετε τα πράγματα καλύτερα. Αυτό θα απαιτήσει επίσης κάποια καθοδήγηση από ένα αγαπημένο πρόσωπο. </KNIGHT-OF-SWORDS-ONE >
<QUEEN-OF-SWORDS-ONE >Αυτή η κάρτα δείχνει ότι αυτή θα είναι μια δύσκολη φάση για εσάς. Μπορεί να υπάρξουν άσχημα νέα που να έρχονται από όλες τις πλευρές, συμπεριλαμβανομένων των φίλων και της οικογένειάς σας. Θα είναι δύσκολο για σας να τα αντιμετωπίσετε, αλλά τα αγαπημένα σας πρόσωπα θα βάλουν τα δυνατά τους για να σας κάνουν να νιώσετε άνετα. </QUEEN-OF-SWORDS-ONE >
<KING-OF-SWORDS-ONE >Μπορεί να υπάρξουν κάποιες συγκρούσεις με την οικογένειά σχετικά με τον τρόπο ζωής σας και αυτό θα σας αναστατώσει. Μπορεί επίσης να σκέφτεστε να φύγετε σε ένα ξενοδοχείο ή ακόμα και σε ένα νέο διαμέρισμα. Τα προβλήματα θα σας κυνηγάνε και μπορεί απροσδόκητα να γίνετε μέρος ενός σκανδάλου, αν δεν είστε επιφυλακτικοί. </KING-OF-SWORDS-ONE >
<ACE-OF-WANDS-ONE >Θα έχετε κάποια επαγγελματικά προβλήματα και σύμφωνα με την οικογένειά σας, θα αποφασίσετε να εγκαταλείψετε τη δουλειά και να αρχίσετε κάτι μόνοι σας. Μπορεί να υπάρξουν ορισμένες καθυστερήσεις λόγω γραφειοκρατίας και θα πρέπει να ακυρώσετε ορισμένες συναντήσεις ή επανασυνδέσεις. </ACE-OF-WANDS-ONE >
<TWO-OF-WANDS-ONE >Αυτή η κάρτα δείχνει ότι θα επιλύσετε τα θέματα σας με ένα από τα μέλη της οικογένειάς σας και θα προσπαθήσετε να επιστρέψετε στα συνηθισμένα. Μεγάλη είδηση ​​βρίσκεται στο δρόμο και αυτές οι πληροφορίες θα σας βοηθήσουν στο μέλλον. Θα είστε πρόθυμοι να βοηθήσετε ένα φίλο, αλλά θα διαπιστώσετε ότι οι προθέσεις δεν είναι αυτές που νομίζατε. </TWO-OF-WANDS-ONE >
<THREE-OF-WANDS-ONE >Οι υπερήλικες στην οικογένειά σας θα σας δώσουν κάποιες πολύτιμες συμβουλές για κάποια χαρτιά και οικονομικά. Θα κάνετε ένα διάλειμμα από τα πάντα για να κάνετε ό,τι σας αρέσει και αυτό θα είναι ένα τολμηρό βήμα. Θα αναζητήσετε υποστήριξη από τους φίλους σας και θα προσπαθήσετε να επεκτείνετε τα όνειρό σας που περιλαμβάνουν τα αγαπημένα σας πρόσωπα. </THREE-OF-WANDS-ONE >
<FOUR-OF-WANDS-ONE >Θα πρέπει να αντιμετωπίσετε κάποια πίεση και απογοήτευση λόγω κάποιων οικογενειακών διαμαχών και αντιπαραθέσεων. Αλλά τελικά εσείς και τα αγαπημένα σας πρόσωπα θα επιλύσετε τα ζητήματα και θα διατηρήσετε την ειρήνη. Μπορεί να υπάρχει κάποιος που δεν επιθυμεί το καλό σας και θα προσπαθήσει να σας παραπλανήσει σε κάτι λάθος γι' αυτό συνιστάται να μείνετε σε εγρήγορση. </FOUR-OF-WANDS-ONE >
<FIVE-OF-WANDS-ONE >Θα αισθανθείτε ενόχληση και αναστάτωση που οφείλονται σε κάποιες ανεξέλεγκτες καταστάσεις που έχουν δημιουργηθεί λόγω κάποιου εξωτερικού παράγοντα. Μπορεί να υπάρχει κάποιος που προσπαθεί να καταστρέψει την οικογένεια ή την περιουσία σας και πρέπει να είστε προσεκτικοί. Οι φίλοι και η οικογένειά σας θα σας βοηθήσουν να περάσετε από μια εσωτερική διαδικασία καθαρισμού. </FIVE-OF-WANDS-ONE >
<SIX-OF-WANDS-ONE >Αυτή η κάρτα δείχνει ότι αν και δεν θα είστε πολύ ευχαριστημένοι με τις προσωπικές προσπάθειές σας, θα προσπαθήσετε να κερδίσετε χαμένο χρόνο με ένα φίλο ή την οικογένεια και να σχεδιάσετε ένα ευχάριστο ταξίδι μαζί τους. Μπορεί να χρειαστεί να ασχοληθείτε με οικονομικά ζητήματα που έχει ένας συγγενής. </SIX-OF-WANDS-ONE >
<SEVEN-OF-WANDS-ONE >Θα πρέπει να περάσετε μέσα από ένα ταραχώδες πρόγραμμα εργασίας σας και περίοδο με την οικογένεια σας και αυτό θα εισβάλει στην προσωπική σας ζωή, αν δεν υπάρξει ισορροπία. Θα έρθετε σε επαφή με έναν παλιό φίλο και αυτό θα είναι μια ευχάριστη συνάντηση. </SEVEN-OF-WANDS-ONE >
<EIGHT-OF-WANDS-ONE >Αυτή η κάρτα δείχνει ότι θα πρέπει να αγωνιστείτε μεταξύ της εργασίας και του σπιτιού σας και δεν θα έχετε σχεδόν καθόλου χρόνο για την οικογένειά σας. Έρχεται επίσης ένας εορτασμός λόγω καλών ειδήσεων στην οικογένεια. Θα πρέπει να ασχοληθείτε προσεκτικά με τους φίλους σας καθώς μπορεί να υπάρξουν κάποιες παρεξηγήσεις. </EIGHT-OF-WANDS-ONE >
<NINE-OF-WANDS-ONE >Θα προσπαθήσετε να βοηθήσετε σχετικά με κάποια νομικά θέματα και σχετικά έγγραφα. Ορισμένα ζητήματα με έναν παλιό φίλο θα λυθούν και θα υπάρξει επανένωση. Θα περιμένετε ανυπόμονα για κάποια νέα από ένα αγαπημένο πρόσωπο και αυτό το άγχος θα σας κάνει να αισθάνεστε ανήσυχοι. </NINE-OF-WANDS-ONE >
<TEN-OF-WANDS-ONE >Θα υπάρξει πολλή επιβάρυνση από την εργασία στους ώμους σας και θα προσπαθήσετε να εκπληρώσετε τις υποχρεώσεις σας. Θα πρέπει να προσέξετε όχι μόνο την επίσημη δουλειά, αλλά και προσωπικά ζητήματα. Μπορεί να υπάρξει μια διαμάχη ανάμεσα σε εσάς και έναν φίλο ή ένα αγαπημένο πρόσωπο και δεν θα ξέρετε πώς να διορθώσετε τα πράγματα. Αυτό δεν θα είναι καλό για σας ή τον φίλο σας. </TEN-OF-WANDS-ONE >
<PAGE-OF-WANDS-ONE >Θα περάσετε μια δύσκολη φάση και θα θελήσετε να απομονωθείτε για λίγο και αυτό θα αφορά τους φίλους και την οικογένειά σας. Θα προσπαθήσετε να τακτοποιήσετε τα πράγματα στη ζωή σας, λαμβάνοντας αξιόλογες αποφάσεις και θα απαιτήσετε κάποια υποστήριξη από έναν φίλο. </PAGE-OF-WANDS-ONE >
<KNIGHT-OF-WANDS-ONE >Ένα σύντομο ταξίδι φαίνεται ότι θα σας αναζωογονήσει και θα εξετάσετε το ενδεχόμενο συγκατοίκησης για να περνάτε περισσότερο χρόνο με το σύντροφό σας. Τα πράγματα δεν θα έρθουν όπως αναμένονται με την οικογένεια και τους φίλους σας λόγω κάποιων ασυνήθιστων περιπτώσεων και θα πρέπει να αφιερώσετε χρόνο για ένα φίλο που θα ζητήσει την υποστήριξη και την καθοδήγησή σας. </KNIGHT-OF-WANDS-ONE >
<QUEEN-OF-WANDS-ONE >Θα βρίσκεστε σε μια πνευματική κατάσταση και θα θέλετε να εφαρμόσετε κάποια μέτρα και πειθαρχία στον εαυτό σας. Υπάρξουν πιθανότητες ότι θα κάνετε νέες συνδέσεις ή οι παλαιές σας σχέσεις θα ανανεωθούν και θα ενισχυθούν. </QUEEN-OF-WANDS-ONE >
<KING-OF-WANDS-ONE >Αυτή η κάρτα δείχνει ότι μπορεί να χρειαστεί να αντιμετωπίσετε καταστάσεις που αφορούν ασθένειες. Μπορεί να υπάρξουν κάποιες επιχειρήσεις που θα απαιτήσουν να μετακινηθείτε σε άλλο τόπο. Θα απαλλαγείτε επιτέλους από το αίσθημα της απομόνωσης και τα πράγματα θα γίνουν καλύτερα. </KING-OF-WANDS-ONE >
<THE-MAGICIAN-ONE >Η εστίασή σας είναι τώρα σε νέα ξεκινήματα και καλό είναι να μην κυνηγήσετε κάτι για το οποίο υπάρχουν ελάχιστες πιθανότητες να πετύχετε. Θα πάρετε σύντομα μια πολύτιμη ή σχετική βοήθεια από έναν από τους φίλους σας. Θα γίνει ορισμένα σχέδια μαζί με έναν συγγενή ή θα υπάρξει πιθανότατα κάποια αλλαγή στα σχέδια με τον αγαπητό σας. </THE-MAGICIAN-ONE >
<THE-HIGH-PRIESTESS-ONE >Αυτή η κάρτα δείχνει ότι έρχεται μια ευχάριστη έκπληξη και θα ενθουσιαστείτε μόλις την ακούσετε. Δεν θα αισθάνεστε πολύ κοντά με τα μέλη της οικογένειάς σας λόγω κάποιου στρες και η σχέση με τους φίλους σας μπορεί να βελτιωθεί τώρα. </THE-HIGH-PRIESTESS-ONE >
<THE-EMPRESS-ONE >Θα αισθανθείτε κάποια απόσπαση της προσοχής σας λόγω διαφόρων συζητήσεων στην οικογένειά σας και θα επιθυμείτε την ηρεμία. Θα εξετάσετε επίσης το να φύγετε μακριά για λίγο. Θα αισθανθείτε λίγο ένοχοι για κάτι που κάνατε στο φίλο σας και είναι καιρός να αντιμετωπίσετε το φόβο σας και να κάνετε κάποιες ομολογίες. </THE-EMPRESS-ONE >
<THE-EMPEROR-ONE >Αν σχεδιάζετε να επισκεφθείτε έναν συγγενή ή ένα αγαπητό πρόσωπο, τότε η επίσκεψη θα είναι επιτυχής, αλλά το ταξίδι δεν θα είναι πολύ ομαλό. Αυτή είναι μια στιγμή που θα πρέπει να περιβάλλεστε από πολλούς φίλους οι οποίοι θα γίνουν το σύστημα υποστήριξης σας και ακόμη και θα σας εμπνεύσουν σε κάποιο βαθμό, καθώς τώρα αισθάνεστε κατάθλιψη. </THE-EMPEROR-ONE >
<THE-HIEROPHANT-ONE >Αυτή η κάρτα δείχνει ότι θέλετε η ατμόσφαιρα στο σπίτι να είναι πιο χαρούμενη και θα υπάρξουν κάποια καλά νέα σχετικά με αυτό. Θα περάσετε δύσκολα ασχολούμενοι με ένα φίλο, αλλά μόνο και μόνο που θα μιλήσετε θα ηρεμήσει την κατάσταση και θα είστε σε θέση να το καταλάβετε αυτό και θα λύσετε τελικά το πρόβλημα. </THE-HIEROPHANT-ONE >
<THE-LOVERS-ONE >Θα συνειδητοποιήσετε τώρα ότι δεν είναι όλοι φίλοι σας και κάποιοι από αυτούς θα σας προδώσουν αν δεν κάνετε κάτι για αυτό. Οι σχέσεις με την οικογένεια σας θα είναι καλές και μπορεί επίσης να σχεδιάσετε μία συνεύρεση η οποία θα γίνει λόγω ενός μικρού εορτασμού ή κάποιων κυμαινόμενων καλών νέων. Μερικοί συγγενείς μπορεί επίσης να ξεσπάσουν από το θυμό τους, έτσι πρέπει να είστε προσεκτικοί. </THE-LOVERS-ONE >
<THE-CHARIOT-ONE >Θα κερδίσετε το χαμένο χρόνο με παλιούς φίλους σας και αυτό θα είναι μια ευχάριστη αλλαγή στην αγχωτική ζωή σας. Θα θέλετε να βοηθήσετε έναν συγγενή με τα προβλήματά του, αλλά εκείνος δεν θα είναι πρόθυμος να σας ακούσει κάτι που θα σας κάνει να αισθανθείτε ένοχοι και ανήσυχοι. Θα χρειαστείτε κάποια ισχυρή υποστήριξη προκειμένου να επικυρώσετε τις απαιτήσεις σας σε σχέση με την οικογένειά σας. </THE-CHARIOT-ONE >
<STRENGTH-ONE >Αυτή η κάρτα δείχνει ότι θα έχετε μια χαρούμενη στιγμή με τους φίλους σας και μπορεί να ανάψουν μερικές σπίθες με έναν από τους φίλους σας από το αντίθετο φύλο. Θα περάσετε δύσκολα με την οικογένειά σας, εξαιτίας οικονομικών λόγων. Θα μπορούσαν να υπάρξουν σημαντικές διαμάχες ή ακόμη και ένας χωρισμός αν τα πράγματα ξεφύγουν. </STRENGTH-ONE >
<THE-HERMIT-ONE >Υπάρξουν πιθανότητες να μιλήσετε με ένα μέλος της οικογένειας ή έναν φίλο μετά από πολύ καιρό. Αν ήδη αντιμετωπίζετε κάποιες διαφορές με ένα αγαπημένο πρόσωπο, τότε αυτές θα επιλυθούν. Θα πάρετε κάποια καθοδήγηση σχετικά με την εργασία ή οικονομικά θέματα από ένα αγαπημένο σας πρόσωπο και αυτό θα αποδειχθεί πολύ χρήσιμο. </THE-HERMIT-ONE >
<WHEEL-OF-FORTUNE-ONE >Αυτή η κάρτα δείχνει ότι ένα από τα μέλη της οικογένειάς σας θα σας προκαλέσει μεγάλη σύγχυση και απογοήτευση και θα θέλετε να απομακρυνθείτε από το εν λόγω πρόσωπο. Θα κάνετε μερικές επισκέψεις σε γιατρούς λόγω μιας ασθένειας στην οικογένειά σας και αυτό θα σας προκαλέσει πολύ άγχος. </WHEEL-OF-FORTUNE-ONE >
<JUSTICE-ONE >Είναι πιθανό να ανακαλύψετε ότι ένα από τα μέλη της οικογένειάς σας ή ένας συγγενής αντιμετωπίζει προβλήματα τα οποία θα επηρεάσουν εσάς και τις αποφάσεις σας. Τα πράγματα δεν θα είναι τόσο ομαλά όσο περιμένατε δεδομένου ότι θα υπάρξουν πολλές επιπλοκές με την οικογένεια και τους φίλους, αλλά αυτή η φάση τελικά θα περάσει. </JUSTICE-ONE >
<THE-HANGED-MAN-ONE >Η οικογένεια και οι φίλοι σας θα σας υποστηρίξουν στο νέο εγχείρημα που επιδιώκετε και το αγαπημένο σας πρόσωπο θα σας καθοδηγήσει, επίσης, καθ’ όλη τη διάρκεια. Μπορεί να υπάρξουν ορισμένες διαμάχες, αλλά μόνο λόγω των αλλαγών στην προοπτική και αυτά θα λυθούν εύκολα. Θα πρέπει να κάνετε προσπάθεια για να διατηρήσετε τις παλιές σας σχέσεις. </THE-HANGED-MAN-ONE >
<DEATH-ONE >Αυτή η κάρτα δείχνει μία ευημερούσα περίοδο για εσάς και την οικογένειά σας και μπορεί επίσης να σκέφτεστε να μάθετε κάποια εργασία νοικοκυριού για διάφορους λόγους. Μπορεί να υπάρξουν κάποιες αλλαγές ή αδέξιες στιγμές ανάμεσα σε εσάς και τους φίλους σας που θα οφείλονται σε κάποιες ασυνήθιστες περιστάσεις, αλλά σύντομα θα τα διορθώσετε και τα πράγματα θα επανέλθουν ακριβώς στην κατάσταση που ήταν. </DEATH-ONE >
<TEMPERANCE-ONE >Θα παρατηρήσετε ότι η οικογένεια και οι συγγενείς σας θα είναι πολύ υποστηρικτικοί με εσάς και θα σας δώσουν τις σωστές συμβουλές σε σχέση με την προσωπική σας ζωή. Θα υπάρξει ένα συναισθηματική κύμα ανάμεσα σε εσάς και το ταίρι σας. Θα πρέπει να διατηρήσετε την ψυχραιμία σας και να επιλύσετε τις καταστάσεις καθώς μπορεί να νευριάζετε εύκολα. </TEMPERANCE-ONE >
<THE-DEVIL-ONE >Αυτή η κάρτα δείχνει ότι τώρα θα είστε πολύ συναισθηματικοί και θα είναι δύσκολο να μην κάνετε αυτό που πραγματικά θέλετε, αλλά θα προσπαθήσετε να εξισορροπήσετε την κατάσταση προς το παρόν. Μπορεί να υπάρχει ένας τυφώνας συγκρούσεων στο μυαλό σας, καθώς θα ασχολείστε με πολλές ενοχλητικές σκέψεις μαζί. </THE-DEVIL-ONE >
<THE-TOWER-ONE >Αυτή δεν θα είναι μια πολύ ευχάριστη στιγμή που μπορεί να χρειαστεί να αντιμετωπίσετε κάποια σκληρά γεγονότα τόσο οικονομικά όσο και προσωπικά. Αυτό θα μπορούσε επίσης να οδηγήσει σε κατάρρευση, αλλά οι αγαπημένοι σας θα σας βοηθήσουν να το ξεπεράσετε. Θα είστε τυχεροί και άτυχοι ταυτόχρονα, λόγω των συνθηκών που αντιμετωπίζετε. </THE-TOWER-ONE >
<THE-STAR-ONE >Θα παρατηρήσετε ότι ορισμένοι από τους συγγενείς σας μπορεί να αντιμετωπίζουν προβλήματα που σχετίζονται με τη γραφειοκρατία και θα πάτε να βοηθήσετε. Μπορεί να ακούσετε κάποιες καλές ειδήσεις από κάποιον, που θα είναι πολύ ενδιαφέρουσες και θα σας δώσουν την αίσθηση της συντροφικότητας που θα σας κάνει να νιώσετε άνετοι και ανακουφισμένοι. </THE-STAR-ONE >
<THE-MOON-ONE >Μπορεί να προκύψουν καταστάσεις που θα σας κάνουν να αισθανθείτε ευάλωτοι, συγχυσμένοι και αβέβαιοι. Μπορεί να σκέφτεστε πολύ συναισθηματικά για ένα φίλο ή ένα αγαπητό πρόσωπο και αυτό θα σας αφήσει σε δίλλημα με σκέψεις για το τι πρέπει να κάνετε και τι όχι. Τα σχέδιά σας να συναντήσετε έναν φίλο ή συγγενή θα αποδειχθούν πολύ απογοητευτικά. </THE-MOON-ONE >
<THE-SUN-ONE >Μπορεί τώρα να προσπαθήσετε να διευθετήσετε κάποια πράγματα καθώς θέλετε να έχετε ισορροπία στη ζωή σας. Θα μιλήσετε με τους συγγενείς σας, αλλά θα αισθάνεστε ότι δεν σας υποστηρίζουν. Θα σκεφτείτε να συνδυάσετε την δουλειά με την ευχαρίστηση ή θα προσπαθήσετε να κάνετε δεσμούς φιλίας στο χώρο εργασίας σας, αλλά θα αποδειχθεί ότι δεν ήταν και τόσο καλή αυτή η ιδέα. </THE-SUN-ONE >
<JUDGEMENT-ONE >Αυτή η κάρτα δείχνει ότι θα πρέπει να πάρετε κάποιες πολύ σημαντικές αποφάσεις και αυτές θα περιλαμβάνουν έναν παλιό φίλο ή σύντροφο. Μπορεί επίσης να φθάνουν μερικά καλά νέα από έναν φίλο ή συγγενή σας. Ο δεσμός με τους φίλους και τους συγγενείς σας θα δυναμώσει. </JUDGEMENT-ONE >
<THE-WORLD-ONE >Θα συγκεντρωθεί πολλή πίεση στο κεφάλι σας και μπορεί να φτάσει στο υψηλότερο σημείο πριν την έκρηξη. Ήρθε η ώρα να πάτε διακοπές ή σε κάποιο μακρινό μέρος για λίγο. Θα ψάξετε για υποστήριξη στους φίλους σας και κάποιοι από αυτούς θα την προσφέρουν και θα σας ανακουφίσουν πρόθυμα. </THE-WORLD-ONE >
<THE-FOOL-ONE >Θα βρεθείτε σε θέση να βοηθήσετε έναν από τους συγγενείς σας, αλλά μπορεί αυτός ο συγγενής να χάσει αυτή την ευκαιρία, λόγω της απερισκεψίας του. Ένα άτομο κοντά σας θα σας κάνει να συνειδητοποιήσετε ότι είστε πολύ ευάλωτοι και, ως εκ τούτου κάποιος σας εκμεταλλεύεται, πράγμα που θα αποδειχθεί κακό μακροπρόθεσμα.</THE-FOOL-ONE >
    </ROOT>
