[
  {
    "questionNo": 1,
    "question": "If you are near a pedestrian crossing and there are people waiting to cross the road, you should",
    "optionA": "Slow down, press horn and proceed",
    "optionB": "Press horn and proceed",
    "optionC": "Stop the vehicle, wait until pedestrians cross and then move forward",
    "answer": "Stop the vehicle, wait until pedestrians cross and then move forward"
  },
  {
    "questionNo": 2,
    "question": "You are coming towards a narrow bridge and another vehicle is about to enter the bridge from the other side. What should you do?",
    "optionA": "Through the right side of the vehicle ahead",
    "optionB": "If the road is wide enough",
    "optionC": "Through the left side of the vehicle ahead",
    "answer": "Through the right side of the vehicle ahead"
  },
  {
    "questionNo": 3,
    "question": "You can overtake a vehicle that is in the front",
    "optionA": "Wait until the other vehicle crosses the bridge before proceeding",
    "optionB": "Switch on headlight and the cross the bridge",
    "optionC": "Increase speed of the vehicle and try to cross the bridge quickly",
    "answer": "Wait until the other vehicle crosses the bridge before proceeding"
  },
  {
    "questionNo": 4,
    "question": "If a vehicle approaches a railway crossing that is not guarded and the vehicle wants to proceed, the driver should",
    "optionA": "Wait until the train passes",
    "optionB": "Press horn and cross the track at the earliest",
    "optionC": "Stop the vehicle on left hand side of the road, approach the track and ensure that there is no train or trolley coming from any side prior to crossing",
    "answer": "Stop the vehicle on left hand side of the road, approach the track and ensure that there is no train or trolley coming from any side prior to crossing"
  },
  {
    "questionNo": 5,
    "question": "Transport vehicles can be distinguished by",
    "optionA": "The colour of the vehicle",
    "optionB": "Number plate of the vehicle",
    "optionC": "Tyre size of the vehicle",
    "answer": "Number plate of the vehicle"
  },
  {
    "questionNo": 6,
    "question": "A learner’s license is valid for a period of",
    "optionA": "30 days",
    "optionB": "6 months",
    "optionC": "Until a driving licence is availed",
    "answer": "6 months"
  },
  {
    "questionNo": 7,
    "question": "In case a road does not have a footpath pedestrians will have to",
    "optionA": "Walk on the right side of the road",
    "optionB": "Walk on the left side of the road",
    "optionC": "Walk on any side of the road",
    "answer": "Walk on the right side of the road"
  },
  {
    "questionNo": 8,
    "question": "Free passage should be provided to the following vehicles",
    "optionA": "Express buses",
    "optionB": "vehicles",
    "optionC": "Fire service vehicles and ambulance",
    "answer": "Fire service vehicles and ambulance"
  },
  {
    "questionNo": 9,
    "question": "Vehicles that come from the opposite side should be allowed to proceed through the",
    "optionA": "Left side",
    "optionB": "Right side",
    "optionC": "Any convenient side",
    "answer": "Right side"
  },
  {
    "questionNo": 10,
    "question": "Driver of a vehicle can overtake when",
    "optionA": "The driver of the vehicle ahead gives the signal to overtake",
    "optionB": "Road is wide enough",
    "optionC": "Driving down a hill",
    "answer": "The driver of the vehicle ahead gives the signal to overtake"
  },
  {
    "questionNo": 11,
    "question": "Driver of a vehicle shall drive through the",
    "optionA": "Left side of the road",
    "optionB": "Right side of the road",
    "optionC": "Center of the road",
    "answer": "Left side of the road"
  },
  {
    "questionNo": 12,
    "question": "If a vehicle is parked on the side of a road at night",
    "optionA": "The vehicle should be locked",
    "optionB": "Park light should remain on",
    "optionC": "All of the above",
    "answer": "All of the above"
  },
  {
    "questionNo": 13,
    "question": "Fog lamps should be used when",
    "optionA": "There is mist",
    "optionB": "At night",
    "optionC": "When the vehicle opposite is not using the dim light",
    "answer": "There is mist"
  },
  {
    "questionNo": 14,
    "question": "Zebra lines are meant for",
    "optionA": "Crossing of pedestrians",
    "optionB": "Stopping vehicles",
    "optionC": "Overtaking",
    "answer": "Crossing of pedestrians"
  },
  {
    "questionNo": 15,
    "question": "If an ambulance is approaching",
    "optionA": "No preference should be given",
    "optionB": "Provide passage if there are no vehicles on the other side",
    "optionC": "Allow free passage by moving to the side of the road",
    "answer": "Allow free passage by moving to the side of the road"
  },
  {
    "questionNo": 16,
    "question": "Red traffic light is an sign to",
    "optionA": "Slow the vehicle",
    "optionB": "Stop the vehicle",
    "optionC": "Proceed with caution",
    "answer": "Stop the vehicle"
  },
  {
    "questionNo": 17,
    "question": "Parking in front of a hospital is",
    "optionA": "Not correct",
    "optionB": "Correct",
    "optionC": "Depends on the situation",
    "answer": "Not correct"
  },
  {
    "questionNo": 18,
    "question": "If a driver sees the sign for ‘slippery road ahead’ he/she must",
    "optionA": "Drive faster",
    "optionB": "Change gear and reduce speed",
    "optionC": "Apply brake but proceed in the same speed",
    "answer": "Change gear and reduce speed"
  },
  {
    "questionNo": 19,
    "question": "Overtaking is prohibited when",
    "optionA": "Roads are slippery",
    "optionB": "Poses danger to oncoming traffic",
    "optionC": "All of the above",
    "answer": "All of the above"
  },
  {
    "questionNo": 20,
    "question": "Overtaking when the vehicle approaches a bend is",
    "optionA": "Not allowed",
    "optionB": "Allowed",
    "optionC": "Allowed with caution",
    "answer": "Not allowed"
  },
  {
    "questionNo": 21,
    "question": "Drunken driving is",
    "optionA": "Allowed at night",
    "optionB": "Allowed during the day",
    "optionC": "Prohibited at all times",
    "answer": "Prohibited at all times"
  },
  {
    "questionNo": 22,
    "question": "Honking is prohibited near",
    "optionA": "Places of religious worship such as Temple, Mosque and Churches",
    "optionB": "Hospitals, Court of Law",
    "optionC": "Near Police Stations",
    "answer": "Hospitals, Court of Law"
  },
  {
    "questionNo": 23,
    "question": "Rear view mirror is utilized for",
    "optionA": "Watching traffic that is approaching from behind",
    "optionB": "Watching back seat passengers",
    "optionC": "Car decor",
    "answer": "Watching traffic that is approaching from behind"
  },
  {
    "questionNo": 24,
    "question": "Boarding in and alighting from vehicles when it is in motion is",
    "optionA": "Allowed in autos",
    "optionB": "Allowed in buses",
    "optionC": "Prohibited in all vehicles",
    "answer": "Prohibited in all vehicles"
  },
  {
    "questionNo": 25,
    "question": "Mobile phones should not be used",
    "optionA": "At home",
    "optionB": "In office",
    "optionC": "While driving a vehicle",
    "answer": "While driving a vehicle"
  },
  {
    "questionNo": 26,
    "question": "Overtaking is not allowed when",
    "optionA": "When the road is wide enough",
    "optionB": "When the road ahead is not visible clearly",
    "optionC": "The road has no potholes",
    "answer": "When the road ahead is not visible clearly"
  },
  {
    "questionNo": 27,
    "question": "Pedestrians are not allowed to cross the road close to stopped vehicles or near sharp bends because",
    "optionA": "It is an inconvenience to oncoming vehicles",
    "optionB": "It is inconvenient to other pedestrians",
    "optionC": "Drivers of approaching vehicles may not be able to see them",
    "answer": "Drivers of approaching vehicles may not be able to see them"
  },
  {
    "questionNo": 28,
    "question": "Records needed for private vehicles are",
    "optionA": "G.C.R, Insurance Certificate, Registration Certificate",
    "optionB": "Insurance Certificate, Registration Certificate, Driving License and Tax Token",
    "optionC": "Permit, Trip Sheet, Registration Certificate",
    "answer": "Insurance Certificate, Registration Certificate, Driving License and Tax Token"
  },
  {
    "questionNo": 29,
    "question": "Validity of Pollution Under Control Certificate is",
    "optionA": "1 year",
    "optionB": "6 months",
    "optionC": "2 years",
    "answer": "6 months"
  },
  {
    "questionNo": 30,
    "question": "When you see the sign for ‘School nearby’ , you should",
    "optionA": "Slow down and go ahead with caution",
    "optionB": "Stop the vehicle",
    "optionC": "Press horn and proceed in the same speed",
    "answer": "Slow down and go ahead with caution"
  },
  {
    "questionNo": 31,
    "question": "Minimum age for availing a license to drive a motor vehicle without gear is",
    "optionA": "16 years",
    "optionB": "21 years",
    "optionC": "18 years",
    "answer": "16 years"
  },
  {
    "questionNo": 32,
    "question": "If a driver of a two wheeler is turning to the left, he/she should",
    "optionA": "Extend the right hand and give the left turn signal",
    "optionB": "Not give any signal",
    "optionC": "Extend the left hand and give the left turn signal",
    "answer": "Extend the left hand and give the left turn signal"
  },
  {
    "questionNo": 33,
    "question": "One time tax for a new car is",
    "optionA": "5 years",
    "optionB": "Until registration is cancelled",
    "optionC": "15 years",
    "answer": "15 years"
  },
  {
    "questionNo": 34,
    "question": "Prior to overtaking a vehicle driver should ensure that",
    "optionA": "The road ahead is visible clearly and is safe to overtake",
    "optionB": "There are no vehicles ahead",
    "optionC": "The road is not safe",
    "answer": "The road ahead is visible clearly and is safe to overtake"
  },
  {
    "questionNo": 35,
    "question": "Parking is prohibited on",
    "optionA": "A foot path",
    "optionB": "On a one-way road",
    "optionC": "On a main road",
    "answer": "A foot path"
  },
  {
    "questionNo": 36,
    "question": "Hand brake should be used to",
    "optionA": "Park a vehicle",
    "optionB": "Apply brake suddenly",
    "optionC": "Reduce speed",
    "answer": "Park a vehicle"
  },
  {
    "questionNo": 37,
    "question": "Using unregistered vehicles in public spaces is",
    "optionA": "Illegal",
    "optionB": "Legal",
    "optionC": "Legal if necessary",
    "answer": "Illegal"
  },
  {
    "questionNo": 38,
    "question": "Minimum age to avail driving license for transport vehicles is",
    "optionA": "16 years",
    "optionB": "20 years",
    "optionC": "45 years",
    "answer": "20 years"
  },
  {
    "questionNo": 39,
    "question": "A circular blue sign with a red border and two red diagonal lines crossing it means what ?",
    "optionA": "Give way",
    "optionB": "No Overtaking",
    "optionC": "No Stopping",
    "answer": "No Stopping"
  },
  {
    "questionNo": 40,
    "question": "When you change houses you must inform your nearest RTO about the change in your address within:",
    "optionA": "90 days",
    "optionB": "30 days",
    "optionC": "1 year",
    "answer": "30 days"
  },
  {
    "questionNo": 41,
    "question": "in a one-way road you should not:",
    "optionA": "Over-speed",
    "optionB": "Park on the way",
    "optionC": "Drive in the reverse gear",
    "answer": "Drive in the reverse gear"
  },
  {
    "questionNo": 42,
    "question": "How do you know that a vehicle is a transport vehicle ?",
    "optionA": "By the make of the vehicle",
    "optionB": "By the driver’s license",
    "optionC": "By seeing the number plate of the vehicle",
    "answer": "By seeing the number plate of the vehicle"
  },
  {
    "questionNo": 43,
    "question": "Overtaking is allowed only:",
    "optionA": "From the right side",
    "optionB": "From the left side",
    "optionC": "After honking 3 times",
    "answer": "From the right side"
  },
  {
    "questionNo": 44,
    "question": "While travelling uphill which vehicle has the right-of-way over others?",
    "optionA": "Largest vehicle",
    "optionB": "Any vehicle travelling uphill",
    "optionC": "The vehicle which came first",
    "answer": "Any vehicle travelling uphill"
  },
  {
    "questionNo": 45,
    "question": "The driver of any vehicle is allowed to overtake",
    "optionA": "When the driver in front gives the right indication to overtake",
    "optionB": "When there is a broad road",
    "optionC": "Driving on a hilly road",
    "answer": "When the driver in front gives the right indication to overtake"
  },
  {
    "questionNo": 46,
    "question": "Red signal in traffic implies:",
    "optionA": "Please slow down your vehicle",
    "optionB": "Please stop your vehicle",
    "optionC": "Move with caution",
    "answer": "Please stop your vehicle"
  },
  {
    "questionNo": 47,
    "question": "Overtaking will be forbidden in case",
    "optionA": "Roads look greasy",
    "optionB": "Dangerous to approaching traffic",
    "optionC": "All mentioned as above",
    "answer": "All mentioned as above"
  },
  {
    "questionNo": 48,
    "question": "When your car is halted on one side of the road at night then",
    "optionA": "The vehicle must be under lock and key",
    "optionB": "Parking signal must be used",
    "optionC": "All as mentioned above",
    "answer": "All as mentioned above"
  },
  {
    "questionNo": 49,
    "question": "The driver of a vehicle must drive on the",
    "optionA": "Road’s Left side",
    "optionB": "Road’s right side",
    "optionC": "in the middle",
    "answer": "Road’s Left side"
  },
  {
    "questionNo": 50,
    "question": "A road not having a footpath walkers must",
    "optionA": "Walk on road’s right side",
    "optionB": "Walk on the road’s middle side",
    "optionC": "Walk as per your wish",
    "answer": "Walk on road’s right side"
  },
  {
    "questionNo": 51,
    "question": "Vehicles used for transport can be differentiated through",
    "optionA": "Vehicle’s colour",
    "optionB": "Vehicle number plate",
    "optionC": "Vehicle size",
    "answer": "Vehicle number plate"
  },
  {
    "questionNo": 52,
    "question": "Pollution Under Control Certificate or PUC is valid for",
    "optionA": "One year",
    "optionB": "180 days",
    "optionC": "24 months",
    "answer": "180 days"
  },
  {
    "questionNo": 53,
    "question": "The minimum eligibility for getting a driving license for driving a vehicle lacking gear is",
    "optionA": "16 years of age",
    "optionB": "15 years",
    "optionC": "25 years",
    "answer": "16 years of age"
  },
  {
    "questionNo": 54,
    "question": "Rearmost mirror is used for the purpose of",
    "optionA": "Observing traffic that is coming from behind",
    "optionB": "Viewing passengers who are seated at the back",
    "optionC": "Decorations of the vehicle",
    "answer": "Observing traffic that is coming from behind"
  },
  {
    "questionNo": 55,
    "question": "You must use lamps used for fog when:",
    "optionA": "You can see fog",
    "optionB": "During night",
    "optionC": "When you notice that the opposite side vehicle’s dim light is not on",
    "answer": "You can see fog"
  },
  {
    "questionNo": 56,
    "question": "If your driver sees the sign for ‘greasy road in front the driver must",
    "optionA": "You will drive faster",
    "optionB": "Change your gear and lessen your vehicle’s speed",
    "optionC": "Put brake but move in the similar swiftness",
    "answer": "Change your gear and lessen your vehicle’s speed"
  },
  {
    "questionNo": 57,
    "question": "The tax for a new car is to be paid once in",
    "optionA": "10 years",
    "optionB": "15 years",
    "optionC": "Till the cancellation of the vehicle’s",
    "answer": "15 years"
  },
  {
    "questionNo": 58,
    "question": "Overhauling is not permissible if:",
    "optionA": "The road is broad",
    "optionB": "The road in front is not noticeable evidently",
    "optionC": "The road does not have holes",
    "answer": "The road in front is not noticeable evidently"
  },
  {
    "questionNo": 59,
    "question": "The Parking hand-brake must be in use to",
    "optionA": "Stop and park your vehicle",
    "optionB": "Fast apply of the brake",
    "optionC": "Reduce the speediness",
    "answer": "Stop and park your vehicle"
  },
  {
    "questionNo": 60,
    "question": "What is the minimum age for driving a motorcycle without gear?",
    "optionA": "16 years",
    "optionB": "18 years",
    "optionC": "21 years",
    "answer": "16 years"
  },
  {
    "questionNo": 61,
    "question": "What should you do when you see a traffic sign of a school nearby?",
    "optionA": "Stop the vehicle",
    "optionB": "Slow down and proceed carefully",
    "optionC": "Press horn and proceed in the same speed",
    "answer": "Slow down and proceed carefully"
  },
  {
    "questionNo": 62,
    "question": "Before you overtake a vehicle what should you keep in mind?",
    "optionA": "The road ahead should be clearly visible and overtaking should be safe",
    "optionB": "There are no vehicles ahead",
    "optionC": "The road is not safe",
    "answer": "The road ahead should be clearly visible and overtaking should be safe"
  },
  {
    "questionNo": 63,
    "question": "If a driver sees the sign for ‘slippery road ahead’ he/she must",
    "optionA": "Drive faster",
    "optionB": "Change gear and reduce speed",
    "optionC": "Apply brake but proceed in the same speed",
    "answer": "Change gear and reduce speed"
  },
  {
    "questionNo": 64,
    "question": "Overspeeding is",
    "optionA": "Not an offence and can be neglected",
    "optionB": "Is an offence but no charges are pressed against you",
    "optionC": "an offence that could lead to your driving licence being cancelled or suspended",
    "answer": "an offence that could lead to your driving licence being cancelled or suspended"
  },
  {
    "questionNo": 65,
    "question": "The only vehicle which is allowed to drive at a speed of 60km/ hour is",
    "optionA": "Motor car",
    "optionB": "Heavy bus/trucks",
    "optionC": "All of the above",
    "answer": "Motor car"
  },
  {
    "questionNo": 66,
    "question": "if you see a yellow light at the traffic signal you should",
    "optionA": "Reduce your vehicle speed and proceed with caution",
    "optionB": "Slow the vehicle",
    "optionC": "Stop the vehicle",
    "answer": "Reduce your vehicle speed and proceed with caution"
  },
  {
    "questionNo": 67,
    "question": "Be careful while overtaking vehicles marked with ‘L’( learner driver) because",
    "optionA": "You might crash into them",
    "optionB": "You might crash into people on the road",
    "optionC": "The learner driver might get nervous and make a mistake",
    "answer": "The learner driver might get nervous and make a mistake"
  },
  {
    "questionNo": 68,
    "question": "If a vehicle is parked on the side of a road at night",
    "optionA": "The vehicle should be locked",
    "optionB": "Park light should remain on",
    "optionC": "All of the above",
    "answer": "All of the above"
  },
  {
    "questionNo": 69,
    "question": "You should never try to overtake a cyclist when",
    "optionA": "Driving on a narrow road and just before you are about to turn left",
    "optionB": "On a crowded street",
    "optionC": "All of the above",
    "answer": "Driving on a narrow road and just before you are about to turn left"
  },
  {
    "questionNo": 71,
    "question": "When near a pedestrian crossing as the pedestrians are waiting to cross the road what should you do?",
    "optionA": "Sound horn and proceed Slow down",
    "optionB": "Stop the vehicle and wait till the pedestrians cross the road and then proceed",
    "optionC": "sound horn and pass",
    "answer": "Stop the vehicle and wait till the pedestrians cross the road and then proceed"
  },
  {
    "questionNo": 72,
    "question": "While parking your vehicle on a downward gradient in addition to the application of hand brake the gear engaged should be:",
    "optionA": "In neutral",
    "optionB": "In first",
    "optionC": "In reverse",
    "answer": "In reverse"
  },
  {
    "questionNo": 73,
    "question": "When a vehicle is involved in an accident causing injury to any person what should you do?",
    "optionA": "Take the vehicle to the nearest police station and report the accident",
    "optionB": "Stop the vehicle and report to the police station",
    "optionC": "Take all reasonable steps to secure medical attention to the injured and report to the nearest police station within 24 hours",
    "answer": "Take all reasonable steps to secure medical attention to the injured and report to the nearest police station within 24 hours"
  },
  {
    "questionNo": 74,
    "question": "On a road designated as one way which of the following holds true?",
    "optionA": "Parking is prohibited",
    "optionB": "Overtaking is prohibited",
    "optionC": "Should not drive in reverse gear",
    "answer": "Should not drive in reverse gear"
  },
  {
    "questionNo": 75,
    "question": "When a blind person is crossing the road holding a white cane the driver should:",
    "optionA": "Consider the white cane as a traffic sign to stop the vehicle",
    "optionB": "Blow the horn and proceed",
    "optionC": "Slow down and proceed with caution",
    "answer": "Consider the white cane as a traffic sign to stop the vehicle"
  },
  {
    "questionNo": 76,
    "question": "What happens if you are carrying overload in goods carriages?",
    "optionA": "It is not a punishable offence",
    "optionB": "Only attracts a fine",
    "optionC": "Driving licence can be suspended or cancelled",
    "answer": "Driving licence can be suspended or cancelled"
  },
  {
    "questionNo": 77,
    "question": "When you reach an intersection where there is no signal light or a traffic police man you should:",
    "optionA": "Give way to traffic approaching the intersection from other roads",
    "optionB": "Give proper signal",
    "optionC": "Give way to the traffic approaching the intersection on your right side and proceed after giving necessary signals",
    "answer": "Give way to the traffic approaching the intersection on your right side and proceed after giving necessary signals"
  },
  {
    "questionNo": 78,
    "question": "When is overtaking is prohibited?",
    "optionA": "When the road is marked with a broken center line in the colour white",
    "optionB": "When the vehicle is being driven on a steep hill",
    "optionC": "When the road is marked with a continuous center line in the colour yellow",
    "answer": "When the vehicle is being driven on a steep hill"
  },
  {
    "questionNo": 79,
    "question": "If the road is marked with broken white lines you:",
    "optionA": "shall not change track",
    "optionB": "can change track",
    "optionC": "if required",
    "answer": "if required"
  },
  {
    "questionNo": 80,
    "question": "What is the meaning of a blinking red traffic light?",
    "optionA": "Stop the vehicle till green light glows",
    "optionB": "Stop the vehicle and proceed if safe",
    "optionC": "Reduce speed and proceed",
    "answer": "Stop the vehicle and proceed if safe"
  },
  {
    "questionNo": 81,
    "question": "Maximum permitted speed of a motor car on national highway is:",
    "optionA": "60 km/hr",
    "optionB": "70 km/hr",
    "optionC": "80 km/hr",
    "answer": "70 km/hr"
  },
  {
    "questionNo": 82,
    "question": "Where is the number of passengers permitted to be taken in a private vehicle recorded?",
    "optionA": "Registration Certificate",
    "optionB": "Tax Token",
    "optionC": "Permit",
    "answer": "Registration Certificate"
  },
  {
    "questionNo": 83,
    "question": "Before starting the engine of a vehicle you should:",
    "optionA": "Check radiator water level and engine oil level",
    "optionB": "Check headlight",
    "optionC": "Check the brakes",
    "answer": "Check radiator water level and engine oil level"
  },
  {
    "questionNo": 84,
    "question": "The maximum permissible speed of a light motor vehicle is:",
    "optionA": "60 km/hr",
    "optionB": "70 km/hr",
    "optionC": "No limit",
    "answer": "60 km/hr"
  },
  {
    "questionNo": 85,
    "question": "According to Section 113 of the Motor Vehicle Act 1988 a driver should not drive a vehicle:",
    "optionA": "After consuming alcohol",
    "optionB": "Exceeding the speed limit",
    "optionC": "Exceeding the weight permitted to carry",
    "answer": "Exceeding the weight permitted to carry"
  },
  {
    "questionNo": 86,
    "question": "You are behind a bus that has stopped to pick up or drop off passengers. What should you do?",
    "optionA": "Patiently wait behind",
    "optionB": "Overtake from the left",
    "optionC": "Overtake from the right",
    "answer": "Patiently wait behind"
  },
  {
    "questionNo": 87,
    "question": "The middle lane is for:",
    "optionA": "Overtaking",
    "optionB": "Traffic driving at 40km/hr",
    "optionC": "Two wheelers",
    "answer": "Traffic driving at 40km/hr"
  },
  {
    "questionNo": 88,
    "question": "A flashing yellow signal is used when:",
    "optionA": "Traffic lights are not working",
    "optionB": "You should slow down and proceed with caution",
    "optionC": "There is construction going on nearby",
    "answer": "You should slow down and proceed with caution"
  },
  {
    "questionNo": 89,
    "question": "Where out of the following are you allowed to park?",
    "optionA": "A footpath",
    "optionB": "On top of a hill",
    "optionC": "Neither of the options above",
    "answer": "Neither of the options above"
  },
  {
    "questionNo": 90,
    "question": "A high beam in foggy conditions:",
    "optionA": "Is good because you can see more clearly",
    "optionB": "Is bad because it reflects back and can dazzle",
    "optionC": "Makes sure that others can see you",
    "answer": "Is bad because it reflects back and can dazzle"
  },
  {
    "questionNo": 91,
    "question": "When should you switch on your hazard warning lights?",
    "optionA": "When you are moving straight",
    "optionB": "When your vehicle is parked and the same is causing inconvenience to other road users",
    "optionC": "When your vehicle parked in a no parking area",
    "answer": "When your vehicle is parked and the same is causing inconvenience to other road users"
  },
  {
    "questionNo": 92,
    "question": "You can overtake a vehicle in the front:",
    "optionA": "From the right side of the vehicle",
    "optionB": "From the left side of the vehicle",
    "optionC": "if the road is wide",
    "answer": "From the right side of the vehicle"
  },
  {
    "questionNo": 93,
    "question": "How can you distinguish a transport vehicle ?",
    "optionA": "By looking at the tyre size",
    "optionB": "By the colour of the vehicle",
    "optionC": "By looking at the number plate of the vehicle",
    "answer": "By looking at the number plate of the vehicle"
  },
  {
    "questionNo": 94,
    "question": "What is the validity of the learner’s licence?",
    "optionA": "3 months",
    "optionB": "6 months",
    "optionC": "9 months",
    "answer": "6 months"
  },
  {
    "questionNo": 95,
    "question": "Free passage should be given to which of the following types of vehicles?",
    "optionA": "Police vehicles",
    "optionB": "Emergency vehicles (Ambulances and fire service vehicles)",
    "optionC": "Buses",
    "answer": "Emergency vehicles (Ambulances and fire service vehicles)"
  },
  {
    "questionNo": 96,
    "question": "Driver of a motor vehicle shall drive through:",
    "optionA": "The right side of the road",
    "optionB": "The left side of the road",
    "optionC": "The centre of the road",
    "answer": "The left side of the road"
  },
  {
    "questionNo": 97,
    "question": "When are fog lamps used?",
    "optionA": "During the night",
    "optionB": "When there is mist",
    "optionC": "When the opposite vehicle is not using dim lights",
    "answer": "When there is mist"
  },
  {
    "questionNo": 98,
    "question": "A red traffic light indicates?",
    "optionA": "Stop",
    "optionB": "Slow down",
    "optionC": "Go",
    "answer": "Stop"
  },
  {
    "questionNo": 99,
    "question": "Can you park your vehicle in front of the entrance to a hospital?",
    "optionA": "Yes",
    "optionB": "No",
    "optionC": "but only if a NO PARKING sign is not there",
    "answer": "No"
  },
  {
    "questionNo": 100,
    "question": "Where the slippery road sign is seen on the road the driver shall:",
    "optionA": "Apply the brake",
    "optionB": "Proceed at the same speed",
    "optionC": "Reduce speed by changing gears",
    "answer": "Reduce speed by changing gears"
  },
  {
    "questionNo": 101,
    "question": "On a road designated as one way",
    "optionA": "Parking is prohibited",
    "optionB": "Overtaking is prohibited",
    "optionC": "Should not drive in reverse gear",
    "answer": "Should not drive in reverse gear"
  },
  {
    "questionNo": 102,
    "question": "You can overtake a vehicle in front",
    "optionA": "From the right side of that vehicle",
    "optionB": "Through the left side",
    "optionC": "if the road is wide",
    "answer": "From the right side of that vehicle"
  },
  {
    "questionNo": 103,
    "question": "Validity of learner’s licence",
    "optionA": "6 months from the date of issue",
    "optionB": "30 days",
    "optionC": "Till the driving licence is",
    "answer": "6 months from the date of issue"
  },
  {
    "questionNo": 104,
    "question": "Zebra lines are meant for",
    "optionA": "stopping vehicle",
    "optionB": "pedestrians crossing",
    "optionC": "for giving preference to vehicle",
    "answer": "pedestrians crossing"
  },
  {
    "questionNo": 105,
    "question": "Using unregistered vehicle in public place is",
    "optionA": "Illegal",
    "optionB": "Legal",
    "optionC": "Legal if there is urgency",
    "answer": "Illegal"
  },
  {
    "questionNo": 106,
    "question": "More than two persons on a two wheeler is",
    "optionA": "Allowed in unavoidable circumstances",
    "optionB": "Violation of law",
    "optionC": "Allowed when the traffic is less",
    "answer": "Violation of law"
  },
  {
    "questionNo": 107,
    "question": "Overtaking is prohibited in the following case",
    "optionA": "State highway",
    "optionB": "Panchayat roads",
    "optionC": "Narrow bridge",
    "answer": "Narrow bridge"
  },
  {
    "questionNo": 108,
    "question": "Parking is prohibited in the following case",
    "optionA": "road side",
    "optionB": "where parking is permitted",
    "optionC": "near traffic light",
    "answer": "near traffic light"
  },
  {
    "questionNo": 109,
    "question": "Before the turn driver should",
    "optionA": "Slow down the vehicle",
    "optionB": "Not slow Down the vehicle",
    "optionC": "Drive Fast",
    "answer": "Slow down the vehicle"
  },
  {
    "questionNo": 110,
    "question": "While parking your vehicle at night you should",
    "optionA": "Apply parking brake",
    "optionB": "Turn parking lights on",
    "optionC": "Apply both",
    "answer": "Apply both"
  },
  {
    "questionNo": 111,
    "question": "Why tyre rotation is advisable in a vehicle ?",
    "optionA": "It maintains wheel balancing",
    "optionB": "It maintains wheel alignment",
    "optionC": "It avoids abnormal wear on the tyre",
    "answer": "It avoids abnormal wear on the tyre"
  },
  {
    "questionNo": 112,
    "question": "While driving what will you keep in mind ?",
    "optionA": "The weather & Road conditions",
    "optionB": "The traffic around you",
    "optionC": "Both",
    "answer": "Both"
  },
  {
    "questionNo": 113,
    "question": "When child lock is applied in a car",
    "optionA": "Door can be opened from inside only",
    "optionB": "Door can be opened from outside only",
    "optionC": "Door can be opened from both sides",
    "answer": "Door can be opened from outside only"
  },
  {
    "questionNo": 114,
    "question": "ABC in first aid means",
    "optionA": "Attentive, Breath, Contact",
    "optionB": "Airway, Breathing, Circulation",
    "optionC": "Accelerator, Brake, Clutch",
    "answer": "Airway, Breathing, Circulation"
  },
  {
    "questionNo": 115,
    "question": "Drinking alcohol and driving invites",
    "optionA": "wrong judgement by driver",
    "optionB": "reduced vision of a driver",
    "optionC": "both",
    "answer": "both"
  },
  {
    "questionNo": 116,
    "question": "You can save fuel by..",
    "optionA": "Proper tuning of the vehicle",
    "optionB": "Proper cleaning of the vehicle",
    "optionC": "Making excessive use of Clutch while driving",
    "answer": "Proper tuning of the vehicle"
  },
  {
    "questionNo": 117,
    "question": "How can you distinguish a transport vehicle",
    "optionA": "By looking at the tyre size",
    "optionB": "By colour of the vehicle",
    "optionC": "By looking at the number plate of the vehicle",
    "answer": "By looking at the number plate of the vehicle"
  },
  {
    "questionNo": 118,
    "question": "Maximum permitted speed of trucks on national high way in the state ?",
    "optionA": "40 km/hour",
    "optionB": "50 km/hour",
    "optionC": "60 km/hour",
    "answer": "50 km/hour"
  },
  {
    "questionNo": 119,
    "question": "When you should not use mobile ?",
    "optionA": "while driving / riding vehicle",
    "optionB": "at Parking",
    "optionC": "near schools",
    "answer": "while driving / riding vehicle"
  },
  {
    "questionNo": 120,
    "question": "All motor vehicles must be covered by",
    "optionA": "Life insurance of rider",
    "optionB": "Third party Insurance",
    "optionC": "Zero Depreciation Insurance",
    "answer": "Third party Insurance"
  },
  {
    "questionNo": 121,
    "question": "Smoking while driving public service vehicle",
    "optionA": "can attract suspension of driving licence",
    "optionB": "cannot be any problem",
    "optionC": "can attract fine only",
    "answer": "can attract suspension of driving licence"
  },
  {
    "questionNo": 122,
    "question": "Your vehicle can be seized if",
    "optionA": "you exceed speed limit",
    "optionB": "you don't have driving licence",
    "optionC": "You don't have registration papers / permit",
    "answer": "You don't have registration papers / permit"
  },
  {
    "questionNo": 123,
    "question": "You should never use horn near ___",
    "optionA": "Law Courts and Hospitals",
    "optionB": "Railway Stations and Bust Stops ",
    "optionC": "Religious Places",
    "answer": "Law Courts and Hospitals"
  },
  {
    "questionNo": 124,
    "question": "Maximum permissible speed of a motor cycle in cities",
    "optionA": "30 km/hour",
    "optionB": "40 km/hour",
    "optionC": "50 km/hour",
    "answer": "40 km/hour"
  },
  {
    "questionNo": 125,
    "question": "What is Tail-gating ?",
    "optionA": "blinking tail light continuesly",
    "optionB": "Keeping safe distance from the vehicle ahead",
    "optionC": "Driving too close behind a vehicle in a dangerous manner",
    "answer": "Driving too close behind a vehicle in a dangerous manner"
  },
  {
    "questionNo": 126,
    "question": "While turning right side of road you should always",
    "optionA": "should give right indicator",
    "optionB": "sound horn and then take right",
    "optionC": "sound horn and take right give right indicator and take right",
    "answer": "sound horn and take right give right indicator and take right"
  },
  {
    "questionNo": 127,
    "question": "Drunken driving can lead to",
    "optionA": "Jail upto 1 year",
    "optionB": "Rs. 5000 fine or Jail upto 6 months or both",
    "optionC": "Rs. 5000 fine",
    "answer": "Rs. 5000 fine or Jail upto 6 months or both"
  },
  {
    "questionNo": 128,
    "question": "If you see students getting out of school bus on road you should",
    "optionA": "keep blowing horn",
    "optionB": "don't care",
    "optionC": "drive slow with caution",
    "answer": "drive slow with caution"
  },
  {
    "questionNo": 129,
    "question": "How will you know how many passengers are permitted on a particular vehicle ?",
    "optionA": "By checking its pollution certificate",
    "optionB": "By checking its registration documents",
    "optionC": "By checking its insurance certificate",
    "answer": "By checking its registration documents"
  },
  {
    "questionNo": 130,
    "question": "Which of these colors is not permitted for private vehicles ?",
    "optionA": "Dark Blue",
    "optionB": "Olive Green",
    "optionC": "Bright red",
    "answer": "Olive Green"
  },
  {
    "questionNo": 131,
    "question": "If you wish to drive a public transport vehicle you must be at least what age ?",
    "optionA": "19",
    "optionB": "20",
    "optionC": "21",
    "answer": "20"
  },
  {
    "questionNo": 132,
    "question": "Under what circumstances is it permissible to undertake a vehicle on its left hand side ?",
    "optionA": "If it is going very slowly",
    "optionB": "If it is turning right",
    "optionC": "If you are in a hurry",
    "answer": "If it is turning right"
  },
  {
    "questionNo": 133,
    "question": "Which of these is the only one which it is not essential for the driver of a motor vehicle to have ?",
    "optionA": "Tax token",
    "optionB": "Registration certificate",
    "optionC": "Proof of purchase",
    "answer": "Proof of purchase"
  },
  {
    "questionNo": 134,
    "question": "You should not park within what distance of a fire hydrant ?",
    "optionA": "10 feet",
    "optionB": "6 feet",
    "optionC": "4 feet",
    "answer": "10 feet"
  },
  {
    "questionNo": 135,
    "question": "If you use your vehicle to obstruct a road as part of a protest or strike action you can face ?",
    "optionA": "Having your driving license suspended",
    "optionB": "A small fine",
    "optionC": "A written warning from the police",
    "answer": "Having your driving license suspended"
  },
  {
    "questionNo": 136,
    "question": "When a long vehicle moves over to the right hand side of its lane that means it ?",
    "optionA": "Is going to turn left",
    "optionB": "Could be turning left or right",
    "optionC": "Is going to stop",
    "answer": "Could be turning left or right"
  },
  {
    "questionNo": 137,
    "question": "The maximum number of persons permitted on a tractor is ?",
    "optionA": "One",
    "optionB": "Two",
    "optionC": "Three",
    "answer": "One"
  },
  {
    "questionNo": 138,
    "question": "The only type of horn permitted on a motor vehicle is what ?",
    "optionA": "A single tone electric horn",
    "optionB": "A single tone air horn",
    "optionC": "A two tone electric horn",
    "answer": "A single tone electric horn"
  },
  {
    "questionNo": 139,
    "question": "your registration plate should be illuminated with a light of which color ?",
    "optionA": "Red",
    "optionB": "Blue",
    "optionC": "White",
    "answer": "White"
  },
  {
    "questionNo": 140,
    "question": "When you have parked your vehicle on the road at night by law you must ?",
    "optionA": "Lock it",
    "optionB": "Leave the hazard lights on",
    "optionC": "Leave the parking light on",
    "answer": "Leave the parking light on"
  },
  {
    "questionNo": 141,
    "question": "From which of these vehicles may a passenger disembark while it is still moving ?",
    "optionA": "A public transport vehicle",
    "optionB": "A motorized rickshaw",
    "optionC": "None of them",
    "answer": "None of them"
  },
  {
    "questionNo": 142,
    "question": "It is permissible to exceed the speed limit…?",
    "optionA": "In perfect conditions",
    "optionB": "Under no circumstances",
    "optionC": "When making an overtake",
    "answer": "Under no circumstances"
  },
  {
    "questionNo": 143,
    "question": "The number plate of your vehicle must be…?",
    "optionA": "In Hindi",
    "optionB": "In Arabic with English numerals",
    "optionC": "In English with Arabic numerals",
    "answer": "In English with Arabic numerals"
  },
  {
    "questionNo": 144,
    "question": "If you drive while drunk you can face a term of imprisonment of up to ?",
    "optionA": "One month",
    "optionB": "Three months",
    "optionC": "Six months",
    "answer": "Six months"
  },
  {
    "questionNo": 145,
    "question": "What shape is a mandatory traffic sign ?",
    "optionA": "Square",
    "optionB": "Triangular",
    "optionC": "Circular",
    "answer": "Circular"
  },
  {
    "questionNo": 146,
    "question": "A passenger may not be carried on a motorcycle unless it has…?",
    "optionA": "Wide tires",
    "optionB": "Proper foot rests",
    "optionC": "A large engine",
    "answer": "Proper foot rests"
  },
  {
    "questionNo": 147,
    "question": "A circular blue sign with a red border and two red diagonal lines crossing it means what ?",
    "optionA": "No stopping",
    "optionB": "No U-turns",
    "optionC": "No overtaking",
    "answer": "No stopping"
  },
  {
    "questionNo": 148,
    "question": "The best driving technique for dealing with slippery roads is to",
    "optionA": "gear down",
    "optionB": "drive as fast as possible",
    "optionC": "gear up",
    "answer": "gear down"
  },
  {
    "questionNo": 149,
    "question": "If you're involved in a motor accident how long do you have to report it to the nearest police station ?",
    "optionA": "12 hours",
    "optionB": "24 hours",
    "optionC": "48 hours",
    "answer": "24 hours"
  },
  {
    "questionNo": 150,
    "question": "It is acceptable to drink and drive…?",
    "optionA": "Under no circumstances",
    "optionB": "If you only have a short journey",
    "optionC": "If an unexpected emergency arises",
    "answer": "Under no circumstances"
  },
  {
    "questionNo": 151,
    "question": "A cautionary traffic sign is what shape ?",
    "optionA": "Rectangular",
    "optionB": "Circular",
    "optionC": "Triangular",
    "answer": "Triangular"
  },
  {
    "questionNo": 152,
    "question": "To ride a motorcycle without gears a person must be at least what age ?",
    "optionA": "15",
    "optionB": "16",
    "optionC": "17",
    "answer": "16"
  },
  {
    "questionNo": 153,
    "question": "A continuous yellow line down the middle of a road means what ?",
    "optionA": "No parking",
    "optionB": "No left turns",
    "optionC": "No overtaking",
    "answer": "No overtaking"
  },
  {
    "questionNo": 154,
    "question": "Your insurance has expired. How long can you legally drive your vehicle before you renew it ?",
    "optionA": "1 week",
    "optionB": "1 month",
    "optionC": "0 days",
    "answer": "0 days"
  },
  {
    "questionNo": 155,
    "question": "A car behind wants to overtake you. What should you do ?",
    "optionA": "Pull over and park",
    "optionB": "Accelerate away from it",
    "optionC": "Let it",
    "answer": "Let it"
  },
  {
    "questionNo": 156,
    "question": "You accidentally knock down a pedestrian. What is the first thing you should do ?",
    "optionA": "Call the police",
    "optionB": "Help the pedestrian",
    "optionC": "Find a safe place to park",
    "answer": "Help the pedestrian"
  },
  {
    "questionNo": 157,
    "question": "If your vehicle begins to skid the best way to correct it is to do what ?",
    "optionA": "Let go of the steering wheel",
    "optionB": "Steer into the skid",
    "optionC": "Steer away from the skid",
    "answer": "Steer into the skid"
  },
  {
    "questionNo": 158,
    "question": "Under which of these circumstances is it permissible to use a mobile phone while driving a motor vehicle ?",
    "optionA": "If it is only a short call",
    "optionB": "If the traffic is light",
    "optionC": "None of them",
    "answer": "None of them"
  },
  {
    "questionNo": 159,
    "question": "When near an educational institution what is the maximum speed at which you can drive ?",
    "optionA": "15 km/h",
    "optionB": "25 km/h",
    "optionC": "35 km/h",
    "answer": "25 km/h"
  },
  {
    "questionNo": 160,
    "question": "When driving on a learner's license the learner must…?",
    "optionA": "Only drive at night",
    "optionB": "Be accompanied by a full license holder",
    "optionC": "Be accompanied by another learner",
    "answer": "Be accompanied by a full license holder"
  },
  {
    "questionNo": 161,
    "question": "On mountain roads which of these vehicles has the right-of-way ?",
    "optionA": "The vehicle traveling uphill",
    "optionB": "The fastest vehicle",
    "optionC": "The largest vehicle",
    "answer": "The vehicle traveling uphill"
  },
  {
    "questionNo": 162,
    "question": "When you see a traffic light change from green to yellow what colour light should you expect next ?",
    "optionA": "Green",
    "optionB": "Red",
    "optionC": "Flashing yellow",
    "answer": "Red"
  },
  {
    "questionNo": 163,
    "question": "A flashing yellow signal light indicates that you should…?",
    "optionA": "Take the next left hand turn",
    "optionB": "Slow down and proceed when safe",
    "optionC": "Maintain your current speed",
    "answer": "Slow down and proceed when safe"
  },
  {
    "questionNo": 164,
    "question": "You've moved house. You must inform the RTO of your new address within what period ?",
    "optionA": "6 months",
    "optionB": "1 year",
    "optionC": "30 days",
    "answer": "30 days"
  },
  {
    "questionNo": 165,
    "question": "If you are towing another vehicle you may use a rope that is no longer than ____ from your vehicle",
    "optionA": "2 m",
    "optionB": "5 m",
    "optionC": "7 m",
    "answer": "5 m"
  },
  {
    "questionNo": 166,
    "question": "When you buy a new car the tax which you pay lasts for how long ?",
    "optionA": "5 years",
    "optionB": "10 years",
    "optionC": "15 years",
    "answer": "15 years"
  },
  {
    "questionNo": 167,
    "question": "If a sign is rectangular in shape what does it convey ?",
    "optionA": "Warnings",
    "optionB": "Instructions",
    "optionC": "Information",
    "answer": "Information"
  },
  {
    "questionNo": 168,
    "question": "Who is the only person a learner driver may carry on a motorcycle as a passenger ?",
    "optionA": "An instructor",
    "optionB": "A family member",
    "optionC": "A spouse",
    "answer": "An instructor"
  },
  {
    "questionNo": 169,
    "question": "Which of these gives police officers a right to seize your vehicle ?",
    "optionA": "If you ignore a red light",
    "optionB": "Not having valid registration",
    "optionC": "When you have been speeding",
    "answer": "Not having valid registration"
  },
  {
    "questionNo": 170,
    "question": "You must not overtake another vehicle within what distance of an intersection ?",
    "optionA": "30 m",
    "optionB": "25 m",
    "optionC": "20 m",
    "answer": "30 m"
  },
  {
    "questionNo": 171,
    "question": "A circular road sign in blue is usually indicating what ?",
    "optionA": "Information",
    "optionB": "Prohibitions",
    "optionC": "A mandatory direction",
    "answer": "A mandatory direction"
  },
  {
    "questionNo": 172,
    "question": "When a major and a minor road intersect who has priority ?",
    "optionA": "Traffic on the major road",
    "optionB": "The traffic traveling fastest",
    "optionC": "Traffic on the minor road",
    "answer": "Traffic on the minor road"
  },
  {
    "questionNo": 173,
    "question": "If your car does not have ABS the best way to stop quickly without skidding is to",
    "optionA": "change down your gears",
    "optionB": "pump your brakes",
    "optionC": "use your parking brake",
    "answer": "pump your brakes"
  },
  {
    "questionNo": 174,
    "question": "If you need eyeglasses in order to see clearly you should wear them ?",
    "optionA": "In busy traffic",
    "optionB": "In all driving conditions",
    "optionC": "At night",
    "answer": "In all driving conditions"
  },
  {
    "questionNo": 175,
    "question": "In which of these places should you never make a U-turn ?",
    "optionA": "Near the crest of a hill",
    "optionB": "On a rural road",
    "optionC": "In a residential district",
    "answer": "Near the crest of a hill"
  },
  {
    "questionNo": 176,
    "question": "When driving long distances you should plan on taking a break every ?",
    "optionA": "Two hours",
    "optionB": "Four hours",
    "optionC": "Three hours",
    "answer": "Two hours"
  },
  {
    "questionNo": 177,
    "question": "Parking is defined as being stopped continuously for what time ?",
    "optionA": "Two minutes or more",
    "optionB": "Three minutes or more",
    "optionC": "Ten minutes or more",
    "answer": "Three minutes or more"
  },
  {
    "questionNo": 178,
    "question": "A circular road sign with a red border is usually communicating what ?",
    "optionA": "Warnings",
    "optionB": "Directions",
    "optionC": "Prohibitions",
    "answer": "Prohibitions"
  },
  {
    "questionNo": 179,
    "question": "What does a flashing yellow light mean ?",
    "optionA": "Clear road ahead",
    "optionB": "Maintain your speed",
    "optionC": "Hazard ahead",
    "answer": "Hazard ahead"
  },
  {
    "questionNo": 180,
    "question": "A dotted white line across an intersection after a give way sign indicates what ?",
    "optionA": "Proceed with caution",
    "optionB": "Drive straight through",
    "optionC": "Compulsory right turn",
    "answer": "Proceed with caution"
  },
  {
    "questionNo": 181,
    "question": "There is a traffic holdup ahead. What should you do ?",
    "optionA": "Look for space up the right of it",
    "optionB": "Stay in your lane",
    "optionC": "Move into the opposite carriageway",
    "answer": "Stay in your lane"
  },
  {
    "questionNo": 182,
    "question": "It is not legal to park",
    "optionA": "On a one-way road",
    "optionB": "On a pedestrian crossing",
    "optionC": "In front of a parked vehicle",
    "answer": "On a pedestrian crossing"
  },
  {
    "questionNo": 183,
    "question": "When a motor vehicle is involved in an accident",
    "optionA": "the police must be notified within 24 hours",
    "optionB": "the police must be notified within 48 hours",
    "optionC": "the police must be notified within 12 hours",
    "answer": "the police must be notified within 24 hours"
  },
  {
    "questionNo": 184,
    "question": "How many people can be transported in the cabin of a Goods Carriage ?",
    "optionA": "As many people as recorded in the registration certificate",
    "optionB": "As many as needed to load/unload the goods",
    "optionC": "5 people",
    "answer": "As many people as recorded in the registration certificate"
  },
  {
    "questionNo": 185,
    "question": "Parking is prohibited",
    "optionA": "where you see 'Parking permitted' signs",
    "optionB": "near traffic lights",
    "optionC": "on the side of a road",
    "answer": "near traffic lights"
  },
  {
    "questionNo": 186,
    "question": "If you are convicted of driving under the influence of alcohol you will",
    "optionA": "spend 2 years in prison",
    "optionB": "spend up to 6 months in prison pay a fine of Rs.2000/ or both",
    "optionC": "spend up to 1 year in prison pay a fine of Rs.4000/ or both",
    "answer": "spend up to 6 months in prison pay a fine of Rs.2000/ or both"
  },
  {
    "questionNo": 187,
    "question": "Backing up is prohibited on____",
    "optionA": "steep hills",
    "optionB": "country roads",
    "optionC": "one-way roads",
    "answer": "one-way roads"
  },
  {
    "questionNo": 188,
    "question": "A tractor driver must not carry",
    "optionA": "More than three passengers",
    "optionB": "More than two passengers",
    "optionC": "Any passengers",
    "answer": "Any passengers"
  },
  {
    "questionNo": 189,
    "question": "If the road is marked with a broken white center lines you ____",
    "optionA": "must stop immediately",
    "optionB": "are NOT allowed to change lanes",
    "optionC": "are allowed to change lanes",
    "answer": "are allowed to change lanes"
  },
  {
    "questionNo": 190,
    "question": "When driving on a hill who has to give way ?",
    "optionA": "The vehicles travelling uphill",
    "optionB": "The vehicles carrying heavy loads",
    "optionC": "The vehicles travelling downhill",
    "answer": "The vehicles travelling downhill"
  },
  {
    "questionNo": 191,
    "question": "What kind of horn is permitted on the roads ?",
    "optionA": "Electric horn",
    "optionB": "Multi-tone horn",
    "optionC": "Air horn",
    "answer": "Electric horn"
  },
  {
    "questionNo": 192,
    "question": "A taxi driver refusing to give you a ride for the reason that the distance is short",
    "optionA": "might have his licence suspended/cancelled",
    "optionB": "will be fined",
    "optionC": "none of the above",
    "answer": "might have his licence suspended/cancelled"
  },
  {
    "questionNo": 193,
    "question": "You must keep the minimum following distance of",
    "optionA": "10 meters",
    "optionB": "2-4 seconds",
    "optionC": "5 meters",
    "answer": "2-4 seconds"
  },
  {
    "questionNo": 194,
    "question": "Parking is prohibited in the following places",
    "optionA": "Market area",
    "optionB": "Hospital entrance",
    "optionC": "Left side of the road",
    "answer": "Hospital entrance"
  },
  {
    "questionNo": 195,
    "question": "Before starting your vehicle's engine ____",
    "optionA": "check the brakes",
    "optionB": "check the headlights",
    "optionC": "check radiator water level and engine oil level",
    "answer": "check radiator water level and engine oil level"
  },
  {
    "questionNo": 196,
    "question": "Maximum permitted weight that can be carried on a goods carriage is____",
    "optionA": "as the permit states",
    "optionB": "10 tons",
    "optionC": "no limit",
    "answer": "as the permit states"
  },
  {
    "questionNo": 197,
    "question": "Maximum speed limit on the interstate highway ___",
    "optionA": "60 km/h",
    "optionB": "80 km/h",
    "optionC": "70 km/h",
    "answer": "70 km/h"
  },
  {
    "questionNo": 198,
    "question": "What is a stop line ?",
    "optionA": "A yellow line in the center of the road",
    "optionB": "A wide white or yellow line in front of a road junction or a pedestrian crossing",
    "optionC": "A broken white line in the center of the road",
    "answer": "A wide white or yellow line in front of a road junction or a pedestrian crossing"
  },
  {
    "questionNo": 199,
    "question": "When can you ride a motorcycle at the speed of 60 km/h or more ?",
    "optionA": "during night time only",
    "optionB": "during day time only",
    "optionC": "never",
    "answer": "never"
  },
  {
    "questionNo": 200,
    "question": "Maximum speed limit for light motor vehicles on a road within municipal limits is",
    "optionA": "50 km/h",
    "optionB": "60 km/h",
    "optionC": "70 km/h",
    "answer": "70 km/h"
  },
  {
    "questionNo": 201,
    "question": "According to section 112 of the Motor Vehicles Act 1988",
    "optionA": "You must not drive if your taxes are unpaid",
    "optionB": "You must not drive after consuming alcohol",
    "optionC": "Speed limit must not be exceeded",
    "answer": "Speed limit must not be exceeded"
  },
  {
    "questionNo": 202,
    "question": "You can travel more than 60 km/h if you are traveling in a",
    "optionA": "car",
    "optionB": "motorcycle",
    "optionC": "carriage",
    "answer": "car"
  },
  {
    "questionNo": 203,
    "question": "When lorries are loaded",
    "optionA": "The load can be projected on both sides for up to 30 cm",
    "optionB": "The load must fit in the lorry",
    "optionC": "The load can be projected on both sides for up to 50 cm",
    "answer": "The load must fit in the lorry"
  },
  {
    "questionNo": 204,
    "question": "Maximum speed limit for autorickshaws is___",
    "optionA": "50 km/h",
    "optionB": "30 km/h",
    "optionC": "40 km/h",
    "answer": "40 km/h"
  },
  {
    "questionNo": 205,
    "question": "On a wet road what is the safest way to stop while driving a two wheeler ?",
    "optionA": "Use both brakes",
    "optionB": "Change gear without braking",
    "optionC": "Use the front brake only",
    "answer": "Use both brakes"
  },
  {
    "questionNo": 206,
    "question": "Overtaking when approaching a bend(turn)",
    "optionA": "Is permissible",
    "optionB": "Is permissible with care",
    "optionC": "Is not permissible",
    "answer": "Is not permissible"
  },
  {
    "questionNo": 207,
    "question": "You want to overtake a vehicle near a hospital you will",
    "optionA": "Blow horn continuously",
    "optionB": "Not blow horn",
    "optionC": "On side light and blow horn",
    "answer": "Not blow horn"
  },
  {
    "questionNo": 208,
    "question": "You can apply for a permanent driving licence after",
    "optionA": "30 days from the date of issue of learners's licence",
    "optionB": "60 days from the date of issue of learners's licence",
    "optionC": "180 days from the date of issue of learners's licence",
    "answer": "30 days from the date of issue of learners's licence"
  },
  {
    "questionNo": 209,
    "question": "How does headrest of the seat help ?",
    "optionA": "You can relax while driving",
    "optionB": "Protects you from neck injury in case of an accident",
    "optionC": "Seat looks beautiful with headrests",
    "answer": "Protects you from neck injury in case of an accident"
  },
  {
    "questionNo": 210,
    "question": "When fuel is filled in a vehicle you",
    "optionA": "Shall not check air pressure",
    "optionB": "shall not smoke",
    "optionC": "Shall not use any light of the vehicle",
    "answer": "shall not smoke"
  },
  {
    "questionNo": 211,
    "question": "When should you use mobile phone ?",
    "optionA": "When the vehicle is running at very slow speed",
    "optionB": "When the vehicle is running at medium speed on express highway",
    "optionC": "When the vehicle is parked a side",
    "answer": "When the vehicle is parked a side"
  },
  {
    "questionNo": 212,
    "question": "Where it is not safe to reverse your car you should",
    "optionA": "Go ahead to find suitable place to reverse the car",
    "optionB": "Use all rear view mirrors properly",
    "optionC": "Turn on the reverse horn and reverse",
    "answer": "Go ahead to find suitable place to reverse the car"
  },
  {
    "questionNo": 213,
    "question": "It is compulsory for a driver to wear uniform while driving",
    "optionA": "Private vehicle",
    "optionB": "All commercial vehicle",
    "optionC": "All vehicles",
    "answer": "All commercial vehicle"
  },
  {
    "questionNo": 214,
    "question": "Which traffic light should lit after green light at junction ?",
    "optionA": "Red",
    "optionB": "Blue",
    "optionC": "Yellow",
    "answer": "Yellow"
  },
  {
    "questionNo": 215,
    "question": "The color of reverse light is",
    "optionA": "Red",
    "optionB": "White",
    "optionC": "Orange",
    "answer": "White"
  },
  {
    "questionNo": 216,
    "question": "According to law a person driving a motor car shall",
    "optionA": "Wear sunglasses",
    "optionB": "Wear seat belt",
    "optionC": "Wear cap",
    "answer": "Wear seat belt"
  },
  {
    "questionNo": 217,
    "question": "An area guarded with a ribbon in red and white color indicates",
    "optionA": "Road repairing work is going on",
    "optionB": "Accident prone zone",
    "optionC": "Check post ahead",
    "answer": "Road repairing work is going on"
  },
  {
    "questionNo": 218,
    "question": "A driving licence issued by R.T.O is valid",
    "optionA": "Through out the country",
    "optionB": "In that particular state only",
    "optionC": "In that particular district only",
    "answer": "Through out the country"
  },
  {
    "questionNo": 219,
    "question": "Driving a vehicle without the brake light is",
    "optionA": "Valid for two wheeler",
    "optionB": "An offense",
    "optionC": "Valid for trucks only",
    "answer": "An offense"
  },
  {
    "questionNo": 220,
    "question": "In case of an accident which knowledge can be helpful to you to save human life ?",
    "optionA": "Vehicle maintenance",
    "optionB": "First-aid",
    "optionC": "Legal",
    "answer": "First-aid"
  },
  {
    "questionNo": 221,
    "question": "A 10 year old child sitting in the front seat of the car should buckle the seat belt ?",
    "optionA": "Not necessary for children",
    "optionB": "It is compulsory",
    "optionC": "Valid only on rear seats",
    "answer": "It is compulsory"
  },
  {
    "questionNo": 222,
    "question": "Driving a vehicle without the silencer is",
    "optionA": "An offence",
    "optionB": "Not an offence",
    "optionC": "Valid for a range of sound",
    "answer": "An offence"
  },
  {
    "questionNo": 223,
    "question": "Overspeeding",
    "optionA": "Is an offence leading to suspension or cancellation of driving licence",
    "optionB": "Is an offence leading to punishment by fine only",
    "optionC": "May both",
    "answer": "May both"
  },
  {
    "questionNo": 224,
    "question": "Yellow continuous line marked at the middle of the road indicates",
    "optionA": "Overtaking permitted",
    "optionB": "Crossing the yellow line is prohibited",
    "optionC": "Drive can go on the other side of this lane",
    "answer": "Crossing the yellow line is prohibited"
  },
  {
    "questionNo": 225,
    "question": "If a person in charge of an animal (apprehending that the animal may become unmanageable) request to stop a vehicle",
    "optionA": "the driver shall stop the vehicle",
    "optionB": "The driver shall proceed with blowing the horns",
    "optionC": "The driver shall reduce the speed the driver shall stop the vehicle",
    "answer": "the driver shall stop the vehicle"
  },
  {
    "questionNo": 226,
    "question": "To be helpful to an unconscious person in case of an accident you should",
    "optionA": "Loosen his clothes,Not let people stand nearby",
    "optionB": "ensure free supply of air and in winter season wrap blanket around the body",
    "optionC": "Do both",
    "answer": "Do both"
  },
  {
    "questionNo": 227,
    "question": "On a road without footpath the pedestrians",
    "optionA": "Should walk on the left side of the road",
    "optionB": "Should walk on the right side of the road",
    "optionC": "May walk on either side of the road",
    "answer": "Should walk on the right side of the road"
  },
  {
    "questionNo": 228,
    "question": "While moving to the left lane to stop you should",
    "optionA": "Lit the left side indicator",
    "optionB": "Lit the right side indicator",
    "optionC": "Lit parking light",
    "answer": "Lit the left side indicator"
  },
  {
    "questionNo": 229,
    "question": "You are overtaking a car at night. You must ensure that",
    "optionA": "You do not dazzle other road users",
    "optionB": "You flash headlamps before overtaking",
    "optionC": "Your rear fog lights are switched on",
    "answer": "You flash headlamps before overtaking"
  },
  {
    "questionNo": 230,
    "question": "You are driving in the rain. Why should you keep well back from the vehicle in front ?",
    "optionA": "In case it changes direction suddenly",
    "optionB": "In case it’s for lights dazzle you",
    "optionC": "In case it stops suddenly",
    "answer": "In case it stops suddenly"
  },
  {
    "questionNo": 231,
    "question": "When must you use a dipped/ high beam headlight during the day ?",
    "optionA": "In poor visibility and highways",
    "optionB": "On country roads",
    "optionC": "Along narrow streets",
    "answer": "In poor visibility and highways"
  },
  {
    "questionNo": 232,
    "question": "Free passage should be given to the following types of vehicles",
    "optionA": "Police vehicles",
    "optionB": "Vehicles with emmergency alerts(Lights / Siren)",
    "optionC": "Super Express buses",
    "answer": "Vehicles with emmergency alerts(Lights / Siren)"
  },
  {
    "questionNo": 233,
    "question": "Boarding in and alighting from a vehicle while in motion",
    "optionA": "Permitted in bus",
    "optionB": "permitted in autorikshaw",
    "optionC": "prohibited in all vehicles",
    "answer": "prohibited in all vehicles"
  },
  {
    "questionNo": 235,
    "question": "While you are driving on gradient roads you should",
    "optionA": "Give precedence to the vehicles coming down the hill",
    "optionB": "Give precedence to the vehicles going up the hill",
    "optionC": "Give precedence to the vehicles carrying heavy load",
    "answer": "Give precedence to the vehicles going up the hill"
  },
  {
    "questionNo": 236,
    "question": "While a vehicle entering a main road from a branch road the driver shall give preference",
    "optionA": "To the vehicles coming from the left",
    "optionB": "To the vehicles coming from the right",
    "optionC": "To all vehicles proceeding along the main road",
    "answer": "To all vehicles proceeding along the main road"
  },
  {
    "questionNo": 237,
    "question": "While on a round about",
    "optionA": "traffic entering has right of way",
    "optionB": "traffic existing has left of way",
    "optionC": "traffic on the roundabout has right of way",
    "answer": "traffic on the roundabout has right of way"
  },
  {
    "questionNo": 238,
    "question": "It is essential to wear a helmet while driving a two-wheeler because",
    "optionA": "It is for your individual safety & by Rule also",
    "optionB": "Otherwise you will be caught by the traffic police",
    "optionC": "It is necessary for uniformity on the road",
    "answer": "It is for your individual safety & by Rule also"
  },
  {
    "questionNo": 239,
    "question": "You are overtaking a car at night. You must ensure that",
    "optionA": "you do not dazzle other road users",
    "optionB": "you flash headlamps before overtaking",
    "optionC": "your rear fog lights are switched on",
    "answer": "you flash headlamps before overtaking"
  },
  {
    "questionNo": 240,
    "question": "When approaching a crossing where you are to go straight",
    "optionA": "change lanes to the right lanes",
    "optionB": "change lanes at least 50 mts ahead to the middle lane",
    "optionC": "change lanes to the middle lane at the crossing",
    "answer": "change lanes at least 50 mts ahead to the middle lane"
  },
  {
    "questionNo": 241,
    "question": "You are driving. A vehicle comes up quickly behind flashing head lamps. You should",
    "optionA": "accelerate to maintain gap behind you",
    "optionB": "touch the breaks to show your brake lights",
    "optionC": "allow the vehicle to over take if safe & with proper signal",
    "answer": "allow the vehicle to over take if safe & with proper signal"
  },
  {
    "questionNo": 142,
    "question": "When must you use a dipped / high beam headlight during the day ?",
    "optionA": "In poor visibility and highways",
    "optionB": "on country roads",
    "optionC": "along narrow streets",
    "answer": "In poor visibility and highways"
  },
  {
    "questionNo": 243,
    "question": "You are driving in rain. Why should you keep well back from the vehicle in front ?",
    "optionA": "in case it changes direction suddenly",
    "optionB": "in case its fog lights dazzle you",
    "optionC": "in case it stop suddenly",
    "answer": "in case it stop suddenly"
  },
  {
    "questionNo": 244,
    "question": "While turning to the left,the driver of a two wheeler shall",
    "optionA": "Show left turn signal with his right hand",
    "optionB": "Extend his left hand towards left",
    "optionC": "Not show hand signal",
    "answer": "Show left turn signal with his right hand"
  },
  {
    "questionNo": 245,
    "question": "The Signal while taking U-turn",
    "optionA": "Left turn signal",
    "optionB": "Right turn signal",
    "optionC": "Slow down signal",
    "answer": "Right turn signal"
  },
  {
    "questionNo": 246,
    "question": "When the vehicle behind has begun to over take our vehicle",
    "optionA": "We shall not overtake another vehicle",
    "optionB": "we can over take another vehicle",
    "optionC": "we can overtake another vehicle blowing horn",
    "answer": "We shall not overtake another vehicle"
  },
  {
    "questionNo": 247,
    "question": "The driver of the vehicle in front has not given signal for over taking",
    "optionA": "We can overtake",
    "optionB": "we shall not overtake",
    "optionC": "we can overtake blowing horn",
    "answer": "we shall not overtake"
  },
  {
    "questionNo": 248,
    "question": "When our vehicle is being over taken",
    "optionA": "We shall not increase speed",
    "optionB": "We can increase speed",
    "optionC": "We can increase speed with due care",
    "answer": "We shall not increase speed"
  },
  {
    "questionNo": 249,
    "question": "Within options where Parking is prohibited",
    "optionA": "Entrance of hospital",
    "optionB": "Left side of the road",
    "optionC": "Market area",
    "answer": "Entrance of hospital"
  }
]
