<?xml version="1.0" encoding="utf-8" ?>
<ROOT>
<ACE-OF-CUPS-ONE >Αυτή η κάρτα δείχνει ότι αισθάνεστε ικανοποιημένοι με τον εαυτό σας και τα συναισθήματα αγάπης, ευχαρίστησης και ρομαντισμού κυριαρχούν στο μυαλό σας. Κατά πάσα πιθανότητα θα έρθετε σε επαφή με κάποιον στον οποίο αρέσετε και αυτό θα μπορούσε να μετατραπεί σε ένα ρομαντικό ραντεβού. Αν είστε ήδη σε σχέση τότε εσείς και ο σύντροφός σας μπορεί να σκέφτεστε να ανεβείτε τα σκαλιά της εκκλησίας. </ACE-OF-CUPS-ONE >
<TWO-OF-CUPS-ONE >Θέλετε να αποκτήσετε μια ήρεμη ερωτική ζωή και να επιλύσετε τα προβλήματα που έχετε εσείς και ο σύντροφός σας. Αισθάνεστε ανήσυχοι και δεν είστε σε θέση να δώσετε την πλήρη προσοχή σας στο σύντροφό σας, γιατί κάτι σας ενοχλεί και σας συγχύζει ακόμα περισσότερο. Θα πρέπει να είστε δυνατοί και να πάρετε μερικές σκληρές αποφάσεις σχετικά με τα συναισθήματά σας. </TWO-OF-CUPS-ONE >
<THREE-OF-CUPS-ONE >Αυτή η κάρτα δείχνει ότι αισθάνεστε πολύ ευάλωτοι αυτή τη στιγμή και θέλετε φροντίδα. Θα προσπαθήσετε επίσης να εκφράσετε τη φροντίδα και τη συμπόνια σας προς το σύντροφό σας και τους αγαπημένους σας. Τα πράγματα θα βελτιωθούν πολύ σύντομα και εν ευθέτω χρόνο, θα δείτε την ερωτική σας ζωή να ανθίζει. </THREE-OF-CUPS-ONE >
<FOUR-OF-CUPS-ONE >Αυτή η κάρτα δείχνει ότι μπορεί να έχετε μια ισχυρή επιθυμία για έναν σύντροφο. Αν είστε ήδη σε σχέση, θα νιώσετε πολύ κοντά στο σύντροφό σας και θα θέλετε να σταματήσετε τα καβγαδάκια, αν υπάρχουν. Αυτό μπορεί να αποδειχθεί κάπως κουραστικό για σας, καθώς προσπαθείτε να λύσετε τα προβλήματα με το σύντροφό σας και να γίνεται ένα ευτυχισμένο ζευγάρι. </FOUR-OF-CUPS-ONE >
<FIVE-OF-CUPS-ONE >Αισθάνεστε πιο συναισθηματικοί και θέλετε μια πραγματικά σοβαρή σχέση, όπου υπάρχει αμοιβαία κατανόηση και άνεση, και αυτή μπορεί είναι ακόμη και με έναν φίλο. Τώρα συνειδητοποιείτε ότι δεν θα ήταν σωστό να μην είστε ο εαυτός σας για να κρατήσετε μια σχέση ζωντανή, καθώς αυτό μπορεί τελικά να αποδειχθεί καταστροφικό. </FIVE-OF-CUPS-ONE >
<SIX-OF-CUPS-ONE >Αυτή η κάρτα δείχνει ότι παρά το γεγονός ότι σας εκλύει μόνο εκείνο το ένα ξεχωριστό πρόσωπο, θα έχετε κάποιες θαυμάσιες εμπειρίες που θα σας μεταφέρουν σε διαφορετικές κατευθύνσεις. Προσπαθείτε να κάνετε πράγματα για το σύντροφό σας, αλλά υπάρχει αβεβαιότητα σχετικά με το μέλλον σας ως ζευγάρι. </SIX-OF-CUPS-ONE >
<SEVEN-OF-CUPS-ONE >Αισθάνεστε πολύ αβέβαια για τα συναισθήματά σας και θα πρέπει να ψάξετε για το σωστό δρόμο προς αυτόν που θέλετε ως σύντροφό σας. Με το χειρισμό των διάφορων εργασιών σας και διάφορα άλλα προβλήματα, δεν θα είστε σε θέση να δώσετε αρκετό χρόνο στο σύντροφό σας. Μια συνάντηση με κάποιον, θα είναι καρποφόρα εάν είστε μόνοι. </SEVEN-OF-CUPS-ONE >
<EIGHT-OF-CUPS-ONE >Αυτή η κάρτα δείχνει ότι η σχέση σας μπορεί να είναι αρκετά βαρετή τώρα και αυτό θα σας αποτρέψει να δημιουργήσετε έναν ισχυρό δεσμό με τον σύντροφό σας. Η σχέση σας μπορεί να περάσει κάποιες στιγμές άγχους και αβεβαιότητας και αυτό θα σας προκαλέσει ανησυχία και ακόμη και κάποια πικρή ανταλλαγή λέξεων. Μπορεί επίσης να πάρετε μια απόφαση που θα λήξει τη σχέση σας, που είχε γίνει πολύ τραυματική. </EIGHT-OF-CUPS-ONE >
<NINE-OF-CUPS-ONE >Λαχταράτε για τα ανώτερα πράγματα σε μια σχέση και αυτό μπορεί επίσης να είναι με κάποιον που μόλις μπήκε στη ζωή σας. Θέλετε τα πράγματα μεταξύ σας να είναι πιο ενδιαφέροντα, αλλά με διαφορετικό τρόπο. Έχετε δεύτερες σκέψεις για τη σχέση σας και παρόλο που είστε πρόθυμοι να προχωρήσετε, ορισμένοι κίνδυνοι που εμπλέκονται θα σας κρατήσουν σε επιφυλακτική. </NINE-OF-CUPS-ONE >
<TEN-OF-CUPS-ONE >Αυτή η κάρτα δείχνει ότι ψάχνετε για μία πιο ικανοποιητική και γεμάτη σχέση και περιμένετε την πλήρη υποστήριξη από το σύντροφό σας. Θα πραγματοποιηθεί κάποια συναισθηματική σύγκρουση απόψεων που θα σας αφήσει τεταμένους. Θα υπάρξει έντονος ρομαντισμός με κάποιον νέο στη ζωή σας. Επίσης ενδείκνυται επίσης. </TEN-OF-CUPS-ONE >
<PAGE-OF-CUPS-ONE >Θέλετε τα πράγματα να έρθουν σε αρμονία και να οικοδομήσετε ένα στιβαρό μέλλον με τον αγαπημένο σας. Είστε ανήσυχοι για να διαμορφώσετε το μέλλον με τον τρόπο που θέλετε να το δείτε, αλλά η διαδικασία θα πάρει χρόνο. Θα νιώσετε την ανάγκη να έχετε κάποιον δίπλα σας και να σας κάνει να αισθάνεστε αγάπη και φροντίδα γιατί δεν θέλετε να ξαναζήσετε τη μοναξιά στη ζωή σας. </PAGE-OF-CUPS-ONE >
<KNIGHT-OF-CUPS-ONE >Αυτή η κάρτα δείχνει ότι θέλετε να πάτε σε ένα νέο μέρος με το σύντροφό σας που θα σας ενθουσιάσει και θα υπάρξουν άνθρωποι γύρω σας που θα σας ενθαρρύνουν προς το μονοπάτι της αγάπης. Αν είστε άγαμοι τότε θα νιώσετε ότι ήρθε η ώρα να πάρετε την πρωτοβουλία να πάτε τη σχέση σας παραπέρα και να κάνετε την ερώτηση στον πολλών χρόνων σύντροφό σας. </KNIGHT-OF-CUPS-ONE >
<QUEEN-OF-CUPS-ONE >Θα είστε πιο εμφανείς σε κοινωνικές εκδηλώσεις και υπάρχουν υψηλές πιθανότητες να συναντήσετε κάποιον που θα σας ελκύσει πολύ. Αν κάνετε κάποια προσπάθεια, αυτή η συνάντηση θα μετατραπεί σε κάτι ρομαντικό. Αν είστε σε μια μακροχρόνια σχέση, ίσως να κάνετε πρόταση γάμου στο σύντροφό σας. </QUEEN-OF-CUPS-ONE >
<KING-OF-CUPS-ONE >Αυτή η κάρτα δείχνει ότι ψάχνετε για κάποιον με τον οποίο μπορείτε να μοιραστείτε τη ζωή σας και να περάσετε κάποιες ρομαντικές στιγμές. Θα είστε σχεδόν σε κυνήγι για να βρείτε κάποιον που θα φαίνεται να είναι ο ιδανικός σύντροφός σας, αλλά αυτό δεν θα έρθει εύκολα. Μπορεί να χρειαστεί να κάνετε μερικά πράγματα για να εντυπωσιάσετε αυτό το πρόσωπο και μετατρέψει αυτό που έχετε σε κάτι ουσιαστικό. </KING-OF-CUPS-ONE >
<ACE-OF-PENTACLES-ONE >Αυτή είναι μια στιγμή που υποδεικνύει νέα ξεκινήματα στη ζωή σας. Μπορεί να αισθανθείτε πιο ανήσυχοι από ποτέ, καθώς δεν θα πάρετε την αναμενόμενη συμπόνια και κατανόηση από τον σύντροφό σας και αυτό θα σας αναστατώσει βαθιά. </ACE-OF-PENTACLES-ONE >
<TWO-OF-PENTACLES-ONE >Μπορεί να υπάρξουν κάποιες δυσκολίες που θα πρέπει να αντιμετωπιστούν από εσάς και το σύντροφό σας μαζί και αυτό μπορεί να σας κάνει να αισθανθείτε λίγο εκτός τόπου, αλλά τελικά η κατανοητική φύση σας, μαζί με λίγη βοήθεια από κάποιον θα σας βοηθήσει να αντιμετωπίσετε το θέμα. </TWO-OF-PENTACLES-ONE >
<THREE-OF-PENTACLES-ONE >Εσείς και ο σύντροφός σας θα νιώσετε ότι η σχέση σας ωριμάζει και ως εκ τούτου θα κάνετε κάποια βήματα προς το μέλλον. Για τους singles αυτή θα είναι μια καλή στιγμή για να βρείτε αυτό που σας ταιριάζει και αυτό θα μπορούσε να έρθει από ένα απροσδόκητο μέρος. </THREE-OF-PENTACLES-ONE >
<FOUR-OF-PENTACLES-ONE >Θα καταφέρετε να διατηρήσετε τη σχέση σας, αν και οι δύο εργαστείτε προς αυτή την κατεύθυνση, μαζί με λίγη υπομονή και κατανόηση. Εάν αυτό δεν λειτουργήσει, τότε θα αποφασίσετε τελικά να χωρίσετε με το σύντροφό σας και θα προσπαθήσετε να ξεκινήσετε μια νέα πορεία με νέες δυνατότητες. </FOUR-OF-PENTACLES-ONE >
<FIVE-OF-PENTACLES-ONE >Αυτή η κάρτα δείχνει ότι λαχταράτε να γίνετε κάποιος ή να κάνετε κάτι που θέλετε να κάνετε εδώ και πολύ καιρό. Υπάρχουν επίσης πιθανότητες να σας απατήσει ο σύντροφός σας ή το αντίστροφο. Αυτή, επίσης, δεν θα είναι μια πολύ καλή περίοδος για όσους είναι ήδη σε μια σχέση. </FIVE-OF-PENTACLES-ONE >
<SIX-OF-PENTACLES-ONE >Επιθυμείτε να γυρίσει πίσω ο παιδικός σας έρωτας ή να έρθει σε επαφή μαζί σας. Θα υπάρξει ένα αίσθημα μοναξιάς, καθώς θα δείτε ότι ο σύντροφός σας απομακρύνεται. Θα πρέπει να αποφασίσετε τι πραγματικά θέλετε στη ζωή και πόσα είστε πρόθυμοι να θυσιάσετε για αυτό. </SIX-OF-PENTACLES-ONE >
<SEVEN-OF-PENTACLES-ONE >Πρόκειται να είναι μια ανησυχητική στιγμή για εσάς και το σύντροφό σας, καθώς μπορεί να υπάρξουν σημαντικές διαφορές απόψεων και αυτό μπορεί επίσης να οδηγήσει στο τέλος αυτής της σχέσης. Αν είστε παντρεμένοι ή έχετε μακροχρόνια σχέση, τότε θα επανεξετάσετε τη σχέση σας και τις προσπάθειές σας σε αυτή. </SEVEN-OF-PENTACLES-ONE >
<EIGHT-OF-PENTACLES-ONE >Φαίνεται ότι είστε σε παιχνιδιάρικη διάθεση αυτές τις μέρες και απολαμβάνετε τη μοναξιά σας περισσότερο από ποτέ. Θα αρχίσετε να κάνετε υποθέσεις και να σκέφτεστε τι θα συμβεί στο μέλλον. Η ρομαντική σας πλευρά σύντομα θα βγει προς τα έξω. </EIGHT-OF-PENTACLES-ONE >
<NINE-OF-PENTACLES-ONE >Αυτή η κάρτα δείχνει ότι ψάχνετε για φρέσκα και αναζωογονητικά πράγματα στη ζωή σας. Θα θέλατε να φύγετε μακριά από τα συμβατικά πράγματα προς μια νέα κατεύθυνση. Ίσως χρειαστεί να περάσετε λίγο χρόνο μακριά από το σύντροφό σας για μια προσωρινή περίοδο και θα πάρετε μια απόφαση που θα αποδειχθεί η σωστή επιλογή. </NINE-OF-PENTACLES-ONE >
<TEN-OF-PENTACLES-ONE >Ο έρωτας δεν είναι κάτι που υπάρχει στο μυαλό σας, γιατί είστε απασχολημένοι με πολλά άλλα πράγματα που σχετίζονται με την εργασία και άλλα οικογενειακά ζητήματα. Θα προσπαθήσετε να φτιάξετε τη διάθεσή σας μέσω μιας επανασύνδεσης με τους φίλους ή τους συγγενείς σας, αλλά δεν θα προσπαθήσετε να καλύψετε το κενό ανάμεσα σε εσάς και το σύντροφό σας. </TEN-OF-PENTACLES-ONE >
<PAGE-OF-PENTACLES-ONE >Αυτή η κάρτα δείχνει ότι θα βρεθείτε σε μια ανήσυχη κατάσταση που θα σας αναγκάσει να σκεφτείτε τι πρέπει να κάνετε με τη σχέση σας καθώς δεν είστε σίγουροι για το σύντροφό σας αλλά τελικά θα λάβετε μια υπεύθυνη απόφαση που θα σας κάνει να νιώσετε καλά είτε η σχέση σας έχει μέλλον είτε όχι. </PAGE-OF-PENTACLES-ONE >
<KNIGHT-OF-PENTACLES-ONE >Ψάχνετε για ηρεμία στα ερωτικά σας και θέλετε να ζήσετε και να απολαύσετε το σύντροφό σας. Θα διστάζετε να πείτε κάτι για το σύντροφό σας ή να ανακοινώσετε ειδήσεις που αισθάνεστε μπορεί ότι μπορούν να χαλάσουν την καλή σας σχέση, αλλά θα πρέπει να είναι θαρραλέοι. </KNIGHT-OF-PENTACLES-ONE >
<QUEEN-OF-PENTACLES-ONE >Αυτή η κάρτα δείχνει ότι θα νιώσετε έντονη έλξη για κάποιον και αυτό το άτομο θα ενδιαφέρεται εξίσου για σας. Θα προσμένετε μια σχέση με αυτό το άτομο η οποία θα είναι συναρπαστική και γεμάτη ζωή. </QUEEN-OF-PENTACLES-ONE >
<KING-OF-PENTACLES-ONE >Αυτή η κάρτα δείχνει ότι θα είστε λίγο αναστατωμένοι ή απογοητευμένοι καθώς υπήρξαν ορισμένες υποσχέσεις που δεν τηρήθηκαν από το σύντροφό σας. Αν είστε ήδη σε σχέση, τότε θα βιώσετε ότι από τη σχέση σας λείπει η ελεύθερη ανταλλαγή απόψεων και για να λειτουργήσει οποιαδήποτε σχέση, είναι πολύ σημαντικό να μιλήσετε και να περάσετε περισσότερο χρόνο μαζί για να γνωριστείτε μεταξύ σας. </KING-OF-PENTACLES-ONE >
<ACE-OF-SWORDS-ONE >Αυτή η κάρτα δείχνει ότι ψάχνετε για προσωπική ικανοποίηση από τη σχέση σας. Πρόκειται για μία περίοδο όπου υπάρχουν υψηλές πιθανότητες άνθισης ενός νέου έρωτα που θα σας τρομάξει και θα αποκτήσετε έντονα συναισθήματα για κάτι. Αν είστε ήδη σε μια σχέση, ο δεσμός με το σύντροφό σας θα δυναμώσει. </ACE-OF-SWORDS-ONE >
<TWO-OF-SWORDS-ONE >Θέλετε να προχωρήσετε στη ζωή και ψάχνετε απεγνωσμένα για αγάπη. Μπορεί να είστε τυχεροί καθώς αυτή η κάρτα δείχνει ότι μπορεί να γνωρίσετε εκείνο το ξεχωριστό πρόσωπο και αν είστε ήδη σε μια σχέση, τότε, η σχέση σας θα γίνει πιο ισχυρή και θα δείτε ότι ο σύντροφός σας ή ο εν δυνάμει σύντροφός σας θα έχει τα χαρακτηριστικά που έχετε ονειρευτεί. </TWO-OF-SWORDS-ONE >
<THREE-OF-SWORDS-ONE >Αυτή η κάρτα δείχνει ότι επιθυμείτε ο σύντροφός σας να γυρίσει πίσω σε σας. Η υπομονή σας εξαντλείται και σύντομα θα αποφασίσετε να τα παρατήσετε και να ξεκινήσετε από την αρχή αν ο σύντροφός σας αρνείται να επιστρέψει. Μπορεί να αισθάνεστε ότι έχετε περάσει πολλά και το να ερωτευτείτε ξανά είναι ένα ρίσκο. </THREE-OF-SWORDS-ONE >
<FOUR-OF-SWORDS-ONE >Ενδιαφέρεστε πολύ για την πνευματικότητα και θα νιώσετε μια έντονη επιθυμία να γνωρίσετε τον εαυτό σας καλύτερα. Θα προσπαθήσετε να συνδεθείτε με τα βαθύτερα κομμάτια του εαυτού σας και ως εκ τούτου μπορεί να χάσετε την επαφή με τον εξωτερικό κόσμο, αλλά τελικά θα βρείτε την γαλήνη. Υπάρχει επίσης μια πιθανότητα ότι κάποιος που του αρέσετε θα σας ζητήσει να βγείτε ένα ραντεβού. </FOUR-OF-SWORDS-ONE >
<FIVE-OF-SWORDS-ONE >Αυτή η κάρτα δείχνει ότι βρίσκεστε σε αναζήτηση για τον έρωτα. Μπορεί επίσης να υπάρξουν ορισμένες απογοητεύσεις στην ερωτική σας ζωή που θα σας αφήσουν να νιώθετε κενοί και κάπως εξαπατημένους. Θα πρέπει να επανακτήσετε την αυτοπεποίθησή σας και να προχωρήσετε μπροστά. </FIVE-OF-SWORDS-ONE >
<SIX-OF-SWORDS-ONE >Μπορεί να αντιμετωπίσετε κάποια προβλήματα και τα πράγματα δεν θα είναι τόσο ομαλά όσο αναμενόταν. Μπορεί να υπάρξει κάποια δυσαρέσκεια στην ερωτική σας ζωή και μπορεί να φανεί σαν να μην αξίζαν τελικά τον κόπο όλες οι προσπάθειές σας. Μπορεί να υπάρξει κάποια σύγχυση σχετικά με τη μελλοντική σας πορεία και θα προσπαθήσετε να κάνετε τα πράγματα καλύτερα. </SIX-OF-SWORDS-ONE >
<SEVEN-OF-SWORDS-ONE >Αυτή η κάρτα δείχνει ότι θέλετε να σταθεί στο πλευρό σας ένας αγαπητός φίλο ή κάποιος κοντινός σας άνθρωπος και να σας βοηθήσει να διορθώσετε την κατάσταση ή μπορεί επίσης να σκεφτείτε να φύγετε μακριά για λίγο προκειμένου να αισθανθείτε καλύτερα. Υπάρχουν πιθανότητες να σας προσεγγίσει ένας πρώην εραστής ή κάποιος με τον οποίο είχατε ένα φλερτ. Θα θέλετε πολύ κάτι στη σχέση σας, αλλά δεν είστε πρόθυμοι να κάνετε πίσω. </SEVEN-OF-SWORDS-ONE >
<EIGHT-OF-SWORDS-ONE >Μπορεί να υπάρξει κάποιο είδος ασφυξίας ή ανησυχίας σε θέματα καρδιάς. Αλλά τα πράγματα δεν θα είναι όπως φαίνονται καθώς κάτι καλό είναι καθ' οδόν. Υπάρχουν πιθανότητες να βρεθεί μια ευκαιρία να ξεκινήσετε σε ένα νέο περιβάλλοντα ή με ένα νέο σύντροφο που θα σας κάνει να νιώσετε και πάλι ελεύθεροι. </EIGHT-OF-SWORDS-ONE >
<NINE-OF-SWORDS-ONE >Αυτή η κάρτα δείχνει ότι αυτή δεν είναι και η καλύτερη στιγμή της ζωής σας. Μπορεί να περάσετε από άγχος και στέρηση και θα δυσκολευτείτε να κρατήσετε τα πράγματα υπό έλεγχο. Μπορεί να διαχωριστείτε από το σύντροφό σας για λίγο, λόγω επαγγελματικών υποχρεώσεων. Αλλά η ωριμότητα και η ήρεμη προσωπικότητά σας θα σας βοηθήσει να αντιμετωπίσετε όλα τα προβλήματα. </NINE-OF-SWORDS-ONE >
<TEN-OF-SWORDS-ONE >Θα έχετε περάσει μερικές από τις πιο δύσκολες στιγμές σας και ακόμα θα αναρρώνετε από αυτές. Θα εξακολουθούν να υπάρχουν κάποιες δεύτερες σκέψεις καθώς προσπαθείτε να πάρετε κάποιες οριστικές αποφάσεις για το τι είναι σωστό για σας, αλλά αυτό δεν θα είναι μια εύκολη διαδικασία. </TEN-OF-SWORDS-ONE >
<PAGE-OF-SWORDS-ONE >Αυτή η κάρτα δείχνει ότι τώρα επικεντρώνεστε στο να κάνετε καλύτερη τη ζωή σας στα θέματα της καρδιάς, αλλά και στις προσωπικές σας σχέσεις. Μπορεί να έχετε περάσει δύσκολες στιγμές και θα προσπαθείτε να φέρετε τη ζωή σας πίσω στο κανονικό, αλλά θα είναι δύσκολο να τα κατάφερετε. Μπορεί επίσης να υπάρξουν κάποιες απροσδόκητες εμφανίσεις που θα σας προκαλέσουν ανησυχία. </PAGE-OF-SWORDS-ONE >
<KNIGHT-OF-SWORDS-ONE >Τώρα είναι η ώρα να ξεχάσετε τις πικρές στιγμές και να αναζητήσετε νέα ξεκινήματα. Θα συναντήσετε κάποιον νέο και θα σας ελκύσει ερωτικά. Θα θέλετε να συνεχίσουν έτσι τα πράγματα και να εξελιχθούν σε κάτι ερωτικό. Αυτή θα είναι μια ισχυρή εκκίνηση και σε χρόνο μηδέν θα δείτε ότι είστε ευτυχισμένοι και σίγουροι με το σύντροφό σας. </KNIGHT-OF-SWORDS-ONE >
<QUEEN-OF-SWORDS-ONE >Αυτή η κάρτα δείχνει ότι μπορεί να βρεθείτε δίλημμα ή σε μια φάση συνεχούς απογοήτευσης, καθώς μπορεί να έχετε πολλούς καβγάδες και διαμάχες με το σύντροφό σας και τα πράγματα μπορεί έρθουν σε ένα τέλος. Αυτό μπορεί να σας οδηγήσει σε δύσκολες στιγμές που θα αισθάνεστε ένα κενό. </QUEEN-OF-SWORDS-ONE >
<KING-OF-SWORDS-ONE >Θα νιώσετε ότι χρειάζεστε ένα σαφές όραμα για το τι που βρίσκεται η ζωή σας αυτή τη στιγμή και θα συνειδητοποιήσετε ότι πρέπει να προχωρήσετε προς μία πιο ήρεμη ζωή. Η πραγματικότητά σας μπορεί σύντομα να πάρει νέα τροπή, καθώς θα συνειδητοποιήσετε ότι ζούσατε σε έναν φανταστικό κόσμο και είναι καιρός να αντιμετωπίσετε επιτέλους την πραγματικότητα και να εργαστείτε για να την βελτιώσετε. </KING-OF-SWORDS-ONE >
<ACE-OF-WANDS-ONE >Αυτή η κάρτα δείχνει ότι ψάχνετε για μια σοβαρή και μακροχρόνια σχέση και δεν σας ενδιαφέρουν πραγματικά τα φλερτ. Ψάχνετε για ένα νέο ξεκίνημα και υπάρχουν πιθανότητες για γάμο ή συγκατοίκηση. Μπορεί να υπάρξει σύντομα ένα μέλος της οικογένειας ή ένας συγγενής με τον οποίο θα συζητήσετε τα προβλήματα της σχέσης σας. </ACE-OF-WANDS-ONE >
<TWO-OF-WANDS-ONE >Ελπίζετε να συμβεί κάτι καλό και ανυπομονείτε να το δείτε να πραγματοποιείται. Υπάρχουν πιθανότητες κάποιος που χρειάζεται υποστήριξη να στραφεί προς εσάς για καθοδήγηση και θα αναπτύξει έναν δεσμό μαζί σας. Θα αναζητήσετε ισχυρούς δεσμούς αγάπης και φιλίας. Θα επιλύσετε επίσης τις διαφορές που έχετε με τα μέλη της οικογένειάς σας. </TWO-OF-WANDS-ONE >
<THREE-OF-WANDS-ONE >Μπορεί να δεχτείτε αρκετές προτάσεις και το να πάρετε την σωστή απόφαση θα είναι ένα ζήτημα. Αυτή θα είναι μια σπουδαία περίοδος για εταιρικές σχέσεις και παρά τις ανασφάλειες σας, θα ενωθείτε με αυτόν που αγαπάτε. Θα θέλετε να ξεπεράσετε όλα τα εμπόδια και να ζήσετε μια ευτυχισμένη ζωή με το σύντροφό σας. </THREE-OF-WANDS-ONE >
<FOUR-OF-WANDS-ONE >Μπορεί να υπάρξουν πιθανότητες για μια επανασύνδεση με ένα φίλο ο οποίος θα έρθει να σας σώσει και θα σας βγάλει έξω για ψώνια ή ορισμένες διασκεδαστικές δραστηριότητες για να σας κάνει να αισθανθείτε καλύτερα. Θα χρειαστείτε κάποιον να σας φτιάξει το κέφι αφού θα είστε καλά στη ρομαντική σας ζωή λόγω της στέρησης. </FOUR-OF-WANDS-ONE >
<FIVE-OF-WANDS-ONE >Δυσκολεύεστε να επικεντρωθείτε σε ένα πράγμα και αυτό σας κάνει να αισθάνεστε ανήσυχοι. Θα πρέπει να ασχοληθείτε με πάρα πολλά πράγματα και δεν θα μπορείτε να βρείτε χρόνο για το σύντροφό σας ή για κοινωνικοποίηση. Μερικά φλερτ ή περιστασιακά ραντεβού είναι επίσης στα χαρτιά. </FIVE-OF-WANDS-ONE >
<SIX-OF-WANDS-ONE >Αυτή η κάρτα δείχνει ότι θα έχετε την ευκαιρία να κάνετε νέες επιδιώξεις στην ερωτική σας ζωή. Κάποιος που σας θαυμάζει θα δοκιμάσει την τύχη του για να σας εντυπωσιάσει και θα απολαύσετε την προσοχή. Μπορεί να χρειαστεί να αντιμετωπίσετε μια κατάσταση που θα σας αναγκάσει να κάνετε κάποιες απαραίτητες αλλαγές στη ζωή σας προς το καλύτερο. </SIX-OF-WANDS-ONE >
<SEVEN-OF-WANDS-ONE >Αυτή η κάρτα δείχνει ότι ο έρωτας σας έχει χτυπήσει την πόρτα και τα θέματα της καρδιάς θα κυριαρχούν στο μυαλό σας. Θα έρθετε σε επαφή με τη ρομαντική σας πλευρά και θα κάνετε πράγματα για το σύντροφό σας. Τα πράγματα θα μοιάζουν σαν να είναι ιδανικά, αλλά θα υπάρξουν ορισμένα πράγματα που θα πρέπει να αφήσετε πίσω για να ζήσετε τη ζωή που θέλετε. </SEVEN-OF-WANDS-ONE >
<EIGHT-OF-WANDS-ONE >Θα είστε στα πάνω σας κοινωνικά και τα θέματα της καρδιάς θα κυριαρχούν στο μυαλό. Θα είστε σε καλή διάθεση σκεπτόμενοι θετικά πράγματα και εσείς και ο σύντροφός σας θα επιδοθείτε σε πολλές δραστηριότητες μαζί. Θα υπάρξουν επίσης ορισμένες θετικές αλλαγές που θα λάβουν χώρα εξαιτίας του συντρόφου σας. Μπορεί επίσης να υπάρξουν ορισμένες απογοητεύσεις που θα έχετε να αντιμετωπίσετε. </EIGHT-OF-WANDS-ONE >
<NINE-OF-WANDS-ONE >Θα παρατηρήσετε ότι οι προσπάθειές σας τελικά καρποφορούν και θα επιδοθείτε σε πολλές κοινωνικές δραστηριότητες. Θα υπάρξουν ορισμένες συγκρούσεις και διαφορές απόψεων και μπορεί επίσης να λάβει χώρα κάποια πρόχειρη ανταλλαγή λέξεων. </NINE-OF-WANDS-ONE >
<TEN-OF-WANDS-ONE >Αυτή η κάρτα δείχνει ότι ο εραστής σας μπορεί να σας αφήσει μπερδεμένους σχετικά με διάφορα γεγονότα και αυτό θα σας κάνει να νιώσετε περίεργα και ανήσυχα. Θα νιώσετε ότι ο σύντροφός σας είναι αναστατωμένος με σας και αυτό θα σας κάνει να αισθανθείτε απομονωμένοι. Θα κάνετε προσπάθειες για να επιδιορθώσετε τη σχέση σας και να προσθέσετε τη σπίθα που φαίνεται να λείπει. </TEN-OF-WANDS-ONE >
<PAGE-OF-WANDS-ONE >Μπορεί να υπάρξει κάποια διαταραχή στη σχέση σας και θα περιμένετε κάποιες αλλαγές από το σύντροφό σας. Θα αισθάνεστε ανασφαλείς με το γεγονός ότι δεν τα πάτε καλά με τον σύντροφό σας και ακόμη και αν προσπαθήσετε, ο δεσμός δεν θα φτάσει ποτέ στο αποκορύφωμά του. </PAGE-OF-WANDS-ONE >
<KNIGHT-OF-WANDS-ONE >Αυτή η κάρτα δείχνει ότι αισθάνεστε αβέβαιοι σχετικά με διάφορα θέματα στη σχέση σας και θα θέλετε να τα διευθετήσετε πριν έχουν αντίκτυπο πάνω σας. Θα δείτε κάποιον που νομίζετε ότι γνωρίζετε ήδη, θα προσπαθήσετε να συνδεθείτε με αυτό το άτομο και θα χτίσετε μια βαθιά σχέση περνώντας περισσότερο χρόνο μαζί του. </KNIGHT-OF-WANDS-ONE >
<QUEEN-OF-WANDS-ONE >Αυτή η κάρτα δείχνει ότι σύντομα θα γνωρίσετε κάποιον ξεχωριστό και θα αναρωτηθείτε αν θα πρέπει να κάνετε σχέση με αυτό το άτομο ή όχι. Μπορεί επίσης να συναντήσετε έναν ισχυρό θαυμαστή σας που θα ανάψει μερικές σπίθες μέσα σας και αυτό μπορεί να μετατραπεί σε μία πολύ παθιασμένη και ρομαντική ερωτική σχέση που περιμένατε. </QUEEN-OF-WANDS-ONE >
<KING-OF-WANDS-ONE >Κάποια προβλήματα γύρω σας θα σας αναγκάσουν να φαίνεστε αδιάφοροι και ασυναίσθητοι και θα φανείτε ανήσυχοι στο σύντροφό σας. Δεν θα θέλετε να αποκαλύψετε στον κόσμο τι πραγματικά σκέφτεστε και αυτό μπορεί να προκαλέσει ένταση. Θα πρέπει να σκεφτείτε με καθαρό μυαλό το πώς να αντιμετωπίσετε την κατάσταση. Μια πρόταση γάμου μπορεί επίσης να είναι στο δρόμο σας. </KING-OF-WANDS-ONE >
<THE-FOOL-ONE >Αν είστε σε σχέση, η κάρτα αναφέρει ότι θα νιώσετε έναν νέο ενθουσιασμό και ζήλο στην ερωτική σας ζωή. Εάν είστε μόνοι, τότε είναι πολύ πιθανό να συναντήσετε κάποιον ξεχωριστό σύντομα. Θα προχωρήσετε με αυθόρμητα, γεμάτα αυτοπεποίθηση και εύθυμα βήματα στην ερωτική σας ζωή. Θα πρέπει να αφήσετε πίσω τις προηγούμενες σχέσεις σας και να κοιτάξετε προς το μέλλον, το οποίο είναι πανέμορφο και χαρούμενο. </THE-FOOL-ONE >
<THE-MAGICIAN-ONE >Η θέληση και η ψυχραιμία σας θα είναι πολύ χρήσιμες για τον έλεγχο και τη διαχείριση της ερωτικής σας ζωής την περίοδο που έρχεται. Με την εμπιστοσύνη και τη χάρη σας, είναι πολύ πιθανό να έρθετε σε συμφωνία με το αντίθετο φύλο για τα περισσότερα θέματα. Αν βρίσκεστε σε σχέση, μπορεί να μάθετε κάποια κρυμμένα πράγματα για τον αγαπημένο σας στο εγγύς μέλλον. Επίσης, ο σύντροφός πολύ πιθανό να δείξει ένα βελτιωμένο ενδιαφέρον σε κάθε λέξη που λέτε. </THE-MAGICIAN-ONE >
<THE-HIGH-PRIESTESS-ONE >Αυτή η κάρτα δείχνει ότι θα πρέπει να πιστέψετε στην ικανότητά σας να αντιλαμβάνεστε ανθρώπους και καταστάσεις για μια υγιή ερωτική ζωή. Πρέπει να πάρετε ανεξάρτητες αποφάσεις για πράγματα που αφορούν την ερωτική σας ζωή. Αν είστε σε μια σχέση, ο σύντροφός σας είναι πολύ πιθανό να σας δώσει πολύτιμες συμβουλές στο εγγύς μέλλον. Επίσης, φαίνεται ότι μπορεί να μάθετε κάτι εντελώς απροσδόκητο για το σύντροφό σας, είτε καλό είτε κακό. </THE-HIGH-PRIESTESS-ONE >
<THE-EMPRESS-ONE >Φαίνεστε να ανησυχείτε είτε για την υπάρχουσα είτε για μια αναπτυσσόμενη σχέση. Εάν δεν είστε σε σχέση, θέλετε να μπείτε σε μία. Στην σχέση σας, η κτητική φύση που έχετε ο ένας για τον άλλο, μπορεί να φέρει κάποιες δύσκολες στιγμές. Θα πρέπει να κρατήσετε μια στάση που δείχνει υπομονή και εμπιστοσύνη για να επιτευχθεί η σταθερότητα στην ερωτική σας ζωή. </THE-EMPRESS-ONE >
<THE-EMPEROR-ONE >Η κάρτα δείχνει την εισαγωγή της επιτυχίας και της επίτευξης στη σχέση σας στο εγγύς μέλλον. Μπορεί να λάβετε πολύτιμες συμβουλές για τον έρωτα από κάποιον σαν τον πατέρα σας, τον αδελφό, τον φίλο κ.λπ. Είναι πολύ πιθανό να έχετε τον έλεγχο της παρούσας σχέσης σας και θα συνεχίσετε να κυριαρχείτε για λίγο. Ο σύντροφός σας θα σας υποστηρίξει πλήρως σε όλα χωρίς αμφισβήτηση. Προσέξτε να μην γίνετε πολύ απαιτητικοί στη σχέση σας αλλιώς θα καταλήξετε να πληγώσετε συναισθηματικά το σύντροφό σας. </THE-EMPEROR-ONE >
<THE-HIEROPHANT-ONE >Ένα πιο ανοικτό και ευέλικτο μυαλό θα επιφέρει μια θετική αλλαγή στην ερωτική σας ζωή. Εάν σχεδιάζετε να παντρευτείτε σύντομα, θα πρέπει να δείξετε υπομονή καθώς αντιμετωπίζετε τα εμπόδια που έρχονται στο δρόμο σας. Το να είστε αγύριστο κεφάλι στον σύντροφό σας, δεν θα οδηγήσει πουθενά τη σχέση σας. Τα προβλήματα που αντιμετωπίζετε στην ερωτική σας ζωή μπορούν να λυθούν λογικά και κρατώντας χαμηλούς τους τόνους. </THE-HIEROPHANT-ONE >
<THE-LOVERS-ONE >Είναι πιθανό να κολυμπήσετε στα πελάγη του έρωτα. Θα έχετε όμορφες και αξέχαστες στιγμές με τη σχέση σας στο εγγύς μέλλον. Είναι πιθανό να αντιμετωπίσετε μια κατάσταση στην ερωτική σας ζωή, όπου θα σας είναι πολύ δύσκολο να αποφασίσετε για κάτι. Ακούστε την καρδιά σας και όχι το μυαλό σας και μπορεί να διαπιστώσετε ότι η απόφασή σας ήταν σωστή. Θα συνδεθείτε πολύ καλά συναισθηματικά με τον σύντροφό σας. Μην μπείτε στον πειρασμό να απατήσετε τον σύντροφό σας βγαίνοντας με κάποιον άλλο. </THE-LOVERS-ONE >
<THE-CHARIOT-ONE >Η ερωτική σας ζωή μπορεί να περάσει κάποιες δύσκολες στιγμές. Μπορεί να χρειαστεί να κάνετε κάποιες μεγάλες προσπάθειες για να βγείτε από αυτή την κατάσταση. Οι ρομαντικές υποθέσεις σας είναι πολύ πιθανό να υποστούν κάποιου είδους αλλαγή στο εγγύς μέλλον. Θα πρέπει να δείξετε πολλή υπομονή προς τα εναλλασσόμενα συναισθήματα του συντρόφου σας. Τελικά η σχέση σας θα ανθίσει με αγάπη. </THE-CHARIOT-ONE >
<JUSTICE-ONE >Θα πρέπει να επιφέρετε κάποια ισορροπία και ομαλότητα στην παρούσα σχέση σας. Φαίνεται να υπάρχει είτε κορεσμός είτε έλλειψη ενός συγκεκριμένου στοιχείου που είναι ζωτικής σημασίας για να επέλθει η σταθερότητα στην ερωτική σας ζωή. Μπορεί να χρειαστεί να δείξετε μια αμερόληπτη προσέγγιση στις ρομαντικές υποθέσεις σας για να επιτευχθεί η απαιτούμενη ισορροπία. Δώστε την ίδια προσοχή στην καριέρα σας και στην οικογενειακή σας ζωή. Η ειλικρίνεια και η εμπιστοσύνη σας θα είναι πολύ κρίσιμες για τη διαμόρφωση της σχέσης σας. Εάν γνωρίζετε ότι έχετε κάνει κάποιο λάθος στη σχέση σας, διορθώστε το σύντομα. </JUSTICE-ONE >
<THE-HERMIT-ONE >Αφιερώστε λίγο χρόνο για να αναλύσετε την ερωτική σας ζωή. Είναι πιθανό να αισθάνεστε ανυπομονησία με το πώς πάνε τα πράγματα στην τρέχουσα σχέση σας. Θα πρέπει να διατηρήσετε την ψυχραιμία σας και να αποφύγετε τη λήψη βεβιασμένων αποφάσεων που σχετίζονται με την ερωτική σας ζωή. Αν χρειάζεστε συμβουλές στα θέματα αγάπης, συμβουλευτείτε κάποιον μεγαλύτερο και πιο έμπειροι από εσάς. Είναι πιθανό να διευθετήσετε όλα τα ρομαντικά σας εμπόδια, αν και οι δύο δώσετε αρκετό χώρο στον άλλον μέσα στη σχέση σας. </THE-HERMIT-ONE >
<WHEEL-OF-FORTUNE-ONE >Η κάρτα δείχνει ότι οδεύετε προς μια πολύ χαρούμενη και ξεχωριστή φάση που θα φωτίσει την ερωτική σας ζωή. Η τύχη είναι με το μέρος σας και θα βρείτε τον έρωτα της ζωής σας. Θα δείξετε ωριμότητα όταν χειρίζεστε τα θέματα της σχέσης σας. Ο σύντροφος που ονειρεύεστε θα είναι μαζί σας σύντομα. Όλες οι ανησυχίες που είχατε για το μέλλον της σχέσης σας θα εξαφανιστούν. Είστε πολύ πιθανό να ευλογηθείτε με μερικές υπέροχες στιγμές στην ερωτική σας ζωή. </WHEEL-OF-FORTUNE-ONE >
<STRENGTH-ONE >Θα δείξετε μια ισχυρότερη και καλύτερη στάση απέναντι στη ζωή, που θα σας βοηθήσει να αντιμετωπίσετε κάθε εμπόδιο που μπορεί να υπάρχει στη σχέση σας. Αν θέλετε να αφήσετε πίσω σας κάποια θέματα από το παρελθόν, μάλλον θα πρέπει να το κάνετε σύντομα. Το πλοίο της σχέσης σας θα πλεύσει ομαλά, και μπορεί να πετύχετε εύκολα πράγματα για τα οποία αγωνίζεστε εδώ και κάποιο καιρό. Με την αποφασιστικότητα και τη νοημοσύνη σας, θα λύσετε όλα τα ερωτικά σας προβλήματα. </STRENGTH-ONE >
<THE-HANGED-MAN-ONE >Μπορεί να χρειαστεί να κάνετε κάποιες θυσίες για τη σχέση σας. Μπορεί να υπάρξουν εντάσεις μεταξύ των δυο σας. Προτείνεται να κρατήσετε μια πολύ υπομονετική, συγκεντρωμένη και ώριμη στάση στην ερωτική σας ζωή. Μπορεί να υπάρχουν συναισθηματικές διαμάχες μεταξύ σας. Καλό θα είναι να αρχίσετε να αξιολογείτε καλύτερα τον εαυτό σας και να κοιτάτε τις καταστάσεις γύρω σας με ανοιχτό μυαλό για να τις καταλαβαίνετε καλύτερα. </THE-HANGED-MAN-ONE >
<DEATH-ONE >Η κάρτα δείχνει μια φάση, η οποία θα οδηγήσει σε κάποιες δραματικές μεταβολές στην ερωτική σας ζωή. Μπορεί να αισθάνεστε λυπημένοι και μίζεροι στην παρούσα σχέση σας. Η φάση αυτή θα σας ωθήσει προς μια πληθώρα ανθρώπινων συναισθημάτων, που ως εκ τούτου, θα σας κάνουν να συνειδητοποιήσετε τη σημασία των αλλαγών που έρχονται. Η ερωτική σας ζωή μπορεί να χρειαστεί να περάσει κάποιες δύσκολες και σκοτεινές στιγμές. Θα πρέπει να δείξετε ισχυρό χαρακτήρα για να ξεπεράσετε αυτή τη σκληρή φάση. </DEATH-ONE >
<TEMPERANCE-ONE >Η κάρτα δείχνει την άφιξη μπερδεμένων ή αντικρουόμενων καταστάσεων στη σχέση σας, όπου μπορεί να βρείτε δύσκολη την λήψη αποφάσεων. Είναι πολύ πιθανό να έχετε αντίθετες απόψεις με τον σύντροφό σας για διάφορα θέματα δημιουργώντας έτσι μια αναστάτωση. Θα πρέπει να είστε υπομονετικοί, να συνεργαστείτε και να βρείτε την καλύτερη λύση που θα κατευνάσει την ερωτική σας ζωή. Θα βρείτε τους τρόπους για να δημιουργήσετε αρμονία στη σχέση σας. </TEMPERANCE-ONE >
<THE-DEVIL-ONE >Οι ώρες που έρχονται δεν είναι εύκολες. Συναισθήματα όπως η λαγνεία, η απληστία, η φιλοδοξία ή ο εθισμός μπορεί να εισβάλλουν στην ερωτική σας ζωή. Μπορεί επίσης να επιθυμείτε να κυριαρχείτε απόλυτα στη σχέση σας. Θα πρέπει να είστε δυνατοί για να αντισταθείτε σε αυτούς τους πειρασμούς, ώστε να αποφύγετε σημαντικές καταστροφές στην ερωτική σας ζωή. Μπορεί να αισθανθείτε κυρίαρχοι για μια στιγμή, αλλά το να ακολουθήσετε τον λανθασμένο δρόμο δεν θα κάνει καθόλου καλό στη σχέση σας. Να είστε προσεκτικοί, καθώς αυτή η κάρτα είναι μια προειδοποίηση για τα ας θανατηφόρα βήματα που μπορεί να κάνετε. </THE-DEVIL-ONE >
<THE-TOWER-ONE >Το εγγύς μέλλον μπορεί να φέρει μία από τις χειρότερες φάσεις στην ερωτική σας ζωή. Μπορεί να δείτε δυσάρεστες και δυσμενείς καταστάσεις να συμβαίνουν στη σχέση σας. Μερικές από αυτές μπορεί να είναι απρόσμενες και να σας κάνουν να αισθανθείτε μοναξιά και απομόνωση για λίγο. Αυτή η αλλαγή θα σας δείξει νέους τρόπους και λύσεις για να βελτιώσετε την παρούσα κατάσταση της ερωτική σας ζωής. Θα είναι δύσκολος όμως ο δρόμος οπότε θα πρέπει να μείνετε ήρεμοι και απλά να μάθετε τα νέα πράγματα που σας διδάσκει η ζωή. </THE-TOWER-ONE >
<THE-STAR-ONE >Αυτή η κάρτα είναι ένας προάγγελος για τις καλές εποχές που έρχονται. Δείχνει την πιθανότητα μιας υγιούς σχέσης η οποία θα ξεκινήσει σύντομα. Αναφέρει, επίσης, ότι μπορεί να πάτε την τρέχουσα σχέση σας στο επόμενο επίπεδο. Μπορεί να αισθανθείτε μια καλύτερη συναισθηματική και πνευματική σχέση με τον σύντροφό σας. Η ερωτική σας ζωή θα περάσει από μια φάση στην οποία θα ξεπεράσετε τις παλιές σας σχέσεις και θα γίνετε πιο αισιόδοξοι για το ερωτικό σας μέλλον. </THE-STAR-ONE >
<THE-MOON-ONE >Οι μόνες σκέψεις που θα έρχονται στο μυαλό σας θα είναι για τη σχέση σας. Μπορεί να νιώθετε φυλακισμένοι εξαιτίας της τρέχουσας κατάστασης της ερωτική σας ζωής. Είναι πιθανό να μάθετε μερικά μυστικά που διατηρούνται σκοπίμως κρυμμένα τα οποία μπορεί να οδηγήσουν σε ένα συναισθηματικό πλήγμα στη σχέση σας. Μην πέσετε σε κατάθλιψη. Δείξτε ένα πιο ανοιχτό μυαλό και κάντε κάποιες σοβαρές προσπάθειες για να ξεπεράσετε αυτά τα συναισθήματα. Αφεθείτε σε άλλα χόμπι για να ξεπεράσετε τα συναισθήματα και να φέρετε τη ζωή σας πίσω σε καλό δρόμο. </THE-MOON-ONE >
<THE-SUN-ONE >Σύντομα θα αισθανθείτε φρέσκα ​​και συναρπαστικά συναισθήματα στη σχέση σας. Εάν δεν είστε ερωτευμένοι, μπορεί να ερωτευθείτε με κάποιον σύντομα. Τα ερωτικά θέματα που φαινόταν σαν να μην πηγαίνουν πουθενά, θα αρχίσουν να κάνουν θετική πρόοδο. Κάποιες ρομαντικές διακοπές και κάποια συναισθηματικά ραντεβού με το αγαπημένο σας πρόσωπο είναι στα χαρτιά. Οι καιροί φαίνονται ευχάριστοι και αξέχαστοι. Βεβαιωθείτε ότι απολαμβάνετε πλήρως αυτήν την όμορφη φάση. </THE-SUN-ONE >
<JUDGEMENT-ONE >Αυτή η κάρτα σας ζητά να κρατήσετε τις αισθήσεις σας σε εγρήγορση για ό,τι βρίσκεται γύρω σας. Μπορείτε να συνειδητοποιήσετε ότι έρχονται πράγματα στο δρόμο σας, αλλά αν δεν κάνετε αρκετή προσπάθεια, μπορεί να αποτύχετε να αξιοποιήσετε στο έπακρο αυτές τις καταστάσεις. Αν δεν είστε ακόμα ερωτευμένοι, είναι πολύ πιθανό ότι θα συναντήσετε ένα μελλοντικό σύντροφο πολύ σύντομα. Σε μια τέτοια περίπτωση, μην χάσετε πολύ χρόνο πριν κάνετε την σημαντική ερώτηση. Αν χωρίσατε κάποιον στο παρελθόν, το ίδιο μπορεί να συμβεί και σε εσάς. Αλλά τελικά, η ερωτική σας ζωή θα κινηθεί θετικά. </JUDGEMENT-ONE >
<THE-WORLD-ONE >Η κάρτα σηματοδοτεί το τέλος των δυσκολιών σας και υποδεικνύει την άφιξη ευχάριστων στιγμών αγάπης με τον σύντροφό σας. Η σχέση σας θα γίνει επιτέλους όπως την επιθυμούσατε πάντα. Ο σύντροφός σας θα σας ενθαρρύνει και θα εκτιμήσει τη σκληρή δουλειά σας και αυτό θα κάνει την αγάπη σας να ανθίσει. Η φάση αυτή θα φέρει έναν νέα ζήλο στην ερωτική σας ζωή. Εάν είστε μόνοι, η πιθανότητα να συναντήσετε κάποιον ξεχωριστό είναι αρκετά υψηλή.</THE-WORLD-ONE >
    </ROOT>
