﻿<?xml version="1.0"?>

    <ROOT>

    <ACE-OF-CUPS-ONE>La carte indique votre tendance à vous impliquer dans des sujets à importance émotionnelle. Il est temps de laisser votre cœur vous guider. Vous devez faire confiance à votre intuition et faire ce qui vous semble approprié sur le plan émotionnel. Vous sentirez probablement la naissance d’un lien intime de compassion et d’amour. Votre vie amoureuse restera probablement forte et brillera de manière éclatante. </ACE-OF-CUPS-ONE>

    <TWO-OF-CUPS-ONE>Cette carte indique principalement les liens, la paix et l’affection. Cette carte concerne la création de nouveaux liens/partenariats en amour, au travail, en amitié ou ailleurs. Il est temps de se regrouper et de ne pas rester séparé. S’il y a un conflit dans certaines relations/partenariats, résolvez-les et apportez la paix. Pardonnez et oubliez. Créez de nouveaux liens biunivoques et poursuivez votre optimisme. </TWO-OF-CUPS-ONE>

    <THREE-OF-CUPS-ONE>Cette carte indique un zèle accru et une impatience envers la vie. Vous vous retrouverez à apprécier les petites choses qui vous arrivent. Vous vous retrouverez avec des amis de longue date et établirez des liens forts de confiance avec eux. Vous ferez de nouvelles connaissances en société et expérimenterez la camaraderie. Il se peut que vous vous retrouviez dans une équipe/un groupe tous unis derrière un objectif commun. </THREE-OF-CUPS-ONE>

    <FOUR-OF-CUPS-ONE>Cette carte représente un moment pour réfléchir avec introspection sur vos pensées et sur la vie. Il se peut que vous vous trouviez dans une situation non désirable. Par moments, il est possible que vous vous sentiez apathique et manquiez de motivation. Vous devez vous ouvrir à toutes les nouvelles possibilités pour trouver la direction que vous cherchiez. Essayez d’être plus désintéressé et écoutez les autres pour trouver votre voie. </FOUR-OF-CUPS-ONE>

    <FIVE-OF-CUPS-ONE>Cette carte indique la perte d’espoir, la déception et le rejet de la vie à propos d’événements passés. Il se peut que vous vous sentiez perdu ou abattu à cause de quelque chose qui s’est déjà produit. Vous regrettez peut-être vos décisions passées et souhaitez peut-être revenir dans le temps pour modifier vos décisions. Vous reconnaissez vos erreurs, mais ne pensez pas à ce qui vous reste. Vous devez lâcher prise avec le passé, voir le bien dans le présent et œuvrer pour le futur. </FIVE-OF-CUPS-ONE>

    <SIX-OF-CUPS-ONE>Cette carte indique votre bon cœur et votre vision innocente de la vie. Vous êtes heureux de répandre la joie autour de vous sans motif égoïste. Vous vous sentez peut-être béni et vous aimez aider les autres. Il se peut que vous commenciez à remarquer toutes les petites choses autour de vous et que vous cherchiez à vous satisfaire de ces petits plaisirs. Il se peut que vous deveniez nostalgique de votre enfance. Un amour divin peut également se profiler dans votre avenir proche. </SIX-OF-CUPS-ONE>

    <SEVEN-OF-CUPS-ONE>Cette carte représente les illusions et les rêves. Il se peut que vous laissiez libre cours à votre imagination et que vous ne vous concentriez pas sur les réalités de la vie. Vous arrivez à un moment où vous pouvez envisager beaucoup d’options qui s’offrent à vous. Il y a des chances que vous négligiez votre santé et que vous fassiez des excès de nourriture/de boisson. La paresse et la procrastination sont vos principaux ennemis. </SEVEN-OF-CUPS-ONE>

    <EIGHT-OF-CUPS-ONE>Cette carte montre vos progrès dans votre recherche d’un sens profond de la vie. Vous souhaitez vous extirper des problèmes de la vie et ne plus vivre de situations désespérées. Il se peut que vous ayez tendance à chercher le vrai bonheur plutôt qu’à vous concentrer sur la course folle du quotidien. Vous chercherez une joie intérieure et vous aurez peut-être tendance à vous détacher du passé. Il se peut que vous dédiiez plus de temps à des activités spirituelles. </EIGHT-OF-CUPS-ONE>

    <NINE-OF-CUPS-ONE>Cette carte indique la réalisation des vœux. Vous gagnerez ce que vous méritez et désirez vraiment. Il se peut que vous vous sentiez plus satisfait de la vie, étant donné que la réussite est de votre côté. Vous chérissez des rêves qui peuvent se réaliser et vos objectifs longuement attendus vont peut-être finalement se réaliser. Vous voudrez expérimenter et apprécier le luxe. Vous souhaitez maintenant vous relaxer. Appréciez ce bon moment aussi longtemps que vous le pouvez. </NINE-OF-CUPS-ONE>

    <TEN-OF-CUPS-ONE>Cette carte reflète l’arrivée de joie et de paix dans votre vie. Vous pouvez ressentir le bonheur qui est autour et vous ressentez un sentiment de bien-être. Il se peut que vous trouviez que le stress et les tensions se réduisent et que la vie devienne facile et harmonieuse. Vous vous concentrerez sur l’amour et l’amitié et vous excellerez dans les deux. Vous resterez dédié à votre famille et apprécierez les rassemblements sociaux et les événements qui les impliquent. </TEN-OF-CUPS-ONE>

    <PAGE-OF-CUPS-ONE>Cette carte reflète votre côté émotionnel. Vous avez tendance à écouter votre cœur plutôt que votre esprit. Vous avez tendance à être sentimental et affecté par de petites choses. Vous vous examinez et vous avez confiance en votre intuition pour vous orienter. C’est un bon moment pour vivre une relation amoureuse dans laquelle vous serez proche de la personne sur le plan émotionnel. Des amitiés plus étroites doivent être développées. Il est également temps de réparer les relations rompues. </PAGE-OF-CUPS-ONE>

    <KNIGHT-OF-CUPS-ONE>Cette carte représente les belles émotions et indique également leurs dérives. Par moment, il se peut que vous soyez sentimental en amour, et que vous exagériez pour exprimer votre amour. La jalousie peut s’installer au sein de votre relation amoureuse. Vous êtes sensible et par moment, vous avez tendance à être blessé facilement. Vous êtes aimable et intelligent. Vous rêvez de grandes choses pour vous, mais vous vous découragez facilement. </KNIGHT-OF-CUPS-ONE>

    <QUEEN-OF-CUPS-ONE>Cette carte symbolise la sensibilité et la maturité à gérer ses émotions. Il se peut que vous démontriez une approche prévenante et réfléchie envers chaque situation à laquelle vous vous trouvez confronté. Vous avez tendance à vous connecter à votre côté spirituel et vous appréciez le sens profond de la vie. Vous êtes patient. Vous éprouvez de l’empathie pour les autres et vous êtes gentil et attentionné envers les faibles. Vous avez tendance à comprendre les choses sans poser de questions. </QUEEN-OF-CUPS-ONE>

    <KING-OF-CUPS-ONE>Cette carte symbolise une attitude sage et tolérante. Il se peut que vous ayez une compréhension profonde de la nature humaine. Vous pouvez être un bon professeur. Vous pouvez garder la tête froide pendant une crise pour résoudre une situation tendue. Vous savez quoi dire et quand. Vous éprouvez de la compassion pour les personnes les moins privilégiées. Vous êtes une personne à l’esprit ouvert avec un sens de la diplomatie. Vos compétences de meneur sont un atout. </KING-OF-CUPS-ONE>

    <ACE-OF-PENTACLES-ONE>Cette carte vous suggère de regrouper la force mentale que vous possédez et de vous concentrer sur vos objectifs. Il se peut que vos efforts aboutissent aux résultats que vous désirez. Cela finira par vous faire progresser dans votre carrière et dans votre vie et à vous forger un état d’esprit positif. Vous devez agir de manière pratique et être réaliste dans la vie. Agir avec foi et confiance en les autres vous sera bénéfique. </ACE-OF-PENTACLES-ONE>

    <TWO-OF-PENTACLES-ONE>Cette carte nous en apprend sur votre adaptabilité et votre compatibilité par rapport à la vie. Vous équilibrerez correctement les choses que vous gérez et vous irez de l’avant à grands pas, stables, mais rapides. Vous serez ouvert aux nouvelles idées et aux nouvelles possibilités, aussi bien dans votre vie personnelle que professionnelle. Vous gérerez efficacement les changements qui se produisent et vous vous amuserez par la même occasion. Le travail et le jeu seront étroitement mêlés pour vous. </TWO-OF-PENTACLES-ONE>

    <THREE-OF-PENTACLES-ONE>Votre potentiel de travail en tant que personne à l’esprit d’équipe est souligné par cette carte. Vous serez un excellent coordinateur et motivateur dans les tâches que vous entreprendrez. Il se peut que vous ayez tendance à être relativement organisé dans votre approche. Avec votre compétence, vous atteindrez la perfection dans votre travail et vous serez capable d’atteindre vos objectifs. Vous prouverez ainsi vos capacités à quiconque en doutait. </THREE-OF-PENTACLES-ONE>

    <FOUR-OF-PENTACLES-ONE>Cette carte souligne vos nuances de possessivité et de résistance aux changements. Il se peut que vous ayez tendance à accumuler les choses matérielles et à ne pas les partager avec les autres. Il se peut que l’avarice régisse votre esprit. Vous essayez peut-être de contrôler les choses qui vous entourent et vous exigez que les choses soient effectuées à votre façon. Vous pouvez aussi avoir tendance à conserver les choses en place sans les changer, apportant ainsi une stagnation générale dans la plupart des aspects de votre vie. </FOUR-OF-PENTACLES-ONE>

    <FIVE-OF-PENTACLES-ONE>Les cartes montrent une période difficile, à la fois sur le plan émotionnel et sur le plan physique. Il se peut que vous vous retrouviez dans des difficultés financières ou certains problèmes peuvent faire surface à votre lieu de travail. Il se peut que vous manquiez des compétences dont vous avez besoin pour vous développer. Il est également possible que vous traversiez une phase, dans laquelle vous ressentiez un manque de soutien et que vous vous perdiez dans une légère solitude. Il peut également y avoir des problèmes de santé. </FIVE-OF-PENTACLES-ONE>

    <SIX-OF-PENTACLES-ONE>Cette carte parle des possibilités d’obtenir richesse, pouvoir et intelligence. Soit vous l’avez, soit vous ne l’avez simplement pas. Vous serez soit à l’extrémité réceptrice des choses, soit à l’extrémité donatrice. Cela s’applique dans tous les aspects de la vie, vous êtes soit ici soit là-bas. Dans les deux cas, cependant, vous devrez comprendre et analyser votre avenir et vous y employer. </SIX-OF-PENTACLES-ONE>

    <SEVEN-OF-PENTACLES-ONE>La carte symbolise un besoin d’évaluer et d’analyser l’état actuel de la vie. Il se peut que vous vouliez prendre un congé simplement pour suivre vos progrès jusqu’à maintenant et vous assurer que vous êtes sur le bon chemin. Il a de fortes chances que vous connaissiez la réussite de vos efforts sincères et franchissiez les étapes dont vous aviez rêvé. Il est possible que vous vous trouviez à réfléchir à un changement d’emploi/de domicile. </SEVEN-OF-PENTACLES-ONE>

    <EIGHT-OF-PENTACLES-ONE>La carte montre votre détermination extrême et votre attention aux détails. Il est possible que vous soyez impliqué dans une ou certaines tâches et que vous vous plongiez totalement dans le travail de tout votre cœur. Cette attitude vous aidera à augmenter votre expertise et votre connaissance des choses sur lesquelles vous travaillez. Vous ferez très attention et vous vous assurerez que vous vérifiez tout méthodiquement jusqu’au dernier détail. </EIGHT-OF-PENTACLES-ONE>

    <NINE-OF-PENTACLES-ONE>Cette carte représente votre conduite disciplinée pleine de confiance en soi et d’envie de s’améliorer. Vous chercherez à résoudre des problèmes et à gérer votre vie d’une manière ordonnée et bien organisée. Vous ferez confiance à vos compétences et convertirez vous-même votre potentiel en performance. Vous viserez la perfection et chercherez à apprécier les meilleures choses de la vie. Vous aspirerez à un style de vie luxueux. </NINE-OF-PENTACLES-ONE>

    <TEN-OF-PENTACLES-ONE>Cette carte indique l’abondance de richesses que vous allez rencontrer. Il est possible que vous viviez une saine réussite sur le plan professionnel et que vos projets prospèrent. Ou il se peut que vous trouviez un emploi très bien payé. Vous bénéficierez d’une sécurité financière dans tous les cas. Il est possible que vous esquissiez un plan pour garantir la sécurité à vie de vous et de votre famille. Dans tout cela, vous adopterez des méthodes éprouvées et testées et vous respecterez les règles dans tout ce que vous entreprendrez. </TEN-OF-PENTACLES-ONE>

    <PAGE-OF-PENTACLES-ONE>Cette carte suggère que vous agissez de manière pragmatique dans la vie et que vous suiviez vos rêves pour les réaliser. Vous devrez travailler avec ce que vous avez et utilisez votre force psychologique et physique pour ce faire. Vous devriez abandonner votre attitude de procrastination et garder vos pieds sur terre. Vous devriez agir de manière responsable et fiable et faire confiance aux gens avec qui vous travaillez. </PAGE-OF-PENTACLES-ONE>

    <KNIGHT-OF-PENTACLES-ONE>La carte parle de votre inclination excessive envers les choses positives de la vie. Quand vous êtes résolu à poursuivre un objectif, vous vous entêtez, n’écoutez personne et refusez d’abandonner même dans une situation désespérée. Vous êtes prudent, vous avez peur des risques et par conséquent vous ratez des opportunités faciles par moment. Votre quête d’exactitude est parfois à la limite de l’obsession. Votre pragmatisme fait de vous un pessimiste. Vous travaillez tellement dur que vous ne remarquez pas la beauté du monde autour de vous. </KNIGHT-OF-PENTACLES-ONE>

    <QUEEN-OF-PENTACLES-ONE>Cette carte montre votre nature terre-à-terre, motivante et généreuse. Vous prenez soin et vous aimez les personnes autour de vous d’une manière désintéressée. Vous avez un cœur tendre et vous essayez de répandre la joie et la bonne humeur grâce à votre attitude altruiste. Vous êtes une personne fidèle et dévouée. Vous ne gâchez pas les choses et vous tirez tout le parti possible de petites choses. Les autres se sentent bien autour de vous grâce à votre nature humble et agréable. </QUEEN-OF-PENTACLES-ONE>

    <KING-OF-PENTACLES-ONE>Cette carte souligne vos qualités les plus significatives dans différents aspects de la vie. Vos qualités d’entrepreneur vous apporteront des satisfactions à la fois financière et mentale dans la vie. On peut compter sur vous comme sur une personne fiable en cas de crise. Votre nature flexible vous aide dans toutes les situations. Votre attitude stimulante aide les gens autour de vous. Vous êtes calme, ponctuel et vous travaillez dur. </KING-OF-PENTACLES-ONE>

    <ACE-OF-SWORDS-ONE>La carte montre que vous vous éveillerez sur le plan psychique et vous comprendrez les choses à votre manière. Avec votre intelligence vive et vos capacités de raisonnement, vous apprendrez quelques vérités sur la vie. Grâce à votre force psychologique, vous vous éloignerez lentement de toutes les situations difficiles de la vie en franchissant tous les obstacles. Il est possible que vous ayez tendance à vous battre pour la justice pour quelqu’un/quelque chose et vous continuerez dans la voie de la vérité et de l’honnêteté. </ACE-OF-SWORDS-ONE>

    <TWO-OF-SWORDS-ONE>La carte montre une opposition aux émotions et une suppression des vrais sentiments. Il est possible que vous cachiez votre détresse aux yeux des autres et vous essayez de maintenir une apparence décontractée. Il peut y avoir des moments où vous vous trouvez coincé dans des situations désagréables dans lesquelles vous hésitez à prendre une décision ou à agir. Il est possible que vous ayez tendance à fuir la vérité et la réalité. La situation restera comme elle est à cause de votre inaction. </TWO-OF-SWORDS-ONE>

    <THREE-OF-SWORDS-ONE>Cette carte suggère que vous traversez un moment très bas sur le plan émotionnel. Il se peut que vous finissiez par blesser les sentiments de quelqu’un ou vice-versa. Certaines nouvelles désagréables peuvent être sur le point d’arriver. Il se peut que vous vous sentiez rejeté. Il est possible que vous ayez l’impression que personne n’est là pour vous lorsque vous avez le plus besoin de quelqu’un. La solitude peut s’installer. Il se peut que vous appreniez des secrets sur des gens proches de vous qui vous déstabilisent. Vous pouvez aussi connaître la trahison de quelqu’un de proche. </THREE-OF-SWORDS-ONE>

    <FOUR-OF-SWORDS-ONE>La carte suggère que vous devriez prendre la vie de manière plus simple sans vous surmener. Vous devriez faire une pause dans vos activités quotidiennes et rechercher la paix et le calme. Détendez-vous le corps et l’esprit. Utilisez cette période de repos pour réfléchir à la place où vous vous situez dans la vie, ce que vous souhaitez accomplir, ce que vous avez déjà effectué, etc. Préparez-vous en conséquence pour l’avenir en sécurisant votre position actuelle. </FOUR-OF-SWORDS-ONE>

    <FIVE-OF-SWORDS-ONE>La carte reflète un état d’esprit égoïste et une attitude belliqueuse envers les autres. Il est possible que vous ayez tendance à penser uniquement à vos propres intérêts avant d’entreprendre une tâche quelconque. Il se peut que vous trouviez difficile de faire face aux vues et aux opinions des autres. Il est possible que vous réussissiez à créer de mauvaises intentions chez les autres. Il se peut que vous réussissiez à atteindre le succès en utilisant de mauvais moyens. </FIVE-OF-SWORDS-ONE>

    <SIX-OF-SWORDS-ONE>La carte souligne les hauts et les bas de la vie. Il est possible que vous vous sentiez apathique et déprimé dans ce que vous entreprenez. Des problèmes de santé peuvent être possibles. Il se peut que vous ayez à dégager du temps pour vous, pour guérir et gérer les problèmes émotionnels de votre vie. Vous verrez le monde avec un espoir nouveau et commencerez à aller de l’avant dans un état d’esprit positif. Il se peut que vous voyagiez d’un endroit à un autre à la recherche d’aventure et de changement. </SIX-OF-SWORDS-ONE>

    <SEVEN-OF-SWORDS-ONE>La carte parle de votre tendance à esquiver vos responsabilités et les obligations qui vous entourent. Vous cachez la vérité pour éviter d’affronter la réalité. Il est possible que vous ayez tendance à rester seul et distant et que vous vous mainteniez à une certaine distance de la sphère sociale autour de vous. Au cours de cette phase d’isolement, il est possible que vous développiez une attitude mensongère et que parfois vous agissiez de manière fourbe. </SEVEN-OF-SWORDS-ONE>

    <EIGHT-OF-SWORDS-ONE>Cette carte montre des routes sombres et difficiles à l’approche. Vous pouvez vous sentir prisonnier de situations et vous pouvez également trouver difficile de trouver votre propre voie dans la vie. Vous pouvez vous sentir troublé dans la plupart des circonstances, ne sachant pas comment agir. Il se peut que vous manquiez de concentration et il est possible que vous cherchiez une aide extérieure. Il est possible que vous ressentiez que les choses deviennent incontrôlables, et que la seule chose que vous puissiez faire est de prendre du recul et de regarder. </EIGHT-OF-SWORDS-ONE>

    <NINE-OF-SWORDS-ONE>Cette carte montre une période d’inquiétude et de tensions pour vous. Il se peut que vous développiez un sentiment de culpabilité pour quelque chose que vous avez fait dans le passé et vous trouvez difficile de vous pardonner pour cela. Il se peut que vous souhaitiez remonter dans le temps et corriger vos actions. Vous dérivez vers une phase, dans laquelle vous arrêtez de croire en vous et il se peut que vous vous sentiez déprimé. Par moment, vous vous sentez également brisé sur le plan émotionnel. </NINE-OF-SWORDS-ONE>

    <TEN-OF-SWORDS-ONE>Cette carte montre une période d’inquiétude et de tensions pour vous. Il se peut que vous développiez un sentiment de culpabilité pour quelque chose que vous avez fait dans le passé et vous trouvez difficile de vous pardonner pour cela. Il se peut que vous souhaitiez remonter dans le temps et corriger vos actions. Vous dérivez vers une phase, dans laquelle vous arrêtez de croire en vous et il se peut que vous vous sentiez déprimé. Par moment, vous vous sentez également brisé sur le plan émotionnel. </TEN-OF-SWORDS-ONE>

    <PAGE-OF-SWORDS-ONE>La carte vous demande de rassembler votre force mentale et d’affronter les problèmes qui vous tracassent sur le long terme. Vous devrez analyser de manière logique les problèmes qui vous font face et élaborer des plans appropriés pour les résoudre. Vous devrez être honnête et fiable et ne pas chercher à cacher quoi que ce soit. Vous devrez déterminer ce qui est bien et ce qui est mal, et également accepter la responsabilité qui va avec. Conservez votre optimisme et affrontez les difficultés avec vigueur. </PAGE-OF-SWORDS-ONE>

    <KNIGHT-OF-SWORDS-ONE>Cette carte suggère de la confiance, mais avec une pointe d’impétuosité. Votre franchise peut être considérée comme impolie par d’autres. Vous pouvez être décrit comme quelqu’un qui peut dire n’importe quoi sans réfléchir. Il se peut que vous commenciez en tant que bon meneur, mais finissiez avec une attitude dominante. Il est possible que vous montriez un grand sens de l’humour teinté de sarcasme. Votre connaissance profonde sera appréciée si elle ne frôle pas avec l’arrogance. </KNIGHT-OF-SWORDS-ONE>

    <QUEEN-OF-SWORDS-ONE>La carte reflète votre nature sincère et directe dans la vie. Vous préférez être ouvert dans toutes vos interactions. Votre perception d’une situation ou d’une personne est relativement fondée et tombe toujours juste. Vous essayez d’adopter une approche claire dans tout ce que vous faites. Vous avez un excellent sens de l’humour qui ne s’exerce aux dépens de personne. Votre vaste expérience vous donne la force d’avancer dans la vie. </QUEEN-OF-SWORDS-ONE>

    <KING-OF-SWORDS-ONE>La carte signifie que vous avez un esprit réfléchi et une personnalité éthique. Vous avez tendance à analyser les situations de la vie de manière efficace avec vos capacités de logiques et de raisonnement bien développées. Vous êtes capable de communiquer vos vues et vos idées grâce à d’excellentes compétences verbales. Vous avez une perception large et une compréhension mature de tous les aspects d’un problème. Vous avez tendance à être honnête et droit dans tout ce que vous faites. </KING-OF-SWORDS-ONE>

    <ACE-OF-WANDS-ONE>Cette carte symbolise le succès. Vous avez une manière de penser imaginative et non conventionnelle, ce qui vous rend spécialement créatif. Votre enthousiasme et votre grande confiance en vous ont tendance à inspirer les autres et à faire ressortir de la passion en vous. Vous vous donnez à plus de 100 % dans tout ce que vous faites. Dans la vie, lorsque vous faites face à un problème ou à un défi, vous affrontez les difficultés avec courage et confiance en vous pour les franchir. </ACE-OF-WANDS-ONE>

    <TWO-OF-WANDS-ONE>Cette carte désigne une attitude audacieuse. Si vous aviez attendu de prendre une initiative ou d’entreprendre une certaine tâche/un voyage, il est temps de le faire. Vous avez le pouvoir et l’influence pour atteindre vos objectifs. Vous avez donc simplement besoin de courage pour prendre les mesures qui vous feront avancer. Il est temps d’être audacieux et d’affronter votre peur. Vous allez devoir élaborer une approche innovante pour atteindre vos objectifs. Tracer simplement votre propre voie. </TWO-OF-WANDS-ONE>

    <THREE-OF-WANDS-ONE>La carte montre une soif et une impatience à explorer quelque chose de nouveau. Cela est lié à votre nature à la recherche d’aventure et d’enthousiasme. Votre nature prévoyante continuera de vous aider dans les temps à venir. Vous devrez assumer le rôle d’un chef pour rallier tout le monde à votre mission et à votre objectif. Il se peut que vous réussissiez dans le domaine du commerce. </THREE-OF-WANDS-ONE>

    <FOUR-OF-WANDS-ONE>Il se peut que vous renouiez avec votre nature à la recherche d’aventure et d’enthousiasme. Il est possible que votre nature prévoyante continue de vous aider dans les temps à venir. Vous devrez assumer le rôle d’un chef pour rallier tout le monde à votre mission et à votre objectif. Il se peut que vous réussissiez dans le domaine du commerce très bientôt. </FOUR-OF-WANDS-ONE>

    <FIVE-OF-WANDS-ONE>Cette carte signifie que certains troubles sont à venir. Il se peut que des personnes semblent être contre vous et vous pouvez vous retrouver à argumenter et à vous disputer avec ces personnes. Il y a d’autres personnes en concurrence avec vous et vous avez envie de relever le défi d’un combat. Des revers et des difficultés mineurs sont à l’approche. Vous devrez faire preuve de patience et de sang-froid pour vous sortir de cette situation. </FIVE-OF-WANDS-ONE>

    <SIX-OF-WANDS-ONE>La carte reflète la victoire, la reconnaissance avec un peu de fierté. Il est possible que vous réussissiez à atteindre vos objectifs avec brio. Il est possible que vous soyez apprécié pour vos efforts et cela vous motivera pour donner le meilleur de vous-même. Vous apprécierez votre moment de gloire, mais il se peut que vous commenciez à être imbu de vous-même. Il est possible que vous commenciez à penser à vous en premier, ce qui peut conduire des gens à penser que vous êtes arrogant. </SIX-OF-WANDS-ONE>

    <SEVEN-OF-WANDS-ONE>La carte symbolise les efforts entrepris pour défendre votre place et ce en quoi vous croyez. Votre approche de la vie a tendance à être agressive et provocatrice. La plupart du temps, cette approche fonctionne bien pour vous, mais parfois vous vous emportez trop. Vous avez tendance à être têtu lorsque vous prenez une position et vous êtes plutôt persistant. Votre croyance sincère en vos compétences vous aidera pendant les moments de détresse. </SEVEN-OF-WANDS-ONE>

    <EIGHT-OF-WANDS-ONE>La carte suggère un changement. Le moment que vous attendiez est arrivé. Il est temps d’agir et de prouver votre potentiel d’une manière ou d’une autre. Certaines tâches non terminées peuvent finalement être complétées. Il est probable que vous découvriez certaines informations ou nouvelles que vous cherchiez. Il est possible que vous deviez terminer une certaine chose, juste pour démarrer quelque chose de mieux. </EIGHT-OF-WANDS-ONE>

    <NINE-OF-WANDS-ONE>Cette carte symbolise les précautions que vous prenez et la détermination dont vous faites preuve. Grâce à vos épreuves et expériences passées, vous êtes extrêmement prudent désormais et toujours préparé au pire. Vous vous protégez, vous et vos proches. Vous vous défendez envers et contre tout et vous continuez à vous battre pour atteindre vos objectifs de tout votre cœur. Votre force de volonté et votre force physique continueront de canaliser vos efforts sur le chemin de la gloire. </NINE-OF-WANDS-ONE>

    <TEN-OF-WANDS-ONE>La carte indique un sens accru d’un poids émotionnel et psychologique. Il se peut que vous vous surmeniez au travail. Vous faites probablement beaucoup de choses à la fois et vous vous retrouvez enlisé dans l’une d’elles. Il est possible que vous ayez des dettes à rembourser. Il se peut que vous trouviez difficile de dire non aux autres. Bien que vous soyez crédité pour les bonnes choses que vous faites, vous finissez par être chargé de toutes les fautes. Il est aussi possible que vous deviez lutter pour chaque victoire mineure. </TEN-OF-WANDS-ONE>

    <PAGE-OF-WANDS-ONE>La carte symbolise de nouvelles opportunités pour vous de découvrir la puissance et l’énergie réelle que vous possédez. Il est temps de redécouvrir la vie et de l’explorer d’une manière créative et courageuse. Vous devez montrer plus de passion et d’optimisme dans vos efforts. Soyez passionné dans tout ce que vous faites. Croyez en vos compétences et restez concentré pour donner le meilleur de vous-même. Soyez aventureux et prenez des risques. Il est temps de s’affirmer. </PAGE-OF-WANDS-ONE>

    <KNIGHT-OF-WANDS-ONE>Une carte de cavalier reflète un très bon ensemble de qualités fortes accompagnées de quelques défauts. Vous avez souvent tendance à être charmeur et confiant, mais parfois vous apparaissez comme quelqu’un d’arrogant. Vous avez tendance à être audacieux, mais parfois vous devenez imprudent. Dans votre quête d’aventure, vous avez tendance à être très agité. Vous êtes d’une nature passionnée, mais vous avez également un tempérament bouillonnant. </KNIGHT-OF-WANDS-ONE>

    <QUEEN-OF-WANDS-ONE>Cette carte est une des plus positives. Elle montre une hausse d’énergie, d’humeur et de joie. Vous réussirez à naviguer à travers vos tâches grâce à votre engagement et votre dévouement. Vous aurez tendance à être un bon ami et à vous faire de nouveaux amis facilement. Vous vivrez des moments joyeux et paisibles dans les jours à venir. Votre comportement calme vous aidera à surmonter tous les obstacles qui se dresseront sur votre route. </QUEEN-OF-WANDS-ONE>

    <KING-OF-WANDS-ONE>Cette carte reflète le pouvoir d’une pensée créative et innovante. Gardez votre esprit ouvert aux nouvelles possibilités et aux nouvelles opportunités. Il se peut que vous viviez quelque chose de nouveau dans un avenir proche. Il est possible que vous soyez un bon communicant capable de se lier et de motiver les autres. Il se peut même que vous ayez tendance à dominer et à commander les gens autour de vous — mais avec respect. Vous appréciez l’attention que vous suscitez et vous avez tendance à attirer les membres du sexe opposé. </KING-OF-WANDS-ONE>

    <THE-FOOL-ONE>Un nouveau départ est signalé. Vous sentirez que vous repartez à neuf avec de nouvelles choses et de nouvelles idéologies. Cela peut concerner votre carrière, votre vie amoureuse ou votre vie personnelle. Il y aura beaucoup de spontanéité et de plaisir le long de ce voyage. En cas d’obstacles, vous apprendrez quelque chose de précieux. Vous devrez vous détacher du passé et entreprendre de nouvelles choses dans ce nouveau monde que vous commencez à explorer. </THE-FOOL-ONE>

    <THE-MAGICIAN-ONE>Votre force de volonté est plus solide désormais. Les gens vous écouteront et prendront tout ce que vous dites au sérieux. Vous serez capable de convaincre les gens et cette fois-ci vous serez au mieux de vos capacités de meneur pour au moins quelque temps désormais. Vous aurez des idées brillantes et la manière dont vous les utilisez ne dépendra que de vous. Certains secrets concernant d’autres personnes peuvent également être révélés. </THE-MAGICIAN-ONE>

    <THE-HIGH-PRIESTESS-ONE>C’est le moment où vous devriez faire confiance à vos instincts et suivre le chemin de vos rêves les plus chers. Il peut y avoir une personne qui vous donnera bientôt des conseils très importants et utiles. Il est possible que vous deviez chercher certaines choses qui vous sont inconnues et il est probable que certaines choses vous aient été cachées. Vous devrez continuer à chercher jusqu’à ce que le secret soit révélé, car cela pourrait entrainer une réalisation très importante pour vous. </THE-HIGH-PRIESTESS-ONE>

    <THE-EMPRESS-ONE>Vous pensez profondément à quelque chose et vous êtes inquiet de la croissance ou du démarrage de quelque chose dans votre carrière, dans votre entreprise ou dans votre relation. Vous ou votre partenaire êtes extrêmement protecteurs et pouvez même avoir recours à des moyens non éthiques pour atteindre ce que vous désirez. Un peu de patience et quelques efforts seront nécessaires pour atteindre une stabilité dans la situation actuelle. </THE-EMPRESS-ONE>

    <THE-EMPEROR-ONE>Le succès n’est pas très loin et l’honneur est proche également. Il est possible que vous soyez influencé par un homme d’autorité comme votre père, votre frère, votre partenaire ou votre ami. Vous posséderez l’autorité désormais et vous serez en charge de ce que vous voulez faire. Un système de soutien très solide sera à vos côtés. Vous devrez cependant faire attention à votre nature superficielle et trop exigeante qui pourrait blesser vos subalternes. </THE-EMPEROR-ONE>

    <THE-HIEROPHANT-ONE>Ne restez pas buté sur vos idées et ne vous enlisez pas dans vos anciennes croyances et traditions simplement parce que vous les avez suivies depuis très longtemps. Il se peut que vous pensiez au mariage. Il est possible que vous vous enlisiez dans des formalités administratives. Des problèmes peuvent survenir et il est possible que vous vous accrochiez à de vieilles méthodes pour les résoudre. Vous devrez gérer les problèmes avec la tête froide et gardez votre patience. </THE-HIEROPHANT-ONE>

    <THE-LOVERS-ONE>L’amour est dans l’air pour vous. Il se peut que vous ayez bientôt une surprise agréable dans votre vie amoureuse. Il est possible que vous ayez à faire des choix entre votre cœur et votre esprit. Il est probable que vous suiviez ce que votre cœur vous dicte plutôt que votre esprit et le risque encouru en vaudra la peine. Il est possible que vous soyez extrêmement tenté, ce qui peut conduire à une infidélité, ce qui devrait être évité. Vos liens émotionnels deviendront solides. </THE-LOVERS-ONE>

    <THE-CHARIOT-ONE>Vous êtes dans une espèce de lutte pour obtenir ce que vous désirez. Certaines sortes de changements ou de voyage peuvent se produire dans votre vie. Il se peut que vous rencontriez des obstacles dans votre carrière ou dans votre vie personnelle. Il se peut que vous soyez harcelé par quelqu’un pour des motifs égoïstes. Un certain contrôle peut être nécessaire pour s’opposer aux émotions et aux circonstances, mais au final la victoire sera obtenue. </THE-CHARIOT-ONE>

    <JUSTICE-ONE>Il est temps d’apporter un certain équilibre à ce que vous faites. Il est possible que vous ayez certaines habitudes ou activités qui se produisent plus que nécessaire, ou moins que nécessaire dans votre vie. Vous devez contrôler cela. Vous devez faire des efforts pour effectuer un retour à la normale en équilibrant tous les aspects de votre vie. Il est nécessaire que vous soyez impartial lorsque vous concluez des accords ou des partenariats dans le proche avenir. S’il y a une chose quelconque dont vous savez que vous faites mal, rectifiez-la au plus vite avant que cela ne prenne un tournant risqué. </JUSTICE-ONE>

    <THE-HERMIT-ONE>Libérez de votre temps et essayez d’organiser et d’analyser les choses. Il est possible que vous soyez impatient concernant les choses autour de vous. Ne prenez pas de décisions précipitées et il sera mieux que vous preniez conseil auprès de quelqu’un de plus âgé que vous et de fiable avant de prendre une décision importante dans l’avenir proche. Faites une courte pause dans votre programme et essayez de trouver la paix et la réalisation de vous-même. </THE-HERMIT-ONE>

    <WHEEL-OF-FORTUNE-ONE>Vous allez bientôt vivre une des meilleures périodes de votre vie. La chance vous sera favorable et vous récolterez les fruits de vos efforts. Certains changements se produiront et votre vie deviendra plus mature. Il est probable que vous obtiendrez tout ce que vous attendiez. Vos problèmes se termineront et le bonheur sera partout autour de vous. Vos rêves sont sur le point de se réaliser. </WHEEL-OF-FORTUNE-ONE>

    <STRENGTH-ONE>Vous découvrirez que vous avez acquis la force et le potentiel pour affronter les pires situations, à la fois physiquement et mentalement. Cette carte indique que c’est le bon moment pour se débarrasser d’une mauvaise habitude, dont vous aviez essayé de vous débarrasser depuis un long moment. Vous remporterez des victoires dans des choses sur lesquelles vous luttiez plus tôt comme dans vos relations, votre carrière, votre santé, etc.Avec votre pouvoir et votre intelligence, vous pouvez passer les tests et les tribulations de votre vie. </STRENGTH-ONE>

    <THE-HANGED-MAN-ONE>Il se peut que vous ayez à sacrifier quelque chose ou à quitter quelqu’un afin de réaliser quelque chose de mieux. Mauvaise santé, échec et tension peuvent survenir. Gérez de tels problèmes en maintenant paix et persévérance. Une situation négative peut conduire à une force de volonté affaiblie et à une rupture émotionnelle. Il est conseillé que vous agissiez de manière judicieuse et que vous utilisiez ce temps pour clarifier les situations. </THE-HANGED-MAN-ONE>

    <DEATH-ONE>Cette carte symbolise des transformations majeures et importantes ou des changements choquants dans la vie. Comme le nom le suggère, elle indique la mort, mais seulement dans des circonstances comme un âge très avancé ou une très mauvaise santé. Il est possible que vous vous sentiez triste, vide ou déprimé, mais cette phase vous aidera à réaliser que des changements nécessaires doivent être effectués dans votre vie pour pouvoir avancer. Ayez la force d’accepter ces changements afin de pouvoir surmonter cette phase de dépression. </DEATH-ONE>

    <TEMPERANCE-ONE>Il se peut que vous soyez désorienté concernant les choix que la vie vous offre. Il est possible que vous ayez à choisir entre une chose et son contraire et vous devrez lutter pour trouver un moyen d’équilibrer les choses pour votre confort et votre tranquillité. Vous devez vous laisser un peu de temps et d’expérience pour trouver la meilleure solution. Il faut que vous soupesiez vos options pour arriver à un compromis afin de maintenir la paix. Vous trouverez des moyens de créer une harmonie. </TEMPERANCE-ONE>

    <THE-DEVIL-ONE>Les sentiments de luxure, de cupidité, d’ambition et d’addiction vous tenteront. Vous désirerez le pouvoir de contrôler les choses et vous serez attirés par les conforts que la vie offre. Un manque d’autodiscipline peut conduire à des situations risquées et compliquées. Peu importe ce que vous fassiez, vous serez tenté par les extrêmes, ce qui vous fera sentir puissant, tout en étant à la fois dangereux. Vous devez être prudent, car cette carte vous donne un avertissement des étapes destructives qu’il se peut que vous empruntiez. </THE-DEVIL-ONE>

    <THE-TOWER-ONE>Les moments que vous vivrez dans un avenir proche peuvent être les plus problématiques que vous ayez jamais vécu. Il est possible que vous ayez à faire face à des changements soudains et désagréables. Des souffrances peuvent être provoquées par des raisons inattendues et il est possible que vous ayez à affronter l’isolement et la solitude. Mais ces changements peuvent vous forcer à envisager de nouvelles directions de vie, ce qui peut s’avérer bénéfique sur le long terme. Cela ne va pas être une partie de plaisir, mais ce sera nécessaire, car cela vous apprendra des choses pour l’avenir. </THE-TOWER-ONE>

    <THE-STAR-ONE>Vous êtes désormais mieux disposé sur le plan spirituel et souhaitez paix et harmonie dans votre vie. Ce sera un temps pour la guérison et cela engendrera de nouveaux espoirs sur le plan personnel ainsi que sur le plan professionnel. Il est de bon augure de démarrer une nouvelle relation ou de franchir l’étape supérieure avec votre relation existante. Votre connaissance de choses variées sera enrichie et ce sera le bon moment pour assouvir vos envies artistiques. </THE-STAR-ONE>

    <THE-MOON-ONE>Il se peut que vous ayez envie de voyager dans le monde de l’imagination et de la créativité. Il se peut que vous rencontriez des secrets sombres et cachés et que vous vous dirigiez vers un effondrement sur le plan émotionnel. Vous devriez éviter les drogues ou l’alcool ou tout abus de substance qui pourraient être risqués pour votre santé. Il est possible que vous vous sentiez prisonnier dans un monde fou et nomade et vous devrez faire confiance à votre intuition pour choisir la bonne voie, de préférence quelque chose qui ait à voir avec la musique, les arts, la danse, le théâtre, etc. </THE-MOON-ONE>

    <THE-SUN-ONE>Vous vous sentirez plein d’énergie, jeune, et vous prendrez les bonnes décisions en toute conscience pour vous diriger vers la réussite. La carte du Soleil concerne la fraicheur, l’enthousiasme et signifie que tout se mettra en place une chose après l’autre. Certaines bonnes nouvelles peuvent être sur le point d’arriver. Des vacances sont également possibles dans un avenir proche. Vous passerez plus de temps avec votre famille et vos amis dans une humeur joyeuse dans les jours à venir. La joie et la paix seront autour de vous dans les jours qui viennent. </THE-SUN-ONE>

    <JUDGEMENT-ONE>Cette carte signale des opportunités qui ne devraient pas être négligées. Ce sont les opportunités que vous attendiez. Le moment est arrivé où vous allez être récompensé des efforts que vous avez fournis par le passé. De nouvelles perspectives approchent, et elles vont changer votre vie pour le mieux. Étant donné que le jugement doit être équitable, il est possible que vous ayez à affronter les conséquences des péchés que vous avez commis par le passé. Au total, il y aura une fin heureuse à tout ce que vous êtes en train de faire actuellement. </JUDGEMENT-ONE>

    <THE-WORLD-ONE>Le moment est arrivé où votre longue lutte touche à sa fin et vous serez récompensé pour cela. Cette carte indique une période de relaxation après beaucoup d’efforts. Vous ressentirez que vous obtenez finalement les choses et les résultats que vous aviez désirés et voulu depuis longtemps. Vos êtres chers apprécieront les fruits de votre travail acharné. Cette période sera marquée par de nouveaux départs et des accomplissements importants.</THE-WORLD-ONE>

</ROOT>
