<ROOT>
<ACE-OF-CUPS-ONE >このカードは、感情面の重要性の問題に抱えるあなたの傾向を示します。今があなたの人生の道へ心を導く時です。あなたはあなたの直感を信じ、感情的に適切と感じることを行動する必要があります。あなたはおそらく、思いやりと愛情の親密な絆を感じるでしょう。あなたのラブライフはしっかりと強く、明るく輝く可能性が高いでしょう。 </ACE-OF-CUPS-ONE >
<TWO-OF-CUPS-ONE >このカードは基本的に、絆・平和・愛情を示します。このカードは、愛・仕事・友情・その他において新しいつながりやパートナーシップを構築することを表します。離れるのではなく、共に一緒になる時です。もし何かの関係性やパートナーシップに葛藤がある場合、解決をして平和をもたらします。許して忘れましょう。新しい絆を作り、楽観的に進みましょう。 </TWO-OF-CUPS-ONE >
<THREE-OF-CUPS-ONE >このカードは、人生への向上した情熱や熱意を示します。あなたは、あなたの人生に起こる全ての小さな物事をも楽しむでしょう。あなたは古くからの友人と再会し、彼らとより強い信頼関係を築きます。あなたは、結束や友愛を経験し社会で新しい契約を形成します。あなたは、共通の目標に向かってチーム・グループと一緒に働くことでしょう。 </THREE-OF-CUPS-ONE >
<FOUR-OF-CUPS-ONE >このカードは、あなたの思考や人生を回想し省みる時であることを示します。あなたは自分が望まない状況にいることに気づくかもしれません。時には、あなたは無関心でモチベーションを失うかもしれません。あなたは、あなたがずっと探してきた方向性を見つける全ての新しい可能性にあなた自身がオープンになる必要があります。あなたの進むべき方向を見つけるために、もっと自己を抑え、他人に耳を傾けるようにしましょう。 </FOUR-OF-CUPS-ONE >
<FIVE-OF-CUPS-ONE >このカードは、希望の喪失、落胆、過去の出来事を通した人生の落胆を示します。あなたは、すでに起きた何かが原因となって自分を見失ったり、敗北感を感じたりするかもしれません。あなたは過去の決断を後悔し、もしかしたら過去に戻りあなたがした決断を修正したいと願っているかもしれません。あなたは自分の誤りを認めていますが、あなたは何が残ったのか考えていません。あなたは過去に決別し、自分の現在の良い面を見て、将来に向けて努める必要があります。 </FIVE-OF-CUPS-ONE >
<SIX-OF-CUPS-ONE >このカードは、人生に対してのあなたの親切心と無垢な観点を示します。あなたは、自己的な動機が何もなくても喜んで周りに喜びを広めます。あなたは、周りにある全ての小さな物事に気づき始め、それらの小さな喜びの中に満足を見出すでしょう。あなたは子供時代を懐かしく思うでしょう。また、神聖な愛はあなたの近い将来に存在するでしょう。 </SIX-OF-CUPS-ONE >
<SEVEN-OF-CUPS-ONE >このカードは、主に幻想と夢について示します。あなたは想像力とともに意識を大胆に働かせ、人生の現実に目を向けていないでしょう。あなたは、選べるたくさんの選択肢を見られる時期に直面しています。あなたは自分の健康面を蔑ろにしており、過剰な暴飲暴食をしている可能性があります。怠惰とやるべきことを後回しにすることはあなたの最大の敵です。 </SEVEN-OF-CUPS-ONE >
<EIGHT-OF-CUPS-ONE >このカードは、より深い人生の意味を求めるあなたの大きな一歩を示します。あなたは人生の問題を解決し、絶望的な状況を放棄したいと願っています。あなたはばかげた競争にフォーカスするよりも真の幸福を探求する傾向があるでしょう。あなたは内なる喜びを探し、過去から決別する傾向にあるでしょう。あなたはスピリチュアルな活動により時間を費やすことでしょう。 </EIGHT-OF-CUPS-ONE >
<NINE-OF-CUPS-ONE >このカードは、願いが叶うことを示します。あなたは、あなたが本当に値する価値があり望むものを手に入れるでしょう。成功はあなたの味方なので、あなたは人生においてより満足感を感じることでしょう。あなたは贅沢を体験し、堪能したいと思うでしょう。あなたが現在望んでいるのはくつろぎです。この良い時期をできるだけ楽しみましょう。 </NINE-OF-CUPS-ONE >
<TEN-OF-CUPS-ONE >このカードは喜びと平和があなたに人生に訪れることを示します。あなたは周りにある幸せや、健康で幸福であることを感じられます。あなたはストレスや緊張が軽減していくのに気づき、人生が気楽で調和がとれていくでしょう。あなたは愛と友情にフォーカスし、その両面において事が上手く運ぶでしょう。あなたはあなたの家族に献身的で家族が関係する社交的な集まりやイベントを楽しみむでしょう。 </TEN-OF-CUPS-ONE >
<PAGE-OF-CUPS-ONE >このカードはあなたの感情的な面を反映します。あなたは理性的な考えよりも心に従う傾向があります。あなたは自身の内面を見て、手引きのためあなたの直感を信じます。あなたが心情的に親しく感じられるロマンチックな関係になるいい時です。親しい友情が必ず進展します。また、一度壊れた関係を修復する時でもあります。 </PAGE-OF-CUPS-ONE >
<KNIGHT-OF-CUPS-ONE >このカードは素敵な感情と、またその有り余る感情のヒントを意味します。時には、あなたは愛にセンチメンタルになるでしょうが、あなたの愛を表現するのに熱中するでしょう。あなたは愛想が良く知的です。あなたは自分のために大きな夢を描きますが、簡単に熱が冷めてしまいます。 </KNIGHT-OF-CUPS-ONE >
<QUEEN-OF-CUPS-ONE >このカードは、感情をコントロールするのに敏感で成熟していることを示します。あなたは、直面する全ての状況に思慮深く、思いやりのあるアプローチをとるでしょう。あなたはスピリチュアルな側面につながっている傾向があり、人生の深い意味を認識します。あなたは忍耐強い人です。あなたは他人に感情移入し、親切で、弱い人たちに対して優しい人です。あなたは物事を問う事なく理解する傾向があります。 </QUEEN-OF-CUPS-ONE >
<KING-OF-CUPS-ONE >このカードは賢く寛容な態度を示します。あなたは人間の性質を深く理解しているでしょう。あなたは良き教師になり得ます。あなたは重大な局面でも冷静を保ち、緊迫した場面を解決するのに役立つことをできます。あなたは必要な時に何を言うべきか知っています。あなたは恵まれない人たちに哀れみを感じます。あなたはそつのない見識をもった寛大な人でしょう。あなたのリーダーシップのスキルはあなたの財産です。 </KING-OF-CUPS-ONE >
<ACE-OF-PENTACLES-ONE >このカードは、あなたが精神面の強さをしっかりと持ち、それをあなたの目標に向けてフォーカスすることを示します。あなたはあなたの努力が望む結果に向かっているのがわかるでしょう。これは最終的にあなたのキャリアや人生面での成長につながり、あなたにポジティブな思考を培うでしょう。あなたは実践的な方法で行動し、人生において現実的でなければいけません。他人を信じ、信頼をして進むことはあなたに有利に働きます。 </ACE-OF-PENTACLES-ONE >
<TWO-OF-PENTACLES-ONE >このカードは人生に対するあなたの適用力と適合性を示します。あなたは取り組んでいることに適切にバランスをとり、迅速であるが安定的に前に進みます。あなたの個人面、仕事面の両方においてあなたは新しい考えや可能性にオープンになるでしょう。あなたは効率的に起こる変化に対応し、同時に楽しみます。仕事と遊びは一緒にあなたへやってきます。 </TWO-OF-PENTACLES-ONE >
<THREE-OF-PENTACLES-ONE >あなたの優秀なチームプレイヤーとして働く将来性がこのカードに示されています。あなたはあなたが取り組む仕事において上手くまとめ、士気を高めるでしょう。あなたは自分のやり方を非常に上手く管理するでしょう。あなたの能力で仕事を完璧に成し遂げ、あなたの目標を達成する事ができるでしょう。ゆえにあなたは疑う人にあなたの能力を証明するでしょう。 </THREE-OF-PENTACLES-ONE >
<FOUR-OF-PENTACLES-ONE >このカードはあなたの変化への執着と抵抗の思いを示します。あなたは物質的なものを溜め込みそれらを他人と共有しない傾向があります。欲深かさがあなたの意識を占めてしまうかもしれません。あなたは周りにあるものを支配・管理しようとし、あなたのやり方でことがなされるよう要求するでしょう。あなたはまた、物事が妨げられず変更がないように維持する傾向があり、それゆえに人生のほとんどの局面において大体停滞をもたらすでしょう。 </FOUR-OF-PENTACLES-ONE >
<FIVE-OF-PENTACLES-ONE >このカードは、感情と身体の両面において困難な時期を示します。あなたの何か金銭的な問題やまたはあなたの仕事場で何か問題が生じるかもしれません。あなたは実際に向上させる必要があるスキルの不足を経験することがあります。あなたはまた、サポートが足りないと感じる時期を経験するかもしれず、少し孤独の状況にさまよう可能性があります。また、健康的な問題もあるかもしれません。 </FIVE-OF-PENTACLES-ONE >
<SIX-OF-PENTACLES-ONE >このカードは、富、力、知性を持つかもしれない可能性を示します。あなたはそれらを持っているかまたは単に持っていないかのどちらかです。あなたは物の受け手側か与える側のどちらかになるでしょう。これは人生のあらゆる局面に当てはまり、あなたはこちらかそちらかのどちらかでしょう。しかし、どちらの場合にせよあなたは自分の将来と将来に向けた行動を分析して理解すべきです。 </SIX-OF-PENTACLES-ONE >
<SEVEN-OF-PENTACLES-ONE >このカードは、人生の現在の状況を評価して分析する必要があることを示します。あなたは現在までの進歩の状況をたどる時間を持ちたいと思い、またあなたが正しい道を行っていることを確認したいと思っているでしょう。あなたは誠実な努力からの成功を経験すし、あなたが夢に描いていた道筋に到達する高い可能性があります。あなたは仕事・家を変えることを考えていると気づくかもしれません。 </SEVEN-OF-PENTACLES-ONE >
<EIGHT-OF-PENTACLES-ONE >このカードはあなたの極端な決断と細部にまで向ける目を示します。あなたは何かタスクに関わることになり、その仕事にあなたの全身全霊をかけて自身を専念させるでしょう。この態度はあなたが従事している物事の専門性と知識を増やすのに役立ちます。あなたは非常に注意深く、最後の細部にまで全てが方法的に正しくなされているか計らうでしょう。 </EIGHT-OF-PENTACLES-ONE >
<NINE-OF-PENTACLES-ONE >このカードは、自分への信念と改善への追求を伴うあなたの自律された行いを示します。あなたは問題を解決し、整然として体系だったアプローチで人生の舵を取ろうとしています。あなたは自分のスキルを信じ、あなたの可能性を自身のパフォーマンスに変換させます。あなたは完璧を追求し、人生のより素晴らしいものごとを楽しみたいと思っています。あなたは贅沢なライフスタイルを目標にするでしょう。 </NINE-OF-PENTACLES-ONE >
<TEN-OF-PENTACLES-ONE >このカードはあなたが遭遇する多大な富を示します。あなたはあなたの投機的事業の景気が良くなり健全なビジネスの成功を楽しむでしょう。または、あなたは給与の高い仕事を見つけるかもしれません。あなたはどんな場合にせよ経済的な安定を経験するでしょう。あなたは自身や家族の生涯の保証のため計画を立てるでしょう。これら全てに関して、あなたは検証された方法を採用し、為す事なんでも規則に従います。 </TEN-OF-PENTACLES-ONE >
<PAGE-OF-PENTACLES-ONE >このカードは人生においてあなたが実践的であり、夢を叶えるために自分の夢に向けて行動することを示します。あなたはすでに持っている資質で取り組み、あなたの精神的、身体的な強さを活用して行わなければならないでしょう。あなたは物事を後回しにする態度を改め、地に足をつけて進めて行くべきです。あなたは責任があり信頼できる方法で行動し、あなたと一緒に働く人たちを信用するべきでしょう。 </PAGE-OF-PENTACLES-ONE >
<KNIGHT-OF-PENTACLES-ONE >このカードは人生のポジティブな側面へのあなたの過剰な傾倒を示します。あなたが目標を追求することを決意した時、あなたは頑固で人の意見を聞かず、絶望的な状況でも止めることを拒否します。あなたは保守的で、リスクを恐れ、それ故に時に簡単に好機を逃してしまいます。あなたの実用性はあなたを悲観的にさせます。あなたは一生懸命に働くので周りの素晴らしい世界に気づきそびれるでしょう。 </KNIGHT-OF-PENTACLES-ONE >
<QUEEN-OF-PENTACLES-ONE >このカードは、あなたの地に足がついた、周りを感化させる寛大な性質を示します。あなたは私心なく周りの人々を思いやり愛します。あなたは優しい心を持ち、利他的な態度で元気と幸せを広めたいと願っています。あなたは物を無駄にせず、成功します。あなたの謙遜さと楽しい人柄により、他の人達はあなたの周りにいて心地が良いと感じます。 </QUEEN-OF-PENTACLES-ONE >
<KING-OF-PENTACLES-ONE >このカードは、あなたの異なる職業のかなりのスキルを示します。あなたの起業スキルは、人生において経済的や精神的な満足をもたらします。あなたは、困難な局面で信頼できる人として重宝されます。あなたの適応性のある性質はどんな状況でも役に立ちます。あなたの積極的な態度は周りの人たちの助けになります。あなたは落ち着いており、几帳面で、一生懸命な人です。 </KING-OF-PENTACLES-ONE >
<ACE-OF-SWORDS-ONE >このカードはあなたが精神的な啓蒙を見つけ、あなたの方法で物事を解決することを示します。あなたの鋭い知性と理性で人生の大概の道理を学びます。あなたの精神面の強さにより、あなたは全ての障害物に渡りどんな人生の困難な状況からもゆっくりと抜け出すでしょう。あなたは誰かまたは何かの正義のために戦う傾向があり、真実と実直さの方向に歩を進めるでしょう。 </ACE-OF-SWORDS-ONE >
<TWO-OF-SWORDS-ONE >このカードは感情に反し、本当の気持ちの抑圧を示します。あなたは他人から生じたあなたの苦悩を隠し、表面上は冷静を保とうとするでしょう。決断や行動をおこすのに躊躇してしまう苦難な状況にあなたがはまってしまうのに気づく時がくるでしょう。あなたは明確な事実や真実を避ける傾向があります。あなたが実行しないことでその状況はそのままになってしまうでしょう。 </TWO-OF-SWORDS-ONE >
<THREE-OF-SWORDS-ONE >このカードはあなたが感情面でふさぎ込んでしまう時期に直面するかもしれないことを示します。あなたは誰かの気持ちを傷つけたり、またはその反対が起こってしまう可能性があります。あなたは拒絶されていると感じる可能性もあります。あなたが誰かを最も必要としている時に誰もあなたのそばにいないと感じることでしょう。孤独があなたに降りかかるかもしれません。あなたを不安にさせる、あなたに近い人達の秘密を知ってしまうかもしれません。あなたはまた親しい誰かからの裏切りを経験するかもしれません。 </THREE-OF-SWORDS-ONE >
<FOUR-OF-SWORDS-ONE >このカードはあなたが過剰な努力をせずに人生を気楽に過ごすべきことを示します。あなたは日々のルーティンから休息をとり、平穏と平静を見つけるべきです。あなたの身体と精神にくつろぎを与えましょう。あなたが今人生のどの位置に立っているのか、何を達成したいのか、何をやってきたのか、などを考える時間を取りましょう。それに伴い、あなたの現在の立ち位置を確保することで未来に備えましょう。 </FOUR-OF-SWORDS-ONE >
<FIVE-OF-SWORDS-ONE >このカードは自己中心的な思考と他人へ協調性のないことを示します。あなたは何かに取り組む前に自分の利益だけを考える傾向があるでしょう。あなたは他人の 考えや意見に対応することを難しいと思うかもしれません。あなたは他人との間で悪意を持ってしまうことがあるでしょう。あなたは間違った手段でなんとか成功を成しとげるかもしれません。 </FIVE-OF-SWORDS-ONE >
<SIX-OF-SWORDS-ONE >このカードは人生の起伏を示します。あなたはやる気がなく、何をするにも気が重く感じるでしょう。健康不良を経験するかもしれません。あなたの人生の感情的な状態に対処して癒すために、自分自身のための時間を持たなければならないでしょう。あなたは新たな希望を持って世界を見て、思考のポジティブな枠組みに向かって動き出すでしょう。あなたは冒険と変化を求めてあちこち旅行するかもしれません。 </SIX-OF-SWORDS-ONE >
<SEVEN-OF-SWORDS-ONE >このカードはあなたがあなたを取り巻く責任や義務から避ける傾向にあることを示します。あなたは音感に直面することを避けるために真実を隠しています。あなたは周りを遠ざけて1人になり、周りの社交的な世界から距離を保とうする傾向があります。 </SEVEN-OF-SWORDS-ONE >
<EIGHT-OF-SWORDS-ONE >このカードは暗く困難な前途を示します。あなたは状況に囚われ身動きが取れないと感じ、また人生において自分の道を探すのが難しいと気づくかもしれません。あなたは次にどんなステップを踏めば良いかほとんどの状況で混乱を感じてしまうでしょう。あなたは前に進むためのフォーカスに欠け、他人の支援を求めるかもしれません。あなたは物事が自分の手に負えなくなっており、一方であなたができることはじっとして静観することだけだと感じるでしょう。 </EIGHT-OF-SWORDS-ONE >
<NINE-OF-SWORDS-ONE >このカードはあなたの不安と緊張の時期を示します。あなたは過去に行った何かについて罪悪感を感じ、それに対して自分を許すことが難しいと思うかもしれません。あなたはあなたの行いを修正するために過去に戻りたいと願うでしょう。あなたは自分を信じることをやめ、気分が落ち込んでしまう時期へと知らぬ間に陥っています。時には、あなたはまた心情面が弱っていると感じるかもしれません。 </NINE-OF-SWORDS-ONE >
<TEN-OF-SWORDS-ONE >このカードはあなたの不安と緊張の時期を示します。あなたは過去に行った何かについて罪悪感を感じ、それに対して自分を許すことが難しいと思うかもしれません。あなたはあなたの行いを修正するために過去に戻りたいと願うでしょう。あなたは自分を信じることをやめ、気分が落ち込んでしまう時期へと知らぬ間に陥っています。時には、あなたはまた心情面が弱っていると感じるかもしれません。 </TEN-OF-SWORDS-ONE >
<PAGE-OF-SWORDS-ONE >このカードはあなたが精神面の強さをしっかりと持ち、長い前途においてあなたを悩ますであろう問題に対処するべきだと示しています。あなたはあなたが直面する問題を論理的に分析し、それを解決するために適切な計画を作らなければならないでしょう。あなたは良し悪しを整理し、また降りかかる責任を受け止めなければならないでしょう。精神を高く保ち、活力を持って困難に取り組んでください。 </PAGE-OF-SWORDS-ONE >
<KNIGHT-OF-SWORDS-ONE >このカードは多少の軽率さも伴う自信を示します。あなたの率直さは他人からは失礼だと思われているかもしれません。あなたは考えなしに何でも喋ることができる人だと評されるでしょう。あなたは皮肉を込めた豊かなユーモアを表すかもしれません。あなたの深い知識は、傲慢さを含まなければ人々から有り難く思われるでしょう。 </KNIGHT-OF-SWORDS-ONE >
<QUEEN-OF-SWORDS-ONE >このカードは人生におけるあなたの誠実で正直な性質を示します。あなたは取り組むこと全てにおいてオープンであることを好みます。あなたのどんな状況や人への認識は健全で的を得ています。あなたはやること何でも真面目なアプローチを採用しようと努めます。あなたのユーモアのセンスは素晴らしく、誰も傷つけません。 </QUEEN-OF-SWORDS-ONE >
<KING-OF-SWORDS-ONE >このカードはあなたの思慮深い思考と倫理的な個性を示します。あなたの高い論理性と物事を理解する能力をもって効率的な方法で人生の状況を分析する傾向があります。あなたはあなたの考えとアイディアを優れた雄弁能力とともに活用できるでしょう。あなたは広い観点を持ちどんな問題の全ての局面をよく理解するでしょう。あなたは何をするにも正しく正直である傾向があります。 </KING-OF-SWORDS-ONE >
<ACE-OF-WANDS-ONE >このカードは成功を示します。あなたは創造性を培う想像力と従来の方法にとらわれない考え方をもっています。あなたのやる気と輝く自信は他人を鼓舞し、あなたに熱意をもたらします。あなたはやること何でも100％以上発揮します。人生において、あなたがいかなる問題や難題に直面してもあなたは自分を信じ勇気をもって困難に立ち向かい成功します。 </ACE-OF-WANDS-ONE >
<TWO-OF-WANDS-ONE >このカードは大胆な態度を示します。もしあなたが何かを主導し、または旅行や仕事に取り組むことを待ち望んでいるならば、今がそれを行う時です。あなたは自分の目的を達成する力と影響力を持っています。なので、あなたは前に歩を進める勇気を持つのみです。今が大胆になってあなたの恐怖心に直面する時です。あなたは自分の目標を達成するために革新的なアプローチをもって新たに行動しなければならないでしょう。あなた独自の道を探求してください。 </TWO-OF-WANDS-ONE >
<THREE-OF-WANDS-ONE >このカードは新しい何かを探求するための渇望と忍耐を示します。これはあなたのアドベンチャーと自然を探求するエキサイトメントにつながっています。あなたの先見の明がある性質は来たる時にあなたの役に立ち続けるでしょう。あなたはあなたの使命と目的に向けて皆を集め、主導者の役割を引き受けなければならないでしょう。 </THREE-OF-WANDS-ONE >
<FOUR-OF-WANDS-ONE >あなたはあなたの冒険やエキサイトメントを追求する性質につながりがあるでしょう。あなたの先見の明がある性質は来たる時にあなたの役に立ち続けるでしょう。あなたはあなたの使命と目的に向けて皆を集め、主導者の役割を引き受けなければならないでしょう。あなたは近い将来通商貿易において大きな成功を収めるかもしれません。 </FOUR-OF-WANDS-ONE >
<FIVE-OF-WANDS-ONE >このカードは前途にちょっとした問題があることを示します。人々はあなたに反対しているように見え、あなたは人々と口論する結果となるかもしれません。あなたと競争する人達もおり、あなたは戦いの挑みに立ち向かいたいと思うでしょう。小さな頓挫や困難があなたに待ち構えています。あなたはこの状況から抜け出すために忍耐と平静を見せなければなりません。 </FIVE-OF-WANDS-ONE >
<SIX-OF-WANDS-ONE >このカードは勝利と小さなプライドの真価を示します。あなたは大成功をもってあなたの目標を成し遂げるでしょう。あなたは自分の努力を認識し、何をするにしてもそれがあなたのモチベーションを維持させるでしょう。あなたは太陽の下で過ごす日々を楽しみますが、突如としてうぬぼれを感じ始めることもあります。あなたは自己中心的に考え始め、それは人々があなたが傲慢であると考えることにつながるでしょう。 </SIX-OF-WANDS-ONE >
<SEVEN-OF-WANDS-ONE >このカードはあなたの立ち位置とあなたが信じることに対する奮闘の努力を示します。あなたは人生において押しが強く傲慢なアプローチをとる傾向があります。ほとんどの場合、このアプローチはうまく作用しますが、時には自分を過信しすぎます。あなたは立場を表明する時に頑固でしつこくなる傾向があります。あなたの自分の能力における誠実な信念は困難な時にあなたの助けとなります。 </SEVEN-OF-WANDS-ONE >
<EIGHT-OF-WANDS-ONE >このカードは時の変化を示します。あなたが待っていた時が訪れます。アクションを起こし何らかの形であなたの可能性を証明する時です。何か終えていなかったタスクがついに完了するでしょう。あなたが探していた何か情報やニュースを見つけられるでしょう。あなたはあることを終了しなければなりませんが、それは何か良いことを始めるためです。 </EIGHT-OF-WANDS-ONE >
<NINE-OF-WANDS-ONE >このカードはあなたが気をつけることやあなたが表明する決断を示します。あなたの過去の困難や経験により、あなたは通常以上に注意を払い、常に最悪の事態に備えます。あなたは自分や親しい人を守ります。あなたは全ての可能性に対し立ち向かい、あなたの目標に向けて心から奮闘し続けます。あなたの我意と身体的な強さは成功に向かってあなたの努力を維持し続けます。 </NINE-OF-WANDS-ONE >
<TEN-OF-WANDS-ONE >このカードは感情的または精神的な負荷の増大を示します。あなたは仕事で過剰に努力しているでしょう。あなたはおそらく一度にたくさんの物事を行い、それらに囚われてしまっているでしょう。あなたはまた返済すべき負債があるようです。あなたは他人にノーというのが難しいと気づくでしょう。あなたが行うことを良く認めてもらえない一方で、あなたは全ての非難を受けることになります。あなたはまた全ての小さな成功に対して苦労しなければならないと気づくでしょう。 </TEN-OF-WANDS-ONE >
<PAGE-OF-WANDS-ONE >このカードはあなたが持つ真の力と活力を発見する新しい機会を示します。これは人生を再認識し、創造的で勇気を持ったアプローチで探求する時です。あなたは自分の努力においてもっとワクワクして楽観的な態度を見せる必要があります。あなたが行うことは何でも熱意を持ちましょう。自分の技量を信じ、あなたの最善を引き出すことにフォーカスし続けましょう。冒険心を持って、リスクを取りましょう。これは自己主張をする時です。 </PAGE-OF-WANDS-ONE >
<KNIGHT-OF-WANDS-ONE >騎士のカードは、少しのネガテイブな要素が伴う、強力な資質の良いセットを示します。あなたはよく魅力的で自信がある傾向がありますが、時には傲慢な面が出てきます。あなたは大胆になる傾向がありますが、時に向こう見ずにもなります。あなたのアドベンチャーへの探求において、あなたは完全に落ち着きがなくなります。あなたは生まれつき熱意に溢れていますが、同時に短期でもあります。 </KNIGHT-OF-WANDS-ONE >
<QUEEN-OF-WANDS-ONE >このカードは最もポジティブなものの一つであることを示します。これは活力、気分、喜びの増大を表します。あなたの献身と専念であなたは自分のタスクをやり遂げるでしょう。あなたは良き友人である傾向があり、新しい友人を簡単に作れます。あなたは来たる日々で平穏で楽しい時を経験するでしょう。あなたの平静の落ち着きはあなたに立ちはだかるどんな障害物にもあなたの役に立つでしょう。 </QUEEN-OF-WANDS-ONE >
<KING-OF-WANDS-ONE >このカードは創造的で革新的な考えを示します。新しい可能性や機会のためにオープンマインドでいましょう。あなたは近い将来何か新しいことを経験することになるでしょう。あなたはコミュニケーション力や、他人と信頼関係を築き他人を鼓舞することに優れているようです。あなたは周りにいる人たちを、尊敬を持ちながらも支配し、意のままにする傾向もあります。あなたはあなたに注ぐ注目を楽しみ、異性を惹きつける傾向があります。 </KING-OF-WANDS-ONE >
<THE-FOOL-ONE >新しい始まりが示されています。あなたは新しい物事や思想を真新しく始める気持ちになるでしょう。それはあなたのキャリア、恋愛面、個人的なことに関するかもしれません。たくさんの自発的なことや楽しみがこの旅路に起こるでしょう。どんな困難の場合にも、あなたは何か貴重なことを学びます。あなたが探求をし始めるこの新しい世界への冒険に、あなたは古いものに決別し新しいことに取り組まなければいけないでしょう。 </THE-FOOL-ONE >
<THE-MAGICIAN-ONE >あなたの意思の力は今強くなっています。人々はあなたの意見を聞き、あなたが言うことを何でも真剣に受け止めます。あなたは人々を説得できるでしょう。また、今この時期は少なくともいくらか続くあなたのリーダーシップスキルが最高に発揮されていることをしまします。あなたは優れたアイディアを得て、それらを活用できるかはあなた次第でしょう。他人に何か秘密ごとも明らかになるかもしれません。 </THE-MAGICIAN-ONE >
<THE-HIGH-PRIESTESS-ONE >あなたの直感を信じ、あなたが強く感じる夢に向かって自分の道を進めるべき時です。誰かがあなたに非常に重要なまたは有益な助言を与える人がもうすぐ現れるかもしれません。あなたはあなたがまだ知らない何かを探さなければならず、それはおそらくあなたからずっと隠されたものである可能性があります。あなたにとって非常に重要な気づきをもたらす可能性があるので、あなたはその秘密が判明するまで探し続けなければならないでしょう。 </THE-HIGH-PRIESTESS-ONE >
<THE-EMPRESS-ONE >あなたは何かに関して深く考えており、あなたのキャリア、ビジネス、または関係性などにおいて成長や何かの始まりを心配しています。あなたまたはあなたのパートナーは非常に防護的で、非倫理的な方法を用いて望むものを成し遂げようとすることもあります。少しの忍耐といくらかの努力が、現在の状況において安定性を手に入れるのに必要です。 </THE-EMPRESS-ONE >
<THE-EMPEROR-ONE >成し遂げることはそう遠くなく、栄光も前途にあります。あなたは、父親、兄弟、パートナー、または友人など指導する男性に影響を受けるかもしれません。あなたは今権限を持ち、あなたがやりことにおいて指揮をとるでしょう。とても強力なサポート体制があなたの味方にあるでしょう。しかし、あなたの後輩などを傷つける可能性があるので、あなたは自分の表面的または過剰に要求をする性質に気をつけなければならないでしょう。 </THE-EMPEROR-ONE >
<THE-HIEROPHANT-ONE >あなたの考えに必要以上に頑固になったり、長い間従っている古い信念や習慣に固執しないようにしてください。あなたは結婚について考えているかもしれません。あなたは法律的な手続きにつまずくこともあります。問題が起こり、あなたはそれらを解決するのに古い方法に固執してしまうでしょう。あなたは冷静で十分な忍耐をもって問題に対処しなければならないでしょう。 </THE-HIEROPHANT-ONE >
<THE-LOVERS-ONE >あなたに愛の気配があります。あなたはもうすぐ恋愛面において嬉しいサプライズを受けるでしょう。あなたは自分の心と理性の間で選択をしなければならなくなるでしょう。あなたは理性よりも心に従う傾向があり、とったリスクには価値があるでしょう。あなたは避けるべき不誠実さにつながりかねない誘惑に打ち勝つでしょう。あなたの心情的なつながりは強化されるでしょう。 </THE-LOVERS-ONE >
<THE-CHARIOT-ONE >あなたは望む成果を達成するのに悪戦苦闘します。何かの変化や旅行があなたの人生に起こるでしょう。あなたはキャリアや私生活で困難に直面しなければならなくなるでしょう。あなたは自己中心的な動機で誰かから嫌がらせを受けることもあります。感情や環境に反するのにおそらく幾らかのコントロールが必要になりますが、最終的には克服するでしょう。 </THE-CHARIOT-ONE >
<JUSTICE-ONE >あなたがしていることにいくらかバランスを持たせる時です。あなたの人生に必要とされる以上に、または以下で何か習慣や物事が起こっているでしょう。あなたは、人生の全ての局面のバランスをとることで、正常に戻す努力をする必要があります。あなたは近い将来、取り決めやパートシップを形成する際に公平になることが必要です。あなたが自分のしていることが間違いだと知っている何かがある場合、それが有害となる前にすぐに正してください。 </JUSTICE-ONE >
<THE-HERMIT-ONE >時間を取って物事を整理して分析するように努めてください。あなたは周りに起こる物事にイライラを感じているでしょう。早急な決断はせず、近い将来重要な決断をする前には誰か年上で信頼できる人からの助言を得た方が良いでしょう。あなたのスケジュールから少しの休息時間をとって、平穏と自己実現を見つけるように努めましょう。 </THE-HERMIT-ONE >
<WHEEL-OF-FORTUNE-ONE >もうすぐあなたの人生において最良な時期の一つに入るでしょう。幸運はあなたの味方で、あなたの努力が実ることでしょう。いくつかの変化が起こり、あなたの人生は成熟に向かいます。あなたは待ち望んでいる全てを手にいれる可能性が高いでしょう。あなたの問題は終結に向かい、たくさんの幸福がやってきます。あなたの夢はもうすぐ達成されるでしょう。 </WHEEL-OF-FORTUNE-ONE >
<STRENGTH-ONE >あなたは、身体面、精神面の両方において最悪の状況に対処する活力と可能性を得たと気づくでしょう。このカードは長い間あなたが辞めようと努めている何か悪い習慣をやめる良い時期だと示しています。あなたは、人間関係、キャリア、健康など以前から悩んでいる物事を克服するでしょう。あなたの意思の力と知性で、あなたは人生における幾多の試練をやり過ごすでしょう。 </STRENGTH-ONE >
<THE-HANGED-MAN-ONE >あなたは、何かをより良く達成するために何かを犠牲にしたり、誰かを去ることになるでしょう。健康不良、失敗、または緊張が起こり得ます。そのような問題に平穏と忍耐力をもって対処してください。不利な状況は意思の力を弱らせ心情的な衰弱につながることがあります。物事をよく見極め、この時を状況をはっきりさせるために使うことが推奨されます。 </THE-HANGED-MAN-ONE >
<DEATH-ONE >このカードは人生における大きな転換、重要またはショッキングな変化を意味します。このカードの名前が示すように、老衰や非常に不健康などの状況による死を表します。あなたは悲しみ、空虚感、気の落ち込みを感じるかもしれませんが、この時期は前に進むために起こる人生に必要な変化だということをあなたが実感するのに役立ちます。これらの変化を受け入れるための力を持てば、この下向きの時期を克服できます。 </DEATH-ONE >
<TEMPERANCE-ONE >人生があなたに課している選択肢にあなたは迷うかもしれません。あなたは反対の事柄から選択を迫られ、あなたの安心と平穏のために両方の物事のバランスをとる方法を見つけるのに奮闘しなければならないでしょう。あなたは最善の解決策を見つけるために時間をかけ試行錯誤しなければいけません。あなたは平穏を保つために、反対の側面を織り交ぜ正しい選択肢に重要性を持たす必要があります。あなたは調和を築く方法を見つけます。 </TEMPERANCE-ONE >
<THE-DEVIL-ONE >あなたは肉欲、強欲、野心または依存の感情に誘惑されるでしょう。あなたは物事をコントロールする力を欲し、人生における心地良さに引きつけられます。自律の欠如は危険で複雑な状況につながりかねません。あなたがすることは何でも、あなたは力がみなぎるように感じる極端な方向に向かいますが、同時に危険にもなります。このカードはあなたが取りうる破滅的なステップの警告を示すので、あなたは注意する必要があります。 </THE-DEVIL-ONE >
<THE-TOWER-ONE >近い将来の時期は、あなたが今まで見たことがない最も問題のある時の一時となりえます。予期しない理由によりいくらかの困難に苛まされ、あなたは少し孤立や孤独に直面しなければならないでしょう。しかし、これらの変化はあなたに人生における新たな方向性を見出させ、それは長期的にはあなたにとって有益なものとなるでしょう。容易な道のりではないですが、将来についてたくさんのことをあなたに教示するのでそれは最善のためとなるでしょう。 </THE-TOWER-ONE >
<THE-STAR-ONE >あなたは今よりスピリチュアルな傾向にあり、あなたの人生に平穏と協調を望んでいます。これは癒しと個人面・仕事面で新たな希望をもたらす時となります。これは新たな関係を始め、既存の関係を次のレベルに移す良い前兆です。様々なことについての知識は向上し、芸術的な追求に時間を費やす良い時でしょう。 </THE-STAR-ONE >
<THE-MOON-ONE >あなたは想像力や創造性の世界に旅したいと思っているでしょう。あなたは深く暗い隠された秘密に遭遇し、心情面で失墜していくかもしれません。あなたは薬やアルコール、またはあなたの健康に有害となりうるいかなる物質の乱用を避けるべきです。あなたは常軌を逸し、放浪の世界に囚われたように感じ、できれば音楽、芸術、ダンス、劇場などに関する最良な道を取るためにあなたの直感に敏感に従う必要があるでしょう。 </THE-MOON-ONE >
<THE-SUN-ONE >あなたは非常に活力があり若々しく感じ、成功を得るために常に正しい決断をするでしょう。太陽のカードは新鮮さ、熱意を意味し、全てのものごとは一つ一つ正しい場所に落ち着くように見えることを示します。また何か良いニュースも前途に来たります。近い将来休暇をとることも可能です。来たる日に楽しい雰囲気で家族や友人と一緒にもっと時を過ごします。喜びと平和が近々あなたに訪れます。 </THE-SUN-ONE >
<JUDGEMENT-ONE >このカードは軽視されるべきでない好機を示します。これらの機会はあなたがずっと待ち望んでいたものです。あなたが過去に行った努力が報われる時です。あなたが行く道の新たな前途は、あなたの人生を最良なものに変えるでしょう。審判は公平であるべきで、あなたは過去の自身の罪に直面しなければならないでしょう。概して言えば、現在あなたがしていること何でもハッピーエンディングになるでしょう。 </JUDGEMENT-ONE >
<THE-WORLD-ONE >あなたの長期間の苦闘が終焉し、あなたがその報いを得る時です。このカードは、努力の長い道のりの後のくつろぎを示します。長い間あなたが切望してきた物事や結果をついにあなたは得ることでしょう。あなたの愛する人達はあなたの一生懸命な努力の実りを評価するでしょう。この期間は強力な偉業に向かい、新たな始まりを示します。</THE-WORLD-ONE >
</ROOT>
