﻿<?xml version="1.0" encoding="utf-8" ?>
<ROOT>
<ACE-OF-CUPS-ONE>Esta carta indica que uma viagem muito agitada esta próxima de acontecer. Esta viagem pode ocorrer por causa de algum negócio ou algum outro empreendimento relacionado ao trabalho ou até mesmo uma viagem social. Você ficará muito feliz e satisfeito com esta viajem e ela irá se revelar muito benéfica de alguma maneira e você também pode se deparar com algo que você desejava a muito tempo. </ACE-OF-CUPS-ONE>
<ACE-OF-CUPS-PAST>Esta carta indica que você fez uma viagem muito agitada. Esta viagem ocorreu por causa de algum negócio ou empreendimento relacionado ao trabalho mas também teve um lado social. Você ficou muito feliz e satisfeito com esta viajem e ela se revelou muito benéfica de alguma maneira e você também pode se deparar com algo que você desejava a muito tempo. </ACE-OF-CUPS-PAST>
<ACE-OF-CUPS-PRESENT>Esta carta indica que uma viagem muito agitada esta para acontecer. Esta viagem vai ocorrer por causa de algum negócio ou algum outro empreendimento relacionado ao trabalho ou até mesmo uma viagem social. Você esta muito feliz e satisfeito com esta viajem e ela irá se revelar muito benéfica de alguma maneira e você também pode se deparar com algo que você desejava a muito tempo. </ACE-OF-CUPS-PRESENT>
<ACE-OF-CUPS-FUTURE>É provável que uma viagem muito agitada esteja próxima de acontecer. Esta viagem pode ocorrer por causa de algum negócio ou algum outro empreendimento relacionado ao trabalho ou até mesmo uma viagem social. Você ficará muito feliz e satisfeito com esta viajem e ela irá se revelar muito benéfica de alguma maneira e você também pode se deparar com algo que você desejava a muito tempo. </ACE-OF-CUPS-FUTURE>
<TWO-OF-CUPS-ONE>Esta carta mostra que você pode ter a chance de fazer um passeio ou uma pequena viagem. Você não terá problemas com a reserva ou organização dessa viagem e as pessoas ao seu redor vão parecer muito cordiais. Esta viagem será muito gratificante e você vai se sentir rejuvenescido a partir desta viagem. </TWO-OF-CUPS-ONE>
<TWO-OF-CUPS-PAST>Você teve a chance de fazer um passeio ou uma pequena viagem. Você não teve problemas com a reserva ou organização dessa viagem e as pessoas ao seu redor foram muito cordiais com você. Esta viagem foi muito gratificante e você esta se sentindo muito rejuvenescido a partir desta viagem. </TWO-OF-CUPS-PAST>
<TWO-OF-CUPS-PRESENT>Você pode ter a chance de fazer um passeio ou uma pequena viagem agora. Você não terá problemas com a reserva ou organização dessa viagem e as pessoas ao seu redor vão parecer muito cordiais. Esta viagem vai ser muito gratificante e você vai se sentir rejuvenescido a partir desta viagem. </TWO-OF-CUPS-PRESENT>
<TWO-OF-CUPS-FUTURE>É provável que você tenha chance de fazer um passeio ou uma pequena viagem futuramente. Você não terá problemas com a reserva ou organização dessa viagem e as pessoas ao seu redor vão parecer muito cordiais. Esta viagem será muito gratificante e você vai se sentir rejuvenescido depois dessa viagem. </TWO-OF-CUPS-FUTURE>
<THREE-OF-CUPS-ONE>Esta carta sugere que você pode ter que viajar por questões de trabalho ou de saúde, e você será acompanhado por alguém próximo. Este problema será resolvido em breve e também há possibilidades de que você e sua família planejem uma viajem de férias. </THREE-OF-CUPS-ONE>
<THREE-OF-CUPS-PAST>Você teve que viajar por questões de trabalho ou de saúde, e você foi acompanhado por alguém próximo. Este problema foi resolvido e a possibilidades de que você e sua família planejem uma viajem de férias foi concretizada. </THREE-OF-CUPS-PAST>
<THREE-OF-CUPS-PRESENT>Você pode teve que viajar por questões de trabalho ou de saúde, e você será acompanhado por alguém próximo. Este problema será resolvido em breve e agora também há possibilidades de que você e sua família planejem uma viajem de férias. </THREE-OF-CUPS-PRESENT>
<THREE-OF-CUPS-FUTURE>É provável que você viaje por questões de trabalho ou de saúde, e você deverá ser acompanhado por alguém próximo. Este problema será resolvido em breve e agora também há possibilidades de que você e sua família planejem uma viajem de férias. </THREE-OF-CUPS-FUTURE>
<FOUR-OF-CUPS-ONE>Esta carta indica que você pode acabar fazendo planos para visitar um amigo distante ou um ente querido, e isso pode ter haver com uma mudança de postura que você esta buscando em sua vida. Você esta sentindo falta de alguma coisa em sua vida. E essa visita pode trazer novos tempos até você. </FOUR-OF-CUPS-ONE>
<FOUR-OF-CUPS-PAST>Você acabou fazendo planos para visitar um amigo distante ou um ente querido, e isso pode ter haver com uma mudança de postura que você estava buscando em sua vida. Você estava sentindo falta de alguma coisa em sua vida. E essa visita trouxe novos tempos até você. </FOUR-OF-CUPS-PAST>
<FOUR-OF-CUPS-PRESENT>Você pode acabar fazendo planos para visitar um amigo distante ou um ente querido, e isso pode ter haver com uma mudança de postura que você esta buscando em sua vida. Você esta sentindo falta de alguma coisa, esta se sentindo incompleto. E essa visita pode trazer novas perspectiva para você. </FOUR-OF-CUPS-PRESENT>
<FOUR-OF-CUPS-FUTURE>É provável que você acabe fazendo planos para visitar um amigo distante ou um ente querido futuramente, e isso pode ter haver com uma mudança de postura que você esta buscando em sua vida. Você irá sentir falta de alguma coisa, como se tivesse se sentindo incompleto. E essa visita pode trazer novas perspectiva para você. </FOUR-OF-CUPS-FUTURE>
<FIVE-OF-CUPS-ONE>Esta carta mostra que você está se sentindo cansado e letárgico e evitará qualquer trabalho pesado. Também pode haver alguns compromissos pendentes por causa de uma viajem que você talvez tenha que fazer, mas você vai tentar arduamente adiar ou cancelar essa viagem, a fim de relaxar. Mas essas viagens irá revelar-se benéfica caso seja feita. </FIVE-OF-CUPS-ONE>
<FIVE-OF-CUPS-PAST>você estava se sentindo cansado e letárgico e procurou evitar qualquer trabalho pesado. Alguns compromissos ficaram pendentes por causa de uma viajem que você fez, que apesar de você ter tentado a evitar, ela acabou se revelando muito benéfica. </FIVE-OF-CUPS-PAST>
<FIVE-OF-CUPS-PRESENT>Você está se sentindo cansado e letárgico e esta evitando qualquer trabalho pesado nesse momento. Também pode haver alguns compromissos pendentes por causa de uma viajem que você pode ter que fazer, mas você esta tentando arduamente adiar ou cancelar essa viagem, para tirar um tempo para relaxar. Mas essa viagem irá revelar benéfica caso seja feita. </FIVE-OF-CUPS-PRESENT>
<FIVE-OF-CUPS-FUTURE>É provável que você venha se sentindo cansado e letárgico e futuramente evite qualquer trabalho pesado. Também pode haver alguns compromissos pendentes por causa de uma viajem que você talvez tenha que fazer, mas você irá tentar arduamente adiar ou cancelar essa viagem, a fim de relaxar. Mas essa viagem irá revelar-se benéfica futuramente. </FIVE-OF-CUPS-FUTURE>
<SIX-OF-CUPS-ONE>Esta carta indica que este é um momento de muitas viagens devido ao trabalho ou por razões pessoais. Esta tarefa pode tornar-se um pouco cansativa e você vai precisar de algum descanso. Você vai querer viajar para um lugar tranquilo com sua família ou amigos e ja esta fazendo planos para isso. </SIX-OF-CUPS-ONE>
<SIX-OF-CUPS-PAST>Você pode ter tido que fazer varias viagens devido a razões pessoais ou de trabalho. Esta tarefa esta se tornando cansativa e você já estava precisando tirar algum tempo para descansar. Você programou uma viajem para um lugar tranquilo com sua família ou amigos o que fez muito bem para você. </SIX-OF-CUPS-PAST>
<SIX-OF-CUPS-PRESENT>Você esta viajando muito devido ao trabalho ou por razões pessoais. Esta tarefa esta se tornando um pouco cansativa e você vai precisar de algum descanso. Você vai querer viajar para um lugar tranquilo com sua família ou amigos e esta fazendo planos para isso. </SIX-OF-CUPS-PRESENT>
<SIX-OF-CUPS-FUTURE>É provável que você viaje muito devido ao trabalho ou por razões pessoais futuramente. Esta tarefa pode tornar-se um pouco cansativa e você vai precisar de algum descanso em breve. Você vai querer viajar para um lugar tranquilo com sua família ou amigos e logo estará fazendo planos para isso. </SIX-OF-CUPS-FUTURE>
<SEVEN-OF-CUPS-ONE>Esta carta mostra que agora você vai estar enfrentando muita confusão em sua vida com relação ao que seria benéfico para você. Você esta passando por alguns momentos difíceis no trabalho e pode ter que fazer algumas viagens curtas a seu contragosto. Isso vai fazer você se sentir tenso na maioria das vezes, mas você terá que manter a calma para sobreviver a esta fase. </SEVEN-OF-CUPS-ONE>
<SEVEN-OF-CUPS-PAST>Você pode ter enfrentado confusão em sua vida, com relação ao que seria benéfico para você. Você esta passando por alguns momentos difíceis no trabalho e teve que fazer algumas viagens curtas a seu contragosto. Isso fez você se sentir ainda mais tenso, mas você manteve a calma e sobreviveu a esta fase. </SEVEN-OF-CUPS-PAST>
<SEVEN-OF-CUPS-PRESENT>Você esta enfrentando confusão em sua vida com relação do que é benéfico para você agora. Você esta passando por alguns momentos difíceis no trabalho e esta tendo que fazer algumas viagens curtas a seu contragosto. Isso esta fazendo você se sentir tenso, mas você tem que manter a calma para sobreviver a esta fase.. </SEVEN-OF-CUPS-PRESENT>
<SEVEN-OF-CUPS-FUTURE>É provável que você enfrente confusão em sua vida sobre o que pode ser benéfico para você, futuramente. Você irá passar por alguns momentos difíceis no trabalho e pode ter fazer algumas viagens curtas a seu contragosto. Isso pode fazer você se sentir tenso daqui para frente, mas você terá que manter a calma para sobreviver a esta fase. </SEVEN-OF-CUPS-FUTURE>
<EIGHT-OF-CUPS-ONE>Esta carta indica que o trabalho vai exigir que você faça viagens curtas, mas você ainda assim vai encontrar tempo suficiente para ficar com sua família e com seus amigos. Pode haver momentos em que você repense sobre sua vida durante essas viagens e pode haver algumas realizações após esses pensamentos. </EIGHT-OF-CUPS-ONE>
<EIGHT-OF-CUPS-PAST>Esse trabalho exigiu que você fizesse viagens curtas, mas ainda assim você encontrou tempo suficiente para ficar com sua família e com seus amigos. Houveram momentos em que você repensou sobre sua vida durante algumas dessas viagens e isso acabou sendo benefico para você. </EIGHT-OF-CUPS-PAST>
<EIGHT-OF-CUPS-PRESENT>Esse trabalho esta exigindo que você faça viagens curtas, mas você ainda assim vai encontrar tempo suficiente para ficar com sua família e com seus amigos. você terá alguns momentos de reflexão sobre sua vida durante essas viagens e isso será muito positivo para você. </EIGHT-OF-CUPS-PRESENT>
<EIGHT-OF-CUPS-FUTURE>Futuramente esse trabalho vai exigir que você faça viagens curtas, mas você ainda assim vai encontrar tempo suficiente para ficar com sua família e com seus amigos. Pode haver momentos em que você repense sobre sua vida durante essas viagens e pode haver algumas realizações após esses pensamentos. </EIGHT-OF-CUPS-FUTURE>
<NINE-OF-CUPS-ONE>Esta carta mostra que pode haver alguma mistura de trabalho com prazer nesse momento. Você pode ter que fazer uma viagem de negócios ou para discutir um novo empreendimento e por causa de alguns de seus compromissos sociais, você vai acabar pagando um preço em seu trabalho. </NINE-OF-CUPS-ONE>
<NINE-OF-CUPS-PAST>Pode ter havido alguma mistura do trabalho com prazer em algum momento do passado. Você teve que fazer algumas viagens de negócios ou até mesmo para discutir um novo empreendimento e por causa de alguns de seus compromissos sociais, o seu trabalho acabou sendo deixado de lado. </NINE-OF-CUPS-PAST>
<NINE-OF-CUPS-PRESENT>Nesse momento esta havendo uma mistura de trabalho com prazer. Você pode ter que fazer uma viagem de negócios ou para discutir um novo empreendimento e por causa de alguns de seus compromissos sociais, você esta deixando o seu trabalho de lado. </NINE-OF-CUPS-PRESENT>
<NINE-OF-CUPS-FUTURE>É provável que haja uma mistura de trabalho com prazer futuramente. Você pode ter que fazer uma viagem de negócios ou para discutir um novo empreendimento e por causa de alguns de seus compromissos sociais, você vai acabar deixando o trabalho um pouco de lado. </NINE-OF-CUPS-FUTURE>
<TEN-OF-CUPS-ONE>Esta carta indica que você está vivendo um dos melhores momentos de sua vida agora. Você vai se sentir muito contente e satisfeito com a sua vida pessoal e profissional. Pode haver um negócio ou uma viagem social pela frente e você irá aproveitar isso ao máximo. </TEN-OF-CUPS-ONE>
<TEN-OF-CUPS-PAST>Você viveu um dos melhores momentos de sua vida. Você estava se sentindo muito contente e satisfeito com a sua vida pessoal e profissional. Um novo negócio ou uma viagem social foi aproveitado ao máximo por você. </TEN-OF-CUPS-PAST>
<TEN-OF-CUPS-PRESENT>Você está vivendo um dos melhores momentos de sua vida agora. Você esta se sentindo muito contente e satisfeito com a sua vida pessoal e profissional. Um novo negócio ou uma viagem social estão bem próximos, e você esta pronto para aproveitar ao máximo esse momento. </TEN-OF-CUPS-PRESENT>
<TEN-OF-CUPS-FUTURE>É provável que você viva um dos melhores momentos de sua vida em breve. Você vai se sentir muito contente e satisfeito com a sua vida pessoal e profissional. Pode haver um negócio ou uma viagem social pela frente e você irá aproveitar isso ao máximo. </TEN-OF-CUPS-FUTURE>
<PAGE-OF-CUPS-ONE>Esta carta indica que é provável que você faça algumas viagens por causa de seu trabalho ou em uma busca para rejuvenescer-se e encontrar um novo caminho para sua vida. Você está se sentindo um pouco confuso agora e, que ir para algum lugar bem distante para tentar encontrar o seu eu interior. Você será bem sucedido em seus esforços. </PAGE-OF-CUPS-ONE>
<PAGE-OF-CUPS-PAST>Você pode ter viajado por causa de seu trabalho ou em uma busca de rejuvenescimento para encontrar um novo caminho para sua vida. Você se sentiu confuso e, portanto, você seguiu para um lugar bem distante para tentar encontrar o seu eu interior. Você foi bem-sucedido em seus esforços. </PAGE-OF-CUPS-PAST>
<PAGE-OF-CUPS-PRESENT>Você pode viajar por causa de seu trabalho ou em uma busca de rejuvenescimento para encontrar um novo caminho para sua vida. Você está se sentindo um pouco confuso agora e, que ir para algum lugar bem distante para tentar encontrar o seu verdadeiro eu interior. Você esta sendo bem sucedido em seus esforços. </PAGE-OF-CUPS-PRESENT>
<PAGE-OF-CUPS-FUTURE>É provável que você viaje por causa de seu trabalho ou em busca de uma missão para rejuvenescer e poder encontrar um novo caminho para sua vida. Você pode se sentir confuso e há chances de que você busque por um lugar distante para determinar o seu eu interior. Você deverá ser bem sucedido em seu esforço. </PAGE-OF-CUPS-FUTURE>
<KNIGHT-OF-CUPS-ONE>Esta carta mostra que você vai passar algum tempo com seus entes queridos. Você estará visitando seus parentes, para passar algum tempo com eles, e isso será um momento feliz em sua vida. Você também pode estar próximo de fazer algumas viagens curtas durante alguns encontros sociais e vai acabar se sentindo novo e com muita energia após essas viagens. </KNIGHT-OF-CUPS-ONE>
<KNIGHT-OF-CUPS-PAST>Você passou algum tempo com seus entes queridos. Você visitou seus parentes, para passar algum tempo com eles, e isso foi um momento feliz de sua vida. Você também fez uma viajem curta durante alguns encontros sociais e acabou se sentindo outra pessoa com muita energia após isso tudo. </KNIGHT-OF-CUPS-PAST>
<KNIGHT-OF-CUPS-PRESENT>Você esta visitando alguns parentes, e tem passado um bom tempo com eles. Você também pode estar próximo de fazer algumas viagens curtas durante alguns encontros sociais e vai acabar se sentindo novo e com muita energia após essas viagens. </KNIGHT-OF-CUPS-PRESENT>
<KNIGHT-OF-CUPS-FUTURE>Futuramente você irá visitar alguns parentes, e passará um bom tempo com eles, o que será muito bom para você. Você também pode estar próximo de fazer algumas viagens curtas durante alguns encontros sociais e vai acabar se sentindo novo e com muita energia após essas viagens </KNIGHT-OF-CUPS-FUTURE>
<QUEEN-OF-CUPS-ONE>Esta carta indica que as coisas não vão ser como você esta esperando. Há certos atrasos indicados, e se você está planejando viajar para algum lugar sozinho ou com sua família, cuide primeiro de sua saúde. Você também pode ter que cancelar a sua viagem devido a circunstâncias cruciais no trabalho. </QUEEN-OF-CUPS-ONE>
<QUEEN-OF-CUPS-PAST>As coisas não aconteceram da forma que você imaginou. Há certos atrasos indicados, e se você planejou viajar para algum lugar sozinho ou com sua família, você deve ter dado prioridade a sua saúde. Você teve que cancelar a sua viagem devido a circunstâncias cruciais no trabalho. </QUEEN-OF-CUPS-PAST>
<QUEEN-OF-CUPS-PRESENT>As coisas podem não acontecer como você estava programando. Há certos atrasos indicados, e se você está planejando viajar para algum lugar sozinho ou com sua família, cuide primeiro de sua saúde. Você também pode ter que cancelar a sua viagem devido a circunstâncias cruciais no trabalho. </QUEEN-OF-CUPS-PRESENT>
<QUEEN-OF-CUPS-FUTURE>As coisas provavelmente não vão acontecer conforme o cronograma. Há certos atrasos que devem acontecer futuramente, e se você está planejando viajar para algum lugar sozinho ou com sua família, cuide primeiro de sua saúde. Você também pode ter que cancelar a sua viagem devido a circunstâncias cruciais no trabalho. </QUEEN-OF-CUPS-FUTURE>
<KING-OF-CUPS-ONE>Você esta planejando uma visita a alguém idosos, e irá procurar seus parentes procurando alguma orientação e apoio, e você obterá o que estava procurando. Também pode haver planos de morar com alguém, e quem sabe novidades na vida profissional e social pode estar chegando. </KING-OF-CUPS-ONE>
<KING-OF-CUPS-PAST>Você pode ter planejado uma visita a algum parente idoso para para isso contou com a orientação e apoio e de pessoas próximas de você. Você colocou em pratica o plano de morar com alguém, e novidades na vida profissional e social foram vistas. </KING-OF-CUPS-PAST>
<KING-OF-CUPS-PRESENT>Você esta planejando uma visita a algum parente idoso, e irá procurar orientação e apoio de pessoas ao seu redor. Seus planos de morar com alguém estão caminhando, e isso pode trazer novidade na sua vida social e profissional. </KING-OF-CUPS-PRESENT>
<KING-OF-CUPS-FUTURE>É provável que você planeja uma visita a algum parente idoso, e procure orientação e apoio para conseguir o que você procura. Também pode haver planos de morar com alguém, e quem sabe novidades na vida profissional e social pode estar chegando. </KING-OF-CUPS-FUTURE>
<ACE-OF-PENTACLES-ONE>Esta carta indica que você certamente vai viajar muito em breve. Isto pode ser devido a uma nova atribuição ou apenas uma viagem de férias com sua família ou amigos. É mais provável que você faça uma viajem longa. </ACE-OF-PENTACLES-ONE>
<ACE-OF-PENTACLES-PAST>Você pode ter viajado devido a uma nova atribuição ou feito apenas uma viagem de férias com sua família ou amigos. O seu destino foi um lugar distante, que serviu perfeitamente para seus objetivos. </ACE-OF-PENTACLES-PAST>
<ACE-OF-PENTACLES-PRESENT>Você pode viajar em breve por causa de seu trabalho ou apenas para aproveitar suas férias com sua família ou amigos. É mais provável que você faça uma viajem longa. </ACE-OF-PENTACLES-PRESENT>
<ACE-OF-PENTACLES-FUTURE>Futuramente você vai viajar por causa de seu trabalho ou apenas para poder aproveitar suas férias com sua família ou amigos. Você pode, eventualmente, viajar para um lugar distante. </ACE-OF-PENTACLES-FUTURE>
<TWO-OF-PENTACLES-ONE>Esta carta mostra que você está com desejo de encontrar um amigo ou um ente querido, porém seu trabalho ou uma reunião que já estava planejada está dificultando isso. Mas você vai logo perceber que esse desejo não é tão necessário, e vai apenas resolver fazer uma ligação. </TWO-OF-PENTACLES-ONE>
<TWO-OF-PENTACLES-PAST>Você estava com desejo de encontrar um amigo ou um ente querido, porém seu trabalho ou uma reunião que já estava planejada dificultaram isso. Mas você logo percebeu que esse desejo não era tão necessário, e você resolveu apenas fazer uma ligação. </TWO-OF-PENTACLES-PAST>
<TWO-OF-PENTACLES-PRESENT>Você está com desejo de encontrar um amigo ou um ente querido, porém seu trabalho ou uma reunião que já estava planejada está dificultando isso. Mas você já percebeu que esse desejo não é tão necessário, e resolveu apenas fazer uma ligação. </TWO-OF-PENTACLES-PRESENT>
<TWO-OF-PENTACLES-FUTURE>É provável que você sinta desejo de encontrar um amigo ou um ente querido, porém seu trabalho ou uma futura reunião irão dificultar isso. Mas você vai logo perceber que esse desejo não é tão necessário, e vai apenas resolver fazer uma ligação futuramente. </TWO-OF-PENTACLES-FUTURE>
<THREE-OF-PENTACLES-ONE>Esta carta indica que você pode ter que viajar com mais frequência do que você imaginou e sendo maioritariamente viagens curtas e a trabalho. Isso pode fazer você se sentir cansado e inquieto e pode haver uma situação em que você gostaria de deixar seu trabalho de lado, e viajaria por um tempo apenas para relaxar. </THREE-OF-PENTACLES-ONE>
<THREE-OF-PENTACLES-PAST>você pode ter precisado viajar com mais frequência do que você imaginou e sendo maioritariamente viagens curtas e a trabalho. Isso fez você se sentir cansado e inquieto e você começou a idealizar uma situação em que você deixaria seu trabalho de lado, e viajaria por um tempo apenas para relaxar. </THREE-OF-PENTACLES-PAST>
<THREE-OF-PENTACLES-PRESENT>você pode ter que viajar com mais frequência do que você estava imaginando e sendo maioritariamente viagens curtas e a trabalho. Isso pode fazer você se sentir cansado e inquieto e pode haver uma situação em que você gostaria de deixar seu trabalho de lado, e viajar por um tempo apenas para relaxar. </THREE-OF-PENTACLES-PRESENT>
<THREE-OF-PENTACLES-FUTURE>É provável que você viaje com mais frequência do que você estava imaginando e sendo maioritariamente viagens curtas e a trabalho. Isso pode fazer você se sentir cansado e inquieto e pode haver uma situação em que você gostaria de deixar seu trabalho de lado, e viajar por um tempo apenas para relaxar. </THREE-OF-PENTACLES-FUTURE>
<FOUR-OF-PENTACLES-ONE>Você pode ter planejado um maravilhoso tempo junto com alguns de seus amigos ou colegas de trabalho, mas as coisas podem não funcionar a seu favor. Mas você vai usar esse tempo para planejar uma longa viajem com seus amigos. </FOUR-OF-PENTACLES-ONE>
<FOUR-OF-PENTACLES-PAST>Você planejou um maravilhoso tempo junto com alguns de seus amigos ou colegas de trabalho, mas as coisas não funcionaram como você imaginou. Mas você usou esse tempo para planejar uma longa viajem com seus amigos. </FOUR-OF-PENTACLES-PAST>
<FOUR-OF-PENTACLES-PRESENT>Você esta planejando um maravilhoso tempo junto com alguns de seus amigos ou colegas de trabalho, mas as coisas podem não funcionar a seu favor. Mas você vai usar esse tempo para planejar uma longa viajem com seus amigos. </FOUR-OF-PENTACLES-PRESENT>
<FOUR-OF-PENTACLES-FUTURE>Futuramente você pode planejar um maravilhoso tempo junto com alguns de seus amigos ou colegas de trabalho, mas as coisas podem não funcionar do jeito que você estava esperando. Mas você poderá usar esse tempo para planejar uma longa viajem com seus amigos. </FOUR-OF-PENTACLES-FUTURE>
<FIVE-OF-PENTACLES-ONE>Esta carta indica que sua viagem não vai ser muito agradável. Se existem quaisquer planos de viagem, você terá que lidar com atrasos, fora algumas situações desagradáveis que você pode ter que enfrentar. </FIVE-OF-PENTACLES-ONE>
<FIVE-OF-PENTACLES-PAST>A sua viagem não foi muito agradável. Se existiram quaisquer planos de viagem, você teve que mudar todos por causa dos atrasos, e de algumas situações desagradáveis que você teve que enfrentar. </FIVE-OF-PENTACLES-PAST>
<FIVE-OF-PENTACLES-PRESENT>A sua viagem não vai ser muito agradável. Se existem quaisquer planos de viagem, você terá que ficar preparado para lidar com atrasos, e algumas situações desagradáveis que você pode ter que enfrentar. </FIVE-OF-PENTACLES-PRESENT>
<FIVE-OF-PENTACLES-FUTURE>Sua futura viagem não será muito agradável. Quaisquer planos de viagem serão inúteis já que você terá que lidar com atrasos, e algumas situações desagradáveis que você pode ter que enfrenta. </FIVE-OF-PENTACLES-FUTURE>
<SIX-OF-PENTACLES-ONE>Esta carta mostra que você será levado a se socializar neste período de tempo. Sua empresa pode planejar lhe enviar para algum tipo de treinamento ou curso de curta duração, se isso não acontecer você vai passar um feriado prolongado com sua família. Você vai se misturar com as pessoas ao seu redor e isso vai ajudá-lo a fazer contatos e conquistar todos com seu charme. </SIX-OF-PENTACLES-ONE>
<SIX-OF-PENTACLES-PAST>Você foi levado a se socializar neste período de tempo. Sua empresa estava planejando lhe enviar para algum tipo de treinamento ou curso de curta duração, mas isso não lhe atrapalhou a passar um feriado prolongado com sua família. Você se misturou com as pessoas ao seu redor e isso o ajudou a fazer contatos e conquistar todos com seu charme. </SIX-OF-PENTACLES-PAST>
<SIX-OF-PENTACLES-PRESENT>Você será levado a se socializar neste momento. Sua empresa quer lhe enviar para algum tipo de treinamento ou curso de curta duração, se isso não acontecer você esta pensando em passar um feriado prolongado com sua família. Você vai se misturar com as pessoas ao seu redor e isso vai ajudá-lo a fazer contatos e conquistar todos com seu charme. </SIX-OF-PENTACLES-PRESENT>
<SIX-OF-PENTACLES-FUTURE>Você será levado a se socializar futuramente. Sua empresa esta planejando lhe enviar para algum tipo de treinamento ou curso de curta duração, se isso não acontecer você pode passar um feriado prolongado com sua família. Você poderá se misturar com as pessoas ao seu redor e isso vai ajudá-lo a fazer contatos e conquistar todos com seu charme. </SIX-OF-PENTACLES-FUTURE>
<SEVEN-OF-PENTACLES-ONE>Esta carta indica que você vai acabar fazendo uma viajem curta para um lugar distante talvez outro país ou apenas um lugar que irá o deixar encantado. Você vai alinhar coisas que você sempre quis fazer e isso será muito bom para você. Você será acompanhado por pessoas que não via a bastante tempo. </SEVEN-OF-PENTACLES-ONE>
<SEVEN-OF-PENTACLES-PAST>Você acabou fazendo uma viajem curta para um lugar distante que o deixou encantado. Você conseguiu alinhar coisas que você sempre quis fazer e isso foi muito bom para você. Você foi acompanhado por pessoas que não via a bastante tempo. </SEVEN-OF-PENTACLES-PAST>
<SEVEN-OF-PENTACLES-PRESENT>Você vai fazer uma viajem de curta duração, para um lugar distante, talvez outro país ou apenas um lugar que irá o deixar encantado. Você vai alinhar coisas que você sempre quis fazer e isso será muito bom para você. Você vai ser acompanhado por pessoas que não via a bastante tempo. </SEVEN-OF-PENTACLES-PRESENT>
<SEVEN-OF-PENTACLES-FUTURE>É provável que você faça uma viajem curta para um lugar distante, talvez outro país ou apenas um lugar que irá o deixar encantado. Você irá alinhar coisas que você sempre quis fazer e isso será muito bom para você. Você deverá ser acompanhado por pessoas que não via a muito tempo. </SEVEN-OF-PENTACLES-FUTURE>
<EIGHT-OF-PENTACLES-ONE>Esta carta indica que há uma viagem especial chegando que irá trazer muita sorte para você. Você terá um tempo romântico com seu parceiro, e se estiver solteiro vai se deparar com novas oportunidades. Este será um dos passeios mais agradáveis de sua vida. </EIGHT-OF-PENTACLES-ONE>
<EIGHT-OF-PENTACLES-PAST>Uma viagem especial trouxe muita sorte para você. Você teve um tempo romântico com seu parceiro, e se você estava solteiro se deparou com novas oportunidades. Este foi um dos passeios mais agradáveis de sua vida. </EIGHT-OF-PENTACLES-PAST>
<EIGHT-OF-PENTACLES-PRESENT>Uma viagem especial esta chegando, e irá trazer muita sorte para você. Você terá um tempo romântico com seu parceiro, e se estiver solteiro vai se deparar com novas oportunidades. Este será um dos passeios mais agradáveis de sua vida. </EIGHT-OF-PENTACLES-PRESENT>
<EIGHT-OF-PENTACLES-FUTURE>É provável que você faça uma viagem especial que pode dar sorte para você. Você pode ter um momento romântico com o seu parceiro e se estiver solteiro pode eventualmente se deparar com pessoas interessantes. Há chances de que a viagem possa ser uma das mais agradáveis que você já tenha feito. </EIGHT-OF-PENTACLES-FUTURE>
<NINE-OF-PENTACLES-ONE>Este cartão mostra que você é propenso a acidentes, mas isso vai ser apenas um pequeno incidente que pode ser evitado se você for cuidadoso. Você terá que ter o cuidado com suas despesas em relação a vários modos de transporte. Há chances de que você faça uma viagem curta para fins comerciais ou sociais. </NINE-OF-PENTACLES-ONE>
<NINE-OF-PENTACLES-PAST>Você estava propenso a acidentes, mas poderia ter sido apenas um pequeno incidente que era possível para evitar. Você pode ter tido que ter cuidado com suas despesas relacionadas com o transporte. Você pode ter feito uma viagem curta para fins sociais ou de negócios. </NINE-OF-PENTACLES-PAST>
<NINE-OF-PENTACLES-PRESENT>Você está propenso a acidentes, mas pode ser apenas um pequeno incidente que pode ser evitado se você for cuidadoso. Você deve ter cuidado com as despesas relacionadas com os transportes. Você pode fazer uma viagem curta para fins sociais ou de negócios. </NINE-OF-PENTACLES-PRESENT>
<NINE-OF-PENTACLES-FUTURE>É provável que você seja propenso a acidentes e, portanto, você pode ter que ter cuidado para evitar acidentes menores. Você pode ter que ter cuidado com as despesas relacionadas com os transportes. Há chances de você fazer uma viagem curta para fins sociais ou de negócios. </NINE-OF-PENTACLES-FUTURE>
<TEN-OF-PENTACLES-ONE>Este cartão indica que é hora de conversar com seus velhos amigos e família. Você terá um desejo de encontrar seus amigos ou um parente e pode acabar por viajar e ficando na casa desta pessoa por um tempo. Você vai sentir uma forte ligação com um de seus parentes e pode passar algum tempo viajando com ele. </TEN-OF-PENTACLES-ONE>
<TEN-OF-PENTACLES-PAST>Você teve a oportunidade de conversar com velhos amigos e família. Você pode ter desejado encontrar seus amigos ou um parente e pode ter acabado viajando e ficando em seu lugar por algum tempo. Você pode ter sentido uma forte ligação com um de seus parentes e pode ter passado algum tempo a viajar com ele. </TEN-OF-PENTACLES-PAST>
<TEN-OF-PENTACLES-PRESENT>É um bom momento para conversar com velhos amigos e família. Você pode ter um desejo de encontrar seus amigos ou um parente e pode viajar e permanecer neste lugar por algum tempo. Você vai sentir uma forte ligação com um de seus parentes e pode passar algum tempo viajando com ele. </TEN-OF-PENTACLES-PRESENT>
<TEN-OF-PENTACLES-FUTURE>Pode ser um bom momento para conversar com velhos amigos e família. Você será susceptível de encontrar seus amigos ou um parente e pode viajar e permanecer neste lugar por algum tempo. Você pode sentir uma forte ligação com um de seus parentes e pode mesmo passar algum tempo viajando com ele. </TEN-OF-PENTACLES-FUTURE>
<PAGE-OF-PENTACLES-ONE>Este cartão mostra que você está agora entrando em um estado de espírito aventureiro e vai querer experimentar isto em sua rotina diária. Há altas chances de você escavar suas chances de ir para um spa ou outros tratamentos relaxantes ou apenas fazer uma pausa para o fim de semana. Você vai entrar em um novo modo de vida após esta viagem. </PAGE-OF-PENTACLES-ONE>
<PAGE-OF-PENTACLES-PAST>Você pode ter ficado em um estado de espírito aventureiro e quis experimentar isto em sua rotina diária. Você pode ter escavado suas chances de ir a um spa ou outros tratamentos relaxantes ou tomado uma pausa para o fim de semana. Você pode ter inserido um novo modo de vida depois de uma viagem. </PAGE-OF-PENTACLES-PAST>
<PAGE-OF-PENTACLES-PRESENT>Você pode inserir um estado de espírito aventureiro e quer experimentar em sua rotina diária. Você tem chances de ir a um spa ou outros tratamentos relaxantes ou para fazer uma pausa durante o fim de semana. Você poderá entrar com uma nova forma de vida após uma viagem. </PAGE-OF-PENTACLES-PRESENT>
<PAGE-OF-PENTACLES-FUTURE>É provável que você insira um estado de espírito aventureiro e poderá querer experimentar isto em sua rotina diária. Você pode escavar suas chances de ir a um spa ou outros tratamentos relaxantes ou pode fazer uma pausa para o fim de semana. É provável que você entre em um novo modo de vida depois de uma viagem. </PAGE-OF-PENTACLES-FUTURE>
<KNIGHT-OF-PENTACLES-ONE>Este cartão indica que finalmente vai tirar um tempo para descansar com seu parceiro ou um ente querido. Será concedido um período de férias e você vai levar seu parceiro para uma curta viagem. Há também chances de que vocês dois viajarem para fins de trabalho, mas terá o prazer de passar tempo juntos. </KNIGHT-OF-PENTACLES-ONE>
<KNIGHT-OF-PENTACLES-PAST>Você pode ter recebido um tempo para descanso com o seu parceiro ou um ente querido. Você foi concedido um período de férias e levou seu parceiro para uma curta viagem. Vocês dois podem ter viajado por motivos de trabalho, mas tiverem um tempo feliz juntos. </KNIGHT-OF-PENTACLES-PAST>
<KNIGHT-OF-PENTACLES-PRESENT>Você pode obter a um tempo de descanso para passar com seu parceiro ou ente querido. Será concedido um período de férias e você levará seu parceiro para uma curta viagem. Os dois podem viajar por motivos de trabalho, mas vai ser agradável passar o tempo juntos. </KNIGHT-OF-PENTACLES-PRESENT>
<KNIGHT-OF-PENTACLES-FUTURE>É provável que você receba um descanso para passar com seu parceiro ou ente querido. Você pode receber um período de férias e levará seu parceiro para uma curta viagem. Os dois podem viajar por motivos de trabalho, mas passarão um tempo muito feliz juntos. </KNIGHT-OF-PENTACLES-FUTURE>
<QUEEN-OF-PENTACLES-ONE>Há também uma pequena viagem em seu caminho e isso vai ser muito agradável e cheia de surpresas. Você pode estar viajando, mas haverá vários pensamentos em sua mente. Isto pode vir a ser uma viagem muito romântica e você irá apreciá-la completamente. </QUEEN-OF-PENTACLES-ONE>
<QUEEN-OF-PENTACLES-PAST>Pode ter havido uma pequena viagem que pode ter sido muito agradável e cheia de surpresas. Você pode ter viajado, mas havia muitos pensamentos em sua mente. Pode ter sido uma viagem muito romântica que você apreciou absolutamente. </QUEEN-OF-PENTACLES-PAST>
<QUEEN-OF-PENTACLES-PRESENT>Pode haver uma pequena viagem que em breve e ela pode ser cheia de surpresas agradáveis. Você pode viajar, mas a sua mente ficará com vários pensamentos. Pode ser uma viagem muito romântica que você vai desfrutar completamente. </QUEEN-OF-PENTACLES-PRESENT>
<QUEEN-OF-PENTACLES-FUTURE>Há chances para uma pequena viagem acontecer e pode ser cheia de surpresas agradáveis. É provável que você viaje, mas sua mente poderá ter muitos pensamentos. Pode ser uma viagem muito romântica que você poderá desfrutar completamente. </QUEEN-OF-PENTACLES-FUTURE>
<KING-OF-PENTACLES-ONE>Este cartão indica que planos de viagem para empreendimentos de negócios serão realizados com sucesso, mas se você está planejando uma viagem a algum lugar, mas se você estiver preparando uam viagem social para o exterior esta pode ser uma situação de risco por causa ao clima e você deve se precaver contra ele. </KING-OF-PENTACLES-ONE>
<KING-OF-PENTACLES-PAST>Planos de viagem para empreendimentos comerciais podem ter sido executada com êxito, mas o seu plano de uma viagem social ao exterior pode ter ocorrido em uma situação de risco e você foi advertido sobre os riscos. </KING-OF-PENTACLES-PAST>
<KING-OF-PENTACLES-PRESENT>Planos de viagem para empreendimentos de negócios podem ser executados com êxito, mas o seu plano for para uma viagem social ao exterior pode ocorrer em uma situação de risco e você foi advertido sobre os riscos. </KING-OF-PENTACLES-PRESENT>
<KING-OF-PENTACLES-FUTURE>Planos de viagem para empreendimentos comerciais são susceptíveis de executar com êxito, mas se o plano for de uma viagem social ao exterior, pode ocorrer uma situação de risco e você será advertido sobre o risco. </KING-OF-PENTACLES-FUTURE>
<ACE-OF-SWORDS-ONE>Este cartão indica que você terá que reorganizar certas coisas ou acomodar coisas novas. Há também chances de você poder ter que cancelar ou fazer alterações em sua programação devido a compromissos assumidos anteriormente. Não se incomode e faça uma programação de acordo com suas tarefas. </ACE-OF-SWORDS-ONE>
<ACE-OF-SWORDS-PAST>Você pode ter reorganizado ou acomodado as coisas. Você teve que cancelar ou alterar a sua programação devido a compromissos anteriores. Foi bom não ter se incomodado e você fez uma programação de acordo com suas tarefas. </ACE-OF-SWORDS-PAST>
<ACE-OF-SWORDS-PRESENT>Você pode ter que reorganizar ou acomodar as coisas. Você pode ter que cancelar ou alterar a sua programação por causa de seus compromissos existentes. Não se incomode e faça uma programação de acordo com suas tarefas. </ACE-OF-SWORDS-PRESENT>
<ACE-OF-SWORDS-FUTURE>É provável que você deva reorganizar ou acomodar as coisas. Há chances de que você cancele ou altere sua programação devido a compromissos anteriores. Não se incomode e faça uma programação de acordo com suas tarefas. </ACE-OF-SWORDS-FUTURE>
<TWO-OF-SWORDS-ONE>Este cartão mostra que há chances de algumas mudanças em seus planos de viagem. Isso pode criar muita confusão em sua mente e as coisas podem ficar um pouco caóticas, mas você vai lidar com isso com muito tato. Você terá que fazer alguns arranjos para alguém que vai chegar em um curto tempo. </TWO-OF-SWORDS-ONE>
<TWO-OF-SWORDS-PAST>Pode ter havido mudanças nos planos de viagem que causaram confusão em sua mente e caos, mas você pode lidou com isso com muito tato. Você teve que fazer arranjos para alguém que chegará em breve. </TWO-OF-SWORDS-PAST>
<TWO-OF-SWORDS-PRESENT>Pode haver alterações nos planos de viagem que podem causar confusão e caos, mas você vai lidar com isso com muito tato. Você pode ter que fazer arranjos para alguém que é esperado chegar em breve. </TWO-OF-SWORDS-PRESENT>
<TWO-OF-SWORDS-FUTURE>Há grandes chances de mudanças nos planos de viagem que podem causar confusão e caos, mas é provável que lidar com isso com muito tato. Você pode ter que fazer a arranjos para alguém que pode ser esperado para chegar em breve. </TWO-OF-SWORDS-FUTURE>
<THREE-OF-SWORDS-ONE>Este cartão indica que em breve você vai fazer uma viagem a trabalho ou apenas com a família. A viagem irá revelar-se muito proveitosa e gratificante, no entanto, você terá que enfrentar alguns atrasos por causa da programação abrupta ou um dilema súbito. </THREE-OF-SWORDS-ONE>
<THREE-OF-SWORDS-PAST>Você pode ter feito uma viagem para o trabalho ou com a família. A viagem pode ter provado ser frutífera ou gratificante. Mas você pode enfrentou alguns atrasos devido aos agendamentos abruptos ou dilema súbito. </THREE-OF-SWORDS-PAST>
<THREE-OF-SWORDS-PRESENT>Você pode fazer uma viagem a trabalho ou familiar em breve. Esta viagem pode ser frutífera e gratificante, mas você pode enfrentar alguns atrasos devido ao agendamento abrupto ou dilema súbito. </THREE-OF-SWORDS-PRESENT>
<THREE-OF-SWORDS-FUTURE>É provável que você faça uma viagem a trabalho ou familiar. Essa viagem pode vir a ser frutífera e ratificante, mas você pode ter que enfrentar alguns atrasos devido ao agendamento abrupto ou dilema súbito. </THREE-OF-SWORDS-FUTURE>
<FOUR-OF-SWORDS-ONE>Este cartão sugere que, se você está planejando ir em uma viagem por razões pessoais ou profissionais, então será melhor se você pesar as circunstâncias e depois faça os preparativos, até mesmo um pequeno erro pode resultar em um grande dilema. </FOUR-OF-SWORDS-ONE>
<FOUR-OF-SWORDS-PAST>Se você planejou ir em uma viagem por razões pessoais ou profissionais, poderá ter sido melhor ter pesado as circunstâncias em primeiro lugar. Era sábio ter feito os preparativos já que um pequeno erro poderia ter resultado em um grande dilema. </FOUR-OF-SWORDS-PAST>
<FOUR-OF-SWORDS-PRESENT>Será melhor pesar as circunstâncias antes de planejar uma viagem pessoal ou profissional. Você deve fazer os preparativos corretamente já que um pequeno erro pode resultar em um grande dilema. </FOUR-OF-SWORDS-PRESENT>
<FOUR-OF-SWORDS-FUTURE> É provável que seja melhor pesar as circunstâncias antes que você pode planejar uma viagem pessoal ou profissional. Sá faça os preparativos após o planejamento já que um pequeno erro pode resultar em um grande dilema. </FOUR-OF-SWORDS-FUTURE>
<FIVE-OF-SWORDS-ONE>Este cartão indica que haverá algumas mudanças nos planos e isso vai causar um cronograma abrupto. Você também pode ter alguns problemas por causa de atrasos ou cancelamento de voos. Isso vai fazer você se sentir irritado e agitado, mas você terá que manter sua paz de espírito para passar por tudo isso. </FIVE-OF-SWORDS-ONE>
<FIVE-OF-SWORDS-PAST>Pode ter havido mudanças nos planos, o que pode ter causado um cronograma abrupto. Você também pode ter tido problemas devido a atrasos de vôo ou cancelamento. Isso pode ter feito você se sentir irritado, mas você manteve sua paz de espírito para passar por tudo. </FIVE-OF-SWORDS-PAST>
<FIVE-OF-SWORDS-PRESENT>Pode haver mudanças nos planos e isso pode causar uma programação abrupta. Você pode ter problemas devido a atrasos de vôo ou cancelamento. Isso pode deixa-lo irritado, mas você deve manter sua paz de espírito para passar por tudo. </FIVE-OF-SWORDS-PRESENT>
<FIVE-OF-SWORDS-FUTURE>É provável que haja mudanças nos planos e que podem causar um cronograma abrupto. Há chances de atrasos de vôo ou cancelamento que podem deixa-lo irritado, mas você pode terá que manter a sua paz de espírito para passar por tudo. </FIVE-OF-SWORDS-FUTURE>
<SIX-OF-SWORDS-ONE>Este cartão mostra que você pode ter que viajar um pouco por causa de um check-up ou um programa de medicação para ajudar você ou alguém da família. Há uma possibilidade de que você faça uma viagem curta e essa viagem vai ser muito importante e vai ajudar a mudar as coisas para melhor, de alguma ou outra forma. </SIX-OF-SWORDS-ONE>
<SIX-OF-SWORDS-PAST>Você pode ter viajado por causa de um programa de check-up ou medicação para ajudar você ou alguém da família. Você pode ter feito uma viagem curta e a viagem foi muito importante e o ajudou a mudar as coisas para melhor, de alguma maneira. </SIX-OF-SWORDS-PAST>
<SIX-OF-SWORDS-PRESENT>Você pode viajar devido a um programa de check-up ou medicação para você ou alguém da família. Você pode fazer uma viagem curta e essa viagem vai ser muito importante, uma vez que irá ajudá-lo a mudar as coisas para melhor, de alguma forma. </SIX-OF-SWORDS-PRESENT>
<SIX-OF-SWORDS-FUTURE> É provável que você viaje para um programa de check-up ou medicação para você ou alguém da família. Você terá chance de fazer uma viagem curta e ela pode ser muito importante uma vez que pode ajudar a mudar as coisas para melhor, de alguma forma. </SIX-OF-SWORDS-FUTURE>
<SEVEN-OF-SWORDS-ONE>Este cartão indica que você pode ter que enfrentar algumas rejeições ou críticas e isso fará com que você viaje para um lugar distante. Esta será uma jornada esclarecedora para você como você vai aprender coisas novas e não vai querer companhia conhecida por você. </SEVEN-OF-SWORDS-ONE>
<SEVEN-OF-SWORDS-PAST>Você pode ter enfrentado algumas rejeições ou críticas e por isso você viajou para um lugar distante. Pode ter sido uma jornada esclarecedora para você como você pode ter aprendido coisas novas e não foi acompanhado por alguém conhecido por você. </SEVEN-OF-SWORDS-PAST>
<SEVEN-OF-SWORDS-PRESENT>Você pode enfrentar algumas rejeições ou críticas e por isso você vai quere viajar para um lugar distante. Esta pode ser uma jornada esclarecedora para você como você vai aprender coisas novas e não deseja ser acompanhado por alguém conhecido por você. </SEVEN-OF-SWORDS-PRESENT>
<SEVEN-OF-SWORDS-FUTURE>É provável que você enfrente algumas rejeições ou críticas e que podem fazer com que você queira viajar para um lugar distante. Isso pode, eventualmente, ser uma jornada esclarecedora, pois você pode aprender coisas novas e não irá querer ser acompanhado por alguém conhecido por você. </SEVEN-OF-SWORDS-FUTURE>
<EIGHT-OF-SWORDS-ONE>Este cartão sugere que a próxima viagem pode vir a ser uma das mais valiosas. Se você estiver indo para alguma reunião ou colaboração, então você vai obter sucesso. Você vai fazer muito bem no departamento financeiro nesta viagem. </EIGHT-OF-SWORDS-ONE>
<EIGHT-OF-SWORDS-PAST>A viagem pode ter acabado por ser uma das mais valiosas. Se você foi para alguma reunião ou colaboração, você ganhou sucesso. Você fez muito bem no departamento financeiro nesta viagem. </EIGHT-OF-SWORDS-PAST>
<EIGHT-OF-SWORDS-PRESENT>Uma viagem pode vir a ser uma das mais valiosas. Se você tiver alguma reunião ou colaborações, você pode ganhar sucesso. Você pode fazer muito bem no departamento financeiro nesta viagem. </EIGHT-OF-SWORDS-PRESENT>
<EIGHT-OF-SWORDS-FUTURE>Uma viagem é provável que seja uma das mais valiosas. Você pode obter sucesso se for para alguma reunião ou colaboração. Você pode fazer muito bem no departamento financeiro nesta viagem. </EIGHT-OF-SWORDS-FUTURE>
<NINE-OF-SWORDS-ONE>Este cartão indica que planos de viagem serão difíceis e de certa forma horríveis, pois você vai se deparar com problemas relacionados com a sua programação. Você desejar passar mais tempo com seu parceiro ou sua família, mas isso não será possível por várias razões. </NINE-OF-SWORDS-ONE>
<NINE-OF-SWORDS-PAST>Planos de viagem podem ter sido difícieis e você pode ter tido problemas relacionados com a sua programação. Você queria passar mais tempo com seu parceiro ou sua família, mas pode não ter sido possível devido a vários motivos. </NINE-OF-SWORDS-PAST>
<NINE-OF-SWORDS-PRESENT>Planos de viagem podem ser difíceis e você pode se deparar com problemas em relação a sua programação. Você deseja passar mais tempo com seu parceiro ou sua família, mas isso pode não ser possível devido a muitas razões. </NINE-OF-SWORDS-PRESENT>
<NINE-OF-SWORDS-FUTURE>Planos de viagem podem ser difíceis e você pode se deparar com problemas relacionados com a sua programação. Você pode querer passar mais tempo com seu parceiro ou sua família, mas pode haver chances que isso não aconteça. </NINE-OF-SWORDS-FUTURE>
<TEN-OF-SWORDS-ONE>Este cartão mostra que algumas surpresas inesperadas vão aparecer em sua viagem e serão agradáveis. Você vai se divertir mais do que você esperava, mas você vai ter que manter um controle sobre as suas despesas como esse relaxamento pode pesar seu bolso. </TEN-OF-SWORDS-ONE>
<TEN-OF-SWORDS-PAST>Algumas surpresas inesperadas podem ter surgido na viagem e podem ter sido agradáveis. Você pode ter tido mais divertido do que esperava, mas você teve que manter o controle de suas despesas, este exercício de relaxamento poderia ter pesado em seu bolso. </TEN-OF-SWORDS-PAST>
<TEN-OF-SWORDS-PRESENT>Algumas surpresas inesperadas podem aparecer em sua viagem e podem ser agradáveis. Você pode se divertir mais do que você esperava, mas você terá que manter controle sobre as suas despesas, este relaxamento pode pesar no seu bolso. </TEN-OF-SWORDS-PRESENT>
<TEN-OF-SWORDS-FUTURE>Algumas surpresas inesperadas podem aparecer em sua viagem e podem ser agradáveis. Você pode ter mais divertimento do que espera, mas pode ter que manter o controle sobre suas despesas, este relaxamento pode vir a pesar em seu bolso. </TEN-OF-SWORDS-FUTURE>
<PAGE-OF-SWORDS-ONE>Esta carta indica que mesmo você animado sobre um passeio, alguns cancelamentos e birras por entes queridos podem fazer você se sentir irritado. Você vai ter alguns choques desagradáveis e seus esforços não podem ser cumpridas. É bom se precaver e não ficar muito agitado, pois isso pode afetar negativamnete você ou um ente querido. </PAGE-OF-SWORDS-ONE>
<PAGE-OF-SWORDS-PAST>Alguns cancelamentos e birras por entes queridos podem ter feito você se sentir irritado mesmo que você estivesse animado sobre um passeio. Você pode ter recebido alguns choques desagradáveis e seus esforços podem não ter sido cumpridos. Foi sábio não ter se agitado isto poderia ter afetado você ou seu ente querido. </PAGE-OF-SWORDS-PAST>
<PAGE-OF-SWORDS-PRESENT>Alguns cancelamentos e birras por entes queridos podem fazer você se sentir irritado, mesmo você estando animado sobre um passeio. Você pode receber alguns choques desagradáveis e seus esforços não podem ser cumpridos. Não fique muito agitado, pois isso pode afetar você ou seu ente querido. </PAGE-OF-SWORDS-PRESENT>
<PAGE-OF-SWORDS-FUTURE>Alguns cancelamentos e birras por entes queridos são susceptíveis de fazer você se sentir irritado mesmo você estando animado sobre um passeio. Há chances de que você receba alguns choques desagradáveis e seus esforços não poderão ser cumpridos. É aconselhável que você não fique agitado, pois isso pode afetar você ou seu ente querido. </PAGE-OF-SWORDS-FUTURE>
<KNIGHT-OF-SWORDS-ONE>Este cartão mostra que você quer viajar e também ter algumas surpresas românticas. Você vai fazer uma viagem curta ou longa com seu parceiro e ela será memorável. Também pode haver viagens curtas por causa do trabalho e isso pode deixa-lo um pouco esgotado. </KNIGHT-OF-SWORDS-ONE>
<KNIGHT-OF-SWORDS-PAST>Você pode ter viajado muito e também experimentado surpresas românticas. Você pode ter feito uma viagem curta ou longa com seu parceiro e ela pode ter sido uma experiência memorável. Pode ter havido viagens curtas a trabalho e que podem ter esgotado você. </KNIGHT-OF-SWORDS-PAST>
<KNIGHT-OF-SWORDS-PRESENT>Você pode estar viajando muito e também experimentando surpresas românticas. Você pode fazer uma viagem curta ou longa com seu parceiro e esta viagem pode ser memorável. Pode haver algumas viagens curtas devido ao trabalho e isso pode esgotá-lo. </KNIGHT-OF-SWORDS-PRESENT>
<KNIGHT-OF-SWORDS-FUTURE>É provável que você viaje muito e também pode experimentar surpresas românticas. Você pode fazer uma viagem curta ou longa com seu parceiro e ela pode vir a ser memorável. Há chances de algumas viagens curtas devido ao trabalho e pode deixa-lo esgotado. </KNIGHT-OF-SWORDS-FUTURE>
<QUEEN-OF-SWORDS-ONE>Este cartão indica que nada será pré-planejado e em breve você vai ser enviado a viagens rápidas. Isso vai deixar você com pouco tempo para pensar e, haverá atrasos e alguns arranjos irregulares com relação ao seu transporte e hospedagem. Também pode haver um ente querido que você pode esbarrar em seu caminho. </QUEEN-OF-SWORDS-ONE>
<QUEEN-OF-SWORDS-PAST>Nada pode ter sido pré-planejada e você pode ter sido enviados a viagens rápidas. Elas o deixaram sem tempo para pensar e atrasos e arranjos inadequados em relação a transporte e alojamento podem ter ocorrido. Você ter econtrado um ente querido por acaso. </QUEEN-OF-SWORDS-PAST>
<QUEEN-OF-SWORDS-PRESENT>Nada pode ser pré-planejado e você pode ser enviado a viagens rápidas em breve. Isso vai deixar você quase sem tempo para pensar e atrasos e arranjos falhos de transporte e hospedagem podem ocorrer. Há chande de esbarrar por acaso com uma pessoa querida. </QUEEN-OF-SWORDS-PRESENT>
<QUEEN-OF-SWORDS-FUTURE>Nada é susceptível de ser pré-planejado e você pode ser enviado a viagens rápidas. Isso pode deixá-lo quase sem tempo para pensar e arranjos indevidos de transporte e hospedagem podem ocorrer. Há chances de um ente querido esbarrar em você. </QUEEN-OF-SWORDS-FUTURE>
<KING-OF-SWORDS-ONE>Este cartão sugere que você vai ter que ser mais cuidadoso como você está propenso a acidentes. Esta viagem não será tão esperada e haverá atrasos no caminho. Sugere-se que você adie a viagem que você planejando, pois não é um bom momento para viajar de acordo com os cartões. </KING-OF-SWORDS-ONE>
<KING-OF-SWORDS-PAST>Você teve cuidado extra como você estava propenso a acidente. Uma viagem pode não ter sido conforme o esperado e pode ter havido vários atrasos no seu caminho. Era sábio ter adiado a viagem que você planejou uma vez que pode não ter sido um bom momento para viajar. </KING-OF-SWORDS-PAST>
<KING-OF-SWORDS-PRESENT>Você tem que ter cuidado extra já que está propenso a acidentes. Uma viagem pode não sair como o esperado e pode haver vários atrasos no seu caminho. É melhor adiar a viagem que você está planejando uma vez que este não é um bom momento para viajar. </KING-OF-SWORDS-PRESENT>
<KING-OF-SWORDS-FUTURE>Você pode ter que ter cuidado extra, pois você pode estar propenso a acidentes. Uma viagem pode não ser como o esperado e pode haver chances de vários atrasos no seu caminho. Pode ser melhor adiar a viagem que pode estar planejando uma vez que não pode ser um bom momento para viajar. </KING-OF-SWORDS-FUTURE>
<ACE-OF-WANDS-ONE>Este cartão indica que haverá boas notícias quando você viajar para algum lugar. Esta viagem vai provar valer a pena e trazer algum tipo de prosperidade financeira. Há também uma possibilidade de poder ter que viajar por causa de seu trabalho e sua empresa será bem sucedida. </ACE-OF-WANDS-ONE>
<ACE-OF-WANDS-PAST>Pode ter havido algumas boas notícias que chegaram a você enquanto estava viajando. Essa viagem pode ter valido a pena, uma vez que trouxe prosperidade financeira. Você pode ter viajado devido ao trabalho e sua empresa pode ter sido bem sucedida. </ACE-OF-WANDS-PAST>
<ACE-OF-WANDS-PRESENT>Pode haver boas notícias que podem chegar até você enquanto você estiver viajando. Esta viagem irá revelar-se útil uma vez que irá trazer prosperidade financeira. Você pode viajar por causa do trabalho e sua empresa pode ser bem sucedida. </ACE-OF-WANDS-PRESENT>
<ACE-OF-WANDS-FUTURE>É provável que haja boa notícia que podem chegar até você enquanto viaja. Essa viagem poderá revelar-se útil uma vez que pode trazer prosperidade financeira. Você estará apto a viajar a trabalho e sua empresa pode ser bem sucedida. </ACE-OF-WANDS-FUTURE>
<TWO-OF-WANDS-ONE>Este cartão mostra que você vai partir em uma viagem em breve, mas vai ser incomum em alguns aspectos. Você vai viajar a um lugar completamente novo e, portanto, sua experiência será muito diferente. Pode haver obstáculos no caminho, mas isso não vai impedi-lo de chegar ao seu destino. </TWO-OF-WANDS-ONE>
<TWO-OF-WANDS-PAST>Você pode ter partido em uma viagem, mas ela pode ter sido incomum em alguns aspectos. Você pode ter viajado a um lugar novo e, portanto, sua experiência de viagem pode ter sido muito diferente. Pode ter havido obstáculos no caminho mas isso nunca o impediu de chegar ao seu destino. </TWO-OF-WANDS-PAST>
<TWO-OF-WANDS-PRESENT> Você pode fazer uma viagem, mas pode ser incomum em alguns aspectos. Você pode viajar a um lugar novo e, portanto, sua experiência de viagem será muito diferente. Pode haver obstáculos no caminho, mas eles não irão impedi-lo de chegar ao seu destino. </TWO-OF-WANDS-PRESENT>
<TWO-OF-WANDS-FUTURE>É provável que você parta em uma viagem, mas pode ser incomum em alguns aspectos. Você pode viajar a um lugar novo e, portanto, as possibilidades de uma experiência de viagem diferente são elevadas. É provável que haja obstáculos no caminho, mas eles não podem impedi-lo de chegar ao seu destino. </TWO-OF-WANDS-FUTURE>
<THREE-OF-WANDS-ONE>Este cartão sugere que há boas perspectivas de viajem agora. Há chances de que você querer visitar a alguém querido que mora muito longe ou vice-versa. Mesmo se você esteja viajando a negócios, há grandes possibilidades de sucesso em seu esforço. Se você estiver longe de casa, pode ser um bom momento de viajar para conhecer sua família. </THREE-OF-WANDS-ONE>
<THREE-OF-WANDS-PAST>Você tinha boas perspectivas para viajar. Você pode ter visitado alguém querido que ficou longe ou vice-versa. Viagens de negócios também podem ter sido bem sucedidas. Se você esteve longe de casa, pode ter tido uma boa viagem para conhecer sua família. </THREE-OF-WANDS-PAST>
<THREE-OF-WANDS-PRESENT>Você tem boas perspectivas para viajar. Você pode visitar alguém querido que mora longe ou vice-versa. Viagens de negócios também podme ser bem sucedidas. Se você estiver longe de casa, pode ser um bom momento para viajar e conhecer a sua família. </THREE-OF-WANDS-PRESENT>
<THREE-OF-WANDS-FUTURE> É provável que você tenha boas perspectivas para viajar. Você pode visitar alguém querido que mora longe ou vice-versa. Viagens de negócios são susceptíveis de sucesso. Se você mora longe de casa, há boas chances de uma viagem para conhecer a sua família. </THREE-OF-WANDS-FUTURE>
<FOUR-OF-WANDS-ONE>Este cartão indica que este será um momento muito importante para você em seu negócio ou vida profissional. Você pode estar chateado com algumas coisas que estão acontecendo ultimamente, mas se houver qualquer chance você irá viajar, e esta viagem irá provar ser muito vantajosa e você ficará feliz com os resultados. </FOUR-OF-WANDS-ONE>
<FOUR-OF-WANDS-PAST>Pode ter sido um momento muito crucial para o seu negócio e vida profissional. Você pode ter se chateado com algumas coisas que aconteceram ultimamente, mas se você tivesse viajando, a viagem teria provaria ser vantajosa e você teria ficado feliz com os resultados. </FOUR-OF-WANDS-PAST>
<FOUR-OF-WANDS-PRESENT>Pode ser um momento muito importante para o seu negócio e vida profissional. Você pode estar chateado com algumas coisas que estão acontecendo ultimamente, mas se você viajr, a viagem pode vir a ser muito vantajosa e você pode ficar feliz com os resultados. </FOUR-OF-WANDS-PRESENT>
<FOUR-OF-WANDS-FUTURE> É provável que seja um momento muito crucial para o seu negócio e vida profissional. Você pode estar chateado com algumas coisas que podem acontecer, mas se pretende viajar, a viagem poderá ser vantajosa e você pode, eventualmente, ficará feliz com os resultados. </FOUR-OF-WANDS-FUTURE>
<FIVE-OF-WANDS-ONE>Este cartão mostra que haverá conveniência onde quer que viaje agora. Você pode ter que se deslocar para um lugar distante por razões de educação ou relacionadas com o trabalho e você vai estar disposto a ir em frente para que as coisas voltem ao normal em breve. Haverá quase nenhum inconveniente em seu caminho e essa viagem não terá problemas. </FIVE-OF-WANDS-ONE>
<FIVE-OF-WANDS-PAST>Houve conveniência onde quer que você viajou. Você pode ter mudado para um lugar longe por causa da educação ou trabalho e pode ter se disposto a proceder esperando que as coisas voltassem ao normal. Não quase nenhuma inconveniência e a viagem foi boa. </FIVE-OF-WANDS-PAST>
<FIVE-OF-WANDS-PRESENT>Haverá conveniência onde quer que viaje. Você pode ir para um lugar longe por causa da educação ou trabalho e você pode estar disposto a avançar para que as coisas voltem ao normal. Não haverá qualquer inconveniência e a viagem pode ocorrer sem problemas. </FIVE-OF-WANDS-PRESENT>
<FIVE-OF-WANDS-FUTURE>É provável que haja conveniência onde quer que viaje. Você poderá mudar para um lugar longe por causa da educação ou trabalho e estará disposto a continuar para que as coisas voltem ao normal. Não haverá quase nenhuma inconveniência e viagem pode ocorrer bem. </FIVE-OF-WANDS-FUTURE>
<SIX-OF-WANDS-ONE>Este cartão indica que você está se sentindo cansado e exausto com o trabalho e anseia relaxamento de uma forma ou outra. Se houver quaisquer compromissos sociais ou de trabalho que podem envolver algum tipo de viaje, você vai tentar adiá-las ou mesmo cancelá-las, se possível. </SIX-OF-WANDS-ONE>
<SIX-OF-WANDS-PAST>Você pode ter se sentido cansado e exausto com o trabalho e pode ter implorado por descanso. Você pode ter tentado adiar ou cancelar compromissos sociais ou no trabalho que envolvia viagens. </SIX-OF-WANDS-PAST>
<SIX-OF-WANDS-PRESENT>Você pode estar se sentindo cansado e exausto com o trabalho e pode almejar descanso. Você pode até tentar adiar ou cancelar compromissos sociais ou de trabalho que envolva algumas viagens. </SIX-OF-WANDS-PRESENT>
<SIX-OF-WANDS-FUTURE>É provável que você se sinta cansado e exausto com o trabalho e pode almejar descanso. Há chances de que você até adie ou cancele compromissos sociais ou de trabalho que podem envolver algumas viagens. </SIX-OF-WANDS-FUTURE>
<SEVEN-OF-WANDS-ONE>Este cartão mostra que você está disposto tirar algum tempo fora do trabalho para relaxar. Há também chances de encerrar outras coisas para sair de férias com sua família ou seu ente querido e esta vai ser uma viagem agradável. </SEVEN-OF-WANDS-ONE>
<SEVEN-OF-WANDS-PAST>Você pode ter se disposto a tirar uma folga para relaxar. Você pode ter tentado finalizar outras coisas para sair de férias com sua família ou ente querido e pode ter sido uma viagem agradável. </SEVEN-OF-WANDS-PAST>
<SEVEN-OF-WANDS-PRESENT>Você pode estar disposto a tirar tempo livre para relaxar. Você pode finalizar outras coisas para sair de férias com sua família ou ente querido e esta pode ser uma viagem agradável. </SEVEN-OF-WANDS-PRESENT>
<SEVEN-OF-WANDS-FUTURE>É provável que você tenha tempo livre para relaxar. Você pode finalizar outras coisas para sair de férias com sua família ou ente querido e é provável que seja uma viagem agradável. </SEVEN-OF-WANDS-FUTURE>
<EIGHT-OF-WANDS-ONE>Uma viagem é indicada para os negócios, período de férias ou se estiver voltando de um empreendimento para sua casa. Se você estava enfrentando problemas reserva ou problemas de transporte, as coisas vão agora melhorar. Esta viagem também poderia ser agitada em muitas formas e pode revelar-se esclarecedora. </EIGHT-OF-WANDS-ONE>
<EIGHT-OF-WANDS-PAST>Você pode ter viajado para negócios ou férias. Os problemas que você enfrentou com a reserva de viagens se aliviaram. Essa viagem pode ter sido agitada em várias maneiras e pode ter provado ser esclarecedora. </EIGHT-OF-WANDS-PAST>
<EIGHT-OF-WANDS-PRESENT>Você pode viajar a negócios ou férias. Problemas que você enfrenta com reserva de viagens vão melhorar. Esta viagem pode ser agitada em muitas formas e pode vir a ser esclarecedora. </EIGHT-OF-WANDS-PRESENT>
<EIGHT-OF-WANDS-FUTURE>É provável que você viaje a negócios ou férias. Problemas que pode enfrentar com de reserva ou trasnportes vão passar. Essa viagem poderá ser agitada em maneiras diferentes e pode vir a ser esclarecedora. </EIGHT-OF-WANDS-FUTURE>
<NINE-OF-WANDS-ONE>Este cartão sugere que você terá que viajar por motivos de trabalho e vai aproveitar cada pedacinho desta viagem. Você terá a confiança necessária e seu dom de comunicação irá ajudá-lo a conhecer pessoas que compartilham entusiasmos comuns. Você também vai fazer novos associados que irão revelar-se uteis para o seu negócio. </NINE-OF-WANDS-ONE>
<NINE-OF-WANDS-PAST>Você teve que viajar por motivos de trabalho e aproveitou muito desta viagem. Você teve confiança e seu dom de comunicação ajudou a conhecer pessoas com entusiasmo comum. Você pode ter feito novos associados que provaram ser uteis para o seu negócio. </NINE-OF-WANDS-PAST>
<NINE-OF-WANDS-PRESENT> Você pode ter que viajar por motivos de trabalho e vai aproveitar cada pedacinho dessa viagem. Você tem a confiança e seu dom de comunicação vai ajudá-lo a conhecer pessoas com entusiasmo comum. Você pode fazer novos associados que se revelem úteis para o seu negócio. </NINE-OF-WANDS-PRESENT>
<NINE-OF-WANDS-FUTURE>É provável que você viaje por motivos de trabalho e pode aproveitar cada pedacinho dessa viagem. Você pode ter a confiança e o dom da comunicação pode ajudá-lo a conhever pessoas com entusiasmo comum. Você tem chances de fazer novos associados que podem revelar-se uteis para o seu negócio. </NINE-OF-WANDS-FUTURE>
<TEN-OF-WANDS-ONE>Este cartão indica que há chances de que você se deslocar para outro lugar por um tempo. Você vai querer começar de novo longe dos problemas e pode procurar por um lugar longe de sua vida normal. Isso vai levar algum tempo, mas você será bem sucedido em fazê-lo. </TEN-OF-WANDS-ONE>
<TEN-OF-WANDS-PAST>Você pode ter se deslocado para algum outro lugar por algum tempo. Você pode ter desejado começar de novo, longe dos problemas e procurado um lugar longe de sua vida normal. Isso pode ter levado algum tempo, mas você foi bem sucedido em ter feito isso. </TEN-OF-WANDS-PAST>
<TEN-OF-WANDS-PRESENT>Você pode mudar para algum outro lugar por algum tempo. Você pode querer começar de novo, longe dos problemas e vai procurar um lugar longe de sua vida normal. Isso pode levar algum tempo, mas você será bem sucedido em fazê-lo. </TEN-OF-WANDS-PRESENT>
<TEN-OF-WANDS-FUTURE>É provável que você mude para algum outro lugar por algum tempo. Você tem chances de começar de novo, longe dos problemas e pode buscar um lugar longe de sua vida normal. Isto pode levar algum tempo, mas você poderá ser bem sucedido em fazê-lo. </TEN-OF-WANDS-FUTURE>
<PAGE-OF-WANDS-ONE>Este cartão mostra que você quer uma mudança em sua vida e está pensando em maneiras de experimentar coisas novas. Nesta procura, você vai visitar um ente querido, um parente ou um amigo e isso vai satisfazê-lo. Você vai pesar as suas opções e irá fazer uma viagem curta para se sentir rejuvenescido. </PAGE-OF-WANDS-ONE>
<PAGE-OF-WANDS-PAST>Você queria uma mudança em sua vida e pensou em maneiras de experimentar coisas novas. Neta busca você pode ter visitado um ente querido, parente ou amigo e que você pode se sentiu gratificado. Você pode ter pesado suas opções e teria tomado uma viagem curta para se sentir rejuvenescido. </PAGE-OF-WANDS-PAST>
<PAGE-OF-WANDS-PRESENT>Você pode querer uma mudança em sua vida e pensar em maneiras de experimentar coisas novas. Nesta busca você pode visitar um ente querido, parente ou amigo e isso pode satisfazer você. Você tem que pesar as suas opções e deve fazer uma viagem curta para rejuvenescer. </PAGE-OF-WANDS-PRESENT>
<PAGE-OF-WANDS-FUTURE>É provável que você procure uma mudança em sua vida e pode pensar em maneiras de experimentar coisas novas. Nesta busca, você pode até mesmo visitar um ente querido, parente ou amigo e que podem satisfazer você. Você pode ter que pesar as suas opções e tomar uma curta viagem para rejuvenescer. </PAGE-OF-WANDS-FUTURE>
<KNIGHT-OF-WANDS-ONE>Este cartão sugere que você está planejando sair de férias com a pessoa amada e busca destinos. Há também chances de você se sentir nostálgico sobre um ente querido que você sente saudade e que você vai entrar em contato com eles. </KNIGHT-OF-WANDS-ONE>
<KNIGHT-OF-WANDS-PAST>Você pode ter planejado sair de férias com a pessoa amada e pode ter buscado destinos. Você pode ter sentido nostálgico sobre um ente querido que sente falta e pode ter entrado em contato com ele. </KNIGHT-OF-WANDS-PAST>
<KNIGHT-OF-WANDS-PRESENT>Você pode estar planejando sairde férias com a pessoa amada e pode buscar destinos. Você pode se sentir nostálgico sobre um ente querido e pode entrar em contato com ele. </KNIGHT-OF-WANDS-PRESENT>
<KNIGHT-OF-WANDS-FUTURE>Você pode programar para sair de férias com a pessoa amada e buscará destinos. É provável que você se sentirá nostálgico sobre um ente querido e pode se reconectar com ele. </KNIGHT-OF-WANDS-FUTURE>
<QUEEN-OF-WANDS-ONE>Esta carta indica que você vai querer passar algum tempo com sua família e isso pode levar a uma viagem ou um lugar um pouco longe de casa. Pode haver alguns planos de tomar uma decisão importante com relação à viagem que será feita no futuro como você já tem as mãos cheias. </QUEEN-OF-WANDS-ONE>
<QUEEN-OF-WANDS-PAST>Você queria passar algum tempo com sua família e que pode ter levado a uma curta viagem para um lugar pouco longe de casa. Pode ter havido alguns planos de fazer uma importante decisão a respeito da viagem que foi considerado para o futuro, já que suas mãos podem ter sido completadas em seguida. </QUEEN-OF-WANDS-PAST>
<QUEEN-OF-WANDS-PRESENT>Você quer passar algum tempo com sua família e isso pode levar a uma curta viagem para um lugar pouco longe de casa. Pode haver alguns planos de tomar uma decisão importante sobre viagens que foi deixada para o futuro, já que suas mãos podem estar cheias agora. </QUEEN-OF-WANDS-PRESENT>
<QUEEN-OF-WANDS-FUTURE>Você pode querer passar algum tempo com sua família e que pode levar a uma curta viagem para um lugar pouco longe de casa. Podem haver planos a respeito do curso da viagem que foram deixados para o futuro, já que suas mãos pode estar cheia. </QUEEN-OF-WANDS-FUTURE>
<KING-OF-WANDS-ONE>Este cartão mostra que você pode ter que viajar por causa do negócio, fazer uma visita a alguém ou simplesmente agir e, nome de um amigo ou um parente. Você vai estar pensando se aceita e ir junto ou não, mas é recomendado que você vá em frente, pois é provável que você consiga algo de bom com isso. </KING-OF-WANDS-ONE>
<KING-OF-WANDS-PAST>Você pode ter sido obrigado a viajar devido a negócios ou visitar um amigo ou parente. Você pode ter pensado se precisava para aceitar ou não, mas era sábio prosseguir desde que você conseguiu alguma coisa disto. </KING-OF-WANDS-PAST>
<KING-OF-WANDS-PRESENT>Você pode ser obrigado a viajar a negócios ou visitar um amigo ou parente. Você pode pensar que precisa aceitá-lo ou não, mas é bom prosseguir, pois você pode obter algo disto. </KING-OF-WANDS-PRESENT>
<KING-OF-WANDS-FUTURE>Você pode ser obrigado a viajar por causa do negócio ou visitar um amigo ou parente. É provável que você pensa sobre aceitá-lo ou não, mas pode ser recomendo prosseguir desde que você pode conseguir alguma coisa com isto. </KING-OF-WANDS-FUTURE>
<THE-MAGICIAN-ONE>Este cartão indica que você está agora se concentrando mais em seu trabalho e tarefas a serem cumpridas. Neste processo é provável que você planeje uma viagem com a sua família ou para fins comerciais, algumas situações vão exigir que a viagem dure um tempo mais curto do que realmente decidido. </THE-MAGICIAN-ONE>
<THE-MAGICIAN-PAST>Você pode ter concentrado mais no seu trabalho e tarefas podem que deveriam ser cumpridas. Algumas situações podem ter exigido uma viagem mais curta, se você planejou uma viagem com a família ou para o negócio. </THE-MAGICIAN-PAST>
<THE-MAGICIAN-PRESENT>Você pode se concentrar mais em seu trabalho e tarefas a serem cumpridas. Algumas situações podem exigir uma viagem mais curta do que o habitual, se você planeja uma com a sua família ou para fins comerciais. </THE-MAGICIAN-PRESENT>
<THE-MAGICIAN-FUTURE>É provável que você se concentre mais em seu trabalho e tarefas que, eventualmente, serão cumpridas. Algumas situações podem exigir uma viagem mais curta do que o habitual, se você pode planeja uma com a sua família ou para fins comerciais. </THE-MAGICIAN-FUTURE>
<THE-HIGH-PRIESTESS-ONE>Este cartão mostra que o curso é indicado. Você pode ter que tomar algumas viagens para algum lugar para fins de trabalho ou para um novo empreendimento. Se você está ansioso para sair de férias com a família, haverá decepção como a viagem, ela pode ser cancelada ou adiada. </THE-HIGH-PRIESTESS-ONE>
<THE-HIGH-PRIESTESS-PAST>Você pode ter tomado algumas viagens para algum lugar para fins de trabalho ou para um novo empreendimento. Se você olhou para sair de férias com a família, pode ter havido alguma decepção como a viagem foi cancelada ou adiada. </THE-HIGH-PRIESTESS-PAST>
<THE-HIGH-PRIESTESS-PRESENT>Você pode fazer algumas viagens para algum lugar para fins de trabalho ou para um novo empreendimento. Se você olhar para frente e sair de férias com a família, pode haver alguma decepção, a viagem pode ser cancelada ou adiada. </THE-HIGH-PRIESTESS-PRESENT>
<THE-HIGH-PRIESTESS-FUTURE>É provável que você faça algumas viagens para algum lugar para fins de trabalho ou um novo empreendimento. Se você olhar para frente para sair de férias com a família, pode haver alguma decepção, a viagem é susceptível de ser cancelada ou adiada. </THE-HIGH-PRIESTESS-FUTURE>
<THE-EMPRESS-ONE>Este cartão indica que você pode ter que viajar, mas por pouco tempo devido ao trabalho ou lazer com a família ou alguém próximo. Você pode também estar sob algumas pressões pelos seus entes queridos e pode decidir ir para outro lugar ou viver com um amigo por um tempo. </THE-EMPRESS-ONE>
<THE-EMPRESS-PAST>Você pode ter viajado por um curto período de tempo devido ao trabalho ou lazer com a família ou alguém. Você pode ter estado sob pressão pelos seus entes queridos e pode ter decidido ir para outro lugar ou viver com um amigo por um tempo. </THE-EMPRESS-PAST>
<THE-EMPRESS-PRESENT>Você pode estar viajando por um tempo curto, devido ao trabalho ou lazer com a família ou alguém. Você pode estar sob pressão pelos seus entes queridos e pode decidir ir para outro lugar ou viver com um amigo por um tempo. </THE-EMPRESS-PRESENT>
<THE-EMPRESS-FUTURE>Você pode ter chances de viajar por um tempo curto, devido ao trabalho ou lazer com a família ou alguém. É provável que você sofra pressão de entes queridos e pode decidir ir para outro lugar ou viver com um amigo, eventualmente. </THE-EMPRESS-FUTURE>
<THE-EMPEROR-ONE>Este cartão mostra que há atrasos indicados no trabalho e agenda de viagens. Pode haver alguns problemas de saúde ou negócios que podem exigir atenção imediata por causa de que algumas reuniões ou programas de viagens que devem ser mantido em espera. </THE-EMPEROR-ONE>
<THE-EMPEROR-PAST>Pode ter havido atrasos no seu trabalho e agenda de viagens. Pode ter havido alguns problemas de saúde ou negócios que exigiram atenção imediata devido a que algumas reuniões ou programas de viagens que haviam sido colocados em espera. </THE-EMPEROR-PAST>
<THE-EMPEROR-PRESENT>Pode haver atrasos no seu trabalho e agenda de viagens. Pode haver alguns problemas de saúde ou alguns negócios que requerem atenção imediata devido a algumas reuniões ou programas de viagens que podem ser mantidas em espera. </THE-EMPEROR-PRESENT>
<THE-EMPEROR-FUTURE>É provável que haja atrasos em seu trabalho e agenda de viagens. Existem possibilidades de problemas de saúde ou negócios que podem exigir atenção imediata devido a algumas reuniões ou programas de viagens que são susceptíveis de serem mantidos em espera. </THE-EMPEROR-FUTURE>
<THE-HIEROPHANT-ONE>Este cartão indica que você pode ter que viajar, mas haverá caos devido a muitas coisas acontecendo ao mesmo tempo. Viajar vai se tornar necessário para executar determinados planos ou apenas diminuir as lacunas entre os entes queridos. Você também terá de reforçar a sua determinação para realizar a tarefa em mãos. </THE-HIEROPHANT-ONE>
<THE-HIEROPHANT-PAST>Você pode ter viajado, mas pode ter havido caos devido a muitas coisas que aconteceram ao mesmo tempo. Viagem pode ter se tornado necessário para executar determinados planos ou diminuir as lacunas entre os entes queridos. Você fortaleceu a sua determinação em executar a tarefa em mãos. </THE-HIEROPHANT-PAST>
<THE-HIEROPHANT-PRESENT>Você pode viajar, mas haverá caos devido a muitas coisas que podem acontecer ao mesmo tempo. A viagem pode ser necessária para executar certos planos ou diminuir as lacunas entre os entes queridos. Você pode fortalecer sua determinação em executar a tarefa em mãos. </THE-HIEROPHANT-PRESENT>
<THE-HIEROPHANT-FUTURE>Você está apto a viajar, mas pode haver caos devido a muitas coisas que podem acontecer ao mesmo tempo. Viajar é uma possibilidade para implementar certos planos ou diminuir as lacunas entre entes queridos eventualmente. Você pode fortalecer sua determinação em executar a tarefa em mãos. </THE-HIEROPHANT-FUTURE>
<THE-LOVERS-ONE>Este cartão mostra que uma viagem é indicada por causa do trabalho ou ganho pessoal, mas caberá a você tomar uma decisão de viajar ou não e sua decisão será influenciada por muitas variáveis, como um conflito entre coração e mente. Esta será uma decisão importante. </THE-LOVERS-ONE>
<THE-LOVERS-PAST>Você pode ter viajado devido ao trabalho ou ganho pessoal, você fez uma decisão de viajar ou não e sua decisão foi influenciada por muitas variáveis, como um conflito entre o coração e mente. Esta pode ter sido uma decisão importante. </THE-LOVERS-PAST>
<THE-LOVERS-PRESENT>Você pode viajar devido ao trabalho ou ganho pessoal, você vai fazer uma decisão de viajar ou não e sua decisão será influenciada por uma série de variáveis como um conflito entre coração e mente. Esta pode ser uma decisão importante. </THE-LOVERS-PRESENT>
<THE-LOVERS-FUTURE>Você poderá viajar devido ao trabalho ou ganho pessoal, poderá fazer uma decisão de viajar ou não e sua decisão poderá ser influenciada por uma série de variáveis como um conflito entre o coração e mente. Isso será uma decisão importante. </THE-LOVERS-FUTURE>
<THE-CHARIOT-ONE>Este cartão indica que o trabalho vai ficar no assento traseiro e pode haver alguns planos de viagem de lazer. Você vai planejar suas férias com sua família ou ente querido. Há chances de você entrar em contato com um velho amigo que pode chegar em sua cidade. </THE-CHARIOT-ONE>
<THE-CHARIOT-PAST>Seu trabalho pode ter tomado o assento traseiro e pode ter havido planos de viagem de lazer. Você pode ter planejado um feriado com sua família ou ente querido e pode ter se conectado com um velho amigo que chegou em sua cidade. </THE-CHARIOT-PAST>
<THE-CHARIOT-PRESENT>Seu trabalho pode ter ficado no assento traseiro e pode haver alguns planos de viagem de lazer. Você pode planejar suas férias com sua família ou ente querido e pode entrar em contato com um velho amigo que chega na sua cidade. </THE-CHARIOT-PRESENT>
<THE-CHARIOT-FUTURE>Seu trabalho é susceptível de ir para o assento traseiro e há uma possibilidade de planos de viagem de lazer. Você pode, muito provavelmente, planejar férias com sua família ou ente querido e pode entrar em contato com um velho amigo que chega na sua cidade. </THE-CHARIOT-FUTURE>
<STRENGTH-ONE>Este cartão mostra que há chances de você poder ter que adiar uma viagem por causa de algumas questões legais. Mas em breve você vai se movimentar neste período e fazer viagens curtas que pode se tornar parte de sua programação para o momento. Um membro da família ou alguém próximo também estará fazendo planos de viagem. </STRENGTH-ONE>
<STRENGTH-PAST>Você pode ter tido uma viagem adiada devido a questões legais. Mas você pode ter, eventualmente, feito viagens curtas e que se tornaram parte da sua programação. Um membro da família ou alguém próximo também pode ter feito planos de viagem. </STRENGTH-PAST>
<STRENGTH-PRESENT>Você pode adiar a viagem devido a questões legais. Mas em breve você vai se mexer e fazer viagens curtas e isso vai tornar parte de sua programação. Um membro da família ou alguém próximo pode também fazer planos de viagem. </STRENGTH-PRESENT>
<STRENGTH-FUTURE>Existem possibilidades de adiar a viagem devido a questões legais. Mas é provável que faça viagens curtas que podem eventualmente tornar-se parte de sua programação. Um membro da família ou outra pessoa também pode fazer planos de viagem. </STRENGTH-FUTURE>
<THE-HERMIT-ONE>Este cartão indica que você terá que planejar algumas viagens por causa do trabalho ou se você é um estudante, então você pode conseguir um convite para estudar em outro lugar longe de sua cidade natal. Um membro da família ou um amigo querido também pode estar planejando uma viagem e é muito provável que um de seus parentes chame-o para uma visita para uma reunião ou um feriado. </THE-HERMIT-ONE>
<THE-HERMIT-PAST> Você pode ter planejado viajar devido ao trabalho ou se você foi um estudante, você conseguiu um convite para estudar em outro lugar longe de sua cidade natal. Um membro da família ou um amigo querido pode ter planejado uma viagem e um de seus parentes pode chamou você para passar um feriado junto. </THE-HERMIT-PAST>
<THE-HERMIT-PRESENT>Você pode ter planejando viajar a trabalho ou se você é um estudante, você pode conseguir um convite para estudar em outro lugar longe de sua cidade natal. Um membro da família ou um amigo querido pode planejar uma viagem e um de seus parentes podem chamá-lo para uma reunião ou um feriado. </THE-HERMIT-PRESENT>
<THE-HERMIT-FUTURE>Você pode planejar a viagem a trabalho ou se você for um estudante, você pode conseguir um convite para estudar em outro lugar longe de sua cidade natal. Um membro da família ou um amigo querido pode planejar uma viagem e um de seus parentes também pode chamá-lo possivelmente para passar um feriado junto. </THE-HERMIT-FUTURE>
<WHEEL-OF-FORTUNE-ONE>Este cartão mostra que você está fazendo agora um plano de viagem de longo prazo. Há também possibilidades de você considerar uma opção de sair de sua casa atual para outro lugar. Isto pode ser devido a uma oferta de emprego lucrativa ou casamento e está vai ser uma decisão crucial. </WHEEL-OF-FORTUNE-ONE>
<WHEEL-OF-FORTUNE-PAST>Você pode ter feito um plano de viagem no longo prazo. Você pode ter considerado uma opção de se mudar de sua casa atual para algum outro lugar. Isso poderia ter sido devido a uma oferta de emprego lucrativa ou casamento e pode ter sido crucial. </WHEEL-OF-FORTUNE-PAST>
<WHEEL-OF-FORTUNE-PRESENT>Você pode fazer um plano de viagem no longo prazo. Você pode considerar uma opção de se mover de sua casa atual para outro lugar. Isto pode ser devido a uma oferta de emprego lucrativa ou casamento e pode ser crucial. </WHEEL-OF-FORTUNE-PRESENT>
<WHEEL-OF-FORTUNE-FUTURE>Pode haver chances de você fazer um plano de viagem no longo prazo. Você pode considerar uma opção de se mudar de sua casa atual para outro lugar. Isso pode ser devido a uma oferta de emprego lucrativa ou casamento e é provável que seja crucial. </WHEEL-OF-FORTUNE-FUTURE>
<JUSTICE-ONE>Você terá que viajar a trabalho ou a estudo e isso vai soar muito emocionante. Alguns ajustes podem levar tempo, e você vai desfrutar da experiência. Você também vai experimentar algum isolamento, mas isso vai ser apenas uma fase e você também pode ter uma surpresa com alguém muito querido vai visita-lo. </JUSTICE-ONE>
<JUSTICE-PAST>Você pode ter viajado para a trabalho ou estudo e foi emocionante. Alguns ajustes podem ter tomado tempo, mas você gostou da experiência. Você pode ter sido submetido a isolamento, mas foi temporário e você pode ter sido surpreendido desde por alguém muito querido que foi visita-lo. </JUSTICE-PAST>
<JUSTICE-PRESENT>Você pode viajar a trabalho ou estudo e isso soa emocionante. Alguns ajustes podem levar tempo, mas você vai desfrutar da experiência. Você pode ser submetido ao isolamento, mas isso será temporário e você pode ser surpreendido quando alguém muito querido for visita-lo. </JUSTICE-PRESENT>
<JUSTICE-FUTURE>É provável que você viaje a trabalho ou estudo e pode ser emocionante. Pode ser possível que certos ajustes levem tempo, mas você pode desfrutar da experiência. Você pode ser submetido ao isolamento, mas pode ser temporário e você pode ser surpreendido quando alguém muito querido for visita-lo. </JUSTICE-FUTURE>
<THE-HANGED-MAN-ONE>Este cartão sugere que você está procurando algo novo ou algum tipo de mudança em sua vida. Por causa do trabalho ou apenas uma busca de si mesmo, você vai fazer algumas viagens curtas a lugares bastante diferentes a partir de agora. Também pode haver alguns atrasos inesperados, mas não vai incomodá-lo muito. </THE-HANGED-MAN-ONE>
<THE-HANGED-MAN-PAST>Você olhou para algo novo ou algum tipo de mudança em sua vida. Você pode ter feito viagens curtas a lugares que lhe submeteram a mudanças por causa do trabalho ou razões pessoais. Pode ter havido atrasos inesperados, mas que não lhe incomodaram muito. </THE-HANGED-MAN-PAST>
<THE-HANGED-MAN-PRESENT>Você está procurando por algo novo ou algum tipo de mudança em sua vida. Você pode fazer viagens curtas a lugares que tenham lhe submetido a mudanças e isto pode ser devido ao trabalho ou razões pessoais. Pode haver atrasos inesperados, mas isso pode não incomodá-lo muito. </THE-HANGED-MAN-PRESENT>
<THE-HANGED-MAN-FUTURE>Você pode estar à procura de algo novo ou algum tipo de mudança em sua vida. Você estará apto a fazer viagens curtas a lugares que podem submeter-lhes a mudanças e que podem ser devido ao trabalho ou razões pessoais. Existirão possibilidades de atrasos inesperados, mas que podem não incomodá-lo muito. </THE-HANGED-MAN-FUTURE>
<DEATH-ONE>Este cartão indica que seus planos de viagem não se realizarão completamente a maneira que você esperava. Você terá que fazer alterações em seus planos de viagem e isso pode ficar muito caótico. Você vai viajar com a pessoa amada e isso vai dar bastante alívio. Os atrasos podem ser caóticos, mas você acabará por se contentar com o que você recebe. </DEATH-ONE>
<DEATH-PAST>Seus planos de viagem podem não ter saido do jeito que você esperava. Você teve que fazer várias alterações em seus planos que poderiam ter tornado caóticos. Você viajou com um ente querido e lhe deixou aliviando. Atrasos podem ter sido caóticos, mas você acabou por se contentar com o que tem. </DEATH-PAST>
<DEATH-PRESENT>Seus planos de viagem podem não sairem da maneira que você espera. Você tem que fazer várias alterações em seus planos de viagem e eles podem tornar-se caóticos. Você pode viajar com a pessoa amada e se sentir aliviado. Os atrasos podem ser caóticos, mas você vai se contentar com o que você tem. </DEATH-PRESENT>
<DEATH-FUTURE>Seus planos de viagem provavelmente não serão como você espera. Haverá possibilidades para fazer alterações em seus planos de viagem e eles podem se tornar caóticos. Você pode viajar com a pessoa amada e pode se sentir aliviado. Atrasos podem obter caótico, mas você pode eventualmente se contentar com o que poderá obter. </DEATH-FUTURE>
<TEMPERANCE-ONE>Este cartão mostra que você vai se sentir mais cansado e exausto agora por causa do excesso de trabalho e horários enlouquecedores. Você vai ter que fazer uma viagem curta a trabalho, mas você vai dar mais prioridade à saúde e vai fazer uma pausa breve. </TEMPERANCE-ONE>
<TEMPERANCE-PAST>Você pode ter ficado cansado e exausto devido ao excesso de trabalho e horários enlouquecedores. Você teve que fazer uma viagem curta a trabalho, mas você pode ter dado mais prioridade à saúde e tomado uma pausa. </TEMPERANCE-PAST>
<TEMPERANCE-PRESENT>Você pode estar muito cansado e esgotado por causa do excesso de trabalho e horários enlouquecedores. Você pode fazer uma viagem curta a trabalho, mas você pode dar mais prioridade à saúde e fazer uma pausa breve. </TEMPERANCE-PRESENT>
<TEMPERANCE-FUTURE>Você provavelmente ficará muito cansado e esgotado por causa do excesso de trabalho e horários enlouquecedores. Você poderá fazer uma viagem curta a trabalho, mas haverá possibilidades para você poder priorizar sua saúde e, eventualmente, fazer uma pausa. </TEMPERANCE-FUTURE>
<THE-DEVIL-ONE>Este cartão indica que você, juntamente com a sua família ou colegas vão fazer um plano para visitar algum lugar fora da cidade. Mas haverá alguns problemas de saúde que podem impedi-lo de sair da cidade e essas condições podem também se tornar séria se você optar por ignorá-los agora. </THE-DEVIL-ONE>
<THE-DEVIL-PAST>Você e sua família ou colegas podem ter planejado para visitar em algum lugar fora da cidade. Mas pode ter havido alguns problemas de saúde que lhe impediu de sair da cidade e essas condições podem ter tornado-se grave se decidiu ignorou-las. </THE-DEVIL-PAST>
<THE-DEVIL-PRESENT>Você e sua família ou colegas podem planejar visitar algum lugar fora da cidade. Mas pode haver alguns problemas de saúde que o impeçam de sair da cidade e estes podem tornar-se graves se você optar por ignorá-los agora. </THE-DEVIL-PRESENT>
<THE-DEVIL-FUTURE>Você e sua família ou colegas estarão propensos a visitar algum lugar fora da cidade. Mas poderá haver problemas de saúde que podem impedi-lo de sair da cidade e podem ser graves, se você optar por ignora-los. </THE-DEVIL-FUTURE>
<THE-TOWER-ONE>Este cartão mostra que você vai ter que ser mais cuidadosos agora por um tempo, pelo menos, pois pode haver alguns problemas de saúde durante a viagem. Você vai fazer planos de viagem a lazer ou de negócios, mas ele vai ter que ser cancelado ou adiado inesperadamente. </THE-TOWER-ONE>
<THE-TOWER-PAST>Você tinha que ter cuidado extra durante algum tempo uma vez que havia alguns problemas de saúde, enquanto você viajou. Você fez planos para sair da cidade a lazer ou negócios, mas ele pode ter sido cancelado ou adiado inesperadamente. </THE-TOWER-PAST>
<THE-TOWER-PRESENT>Você tem que ter cuidado extra durante algum tempo, pois pode haver alguns problemas de saúde enquanto você viaja. Você pode fazer planos para ir viajar a lazer ou negócios, mas pode ser cancelado ou adiado inesperadamente. </THE-TOWER-PRESENT>
<THE-TOWER-FUTURE>Você poderá ter que ter cuidado extra durante algum tempo uma vez que os problemas de saúde são susceptíveis a surgir durante a viagem. Você pode fazer planos para viajar a lazer ou negócios, mas há possibilidades de que eles possam ser cancelados ou adiados inesperadamente. </THE-TOWER-FUTURE>
<THE-STAR-ONE>Este cartão indica que um ente querido ou alguém muito querido de sua família ou amigos pode querer vê-lo. Você vai conhecer os seus entes queridos que irão viajar uma longa distância para vê-lo, ou pode ser que retornem para casa a trabalho, estudos ou apenas uma viagem de férias. Isso vai trazer muita alegria para você e sua família. </THE-STAR-ONE>
<THE-STAR-PAST>Um ente querido ou alguém muito querido de sua família ou amigos pode ter desejado vê-lo. Você pode ter encontrado seus entes queridos que viajaram longas distâncias para vir vê-lo ou pode ter retornando para casa a trabalho, estudos ou uma viagem de férias. Isso pode ter trazido alegria para você e sua família. </THE-STAR-PAST>
<THE-STAR-PRESENT>Um ente querido ou alguém muito querido de sua família ou amigos pode desejar vê-lo. Você pode encontrar seus entes queridos que podem viajar uma longa distância para vê-lo, ou pode ser que retornem para casa a trabalho, estudos ou viagem de férias. Isso pode trazer alegria para você e sua família. </THE-STAR-PRESENT>
<THE-STAR-FUTURE>Um ente querido ou alguém muito querido de sua família ou amigos pode desejar vê-lo. É provável que você encontre seus entes queridos que podem viajar uma longa distância para vê-lo, ou pode ser que retornem para casa a trabalho, estudos ou viagem de férias. Que pode, eventualmente, trazer alegria para você e sua família. </THE-STAR-FUTURE>
<THE-MOON-ONE>Este cartão mostra que você vai se decepcionar sobre uma viagem. Pode haver atrasos inesperados ou cancelamentos durante a viagem e isso pode ser extremamente frustrante. Seus amigos vão tentar ajudá-lo, mas a situação não vai melhorar muito. Você vai se sentir que mais organização teria ajudado a tornar o plano bem-sucedido. </THE-MOON-ONE>
<THE-MOON-PAST>Você pode ter se desapontado com uma viagem pois houveram atrasos inesperados ou cancelamentos na mesma. Isso pode ter sido frustrante. Seus amigos podem ter tentado ajudá-lo, mas a situação pode não ter melhorado muito. Você pode ter sentido que um pouco mais de organização poderia ter ajudado a tornar o plano bem-sucedido. </THE-MOON-PAST>
<THE-MOON-PRESENT>Você pode se decepcionar com uma viagem, pois pode haver atrasos inesperados ou cancelamentos na mesma. Isto pode parecer frustrante. Seus amigos podem tentar ajudá-lo, mas a situação pode não melhorar muito. Você pode sentir que um pouco mais de organização poderia ajudar a tornar o plano bem-sucedido. </THE-MOON-PRESENT>
<THE-MOON-FUTURE>É provável que você vá se decepcionar sobre uma viagem pois há chances de atrasos inesperados ou cancelamentos na mesma. Isso poderá parecer frustrante. Seus amigos podem tentar ajudá-lo, mas a situação pode não melhorar muito. Você pode sentir que um pouco mais de organização poderá ajudar a tornar o plano bem-sucedido. </THE-MOON-FUTURE>
<THE-SUN-ONE>Este cartão indica que seus planos de viagem não vai exatamente ser bem sucedidos. Você será perturbado como as coisas não vão passar a ser do jeito que você queria. Você vai tentar mergulhar em seu trabalho, a fim de livrar-se da decepção e isso vai funcionar para você no momento. </THE-SUN-ONE>
<THE-SUN-PAST>Seus planos de viagem pode não ter sido muito bem sucedidos. Você pode ter sido perturbado e as coisas não tenham saido do jeito que você queria. Você pode ter tentado mergulhar em seu trabalho para se livrar de decepção e funcionou para você em seguida. </THE-SUN-PAST>
<THE-SUN-PRESENT>Seus planos de viagem podem não ser muito bem sucedidos. Você pode ser perturbado e as coisas podem não sair da maneira você quer. Você pode tentar mergulhar em seu trabalho para se livrar de decepção e isso vai funcionar para você. </THE-SUN-PRESENT>
<THE-SUN-FUTURE>Seus planos de viagem não serão susceptíveis de serem bem sucedidos. Você poderá ser perturbado e as coisas podem não sair do jeito que você queria. Há possibilidades de você mergulhar em seu trabalho para se livrar de decepção o que pode, eventualmente, dar certo. </THE-SUN-FUTURE>
<JUDGEMENT-ONE>Este cartão sugere que você vai sair para uma reunião social ou uma pequena viagem e será uma experiência muito boa. Você vai se deparar com pessoas que parecem intimidantes no início, mas irão provar serem de grande ajuda no futuro. Você também vai tomar algumas viagens curtas em nome de outra pessoa, por várias razões. </JUDGEMENT-ONE>
<JUDGEMENT-PAST>Você pode ter passado por uma grande experiência quando saiu para reuniões sociais ou uma pequena viagem. Você pode conhecido pessoas que pareciam intimidantes no começo mas provaram ser de grande ajuda, eventualmente. Você pode ter tomado algumas viagens curtas em nome de outra pessoa, por diferentes razões. </JUDGEMENT-PAST>
<JUDGEMENT-PRESENT>Você pode obter grande experiência ao sair para encontros sociais ou uma pequena viagem. Você pode se deparar com pessoas que pareçam intimidantes no início, mas irão provar ser de grande ajuda em breve. Você pode fazer algumas viagens curtas em nome de outra pessoa, por muitas razões. </JUDGEMENT-PRESENT>
<JUDGEMENT-FUTURE>Você provavelmente ser experimentará sair para encontros sociais ou uma pequena viagem. Você pode eventualmente se deparar com pessoas que possam parecer intimidantes no início, mas podem revelar-se de grande ajuda mais tarde. Você pode fazer algumas viagens curtas em nome de outra pessoa, por diversas razões. </JUDGEMENT-FUTURE>
<THE-WORLD-ONE>Este cartão sugere que algo interessante e inesperado está vindo em sua direção. Você pode receber uma oferta por meio de uma chamada ou pessoalmente que você terá que aceitar uma viagem ou um passeio que será uma decisão impulsiva. Isso pode acontecer por um emprego ou nova oportunidade de negócio e você vai ter a chance. </THE-WORLD-ONE>
<THE-WORLD-PAST>Algo interessante e inesperado pode ter vindo em sua direção. Você pode ter conseguido uma oferta através de uma chamada ou pessoalmente que você não pode recusar uma viagem ou um passeio e pode ter feito uma decisão impulsiva. Teria sido por um emprego ou uma nova oportunidade de negócio e você pode ter tido uma chance. </THE-WORLD-PAST>
<THE-WORLD-PRESENT>Algo interessante e inesperado pode aparecer no seu caminho. Você pode receber uma oferta por meio de uma chamada ou pessoalmente que você pode ter que ir a uma viagem ou um passeio e esta será uma decisão impulsiva. Isto pode ser para um emprego ou nova oportunidade de negócio e você vai ter a chance. </THE-WORLD-PRESENT>
<THE-WORLD-FUTURE>Algo interessante e inesperado é provável que surja em seu caminho. Você tem chances de conseguir uma oferta através de uma chamada ou pessoalmente que você pode ter que ir em uma viagem ou um passeio e que pode ser uma decisão impulsiva. Pode ser para um emprego ou nova oportunidade de negócio e você pode ter a chance eventualmente. </THE-WORLD-FUTURE>
<THE-FOOL-ONE>Este cartão indica que você está cansado e não quer ir a uma reunião de negócios ou um plano de viagem relacionado com o trabalho. Você também vai considerar tomar algum tempo fora do trabalho e ir para umas férias com seus entes queridos. Seu ente querido ficará muito entusiasmado e tomará todas as providências de viagem. </THE-FOOL-ONE>
<THE-FOOL-PAST>Você estava cansado e não queria participar de uma reunião de negócios ou um plano de viagem relacionado com o trabalho. Você pode ter considerado a tomada de tempo fora do trabalho e pode ter ido para umas férias com seus entes queridos. Seu ente querido pode ter ficado muito entusiasmado e fez todos os arranjos para a viagem. </THE-FOOL-PAST>
<THE-FOOL-PRESENT>Você está cansado e não quer participar de uma reunião de negócios ou um plano de viagem relacionado com o trabalho. Você pode considerar tomar tempo fora do trabalho e pode ir para umas férias com seus entes queridos. Seu ente querido pode ficar muito entusiasmado e tomará todas as providências para a viagem. </THE-FOOL-PRESENT>
<THE-FOOL-FUTURE>É provável que você esteja cansado e não irá querer assistir a uma reunião de negócios ou fazer uma viagem relacionada com o trabalho. Você pode pensar em tomar o tempo fora do trabalho e, eventualmente, tirar umas férias com seus entes queridos. Seu parceiro pode ficar entusiasmado e pode tomar todas as providências para a viagem.</THE-FOOL-FUTURE>
</ROOT>
