﻿<?xml version="1.0" encoding="utf-8" ?>
<ROOT>
<THE-FOOL-ONE>Você tem medo do que você deve fazer, mas você não deveria ter. Você quer tentar algo novo, e agora é a hora de fazê-lo! Dê o salto, aceite a alegria em tentar algo novo, e então faça. Você nunca sabe se será bem sucedido, mas com certeza não será se não tentar. </THE-FOOL-ONE>
<THE-MAGICIAN-ONE->Você está em posse de tudo o que precisa. É hora de fazer uso de todos os seus recursos. Portanto, a resposta é sim. Vá em frente, tente algo novo e dê tudo de si. Melhorias em sua vida estão em seu caminho, e agora é o melhor momento para dizer sim para o que tem estado em sua mente. </THE-MAGICIAN-ONE->
<THE-HIGH-PRIESTESS-ONE>Você já sabe a resposta à sua pergunta. A chave é ouvir o que está dentro do seu coração e segui-lo. Às vezes, é melhor levar algum tempo para ouvir aquela voz dentro de você; que geralmente tem as respostas que procura. Tire tempo e ouça, e você vai saber a sua resposta. </THE-HIGH-PRIESTESS-ONE>
<THE-EMPRESS-ONE>Siga sua alegria. Faça o que você quer, e vai ganhar o sucesso que está procurando. A chave para a vida é ouvir o que está em seu coração. Se você fizer isso, tudo o resto vai seguir o exemplo. E quando você tomar sua decisão, as pessoas ao seu redor estarão lá para ajudá-la. </THE-EMPRESS-ONE>
<THE-EMPEROR-ONE>Ouça o seu lado lógico para encontrar a resposta à pergunta que está a fazer. Às vezes é melhor ouvir o que faz mais sentido em vez de listar os desejos do seu coração. Com a lógica dominante, você terá a melhor chance de sucesso. Embora seja frustrante às vezes, é para seu melhor interesse. </THE-EMPEROR-ONE>
<THE-HIEROPHANT-ONE>Você sabe qual a coisa certa e precisa que escutar a parte de si mesma que realmente lhe diz o que fazer. Lembre-se que a coisa certa é também o que é certo para você, não apenas para os outros. Se você ainda está confusa, procure o seu mentor para orientação. </THE-HIEROPHANT-ONE>
<THE-LOVERS-ONE>Seu coração está lhe dizendo uma coisa, mas sua cabeça está dizendo outra. Quando isso acontece, o melhor é ouvir o seu coração. É nele que está a orientação espiritual de sua vida. Sempre escolha o amor. Esta é a sua melhor aposta para tomar a decisão certa sobre o que está a perguntar. </THE-LOVERS-ONE>
<THE-CHARIOT-ONE>Você está pronto para agir. A energia é ideal para que você finalmente faça o que tem estado em sua mente. Você tem a determinação e ambição de tirar proveito de seus desejos, e agora é a hora de ir. Seu coração e sua cabeça estão no mesmo lugar, o que lhe dá grande energia. </THE-CHARIOT-ONE>
<STRENGTH-ONE>Concentre seus pensamentos em fazer o que você quer fazer. Use seus pensamentos e sua força para fazer o que é bom para você. Acontece que este é também o melhor interesse para as pessoas em torno de você. Quando os outros estão do seu lado é muito mais fácil avançar. Você sabe que é hora. </STRENGTH-ONE>
<THE-HERMIT-ONE>Você está tentando fazer a coisa certa, mas é difícil saber qual é a coisa certa. Se você tem alguma dúvida sobre a forma de avançar neste problema, tire um tempo para si mesmo a fim de descobrir como agir. Solidão pode dar-lhe o espaço para descobrir o que é que está em sua mente. </THE-HERMIT-ONE>
<WHEEL-OF-FORTUNE-ONE>As coisas estão mudando agora. Pode não ser o momento de agir sobre o que está em sua mente, como suas fortunas estão mudando. Você precisa viver no agora e não ir para qualquer coisa nova. Quando for momento certo para avançar, você vai saber. Continue a pensar positivamente e sua hora vai chegar. </WHEEL-OF-FORTUNE-ONE>
<JUSTICE-ONE>Ao pensar sobre o tema do dia, pense sobre o seu efeito em si mesmo e nos outros. Isto lhe dará as respostas que precisa. Você está mais preocupada em como manter o equilíbrio e a harmonia em sua vida, o que pode significar que você tem que abrir mão de seus próprios desejos para ficar em harmonia com os outros. </JUSTICE-ONE>
<THE-HANGED-MAN-ONE>Você está em uma encruzilhada e é hora de tomar uma decisão. Tire um tempo para realmente considerar sua decisão, e lembrar que, se você estiver disposta a fazer alterações, você pode afetar a vida da melhor maneira. Deixe de lado as coisas que não lhe servem mais, e você vá em busca do que deseja. </THE-HANGED-MAN-ONE>
<DEATH-ONE>É hora de desapegar das coisas que estão fora de seu controle. Você pode não ser capaz de tomar as decisões para o que você quer; elas podem estar em mãos de outra pessoa. Às vezes nós não podemos ter controle quando queremos, e em vez de bater-se sobre ele, entenda que nem sempre podemos ter o que queremos. </DEATH-ONE>
<TEMPERANCE-ONE>As coisas estão indo bem para você, mas você pode achar que precisa para tentar várias coisas diferentes para realmente encontrar o que quer. Tente não ter expectativas em si mesma que são demasiadamente elevadas para se atender. Esta será a morte de você, se você fizer isso. Andar devagar ajudará você irá obter o que deseja. </TEMPERANCE-ONE>
<THE-DEVIL-ONE>Olhe para o significado mais profundo do que você está contemplando. Há algo prendendo você e você precisa descobrir o que é. Lembre-se que está no controle, mesmo se você não sentir como isto. Faça uma escolha e dê pequenos passos e você vai fazer progressos. </THE-DEVIL-ONE>
<THE-TOWER-ONE>Se você está segurando o status quo agora é a hora de abandona-lo. As coisas estão mudando em sua vida, e você precisa entender que a mudança é inevitável. Tente ficar no controle. Emoções podem estar elevadas agora e a única maneira de fazer as coisas melhor é manter o controle de si mesmo. Aceite a mudança. </THE-TOWER-ONE>
<THE-STAR-ONE>Você está inspirada e esperançosa sobre o futuro. Se você tem sentido medo de dar o próximo passo, agora é a hora de fazê-lo. O mundo está brilhando sobre você, e você sabe que pode realizar qualquer coisa que você desejar. É hora de dar esses passos para uma vida melhor. </THE-STAR-ONE>
<THE-MOON-ONE>Você tem estado confusa sobre o seu assunto e pode continuar assim por algum tempo. Você precisa confiar em seus instintos agora, eles vão guiar a um caminho muito melhor do que sua cabeça está mandando. Se você acha que existem pessoas que não se pode confiar, ouça esse instinto. Ele irá guiá-la bem. </THE-MOON-ONE>
<THE-SUN-ONE>Tudo está indo bem para você, e o que estava a lhe preocupar foi resolvido. Concentre-se no que é realmente importante em sua vida agora. O sol está brilhando sobre você e enquanto você tem o seu e melhores interesses para outras pessoas no coração, você vai continuar a receber as bênçãos. </THE-SUN-ONE>
<JUDGEMENT-ONE>Não tome decisões muito rapidamente. É hora de estar atento e pensar o que é realmente melhor para você. Se você levar algum tempo para pensar sobre as coisas, você vai se beneficiar do momento de contemplação. Às vezes as coisas não podem acontecer muito rapidamente e você precisa ser paciente. </JUDGEMENT-ONE>
<THE-WORLD-ONE>Você se sente como o peso do mundo está em seus ombros, mas em breve você terá algum alívio. As coisas estão chegando a uma conclusão e o peso vai ser retirado. No entanto, você pode não obter o reconhecimento que merece pelo seu trabalho. Lembre-se que você está fazendo a coisa certa e está na estrada correta para você. </THE-WORLD-ONE>
<ACE-OF-WANDS-ONE>Você deve estar se sentindo otimista sobre seu futuro. O que quer que tenha estado em sua mente, confie que as coisas boas estão por vir. Você tem o desejo e a energia para conseguir o que quer, portanto, fique positivo. Esta carta significa novos começos e você está animado para eles virem. </ACE-OF-WANDS-ONE>
<TWO-OF-WANDS-ONE>Permaneça positivo e lembre-se que a vida é dar e receber. Você não pode ter tudo o que deseja o tempo todo. Às vezes você precisa se comprometer o que você acha certo para manter a paz e para fazer com que os outros ao seu redor sejam felizes. No entanto, você precisa manter-se positivo para encontrar uma resolução bem sucedida. </TWO-OF-WANDS-ONE>
<THREE-OF-WANDS-ONE>As coisas estão indo muito bem para você, e você está recebendo tudo o que você está querendo, em referência à sua pergunta. As pessoas veem seu esforço e apreciam o que você tem feito para lidar com o que vem acontecendo. Certifique-se de tratar as pessoas à sua volta como iguais e as coisas vão continuar a correr bem. </THREE-OF-WANDS-ONE>
<FOUR-OF-WANDS-ONE>Não perca o equilíbrio mental em referência à sua pergunta. Se você ficar fora de si as coisas vão sair mal. No entanto, se você mantiver seu juízo sobre você, as coisas vão funcionar para o melhor. Tenha orgulho do que você tem sido capaz de realizar e contemple a si mesmo por seu trabalho duro. </FOUR-OF-WANDS-ONE>
<FIVE-OF-WANDS-ONE>Há pessoas competem com você na área de sua dúvida. Não tenha medo de um pouco de competição. Permaneça positivo e acredite em si mesmo e saiba que a fé em si mesmo irá ajudá-lo a chegar ao lugar que você precisa estar. Se você está pensando em fazer uma mudança de vida, mantenha o foco em coisas boas vão acontecer. </FIVE-OF-WANDS-ONE>
<SIX-OF-WANDS-ONE>Você tem enfrentado alguns obstáculos, mas mantém-se positiva e trabalhando duro, você vai conseguir o que têm vindo a trabalhar para. As coisas vão sair melhor do que você tinha sequer esperado. Continue fazendo o que está fazendo e as coisas vão sair para o melhor. Felicidade e comemoração estão à mão. </SIX-OF-WANDS-ONE>
<SEVEN-OF-WANDS-ONE>Deixe claro para si mesmo e outros em torno de você onde você está no seu tema em questão. As pessoas tendem a desafiá-lo, mas é importante é que você possa defender seu território. Pensamento independente irá colocá-lo no caminho certo. Indo com o corvo não vai conseguir o que você quer. </SEVEN-OF-WANDS-ONE>
<EIGHT-OF-WANDS-ONE>Você está frustrado em torno de seu tema em questão, mas você deve ser paciente. Se você levar as coisas para frente, seus esforços vão se voltar contra você. Os resultados serão positivos para você, se você manter a calma e não forçar muito antes da hora certa. Paciência é uma virtude. </EIGHT-OF-WANDS-ONE>
<NINE-OF-WANDS-ONE>As coisas são difíceis e complexas e você pode tender a ansiedade e preocupação em torno de seu tema em questão. Não deixe que a preocupação lhe oprima. Certifique-se de examinar seus medos para ver o que está incomodando você e assim poder decidir melhor se vale a pena gastar sua energia. Permaneça positivo e as coisas vão funcionar. </NINE-OF-WANDS-ONE>
<TEN-OF-WANDS-ONE>As coisas estão ficando muito pesadas para você carregar sozinho, e você precisa decidir se sua carga vale a pena ser mantida. Tente dar um passo atrás, delegue algumas de suas tarefas, e fique positivo. Tendo muita coisa acontecendo em sua vida é frustrante para você e você precisa simplificar para conseguir o que você realmente quer. </TEN-OF-WANDS-ONE>
<PAGE-OF-WANDS-ONE>Você tem trabalhado duro por muito tempo para conseguir o que quer, e agora você está começando a ver seu trabalho duro compensar. Você precisa continuar a permanecer positivo e fornecer a energia para ver seus planos fluirem. Grandes coisas estão vindo em sua direção quando você trabalhar duro. </PAGE-OF-WANDS-ONE>
<KNIGHT-OF-WANDS-ONE>Você vai achar que está mais bem sucedido do que você jamais esperava. A vida está indo bem para você e não há necessidade de se preocupar com o seu tema em questão, como as coisas vão funcionar bem para você no final. Você tem a autoconfiança e energia para conseguir o que quer. </KNIGHT-OF-WANDS-ONE>
<QUEEN-OF-WANDS-ONE>Você está focado e tem a energia para terminar o que você tem de completar. Com este tipo de energia, não há necessidade de se preocupar com o que está em sua mente. Você só precisa ficar positivo e trabalhar duro e as coisas vão seguir o seu caminho. A vida está a trabalhar bem para você. </QUEEN-OF-WANDS-ONE>
<KING-OF-WANDS-ONE>Você é ambiciosa e orientada para seu objetivo, para que você não precisa se preocupar com outras coisas agora. O que tem estado em sua mente não é um problema. Outros em sua vida foram atraídos para você, e você tem a energia para fazer o que você precisa. As coisas vão sair ótimas para você. </KING-OF-WANDS-ONE>
<ACE-OF-SWORDS-ONE>Tome risco! Você sabe o que precisa fazer, então enfrente seus medos e vá em frente. Às vezes você precisa dar um salto de fé para obter o que deseja e fazer o que você quer. Você tem algumas ideias inovadoras, e precisa para seguir com elas. Risco trará a sua própria recompensa. </ACE-OF-SWORDS-ONE>
<TWO-OF-SWORDS-ONE>Você precisa prestar atenção às pessoas em sua vida que são afetados por suas decisões. Você não é a única pessoa com quem precisa para se preocupar, e se você tem algo em sua mente, você não pode deixar seus desejos pessoais serem sua única consideração. Dê igual pensamento para aqueles que são afetados por suas decisões. </TWO-OF-SWORDS-ONE>
<THREE-OF-SWORDS-ONE>Às vezes você tem que experimentar tristeza antes que você possa experimentar a alegria. Você não pode ter sucesso em tudo em sua vida, e você precisa reconhecer a dor em sua vida antes que possa se mover-se para frente. Você pode ter que abandonar algumas coisas que você sonha a fim de abrir espaço para melhor. </THREE-OF-SWORDS-ONE>
<FOUR-OF-SWORDS-ONE>Você tem vindo a concentrar a sua energia muito sobre o seu problema em questão, e agora é hora de fazer uma pausa. Às vezes, afastar-se é o melhor para você. Forçar desperdiça energia e não serve o seu propósito. É hora de aprender a dizer não e dar-se algum tempo. Você vai voltar muito mais forte quando for a hora. </FOUR-OF-SWORDS-ONE>
<FIVE-OF-SWORDS-ONE>Você está se sentindo confuso agora, mas mantém seus pensamentos para si mesmo. Às vezes, falar com os outros pode arruinar o que você tem trabalhado para conseguir. De um passo para trás e escolha suas batalhas. Pode ser melhor abandonar o que você pensou que queria. Se for para acontecer, acontecerá mais tarde. </FIVE-OF-SWORDS-ONE>
<SIX-OF-SWORDS-ONE>É hora de seguir em frente. Seus pensamentos em torno de você sobre o tema em questão estão ficando menos estressante e mais positivo. Confie nestes pensamentos e siga sua intuição. O universo sabe o que é melhor para você, e se você ouvir a voz mansa e delicada que há em si mesmo, você vai aprender o que é melhor para você. </SIX-OF-SWORDS-ONE>
<SEVEN-OF-SWORDS-ONE>Há pessoas que estão em concorrência e podem não ser necessariamente estarem a jogar de forma justa. Se você está preocupado com outros ao seu redor envolvido com o tema em questão, você é justificando seus medos. Proteja-se e não confie naquelas pessoas que você duvida. Sua intuição está correta. Ande de forma correta e faça a coisa certa. </SEVEN-OF-SWORDS-ONE>
<EIGHT-OF-SWORDS-ONE>Você está sofrendo de medo, e este medo é o que está prendendo você. Aproveite o tempo para examinar seus medos e decidir se eles são realmente garantidos. Você pode achar que o que você teme é tudo da sua cabeça. Às vezes o desconhecido pode ser assustador e enfrenta-lo é a única maneira de acabar com ele. </EIGHT-OF-SWORDS-ONE>
<NINE-OF-SWORDS-ONE>Você está sofrendo de ansiedade em torno de seu tema em questão. Examine o que lhe deixa ansioso e decida se é algo que você tem controle sobre. Se for, faça o que precisa fazer para cuidar do que está causando ansiedade. Se você não tem nenhum controle, você deve abandonar seus medos. </NINE-OF-SWORDS-ONE>
<TEN-OF-SWORDS-ONE>Sua situação agora não é estável. Tenha cuidado com em quem você confiança. Você pode ver que a resposta para sua pergunta é não. Você pode precisar abandonar o que você estava trabalhando. Mas sabemos que, quando uma oportunidade se fecha, outra, melhor, surge. </TEN-OF-SWORDS-ONE>
<PAGE-OF-SWORDS-ONE>Você está trabalhando muito forte e pode perturbar as pessoas ao seu redor para conseguir o que você quer. Isso nunca é uma boa estratégia e vai se voltar contra você. Certifique-se de manter os outros em mente quando você toma decisões sobre como agir. Você tem muita energia, apenas certifique-se de usá-la corretamente. </PAGE-OF-SWORDS-ONE>
<KNIGHT-OF-SWORDS-ONE>As coisas estão finalmente indo o seu caminho. A notícia que tem ansiosamente esperado são boas e o que você tem trabalhado para conseguir virá em sua direção em breve. Vocês estão se tornando mais agitado, mas esta é uma vantagem no momento. Sua energia emocional e espiritual está em um ponto mais alto. </KNIGHT-OF-SWORDS-ONE>
<QUEEN-OF-SWORDS-ONE>Você sabe o que você quer e precisa e é hora de ir atrás disto. É o momento certo para que você possa obter o que deseja. Apenas certifique-se de estar atentos às pessoas ao seu redor. Eles podem encontrar a sua energia muito abrasiva e você pode pisar em limites de outras pessoas se você não for cuidadoso. </QUEEN-OF-SWORDS-ONE>
<KING-OF-SWORDS-ONE>Pode ser hora de mudar de ideia, ou pelo menos de tática. Às vezes as coisas não funcionam do jeito que você quer, e você precisa saber quando essa hora chega. Se você continuar no mesmo caminho que tem andado, você vai machucar os outros e empurrá-los para longe demais e seus esforços vão sair pela culatra. </KING-OF-SWORDS-ONE>
<ACE-OF-PENTACLES-ONE>Sua energia e vitalidade estão em um ponto mais alto. As coisas estão indo muito bem para você e você está tirando proveito disso. Os eventos estão virando a seu favor e você precisa ser grato por tudo o que você tem. Seu futuro é muito promissor. Tire proveito do momento. </ACE-OF-PENTACLES-ONE>
<TWO-OF-PENTACLES-ONE>Você tem duas questões na vanguarda de sua mente agora, e você precisa ter certeza de que a pessoa não tem precedência sobre a outra. Ambos são importantes e você precisa mantê-los em equilíbrio. Pode ser o momento de assumir alguns riscos no que diz respeito às duas áreas. Elas devem trabalhar bem para você. </TWO-OF-PENTACLES-ONE>
<THREE-OF-PENTACLES-ONE>As coisas estão indo bem para você. Você está fazendo o que você precisa e continua a sentir-se positivo ao lidar com seu problema em questão. Além disso, pessoas ao seu redor estão do seu lado e estão dando o que você precisa para ter sucesso. Grandes coisas acontecem quando você tem o apoio de seus entes queridos. </THREE-OF-PENTACLES-ONE>
<FOUR-OF-PENTACLES-ONE>Sua ansiedade fez com que você se agarrasse a coisas por muito tempo. Você está fazendo as coisas apenas para a sobrevivência, mas não está cuidando de si mesmo emocionalmente. Prender-se a coisas não resolverá sua ansiedade. Em vez disso, tornará pior. É hora de abandonar estas coisas para que coisas melhores entrem em sua vida. </FOUR-OF-PENTACLES-ONE>
<FIVE-OF-PENTACLES-ONE>Você está se sentindo muito insegura agora, e pessoas ao seu redor parecem ter muito mais do que você, o que lhe enche de raiva. Tudo o que você pode fazer agora é fazer o melhor que pode com o que você tem e para continuar trabalhando em direção a uma solução para o seu problema. Confie de que o universo não vai deixar você para baixo. </FIVE-OF-PENTACLES-ONE>
<SIX-OF-PENTACLES-ONE>As coisas têm sido difíceis para você, mas você vai começar a ver coisas que vão mais à sua maneira. As pessoas estão dispostas a ajudá-lo a resolver o problema, e por sua vez você precisa voltar a ser generoso. O universo funciona dessa maneira e a melhor forma de trazer benefício para si mesmo é ajudar os outros. </SIX-OF-PENTACLES-ONE>
<SEVEN-OF-PENTACLES-ONE>Você foi colocou demasiado tempo e energia no problema em questão, e é hora de ver um retorno ao seu investimento. Você está se sentindo mais segura e sua ansiedade desaparece. Você sabe que as coisas boas estão chegando, e você não está mais preocupado. Seus problemas estão se resolvendo. </SEVEN-OF-PENTACLES-ONE>
<EIGHT-OF-PENTACLES-ONE>É hora de trabalhar duro. Você não pode mais encostar em seus louros. O trabalho duro não é necessariamente uma coisa ruim. Ele irá apontar a forma adequada para resolver seus problemas. Você será testado agora. Certifique-se de não trabalhar demais e perder o equilíbrio em sua vida. Não deixe que uma coisa exclua todo o resto. </EIGHT-OF-PENTACLES-ONE>
<NINE-OF-PENTACLES-ONE>Suas preocupações em breve acabarão e as coisas vão ficar melhores do que você jamais imaginou que podiam. Você vai encontrar abundância emocional e espiritual. Agora é o momento de ser grato pelo que você tem e para compartilhar com aqueles ao seu redor. Você tem muito para ser grato. </NINE-OF-PENTACLES-ONE>
<TEN-OF-PENTACLES-ONE>A segurança é, finalmente, sua. Você tem trabalhado duro para resolver o seu assunto em questão e agora você vê que as coisas estão funcionando melhor do que você jamais imaginou ser possível. Você não está mais ansioso e está desfrutando do que você trabalhou para conseguir. Compartilhe sua boa fortuna com os outros. </TEN-OF-PENTACLES-ONE>
<PAGE-OF-PENTACLES-ONE>Agora as coisas parecem paralisadas e o trabalho que você precisa fazer parece tedioso. No entanto, a única maneira de passar por esta etapa é para fazer o trabalho. Às vezes, o sucesso não é glamouroso e o trabalho é necessário para chegar à próxima fase e resolver seus problemas. </PAGE-OF-PENTACLES-ONE>
<KNIGHT-OF-PENTACLES-ONE>É hora de cuidar das pequenas coisas da vida agora. Você pode estar olhando para o quadro grande, mas isso vai se resolver quando você focar essas pequenas coisas que você costuma ignorar. É incrível o quanto a ansiedade é aliviada quando estas pequenas coisas são cuidadas. Tarefas pequenas, grandes recompensas. </KNIGHT-OF-PENTACLES-ONE>
<QUEEN-OF-PENTACLES-ONE>Vocês esta começando a fazer alguns progressos agora em solucionar seus problemas, e as coisas vão funcionar melhor se você concentrar sua atenção de sua vida em casa. Às vezes, ter um lugar confortável, feliz para colocar sua cabeça vai ajudar a resolver outros problemas que você está enfrentando em sua vida. Tome cuidado com isso e outras coisas se seguirão. </QUEEN-OF-PENTACLES-ONE>
<KING-OF-PENTACLES-ONE>Não tente nada de novo agora. Você pode ser tentado a fazer algo diferente, mas agora não é o momento. Às vezes, é melhor seguir o status quo. Você vai conseguir mais desta forma, pois a energia para apoiar ondas fortes não está disponível no momento. Continue fazendo o que você está fazendo para o sucesso. </KING-OF-PENTACLES-ONE>
<ACE-OF-CUPS-ONE>As coisas estão olhando para você. Seja qual forem suas questões que você tem utilizado seu tempo elas estão prestes a serem resolvidas e você vai descobrir que o amor e a felicidade estão entrando em sua vida. Sinta-se bem sobre todas as coisas positivas vindo em sua direção. Saia de casa faça algo divertido, conheça novas pessoas, e não se preocupe. </ACE-OF-CUPS-ONE>
<TWO-OF-CUPS-ONE>As coisas estão indo bem e você se sente bem sobre a vida. Outras pessoas apoiam-no e estão dispostas a ajudá-lo a resolver seus problemas. Quando você se sentir apoiado e valorizado, você se sentirá mais competente para cuidar de seus próprios problemas. Certifique-se de mostrar a apreciação para aqueles que estão ajudando você. </TWO-OF-CUPS-ONE>
<THREE-OF-CUPS-ONE>As coisas estão indo muito bem para você agora, e alguém que você não vê faz muito tempo pode entrar em sua vida. Esta reunião vai passar a ser muito benéfica para você. É tempo de celebração. Coisas que você tem lidado estão chegando a resolução e as coisas funcionam bem para você. Aprecie! </THREE-OF-CUPS-ONE>
<FOUR-OF-CUPS-ONE>Você está olhando muito no futuro e sonha com coisas que ainda não aconteceram. Enquanto é bom sonhar, você também deve pendurar-se no presente, pois sem o trabalho agora, o futuro não vai acontecer. Além disso, você precisa prestar atenção às bênçãos em sua vida agora. Isso irá ajudá-lo a permanecer positivo e focado. </FOUR-OF-CUPS-ONE>
<FIVE-OF-CUPS-ONE>É hora de reorientar-se. Você pode não ter conseguido tudo que você quer e está sentindo pena de si mesmo. No entanto, você também deve lembrar-se das coisas boas em sua vida. Conte suas bênçãos e lembre-se que você não pode ter tudo o que quer, e você deve ser grato pelo que você tem. </FIVE-OF-CUPS-ONE>
<SIX-OF-CUPS-ONE>Não perca tempo pensando em coisas boas como costumava fazer. Você deve ver as coisas como elas são agora. Às vezes as coisas ficam difíceis, mas os tempos eram difíceis antes. Esqueça de que quando olhava para trás. Em vez disso, gaste sua energia cuidando do agora. Você pode ter que procurar soluções criativas para seus problemas. </SIX-OF-CUPS-ONE>
<SEVEN-OF-CUPS-ONE>Você tem muita coisa acontecendo e você pode se sentir muito confuso sobre onde concentrar sua energia. Você precisa levar algum tempo para decidir o que é mais importante, e você precisa deixar abandonar coisas que não significam tanto. Quando você está sobrecarregada, nada recebe sua energia e você irá falhar em tudo. </SEVEN-OF-CUPS-ONE>
<EIGHT-OF-CUPS-ONE>Você tem que olhar para seu tema em questão e decidir se é hora de deixar isto para trás. Às vezes, você sabe que as coisas que você têm vindo a trabalhar podem não mais importar para você é, e deve ser deixado para trás. É um momento de renovação, e se você for corajoso o suficiente para seguir em frente, grandes coisas podem chegar. </EIGHT-OF-CUPS-ONE>
<NINE-OF-CUPS-ONE>O que você quer mais em sua vida estará vindo em sua direção. Felicidade e boa sorte são suas. Se você está fazendo uma pergunta sim / não, a resposta será um sonoro sim! Aproveite as grandes fortunas em sua vida agora. Grandes momentos não duram para sempre, mas agora você pode descansar um pouco. </NINE-OF-CUPS-ONE>
<TEN-OF-CUPS-ONE>Tudo está indo o seu caminho agora e você está cuidando de si mesmo. Felicidade e alegria são seus e qualquer ansiedade que tem sobre a sua vida se dissolve quando você começa a ver toda a sorte em seu caminho. Seja o que for que você deseja que o universo dê a você. </TEN-OF-CUPS-ONE>
<PAGE-OF-CUPS-ONE>Você tem estado sério, se preocupando com o problema por muito tempo. Preocupação não lhe serve mais e é hora de abandona-la. Sonhe, brinque e permita-se ter algum divertimento. É importante ter tempo livre de preocupações, e por se divertindo, você pode encontrar uma melhor solução para seus problemas. </PAGE-OF-CUPS-ONE>
<KNIGHT-OF-CUPS-ONE>Boa notícia está vindo à sua maneira. Seus problemas estão resolvendo e você está pronto para avançar para coisas maiores e melhores. Seja orgulhoso que você tem lidado com aquilo que tem assolado você e você sobreviveu. Você está pronto para a ação e novos desafios na vida. É uma sensação boa seguir em frente. </KNIGHT-OF-CUPS-ONE>
<QUEEN-OF-CUPS-ONE>Trate-se com amor e compaixão. Pode ser muito difícil faze-lo se você está preocupado com um problema, mas que é o momento mais importante para cuidar de si mesmo. Você encontra os seus problemas parecem menos difíceis quando você está atualizado e energizado com amor. Cuide-se. </QUEEN-OF-CUPS-ONE>
<KING-OF-CUPS-ONE>O universo está apoiando você e ao seu redor com amor, bondade e compaixão. Você precisa dessa energia positiva para lidar com o seu problema. As coisas melhoram quando você vê este cartão, e você provavelmente vai ver uma resolução para o seu assunto em questão breve. Tenha fé. Você está seguro.</KING-OF-CUPS-ONE>
</ROOT>
