﻿{"cameraMode":{"drawMode":0,"name":"Shaded","section":"Shading Mode"},"sceneLighting":false,"audioPlay":false,"sceneViewState":{"showFog":true,"showMaterialUpdate":false,"showSkybox":false,"showFlares":true,"showImageEffects":true,"showParticleSystems":true},"in2DMode":false,"pivot":{"x":-0.02702021598815918,"y":2.709667205810547,"z":-0.02819150686264038},"rotation":{"x":-0.3440610468387604,"y":-0.14679603278636933,"z":0.05460257828235626,"w":-0.9258451461791992},"size":31.437976837158204,"orthographic":false}