﻿{"cameraMode":{"drawMode":0,"name":"Shaded","section":"Shading Mode"},"sceneLighting":false,"audioPlay":false,"sceneViewState":{"showFog":true,"showMaterialUpdate":false,"showSkybox":false,"showFlares":true,"showImageEffects":true,"showParticleSystems":true},"in2DMode":false,"pivot":{"x":0.0,"y":-2.1538922786712648,"z":-0.6301264762878418},"rotation":{"x":0.22910605370998383,"y":-0.15876473486423493,"z":0.03766213357448578,"w":0.959680438041687},"size":15.359932899475098,"orthographic":false}