﻿{"cameraMode":{"drawMode":0,"name":"Shaded","section":"Shading Mode"},"sceneLighting":false,"audioPlay":false,"sceneViewState":{"showFog":true,"showMaterialUpdate":false,"showSkybox":false,"showFlares":true,"showImageEffects":true,"showParticleSystems":true},"in2DMode":false,"pivot":{"x":-0.0000027120113372802736,"y":-0.04889178276062012,"z":-19.98247528076172},"rotation":{"x":-0.06086783483624458,"y":-0.5626949071884155,"z":0.04163350909948349,"w":-0.823391318321228},"size":7.110840320587158,"orthographic":false}