﻿{"cameraMode":{"drawMode":0,"name":"Shaded","section":"Shading Mode"},"sceneLighting":false,"audioPlay":false,"sceneViewState":{"showFog":true,"showMaterialUpdate":false,"showSkybox":false,"showFlares":true,"showImageEffects":true,"showParticleSystems":true},"in2DMode":false,"pivot":{"x":-31.899707794189454,"y":0.6398754119873047,"z":5.560757160186768},"rotation":{"x":0.10283765196800232,"y":-0.3269456923007965,"z":0.03345310315489769,"w":0.9390310049057007},"size":16.533132553100587,"orthographic":false}