﻿{"cameraMode":{"drawMode":0,"name":"Shaded","section":"Shading Mode"},"sceneLighting":false,"audioPlay":false,"sceneViewState":{"showFog":true,"showMaterialUpdate":false,"showSkybox":false,"showFlares":true,"showImageEffects":true,"showParticleSystems":true},"in2DMode":false,"pivot":{"x":17.486652374267579,"y":2.384185791015625e-7,"z":-4.240808486938477},"rotation":{"x":0.05648555979132652,"y":0.5195287466049194,"z":-0.03464452922344208,"w":0.8519570827484131},"size":9.735156059265137,"orthographic":false}