﻿{"cameraMode":{"drawMode":0,"name":"Shaded","section":"Shading Mode"},"sceneLighting":false,"audioPlay":false,"sceneViewState":{"showFog":true,"showMaterialUpdate":false,"showSkybox":false,"showFlares":true,"showImageEffects":true,"showParticleSystems":true},"in2DMode":false,"pivot":{"x":2.4920315742492677,"y":1.102503776550293,"z":-0.00018036365509033203},"rotation":{"x":-0.06915576010942459,"y":-0.053007978945970538,"z":0.003703922498971224,"w":-0.9962040781974793},"size":10.528810501098633,"orthographic":false}