﻿{"cameraMode":{"drawMode":0,"name":"Shaded","section":"Shading Mode"},"sceneLighting":false,"audioPlay":false,"sceneViewState":{"showFog":true,"showMaterialUpdate":false,"showSkybox":false,"showFlares":true,"showImageEffects":true,"showParticleSystems":true},"in2DMode":false,"pivot":{"x":-30.40005874633789,"y":-0.32755351066589358,"z":69.63231658935547},"rotation":{"x":-0.19290386140346528,"y":-0.313504159450531,"z":0.06761667132377625,"w":-0.9275251030921936},"size":15.025349617004395,"orthographic":false}