﻿{"cameraMode":{"drawMode":0,"name":"Shaded","section":"Shading Mode"},"sceneLighting":false,"audioPlay":false,"sceneViewState":{"showFog":true,"showMaterialUpdate":false,"showSkybox":false,"showFlares":true,"showImageEffects":true,"showParticleSystems":true},"in2DMode":false,"pivot":{"x":0.0,"y":-0.7512718439102173,"z":-20.022993087768556},"rotation":{"x":-0.1486722230911255,"y":0.5866207480430603,"z":-0.11051107943058014,"w":-0.7884955406188965},"size":4.864749908447266,"orthographic":false}