﻿{"cameraMode":{"drawMode":0,"name":"Shaded","section":"Shading Mode"},"sceneLighting":false,"audioPlay":false,"sceneViewState":{"showFog":true,"showMaterialUpdate":false,"showSkybox":false,"showFlares":true,"showImageEffects":true,"showParticleSystems":true},"in2DMode":false,"pivot":{"x":0.005566120147705078,"y":-0.8958262205123901,"z":-15.0},"rotation":{"x":-0.12854315340518952,"y":-0.07828371226787567,"z":0.01024652924388647,"w":-0.9885863661766052},"size":5.1279425621032719,"orthographic":false}