﻿{"cameraMode":{"drawMode":0,"name":"Shaded","section":"Shading Mode"},"sceneLighting":false,"audioPlay":false,"sceneViewState":{"showFog":true,"showMaterialUpdate":false,"showSkybox":false,"showFlares":true,"showImageEffects":true,"showParticleSystems":true},"in2DMode":false,"pivot":{"x":-8.344650268554688e-7,"y":-0.333257794380188,"z":-20.0},"rotation":{"x":0.26776373386383059,"y":-0.2478773593902588,"z":0.07147287577390671,"w":0.9283230900764465},"size":6.5942535400390629,"orthographic":false}