﻿{"cameraMode":{"drawMode":0,"name":"Shaded","section":"Shading Mode"},"sceneLighting":false,"audioPlay":false,"sceneViewState":{"showFog":true,"showMaterialUpdate":false,"showSkybox":false,"showFlares":true,"showImageEffects":true,"showParticleSystems":true},"in2DMode":false,"pivot":{"x":-24.346460342407228,"y":4.76837158203125e-7,"z":-12.749998092651368},"rotation":{"x":-0.2212253361940384,"y":-0.15379458665847779,"z":0.05954119190573692,"w":-0.9616750478744507},"size":16.518531799316408,"orthographic":false}