﻿{"cameraMode":{"drawMode":0,"name":"Shaded","section":"Shading Mode"},"sceneLighting":false,"audioPlay":false,"sceneViewState":{"showFog":true,"showMaterialUpdate":false,"showSkybox":false,"showFlares":true,"showImageEffects":true,"showParticleSystems":true},"in2DMode":false,"pivot":{"x":-8.344650268554688e-7,"y":-0.17819201946258546,"z":-20.0},"rotation":{"x":-0.2900846004486084,"y":0.0004963179235346615,"z":-0.00012914281978737563,"w":-0.9570187330245972},"size":7.030619144439697,"orthographic":false}