﻿{"cameraMode":{"drawMode":0,"name":"Shaded","section":"Shading Mode"},"sceneLighting":false,"audioPlay":false,"sceneViewState":{"showFog":true,"showMaterialUpdate":false,"showSkybox":false,"showFlares":true,"showImageEffects":true,"showParticleSystems":true},"in2DMode":false,"pivot":{"x":-0.31263303756713869,"y":1.0745999813079835,"z":-27.459766387939454},"rotation":{"x":-0.2773609757423401,"y":-0.44694575667381289,"z":0.14801901578903199,"w":-0.8374984264373779},"size":36.474159240722659,"orthographic":false}