﻿{"cameraMode":{"drawMode":0,"name":"Shaded","section":"Shading Mode"},"sceneLighting":false,"audioPlay":false,"sceneViewState":{"showFog":true,"showMaterialUpdate":false,"showSkybox":false,"showFlares":true,"showImageEffects":true,"showParticleSystems":true},"in2DMode":false,"pivot":{"x":19.74848747253418,"y":-0.6914278268814087,"z":-8.099725723266602},"rotation":{"x":-0.11771403253078461,"y":0.19462566077709199,"z":-0.023441120982170106,"w":-0.9735725522041321},"size":4.084067344665527,"orthographic":false}