﻿{"cameraMode":{"drawMode":0,"name":"Shaded","section":"Shading Mode"},"sceneLighting":false,"audioPlay":false,"sceneViewState":{"showFog":true,"showMaterialUpdate":false,"showSkybox":false,"showFlares":true,"showImageEffects":true,"showParticleSystems":true},"in2DMode":false,"pivot":{"x":-24.346460342407228,"y":-0.0000014901161193847657,"z":9.164214134216309e-7},"rotation":{"x":0.22910605370998383,"y":-0.15876473486423493,"z":0.03766213357448578,"w":0.959680438041687},"size":16.518531799316408,"orthographic":false}