﻿{"cameraMode":{"drawMode":0,"name":"Shaded","section":"Shading Mode"},"sceneLighting":false,"audioPlay":false,"sceneViewState":{"showFog":true,"showMaterialUpdate":false,"showSkybox":false,"showFlares":true,"showImageEffects":true,"showParticleSystems":true},"in2DMode":false,"pivot":{"x":-13.491294860839844,"y":-0.9429006576538086,"z":-32.7294807434082},"rotation":{"x":-0.1586526334285736,"y":0.006750402040779591,"z":-0.00036305756657384336,"w":-0.9873976707458496},"size":24.6214542388916,"orthographic":false}