﻿{"cameraMode":{"drawMode":0,"name":"Shaded","section":"Shading Mode"},"sceneLighting":false,"audioPlay":false,"sceneViewState":{"showFog":true,"showMaterialUpdate":false,"showSkybox":false,"showFlares":true,"showImageEffects":true,"showParticleSystems":true},"in2DMode":false,"pivot":{"x":-23.74074935913086,"y":-7.054368019104004,"z":123.17841339111328},"rotation":{"x":-0.4149952828884125,"y":0.539902925491333,"z":-0.3454522490501404,"w":-0.6459066867828369},"size":10.313468933105469,"orthographic":false}