﻿{"cameraMode":{"drawMode":0,"name":"Shaded","section":"Shading Mode"},"sceneLighting":false,"audioPlay":false,"sceneViewState":{"showFog":true,"showMaterialUpdate":false,"showSkybox":false,"showFlares":true,"showImageEffects":true,"showParticleSystems":true},"in2DMode":false,"pivot":{"x":-28.399429321289064,"y":-0.2037283182144165,"z":53.204505920410159},"rotation":{"x":0.10283765196800232,"y":-0.3269456923007965,"z":0.03345310315489769,"w":0.9390310049057007},"size":11.278105735778809,"orthographic":false}