﻿{"cameraMode":{"drawMode":0,"name":"Shaded","section":"Shading Mode"},"sceneLighting":false,"audioPlay":false,"sceneViewState":{"showFog":true,"showMaterialUpdate":false,"showSkybox":false,"showFlares":true,"showImageEffects":true,"showParticleSystems":true},"in2DMode":false,"pivot":{"x":3.3609743118286135,"y":-0.02968427538871765,"z":-0.0029733777046203615},"rotation":{"x":-0.07182254642248154,"y":-0.21841950714588166,"z":0.016833772882819177,"w":-0.973392903804779},"size":4.601734161376953,"orthographic":false}