﻿{"cameraMode":{"drawMode":0,"name":"Shaded","section":"Shading Mode"},"sceneLighting":false,"audioPlay":false,"sceneViewState":{"showFog":true,"showMaterialUpdate":false,"showSkybox":false,"showFlares":true,"showImageEffects":true,"showParticleSystems":true},"in2DMode":false,"pivot":{"x":-30.400318145751954,"y":-0.31587791442871096,"z":81.00419616699219},"rotation":{"x":0.210920512676239,"y":-0.08536656945943833,"z":0.018204601481556894,"w":0.9736537933349609},"size":16.10729217529297,"orthographic":false}