﻿{"cameraMode":{"drawMode":0,"name":"Shaded","section":"Shading Mode"},"sceneLighting":false,"audioPlay":false,"sceneViewState":{"showFog":true,"showMaterialUpdate":false,"showSkybox":false,"showFlares":true,"showImageEffects":true,"showParticleSystems":true},"in2DMode":false,"pivot":{"x":2.9116227626800539,"y":0.5259324908256531,"z":-0.5376718044281006},"rotation":{"x":-0.06321939826011658,"y":0.039723750203847888,"z":-0.0024972562678158285,"w":-0.9972604513168335},"size":0.3300740718841553,"orthographic":false}