﻿{"cameraMode":{"drawMode":0,"name":"Shaded","section":"Shading Mode"},"sceneLighting":false,"audioPlay":false,"sceneViewState":{"showFog":true,"showMaterialUpdate":false,"showSkybox":false,"showFlares":true,"showImageEffects":true,"showParticleSystems":true},"in2DMode":false,"pivot":{"x":0.010625481605529786,"y":1.11259126663208,"z":-0.00018036365509033203},"rotation":{"x":-0.1978476643562317,"y":-0.07847987860441208,"z":0.015909576788544656,"w":-0.9769740700721741},"size":10.518594741821289,"orthographic":false}