﻿{"cameraMode":{"drawMode":0,"name":"Shaded","section":"Shading Mode"},"sceneLighting":false,"audioPlay":false,"sceneViewState":{"showFog":true,"showMaterialUpdate":false,"showSkybox":false,"showFlares":true,"showImageEffects":true,"showParticleSystems":true},"in2DMode":false,"pivot":{"x":28.816730499267579,"y":0.5660829544067383,"z":80.49258422851563},"rotation":{"x":-0.006556493695825338,"y":0.9844640493392944,"z":-0.17332901060581208,"w":-0.03144899755716324},"size":44.12384796142578,"orthographic":false}