﻿{"cameraMode":{"drawMode":0,"name":"Shaded","section":"Shading Mode"},"sceneLighting":false,"audioPlay":false,"sceneViewState":{"showFog":true,"showMaterialUpdate":false,"showSkybox":false,"showFlares":true,"showImageEffects":true,"showParticleSystems":true},"in2DMode":false,"pivot":{"x":-0.020762205123901368,"y":-0.356123149394989,"z":-19.98946762084961},"rotation":{"x":0.48587456345558169,"y":0.5138229727745056,"z":-0.5117143392562866,"w":0.4879428446292877},"size":6.248691558837891,"orthographic":false}