﻿{"cameraMode":{"drawMode":0,"name":"Shaded","section":"Shading Mode"},"sceneLighting":false,"audioPlay":false,"sceneViewState":{"showFog":true,"showMaterialUpdate":false,"showSkybox":false,"showFlares":true,"showImageEffects":true,"showParticleSystems":true},"in2DMode":false,"pivot":{"x":-25.29263687133789,"y":0.3281461000442505,"z":-9.614541053771973},"rotation":{"x":-0.2212253361940384,"y":-0.15379458665847779,"z":0.05954119190573692,"w":-0.9616750478744507},"size":0.8771654963493347,"orthographic":false}