﻿{"cameraMode":{"drawMode":0,"name":"Shaded","section":"Shading Mode"},"sceneLighting":false,"audioPlay":false,"sceneViewState":{"showFog":true,"showMaterialUpdate":false,"showSkybox":false,"showFlares":true,"showImageEffects":true,"showParticleSystems":true},"in2DMode":false,"pivot":{"x":-0.38771653175354006,"y":2.3215456008911135,"z":-3.881314754486084},"rotation":{"x":0.06833303719758988,"y":-0.933616578578949,"z":0.24016126990318299,"w":0.25760939717292788},"size":19.050979614257814,"orthographic":false}