﻿{"cameraMode":{"drawMode":0,"name":"Shaded","section":"Shading Mode"},"sceneLighting":false,"audioPlay":false,"sceneViewState":{"showFog":true,"showMaterialUpdate":false,"showSkybox":false,"showFlares":true,"showImageEffects":true,"showParticleSystems":true},"in2DMode":false,"pivot":{"x":0.17723172903060914,"y":0.06737327575683594,"z":0.0},"rotation":{"x":-0.1486722230911255,"y":0.5866207480430603,"z":-0.11051107943058014,"w":-0.7884955406188965},"size":7.561233043670654,"orthographic":false}