﻿{"cameraMode":{"drawMode":0,"name":"Shaded","section":"Shading Mode"},"sceneLighting":false,"audioPlay":false,"sceneViewState":{"showFog":true,"showMaterialUpdate":false,"showSkybox":false,"showFlares":true,"showImageEffects":true,"showParticleSystems":true},"in2DMode":false,"pivot":{"x":-28.03112030029297,"y":-1.6859225034713746,"z":86.02447509765625},"rotation":{"x":0.08622632175683975,"y":-0.909256100654602,"z":0.22501173615455628,"w":0.3399108946323395},"size":3.416553020477295,"orthographic":false}