﻿{"cameraMode":{"drawMode":0,"name":"Shaded","section":"Shading Mode"},"sceneLighting":false,"audioPlay":false,"sceneViewState":{"showFog":true,"showMaterialUpdate":false,"showSkybox":false,"showFlares":true,"showImageEffects":true,"showParticleSystems":true},"in2DMode":false,"pivot":{"x":17.96665382385254,"y":1.7881393432617188e-7,"z":-8.475131034851075},"rotation":{"x":-0.10175763815641403,"y":-0.7524524927139282,"z":0.11977389454841614,"w":-0.6397221684455872},"size":9.737448692321778,"orthographic":false}