﻿{"cameraMode":{"drawMode":0,"name":"Shaded","section":"Shading Mode"},"sceneLighting":false,"audioPlay":false,"sceneViewState":{"showFog":true,"showMaterialUpdate":false,"showSkybox":false,"showFlares":true,"showImageEffects":true,"showParticleSystems":true},"in2DMode":false,"pivot":{"x":-0.9598283767700195,"y":-0.5430192947387695,"z":-14.75589370727539},"rotation":{"x":-0.2773609757423401,"y":-0.44694575667381289,"z":0.14801901578903199,"w":-0.8374984264373779},"size":13.228217124938965,"orthographic":false}