﻿{"cameraMode":{"drawMode":0,"name":"Shaded","section":"Shading Mode"},"sceneLighting":false,"audioPlay":false,"sceneViewState":{"showFog":true,"showMaterialUpdate":false,"showSkybox":false,"showFlares":true,"showImageEffects":true,"showParticleSystems":true},"in2DMode":false,"pivot":{"x":-6.365224838256836,"y":1.6499550342559815,"z":0.05445218086242676},"rotation":{"x":0.17869092524051667,"y":0.1501944214105606,"z":-0.027610503137111665,"w":0.9719893336296082},"size":8.325604438781739,"orthographic":false}