﻿{"cameraMode":{"drawMode":0,"name":"Shaded","section":"Shading Mode"},"sceneLighting":false,"audioPlay":false,"sceneViewState":{"showFog":true,"showMaterialUpdate":false,"showSkybox":false,"showFlares":true,"showImageEffects":true,"showParticleSystems":true},"in2DMode":false,"pivot":{"x":-22.82640838623047,"y":-0.7229863405227661,"z":7.070000171661377},"rotation":{"x":0.13942977786064149,"y":-0.8586025238037109,"z":0.3820576071739197,"w":0.31231310963630679},"size":9.922038078308106,"orthographic":false}