﻿{"cameraMode":{"drawMode":0,"name":"Shaded","section":"Shading Mode"},"sceneLighting":false,"audioPlay":false,"sceneViewState":{"showFog":true,"showMaterialUpdate":false,"showSkybox":false,"showFlares":true,"showImageEffects":true,"showParticleSystems":true},"in2DMode":false,"pivot":{"x":-1.5,"y":0.07347345352172852,"z":2.9802322387695315e-8},"rotation":{"x":0.06326697021722794,"y":0.005426933988928795,"z":-0.0003577285970095545,"w":0.997994065284729},"size":7.132154941558838,"orthographic":false}