﻿{"cameraMode":{"drawMode":0,"name":"Shaded","section":"Shading Mode"},"sceneLighting":false,"audioPlay":false,"sceneViewState":{"showFog":true,"showMaterialUpdate":false,"showSkybox":false,"showFlares":true,"showImageEffects":true,"showParticleSystems":true},"in2DMode":false,"pivot":{"x":4.800000190734863,"y":-2.5000171661376955,"z":390.0085754394531},"rotation":{"x":-0.18218082189559937,"y":-0.03332846984267235,"z":0.0061791930347681049,"w":-0.9826827645301819},"size":99.35214233398438,"orthographic":false}