﻿{"cameraMode":{"drawMode":0,"name":"Shaded","section":"Shading Mode"},"sceneLighting":false,"audioPlay":false,"sceneViewState":{"showFog":true,"showMaterialUpdate":false,"showSkybox":false,"showFlares":true,"showImageEffects":true,"showParticleSystems":true},"in2DMode":false,"pivot":{"x":0.0004647374153137207,"y":-0.04889184236526489,"z":-19.99983024597168},"rotation":{"x":-0.22520200908184052,"y":-0.09722767025232315,"z":0.022626997902989389,"w":-0.9692031145095825},"size":7.124306678771973,"orthographic":false}