﻿{"cameraMode":{"drawMode":0,"name":"Shaded","section":"Shading Mode"},"sceneLighting":false,"audioPlay":false,"sceneViewState":{"showFog":true,"showMaterialUpdate":false,"showSkybox":false,"showFlares":true,"showImageEffects":true,"showParticleSystems":true},"in2DMode":false,"pivot":{"x":-28.108627319335939,"y":-0.30330103635787966,"z":85.14820098876953},"rotation":{"x":-0.31920337677001955,"y":0.3755170702934265,"z":-0.1395195722579956,"w":-0.8589054942131043},"size":206.25291442871095,"orthographic":false}