﻿{"cameraMode":{"drawMode":0,"name":"Shaded","section":"Shading Mode"},"sceneLighting":false,"audioPlay":false,"sceneViewState":{"showFog":true,"showMaterialUpdate":false,"showSkybox":false,"showFlares":true,"showImageEffects":true,"showParticleSystems":true},"in2DMode":false,"pivot":{"x":-30.400922775268556,"y":0.7773343324661255,"z":64.43876647949219},"rotation":{"x":0.10283765196800232,"y":-0.3269456923007965,"z":0.03345310315489769,"w":0.9390310049057007},"size":16.21875762939453,"orthographic":false}