﻿{"cameraMode":{"drawMode":0,"name":"Shaded","section":"Shading Mode"},"sceneLighting":false,"audioPlay":false,"sceneViewState":{"showFog":true,"showMaterialUpdate":false,"showSkybox":false,"showFlares":true,"showImageEffects":true,"showParticleSystems":true},"in2DMode":false,"pivot":{"x":-0.0000027120113372802736,"y":-0.04889178276062012,"z":-19.985477447509767},"rotation":{"x":-0.25602102279663088,"y":-0.2372024804353714,"z":0.06499746441841126,"w":-0.9348796606063843},"size":7.112338542938232,"orthographic":false}