﻿{"cameraMode":{"drawMode":0,"name":"Shaded","section":"Shading Mode"},"sceneLighting":false,"audioPlay":false,"sceneViewState":{"showFog":true,"showMaterialUpdate":false,"showSkybox":false,"showFlares":true,"showImageEffects":true,"showParticleSystems":true},"in2DMode":false,"pivot":{"x":-28.760000228881837,"y":-0.09359675645828247,"z":58.2599983215332},"rotation":{"x":0.210920512676239,"y":-0.08536656945943833,"z":0.018204601481556894,"w":0.9736537933349609},"size":9.545775413513184,"orthographic":false}