﻿{"cameraMode":{"drawMode":0,"name":"Shaded","section":"Shading Mode"},"sceneLighting":false,"audioPlay":false,"sceneViewState":{"showFog":true,"showMaterialUpdate":false,"showSkybox":false,"showFlares":true,"showImageEffects":true,"showParticleSystems":true},"in2DMode":false,"pivot":{"x":-30.821836471557618,"y":0.218353271484375,"z":39.56165313720703},"rotation":{"x":0.210920512676239,"y":-0.08536656945943833,"z":0.018204601481556894,"w":0.9736537933349609},"size":15.965479850769043,"orthographic":false}