﻿{"cameraMode":{"drawMode":0,"name":"Shaded","section":"Shading Mode"},"sceneLighting":false,"audioPlay":false,"sceneViewState":{"showFog":true,"showMaterialUpdate":false,"showSkybox":false,"showFlares":true,"showImageEffects":true,"showParticleSystems":true},"in2DMode":false,"pivot":{"x":0.6889264583587647,"y":0.4221203029155731,"z":-20.082597732543947},"rotation":{"x":-0.38422515988349917,"y":0.40513983368873598,"z":-0.19275599718093873,"w":-0.8069810271263123},"size":17.36583137512207,"orthographic":false}