﻿{"cameraMode":{"drawMode":0,"name":"Shaded","section":"Shading Mode"},"sceneLighting":false,"audioPlay":false,"sceneViewState":{"showFog":true,"showMaterialUpdate":false,"showSkybox":false,"showFlares":true,"showImageEffects":true,"showParticleSystems":true},"in2DMode":false,"pivot":{"x":0.0,"y":-0.17819201946258546,"z":-20.004444122314454},"rotation":{"x":-0.2566003203392029,"y":0.04687158763408661,"z":-0.012433569878339768,"w":-0.9653180837631226},"size":6.7924485206604,"orthographic":false}