﻿{"cameraMode":{"drawMode":0,"name":"Shaded","section":"Shading Mode"},"sceneLighting":false,"audioPlay":false,"sceneViewState":{"showFog":true,"showMaterialUpdate":false,"showSkybox":false,"showFlares":true,"showImageEffects":true,"showParticleSystems":true},"in2DMode":false,"pivot":{"x":-29.65305519104004,"y":0.45020556449890139,"z":46.80270004272461},"rotation":{"x":-0.01220719888806343,"y":-0.10531745851039887,"z":0.0015945943305268884,"w":-0.9944177865982056},"size":16.646800994873048,"orthographic":false}