﻿{"cameraMode":{"drawMode":0,"name":"Shaded","section":"Shading Mode"},"sceneLighting":false,"audioPlay":false,"sceneViewState":{"showFog":true,"showMaterialUpdate":false,"showSkybox":false,"showFlares":true,"showImageEffects":true,"showParticleSystems":true},"in2DMode":false,"pivot":{"x":-7.795225143432617,"y":1.649955153465271,"z":-9.305547714233399},"rotation":{"x":0.12022577226161957,"y":-0.7858914732933044,"z":0.16160860657691956,"w":0.5846500992774963},"size":9.500897407531739,"orthographic":false}