﻿{"cameraMode":{"drawMode":0,"name":"Shaded","section":"Shading Mode"},"sceneLighting":false,"audioPlay":false,"sceneViewState":{"showFog":true,"showMaterialUpdate":false,"showSkybox":false,"showFlares":true,"showImageEffects":true,"showParticleSystems":true},"in2DMode":false,"pivot":{"x":1.9997074604034424,"y":0.6598891615867615,"z":-0.006219744682312012},"rotation":{"x":-0.19290386140346528,"y":-0.313504159450531,"z":0.06761667132377625,"w":-0.9275251030921936},"size":5.894197940826416,"orthographic":false}