﻿{"cameraMode":{"drawMode":0,"name":"Shaded","section":"Shading Mode"},"sceneLighting":false,"audioPlay":false,"sceneViewState":{"showFog":true,"showMaterialUpdate":false,"showSkybox":false,"showFlares":true,"showImageEffects":true,"showParticleSystems":true},"in2DMode":false,"pivot":{"x":0.0000010132789611816407,"y":-1.014199137687683,"z":2.463893413543701},"rotation":{"x":-0.3986426591873169,"y":0.518771767616272,"z":-0.2957116663455963,"w":-0.6962615251541138},"size":2.3850488662719728,"orthographic":false}