﻿{"cameraMode":{"drawMode":0,"name":"Shaded","section":"Shading Mode"},"sceneLighting":false,"audioPlay":false,"sceneViewState":{"showFog":true,"showMaterialUpdate":false,"showSkybox":false,"showFlares":true,"showImageEffects":true,"showParticleSystems":true},"in2DMode":false,"pivot":{"x":2.434502601623535,"y":-1.5599998235702515,"z":-5.8232011795043949},"rotation":{"x":-0.27545180916786196,"y":-0.14331407845020295,"z":0.041772592812776569,"w":-0.9497515559196472},"size":10.791048049926758,"orthographic":false}