﻿{"cameraMode":{"drawMode":0,"name":"Shaded","section":"Shading Mode"},"sceneLighting":false,"audioPlay":false,"sceneViewState":{"showFog":true,"showMaterialUpdate":false,"showSkybox":false,"showFlares":true,"showImageEffects":true,"showParticleSystems":true},"in2DMode":false,"pivot":{"x":0.48723268508911135,"y":1.178066611289978,"z":-8.2565279006958},"rotation":{"x":0.0876142680644989,"y":0.8452721238136292,"z":-0.14971554279327393,"w":0.5057234764099121},"size":0.3452344536781311,"orthographic":false}