﻿{"cameraMode":{"drawMode":0,"name":"Shaded","section":"Shading Mode"},"sceneLighting":false,"audioPlay":false,"sceneViewState":{"showFog":true,"showMaterialUpdate":false,"showSkybox":false,"showFlares":true,"showImageEffects":true,"showParticleSystems":true},"in2DMode":false,"pivot":{"x":-30.400741577148439,"y":-0.3280048370361328,"z":75.07501983642578},"rotation":{"x":0.210920512676239,"y":-0.08536656945943833,"z":0.018204601481556894,"w":0.9736537933349609},"size":14.995230674743653,"orthographic":false}