﻿{"cameraMode":{"drawMode":0,"name":"Shaded","section":"Shading Mode"},"sceneLighting":false,"audioPlay":false,"sceneViewState":{"showFog":true,"showMaterialUpdate":false,"showSkybox":false,"showFlares":true,"showImageEffects":true,"showParticleSystems":true},"in2DMode":false,"pivot":{"x":0.12955403327941895,"y":-1.249781608581543,"z":-15.334875106811524},"rotation":{"x":-0.2891097068786621,"y":-0.4473847448825836,"z":0.1830357164144516,"w":-0.8268846869468689},"size":12.0833101272583,"orthographic":false}