<?xml version="1.0" encoding="utf-8" ?>
<ROOT>
<ACE-OF-CUPS-ONE >Lá bài này cho biết bạn sẽ có những bước đi táo bạo để khởi đầu việc kinh doanh mới bất chấp những rủi ro liên quan và cuối cùng dự án này sẽ giúp bạn đáp ứng những nhu cầu của mình. Đây là thời điểm thích hợp để chấp nhận rủi ro và bạn sẽ có được lợi ích tài chính. </ACE-OF-CUPS-ONE >
<TWO-OF-CUPS-ONE >Bất kỳ tranh chấp hay thỏa thuận tài chính nào sẽ được dàn xếp hay đồng ý và điều này sẽ giúp bạn nhẹ nhõm. Lợi nhuận kinh doanh của bạn có thể tăng trưởng hoặc bạn sẽ được nâng lương. </TWO-OF-CUPS-ONE >
<THREE-OF-CUPS-ONE >Lá bài này cho biết bạn sẽ có một nguồn thu nhập ổn định và sự cân đối giữa thu nhập và chi tiêu. Sẽ có dòng tiền vào qua những nguồn nhỏ và bạn sẽ thấy hài lòng. </THREE-OF-CUPS-ONE >
<FOUR-OF-CUPS-ONE >Lá bài này cho biết nếu có sự bất thường về tài chính hay bất kỳ tình huống nào liên quan đến tài chính thì bạn sẽ có thể giải quyết chúng nhanh gọn. Bạn sẽ rất nhanh nhạy và có thể hoàn thành công việc, đặc biệt là thu tiền hay giải quyết những vấn đề tài chính pháp lý. </FOUR-OF-CUPS-ONE >
<FIVE-OF-CUPS-ONE >Lá bài này cho biết giờ đây bạn sẽ phải chú ý về tình hình tài chính bởi nó khá bất ổn. Bạn cần phải chi tiêu cẩn thận và duy nhất cách tiếp cận thực tế và chắc chắn mới giúp bạn vượt qua tình hình này. </FIVE-OF-CUPS-ONE >
<SIX-OF-CUPS-ONE >Lá bài này cho biết giờ đây bạn sẽ không phải lo lắng nhiều về tài chính. Chi tiêu và thu nhập của bạn được kiểm soát và tiền sẽ chảy vào từ nhiều nguồn. Bạn sẽ cảm thấy hài lòng với thu nhập của mình. Ngoài ra một phần thưởng độc đắc có thể đến với bạn và khiến bạn vừa vui sướng vừa ngạc nhiên. </SIX-OF-CUPS-ONE >
<SEVEN-OF-CUPS-ONE >Lá bài này cho biết bạn sẽ gặp khủng hoảng nhỏ về việc chi tiêu nhưng bạn sẽ có cách giải quyết. Không cần quá lo lắng bởi vì sự việc sẽ sớm được sửa chữa và bạn có thể sẽ kiếm được những khoản lợi nhỏ từ nhiều nguồn. </SEVEN-OF-CUPS-ONE >
<EIGHT-OF-CUPS-ONE >Lá bài này cho biết bạn sẽ phải kiểm soát chi tiêu bởi vì dù bạn cố gắng hạn chế, chi phí có thể vẫn tăng tiếp tục tăng lên. Thu nhập của bạn sẽ không đủ để chi tiêu và điều này có thể khiến bạn hơi thất vọng và bất mãn. </EIGHT-OF-CUPS-ONE >
<NINE-OF-CUPS-ONE >Lá bài này cho biết bạn sẽ cảm thấy hơi thất vọng về lợi nhuận. Bạn sẽ nhận được tiền từ một người đi vay nhưng có thể xảy ra những tranh cãi về mối quan hệ và tiền bạc. Tuy nhiên, bạn sẽ giải quyết tình huống ổn thỏa. </NINE-OF-CUPS-ONE >
<TEN-OF-CUPS-ONE >Lá bài này cho biết bạn sẽ muốn thư giãn, chi tiêu nhiều hơn thường lệ, và nuông chiều bản thân. Bạn có thể sẽ mua những món quà để dành tặng người thân và việc chi tiêu không khiến bạn bận tâm bởi thu nhập của bạn sẽ được cải thiện. Điều đó cho phép bạn tận hưởng một chút cùng với gia đình và bạn bè. </TEN-OF-CUPS-ONE >
<PAGE-OF-CUPS-ONE >Bạn kỳ vọng được thăng chức hay khen thưởng và điều này sẽ sớm xảy ra. Cũng sẽ có những cơ hội đến với bạn do đó không có nhiều lý do để bạn lo lắng. </PAGE-OF-CUPS-ONE >
<KNIGHT-OF-CUPS-ONE >Lá bài này cho biết may mắn sẽ đến với bạn trong vấn đề tài chính. Bạn sẽ có những bất ngờ dễ chịu về tiền bạc như được tăng lương, tăng lợi nhuận hay nhận một khoản tiền khổng lồ đến từ một nguồn ngoài dự kiến. Nếu tiền của bạn bị ách tắc ở đâu đó, nó sẽ sớm quay về với bạn. </KNIGHT-OF-CUPS-ONE >
<QUEEN-OF-CUPS-ONE >Lá bài này cho biết bạn sẽ không gặp khó khăn về tài chính trong tương lai gần. Có rất nhiều người sẵn sàng giúp đỡ bạn trong trường hợp khủng hoảng về tài chính. Nếu bạn cần sự chỉ dẫn để đầu tư, bạn sẽ nhận được nó từ những người thích hợp. Bạn sẽ không gặp quá nhiều rắc rối khi nhận hoa hồng hay tiền từ những nguồn khác. </QUEEN-OF-CUPS-ONE >
<KING-OF-CUPS-ONE >Lá bài này cho biết bạn sẽ có một nguồn thu nhập từ công việc hiện tại hay việc kinh doanh mới. Nếu bạn đang ký kết những thương vụ hay hợp đồng mới thì bạn cần thận trọng với tài liệu và các điều khoản và điều kiện bởi vì có thể có những nhân tố đang theo dõi động thái của bạn. </KING-OF-CUPS-ONE >
<ACE-OF-PENTACLES-ONE >Lá bài này cho biết bạn mong muốn có thêm những nguồn tiền khác và lần này bạn sẽ được như ý khi bạn có những nguồn thu nhập mới. Bạn sẽ nghĩ về những mục tiêu tài chính lâu dài. Những kế hoạch và công việc kinh doanh nhất định có thể sẽ đến với bạn. </ACE-OF-PENTACLES-ONE >
<TWO-OF-PENTACLES-ONE >Lá bài này cho biết bạn sẽ lên kế hoạch tài chính cho công việc và cuộc sống cá nhân và bạn sẽ có được sự chấp thuận từ những người liên quan. Nếu bạn đang lên kế hoạch đầu tư mới thì sẽ có rất nhiều chi phí liên quan. Bạn sẽ phải kiểm soát chi tiêu. </TWO-OF-PENTACLES-ONE >
<THREE-OF-PENTACLES-ONE >Lá bài này cho biết tiền sẽ đến với bạn từ những nguồn ngoài dự kiến và bạn sẽ được gia đình và đồng nghiệp hỗ trợ. Bạn cũng sẽ cố gắng bổ sung nguồn thu nhập bằng cách tiếp tục một dự án còn dang dở hay bắt đầu một dự án mới. </THREE-OF-PENTACLES-ONE >
<FOUR-OF-PENTACLES-ONE >Lá bài này cho biết sẽ có nhiều hoạt động liên quan đến chuyển khoản tiền. Bạn sẽ phải hoàn tất nhiều thủ tục giấy tờ bao gồm những thủ tục pháp lý để thu được lợi nhuận. Bạn sẽ tìm thấy sự ổn định về tài chính và có đủ tiền để trang trải các chi phí thông thường. </FOUR-OF-PENTACLES-ONE >
<FIVE-OF-PENTACLES-ONE >Lá bài này cho biết bạn có thể đang chi tiêu vào những thứ giúp cải thiện hay nuông chiều bản thân. Tình hình tài chính của bạn sẽ suôn sẻ và bạn có thể trang trải mọi chi phí. Vận may sẽ ủng hộ bạn và dù gặp nhiều rắc rối và rào cản, bạn vẫn có thể tiến về phía trước. </FIVE-OF-PENTACLES-ONE >
<SIX-OF-PENTACLES-ONE >Lá bài này cho biết thời gian tới sẽ khá chông gai đối với bạn vì bạn có thể gặp những rắc rối. Bạn bè của bạn mặc định không trả tiền cho bạn hoặc bạn không nhận được tiền thuê nhà đúng hẹn. Điều này có thể gây nên sự bức xúc và khó chịu nhất định về tinh thần và những xung đột có thể xảy ra. Bạn nên giữ điềm tĩnh trong những tình huống đó. </SIX-OF-PENTACLES-ONE >
<SEVEN-OF-PENTACLES-ONE >Lá bài này cho thấy ban đầu tình hình tài chính của bạn có vẻ rất mù mịt, mọi thứ có vẻ mơ hồ và không rõ ràng. Tuy nhiên, việc kinh doanh của bạn sẽ sớm có lợi nhuận với sự giúp đỡ và chỉ dẫn từ một người thân và điều này sẽ cho bạn một hi vọng mới. </SEVEN-OF-PENTACLES-ONE >
<EIGHT-OF-PENTACLES-ONE >Lá bài này cho biết bạn sẽ gặp may mắn về vấn đề tiền bạc trong một khoảng thời gian và sẽ không có bất kỳ căng thẳng nào. Bạn sẽ có được một số lợi nhuận hoặc cuối cùng bạn cũng mua được những thứ mình muốn. Chìa khóa để có một cuộc sống hạnh phúc là hài lòng với điều bạn có và điều này sẽ đúng với bạn trong một khoảng thời gian. </EIGHT-OF-PENTACLES-ONE >
<NINE-OF-PENTACLES-ONE >Lá bài này cho biết giờ đây bạn sẽ gặp nhiều may mắn và mọi việc có vẻ sẽ tiến triển tốt đẹp kể cả trong vấn đề tiền bạc. Nếu bạn có bất kỳ vấn đề về tài chính nào, chúng sẽ được giải quyết và tin tốt lành sẽ sớm đến với bạn. </NINE-OF-PENTACLES-ONE >
<TEN-OF-PENTACLES-ONE >Lá bài này cho biết sẽ có sự cân đối giữa thu nhập và chi tiêu, và bạn sẽ phải quản lý những hóa đơn hộ gia đình vốn tiêu tốn hầu hết số tiền của bạn. Nếu bạn dự định mua thứ gì đó hay ra một quyết định quan trọng về tiền bạc thì điều đó sẽ xảy ra. </TEN-OF-PENTACLES-ONE >
<PAGE-OF-PENTACLES-ONE >Lá bài này cho biết giờ đây tài chính của bạn sẽ rất cân đối những đôi lúc bạn có thể cảm thấy không đủ. Điều này có thể khiến bạn bức xúc và dẫn đến những phản ứng dữ dội. Bạn sẽ cần bình tĩnh một chút bởi lá bài này cho biết thời gian tốt đẹp đang chờ bạn ở phía trước. </PAGE-OF-PENTACLES-ONE >
<KNIGHT-OF-PENTACLES-ONE >Lá bài này cho biết tình hình tài chính của bạn sẽ không gặp nhiều vấn đề. Dù có thể có những bên không muốn trả tiền cho bạn, và điều này có thể đáng lo ngại. Hiện tại bạn có thể chưa tin nhưng vận may sẽ sớm đến với bạn. </KNIGHT-OF-PENTACLES-ONE >
<QUEEN-OF-PENTACLES-ONE >Lá bài này cho biết rằng nếu tiền của bạn được giữ bởi ai đó hay mất ở đâu đó thì khả năng cao nó sẽ được lấy lại và sự việc sẽ được giải quyết. Bạn sẽ được nhận lại tiền của mình và bạn cũng có thể kỳ vọng những khoản lãi nhỏ hay khoản tăng thu nhập. </QUEEN-OF-PENTACLES-ONE >
<KING-OF-PENTACLES-ONE >Lá bài này cho biết bạn sẽ hầu như không gặp vấn đề nào liên quan tới tài chính. Một số cơ hội đem đến lợi nhuận sẽ đến với bạn nhưng bạn cần phải suy xét cẩn thận. Bạn nên thực hiện các giao dịch trong nhà của bạn hay tại một nơi gần đó bởi vì điều này có thể mang đến vận may cho bạn. </KING-OF-PENTACLES-ONE >
<ACE-OF-SWORDS-ONE >Lá bài này cho biết vấn đề tiền bạc hay tài chính của bạn sẽ không được như mong đợi. Có thể có những lo lắng về chi phí, đặc biệt những khoản ngoài dự kiến. Thu nhập của bạn sẽ ổn định nhưng bạn sẽ phải cố gắng cân bằng giữa thu nhập và các chi phí ngày càng tốn kém hơn. </ACE-OF-SWORDS-ONE >
<TWO-OF-SWORDS-ONE >Lá bài này cho biết tài chính của bạn sẽ ổn định và không có gì đáng lo ngại. Mặc dù có thể có một vấn đề liên quan đến việc kinh doanh mới hay sự hợp tác và có thể bạn không hoàn toàn chắc chắn về quyết định của mình. </TWO-OF-SWORDS-ONE >
<THREE-OF-SWORDS-ONE >Lá bài này cho biết đây sẽ là một giai đoạn tốt đẹp về tài chính đối với bạn và bạn sẽ có một nguồn thu nhập liên tục. Thu nhập của bạn có thể đến từ những nguồn ngoài dự kiến hoặc việc kinh doanh cũ của bạn sẽ bắt đầu sinh lợi. Nếu một số người vay tiền bạn mà không muốn hoàn trả tiền thì sự việc sẽ sớm được giải quyết. </THREE-OF-SWORDS-ONE >
<FOUR-OF-SWORDS-ONE >Lá bài này cho biết nguồn thu nhập của bạn sẽ hơi bị ngưng trệ. Có thể có những tranh cãi về tiền bạc giữa bạn và đối tác làm ăn hay người đi vay tiền, hoặc sự chậm trễ trong thanh toán. Nhưng tình hình này sẽ sớm kết thúc và sau đó tài chính của bạn sẽ ổn định. </FOUR-OF-SWORDS-ONE >
<FIVE-OF-SWORDS-ONE >Lá bài này cho biết bạn sẽ thấy hài lòng về tiền bạc khi thu nhập và chi tiêu khá cân bằng, đồng thời bạn cũng sẽ có nhiều nguồn thu nhập. Tuy nhiên vẫn sẽ có những mối quan tâm nhất định về tài chính. Bạn không nên quá lo lắng về tài chính và hãy thư giãn một thời gian. </FIVE-OF-SWORDS-ONE >
<SIX-OF-SWORDS-ONE >Lá bài này cho biết bạn có thể gặp khó khăn trong việc kiếm tiền và quản lý chi tiêu khi vận may có vẻ đã quay lưng với bạn về vấn đề này. Nhưng tình hình sẽ sớm thay đổi và bạn sẽ kiếm được khá nhiều tiền do may mắn mà không phải làm quá nhiều và bạn sẽ thích được như vậy. </SIX-OF-SWORDS-ONE >
<SEVEN-OF-SWORDS-ONE >Lá bài này cho biết bạn sẽ cảm thấy hơi lo lắng hoặc bức xúc khi phải đưa ra những quyết định không mong muốn nhưng bạn có thể quẳng đi nỗi lo âu vì bạn sẽ sớm giải quyết mọi việc. Bạn sẽ nhận được một khoản lãi hoặc giành được một phần thưởng nào đó. </SEVEN-OF-SWORDS-ONE >
<EIGHT-OF-SWORDS-ONE >Lá bài này cho biết bạn sẽ cảm thấy thu nhập của mình bị ngưng trệ. Bạn sẽ tìm cách khác để kiếm tiền nhằm đáp ứng các nhu cầu của bản thân. Lá bài cho thấy bạn sẽ thành công trong việc này và sẽ thoát khỏi tình thế khó khăn. </EIGHT-OF-SWORDS-ONE >
<NINE-OF-SWORDS-ONE >Lá bài này cho biết đây sẽ là giai đoạn tốt đẹp nhất trong cuộc đời bạn về vấn đề tiền bạc. Bạn sẽ kiếm được nhiều tiền từ công việc thông thường và có thể sớm được tăng lương. Có thể có một vài thương vụ sinh lời cao dành cho bạn hoặc bạn sẽ tìm được cách kiếm tiền song song. </NINE-OF-SWORDS-ONE >
<TEN-OF-SWORDS-ONE >Lá bài này cho biết nếu bạn gặp vấn đề về tài chính, thì chúng sẽ sớm được giải quyết. Bạn có thể sẽ bất ngờ khi nhận được tiền lãi hay lợi nhuận đặc biệt từ một công việc cũ hay việc khen thưởng và bạn sẽ cực kỳ vui sướng. </TEN-OF-SWORDS-ONE >
<PAGE-OF-SWORDS-ONE >Lá bài này cho biết một vấn đề tài chính nào đó sẽ khiến bạn liên tục bận tâm. Bạn sẽ cảm thấy lo âu về tình hình tài chính và sẽ cố gắng quản lý chi tiêu. Nhưng vấn đề này có vẻ không bao giờ kết thúc và nó sẽ không được giải quyết ngay trong lần đầu tiên. </PAGE-OF-SWORDS-ONE >
<KNIGHT-OF-SWORDS-ONE >Lá bài này cho biết một người bạn của bạn sẽ đề nghị hợp tác hay tham gia vào một vụ làm ăn mới. Điều này sẽ rất có ích bởi vì họ không đòi hỏi nhiều lợi nhuận và bạn sẽ cảm thấy hài lòng về cử chỉ của họ. </KNIGHT-OF-SWORDS-ONE >
<QUEEN-OF-SWORDS-ONE >Lá bài này cho biết bạn sẽ bị ai đó lừa tiền. Có thể có một người nợ tiền của bạn nhưng không muốn hoàn trả như tiền thuê, tiền hóa đơn, tiền nguyên liệu chậm trễ. Bạn có thể sẽ bức xúc và sau cùng là cãi cọ. </QUEEN-OF-SWORDS-ONE >
<KING-OF-SWORDS-ONE >Lá bài này cho biết bạn cần thư giãn và đừng nghĩ quá nhiều về tài chính. Thu nhập của bạn sẽ ổn định nhưng sẽ có những áp lực trong gia đình và từ môi trường xung quanh do một số tình huống bất lợi và bất khả kháng phát sinh. </KING-OF-SWORDS-ONE >
<ACE-OF-WANDS-ONE >Lá bài này cho biết có thể bạn sẽ thu được một số lợi nhuận. Lợi nhuận này đến từ những kỹ năng của bạn. Nếu bạn dự định trưng bày những tác phẩm của mình hay có ý tưởng độc đáo trong công việc thì đây là lúc để thực hiện nó. </ACE-OF-WANDS-ONE >
<TWO-OF-WANDS-ONE >Lá bài này cho biết nếu bạn có bất kỳ tranh chấp tài chính nào hay đang băn khoăn về những thỏa thuận tài chính thì cuối cùng chúng sẽ được giải quyết và bạn sẽ thấy nhẹ nhõm. Có khả năng lợi nhuận kinh doanh của bạn sẽ tăng trưởng hoặc bạn sẽ sớm được tăng lương. </TWO-OF-WANDS-ONE >
<THREE-OF-WANDS-ONE >Lá bài này cho biết bạn nên duy trì liên lạc với bạn bè và đồng nghiệp bởi họ sẽ giúp đỡ bạn nhiều về tài chính. Việc kinh doanh hay công việc của bạn sẽ bắt đầu thăng tiến và sinh lợi nhiều hơn dự kiến. Sẽ có một thương vụ thành công và nó sẽ mang đến những lợi ích mà bạn hằng mong muốn. </THREE-OF-WANDS-ONE >
<FOUR-OF-WANDS-ONE >Lá bài này cho biết giờ đây tài chính của bạn sẽ ổn định và bạn sẽ thu được tiền từ nhiều nguồn. Bạn sẽ không gặp rắc rối trong khi giải quyết những vấn đề về tài chính. Công việc của bạn sẽ thuận lợi và bạn sẽ làm tốt hơn trước đây rất nhiều. </FOUR-OF-WANDS-ONE >
<FIVE-OF-WANDS-ONE >Lá bài này cho biết giờ đây bạn sẽ gặp may mắn với tiền bạc. Nếu bạn có những tranh chấp liên quan đến bất động sản hay đầu tư, khả năng cao bạn sẽ giành thế thượng phong. Bạn sẽ quản lý tốt tài chính và tiết kiệm đủ tiền để đáp ứng kỳ vọng của gia đình. </FIVE-OF-WANDS-ONE >
<SIX-OF-WANDS-ONE >Lá bài này cho biết sẽ có những vấn đề nhất định liên quan đến việc tiền của bạn được giữ bởi ai đó hay tại nơi nào đó. Điều này có thể khiến bạn cảm thấy cực kỳ lo lắng và đôi lúc bạn hành động keo kiệt mà không nhận ra. Nhưng giai đoạn khó khăn này sẽ sớm qua đi và vấn đề tiền bạc của bạn sẽ được giải quyết. </SIX-OF-WANDS-ONE >
<SEVEN-OF-WANDS-ONE >Lá bài này cho biết nếu có bất kỳ khó khăn hay trở ngại nào liên quan đến tiền bạc thì chúng sẽ sớm được giải quyết. Bạn sẽ được hưởng lợi từ những kế hoạch tiết kiệm và hoạt động tài chính thông minh và bạn sẽ cảm thấy hài lòng và vui sướng. Bạn cũng sẽ nuông chiều bản thân hơn và bạn xứng đáng với điều đó. </SEVEN-OF-WANDS-ONE >
<EIGHT-OF-WANDS-ONE >Lá bài này cho biết mọi việc sẽ sớm được cải thiện. Tình hình tài chính của bạn sẽ tốt đẹp hơn dự kiến bởi vì bạn sẽ có những thương vụ mới sinh lãi cao và nó sẽ giúp bạn có được sự công nhận trong công ty. Cũng sẽ có nhiều cuộc gặp gỡ và cơ hội sinh lợi nhuận trong tương lai gần. </EIGHT-OF-WANDS-ONE >
<NINE-OF-WANDS-ONE >Lá bài này cho biết giờ đây tình hình tài chính của bạn sẽ hầu như trung hòa vì bạn vừa có những khoản lãi vừa có những khoản lỗ trong khoảng thời gian ngắn. Nhưng không có gì đáng lo ngại vì bạn sẽ kiếm đủ tiền để chi tiêu hàng ngày và cảm thấy hài lòng. Ngoài ra, bạn cũng sẽ tìm ra những nguồn thu nhập khác. </NINE-OF-WANDS-ONE >
<TEN-OF-WANDS-ONE >Lá bài này cho biết bạn sẽ khá hoài nghi về những giao dịch tiền bạc bởi vì có thể có một số xích mích với khách hàng hay sếp và chúng có thể gây nên rắc rối. Bạn sẽ muốn nghĩ xa hơn những tình huống phiền phức này nhằm có thêm nguồn thu nhập nhưng điều này sẽ khó khăn hơn bạn nghĩ. </TEN-OF-WANDS-ONE >
<PAGE-OF-WANDS-ONE >Lá bài này cho biết lợi nhuận của bạn sẽ đến từ một số phần nhất định của công việc trong khi những phần khác vẫn tiếp tục yếu. Có thể có những vấn đề liên quan tới ngân hàng hay giấy tờ tài chính. </PAGE-OF-WANDS-ONE >
<KNIGHT-OF-WANDS-ONE >Thu nhập sẽ đến từ một số nguồn ngoài dự kiến nhưng với số lượng không đáng kể. Việc thu tiền từ người đi vay sẽ trở nên khá khó khăn và bạn có thể không nhận được kết quả như ý và điều đó dẫn đến tranh cãi và thất vọng. </KNIGHT-OF-WANDS-ONE >
<QUEEN-OF-WANDS-ONE >Có thể bạn có tâm trạng để chi tiêu lớn và nuông chiều bản thân hơn dự tính, do đó bạn sẽ sốc khi nhìn vào thẻ tín dụng của mình. Điều này có thể khiến bạn bức xúc trong một khoảng thời gian và bạn sẽ nghĩ về cách giải quyết. Tuy nhiên quyết định của bạn sẽ chứng tỏ là có lợi về lâu dài. </QUEEN-OF-WANDS-ONE >
<KING-OF-WANDS-ONE >Lá bài này cho biết bạn sẽ kiếm tiền từ công việc thường lệ và cố gắng tạo thu nhập từ những nguồn khác. Tuy nhiên thị trường sẽ yêu cầu rất cao và nếu bạn tự kinh doanh thì bạn sẽ phải vất vả để ký được những hợp đồng và dự án mới. Nếu bạn đi làm công ăn lương, bạn có thể phải đối mặt với sự cạnh tranh khốc liệt. </KING-OF-WANDS-ONE >
<THE-MAGICIAN-ONE >Lá bài này cho thấy những sự khởi đầu mới của bạn trong việc kinh doanh cũng các như giao dịch tiền bạc. Những nỗ lực về tài chính của bạn chắc chắn sẽ thành công vì thời gian phía trước cho thấy rất triển vọng đối với những vụ kinh doanh mới hay các giao dịch khác. </THE-MAGICIAN-ONE >
<THE-HIGH-PRIESTESS-ONE >Lá bài này cho biết bạn sẽ phải kiểm soát mọi việc trong một khoảng thời gian. Bạn sẽ chờ một kiện hàng, một bức thư, hay một thứ gì đó liên quan đến tài chính của bạn. Việc này có thể mất nhiều thời gian hơn dự kiến nhưng cuối cùng bạn sẽ có được lợi ích sau quãng thời gian chờ đợi. </THE-HIGH-PRIESTESS-ONE >
<THE-EMPRESS-ONE >Lá bài này cho biết bạn sẽ phải quản lý những giao dịch tài chính tốt hơn và cẩn thận với những thông tin bạn chia sẻ với đối tác kinh doanh hay đồng nghiệp. Nhưng bạn có thể thấy nhẹ nhõm do bạn sẽ sớm nhận được một khoản tiền như đã hứa. </THE-EMPRESS-ONE >
<THE-EMPEROR-ONE >Lá bài này cho biết nếu tiền hay những giấy tờ tài chính của bạn bị vướng mắc thì chúng sẽ sớm được giải quyết. Sẽ có lý do để ăn mừng do bạn có thể được tăng lương hay có lợi nhuận theo cách nào đó. Điều đó cho phép bạn tận hưởng một chút và bạn không cần cảm thấy có lỗi. </THE-EMPEROR-ONE >
<THE-HIEROPHANT-ONE >Lá bài này cho biết bạn sẽ phải cân bằng giữa thu nhập và chi tiêu và kiểm soát các chi phí. Bạn sẽ gặp những rắc rối khi thu tiền từ người đi vay. Mặc dù bạn sẽ thấy lo lắng nhưng tình hình tài chính sẽ vẫn êm đẹp. </THE-HIEROPHANT-ONE >
<THE-LOVERS-ONE >Lá bài này cho biết bạn sẽ có một nguồn thu do được thăng chức, được thưởng hay được hưởng những lợi ích khác. Điều này giúp bạn duy trì sự ổn định về tài chính và bạn sẽ không phải lo lắng về những khó khăn. Bạn sẽ sớm có lý do để ăn mừng và chi tiêu. </THE-LOVERS-ONE >
<THE-CHARIOT-ONE >Bạn sẽ thấy căng thẳng khi tiền của bạn bị mắc kẹt ở đâu đó và sẽ khó khăn để thu lại. Điều này có thể dẫn đến những vấn đề pháp lý phiền nhiễu. Nhưng cuối cùng sự việc cũng được giải quyết do nỗ lực làm việc chăm chỉ của bạn sẽ giúp bạn kiếm tiền từ những nguồn ngoài dự kiến. </THE-CHARIOT-ONE >
<STRENGTH-ONE >Lá bài này cho biết giờ đây bạn sẽ suy nghĩ thiết thực hơn khi liên quan đến những giao dịch tiền bạc. Đây là thời điểm tốt để đòi lại tiền nợ chậm trễ với những lý do khác nhau. Bạn sẽ sắp xếp tất cả tài liệu tài chính và điều này sẽ giúp ích cực kỳ lớn khi gặp rắc rối. </STRENGTH-ONE >
<THE-HERMIT-ONE >Lá bài này cho biết bạn sẽ có được những thu nhập và khoản thưởng ngoài dự kiến. Điều này sẽ khiến bạn vừa ngạc nhiên vừa vui mừng và có thể bạn sẽ nuông chiều bản thân hay ăn mừng với gia đình và bạn bè. Bạn cũng có thể lên kế hoạch đi nghỉ với người thân khi thu được tiền nợ. </THE-HERMIT-ONE >
<WHEEL-OF-FORTUNE-ONE >Lá bài này cho biết bạn sẽ có lý do để lo lắng do việc kinh doanh của bạn không sinh đủ lợi nhuận và có thể có những lỗ hổng mà trước đó bạn không nhận ra. Những sự hướng dẫn và giúp đỡ từ một người thân sẽ giúp bạn xóa đi những lo lắng về tài chính. </WHEEL-OF-FORTUNE-ONE >
<JUSTICE-ONE >Lá bài này cho biết đây sẽ là giai đoạn khó khăn về tài chính đối với bạn. Việc kinh doanh của bạn sẽ không được tốt hay những nguồn thu của bạn bắt đầu cạn kiệt. Bạn có thể phải đối mặt với những khó khăn nhưng hãy yên tâm rằng tình hình tài chính sẽ sớm cải thiện. </JUSTICE-ONE >
<THE-HANGED-MAN-ONE >Lá bài này cho biết bạn sẽ gặp những tổn thất nhẹ về tài chính vì có người lừa gạt bạn vì lợi ích riêng của họ. Nhưng bạn sẽ sớm nhận ra điều này và thực hiện những hành động cần thiết để có được điều bạn xứng đáng được nhận. </THE-HANGED-MAN-ONE >
<DEATH-ONE >Lá bài này cho biết giờ đây sẽ có những căng thẳng nhất định liên quan đến tiền bạc. Có thể gần đây bạn đã gặp trở ngại lớn về tài chính hay một con nợ lớn của bạn đã bỏ trốn. Tình cảnh này khiến bạn phải đề phòng. </DEATH-ONE >
<TEMPERANCE-ONE >Lá bài này cho biết giờ đây tiền của bạn sẽ xoay vòng. Tình trạng của bạn sẽ là lúc có tiền, lúc không có tiền. Điều này có thể hơi xáo trộn lúc đầu nhưng việc kinh doanh của bạn sẽ tạo ra đủ lợi nhuận để khiến bạn hài lòng. </TEMPERANCE-ONE >
<THE-DEVIL-ONE >Lá bài này cho biết giờ đây bạn sẽ gặp nhiều rắc rối về tài chính. Điều này có thể xảy ra do những quyết định không may mắn, vấn đề sức khỏe trong gia đình hay những vấn đề pháp lý. Điều này sẽ tiếp diễn một khoảng thời gian nhưng sẽ sớm cải thiện. </THE-DEVIL-ONE >
<THE-TOWER-ONE >Lá bài này cho biết bạn có thể sẽ gặp khó khăn về tài chính do những khoản chi tiêu ngoài dự kiến. Việc kinh doanh của bạn có thể không sinh đủ lợi nhuận và điều này sẽ đáng lo ngại. Có khả năng bạn sẽ mất đi một khách hàng lớn hay một dự án lợi nhuận cao nhất. </THE-TOWER-ONE >
<THE-STAR-ONE >Những dự án và cơ hội kinh doanh mới sẽ đến với bạn và giúp bạn có được nguồn thu đáng kể. Triển vọng khá tươi sáng và có thể bạn sẽ thu được lợi nhuận trong tương lai. Bạn cần lưu ý không vung tay quá trán khi ăn mừng bởi chi tiêu có thể vượt quá tầm kiểm soát mà bạn không nhận ra. </THE-STAR-ONE >
<THE-MOON-ONE >Lá bài này cho biết bạn sẽ không hài lòng đôi chút về tình hình tài chính. Có người sẽ trả bạn tiền vay gốc nhưng không trả tiền lãi. Họ có thể coi điều đó là mặc nhiên, nhưng bạn sẽ biết cách giải quyết. </THE-MOON-ONE >
<THE-SUN-ONE >Lá bài này cho biết bất kỳ dòng tiền ngưng trệ nào sẽ được khai thông và những cơ hội mới sẽ gõ cửa nhà bạn. Nếu bạn gặp vướng mắc với ngân hàng hay trong lúc vay tiền thì nó sẽ được giải quyết. Những nguồn thu nhập mới sẽ khai mở và những thông tin tài chính tốt đẹp sẽ sớm đến qua thư. </THE-SUN-ONE >
<JUDGEMENT-ONE >Lá bài này cho biết đây sẽ là một giai đoạn tốt đẹp về tài chính đối với bạn. Nếu có bất kỳ phán quyết về tài chính nào được thông qua thì khả năng cao chúng sẽ có lợi cho bạn. Sẽ có những khoản lợi nhuận dưới dạng cổ tức hay tiền trả nợ và tình hình tài chính của bạn sẽ sớm cải thiện. </JUDGEMENT-ONE >
<THE-WORLD-ONE >Lá bài này cho biết bạn sẽ thu được tiền từ những nguồn bất ngờ nhất. Bạn sẽ sớm nhận được một khoản tiền hay được thưởng do những nỗ lực làm việc chăm chỉ. Những khoản tiền nhỏ sẽ đến từ nhiều nguồn khác nhau. </THE-WORLD-ONE >
<THE-FOOL-ONE >Lá bài này cho biết nếu tiền của bạn vướng mắc tại đâu đó thì nó sẽ sớm được khai thông. Trong giai đoạn này, bạn cùng với gia đình hay người thân sẽ mở một công việc kinh doanh mới hoặc quyết định đầu tư lớn. Đây sẽ là một quyết định quan trọng của cuộc đời bạn, do đó cần phải cân nhắc lợi hại trước khi quyết định.</THE-FOOL-ONE >
    </ROOT>
