<ROOT>
<ACE-OF-CUPS-ONE >Dette kort indikerer, at alt ser godt ud, når det kommer til dit helbred. Du vil føle dig frisk og energisk, både fysisk og mentalt, og du vil næppe have nogen skavanker. Du vil også bevæge dig mere hen imod spiritualitet, som vil give dig en endnu bedre tilstand. </ACE-OF-CUPS-ONE >
<TWO-OF-CUPS-ONE >Dette kort viser, at tingene er lidt forstyrret med hensyn til helbred, da du kæmper for at holde trit med en elskedes velbefindende, og dette vil medføre bekymringer og nogle gentagne besøg på hospitalet. </TWO-OF-CUPS-ONE >
<THREE-OF-CUPS-ONE >Dette kort indikerer at du vil gå en festlig tid i møde og du vil forkæle dig selv mere, end hvad der er godt for dig. Dette vil medføre alvorlige sundhedsmæssige bekymringer, du skal være opmærksom på. Hvis du ikke træffer de rette foranstaltninger, er du måske nød til at tage på hospitalet eller til afvænning. </THREE-OF-CUPS-ONE >
<FOUR-OF-CUPS-ONE >Dette kort viser at du er for stresset, og det kan medføre, at din krop går i stykker. Du skal lære at slappe af, på trods af du har professionelle forpligtelser. Dette kan godt være frustrerende, men i sidste ende vil du få det bedre, og det vil også give dig et nyt syn på livet. </FOUR-OF-CUPS-ONE >
<FIVE-OF-CUPS-ONE >Dette kort viser, at du vil blive udsat for meget arbejdspres og mange rejsedage, dette vil gøre dig udmattet og ekstremt træt. Det kan også påvirke dit helbred mere alvorligt end forventet og give dig problemer. Du skal være opmærksom på mave smerter. </FIVE-OF-CUPS-ONE >
<SIX-OF-CUPS-ONE >Dette kort indikerer, at du ikke har det godt, og denne rastløshed påvirker din krop fysisk og mentalt. Men du vil tage dig sammen, for at afslutte visse opgaver, for så at tage en pause, som vil hjælpe din krop til at restituere. </SIX-OF-CUPS-ONE >
<SEVEN-OF-CUPS-ONE >Dette kort viser, at din krop viser symptomer på at du har en sygdom, der kræver at du slapper af. Du kan blive ramt af nogle lidelser, som du bliver nødt til at håndtere. Der kan være nogle problemer i forbindelse med dine lemmer eller dine øjne, og du bliver nødt til at slappe af i et stykke tid, for at restituere. </SEVEN-OF-CUPS-ONE >
<EIGHT-OF-CUPS-ONE >Dette kort indikerer, at du med tiden vil få dårligere syn og miste håret, og der vil komme en periode hvor du skal tage medicin. Dette vil hæmme dine daglige pligter lidt, hvilket kan frustrere dig, men der vil ikke være noget større, du skal at bekymre dig om og dit helbred vil hurtigt blive bedre. Dine kære vil tage sig af dig, mens du bliver rask. </EIGHT-OF-CUPS-ONE >
<NINE-OF-CUPS-ONE >Dette kort viser, at du nu står overfor eller snart skal stå over for en vis isolation eller depression, på grund af op- og nedture i dit liv. Du vil være i en sårbar position lige nu og vil føle, at ingen forstår dig. Denne forstyrrende ramme i sindet, kan forårsage nervøsitet og at du vil tage piller. </NINE-OF-CUPS-ONE >
<TEN-OF-CUPS-ONE >Dette kort indikerer, at din travle og nuværende tidsplan, vil give dig en ubalanceret kost, og det kan føre til nogle maveforstyrrelser. Denne pludselige tidsplan, kan føre til isolation eller søvnløshed, som kun vil vare et stykke tid. Du vil træffe de nødvendige foranstaltninger og vil snart være frisk igen. </TEN-OF-CUPS-ONE >
<PAGE-OF-CUPS-ONE >Dette kort viser, at med de udfordringer, som du står overfor nu, vil du være meget følsom, og du kan let blive påvirket. Denne sindstilstand kan vise sig at være dårligt for dit helbred, fysisk eller mentalt. Pas på, da du kan blive udsat for uheld. </PAGE-OF-CUPS-ONE >
<KNIGHT-OF-CUPS-ONE >Dette kort indikerer, at alt relateret til dit helbred, vil være meget bedre nu. Hvis du allerede lider af en sygdom og besøger lægen, så vil du bemærke, at din tilstand vil blive bedre, på trods af at du muligvis vil få dårlige nyheder. Du bliver nødt til at tro på dig selv og passe godt på din krop. </KNIGHT-OF-CUPS-ONE >
<QUEEN-OF-CUPS-ONE >Dette kort viser, at du vil blive mentalt drænet, på grund af personligt og professionelt pres, og du kan til tider føle dig hjælpeløs. Der kan være symptomer på fortvivlelse, der gør at du vil rådføre dig med en læge og nogle pårørende, men tingene bliver gradvist bedre. </QUEEN-OF-CUPS-ONE >
<KING-OF-CUPS-ONE >Dette kort indikerer at der kan være nogle forstyrrende situationer, som vil gør at du føler dig skuffet og vil tvinge dig til at tro, at du ikke er god nok til denne verden eller mangler visse egenskaber. Lad ikke disse omstændigheder føre til et misbrug. </KING-OF-CUPS-ONE >
<ACE-OF-PENTACLES-ONE >Dette kort indikerer, at du er villig til at lave nogle sunde forandringer i dit liv. Hvis du lider af en form for sygdom, så er dette en god tid til hurtigt restitution, og du vil snart være meget mere frisk. Du vil ende med at være helt rask. </ACE-OF-PENTACLES-ONE >
<TWO-OF-PENTACLES-ONE >Du vil føle dig træt og drænet på grund af lange arbejdstimer og forskellige ansvarsområder. Disse omstændigheder kan være hårde ved din krop, men du bliver nødt til at forsøge at finde en balance, så du ikke ender med at blive et offer for situationen. </TWO-OF-PENTACLES-ONE >
<THREE-OF-PENTACLES-ONE >Dette kort indikerer, at et følelsesmæssigt sammenbrud eller et abrupt møde, vil føre dig til nogle giftige påvirkninger. Dette kan tage hårdt på dit helbred, så du bliver nødt til at være forsigtig. Du bliver nød til at vente med hvile, da du har mange ting foran dig. </THREE-OF-PENTACLES-ONE >
<FOUR-OF-PENTACLES-ONE >Dette kort viser, at du kommer til at stå over for nogle problemer, med et allerede eksisterende medicinsk problem og måske bliver nødt til at gå på hospitalet. Du vil sammen med dine nærmeste, søge hjælp og rådgivning. Flere ting kan godt tage overhånd og du bliver nødt til at være stærkt nu. </FOUR-OF-PENTACLES-ONE >
<FIVE-OF-PENTACLES-ONE >Dette kort indikerer, at du har forsømt dit helbred på det seneste, og derfor er en mindre lidelse måske blevet værre, men ikke noget alvorligt. På grund af dette, er du måske nødt til at gå til en læge for at blive undersøgt. </FIVE-OF-PENTACLES-ONE >
<SIX-OF-PENTACLES-ONE >Dette kort viser, at du skal være ekstra forsigtig med hensyn til dine omgivelser. Du kan blive udsat for ulykker og skal derfor være opmærksom og forsigtig på alt omkring dig. Dette er en kritisk tid, og hvis du ikke er forsigtig, kan det føre til en uønsket ende. </SIX-OF-PENTACLES-ONE >
<SEVEN-OF-PENTACLES-ONE >Dette kort indikerer, at du står over for en meget urolig periode, og du vil forsøge at undgå for meget engagement eller fysisk arbejde. Du undgå at lave noget, der ville kræve for meget af din tid og koncentration, og det vil gøre at du ufrivilligt undgår arbejde. </SEVEN-OF-PENTACLES-ONE >
<EIGHT-OF-PENTACLES-ONE >Dette kort viser, at du skal bruge fugtighedscreme og solfaktor, da din hud kan være sårbar. Du kommer til at rejse meget pga. dit arbejde, og det kan påvirke din kost og føre til problemer med maven. </EIGHT-OF-PENTACLES-ONE >
<NINE-OF-PENTACLES-ONE >Dette kort indikerer at du eller en dine nærmeste, vil blive raske efter længere tids sygdom eller en ulykke, de har været udsat for. Der er også en mulighed for, at en person, du kender rigtig godt, kommer til at skulle kæmpe med et større helbreds problem. Du vil hjælpe dine slægtninge, men du vil hellere ud og opleve noget, så du kan slappe af. </NINE-OF-PENTACLES-ONE >
<TEN-OF-PENTACLES-ONE >Dette kort viser, at du måske har nogle personlige problemer, som vil forstyrre dig. Der vil være nogen tæt på din familie, der skal have lægehjælp, og du vil lede dem hen i mod en ny livsstil. </TEN-OF-PENTACLES-ONE >
<PAGE-OF-PENTACLES-ONE >Dette kort indikerer at du føler dig meget urolig og rastløs. Du kan have problemer med din krop. Du kan føle en slags skyld, hvilket kan være enormt forstyrrende for dig og som du gerne slippe af med. Du skal tage medicin for dine kropsmerter, og du vil måske også skulle tage sovepiller, på grund af søvnløshed. </PAGE-OF-PENTACLES-ONE >
<KNIGHT-OF-PENTACLES-ONE >Socialforvaltningen kan være behjælpeligt, hvis nogen ikke forsøger at drage utilbørlig fordel af dig, dette skal du være opmærksom på. Du vil føle dig urolig og ophidset på grund af dette, men du vil være i stand til at tage et modigt skridt. Du vil forsøge at holde dig aktiv, i stedet for at forholde dig passiv, da dette vil forhindre dig i at tænke over ting, som du helst vil glemme. </KNIGHT-OF-PENTACLES-ONE >
<QUEEN-OF-PENTACLES-ONE >Dette kort angiver, at det vil være bedst at bruge naturlige hjælpemidler og naturlige metoder til helbredelse og udrensning. Hvis du, eller en af dine nærmeste, skal komme sig efter en sygdomsperiode, er det et godt tidspunkt for restitution. </QUEEN-OF-PENTACLES-ONE >
<KING-OF-PENTACLES-ONE >Dette kort viser, at du er på vej mod et godt helbred, fysisk og mentalitet. Hvis du er ved at komme dig, efter en skade eller en sygdom, vil du se store forbedringer. Selv om at der kan være problemer, med hensyn til noget medicinsk papirarbejde, så vil du snart få styr på det. </KING-OF-PENTACLES-ONE >
<ACE-OF-SWORDS-ONE >Dette kort indikerer, at du føler dig træt og deprimeret og at du søger medicinsk hjælp. Familiemedlemmer vil hjælpe dig, og der er også chance for, at du søge nye veje, for at finde en kur imod din sygdom, og dette vil vise sig gavnligt. </ACE-OF-SWORDS-ONE >
<TWO-OF-SWORDS-ONE >Dette kort viser, at dit helbred er meget svingende, og du kan virke lidt rastløs. Der kan være mindre sundhedsrelaterede problemer, men du bliver nødt til at pleje dit helbred, når du ikke har det godt, ellers er der risiko for at du får en infektion eller mild feber og kan blive forkølet. </TWO-OF-SWORDS-ONE >
<THREE-OF-SWORDS-ONE >Dette kort indikerer, at du vil føle dig meget slidt og have brug for at slappe af og tage fri fra arbejde. Der kan være hændelser, der gør at du skal anstrenge dig mere og kan gøre dig fysisk udmattet, men du bliver nødt til holde ud, for dit eget bedste. Dit dårlige helbred vil bekymre dine familiemedlemmer, og det er muligt at de vil kontakte en læge. </THREE-OF-SWORDS-ONE >
<FOUR-OF-SWORDS-ONE >Dette kort viser, at du snart vil restituere dig og dine mentale og følelsesmæssige bekymringer snart vil være forbi, eller i det mindste blive nemmere at håndtere. Dit fysiske helbred kan være lidt slidt, og det vil kræve, at du gennemgår nogle tests eller medicinske behandlinger. Din læge vil være til stor hjælp for dig. </FOUR-OF-SWORDS-ONE >
<FIVE-OF-SWORDS-ONE >Dette kort indikerer, at du vil blive stresset og frustreret på grund af en sygdom, der nægter at forsvinde. Du vil blive nød til at tage på hospitalet flere gange, hvilket vil gøre dig endnu mere frustreret, og du vil føle dig hjælpeløs, men du vil forsøge at være stærk. </FIVE-OF-SWORDS-ONE >
<SIX-OF-SWORDS-ONE >Dette kort viser, at du går en meget hård tid i møde, med hensyn til dit helbred. Du kan blive påvirket drastisk, pga. en alvorlig ulykke eller en sygdom. Du kan også selv komme ud for en ulykke, der rammer især dine ben eller knæ. Der er også chancer for indlæggelse i et stykke tid, men i sidste ende vil det hele blive bedre for dig. </SIX-OF-SWORDS-ONE >
<SEVEN-OF-SWORDS-ONE >Dette kort indikerer, at du er ved at blive stresset og det forårsager også masser af mentalt og fysisk stress. Du vil have for travl med at håndtere forskellige ting, og dette kan have en negativ indvirkning på dig, især på dit sind og krop. Du skal tage dig tid til at slappe af og restituere dig selv og din krop. </SEVEN-OF-SWORDS-ONE >
<EIGHT-OF-SWORDS-ONE >Dette kort viser, at du kan komme d for en mindre ulykke, hvis du ikke er forsigtig. Du bliver nødt til at være ekstra forsigtig nu, da kortet tyder på, at du kan komme ud for et uheld, på grund af nogle risikable opgaver derhjemme. Du skal også være forsigtig, når du kører bil eller krydser gader. Denne fase vil dog snart være ovre. </EIGHT-OF-SWORDS-ONE >
<NINE-OF-SWORDS-ONE >Dette kort indikerer, at du bliver nødt til at møde nogle ubehagelige situationer, i dit personlige eller professionelle liv, som vil føre til depression. Der kan også være uregelmæssigheder i din kost, som kan føre til nogle maveforstyrrelser, men en af ​​dine nærmeste vil hjælpe dig ud af denne situation. </NINE-OF-SWORDS-ONE >
<TEN-OF-SWORDS-ONE >Dette kort viser, at du nu har besluttet dig for at tage ansvaret for dit helbred og vil give slip på fortiden og omfavne fremtiden. Du vil sætte dig visse mål, med hensyn til dit helbred og vil lave nogle livsstilsændringer, for at hjælpe med at nå disse mål. </TEN-OF-SWORDS-ONE >
<PAGE-OF-SWORDS-ONE >Dette kort indikerer, at du vil blive udsat for et mentalt pres, især relateret til arbejde, men du vil klare det med tålmodighed og ro. Der er chancer for, at du måske har nogle rygsmerter eller måske skal du besøge tandlægen. Alligevel vil du generelt være høj på energi og vil bruge tid sammen med dine nærmeste. </PAGE-OF-SWORDS-ONE >
<KNIGHT-OF-SWORDS-ONE >Dette kort viser, at dit helbred vil være svingende. Du vil være bedre stillet mentalt og vil komme dig oven på en stressende periode, samt andre problemer. Din familie har brug for dig nu, da der med stor sandsynlighed, vil komme dårlige nyheder omkring et familiemedlem eller en ven af familien. </KNIGHT-OF-SWORDS-ONE >
<QUEEN-OF-SWORDS-ONE >Dette kort indikerer, at du nu skal til at multitaske mellem personlige og faglige prioriteter, og du vil gøre dit bedste, for at klare alle dine forpligtelser. Som følge heraf kan du føle dig slidt og træt, men på en eller anden måde vil det lykkes dig, at klare dig gennem alle dine forpligtelser. </QUEEN-OF-SWORDS-ONE >
<KING-OF-SWORDS-ONE >Dette kort viser, at det vil gå dårligt for dig mht. dit helbred. Du vil være mentalt frustreret og fysisk udmattet og måske vil du være nødt til at tage medicin, imod mindre problemer. Der er også chance for at en af ​​din nærmeste vil blive indlagt. </KING-OF-SWORDS-ONE >
<ACE-OF-WANDS-ONE >Dette kort indikerer at du vil være mere opmærksom på dit helbred og i tilfælde af sygdom fysisk eller mentalt, vil du nu søge en anden form for medicinering. Nogen vil foreslå naturmedicin, til at helbrede visse lidelser på, og du vil tage imod disse råd. </ACE-OF-WANDS-ONE >
<TWO-OF-WANDS-ONE >Dette kort viser, at du overbelaster din krop, hvilket begynder at kunne ses. Du bliver nødt til at begynde at tage kunstige mineraler, for at hjælpe din krop og dit sind. Du får ikke en afbalanceret kost, hvilket kan vise sig at være farlig i fremtiden, og det anbefales at du begynder at leve et sundere liv. </TWO-OF-WANDS-ONE >
<THREE-OF-WANDS-ONE >Dette kort indikerer, at du er meget bekymret for en af dine nærmestes helbred. I processen bliver du stresset og kan have brug for hvile. Overbelast ikke dig selv, da dette kan være farligt. Du skal muligvis også besøge tandlægen meget snart. </THREE-OF-WANDS-ONE >
<FOUR-OF-WANDS-ONE >Dette kort viser, at du står over for nogle problemer i dit personlige liv, og det vil gøre dig stresset. Der kan være visse andre problemer, som vil begynde at påvirke dit helbred, så du føler dig irriteret, og du kan også begynde at få uventet smerter i kroppen. </FOUR-OF-WANDS-ONE >
<FIVE-OF-WANDS-ONE >Dette kort indikerer, at du endelig er kommet dig over de skavanker du havde og at du endelig har et godt helbred og er rask både i krop og sjæl. Du vil med stor sandsynlighed tage på ferie med din partner, og det vil være en behagelig ferie. </FIVE-OF-WANDS-ONE >
<SIX-OF-WANDS-ONE >Dette kort viser, at du nu endelig indser, at det er tid til at tage en pause fra arbejdet og bruge lidt tid på dig selv. Denne pause vil være nyttig, da du vil deltage i flere sociale sammenkomster og forsøge at lave ting, som du kan lide. </SIX-OF-WANDS-ONE >
<SEVEN-OF-WANDS-ONE >Dette kort indikerer, at du involverer dig i flere aktiviteter end du kan håndtere, og det kan gøre dig stresset og dårlig. Men du vil næppe indse dette og du vil ende med at blive stresset. Glem ikke at passe på dig selv og dit helbred, når du skal arbejde. Du skal også huske at være opmærksom på hvad du spiser, især når du spiser ude. </SEVEN-OF-WANDS-ONE >
<EIGHT-OF-WANDS-ONE >Dette kort viser, at du er i godt humør og du føler dig sundt og rask, både i krop og sjæl og du vil være ekstra tiltrukket af din partner. Dette vil også føre til en romantisk udflugt og en del sensuelle aktiviteter, der vil gøre at du har travlt i et stykke tid. </EIGHT-OF-WANDS-ONE >
<NINE-OF-WANDS-ONE >Dette kort indikerer, at din fysiske tilstand skal igennem en dårlig fase og du vil føle dig forsømt og syg. Dette kan forårsage irritation, da du måske skal på hospitalet og også beskæftige dig med nogle juridiske papirer, som kan være trættende. </NINE-OF-WANDS-ONE >
<TEN-OF-WANDS-ONE >Dette kort viser, at dit arbejde eller nogle personlige problemer vil tage hårdt på dig og at du har påtaget dig for mange forpligtelser, og dette vil få dig til at føle dig fysisk drænet. Der er næppe tid til at hvile, da du konstant skal være på tæerne og dette kan resultere i en eller anden form for sygdom. Du bliver nødt til at tage det roligt og gøre tingene i et lavere tempo. </TEN-OF-WANDS-ONE >
<PAGE-OF-WANDS-ONE >Du bliver nødt til at tage medicin, for en mindre eller mere alvorlig sygdom. Dette kort angiver, at du føler dig irritabel, på grund af de ting der sker omkring dig, dette kan være med hensyn til arbejde eller personlige problemer. Du bliver nødt til at være tålmodig og praktisk i din tilgang. </PAGE-OF-WANDS-ONE >
<KNIGHT-OF-WANDS-ONE >Dette kort viser, at din krop skal igennem nogle hårde aktiviteter, da du er fanget mellem mange ting, og du vil føle dig svimmel og træt. Dette kan også have noget at gøre med din mentale tilstand. </KNIGHT-OF-WANDS-ONE >
<QUEEN-OF-WANDS-ONE >Dette kort viser, at du har meget energi og føler dig inspireret til at foretage nogle konstruktive ændringer i din livsstil, for at forbedre dit helbred. Du er villig til at ændre visse ting i dit liv og forsøge en mere afbalanceret levemåde. </QUEEN-OF-WANDS-ONE >
<KING-OF-WANDS-ONE >Dette kort indikerer, at du er villig til at lave nogle improvisationer med hensyn til dine sundheds- og fitnessregimer og du vil også konsultere en ernæringsekspert. Der kan være nogle følelsesmæssige problemer, som ængstelse og angst, eller du kan lide af smerter. </KING-OF-WANDS-ONE >
<THE-MAGICIAN-ONE >Dette kort indikerer at du vil gå en stressende tid i møde. Noget arbejdes og hjemrelaterede problemer vil tage hårdt på dig, og du vil ikke være i stand til at finde en løsning på dine sundhedsproblemer, på grund af flere komplikationer og usikre resultater. Du bliver nødt til at besøge flere læger, før du finder den rigtige løsning. </THE-MAGICIAN-ONE >
<THE-HIGH-PRIESTESS-ONE >Dette kort viser, at du måske har haft en hård tid og været igennem en hel del, og dette kan have påvirket din mentale eller fysiske stabilitet. Men du går bedre tider i møde, og vil være mere afslappet og begynde at få det bedre, meget snart. </THE-HIGH-PRIESTESS-ONE >
<THE-EMPRESS-ONE >Dette kort indikerer, at du måske skal igennem nogle problemer med din krop, især omkring halsen. Du bliver nødt til at komme i kontakt med den åndelige side af din krop og forsøge at kende din krops behov bedre og derefter gå til en fysioterapi eller begynde til yoga for at forynge dig selv. </THE-EMPRESS-ONE >
<THE-EMPEROR-ONE >Dette kort indikerer, at der kan være nogle alvorlige problemer i forbindelse med dit helbred. Det er nødvendigt at være ekstra forsigtig og pleje dig selv, for at tage dig ud af dine smerter. Du vil får styrke til at bekæmpe sygdommen, men det anbefales at du ikke forsømmer din krop igen. </THE-EMPEROR-ONE >
<THE-HIEROPHANT-ONE >Dette kort angiver, at du skal være mere opmærksom på dit helbred. Det er muligt at der kan komme problemer med lavt eller højt blodtryk og svær hoste og forkølelse. Regelmæssig lægecheck kan være vigtigt, for at forbedre din tilstand. </THE-HIEROPHANT-ONE >
<THE-LOVERS-ONE >Dette kort viser, at din krop er sundere nu og at du føler dig glad over det. Du vil sandsynligvis være mere fysisk dynamisk nu og vil virke mere aktiv. Du vil tage din krops behov alvorligt og vil forsøge at opbygge en balance mellem en sund krop og sind. </THE-LOVERS-ONE >
<THE-CHARIOT-ONE >Dette kort angiver, at du er dybt involveret i dit arbejde og andre aktiviteter og er ikke i stand til at tage dig af din krops behov. Hvis du fortsætter med dette, så kan du ende med at bliver syg på grund overbelastning, eller du kan føle dig meget rastløs mentalt. Dette er et godt tidspunkt at besøge din læge, for at få en helbredsundersøgelse og tage til et fredeligt sted i løbet af weekenden. </THE-CHARIOT-ONE >
<STRENGTH-ONE >Dette kort viser, at dit helbred vil være på sit højeste. Styrkekortet betyder fysisk og mentalt høj åndelighed og selvom der er nogle mindre problemer i forbindelse med din krop, så vil du nemt overvinde dem. Din viljestyrke og entusiasme, vil blive opmuntret og værdsat af folk omkring dig. </STRENGTH-ONE >
<THE-HERMIT-ONE >Dette kort indikerer, at du følelsesmæssigt føler dig forsømt og nede, og det kan dræne dig mentalt. Der er muligheder for at du kommer ud for lidelser, som vil resultere i at du skal til flere lægebesøg. Men det vil ikke vare længe, ​​og snart bliver det hele bedre. </THE-HERMIT-ONE >
<WHEEL-OF-FORTUNE-ONE >Dette kort viser, at du føler dig meget ustabil og på grund af arbejde og mentalt pres, vil du føle dig overbebyrdet og stresset. Der kan være en hel del negative tanker, som kan hjemsøge dig, men dette er kun en fase, og det vil passere meget snart. </WHEEL-OF-FORTUNE-ONE >
<JUSTICE-ONE >Dette kort viser, at der er chancer for at du vil besøge lægen til et normalt check og opdage et alvorligt problem. Dette kan komme som en overraskelse, men lægen vil have tilstrækkelig ekspertise, til at hjælpe dig med at slippe af med dette nye helbredsproblem. </JUSTICE-ONE >
<THE-HANGED-MAN-ONE >Dette kort indikerer at du føler dig rastløs og ivrig efter noget. Det er på tide, at du giver dit sind og din krop en smule hvile, før den begynder at vise tegn på sygdom, det vil også hjælpe, hvis du holder dig væk fra situationer eller folk, der anspore din angst. </THE-HANGED-MAN-ONE >
<DEATH-ONE >Dette kort viser at noget omkring dig gør dig meget ulykkelig. Du vil rådføre dig omkring nogle alvorlige sygdomme. Du bliver nødt til at tvinge dig selv til at se på den lyse side og kun dette vil hjælpe dig med at overvinde alt det dårlige, der sker omkring dig. Du vil få masser af kærlighed og omsorg fra din familie nu. </DEATH-ONE >
<TEMPERANCE-ONE >Dette kort indikerer, at du ikke har tid til at besøge lægen, på grund af din travle tidsplan og dette kan medføre, at problemet forstørres i den nærmeste fremtid. Du bliver nødt til at være opmærksom på dit helbred og prioritere anderledes, ved at gå til lægen i tide og blive helbredt. </TEMPERANCE-ONE >
<THE-DEVIL-ONE >Dette kort viser, at udmattelse og konstant bekymring, vil få dig til at føle dig sløv og træt. Du er ikke opmærksom på det i første omgang, men i sidste ende vil du bemærke, at du arbejder lidt for meget, og det får dig til at undgå andre ting og du vil konstant føle sig stresset. Dette kan tilskynde dig til at tage piller. </THE-DEVIL-ONE >
<THE-TOWER-ONE >Dette kort indikerer, at du bliver nødt til at gå igennem en uheldig hændelse, der kan forårsage nogle besøg på hospitalet. Du vil komme ud for en stressende tid, på grund af dette kaos, men du vil overleve. Der kan også være et familiemedlem, der vil hjælpe dig under disse trættende tider. </THE-TOWER-ONE >
<THE-STAR-ONE >Dette kort viser, at noget vil inspirere dig og du vil få en ny tanke i dit sind og med hjælp fra en ven, vil du lave en plan for dit velbefindende. Denne proces kan være lidt kedelig og du må muligvis gå igennem en tid, med lægeundersøgelser og tests, men du vil være glad for at du tog denne beslutning. </THE-STAR-ONE >
<THE-MOON-ONE >Dette kort indikerer, at du vil stå over for nogle generelle helbredsproblemer, der endnu ikke er kommet frem eller kun lige er begyndt. Disse problemer kan virke små, men vil have brug for din opmærksomhed, da de kan blive værre, hvis du forsømmer dem. Du vil også stå over for nogle knæsmerter og rygproblemer. </THE-MOON-ONE >
<THE-SUN-ONE >Dette kort viser, at du føler dig lidt umotiveret og slidt. Du vil nu analysere dig selv og forsøge at finde ud af hvad der er galt. Der er ikke tegn på nogen fysiske lidelser. Du vil læse mere omkring helbred og trivsel, for en af ​​dine kære. </THE-SUN-ONE >
<JUDGEMENT-ONE >Dette kort indikerer, at du måske er udsat for fysisk ustabilitet, på grund af stress eller ukorrekt kost. Du vil have bekymringer om en elskedes sundhed og du vil gøre dit bedste for at hjælpe dem. Adskillige besøg på hospitalet eller møder med læger, vil tage det meste af din tid. </JUDGEMENT-ONE >
<THE-WORLD-ONE >Dette kort viser, at du måske allerede har en lidelse eller en skade og at du skal restituerer. Du vil se at du langsomt men sikkert gør fremskridt, selvom der er chancer for, at visse misforhold kan føre til nogle problemer. Det anbefales, at du får mere viden om dine helbredsproblemer og træffer foranstaltninger i overensstemmelse hermed. </THE-WORLD-ONE >
<THE-FOOL-ONE >Dette kort indikerer at du er bekymret for dit helbred og vil gå til regelmæssig lægecheck. Dine tænder kan også have brug for lidt opmærksomhed nu, så du bliver nødt til at besøge en tandlæge. Du vil lære nye metoder til helbredelse fra en ven, og du vil være villig til at prøve disse metoder.</THE-FOOL-ONE >
</ROOT>
