<?xml version="1.0" encoding="utf-8" ?>
<ROOT>
<ACE-OF-CUPS-ONE >Tämä kortti näyttää todennäköisyytesi pistäytyä tunteellisen tärkeyden asioihin. On aika antaa sydämen ohjata sinua. Sinun on luotettava vaistoosi ja tehtävä mitä tunteesi sanovat. Tulet luultavasti tuntemaan intiimin myötätunnon- ja rakkauden siteen. Rakkauselämäsi pysyy luultavasti vahvana ja hohtavana. </ACE-OF-CUPS-ONE >
<TWO-OF-CUPS-ONE >Kortti osoittaa ensisijaista sidettä, rauhaa ja kiintymystä. Tämä kortti kertoo uuden yhteyden/kumppanuuden tekemisestä rakkaudessa, töissä, ystävyydessä tai muualla. On aika kokoontua eikä pysyä erillään. Jos jossain suhteessa/kumppanuudessa on konflikteja, selvitä ne ja tunne rauha. Anna anteeksi ja unohda. Tee uusia kahdenkeskeisiä siteitä ja jatka matkaasi optimistisesti. </TWO-OF-CUPS-ONE >
<THREE-OF-CUPS-ONE >Kortti osoittaa uutta intoa ja kiihkeyttä elämää kohtaan. Huomaat nauttivasi kaikista eteesi osuvista pienistä asioista. Tulet tapaamaan vanhoja ystäviä ja rakentamaan syvemmän luottamussiteen heidän kanssaan. Tulet tutustumaan uusiin ihmisiin yhteiskunnassa. Saatat löytää itsesi ryhmästä, joka työskentelee yhteistä tavoitetta kohti. </THREE-OF-CUPS-ONE >
<FOUR-OF-CUPS-ONE >Tämä kortti edustaa aikaa miettiä ja tutkia omia ajatuksiasi ja elämääsi. Saatat löytää itsesi ei-halutusta tilanteesta. Ajoittain saatat tuntea olosi apaattiseksi ja motivaatio saattaa puuttua. Sinun on avattava itsesi uusille mahdollisuuksille löytääksesi suunnan, jota olet etsinyt. Yritä olla epäitsekkäämpi ja kuuntele toisia löytääksesi paikkasi. </FOUR-OF-CUPS-ONE >
<FIVE-OF-CUPS-ONE >Tämä kortti merkitsee toivon menetystä, pettymystä ja alakuloisuutta elämässä menneiden asioiden takia. Voit tuntea olosi eksyneeksi tai päihitetyksi jo tapahtuneiden asioiden takia. Saatat katua menneitä päätöksiä ja ehkä toivot pääseväsi takaisin ajassa korjaamaan asiat. Tiedostat virheesi mutta et ajattele jäljellä olevia asioita. Sinun on päästettävä irti menneisyydestä, nähtävä hyvä tässä päivässä ja edistettävä tulevaisuutta. </FIVE-OF-CUPS-ONE >
<SIX-OF-CUPS-ONE >Kortti näyttää hyväntahtoisen ja viattoman näkökulmasi elämästä. Levität ilomielin iloa ilman omaa hyötyä. Voit tuntea olosi siunatuksi ja nautit toisten auttamisesta. Saatat alkaa huomata kaikkia pieniä asioista ja tulet etsimään tyytyväisyyttä niistä pienistä iloista. Tunnet ehkä olosi nostalgiseksi lapsuutesi suhteen. Jumalallinen rakkaus on ehkä myös tulevaisuudessasi. </SIX-OF-CUPS-ONE >
<SEVEN-OF-CUPS-ONE >Tämä kortti kertoo vain illuusioista ja unista. Ehkä annat mielesi laukata vapaana etkä keskity elämän tosiasioihin. Kohtaat ajan, jossa näet monia valintoja. On riski, että laiminlyöt terveytesi ja hemmottelet itseäsi ruoalla ja juotavalla. Laiskuus ja asioiden lykkäys ovat päävihollisesi. </SEVEN-OF-CUPS-ONE >
<EIGHT-OF-CUPS-ONE >Tämä kortti näyttää pyrkimyksesi etsiä syvempää tarkoitusta elämältä. Haluat avata elämäsi solmut ja hylätä toivottomat tilanteet. Saatat etsiä aitoa onnea oravanpyörään keskittymisen sijaan. Etsit sisäistä onnea ja saatat siirtyä pois menneisyydestä. Saatat käyttää enemmän aikaa henkisiin toimintoihin. </EIGHT-OF-CUPS-ONE >
<NINE-OF-CUPS-ONE >Kortti osoittaa unelmien täyttymyksen. Tulet saamaan mitä todella ansaitset ja haluat. Saatat tuntea olosi tyytyväisemmäksi elämässä, koska menestys on puolellasi. Vaalimasi unelmat voivat tulla toteen ja saavutat ehkä pitkään odotetut tavoitteesi. Haluat kokea ja arvostaa luksusta. Toivot nyt rentoutusta. Nauti tästä hyvästä ajasta niin kauan, kun voit. </NINE-OF-CUPS-ONE >
<TEN-OF-CUPS-ONE >Kortista kuvastuu elämäsi tuleva onni ja rauha. Voit tuntea ympärilläsi olevan onnen ja hyvän olon. Saatat huomata, että stressi ja kireydet vähenevät ja elämästä tulee helppoa ja harmonista. Tulet keskittymään rakkauteen ja ystävyyteen ja loistamaan molemmissa. Tulet jatkamaan omistautuneisuuttasi perhettäsi kohtaan ja tulet nauttimaan sosiaalisista tapaamisista ja tapahtumista. </TEN-OF-CUPS-ONE >
<PAGE-OF-CUPS-ONE >Kortista kuvastuu tunnepuolesi. Sinulla on taipumus kuunnella sydäntä eikä järkeä. Sinulla on taipumus ruveta tunteelliseksi ja herkäksi pienistä asioista. Katso itseesi ja luota intuitioosi neuvoja varten. On hyvä aika olla romanttisessa suhteessa, jossa tulet olemaan tunteellisesti läheinen häneen. Läheisempiä ystävyyssuhteita on kehitettävä. On myös aika korjata rikkinäisiä suhteita. </PAGE-OF-CUPS-ONE >
<KNIGHT-OF-CUPS-ONE >Kortti merkitsee kauniita tunteita ja myös vihjaa niiden liiallisuudesta. Ajoittain saatat olla tunteellisen rakastunut mutta voit yliampua rakkaudenosoituksesi. Mustasukkaisuus voi hiipiä romantiikkaasi. Olet herkkä silloin tällöin ja sinulla on tapana loukkaantua helposti. Olet ystävällinen ja älykäs. Unelmoit suurista asioista mutta lannistut myös helposti. </KNIGHT-OF-CUPS-ONE >
<QUEEN-OF-CUPS-ONE >Kortti edustaa herkkyyttä ja kypsyyttä tunteiden käsittelemisessä. Voit lähestyä kaikkia kohtaamiasi tilanteita huomaavaisesti ja ajattelevaisesti. Sinulla on tapana olla yhteydessä henkiseen puoleesi ja arvostat elämän syvempää tarkoitusta. Olet kärsivällinen. Eläydyt muiden tunteisiin ja olet ystävällinen ja mukava heikkoja kohtaan. Sinulla on tapana ymmärtää asioita kysymättä. </QUEEN-OF-CUPS-ONE >
<KING-OF-CUPS-ONE >Kortti edustaa viisasta ja suvaitsevaa asennetta. Sinulla voi olla syvä ymmärrys ihmisluonteesta. Voit olla hyvä opettaja. Voit pitää pääsi kylmänä kriisin tullen ja auttaa kun tunteet kirenevät. Tiedät mitä sanoa ja milloin. Tunnet myötätuntoa vähemmän onnekkaita kohtaan. Saatat olla avomielinen henkilö diplomaattisilla näkökulmilla. Johtajataitosi ovat valttia. </KING-OF-CUPS-ONE >
<ACE-OF-PENTACLES-ONE >Kortti suosittelee, että kokoat henkisen vahvuutesi ja kohdistat sen tavoitteisiisi. Saatat nähdä vaivannäkösi muuttuvan haluamiksesi tuloksiksi. Tämä tuo ajan myötä kasvua uraasi ja elämääsi ja rakentaa sinulle positiivisen mielentilan. Sinun on toimittava käytännöllisesti ja oltava realistinen elämässä. Jatka eteenpäin täynnä toivoa ja uskoa toisiin ja se palkitaan. </ACE-OF-PENTACLES-ONE >
<TWO-OF-PENTACLES-ONE >Kortti puhuu sopeutumiskyvystäsi ja yhteensopivuudestasi elämässä. Tulet tasapainottamaan käsittelemäsi asiat kunnolla ja jatkamaan eteenpäin nopein askelin. Tulet olemaan avoin uusille ideoille ja mahdollisuuksille, sekä henkilökohtaisessa että ammatillisessa elämässäsi. Tulet hoitamaan tapahtuvat muutokset tehokkaasti ja pitämään hauskaa samalla. Työ ja hauskanpito kulkevat käsi kädessä kohdallasi. </TWO-OF-PENTACLES-ONE >
<THREE-OF-PENTACLES-ONE >Potentiaalisi toimia erinomaisena tiimipelaajana korostuu tästä kortista. Tulet olemaan todella koordinoiva ja motivoiva vastaanottamissasi tehtävissä. Sinulla on tapana olla hyvin järjestelmällinen lähestymistavassasi. Pätevyydelläsi tulet saavuttamaan täydellisyyden työssäsi ja asettamasi tavoitteet. Tulet täten todistamaan taitosi kaikille, jotka sitä epäilivät. </THREE-OF-PENTACLES-ONE >
<FOUR-OF-PENTACLES-ONE >Kortti korostaa omistushaluasi ja vastustustasi muutokselle. Sinulla on tapana hamstrata materialistisia asioita ja olla jakamatta niitä muiden kanssa. Ahneus voi vallata mielesi. Yrität ehkä ottaa ympärilläsi olevat asiat hallintaan ja vaatia, että asiat tehdään tavallasi. Sinulla on ehkä myös tapana pitää asiat koskemattomana ja muuttamattomana tuoden yleistä lamaantuneisuutta elämän eri puoliin. </FOUR-OF-PENTACLES-ONE >
<FIVE-OF-PENTACLES-ONE >Kortti osoittaa vaikeiden aikojen vaiheen, sekä henkisesti että fyysisesti. Saatat kohdata rahallisia ongelmia tai joku ongelma voi ilmetä työpaikallasi. Voit kokea taitojen puutteen ja sinun on kasvatettava niitä. Saatat myös käydä vaiheen läpi, jossa tunnet tuen puutteen ja voit vajota yksinäisyyteen. Terveysongelmia voi myös olla. </FIVE-OF-PENTACLES-ONE >
<SIX-OF-PENTACLES-ONE >Tämä kortti puhuu harmaista mahdollisuuksista rahaan, valtaan ja älyyn. Sinulla joko on se tai sitten ei. Tulet olemaan asioiden vastaanottavassa tai antavassa päässä. Tämä pätee elämän jokaiseen aspektiin, olet joko siellä tai täällä. Joka tapauksessa, sinun tulisi ymmärtää ja analysoida tulevaisuutesi ja edistää sitä. </SIX-OF-PENTACLES-ONE >
<SEVEN-OF-PENTACLES-ONE >Kortti merkitsee tarvetta arvioida ja analysoida nykyistä elämäntilannettasi. Haluat ehkä ottaa taukoa seurataksesi edistymisiä tähän asti ja varmistaaksesi, että olet oikealla polulla. On vahva mahdollisuus, että koet menestyksen aidosta vaivannäöstäsi ja saavutat mailipylväät, joista olet unelmoinut. Saatat ajatella työsi/kotisi muuttamista. </SEVEN-OF-PENTACLES-ONE >
<EIGHT-OF-PENTACLES-ONE >Kortti näyttää äärimmäisen päättäväisyytesi ja silmän yksityiskohdille. Saatat olla sekaantunut tehtävään/tehtäviin ja pääset sukeltamaan töihin koko sydämelläsi. Tämä asenne auttaa sinua parantamaan ammattitaitoasi ja tietoasi työstämistäsi asioista. Tulet olemaan hyvin varovainen ja varmistamaan, että teet kaiken menetelmällisesti ja virheettömästi pienintä yksityiskohtaa myöten. </EIGHT-OF-PENTACLES-ONE >
<NINE-OF-PENTACLES-ONE >Kortti puhuu kurinalaisesta käyttäytymisestäsi itseuskolla ja kehittymisen janolla. Haluat ratkaista ongelmia ja käsitellä elämää hyvin järjestetyllä ja lajitellulla lähestymistavalla. Luotat omiin taitoihisi ja muutat potentiaalisi itse suorittamiseen. Tavoittelet täydellisyyttä ja yrität nauttia elämän paremmista asioista. Tavoitteesi on luksustäytteinen elämäntyyli. </NINE-OF-PENTACLES-ONE >
<TEN-OF-PENTACLES-ONE >Kortti näyttää varallisuuksien yltäkylläisyyden, jonka tulet tapaamaan. Nautit ehkä terveestä liikemenestyksestä, missä liikeasiasi kukoistavat. Tai saatat löytää hyvin palkatun työn. Tulet kuitenkin kokemaan rahallisen turvan. Voit räätälöidä suunnitelman turvataksesi itsesi ja perheesi pitkäksi ajaksi. Tämän kaiken keskellä, yrität käyttää kokeiltuja menetelmiä ja pysyä säännöissä kaikessa, mitä teet. </TEN-OF-PENTACLES-ONE >
<PAGE-OF-PENTACLES-ONE >Kortti suosittelee, että olet käytännöllinen elämässä ja tavoittelet unelmiasi täyttääksesi ne. Sinun on tehtävä töitä sen kanssa, mitä sinulla on ja käytettävä paljon henkistä ja fyysistä vahvuutta sen tekemiseen. Sinun tulisi jättää viivyttelevä asenteesi taaksesi ja pitää jalat maassa. Sinun tulisi käyttäytyä vastuullisesti ja luotettavasti ja luottaa ihmisiin, joiden kanssa työskentelet. </PAGE-OF-PENTACLES-ONE >
<KNIGHT-OF-PENTACLES-ONE >Kortti puhuu liiallisesta taipumuksesta elämän positiivisiin asioihin. Kun päätät seurata tavoitetta, pysyt itsepäisenä, et kuuntele ketään etkä suostu antamaan periksi edes toivottomassa tilanteessa. Olet konservatiivinen, pelkäät riskejä ja siksi saatat menettää helppoja tilaisuuksia joskus. Tarkkuuden etsintäsi voi joskus muistuttaa pakkomiellettä. Käytännöllisyytesi tekee sinusta pessimistisen. Teet niin kovin töitä, että et huomaa ympärilläsi olevaa kaunista maailmaa. </KNIGHT-OF-PENTACLES-ONE >
<QUEEN-OF-PENTACLES-ONE >Tämä kortti näyttää maanläheisen, inspiroivan ja anteliaan luonteesi. Välität ympärilläsi olevista ihmisistä ja rakastat heitä epäitsekkäällä tavalla. Sinulla on suuri sydän ja haluat levittää iloa ja onnea epäitsekkäällä asenteellasi. Olet uskollinen ja luotettava ihminen. Et haaskaa asioita ja saat pienen riittämään pitkälle. Muut tuntevat olonsa mukavaksi ympärilläsi vaatimattoman ja miellyttävän luonteesi takia. </QUEEN-OF-PENTACLES-ONE >
<KING-OF-PENTACLES-ONE >Kortti korostaa huomattavia taitojasi elämän eri vaiheissa. Yrittäjyystaitosi tuovat sinulle sekä rahallista että henkistä tyydytystä elämässä. Sinuun voi luottaa kriisin tullen. Sopeutuva luonteesi auttaa sinua kaikissa tilanteissa. Rohkaiseva asenteesi auttaa ympärilläsi olevia ihmisiä. Olet rauhallinen, täsmällinen ja ahkera. </KING-OF-PENTACLES-ONE >
<ACE-OF-SWORDS-ONE >Kortti näyttää, että tulet löytämään henkisen valaistumisen ja selvittämään asiat omalla tavallasi. Terävällä älylläsi ja päättelykyvylläsi, tulet oppimaan monia elämän faktoja. Henkisen vahvuutesi takia tulet hitaasti siirtymään pois vaikeasta tilanteesta ylittämällä jokaisen esteen. Sinulla on ehkä tapana taistella oikeuden puolesta ja tulet jatkamaan totuuden ja rehellisyyden suuntaan. </ACE-OF-SWORDS-ONE >
<TWO-OF-SWORDS-ONE >Kortti näyttää tunteiden vastustamisen ja aitojen tunteiden tukahduttaminen. Saatat salata ahdinkosi muilta ja yrität ylläpitää kylmän ulkokuoren. Saattaa tulla aikoja, jossa löydät itsesi epämukavista tilanteista, joissa epäröit päätöksen tekoa tai toimimista. Sinulla on ehkä tapana vältellä tosiasioita ja totuutta. Tilanne tulee pysymään sellaisenaan toimettomuutesi vuoksi. </TWO-OF-SWORDS-ONE >
<THREE-OF-SWORDS-ONE >Tämä kortti vihjaa, että saatat kohdata henkisesti alakuloisia aikoja. Saatat päätyä loukkaamaan jonkun tunteita tai päin vastoin. Huonoja uutisia voi olla matkalla. Hylätyksi tulemisen tunne on riski. Saatat tuntea, että kukaan ei ole paikalla sinua varten, kun tarvitset sitä eniten. Yksinäisyys voi kalvata mieltäsi. Opit ehkä salaisuuksia läheisistä ihmisistä ja ne saattavat ahdistaa sinua. Läheinen ihminen voi myös pettää luottamukseesi. </THREE-OF-SWORDS-ONE >
<FOUR-OF-SWORDS-ONE >Kortti vihjaa, että sinun tulisi ottaa rennosti rasittamatta itseäsi. Sinun tulisi ottaa tauko päivittäisestä rutiinistasi ja löytää rauha ja hiljaisuus. Anna vartalosi ja mielesi rentoutua. Hyödynnä tämä vapaa-aika ja mieti missä seisot elämässä, mitä haluat saavuttaa, mitä olet tehnyt yms. Valmistaudu tulevaa varten turvaamalla nykyinen asemasi. </FOUR-OF-SWORDS-ONE >
<FIVE-OF-SWORDS-ONE >Kortti kuvastaa itsekeskeisen mielentilan ja epäharmonisen asenteen toisia kohtaan. Sinulla on ehkä tapana ajatella vain omia etujasi ennen kuin teet jotain. Saatat pitää toisten näkökulmien ja mielipiteiden käsittelyä vaikeana. Onnistut ehkä aiheuttamaan pahansuopaisuutta ihmisten seassa. Saatat ylläpitää menestystä käyttäen vääriä keinoja. </FIVE-OF-SWORDS-ONE >
<SIX-OF-SWORDS-ONE >Kortti painottaa elämän eri ylä-ja alamäkiä. Saatat tuntea olosi voimattomaksi ja masentuneeksi, mitä ikinä teetkin. Terveydentilasi voi olla huono. Sinun on ehkä otettava aikaa itsellesi parantuaksesi ja käsitelläksesi elämäsi henkisiä tilanteita. Tulet näkemään maailman uudella toivolla ja tulet jatkamaan tulevaisuutta kohti positiivisella mielentilalla. Saatat matkustaa paikasta toiseen etsien seikkailuja ja muutoksia. </SIX-OF-SWORDS-ONE >
<SEVEN-OF-SWORDS-ONE >Kortti puhuu tavastasi vältellä vastuitasi ja ympärilläsi olevia velvollisuuksia. Piilottelet totuutta välttääksesi tosiasioiden kohtaamisen. Sinulla on ehkä tapana pysytellä yksin syrjässä ja ylläpidät hyvää välimatkaa ympärilläsi olevaan sosiaaliseen maailmaan. Tämän eristyskauden aikana, saatat kehittää petollisen asenteen ja aika ajoin käyttäytyä tekopyhästi. </SEVEN-OF-SWORDS-ONE >
<EIGHT-OF-SWORDS-ONE >Tämä kortti näyttää synkkiä ja tummia aikoja edessäpäin. Saatat tuntea olosi kahlituksi tilanteista ja oman elämäntavan löytäminen voi olla vaikeaa. Saatat tuntea olosi hämmentyneeksi useimmissa olosuhteissa seuraavaan askeleen liittyen. Sinulta puuttuu ehkä keskittymiskyky siirtyä eteenpäin ja saatat etsiä apua ulkopuolelta. Tunnet ehkä asioiden lähtevän hallinnasta ja voit vain seisoa aloillasi ja katsoa. </EIGHT-OF-SWORDS-ONE >
<NINE-OF-SWORDS-ONE >Tämä kortti näyttää ahdistuksen ja kireyden vaiheen. Saatat kehittää syyllisyydentunteen jostain menneestä asiasta ja pidät itsesi anteeksi antamista vaikeana. Saatat haluta palata ajassa takaisin korjaamaan tekosi. Ajaudut vaihetta kohti, jossa saatat menettää uskosi itseesi ja tuntea olosi masentuneeksi. Aika ajoin saatat myös tuntea itsesi henkisesti rikkinäiseksi. </NINE-OF-SWORDS-ONE >
<TEN-OF-SWORDS-ONE >Tämä kortti näyttää ahdistuksen ja kireyden vaiheen. Saatat kehittää syyllisyydentunteen jostain menneestä asiasta ja pidät itsesi anteeksi antamista vaikeana. Saatat haluta palata ajassa takaisin korjaamaan tekosi. Ajaudut vaihetta kohti, jossa saatat menettää uskosi itseesi ja tuntea olosi masentuneeksi. Aika ajoin saatat myös tuntea itsesi henkisesti rikkinäiseksi. </TEN-OF-SWORDS-ONE >
<PAGE-OF-SWORDS-ONE >Kortti pyytää sinua keräämään henkisen vahvuutesi ja käymään käsiksi ongelmiin, jotka voivat häiritä sinua ajan kuluessa. Sinun on analysoitava ongelmia loogisesti ja tehtävä kunnon suunnitelmia niiden selvittämiseksi. Sinun on oltava rehellinen ja avoin, etkä voi piilotella mitään. Sinun on selvitettävä hyvät ja pahat ja myös hyväksyttävä sen mukana tuleva vastuu. Pidä mielialasi hyvänä ja kohtaa vaikeudet tarmolla. </PAGE-OF-SWORDS-ONE >
<KNIGHT-OF-SWORDS-ONE >Tämä kortti suosittelee itsevarmuutta silauksella harkitsemattomuutta. Suorasukaisuuttasi voidaan pitää röyhkeänä. Sinua saatetaan kuvailla ihmisenä, joka voi sanoa mitä vain ajattelematta. Voit aloittaa hyvänä johtajana mutta lopulta sinulla on dominoiva asenne. Saatat osoittaa hyvää sarkasmilla maalattua huumoritajua. Perusteellista tietoasi arvostetaan, jos se ei vaikuta ylimieliseltä. </KNIGHT-OF-SWORDS-ONE >
<QUEEN-OF-SWORDS-ONE >Kortti kuvastaa rehellistä ja suorasukaista luonnettasi elämässä. Suosit avoimuutta kaikissa teoissasi. Käsityksesi kaikista tilanteista/henkilöistä on aika terve ja naulan kantaan. Yrität omaksua hölynpölyttömän asenteen kaikessa mitä teet. Huumorintajusi on loistava, eikä kenenkään kustannuksella. Laajamittainen kokemuksesi antaa sinulla voimaa jatkaa elämääsi. </QUEEN-OF-SWORDS-ONE >
<KING-OF-SWORDS-ONE >Kortti edustaa huomaavaista mieltäsi ja eettistä henkilöllisyyttäsi. Sinulla on tapana analysoida elämän tilanteita tehokkaasti hyvin kehittyneellä loogisella päättelykyvyllä. Voit kommunikoida näkökulmasi ja ideasi erinomaisilla sanallisilla taidoillasi. Havaintokykysi tulee olemaan laaja ja tulet kypsästi ymmärtämään kaikkien ongelmien näkökulmat. Sinulla on tapana olla rehellinen ja suoraselkäinen kaikessa mitä teet. </KING-OF-SWORDS-ONE >
<ACE-OF-WANDS-ONE >Kortti merkitsee menestystä. Sinulla on mielikuvituksellinen ja epätavallinen ajattelutapa, joka antaa sinulle paljon luovuutta. Innokkuudellasi ja loistavalla itsevarmuudellasi on tapana inspiroida muita ja tuoda esiin oma intohimosi. Annat enemmän kuin 100% kaikessa mitä teet. Aina kun kohtaat ongelman tai haasteen elämässä, tulet kohtaamaan vaikeudet rohkeudella ja itseuskolla. </ACE-OF-WANDS-ONE >
<TWO-OF-WANDS-ONE >Tämä kortti merkitsee uskaliasta luonnetta. Jos olet odottanut aloitteen tekemistä tai tehtävän/matkan tekemistä, nyt on aika tehdä se. Sinulla on voima ja vaikutusvalta saavuttaa tavoitteesi. Sinun on vain löydettävä rohkeus ja otettava tarvittavat askeleet. Nyt on aika olla rohkea ja kohdata pelkosi. Sinun on lähestyttävä asioita innovatiivisesti saavuttaaksesi tavoitteesi. Veistä oma polkusi. </TWO-OF-WANDS-ONE >
<THREE-OF-WANDS-ONE >Kortti näyttää janon ja kärsimättömyyden tutkia jotain uutta. Tämä yhdistyy seikkailun- ja jännityksenhaluiseen luonteeseesi. Harkitseva luonteesi tulee jatkamaan auttamistasi tulevina aikoina. Sinun on otettava johtajan rooli työntääksesi kaikkia tehtäviäsi tavoitettasi kohti. Saatat löytää paljon menestystä kaupankäynnistä. </THREE-OF-WANDS-ONE >
<FOUR-OF-WANDS-ONE >Saatat yhdistyä seikkailun- ja jännityksenhaluiseen luonteeseesi. Harkitseva luonteesi tulee jatkamaan auttamistasi tulevina aikoina. Sinun on otettava johtajan rooli työntääksesi kaikkia tehtävääsi tavoitettasi kohti. Saatat löytää paljon menestystä kaupankäynnistä. </FOUR-OF-WANDS-ONE >
<FIVE-OF-WANDS-ONE >Tämä kortti merkitsee pieniä tulevia ongelmia. Ihmiset saattavat olla sinua vastaan ja voit alkaa riidellä ihmisten kanssa. Toiset haluavat kilpailla kanssasi ja tunnet halun vastat haasteeseen ja taistella. Pieniä takaiskuja ja riitoja on luvassa kohdallasi. Sinun on näytettävä kärsivällisyyttä ja malttia päästäksesi pois tästä tilanteesta. </FIVE-OF-WANDS-ONE >
<SIX-OF-WANDS-ONE >Tämä kortti kuvastaa voittoa, arvostusta ja vähän ylpeyttä. Onnistut saavuttamaan tavoitteesi mennen tullen. Vaivannäköäsi saatetaan arvostaa ja se pitää sinut motivoituneena antamaan kaikkesi kaikessa mitä teet. Tulet nauttimaan päivästäsi auringossa mutta saatat yhtäkkiä tuntea olosi liian merkittäväksi. Alat ehkä ajatella itseäsi ensin, joka saa ihmiset luulemaan, että olet ylimielien. </SIX-OF-WANDS-ONE >
<SEVEN-OF-WANDS-ONE >Tämä kortti merkitsee vaivannäköä taistella asemasi puolesta ja kannattaa sitä mihin uskot. Sinulla on tapana olla aggressiivinen ja uhmakas lähestymistapa elämässä. Usein tämä lähestymistapa toimii hyvin mutta toisinaan yli-innoitat itseäsi. Sinulla on tapana olla itsepäinen mielipiteidesi suhteen ja olet aika sinnikäs. Vilpitön uskosi kykyihisi tulee auttamaan sinut ahdingon läpi. </SEVEN-OF-WANDS-ONE >
<EIGHT-OF-WANDS-ONE >Kortti vihjaa ajan muutoksesta. Aika, jota olet odottanut, on saapunut. On aika ryhtyä toimiin ja todistaa potentiaalisi tavalla tai toisella. Tekemättömät tehtävät saattavat viimein valmistua. Tulet luultavasti saamaan selville uutta tietoa tai uutisia, joita odotit. Sinun on ehkä lopetettava tietty asia aloittaaksesi jotain parempaa. </EIGHT-OF-WANDS-ONE >
<NINE-OF-WANDS-ONE >Tämä kortti merkitsee ottamiasi varotoimenpiteitä ja näyttämääsi päättäväisyyttä. Menneiden kokemusten ja vastoinkäymisten takia olet erityisen varovainen nyt ja varaudut aina pahimpaan. Suojelet itseäsi ja läheisiäsi. Vastustat kaikkia todennäköisyyksiä ja jatkat tavoitteidesi tavoittelua koko sydämestäsi. Omapäinen ja fyysinen vahvuutesi tulevat jatkamaan vaivannäkösi välittämistä loistoa kohti. </NINE-OF-WANDS-ONE >
<TEN-OF-WANDS-ONE >Kortti osoittaa lisäytyvän tunteellisen ja henkisen kuorman. Saatat rasittaa itseäsi liikaa töissä. Teet luultavasti monia asioita samaan aikaan ja olet jumissa suurimassa osassa. Sinulla voi olla maksettavia lainoja. Sinun on ehkä vaikea sanoa ei muille. Vaikka et saa kiitosta hyvistä tekemistäsi asioista, saat kaikki syyt niskoillesi. Saatat myös huomata, että sinun on taisteltava jokaisesta pienestä menestyksen määrästä. </TEN-OF-WANDS-ONE >
<PAGE-OF-WANDS-ONE >Kortti merkitsee uusia mahdollisuuksia saada selville oikea omaamasi voima ja energia. Nyt on aika uusia elämä ja tutkia se luovalla ja rohkealla lähestymistavalla. Sinun on näytettävä enemmän intoa ja optimismia vaivannäössäsi. Ole intohimoinen kaikessa tekemässäsi. Usko taitoihisi ja ylläpidä keskittymisesi puristaaksesi parhaan irti sinusta. Ole seikkailunhakuinen ja ota riskejä. Nyt on aika olla määrätietoinen. </PAGE-OF-WANDS-ONE >
<KNIGHT-OF-WANDS-ONE >Jätkäkortti kuvastaa paljon hyviä ominaisuuksia yhdessä muutaman negatiivisen kanssa. Sinulla on usein tapana olla hurmaava ja itsevarma mutta ajoittain vaikutat ylimieliseltä ihmiseltä. Sinulla on tapana olla uskalias mutta joskus myös uhkarohkea. Etsiessäsi seikkailuja olet yleensä täysin levoton. Olet intohimoinen luonteeltasi mutta samaan aikaan temperamenttinen. </KNIGHT-OF-WANDS-ONE >
<QUEEN-OF-WANDS-ONE >Tämä kortti on yksi kaikkein positiivisimmista. Se osoittaa energia-, mieliala-, ja ilotehostetta. Onnistut tehtävissäsi omistautumisella ja antaumuksella. Sinulla on tapana olla hyvä ystävä ja saada helposti uusia ystäviä. Tulet kokemaan rauhallisen ja iloisen ajan tulevina päivinä. Rauhallinen maltti tulee auttamaan sinua selvittämään kaikki esteet, jotka eteesi sattuvat. </QUEEN-OF-WANDS-ONE >
<KING-OF-WANDS-ONE >Tämä kortti kuvastaa luovan ja innovatiivisen ajattelun voimaa. Pidä mielesi avoinna uusille mahdollisuuksille ja tilaisuuksille. Saatat kokea jotain uutta lähitulevaisuudessa. Saatat olla hyvä kommunikoimaan ja luomaan siteitä muiden kanssa ja inspiroimaan heitä. Sinulla on ehkä myös tapana dominoida ja käskyttää ympärilläsi olevia ihmisiä – mutta arvostuksella. Nautit saamastasi huomiosta ja sinulla on tapana viehättää vastakkaista sukupuolta. </KING-OF-WANDS-ONE >
<THE-FOOL-ONE >Kortissa näkyy uusi alku. Tunnet, että aloitat alusta uusilla asioilla ja uusilla ideologioilla. Tämä saattaa liittyä uraasi, rakkauselämääsi tai henkilökohtaiseen elämääsi. Tällä matkalla tulee olemaan paljon spontaaniutta ja hauskuutta. Ongelmia kohdatessasi, tulet oppimaan jotain arvokasta. Sinun on päästettävä irti menneistä ja keskityttävä uusiin asioihin tässä maailmassa, jota alat tutkia. </THE-FOOL-ONE >
<THE-MAGICIAN-ONE >Tahdonvoimasi on vahvempi nyt. Ihmiset tulevat kuuntelemaan sinua ja ottamaan sinut vakavasti. Tulet myös vakuuttamaan ihmisiä ja tämä kerta osoittaa, että johtajataitosi tulevat olemaan parhaimmillaan jonkin aikaa eteenpäin. Saat loistavia ideoita ja niiden käyttö on sinusta kiinni. Muiden salaisuuksia voi myös paljastua. </THE-MAGICIAN-ONE >
<THE-HIGH-PRIESTESS-ONE >Nyt sinun tulisi luottaa vaistoihisi ja seurata unelmiesi polkua. On ehkä olemassa ihminen, joka antaa sinulle kohta hyvin tärkeitä tai hyödyllisiä neuvoja. Sinun on ehkä etsittävä sinulle tuntematonta asiaa ja on todennäköistä, että jotain pidetään salassa sinulta. Sinun on jatkettava etsimistä, kunnes salaisuus paljastuu, sillä tämä saattaa tuoda sinulle hyvin tärkeän oivalluksen. </THE-HIGH-PRIESTESS-ONE >
<THE-EMPRESS-ONE >Ajattelet syvästi jotain ja olet huolissasi jonkun asian kasvusta tai alusta urallasi, yrityksessäsi tai suhteessasi. Sinä tai kumppanisi on hyvin suojelevainen ja saattaa jopa turvautua epäeettisiin keinoihin saavuttaakseen haluamansa. Vähän kärsivällisyyttä ja vaivannäköä vaaditaan vakauden saavuttamiseksi nykyisessä tilanteessa. </THE-EMPRESS-ONE >
<THE-EMPEROR-ONE >Saavutus ei ole kovin kaukana ja kunnia on tulossa luoksesi. Neuvova mieshenkilö, kuten isäsi, veljesi, kumppanisi tai ystäväsi, saattaa vaikuttaa sinuun. Sinulla tulee nyt olemaan valta ja tulet olemaan vastuussa tekemisistäsi. Hyvin vahva tukijärjestelmä tulee olemaan vierelläsi. Sinun on kuitenkin oltava varovainen pinnallisen tai ylivaativan luonteesi kanssa, joka saattaa haitata alaisiasi. </THE-EMPEROR-ONE >
<THE-HIEROPHANT-ONE >Älä ole liian itsepäinen ajatuksistasi äläkä pysyttele vanhoissa uskomuksissa ja tavoissa vaan koska niitä on seurattu iät ja ajat. Saatat ajatella avioliittoa. Voit ehkä jumittua laillisiin muodollisuuksiin. Ongelmia saattaa olla tulossa ja takerrut ehkä vanhoihin ratkaisutapoihin. Sinun on käsiteltävä ongelmia pitäen pääsi kylmänä ja ollen tarpeeksi kärsivällinen. </THE-HIEROPHANT-ONE >
<THE-LOVERS-ONE >Rakkautta on ilmassa. Saatat kohta saada mukavan yllätyksen rakkauselämässäsi. Sinun on ehkä valittava sydämen ja pään välillä. Tulet luultavasti seuraamaan sydäntä pään sijaan ja otettu riski tulee olemaan sen arvoinen. Saatat antaa periksi houkutukselle, joka johtaa uskottomuuteen ja tätä tulisi välttää. Henkisistä yhteyksistäsi tulee vahvoja. </THE-LOVERS-ONE >
<THE-CHARIOT-ONE >Haluamasi saavuttaminen tulee olemaan vaikeaa. Elämässäsi voi tapahtua muutos tai matka. Sinun on ehkä kohdattava hankaluuksia urallasi tai henkilökohtaisessa elämässäsi. Joku itsekkäillä motiiveilla saattaa ahdistella sinua. Ristiriitaiset tunteet ja olosuhteet voivat vaatia hallintaa mutta loppupäässä voitto saavutetaan. </THE-CHARIOT-ONE >
<JUSTICE-ONE >On aika tuoda tasapainoa tekemisiisi. Saattaa olla tapa tai teko, joka tapahtuu enemmän tai vähemmän kun elämässäsi on tarvetta. Sinun on hallittava tämä. Sinun on nähtävä vaivaa päästäksesi takaisin normaaliin tasapainottamalla kaikkia elämän aspekteja. Sinun on oltava puolueeton tehdessäsi sopimuksia tai sitoessasi suhteita lähitulevaisuudessa. Jos tiedät tekeväsi jotain väärin, korjaa asia ennen kuin asiat alkavat vaarallisiksi. </JUSTICE-ONE >
<THE-HERMIT-ONE >Ota aikaa ja yritä järjestää ja analysoida asioita. Saatat tuntea olosi kärsimättömäksi ympärilläsi oleviin asioihin liittyen. Älä tee hätiköityjä päätöksiä ja olisi hyvä, jos saisit neuvoja vanhemmalta ja luotettavalta ihmiseltä ennen kuin teet tärkeitä päätöksiä lähitulevaisuudessa. Ota pieni tauko aikataulustasi ja yritä löytää rauha ja itseymmärrys. </THE-HERMIT-ONE >
<WHEEL-OF-FORTUNE-ONE >Tulet kohta kohtaamaan yhden elämäsi parhaimmista vaiheista. Onni potkii sinua ja vaivannäkösi tulee olemaan antoisa. Muutoksia tulee tapahtumaan ja elämäsi tulee siirtymään kohti kypsyyttä. On todennäköistä, että tulet saamaan kaiken mitä olet odottanut. Ongelmasi loppuvat ja iloisuutta tulee yllin kyllin. Unelmasi ovat täyttymässä. </WHEEL-OF-FORTUNE-ONE >
<STRENGTH-ONE >Tulet huomaamaan, että olet saanut voiman ja mahdollisuuden käsitellä kaikkein pahimpia tilanteita, sekä fyysisesti että henkisesti. Tämä kortti osoittaa hyvää aikaa lopettaa joku huono tapa, jonka yritit lopettaa jo ajat sitten. Tulet saavuttamaan asioita, jotka aiemmin vaikuttivat vaikeilta suhteissasi, urallasi, terveydessä yms. Tahdonvoimallasi ja älylläsi voit päästä elämän koetusten ja kärsimysten yli. </STRENGTH-ONE >
<THE-HANGED-MAN-ONE >Sinun on ehkä uhrattava jotain tai jätettävä joku saavuttaaksesi jotain parempaa. Terveysongelmia, epäonnistumisia ja kireyttä voi ilmetä. Käsittele sellaiset ongelmat ylläpitämällä rauhaa ja määrätietoisuutta. Haitallinen tilanne voi johtaa heikompaan tahdonvoimaan ja henkiseen romahdukseen. On suositeltavaa, että olet näkemyksellinen ja hyödynnät tämän ajan saadaksesi selvyyttä tilanteisiin. </THE-HANGED-MAN-ONE >
<DEATH-ONE >Tämä kortti merkitsee suuria muutoksia ja tärkeitä tai järkyttäviä muutoksia elämään. Kuten nimi vihjaa, se merkitsee kuolemaa mutta vain hyvin vanhassa iässä tai huonossa terveydentilassa. Saatat tuntea olosi surulliseksi, tyhjäksi tai masentuneeksi mutta tämä vaihe saa sinut ymmärtämään tarpeelliset tehtävät muutokset, jotta elämä jatkuisi. Löydä voima hyväksyäksesi nämä muutokset, jotta pääsisit tämän alhaisen vaiheen yli. </DEATH-ONE >
<TEMPERANCE-ONE >Saatat olla hämmentynyt valinnoista, joita elämä tarjoaa. Sinun on ehkä valittava vastakkaisten asioiden välillä ja sinun on taisteltava löytääksesi tapa tasapainottaa mukavuutesi ja rauhasi. Sinun on annettava sille aikaa ja kokeiltava vähän löytääksesi parhaan ratkaisun. Sinun on mietittävä vaihtoehtojasi kunnolla yhdistääksesi muutoin päinvastaiset aspektit ylläpitääksesi rauhan. Löydät tapoja rakentaa harmoniaa. </TEMPERANCE-ONE >
<THE-DEVIL-ONE >Himo, ahneus, kunnianhimo tai riippuvaisuus houkuttaa sinua. Tulet himoitsemaan valtaa hallita asioita ja elämän mukavuudet kiinnostavat sinua. Itsehillintäsi puute voi johtaa vaarallisiin ja monimutkaisiin tilanteisiin. Mitä ikinä teetkin, se tulee olemaan ääripäästä ja tämä saa olosi voimakkaaksi mutta tulee olemaan vaarallista samaan aikaan. Sinun on oltava varovainen, sillä tämä kortti varoittaa sinua mahdollisista ottamistasi tuhoisista askeleista. </THE-DEVIL-ONE >
<THE-TOWER-ONE >Lähitulevaisuuden aika voi olla yksi ongelmallisimmista ikinä. Saatat kohdata epämukavia ja yhtäkkisiä muutoksia. Kärsimystä saattaa aiheutua odottamattomista syistä ja sinun on ehkä kohdattava vähän eristystä tai yksinäisyyttä. Mutta nämä muutokset pakottavat sinut näkemään uusia suuntia elämässä, joka saattaa olla hyväksi ajan mittaan. Matka ei tule olemaan mukava mutta se tulee olemaan parhaaksi, sillä se opettaa sinulle monia asioita tulevaisuutta varten. </THE-TOWER-ONE >
<THE-STAR-ONE >Olet enemmän henkisyyteen päin nyt ja haluat rauhaa ja harmoniaa elämässäsi. Nyt on aika paranemiselle ja uusille toiveille henkilökohtaisessa sekä ammatillisessa elämässäsi. On hyvä merkki aloittaa uusi suhde tai viedä jo olemassa oleva suhde seuraavalle tasolle. Tieto monista asioista tulee paranemaan ja nyt on hyvä aika ryhtyä luovaan toimintaan. </THE-STAR-ONE >
<THE-MOON-ONE >Saatat haluta matkata mielikuvituksen ja luovuuden maailman ympäri. Saatat kohdata syviä ja synkkiä salaisuuksia ja henkinen puolesi voi olla menossa alaspäin. Sinun tulisi välttää huumeita tai alkoholia tai mitä tahansa väärinkäyttöä, joka saattaa olla vaaraksi terveydellesi. Voit tuntea olevasi loukussa hullussa ja liikkuvassa maailmassa ja sinun on seurattava vaistojasi löytääksesi parhaan polun, mieluiten jotain musiikkiin, taiteeseen, tanssiin, teatteriin yms. liittyvää. </THE-MOON-ONE >
<THE-SUN-ONE >Tunnet olosi hyvin energiseksi, nuorekkaaksi ja tulet tietoisesti tekemään valintoja menestyäksesi. Sun-kortti perustuu tuoreuteen, intoon ja merkitsee sitä, että kaikki asiat loksahtavat paikoilleen yksi kerrallaan. Hyviä uutisia voi olla matkalla. Loma on myös mahdollinen lähitulevaisuudessa. Tulet viettämään enemmän aikaa perheen ja ystävien kanssa hyväntuulisesti tulevina päivinä. Iloa ja rauhaa on luvassa seuraavina päivinä. </THE-SUN-ONE >
<JUDGEMENT-ONE >Tämä kortti merkitsee mahdollisuuksia, joita ei tulisi laiminlyödä. Nämä ovat tilaisuuksia, joita olet odottanut. On se aika, jolloin sinut palkitaan näkemästäsi vaivasta. Uudet tulevat mahdollisuudet tulevat muuttamaan elämäsi parhain päin. Koska arvostelun on oltava oikeudenmukainen, sinun on ehkä kohdattava menneisyyden syntisi. Kaiken kaikkiaan, iloinen loppu on tulossa mitä ikinä teetkin tällä hetkellä. </JUDGEMENT-ONE >
<THE-WORLD-ONE >Nyt on aika jona pitkään kestäneet ongelmat loppuvat ja saat palkkiosi. Kortti merkitsee rentoutumista pitkään kestäneen vaivannäön jälkeen. Tulet kokemaan, että saat vihdoin asioita ja pitkään toivomiasi ja tavoittelemiasi tuloksia. Läheisesi tulevat arvostamaan kovan työsi hedelmiä. Tämä aika pitää sisällään vahvoja saavutuksia ja tulee merkitsemään uusia alkuja.</THE-WORLD-ONE >
</ROOT>
