<ROOT>
<ACE-OF-CUPS-ONE >Ta karta wskazuje, ¿e teraz wszystko wydaje siê dzia³aæ sprawnie, jeœli chodzi o Twoje zdrowie. Poczujesz siê œwie¿o i energicznie fizycznie i psychicznie i nie bêdzie ¿adnych dolegliwoœci. Bêdziesz siê równie¿ bardziej zbli¿a³ do duchowoœci teraz, co sprawi, ¿e poczujesz siê jeszcze lepiej. </ACE-OF-CUPS-ONE >
<TWO-OF-CUPS-ONE >Ta karta pokazuje, ¿e sprawy s¹ trochê zak³ócone w departamencie zdrowia, jak walczysz, aby dotrzymaæ kroku samopoczuciu ukochanej osoby, a to spowoduje powa¿ne obawy i kilka powtarzaj¹cych siê wizyt w szpitalu. </TWO-OF-CUPS-ONE >
<THREE-OF-CUPS-ONE >Ta karta wskazuje, ¿e chcesz mieæ teraz czas na galê i rozpieszczaæ siê bardziej ni¿ jest to wymagane. Spowoduje to powa¿ne problemy zdrowotne, którymi nale¿y siê wkrótce zaj¹æ. Jeœli nie podejmiesz dzia³añ, byæ mo¿e bêdziesz musia³ udaæ siê do szpitala lub na odwyk. </THREE-OF-CUPS-ONE >
<FOUR-OF-CUPS-ONE >Bierzesz zbyt du¿o stresu i mo¿e to spowodowaæ za³amanie organizmu. Musisz poœwiêciæ trochê czasu pomimo profesjonalnych zobowi¹zañ, poniewa¿ jest to konieczne teraz. Mo¿e to trochê ciê sfrustrowaæ, ale w koñcu wyzdrowiejesz na lepsze i to równie¿ da ci now¹ postawê w ¿yciu. </FOUR-OF-CUPS-ONE >
<FIVE-OF-CUPS-ONE >Ta karta pokazuje, ¿e zbyt du¿a presja zwi¹zana z podró¿owaniem lub prac¹ dotrze do Ciebie i poczujesz siê wyczerpany i bardzo zmêczony. Mo¿e to równie¿ mieæ powa¿niejszy wp³yw na Twoje zdrowie, ni¿ siê spodziewasz, powoduj¹c problemy. Priorytetem bêdzie zwrócenie uwagi na kwestie zwi¹zane z ¿o³¹dkiem. </FIVE-OF-CUPS-ONE >
<SIX-OF-CUPS-ONE >Ta karta wskazuje, ¿e nie czujesz siê zbyt dobrze i ta niespokojnoœæ wp³ywa na Twoje cia³o fizycznie i psychicznie. Ale bêdziesz trzymaæ siê razem, aby dokoñczyæ pewne zadania, a nastêpnie zrobisz przerwê, która pomo¿e Twojemu cia³u odm³odziæ siê. </SIX-OF-CUPS-ONE >
<SEVEN-OF-CUPS-ONE >Ta karta pokazuje, ¿e Twój organizm wykazuje teraz objawy choroby wymagaj¹cej pewnego odprê¿enia. Niektóre dolegliwoœci mog¹ ciê przeœladowaæ, z którymi bêdziesz musia³ siê zmierzyæ. Mog¹ wyst¹piæ pewne problemy zwi¹zane z koñczynami lub oczami i bêdziesz musia³ na chwilê odpuœciæ, aby wyzdrowieæ. </SEVEN-OF-CUPS-ONE >
<EIGHT-OF-CUPS-ONE >Ta karta wskazuje, ¿e czas bêdzie trochê szorstki na oczach lub w³osach, a nastêpnie nast¹pi okres stosowania leków. Utrudni to trochê codzienne czynnoœci, które mog¹ ciê sfrustrowaæ, ale nie bêdzie siê o co martwiæ, a wkrótce rozpocznie siê leczenie. Twoi bliscy zaopiekuj¹ siê Tob¹, kiedy wyzdrowiejesz. </EIGHT-OF-CUPS-ONE >
<NINE-OF-CUPS-ONE >Ta karta pokazuje, ¿e stoisz teraz twarz¹ w twarz lub wkrótce bêdziesz musia³ stawiæ czo³a izolacji lub depresji z powodu wzlotów i upadków w swoim ¿yciu. Znajdziesz siê teraz w trudnej sytuacji i poczujesz, ¿e nikt ciê dobrze nie rozumie. Ten niepokoj¹cy stan umys³u mo¿e powodowaæ nerwowoœæ i popping niektórych tabletek. </NINE-OF-CUPS-ONE >
<TEN-OF-CUPS-ONE >Ta karta wskazuje, ¿e twój zajêty i nag³y harmonogram spowoduje, ¿e bêdziesz mia³ niezbilansowan¹ dietê i mo¿e to prowadziæ do niektórych zaburzeñ ¿o³¹dka. Ten nag³y harmonogram mo¿e prowadziæ do izolacji lub bezsennoœci, które bêd¹ tam tylko na jakiœ czas. Podejmiesz odpowiednie œrodki i wkrótce wyzdrowiejesz. </TEN-OF-CUPS-ONE >
<PAGE-OF-CUPS-ONE >Ta karta pokazuje, ¿e z takimi okolicznoœciami, w jakich siê teraz znajdujesz, bêdziesz czu³ siê bardzo wra¿liwy i mo¿esz ³atwo ulec wp³ywowi. Ten stan umys³u mo¿e okazaæ siê z³y dla zdrowia fizycznego lub psychicznego. B¹dŸ ostro¿ny, poniewa¿ jesteœ podatny na wypadki. </PAGE-OF-CUPS-ONE >
<KNIGHT-OF-CUPS-ONE >Ta karta wskazuje, ¿e wszystko, co wi¹¿e siê z Twoim zdrowiem, bêdzie teraz znacznie weselsze. Jeœli ju¿ cierpisz na jak¹œ dolegliwoœæ i odwiedzasz lekarza, zauwa¿ysz, ¿e twój stan ulegnie poprawie pomimo z³ej wiadomoœci, któr¹ mo¿esz otrzymaæ. Musisz tylko zachowaæ wiarê w siebie i dbaæ o swoje cia³o. </KNIGHT-OF-CUPS-ONE >
<QUEEN-OF-CUPS-ONE >Ta karta pokazuje, ¿e jesteœ teraz psychicznie osuszany z powodu ró¿nych nacisków osobistych i zawodowych, a czasami mo¿esz równie¿ okazaæ siê bezradny. Mog¹ wyst¹piæ pewne objawy rozpaczy, w zwi¹zku z którymi skonsultujesz siê z lekarzem i niektórymi krewnymi, ale sytuacja bêdzie siê stale poprawiaæ. </QUEEN-OF-CUPS-ONE >
<KING-OF-CUPS-ONE >Ta karta wskazuje, ¿e mog¹ wyst¹piæ pewne niepokoj¹ce sytuacje, które pozostawi¹ Ciê bardzo rozczarowanym i zmusz¹ Ciê do myœlenia, ¿e nie jesteœ wystarczaj¹co dobry dla œwiata lub brakuje Ci cech. Nie pozwól, aby te okolicznoœci doprowadzi³y do uzale¿nienia. </KING-OF-CUPS-ONE >
<ACE-OF-PENTACLES-ONE >Ta karta wskazuje, ¿e jesteœ sk³onny do wprowadzenia pewnych zdrowych zmian w swoim ¿yciu. Jeœli cierpia³eœ na jak¹œ dolegliwoœæ, to jest to dobry czas na szybkie wyzdrowienie i wkrótce zobaczysz siebie w znacznie lepszym stanie. W koñcu wyzdrowiejesz na dobre. </ACE-OF-PENTACLES-ONE >
<TWO-OF-PENTACLES-ONE >Bêdziesz czu³ siê zmêczony i wyczerpany z powodu pracy wee hours i wype³niania ró¿nych obowi¹zków. Okolicznoœci te mog¹ byæ ciê¿kie dla twojego cia³a, ale bêdziesz musia³ spróbowaæ znaleŸæ równowagê, aby nie pozwoliæ sobie na to, by staæ siê ofiar¹ tej sytuacji. </TWO-OF-PENTACLES-ONE >
<THREE-OF-PENTACLES-ONE >Ta karta wskazuje, ¿e za³amanie emocjonalne lub nag³e spotkanie doprowadzi Ciê do pewnych toksycznych wp³ywów. Mo¿e to mieæ negatywny wp³yw na Twoje zdrowie, wiêc musisz byæ ostro¿ny. Odpoczynek bêdzie musia³ poczekaæ, jak wiele rzeczy bêdzie ustawione w kolejce do Ciebie. </THREE-OF-PENTACLES-ONE >
<FOUR-OF-PENTACLES-ONE >Ta karta pokazuje, ¿e bêdziesz musia³ zmierzyæ siê z ju¿ istniej¹cym problemem medycznym i byæ mo¿e bêdziesz musia³ odbyæ kilka rund w klinice. Ty i Twoi bliscy zwrócicie siê o pomoc i radê. Sprawy mog¹ siê trochê wymkn¹æ spod kontroli i bêdziesz musia³ byæ teraz silny. </FOUR-OF-PENTACLES-ONE >
<FIVE-OF-PENTACLES-ONE >Ta karta wskazuje, ¿e ostatnio bardzo zaniedbywa³eœ swoje zdrowie i dlatego drobne dolegliwoœci mog¹ byæ teraz trochê powa¿ne, choæ nie tak powa¿ne. Z tego powodu byæ mo¿e bêdziesz musia³ przejœæ kilka badañ kontrolnych. </FIVE-OF-PENTACLES-ONE >
<SIX-OF-PENTACLES-ONE >Ta karta pokazuje, ¿e teraz musisz byæ bardzo ostro¿ny w stosunku do otoczenia. Jesteœ podatny na wypadki i dlatego musisz byæ czujny i ostro¿ny we wszystkim, co Ciê otacza. Jest to czas krytyczny i jeœli nie jesteœ ostro¿ny, mo¿e to doprowadziæ do niepo¿¹danego koñca. </SIX-OF-PENTACLES-ONE >
<SEVEN-OF-PENTACLES-ONE >Ta karta wskazuje, ¿e przechodzisz teraz bardzo niepokoj¹cy okres i bêdziesz stara³ siê unikaæ wszystkiego, co wi¹za³oby siê ze zbyt du¿ym zaanga¿owaniem lub prac¹ fizyczn¹. Nie bêdziesz chcia³ robiæ niczego, co wymaga³oby twojego czasu i koncentracji, a to trzyma ciê z dala od pracy niechêtnie. </SEVEN-OF-PENTACLES-ONE >
<EIGHT-OF-PENTACLES-ONE >Ta karta pokazuje, ¿e czas, w którym wydostaniesz wszystkie nawil¿acze i bloki przeciws³oneczne, poniewa¿ skóra mo¿e byæ podatna na uszkodzenia. Bêdziesz musia³ du¿o podró¿owaæ do pracy, co mo¿e mieæ wp³yw na dietê i prowadziæ do problemów zwi¹zanych z ¿o³¹dkiem. </EIGHT-OF-PENTACLES-ONE >
<NINE-OF-PENTACLES-ONE >Ta karta wskazuje, ¿e Ty lub ktoœ z Twoich bliskich bêdzie dochodzi³ do siebie po dolegliwoœciach lub wypadku, który mia³ miejsce. Istnieje równie¿ mo¿liwoœæ, ¿e osoba, któr¹ dobrze znasz, bêdzie mia³a do czynienia z powa¿nym problemem zdrowotnym. Pomo¿esz swoim bliskim, ale chcia³byœ siê wydostaæ i doœwiadczyæ czegoœ, co pomo¿e Ci siê uwolniæ. </NINE-OF-PENTACLES-ONE >
<TEN-OF-PENTACLES-ONE >Ta karta pokazuje, ¿e mo¿esz mieæ pewne problemy osobiste, które mog¹ ci trochê przeszkadzaæ. Znajdziesz kogoœ bliskiego z rodziny, kto bêdzie potrzebowa³ pomocy medycznej i poprowadzisz go w kierunku nowego stylu ¿ycia. </TEN-OF-PENTACLES-ONE >
<PAGE-OF-PENTACLES-ONE >Ta karta wskazuje, ¿e czujesz siê nieswojo i bardzo niespokojnie. Mo¿esz mieæ problemy zwi¹zane z Twoim cia³em. Mo¿e byæ jakiœ rodzaj winy, która mo¿e bardzo przeszkadzaæ i bêdziesz chcia³ siê go pozbyæ. Niektóre leki bêd¹ wymagane w przypadku bólów cia³a i mo¿esz równie¿ chcieæ za¿yæ tabletki nasenne z powodu bezsennoœci. </PAGE-OF-PENTACLES-ONE >
<KNIGHT-OF-PENTACLES-ONE >Us³uga socjalna jest dobra, jeœli ktoœ nie próbuje wykorzystaæ ciê w niew³aœciwy sposób, a ty bêdziesz musia³ zdaæ sobie z tego sprawê. Bêdziesz czu³ niepokój i niepokój z tego powodu, ale bêdziesz móg³ zrobiæ œmia³y krok. Bêdziesz siê stara³ zachowaæ aktywnoœæ, a nie siedzieæ bezczynnie, poniewa¿ mo¿e to uniemo¿liwiæ ci myœlenie o rzeczach, których nie chcesz. </KNIGHT-OF-PENTACLES-ONE >
<QUEEN-OF-PENTACLES-ONE >Ta karta wskazuje, ¿e najlepiej bêdzie wzi¹æ pomoc natury i przyj¹æ naturalne sposoby leczenia i oczyszczania teraz. Jeœli ty lub jeden z twoich bliskich odzyskuje si³y od dolegliwoœci, to jest to dobry czas na szybkie wyzdrowienie. </QUEEN-OF-PENTACLES-ONE >
<KING-OF-PENTACLES-ONE >Ta karta pokazuje, ¿e jesteœ na dobrej drodze do zdrowia fizycznego i psychicznego. Jeœli wyzdrowia³eœ po kontuzji lub chorobie, to widaæ znaczn¹ poprawê. Nawet jeœli pojawi¹ siê problemy zwi¹zane z dokumentacj¹ medyczn¹, wkrótce zostanie ona rozwi¹zana. </KING-OF-PENTACLES-ONE >
<ACE-OF-SWORDS-ONE >Ta karta wskazuje, ¿e czujesz siê nisko, jesteœ przygnêbiony i szukasz pomocy medycznej. Cz³onkowie rodziny pomog¹ Ci i s¹ równie¿ szanse, ¿e bêdziesz pod¹¿a³ w nowym kierunku, aby znaleŸæ lekarstwo na Twoj¹ chorobê, co oka¿e siê korzystne. </ACE-OF-SWORDS-ONE >
<TWO-OF-SWORDS-ONE >Ta karta pokazuje, ¿e Twoje zdrowie jest bardziej zmienne i mo¿esz wydawaæ siê trochê niespokojny. Mog¹ wystêpowaæ drobne problemy zdrowotne, ale bêdziesz musia³ dbaæ o swoje zdrowie, gdy nie czujesz siê dobrze lub istniej¹ szanse na infekcjê, ³agodn¹ gor¹czkê lub przeziêbienie. </TWO-OF-SWORDS-ONE >
<THREE-OF-SWORDS-ONE >Ta karta wskazuje, ¿e bêdziesz czu³ siê bardzo zmêczony i chcia³byœ odprê¿yæ siê i spêdziæ trochê czasu poza prac¹. Tam  mog¹ byæ incydenty które mog¹ dodawaæ up up twój napiêcie i fizyczne wyczerpanie ale ty musisz podtrzymywaæ je dla twój swój swój dobra. Z³y stan zdrowia bêdzie dotyczy³ cz³onków rodziny, którzy mog¹ skonsultowaæ siê z lekarzem. </THREE-OF-SWORDS-ONE >
<FOUR-OF-SWORDS-ONE >Ta karta pokazuje, ¿e czasy powrotu do zdrowia s¹ tu¿ przed nami, a Twoje obawy psychiczne i emocjonalne zostan¹ wreszcie odpoczête lub przynajmniej w du¿ym stopniu odci¹¿one w najbli¿szym czasie. Twoje zdrowie fizyczne mo¿e byæ trochê uszkodzone i bêdzie to wymaga³o przejœcia przez niektóre testy lub zabiegi medyczne. Lekarz bêdzie w tym przypadku bardzo pomocny. </FOUR-OF-SWORDS-ONE >
<FIVE-OF-SWORDS-ONE >Ta karta wskazuje, ¿e stajesz w obliczu pewnego stresu i frustracji z powodu jakiejœ choroby, która odmawia wyjazdu. Niektóre rundy szpitala bêd¹ musia³y byæ podjête, które dodadz¹ ci frustracji i poczujesz siê bezradny, ale postaraj siê byæ silny. </FIVE-OF-SWORDS-ONE >
<SIX-OF-SWORDS-ONE >Ta karta pokazuje, ¿e mo¿e to byæ jeden z najgorszych okresów w odniesieniu do Twojego zdrowia. Mog¹ wyst¹piæ powa¿ne obra¿enia lub choroba, która bêdzie Ciê drastycznie niepokoiæ. Mo¿esz równie¿ spotkaæ siê z wypadkiem, który zrani Ciê szczególnie w nogi lub kolana. Istniej¹ równie¿ szanse na hospitalizacjê na jakiœ czas, ale sprawy w koñcu siê polepsz¹. </SIX-OF-SWORDS-ONE >
<SEVEN-OF-SWORDS-ONE >Ta karta wskazuje, ¿e zbyt wiele stresu jest nad zasilaniem ciebie i to jest przyczyn¹ du¿o stresu psychicznie i fizycznie zbyt. Bêdziesz zbyt zajêty obs³ug¹ ró¿nych rzeczy i mo¿e to mieæ negatywny wp³yw na Ciebie, zw³aszcza na Twój umys³ i cia³o. Musisz wzi¹æ trochê wolnego czasu dla siebie i odm³odziæ siebie i swoje cia³o. </SEVEN-OF-SWORDS-ONE >
<EIGHT-OF-SWORDS-ONE >Ta karta pokazuje, ¿e w przypadku braku ostro¿noœci mo¿e dojœæ do niewielkiego wypadku. Musisz byæ teraz bardzo ostro¿ny, poniewa¿ karta sugeruje, ¿e mo¿esz stan¹æ w obliczu nieszczêœliwego wypadku z powodu ryzykownych operacji w domu. Nale¿y równie¿ zachowaæ ostro¿noœæ podczas jazdy lub przechodzenia przez ulice. Ta faza wkrótce minie. </EIGHT-OF-SWORDS-ONE >
<NINE-OF-SWORDS-ONE >Ta karta wskazuje, ¿e bêdziesz musia³ stawiæ czo³a nieprzyjemnym sytuacjom w ¿yciu osobistym lub zawodowym, które doprowadz¹ do depresji. Mog¹ równie¿ wystêpowaæ nieprawid³owoœci w diecie, które mog¹ prowadziæ do zaburzeñ ¿o³¹dka, ale jeden z Twoich bliskich pomo¿e Ci wyjœæ z tej sytuacji. </NINE-OF-SWORDS-ONE >
<TEN-OF-SWORDS-ONE >Ta karta pokazuje, ¿e zdecydowa³eœ siê na przejêcie kontroli nad swoim zdrowiem i uwolnisz siê od przesz³oœci i obejmie przysz³oœæ. Wyznaczysz sobie pewne cele w odniesieniu do swojego zdrowia i wprowadzisz pewne zmiany w stylu ¿ycia, aby pomóc w rozwi¹zaniu tego problemu. </TEN-OF-SWORDS-ONE >
<PAGE-OF-SWORDS-ONE >Ta karta wskazuje, ¿e bêd¹ pewne presje psychiczne, szczególnie zwi¹zane z prac¹, ale bêdziesz siê nimi zajmowa³ cierpliwie. Istnieje szansa, ¿e mo¿esz odczuwaæ ból pleców lub byæ mo¿e bêdziesz musia³ odwiedziæ dentystê. Jednak ogólnie rzecz bior¹c, bêdziesz mia³ du¿o energii i bêdziesz spêdza³ czas z najbli¿szymi. </PAGE-OF-SWORDS-ONE >
<KNIGHT-OF-SWORDS-ONE >Ta karta pokazuje, ¿e bêd¹ mieszane warunki w odniesieniu do Twojego zdrowia. Znajdziesz siê w lepszej pozycji psychicznej i bêdziesz wraca³ do zdrowia po stresie i innych tego typu problemach. Twoja rodzina bêdzie Ciê teraz potrzebowaæ, poniewa¿ najprawdopodobniej nadejd¹ z³e wieœci dotycz¹ce krewnego lub przyjaciela rodziny. </KNIGHT-OF-SWORDS-ONE >
<QUEEN-OF-SWORDS-ONE >Ta karta wskazuje, ¿e teraz bêdziesz musia³ wykonaæ wiele zadañ pomiêdzy priorytetami osobistymi i zawodowymi i postarasz siê jak najlepiej wcisn¹æ wszystkie swoje zobowi¹zania. W rezultacie mo¿esz czuæ siê wyczerpany i zmêczony, ale w jakiœ sposób uda ci siê ¿onglowaæ przez wszystkie te obowi¹zki. </QUEEN-OF-SWORDS-ONE >
<KING-OF-SWORDS-ONE >Ta karta pokazuje, ¿e teraz bêdziecie mieli k³opoty w departamencie zdrowia. Bêdziesz sfrustrowany psychicznie, wyczerpany i wyczerpany fizycznie i byæ mo¿e bêdziesz musia³ za¿yæ jakieœ leki o mniejszym znaczeniu. Istnieje równie¿ ryzyko, ¿e jeden z Twoich bliskich mo¿e zostaæ przyjêty. </KING-OF-SWORDS-ONE >
<ACE-OF-WANDS-ONE >Ta karta wskazuje, ¿e bêdziesz zwracaæ wiêksz¹ uwagê na swoje zdrowie teraz i w przypadku jakichkolwiek dolegliwoœci fizycznych lub psychicznych, bêdziesz teraz szukaæ innego rodzaju leków. Ktoœ zasugeruje Ci naturalne sposoby leczenia pewnych dolegliwoœci i przyjmiesz te metody. </ACE-OF-WANDS-ONE >
<TWO-OF-WANDS-ONE >Ta karta pokazuje, ¿e przeci¹¿asz swoje cia³o, które pokazuje siê na twoim ciele. Bêdziesz musia³ skorzystaæ z oœrodka sztucznych minera³ów, aby pomóc swojemu cia³u i umys³owi. Zaniedbanie zbilansowanej diety mo¿e okazaæ siê niebezpieczne w przysz³oœci, a zdrowy tryb ¿ycia jest œciœle zalecany. </TWO-OF-WANDS-ONE >
<THREE-OF-WANDS-ONE >Ta karta wskazuje, ¿e teraz bardziej martwisz siê o zdrowie ukochanej osoby. W trakcie tego procesu, bêdziesz siê zestresowany i bêdziesz potrzebowa³ wystarczaj¹co du¿o odpoczynku. Nie przeci¹¿aj siê, poniewa¿ mo¿e to byæ niebezpieczne. Byæ mo¿e bêdziesz musia³ wkrótce udaæ siê do dentysty. </THREE-OF-WANDS-ONE >
<FOUR-OF-WANDS-ONE >Ta karta pokazuje, ¿e doœwiadczasz dyskomfortu w ¿yciu osobistym i to pozostawia ciê zestresowanym. Mog¹ wyst¹piæ inne problemy, które zaczn¹ siê pojawiaæ na twoim samopoczuciu, przez co czujesz siê poruszony i mo¿esz równie¿ nieoczekiwanie odczuwaæ bóle cia³a. </FOUR-OF-WANDS-ONE >
<FIVE-OF-WANDS-ONE >Ta karta wskazuje, ¿e w koñcu wyzdrowia³eœ z wszelkich dolegliwoœci i wreszcie cieszysz siê dobrym i zdrowym stanem umys³u i cia³a. Jesteœ najbardziej prawdopodobne, aby udaæ siê na wakacje z partnerem i bêdzie to przyjemny urlop. </FIVE-OF-WANDS-ONE >
<SIX-OF-WANDS-ONE >Ta karta pokazuje, ¿e teraz w koñcu uœwiadamiasz sobie, ¿e nadszed³ czas, aby zrobiæ sobie przerwê od pracy i poœwiêciæ trochê czasu. Ta przerwa bêdzie pomocna, poniewa¿ bêdziesz uczestniczy³ w niektórych spotkaniach towarzyskich i stara³ siê robiæ rzeczy, które lubisz. </SIX-OF-WANDS-ONE >
<SEVEN-OF-WANDS-ONE >Ta karta wskazuje, ¿e teraz anga¿ujesz siê w zbyt wiele czynnoœci, z którymi nie mo¿esz sobie poradziæ na raz, co powoduje, ¿e czujesz siê wyj¹tkowo nieprzyjemnie i nerwowo. Ale nie zdajesz sobie z tego sprawy, bo teraz czujesz siê zestresowany. Nie zaniedbuj swojego zdrowia w tym poœcigu, a tak¿e obserwuj, co jesz, szczególnie na zewn¹trz. </SEVEN-OF-WANDS-ONE >
<EIGHT-OF-WANDS-ONE >Ta karta pokazuje, ¿e jesteœ w lekkim nastroju, teraz czujesz siê zdrowy i zdrowy od wewn¹trz i bêdziesz nadmiernie przyci¹gniêty do swojego partnera. To tak¿e prowadzi do romantycznej wycieczki i niektórych zmys³owych dzia³añ, które utrzymaj¹ ciê zajêtego przez jakiœ czas. </EIGHT-OF-WANDS-ONE >
<NINE-OF-WANDS-ONE >Ta karta wskazuje, ¿e twój stan fizyczny przechodzi przez z³¹ fazê i bêdziesz czu³ siê zaniedbany i chory. Mo¿e to spowodowaæ pewne rozdra¿nienie, poniewa¿ byæ mo¿e bêdziesz musia³ wzi¹æ udzia³ w obchodach w klinice, a tak¿e zaj¹æ siê pewnymi formalnoœciami prawnymi, które mog¹ byæ mêcz¹ce. </NINE-OF-WANDS-ONE >
<TEN-OF-WANDS-ONE >Ta karta pokazuje, ¿e twoja praca lub niektóre sprawy osobiste obci¹¿¹ ciê op³at¹, a próba wype³nienia zbyt wielu obowi¹zków sprawi, ¿e poczujesz siê fizycznie wyczerpany. Bêdziecie musieli spowolniæ wszystko w rozs¹dnym tempie. </TEN-OF-WANDS-ONE >
<PAGE-OF-WANDS-ONE >Bêdziesz musia³ za¿yæ jakieœ leki, które mog¹ byæ na drobn¹ lub nawet powa¿n¹ chorobê. Ta karta wskazuje, ¿e czujesz siê rozdra¿niony z powodu wydarzeñ wokó³ ciebie i mo¿e to dotyczyæ problemów zawodowych lub osobistych. Bêdziesz musia³ æwiczyæ cnotê cierpliwoœci teraz i byæ praktycznym w swoim podejœciu. </PAGE-OF-WANDS-ONE >
<KNIGHT-OF-WANDS-ONE >Ta karta pokazuje, ¿e Twoje cia³o bêdzie musia³o przejœæ przez pewne rygorystyczne czynnoœci, poniewa¿ jesteœ wpl¹tany miêdzy wiele rzeczy i bêdziesz czu³ siê oszo³omiony i zmêczony. Mo¿e to równie¿ wi¹zaæ siê z problemami psychicznymi. </KNIGHT-OF-WANDS-ONE >
<QUEEN-OF-WANDS-ONE >Ta karta pokazuje, ¿e jesteœ teraz wysokoenergetyczny i inspiruje Ciê do wprowadzenia konstruktywnych zmian w swoim stylu ¿ycia dla Twojego zdrowia. Jesteœ gotów zmieniæ pewne rzeczy w swoim ¿yciu próbuj¹c podejœæ do bardziej zrównowa¿onego stylu ¿ycia. </QUEEN-OF-WANDS-ONE >
<KING-OF-WANDS-ONE >Ta karta wskazuje, ¿e jesteœ sk³onny do wprowadzenia kilku improwizacji w swoim systemie zdrowotnym i kondycyjnym, a tak¿e skonsultuje siê z dietetykiem. Mog¹ wyst¹piæ pewne problemy emocjonalne, takie jak obawa i niepokój, albo mo¿esz odczuwaæ pewien rodzaj bólu. </KING-OF-WANDS-ONE >
<THE-MAGICIAN-ONE >Ta karta wskazuje, ¿e bêdziesz musia³ zmierzyæ siê teraz ze stresuj¹cymi momentami. Niektóre sprawy zwi¹zane z prac¹ i domem obci¹¿¹ Ciê i nie bêdziesz w stanie znaleŸæ rozwi¹zania Twoich problemów zdrowotnych z powodu kilku komplikacji i niepewnych wyników. Zanim dojdziesz do w³aœciwego wniosku, bêdziesz musia³ odwiedziæ kilku lekarzy. </THE-MAGICIAN-ONE >
<THE-HIGH-PRIESTESS-ONE >Ta karta pokazuje, ¿e w przesz³oœci mog³eœ przejœæ przez ca³kiem sporo i mog³o to mieæ wp³yw na Twoj¹ stabilnoœæ psychiczn¹ lub fizyczn¹. Ale teraz czasy bêd¹ siê poprawiaæ, poniewa¿ w koñcu zobaczysz ulgê i wkrótce poczujesz siê lepiej. </THE-HIGH-PRIESTESS-ONE >
<THE-EMPRESS-ONE >Ta karta wskazuje, ¿e byæ mo¿e bêdziesz musia³ przejœæ przez pewne problemy zwi¹zane z twoim cia³em, zw³aszcza z szyj¹. Bêdziesz musia³ skontaktowaæ siê z duchow¹ stron¹ twojego cia³a, próbuj¹c lepiej poznaæ potrzeby twojego cia³a, a nastêpnie przy³¹czyæ siê do terapii fizycznej lub jogi, aby siê odm³odziæ. </THE-EMPRESS-ONE >
<THE-EMPEROR-ONE >Ta karta wskazuje, ¿e mog¹ wyst¹piæ powa¿ne problemy zdrowotne. Nale¿y zachowaæ szczególn¹ ostro¿noœæ i ostro¿noœæ, aby pozbyæ siê bólu. Zdobêdziesz si³ê i bêdziesz w stanie walczyæ z chorob¹, ale zaleca siê, abyœ nie okazywa³ ¿adnego zaniedbania w stosunku do swojego cia³a. </THE-EMPEROR-ONE >
<THE-HIEROPHANT-ONE >Ta karta wskazuje, ¿e nale¿y zwróciæ uwagê na swoje zdrowie bardziej ni¿ na to, co siê teraz robi. Istniej¹ mo¿liwoœci wyst¹pienia problemów zwi¹zanych z niskim lub wysokim ciœnieniem krwi oraz ciê¿kim kaszlem i przeziêbieniem. Regularne badania kontrolne mog¹ w znacznym stopniu poprawiæ Twoj¹ kondycjê. </THE-HIEROPHANT-ONE >
<THE-LOVERS-ONE >Ta karta pokazuje, ¿e Twoje cia³o jest teraz w zdrowszym stanie i czujesz siê z tego powodu radosny. Prawdopodobnie teraz bêdziesz bardziej dynamiczny fizycznie i bêdziesz siê wydawa³ bardziej aktywny. Powa¿nie potraktujesz potrzeby swojego cia³a i postarasz siê zbudowaæ równowagê pomiêdzy dopasowanym cia³em i umys³em. </THE-LOVERS-ONE >
<THE-CHARIOT-ONE >Ta karta wskazuje, ¿e jesteœ g³êboko zaanga¿owany w swoj¹ pracê i inne dzia³ania i nie jesteœ w stanie zadbaæ o potrzeby swojego cia³a. Jeœli nadal tak postêpujesz, mo¿esz po prostu zachorujesz z powodu nadmiernego obci¹¿enia lub mo¿esz czuæ siê wyj¹tkowo niespokojny psychicznie. Jest to dobry czas, aby odwiedziæ lekarza na badanie kontrolne i zabraæ g³owê w spokojne miejsce podczas weekendu. </THE-CHARIOT-ONE >
<STRENGTH-ONE >Ta karta pokazuje, ¿e bêdziesz teraz w ró¿owym stanie zdrowia. Karta si³y oznacza wysoki duch fizycznie i psychicznie, a nawet jeœli istniej¹ pewne drobne problemy zwi¹zane z twoim cia³em, ³atwo je przezwyciê¿ysz. Twoja wola i entuzjazm bêd¹ zachêcane i doceniane przez ludzi wokó³ ciebie. </STRENGTH-ONE >
<THE-HERMIT-ONE >Ta karta wskazuje, ¿e bêdziesz czu³ siê zaniedbany emocjonalnie i niski, a to mo¿e odprowadziæ ciê psychicznie. Istniej¹ mo¿liwoœci wyst¹pienia dolegliwoœci, które mog¹ prowadziæ do biegania i kilku spotkañ z lekarzami. Ale to nie potrwa d³ugo i wkrótce wszystko siê poprawi. </THE-HERMIT-ONE >
<WHEEL-OF-FORTUNE-ONE >Ta karta pokazuje, ¿e teraz czujesz siê bardzo niestabilny, a z powodu pracy i presji psychicznej poczujesz siê zbytnio zmêczony i zestresowany. Tam  mo¿e byæ dosyæ few negatywnymi myœlami ¿e ty ¿e ty mo¿esz nawiedzaæ ciebie ale to jest tylko faza i ono mija bardzo szybko. </WHEEL-OF-FORTUNE-ONE >
<JUSTICE-ONE >Ta karta pokazuje, ¿e s¹ szanse, ¿e odwiedzisz lekarza na normalne badania kontrolne i odkryjesz powa¿ny problem. Mo¿e to byæ zaskoczeniem, ale lekarz bêdzie mia³ wystarczaj¹co du¿o doœwiadczenia, aby pomóc Ci pozbyæ siê tego nowego problemu zdrowotnego. </JUSTICE-ONE >
<THE-HANGED-MAN-ONE >Ta karta wskazuje, ¿e czujesz siê niespokojny i niespokojny. Nadszed³ czas, abyœ da³ swojemu umys³owi i cia³u odpocz¹æ zanim zacznie wykazywaæ oznaki choroby, a tak¿e pomo¿e, jeœli bêdziesz trzyma³ siê z dala od takich sytuacji lub osób, które zachêcaj¹ do zatrzymania siê. </THE-HANGED-MAN-ONE >
<DEATH-ONE >Ta karta pokazuje, ¿e coœ wokó³ ciebie sprawia, ¿e jesteœ bardzo nieszczêœliwy. Jest to czas, w którym bêdziesz przyznawa³ siê do jakiejœ powa¿nej choroby. Bêdziesz musia³ zmusiæ siê do spojrzenia na jaœniejsz¹ stronê i tylko to pomo¿e ci przezwyciê¿yæ to, co dzieje siê wokó³ ciebie. Dostaniesz teraz wiele mi³oœci i troski od swojej rodziny. </DEATH-ONE >
<TEMPERANCE-ONE >Ta karta wskazuje, ¿e nie bêdziesz mia³ czasu na wizytê u lekarza z powodu napiêtego planu zajêæ, co mo¿e spowodowaæ, ¿e problem bêdzie siê powiêksza³ w niedalekiej przysz³oœci. Bêdziesz musia³ zwróciæ uwagê na swoje zdrowie i ustaliæ priorytety, iœæ do lekarza na czas i wyleczyæ siê. </TEMPERANCE-ONE >
<THE-DEVIL-ONE >Ta karta pokazuje, ¿e zmêczenie i ci¹g³e obawy sprawi¹, ¿e poczujesz siê ospa³y i zmêczony. Mo¿esz nie zdawaæ sobie sprawy, ale w koñcu zauwa¿ysz, ¿e pracujesz trochê za du¿o i to powoduje, ¿e unikasz innych rzeczy i ci¹gle bêdziesz czu³ siê zestresowany, co mo¿e pod¿egaæ do popu niektórych tabletek. </THE-DEVIL-ONE >
<THE-TOWER-ONE >Ta karta wskazuje, ¿e bêdziesz musia³ przejœæ przez niefortunny incydent, który mo¿e spowodowaæ pewne wizyty w szpitalu. Z powodu tego chaosu bêdzie trochê stresuj¹cego czasu, ale prze¿yjesz. Mo¿e byæ równie¿ cz³onek rodziny, który pomo¿e Ci w takich mêcz¹cych czasach. </THE-TOWER-ONE >
<THE-STAR-ONE >Ta karta pokazuje, ¿e coœ zainspiruje now¹ myœl w twoim umyœle i z pomoc¹ przyjaciela; zmontujesz plan twojego samopoczucia. Proces ten mo¿e byæ trochê nudny i byæ mo¿e bêdziesz musia³ przejœæ przez kilka rund badañ lekarskich i testów, ale bêdziesz zadowolony, ¿e podj¹³eœ tê decyzjê. </THE-STAR-ONE >
<THE-MOON-ONE >Ta karta wskazuje, ¿e napotkasz pewne ogólne problemy zdrowotne, które jeszcze siê nie pojawi³y lub pojawi³y siê czêœciowo. Problemy te mog¹ wydawaæ siê niewielkie, ale bêd¹ wymaga³y Twojej uwagi, poniewa¿ mog¹ siê one teraz nasiliæ. Wyst¹pi¹ równie¿ bóle kolan i problemy z plecami. </THE-MOON-ONE >
<THE-SUN-ONE >Ta karta pokazuje, ¿e czujesz siê trochê zdemotywowany teraz i spada. Teraz dok³adnie przeanalizowaæ siebie próbuje dostrzec krzywdy z praw. ¯adna fizyczna dolegliwoœæ jako taka nie jest wskazana. Bêdziesz czytaæ wiêcej na temat kwestii zdrowotnych i dobrego samopoczucia teraz dla jednego z Twoich bliskich. </THE-SUN-ONE >
<JUDGEMENT-ONE >Ta karta wskazuje, ¿e mo¿esz stan¹æ w obliczu pewnej niestabilnoœci fizycznej z powodu stresu lub niew³aœciwej diety. Bêdziesz mia³ obawy o zdrowie ukochanej osoby i postarasz siê je jak najlepiej wyrzuciæ. Kilka wizyt w szpitalu lub spotkañ z lekarzami zajmie Ci wiêkszoœæ czasu. </JUDGEMENT-ONE >
<ŒWIAT-JEDEN >Ta karta pokazuje, ¿e mo¿esz ju¿ cierpieæ z powodu dolegliwoœci lub urazu i bêdziesz wraca³ do zdrowia. Zobaczysz, ¿e powoli, ale systematycznie robisz postêpy, chocia¿ s¹ szanse, ¿e pewne b³êdy mog¹ prowadziæ do pewnych problemów. Zaleca siê zdobycie wiêkszej wiedzy na temat swoich problemów zdrowotnych i podjêcie odpowiednich dzia³añ. </ŒWIAT-JEDEN >
<THE-FOOL-ONE >Ta karta wskazuje, ¿e obawiasz siê o swoje zdrowie i teraz idziesz na regularne badania kontrolne. Twoje per³owe biali równie¿ mog¹ potrzebowaæ teraz trochê uwagi, wiêc bêdziesz musia³ odwiedziæ dentystê. Poznasz nowe metody leczenia od przyjaciela i bêdziesz gotów spróbowaæ tych metod.</THE-FOOL-ONE >
</ROOT>
