<ROOT>
<ACE-OF-CUPS-ONE >这张牌指出你会大胆地踏入一个新的冒险，你不会对可能产生的风险感到紧张或是觉得麻烦，最终这个项目将会帮助你来满足你的需求。这是一个冒险的好时机，因为你会得到财务上的利益。 </ACE-OF-CUPS-ONE >
<TWO-OF-CUPS-ONE >任何的财务上的纠纷或是协议都将得到同意和安排，这会让你放心下来。你的商业利润可能会增加，或是你很快地会获得加薪。 </TWO-OF-CUPS-ONE >
<THREE-OF-CUPS-ONE >这张牌指出你将拥有稳定的收入来源，而且你将会达到收支平衡。会有大量的金钱通过各种小资源流入，你会因此感到满足。 </THREE-OF-CUPS-ONE >
<FOUR-OF-CUPS-ONE >这张牌显示如果有任何财务违规或是与财务有关的情况，那么你将能够巧妙地处理它们。你将表现非常机敏，而且可以完成工作，特别是与搜集金钱或是任何与金钱有关的法律问题工作。 </FOUR-OF-CUPS-ONE >
<FIVE-OF-CUPS-ONE >这张牌指出你现在必须注意你的财务状况，你的金融状况看起来有点不稳定。你必须谨慎地对待你的每一笔支出，只有实际且坚定的方法才能帮助你度过这个情况。 </FIVE-OF-CUPS-ONE >
<SIX-OF-CUPS-ONE >这张牌表示你现在将不必担心自己的财务状况。你的支出和收入将得到控制，资金将从各个方向流入。你将会对你的收入感到满足，并且你可能会突然中一笔大奖，这会让你非常惊喜。 </SIX-OF-CUPS-ONE >
<SEVEN-OF-CUPS-ONE >这张牌指出你会有一些和你的开销相关的小危机，但你会解决它们的。你不必太过担心，因为事情很快就会回归正轨，你也有可能从各种管道来获得一些小笔收入。 </SEVEN-OF-CUPS-ONE >
<EIGHT-OF-CUPS-ONE >这张牌显示你会需要注意你的支出，因为你可能会遭遇到这种情形，即使你试着控制它们，你的支出还是持续增加。你将会觉得你的收入不足以支持你的开销，这也可能让你觉得有点失望和不满。 </EIGHT-OF-CUPS-ONE >
<NINE-OF-CUPS-ONE >这张牌指出你将面临对金钱收益的一些不满。你将会从你的一个债务人那边得到一些资金，但可能会因为金钱分配的关系而有一些争论。但是你会很好地处理这个问题，事情都会得到解决。 </NINE-OF-CUPS-ONE >
<TEN-OF-CUPS-ONE >这张牌显示你会想要让自己松懈下来，并且会比平常花费稍多一些，而且会沉迷于放纵自己。你可能最后也会为你所爱的人购买礼物，而且这个开销不会让你太困扰，因为你的收入会变多，使你可以和你的家人以及朋友稍微放纵一下。 </TEN-OF-CUPS-ONE >
<PAGE-OF-CUPS-ONE >你会期待促销或是某种估价，而且这会很快地发生。很快会有更多的机会找上门来，所以你没有理由要担心。 </PAGE-OF-CUPS-ONE >
<KNIGHT-OF-CUPS-ONE >这张牌显示你在你的财务方面运气不错。你将会得到金钱上的惊喜，像是工资上涨、利润增加或是从预料外的管道获得一大笔钱。如果你的资金曾经被困在某处过，那么这笔钱将回到你身边。 </KNIGHT-OF-CUPS-ONE >
<QUEEN-OF-CUPS-ONE >这张牌指出你很快就不会在财务上感到有弱点。在财务危机的情况下，或是如果你正在寻求一些投资的指导的话，有很多人会愿意帮助你，你也会从正确的人那边获得这些帮助。你在从某些其他管道来源获得佣金或是资金的话不会有太多问题。 </QUEEN-OF-CUPS-ONE >
<KING-OF-CUPS-ONE >这张牌指出你将从你的工作或是新的投资获得资金来源。如果你正在进行新的交易或是签订新合同的话，那么你需要小心地注意文件和所有条款和条件，因为可能有人正在密切注意的你的一举一动。 </KING-OF-CUPS-ONE >
<ACE-OF-PENTACLES-ONE >这张牌指出你将会祈求各种资金来源，这个时机将会对你有利，你将获得新的收入来源。你将考虑长期的财务目标，并且可能有某些计划或投资机会很快会到来。 </ACE-OF-PENTACLES-ONE >
<TWO-OF-PENTACLES-ONE >这张牌显示你会进行商业上和个人生活中的财务规划，你将获得相关人员的同意。如果你有可能计划于新的投资，那么这将涉及很多支出。你将必须控制你的开销。 </TWO-OF-PENTACLES-ONE >
<THREE-OF-PENTACLES-ONE >这张牌指出你将从预期外的管道获得资金，而且将得到你家人和同事的支持。你还会试着寻找增加收入的来源，而且在这个探索的过程中，可能会开启一个待处理的或是新的项目或活动。 </THREE-OF-PENTACLES-ONE >
<FOUR-OF-PENTACLES-ONE >这张牌显示会有很多关于金钱转帐的活动。你将会需要处理许多文书工作，可能包括一些法律手续来获得一些退款。你将会发现财务状况蛮稳定的，你将有足够的资金来应付你的日常支出。 </FOUR-OF-PENTACLES-ONE >
<FIVE-OF-PENTACLES-ONE >这张牌指出你可能会把钱花费在自我成长和宠爱自己的事物上。你的财务状况将会到位，因为你将可以支付你的所有支出，而且幸运女神会站在你这方，尽管存在太多问题和阻碍，但是你可能会还是会取得进展。 </FIVE-OF-PENTACLES-ONE >
<SIX-OF-PENTACLES-ONE >这张牌指出这可能会是段有点艰苦的时间，因为你可能会遇到问题。你的朋友可能会把你的援助视为理所当然，而不归还金钱给你，或是你可能无法准时收到房租。这可能会使你感到愤怒还有导致一些心理的不安，征兆还指出会出现一些冲突。建议你在这种情况下保持冷静。 </SIX-OF-PENTACLES-ONE >
<SEVEN-OF-PENTACLES-ONE >这张牌显示，在刚开始的时候财务状况可能会看起来非常相当惨淡，事情可能似乎会模糊不清。但是很快地就会获得某种经济获益，这是通过商业或个人的投资以及某个亲近的人的协助，而这会带给你新希望。 </SEVEN-OF-PENTACLES-ONE >
<EIGHT-OF-PENTACLES-ONE >这张牌显示你在金融方面会有一段时间有着好运气，并且在金钱方面不会有紧绷的现象。可能会有一些金钱收益或是你将终于购买你想要的东西。通往快乐生活的关键是你要满足于你所得到的东西，在这一阵子，这句话对你来说会是真理。 </EIGHT-OF-PENTACLES-ONE >
<NINE-OF-PENTACLES-ONE >这张牌指出你现在会有很多好运跟随着你，即使是金融的方面，事情也似乎是朝着正确的方向前进。如果你遇到任何财务问题，它们将会被解决，并且很快就会有一些好消息到来。 </NINE-OF-PENTACLES-ONE >
<TEN-OF-PENTACLES-ONE >这张牌显示你将会收支平衡，而且你将会付清一些家庭的帐单，这会花掉你大部分的资金。如果有一些你正在等待被执行的采购或是一些关于金钱的重要决定，那么它们会被采纳。 </TEN-OF-PENTACLES-ONE >
<PAGE-OF-PENTACLES-ONE >这张牌指出你的财务状况非常平衡，但有时候你可能还是感觉不够。这可能会激怒你并导致强烈的反应。你将需要冷静一点，因为这张牌表示好的时机就在不远处。 </PAGE-OF-PENTACLES-ONE >
<KNIGHT-OF-PENTACLES-ONE >这张牌表示你的财务状况不会有太多问题。虽然可能会有一些团体表示不愿意退还款项，但这可能是一个值得关注的问题。你现在可能不会感到自信，但是很快地你就会收到一些不小的财富。 </KNIGHT-OF-PENTACLES-ONE >
<QUEEN-OF-PENTACLES-ONE >这张牌显示如果你的钱被某人扣住或是遗失在某处，这件事会很快被处理干净，而且事情会被解决。你将会拿回你的钱，你也可以期待一些小笔的金钱收益或是收入增加。 </QUEEN-OF-PENTACLES-ONE >
<KING-OF-PENTACLES-ONE >这张牌指出你几乎不会有任何和你的财务有关的问题。你将有一些获利的机会，但是你将需要小心的鉴别它们。建议你在家中或是附近的地方进行交易，因为这会被证明对你来说是幸运的。 </KING-OF-PENTACLES-ONE >
<ACE-OF-SWORDS-ONE >这张牌指出和金钱或你的财务相关的事情结果不会像你预期的那样。可能会有一些与支出相关的忧虑，尤其是在非预期的支出上。你的收入会保持稳定，但是你必须努力在资金流入和增加的支出上取得平衡。 </ACE-OF-SWORDS-ONE >
<TWO-OF-SWORDS-ONE >这张牌显示你的财务状况将会到位，并且没有什么好担心的。虽然可能会有和新的投资或是限制相关的问题，并有一些事情会在你脑海中打转，而且你会对做出坚定的决定抱持着怀疑态度。 </TWO-OF-SWORDS-ONE >
<THREE-OF-SWORDS-ONE >这张牌指出对你的财务状况来说，这是个不错的时期，而且会不断的有资金流动。你可能会从最意想不到的来源获利。或是你以前的投资会开始有利润。如果一些你的债务人之前不愿意还钱的话，事情将会被解决。 </THREE-OF-SWORDS-ONE >
<FOUR-OF-SWORDS-ONE >这张牌显示你的资金流入可能会有点停滞不前。在某些情况下，你可能会与你的商业合作伙伴或是债务人发生争执，或是可能会因延迟付款而感到失望。但是这种混乱很快就会结束，因为你的财务状况在一段时间后会变得稳定。 </FOUR-OF-SWORDS-ONE >
<FIVE-OF-SWORDS-ONE >这张牌指出你会对金钱上感到满意，因为你会收支平衡，而且你也会从其他各种管道赚取收益。但尽管如此，你对财务还是会有一种意识。建议你不要太过担心自己的财务状况，并放松一段时间。 </FIVE-OF-SWORDS-ONE >
<SIX-OF-SWORDS-ONE >这张牌显示你可能会有一段很难赚钱以及应付你的支出，因为看起来财运已经离你远去。但是这很快就会改变，你将不用做什么，单凭运气就可以赚到一些钱，你将会享受这段时光。 </SIX-OF-SWORDS-ONE >
<SEVEN-OF-SWORDS-ONE >这张牌指出你会感到有点紧张或生气，因为你可能需要做出一些不希望看到的决定。但你可以放下你的忧虑，因为你可能很快就可以把事情解决。你可能即将会获得某种金钱收益，或是你可能很快就会赢得某些东西。 </SEVEN-OF-SWORDS-ONE >
<EIGHT-OF-SWORDS-ONE >这张牌显示你会感觉你的收入停滞不前，而且你正接受预期的评估。你将会寻找替代路线以赚取一点钱来满足你的需求。这指出你将会成功地做到这一点，并且最终找到一个折衷的办法。 </EIGHT-OF-SWORDS-ONE >
<NINE-OF-SWORDS-ONE >这张牌指出这将是你人生中在金钱方面最好的时间之一。你将会从日常工作中获得好收入，而且你很快就会获得加薪。可能会有一些新的商业方案的影响，这可能非常有利可图，或是你可能会找到一些平行的途径来赚取丰厚的利润。 </NINE-OF-SWORDS-ONE >
<TEN-OF-SWORDS-ONE >这张牌显示，如果你现在正在处理任何财务问题，那么它们会很快地被解决。当你从旧的投资或评估中获取某种金钱收益或特殊福利的时候，你也可能会感到惊讶，这会让你欣喜若狂。 </TEN-OF-SWORDS-ONE >
<PAGE-OF-SWORDS-ONE >这张牌指出会有一些与你的财务有关的事情会让你持续烦恼。你会对你的财务状况感到担忧，并会尝试控制你的支出。但是这似乎是个永无止境的问题，因为它无法在第一次会议上得到解决。 </PAGE-OF-SWORDS-ONE >
<KNIGHT-OF-SWORDS-ONE >这张牌显示你的一位朋友或亲近的人会提供你新的伙伴关系的方案或是参与一项新的投资。他们将证明他们是非常有帮助的，因为他们不会要求太多回报，而你会为他们的态度感到高兴。 </KNIGHT-OF-SWORDS-ONE >
<QUEEN-OF-SWORDS-ONE >这张牌指出你可能会被某人金钱诈欺。可能有一个人向你借了一点钱，然后不愿意归还，像是积欠房租、帐单或是材料。你可能也会因此而烦恼，最后可能会起争执或是冲突。 </QUEEN-OF-SWORDS-ONE >
<KING-OF-SWORDS-ONE >这张牌表示你需要放松，并且停止思考太多有关于你财务的问题。你的收入将保持稳定，但是可能因为一些你无法避免的讨厌情形，导致家庭和你周遭存在着巨大的压力。 </KING-OF-SWORDS-ONE >
<ACE-OF-WANDS-ONE >这张牌指出你很有可能会获得一些金钱收益。这些收益将归功于某些和你的技能相关的事情。如果你计划维持你的工作表现，或是在你的商业事业中提出一个独特的想法，那么现在就是做这件事对的时间。 </ACE-OF-WANDS-ONE >
<TWO-OF-WANDS-ONE >这张牌显示，如果你遇到任何财务纠纷或是正在考虑某些财务协议，那么它们最终会被同意和安排好，这会让你感到松一口气。你的商业利润可能会增加，或是你可能会获得加薪。 </TWO-OF-WANDS-ONE >
<THREE-OF-WANDS-ONE >这张牌表示你应该和你的朋友或同事保持联系，因为你会发现他们对财务上有非常大的帮助。你的业务或工作将开始蓬勃发展，会为你带来比预期更多的利润。将会有一个商业交易完成，而你会从中得到你一直期待的附加利润。 </THREE-OF-WANDS-ONE >
<FOUR-OF-WANDS-ONE >这张牌指出你现在的财务状况很稳定，并且你会从一些管道获得资金。你的财务交易将不会有任何问题，因为你的工作顺利进行，而且你会比之前做得更好。 </FOUR-OF-WANDS-ONE >
<FIVE-OF-WANDS-ONE >这张牌显示你现在有点金钱运了。如果你有任何和财产或投资相关的财务纠纷，那么你很有可能会占上风。你将会很好地处理你的财务状况，这将帮助你省下足够的钱来满足你家人的期望。 </FIVE-OF-WANDS-ONE >
<SIX-OF-WANDS-ONE >这张牌指出会有特定的问题，主要是和你的资金会被某人或在某处被套牢。这会让你非常忧虑，有时候你可能会无意识地表现得很吝啬。但是这个困难时期很快地会过去，你的资金会解套。 </SIX-OF-WANDS-ONE >
<SEVEN-OF-WANDS-ONE >这张牌表示，如果你的资金有任何困难或是阻碍，它们会很快被清除。你将从你的储蓄计划和以及聪明的金钱运用方式来获得收益，这将使你觉得满足和快乐，这也可能会导致一点挥霍，但这是你应得的。 </SEVEN-OF-WANDS-ONE >
<EIGHT-OF-WANDS-ONE >这张牌指出事情很快会往好的一面发生变化。你的财务状况将比你预期的更加蓬勃发展，因为你将在新的公司中达成一个新的获利协议，这也会帮你赢得赞赏。在不久的将来，你会参加很多会议以及会有获益的机会。 </EIGHT-OF-WANDS-ONE >
<NINE-OF-WANDS-ONE >这张牌显示你现在有着几乎平衡的财务状况，因为你可能会在短时间内赚取一些收益同时会有一些损失。但是没有理由感到担忧，因为你将会因赚取一些钱而感到满足，这也可以应付你的日常支出，而你将会成功找到更多收入来源。 </NINE-OF-WANDS-ONE >
<TEN-OF-WANDS-ONE >这张牌指出你现在对你的金钱交易有点多疑，因为你可能会和你的客户或是老板有一些争执，这会导致某些麻烦。对于这些麻烦的情况，你会想要把目光放远来得到更多收入来源，但是你会发现这比你想像中的更困难。 </TEN-OF-WANDS-ONE >
<PAGE-OF-WANDS-ONE >这张牌显示，当你工作的某些部分受到关注时，你将会发现收益流入，反之，某些部分仍然会持续保持疲软。在跟银行交易或财务文件上也可能会出现问题。 </PAGE-OF-WANDS-ONE >
<KNIGHT-OF-WANDS-ONE >你可能会从一些意外的管道获得资金流入，但这数额不会很大。从你的债务人那里取得金钱的项目将会变得有点费劲，而你可能无法得到你真正期望的东西，这可能会引起一些争执和失落。 </KNIGHT-OF-WANDS-ONE >
<QUEEN-OF-WANDS-ONE >你可能很想要挥霍，也可能比你预期的还要沉迷于此事，而你的信用卡帐单可能会很惊人。这可能会让你烦恼一阵子，而你将会思考这种情况的替代方案。但你的决定实际上对你之后的生活会是有益的。 </QUEEN-OF-WANDS-ONE >
<KING-OF-WANDS-ONE >这张牌指出你将从日常工作中赚取金钱，但是会试着从其他管道来得到更好的方案。但是市场将会变得非常严峻，如果你有你自己的事业的话，那么你要多努力一点来获得新的合约或项目。对于受雇的人来说，你可能很快就要面对一些激烈的竞争。 </KING-OF-WANDS-ONE >
<THE-MAGICIAN-ONE >这张牌指出你人生在商业和金钱交易的新起点。你可以放心，因为你在金融上的努力将会成功，而未来预兆显示新商业投资和其他交易会很兴盛和成功。 </THE-MAGICIAN-ONE >
<THE-HIGH-PRIESTESS-ONE >这张牌显示你需要继续控制事情一阵子。你将期待一个包裹、邮件或是某个财务相关的东西的送达。这可能比你预期的还要久一些，但最终你将获得漫长等待后的好处。 </THE-HIGH-PRIESTESS-ONE >
<THE-EMPRESS-ONE >这张牌指出你必须对你的财务交易更加有条理，而且要小心你和商业伙伴或同事分享的信息。但是你可以释放你的紧张，因为承诺过的金额正在处理中，而且很快就会到你手中。 </THE-EMPRESS-ONE >
<THE-EMPEROR-ONE >这张牌显示，如果你的资金或是一些金融文件被卡住的话，它们将很快被批准。会有一个值得庆祝的事情，因为你可能会被加薪或是得到某种金钱收益，这会让你有点放纵，但是你不用感到有罪恶感。 </THE-EMPEROR-ONE >
<THE-HIEROPHANT-ONE >这张牌建议你应该要稍微平衡你的收支，你也需要持续注意你的支出。在从债务人那边取得一些金钱的时候，你将会遇到一点问题。虽然你会担心，但在财务上，事情还是会顺遂进行的。 </THE-HIEROPHANT-ONE >
<THE-LOVERS-ONE >这张牌指出会有很好的资金流动，因为你可能会被升职，得到红利或是福利。这将会帮助你维持财务上的稳定度，而且你无需为资金短缺烦恼。可能会有一些挥霍的机会，因为你很快就可以找到理由来庆祝某件事。 </THE-LOVERS-ONE >
<THE-CHARIOT-ONE >你会觉得有压力，因为你的资金会被某人或其他合约所困着，而且回收它们。这也可能导致一些法律问题，这会让人更沮丧。但是事情最终会因为你的努力而缓解，你的努力会让你从其他意外的地方取得你的资金 。 </THE-CHARIOT-ONE >
<STRENGTH-ONE >这张牌指出，在涉及金钱交易的时候，你会更实际地思考。这是个从债务人那边收回资金的好时机，这些资金应该要更早就给付了，但由于各种原因被推迟。你将整理所有你的财务文件，这会有效地帮助你解决问题。 </STRENGTH-ONE >
<THE-HERMIT-ONE >这张牌显示你有一些意料之外的收入或是红利。这会让你感到惊喜且非常开心，这也会是一些放纵或是某些和朋友与家人庆祝的理由。你可能也会计划和你所爱的人共度假期，因为你从债务人那边收到你的钱了。 </THE-HERMIT-ONE >
<WHEEL-OF-FORTUNE-ONE >这张牌指出可能会有一个令人担心的原因，因为你会发现你的事业并没有获得足够的利润，而且可能会有一些你之前没发现的漏洞。你所爱的人的陪伴和协助会帮助你摆脱你的财务困境。 </WHEEL-OF-FORTUNE-ONE >
<JUSTICE-ONE >这张牌显示，这对你来说在财务上是一个艰难的时期。你将发现你的业务表现不太好，或是你其他的收入来源因为某种方式而枯竭了。你可能需要面对一些艰困的时期，但请放心，因为至少在金钱方面，事情很快就会变好。 </JUSTICE-ONE >
<THE-HANGED-MAN-ONE >这张牌指出，因为某人可能为了自己的利益欺骗了你或是误导了你，所以你将面临一些财务的下坡，尽管是非常轻微的。但是你很快就会发现这件事，而且会采取必要的行动来讨回你应得的。 </THE-HANGED-MAN-ONE >
<DEATH-ONE >这张牌显示你现在资金会有点紧张。你可能最近已经遭受了可怕的财务上的失败，或是应该要退还给你大笔资金的某人已经逃之夭夭。这种情况会让你保持警惕。 </DEATH-ONE >
<TEMPERANCE-ONE >这张牌指出你的资金是不停的变化中。它会有点像过山车一样，有的时候你有钱，但是有的时候没有。这可能在一开始会有点混乱，但你会感到满意，因为你的业务会带来足够的收益。 </TEMPERANCE-ONE >
<THE-DEVIL-ONE >这张牌显示你现在必须面对很多和你的资金有关的财务问题。这可能是因为一些不走运的决定、家人的健康问题或是其他法律问题。这将会持续一段时间，但事情会很快好转。 </THE-DEVIL-ONE >
<THE-TOWER-ONE >这张牌指出，由于某些意外的支出，导致你可能要面对财务上的挫败。你的业务可能没有获得足够的收益，这将是一个严重的问题。你可能会失去一个主要的客户或是最能获益的项目。 </THE-TOWER-ONE >
<THE-STAR-ONE >你将会获得新项目和商业机会，这会带来良好的资金流入。由于未来的景气看起来一片光明，你也有可能获得一些金钱收益。建议你不要过度沉迷于庆祝事情，因为你可能不会意识到你的过度支出。 </THE-STAR-ONE >
<THE-MOON-ONE >这张牌指出，你对财务状况的处理方式略有不满。可能有人会像你退还他们的债款，但拒绝支付利息。你可能将其视为理所当然，但你知道要如何得其所愿。 </THE-MOON-ONE >
<THE-SUN-ONE >这张牌显示任何停滞的资金流动都将被处理，并且会有新的机会找上门。如果你遇到银行或是贷款的一些问题，那么也很快会被解决。可能会得到新的收入管道，而且很快就会从邮件收到一些财务上的好消息。 </THE-SUN-ONE >
<JUDGEMENT-ONE >这张牌指出，对你的财务状况来说，这将会是个不错的时期。如果有任何金融判决通过的话，那么它们很有可能对你有利。在分红和债务偿还上会有金钱的收益，而且你的财务状况会改善。 </JUDGEMENT-ONE >
<THE-WORLD-ONE >这张牌表示你将从最意想不到的来源获得资金。可能很快地得到一张汇票，或是你会从你的努力中，以得到红利的形式获益。将会有少量资金从各种管道流入。 </THE-WORLD-ONE >
<THE-FOOL-ONE >这张牌指出如果有任何资金困在某处，那么你很快就会收到它。在这段期间，你和你的家人或是亲近的人将会开设新业务或是决定进行巨额投资。这将是你人生中至关重要的决定，因此建议你在行动之前权衡利弊。</THE-FOOL-ONE >
</ROOT>
