<?xml version="1.0" encoding="utf-8" ?>
<ROOT>
<ACE-OF-CUPS-ONE>Esta carta indica que estarás tomando pasos importantes para entrar a un nuevo proyecto sin tensionarte o preocuparte sobre los riesgos involucrados y eventualmente este proyecto te ayudará a ocuparte de tus necesidades. Este es un buen momento para tomar riesgos ya que ganarás beneficios financieros. </ACE-OF-CUPS-ONE>
<TWO-OF-CUPS-ONE>Cualquier disputa o acuerdos financieros se pactarán y se liquidarán y esto te dará alivio. Tus ganancias en los negocios pudieran incrementarse o pudieras obtener un aumento de salario pronto. </TWO-OF-CUPS-ONE>
<THREE-OF-CUPS-ONE>Esta carta indica que deberás tener una fuente estable de ingreso ahora y deberás tener una distribución justa de ingresos y gastos. Habrá buen flujo de dinero a través de varias fuentes pequeñas y te sentirás contento. </THREE-OF-CUPS-ONE>
<FOUR-OF-CUPS-ONE>Esta carta muestra que si hay algunas irregularidades financieras o cualquier situación en relación con las finanzas estarás en una posición de lidiar con ello con tacto. Serás muy ingenioso y capaz de realizar el trabajo especialmente en juntar dinero o resolver cualquier problema legal relacionado con dinero. </FOUR-OF-CUPS-ONE>
<FIVE-OF-CUPS-ONE>Esta carta indica que ahora tendrás que prestar atención en tus finanzas y tu situación monetaria parecerá ser un poco inestable ahora. Tendrás que tomar cuidadosamente cada paso con tus gastos y solo un enfoque práctico y firme te ayudará a afrontar esta situación. </FIVE-OF-CUPS-ONE>
<SIX-OF-CUPS-ONE>Esta carta sugiere que no tendrás que preocuparte mucho acerca de tus finanzas ahora. Tus gastos e ingresos estarán bajo control y el dinero fluirá de varias direcciones. Te sentirás contento de tus ganancias y pudiera haber un premio repentino que pudiera llegarte el cual te dejará gratamente sorprendido. </SIX-OF-CUPS-ONE>
<SEVEN-OF-CUPS-ONE>Esta carta indica que habrá algún tipo de pequeña crisis en relación con tus gastos, pero lo resolverás. No habrá mucho de qué preocuparse ya que las cosas se rectificarán pronto y hay también una posibilidad que tendrás algunas pequeñas ganancias de varias fuentes. </SEVEN-OF-CUPS-ONE>
<EIGHT-OF-CUPS-ONE>Esta carta muestra que tendrás que cuidar tus gastos ya que pudieras toparte con una situación en la que tus gastos van a seguir incrementándose, aunque trates de reducirlos. Sentirás que tus ganancias no son suficientes para encargarse de tus gastos y esto pudiera dejarte un poco decepcionado o insatisfecho. </EIGHT-OF-CUPS-ONE>
<NINE-OF-CUPS-ONE>Esta carta indica que tendrás que enfrentar una pequeña insatisfacción en términos de ganancias monetarias. Tendrás algún dinero de uno de tus deudores en un momento, pero pudieran haber algunas discusiones por malas relaciones con el dinero. Pero manejarás bien la situación y las cosas se resolverán </NINE-OF-CUPS-ONE>
<TEN-OF-CUPS-ONE>Esta carta muestra que querrás liberarte un poco y gastar un poco más de lo usual y te mimarás con algunos caprichos. Pudieras también terminar comprando regalos para tus seres queridos y el gasto no te importará mucho ya que tus ganancias mejorarán y te permitirán consentirte un poco con tu familia y amigos. </TEN-OF-CUPS-ONE>
<PAGE-OF-CUPS-ONE>Esperarás un ascenso o algún tipo de evaluación y esto probablemente sucederá pronto. Habrá también más oportunidades tocando a tu puerta pronto así que no habrá muchas razones para preocuparse. </PAGE-OF-CUPS-ONE>
<KNIGHT-OF-CUPS-ONE>Esta carta muestra que tienes buena suerte a tu lado cuando tiene que ver con tu condición financiera. Obtendrás agradables sorpresas monetarias como un aumento salarial, incremento en utilidades o una gran cantidad de dinero de una fuente inesperada. Si tu dinero estaba atascado en alguna parte entonces regresará a ti. </KNIGHT-OF-CUPS-ONE>
<QUEEN-OF-CUPS-ONE>Esta carta indica que no te sentirás vulnerable financieramente en ningún momento cercano. Habrá mucha gente lista a ayudarte en caso de una crisis financiera o si estás buscando alguna guía para inversiones entonces la obtendrás de las personas correctas. No tendrás muchos problemas para recibir comisión o dinero de alguna otra fuente. </QUEEN-OF-CUPS-ONE>
<KING-OF-CUPS-ONE>Esta carta indica que tendrás una fuente de ingreso de dinero de tu trabajo o de un nuevo proyecto. Si estás haciendo nuevos tratos o firmando nuevos contratos entonces necesitas ser cuidadoso sobre la documentación y con todos los términos y condiciones ya que pudiera haber algunos elementos que pudieran velar por tus acciones. </KING-OF-CUPS-ONE>
<ACE-OF-PENTACLES-ONE>Esta carta indica que estarás orando por varias fuentes de dinero y este tiempo te favorecerá y recibirás nuevas fuentes de ingreso. Estarás pensando sobre las metas financieras a largo plazo y habrá ciertos planes o proyectos que pudieran llegar a tu camino. </ACE-OF-PENTACLES-ONE>
<TWO-OF-PENTACLES-ONE>Esta carta muestra que estarás en un proceso de planificación financiero en la vida de negocios y personal y tendrás que obtener el consentimiento de las personas implicadas. Si hay probabilidades que estés planeando una nueva inversión entonces habrá muchos gastos involucrados. Tendrás también que mantener tus gastos bajo control. </TWO-OF-PENTACLES-ONE>
<THREE-OF-PENTACLES-ONE>Esta carta indica que el dinero llegará a ti de fuentes inesperadas y deberás tener el apoyo de tu familia y colegas. También tendrás que encontrar una fuente de ingreso adicional y pudieras abrir un proyecto pendiente o actividad en esta búsqueda o pudieras empezar una nueva. </THREE-OF-PENTACLES-ONE>
<FOUR-OF-PENTACLES-ONE>Esta carta muestra que habrá mucha actividad en relación con transferencias de dinero. Tendrás que pasar por mucho papeleo el cual pudiera incluir algunas formalidades legales para ganar algunos retornos monetarios. Encontrarás estabilidad en las finanzas y tendrás suficiente para afrontar tus gastos regulares. </FOUR-OF-PENTACLES-ONE>
<FIVE-OF-PENTACLES-ONE>Esta carta indica que pudieras estar gastando en una mejora personal y mimos. Tus finanzas estarán en orden ya que tendrás la capacidad de cubrir todos tus gastos y la suerte pudiera también estar de tu lado a medida pudieras progresar a pesar de muchos problemas y obstáculos. </FIVE-OF-PENTACLES-ONE>
<SIX-OF-PENTACLES-ONE>Esta carta indica que algunos momentos serán un poco difíciles para ti y pudieras tener problemas. Tus amigos pudieran darte por sentado y no te regresarían tu dinero o pudieras no obtener las rentas a tiempo. Esto pudiera conducir a un empeoramiento y algunas perturbaciones mentales y pudiera también manifestarse algunos conflictos. Se sugiere que te mantengas tranquilo en una situación como esa </SIX-OF-PENTACLES-ONE>
<SEVEN-OF-PENTACLES-ONE>Esta carta muestra que las cosas pudieran parecer muy sombrías en relación con las finanzas al principio y las cosas pudieran parecer vagas e inciertas. Pero habrá pronto algún tipo de ganancia financiera a través de proyectos de negocios o personales con la ayuda y guía de alguien cercano y esto te dará una nueva esperanza. </SEVEN-OF-PENTACLES-ONE>
<EIGHT-OF-PENTACLES-ONE>Esta carta muestra que serás afortunado en aspectos monetarios por un tiempo y no habrá tensiones en relación con el dinero. Habrá algunas ganancias monetarias o finalmente comprarás las cosas que querías. La clave de una vida feliz es estar contento con lo que obtienes y esto será verdadero para ti por un tiempo. </EIGHT-OF-PENTACLES-ONE>
<NINE-OF-PENTACLES-ONE>Esta carta indica que tendrás una buena cantidad de buena suerte ahora y las cosas parecerán fluir en la dirección correcta incluso en términos monetarios. Si estabas teniendo algún tipo de problema financiero entonces se resolverá y también habrá buenas noticias llegando pronto. </NINE-OF-PENTACLES-ONE>
<TEN-OF-PENTACLES-ONE>Esta carta muestra que habrá un balance justo entre tus ganancias y gastos y tendrás que ordenar varias facturas del hogar las cuales se llevarán la mayor parte de tu dinero. Si hubiera alguna compra que estás esperando hacer o alguna decisión importante en relación con el dinero entonces la tomarás. </TEN-OF-PENTACLES-ONE>
<PAGE-OF-PENTACLES-ONE>Esta carta indica que tus finanzas estarán bien balanceadas ahora, pero habrá ocasiones en las que puedas sentirte insuficiente. Esto pudiera empeorarse y conducir a reacciones fuertes. Necesitarás calmarte un poco ya que esta carta sugiere que los buenos tiempos están cerca. </PAGE-OF-PENTACLES-ONE>
<KNIGHT-OF-PENTACLES-ONE>Esta carta sugiere que no habrá muchos problemas con tu situación financiera. Aunque pudieran haber algunos participantes estarán reacios a regresar el dinero y este puede ser un motivo de preocupación. Pudiera no estar seguro de sí mismo ahora pero pronto habrá buena fortuna viniendo a tu camino. </KNIGHT-OF-PENTACLES-ONE>
<QUEEN-OF-PENTACLES-ONE>Esta carta muestra que si tu dinero estaba siendo retenido por alguien o se perdió en alguna parte entonces es más probable que se clarificará y las cosas se resolverán. Obtendrás tu dinero de regreso y podrás también esperar algunas pequeñas ganancias monetarias o un incremento en el ingreso. </QUEEN-OF-PENTACLES-ONE>
<KING-OF-PENTACLES-ONE>Esta carta indica que difícilmente habrán problemas relacionados con tus finanzas. Habrán varias oportunidades rentables viniendo a tu camino, pero tendrás que identificarlas con cuidado. Se sugiere que lleves a cabo tus transacciones en tu casa o en un lugar dentro de su proximidad ya que esto pudiera probar ser de suerte para ti. </KING-OF-PENTACLES-ONE>
<ACE-OF-SWORDS-ONE>Esta carta indica que los asuntos relacionados a dinero o a tus finanzas no resultarán de la manera que esperas. Pudiera haber alguna aprehensión relacionada a los gastos especialmente los inesperados. Tu ingreso será estable, pero tendrás que esforzarte duramente para lograr un balance entre tu flujo de dinero y tu aumento en los gastos. </ACE-OF-SWORDS-ONE>
<TWO-OF-SWORDS-ONE>Esta carta muestra que tus finanzas estarán en orden y no habrá mucho de qué preocuparse. A pesar de que pudiera haber una asunto que pudiera ser preocupante en relación con un nuevo proyecto o atadura y habrá unas cuantas cosas corriendo por tu mente y serás escéptico para tomar una decisión firme. </TWO-OF-SWORDS-ONE>
<THREE-OF-SWORDS-ONE>Esta carta indica que va a ser un buen período en relación con tus finanzas y hará un flujo constante de dinero. Pudieras ganar de las fuentes más inesperadas o tus viejos proyectos pudieran empezar a generar ganancias. Si alguno de tus deudores no está dispuestos a regresarte tu dinero entonces las cosas pronto se van a resolver. </THREE-OF-SWORDS-ONE>
<FOUR-OF-SWORDS-ONE>Esta carta muestra que tu flujo de dinero estará un poco estancado. Pudiera también haber una situación en la cual pudieras meterte en una discusión por dinero con tu socio de negocio o un deudor o pudiera haber algunas desilusiones por el retraso en los pagos. Pero este caos pronto se terminará a medida que tus finanzas se vuelven estables después de un tiempo. </FOUR-OF-SWORDS-ONE>
<FIVE-OF-SWORDS-ONE>Esta carta indica que estarás satisfecho monetariamente a medida que tu ingreso y tus gastos estarán en balance y también ganarás de otras diferentes fuentes. Pero a pesar de eso habrá un sentido de conciencia acerca de las finanzas. Se recomienda que no te preocupes demasiado sobre tus finanzas y te relajes por un tiempo. </FIVE-OF-SWORDS-ONE>
<SIX-OF-SWORDS-ONE>Esta carta muestra que pudieras estar teniendo un momento difícil para ganar dinero y hacerles frente a tus gastos en la medida que parece que la suerte te ha dado la espalda en relación con el dinero. Pero los tiempos pronto cambiarán y harás bastantes dólares sin hacer mucho por pura suerte y lo disfrutarás. </SIX-OF-SWORDS-ONE>
<SEVEN-OF-SWORDS-ONE>Esta carta indica que te sentirás un poco nervioso o enojado a medida tengas que tomar algunas decisiones indeseadas. Pero puedes poner tus preocupaciones atrás ya que es muy probable que empezarás a resolver las cosas rápidamente. Pudiera haber también algún tipo de ganancia monetaria viniendo a tu camino o pudieras solo ganar algo muy pronto. </SEVEN-OF-SWORDS-ONE>
<EIGHT-OF-SWORDS-ONE>Esta carta muestra que estarás sintiendo que tu ingreso se ha estancado y estás obteniendo las evaluaciones esperadas. Intentarás encontrar rutas alternativas para ganar un poco de dinero para afrontar tus necesidades. Se indica que serás exitoso en hacer esto y finalmente encontrarás una salida a tus compromisos. </EIGHT-OF-SWORDS-ONE>
<NINE-OF-SWORDS-ONE>Esta carta indica que este será uno de los mejores momentos de tu vida en términos monetarios. Ganarás bien de tu trabajo regular y pudieras también obtener un aumento pronto. Pudiera haber nuevos acuerdos comerciales los cuales serán muy rentables o pudieras encontrar alguna ruta paralela para ganar buen dinero. </NINE-OF-SWORDS-ONE>
<TEN-OF-SWORDS-ONE>Esta carta muestra que si hubiere algunos problemas financieros con los que estás lidiando ahora entonces pronto se resolverán. Hay también posibilidades que pudieras sorprenderte al obtener algún tipo de ganancia monetaria o beneficios especiales y trabajo de un viejo proyecto o evaluación la cual te hará extático de felicidad. </TEN-OF-SWORDS-ONE>
<PAGE-OF-SWORDS-ONE>Esta carta indica que habrá algo relacionado a tus finanzas que te molestará constantemente. Te sentirás aprehensivo sobre tu situación financiera y tratarás de reducir tus gastos. Pero esto pudiera parecer un problema de nunca terminar a medida que no se asentará en la primera reunión. </PAGE-OF-SWORDS-ONE>
<KNIGHT-OF-SWORDS-ONE>Esta carta muestra que uno de tus amigos o persona cercana te ofrecerá un nuevo trato de sociedad o que participes en un nuevo proyecto. Te probarán ser de gran ayuda a medida que no pedirán mucho a cambio y te sentirás agradecido con su gesto. </KNIGHT-OF-SWORDS-ONE>
<QUEEN-OF-SWORDS-ONE>Esta carta indica que pudieras ser traicionado por alguien monetariamente. Pudiera haber una persona a la que le pudieras haber prestado dinero y estará renuente a regresártelos como rentas atrasadas, facturas o material. Pudieras también estar agitado por esto y pudieras terminar teniendo una discusión o una confrontación. </QUEEN-OF-SWORDS-ONE>
<KING-OF-SWORDS-ONE>Esta carta sugiere que necesitas relajarte y dejar de pensar demasiado acerca de tus finanzas. Tu ingreso será estable pero aún habrán presiones que prevalecerán en la familia y a tu alrededor debido a situaciones repulsivas las cuales no podrás evitar. </KING-OF-SWORDS-ONE>
<ACE-OF-WANDS-ONE>Esta carta indica que probablemente obtendrás algunas ganancias monetarias. Esas ganancias serán por algo relacionado a tus habilidades. Si estás planeando tener una exhibición de tu trabajo o se te ha ocurrido un concepto único en tu negocio entonces este es el momento correcto para ejecutarlo. </ACE-OF-WANDS-ONE>
<TWO-OF-WANDS-ONE>Esta carta muestra que si estabas teniendo algunas disputas financieras o estabas pensando en algunos acuerdos financieros entonces finalmente se darán y se establecerán y esto te hará sentir aliviado. Hay posibilidades que tus ganancias en tu negocio se incrementarán o pudieras tener un aumento salarial pronto. </TWO-OF-WANDS-ONE>
<THREE-OF-WANDS-ONE>Esta carta sugiere que permanecer en contacto con tus amigos y colegas probará ahora ser de gran ayuda financiera. Tu negocio o trabajo empezará a florecer trayéndote más utilidades que las esperadas. Habrá un trato de negocio que se romperá que te traerá los beneficios adicionales que estabas esperando con ansias. </THREE-OF-WANDS-ONE>
<FOUR-OF-WANDS-ONE>Esta carta indica que tus finanzas estarán estables ahora y que recibirás dinero de algunas cuantas fuentes. No tendrás ningún problema en clarificar tus asuntos financieros a medida que tu trabajo será suave ahora y te irá mucho mejor que como te iba anteriormente. </FOUR-OF-WANDS-ONE>
<FIVE-OF-WANDS-ONE>Esta carta muestra que tendrás alguna suerte con el dinero ahora. Si estás teniendo algún tipo de disputas financieras relacionadas a la propiedad o inversiones entonces es bastante probable que tendrás una ventaja. Manejarás bien tus finanzas y esto te ayudará a ahorrar lo suficiente para satisfacer las expectativas de tu familia. </FIVE-OF-WANDS-ONE>
<SIX-OF-WANDS-ONE>Esta carta indica que habrán ciertos asuntos que prevalecerán en relación con tu dinero que está siendo retenido por alguien o en algún lugar. Esto puede hacerte sentir inmensamente preocupado y pudiera haber momentos en los que pudieras actuar mezquinamente sin darte cuenta. Pero este tiempo difícil pasará pronto y tus fondos serán subsanados. </SIX-OF-WANDS-ONE>
<SEVEN-OF-WANDS-ONE>Esta carta sugiere que si hubiere algunas dificultades u obstáculos en relación con tu dinero entonces se clarificarán pronto. Cosecharás los beneficios de tus planes de ahorro y de los movimientos monetarios inteligentes los cuales te harán sentir contento y feliz y esto pudiera también llevar a un poco de indulgencia, pero ¡te lo mereces! </SEVEN-OF-WANDS-ONE>
<EIGHT-OF-WANDS-ONE>Esta carta indica que las cosas cambiarán para mejor muy pronto. Tu situación financiera florecerá más de lo que esperabas ya que tendrás nuevos tratos rentables en tu compañía los cuales te ayudarán a ganar también elogios y habrá también muchas reuniones que atender y oportunidades para tener ganancias en el futuro cercano. </EIGHT-OF-WANDS-ONE>
<NINE-OF-WANDS-ONE>Esta carta muestra que tu situación financiera estará casi balanceada ahora a medida que pudieras tener algunas ganancias y pérdidas en un corto período de tiempo. Pero no habrá causa de preocupación ya que ganarás por pedazos para estar contento y afrontar tus gastos diarios y serás exitoso en buscar más fuentes de ingreso. </NINE-OF-WANDS-ONE>
<TEN-OF-WANDS-ONE>Esta carta indica que serás un poco escéptico con tu relación con el dinero ahora ya que pudieran haber algunas riñas con tu cliente o jefe los cuales pudieran llevarte a algunos problemas. Querrás mirar más allá de estas situaciones problemáticas para obtener más fuentes de ingresos, pero esto probará ser más difícil de lo que pensabas. </TEN-OF-WANDS-ONE>
<PAGE-OF-WANDS-ONE>Esta carta muestra que verás un flujo de ganancias cuando se preocupen en ciertas partes de tu trabajo, aunque algunas áreas aún continuarán manteniéndose débiles. Pudieran también haber problemas con las relaciones con bancos o documentación financiera. </PAGE-OF-WANDS-ONE>
<KNIGHT-OF-WANDS-ONE>Habrá un flujo de dinero de algunas fuentes inesperadas, pero esto no será una cantidad considerable. La actividad de recolectar el dinero de tus deudores se volverá un poco agotadora y pudieras no recibir lo que realmente esperas lo cual pudiera causar algunas discusiones y desilusiones. </KNIGHT-OF-WANDS-ONE>
<QUEEN-OF-WANDS-ONE>Pudieras estar de humor para despilfarrar y pudieras ser más indulgente de lo que estarías esperando y tu cuenta de tarjeta de crédito pudiera llegar como un shock. Esto pudiera molestarte por un tiempo y pudieras estar pensando sobre algunas alternativas para esta situación. Pero tu decisión probará en realidad que será beneficiosa más tarde en la vida. </QUEEN-OF-WANDS-ONE>
<KING-OF-WANDS-ONE>Esta carta indica que estarás haciendo dinero de tu trabajo usual, pero intentarás obtener los mejores tratos de otras negociaciones. Pero el mercado se volverá muy demandante y si tienes tu propio negocio entonces tendrás que luchar un poco para tener nuevos contactos y proyectos. Para algunas personas que están empleadas, pudiera haber una fuerte competencia que pronto pudieras tener que enfrentar. </KING-OF-WANDS-ONE>
<THE-MAGICIAN-ONE>Esta carta indica nuevos comienzos en tu vida en términos de negocios y también de tratos monetarios. Pudieras descansar seguro que tus emprendimientos monetarios serán exitosos a medida el tiempo por venir muestra prosperidad y éxito en términos de nuevos negocios, proyectos y transacciones. </THE-MAGICIAN-ONE>
<THE-HIGH-PRIESTESS-ONE>Esta carta muestra que tendrás que mantener las cosas en orden por un tiempo. Estarás esperando un paquete o correo o la llegada de algo relacionado con tus finanzas. Esto pudiera tomar un poco más de tiempo de lo que esperabas, pero eventualmente cosecharás los beneficios de la larga espera. </THE-HIGH-PRIESTESS-ONE>
<THE-EMPRESS-ONE>Esta carta indica que tendrás que ser un poco más organizado con tus relaciones financieras y ser cuidadoso de la información que compartes con tu socio de negocios o colega. Pero puedes liberar tus tensiones a medida que una cantidad prometida está en transición y pronto hará su camino hacia ti. </THE-EMPRESS-ONE>
<THE-EMPEROR-ONE>Esta carta muestra que si tu dinero o algunos documentos monetarios están atascados entonces pronto se clarificarán. Habrá un motive de celebración ya que pudieras obtener un aumento en tu paga o algún tipo de ganancia monetaria la cual provocará que te consientas un poco pero no tienes que sentirte culpable. </THE-EMPEROR-ONE>
<THE-HIEROPHANT-ONE>Esta carta sugiere que tendrás que balancear tu ingreso y gastos un poco y tendrás que controlar tus gastos. Tendrás algunos problemas en obtener algún dinero de tus deudores. A pesar de eso estarás preocupado, las cosas aún se ejecutarán suavemente financieramente. </THE-HIEROPHANT-ONE>
<THE-LOVERS-ONE>Esta carta indica que habrá un buen flujo de dinero ya que pudieras obtener un ascenso, bonificaciones adicionales u otros beneficios. Esto te ayudará a mantener estabilidad financiera y no tendrás que realmente preocuparte de algunas deficiencias ahora. Habrá también una razón para el despilfarro ya que tendrás un motivo para celebrar pronto </THE-LOVERS-ONE>
<THE-CHARIOT-ONE>Te estresarás ya que tu dinero se estancará con personas y otras transacciones y será difícil de recuperar. Esto pudiera también conducir a algunos asuntos legales los cuales serán los más frustrantes. Pero las cosas pudieran finalmente facilitarse a medida tu arduo trabajo te traerá dinero de otras fuentes inesperadas. </THE-CHARIOT-ONE>
<STRENGTH-ONE>Esta carta indica que pensarás más prácticamente ahora cuando se trata de relaciones monetarias. Este es un buen momento para recuperar dinero de deudores el cual tuvo que haberse pagado previamente, pero se retrasó por varias razones. Organizarás todos tus documentos financieros los cuales te ayudarán inmensamente en un problema. </STRENGTH-ONE>
<THE-HERMIT-ONE>Esta carta muestra que estas recibiendo algunos ingresos inesperados o bonificaciones. Esto te dejará impactado y gratamente muy feliz y esto también pudiera ser un motivo para algunas indulgencias o algún tipo de celebración con amigos y familia. Pudieras también planificar una vacación con tus seres queridos a medida que llegue tu dinero de los deudores. </THE-HERMIT-ONE>
<WHEEL-OF-FORTUNE-ONE>Esta carta indica que habrá un motivo de preocupación ya que observarás que tu negocio no está teniendo suficientes ganancias y que pudieran haber algunos vacíos los cuales no viste anteriormente. Alguna guía y ayuda de un ser querido te ayudará a salir de tus preocupaciones financieras. </WHEEL-OF-FORTUNE-ONE>
<JUSTICE-ONE>Esta carta muestra que será un tiempo difícil para ti financieramente. Verás que a tu negocio no está muy bien o que tus otras fuentes de ingreso se agotan de una manera u otra. Pudieran haber algunos momentos difíciles que pudieras tener que enfrentar, pero ten la seguridad que los tiempos pronto cambiarán para mejorar al menos monetariamente. </JUSTICE-ONE>
<THE-HANGED-MAN-ONE>Esta carta indica que tendrás que enfrentar algunos declives financieros, aunque muy leves ya que alguien pudiera haberte engañado o confundido para su propio beneficio. Pero pronto te darás cuenta de esto y tomarás las medidas necesarias para obtener lo que mereces. </THE-HANGED-MAN-ONE>
<DEATH-ONE>Esta carta muestra que habrá alguna tensión en relación con el dinero ahora. Pudiera haber sido posible que pudieras haber sufrido un terrible retroceso financiero recientemente o alguien que se suponía te iba a devolver una gran cantidad de dinero ha huido. Esta situación te mantendrá despierto y alerta. </DEATH-ONE>
<TEMPERANCE-ONE>Esta carta indica que tu dinero estará rotando ahora. Será como un viaje en montaña rusa dónde en algún momento tienes el dinero mientras que en otro no. Esto pudiera volverse un poco caótico al principio, pero tu negocio te traerá suficientes ganancias para que estés contento. </TEMPERANCE-ONE>
<THE-DEVIL-ONE>Esta carta muestra que tendrás que enfrentar muchos problemas financieros relacionados con tu dinero. Esto pudiera pasar debido a algunas lamentables decisiones, un problema de salud en la familia u otros asuntos legales. Esto continuará por algún tiempo, pero las cosas mejorarán pronto. </THE-DEVIL-ONE>
<THE-TOWER-ONE>Esta carta indica que tendrás que enfrentar un retroceso financiero debido a algunos gastos inesperados. Tu negocio pudiera no estar teniendo las ganancias requeridas y esto será de gran preocupación. También hay una posibilidad que pudieras perder uno de tus mayores clientes o el proyecto más rentable. </THE-TOWER-ONE>
<THE-STAR-ONE>Tendrás nuevos proyectos y oportunidades de negocio las cuales te conducirán a un buen flujo de dinero. También hay una posibilidad que puedas tener algunas ganancias monetarias ya que el futuro en términos de prosperidad se ve brillante. Se sugiere que no caigas en excesos en celebrar ya que pudieras no darte cuenta cuando tus gastos se hayan ido por la borda. </THE-STAR-ONE>
<THE-MOON-ONE>Esta carta indica que estarás levemente infeliz con la manera que las cosas están yendo las cosas en relación con tus finanzas. Pudiera haber alguien que pudiera regresarte la cantidad adeudada, pero pudiera rehusarse a pagar el interés. Pudieran haberte tomado por sentado, pero sabrás como seguir tu camino. </THE-MOON-ONE>
<THE-SUN-ONE>Esta carta muestra que cualquier flujo de dinero estancado se resolverá y nuevas oportunidades tocarán a tu puerta. Si estabas atascado con algunos problemas con el banco o el otorgamiento de un crédito es probable que se resuelva. Nuevos canales de ingresos pudieran también abrirse y pronto habrán buenas noticias financieras que llegarán vía correo electrónico. </THE-SUN-ONE>
<JUDGEMENT-ONE>Esta carta indica que será un buen período para tus finanzas. Si habían sentencias monetarias que se estaban aprobando luego es muy probable que estén a tu favor. Habrá ganancias monetarias en la forma de dividendos y reintegro de deudas y tu situación financiera pronto mejorará. </JUDGEMENT-ONE>
<THE-WORLD-ONE>Esta carta sugiere que vas a recibir dinero de las fuentes más inesperadas. Pudiera haber un giro bancario que pronto tocará a tu puerta o pudieras cosechar los beneficios de tu arduo trabajo en la forma de una bonificación. Habrá dinero fluyendo de varias fuentes en cantidades pequeñas. </THE-WORLD-ONE>
<THE-FOOL-ONE>Esta carta indica que si hay algún atasco de dinero en algún lugar y que pronto será recibido. En este período tú en conjunto con tu familia o persona cercana abrirán un nuevo negocio o se decidirán a hacer una enorme inversión. Esto será una decisión crucial de tu vida así que se sugiere que tomes en cuenta las ventajas y desventajas antes de tomar un paso adelante. </THE-FOOL-ONE>
</ROOT>
