<?xml version="1.0" encoding="utf-8" ?>
<ROOT>
<ACE-OF-CUPS-ONE >Αυτή η κάρτα δείχνει ότι όλα βρίσκονται σε ομαλή λειτουργία τώρα, όταν πρόκειται για την υγεία σας. Θα αισθανθείτε φρέσκοι ​​και δυναμικοί σωματικά και ψυχικά και δύσκολα θα εμφανιστούν τυχόν ασθένειες. Θα εμβαθύνετε περισσότερο στην πνευματικότητα που θα σας κάνει να νιώσετε ακόμα καλύτερα. </ACE-OF-CUPS-ONE >
<TWO-OF-CUPS-ONE >Αυτή η κάρτα δείχνει ότι τα πράγματα είναι λίγο διαταραγμένα στο τμήμα της υγείας, καθώς αγωνίζεστε να συμβαδίσετε με την ευημερία ενός αγαπημένου προσώπου και αυτό θα σας προκαλέσει σοβαρές ανησυχίες και ορισμένες επαναλαμβανόμενες επισκέψεις στο νοσοκομείο. </TWO-OF-CUPS-ONE >
<THREE-OF-CUPS-ONE >Αυτή η κάρτα δείχνει ότι θέλετε να το ρίξετε λίγο έξω και θα περιποιηθείτε τον εαυτό σας περισσότερο από όσο πρέπει. Αυτό θα προκαλέσει κάποια σοβαρά προβλήματα υγείας που θα πρέπει να αντιμετωπιστούν σύντομα. Εάν δεν ληφθούν μέτρα, μπορεί να χρειαστεί να κάνετε μία επίσκεψη στο νοσοκομείο ή σε ένα κέντρο αποτοξίνωσης. </THREE-OF-CUPS-ONE >
<FOUR-OF-CUPS-ONE >Έχετε πάρα πολύ άγχος και αυτό μπορεί να προκαλέσει διάσπαση στο σώμα σας. Θα χρειαστεί να πάρετε κάποιο χρόνο άδειας από τις επαγγελματικές υποχρεώσεις, καθώς πλέον είναι απαραίτητο. Αυτό μπορεί να εμποδίσει λίγο τα σχέδιά σας, αλλά τελικά θα σας βοηθήσει να ανακάμψετε και θα σας δώσει μια νέα στάση ζωής. </FOUR-OF-CUPS-ONE >
<FIVE-OF-CUPS-ONE >Αυτή η κάρτα δείχνει ότι τα πάρα πολλά ταξίδια και η πίεση εργασίας θα σας κάνουν να αισθάνεστε εξαντλημένοι και εξαιρετικά κουρασμένοι. Αυτό μπορεί επίσης να επηρεάσει την υγεία σας πιο σοβαρά από ότι θα περιμένατε και να σας προκαλέσει προβλήματα. Θα πρέπει να δοθεί προσοχή σε ζητήματα που σχετίζονται με το στομάχι ως προτεραιότητα. </FIVE-OF-CUPS-ONE >
<SIX-OF-CUPS-ONE >Αυτή η κάρτα δείχνει ότι δεν αισθάνεστε πολύ καλά και αυτή η ανησυχία επηρεάζει το σώμα σας σωματικά και ψυχικά. Αλλά θα βάλετε τα δυνατά σας για να ολοκληρώσετε ορισμένα καθήκοντα και στη συνέχεια θα κάνετε ένα διάλειμμα που θα βοηθήσει το σώμα σας να ανανεωθεί. </SIX-OF-CUPS-ONE >
<SEVEN-OF-CUPS-ONE >Αυτή η κάρτα δείχνει ότι το σώμα σας είναι παρουσιάζει κάποια συμπτώματα μιας ασθένειας που απαιτούν κάποια ξεκούραση. Μπορεί να σας στοιχειώσουν ορισμένες ασθένειες και θα πρέπει να τις αντιμετωπίσετε. Μπορεί να υπάρχουν κάποια ζητήματα που σχετίζονται με τα άκρα ή τα μάτια σας και θα πρέπει τους δώσετε λίγο χρόνο να ανακάμψουν. </SEVEN-OF-CUPS-ONE >
<EIGHT-OF-CUPS-ONE >Αυτή η κάρτα δείχνει ότι ο χρόνος θα είναι λίγο σκληρός με τα μάτια ή τα μαλλιά σας και θα ακολουθήσει μία περίοδος φαρμάκων. Αυτό θα παρεμποδίσει λίγο τις καθημερινές σας δουλειές πράγμα που μπορεί να σας ενοχλήσει, αλλά δεν χρειάζεται να ανησυχείτε για τίποτα και η επούλωση θα ξεκινήσει σύντομα. Τα αγαπημένα σας πρόσωπα θα σας φροντίσουν, καθώς αναρρώνετε. </EIGHT-OF-CUPS-ONE >
<NINE-OF-CUPS-ONE >Αυτή η κάρτα δείχνει ότι αντιμετωπίζετε ή θα πρέπει σύντομα να αντιμετωπίσετε κάποια απομόνωση ή κατάθλιψη που οφείλεται στα σκαμπανεβάσματα στη ζωή σας. Θα είστε σε ευάλωτη θέση αυτή τη στιγμή και θα αισθανθείτε ότι κανείς δεν σας καταλαβαίνει. Αυτή η ανησυχία μπορεί να προκαλέσει νευρικότητα και μπορεί να πάρετε κάποια χάπια. </NINE-OF-CUPS-ONE >
<TEN-OF-CUPS-ONE >Αυτή η κάρτα δείχνει ότι το απασχολημένο και απότομο πρόγραμμά σας θα σας αναγκάσει να έχετε μια μη ισορροπημένη διατροφή και αυτό μπορεί να οδηγήσει σε κάποιες στομαχικές διαταραχές. Αυτό το απότομο πρόγραμμα μπορεί να οδηγήσει σε απομόνωση ή αϋπνία που δεν θα κρατήσει όμως πολύ. Θα λάβετε κάποια μέτρα και θα ανακάμψετε σύντομα. </TEN-OF-CUPS-ONE >
<PAGE-OF-CUPS-ONE >Αυτή η κάρτα δείχνει ότι με το είδος των περιστάσεων που αντιμετωπίζετε τώρα, θα νιώσετε πολύ ευαίσθητοι και μπορεί να επηρεάζεστε εύκολα. Αυτή η κατάσταση του νου μπορεί να αποδειχθεί κακή για την υγεία σας σωματικά ή ψυχικά. Να είστε προσεκτικοί καθώς είστε επιρρεπείς σε ατυχήματα. </PAGE-OF-CUPS-ONE >
<KNIGHT-OF-CUPS-ONE >Αυτή η κάρτα δείχνει ότι όλα όσα σχετίζονται με την υγεία σας θα είναι πολύ καλύτερα τώρα. Αν ήδη πάσχετε από κάποιο είδος της ασθένειας και κάνετε επισκέψεις στο γιατρό, τότε θα παρατηρήσετε ότι η κατάστασή σας θα βελτιωθεί παρόλο που μπορεί να έχετε μια κακή είδηση ​. Θα πρέπει απλά να πιστέψετε στον εαυτό σας και να προσέχετε καλά το σώμα σας. </KNIGHT-OF-CUPS-ONE >
<QUEEN-OF-CUPS-ONE >Αυτή η κάρτα δείχνει ότι εξαντλείστε ψυχικά εξαιτίας διάφορων προσωπικών και επαγγελματικών πιέσεων και μπορεί επίσης να βρείτε τον εαυτό σας ανήμπορο κατά καιρούς. Μπορεί να υπάρχουν κάποια συμπτώματα απελπισίας για τα οποία θα συμβουλευτείτε το γιατρό και κάποιους συγγενείς, αλλά τα πράγματα θα γίνουν σταθερά καλύτερα. </QUEEN-OF-CUPS-ONE >
<KING-OF-CUPS-ONE >Αυτή η κάρτα δείχνει ότι μπορεί να υπάρχουν κάποιες ενοχλητικές καταστάσεις που θα σας αφήσουν πολύ απογοητευμένους και θα σας αναγκάσουν να πιστέψετε ότι δεν είστε αρκετά καλοί για τους άλλους ή ότι δεν έχετε ικανότητες. Μην αφήσετε αυτές τις συνθήκες να σας οδηγήσουν σε κάποιον εθισμό. </KING-OF-CUPS-ONE >
<ACE-OF-PENTACLES-ONE >Αυτή η κάρτα δείχνει ότι είστε πρόθυμοι να κάνετε κάποιες υγιείς αλλαγές στη ζωή σας. Αν πάσχετε από κάποια πάθηση, τότε αυτή είναι μια καλή στιγμή για γρήγορη ανάρρωση και σύντομα θα δείτε τον εαυτό σας σε πολύ καλύτερη κατάσταση. Τελικά θα ανακάμψετε τελείως. </ACE-OF-PENTACLES-ONE >
<TWO-OF-PENTACLES-ONE >Θα αισθανθείτε κουρασμένοι και εξουθενωμένοι, λόγω της δουλειάς τις πρώτες πρωινές ώρες και της εκπλήρωσης διαφόρων αρμοδιοτήτων. Αυτές οι συνθήκες μπορεί να έχουν αντίκτυπο στο σώμα σας, αλλά θα πρέπει να προσπαθήσετε και να επιτύχετε μια ισορροπία για να μην πέσετε θύμα της κατάστασης. </TWO-OF-PENTACLES-ONE >
<THREE-OF-PENTACLES-ONE >Αυτή η κάρτα δείχνει ότι μία συναισθηματική κατάρρευση ή μια απότομη συνάντηση θα σας οδηγήσει σε κάποιες τοξικές ουσίες. Αυτό μπορεί να έχει αντίκτυπο στην υγεία σας, για αυτό θα πρέπει να είστε προσεκτικοί. Η ξεκούραση θα πρέπει να περιμένει καθώς έχουν παραταχθεί πολλά πράγματα που πρέπει να κάνετε. </THREE-OF-PENTACLES-ONE >
<FOUR-OF-PENTACLES-ONE >Αυτή η κάρτα δείχνει ότι θα αντιμετωπίσετε κάποιο θέμα με ένα ήδη υπάρχον ιατρικό πρόβλημα και θα πρέπει να κάνετε κάποιες επισκέψεις στην κλινική. Μαζί με τους αγαπημένους σας θα ζητήσετε βοήθεια και συμβουλές. Τα πράγματα μπορεί να βγουν λίγο εκτός ελέγχου και θα πρέπει να μείνετε δυνατοί. </FOUR-OF-PENTACLES-ONE >
<FIVE-OF-PENTACLES-ONE >Αυτή η κάρτα δείχνει ότι έχετε παραμελήσει πολύ την υγεία σας τον τελευταίο καιρό και αυτός θα είναι ο λόγος που μια μικρή ασθένεια μπορεί τώρα να γίνει πιο σοβαρή, αν και όχι κάτι τραγικό. Εξαιτίας αυτού μπορεί να χρειαστεί να πάτε για μερικές εξετάσεις. </FIVE-OF-PENTACLES-ONE >
<SIX-OF-PENTACLES-ONE >Αυτή η κάρτα δείχνει ότι θα πρέπει τώρα να είστε ιδιαίτερα προσεκτικοί με το περιβάλλον σας. Είστε επιρρεπείς σε ατυχήματα και ως εκ τούτου θα πρέπει να είστε προσεκτικοί και επιφυλακτικοί για τα πάντα γύρω σας. Αυτή είναι μια κρίσιμη στιγμή και αν δεν είστε προσεκτικοί, τότε μπορεί να οδηγήσει σε ένα ανεπιθύμητες αποτέλεσμα. </SIX-OF-PENTACLES-ONE >
<SEVEN-OF-PENTACLES-ONE >Αυτή η κάρτα δείχνει ότι είστε αντιμέτωποι με μια πολύ ανησυχητική περίοδο και θα προσπαθήσετε να αποφύγετε οτιδήποτε θα απαιτούσε μεγάλη δέσμευση ή σωματική εργασία. Δεν θα είστε πρόθυμοι να κάνετε κάτι που απαιτεί χρόνο και συγκέντρωσή και αυτό θα σας κρατήσει απρόθυμα μακριά από την εργασία. </SEVEN-OF-PENTACLES-ONE >
<EIGHT-OF-PENTACLES-ONE >Αυτή η κάρτα δείχνει ότι ήρθε μάλλον η ώρα να βγάλετε έξω όλες εκείνες τις κρέμες και τα αντηλιακά γιατί το δέρμα σας μπορεί να είναι ευάλωτο. Θα πρέπει να ταξιδέψετε πολύ για τη δουλειά και αυτό μπορεί να επηρεάσει τη διατροφή σας και να οδηγήσει σε προβλήματα που σχετίζονται με το στομάχι. </EIGHT-OF-PENTACLES-ONE >
<NINE-OF-PENTACLES-ONE >Αυτή η κάρτα δείχνει ότι εσείς ή κάποιος κοντά σε σας θα αναρρώνει από μία ασθένεια ή ένα ατύχημα που έλαβε χώρα. Υπάρχει επίσης μια πιθανότητα ότι κάποιος που γνωρίζετε πολύ καλά θα αντιμετωπίζει ένα μείζον θέμα υγείας. Θα βοηθήσετε τους συγγενείς σας, αλλά θα θέλατε να βγείτε και να ζήσετε κάτι που θα σας βοηθήσει να ξεδώσετε. </NINE-OF-PENTACLES-ONE >
<TEN-OF-PENTACLES-ONE >Αυτή η κάρτα δείχνει ότι μπορεί να έχετε κάποια προσωπικά προβλήματα που θα σας ενοχλήσουν αρκετά. Θα υπάρξει κάποιος κοντά στην οικογένεια που θα χρειαστεί ιατρική φροντίδα και θα τον καθοδηγήσετε προς ένα νέο τρόπο ζωής. </TEN-OF-PENTACLES-ONE >
<PAGE-OF-PENTACLES-ONE >Αυτή η κάρτα δείχνει ότι αισθάνεστε άβολα και είστε πολύ ανήσυχοι. Μπορεί να έχετε προβλήματα που σχετίζονται με το σώμα σας. Μπορεί να υπάρχει κάποιο είδος ενοχής που σας έχει διαταράξει σημαντικά και θέλετε να απαλλαγείτε από αυτό. Θα χρειαστεί κάποια φαρμακευτική αγωγή για να αντιμετωπίσετε πόνους στο σώμα σας και μπορεί επίσης να θελήσετε να πάρετε κάποια υπνωτικά χάπια λόγω της αϋπνίας. </PAGE-OF-PENTACLES-ONE >
<KNIGHT-OF-PENTACLES-ONE >Η κοινωνική υπηρεσία είναι καλή αρκεί να μην προσπαθεί κάποιος να σας εκμεταλλευτεί και αυτό είναι κάτι που πρέπει να συνειδητοποιήσετε. Θα αισθάνεστε ανήσυχοι και ταραγμένοι εξαιτίας αυτού, αλλά θα καταφέρετε να κάνετε ένα τολμηρό βήμα. Θα προσπαθήσετε να κρατήσετε ενεργό τον εαυτό σας αντί να μείνετε σε αδράνεια, καθώς αυτό μπορεί να σας αποτρέψει από το να σκέφτεστε πράγματα που δεν θέλετε. </KNIGHT-OF-PENTACLES-ONE >
<QUEEN-OF-PENTACLES-ONE >Αυτή η κάρτα δείχνει ότι θα είναι καλύτερα να πάρετε τη βοήθεια της φύσης και να υιοθετήσει φυσικούς τρόπους θεραπείας και καθαρισμού. Αν εσείς ή κάποιο αγαπημένο σας πρόσωπο αναρρώνει από μια ασθένεια, τότε αυτή είναι μια καλή στιγμή για ταχεία ανάρρωση. </QUEEN-OF-PENTACLES-ONE >
<KING-OF-PENTACLES-ONE >Αυτή η κάρτα δείχνει ότι είστε στο δρόμο για καλή υγεία σωματικά και ψυχικά. Αν αναρρώνετε από τραυματισμό ή ασθένεια, τότε θα δείξετε μεγάλη βελτίωση. Ακόμα κι αν υπάρχουν προβλήματα που σχετίζονται με κάποια ιατρική γραφειοκρατία, θα τακτοποιηθούν σύντομα. </KING-OF-PENTACLES-ONE >
<ACE-OF-SWORDS-ONE >Αυτή η κάρτα δείχνει ότι αισθάνεστε χάλια και θλιμμένοι και αναζητείτε ιατρική βοήθεια. Τα μέλη της οικογένειάς σας θα σας βοηθήσουν και επίσης υπάρχουν πιθανότητες να ακολουθήσετε μια νέα κατεύθυνση για να βρείτε θεραπεία για την ασθένεια σας και αυτό θα αποδειχθεί ευεργετικό. </ACE-OF-SWORDS-ONE >
<TWO-OF-SWORDS-ONE >Αυτή η κάρτα δείχνει ότι η υγεία σας είναι περισσότερο σε ένα στάδιο διακυμάνσεων και μπορεί να είστε λίγο ανήσυχοι. Μπορεί να υπάρχουν μικρά προβλήματα υγείας, αλλά θα πρέπει να φροντίσετε την υγεία σας όταν δεν αισθάνεστε καλά ή όταν υπάρχουν πιθανότητες μιας μόλυνσης ή ενός ήπιου πυρετού ή κρυώματος. </TWO-OF-SWORDS-ONE >
<THREE-OF-SWORDS-ONE >Αυτή η κάρτα δείχνει ότι θα νιώσετε υπερβολικά εξαντλημένοι και θα ποθείτε την χαλάρωση και ένα μεγάλο διάστημα απουσίας από την δουλειά. Μπορεί να υπάρξουν περιστατικά που θα προσθέσουν στην ένταση και τη σωματική εξάντλησή σας, αλλά θα πρέπει να τα περιορίσετε για το δικό σας καλό. Η κακή κατάσταση της υγείας σας θα ανησυχήσει τα μέλη της οικογένειάς σας και θα συμβουλευτούν ένα γιατρό. </THREE-OF-SWORDS-ONE >
<FOUR-OF-SWORDS-ONE >Αυτή η κάρτα δείχνει ότι οι στιγμές ανάκαμψης είναι ακριβώς μπροστά και οι ψυχικές και συναισθηματικές ανησυχίες σας θα σταματήσουν επιτέλους ή τουλάχιστον θα απαλλαγείτε από αυτές σε ένα μεγάλο βαθμό σύντομα. Η σωματική σας υγεία μπορεί να είναι λίγο ταλαιπωρημένη και θα χρειαστεί να περάσετε από ορισμένες εξετάσεις ή σε ιατρικές θεραπείες. Ο γιατρός θα αποδειχθεί μεγάλη βοήθεια σε αυτή την περίπτωση. </FOUR-OF-SWORDS-ONE >
<FIVE-OF-SWORDS-ONE >Αυτή η κάρτα δείχνει ότι αντιμετωπίζετε άγχος και απογοήτευση λόγω κάποιας ασθένειας που δεν λέει να περάσει. Θα πρέπει να γίνουν μερικές επισκέψεις στο νοσοκομείο που θα προσθέσουν στην απογοήτευση σας και θα σαν κάνουν να αισθάνεστε αβοήθητοι, αλλά θα προσπαθήσετε να παραμείνετε δυνατοί. </FIVE-OF-SWORDS-ONE >
<SIX-OF-SWORDS-ONE >Αυτή η κάρτα δείχνει ότι μπορεί να είναι μία από τις χειρότερες σας περιόδους σχετικά με την υγεία σας. Μπορεί να υπάρξει ένας σοβαρός τραυματισμός ή μία ασθένεια που θα σας ενοχλήσει αρκετά. Μπορεί επίσης να έχετε κάποιο ατύχημα και να τραυματιστείτε ειδικά στα πόδια ή τα γόνατά σας. Υπάρχουν επίσης πιθανότητες νοσηλείας για λίγο, αλλά τα πράγματα τελικά θα καλυτερέψουν. </SIX-OF-SWORDS-ONE >
<SEVEN-OF-SWORDS-ONE >Αυτή η κάρτα δείχνει ότι το υπερβολικό άγχος σας καταβάλλει και αυτό σας προκαλεί πολύ ψυχικό και σωματικό στρες. Θα είστε πολύ απασχολημένοι με τον χειρισμό διάφορων πραγμάτων και αυτό μπορεί να έχει αρνητικές συνέπειες για σας ειδικά στο μυαλό και το σώμα σας. Θα χρειαστεί να αφιερώσετε κάποιο χρόνο στον εαυτό σας και να αναζωογονήσετε το μυαλό και το σώμα σας. </SEVEN-OF-SWORDS-ONE >
<EIGHT-OF-SWORDS-ONE >Αυτή η κάρτα δείχνει ότι μπορεί να συμβεί ένα μικρό ατύχημα, αν δεν είστε προσεκτικοί. Θα πρέπει να είστε ιδιαίτερα προσεκτικοί τώρα αφού η κάρτα δείχνει ότι μπορεί να αντιμετωπίσετε ένα ατύχημα που θα οφείλεται σε ορισμένες επικίνδυνες εργασίες στο σπίτι. Θα πρέπει επίσης να είστε προσεκτικοί κατά την οδήγηση ή τη διέλευση δρόμων. Αυτή η φάση θα περάσει σύντομα. </EIGHT-OF-SWORDS-ONE >
<NINE-OF-SWORDS-ONE >Αυτή η κάρτα δείχνει ότι θα πρέπει να αντιμετωπίσετε κάποιες δυσάρεστες καταστάσεις στην προσωπική ή επαγγελματική σας ζωή που θα σας οδηγήσουν στην κατάθλιψη. Μπορεί επίσης να υπάρξουν παρατυπίες στη διατροφή σας, που μπορεί να οδηγήσουν σε κάποιες στομαχικές διαταραχές, αλλά ένα από τα αγαπημένα σας πρόσωπα θα σας βοηθήσει σε αυτή την κατάσταση. </NINE-OF-SWORDS-ONE >
<TEN-OF-SWORDS-ONE >Αυτή η κάρτα δείχνει ότι έχετε πλέον αποφασίσει να αναλάβετε την ευθύνη της υγείας σας, θα αφήσετε πίσω το παρελθόν και θα αγκαλιάσετε το μέλλον σας. Θα ορίσετε συγκεκριμένους στόχους όσον αφορά την υγεία σας και θα κάνει ορισμένες αλλαγές στον τρόπο ζωής για να τους πετύχετε. </TEN-OF-SWORDS-ONE >
<PAGE-OF-SWORDS-ONE >Αυτή η κάρτα δείχνει ότι θα υπάρξουν κάποιες ψυχικές πιέσεις που σχετίζονται κυρίως με την εργασία, αλλά θα ασχοληθείτε μαζί τους υπομονετικά. Υπάρχουν πιθανότητες να έχετε κάποιον πόνο στην πλάτη ή μπορεί να χρειαστεί να επισκεφθείτε τον οδοντίατρο. Ωστόσο, γενικά θα έχετε πολύ ενέργεια και θα περάσετε χρόνο με τους αγαπημένους σας. </PAGE-OF-SWORDS-ONE >
<KNIGHT-OF-SWORDS-ONE >Αυτή η κάρτα δείχνει ότι θα υπάρξουν κάποιες μικτές συνθήκες σε σχέση με την υγεία σας. Θα είστε σε καλύτερη θέση ψυχικά και θα αναρρώνετε από το άγχος και άλλα τέτοια προβλήματα. Η οικογένειά σας θα σας χρειαστεί τώρα καθώς είναι πιθανό να φτάσουν μερικά κακά νέα σχετικά με έναν συγγενή ή έναν οικογενειακό φίλο. </KNIGHT-OF-SWORDS-ONE >
<QUEEN-OF-SWORDS-ONE >Αυτή η κάρτα δείχνει ότι θα πρέπει να κάνετε πολλαπλές εργασίες ταυτόχρονα μεταξύ της προσωπικής και της επαγγελματικής σας ζωής και θα βάλετε τα δυνατά σας για να εκπληρώσετε όλες τις υποχρεώσεις σας. Ως αποτέλεσμα μπορεί να αισθανθείτε εξαντλημένοι και κουρασμένοι, αλλά τελικά με κάποιο τρόπο θα τα βγάλετε πέρα με όλες αυτές τις ευθύνες. </QUEEN-OF-SWORDS-ONE >
<KING-OF-SWORDS-ONE >Αυτή η κάρτα δείχνει ότι θα υπάρξει μια κατηφόρα στο τμήμα της υγείας σας. Θα είστε ψυχικά απογοητευμένοι και σωματικά εξαντλημένοι και μπορεί να πάρετε κάποια φάρμακα για μικρά προβλήματα. Υπάρχουν επίσης πιθανότητες ένα αγαπημένο σας πρόσωπο να εισαχθεί στο νοσοκομείο. </KING-OF-SWORDS-ONE >
<ACE-OF-WANDS-ONE >Αυτή η κάρτα δείχνει ότι θα δώσετε μεγαλύτερη προσοχή στην υγεία σας και σε περίπτωση οποιασδήποτε ασθένειας σωματικής ή ψυχικής, θα αναζητήσετε ένα διαφορετικό είδος φαρμακευτικής αγωγής. Κάποιος θα σας προτείνει φυσικούς τρόπους για τη θεραπεία ορισμένων ασθενειών και θα υιοθετήσετε τις εν λόγω μεθόδους. </ACE-OF-WANDS-ONE >
<TWO-OF-WANDS-ONE >Αυτή η κάρτα δείχνει ότι επιβαρύνετε το σώμα σας, και αυτό φαίνεται. Θα πρέπει να καταφύγετε σε τεχνητά μεταλλικά στοιχεία για να βοηθήσουν το σώμα και το μυαλό σας. Η παραμέληση μιας ισορροπημένης διατροφής μπορεί να αποδειχθεί επικίνδυνη στο μέλλον και συνιστάται αυστηρά μία υγιής ρουτίνα. </TWO-OF-WANDS-ONE >
<THREE-OF-WANDS-ONE >Αυτή η κάρτα δείχνει ότι τώρα ανησυχείτε περισσότερο για την υγεία ενός αγαπημένου προσώπου. Κατά τη διαδικασία αυτή, θα έχετε άγχος και μπορεί να χρειαστείτε αρκετή ξεκούραση. Μην επιβαρύνετε τον εαυτό σας, καθώς αυτό μπορεί να είναι επικίνδυνο. Μπορεί επίσης να χρειαστεί να επισκεφθείτε τον οδοντίατρο πολύ σύντομα. </THREE-OF-WANDS-ONE >
<FOUR-OF-WANDS-ONE >Αυτή η κάρτα δείχνει ότι είστε αντιμέτωποι με κάποια δυσφορία στην προσωπική σας ζωή και αυτό σας αγχώνει. Μπορεί να υπάρχουν και κάποια άλλα προβλήματα τα οποία θα αρχίσουν να εμφανίζονται στην ευεξία σας και θα σας κάνουν να αισθάνεστε ταραγμένοι και ενδεχομένως να υποστείτε κάποιους απροσδόκητους σωματικούς πόνους. </FOUR-OF-WANDS-ONE >
<FIVE-OF-WANDS-ONE >Αυτή η κάρτα δείχνει ότι έχετε επιτέλους αναρρώσει από οποιεσδήποτε παθήσεις είχατε και απολαμβάνετε μια καλή και υγιή κατάσταση του νου και του σώματος. Είναι πιθανό να πάτε διακοπές με το σύντροφό σας και αυτό θα είναι κάτι πολύ ευχάριστο. </FIVE-OF-WANDS-ONE >
<SIX-OF-WANDS-ONE >Αυτή η κάρτα δείχνει ότι τώρα επιτέλους συνειδητοποιείτε ότι είναι καιρός να κάνετε ένα διάλειμμα από τη δουλειά και να πάρετε κάποιο χρόνο για τον εαυτό σας. Το διάλειμμα αυτό θα είναι χρήσιμο, καθώς θα παρευρεθείτε σε κάποιες κοινωνικές εκδηλώσεις και θα προσπαθήσετε να κάνετε τα πράγματα που σας αρέσουν. </SIX-OF-WANDS-ONE >
<SEVEN-OF-WANDS-ONE >Αυτή η κάρτα δείχνει ότι συμμετάσχετε σε πιο πολλές δραστηριότητες από όσες μπορείτε να χειριστείτε ταυτόχρονα και αυτό σας αφήνει εξαιρετικά ανήσυχους και αγχωμένους. Αλλά δύσκολα θα το συνειδητοποιήσετε αυτό τώρα και θα καταλήξετε να αισθάνεστε στρεσαρισμένοι. Μην αμελήσετε την υγεία σας σε αυτή την προσπάθεια, και επίσης προσέχετε τι τρώτε κυρίως έξω. </SEVEN-OF-WANDS-ONE >
<EIGHT-OF-WANDS-ONE >Αυτή η κάρτα δείχνει ότι είστε σε καλή διάθεση και αισθάνεστε υγιείς και σε φόρμα, και θα ελκύεστε υπερβολικά από το σύντροφό σας. Αυτό θα σας οδηγήσει επίσης σε μια ρομαντική εκδρομή και κάποια αισθησιακή δραστηριότητα που θα σας κρατήσει απασχολημένους για λίγο. </EIGHT-OF-WANDS-ONE >
<NINE-OF-WANDS-ONE >Αυτή η κάρτα δείχνει ότι η φυσική σας κατάσταση διανύει μια κακή φάση και θα αισθάνεστε παραμελημένοι και άρρωστοι. Αυτό μπορεί να προκαλέσει κάποιο ερεθισμό και μπορεί να χρειαστεί να κάνετε κάποιες επισκέψεις στην κλινική και επίσης να ασχοληθείτε με κάποια νομικά έγγραφα πράγμα που μπορεί να καταντήσει κουραστικό. </NINE-OF-WANDS-ONE >
<TEN-OF-WANDS-ONE >Αυτή η κάρτα δείχνει ότι η δουλειά σας ή κάποια προσωπικά ζητήματα θα σας καταβάλλουν και η προσπάθεια να εκπληρώσετε τις πάρα πολλές ευθύνες σας θα σας κάνει να νιώσετε εξαντλημένοι σωματικά. Δεν θα υπάρχει σχεδόν καθόλου χρόνος για να ξεκουραστείτε και θα είστε συνεχώς σε εγρήγορση και αυτό μπορεί να οδηγήσει σε κάποιο είδος ασθένειας. Θα πρέπει να επιβραδύνετε τα πράγματα σε ένα λογικό ρυθμό. </TEN-OF-WANDS-ONE >
<PAGE-OF-WANDS-ONE >Θα πρέπει να πάρει κάποιο φάρμακο το οποίο μπορεί να είναι για κάτι μικρό ή ακόμα και μια σοβααρή ασθένεια. Αυτή η κάρτα δείχνει ότι είστε ευερέθιστοι στα πράγματα που συμβαίνουν γύρω σας που μπορεί να είναι σχετικά με την εργασία ή με προσωπικά προβλήματα. Θα πρέπει να ασκήσετε την αρετή της υπομονής και να είστε πρακτικοί στην προσέγγισή σας. </PAGE-OF-WANDS-ONE >
<KNIGHT-OF-WANDS-ONE >Αυτή η κάρτα δείχνει ότι το σώμα σας θα περάσει από ορισμένες αυστηρές δραστηριότητες καθώς έχετε μπλεχτεί σε πολλά πράγματα και θα νιώσετε ζαλισμένοι και κουρασμένοι. Αυτό μπορεί επίσης να έχει να κάνει και με την ψυχική σας κατάσταση. </KNIGHT-OF-WANDS-ONE >
<QUEEN-OF-WANDS-ONE >Αυτή η κάρτα δείχνει ότι είστε γεμάτοι ενέργεια και έχετε εμπνευστεί για να κάνετε κάποιες εποικοδομητικές αλλαγές στον τρόπο ζωής σας που αφορούν την υγεία σας. Είστε πρόθυμοι να αλλάξετε ορισμένα πράγματα στη ζωή σας και προσπαθείτε να προσεγγίσετε έναν πιο ισορροπημένο τρόπο ζωής. </QUEEN-OF-WANDS-ONE >
<KING-OF-WANDS-ONE >Αυτή η κάρτα δείχνει ότι είστε πρόθυμοι να κάνετε κάποιους αυτοσχεδιασμούς στα πλάνα σας που αφορούν την υγεία και τη φυσική σας κατάσταση και επίσης θα διαβουλευτείτε έναν διατροφολόγο. Μπορεί να υπάρξουν κάποια συναισθηματικά προβλήματα όπως φόβος και άγχος ή μπορεί να υποστείτε κάποιο είδος πόνου. </KING-OF-WANDS-ONE >
<THE-MAGICIAN-ONE >Αυτή η κάρτα δείχνει ότι έχετε να αντιμετωπίσετε μια αγχωτική περίοδο. Κάποια ζητήματα της εργασίας και του σπιτιού θα έχουν αντίκτυπο πάνω σας και δεν θα είστε σε θέση να βρείτε μια λύση για τα προβλήματα υγείας σας, λόγω των πολλών επιπλοκών και των αβέβαιων αποτελεσμάτων. Θα πρέπει να επισκεφθείτε διάφορους γιατρούς πριν έρθετε στο σωστό συμπέρασμα. </THE-MAGICIAN-ONE >
<THE-HIGH-PRIESTESS-ONE >Αυτή η κάρτα δείχνει ότι μπορεί να έχετε περάσει πολλά στο παρελθόν και αυτό να έχει επηρεάσει την ψυχική ή σωματική σταθερότητά σας. Τώρα, όμως, τα πράγματα θα αρχίσουν να γίνονται καλύτερα, καθώς θα βρείτε επιτέλους κάποια ανακούφιση και θα αρχίσετε να αισθάνεστε πολύ καλύτερα σύντομα. </THE-HIGH-PRIESTESS-ONE >
<THE-EMPRESS-ONE >Αυτή η κάρτα δείχνει ότι μπορεί να χρειαστεί να περάσετε κάποια προβλήματα που σχετίζονται με το σώμα σας, ειδικά το λαιμό. Θα πρέπει να έρθετε σε επαφή με την πνευματική πλευρά του σώματός σας προσπαθώντας να το γνωρίσετε καλύτερα και στη συνέχεια θα αρχίσετε μια φυσική θεραπεία ή γιόγκα για να αναζωογονηθείτε. </THE-EMPRESS-ONE >
<THE-EMPEROR-ONE >Αυτή η κάρτα δείχνει ότι μπορεί να υπάρξουν κάποια σοβαρά προβλήματα που να σχετίζονται με την υγεία σας. Η ενδελεχής προφύλαξη και φροντίδα είναι απαραίτητες για να σας βγάλουν από τους πόνους σας. Θα αποκτήσετε δύναμη και θα καταφέρετε να καταπολεμήσετε την ασθένεια, αλλά καλό είναι να μην αμελήσετε και πάλι το σώμα σας. </THE-EMPEROR-ONE >
<THE-HIEROPHANT-ONE >Αυτή η κάρτα δείχνει ότι πρέπει να δώσετε περισσότερη προσοχή στην υγεία σας από όσο δίνατε μέχρι τώρα. Υπάρχουν πιθανότητες για προβλήματα όπως χαμηλή ή υψηλή πίεση του αίματος και σοβαρός βήχα και κρύωμα. Οι τακτικές εξετάσεις μπορεί να βοηθήσουν σε μεγάλο βαθμό στη βελτίωση της κατάστασής σας. </THE-HIEROPHANT-ONE >
<THE-LOVERS-ONE >Αυτή η κάρτα δείχνει ότι το σώμα σας είναι πλέον σε μια πιο υγιή κατάσταση και αισθάνεστε χαρούμενοι γι' αυτό. Είναι πιθανό να είστε πιο δυναμικοί σωματικά και θα είστε πιο ενεργοί. Θα πάρετε στα σοβαρά τις ανάγκες του σώματός σας και θα προσπαθήσετε να οικοδομήσετε μια ισορροπία ανάμεσα σε ένα υγιές σώμα αλλά και μυαλό. </THE-LOVERS-ONE >
<THE-CHARIOT-ONE >Αυτή η κάρτα δείχνει ότι είστε βαθιά απασχολημένοι με την δουλειά σας και άλλες δραστηριότητες και δεν είστε σε θέση να φροντίσετε τις ανάγκες του σώματός σας. Αν συνεχίσετε έτσι, μπορεί να αρρωστήσετε εξαιτίας της υπερκόπωσης ή μπορεί να αισθανθείτε εξαιρετικά εξαντλημένοι ψυχικά. Αυτή είναι μια καλή στιγμή για να επισκεφθείτε το γιατρό για ένα τσεκάπ και να πάτε σε ένα ήσυχο μέρος το Σαββατοκύριακο. </THE-CHARIOT-ONE >
<STRENGTH-ONE >Αυτή η κάρτα δείχνει ότι η υγεία σας πετάει. Η κάρτα της δύναμης σημαίνει υψηλή διάθεση σωματικά και ψυχικά, ακόμη και αν υπάρξουν κάποια μικρά ζητήματα που σχετίζονται με το σώμα σας, θα τα ξεπεράσετε εύκολα. Η δύναμη και ο ενθουσιασμός σας θα ενθαρρυνθούν τους ανθρώπους γύρω σας και θα εκτιμηθούν. </STRENGTH-ONE >
<THE-HERMIT-ONE >Αυτή η κάρτα δείχνει ότι συναισθηματικά αισθάνεστε παραμελημένοι και αυτό μπορεί να σας εξαντλήσει. Υπάρχουν πιθανότητες για ασθένειες που θα οδηγήσουν σε πολύ τρέξιμο και πολλά ραντεβού με τους γιατρούς. Δεν θα διαρκέσει όμως για πολύ καιρό και σύντομα τα πράγματα θα γίνουν καλύτερα. </THE-HERMIT-ONE >
<WHEEL-OF-FORTUNE-ONE >Αυτή η κάρτα δείχνει ότι τώρα αισθάνεστε πολύ ασταθείς λόγω της εργασίας και της ψυχικής πίεσης, θα νιώσετε εξαντλημένοι και στρεσαρισμένοι. Μπορεί να σας στοιχειώσουν αρκετές αρνητικές σκέψεις, αλλά θα είναι μόνο μια φάση που θα περάσει πολύ σύντομα. </WHEEL-OF-FORTUNE-ONE >
<JUSTICE-ONE >Αυτή η κάρτα δείχνει ότι υπάρχουν πιθανότητες να επισκεφθείτε το γιατρό ένα απλό τσεκάπ και να ανακαλύψετε ένα σοβαρό πρόβλημα. Αυτό μπορεί να έρθει από το πουθενά, αλλά ο γιατρός θα έχει αρκετή εμπειρία για να σας βοηθήσει να απαλλαγείτε από αυτό το νέο πρόβλημα υγείας. </JUSTICE-ONE >
<THE-HANGED-MAN-ONE >Αυτή η κάρτα δείχνει ότι αισθάνεστε ανήσυχοι για κάτι. Είναι καιρός να ξεκουράσετε το μυαλό και το σώμα σας πριν αρχίσουν να εμφανίζονται σημάδια ασθένειας και θα βοηθήσει επίσης αν μείνετε μακριά καταστάσεις ή ανθρώπους που ενθαρρύνουν την ανησυχία σας. </THE-HANGED-MAN-ONE >
<DEATH-ONE >Αυτή η κάρτα δείχνει ότι κάτι γύρω σας σάς κάνει πολύ δυστυχισμένους. Αυτή είναι η στιγμή που θα αντιμετωπίσετε κάποια σοβαρή ασθένεια. Θα πρέπει να αναγκάσετε τον εαυτό σας να δει την φωτεινή πλευρά και μόνο αυτό θα σας βοηθήσει να ξεπεράσει το κακό που σας συμβαίνει. Θα πάρετε πολλή αγάπη και φροντίδα από την οικογένειά σας. </DEATH-ONE >
<TEMPERANCE-ONE >Αυτή η κάρτα δείχνει ότι δεν θα έχετε χρόνο για να επισκεφτείτε το γιατρό, εξαιτίας του πολυάσχολου προγράμματός σας και αυτό μπορεί να επιδεινώσει το πρόβλημα στο εγγύς μέλλον. Θα πρέπει να δώσετε προσοχή στην υγεία σας και να θέσετε τις σωστές προτεραιότητες πηγαίνοντας στο γιατρό εγκαίρως και αναρρώνοντας. </TEMPERANCE-ONE >
<THE-DEVIL-ONE >Αυτή η κάρτα δείχνει ότι η εξάντληση και η συνεχής ανησυχία θα σας κάνουν να νιώσετε ληθαργικοί και κουρασμένοι. Δεν θα το συνειδητοποιήσετε αρχικά, αλλά τελικά θα παρατηρήσετε ότι εργάζεστε υπερβολικά πολύ και αυτό σας οδηγεί στο να αποφεύγετε άλλα πράγματα και να νιώθετα συνεχώς στρεσαρισμένοι το οποίο μπορεί να σας υποκινήσει να πάρετε κάποια χάπια. </THE-DEVIL-ONE >
<THE-TOWER-ONE >Αυτή η κάρτα δείχνει ότι θα πρέπει να περάσετε από ένα ατυχές περιστατικό το οποίο θα μπορούσε να προκαλέσει κάποιες επισκέψεις στο νοσοκομείο. Λόγω αυτού αναμένεται να είναι μία αγχωτική περίοδος, αλλά θα επιβιώσετε. Μπορεί επίσης να υπάρξει ένα μέλος της οικογένειας που θα σας βοηθήσει κατά τη διάρκεια αυτής της κουραστικής περιόδου. </THE-TOWER-ONE >
<THE-STAR-ONE >Αυτή η κάρτα δείχνει ότι κάτι θα εμπνεύσει μια νέα σκέψη στο μυαλό σας και με τη βοήθεια ενός φίλου θα οργανώσετε ένα πρόγραμμα για την ευημερία σας. Αυτή η διαδικασία μπορεί να είναι λίγο κουραστική και ίσως χρειαστεί να κάνετε κάποιες ιατρικές εξετάσεις, αλλά θα είστε ευτυχείς που πήρατε αυτή την απόφαση. </THE-STAR-ONE >
<THE-MOON-ONE >Αυτή η κάρτα δείχνει ότι θα αντιμετωπίσετε κάποια γενικά προβλήματα υγείας που δεν έχουν ακόμη εμφανιστεί ή έχουν εμφανιστεί μόνο εν μέρει. Τα προβλήματα αυτά μπορεί να φαίνονται μικρά, αλλά χρειάζονται την προσοχή σας, καθώς μπορεί να επιδεινωθούν αν τα παραμελήσετε τώρα. Θα αντιμετωπίσετε επίσης κάποιο πόνο στο γόνατο και στην πλάτη. </THE-MOON-ONE >
<THE-SUN-ONE >Αυτή η κάρτα δείχνει ότι σκέφτεστε να τα παρατήσετε δεν αισθάνεστε ιδιαίτερα καλά. Θα αναλύσετε προσεκτικά τον εαυτό σας προσπαθώντας να εντοπίσετε τα λάθη που κάνετε. Δεν ενδείκνυται κάποια σωματική πάθηση. Θα διαβάσετε περισσότερα σχετικά με θέματα υγείας και ευεξίας για ένα από τα αγαπημένα σας πρόσωπα. </THE-SUN-ONE >
<JUDGEMENT-ONE >Αυτή η κάρτα δείχνει ότι μπορεί να χρειαστεί να αντιμετωπίσετε κάποια αστάθεια, λόγω του άγχους ή της κακής διατροφής. Θα έχετε ανησυχίες για την υγεία ενός αγαπημένου προσώπου και θα βάλετε τα δυνατά σας για να το υποστηρίξετε. Οι αρκετές επισκέψεις στο νοσοκομείο ή οι συναντήσεις με τους γιατρούς θα πάρουν πολύ από τον χρόνο σας. </JUDGEMENT-ONE >
<THE-WORLD-ONE >Αυτή η κάρτα δείχνει ότι μπορεί να πάσχετε ήδη από μια ασθένεια ή έναν τραυματισμό και να ανακάμπτετε από αυτό. Θα δείτε ότι αργά αλλά σταθερά θα σημειώνετε πρόοδο, αν και υπάρχουν πιθανότητες να υπάρξει κάποια παραπλάνηση που μπορεί να οδηγήσει σε προβλήματα. Συνιστάται να αποκτήσετε περισσότερες γνώσεις σχετικά με τα θέματα υγείας σας και να λάβετε τα ανάλογα μέτρα. </THE-WORLD-ONE >
<THE-FOOL-ONE >Αυτή η κάρτα δείχνει ότι ανησυχείτε για την υγεία σας και θα αρχίσετε τις τακτικές εξετάσεις. Τα δόντια σας μπορεί επίσης να χρειάζονται ιδιαίτερη προσοχή τώρα οπότε θα πρέπει να επισκεφθείτε έναν οδοντίατρο. Θα γνωρίσουν νέες μεθόδους θεραπείας από έναν φίλο και θα είστε πρόθυμοι να τις δοκιμάσετε.</THE-FOOL-ONE >
    </ROOT>
