{
  "project_info": {
    "project_number": "1055269628145",
    "project_id": "rtovehicleinformation-c2d9c",
    "storage_bucket": "rtovehicleinformation-c2d9c.appspot.com"
  },
  "client": [
    {
      "client_info": {
        "mobilesdk_app_id": "1:1055269628145:android:214807f2632e58f72e6150",
        "android_client_info": {
          "package_name": "com.rtovehicleinformation"
        }
      },
      "oauth_client": [
        {
          "client_id": "1055269628145-4os0hns9c7f7cbc0uslfe413ijf83hp7.apps.googleusercontent.com",
          "client_type": 3
        }
      ],
      "api_key": [
        {
          "current_key": "AIzaSyBvLJLsH-LHCXOC7r8enjiqneVdOdYJdyc"
        }
      ],
      "services": {
        "appinvite_service": {
          "other_platform_oauth_client": [
            {
              "client_id": "1055269628145-4os0hns9c7f7cbc0uslfe413ijf83hp7.apps.googleusercontent.com",
              "client_type": 3
            }
          ]
        }
      }
    }
  ],
  "configuration_version": "1"
}