<?xml version="1.0" encoding="utf-8" ?>
<ROOT>
<ACE-OF-CUPS-ONE >Карта указывает, что вы сделаете смелый шаг, начав новое дело без лишних раздумий и мыслей о том, какие риски вы на себя берёте. Этот проект будет успешен и поможет вам удовлетворить свои финансовые потребности. Сейчас замечательное время, чтобы рискнуть, так как вы точно получите выгоду. </ACE-OF-CUPS-ONE >
<TWO-OF-CUPS-ONE >Все финансовые споры будут разрешены, и вы наконец почувствуете облегчение. Повысится прибыльность вашего бизнеса, возможно, вы получите прибавку к заработной плате. </TWO-OF-CUPS-ONE >
<THREE-OF-CUPS-ONE >Карта указывает, что сейчас у вас есть стабильный источник дохода, будет достигнут отличный баланс между доходами и расходами. Различные небольшие источники дохода принесут вам хороший приток денег, и вы будете более чем довольны. </THREE-OF-CUPS-ONE >
<FOUR-OF-CUPS-ONE >Карта указывает, что если сейчас вы столкнулись с какими-то финансовыми нарушениями или любой другой ситуацией, связанной с деньгами, то вы сможете тактично разобраться с этими вопросами. Вы будете очень находчивы в работе, особенно касающейся взыскания денег или решения любых юридических вопросов, связанных с финансами. </FOUR-OF-CUPS-ONE >
<FIVE-OF-CUPS-ONE >Карта указывает, что сейчас вы должны будете уделить внимание вашим финансам, так как ваше финансовое положение в данный момент несколько нестабильно. Вы должны будете очень осторожно предпринимать любые шаги, связанные с расходами, только практичность поможет вам сейчас удержаться на плаву. </FIVE-OF-CUPS-ONE >
<SIX-OF-CUPS-ONE >Карта говорит, что сейчас вам не стоит переживать о своём финансовом положении. Соотношение доходов и расходов будет разумным, деньги будут поступать из разных источников. Вы будете довольны заработанным, возможно, вы даже сорвёте какой-то джекпот, который вас шокирует и приведёт в восторг. </SIX-OF-CUPS-ONE >
<SEVEN-OF-CUPS-ONE >Карта показывает, что ваши затраты в ближайшее время несколько увеличатся, но положение скоро выровняется. Здесь не о чем особенно беспокоиться, так как у вас будет возможность получить средства из других источников. </SEVEN-OF-CUPS-ONE >
<EIGHT-OF-CUPS-ONE >Карта показывает, что вам необходимо будет следить за расходами, так как вы можете столкнуться с ситуацией, когда затраты будут продолжать увеличиваться, несмотря на вше стремление сократить их. Вы ощутите, что ваш заработок не покрывает расходов, и эта мысль расстроит и разочарует вас. </EIGHT-OF-CUPS-ONE >
<NINE-OF-CUPS-ONE >Карта указывает, что вы испытаете недовольство из-за непоступления денежных средств. Вскоре вы получите деньги от одного из ваших должников, но со скандалом. Однако вы сможете разрешить эту ситуацию, скоро всё наладится. </NINE-OF-CUPS-ONE >
<TEN-OF-CUPS-ONE >Карта указывает, что вы захотите немного расслабиться и потратить немного больше обычного, желая побаловать себя. Возможно, вы купите также подарки для близких, и эти траты нисколько не обеспокоят вас, так как ваш заработок увеличится, позволяя вам ещё немного насладиться этим временем вместе с друзьями и семьёй. </TEN-OF-CUPS-ONE >
<PAGE-OF-CUPS-ONE >Вы ждёте повышения или какого-то поощрения, и это действительно скоро произойдёт. Вскоре вам предоставится много возможностей, и о финансах можно будет совсем не волноваться. </PAGE-OF-CUPS-ONE >
<KNIGHT-OF-CUPS-ONE >Карта указывает, что в сфере финансов удача лучезарно улыбается вам. Вас ждут приятные сюрпризы, например, увеличение заработной платы, повышенные бонусы или же просто огромная сумма денег, которая поступит вам из неожиданного источника. Если у вас была проблема с получением денежных средств, вскоре она разрешится, и деньги поступят вам. </KNIGHT-OF-CUPS-ONE >
<QUEEN-OF-CUPS-ONE >Карта указывает, что вскоре вы будете чувствовать себя защищённо в финансовой сфере. Многие будут готовы помочь вам в случае вашего личного финансового кризиса. Если вы ждёте рекомендаций относительно правильного инвестирования, скоро вы получите их от нужных людей. У вас не будет проблем с получением денежных средств, комиссионного вознаграждения. </QUEEN-OF-CUPS-ONE >
<KING-OF-CUPS-ONE >Карта указывает, что сейчас у вас есть доход от работы или нового дела. Если сейчас вы заключаете новые сделки, подписываете новые контракты, то вам нужно быть осторожными с документацией, а также с договорными условиями. </KING-OF-CUPS-ONE >
<ACE-OF-PENTACLES-ONE >Карта говорит, что вы очень будете нуждаться в дополнительных источниках дохода, и удача улыбнётся вам – вы их получите. Вы будете размышлять о долгосрочных целях в плане финансов, строить планы и думать о создании нового предприятия. </ACE-OF-PENTACLES-ONE >
<TWO-OF-PENTACLES-ONE >Карта указывает, что вы будете находиться в процессе финансового планирования в бизнесе и в личной жизни, важные для вас люди дадут вам своё согласие на данные планы. Если вы собираетесь сделать новые инвестиции, знайте, что они повлекут за собой большие траты. Вам необходимо будет следить за своими расходами. </TWO-OF-PENTACLES-ONE >
<THREE-OF-PENTACLES-ONE >Карта указывает, что вам поступят денежные средства из неожиданных источников, кроме того, вы получите поддержку от семьи и коллег. Вы также постараетесь найти дополнительные источники доходов, возможно, приступите к проекту, находящемуся в данный момент на рассмотрении, или же начнёте новый. </THREE-OF-PENTACLES-ONE >
<FOUR-OF-PENTACLES-ONE >Карта указывает на переводы денег и связанные с этим формальности, направленные на получение или возврат средств. Ваше финансовое положение станет стабильным, и теперь вы сможете не беспокоиться о расходах. </FOUR-OF-PENTACLES-ONE >
<FIVE-OF-PENTACLES-ONE >Эта карта указывает, что, возможно, вы будете много тратить на самосовершенствование и потакание своим слабостям. Ваши финансы будут в полном порядке, так как вы сможете покрыть все расходы. Кроме того, фортуна будет на вашей стороне, так как вам обеспечено продвижение, невзирая на проблемы и трудности. </FIVE-OF-PENTACLES-ONE >
<SIX-OF-PENTACLES-ONE >Карта указывает, что для вас сейчас наступает трудный период, возможно, вы столкнётесь с проблемами. Ваши друзья могут не вернуть вам одолженные деньги, возможно, вам не заплатят вовремя за аренду. Это может раздосадовать вас, может быть, будут конфликты. В этой ситуации карта рекомендует вам сохранять спокойствие. </SIX-OF-PENTACLES-ONE >
<SEVEN-OF-PENTACLES-ONE >Карта говорит, что финансовая ситуация сейчас может показаться вам мрачной, неясной. Однако вскоре вы получите финансовую прибыль в бизнесе или личных предприятиях, в этом вам поможет совет близкого человека. Это вдохновит вас и подарит новые надежды. </SEVEN-OF-PENTACLES-ONE >
<EIGHT-OF-PENTACLES-ONE >Карта показывает, что в ближайшее время вы будете очень удачливы в финансовых вопросах, не будет никакого напряжения в этой сфере. Вас ожидают денежные поступления, возможно, вы наконец приобретёте что-то, что вы давно хотели. Ключ к счастливой жизни – быть довольным тем, что вы имеете, какое-то время данная истина будет справедлива для вас. </EIGHT-OF-PENTACLES-ONE >
<NINE-OF-PENTACLES-ONE >Карта указывает, что вы сейчас необычайно удачливы, фортуна будет на вашей стороне и в сфере финансов, всё будет идти правильно. Если у вас были какие-то денежные трудности, знайте, что скоро вы избавитесь от них, в ближайшее время вас ждут хорошие новости. </NINE-OF-PENTACLES-ONE >
<TEN-OF-PENTACLES-ONE >Карта указывает, что соотношение между доходами и расходами будет разумным, вам необходимо будет разобраться со счетами за квартиру, так как они составляют большую часть ваших затрат. Если вы долго хотели что-то приобрести или ждали благоприятный момент для принятия важного решения, связанного с финансами, скоро эти вопросы будут решены. </TEN-OF-PENTACLES-ONE >
<PAGE-OF-PENTACLES-ONE >Карта указывает, что сейчас ваши финансы будут сбалансированы, но иногда вам всё же будет не хватать денежных средств. Это может сильно раздосадовать вас. Вам следует успокоиться, так как карта говорит, что скоро настанут хорошие времена. </PAGE-OF-PENTACLES-ONE >
<KNIGHT-OF-PENTACLES-ONE >Карта указывает, что вам не грозят проблемы в сфере финансов. Хотя вы можете столкнуться с тем, что кто-то не захочет возвращать вам долг, и это сильно обеспокоит вас. Возможно, сейчас вы чувствуете себя неуверенно, но очень скоро фортуна будет на вашей стороне. </KNIGHT-OF-PENTACLES-ONE >
<QUEEN-OF-PENTACLES-ONE >Карта указывает, что если кто-то не отдавал вам деньги или же они были где-то утеряны, то, скорее всего, всё в ближайшее время разрешится, вам вернут их. Кроме того, вы можете рассчитывать на получение дополнительных денежных средств, повышение доходов. </QUEEN-OF-PENTACLES-ONE >
<KING-OF-PENTACLES-ONE >Карта указывает, что вряд ли вы столкнётесь с какими-то финансовыми трудностями. Перед вами будет несколько выгодных возможностей, но вам нужно будет рассмотреть их очень внимательно. Рекомендуется заключать сделки в вашем доме или по соседству, так как в таком случае они будут удачными для вас. </KING-OF-PENTACLES-ONE >
<ACE-OF-SWORDS-ONE >Карта указывает, что финансовые вопросы разрешатся не так, как вы ожидали. Возможны дурные предчувствия, связанные с расходами, особенно с неожиданными. Ваш доход будет стабильным, но вам нужно будет очень постараться, чтобы соблюсти баланс между денежным потоком и растущими затратами. </ACE-OF-SWORDS-ONE >
<TWO-OF-SWORDS-ONE >Карта указывает, что ваши финансы в порядке и вам не о чем беспокоиться. Хотя, возможно, вас будет тревожить вопрос, связанный с новым предприятием или кабальными обязательствами, что-то удержит вас от принятия окончательного решения. </TWO-OF-SWORDS-ONE >
<THREE-OF-SWORDS-ONE >Карта указывает, что вас ждёт хороший период в плане финансов, вам обеспечен постоянный приток денежных средств. Вы можете получить прибыль из самых неожиданных источников, возможно, ваши прежние предприятия начнут приносить вам доход. Если кто-то из ваших должников не желал возвращать вам деньги, вскоре этот вопрос решится. </THREE-OF-SWORDS-ONE >
<FOUR-OF-SWORDS-ONE >Карта указывает, что ваш денежный поток приостановится. Также может произойти спор по денежным вопросам с вашим бизнес-партнёром или должником. Возможны разочарования в связи с задержкой оплаты. Этот хаос скоро прекратится, ваше финансовое положение через какое-то время вновь станет стабильным. </FOUR-OF-SWORDS-ONE >
<FIVE-OF-SWORDS-ONE >Эта карта указывает, что вы будете удовлетворены в вопросах финансов, так как соотношение доходов и расходов будет безупречным, кроме того, вы сможете заработать с помощью других источников. Несмотря на это, вы будете несколько озабочены денежными вопросами, хотя карта советует вам расслабиться и не переживать. </FIVE-OF-SWORDS-ONE >
<SIX-OF-SWORDS-ONE >Этак карта показывает, что вам предстоит сложный период в плане заработка и покрытия расходов, кажется, удача отвернулась от вас в вопросах финансов. Но вскоре всё изменится, вам очень повезёт и вы сможете неплохо подзаработать, при этом особенно не напрягаясь, и вам это придётся по вкусу. </SIX-OF-SWORDS-ONE >
<SEVEN-OF-SWORDS-ONE >Эта карта указывает, что вы будете нервничать и злиться, так как вам придётся принимать нежелательные решения, но вам не стоит так волноваться, вскоре всё удачно разрешится. Возможно, скоро вам поступит сумма денег или вы что-то выиграете. </SEVEN-OF-SWORDS-ONE >
<EIGHT-OF-SWORDS-ONE >Карта говорит, что вскоре ваш денежный поток остановится, вы не получите ожидаемое поощрение. Вы попытаетесь найти другие способы, чтобы заработать, и вам это удастся, вы выберетесь из проблем. </EIGHT-OF-SWORDS-ONE >
<NINE-OF-SWORDS-ONE >Карта указывает, что это будет лучший период вашей жизни в плане финансов. Вы хорошо заработаете на своей обычной работе, возможно, скоро получите прибавку. Может быть, удачно «выстрелят» новые сделки, принеся много прибыли, или же вы найдёте какой-то другой способ хорошо подзаработать. </NINE-OF-SWORDS-ONE >
<TEN-OF-SWORDS-ONE >Карта указывает, что если сейчас вы погрязли в каких-то финансовых проблемах, знайте, что они скоро разрешатся. Есть шансы, что вы получите откуда-то денежную сумму или же на работе вам дадут какие-то особенные бонусы за проделанную в прошлом работу, может быть, это будет поощрение в виде премии, – в любом случае, этот приятный сюрприз приведёт вас в полный восторг. </TEN-OF-SWORDS-ONE >
<PAGE-OF-SWORDS-ONE >Карта указывает, что вас будет постоянно тревожить что-то, связанное с вашими финансами. Вы будете переживать за своё финансовое положение и постараетесь сократить расходы. Может показаться, что эти проблемы никогда не закончатся, так как всё не так быстро разрешится. </PAGE-OF-SWORDS-ONE >
<KNIGHT-OF-SWORDS-ONE >Карта указывает, что один из ваших друзей и близких предложит вам партнёрство или участие в новом предприятии. Он не потребует от вас прилагать слишком много усилий взамен, и вы будете очень рады этой возможности. </KNIGHT-OF-SWORDS-ONE >
<QUEEN-OF-SWORDS-ONE >Карта указывает, что вас могут обмануть в плане денег. Возможно, кто-то занял у вас денег, а теперь не желает возвращать долг. Может быть, это связано с задержкой арендной платы, неоплаченными счетами. Это может вас сильно нервировать, возможны споры и скандалы. </QUEEN-OF-SWORDS-ONE >
<KING-OF-SWORDS-ONE >Карта советует вас расслабиться и перестать так беспокоиться о финансах. Ваш доход будет стабильным, но возможно напряжение в семье из-за каких-то отвратительных ситуаций, которых вам избежать не удалось. </KING-OF-SWORDS-ONE >
<ACE-OF-WANDS-ONE >Карта указывает, что вас ждёт прибыль. Возможно, её помогут получить вам ваши способности и умения. Если вы планируете организовать выставку своих работ или представить на рынке свою новую концепцию, сейчас самое время. </ACE-OF-WANDS-ONE >
<TWO-OF-WANDS-ONE >Карта указывает, что если вы столкнулись с финансовыми спорами или размышляли о заключении сделок, то скоро эти вопросы наконец разрешатся, сделки будут заключены, что принесёт вам огромное облегчение. Есть шансы увеличения прибыльности вашего бизнеса, получения прибавки к жалованию. </TWO-OF-WANDS-ONE >
<THREE-OF-WANDS-ONE >Карта советует вам быть ближе к друзьям и коллегам, так как сейчас они могут очень помочь вам в денежных вопросах. Ваша работ или бизнес будут приносить вам больше денег, чем вы ожидали. Удачная сделка принесёт вам дополнительные бонусы, о которых вы давно мечтали. </THREE-OF-WANDS-ONE >
<FOUR-OF-WANDS-ONE >Карта указывает, что сейчас ваше финансовое положение будет стабильным, вы получите хорошие деньги из нескольких источников. У вас не будет денежных вопросов, так как на работе всё будет в порядке, и ваши дела пойдут лучше, чем было раньше. </FOUR-OF-WANDS-ONE >
<FIVE-OF-WANDS-ONE >Карта указывает, что сейчас фортуна на вашей стороне в финансовом плане. Если вы столкнулись с финансовыми спорами, связанными с собственностью или инвестициями, здесь вы точно возьмёте верх. Вы будете отлично управлять своими финансами, что поможет вам оправдать ожидания вашей семьи. </FIVE-OF-WANDS-ONE >
<SIX-OF-WANDS-ONE >Эта карта указывает, что возможны вопросы, связанные с тем, что кто-то не отдаёт вам деньги. Это вас ужасно обеспокоит, и вы можете временами превращаться в настоящего жадину, сами того не осознавая. Но этот трудный период скоро пройдёт, ваши финансовые проблемы будут решены. </SIX-OF-WANDS-ONE >
<SEVEN-OF-WANDS-ONE >Карта говорит, что если вы столкнулись с какими-то трудностями или препятствиями при получении денег, скоро вы их преодолеете. В ближайшем времени вы пожнёте плоды своих сбережений и мудрых шагов в плане финансов. Это вас очень обрадует, и может даже соблазнить вас побаловать себя, но вы этого заслуживаете! </SEVEN-OF-WANDS-ONE >
<EIGHT-OF-WANDS-ONE >Карта указывает, что очень скоро всё изменится к лучшему. Ваше финансовое положение станет ещё прекраснее, чем вы ожидали, так как вы заключите несколько выгодных сделок для компании, что также позволит вам получить похвалу. В ближайшем будущем вас ждёт много встреч и возможностей заработать. </EIGHT-OF-WANDS-ONE >
<NINE-OF-WANDS-ONE >Карта указывает, что в ваших финансах будет соблюдён баланс, так как где-то вы заработаете, а где-то – потеряете. Но причин для беспокойства у вас не будет, так как вы заработаете достаточно для того, чтобы быть довольными суммой, и для покрытия ежедневных расходов. Вы сможете найти и другие источники дохода. </NINE-OF-WANDS-ONE >
<TEN-OF-WANDS-ONE >Эта карта указывает, что вы будете несколько скептически настроены по отношению к своим финансам, так как возможны размолвки с вашим клиентом или начальником, которые могут привести к проблемам. Вы постараетесь забыть об этих трудных ситуациях и осмотреться в поисках других источников дохода, но это окажется труднее, чем вы думали. </TEN-OF-WANDS-ONE >
<PAGE-OF-WANDS-ONE >Эта карта указывает, что в некоторых сферах вашей работы вас ждёт прибыль, в то время как другие аспекты остаются слабыми и таковой не приносят. Могут быть проблемы с банковскими операциями или финансовой документацией. </PAGE-OF-WANDS-ONE >
<KNIGHT-OF-WANDS-ONE >Вас ждёт доход от неожиданного источника, но он будет небольшим. Просьбы к вашим должникам вернуть деньги могу быть немного утомительными, и вы не получите ожидаемых результатов, что может привести к ссорам и разочарованию. </KNIGHT-OF-WANDS-ONE >
<QUEEN-OF-WANDS-ONE >Вам может захотеться потранжирить деньги и побаловать себя, и в итоге баланс вашей кредитной карты может вас шокировать. Это может вас расстроить, и вы задумаетесь, как решить эту проблемы. Но ваше решение окажется выгодным в будущем. </QUEEN-OF-WANDS-ONE >
<KING-OF-WANDS-ONE >Карта указывает, что вы получите заработок на своей обычной работе, но постараетесь получить деньги, используя и другие источники. Однако требования рынка будут очень высокими, если вы имеете свой бизнес, вам придётся побороться за новые контакты и проекты. Если вы на кого-то работаете, вы очень скоро можете столкнуться с жёсткой конкуренцией. </KING-OF-WANDS-ONE >
<THE-MAGICIAN-ONE >Карта указывает на новые бизнес-начинания и финансовые сделки. Можете не сомневаться, что ваши финансовые стремления будут успешными, а время покажет, что новые предприятия будут активно процветать. </THE-MAGICIAN-ONE >
<THE-HIGH-PRIESTESS-ONE >Эта карта указывает, что вам нужно будет постоянно держать что-то под контролем. Вы будете ждать посылку или письмо, возможно, чего-то важного, связанного с финансами. Это может занять больше времени, чем вы ожидали, но в конце концов долгое ожидание даст свои плоды. </THE-HIGH-PRIESTESS-ONE >
<THE-EMPRESS-ONE >Карта указывает, что вам нужно стать несколько более собранными и организованными в вопросах финансовых сделок, а также быть осторожнее, делясь информацией с бизнес-партнёрами и коллегами. Но вы можете не беспокоиться о поступлении обещанной денежной суммы, уже скоро вы её получите. </THE-EMPRESS-ONE >
<THE-EMPEROR-ONE >Карта указывает, что если были задержки с поступлением денег или оформлением финансовых документов, то скоро этот вопрос разрешится. У вас будет повод для праздника, ведь, скорее всего, вам повысят жалование или же вы получите какую-то денежную сумму, что соблазнит вас немного побаловать себя, и вам точно не стоит испытывать угрызения совести за это. </THE-EMPEROR-ONE >
<THE-HIEROPHANT-ONE >Карта советует вам последить за балансом доходов и расходов. У вас будут проблемы с возвращением вам долгов. Хотя вы и будете обеспокоены, финансовые дела будут идти гладко. </THE-HIEROPHANT-ONE >
<THE-LOVERS-ONE >Карта указывает, что вам обеспечен хороший приток финансов, так как вы можете получить повышение, дополнительные бонусы и другие привилегии. Это поможет вам в поддержании стабильного финансового положения, можно будет не беспокоиться о недостатке в деньгах. Кроме того, скоро у вас появится повод для празднования, что приведёт к небольшому транжирству. </THE-LOVERS-ONE >
<THE-CHARIOT-ONE >Вы будете в состоянии стресса, так как у вас будут проблемы с возвратом денежных средств. Также могут возникнуть юридические вопросы, связанные с этим, которые будут вас очень нервировать. Но в конце концов всё наладится, ваш усердный труд поможет вам получить средства из неожиданных источников. </THE-CHARIOT-ONE >
<STRENGTH-ONE >Эта карта указывает, что вы будете мыслить практично в вопросах финансов. Сейчас хорошее время для получения денег от ваших должников, которые должны были расплатиться с вами раньше, но отложили возврат долга по этим или иным причинам. Вы наведёте порядок в своих финансовых документах, это очень поможет вам в дальнейшем. </STRENGTH-ONE >
<THE-HERMIT-ONE >Карта сулит вам неожиданный доход или бонусы, что приведёт вас в приятный шок, а также станет поводом для того, чтобы побаловать себя или устроить торжество по этому случаю для семьи и друзей. Может быть, вы захотите поехать на отдых с любимым человеком, когда вам вернут долги. </THE-HERMIT-ONE >
<WHEEL-OF-FORTUNE-ONE >Эта карта указывает, что у вас будут причины для беспокойства, так как вы заметите, что ваш бизнес не приносит достаточно прибыли, потому что вы не заметили каких-то своих просчётов. Помощь и советы близких помогут вам преодолеть этот стресс. </WHEEL-OF-FORTUNE-ONE >
<JUSTICE-ONE >Эта карта указывает, что сейчас для вас наступает сложный в финансовом плане период. Вы поймёте, что ваш бизнес идёт не так уж хорошо, а другие источники дохода постепенно иссякают. Это может быть трудным временем для вас, но не сомневайтесь, что скоро всё изменится к лучшему, по крайней мере, в финансовом смысле. </JUSTICE-ONE >
<THE-HANGED-MAN-ONE >Карта указывает, что вам предстоят небольшие спады в плане финансов, возможно, кто-то обманул вас или дал совет с целью того, чтобы самому извлечь из ваших дальнейших действий выгоду. Скоро вы это поймёте и предпримете необходимые меры, чтобы получить то, чего вы заслуживаете. </THE-HANGED-MAN-ONE >
<DEATH-ONE >Этак карта указывает, что вам предстоит напряжённый период в плане финансов. Возможно, недавно вы испытали финансовый крах, или же ваш должник, который должен был отдать вам огромную сумму денег, исчез. Эта ситуация будет держать вас в напряжении. </DEATH-ONE >
<TEMPERANCE-ONE >Эта карта указывает, что сейчас деньги у вас будут в постоянном движении. Это будет похоже на огромную денежную карусель, привносящую хаос в вашу жизнь, но не сомневайтесь – вы получите достаточную прибыль. </TEMPERANCE-ONE >
<THE-DEVIL-ONE >Эта карта указывает, что вам предстоит столкнуться с финансовыми проблемами. Возможно, они будут связаны с принятием неудачных решений, проблемами со здоровьем у одного из членов вашей семьи или же с какими-то юридическими вопросами. Этот период продлится некоторое время, но скоро всё наладится. </THE-DEVIL-ONE >
<THE-TOWER-ONE >Карта указывает, что вам придётся испытать финансовый спад, связанный с непредвиденными расходами. Возможно, ваш бизнес не будет приносить достаточно прибыли, что очень обеспокоит вас. Может быть, вы потеряете одного из самых важных клиентов или упустите прибыльный проект. </THE-TOWER-ONE >
<THE-STAR-ONE >Вы получите новые хорошие проекты и бизнес-возможности, которые обеспечат хороший приток финансов. Есть шанс, что вы получите какую-то денежную сумму, вас ждёт процветание в целом. Карта советует, однако, не слишком потакать своим слабостям, устраивая праздник для души, так как вы можете потерять контроль над своими расходами. </THE-STAR-ONE >
<THE-MOON-ONE >Эта карта указывает, что вы будете несколько расстроены тем, как идут ваши финансовые дела. Может быть, кто-то вернёт вам долг, но откажется выплатить проценты. Вами могут попробовать воспользоваться, но вы знаете, как выйти из этой ситуации. </THE-MOON-ONE >
<THE-SUN-ONE >Карта указывает, что любые финансовые затруднения будут сейчас разрешены, вам откроются новые возможности. Если у вас были какие-то проблемы с банком, получением кредита – вскоре вы избавитесь от них. Вы откроете для себя новые источники дохода. Вам на почту придут приятные новости, касающиеся финансов. </THE-SUN-ONE >
<JUDGEMENT-ONE >Карта указывает, что вас ждёт отличный период в плане финансов. Если сейчас принимается какое-то решение, связанное с финансами, то очень вероятно, что оно будет в вашу пользу. Вы получите денежные средства в форме дивидендов и возвратов долга, так что ваше финансовое положение в скором времени значительно улучшится. </JUDGEMENT-ONE >
<THE-WORLD-ONE >Карта указывает, что вы получите деньги из самых неожиданных источников. Вскоре вы можете получить денежный перевод. Может быть, вы получите бонусы в виде благодарности за усердный труд. Деньги будут поступать из разных источников небольшими частями. </THE-WORLD-ONE >
<THE-FOOL-ONE >Карта указывает, что если вы не могли получить какую-то денежную сумму, сейчас эта проблема решится, вы её скоро получите. В этот период вы вместе с вашими близкими можете начать новый бизнес или сделать большие инвестиции. Это решение будет очень важным в вашей жизни, поэтому карта советует взвесить все «за» и «против», прежде чем сделать этот шаг. </THE-FOOL-ONE >
    </ROOT>
