[
  {
    "Id": 1,
    "Cat_Name": "General",
    "themes": [
      {
        "Id": 1,
        "Cat_Id": 1,
        "App_Version": "",
        "Theme_Name": "Believer",
        "Theme_Info": "",
        "sound_size": "",
        "GameobjectName": "7",
        "Is_Preimum": "0",
        "Theme_Counter": "",
        "isNewRealise": "true",
        "Theme_Bundle": "asset_bundle/Believer.unity3d",
        "Thumnail_Big": "",
        "Thumnail_Small": "Believer.png",
        "SoundFile": "",
        "is_From_Asset": true
      },
      {
        "Id": 2,
        "Cat_Id": 1,
        "App_Version": "",
        "Theme_Name": "FeelMusic",
        "Theme_Info": "",
        "sound_size": "",
        "GameobjectName": "1",
        "Is_Preimum": "0",
        "Theme_Counter": "",
        "isNewRealise": "true",
        "Theme_Bundle": "asset_bundle/FeelMusic.unity3d",
        "Thumnail_Big": "",
        "Thumnail_Small": "FeelMusic.png",
        "SoundFile": "",
        "is_From_Asset": true
      },
      {
        "Id": 3,
        "Cat_Id": 1,
        "App_Version": "",
        "Theme_Name": "InsideHeart",
        "Theme_Info": "",
        "sound_size": "",
        "GameobjectName": "4",
        "Is_Preimum": "0",
        "Theme_Counter": "",
        "isNewRealise": "true",
        "Theme_Bundle": "asset_bundle/InsideHeart.unity3d",
        "Thumnail_Big": "",
        "Thumnail_Small": "InsideHeart.png",
        "SoundFile": "",
        "is_From_Asset": true
      },
      {
        "Id": 4,
        "Cat_Id": 1,
        "App_Version": "",
        "Theme_Name": "PartyNight",
        "Theme_Info": "",
        "sound_size": "",
        "GameobjectName": "6",
        "Is_Preimum": "0",
        "Theme_Counter": "",
        "isNewRealise": "true",
        "Theme_Bundle": "asset_bundle/PartyNight.unity3d",
        "Thumnail_Big": "",
        "Thumnail_Small": "PartyNight.png",
        "SoundFile": "",
        "is_From_Asset": true
      },
      {
        "Id": 5,
        "Cat_Id": 1,
        "App_Version": "",
        "Theme_Name": "RoundRound",
        "Theme_Info": "",
        "sound_size": "",
        "GameobjectName": "2",
        "Is_Preimum": "0",
        "Theme_Counter": "",
        "isNewRealise": "true",
        "Theme_Bundle": "asset_bundle/RoundRound.unity3d",
        "Thumnail_Big": "",
        "Thumnail_Small": "RoundRound.png",
        "SoundFile": "",
        "is_From_Asset": true
      },
      {
        "Id": 6,
        "Cat_Id": 1,
        "App_Version": "",
        "Theme_Name": "SnackLine",
        "Theme_Info": "",
        "sound_size": "",
        "GameobjectName": "5",
        "Is_Preimum": "0",
        "Theme_Counter": "",
        "isNewRealise": "true",
        "Theme_Bundle": "asset_bundle/SnackLine.unity3d",
        "Thumnail_Big": "",
        "Thumnail_Small": "SnackLine.png",
        "SoundFile": "",
        "is_From_Asset": true
      },
      {
        "Id": 7,
        "Cat_Id": 1,
        "App_Version": "",
        "Theme_Name": "Stars&Spectrum",
        "Theme_Info": "",
        "sound_size": "",
        "GameobjectName": "3",
        "Is_Preimum": "0",
        "Theme_Counter": "",
        "isNewRealise": "true",
        "Theme_Bundle": "asset_bundle/Stars&Spectrum.unity3d",
        "Thumnail_Big": "",
        "Thumnail_Small": "Stars&Spectrum.png",
        "SoundFile": "",
        "is_From_Asset": true
      }
    ]
  },
  {
    "Id": 2,
    "Cat_Name": "Love",
    "themes": [
      {
        "Id": 1,
        "Cat_Id": 2,
        "App_Version": "",
        "Theme_Name": "LotsOfLove",
        "Theme_Info": "",
        "sound_size": "",
        "GameobjectName": "85",
        "Is_Preimum": "0",
        "Theme_Counter": "",
        "isNewRealise": "true",
        "Theme_Bundle": "asset_bundle/LotsOfLove.unity3d",
        "Thumnail_Big": "",
        "Thumnail_Small": "LotsOfLove.png",
        "SoundFile": "",
        "is_From_Asset": true
      },
      {
        "Id": 2,
        "Cat_Id": 2,
        "App_Version": "",
        "Theme_Name": "LoveFeels",
        "Theme_Info": "",
        "sound_size": "",
        "GameobjectName": "82",
        "Is_Preimum": "0",
        "Theme_Counter": "",
        "isNewRealise": "true",
        "Theme_Bundle": "asset_bundle/LoveFeels.unity3d",
        "Thumnail_Big": "",
        "Thumnail_Small": "LoveFeels.png",
        "SoundFile": "",
        "is_From_Asset": true
      },
      {
        "Id": 3,
        "Cat_Id": 2,
        "App_Version": "",
        "Theme_Name": "LoveHeart",
        "Theme_Info": "",
        "sound_size": "",
        "GameobjectName": "81",
        "Is_Preimum": "0",
        "Theme_Counter": "",
        "isNewRealise": "true",
        "Theme_Bundle": "asset_bundle/LoveHeart.unity3d",
        "Thumnail_Big": "",
        "Thumnail_Small": "LoveHeart.png",
        "SoundFile": "",
        "is_From_Asset": true
      },
      {
        "Id": 4,
        "Cat_Id": 2,
        "App_Version": "",
        "Theme_Name": "MyFeelings",
        "Theme_Info": "",
        "sound_size": "",
        "GameobjectName": "86",
        "Is_Preimum": "0",
        "Theme_Counter": "",
        "isNewRealise": "true",
        "Theme_Bundle": "asset_bundle/MyFeelings.unity3d",
        "Thumnail_Big": "",
        "Thumnail_Small": "MyFeelings.png",
        "SoundFile": "",
        "is_From_Asset": true
      },
      {
        "Id": 5,
        "Cat_Id": 2,
        "App_Version": "",
        "Theme_Name": "MyLove",
        "Theme_Info": "",
        "sound_size": "",
        "GameobjectName": "83",
        "Is_Preimum": "0",
        "Theme_Counter": "",
        "isNewRealise": "true",
        "Theme_Bundle": "asset_bundle/MyLove.unity3d",
        "Thumnail_Big": "",
        "Thumnail_Small": "MyLove.png",
        "SoundFile": "",
        "is_From_Asset": true
      },
      {
        "Id": 6,
        "Cat_Id": 2,
        "App_Version": "",
        "Theme_Name": "TiAmo",
        "Theme_Info": "",
        "sound_size": "",
        "GameobjectName": "84",
        "Is_Preimum": "0",
        "Theme_Counter": "",
        "isNewRealise": "true",
        "Theme_Bundle": "asset_bundle/TiAmo.unity3d",
        "Thumnail_Big": "",
        "Thumnail_Small": "TiAmo.png",
        "SoundFile": "",
        "is_From_Asset": true
      }
    ]
  },
  {
    "Id": 3,
    "Cat_Name": "Birthday",
    "themes": [
      {
        "Id": 1,
        "Cat_Id": 3,
        "App_Version": "",
        "Theme_Name": "BallonBlast",
        "Theme_Info": "",
        "sound_size": "",
        "GameobjectName": "66",
        "Is_Preimum": "0",
        "Theme_Counter": "",
        "isNewRealise": "true",
        "Theme_Bundle": "asset_bundle/BallonBlast.unity3d",
        "Thumnail_Big": "",
        "Thumnail_Small": "BallonBlast.png",
        "SoundFile": "",
        "is_From_Asset": true
      },
      {
        "Id": 2,
        "Cat_Id": 3,
        "App_Version": "",
        "Theme_Name": "BirthdayBash",
        "Theme_Info": "",
        "sound_size": "",
        "GameobjectName": "61",
        "Is_Preimum": "0",
        "Theme_Counter": "",
        "isNewRealise": "true",
        "Theme_Bundle": "asset_bundle/BirthdayBash.unity3d",
        "Thumnail_Big": "",
        "Thumnail_Small": "BirthdayBash.png",
        "SoundFile": "",
        "is_From_Asset": true
      },
      {
        "Id": 3,
        "Cat_Id": 3,
        "App_Version": "",
        "Theme_Name": "BirthdayChocos",
        "Theme_Info": "",
        "sound_size": "",
        "GameobjectName": "62",
        "Is_Preimum": "0",
        "Theme_Counter": "",
        "isNewRealise": "true",
        "Theme_Bundle": "asset_bundle/BirthdayChocos.unity3d",
        "Thumnail_Big": "",
        "Thumnail_Small": "BirthdayChocos.png",
        "SoundFile": "",
        "is_From_Asset": true
      },
      {
        "Id": 4,
        "Cat_Id": 3,
        "App_Version": "",
        "Theme_Name": "BirthdayParty",
        "Theme_Info": "",
        "sound_size": "",
        "GameobjectName": "63",
        "Is_Preimum": "0",
        "Theme_Counter": "",
        "isNewRealise": "true",
        "Theme_Bundle": "asset_bundle/BirthdayParty.unity3d",
        "Thumnail_Big": "",
        "Thumnail_Small": "BirthdayParty.png",
        "SoundFile": "",
        "is_From_Asset": true
      },
      {
        "Id": 5,
        "Cat_Id": 3,
        "App_Version": "",
        "Theme_Name": "BirthdayWish",
        "Theme_Info": "",
        "sound_size": "",
        "GameobjectName": "64",
        "Is_Preimum": "0",
        "Theme_Counter": "",
        "isNewRealise": "true",
        "Theme_Bundle": "asset_bundle/BirthdayWish.unity3d",
        "Thumnail_Big": "",
        "Thumnail_Small": "BirthdayWish.png",
        "SoundFile": "",
        "is_From_Asset": true
      },
      {
        "Id": 6,
        "Cat_Id": 3,
        "App_Version": "",
        "Theme_Name": "NeonBirthday",
        "Theme_Info": "",
        "sound_size": "",
        "GameobjectName": "65",
        "Is_Preimum": "0",
        "Theme_Counter": "",
        "isNewRealise": "true",
        "Theme_Bundle": "asset_bundle/NeonBirthday.unity3d",
        "Thumnail_Big": "",
        "Thumnail_Small": "NeonBirthday.png",
        "SoundFile": "",
        "is_From_Asset": true
      }
    ]
  },
  {
    "Id": 4,
    "Cat_Name": "God",
    "themes": [
      {
        "Id": 1,
        "Cat_Id": 4,
        "App_Version": "",
        "Theme_Name": "Ganeshdeva",
        "Theme_Info": "",
        "sound_size": "",
        "GameobjectName": "24",
        "Is_Preimum": "0",
        "Theme_Counter": "",
        "isNewRealise": "true",
        "Theme_Bundle": "asset_bundle/Ganeshdeva.unity3d",
        "Thumnail_Big": "",
        "Thumnail_Small": "Ganeshdeva.png",
        "SoundFile": "",
        "is_From_Asset": true
      },
      {
        "Id": 2,
        "Cat_Id": 4,
        "App_Version": "",
        "Theme_Name": "JayBajrangbali",
        "Theme_Info": "",
        "sound_size": "",
        "GameobjectName": "1",
        "Is_Preimum": "0",
        "Theme_Counter": "",
        "isNewRealise": "true",
        "Theme_Bundle": "asset_bundle/JayBajrangbali.unity3d",
        "Thumnail_Big": "",
        "Thumnail_Small": "JayBajrangbali.png",
        "SoundFile": "",
        "is_From_Asset": true
      },
      {
        "Id": 3,
        "Cat_Id": 4,
        "App_Version": "",
        "Theme_Name": "JayShreeRam",
        "Theme_Info": "",
        "sound_size": "",
        "GameobjectName": "25",
        "Is_Preimum": "0",
        "Theme_Counter": "",
        "isNewRealise": "true",
        "Theme_Bundle": "asset_bundle/JayShreeRam.unity3d",
        "Thumnail_Big": "",
        "Thumnail_Small": "JayShreeRam.png",
        "SoundFile": "",
        "is_From_Asset": true
      },
      {
        "Id": 4,
        "Cat_Id": 4,
        "App_Version": "",
        "Theme_Name": "Mahadeva",
        "Theme_Info": "",
        "sound_size": "",
        "GameobjectName": "23",
        "Is_Preimum": "0",
        "Theme_Counter": "",
        "isNewRealise": "true",
        "Theme_Bundle": "asset_bundle/Mahadeva.unity3d",
        "Thumnail_Big": "",
        "Thumnail_Small": "Mahadeva.png",
        "SoundFile": "",
        "is_From_Asset": true
      },
      {
        "Id": 5,
        "Cat_Id": 4,
        "App_Version": "",
        "Theme_Name": "ShreeKrishna",
        "Theme_Info": "",
        "sound_size": "",
        "GameobjectName": "22",
        "Is_Preimum": "0",
        "Theme_Counter": "",
        "isNewRealise": "true",
        "Theme_Bundle": "asset_bundle/ShreeKrishna.unity3d",
        "Thumnail_Big": "",
        "Thumnail_Small": "ShreeKrishna.png",
        "SoundFile": "",
        "is_From_Asset": true
      }
    ]
  },
  {
    "Id": 5,
    "Cat_Name": "Neon",
    "themes": [
      {
        "Id": 1,
        "Cat_Id": 5,
        "App_Version": "",
        "Theme_Name": "BeatLight",
        "Theme_Info": "",
        "sound_size": "",
        "GameobjectName": "107",
        "Is_Preimum": "0",
        "Theme_Counter": "",
        "isNewRealise": "true",
        "Theme_Bundle": "asset_bundle/BeatLight.unity3d",
        "Thumnail_Big": "",
        "Thumnail_Small": "BeatLight.png",
        "SoundFile": "",
        "is_From_Asset": true
      },
      {
        "Id": 2,
        "Cat_Id": 5,
        "App_Version": "",
        "Theme_Name": "DJParty",
        "Theme_Info": "",
        "sound_size": "",
        "GameobjectName": "103",
        "Is_Preimum": "0",
        "Theme_Counter": "",
        "isNewRealise": "true",
        "Theme_Bundle": "asset_bundle/DJParty.unity3d",
        "Thumnail_Big": "",
        "Thumnail_Small": "DJParty.png",
        "SoundFile": "",
        "is_From_Asset": true
      },
      {
        "Id": 3,
        "Cat_Id": 5,
        "App_Version": "",
        "Theme_Name": "HappyMusic",
        "Theme_Info": "",
        "sound_size": "",
        "GameobjectName": "104",
        "Is_Preimum": "0",
        "Theme_Counter": "",
        "isNewRealise": "true",
        "Theme_Bundle": "asset_bundle/HappyMusic.unity3d",
        "Thumnail_Big": "",
        "Thumnail_Small": "HappyMusic.png",
        "SoundFile": "",
        "is_From_Asset": true
      },
      {
        "Id": 4,
        "Cat_Id": 5,
        "App_Version": "",
        "Theme_Name": "Magic",
        "Theme_Info": "",
        "sound_size": "",
        "GameobjectName": "102",
        "Is_Preimum": "0",
        "Theme_Counter": "",
        "isNewRealise": "true",
        "Theme_Bundle": "asset_bundle/Magic.unity3d",
        "Thumnail_Big": "",
        "Thumnail_Small": "Magic.png",
        "SoundFile": "",
        "is_From_Asset": true
      },
      {
        "Id": 5,
        "Cat_Id": 5,
        "App_Version": "",
        "Theme_Name": "MagicRing",
        "Theme_Info": "",
        "sound_size": "",
        "GameobjectName": "108",
        "Is_Preimum": "0",
        "Theme_Counter": "",
        "isNewRealise": "true",
        "Theme_Bundle": "asset_bundle/MagicRing.unity3d",
        "Thumnail_Big": "",
        "Thumnail_Small": "MagicRing.png",
        "SoundFile": "",
        "is_From_Asset": true
      },
      {
        "Id": 6,
        "Cat_Id": 5,
        "App_Version": "",
        "Theme_Name": "MusicInMind",
        "Theme_Info": "",
        "sound_size": "",
        "GameobjectName": "105",
        "Is_Preimum": "0",
        "Theme_Counter": "",
        "isNewRealise": "true",
        "Theme_Bundle": "asset_bundle/MusicInMind.unity3d",
        "Thumnail_Big": "",
        "Thumnail_Small": "MusicInMind.png",
        "SoundFile": "",
        "is_From_Asset": true
      },
      {
        "Id": 7,
        "Cat_Id": 5,
        "App_Version": "",
        "Theme_Name": "PartyTime",
        "Theme_Info": "",
        "sound_size": "",
        "GameobjectName": "101",
        "Is_Preimum": "0",
        "Theme_Counter": "",
        "isNewRealise": "true",
        "Theme_Bundle": "asset_bundle/PartyTime.unity3d",
        "Thumnail_Big": "",
        "Thumnail_Small": "PartyTime.png",
        "SoundFile": "",
        "is_From_Asset": true
      }, {
        "Id": 8,
        "Cat_Id": 5,
        "App_Version": "",
        "Theme_Name": "SuperDad",
        "Theme_Info": "",
        "sound_size": "",
        "GameobjectName": "106",
        "Is_Preimum": "0",
        "Theme_Counter": "",
        "isNewRealise": "true",
        "Theme_Bundle": "asset_bundle/SuperDad.unity3d",
        "Thumnail_Big": "",
        "Thumnail_Small": "SuperDad.png",
        "SoundFile": "",
        "is_From_Asset": true
      }
    ]
  },
  {
    "Id": 6,
    "Cat_Name": "Smoke",
    "themes": [
      {
        "Id": 1,
        "Cat_Id": 6,
        "App_Version": "",
        "Theme_Name": "HeartFire",
        "Theme_Info": "",
        "sound_size": "",
        "GameobjectName": "42",
        "Is_Preimum": "0",
        "Theme_Counter": "",
        "isNewRealise": "true",
        "Theme_Bundle": "asset_bundle/HeartFire.unity3d",
        "Thumnail_Big": "",
        "Thumnail_Small": "HeartFire.png",
        "SoundFile": "",
        "is_From_Asset": true
      },
      {
        "Id": 2,
        "Cat_Id": 6,
        "App_Version": "",
        "Theme_Name": "SmokyWhite",
        "Theme_Info": "",
        "sound_size": "",
        "GameobjectName": "41",
        "Is_Preimum": "0",
        "Theme_Counter": "",
        "isNewRealise": "true",
        "Theme_Bundle": "asset_bundle/SmokyWhite.unity3d",
        "Thumnail_Big": "",
        "Thumnail_Small": "SmokyWhite.png",
        "SoundFile": "",
        "is_From_Asset": true
      }
    ]
  }
]


