{
  "link": "https://raw.githubusercontent.com/githubupdatesdemo/WavyMusic/master/Particles/v1.7/",
  "category": [
    {
      "Id": 1,
      "Cat_Name": "General",
      "themes": [
        {
          "Id": 3,
          "Cat_Id": 1,
          "Theme_Name": "InsideHeart",
          "Theme_Info": "InsideHeart",
          "GameobjectName": "4",
          "Is_Preimum": "0",
          "Theme_Bundle": "asset_bundle/InsideHeart.unity3d",
          "Bundle_Size": "55543",
          "Thumnail_Small": "InsideHeart.png",
          "is_From_Asset": true
        },
        {
          "Id": 2,
          "Cat_Id": 1,
          "Theme_Name": "FeelMusic",
          "Theme_Info": "FeelMusic",
          "GameobjectName": "1",
          "Is_Preimum": "0",
          "Theme_Bundle": "asset_bundle/FeelMusic.unity3d",
          "Bundle_Size": "112341",
          "Thumnail_Small": "FeelMusic.png",
          "is_From_Asset": true
        },
        {
          "Id": 1,
          "Cat_Id": 1,
          "Theme_Name": "Believer",
          "Theme_Info": "Believer",
          "GameobjectName": "7",
          "Is_Preimum": "0",
          "Theme_Bundle": "asset_bundle/Believer.unity3d",
          "Bundle_Size": "53260",
          "Thumnail_Small": "Believer.png",
          "is_From_Asset": true
        },
        {
          "Id": 4,
          "Cat_Id": 1,
          "Theme_Name": "PartyNight",
          "Theme_Info": "PartyNight",
          "GameobjectName": "6",
          "Is_Preimum": "0",
          "Theme_Bundle": "asset_bundle/PartyNight.unity3d",
          "Bundle_Size": "179879",
          "Thumnail_Small": "PartyNight.png",
          "is_From_Asset": true
        },
        {
          "Id": 5,
          "Cat_Id": 1,
          "Theme_Name": "RoundRound",
          "Theme_Info": "RoundRound",
          "GameobjectName": "2",
          "Is_Preimum": "0",
          "Theme_Bundle": "asset_bundle/RoundRound.unity3d",
          "Bundle_Size": "35353",
          "Thumnail_Small": "RoundRound.png",
          "is_From_Asset": true
        },
        {
          "Id": 6,
          "Cat_Id": 1,
          "Theme_Name": "SnackLine",
          "Theme_Info": "SnackLine",
          "GameobjectName": "5",
          "Is_Preimum": "0",
          "Theme_Bundle": "asset_bundle/SnackLine.unity3d",
          "Bundle_Size": "30952",
          "Thumnail_Small": "SnackLine.png",
          "is_From_Asset": true
        },
        {
          "Id": 7,
          "Cat_Id": 1,
          "Theme_Name": "Stars&Spectrum",
          "Theme_Info": "Stars&Spectrum",
          "GameobjectName": "3",
          "Is_Preimum": "0",
          "Theme_Bundle": "asset_bundle/Stars&Spectrum.unity3d",
          "Bundle_Size": "32433",
          "Thumnail_Small": "Stars&Spectrum.png",
          "is_From_Asset": true
        }
      ]
    },
    {
      "Id": 2,
      "Cat_Name": "Love",
      "themes": [
        {
          "Id": 3,
          "Cat_Id": 2,
          "Theme_Name": "LoveHeart",
          "Theme_Info": "LoveHeart",
          "GameobjectName": "81",
          "Is_Preimum": "0",
          "Theme_Bundle": "asset_bundle/LoveHeart.unity3d",
          "Bundle_Size": "161565",
          "Thumnail_Small": "LoveHeart.png",
          "is_From_Asset": true
        },
        {
          "Id": 1,
          "Cat_Id": 2,
          "Theme_Name": "LotsOfLove",
          "Theme_Info": "LotsOfLove",
          "GameobjectName": "85",
          "Is_Preimum": "0",
          "Theme_Bundle": "asset_bundle/LotsOfLove.unity3d",
          "Bundle_Size": "117393",
          "Thumnail_Small": "LotsOfLove.png",
          "is_From_Asset": true
        },
        {
          "Id": 2,
          "Cat_Id": 2,
          "Theme_Name": "LoveFeels",
          "Theme_Info": "LoveFeels",
          "GameobjectName": "82",
          "Is_Preimum": "0",
          "Theme_Bundle": "asset_bundle/LoveFeels.unity3d",
          "Bundle_Size": "60871",
          "Thumnail_Small": "LoveFeels.png",
          "is_From_Asset": true
        },
        {
          "Id": 4,
          "Cat_Id": 2,
          "Theme_Name": "MyFeelings",
          "Theme_Info": "MyFeelings",
          "GameobjectName": "86",
          "Is_Preimum": "0",
          "Theme_Bundle": "asset_bundle/MyFeelings.unity3d",
          "Bundle_Size": "85116",
          "Thumnail_Small": "MyFeelings.png",
          "is_From_Asset": true
        },
        {
          "Id": 5,
          "Cat_Id": 2,
          "Theme_Name": "MyLove",
          "Theme_Info": "MyLove",
          "GameobjectName": "83",
          "Is_Preimum": "0",
          "Theme_Bundle": "asset_bundle/MyLove.unity3d",
          "Bundle_Size": "146073",
          "Thumnail_Small": "MyLove.png",
          "is_From_Asset": true
        },
        {
          "Id": 6,
          "Cat_Id": 2,
          "Theme_Name": "TiAmo",
          "Theme_Info": "TiAmo",
          "GameobjectName": "84",
          "Is_Preimum": "0",
          "Theme_Bundle": "asset_bundle/TiAmo.unity3d",
          "Bundle_Size": "104175",
          "Thumnail_Small": "TiAmo.png",
          "is_From_Asset": true
        }
      ]
    },
    {
      "Id": 3,
      "Cat_Name": "Birthday",
      "themes": [
        {
          "Id": 1,
          "Cat_Id": 3,
          "Theme_Name": "BallonBlast",
          "Theme_Info": "BallonBlast",
          "GameobjectName": "66",
          "Is_Preimum": "0",
          "Theme_Bundle": "asset_bundle/BallonBlast.unity3d",
          "Bundle_Size": "132633",
          "Thumnail_Small": "BallonBlast.png",
          "is_From_Asset": true
        },
        {
          "Id": 2,
          "Cat_Id": 3,
          "Theme_Name": "BirthdayBash",
          "Theme_Info": "BirthdayBash",
          "GameobjectName": "61",
          "Is_Preimum": "0",
          "Theme_Bundle": "asset_bundle/BirthdayBash.unity3d",
          "Bundle_Size": "141338",
          "Thumnail_Small": "BirthdayBash.png",
          "is_From_Asset": true
        },
        {
          "Id": 3,
          "Cat_Id": 3,
          "Theme_Name": "BirthdayChocos",
          "Theme_Info": "BirthdayChocos",
          "GameobjectName": "62",
          "Is_Preimum": "0",
          "Theme_Bundle": "asset_bundle/BirthdayChocos.unity3d",
          "Bundle_Size": "433153",
          "Thumnail_Small": "BirthdayChocos.png",
          "is_From_Asset": true
        },
        {
          "Id": 4,
          "Cat_Id": 3,
          "Theme_Name": "BirthdayParty",
          "Theme_Info": "BirthdayParty",
          "GameobjectName": "63",
          "Is_Preimum": "0",
          "Theme_Bundle": "asset_bundle/BirthdayParty.unity3d",
          "Bundle_Size": "432517",
          "Thumnail_Small": "BirthdayParty.png",
          "is_From_Asset": true
        },
        {
          "Id": 5,
          "Cat_Id": 3,
          "Theme_Name": "BirthdayWish",
          "Theme_Info": "BirthdayWish",
          "GameobjectName": "64",
          "Is_Preimum": "0",
          "Theme_Bundle": "asset_bundle/BirthdayWish.unity3d",
          "Bundle_Size": "220493",
          "Thumnail_Small": "BirthdayWish.png",
          "is_From_Asset": true
        },
        {
          "Id": 6,
          "Cat_Id": 3,
          "Theme_Name": "NeonBirthday",
          "Theme_Info": "NeonBirthday",
          "GameobjectName": "65",
          "Is_Preimum": "0",
          "Theme_Bundle": "asset_bundle/NeonBirthday.unity3d",
          "Bundle_Size": "107359",
          "Thumnail_Small": "NeonBirthday.png",
          "is_From_Asset": true
        }
      ]
    },
    {
      "Id": 4,
      "Cat_Name": "God",
      "themes": [
        {
          "Id": 1,
          "Cat_Id": 4,
          "Theme_Name": "Ganeshdeva",
          "Theme_Info": "Ganeshdeva",
          "GameobjectName": "24",
          "Is_Preimum": "0",
          "Theme_Bundle": "asset_bundle/Ganeshdeva.unity3d",
          "Bundle_Size": "104192",
          "Thumnail_Small": "Ganeshdeva.png",
          "is_From_Asset": true
        },
        {
          "Id": 2,
          "Cat_Id": 4,
          "Theme_Name": "JayBajrangbali",
          "Theme_Info": "JayBajrangbali",
          "GameobjectName": "1",
          "Is_Preimum": "0",
          "Theme_Bundle": "asset_bundle/JayBajrangbali.unity3d",
          "Bundle_Size": "144055",
          "Thumnail_Small": "JayBajrangbali.png",
          "is_From_Asset": true
        },
        {
          "Id": 3,
          "Cat_Id": 4,
          "Theme_Name": "JayShreeRam",
          "Theme_Info": "JayShreeRam",
          "GameobjectName": "25",
          "Is_Preimum": "0",
          "Theme_Bundle": "asset_bundle/JayShreeRam.unity3d",
          "Bundle_Size": "84573",
          "Thumnail_Small": "JayShreeRam.png",
          "is_From_Asset": true
        },
        {
          "Id": 4,
          "Cat_Id": 4,
          "Theme_Name": "Mahadeva",
          "Theme_Info": "Mahadeva",
          "GameobjectName": "23",
          "Is_Preimum": "0",
          "Theme_Bundle": "asset_bundle/Mahadeva.unity3d",
          "Bundle_Size": "129230",
          "Thumnail_Small": "Mahadeva.png",
          "is_From_Asset": true
        },
        {
          "Id": 5,
          "Cat_Id": 4,
          "Theme_Name": "ShreeKrishna",
          "Theme_Info": "ShreeKrishna",
          "GameobjectName": "22",
          "Is_Preimum": "0",
          "Theme_Bundle": "asset_bundle/ShreeKrishna.unity3d",
          "Bundle_Size": "140625",
          "Thumnail_Small": "ShreeKrishna.png",
          "is_From_Asset": true
        }
      ]
    },
    {
      "Id": 5,
      "Cat_Name": "Neon",
      "themes": [
        {
          "Id": 1,
          "Cat_Id": 5,
          "Theme_Name": "BeatLight",
          "Theme_Info": "BeatLight",
          "GameobjectName": "107",
          "Is_Preimum": "0",
          "Theme_Bundle": "asset_bundle/BeatLight.unity3d",
          "Bundle_Size": "161465",
          "Thumnail_Small": "BeatLight.png",
          "is_From_Asset": true
        },
        {
          "Id": 2,
          "Cat_Id": 5,
          "Theme_Name": "DJParty",
          "Theme_Info": "DJParty",
          "GameobjectName": "103",
          "Is_Preimum": "0",
          "Theme_Bundle": "asset_bundle/DJParty.unity3d",
          "Bundle_Size": "262319",
          "Thumnail_Small": "DJParty.png",
          "is_From_Asset": true
        },
        {
          "Id": 3,
          "Cat_Id": 5,
          "Theme_Name": "HappyMusic",
          "Theme_Info": "HappyMusic",
          "GameobjectName": "104",
          "Is_Preimum": "0",
          "Theme_Bundle": "asset_bundle/HappyMusic.unity3d",
          "Bundle_Size": "69471",
          "Thumnail_Small": "HappyMusic.png",
          "is_From_Asset": true
        },
        {
          "Id": 4,
          "Cat_Id": 5,
          "Theme_Name": "Magic",
          "Theme_Info": "Magic",
          "GameobjectName": "102",
          "Is_Preimum": "0",
          "Theme_Bundle": "asset_bundle/Magic.unity3d",
          "Bundle_Size": "63575",
          "Thumnail_Small": "Magic.png",
          "is_From_Asset": true
        },
        {
          "Id": 5,
          "Cat_Id": 5,
          "Theme_Name": "MagicRing",
          "Theme_Info": "MagicRing",
          "GameobjectName": "108",
          "Is_Preimum": "0",
          "Theme_Bundle": "asset_bundle/MagicRing.unity3d",
          "Bundle_Size": "77770",
          "Thumnail_Small": "MagicRing.png",
          "is_From_Asset": true
        },
        {
          "Id": 6,
          "Cat_Id": 5,
          "Theme_Name": "MusicInMind",
          "Theme_Info": "MusicInMind",
          "GameobjectName": "105",
          "Is_Preimum": "0",
          "Theme_Bundle": "asset_bundle/MusicInMind.unity3d",
          "Bundle_Size": "76121",
          "Thumnail_Small": "MusicInMind.png",
          "is_From_Asset": true
        },
        {
          "Id": 7,
          "Cat_Id": 5,
          "Theme_Name": "PartyTime",
          "Theme_Info": "PartyTime",
          "GameobjectName": "101",
          "Is_Preimum": "0",
          "Theme_Bundle": "asset_bundle/PartyTime.unity3d",
          "Bundle_Size": "30591",
          "Thumnail_Small": "PartyTime.png",
          "is_From_Asset": true
        },
        {
          "Id": 8,
          "Cat_Id": 5,
          "Theme_Name": "SuperDad",
          "Theme_Info": "SuperDad",
          "GameobjectName": "106",
          "Is_Preimum": "0",
          "Theme_Bundle": "asset_bundle/SuperDad.unity3d",
          "Bundle_Size": "379504",
          "Thumnail_Small": "SuperDad.png",
          "is_From_Asset": true
        }
      ]
    },
    {
      "Id": 6,
      "Cat_Name": "Smoke",
      "themes": [
        {
          "Id": 1,
          "Cat_Id": 6,
          "Theme_Name": "HeartFire",
          "Theme_Info": "HeartFire",
          "GameobjectName": "42",
          "Is_Preimum": "0",
          "Theme_Bundle": "asset_bundle/HeartFire.unity3d",
          "Bundle_Size": "158852",
          "Thumnail_Small": "HeartFire.png",
          "is_From_Asset": true
        },
        {
          "Id": 2,
          "Cat_Id": 6,
          "Theme_Name": "SmokyWhite",
          "Theme_Info": "SmokyWhite",
          "GameobjectName": "41",
          "Is_Preimum": "0",
          "Theme_Bundle": "asset_bundle/SmokyWhite.unity3d",
          "Bundle_Size": "120475",
          "Thumnail_Small": "SmokyWhite.png",
          "is_From_Asset": true
        }
      ]
    }
  ]
}


