<?xml version="1.0" encoding="utf-8" ?>
<ROOT>
<ACE-OF-CUPS-ONE >Tämä kortti osoittaa, että tulet ottamaan rohkeita askelia lähteäksesi uusiin seikkailuihin ilman kireyttä tai liittyvien riskien hässäkkää ja tämä projekti tulee ajan myötä auttamaan sinua tarpeittesi kanssa. On hyvä aika ottaa riskejä, sillä tulet saamaan rahallista hyötyä. </ACE-OF-CUPS-ONE >
<TWO-OF-CUPS-ONE >Kaikki rahalliset riidat tai sopimukset sovitaan ja selvitetään ja tämä saa olosi helpottuneeksi. Työhön liittyvät voitot saattavat nousta tai voit saada palkankorotuksen kohta. </TWO-OF-CUPS-ONE >
<THREE-OF-CUPS-ONE >Tämä kortti osoittaa, että sinulla tulee olemaan vakaa ansiolähde ja sinulla on myös tuloja ja kuluja. Rahan sisäänvirtaus tulee olemaan hyvä monen pienen lähteen kautta ja tulet tuntemaan olosi tyytyväiseksi. </THREE-OF-CUPS-ONE >
<FOUR-OF-CUPS-ONE >Tämä kortti näyttää, että jos elämässäsi on rahallisia säännöttömyyksiä tai rahaan liittyvä tilanne, tulet käsittelemään asian tahdikkaasti. Tulet olemaan hyvin sanavalmis ja saat työt tehtyä erityisesti rahankeruussa tai rahaan liittyvissä lakiasioissa. </FOUR-OF-CUPS-ONE >
<FIVE-OF-CUPS-ONE >Tämä kortti osoittaa, että sinun on nyt keskityttävä raha-asioihisi ja rahatilanteesi tulee vaikuttamaan hieman epävakaalta. Sinun on otettava jokainen kuluihin liittyvä askel varovaisesti, vain käytännöllinen ja vakaa lähestymistapa tulee auttamaan sinut tämän tilanteen läpi. </FIVE-OF-CUPS-ONE >
<SIX-OF-CUPS-ONE >Tämä kortti merkitsee, ettei sinun tarvitse huolehtia raha-asioista juuri nyt. Tulosi ja kulusi tulevat olemaan tasapainossa ja raha tulee virtaamaan monesta suunnasta. Tulosi saavat olosi tyytyväiseksi ja voit yhtäkkiä osua jackpottiin, joka saa sinut positiivisen järkyttyneeksi. </SIX-OF-CUPS-ONE >
<SEVEN-OF-CUPS-ONE >Tämä kortti osoittaa, että on tulossa jonkinlainen pieni kriisi rahankulutukseesi liittyen mutta tulet selvittämään asian. Ei tule olemaan paljoa mistä huolehtia, sillä asiat järjestyvät nopeasti ja on myös mahdollisuus, että tienaat vähän eri lähteistä. </SEVEN-OF-CUPS-ONE >
<EIGHT-OF-CUPS-ONE >Tämä kortti näyttää, että sinun on tarkasteltava kulujasi, sillä saatat joutua tilanteeseen jossa kulusi vain kasvavat, vaikka yrität hallita niitä. Tulet tuntemaan, että tulosi eivät riitä huolehtimaan rahankäytöstäsi ja tämä voi saada olosi pettyneeksi ja tyytymättömäksi. </EIGHT-OF-CUPS-ONE >
<NINE-OF-CUPS-ONE >Tämä kortti osoittaa, että sinun on kohdattava vähän tyytymättömyyttä rahatuloihin liittyen. Tulet saamaan vähän rahaa velalliselta hetken päästä mutta riitoja saattaa syttyä eri rahaan liittyvien mielipiteiden takia. Tulet kuitenkin järjestämään tilanteen ja asiat selviävät. </NINE-OF-CUPS-ONE >
<TEN-OF-CUPS-ONE >Tämä kortti osoittaa, että haluat päästää irti ja kuluttaa tavallista enemmän rahaa ja tulet hemmottelemaan itseäsi. Saatat myös päätyä ostamaan lahjoja läheisillesi ja rahan kulutus ei vaivaa sinua niin paljon, sillä tulosi tulevat nousemaan ja antavat sinun hemmotella perhettäsi ja ystäviäsi. </TEN-OF-CUPS-ONE >
<PAGE-OF-CUPS-ONE >Odotat ylennystä tai jonkinlaisia kehuja ja tämä tapahtuu luultavasti kohta. Ovellasi kolkuttaa myös enemmän tilaisuuksia, joten ei ole syytä huoleen. </PAGE-OF-CUPS-ONE >
<KNIGHT-OF-CUPS-ONE >Tämä kortti näyttää, että onni tulee potkimaan mitä tulee rahatilanteeseesi. Tulet saamaan mukavia yllätyksiä rahallisesti, kuten palkankorotuksen, enemmän voittoa tai valtavan määrän rahaa odottamattomalta lähteeltä. Jos rahasi juuttui jonnekin, se palaa takaisin luoksesi. </KNIGHT-OF-CUPS-ONE >
<QUEEN-OF-CUPS-ONE >Tämä kortti osoittaa, että et tule tuntemaan oloasi haavoittuvaksi rahallisesti ainakaan hetkeen. Rahallisen kriisin sattuessa monet ihmiset ovat valmiita auttamaan tai jos etsit sijoitusneuvoja tulet saamaan niitä oikeilta ihmisiltä. Sinulla ei tule olemaan liikaa ongelmia saadaksesi toimeksiantoa tai rahaa joltain muulta lähteeltä. </QUEEN-OF-CUPS-ONE >
<KING-OF-CUPS-ONE >Tämä kortti osoittaa, että sinulla on tuleva rahalähde töistäsi tai uudesta tilaisuudesta. Jos teet uusia kauppoja tai allekirjoitat uusia sopimuksia, sinun on oltava varovainen asiakirjojen ja kaikkien sääntöjen sekä ehtojen kanssa, sillä tietyt elementit saattavat tarkkailla liikkeitäsi. </KING-OF-CUPS-ONE >
<ACE-OF-PENTACLES-ONE >Tämä kortti osoittaa, että tulet rukoilemaan eri rahalähteiden puolesta ja tällä kertaa onni on puolellasi ja tulet saamaan uuden tulolähteen. Tulet ajattelemaan pitkäaikaisia rahallisia tavoitteita ja tietyt suunnitelmat tai tilanteet saattavat tulla eteesi. </ACE-OF-PENTACLES-ONE >
<TWO-OF-PENTACLES-ONE >Tämä kortti näyttää, että tulet olemaan rahallisen suunnittelun vaiheessa ammatillisesti sekä henkilökohtaisesti ja tulet saamaan asiaa koskevien ihmisten luvan. Jos suunnittelet uutta sijoitusta, siihen tulee liittymään paljon kuluja. Sinun on pidettävä rahakulutuksesi hallinnassa. </TWO-OF-PENTACLES-ONE >
<THREE-OF-PENTACLES-ONE >Tämä kortti osoittaa rahan tulon luoksesi odottamattomilta lähteiltä ja tulet saamaan perheesi ja kollegojesi tuen. Yrität löytää lähteen lisätuloille ja saatat avata avoimen projektin tai aktiviteetin tai saatat aloittaa uuden etsiessäsi lähdettä. </THREE-OF-PENTACLES-ONE >
<FOUR-OF-PENTACLES-ONE >Tämä kortti näyttää, että rahansiirtoihin liittyvissä asioissa tulee olemaan paljon toimintaa. Sinun on käsiteltävä paljon paperitöitä, jotka saattavat sisältää laillisia muodollisuuksia rahan palautuksiin liittyen. Tulet löytämään rahallisen vakauden ja sinulle tulee olemaan tarpeeksi hoitaaksesi normaalit kulusi. </FOUR-OF-PENTACLES-ONE >
<FIVE-OF-PENTACLES-ONE >Tämä kortti osoittaa, että saatat kuluttaa rahaa itsesi parantamiseen ja hemmotteluun. Raha-asiasi tulevat olemaan kunnossa, sillä pystyt hoitamaan kaikki kulusi ja onni saattaa myös olla puolellasi, koska voit edistyä huolimatta monista ongelmista ja esteistä. </FIVE-OF-PENTACLES-ONE >
<SIX-OF-PENTACLES-ONE >Tämä kortti osoittaa, että ajat tulevat olemaan kovia, sillä sinulla saattaa olla ongelmia. Ystäväsi voivat pitää sinua itsestäänselvyytenä eivätkä palauta rahojasi tai et saa vuokraa ajoissa. Tämä voi johtaa ärsyyntymiseen ja henkiseen epätasapainoon ja mahdollisiin riitoihin. On suositeltavaa, että pidät pääsi kylmänä sellaisessa tilanteessa. </SIX-OF-PENTACLES-ONE >
<SEVEN-OF-PENTACLES-ONE >Tämä kortti näyttää, että asiat voivat näyttää hyvin synkiltä mitä tulee raha-asioihin ja asiat voivat vaikuttaa epäselviltä ja epämääräisiltä. Kohta tulee kuitenkin joku rahallinen lisä ammatin tai henkilökohtaisten tilaisuuksien kautta jonkun läheisen neuvojen avulla ja tämä antaa sinulle uutta uskoa. </SEVEN-OF-PENTACLES-ONE >
<EIGHT-OF-PENTACLES-ONE >Tämä kortti osoittaa, että tulet olemaan onnekas rahallisesti hetken aikaa ja rahaan ei liity henkisiä paineita. Rahallinen lisä on mahdollinen tai sitten pystyt viimein ostamaan haluamasi asiat. Avain onnelliseen elämään on olla tyytyväinen siihen mitä sinulla on ja tämä tulee pitämään paikkansa kohdallasi hetken. </EIGHT-OF-PENTACLES-ONE >
<NINE-OF-PENTACLES-ONE >Tämä kortti osoittaa, että sinulla tulee olemaan paljon onnea mukanasi ja asiat vaikuttavat menevän oikeaan suuntaan jopa rahallisesti. Jos sinulla oli rahallisia ongelmia, ne selvitetään ja hyviä uutisia on myös tulossa kohta. </NINE-OF-PENTACLES-ONE >
<TEN-OF-PENTACLES-ONE >Tämä kortti näyttää, että tulojesi ja menojesi välillä tulee olemaan hyvä tasapaino ja sinun on järjesteltävä eri kotilaskuja, jotka vievät suurimman osan rahoistasi. Jos odotit tekeväsi ostoksen tai tärkeän päätöksen rahaan liittyen, se tulee tapahtumaan. </TEN-OF-PENTACLES-ONE >
<PAGE-OF-PENTACLES-ONE >Tämä kortti osoittaa, että rahatilanteesi tulee olemaan hyvin tasapainossa nyt mutta joskus saatat tuntea olosi riittämättömäksi. Tämä voi vihastuttaa sinua ja johtaa voimakkaisiin reaktioihin. Sinun on rauhoituttava vähän, koska tämä kortti näyttää hyvien aikojen olevan edessäpäin. </PAGE-OF-PENTACLES-ONE >
<KNIGHT-OF-PENTACLES-ONE >Tämä kortti viittaa, että rahatilanteeseesi liittyen ei ole paljon ongelmia. Tietyt osapuolet eivät ehkä ole halukkaita palauttamaan rahojasi ja tämä voi olla huolettava asia. Et ehkä ole itsevarma nyt mutta hyvä onni on kohta matkalla luoksesi. </KNIGHT-OF-PENTACLES-ONE >
<QUEEN-OF-PENTACLES-ONE >Tämä kortti näyttää, että jos joku pidätteli rahojasi tai hävitti ne, on hyvin todennäköistä, että asiat selviävät ja ratkaistaan. Tulet saamaan rahasi takaisin ja voit myös odottaa pientä lisärahaa tai lisätuloja. </QUEEN-OF-PENTACLES-ONE >
<KING-OF-PENTACLES-ONE >Tämä kortti osoittaa, että raha-asioihisi liittyen ei tule olemaan lähes mitään ongelmia. Monet tuottoisan tilaisuuden ovat matkalla luoksesi mutta sinun on tunnistettava ne huolella. On suositeltavaa, että teet kauppoja talossasi tai läheisessä paikassa, sillä tämä voi todistautua onnekkaaksi. </KING-OF-PENTACLES-ONE >
<ACE-OF-SWORDS-ONE >Tämä kortti osoittaa, että rahaan tai talouteesi liittyvät asiat eivät tule päätymään odottamallasi tavalla. Kuluihin liittyvissä asioissa voi olla oivalluksia, etenkin odottamattomissa. Tulosi tulevat olemaan vakaat mutta tulet rehkiä saadaksesi tasapainon rahan sisäänvirtauksen ja kasvavien kulujen välillä. </ACE-OF-SWORDS-ONE >
<TWO-OF-SWORDS-ONE >Tämä kortti näyttää, että taloutesi tulee olemaan kunnossa ja huolenaiheita ei ole monia. Saattaa kuitenkin olla uuteen ideaan tai sitoutumiseen liittyviä ongelmia ja muutamat asiat käyvät mielessäsi ja tulet olemaan skeptinen vakaan päätöksen ottamisesta. </TWO-OF-SWORDS-ONE >
<THREE-OF-SWORDS-ONE >Tämä kortti osoittaa, että tämä tulee olemaan hyvä ajanjakso talouteesi liittyen ja tulet saamaan jatkuvan rahavirtauksen. Saatat tienata odottamattomimmilta lähteiltä ja vanhat ideasi alkavat tuottaa voittoa. Jos velallisesi eivät ole halukkaita palauttamaan rahojasi, asiat selvitetään pian. </THREE-OF-SWORDS-ONE >
<FOUR-OF-SWORDS-ONE >Tämä kortti näyttää, että rahavirtauksesi voi olla hieman lamaantunut juuri nyt. Saattaa myös ilmetä tilanne, jossa joudut väittelyyn rahasta työkumppanisi tai velallisen kanssa tai pettymyksiä voi ilmetä maksujen viivytyksen takia. Tämä kaaos on kohta ohi, sillä taloudestasi tulee vakaa jonkun ajan päästä. </FOUR-OF-SWORDS-ONE >
<FIVE-OF-SWORDS-ONE >Tämä kortti osoittaa, että tulet olemaan rahallisesti tyytyväinen, sillä tulosi ja kulusi tulevat olemaan tasapainossa ja tulet myös tienaamaan useasta muusta lähteestä. Tästä huolimatta, tulet olemaan hyvin tietoinen taloudestasi. On suositeltavaa, että et huolehdi liikaa taloudestasi ja päästät menemään hetkeksi. </FIVE-OF-SWORDS-ONE >
<SIX-OF-SWORDS-ONE >Tämä kortti osoittaa, että sinulla saattaa olla vaikeaa tienata rahaa ja huolehtia kuluista, sillä voi vaikuttaa siltä, että onni on kääntänyt sinulle selän rahaan liittyen. Asiat muuttuvat kohta ja tulet tienaamaan aika paljon tekemättä juuri mitään puhtaasta onnesta ja tulet nauttimaan siitä. </SIX-OF-SWORDS-ONE >
<SEVEN-OF-SWORDS-ONE >Tämä kortti osoittaa, että tunnet olosi hieman hermostuneeksi tai vihaiseksi, sillä sinun on ehkä tehtävä epämieluisia päätöksiä mutta voit jättää huolet taaksesi, koska tulet luultavasti ratkaisemaan asiat nopeasti. Rahallinen lisä on ehkä matkalla luoksesi tai sitten ehkä voitat jotain kohta. </SEVEN-OF-SWORDS-ONE >
<EIGHT-OF-SWORDS-ONE >Tämä kortti näyttää, että tunnet tulojesi olevan lamaantuneita ja saat odotettuja kehuja. Yrität löytää erilaisia tapoja tienata vähän rahaa huolehtiaksesi tarpeistasi. Kortti osoittaa, että tapa tulee olemaan menestynyt ja löydät vihdoin tien ulos ongelmistasi. </EIGHT-OF-SWORDS-ONE >
<NINE-OF-SWORDS-ONE >Tämä kortti osoittaa, että tämä tulee olemaan elämäsi parhaita aikoja rahaan liittyen. Tulet tienaamaan hyvin tavallisista töistäsi ja saatat myös saada palkankorotuksen kohta. Solmit ehkä uusia liikesopimuksia, jotka tulevat olemaan hyvin antoisia tai ehkä löydät samantapaisen tavan tienata rahaa. </NINE-OF-SWORDS-ONE >
<TEN-OF-SWORDS-ONE >Tämä kortti näyttää, että jos elämässäsi on rahallisia ongelmia ne tulevat ratkeamaan kohta. On myös mahdollisuus, että saat yllätyksen saadessasi rahaa, erityishyötyjä töissä vanhasta ideasta tai kehuja, joka saa sinut onnesta sekaisin. </TEN-OF-SWORDS-ONE >
<PAGE-OF-SWORDS-ONE >Tämä kortti osoittaa, että talouteesi liittyvissä asioissa jokin häiritsee sinua jatkuvasti. Tulet tuntemaan olosi ahdistuneeksi taloudellisen tilanteesi takia ja yrität vähentää kulujasi. Tämä voi kuitenkin vaikuttaa loputtomalta ongelmalta, sillä asia ei selviä ensitapaamisella. </PAGE-OF-SWORDS-ONE >
<KNIGHT-OF-SWORDS-ONE >Tämä kortti näyttää, että jokin ystävistäsi tai läheisistäsi tulee tarjoamaan sinulle kumppanuutta tai osanottoa uuteen ideaan. He tulevat todistamaan olevansa hyvin avuliaita, sillä he eivät pyydä paljoa ja tulet tuntemaan olosi kiitolliseksi heidän eleestään. </KNIGHT-OF-SWORDS-ONE >
<QUEEN-OF-SWORDS-ONE >Tämä kortti osoittaa, että joku saattaa huijata sinua rahallisesti. Henkilö, joka on ehkä lainannut rahaa, ei tule olemaan halukas antamaan sitä takaisin, kuten viivästynyt vuokra, lasku tai materiaali. Saatat hermostua tästä ja päädyt ehkä riitaan tai yhteenottoon. </QUEEN-OF-SWORDS-ONE >
<KING-OF-SWORDS-ONE >Tämä kortti ehdottaa, että sinun on rentouduttava ja lopetettava talouden liiallinen ajattelu. Tulosi tulevat olemaan vakaat mutta perheesi ja sinun ympärille tulee ilmestymään paineita joidenkin vastenmielisten tilanteiden takia, joita et ehkä voi välttää. </KING-OF-SWORDS-ONE >
<ACE-OF-WANDS-ONE >Tämä kortti osoittaa, että luultavasti saat rahallista hyötyä. Nämä hyödyt tulevat taitoihisi liittyvistä asioista. Jos suunnittelet työsi esittelemistä tai jos olet keksinyt uniikin konseptin työssäsi, niin tämä on oikea aika suorittaa se. </ACE-OF-WANDS-ONE >
<TWO-OF-WANDS-ONE >Tämä kortti näyttää, että jos sinulla on taloudellisia kiistoja tai ajattelit taloudellisten sopimusten tekemistä, ne sovitaan ja selvitetään vihdoin ja tämä saa olosi helpottuneeksi. On mahdollisuus, että yrityksesi voitot suurenevat tai saatat saada palkankorotuksen kohta. </TWO-OF-WANDS-ONE >
<THREE-OF-WANDS-ONE >Tämä kortti ehdottaa, että sinun tulisi pysyä yhteyksissä ystäviesi ja kollegojesi kanssa, sillä he tulevat olemaan avuksi rahallisesti nyt. Yrityksesi tai työsi alkaa kukoistaa, tuoden sinulle odotettua enemmän voittoa. Uusi sopimus tulee antamaan sinulle innolla odottamasi lisäedut. </THREE-OF-WANDS-ONE >
<FOUR-OF-WANDS-ONE >Tämä kortti osoittaa, että taloutesi tulee olemaan vakaa nyt ja tulet saamaan rahaa monista lähteistä. Sinulla ei ole ongelmia raha-asioidesi selvittämisessä, sillä työsi tulee olemaan sujuvaa ja tulet pärjäämään paljon paremmin kuin aiemmin. </FOUR-OF-WANDS-ONE >
<FIVE-OF-WANDS-ONE >Tämä kortti näyttää, että sinulla tulee olemaan onnea rahan suhteen nyt. Jos sinulla on rahallisia kiistoja omaisuuteen tai sijoituksiin liittyen, tulet luultavasti olemaan etulyöntiasemassa. Tulet käsittelemään talouttasi hyvin ja tämä auttaa sinua säästämään tarpeeksi huolehtiaksesi perheesi odotuksista. </FIVE-OF-WANDS-ONE >
<SIX-OF-WANDS-ONE >Tämä kortti osoittaa, että tietyt ongelmat hallitsevat liittyen rahaasi, joita joku tai jokin pidättelee. Tämä voi saada olosi hyvin huolestuneeksi ja aika ajoin voit käyttäytyä pistävästi huomaamatta sitä. Nämä vaikeat ajat menevät kohta ohi ja raha-asiasi selviävät. </SIX-OF-WANDS-ONE >
<SEVEN-OF-WANDS-ONE >Tämä kortti ehdottaa, että jos rahaan liittyviä vaikeuksia tai esteitä on, ne ratkeavat kohta. Tulet nauttimaan säästösuunnitelmasi hyödyistä ja älykkäät rahalliset siirrot saavat olosi tyytyväiseksi ja iloiseksi ja tämä voi johtaa hemmotteluun, mutta olet ansainnut sen! </SEVEN-OF-WANDS-ONE >
<EIGHT-OF-WANDS-ONE >Tämä kortti osoittaa, että asiat muuttuvat parempaan päin hyvin pian. Rahatilanteesi tulee kukoistamaan odotettua enemmän, sillä tulet solmimaan uusia tuottoisia sopimuksia yrityksessäsi, jotka auttavat sinua saamaan kunnianosoituksia. Tarvittavia tapaamisia ja voitontekomahdollisuuksia tulee olemaan paljon lähitulevaisuudessa. </EIGHT-OF-WANDS-ONE >
<NINE-OF-WANDS-ONE >Tämä kortti näyttää, että taloudellinen tilanteesi tulee melkein olemaan tasapainossa, sillä tulet sekä tienaamaan että menettämään rahaa hetken. Syytä huoleen ei ole, koska tulet tienaamaan tarpeeksi pysyäksesi tyytyväisenä ja huolehtiaksesi päivittäisistä kuluistasi ja tulet löytämään enemmän tulolähteitä menestyneesti. </NINE-OF-WANDS-ONE >
<TEN-OF-WANDS-ONE >Tämä kortti osoittaa, että tulet olemaan hieman skeptinen raha-asioidesi suhteen, sillä asiakkaasi tai pomosi kanssa voi olla nahinaa, joka voi johtaa ongelmiin. Haluat päästä näiden ongelmallisten tilanteiden yli saadaksesi enemmän tulolähteitä mutta tämä todistautuu vaikeammaksi kuin uskoit. </TEN-OF-WANDS-ONE >
<PAGE-OF-WANDS-ONE >Tämä kortti näyttää, että tulet näkemään voittojen virtauksen tiettyihin työalueisiin liittyen, kun taas jotkut vielä pysyvät heikkona. Pankkeihin tai rahaan liittyvien asiakirjojen kanssa voi myös olla ongelmia. </PAGE-OF-WANDS-ONE >
<KNIGHT-OF-WANDS-ONE >Odottamattomista lähteistä tulee virtaamaan rahaa mutta se ei ole kovin suuri summa. Rahankeräys velallisiltasi tulee olemaan rankkaa ja et ehkä saa mitä todella odotit, joka voi johtaa riitoihin ja pettymyksiin. </KNIGHT-OF-WANDS-ONE >
<QUEEN-OF-WANDS-ONE >Saatat haluta tuhlata ja hemmotella itseäsi odottamattoman paljon ja luottokorttilaskusi voi tulla järkytyksenä. Tämä voi saada sinut tuohtuneeksi hetken aikaa ja tulet miettimään tilanteen vaihtoehtoja. Päätöksesi todistautuu kuitenkin hyödylliseksi myöhemmin elämässä. </QUEEN-OF-WANDS-ONE >
<KING-OF-WANDS-ONE >Tämä kortti osoittaa, että tulet tienaamaan rahaa tavallisista työtehtävistäsi mutta yrität saada parhaat diilit muista lähteistä. Markkinat tulevat olemaan hyvin vaativat ja jos sinulla on oma yritys, tulet kamppailemaan vähän saadaksesi uusia yhteyksiä ja projekteja. Työntekijät saattavat kohdata hyvin vahvoja kilpailijoita pian. </KING-OF-WANDS-ONE >
<THE-MAGICIAN-ONE >Tämä kortti merkitsee uusia alkuja elämässäsi liittyen työhön ja raha-asioihin. Voit olla varma, että tulevat rahalliset asiasi tulevat olemaan menestyneitä, sillä tuleva aika näyttää PROSPERITY ja menestystä mitä tulee liikeasioihin ja muihin kauppoihin. </THE-MAGICIAN-ONE >
<THE-HIGH-PRIESTESS-ONE >Tämä kortti osoittaa, että sinun on pidettävä asiat hallinnassa hetken. Odotat pakettia tai postia tai jonkun tulemista talouteesi liittyen. Tämä tulee kestämään odotettua kauemmin mutta lopulta saat nauttia pitkän odotuksen hyödyistä. </THE-HIGH-PRIESTESS-ONE >
<THE-EMPRESS-ONE >Tämä kortti osoittaa, että sinun on oltava järjestelmällisempi talouteesi liittyen ja oltava varovainen yrityskumppanille tai kollegalle kertomasi tiedon kanssa. Voit vapauttaa kireytesi, sillä luvattu summa on liikkeellä ja saapuu kohta luoksesi. </THE-EMPRESS-ONE >
<THE-EMPEROR-ONE >Tämä kortti osoittaa, että jos rahasi tai rahalliset asiakirjat ovat kiinni jossain, asiat ratkeavat kohta. Juhlimiseen tulee olemaan syy, koska saatat saada palkankorotuksen tai jonkin rahallisen lisän, joka saa sinut hemmottelemaan itseäsi vähän mutta sinun ei tarvitse tuntea oloasi syylliseksi. </THE-EMPEROR-ONE >
<THE-HIEROPHANT-ONE >Tämä kortti ehdottaa, että sinun on tasapainotettava tulosi ja menosi hieman ja sinun on tarkasteltava kulujasi. Sinulla tulee olemaan ongelmia rahansaannin kanssa velallisiltasi. Vaikka tulet olemaan huolissasi, asiat sujuvat hyvin taloudellisesti. </THE-HIEROPHANT-ONE >
<THE-LOVERS-ONE >Tämä kortti osoittaa, että rahanvirtaus tulee olemaan hyvä, sillä voit saada ylennyksen, bonuksia tai muita etuja. Tämä tulee auttamaan sinua taloudellisen vakauden kanssa ja sinun ei ole huolehdittava puutteista nyt. Tulet myös törsäämään, sillä kohta saat syyn juhlia. </THE-LOVERS-ONE >
<THE-CHARIOT-ONE >Alat stressata, sillä rahasi jäävät kiinni ihmisten ja muiden rahansiirtojen kanssa ja ne on vaikea hakea. Tämä voi johtaa laillisiin ongelmiin, joka tulee olemaan vielä turhauttavampaa. Asiat helpottavat kuitenkin vihdoin, koska kova työntekosi saa sinulle rahaa odottamattomista paikoista. </THE-CHARIOT-ONE >
<STRENGTH-ONE >Tämä kortti osoittaa, että tulet ajattelemaan käytännöllisemmin mitä tulee rahallisiin asioihin. Nyt on hyvä aika saada rahoja takaisin velallisilta, jotka piti maksaa aikaisemmin mutta viivästyi jostain syystä. Tulet nyt järjestelemään taloudelliset asiakirjasi, joka tulee auttamaan sinua suunnattomasti ongelman kanssa. </STRENGTH-ONE >
<THE-HERMIT-ONE >Tämä kortti näyttää, että tulossa on odottamattomat tulot tai bonukset. Tämä saa sinut järkyttyneeksi ja miellyttävän iloiseksi ja tämä voi myös johtaa hemmotteluun tai juhlaan ystävien ja perheen kanssa. Saatat myös suunnitella matkan läheistesi kanssa heti kuin raha saapuu velallisilta. </THE-HERMIT-ONE >
<WHEEL-OF-FORTUNE-ONE >Tämä kortti osoittaa, että sinulla on syytä huoleen, sillä huomaat, että yrityksesi ei tee tarpeeksi voittoja ja ennennäkemättömiä porsaanreikiä ilmaantuu. Läheisen ihmisen neuvot ja apu auttavat sinua nousemaan taloudellisista huolistasi. </WHEEL-OF-FORTUNE-ONE >
<JUSTICE-ONE >Tämä kortti osoittaa, että tämä tulee olemaan rankkaa aikaa taloudellisesti. Yrityksesi ei pärjää kovin hyvin tai muut tulolähteesi kuivuvat tavalla tai toisella. Kovia aikoja on ehkä kohdattava mutta voit olla varma, että asiat muuttuvat pian paremmaksi ainakin rahallisesti. </JUSTICE-ONE >
<THE-HANGED-MAN-ONE >Tämä kortti osoittaa, että sinun on kohdattava taloudellisia tuhoja, tosin hyvin pieniä, sillä joku saattoi huijata tai johtaa sinua harhaan oman etunsa vuoksi. Tulet kohta ymmärtämään tämän ja tekemään tarvittavat toimenpiteet saadaksesi mitä ansaitset. </THE-HANGED-MAN-ONE >
<DEATH-ONE >Tämä kortti osoittaa, että sinulla tulee olemaan kireää rahaan liittyen. Olet mahdollisesti kärsinyt kauheasta taloudellisesta takaiskusta äskettäin tai joku, jonka piti palauttaa suuri rahasumma, on paennut. Tämä tilanne tulee pitämään sinut valppaana ja varovaisena. </DEATH-ONE >
<TEMPERANCE-ONE >Tämä kortti osoittaa, että rahasi tulevat olemaan kääntyvällä kannalla nyt. Ne tulevat olemaan kuin vuoristorata-ajelu, jossa yhdessä kohtaa sinulla on rahaa ja toisessa ei. Tämä saattaa muuttua hieman kaoottiseksi alussa mutta yrityksesi saa sinulle tarpeeksi voittoja ollaksesi tyytyväinen. </TEMPERANCE-ONE >
<THE-DEVIL-ONE >Tämä kortti osoittaa, että sinun on kohdattava paljon taloudellisia ongelmia rahaan liittyen. Tämä voi tapahtua virheellisten valintojen, perheen terveysongelman tai laillisen asian takia. Tämä tulee jatkumaan vähän aikaa mutta asiat paranevat kohta. </THE-DEVIL-ONE >
<THE-TOWER-ONE >Tämä kortti osoittaa, että sinun on ehkä kohdattava taloudellisia takaiskuja odottamattomien kulujen takia. Yrityksesi ei ehkä tee vaadittua voittoa ja tämä tulee olemaan huolenaihe. On myös mahdollista, että menetät yhden suurimmista asiakkaistasi tai voittoisimman projektin. </THE-TOWER-ONE >
<THE-STAR-ONE >Tulet saamaan uusia projekteja ja liikemahdollisuuksia, jotka johtavat hyvään rahavirtaukseen. On myös mahdollista, että saat rahallista hyötyä, sillä tulevaisuus näyttää vaurauden kannalta hyvältä. On suositeltavaa, että et ammu yli juhliessasi, sillä et ehkä huomaa tuhlaamisesi menneen yli rajan. </THE-STAR-ONE >
<THE-MOON-ONE >Tämä kortti osoittaa, että tulet olemaan hieman tyytymätön taloudelliseen suuntaasi. Joku saattaa palauttaa sinulle velkansa mutta kieltäytyy koron maksamisesta. Sinua pidetään ehkä itsestään selvänä mutta tulet tietämään, miten saat haluamasi. </THE-MOON-ONE >
<THE-SUN-ONE >Tämä kortti näyttää, että kaikki seisahtuneet rahavirtaukset selviävät ja uudet tilaisuudet kolkuttavat. Jos olet juuttunut ongelmiin pankin tai lainan myöntämisen kanssa, ne selviävät luultavasti. Uudet tulolähteet saattavat myös avautua ja kohta hyviä taloudellisia uutisia on tulossa postissa. </THE-SUN-ONE >
<JUDGEMENT-ONE >Tämä kortti osoittaa, että tämä tulee olemaan hyvä ajanjakso taloudellisesti. Jos rahallisia tuomioita on matkalla, ne päätyvät luultavasti hyvin. Tulet saamaan rahaa osinkojen ja velkojen takaisinmaksun muodossa ja taloudellinen tilanteesi paranee kohta. </JUDGEMENT-ONE >
<THE-WORLD-ONE >Tämä kortti ehdottaa, että tulet saamaan rahaa odottamattomista lähteistä. Maksumääräys saattaa koputtaa oveesi kohta tai saatat nauttia kovan työsi eduista bonuksen muodossa. Raha virtaa sisään eri lähteistä pieninä summina. </THE-WORLD-ONE >
<THE-FOOL-ONE >Tämä kortti osoittaa, että jos raha on juuttunut johonkin, se saapuu luoksesi kohta. Tällä ajanjaksolla tulet yhdessä perheesi kanssa avaamaan uuden yrityksen tai tehdä valtavan sijoituksen. Tämä tulee olemaan elintärkeä päätös elämässäsi, joten on suositeltavaa, että mietit hyviä ja huonoja puolia ennen kuin otat seuraavan askeleen.</THE-FOOL-ONE >
</ROOT>
