<?xml version="1.0" encoding="utf-8" ?>
<ROOT>
<ACE-OF-CUPS-ONE >Mungkin terdapat ketegangan atau kejanggalan dengan saudara-mara anda dan hal ini menyebabkan iritasi. Anda akan menuju kehadapan untuk membuat hubungan yang baru dengan seseorang yang akan dapat hasilnya dan berpuas hati dengan apa yang anda dapat. </ACE-OF-CUPS-ONE >
<TWO-OF-CUPS-ONE >Kad ini mencadangkan bahawa anda perlu memenuhi beg anda untuk kerja atau sebab peribadi. Walaupun sesetengah percanggahan dengan orang tersayang, ianya dapat dipulihkan akhirnya. Anda akan bercerita dengan orang yang tidak rapat tetapi masih boleh dipercayai. </TWO-OF-CUPS-ONE >
<THREE-OF-CUPS-ONE >Mungkin terdapat penangguhan untuk beberapa aktiviti kerana komitmen professional atau isu peribadi yang membuatkan anda berasa sedikit marah. Perasaan ini akan membuatkan anda terasing namun anda sedar bahawa orang tersayang sentiasa bersama dengan anda. </THREE-OF-CUPS-ONE >
<FOUR-OF-CUPS-ONE >Kad ini menunjukkan bahawa tempeh yang sangat sibuk perlu ditangani dengan kesabaran. Inilah masa untuk uji orang tersayang anda dan anda akan sedar siapa yang mengambil berat tentang anda. Tidak disarankan untuk anda bersendirian tapi cuba untuk berkongsi masalah dan benarkan orang tersayang membantu anda. </FOUR-OF-CUPS-ONE >
<FIVE-OF-CUPS-ONE >Mungkin masa ini tidak menyenangkan kerana anda mungkin akan putus asa tentang sesuatu benda yang bukan dalam kawalan. Mungkin ini fasa yang sukar untuk anda dan orang tersayang dan mungkin bertukar menjadi pertelingkahan yang besar yang mungkin membawa kepada perkara yang tidak diingini. </FIVE-OF-CUPS-ONE >
<SIX-OF-CUPS-ONE >Mungkin ini adalah masa percutian yang sesuai untuk anda kerana ada kunjungan ke rumah rakan dan sauradar-mara. Mungkin juga terdapat komplikasi dalam hidup anda yang membawa kepada keputusan sebaliknya tetapi anda akan menanganinya dengan sempurna. </SIX-OF-CUPS-ONE >
<SEVEN-OF-CUPS-ONE >Mungkin terdapat percanggahan pendapat dalam keluarga anda dan mungkin menjadi lebih teruk. Anda akan cuba mendapatkan bantuan untuk menyelesaikan situasi secara aman. Anda akan buat dengan professional untuk mengimbangkan banyak benda dan uruskan kerja dengan adil. </SEVEN-OF-CUPS-ONE >
<EIGHT-OF-CUPS-ONE >Mungkin terdapat majlis reunion yang dirancang dengan orang tersayang tapi disebabkan ketidaktentuan, anda mungkin perlu menangguhkannya. Berjumpa dengan doktor mungkin diperlukan untuk orang tersayang. Berita yang menyenangkan dalam perjalanan. </EIGHT-OF-CUPS-ONE >
<NINE-OF-CUPS-ONE >Anda mungkin merancang untuk bercuti atau pergi jauh untuk seketika tapi mungkin menangguhkannya kerana sesuatu yang baik bakal muncul. Anda mungkin sedikit nostalgia dengan penyakit tertentu yang mengganggu orang tersayang tapi sisi yang cerah akan kelihatan dengan bantuan dari rakan. </NINE-OF-CUPS-ONE >
<TEN-OF-CUPS-ONE >Anda mungkin menghadapai situasi yang sukar dan perlu pergi jauh dari keluarga atau tempat kerja berfikir bahawa perkara tidak akan menjadi lebih teruk dari sekarang. Anda akan berhubung dengan bahagian emosi dan menghubungi keluarga dan rakan anda untuk merancang majlis perjumpaan. </TEN-OF-CUPS-ONE >
<PAGE-OF-CUPS-ONE >Kad ini menunjukkan anda akan cuba buat sesuatu mudah untuk diri anda dan perubahan bernasib baik dalam hidup akan membantu anda. Dicadangkan supaya anda tidak terlalu memaksa perkara berkaitan duit, sewa atau tanah kerana mungkin ia tidak menjadi seperti apa yang anda inginkan. Anda mungkin berjumpa dengan rakan lama atau orang yang anda suka dan mungkin membawa kepada suatu perjumpaan. </PAGE-OF-CUPS-ONE >
<KNIGHT-OF-CUPS-ONE >Anda mungkin berfikir tentang perubahan tempat tinggal tapi tidak memaksa lebih. Anda perlu berhati-hati kerana kemalangan kecil akan muncul berdekatan dengan rumah. Orang tersayang mungkin merancang percutian dan anda juga sukakannya. Anda sentiasa berhubung dengan rakan anda. </KNIGHT-OF-CUPS-ONE >
<QUEEN-OF-CUPS-ONE >Mungkin terdapat huru-hara di tempat anda kerana kanak-kanak atau kerja rumah atau tetamu. Mungkin terdapat masalah dengan keluarga dan anda perlu bertindak secara bertanggungjawab atau anda mungkin berada di situasi yang anda tidak mahu. Huru-hara ini akan membawa anda lebih dekat dengan rakan dan anda akan menemui ketenangan. </QUEEN-OF-CUPS-ONE >
<KING-OF-CUPS-ONE >Terdapat situasi yang baru hadir dalam hidup anda yang akan bertindak baik dan membawa kembali kebahagiaan. Anda akan mendapat panggilan yang tidak dijangka dari rakan dan menyebabkan mood anda berubah. Beberapa saudara-mara akan berbincang dengan anda dan anda sangat gembira untuk membantu mereka dan cuba memberi keselesaan sebanyak mungkin. </KING-OF-CUPS-ONE >
<ACE-OF-PENTACLES-ONE >Anda berada dalam tempoh yang agak baik dan ianya sedang dalam perjalanan. Anda juga mampu untuk membeli sesuatu yang anda tidak dapat beli sebelumnya. Hubungan anda dengan keluarga sangat gembira dan membawa kepada kegembiraan. Anda mungkin merancang untuk berjumpa dengan rakan lama atau mungkin mempunyai pelan yang dirancang secara spontan. </ACE-OF-PENTACLES-ONE >
<TWO-OF-PENTACLES-ONE >Anda akan lihat bahawa mengimbangkan situasi dirumah menjadi lebih sukar. Anda berada di fasa yang terganggu dan menjadi sukar untuk menumpukan perhatian kepada kehidupan peribadi anda. Gangguna ini boleh menjadi tekanan dari kerja. Anda berasa lebih baik selepas bersosial dan berjumpa dengan orang baru. </TWO-OF-PENTACLES-ONE >
<THREE-OF-PENTACLES-ONE >Kad ini menunjukkan anda sedang menjalankan beberapa hobi atau beberapa aktiviti yang lain dan orang tersayang atau orang yang tidak dijangka akan hadir dengan hadiah dan peluang yang lain. Mungkin terdapat kesukaran anda bersama keluarga yang perlu ditempuhi. </THREE-OF-PENTACLES-ONE >
<FOUR-OF-PENTACLES-ONE >Propek perniagaan, jualan atau beberapa peluang akan hadir di hadapan pintu anda. Perkara ini memerlukan dorongan dan sokongan dari orang tercinta. Anda akan membuat rancangan dengan rakan anda dan terdapat konfrontasi yang akan dibangkitkan tetapi anda boleh menguruskannya dengan betul. </FOUR-OF-PENTACLES-ONE >
<FIVE-OF-PENTACLES-ONE >Kad ini menunjukkan bahawa anda mungkin hadapi situasi yang membawa tekanan untuk mencuba mengimbangi kestabilan psikologi dan emosi tetapi memerlukan bimbingan dari ahli keluarga tertentu. Anda akan beremosi untuk rakan tetapi tidak mempunyai masa untuk hubungi mereka. </FIVE-OF-PENTACLES-ONE >
<SIX-OF-PENTACLES-ONE >Anda mungkin tidak akan rasa tenang dengan rakan atau rakan sekolej kerana beberapa isu. Anda telalu menekankan diri dengan kerja tanpa perlu berehat dan anda perku berehat sebelum ianya memakan diri anda. Ahli keluarga anda mungkin tidak berasa gembira dan ingin meluahkan perasaan untuk meluangkan masa bersama atau menziarah kubur. </SIX-OF-PENTACLES-ONE >
<SEVEN-OF-PENTACLES-ONE >Anda akan merasa bimbang dan resah kerana kewanga anda tersekat di suatu tempat tetapi terdapat aliran masuk wang dari sumber yang lain. Beberapa isu berkaitan kesihatan memaksa anda untuk berehat seketika. Anda dapat berjumpa dengan rakan dan menghabiskan masa dengan mereka. </SEVEN-OF-PENTACLES-ONE >
<EIGHT-OF-PENTACLES-ONE >Anda akan berasa keliru untuk mencari penyelesaian mengenai masalah rumah tangga anda. Keluarga anda mungkin tidak berkelakuan seperti yang anda jangkakan dan terdapat halangan dalam rancangan. Anda dapat menguruskan keseimbangan antara kehidupan peribadi dan professional dan menghabiskan masa dengan orang yang tersayang. </EIGHT-OF-PENTACLES-ONE >
<NINE-OF-PENTACLES-ONE >Kerja yang anda boleh buat di rumah atau membuat panggilan boleh memastikan anda sibuk untuk seketika. Keluarga dan rakan anda sentiasa berada di sisi dan mereka akan membimbing anda semasa mengambil keputusan yang penting. Anda akan terlibat dengan perbincangan berkaitan kerja yang akan membawa rakan dan rakan sekolej lebih rapat. </NINE-OF-PENTACLES-ONE >
<TEN-OF-PENTACLES-ONE >Kad ini menunjukkan anda menikmati perjumpaan social dan meluangkan masa dengan rakan dan keluarga. Anda akan lebih rapat dengan keluarga dan memerlukan panduan yang mereka suka berikan. Sudah tiba masanya anda berjumpa dengan orang baru dan mereka akan menjadi sebahagian dari hidup anda. </TEN-OF-PENTACLES-ONE >
<PAGE-OF-PENTACLES-ONE >Anda mungkin akan berasa tertekan dengan jadual anda yang sibuk dan cuba untuk merancang keluar dengan orang tersayang. Mungkin terdapat perkongsian yang anda nantikan namun ianya tidak menjadi seperti apa yang anda inginkan dan ianya membuatkan anda marah. Tapi anda memberikan usaha yang lebih untuk jadikan ia berfungsi. </PAGE-OF-PENTACLES-ONE >
<KNIGHT-OF-PENTACLES-ONE >Anda akan menjadi lebih bersemangat dan akhirnya membeli-belah atau keluar untuk perbelanjaan yang besar. Mungkin terdapat ketegangan antara anda dan salah seorang dari keluarga anda kerana anda terlalu menjauhkan diri dari mereka. Anda akan mendapat sokongan dari rakan-rakan dan jika terdapat sebarang perbezaan maka mereka dapat diselesaikan. </KNIGHT-OF-PENTACLES-ONE >
<QUEEN-OF-PENTACLES-ONE >Kad ini menunjukkan anda akan merancang masa hadapan mengekalkan kerjaya, rakan dan keluarga. Terdapat perkongsian idea bersama rakan anda sewaktu berbual. Anda berasa rapat dengan keluarga dan menghulurkan bantuan dalam menyelesaikan isu. </QUEEN-OF-PENTACLES-ONE >
<KING-OF-PENTACLES-ONE >Anda akan sibuk dalam aktiviti yang melibatkan banyak kertas kerja. Anda akan menghabiskan masa dengan rakan dan juga mendapat faedah. Anda akan berada dalam situasi yang membolehkan anda bercuti atau keluar bersama keluarga tetapi ianya perlu ditunggu. </KING-OF-PENTACLES-ONE >
<ACE-OF-SWORDS-ONE >Anda akan dapat kejutan yang tidak dijangka dan gembira dengannya. Terdapat banyak tekanan dan perkara yang tidak menyenangkan di rumah bersama dengan ahli keluarga dan anda akan merasa disisihkan. Anda akan cuba untuk bercerita dengan rakan dan cuba mendapatkan nasihat. </ACE-OF-SWORDS-ONE >
<TWO-OF-SWORDS-ONE >Terdapat tanda-tanda untuk anda meninggalkan orang tersayang kerana pelbagai sebab. Anda akan hadapi beberapa masalah kewangan dan jika ada nasib, seseorang akan menolong. Hanya perlu bersabar dan semua pertelingkahan akan terlerai dalam masa terdekat. </TWO-OF-SWORDS-ONE >
<THREE-OF-SWORDS-ONE >Seperti yang selalu berlaku dalam keluarga, anda juga mungkin kecewa kerana tekanan untuk memenuhi harapan yang tinggi. Anda mungkin berasa tidak senang kerana beberapa kesalahan dan anda cuba untuk meyakinkan diri untuk menyelesaikannya dan kembali seperti biasa. </THREE-OF-SWORDS-ONE >
<FOUR-OF-SWORDS-ONE >Anda mungkin perlu melalui beberapa kertas kerja dan hal ini mungkin menjadi pengalaman yang tidak menyenangkan. Anda mungkin rasa tidak bermaya dalam beberapa situasi kerana anda melihat orang tersayang mengharungi fasa yang sukar. Ianya mungkin bukan masa yang sesuai untuk meluangkan masa dengan rakan kerana anda mungkin akan kecewa. </FOUR-OF-SWORDS-ONE >
<FIVE-OF-SWORDS-ONE >Selepas rawatan yang panjang, akhirnya anda tidak memerlukan doktor dan beransur pulih Keluarga anda akan berasa nostalgia dan sentiasa berada di sisi anda. Anda akan memikul tanggungjawab tertentu dan hal ini menyebabkan kekecewaan. Anda juga akan mula membeli-belah terutama bagi keperluan rumah. </FIVE-OF-SWORDS-ONE >
<SIX-OF-SWORDS-ONE >Kad ini menunjukkan anda mungkin perlu hadapi beberapa masalah dan kesulitan semasa berurusan dengan isu-isu rumah. Anda akan merasa hubungan yang kuat dengan keluarga dan cuba untuk sentiasa bersama dengan keluarga dan rakan. Anda juga cuba untuk membimbing orang tersayang. </SIX-OF-SWORDS-ONE >
<SEVEN-OF-SWORDS-ONE >Pertemuan secara tiba-tiba dengan rakan lama menunjukkan mungkin ianya menguntungkan. Mungkin ada beberapa perkara kecil yang menambah masalah anda dan menjadikan anda tidak berasa senang. Anda mungkin terdapat percanggahan dengan keluarga namun anda cuba mengekalkan ikatan. </SEVEN-OF-SWORDS-ONE >
<EIGHT-OF-SWORDS-ONE >Mungkin terdapat beberapa masalah mengenai rakan-rakan tertentu dan anda mungkin perlu buat keputusan yang tegas. Mungkin juga terdapat fasa romantic dengan orang yang tersayang. Anda akan menikmati masa dengan keluarga dan akan bertambah gembira dengannya. </EIGHT-OF-SWORDS-ONE >
<NINE-OF-SWORDS-ONE >Kad ini menunjukkan bahawa anda berasa tidak bermaya kerana seseorang. Mungkin terdapat saudara-mara yang mempunyai masalah kewangan dan anda ingin bantu mereka. Hal ini akan menambah reputasi anda di kalangan saudara-mara. Anda mungkin juga perlu jauhi seseorang atau sesuatu yang membuatkan anda bertambah emosi. </NINE-OF-SWORDS-ONE >
<TEN-OF-SWORDS-ONE >Anda akan menyertai program yang akan membantu anda menjadi orang berguna dan meningkatkan tumpuan anda. Anda mungkin terasa terabai dan tidak selamat dan akan cuba menerimanya. Orang yang anda sayang menyakitkan hati anda dan ia meninggalkan dilema dalam diri anda. </TEN-OF-SWORDS-ONE >
<PAGE-OF-SWORDS-ONE >Mungkin terdapat berita yang tidak menyenangkan menyebabkan mood anda rosak. Anda mungkin merancang untuk melawat saudara-mara ke tempat yang jauh atau sebaliknya. Anda sentiasa cuba untuk membina dan membangunkan kehidupan romantik dan hal ini membuatkan pasangan atau rakan menghargai anda. </PAGE-OF-SWORDS-ONE >
<KNIGHT-OF-SWORDS-ONE >Kad ini menunjukkan anda berada di pihak yang ramai dan dilihat di banyak tempat dengan semangat yang tinggi. Mungkin terdapat konfrontasi dalam keluarga dan anda bersedia untuk mendengar dan menjadikan sesuatu itu lebih baik. Hal ini juga memerlukan bimbingan dari orang tersayang. </KNIGHT-OF-SWORDS-ONE >
<QUEEN-OF-SWORDS-ONE >Kad ini menunjukkan fasa ini amat sukar untuk anda. Mungkin terdapat berita buruk datang dari pelbagai arah termasuk rakan dan keluarga anda. Ianya mungkin sukar untuk anda mengharunginya namun orang tersayang akan cuba sebaik mungkin untuk memberi keselesaan kepada anda. </QUEEN-OF-SWORDS-ONE >
<KING-OF-SWORDS-ONE >Mungkin terdapat konflik dengan keluarga mengenai cara hidup anda dan ini menyedihkan. Anda mungkin perlu memikirkan untuk pergi ke asrama ata apartmen baru. Masalah akan kejar anda dan anda mungkin menjadi sebahagian dari skandal jika anda tidak berhati-hati. </KING-OF-SWORDS-ONE >
<ACE-OF-WANDS-ONE >Anda akan mengalami masalah secara professional dan selaras dengan keluarga anda, anda akan membuat keputusan untuk berhenti kerja dan mulakan sesuatu dengan sendiri. Mungkin terdapat kelewatan tertentu kerana kertas kerja dan anda perlu membatalkan mesyuarat atau perjumpaan tertentu. </ACE-OF-WANDS-ONE >
<TWO-OF-WANDS-ONE >Kad ini menunjukkan bahawa anda akan menyelesaikan masalah dengan salah seorang dari keluarga anda dan cuba menjadikan ia normal kembali. Berita tergempar dalam perjalanan dan maklumat ini membantu anda pada masa hadapan. Anda bersedia membantu rakan tetapi perhatian bukan menjadi kepentingan. </TWO-OF-WANDS-ONE >
<THREE-OF-WANDS-ONE >Orang-orang tua dalam keluarga akan memberikan nasihat kepada anda tentang kertas-kertas kerja dan kewangan. Anda akan berehat dari lakukan segalanya dan buat apa yang anda suka dan ianya adalah langkah yang berani. Anda akan mencari sokongan dari rakan dan akan cuba mencapai impian melibatkan orang yang tersayang. </THREE-OF-WANDS-ONE >
<FOUR-OF-WANDS-ONE >Anda perlu hadapai beberapa tekanan dan kekecewaan kerana pergaduhan dan konfrontasi keluarga. Tetapi anda dan orang tersayang akan menyelesaikan isu dan kekalkan keamanan. Mungkin terdapat seseorang yang akan cuba lakukan perkara buruk dan membuatlan anda membuat sesuatu yang buruk, jadi anda perlu sentiasa berhati-hati. </FOUR-OF-WANDS-ONE >
<FIVE-OF-WANDS-ONE >Anda akan merasa jengkel dan marah kerana sesuatu yang tidak dapat dikawal yang telah dibangkitkan oleh orang luar. Mungkin terdapat orang yang cuba merosakkan keluarga atau harta benda anda dan anda perlu berhati-hati. Rakan dan keluarga anda perlu lalui proses pembersihan hati. </FIVE-OF-WANDS-ONE >
<SIX-OF-WANDS-ONE >Kad ini menunjukkan walaupun anda tidak berasa gembira dalam usaha peribadi anda, anda akan cuba menyaingi rakan atau keluarga dan merancang perjalanan yang menyeronokkan dengan mereka. Anda mungkin perlu menangani isu kewangan yang saudara-mara lalui. </SIX-OF-WANDS-ONE >
<SEVEN-OF-WANDS-ONE >Anda perlu harungi jadual kerja anda yang banyak dengan masa keluarga dan hal ini membuatkan kehidupan peribadi anda sukar jika anda tidak menstabilkannya. Anda akan menghubungi rakan lama dan ianya menjadi pertemuan yang menyenangkan. </SEVEN-OF-WANDS-ONE >
<EIGHT-OF-WANDS-ONE >Kad ini menunjukkan bahawa anda perlu berusaha antara kerja anda dan rumah dan susah mencari masa dengan keluarga. Terdapat juga perayaan pada kad kerana berita baik dalam keluarga. Anda perlu menghadapi rakan anda dengan berhati-hati kerana mungkin terdapat salah faham. </EIGHT-OF-WANDS-ONE >
<NINE-OF-WANDS-ONE >Anda akan cuba menolong saudara-mara dengan beberapa perkara dan berkaitan kertas kerja. Beberapa isu dapat diselesaikan dengan rakan lama dan pertemuan dibuat. Anda sedang menunggu berita dari orang tersayang dan ianya membuatkan anda tidak bermaya. </NINE-OF-WANDS-ONE >
<TEN-OF-WANDS-ONE >Terdapat banyak beban dari kerja dan anda cuba untuk memenuhi komitmen. Anda bukan sahaja ada kerja rasmi tetap isu peribadi yang perlu dijaga. Mungkin terdapat masalah antara anda dan rakan atau orang tersayan dan anda tidak tahu bagaimana ingin membetulkannya. Hal ini mungkin tidak baik untuk anda dan rakan anda. </TEN-OF-WANDS-ONE >
<PAGE-OF-WANDS-ONE >Anda akan melalui fasa yang sukar dan akan mengasingkan diri anda untuk seketika dan ianya membuatkan rakan dan keluarga anda risau. Anda cuba untuk menyusun semula kehidupan anda dengan mngambil beberapa keputudan dan memerlukan sokongan dari rakan untuk lakukannya. </PAGE-OF-WANDS-ONE >
<KNIGHT-OF-WANDS-ONE >Perjalanan pendek membolehkan anda untuk pulih semula dan anda akan menganggap hubungan yang lebih dengan pasangan anda. Sesuatu perkara tidak akan berjalan seperti yang dirancang dengan ahli keluarga anda kerana keadaan yang luar biasa dan anda perlu buang masa untuk rakan yang memberi dorongan dan sokongan kepada anda. </KNIGHT-OF-WANDS-ONE >
<QUEEN-OF-WANDS-ONE >Anda akan berada dalam mod bersemangat dan ingin melaksanakan peraturan diri dan berdisiplin. Terdapat peluang untuk anda membuat hubungan baru atau lama dan ianya akan dipulihkan dan dikuatkan. </QUEEN-OF-WANDS-ONE >
<KING-OF-WANDS-ONE >Kad ini menunjukkan anda perlu menangani situasi melibatkan penyakit. Mungkin terdapat usaha yang memerlukan anda pergi ke tempat yang lain. Anda akan berasa lega dari perasaan terasing dan ianya akan menjadi bertambah baik. </KING-OF-WANDS-ONE >
<THE-MAGICIAN-ONE >Fokus anda terletak pada permulaan yang baru dan dinasihatkan supaya anda tidak kejar sesuatu yang mempunyai peluang yang sedikit. Anda akan mendapat pertolongan yang berharga dan relevan dari rakan anda. Beberapa pelan akan dibuat bersama dengan saudara-mara atau mungkin terdapat perubahan pelan dengan orang tersayang. </THE-MAGICIAN-ONE >
<THE-HIGH-PRIESTESS-ONE >Kad ini menunjukkan terdapat kejutan dalam kedai untuk anda dan anda akan teruja untuk dapatkannya. Anda tidak akan terikat dengan ahli keluarga anda kerana tekanan dan persamaan anda dengan rakan boleh ditingkatkan. </THE-HIGH-PRIESTESS-ONE >
<THE-EMPRESS-ONE >Anda akan berasa sedikit terganggu kerana beberapa perbincangan dengan keluarga dan perlukan ketenangan dalam minda. Anda juga rasa untuk pergi jauh buat seketika. Anda akan berasa berasalah dengan perkara yang anda buat terhadap rakan dan masanya sudah tiba untuk hadapi ketakutan dan membuat pengakuan. </THE-EMPRESS-ONE >
<THE-EMPEROR-ONE >Jika anda merancang untuk berjumpa dengan saudara-mara atau oran tersayang, lawatan tersebut akan berjaya tapi perjalanan tidak akan berjalan lancar. Inilah masanya anda dikelilingi oleh ramai rakan yang akan menjadi penyokong anda dan juga memberi inspirasi kepada anda ke tahap tertentu kerana anda tertekan sekaran. </THE-EMPEROR-ONE >
<THE-HIEROPHANT-ONE >Kad ini menunjukkan anda inginkan atmosfera di rumah lebih ceria dan terdapat berita yang baik dalam perjalanan. Anda mempunyai masa yang sukar berurusan dengan rakan tapi bercakap antara satu sama lain menenangkan keadaan dan anda akan faham dan akhirnya situasi dapat diselesaikan. </THE-HIEROPHANT-ONE >
<THE-LOVERS-ONE >Anda kini menyedari bahawa bukan semua rakan anda dan ada yang akan mengkhianati and ajika anda tidak buat sesuatu dengannya. Anda mempunyai hubungan yang baik dengan keluarga dan mungkin merancang untuk bersama kerana sambutan kecil atau beberapa berita baik. Ada saudara-mara yang mungkin meluahkan rasa marah, jadi anda perlu berhati-hati. </THE-LOVERS-ONE >
<THE-CHARIOT-ONE >Anda akan bertemu dengan rakan lama anda dan ianya merupakan perubahan yang bagus dalam dunia anda yang tertekan. Anda mungkin ingin menolong saudara-mara yang mempunyai masalah dan dia tidak akan dengan apa sahaja menyebabkan anda berasa bersalah dan tidak berdaya. Anda memerlukan dorongan yang kuat untuk menuntut hubungan anda dengan keluarga. </THE-CHARIOT-ONE >
<STRENGTH-ONE >Kad ini menunjukkan anda mempunyai masa yang meriah denga rakan anda dan mungkin bangkit sesuatu dengan rakan anda dari berlainan jantina. Anda mempunyai masa yang sukar dengan keluarga kerana masalah kewangan. Terdapat masalah besar atau perkara buruk jika diluar kawalan. </STRENGTH-ONE >
<THE-HERMIT-ONE >Terdapat peluang untuk anda bercakap dengan ahli keluarga atau rakan setelah sekian lama. Jika anda menghadapi beberapa perbezaan dengan orang tersayang, ianya dapat diselesaikan. Anda akan dapat dorongan tentang kerja atau berkaitan kewangan dari orang tersayang dan ianya terbukti amat berguna. </THE-HERMIT-ONE >
<WHEEL-OF-FORTUNE-ONE >Kad ini menunjukkan salah seorang ahli keluarga anda menyebabkan kekecewaan dan anda ingin jauhkan diri dari orang tersebut. Beberapa lawatan berjumpa dengan doktor perlu dibuat kerana sakit yang menyebabkan banyak tekanan. </WHEEL-OF-FORTUNE-ONE >
<JUSTICE-ONE >Anda akan mengetahui bahawa ahli keluarga atau saudara-mara anda sedang menghadapi masalah yang terkesan pada anda dan keputusan anda. Ianya tidak akan berjalan lancar seperti yang anda inginkan kerana terdapat beberapa komplikasi dengan keluarga dan rakan tetapi fasa ini akan lepas. </JUSTICE-ONE >
<THE-HANGED-MAN-ONE >Keluarga dan rakan anda akan menyokong anda dalam usaha baru yang anda sedang tuju dan orang tersayang akan memberi dorongan kepada anda. Mungkin terdapat perbalahan tetapi hanya disebabakan perubahan dari segi perspektif dan ia dapat diselesaikan dengan mudah. Anda perlu meletakkan usaha dalam mengekalkan hubungan yang lama. </THE-HANGED-MAN-ONE >
<DEATH-ONE >Kad ini menunjukkan ianya masa yang menggembirakan untun anda dan keluarga anda dan anda mungkin belajar beberapa kerja rumah kerana beberapa sebab. Mungkin terdapat perubahan atau detik-detik yang janggal antara anda dan rakan anda kerana keadaan yang luar biasa tapi akhirnya anda akan baikinya seperti sedia kala. </DEATH-ONE >
<TEMPERANCE-ONE >Anda perasan bahawa rakan dan keluarga anda memberikan sokongan dan memberikan anda nasihat yang baik bergantung kepada kehidupan peribadi anda. Terdapat gelombang emosi antara anda dan orang tersayang. Anda perlu bersabar dan berhadapan dengan situasi yang mungkin membuatkan anda nampak teruk. </TEMPERANCE-ONE >
<THE-DEVIL-ONE >Kad ini menunjukkan anda mempunyai emosi yang tinggi dan mendapati ianya sukar untuk anda buat apa yang diingini tapi akan cuba mengimbangi situasi untuk masa tertentu. Mungkin terdapat konflik dalam otak anda kerana anda dipenuhi banyak benda dalam suatu masa. </THE-DEVIL-ONE >
<THE-TOWER-ONE >Tidak ada masa yang menyenangkan kerana anda sedang hadapi masalah kewangan dan peribadi. Ianya mungkin menyebabkan anda cepat putus asa namun orang tersayang akan bantu anda menanganinya. Anda akan bernasib baik atau tidak bernasib baik dalam waktu yang sama kerana keadaan yang sedang anda hadapi. </THE-TOWER-ONE >
<THE-STAR-ONE >Anda akan perasan bahawa beberapa saudara-mara anda mungkin mempunyai masalah berkaitan kertas kerja dan anda akan bantu mereka. Anda mungkin akan dengan sedikit berita baik dari seseorang yang akan memberikan anda semangat dan perasaan serta membuat anda selesa dan lega. </THE-STAR-ONE >
<THE-MOON-ONE >Mungkin terdapat situasi yang membuatkan anda terdedah, keliru dan tidak menentu. Anda mungkin akan fikir secara emosi tentan rakan atau orang tersayang dan membuatkan anda berfikir dengan banyak tentang apa yang perlu dibuat dan apa yang tidak perlu dibuat. Rancangan anda untuk bersama dengan rakan atau saudara-mara membuktikan sangat mengecewakan. </THE-MOON-ONE >
<THE-SUN-ONE >Anda akan cuba untuk menyelesaikan sesuatu untuk membuatkan hidup anda menjadi seimbang. Anda akan bercakap dengan saudara-mara tetapi akan merasa mereka tidak menyokong anda. Anda akan berfikir untuk mencampurkan perniagaan dengan keinginan atau cuba membuat ikatan persahabatan di tempat kerja anda dan ianya bukan idea yang bagus. </THE-SUN-ONE >
<JUDGEMENT-ONE >Kad ini menunjukkan anda perlu membuat keputusan yang sangat penting dan ianya melibatkan rakan lama ata orang tersayang. Beberapa berita baik munkin muncul melalui rakan atau saudara-mara anda. Hubungan anda dengan rakan dan saudara-mara bertambah kuat. </JUDGEMENT-ONE >
<THE-WORLD-ONE >Terdapat banyak tekanan terkumpul dalam kepala anda dan mungkin mencapai titik tertinggi sebelum meletup. Sudah masanya untuk pergi bercuti atau pergi ke tempat jauh untuk seketika. Anda akan mencari rakan anda untuk sokongan dan mereka dengan rela menerimanya dan menenangkan anda. </THE-WORLD-ONE >
<THE-FOOL-ONE >Anda akan berada dalam kedudkan untuk membantu salah seorang dari saudara-mara anda tapi mereka mungkin hilang peluang ini kerana tindakan melulu mereka. Orang yang dekat dengan anda akan sedar bahawa anda terdedah dan seseorang sedang mengambil kesempatan pada anda yang membuatkan ianya menjadi buruk dalam jangka masa panjang.</THE-FOOL-ONE >
</ROOT>
