<ROOT>
<ACE-OF-CUPS-ONE >Ta karta wskazuje, ¿e bêdziesz podejmowaæ pewne œmia³e kroki, aby wejœæ w nowe przedsiêwziêcie, nie napinaj¹c siê ani nie martwi¹c o zwi¹zane z tym ryzyko, a ostatecznie ten projekt pomo¿e ci zadbaæ o twoje potrzeby. Jest to dobry czas, aby podj¹æ ryzyko, jak mo¿na uzyskaæ korzyœci finansowe. </ACE-OF-CUPS-ONE >
<TWO-OF-CUPS-ONE >Wszelkie spory finansowe lub umowy finansowe bêd¹ uzgadniane i rozstrzygane, a to sprawi, ¿e zostaniesz zwolniony. Twoje zyski w biznesie mog¹ wzrosn¹æ lub wkrótce mo¿esz otrzymaæ podwy¿kê wynagrodzenia. </TWO-OF-CUPS-ONE >
<THREE-OF-CUPS-ONE >Ta karta wskazuje, ¿e teraz bêdziesz mia³ stabilne Ÿród³o dochodów i bêdziesz mia³ sprawiedliwy udzia³ w dochodach i wydatkach. Bêdzie dobry nap³yw pieniêdzy z ró¿nych ma³ych Ÿróde³ i bêdziesz czuæ siê dobrze. </THREE-OF-CUPS-ONE >
<FOUR-OF-CUPS-ONE >Ta karta pokazuje, ¿e jeœli wyst¹pi¹ jakiekolwiek nieprawid³owoœci finansowe lub jakakolwiek sytuacja finansowa, bêdziesz w stanie poradziæ sobie z ni¹ taktownie. Bêdziesz bardzo szybko przemyœlany i zdolny w uzyskaniu pracy wykonanej zw³aszcza w gromadzeniu pieniêdzy lub w rozstrzyganiu wszelkich kwestii prawnych zwi¹zanych z pieniêdzmi. </FOUR-OF-CUPS-ONE >
<FIVE-OF-CUPS-ONE >Ta karta wskazuje, ¿e teraz bêdziesz musia³ zwróciæ uwagê na swoje finanse, a Twój status monetarny bêdzie teraz trochê niestabilny. Bêdziesz musia³ zrobiæ ka¿dy krok w kierunku swoich wydatków ostro¿nie i tylko praktyczne i stanowcze podejœcie pomo¿e Ci przebrn¹æ przez tê sytuacjê. </FIVE-OF-CUPS-ONE >
<SIX-OF-CUPS-ONE >Ta karta sugeruje, ¿e nie musisz siê teraz martwiæ o swoje finanse. Twoje wydatki i dochody bêd¹ w szachu, a pieni¹dze bêd¹ p³yn¹æ z ró¿nych kierunków. Poczujesz siê zadowolony ze swoich zarobków i mo¿e pojawiæ siê nag³y jackpot, w który mo¿esz trafiæ i który sprawi, ¿e bêdziesz mile zaskoczony. </SIX-OF-CUPS-ONE >
<SEVEN-OF-CUPS-ONE >Ta karta wskazuje, ¿e bêdzie jakiœ ma³y kryzys zwi¹zany z pana wydatkami, ale pan go rozwi¹¿e. Nie bêdzie siê o co martwiæ, poniewa¿ wkrótce wszystko zostanie naprawione, a tak¿e istnieje mo¿liwoœæ, ¿e osi¹gniecie pewne ma³e zyski z ró¿nych Ÿróde³. </SEVEN-OF-CUPS-ONE >
<EIGHT-OF-CUPS-ONE >Ta karta pokazuje, ¿e bêdziesz musia³ obserwowaæ swoje wydatki, jak mo¿esz w sytuacji, w której wydatki bêd¹ ros³y, nawet jeœli spróbujesz je ograniczyæ. Bêdziesz czu³, ¿e twoje zarobki nie wystarcz¹, aby zadbaæ o twoje wydatki, co mo¿e równie¿ pozostawiæ ciê trochê rozczarowanym i niezadowolonym. </EIGHT-OF-CUPS-ONE >
<NINE-OF-CUPS-ONE >Ta karta wskazuje, ¿e bêdziesz musia³ zmierzyæ siê z odrobin¹ niezadowolenia w zakresie zysków pieniê¿nych. Ale dobrze rozwi¹¿esz sytuacjê i wszystko zostanie rozwi¹zane. </NINE-OF-CUPS-ONE >
<TEN-OF-CUPS-ONE >Ta karta pokazuje, że będziesz chciał pozwolić sobie luźne i spędzić trochę więcej niż zwykle i będzie oddawać się trochę relaksu. Może również skończyć się kupowanie prezentów dla bliskich i wydatków nie przeszkadza Ci dużo, jak Twoje zarobki poprawi i pozwoli Ci pobłażać trochę z rodziną i przyjaciółmi. </TEN-OF-CUPS-ONE >
<PAGE-OF-CUPS-ONE >Można oczekiwać, że promocja lub pewnego rodzaju oceny i to może się zdarzyć wkrótce. Nie będzie również więcej możliwości pukanie do drzwi wkrótce, więc nie będzie wiele powodów do zmartwień. </PAGE-OF-CUPS-ONE >
<KNIGHT-OF-CUPS-ONE >Ta karta pokazuje, ¿e masz szczêœcie w kroku, jeœli chodzi o kondycjê finansow¹. Otrzymasz przyjemne niespodzianki pieniê¿ne, takie jak wzrost pensji, zwiêkszone zyski lub ogromne iloœci pieniêdzy z nieoczekiwanego Ÿród³a. Jeœli Twoje pieni¹dze utknê³y gdziekolwiek, wróc¹ do Ciebie. </KNIGHT-OF-CUPS-ONE >
<QUEEN-OF-CUPS-ONE >Ta karta wskazuje, ¿e wkrótce nie bêdziesz czu³ siê zagro¿ony finansowo w ¿adnym momencie. Bêdzie mnóstwo osób gotowych do pomocy w przypadku kryzysu finansowego lub jeœli szukasz wskazówek dotycz¹cych inwestycji, otrzymasz j¹ od w³aœciwych osób. Nie bêdziesz mia³ zbyt wielu problemów z otrzymaniem prowizji lub pieniêdzy z innego Ÿród³a. </QUEEN-OF-CUPS-ONE >
<KING-OF-CUPS-ONE >Ta karta wskazuje, ¿e bêdziesz mia³ Ÿród³o przychodz¹cych pieniêdzy z pracy lub nowego przedsiêwziêcia. Jeœli dokonujesz nowych transakcji lub podpisujesz nowe umowy, musisz byæ ostro¿ny w odniesieniu do dokumentacji i wszystkich warunków, poniewa¿ mog¹ istnieæ pewne elementy, które mog¹ obserwowaæ twoje ruchy. </KING-OF-CUPS-ONE >
<ACE-OF-PENTACLES-ONE >Ta karta wskazuje, ¿e bêdziesz siê modliæ o ró¿ne Ÿród³a pieniêdzy i tym razem bêdzie to dla Ciebie korzystne i otrzymasz nowe Ÿród³a dochodu. Bêdziesz myœla³ o d³ugoterminowych celach finansowych i bêd¹ pewne plany lub przedsiêwziêcia, które mog¹ przyjœæ ci na myœl. </ACE-OF-PENTACLES-ONE >
<TWO-OF-PENTACLES-ONE >Ta karta pokazuje, ¿e bêdziesz w procesie planowania finansowego w biznesie i w ¿yciu osobistym, a tak¿e otrzymasz zgodê zainteresowanych osób. Jeœli istnieje szansa, ¿e planujesz now¹ inwestycjê, to bêdzie to wi¹za³o siê z wieloma wydatkami. Bêdziesz musia³ kontrolowaæ swoje wydatki. </TWO-OF-PENTACLES-ONE >
<THREE-OF-PENTACLES-ONE >Ta karta wskazuje, ¿e pieni¹dze przyjd¹ do Ciebie z nieoczekiwanych Ÿróde³ i bêdziesz mia³ wsparcie swojej rodziny i kolegów. Bêdziesz równie¿ próbowa³ znaleŸæ Ÿród³o dodatkowego dochodu i mo¿e otworzyæ projekt lub dzia³alnoœæ w tym zadaniu lub rozpocz¹æ nowy projekt. </THREE-OF-PENTACLES-ONE >
<FOUR-OF-PENTACLES-ONE >Ta karta pokazuje, ¿e bêdzie wiele czynnoœci zwi¹zanych z przelewami pieniê¿nymi. Bêdziesz musia³ przejœæ przez wiele formalnoœci, które mog¹ obejmowaæ pewne formalnoœci prawne, aby uzyskaæ pewne zwroty pieniê¿ne. Znajdziesz stabilnoœæ w finansach i bêdziesz mia³ wystarczaj¹co du¿o, aby zadbaæ o swoje regularne wydatki. </FOUR-OF-PENTACLES-ONE >
<FIVE-OF-PENTACLES-ONE >Ta karta wskazuje, ¿e mo¿esz wydawaæ na samodoskonalenie i rozpieszczanie siê. Twoje finanse bêd¹ na swoim miejscu, poniewa¿ bêdziesz w stanie pokryæ wszystkie swoje wydatki, a szczêœcie mo¿e byæ po Twojej stronie, poniewa¿ pomimo zbyt wielu problemów i przeszkód mo¿esz siê rozwijaæ. </FIVE-OF-PENTACLES-ONE >
<SIX-OF-PENTACLES-ONE >Ta karta wskazuje, ¿e czasy bêd¹ dla Ciebie trochê ciê¿kie, poniewa¿ mo¿esz mieæ problemy. Twoi przyjaciele mog¹ uznaæ Ciê za pewnika i nie zwróciæ Ci pieniêdzy lub mo¿esz nie otrzymaæ czynszu na czas. Mo¿e to prowadziæ do pogorszenia stanu zdrowia i zaburzeñ psychicznych, a tak¿e wskazaæ na pewne konflikty. Sugeruje siê, abyœ zachowa³ spokój w takiej sytuacji. </SIX-OF-PENTACLES-ONE >
<SEVEN-OF-PENTACLES-ONE >Ta karta pokazuje, ¿e na pocz¹tku sprawy mog¹ wydawaæ siê bardzo ponure w odniesieniu do finansów, a sprawy mog¹ wydawaæ siê niejasne i niejasne. Ale wkrótce pojawi siê jakiœ zysk finansowy dziêki przedsiêwziêciom biznesowym lub osobistym z pomoc¹ i wskazówkami kogoœ bliskiego, co da Ci now¹ nadziejê. </SEVEN-OF-PENTACLES-ONE >
<EIGHT-OF-PENTACLES-ONE >Ta karta pokazuje, ¿e przez jakiœ czas bêdziesz mia³ szczêœcie w aspektach monetarnych i nie bêdzie napiêæ dotycz¹cych pieniêdzy. Pojawi¹ siê pewne zyski pieniê¿ne lub w koñcu kupisz to, czego chcia³eœ. Kluczem do szczêœliwego ¿ycia jest bycie zadowolonym z tego, co dostajesz i bêdzie to dla ciebie prawd¹ przez jakiœ czas. </EIGHT-OF-PENTACLES-ONE >
<NINE-OF-PENTACLES-ONE >Ta karta wskazuje, ¿e bêdziesz mia³ du¿o szczêœcia z tob¹ teraz i rzeczy wydaj¹ siê p³yn¹æ w dobrym kierunku, nawet w kategoriach pieniê¿nych. Jeœli mia³eœ jakieœ problemy finansowe, to zostan¹ one rozwi¹zane i wkrótce nadejd¹ dobre wieœci. </NINE-OF-PENTACLES-ONE >
<TEN-OF-PENTACLES-ONE >Ta karta pokazuje, ¿e bêdzie istnia³a w³aœciwa równowaga pomiêdzy zarobkami i wydatkami i bêdziesz musia³ sortowaæ ró¿ne rachunki domowe, które poch³on¹ wiêkszoœæ twoich pieniêdzy. Jeœli by³ jakiœ zakup, który czeka³eœ na wykonanie lub jakaœ wa¿na decyzja dotycz¹ca pieniêdzy, to zostanie ona podjêta. </TEN-OF-PENTACLES-ONE >
<PAGE-OF-PENTACLES-ONE >Ta karta wskazuje, ¿e Twoje finanse bêd¹ teraz dobrze zbilansowane, ale bêd¹ chwile, kiedy mo¿esz czuæ siê niewystarczaj¹co. Mo¿e to pogorszyæ Twoj¹ sytuacjê i doprowadziæ do silnych reakcji. Musisz siê trochê uspokoiæ, poniewa¿ ta karta sugeruje, ¿e dobre czasy s¹ tu¿ przed Tob¹. </PAGE-OF-PENTACLES-ONE >
<KNIGHT-OF-PENTACLES-ONE >Ta karta sugeruje, ¿e nie bêdzie wiele problemów z kondycj¹ finansow¹. Chocia¿ mog¹ istnieæ strony, które nie bêd¹ chcia³y zwróciæ pieniêdzy i mo¿e to stanowiæ problem. Byæ mo¿e nie jesteœ ju¿ pewny siebie, ale wkrótce nadejdzie dla Ciebie dobra passa. </KNIGHT-OF-PENTACLES-ONE >
<QUEEN-OF-PENTACLES-ONE >Ta karta pokazuje, ¿e jeœli Twoje pieni¹dze zosta³y zatrzymane przez kogoœ lub gdzieœ zagubione, najprawdopodobniej zostan¹ one usuniête i wszystko zostanie rozwi¹zane. Otrzymasz swoje pieni¹dze z powrotem i mo¿esz równie¿ spodziewaæ siê niewielkich zysków pieniê¿nych lub wzrostu dochodów. </QUEEN-OF-PENTACLES-ONE >
<KING-OF-PENTACLES-ONE >Ta karta wskazuje, ¿e nie bêdzie prawie ¿adnych problemów zwi¹zanych z Twoimi finansami. Nadejdzie kilka korzystnych mo¿liwoœci, ale trzeba bêdzie siê z nimi ostro¿nie identyfikowaæ. Sugeruje siê, abyœ przeprowadza³ swoje transakcje w swoim domu lub miejscu w pobli¿u, poniewa¿ mo¿e to okazaæ siê dla Ciebie szczêœliwe. </KING-OF-PENTACLES-ONE >
<ACE-OF-SWORDS-ONE >Ta karta wskazuje, ¿e sprawy zwi¹zane z pieniêdzmi lub finansami nie oka¿¹ siê takie, jakich siê spodziewa³eœ. Mog¹ pojawiæ siê pewne obawy zwi¹zane z wydatkami, zw³aszcza tymi nieoczekiwanymi. Twoje dochody bêd¹ stabilne, ale bêdziesz musia³ ciê¿ko d¹¿yæ do osi¹gniêcia równowagi pomiêdzy nap³ywem pieniêdzy a rosn¹cymi wydatkami. </ACE-OF-SWORDS-ONE >
<TWO-OF-SWORDS-ONE >Ta karta pokazuje, ¿e Twoje finanse bêd¹ na miejscu i nie bêdzie siê o co martwiæ. Chocia¿ mo¿e istnieæ problem, który mo¿e budziæ niepokój w odniesieniu do nowego przedsiêwziêcia lub niewoli i bêdzie kilka rzeczy biegn¹cych przez twój umys³ i bêdziesz sceptycznie nastawiony do podjêcia stanowczej decyzji. </TWO-OF-SWORDS-ONE >
<THREE-OF-SWORDS-ONE >Ta karta wskazuje, ¿e bêdzie to dobry okres z punktu widzenia Twoich finansów i ¿e bêdzie to sta³y przep³yw pieniêdzy. Mo¿esz zarabiaæ z najbardziej nieoczekiwanych Ÿróde³ lub twoje stare przedsiêwziêcia zaczn¹ generowaæ zyski. Jeœli niektórzy z twoich d³u¿ników nie byli sk³onni zwróciæ ci pieniêdzy, to wkrótce wszystko zostanie posortowane. </THREE-OF-SWORDS-ONE >
<FOUR-OF-SWORDS-ONE >Ta karta pokazuje, ¿e nap³yw pieniêdzy bêdzie teraz trochê stagnacyjny. Mo¿e siê zdarzyæ równie¿ sytuacja, w której mo¿esz wdaæ siê w spór o pieni¹dze z partnerem biznesowym lub d³u¿nikiem lub te¿ mo¿e byæ pewne rozczarowanie z powodu opóŸnienia w p³atnoœciach. Ale ten chaos wkrótce dobiegnie koñca, poniewa¿ Twoje finanse po chwili siê ustabilizuj¹. </FOUR-OF-SWORDS-ONE >
<FIVE-OF-SWORDS-ONE >Ta karta wskazuje, ¿e bêdziesz zadowolony finansowo, poniewa¿ Twoje dochody i wydatki bêd¹ w równowadze, a Ty bêdziesz zarabiaæ z ró¿nych innych Ÿróde³. Ale mimo to bêdzie istnia³o poczucie œwiadomoœci na temat finansów. Zaleca siê, abyœcie nie martwili siê zbytnio o swoje finanse i nie wypuœcili ich na chwilê. </FIVE-OF-SWORDS-ONE >
<SIX-OF-SWORDS-ONE >Ta karta pokazuje, ¿e mo¿esz mieæ trudny czas zarabiania pieniêdzy i dbania o swoje wydatki, poniewa¿ mo¿e siê wydawaæ, ¿e szczêœcie odwróci³o siê od ciebie w odniesieniu do pieniêdzy. Ale czasy wkrótce siê zmieni¹ i zrobisz kilka dolców, nie robi¹c wiele z czystego szczêœcia i bêdziesz siê tym cieszyæ. </SIX-OF-SWORDS-ONE >
<SEVEN-OF-SWORDS-ONE >Ta karta wskazuje, ¿e poczujesz siê trochê zdenerwowany lub z³y, poniewa¿ byæ mo¿e bêdziesz musia³ podj¹æ jakieœ niepo¿¹dane decyzje, ale mo¿esz zostawiæ swoje obawy za sob¹, poniewa¿ jest najbardziej prawdopodobne, ¿e szybko posortujesz rzeczy. Mo¿e siê te¿ pojawiæ jakiœ zysk pieniê¿ny lub po prostu szybko wygrasz. </SEVEN-OF-SWORDS-ONE >
<EIGHT-OF-SWORDS-ONE >Ta karta pokazuje, ¿e bêdziesz czu³, ¿e twój dochód uleg³ stagnacji i otrzymujesz oczekiwane oceny. Postarasz siê znaleŸæ alternatywne trasy, aby zarobiæ trochê na pieni¹dzu, aby zaspokoiæ swoje potrzeby. Wskazuje siê, ¿e uda Ci siê to zrobiæ i w koñcu znajdziesz sposób na wyjœcie z Twoich kompromisów. </EIGHT-OF-SWORDS-ONE >
<NINE-OF-SWORDS-ONE >Ta karta wskazuje, ¿e bêdzie to jeden z najlepszych okresów w twoim ¿yciu pod wzglêdem finansowym. Bêdziesz dobrze zarabiaæ dziêki swojej regularnej pracy i wkrótce mo¿esz równie¿ otrzymaæ podwy¿kê wynagrodzenia. Mo¿e byæ kilka nowych transakcji handlowych zawartych, które by³yby bardzo dochodowe lub mo¿esz znaleŸæ jak¹œ równoleg³¹ drogê do zarobienia dobrych pieniêdzy. </NINE-OF-SWORDS-ONE >
<TEN-OF-SWORDS-ONE >Ta karta pokazuje, ¿e jeœli istniej¹ jakiekolwiek problemy finansowe, z którymi teraz masz do czynienia, to wkrótce zostan¹ one rozwi¹zane. Istniej¹ równie¿ szanse, ¿e mo¿esz byæ w zaskoczeniu, gdy dostaniesz jakiœ zysk pieniê¿ny lub specjalne korzyœci w pracy ze starego przedsiêwziêcia lub wyceny, która sprawi, ¿e bêdziesz ekstatyczny z radoœci¹. </TEN-OF-SWORDS-ONE >
<PAGE-OF-SWORDS-ONE >Ta karta wskazuje, ¿e bêdzie coœ zwi¹zanego z Twoimi finansami, co bêdzie Ci stale przeszkadzaæ. Poczujesz siê zaniepokojony swoj¹ kondycj¹ finansow¹ i spróbujesz ograniczyæ swoje wydatki. Ale to mo¿e wydawaæ siê problemem niekoñcz¹cym siê, poniewa¿ nie zostanie on rozwi¹zany na pierwszym spotkaniu. </PAGE-OF-SWORDS-ONE >
<KNIGHT-OF-SWORDS-ONE >Ta karta pokazuje, ¿e jeden z Twoich znajomych lub bliskich zaproponuje Ci now¹ transakcjê partnersk¹ lub weŸmie udzia³ w nowym przedsiêwziêciu. Oni oka¿¹ siê bardzo pomocni, poniewa¿ nie prosz¹ o zbyt wiele w zamian, a Ty poczujesz siê usatysfakcjonowany ich gestem. </KNIGHT-OF-SWORDS-ONE >
<QUEEN-OF-SWORDS-ONE >Ta karta wskazuje, ¿e mo¿esz zostaæ oszukany przez kogoœ monetarnie. Mo¿e byæ osoba, która mog³a po¿yczyæ od ciebie jakieœ pieni¹dze i nie bêdzie chcia³a wróciæ jak opóŸnione czynsze, rachunki lub materia³y. Mo¿e to równie¿ byæ powodem do niepokoju i mo¿e skoñczyæ siê k³ótni¹ lub konfrontacj¹. </QUEEN-OF-SWORDS-ONE >
<KING-OF-SWORDS-ONE >Ta karta sugeruje, ¿e musisz siê zrelaksowaæ i przestaæ myœleæ zbyt wiele o swoich finansach. Twój dochód bêdzie stabilny, ale nadal bêdzie istnia³a presja panuj¹ca w rodzinie i wokó³ ciebie z powodu pewnych odra¿aj¹cych sytuacji, których mo¿esz nie byæ w stanie unikn¹æ. </KING-OF-SWORDS-ONE >
<ACE-OF-WANDS-ONE >Ta karta wskazuje, ¿e jest najbardziej prawdopodobne, ¿e otrzymasz jakieœ zyski pieniê¿ne. Zyski te bêd¹ wynikiem czegoœ zwi¹zanego z twoimi umiejêtnoœciami. Jeœli planujesz zachowaæ wystawê swojej pracy lub wymyœliæ unikaln¹ koncepcjê w swojej firmie, to jest to odpowiedni czas na jej wykonanie. </ACE-OF-WANDS-ONE >
<TWO-OF-WANDS-ONE >Ta karta pokazuje, ¿e jeœli mia³eœ jakiekolwiek spory finansowe lub myœla³eœ o niektórych umowach finansowych, to w koñcu zostan¹ one uzgodnione i rozstrzygniête, a to sprawi, ¿e poczujesz ulgê. Istnieje szansa, ¿e Twoje zyski w Twojej firmie wzrosn¹ lub wkrótce otrzymasz podwy¿kê wynagrodzenia. </TWO-OF-WANDS-ONE >
<THREE-OF-WANDS-ONE >Ta karta sugeruje, ¿e nale¿y pozostaæ w kontakcie z przyjació³mi i kolegami, poniewa¿ teraz mog¹ oni okazaæ siê bardzo pomocni finansowo. Twoja firma lub praca zacznie siê rozwijaæ, przynosz¹c wiêcej zysków ni¿ siê spodziewasz. Nie bêdzie transakcji biznesowych cracked, ¿e bêdzie mo¿na uzyskaæ dodatkowe korzyœci, które by³y niecierpliwie oczekiwaæ. </THREE-OF-WANDS-ONE >
<FOUR-OF-WANDS-ONE >Ta karta wskazuje, ¿e Twoje finanse bêd¹ teraz stabilne i otrzymasz pieni¹dze z kilku Ÿróde³. Nie bêdziesz mia³ ¿adnych problemów z rozliczeniem swoich transakcji finansowych, poniewa¿ twoja praca bêdzie teraz p³ynna i zrobisz o wiele lepiej ni¿ wczeœniej. </FOUR-OF-WANDS-ONE >
<FIVE-OF-WANDS-ONE >Ta karta pokazuje, ¿e teraz bêdziesz mia³ trochê szczêœcia z pieniêdzmi. Jeœli masz jakiekolwiek spory finansowe zwi¹zane z nieruchomoœciami lub inwestycjami, najprawdopodobniej bêdziesz mia³ przewagê. Bêdziesz obs³ugiwaæ swoje finanse dobrze i to pomo¿e Ci zaoszczêdziæ wystarczaj¹co du¿o na opiekê nad oczekiwaniami Twojej rodziny. </FIVE-OF-WANDS-ONE >
<SIX-OF-WANDS-ONE >Ta karta wskazuje, ¿e bêd¹ pewne problemy zwi¹zane z przetrzymywaniem pieniêdzy przez kogoœ lub w jakimœ miejscu. To mo¿e sprawiæ, ¿e poczujesz siê ogromnie zmartwiony i mog¹ byæ chwile, kiedy mo¿esz zachowywaæ siê sk¹po, nie zdaj¹c sobie z tego sprawy. Ale ten trudny czas minie wkrótce i wasze fundusze zostan¹ posortowane. </SIX-OF-WANDS-ONE >
<SEVEN-OF-WANDS-ONE >Ta karta sugeruje, ¿e jeœli pojawi³y siê jakieœ trudnoœci lub przeszkody w odniesieniu do Twoich pieniêdzy, to wkrótce zostan¹ one usuniête. Bêdziesz czerpaæ korzyœci z planów oszczêdnoœciowych i inteligentnych ruchów monetarnych, które sprawi¹, ¿e poczujesz siê zadowolony i szczêœliwy, a to mo¿e równie¿ prowadziæ do odrobiny odpustu, ale na to zas³ugujesz! </SEVEN-OF-WANDS-ONE >
<EIGHT-OF-WANDS-ONE >Ta karta wskazuje, ¿e wszystko zmieni siê na lepsze ju¿ wkrótce. Twoja kondycja finansowa bêdzie rozwijaæ siê bardziej ni¿ siê spodziewa³eœ, jak mo¿na z³amaæ nowe rentowne transakcje w Twojej firmie, które pomog¹ Ci zarobiæ wyró¿nienia zbyt i nie bêdzie du¿o spotkañ do udzia³u i mo¿liwoœci generowania zysków w najbli¿szej przysz³oœci. </EIGHT-OF-WANDS-ONE >
<NINE-OF-WANDS-ONE >Ta karta pokazuje, ¿e twoja kondycja finansowa bêdzie teraz niemal¿e zrównowa¿ona, poniewa¿ w krótkim czasie mo¿esz osi¹gn¹æ pewne zyski i pewne straty. Ale nie bêdzie powodów do zmartwieñ, poniewa¿ bêdziesz zarabiaæ w bitach, aby zatrzymaæ zawartoœæ i zaj¹æ siê swoimi codziennymi wydatkami i uda ci siê znaleŸæ wiêcej Ÿróde³ dochodu. </NINE-OF-WANDS-ONE >
<TEN-OF-WANDS-ONE >Ta karta wskazuje, ¿e bêdziesz trochê sceptycznie podchodziæ do swoich transakcji w pieni¹dzu teraz, poniewa¿ mo¿e byæ kilka napiwków z klientem lub szefem, które mog¹ prowadziæ do pewnych k³opotów. Bêdziesz chcia³ spojrzeæ poza te k³opotliwe sytuacje, aby uzyskaæ wiêcej Ÿróde³ dochodu, ale to oka¿e siê trudniejsze ni¿ myœla³eœ. </TEN-OF-WANDS-ONE >
<PAGE-OF-WANDS-ONE >Ta karta pokazuje, ¿e jeœli chodzi o pewne czêœci Twojej pracy, zyski bêd¹ p³yn¹æ, podczas gdy niektóre obszary nadal bêd¹ s³abe. Mog¹ pojawiæ siê równie¿ problemy z kontaktami z bankami lub dokumentacj¹ finansow¹. </PAGE-OF-WANDS-ONE >
<KNIGHT-OF-WANDS-ONE >Nast¹pi nap³yw pieniêdzy z niektórych nieoczekiwanych Ÿróde³, ale nie bêdzie to znacz¹ca kwota. Zadanie œci¹gniêcia pieniêdzy od d³u¿ników stanie siê trochê obci¹¿aj¹ce i mo¿esz nie dostaæ tego, czego naprawdê oczekiwa³eœ, co mo¿e spowodowaæ pewne argumenty i rozczarowanie. </KNIGHT-OF-WANDS-ONE >
<QUEEN-OF-WANDS-ONE >Mo¿esz byæ w nastroju do splurge i mo¿e pob³a¿aæ wiêcej ni¿ siê spodziewa³eœ, a rachunek za kartê kredytow¹ mo¿e byæ dla Ciebie szokiem. To mo¿e ciê zdenerwowaæ na jakiœ czas i bêdziesz myœla³ o alternatywach dla tej sytuacji. Ale twoja decyzja bêdzie rzeczywiœcie okazaæ siê korzystne póŸniej w ¿yciu. </QUEEN-OF-WANDS-ONE >
<KING-OF-WANDS-ONE >Ta karta wskazuje, ¿e bêdziesz zarabiaæ pieni¹dze ze swojej zwyk³ej pracy, ale bêdzie siê stara³ uzyskaæ najlepsze oferty z innych Ÿróde³. Ale rynek stanie siê bardzo wymagaj¹cy i jeœli masz swój w³asny biznes, bêdziesz musia³ siê trochê postaraæ o nowe kontakty i projekty. Dla ludzi, którzy s¹ zatrudnieni, mo¿e byæ jakaœ ostra konkurencja, z któr¹ bêdziesz musia³ siê wkrótce zmierzyæ. </KING-OF-WANDS-ONE >
<THE-MAGICIAN-ONE >Ta karta wskazuje nowe pocz¹tki w twoim ¿yciu, zarówno pod wzglêdem biznesowym, jak i monetarnym. Mo¿esz byæ pewny, ¿e Twoje wysi³ki monetarne bêd¹ udane, poniewa¿ nadchodz¹cy czas pokazuje dobrobyt i sukces w zakresie nowych przedsiêwziêæ biznesowych i innych transakcji. </THE-MAGICIAN-ONE >
<THE-HIGH-PRIESTESS-ONE >Ta karta pokazuje, ¿e bêdziesz musia³ trzymaæ rzeczy pod kontrol¹ przez jakiœ czas. Bêdziesz oczekiwaæ paczki, poczty lub przyjazdu czegoœ zwi¹zanego z Twoimi finansami. Mo¿e to potrwaæ trochê d³u¿ej ni¿ siê spodziewa³eœ, ale w koñcu bêdziesz czerpa³ korzyœci z d³ugiego oczekiwania. </THE-HIGH-PRIESTESS-ONE >
<ODKUPICIELKA-JEDEN >Ta karta wskazuje, ¿e bêdziesz musia³ lepiej zorganizowaæ swoje transakcje finansowe i uwa¿aæ, jakimi informacjami dzielisz siê ze swoim partnerem biznesowym lub koleg¹. Ale mo¿esz uwolniæ siê od napiêæ, poniewa¿ obiecana kwota jest w fazie przejœciowej i wkrótce dotrze do Ciebie. </ODKUPICIELKA-JEDEN >
<CESARZ-JEDEN >Ta karta pokazuje, ¿e jeœli Twoje pieni¹dze lub niektóre dokumenty pieniê¿ne s¹ zablokowane, to wkrótce zostan¹ one rozliczone. Mo¿e to byæ powód do œwiêtowania, poniewa¿ mo¿esz dostaæ wspinaczkê w pensji lub jakiœ zysk pieniê¿ny, który sprowokuje ciê do trochê odpustu, ale nie musisz czuæ siê winny. </CESARZ-JEDEN >
<THE-HIEROPHANT-ONE >Ta karta sugeruje, ¿e bêdziesz musia³ zrównowa¿yæ swoje dochody i wydatki, a tak¿e bêdziesz musia³ pilnowaæ swoich wydatków. Bêdziesz mia³ pewne problemy z uzyskaniem pieniêdzy od d³u¿ników. Mimo, ¿e bêdziesz siê martwiæ, sprawy nadal bêd¹ siê toczyæ g³adko pod wzglêdem finansowym. </THE-HIEROPHANT-ONE >
<THE-LOVERS-ONE >Ta karta wskazuje, ¿e bêdzie dobry przep³yw pieniêdzy, poniewa¿ mo¿esz otrzymaæ promocje, dodatkowe bonusy i inne korzyœci. To pomo¿e Ci utrzymaæ stabilnoœæ finansow¹ i nie bêdziesz musia³ martwiæ siê teraz o braki. Nie bêdzie równie¿ niektóre splurging jak masz powód do œwiêtowania wkrótce. </THE-LOVERS-ONE >
<THE-CHARIOT-ONE >Bêdziesz siê zestresowaæ, poniewa¿ pieni¹dze utkn¹ ci w ludziach i innych transakcjach, a odzyskanie ich bêdzie trudne. Mo¿e to równie¿ prowadziæ do pewnych kwestii prawnych, które bêd¹ tym bardziej frustruj¹ce. Ale rzeczy wreszcie u³atwi, jak ciê¿ka praca bêdzie pobraæ pieni¹dze z innych nieoczekiwanych miejsc. </THE-CHARIOT-ONE >
<STRENGTH-ONE >Ta karta wskazuje, ¿e bêdziesz myœleæ bardziej praktycznie teraz, jeœli chodzi o transakcje pieniê¿ne. Jest to dobry czas na odzyskanie pieniêdzy od d³u¿ników, które mia³y byæ wyp³acone wczeœniej, ale zosta³y opóŸnione z ró¿nych powodów. Zorganizujesz wszystkie swoje dokumenty finansowe, które bardzo pomog¹ Ci w rozwi¹zaniu problemu. </STRENGTH-ONE >
<THE-HERMIT-ONE >Ta karta pokazuje, ¿e czeka Ciê niespodziewany dochód lub premie. To sprawi, ¿e bêdziesz w szoku i przyjemnie szczêœliwy, a to mo¿e byæ równie¿ przyczyn¹ jakiegoœ odpustu lub jakiegoœ œwiêtowania z przyjació³mi i rodzin¹. Mo¿esz równie¿ zaplanowaæ wakacje z najbli¿szymi, poniewa¿ Twoje pieni¹dze nap³ywaj¹ od d³u¿ników. </THE-HERMIT-ONE >
<WHEEL-OF-FORTUNE-ONE >Ta karta wskazuje, ¿e pojawi siê powód do niepokoju, poniewa¿ zauwa¿ysz, ¿e Twój biznes nie przynosi wystarczaj¹cych zysków i s¹ pewne luki, których nie widzia³eœ wczeœniej. Niektóre wskazówki i pomoc od ukochanej osoby pomog¹ Ci wyjœæ z Twoich finansowych zmartwieñ. </WHEEL-OF-FORTUNE-ONE >
<JUSTICE-ONE >Ta karta pokazuje, ¿e bêdzie to dla ciebie trudny okres pod wzglêdem finansowym. Zobaczysz, ¿e Twoja firma nie radzi sobie zbyt dobrze lub inne Ÿród³a dochodu s¹ wyczerpuj¹ce w ten czy inny sposób. Mo¿e byæ kilka trudnych czasów, z którymi byæ mo¿e bêdziesz musia³ siê zmierzyæ, ale b¹dŸ pewny, ¿e czasy wkrótce zmieni¹ siê na lepsze, przynajmniej monetarnie. </JUSTICE-ONE >
<THE-HANGED-MAN-ONE >Ta karta wskazuje, ¿e bêdziesz musia³ zmierzyæ siê z pewnymi upadkami finansowymi, choæ bardzo ma³ymi, poniewa¿ ktoœ móg³ ciê oszukaæ lub wprowadziæ w b³¹d dla w³asnej korzyœci. Ale wkrótce zdasz sobie z tego sprawê i podejmiesz niezbêdne dzia³ania, aby uzyskaæ to, na co zas³ugujesz. </THE-HANGED-MAN-ONE >
<DEATH-ONE >Ta karta pokazuje, ¿e teraz bêdzie pewne napiêcie w odniesieniu do pieniêdzy. Mo¿liwe, ¿e niedawno dozna³eœ strasznego niepowodzenia finansowego lub ktoœ, kto mia³ ci zwróciæ ogromn¹ iloœæ pieniêdzy, uciek³. Ta sytuacja pozwoli Ci czuwaæ i trzymaæ siê na nogach. </DEATH-ONE >
<TEMPERANCE-ONE >Ta karta wskazuje, ¿e Twoje pieni¹dze bêd¹ teraz na zasadzie rotacji. Bêdzie to jak przeja¿d¿ka kolejk¹ górsk¹, gdzie w jednym momencie masz pieni¹dze, a w innym czasie wygrasz. Mo¿e to byæ trochê chaotyczne na pocz¹tku, ale Twój biznes przyniesie Ci wystarczaj¹co du¿o zysków, abyœ móg³ byæ zadowolony. </TEMPERANCE-ONE >
<THE-DEVIL-ONE >Ta karta pokazuje, ¿e bêdziesz musia³ zmierzyæ siê z wieloma problemami finansowymi w odniesieniu do swoich pieniêdzy. Mo¿e siê to zdarzyæ z powodu niefortunnych decyzji, problemów zdrowotnych w rodzinie lub innych kwestii prawnych. Bêdzie to trwaæ przez jakiœ czas, ale wkrótce wszystko siê poprawi. </THE-DEVIL-ONE >
<THE-TOWER-ONE >Ta karta wskazuje, ¿e byæ mo¿e bêdziesz musia³ stawiæ czo³a niepowodzeniu finansowemu z powodu nieoczekiwanych wydatków. Twój biznes mo¿e nie przynosiæ wymaganych zysków i bêdzie to bardzo niepokoj¹ce. Istnieje równie¿ mo¿liwoœæ, ¿e mo¿esz straciæ jednego ze swoich g³ównych klientów lub najbardziej dochodowy projekt. </THE-TOWER-ONE >
<THE-STAR-ONE >Otrzymasz nowe projekty i mo¿liwoœci biznesowe, które doprowadz¹ do dobrego nap³ywu pieniêdzy. Istnieje równie¿ mo¿liwoœæ, ¿e mo¿na uzyskaæ pewien zysk pieniê¿ny, poniewa¿ przysz³oœæ pod wzglêdem dobrobytu wygl¹da dobrze. Sugeruje siê, abyœ nie przesadzi³ w œwiêtowaniu, poniewa¿ mo¿e nie zdajesz sobie sprawy z tego, ¿e Twoje wydatki s¹ za du¿e. </THE-STAR-ONE >
<THE-MOON-ONE >Ta karta wskazuje, ¿e bêdziesz nieco niezadowolony ze sposobu, w jaki sprawy maj¹ siê potoczyæ, jeœli chodzi o finanse. Mo¿e byæ ktoœ, kto zwróci Ci kwotê zad³u¿enia, ale mo¿e odmówiæ zap³aty odsetek. Byæ mo¿e zosta³eœ uznany za pewniaka, ale bêdziesz wiedzia³, jak sobie poradziæ. </THE-MOON-ONE >
<THE-SUN-ONE >Ta karta pokazuje, ¿e ka¿dy zastój w przep³ywie pieniêdzy zostanie rozwi¹zany, a nowe mo¿liwoœci zapukaj¹ do drzwi. Jeœli utkn¹³eœ z jakimiœ problemami z bankiem lub udzieleniem kredytu, to prawdopodobnie zostanie on rozliczony. Mog¹ siê równie¿ otworzyæ nowe mo¿liwoœci osi¹gania dochodów i wkrótce pojawi¹ siê dobre wiadomoœci finansowe przychodz¹ce drog¹ pocztow¹. </THE-SUN-ONE >
<JUDGEMENT-ONE >Ta karta wskazuje, ¿e bêdzie to dobry okres dla Twoich finansów. Je¿eli zapad³y jakiekolwiek wyroki pieniê¿ne, to jest bardzo prawdopodobne, ¿e bêd¹ one na Twoj¹ korzyœæ. Pojawi¹ siê zyski pieniê¿ne w postaci dywidend i sp³aty d³ugów, a Twoja sytuacja finansowa wkrótce siê poprawi. </JUDGEMENT-ONE >
<THE-WORLD-ONE >Ta karta sugeruje, ¿e otrzymasz pieni¹dze z najbardziej nieoczekiwanych Ÿróde³. Wkrótce mo¿e pojawiæ siê przekaz pieniê¿ny, aby zapukaæ do drzwi lub mo¿esz czerpaæ korzyœci z ciê¿kiej pracy w formie premii. Pieni¹dze bêd¹ nap³ywaæ z ró¿nych Ÿróde³ w niewielkich iloœciach. </THE-WORLD-ONE >
<THE-FOOL-ONE >Ta karta wskazuje, ¿e jeœli w jakimœ miejscu utknê³y jakieœ pieni¹dze i wkrótce zostan¹ one otrzymane. W tym okresie wraz z rodzin¹ lub bliskim otworzysz nowy biznes lub zdecydujesz siê na wielk¹ inwestycjê. Bêdzie to kluczowa decyzja twojego ¿ycia, wiêc sugeruje siê, abyœ zwa¿y³ zalety i wady przed zrobieniem kroku naprzód.</THE-FOOL-ONE >
</ROOT>
