<?xml version="1.0" encoding="utf-8" ?>
<ROOT>
<ACE-OF-CUPS-ONE >Kad ini menunjukkan bahawa segala-galanya berjalan dengan lancar apabila ianya berkaitan dengan kesihatan anda. Anda akan merasa segar dan bertenaga secara fizikal dan mental dan sukar untuk mendapat penyakit. Anda juga akan bergerak ke arah kerohanian yang akan membuatkan anda berasa lebih baik. </ACE-OF-CUPS-ONE >
<TWO-OF-CUPS-ONE >Kad ini menunjukkan sedikit gangguan di bahagian kesihatan kerana anda berusaha untuk bersaing dengan orang tercinta dan ini menyebabkan kebimbangan yang serius dan beberapa lawatan yang berulang ke hospital. </TWO-OF-CUPS-ONE >
<THREE-OF-CUPS-ONE >Kad ini menunjukkan anda ingin menikmati masa sekarang dan akan memanjakan diri lebih dari apa yang diperlukan. Haln ini akan menyebabkan masalah kesihatan yang serius yang perlu ditangani segera. Jika anda tidak mengambil langkah-langkah yang diperlukan, anda mungkin perlu pergi ke hospital atau pusat pemulihan. </THREE-OF-CUPS-ONE >
<FOUR-OF-CUPS-ONE >Anda mengambil terlalu banyak tekanan dan hal ini menyebabkan badan anda menjadi rosak. Anda perlukan masa diluar walaupun anda ada komitmen professional kerana ianya diperlukan sekarang. Hal ini mungkin mengecewakan anda sedikit namun anda akan pulih semula dan memberikan kehidupan yang baru. </FOUR-OF-CUPS-ONE >
<FIVE-OF-CUPS-ONE >Kad ini menunjukkan terlalu banyak perjalanan atau tekanan kerja yang datang kepada anda dan anda akan berasa letih dan sangat lemah. Hal ini akan memberi kesan yang sangat serius kepada kesihatan anda dan menyebabkan masalah. Anda perlu memberi perhatian kepada isu berkaitan perut sebagai keutamaan. </FIVE-OF-CUPS-ONE >
<SIX-OF-CUPS-ONE >Kad ini menunjukkan anda tidak berasa sangat baik dan perkara ini memberi kesan kepada badan anda secara fizikal dan mental. Tapi anda akan berusaha juga untuk menyiapkan tugas-tugas tertentu dan kemudian mengambil rehat yang diperlukan oleh badan untuk segar semula. </SIX-OF-CUPS-ONE >
<SEVEN-OF-CUPS-ONE >Kad ini menunjukkan badan anda kini menunjukkan simptom penyakit dan memerlukan rehat. Sesetengah penyakit akan menghantui anda dan anda perlu berhadapan dengannya. Mungkin terdapat isu berkaitan dengan anggota badan atau mata dan anda perlu berehat untuk seketika untuk pulih semula. </SEVEN-OF-CUPS-ONE >
<EIGHT-OF-CUPS-ONE >Kad ini menunjukkan masa sangat sukar dihadapan mata dan rambut anda dan tempoh menggunakan ubat diperlukan. Hal ini akan menjejaskan sedikit kerja harian anda yang boleh mengecewakan tetapi tiada perkara besar yang perlu dirisaukan dan penyembuhan akan bermula. Orang tersayang akan menjaga anda semasa pemulihan berlaku. </EIGHT-OF-CUPS-ONE >
<NINE-OF-CUPS-ONE >Kad ini menunjukkan bahawa anda akan menghadapi atau tidak lama lagi akan menghadapi pengasingan atau kemurungan disebabkan oleh perkara buruk dan baik dalam hidup. Anda akan berada dalam kedudukan terdedah dan akan merasa tiada siapa akan memahami anda. Gangguan minda ini akan menyebabkan anda berasa sangat gementar. </NINE-OF-CUPS-ONE >
<TEN-OF-CUPS-ONE >Kad ini menunjukkan jadual anda yang sibuk akan menyebabkan diet yang tidak seimbang dan menyebabkan penyakit di bahagian perut. Jadual yang mendadak ini akan menyebabkan pengasingan dan insomnia untuk sementara waktu. Anda akan mengambil langkah-langkah dan akhirnya pulih. </TEN-OF-CUPS-ONE >
<PAGE-OF-CUPS-ONE >Kad ini menunjukkan dengan jenis keadaan yang anda sedang hadapi sekarang, anda akan merasa sensitive dan anda akan mudah terpengaruh. Keadaan ini sangat buruk untuk kesihatan anda dari segi fizikal dan mental. Hati-hati kerana anda terdedah kepada kemalangan. </PAGE-OF-CUPS-ONE >
<KNIGHT-OF-CUPS-ONE >Kad ini menunjukkan segalanya berkaitan dengan kesihatan anda menjadi lebih meriah. Jika anda sudah menghidap penyakit dan sudah berjumpa dengan doctor, anda akan perasan bahawa keadaan anda akan menjadi lebih baik walaupun terdapat berita buruk. Anda hanya perlu percaya pada diri dan menjaga badan anda dengan baik. </KNIGHT-OF-CUPS-ONE >
<QUEEN-OF-CUPS-ONE >Kad ini menunjukkan anda akan berasa sangat penat dari segi mental kerana tekanan peribadi dan professional dan anda kan merasa tidak bermaya. Hal ini mungkin dari simptom putus asa dan anda perlu berjumpa dengan doctor dan saudara-mara tapi ianya akan menjadi baik secara perlahan. </QUEEN-OF-CUPS-ONE >
<KING-OF-CUPS-ONE >Kad ini menunjukkan bahawa mungkin terdapat situasi yang mengecewakan yang akan membuatkan anda berasa sangat sedih dan memaksa anda berfikir bahawa anda tidak cukup baik untuk dunia atau kekurangan kualiti. Jangan biarkan keadaan ini membawa kepada ketagihan. </KING-OF-CUPS-ONE >
<ACE-OF-PENTACLES-ONE >Kad ini menunjukkan bahawa anda bersedia untuk melakukan perubahan yang sihat dalam hidup. Jika anda mempunyai penyakit, sekarang adalah masa terbaik untuk pemulihan yang cepat dan anda akan melihat diri anda berada dalam keadaan yang lebih baik. Akhirnya, anda akan pulih dengan cepat. </ACE-OF-PENTACLES-ONE >
<TWO-OF-PENTACLES-ONE >Anda akan berasa sangat penat kerana bekerja selama berjam dan memenuhi pelbagai tanggungjawab. Keadaan ini akan memudaratkan badan anda tapi anda perlu cuba dan mencari keseimbangan supaya tidak menjadi mangsa keadaan. </TWO-OF-PENTACLES-ONE >
<THREE-OF-PENTACLES-ONE >Kad ini menunjukkan kerosakan emosi atau pertembungan mengejutkan akan membawa anda kepada pengaruh yang buruk. Perkara ini boleh menjejaskan kesihatan anda, jadi perlu berhati-hati. Selebihnya perlu ditunggu kerana banyak perkara akan muncul untuk anda. </THREE-OF-PENTACLES-ONE >
<FOUR-OF-PENTACLES-ONE >Kad ini menunjukkan anda akan menghadapi masalah dengan masalah perubatan yang telah sedia ada dan mungkin perlu kerap pergi ke klinik. Anda dan orang tersayang perlu mencari bantuan dan nasihat. Perkara ini mungkin terkeluar dari tangan anda dan anda perlu tabah menghadapinya. </FOUR-OF-PENTACLES-ONE >
<FIVE-OF-PENTACLES-ONE >Kad ini menunjukkan bahawa anda telah mengabaikan kesihatan anda dengan kerap dan menyebabkan penyakit yang ringan menjadi bertambah serius walaupun tidak begitu utama. Hal ini memerlukan anda pergi melakukakn pemeriksaan. </FIVE-OF-PENTACLES-ONE >
<SIX-OF-PENTACLES-ONE >Kad ini menunjukkan anda perlu lebih berhati-hati dengan persekitaran anda. Anda sangat terdedah kepada kemalangan dan perlu berwaspada dan berhati-hati tentang segalanya di sekeliling anda. Ini adalah masa yang kritikal dan jika anda tidak berhati-hati, ia akan membawa kepada penghujung yang tidak diingini. </SIX-OF-PENTACLES-ONE >
<SEVEN-OF-PENTACLES-ONE >Kad ini menunjukkan anda sedang menghadapi sesuatu yang membimbangkan dan anda akan cuba elak segalanya yang melibatkan terlalu banyak penglibatan atau kerja fizikal. Anda tidak sanggup buat apa sahaja yang melibatkan pengorbanan masa dan perhatian dan ini akan mengelakkan anda dari kerja yang tidak ikhlas. </SEVEN-OF-PENTACLES-ONE >
<EIGHT-OF-PENTACLES-ONE >Kad ini menunjukkan sudah masa untuk anda elak dari semua pelembap dan krim penghalang matahari kerana kulit anda mungkin tidak sesuai. Anda perlu mengembara dengan banyak kerana kerja dan memberi kesan kepada diet anda dan menyebabkan masalah berkaitan perut. </EIGHT-OF-PENTACLES-ONE >
<NINE-OF-PENTACLES-ONE >Kad ini menunjukkan anda atau orang yang dekat dengan anda akan pulih dari penyakit atau kemalangan yang berlaku. Terdapat juga kemungkinan orang yang anda kenali akan menghadapi masalah kesihatan yang utama. Anda akan bantu saudara-mara tetapi ingin keluar dan mengalami sesuatu yang akan bantu anda berasa tenang. </NINE-OF-PENTACLES-ONE >
<TEN-OF-PENTACLES-ONE >Kad ini menunjukkan anda mungkin mempunyai masalah utama yang akan menganggu anda. Terdapat seseorang yang dekat dari keluarga anda yang memerlukan perhatian dari segi perubatan dan anda perlu membantu mereka ke arah cara hidup yang baru. </TEN-OF-PENTACLES-ONE >
<PAGE-OF-PENTACLES-ONE >Kad ini menunjukkan anda berasa tidak senang dan resah. Anda mungkin mempunyai masalah berkaitan badan anda. Mungkin terdapat kesalahan yang menganggu anda dan anda ingin cuba membuangnya. Sesetengah ubat diperlukan untuk kegatalan di badan dan anda mungkin memerlukan pil tidur kerana insomnia. </PAGE-OF-PENTACLES-ONE >
<KNIGHT-OF-PENTACLES-ONE >Perkhidmatan social sangat baik jika seseorang tidak mengambil kesempatan keatas anda dan anda perlu sedar tentangnya. Anda akan berasa cemas dan gelisah kerana ini tetapi anda akan mengambil langkah yang berani. Anda akan cuba membuatkan diri anda aktif dari duduk yang lama kerana ia akan elak anda dari berfikir tentang perkara yang anda tidak mahu. </KNIGHT-OF-PENTACLES-ONE >
<QUEEN-OF-PENTACLES-ONE >Kad ini menunjukkan cara terbaik adalah dengan meminta bantuan semula jadi dan menerima pakai cara semula jadi untuk penyembuhan dan pembersihan. Jika anda atau orang tersayang sedang pulih dari penyakit, maka masa sekarang yang terbaik untuk pemulihan yang cepat. </QUEEN-OF-PENTACLES-ONE >
<KING-OF-PENTACLES-ONE >Kad ini menunjukkan anda sedang menuju kearah kesihatan yang baik dari segi fizikal dan mental. Jika anda sedang pulih dari kecederaan dan penyakit, hal ini menunjukkan peningkatan yang sangat baik. Walaupun jika terdapat masalah berkaitan kertas kerja perubatan, tetapi ianya akan disusun kemudian. </KING-OF-PENTACLES-ONE >
<ACE-OF-SWORDS-ONE >Kad ini menunjukkan anda berasa tertekan dan muram dan memerlukan bantuan perubatan. Ahli keluarga akan bantu anda dan mungkin ada peluang untuk anda meneruskan hala tuju yang baru untuk mencari penawar kepada penyakit anda dan ini membuktikan manfaat yang baik. </ACE-OF-SWORDS-ONE >
<TWO-OF-SWORDS-ONE >Kad ini menunjukkan kesihatan anda berada di peringkat yang tidak menentu dan anda kelihatan tidak bermaya. Mungkin terdapat masalah kesihatan yang kecil tetapi anda perlu menjaga kesihatan anda jika tidak berasa begitu baik atau terdapat peluang mendapat penyakit atau demam ringan atau sejuk. </TWO-OF-SWORDS-ONE >
<THREE-OF-SWORDS-ONE >Kad ini menunjukkan anda berasa sangat letih dan sangat memerlukan rehat dan cuti dari bekerja. Mungkin terdapat kejadian yang menyebabkan ketegangan dan keletihan fizikal pada diri anda tetapi anda perlu bertahan untuk kebaikan diri anda. Kesihatan anda menjadi kebimbangan ahli keluarga dan mereka mungkin ingin berjumpa dengan doktor. </THREE-OF-SWORDS-ONE >
<FOUR-OF-SWORDS-ONE >Kad ini menunjukkan masa pemulihan berada dihadapan dan kebimbangan mental dan emosi anda akan berakhir dan memberikan anda nafas baru untuk tahap yang lebih lama. Kesihatan fizikal anda mungkin mengalami sedikit kerosanakan dan memerlukan anda pergi menjalani beberapa ujian dan rawatan. Doktor sangat membantu dalam hal ini. </FOUR-OF-SWORDS-ONE >
<FIVE-OF-SWORDS-ONE >Kad ini menunjukkan anda menghadapi tekanan dan kekecewaan kerana penyakit yang tidak mahu sembuh. Kekerapan ke hospital diperlukan menambah kepada kekecewaan anda dan anda berasa sangat tidak bermaya tetapi sentiasa cuba menjadi kuat. </FIVE-OF-SWORDS-ONE >
<SIX-OF-SWORDS-ONE >Kad ini menunjukkan mungkin ini adalah masa yang tidak baik untuk kesihatan anda. Mungkin terdapat kecederaan yang serius atau penyakit yang mengganggu anda secara drastik. Anda mungkin akan mengalami kecederaan terutama di bahagian kaki atau lutut. Mungkin ada peluang untuk anda berada di hospital tetapi ianya akan menjadi lebih baik akhirnya. </SIX-OF-SWORDS-ONE >
<SEVEN-OF-SWORDS-ONE >Kad ini menunjukkan terlalu banyak tekanan menguasai anda dan hal ini menyebabkan tekanan yang banyak secara mental dan fizikal. Anda menjadi terlalu sibuk mengendalikan pelbagai perkara dan ianya mempunyai kesan yang buruk kepada tubuh anda terutama minda dan badan. Anda perlu mengambil masa untuk berehat dan menyegarkan anda dan badan anda. </SEVEN-OF-SWORDS-ONE >
<EIGHT-OF-SWORDS-ONE >Kad ini menunjukkan mungkin terdapat kemalangan kecil yang akan berlaku jika anda tidak berhati-hati. Anda perlu lebih berhati-hati sekarang kerana kad mencadangkan anda akan hadapi perkara yang tidak diingini disebabkan operasi berisiko di rumah. Anda perlu lebih berhati-hati ketika memandu dan melintas jalan. Fasa ini akan berlalu tidak lama lagi. </EIGHT-OF-SWORDS-ONE >
<NINE-OF-SWORDS-ONE >Kad ini menunjukkan anda mungkin akan menghadapi situasi yang tidak menyenangkan dalam kehidupan peribadi atau professional anda yang membawa kepada kemurungan. Mungkin juga terdapat perubahan dalam diet anda yang menyebabkan penyakit perut tetapi salah seorang orang tersayang akan membantu anda dalam situasi ini. </NINE-OF-SWORDS-ONE >
<TEN-OF-SWORDS-ONE >Kad ini menunjukkan anda akan mengambil alih kesihatan anda dan akan melupakan kisah silam dan akan hadapi masa depan. Anda akan menetapkan matlamat berkaitan dengan kesihatan anda dan akan melakukan perubahan gaya hidup untuk membantu resolusi ini. </TEN-OF-SWORDS-ONE >
<PAGE-OF-SWORDS-ONE >Kad ini menunjukkan bahawa terdapat tekanan mental terutama berkaitan dengan kerja tetapi anda akan hadapinya dengan tenang. Mungkin ada peluang untuk anda mendapat sakit belakang atau perlu berjumpa dengan doktor gigi. Namun anda akan menjadi lebih bertenaga dan meluangkan masa dengan orang tersayang. </PAGE-OF-SWORDS-ONE >
<KNIGHT-OF-SWORDS-ONE >Kad ini menunjukkan bahawa terdapat keadaan yang bercampur berhubung dengan kesihatan anda. Anda akan berada di kedudukan yang baik dari segi mental dan akan pulih dari tekanan dan masalah lain. Keluarga anda mungkin memerlukan anda sekaran kerana berita buruk mungkin akan tiba berkaitan dengan saudara-mara atau rakan keluarga anda. </KNIGHT-OF-SWORDS-ONE >
<QUEEN-OF-SWORDS-ONE >Kad ini menunjukkan anda mempunyai tugas yang pelbagai antara keperntingan peribadi dan professional dan anda akan cuba sebaik mungkin untuk komitmen yang diberikan. Hasilnya anda akan berasa penat dan letih tetapi anda berjaya menguruskan segala tanggungjawab yang diberikan. </QUEEN-OF-SWORDS-ONE >
<KING-OF-SWORDS-ONE >Kad ini menunjukkan anda jatuh di bahagian kesihatan. Anda akan kecewa dan letih secara mental dan fizikal dan perlu mengambil ubat untuk isu yang kecil. Mungkin juga ada peluang untuk orang tersayang anda mendapat rawatan. </KING-OF-SWORDS-ONE >
<ACE-OF-WANDS-ONE >Kad ini menunjukkan anda perlu memberikan lebih perhatian kepada kesihatan dan sekiranya terdapat penyakit dari segi fizikal atau mental, anda akan mencari jenis ubat yang berbeza. Seseorang akan memberikan cadangan cara semula jadi kepada anda tentang cara mengubati penyakit dan anda akan menerima pakai kaedah itu. </ACE-OF-WANDS-ONE >
<TWO-OF-WANDS-ONE >Kad ini menunjukkan anda terlalu memaksa badan anda yang boleh dilihat di badan anda. Anda perlu mengambil mineral tiruan untuk bantu badan dan minda anda. Pengabaian diet seimbang boleh membahayakan pada masa hadapan dan rutin kesihatan harian adalah sangat dicadangkan. </TWO-OF-WANDS-ONE >
<THREE-OF-WANDS-ONE >Kad ini menunjukkan anda sangat mengambil berat kesihatan orang tersayang. Dalam proses ini, anda akan berasa tertekan dan mungkin memerlukan rehat. Jangan terlalu memaksa diri kerana ia sangat bahaya. Anda mungkin juga perlu berjumpa dengan doktor gigi. </THREE-OF-WANDS-ONE >
<FOUR-OF-WANDS-ONE >Kad ini menunjukkan anda menghadapi ketidakselesaan dalam hidup peribadi yang membuatkan anda tertekan. Mungkin terdapat masalah lain yang akan hadir menyebabkan anda berasa gelisah dan anda akan mengalami sakit badan yang tidak disangka-sangka. </FOUR-OF-WANDS-ONE >
<FIVE-OF-WANDS-ONE >Kad ini menunjukkan anda sudah pulih dari apa-apa penyakit dan akhirnya menikmati keadaan yang sihat pada minda dan badan anda. Anda mungkin akan pergi bercuti dengan pasangan anda dan ianya akan menjadi satu percutian yang menyenangkan. </FIVE-OF-WANDS-ONE >
<SIX-OF-WANDS-ONE >Kad ini menunjukkan anda sudah sedar bahawa masanya sudah tiba untuk anda berehat dari bekerja dan pergi berehat. Rehat ini sangat membantu kerana anda dapat berjumpa dengan orang ramai dan lakukan benda yang anda suka. </SIX-OF-WANDS-ONE >
<SEVEN-OF-WANDS-ONE >Kad ini menunjukkan anda terlalu terlibat dengan banyak aktiviti yang tidak dapat dikendalikan dengan baik dan menyebabkan anda berasa tidak selesa dan terganggu. Tetapi sukar untuk anda menyedarinya menyebabkan merasa tekanan. Jangan abaikan kesihatan anda dan juga jaga pemakanan anda terutama ketika berada di luar. </SEVEN-OF-WANDS-ONE >
<EIGHT-OF-WANDS-ONE >Kad ini menunjukkan anda dalam mood yang tenang dan sihat dari dalam dan anda mula tertarik dengan pasangan anda. Perkara ini juga membawa kepada percutian romantik dan beberapa aktiviti berahi yang membuatkan anda sibuk untuk seketika. </EIGHT-OF-WANDS-ONE >
<NINE-OF-WANDS-ONE >Kad ini menunjukkan keadaan fizikal anda sedang melalui fasa yang buruk dan anda akan berasa terabai dan sakit. Hal ini menyebabkan iritasi dan anda mungkin perlu kerap ke klinik dan berurusan dengan beberapa kertas kerja yang menyebabkan anda penat. </NINE-OF-WANDS-ONE >
<TEN-OF-WANDS-ONE >Kad ini menunjukkan kerja anda atau beberapa isu peribadi membahayakan anda dan memunuhi tanggungjawab yang banyak membuatkan anda berasa sangat letih secara fizikal. Tiada masa untuk anda berehat kerana anda sentiasa bekerja dan hal ini menyebabkan beberapa jenis penyakit. Anda perlu melambatkan beberapa perkara pada kadar yang munasabah. </TEN-OF-WANDS-ONE >
<PAGE-OF-WANDS-ONE >Anda perlu mengambil ubat untuk penyakit yang utama atau mungkin yang kecil juga. Kad ini menunjukkan bahawa anda berasa marah kerana perkara yang berlaku disekeliling anda dan hal ini mungkin mengenai kerja atau masalah peribadi. Anda perlu mengamalkan keutamaan kesabaran dan perlu praktikal dalam pendekatan anda. </PAGE-OF-WANDS-ONE >
<KNIGHT-OF-WANDS-ONE >Kad ini menunjukkan badan anda perlu melalui beberapa aktiviti yang mencabar kerana anda terperangkap antara banyak perkara dan anda akan merasa sangat letih. Hal ini juga mungkin disebabkan oleh keadaan mental anda. </KNIGHT-OF-WANDS-ONE >
<QUEEN-OF-WANDS-ONE >Kad ini menunjukkan anda sangat bertenaga dan memberi inspirasi untuk melakukan perubahan dalam gaya hidup anda untuk kesihatan anda. Anda sanggup mengubah perkara tertentu dalam hidup anda dan cuba untuk mendekati cara hidup yang lebih seimbang. </QUEEN-OF-WANDS-ONE >
<KING-OF-WANDS-ONE >Kad ini menunjukkan bahawa anda bersedia melakukan perkara baru tentang kesihatan anda dan jadual kecergasan dan juga akan berjumpa dengan pakar pemakanan. Mungkin juga terdapat masalah emosi seperti kebimbangan dan keresahan atau anda akan mengalami sakit. </KING-OF-WANDS-ONE >
<THE-MAGICIAN-ONE >Kad ini menunjukkan anda akan menghadapi tekanan pada masa sekarang. Beberapa kerja dan isu berkaitan rumah akan memakan diri anda dan anda tidak akan jumpa penyelesaian kepada masalah kesihatan kerana beberapa komplikasi dan keputusan yang tidak menentu. Anda perlu melawat beberapa doktor sebelum mencapai kesimpulan. </THE-MAGICIAN-ONE >
<THE-HIGH-PRIESTESS-ONE >Kad ini menunjukkan anda sudah lalui banyak perkara pada masa lalu dan hal ini memberi kesan kepada kestabilan mental dan fizikal anda. Tetapi masa sekarang sudah menjadi bertambah baik dan anda sudah merasa sangat lega dan mula menjadi lebih baik. </THE-HIGH-PRIESTESS-ONE >
<THE-EMPRESS-ONE >Kad ini menunjukkan anda sudah menghadapi banyak masalah yang berkaitan dengan badan terutama di leher. Anda perlu menghubungi bahagian rohani dan cuba mengenali badan anda, jadual yang bagus dan menyertai terapi fizikal atau yoga untuk menyegarkan anda. </THE-EMPRESS-ONE >
<THE-EMPEROR-ONE >Kad ini menunjukkan mungkin terdapat masalah yang serius berkaitan dengan kesihatan anda. Penjagaan dan langkah berjaga-jaga yang menyeluruh diperlukan untuk mengelakkan dari anda berasa sakit. Anda akan peroleh kekuatan dan berjaya melawan penyakit tetapi disarankan supaya anda tidak menunjukkan kecuaian terhadap badan anda lagi. </THE-EMPEROR-ONE >
<THE-HIEROPHANT-ONE >Kad ini menunjukkan anda perlu memberi perhatian lebih terhadapa kesihatan anda dari apa yang anda buat sekarang. Terdapat kemungkinan masalah tekanan darah tinggi atau rendah dan batuk yang teruk serta demam. Pemeriksaan harian diperlukan untuk memperbaiki keadaan anda. </THE-HIEROPHANT-ONE >
<THE-LOVERS-ONE >Kad ini menunjukkan badan anda dalam keadaan yang sangat sihat dan anda sangat gembira. Anda mungkin akan lebih dinamik secara fizikal dan menjadi lebih aktif. Anda akan menjaga badan anda dengan serius dan akan membina keseimbangan antara badan dan minda yang cerdas. </THE-LOVERS-ONE >
<THE-CHARIOT-ONE >Kad ini menunjukkan bahawa anda besungguh-sungguh sewaktu bekerja dan aktiviti lain serta tidak menjaga keperluan badan anda. Jika anda meneruskannya, anda mungkin akan jatuh sakit kerana memaksa diri atau mungkin menjadi terlalu penat dari segi mental. Ini adalah masa yang terbaik untuk berjumpa dengan doktor untuk pemeriksaan dan pergi ke tempat yang tenang pada hujung minggu. </THE-CHARIOT-ONE >
<STRENGTH-ONE >Kad ini menunjukkan kesihatan anda amat baik. Kad kekuatan ini melambangkan semangat yang tinggi dari segi fizikal dan mental dan walaupun terdapat isu kecil berkaitan dengan badan anda, dengan mudah anda boleh atasinya. Semangat dan usaha anda akan digalakkan dan dihargai oleh orang sekeliling anda. </STRENGTH-ONE >
<THE-HERMIT-ONE >Kad ini menunjukkan anda berasa terabai secara emosi dan merendahkan semangat anda secara mental. Terdapat kemungkinan anda mempunyai penyakit yang perlu diperiksa dan mengadakan temu janji bersama dengan doktor. Tetapi perkara ini tidak akan kekal lama dan menjadi lebih baik. </THE-HERMIT-ONE >
<WHEEL-OF-FORTUNE-ONE >Kad ini menunjukkan anda berasa sangat tidak stabil dan kerana kerja dan tekanan mental, anda akan merasa terlebih bekerja dan tertekan. Mungkin terdapat pemikiran yang negatif menghantui anda tetapi ianya hanya satu fasa dan akan berlalu begitu sahaja. </WHEEL-OF-FORTUNE-ONE >
<JUSTICE-ONE >Kad ini menunjukkan kemungkinan terdapat peluang untuk anda berjumpa dengan doktor untuk lakukan pemeriksaan biasa dan menemui masalah yang serius. Perkara ini mungkin kejutan tetapi doktor mempunyai pengalaman untuk bantu anda menghilangkan masalah kesihatan yang baru ini. </JUSTICE-ONE >
<THE-HANGED-MAN-ONE >Kad ini menunjukkan anda berasa resah dan bimbang tentang sesuatu. Inilah masanya anda berikan minda dan tubuh anda rehat sebelum ia mula menunjukkan tanda-tanda penyakit dan ianya amat membantu jika anda menjauhkan diri dari situasi tersebut atau orang yang menyebabkan anda salah anggap. </THE-HANGED-MAN-ONE >
<DEATH-ONE >Kad ini menunjukkan ada sesuatu sekeliling anda yang membuatkan anda rasa kurang berpuas hati. Inilah masanya anda akan berkata mengenai penyakit yang serius. Anda perlu memaksa diri anda untuk lihat sisi yang lebih cerah dan hal ini akan membantu anda mengatasi perkara yang buruk berlaku disekeliling. Anda akan dapat kasih sayang dan prihatin daripada keluarga sekarang. </DEATH-ONE >
<TEMPERANCE-ONE >Kad ini menunjukkan anda tidak mempunyai masa untuk berjumpa dengan doktor kerana jadual anda yang sibuk dan hal ini akan menjadi masalah pada masa hadapan. Anda perlu beri perhatian terhadap kesihatan anda dan beri keutamaan dengan pergi berjumpa dengan doktor dan pulihkan diri anda. </TEMPERANCE-ONE >
<THE-DEVIL-ONE >Kad ini menunjukkan bahawa keletihan dan kebimbangan berterusan membuatkan anda berasa lesu dan letih. Anda mungkin tidak menyedari pada mulanya tetapi anda akan dapati bahawa anda bekerja dengan terlalu banyak dan menyebabkan anda elak dari perkara lain dan menyebabkan tekanan yang memaksa anda untuk memakan pil. </THE-DEVIL-ONE >
<THE-TOWER-ONE >Kad ini menunjukkan bahawa anda akan melalui satu peristiwa yang malang yang menyebabkan lawatan ke hospital. Akan ada masa tertekan kerana hura-hara ini, tetapi anda akan bertahan. Mungkin juga ada ahli keluarga anda yang akan membantu semasa waktu yang memenatkan. </THE-TOWER-ONE >
<THE-STAR-ONE >Kad ini menunjukkan ada sesuatu yang memberi inspirasi kepada pemikiran baru dalam minda anda dan dengan bantuan rakan; anda akan membuat pelan untuk kesejahteraan. Proses ini mungkin membosankan dan anda mungkin perlu melalui beberapa pemeriksaan perubatan namun anda akan gembira kerana telah mengambil keputusan ini. </THE-STAR-ONE >
<THE-MOON-ONE >Kad ini menunjukkan bahawa anda akan hadapi masalah kesihatan yang biasa yang belum atau sudah muncul. Masalah ini mungkin kecil tapi perlukan perhatian anda kerana ianya akan kian meningkat jika diabaikan sekarang. Anda juga akan mengalami masalah sakit lutut dan sakit belakang. </THE-MOON-ONE >
<THE-SUN-ONE >Kad ini menunjukkan anda berasa tiada semangat dan hilang mood. Anda akan menganalisis diri anda secara dekat untuk mencari perkara yang buruk. Tiada masalah fizikal yang dikesan. Anda akan lebih baca tentang masalah kesihatan dan kesejahteraan untuk orang tersayang. </THE-SUN-ONE >
<JUDGEMENT-ONE >Kad ini menunjukkan anda mungkin menghadapi masalah ketidakstabilan fizikal kerana stress atau diet yang tidak menentu. Anda berasa bimbang dengan kesihatan orang tersayang dan anda akan cuba memberi tumpuan kepadanya. Beberapa lawatan ke hospital atau perjumpaan dengan doktor akan mengambil semua masa anda. </JUDGEMENT-ONE >
<THE-WORLD-ONE >Kad ini menunjukkan anda mungkin sudah mempunyai penyakit atau kecederaan dan akan beransur pulih daripadanya. Anda akan lihat dengan perlahan anda akan membuat kemajuan walaupun terdapat peluang kemungkinan cara yang salah oleh membawa kepada beberapa masalah. Sangat disyorkan untuk anda menimba ilmu tentang isu kesihatan anda dan mengambil langkah-langkah sewajarnya. </THE-WORLD-ONE >
<THE-FOOL-ONE >Kad ini menunjukkan anda mengambil berat tentang kesihatan anda dan akan melakukan pemeriksaan biasa. Gigi anda juga mungkin perlu diberi perhatina kerana anda perlu berjumpa dengan doktor gigi. Anda dapat mengetahui cara pemulihan dari seorang kawan dan anda sanggup untuk cuba cara ini.</THE-FOOL-ONE >
    </ROOT>
