<ROOT>
<ACE-OF-CUPS-ONE>このカードは、あなたの健康に関して現在全てがスムーズに作動しているように見えることを示します。あなたは気分がすっきりとして身体的にも精神的にも力がみなぎるように感じ、また慢性的な病気が何もないように感じます。また、よりあなたの気分を良くさせる精神性により近づきます。 </ACE-OF-CUPS-ONE >
<TWO-OF-CUPS-ONE >このカードは、あなたが愛する人の健康を保つのに苦闘しているので、健康面において困難があることを示します。これは重大な懸念事項の原因にもなり、病院に繰り返し通院することにもなります。 </TWO-OF-CUPS-ONE >
<THREE-OF-CUPS-ONE>このカードは、あなたが今賑やかなお祭りタイムを過ごし、十分すぎるほど良い気分で満たしたいと思っていることを示します。これはもうすぐ言い渡されなければならない何か重大な健康に関する懸念点を生じさせる原因となります。もしあなたが対策を行わなければ、病院に行くかリハビリを行わなければならなくなる可能性があります。 </THREE-OF-CUPS-ONE >
<FOUR-OF-CUPS-ONE>あなたは大きなストレスを抱えており、これはあなたの体に不調が起きる原因となる可能性があります。仕事などやるべきことがあろうとも、今あなたは休息時間を取る必要があります。それはあなたが少しイライラと感じることになるかもしれませんが、最終的にはあなたは快方に向かい、またこれはあなたの人生において新たなスタンスを与えることとなります。 </FOUR-OF-CUPS-ONE >
<FIVE-OF-CUPS-ONE>このカードは、あなたに過剰な旅行や仕事のプレッシャーがかかり、あなたが消耗して非常に疲れてしまうことを示します。これはまたあなたが予想する以上に深刻にあなたの健康面に影響し、問題を生じさせる可能性があります。あなたは優先的に胃腸に関連する問題に注意しなければなりません。 </FIVE-OF-CUPS-ONE >
<SIX-OF-CUPS-ONE >このカードは、あなたの気分はあまり優れず、この不安感があなたに身体的に、また精神的に影響することを示します。しかし、あなたはやるべきタスクを終わらせるために気持ちをしっかりと保ち、そして体調を回復させるのに役立つ休憩をとります。 </SIX-OF-CUPS-ONE >
<SEVEN-OF-CUPS-ONE>このカードは、あなたの体が現在安静を必要とする病気の症状が表れていることを示します。対処しなければならない何か慢性的な病気に悩むことになる可能性があります。あなたの手足や目に関連する問題がある可能性があり、回復するためにある程度期間様子を見なければならないことになります。 </SEVEN-OF-CUPS-ONE >
<EIGHT-OF-CUPS-ONE>このカードは、あなたの目や髪の毛に関して悩む時期で、投薬の期間が後に続くことを示します。これは、あなたの日常の家事に少し妨げになりストレスを感じさせることになりますが、心配すべき重大なことは何もなく、治癒回復はすぐに始まります。あなたの愛する人が、あなたが回復する際にお世話をしてくれます。 </EIGHT-OF-CUPS-ONE >
<NINE-OF-CUPS-ONE>このカードは、あなたの人生における浮き沈みが原因となり、今またはもうすぐ孤独や鬱に直面することを示します。あなたは今不安定な状態になり、あなたをしっかりと理解する人は誰もいないと感じます。この精神面の不穏な構造は、神経質な状態と薬を服用することにつながる可能性があります。 </NINE-OF-CUPS-ONE >
<TEN-OF-CUPS-ONE >このカードは、あなたの多忙で過密なスケジュールがバランスの欠いた食生活を生じさせ、胃の不調につながる可能性があることを示します。この過密なスケジュールは、一時的な孤独や不眠症につながる可能性があります。あなたが対策を講じればすぐに回復します。 </TEN-OF-CUPS-ONE >
<PAGE-OF-CUPS-ONE>このカードは、あなたが現在直面している状況において、あなたが非常に敏感であると感じ、あなたが容易に影響されうることを示します。この精神の状態は、あなたの身体的、または精神的な健康面に悪影響があると判明する可能性があります。事故に遭いやすいので気をつけてください。 </PAGE-OF-CUPS-ONE >
<KNIGHT-OF-CUPS-ONE>このカードは、あなたの健康面に関係する全てのことは現在良好であることを示します。あなたがすでにある種の病気に苦しんでいて、医者を訪ねているならば、あなたはあなたに与えられるかもしれない悪い知らせにもかかわらずあなたの状態が良くなることに気づくでしょう。 あなたはただ自分自身を信じ続け、あなたの体を大事にしなければならないでしょう。 </KNIGHT-OF-CUPS-ONE >
<QUEEN-OF-CUPS-ONE>このカードは、様々な人間関係や仕事のプレッシャーによりあなたが現在精神的に疲れており、また時折自分が無力であると感じていることを示します。あなたが医者や親戚に相談をするような悩みの種の症状がいくつかあるかもしれませんが、物事は着実に良くなっていきます。 </QUEEN-OF-CUPS-ONE >
<KING-OF-CUPS-ONE >このカードは、あなたが非常に落胆し、あなたが世界にとって役に立たない、または資質に欠けると自分で思ってしまう不穏な状況がある可能性を示します。これらの状況が依存につながらないようにしてください。 </KING-OF-CUPS-ONE >
<ACE-OF-PENTACLES-ONE>このカードは、あなたが現在あなたの人生において健康的な変化を起こしたいと思っていることを示します。もしあなたが何か病気を患っていたならば、これは早急な回復に良い時であなたはもうすぐ良い状態を実感するでしょう。あなたは最終的に良好に回復します </ACE-OF-PENTACLES-ONE >
<TWO-OF-PENTACLES-ONE>長時間働き、様々な責任を果たすことであなたは疲れを感じ、疲れ果てた気分になります。これらの状況はあなたの体にとって辛いものとなり得ますが、あなたはその状況の被害者とならないようにバランスをとって対処を試みる必要があります。 </TWO-OF-PENTACLES-ONE >
<THREE-OF-PENTACLES-ONE>このカードは、あなたに悪影響を与えることにつながる感情的な衰弱や突然の困難な状況に直面することを示します。これはあなたの健康に大きな打撃を与え得るので、あなたは注意しなければなりません。今後あなたにたくさんのことが待ち受けているので、休息するのは待たなければなりません。 </THREE-OF-PENTACLES-ONE >
<FOUR-OF-PENTACLES-ONE>このカードは、既存の病気の問題ともにあなたがいくつかの問題に直面し、病院に何回か通院しなければならなくなる可能性があることを示します。あなたはあなたの愛する人達とともに支援や助言を求めます。物事は少し手に負えなくなる場合があり、今あなたはしっかりする必要があります。 </FOUR-OF-PENTACLES-ONE >
<FIVE-OF-PENTACLES-ONE >このカードは、最近あなたが自身の健康を蔑ろにしてきたので、 軽度な病気が重大ではないですが少し深刻になった可能性があることを示します。これにより、あなたは健康診断に行かなければならない可能性があります。 </FIVE-OF-PENTACLES-ONE >
<SIX-OF-PENTACLES-ONE>このカードは、あなたが現在あなたの身の回りについて今まで以上により注意しなければならないことを示します。あなたは事故に遭いやすく、それゆえにあなたの周りの全ての物事に用心深く注意する必要があります。これは重大な時期で、もしあなたが注意を怠った場合に望まない結果につながる可能性があります。 </SIX-OF-PENTACLES-ONE >
<SEVEN-OF-PENTACLES-ONE>このカードは、現在あなたが非常に困難な時期に直面し、過剰な関与や肉体労働に関わることを全て避けるよう試みることを示します。あなたは、あなたの時間と集中力を費やすことになるいかなる物事に対して消極的になります。そしてこれは不本意にあなたを仕事から遠ざけます。 </SEVEN-OF-PENTACLES-ONE >
<EIGHT-OF-PENTACLES-ONE>このカードは、あなたのお肌が弱っている可能性があるので、あなたが保湿剤や日焼け止めなど全ての使用を止めるべき時だということを示します。あなたは仕事でたくさん出張をしなければいけなくなり、それはあなたの食生活に影響し、胃に関連する問題につながる可能性があります。 </EIGHT-OF-PENTACLES-ONE >
<NINE-OF-PENTACLES-ONE>このカードは、あなたまたはあなたに近しい誰かが病気や事故に遭ったことから回復していることを示します。また、あなたが良く知る誰かが重大な健康面の問題に対処している可能性もあります。あなたはあなたの親戚を援助しますが、あなたはそこから抜け出し、あなたを解放するのに役立つような経験をしたいと思っています。 </NINE-OF-PENTACLES-ONE >
<TEN-OF-PENTACLES-ONE >このカードは、あなたを非常に悩ませる何か個人的な問題をあなたが持っている可能性があることを示します。医療ケアが必要となり、あなたが新たな生き方に導くことになる、家族に近い誰かがいるでしょう。 </TEN-OF-PENTACLES-ONE >
<PAGE-OF-PENTACLES-ONE>このカードは、あなたが不安や非常に落ち着かなく感じていることを示します。あなたの体に関する問題がある可能性があります。あなたを非常に困惑させているある種の罪悪感があり、それを取り除きたいと思っているでしょう。体が感じる痛みには薬が必要となります。また、あなたは不眠により睡眠薬を服用したいと思うでしょう。 </PAGE-OF-PENTACLES-ONE >
<KNIGHT-OF-PENTACLES-ONE >誰かがあなたを不当に利用しようとしないのであれば、社会福祉は良いです。 あなたはこのために不安や興奮を感じるでしょうが、あなたは大胆な一歩を踏み出すことができるでしょう。 あなたがしたくないことについて考えることを妨げる可能性があるので、あなたは怠惰に座るよりも自分自身をアクティブに保とうとするでしょう。 </KNIGHT-OF-PENTACLES-ONE >
<QUEEN-OF-PENTACLES-ONE >このカードは、自然の力を借り、自然の治癒や浄化の方法を適用するのが最良だということを示します。もしあなたまたはあなたの愛する人のうち誰かが病気から回復している場合、これは早急な回復にとって良い時期です。 </QUEEN-OF-PENTACLES-ONE >
<KING-OF-PENTACLES-ONE >このカードは、あなたが身体的、また精神的に良い健康状態に向かっていることを示します。もしあなたが怪我や病気から回復している場合、あなたは大幅な改善を見せます。もし何か医療事務関連の問題があるとしても、すぐにそれは解決します。 </KING-OF-PENTACLES-ONE >
<ACE-OF-SWORDS-ONE >このカードは、気分が優れず憂鬱であなたが医療機関の診察を求めていることを示します。家族のメンバーはあなたをサポートします。またあなたの病気の治療法を見つける新たな方向性を追求する機会があり、それは有益だと判明します。 </ACE-OF-SWORDS-ONE >
<TWO-OF-SWORDS-ONE>このカードは、あなたの健康は比較的変化のある段階にあり、あなたは少し落ち着かない状態に見えることを示します。深刻ではないが健康面での問題がある可能性がありますが、あなたはあまり気分が良くない時に健康に気をつける必要があります。または、感染症にかかったり、微熱や風邪をひいたりする可能性があります。 </TWO-OF-SWORDS-ONE >
<THREE-OF-SWORDS-ONE>このカードは、あなたが極端に疲れ果て、安静と仕事からの休息を切望することを示します。あなたのストレスや身体的な消耗を加速する出来事がある可能性がありますが、あなたはあなたの健康のため精神的にしっかり保つ必要があります。あなたの不健康さはあなたの家族を心配させ、かれらが医者に相談することもあります。 </THREE-OF-SWORDS-ONE >
<FOUR-OF-SWORDS-ONE>このカードは、回復の時間は適切に経過し、あなたの精神的、そして感情的な心配事はついに落ち着くか、少なくとももうすぐ大幅に軽減されることを示します。あなたの身体的な健康は、少しダメージを受ける場合があり、そしてそれはあなたが健康診断や治療を受けることが必要となります。この場合、医者が大きな手助けになります。 </FOUR-OF-SWORDS-ONE >
<FIVE-OF-SWORDS-ONE >このカードは、なかなか治らない何かの病気のため、あなたがストレスやフラストレーションを抱えていることを示します。あなたのストレスを増長する何回かの通院が必要となり、無力さを感じますが、あなたは強くあろうと努めます。 </FIVE-OF-SWORDS-ONE >
<SIX-OF-SWORDS-ONE>このカードは、これはあなたの健康に関して最悪な時期の一部である可能性を示します。あなたを非常に悩ませる深刻な怪我や病気がある可能性があります。またあなたは特に足やひざを怪我する事故にあうかもしれません。また、一時的に入院をする可能性もありますが、物事は最終的には良くなります。 </SIX-OF-SWORDS-ONE >
<SEVEN-OF-SWORDS-ONE>このカードは、過度なストレスがあなたを圧倒しており、それは精神的・身体的にも大きなストレスを生じさせていることを示します。あなたは様々なことを対処するのに多忙すぎて、それが特にあなたの精神や身体に対して悪影響をもたらすことがあります。あなたは自分自身のために休息する時間を取り、あなた自身と体を回復させる必要があります。 </SEVEN-OF-SWORDS-ONE >
<EIGHT-OF-SWORDS-ONE>このカードは、あなたが注意を怠った場合に軽い事故などが起こる可能性を示します。カードは、家での何か危険な行いが原因となりあなたに不幸が起こりうることを示しているので、今あなたは通常以上に注意深くなる必要があります。あなたはまた、運転中や道を渡っている際に用心深くなる必要があります。この局面はすぐに過ぎ去ります。 </EIGHT-OF-SWORDS-ONE >
<NINE-OF-SWORDS-ONE>このカードは、鬱につながる個人的または仕事面での何か不快な状況に直面しなければならないことを示します。また、何か胃の不調につながりうる、食生活が不規則になる場合がありますが、あなたの愛する人たちがこの状況からあなたを助け出すでしょう。 </NINE-OF-SWORDS-ONE >
<TEN-OF-SWORDS-ONE >このカードは、今あなたが健康面の管理をすることを決断し、過去と決別し、未来に希望を持つことを示します。あなたの健康に関するある目標を設定し、あなたはこの決意を実現させるために生活様式にある変化をもたらすでしょう。 </TEN-OF-SWORDS-ONE >
<PAGE-OF-SWORDS-ONE>このカードは、特に仕事に関係する精神的なプレッシャーがありますが、あなたが辛抱強くそれに対処することを示します。あなたは背中の痛みがある、または歯医者に行くことになる可能性があります。しかし、全体的にはあなたは活力にみなぎり、あなたの愛する人達とともに時間を過ごします。 </PAGE-OF-SWORDS-ONE >
<KNIGHT-OF-SWORDS-ONE>このカードは、あなたの健康に関して何か様々な状態があることを示します。あなたは精神的に良い状態になり、またストレスや他の問題などから回復するでしょう。親戚や家族の友人に関する悪い知らせが届く可能性が最も高いので、あなたの家族はあなたを今必要とするでしょう。 </KNIGHT-OF-SWORDS-ONE >
<QUEEN-OF-SWORDS-ONE>このカードは、あなたが個人的なことと仕事上の優先順位の間でマルチタスクをしなければならず、あなたがやるべきこと全てに関して最善を尽くそうとすることを示します。結果として、あなたは疲れ果てて疲れているように感じるかもしれませんが、あなたはどういうわけかこれらすべての責任を通してうまくいくことに成功するでしょう。 </QUEEN-OF-SWORDS-ONE >
<KING-OF-SWORDS-ONE>このカードは、現在あなたは健康面において下降気味になっていることを示します。あなたは精神的にストレスを感じ、身体的に消耗し、そして何か軽度の問題で薬の服用をしなければならないでしょう。またあなたの愛する人達の誰かが入院することになる可能性もあります。 </KING-OF-SWORDS-ONE >
<ACE-OF-WANDS-ONE>このカードは、現在あなたが健康面により注意を払い、精神的または身体的な病気がある場合には、別の投薬治療を求めることになることを示します。どなたかあなたにある病気の自然な治療法を提案するかもしれませんが、あなたはそれらの方法を取り入れるでしょう。 </ACE-OF-WANDS-ONE >
<TWO-OF-WANDS-ONE>このカードは、あなたの体にも現れるあなたが身体に過度な負担をかけていることを示します。あなたは身体と精神に良い人工ミネラルの摂取をしなくてはならないでしょう。バランスを欠いた食生活は将来的に健康を害するので、健康的な習慣が強く推奨されます。 </TWO-OF-WANDS-ONE >
<THREE-OF-WANDS-ONE >このカードは、あなたが愛する人の健康に関して現在もっと懸念点があることを示します。その過程で、あなたはストレスを感じ休息が必要となるでしょう。健康を害することがあるので自分に過度に負担をかけないようにしてください。またあなたはもうすぐ歯医者へ行かなくてはならなくなるでしょう。 </THREE-OF-WANDS-ONE >
<FOUR-OF-WANDS-ONE>このカードは、あなたは個人的な生活において何か不快感を感じており、これがストレスになっていることを示します。他にも何か問題がある可能性があり、それはあなたが動揺したり、また予想外のどこか身体の部位に痛みを感じるなどあなたの健康面にも現れるでしょう。 </FOUR-OF-WANDS-ONE >
<FIVE-OF-WANDS-ONE >このカードは、あなたはついに患っていた病気から回復し、やっと精神と身体の良好で健康な状態を楽しめることを示します。あなたはあなたのパートナーと一緒に休暇を過ごす可能性が高く、それはとても楽しいバカンスになるでしょう。 </FIVE-OF-WANDS-ONE >
<SIX-OF-WANDS-ONE >このカードは、仕事から離れてあなた自身のための時間を持つ時期だということをあなたがやっと今実感していることを示します。この休息は、あなたが何か社交的な集まりに参加したり、好きなことを行ったりするのに役立つものです。 </SIX-OF-WANDS-ONE >
<SEVEN-OF-WANDS-ONE>このカードは、あなたが一度に対処できるよりももっと多くの物事に現在関わっており、それがあなたを非常に不安や煩わしさを感じさせていることを示します。しかし、現在あなたはこれをあまり認識しておらず、ストレスになっています。この追求であなたの健康を怠らないでください。あなたが特に外で食べているものを見なさい。 </SEVEN-OF-WANDS-ONE >
<EIGHT-OF-WANDS-ONE >このカードは、あなたが現在健康的に感じ軽快な気分であり、またあなたのパートナーに過度に惹きつけられていることを示します。またこれはロマンチックな外出や、しばらくあなたを忙しくさせる何かセクシャルな行動につながります。 </EIGHT-OF-WANDS-ONE >
<NINE-OF-WANDS-ONE>このカードは、あなたの身体的な状態は不良な段階にさしかかっており、あなたが健康を怠り病的になっているように感じることを示します。これは、あなたが通院や、また骨の折れる法的な事務作業に取り組まなければいけないような、何か面倒なことの原因となりえます。 </NINE-OF-WANDS-ONE >
<TEN-OF-WANDS-ONE>このカードは、あなたの仕事やまたは個人的な問題があなたに負担をかけ、多大な責任を果たそうとすることがあなたに身体的な疲れをひどく感じさせることを示します。あなたは常に用心しているので休む時間はほとんどなく、この状況は何か病気になる結果となりえます。あなたは適切なペースで物事をもっとゆっくりさせる必要があります。 </TEN-OF-WANDS-ONE >
<PAGE-OF-WANDS-ONE>あなたは、何か軽度の、または重度の病気のために薬を服用しなければいけなくなるでしょう。このカードは、あなたが仕事または個人的な問題に関するあなたの周りで起こる物事が原因でイライラを感じていることを示します。あなたは今辛抱強く物事を行い、あなたの方法で現実的にならなければいけないでしょう。 </PAGE-OF-WANDS-ONE >
<KNIGHT-OF-WANDS-ONE>このカードは、あなたがたくさんの物事にとらわれているのであなたの身体が何か厳しい活動・動作を経験しなければならず、ひどく疲れきって疲弊してしまうことを示します。これはまた、あなたの精神的な状態に色々と対処しなければならないでしょう。 </KNIGHT-OF-WANDS-ONE >
<QUEEN-OF-WANDS-ONE>このカードは、あなたが現在活力にみなぎり、あなたの健康のため生活様式に建設的な変化をもたらしたいという気持ちになっていることを示します。あなたは生活においてある物事を変えたいと思っており、もっとバランスのとれた生活を行おうと思っています。 </QUEEN-OF-WANDS-ONE >
<KING-OF-WANDS-ONE >このカードは、あなたが健康面やフィットネスの活動において何か臨機応変な取り組みをしたいと考えており、また栄養士に相談することを示します。心配や不安など何か感情的な問題やどこかに痛みを感じる症状などを患う可能性があります。 </KING-OF-WANDS-ONE >
<THE-MAGICIAN-ONE>このカードは、現在あなたがストレスのある時期に直面しなければならないことを示します。何か仕事や家に関する問題があなたに負担をかけ、複数の複雑な事情や不確かな結果が原因となり、あなたは健康面についての解決策を見つけられない可能性があります。正しい結果を得られるまでにあなたは複数の医者に行かなくてはならないでしょう。 </THE-MAGICIAN-ONE >
<THE-HIGH-PRIESTESS-ONE >このカードは、過去にあなたがたいそうな経験をし、それがあなたの精神的・身体的な安定に影響している可能性を示します。しかし、あなたがやっと快方に向かい良好になる時期であり、そしてまもなく気分が良くなり始めます。 </THE-HIGH-PRIESTESS-ONE >
<THE-EMPRESS-ONE>このカードは、あなたの身体、特に首に関係する問題に直面しなければならない可能性を示します。あなたは体のスピリチュアルな面を知る必要があり、あなたの身体が必要としていることを理解しようとしたり、あなた自身を再び活性化するために理学療法やヨガに参加するとよいでしょう。 </THE-EMPRESS-ONE >
<THE-EMPEROR-ONE>このカードは、あなたの健康に関係する何か深刻な問題がある可能性を示します。あなたが苦痛から解放されるには、注意と配慮が必要です。あなたは体力をつけて病気と闘いますが、あなたが身体に対してケアを怠らないようにすることが推奨されます。 </THE-EMPEROR-ONE >
<THE-HIEROPHANT-ONE>このカードは、あなたが現在行っているよりももっとあなたの健康について注意を向ける必要があることを示します。低血圧または高血圧や、重度の咳や風邪などの問題がある可能性があります。定期的な健康診断は、あなたの状態を改善するのに時間がかかることがあります。 </THE-HIEROPHANT-ONE >
<THE-LOVERS-ONE>このカードは、あなたの体は今以前よりも健康的であり、あなたがその状態を嬉しく思っていることを示します。あなたは現在身体的により活発な傾向にあり、より活動的であるようです。あなたはあなたの体が必要としていることを真剣に受け止め、健康的な身体と精神のバランスを取ろうとしています。 </THE-LOVERS-ONE >
<THE-CHARIOT-ONE>このカードは、あなたがあなたの仕事と他の活動に密接に関わりがあり、あなた自身の体が必要としていることに対処できていないことを示します。もしこの状態を継続した場合、あなたは過剰な負荷により病気に陥り、精神的に落ち着かなく感じることになる可能性があります。これは医者へ健康診断に行き、週末の間に不安を除き安心できるようにする良い機会です。 </THE-CHARIOT-ONE >
<STRENGTH-ONE >このカードは、あなたがとても健康になることを示します。力のカードは身体的・精神的に活発であることを意味し、またもしあなたの体に軽度の問題が何かあってもあなたはそれを容易に乗り越えます。あなたの周りにいる人たちはあなたの活力と熱意に勇気付けられ、ありがたく思います。 </STRENGTH-ONE >
<THE-HERMIT-ONE >このカードは、あなたは感情的に蔑ろにされ落ち込んだように感じ、それがあなたを精神的に疲れさせる可能性を示します。病院へ何回も通院することになる病気がある可能性があります。しかし、それは長くは続かず、すぐに事態は良くなっていきます。 </THE-HERMIT-ONE >
<WHEEL-OF-FORTUNE-ONE >このカードは、あなたが現在非常に不安定に感じ、仕事と精神的なプレッシャーによりあなたが過剰に気を張ってストレスを感じていることを示します。あなたの思考に取り付くネガティヴな考えがありますが、これは単に一時的な時期ですぐに過ぎ去ります。 </WHEEL-OF-FORTUNE-ONE >
<JUSTICE-ONE >このカードは、あなたは通常の健康診断のため医者に行き、重大な問題を発見する可能性を示します。これは予想外のこととして判明することもありますが、医者はこの新たな健康面での問題を解決するのに役立つ専門性を持っているでしょう。 </JUSTICE-ONE >
<THE-HANGED-MAN-ONE>このカードは、あなたは何かに対して不安と心配を感じていることを示します。今は、病気の症状が現れ始める前に、あなたの精神と身体を休息させる時期です。また、あなたがそのような不安な状況やあなたの心配事を増長させる人を避けることは、心配の解消に役立ちます。 </THE-HANGED-MAN-ONE >
<DEATH-ONE>このカードは、あなたの周りにある何かがあなたを不満にさせていることを示します。これはあなたが何か深刻な病気になっている時期です。あなたはあなた自身で物事の明るい側面を見るようにする必要があり、そうすることだけがあなたの周りに起こっている悪いことを克服するのに役立ちます。あなたは今あなたの家族よりたくさんの愛と思いやりを享受します。 </DEATH-ONE >
<TEMPERANCE-ONE>このカードは、あなたの多忙なスケジュールにより医者にかかる時間を持てず、これが近い将来問題を大きくさせる原因となることを示します。あなたはあなたの健康に気をつけ、手遅れになる前に医者にかかり、治療を受けることを優先させなければいけません。 </TEMPERANCE-ONE>
<THE-DEVIL-ONE>このカードは、疲労と絶えず続く心配があなたを無気力にさせ疲れを感じさせることを示します。あなたは最初実感しませんが、最終的にあなたは少し働きすぎておりそれが他の物事を避けている原因となり、薬を服用することになるような継続的なストレスを感じていることに気づきます。 </THE-DEVIL-ONE >
<THE-TOWER-ONE>このカードは、あなたが病院に通院することにつながる不幸な出来事を経験しなければならないことを示します。この混乱によりストレスを感じる時期がありますが、あなたは乗り越えます。また、そのような疲れる時期には家族のメンバーがあなたを手助けしてくれるでしょう。 </THE-TOWER-ONE >
<THE-STAR-ONE>このカードは、何かがあなたに新たな思考をもたらし、友人の支援とともにあなたがあなたの健康のために計画を立てることを示します。この過程は少し骨が折れるもので、あなたは何回か健康診断や検査に行かなくてはならなくなるでしょうが、あなたはこの決断をしたことに満足するでしょう。 </THE-STAR-ONE >
<THE-MOON-ONE>このカードは、いまだ現れていない、もしくは一部現れている何か一般的な健康面の問題にあなたが直面することを示します。これらの問題は軽度のように見えるかもしれませんが、怠りが増大する場合があるのであなたは注意をする必要があります。また、あなたはひざの痛みや背中の問題に直面するでしょう。 </THE-MOON-ONE >
<THE-SUN-ONE>このカードは、あなたは現在少しモチベーションが下がり、消極的になっていることを示します。あなたは今正しいことから間違ったことを探そうとあなた自身をしっかり分析します。あなたの愛する人達のうちの誰かのために、あなたは健康に関する問題や幸福についてもっと読み学ぶでしょう。 </THE-SUN-ONE >
<JUDGEMENT-ONE>このカードは、ストレスまたは不適切な食生活が原因の何か身体的な不安定さに直面しなければならない可能性を示します。あなたはあなたの愛する人の健康について懸念点があり、その問題を解決するのに最善を尽くそうとします。病院への通院や医者との面会があなたの時間を大幅にとります。 </JUDGEMENT-ONE >
<THE-WORLD-ONE>このカードは、あなたがすでに病気または怪我を患っていおり、それから回復していることを示します。あなたは回復が遅いと感じますが、何かの誤誘導により問題につながる可能性もありますが、着実に快方に向かっています。あなたがもっとあなたの健康問題について知識を得て、それに従い対処をすることが推奨されます。 </THE-WORLD-ONE >
<THE-FOOL-ONE>このカードは、あなたがあなたの健康面に懸念点を持っており、定期的な健康診断にいくことを示します。あなたの歯も注意が必要なので歯医者へ行かなければならなくなるでしょう。あなたは友人より新たな治療法について知り、それらの方法を試してみたいと思うでしょう。</THE-FOOL-ONE >
</ROOT>
