<?xml version="1.0" encoding="utf-8" ?>
<ROOT>
<ACE-OF-CUPS-ONE >Bạn có thể gặp những căng thẳng và khó xử đối với họ hàng và đó là nguyên nhân khiến bạn khó chịu. Bạn sẽ tìm kiếm những mối quan hệ mới. Điều này sẽ có kết quả và bạn sẽ hài lòng với điều mình có được. </ACE-OF-CUPS-ONE >
<TWO-OF-CUPS-ONE >Lá bài này cho biết bạn sẽ phải ra đi vì những lý do cá nhân hay công việc. Tuy nhiên, bất chấp những bất đồng nhất định với những người thân, mọi chuyện cuối cùng cũng được hóa giải. Bạn có thể sẽ tâm sự với ai đó không quá gần gũi những vẫn thân thiết. </TWO-OF-CUPS-ONE >
<THREE-OF-CUPS-ONE >Những sự kiện nhất định có thể bị trì hoãn do công việc hay vấn đề cá nhân, và điều đó sẽ khiến bạn hơi bực bội. Điều này dẫn đến cảm giác bị cô lập nhưng bạn sẽ nhận ra những người thân sẽ ở bên và giúp bạn cảm thấy khá hơn. </THREE-OF-CUPS-ONE >
<FOUR-OF-CUPS-ONE >Lá bài này báo hiệu một giai đoạn rất bận rộn và bạn cần kiên nhẫn xử lý. Đây có thể là thời gian thử thách đối với những người thân của bạn và bạn sẽ sớm nhận ra ai là người thực sự quan tâm đến mình. Bạn không nên giữ khoảng cách mà hãy chia sẻ vấn đề của mình và cho phép những người thân giúp đỡ bạn. </FOUR-OF-CUPS-ONE >
<FIVE-OF-CUPS-ONE >Đây có thể là một giai đoạn không mấy dễ chịu khi bạn phải từ bỏ những thứ nằm ngoài tầm kiểm soát của mình. Đây sẽ là một thời kỳ khó khăn giữa bạn và người thân. Một cuộc tranh cãi lớn có thể nổ ra và dẫn đến một kết quả không như ý. </FIVE-OF-CUPS-ONE >
<SIX-OF-CUPS-ONE >Thời gian này có thể giống như một kỳ nghỉ đối với bạn bởi có nhiều chuyến thăm tới người thân và bạn bè. Cuộc sống cá nhân của bạn có thể gặp những phức tạp nhất định và điều đó sẽ dẫn đến một số kết quả tương phản nhưng bạn sẽ xử lý nó khéo léo. </SIX-OF-CUPS-ONE >
<SEVEN-OF-CUPS-ONE >Có thể có những xung đột ý kiến nhất định trong gia đình của bạn và tình hình có thể trở nên căng thẳng. Bạn sẽ cần đến sự giúp đỡ để giải quyết tình hình ổn thỏa. Bạn sẽ làm tốt công việc của mình khi cố gắng cân bằng nhiều thứ nhưng vẫn đạt kết quả tốt. </SEVEN-OF-CUPS-ONE >
<EIGHT-OF-CUPS-ONE >Những kế hoạch đoàn tụ với những người thân của bạn có thể bị hoãn lại do những yếu tố không chắc chắn. Những người thân của bạn có thể phải đi khám bệnh một vài lần. Một số tin tốt lành sẽ đến với bạn. </EIGHT-OF-CUPS-ONE >
<NINE-OF-CUPS-ONE >Kế hoạch đi chơi trong một khoảng thời gian của bạn có thể bị hoãn lại vì có những điều khác tốt hơn sẽ đến với bạn. Trong khi đối mặt với những ốm đau phiền não mà những người thân của bạn đang chịu đựng, bạn sẽ cảm thấy luyến tiếc quá khứ, tuy nhiên hy vọng sẽ sớm hé mở với sự giúp đỡ từ bạn bè. </NINE-OF-CUPS-ONE >
<TEN-OF-CUPS-ONE >Bạn có thể phải đối mặt với một tình thế khó khăn và sẽ cân nhắc rời khỏi gia đình hay công việc khi bạn cho rằng sự việc không thể tồi tệ hơn được nữa. Bạn sẽ lắng nghe cảm xúc của mình và sẽ liên lạc với gia đình và bạn bè để lên kế hoạch đoàn tụ. </TEN-OF-CUPS-ONE >
<PAGE-OF-CUPS-ONE >Lá bài này cho biết giờ đây bạn sẽ cố gắng đơn giản hóa sự việc cho bản thân và một sự thay đổi may mắn trong cuộc sống sẽ giúp bạn làm điều đó. Bạn không nên quá gượng ép những vấn đề liên quan đến tiền bạc, tiền thuê hay bất động sản bởi vì chúng có thể không như kỳ vọng. Bạn có thể vô tình gặp một người bạn cũ hoặc người yêu cũ và điều này có thể dẫn đến một cuộc đoàn tụ. </PAGE-OF-CUPS-ONE >
<KNIGHT-OF-CUPS-ONE >Bạn đang suy nghĩ việc việc chuyển chỗ ở nhưng sẽ không quá gượng ép. Bạn nên cẩn thận vì một số tai nạn nhỏ quanh nhà có thể xảy ra. Những người thân của bạn có thể sẽ lên kế hoạch đi nghỉ và bạn sẽ mong chờ điều đó. Bạn sẽ liên lạc thường xuyên với bạn bè. </KNIGHT-OF-CUPS-ONE >
<QUEEN-OF-CUPS-ONE >Nơi ở của bạn có thể bị xáo trộn do có trẻ em, xây dựng, sửa chữa nhà cửa hay các vị khách. Gia đình bạn có thể gặp một số vấn đề và bạn sẽ phải hành động có trách nhiệm, nếu không bạn sẽ rơi vào tình cảnh không mong muốn. Sự xáo trộn này sẽ giúp bạn gần gũi hơn với bạn bè và bạn sẽ tìm thấy sự yên ổn nơi họ. </QUEEN-OF-CUPS-ONE >
<KING-OF-CUPS-ONE >Một sự kiện mới sẽ đến với bạn, nó có lợi và mang đến niềm vui cho bạn. Bạn sẽ nhận được một cuộc gọi ngoài dự kiến từ một người bạn và nó sẽ giúp bạn nâng cao tinh thần. Một số người họ hàng sẽ trao đổi vấn đề với bạn và bạn sẽ rất sẵn lòng giúp đỡ họ và cố gắng an ủi họ nhiều nhất có thể. </KING-OF-CUPS-ONE >
<ACE-OF-PENTACLES-ONE >Bạn đang có một quãng thời gian dễ chịu và nhiều triển vọng. Bạn sẽ có khả năng mua những thứ mà trước đây bạn không thể. Mối quan hệ của bạn với gia đình là tốt đẹp, mọi việc đâu vào đấy. Bạn có thể sẽ lên kế hoạch gặp gỡ những người bạn cũ hoặc có những kế hoạch ngẫu nhiên cùng với họ. </ACE-OF-PENTACLES-ONE >
<TWO-OF-PENTACLES-ONE >Bạn sẽ nhiều gặp khó khăn khi cân bằng những việc ở nhà. Bạn sẽ có một giai đoạn bị xao lãng và khó để tập trung vào cuộc sống cá nhân của mình. Những xao lãng này có thể là áp lực công việc. Bạn sẽ cảm thấy khá hơn khi bắt đầu giao lưu và gặp gỡ những người mới. </TWO-OF-PENTACLES-ONE >
<THREE-OF-PENTACLES-ONE >Lá bài này cho biết bạn sẽ chú tâm vào một số sở thích hoặc hoạt động, và một người thân hay ai đó bất ngờ sẽ mang đến cho bạn những món quà và cơ hội. Bạn và gia đình có thể phải trải qua một số khó khăn. </THREE-OF-PENTACLES-ONE >
<FOUR-OF-PENTACLES-ONE >Một triển vọng kinh doanh, bán hàng hay cơ hội khác sẽ sớm đến với bạn. Điều này cần đến sự hỗ trợ và hướng dẫn từ những người thân của bạn. Bạn sẽ lập kế hoạch cùng với bạn bè và có thể có những sự xung đột không mấy dễ chịu nhưng bạn có thể giải quyết chúng. </FOUR-OF-PENTACLES-ONE >
<FIVE-OF-PENTACLES-ONE >Lá bài này cho thấy bạn có thể phải đối mặt với những tình huống căng thẳng khi cố gắng cân bằng giữa tâm lý và cảm xúc tuy nhiên một số thành viên trong gia đình cũng cần đến sự chỉ dẫn của bạn. Bạn sẽ thấy nhớ bạn bè nhưng không có thời gian để liên lạc với họ. </FIVE-OF-PENTACLES-ONE >
<SIX-OF-PENTACLES-ONE >Bạn có thể cảm thấy không thoải mái với một số người bạn hay đồng nghiệp do có những vấn đề. Bạn đang làm việc quá sức mà không hề thư giãn, và bạn cần giải lao trước khi có những hệ lụy. Một thành viên trong gia đình của bạn có thể cảm thấy không vui và muốn ở một mình hay đi hành hương. </SIX-OF-PENTACLES-ONE >
<SEVEN-OF-PENTACLES-ONE >Bạn sẽ cảm thấy lo lắng và bất an bởi một số nguồn tài chính của bạn bị bế tắc nhưng tiền sẽ đến từ những nguồn khác. Một số vấn đề liên quan đến sức khỏe sẽ khiến bạn phải nghỉ ngơi trong một khoảng thời gian. Bạn sẽ có thời gian để liên lạc với bạn bè và dành thời gian với họ. </SEVEN-OF-PENTACLES-ONE >
<EIGHT-OF-PENTACLES-ONE >Bạn sẽ khá bối rối khi tìm những giải pháp cho các vấn đề liên quan đến nhà bạn. Hiện tại bạn và gia đình có thể đối xử không hòa hợp và các kế hoạch sẽ gặp những chướng ngại. Bạn sẽ đạt được cân bằng giữa cuộc sống cá nhân và công việc và sẽ dành thời gian cho những người thân. </EIGHT-OF-PENTACLES-ONE >
<NINE-OF-PENTACLES-ONE >Bạn sẽ bận rộn trong một khoảng thời gian với một công việc mà bạn có thể làm tại nhà hoặc chỉ qua điện thoại. Gia đình và bạn bè sẽ sát cánh và hướng dẫn bạn trong khi bạn đưa ra những quyết định quan trọng. Bạn sẽ tham gia thảo luận về công việc và điều đó sẽ giúp bạn gần gũi với bạn bè và đồng nghiệp hơn. </NINE-OF-PENTACLES-ONE >
<TEN-OF-PENTACLES-ONE >Lá bài này cho biết giờ đây bạn sẽ thích tụ tập giao lưu và dành thời gian cho gia đình và bạn bè. Bạn sẽ cảm thấy gắn kết hơn với gia đình và họ sẽ sẵn lòng hướng dẫn bạn. Đây là lúc bạn gặp một số người mới và họ sẽ trở thành một phần trong cuộc sống của bạn. </TEN-OF-PENTACLES-ONE >
<PAGE-OF-PENTACLES-ONE >Bạn có thể sẽ thấy kiệt sức do thời gian biểu dày đặc và sẽ thử lên kế hoạch ra ngoài với những người thân. Có thể có một mối quan hệ hợp tác mà bạn trông chờ nhưng nó sẽ không như ý muốn của bạn và khiến bạn bực mình. Tuy nhiên bạn sẽ nỗ lực để duy trì mối quan hệ. </PAGE-OF-PENTACLES-ONE >
<KNIGHT-OF-PENTACLES-ONE >Giờ đây bạn sẽ có tinh thần rất phấn chấn và có thể sẽ đi mua sắm hay ra ngoài để chi tiêu lớn. Sẽ có sự căng thẳng nhất định giữa bạn và một thành viên trong gia đình, bởi vì lẽ đó bạn sẽ hạn chế ở cạnh họ quá nhiều. Giờ đây bạn sẽ tìm thấy sự hỗ trợ từ bạn bè và nếu có sự khác biệt nào thì chúng sẽ được hóa giải. </KNIGHT-OF-PENTACLES-ONE >
<QUEEN-OF-PENTACLES-ONE >Lá bài này cho biết bạn sẽ lập những kế hoạch tương lai cho sự nghiệp, gia đình và bạn bè. Trong khi tán gẫu với bạn bè, bạn sẽ nảy ra những ý tưởng độc đáo mới lạ. Bạn sẽ cảm thấy gần gũi với gia đình và mong muốn trợ giúp giải quyết những vấn đề. </QUEEN-OF-PENTACLES-ONE >
<KING-OF-PENTACLES-ONE >Giờ đây bạn sẽ bận rộn với những hoạt động liên quan đến giấy tờ. Bạn sẽ dành thời gian cho bạn bè và điều đó cũng có lợi cho bạn. Một tình thế khiến bạn muốn đi nghỉ hay dã ngoại với gia đình nhưng mọi việc sẽ phải được gác lại. </KING-OF-PENTACLES-ONE >
<ACE-OF-SWORDS-ONE >Một số bất ngờ thú vị sẽ chờ đón bạn và bạn sẽ thấy hài lòng. Sẽ có nhiều áp lực và sự khó chịu giữa các thành viên trong gia đình và điều này khiến bạn cảm thấy cách biệt. Bạn sẽ cố gắng mở lòng với bạn bè cũng như tìm kiếm lời khuyên và sự an ủi từ họ. </ACE-OF-SWORDS-ONE >
<TWO-OF-SWORDS-ONE >Có thể bạn sẽ rời xa người thân vì những lý do khác nhau. Bạn sẽ gặp một số vấn đề về tài chính và nếu may mắn, bạn sẽ nhận được sự giúp đỡ rất lớn từ ai đó. Hãy kiên nhẫn và tất cả những tranh luận sẽ nhanh chóng yên ả. </TWO-OF-SWORDS-ONE >
<THREE-OF-SWORDS-ONE >Giống như câu chuyện trong mọi gia đình khác, có thể bạn sẽ thấy chán nản do những áp lực phải đáp ứng kỳ vọng cao. Bạn có thể cảm thấy bất ổn do sự mặc cảm nào đó và bạn sẽ quyết định giải quyết vấn đề và trở lại quỹ đạo bình thường. </THREE-OF-SWORDS-ONE >
<FOUR-OF-SWORDS-ONE >Bạn có thể phải thực hiện những thủ tục pháp lý và đây không phải là một trải nghiệm quá dễ chịu. Bạn sẽ cảm thấy bất lực trong những tình cảnh nhất định khi bạn chứng kiến một người thân trải qua một giai đoạn khó khăn. Đó có thể không phải là quãng thời gian tốt nhất dành cho bạn bè bởi vì bạn sẽ cảm thấy thất vọng. </FOUR-OF-SWORDS-ONE >
<FIVE-OF-SWORDS-ONE >Sau một chuỗi điều trị, bạn sẽ không còn phải đến gặp bác sỹ nữa và cảm thấy khá lên. Gia đình sẽ cảm thấy nhớ lúc bạn khỏe và sẽ đứng bên bạn. Bạn có thể phải gánh nhiều trách nhiệm và điều này có thể gây nên sự chán nản. Bạn sẽ thích đi mua sắm đặc biệt dành cho gia đình. </FIVE-OF-SWORDS-ONE >
<SIX-OF-SWORDS-ONE >Lá bài này cho thấy bạn có thể đối mặt với những trở ngại và khó khăn trong khi giải quyết những vấn đề liên quan đến nhà cửa. Bạn sẽ thấy rất gắn kết với gia đình và cố gắng ở bên gia đình và bạn bè nhiều hơn. Bạn cũng sẽ cố gắng chỉ dẫn cho những người thân của mình. </SIX-OF-SWORDS-ONE >
<SEVEN-OF-SWORDS-ONE >Lá bài cho thấy bạn sẽ có một cuộc gặp gỡ bất ngờ với một người bạn cũ và cuộc gặp sẽ diễn ra khá tốt đẹp. Những chuyện nhỏ nhặt có thể tích lũy vào những vấn đề của bạn và khiến bạn cảm thấy khó chịu. Có thể có những tranh luận và xung đột lợi ích giữa bạn và gia đình nhưng bạn vẫn sẽ duy trì mối quan hệ. </SEVEN-OF-SWORDS-ONE >
<EIGHT-OF-SWORDS-ONE >Bạn có thể gặp một số vấn đề liên quan đến những người bạn nhất định và sẽ phải đưa ra quyết định cứng rắn. Có thể có một giai đoạn lãng mạn khi bạn gắn kết với người yêu. Bạn sẽ tận hưởng khoảng thời gian ý nghĩa bên gia đình và cảm thấy cực kỳ hạnh phúc. </EIGHT-OF-SWORDS-ONE >
<NINE-OF-SWORDS-ONE >Lá bài này cho biết bạn đang cảm thấy bất an đối với một ai đó. Có thể một người họ hàng của bạn đang giải quyết những vấn đề về tiền bạc và bạn sẽ cố gắng giúp họ. Điều này giúp tạo nên tiếng tốt về bạn giữa những người họ hàng. Bạn có thể phải rời xa một người hay một thứ gì đó dễ làm tổn thương cảm xúc của bạn. </NINE-OF-SWORDS-ONE >
<TEN-OF-SWORDS-ONE >Bạn sẽ đăng ký tham gia một số chương trình chất lượng để phát triển bản thân và tăng cường sự tập trung. Bạn có thể cảm thấy hơi cô lập và bất an nhưng sẽ cố gắng giải quyết nó. Một người thân có thể làm tổn thương bạn và điều này đặt bạn vào tình thế tiến thoái lưỡng nan. </TEN-OF-SWORDS-ONE >
<PAGE-OF-SWORDS-ONE >Có thể có những tin tức không dễ chịu khiến tâm trạng bạn xuống dốc nhanh chóng. Bạn có thể sẽ lên kế hoạch đến thăm một người họ hàng ở xa hoặc ngược lại. Bạn sẽ liên tục nỗ lực tạo dựng và vun đắp cuộc sống tình cảm của mình, và nửa kia hay người yêu của bạn sẽ trân trọng điều đó. </PAGE-OF-SWORDS-ONE >
<KNIGHT-OF-SWORDS-ONE >Lá bài này cho biết bạn sẽ tận hưởng chuỗi tiệc tùng bất tận và thường xuyên có tinh thần phấn khởi. Có thể có những mâu thuẫn nhất định trong gia đình và bạn sẽ sẵn sàng lắng nghe và nỗ lực để cải thiện tình hình. Điều này cũng đòi hỏi sự chỉ dẫn từ một người thân. </KNIGHT-OF-SWORDS-ONE >
<QUEEN-OF-SWORDS-ONE >Lá bài này cho biết đây sẽ là một giai đoạn chông gai đối với bạn. Những tin xấu có thể sẽ ùa về từ mọi phía bao gồm gia đình và bạn bè. Bạn sẽ gặp khó khăn trong nỗ lực giải quyết tình hình nhưng những người thân sẽ cố gắng hết sức để giúp bạn cảm thấy thoải mái hơn. </QUEEN-OF-SWORDS-ONE >
<KING-OF-SWORDS-ONE >Có thể có những xung đột về cách sống giữa bạn và gia đình, và điều đó khiến bạn bực bội. Thậm chí bạn còn nghĩ đến việc chuyển tới nhà nghỉ hay một căn hộ mới. Những rắc rối sẽ bám theo bạn và nếu bất cẩn, bạn có thể bất ngờ rơi vào một vụ tai tiếng. </KING-OF-SWORDS-ONE >
<ACE-OF-WANDS-ONE >Bạn sẽ gặp những vấn đề về công việc và theo ý kiến của gia đình, bạn sẽ quyết định bỏ việc và bắt đầu tự kinh doanh. Những thủ tục giấy tờ có thể gây ra sự trì hoãn và bạn sẽ phải hủy bỏ những cuộc gặp mặt hay đoàn tụ nhất định. </ACE-OF-WANDS-ONE >
<TWO-OF-WANDS-ONE >Lá bài này cho biết bạn sẽ hòa giải những vấn đề với một thành viên trong gia đình và cố gắng đưa mọi chuyện về quỹ đạo bình thường. Những tin tức quan trọng đang đến với bạn và thông tin này sẽ có ích cho bạn trong tương lai. Bạn sẵn lòng giúp đỡ một người bạn những sẽ phát hiện ra ý đồ của họ không như bạn nghĩ. </TWO-OF-WANDS-ONE >
<THREE-OF-WANDS-ONE >Những người lớn tuổi trong gia đình sẽ cho bạn những lời khuyên đáng giá về những thủ tục giấy tờ và tài chính. Bạn sẽ tạm gác lại mọi thứ để làm công việc yêu thích và đây là một bước đi táo bạo. Bạn sẽ tìm kiếm sự hỗ trợ từ bạn bè và cố gắng nuôi dưỡng ước mơ liên quan đến những người thân của bạn. </THREE-OF-WANDS-ONE >
<FOUR-OF-WANDS-ONE >Bạn sẽ phải đối mặt với những căng thẳng và chán nản do những cuộc cãi vã và xung đột trong gia đình. Tuy nhiên, cuối cùng bạn và những người thân sẽ hòa giải và duy trì sự yên ổn. Có thể có ai đó không muốn tốt cho bạn và cố gắng lừa gạt bạn làm điều sai trái, do đó bạn nên thận trọng. </FOUR-OF-WANDS-ONE >
<FIVE-OF-WANDS-ONE >Bạn sẽ cảm thấy khó chịu và bực mình trước những tình huống nằm ngoài tầm kiểm soát phát sinh từ người bên ngoài. Có thể có ai đó đang ngấm ngầm phá hoại gia đình và nhà cửa của bạn, do đó bạn nên thận trọng. Gia đình và bạn bè sẽ giúp bạn vượt qua một quá trình thanh lọc bên trong. </FIVE-OF-WANDS-ONE >
<SIX-OF-WANDS-ONE >Lá bài này cho biết dù bạn không quá hài lòng với những nỗ lực cá nhân, bạn sẽ cố gắng bắt kịp gia đình hay một người bạn và lên kế hoạch một chuyến du lịch vui vẻ với họ. Bạn có thể phải giải quyết những vấn đề tài chính mà một người họ hàng của bạn đang gặp phải. </SIX-OF-WANDS-ONE >
<SEVEN-OF-WANDS-ONE >Bạn sẽ phải thu xếp giữa lịch làm việc tất bật và thời gian dành cho gia đình và điều này sẽ xâm lấn cuộc sống riêng tư của bạn nếu bạn không biết cách cân bằng. Bạn sẽ liên lạc với một người bạn cũ và đây là một cuộc gặp gỡ thú vị. </SEVEN-OF-WANDS-ONE >
<EIGHT-OF-WANDS-ONE >Lá bài này cho biết bạn sẽ phải vật lộn giữa công việc và nhà cửa, và hầu như không có thời gian dành cho gia đình. Bạn có thể sẽ ăn mừng do có tin vui trong gia đình. Bạn sẽ phải cư xử với bạn bè cẩn thận bởi vì có thể có những hiểu lầm. </EIGHT-OF-WANDS-ONE >
<NINE-OF-WANDS-ONE >Bạn sẽ cố gắng giúp đỡ một người họ hàng về những vấn đề pháp lý và thủ tục giấy tờ liên quan. Những vấn đề với một người bạn cũ sẽ được hóa giải và sẽ có một cuộc hội ngộ. Bạn đang hồi hộp chờ đợi tin tức nào đó từ một người thân và nó khiến bạn bồn chồn. </NINE-OF-WANDS-ONE >
<TEN-OF-WANDS-ONE >Sẽ có nhiều gánh nặng công việc được chất lên vai bạn và bạn sẽ nỗ lực hoàn thành những cam kết của mình. Bạn sẽ cần lưu tâm không chỉ riêng công việc mà còn những vấn đề cá nhân. Có thể có cãi cọ giữa bạn và một người thân hay một người bạn, và bạn sẽ không biết phải cứu vãn tình hình ra sao. Điều này là không tốt cho bạn cũng như người kia. </TEN-OF-WANDS-ONE >
<PAGE-OF-WANDS-ONE >Bạn sẽ trải qua một giai đoạn chông gai và mong muốn tạm thời ở một mình và điều này sẽ khiến gia đình và bạn bè của bạn lo lắng. Bạn sẽ cố gắng lo liệu mọi việc trong cuộc sống và đưa ra những quyết định chín chắn. Để làm được điều này đòi hỏi sự hỗ trợ từ một người bạn. </PAGE-OF-WANDS-ONE >
<KNIGHT-OF-WANDS-ONE >Bạn có thể sẽ đi chơi ngắn để làm mới bản thân và dành nhiều thời gian hơn cho nửa kia của mình. Mọi việc sẽ không như dự kiến đối với các thành viên trong gia đình và bạn bè của bạn do những sự kiện bất thường, và bạn sẽ phải dành thời gian để hỗ trợ và chỉ dẫn một người bạn. </KNIGHT-OF-WANDS-ONE >
<QUEEN-OF-WANDS-ONE >Bạn sẽ có tâm trạng để nghĩ về những điều tâm linh và muốn áp dụng kỷ luật hay quy tắc lên bản thân. Có khả năng bạn sẽ có những mối quan hệ mới, hoặc những mối quan hệ cũ sẽ được làm mới và củng cố. </QUEEN-OF-WANDS-ONE >
<KING-OF-WANDS-ONE >Lá bài này cho biết bạn có thể phải giải quyết những tình huống liên quan đến bệnh tật. Có thể có những sự việc sẽ đòi hỏi bạn chuyển đến một nơi khác. Cuối cùng bạn sẽ có thể giải tỏa cảm giác bị cô lập và mọi việc sẽ trở nên suôn sẻ hơn. </KING-OF-WANDS-ONE >
<THE-MAGICIAN-ONE >Hiện giờ bạn đang tập trung vào những sự khởi đầu mới và bạn không nên theo đuổi những thứ xa vời. Bạn sẽ sớm nhận được sự giúp đỡ thích hợp và quý giá từ một người bạn. Bạn sẽ lập những kế hoạch cùng với một người họ hàng hoặc có thể có những thay đổi trong kế hoạch với người thân của bạn. </THE-MAGICIAN-ONE >
<THE-HIGH-PRIESTESS-ONE >Lá bài này cho biết có một bất ngờ thú vị được dành cho bạn và bạn sẽ rất hồi hộp trong khi chờ đón nó. Giờ đây bạn sẽ không cảm thấy gắn kết với các thành viên trong gia đình do những căng thẳng nhất định, trong khi những mối quan hệ bạn bè sẽ được cải thiện. </THE-HIGH-PRIESTESS-ONE >
<THE-EMPRESS-ONE >Bạn sẽ cảm thấy hơi phân tán do những cuộc thảo luận khác nhau trong gia đình và bạn thực sự mong có được sự thanh thản. Bạn cũng sẽ cân nhắc lựa chọn đi xa một thời gian. Bạn sẽ cảm thấy khá tội lỗi về điều gì đó mà bạn đã làm với một người bạn, và đây là lúc để bạn đối mặt nỗi sợ hãi và thú nhận. </THE-EMPRESS-ONE >
<THE-EMPEROR-ONE >Nếu bạn dự định đi thăm một người họ hàng hay người thân, chuyến thăm sẽ thành công nhưng hành trình sẽ không mấy suôn sẻ. Đây là giai đoạn bạn sẽ có nhiều bạn bè xung quanh, những người sẽ hỗ trợ, thậm chí truyền cảm hứng cho bạn khi bạn cảm thấy buồn. </THE-EMPEROR-ONE >
<THE-HIEROPHANT-ONE >Lá bài này cho biết bạn mong muốn không khí ở nhà vui vẻ hơn và sẽ có tin tốt đến với bạn. Bạn sẽ có một khoảng thời gian khó khăn đối với một người bạn, tuy nhiên chỉ cần trao đổi với nhau cũng giúp lắng dịu sự việc và bạn sẽ có thể hiểu và giải quyết tình hình ổn thỏa. </THE-HIEROPHANT-ONE >
<THE-LOVERS-ONE >Bạn giờ đây sẽ nhận ra không phải tất cả mọi người đều là bạn bè và một số người sẽ phản bội bạn nếu bạn không chủ động làm điều gì đó. Bạn sẽ hòa thuận với gia đình và có thể sẽ lên một kế hoạch đoàn tụ vì một cuộc ăn mừng nhỏ hay những tin tức tốt lành. Một số người họ hàng có thể bộc lộ sự giận giữ do đó bạn nên cẩn thận. </THE-LOVERS-ONE >
<THE-CHARIOT-ONE >Bạn sẽ cập nhật thông tin về những người bạn cũ và điều này sẽ là một sự thay đổi tươi mới trong cuộc sống căng thẳng của bạn. Bạn mong muốn giúp đỡ một người họ hàng gặp đang rắc rối nhưng họ sẽ không nghe bất kỳ điều gì, khiến bạn cảm thấy có lỗi và bất lực. Bạn sẽ cần những dẫn chứng vững chắc để xác minh những yêu cầu của bạn liên quan đến gia đình. </THE-CHARIOT-ONE >
<STRENGTH-ONE >Lá bài này cho biết bạn sẽ có thời gian vui vẻ với bạn bè và có thể nảy sinh tình cảm với một người bạn khác giới. Bạn sẽ có một thời gian khó khăn với gia đình vì những lý do tài chính. Có thể có những tranh cãi lớn hoặc thậm chí đổ vỡ nếu sự việc vượt quá tầm kiểm soát. </STRENGTH-ONE >
<THE-HERMIT-ONE >Có khả năng bạn sẽ nói chuyện với một thành viên trong gia đình hay người bạn sau một khoảng thời gian dài. Nếu bạn đang gặp khó khăn với một người thân, sự việc sẽ được hóa giải. Bạn sẽ nhận được sự chỉ dẫn cho các vấn đề về công việc hay tài chính từ một người thân và điều này sẽ rất hữu ích. </THE-HERMIT-ONE >
<WHEEL-OF-FORTUNE-ONE >Lá bài này cho biết một thành viên trong gia đình sẽ gây cho bạn nhiều sự chán chường và thất vọng, và bạn mong muốn đi xa khỏi người đó. Bạn có thể phải đi khám bác sỹ một vài lần do một phiền não trong gia đình và điều này sẽ gây ra nhiều căng thẳng. </WHEEL-OF-FORTUNE-ONE >
<JUSTICE-ONE >Rất có khả năng một thành viên trong gia đình hay một người họ hàng của bạn sẽ gặp những rắc rối, và điều này sẽ ảnh hưởng tới bạn và quyết định của bạn. Sự việc sẽ không được suôn sẻ như bạn trông đợi, sẽ có những phức tạp với gia đình và bạn bè nhưng giai đoạn này cuối cùng sẽ qua đi. </JUSTICE-ONE >
<THE-HANGED-MAN-ONE >Gia đình và bạn bè sẽ ủng hộ bạn trong công việc mới mà bạn đang theo đuổi và một người thân cũng sẽ cho bạn những chỉ dẫn. Có thể có những tranh luận nhưng chỉ vì thay đổi quan điểm và chúng sẽ được hóa giải dễ dàng. Bạn sẽ phải nỗ lực để duy trì những mối quan hệ cũ. </THE-HANGED-MAN-ONE >
<DEATH-ONE >Lá bài này cho biết đây sẽ là giai đoạn triển vọng cho bạn và gia đình, và bạn có thể sẽ cân nhắc học những công việc nhà với những lý do khác nhau. Có thể có những thay đổi và tình huống khó xử giữa bạn và bạn bè do những trường hợp bất thường, tuy nhiên bạn sẽ sớm đưa mọi việc trở về tình trạng như trước. </DEATH-ONE >
<TEMPERANCE-ONE >Bạn sẽ nhận thấy gia đình và họ hàng sẽ rất ủng hộ bạn và cho bạn những lời khuyên đúng đắn về cuộc sống cá nhân của bạn. Sẽ có những sóng gió cảm xúc giữa bạn và một người thân. Bạn sẽ phải giữ bình tĩnh và xử lý tình huống bởi bạn có thể bị kích động dễ dàng. </TEMPERANCE-ONE >
<THE-DEVIL-ONE >Lá bài này cho biết cảm xúc của bạn sẽ dâng trào và bạn sẽ thấy khó khăn để truyền đạt điều bạn mong muốn, tuy nhiên sẽ cố gắng cân bằng trong thời gian này. Trong đầu bạn có thể xuất hiện rất nhiều xung đột bởi vì bạn có nhiều suy nghĩ phiền nhiễu đồng thời. </THE-DEVIL-ONE >
<THE-TOWER-ONE >Đây sẽ là một khoảng thời gian không mấy dễ chịu bởi bạn phải đối mặt với những sự thật khó khăn về tài chính và cá nhân. Điều này có thể dẫn đến sự suy sụp nhưng những người thân sẽ giúp bạn vượt qua. Bạn sẽ vừa may mắn vừa không may mắn trong những tình huống bạn đối mặt. </THE-TOWER-ONE >
<THE-STAR-ONE >Bạn sẽ nhận thấy một số người họ hàng của bạn gặp rắc rối về thủ tục giấy tờ và bạn sẽ giúp đỡ họ ngay. Bạn có thể nghe được một tin tốt lành từ ai đó, nó sẽ rất kích thích và cho bạn cảm giác thân thiết, giúp bạn cảm thấy thoải mái và nhẹ nhàng. </THE-STAR-ONE >
<THE-MOON-ONE >Những tình huống có thể phát sinh khiến bạn cảm thấy dễ bị tổn thương, bối rối và không chắc chắn. Bạn có thể đang suy nghĩ theo cảm xúc về một người bạn hay người thân và điều này khiến bạn trăn trở về những điều nên làm hay không nên làm. Bạn sẽ thấy nản lòng với những kế hoạch gặp gỡ một người bạn hay một người họ hàng. </THE-MOON-ONE >
<THE-SUN-ONE >Bạn đang cố gắng thu xếp ổn thỏa mọi việc bởi vì bạn muốn có một cuộc sống cân bằng. Bạn sẽ trao đổi với họ hàng nhưng sẽ cảm thấy họ không ủng hộ bạn. Bạn sẽ nghĩ đến việc kết hợp công việc và thú vui hay cố gắng kết bạn nơi công sở nhưng điều này không phải là ý kiến hay. </THE-SUN-ONE >
<JUDGEMENT-ONE >Lá bài này cho biết bạn sẽ phải đưa ra những quyết định rất quan trọng và điều này sẽ có sự tham gia của một người bạn cũ hay một người thân. Những tin tốt lành có thể đến với bạn qua bạn bè hoặc họ hàng. Mối quan hệ của bạn với bạn bè và họ hàng sẽ trở nên bền vững hơn. </JUDGEMENT-ONE >
<THE-WORLD-ONE >Sẽ có nhiều áp lực tích tụ trong đầu bạn và nó có thể đạt tới đỉnh điểm trước khi bộc phát. Bạn cần đi nghỉ dưỡng hoặc đi xa một thời gian. Bạn sẽ tìm sự hỗ trợ từ bạn bè và một số người sẽ sẵn lòng trợ giúp và an ủi bạn. </THE-WORLD-ONE >
<THE-FOOL-ONE >Bạn có thể giúp đỡ một người họ hàng nhưng người đó có thể bỏ lỡ cơ hội này do bất cẩn. Bạn sẽ được một người gần gũi với mình chỉ ra rằng bạn đang tỏ ra dễ tổn thương và do đó người khác có thể lợi dụng bạn. Điều này không tốt về lâu dài.</THE-FOOL-ONE >
    </ROOT>
