<ROOT>
<ACE-OF-CUPS-ONE >这张牌指出你现在对自己感到很满足，而且爱、喜悦和浪漫这些感觉主导了你的心灵。你很有可能会和喜欢你的某人取得联系，这可能会变成一个浪漫的约会。如果你已经处于感情关系中，你的伴侣可能会考虑和你结婚。 </ACE-OF-CUPS-ONE >
<TWO-OF-CUPS-ONE >你希望你的感情生活安定下来，并解决你和你伴侣所面临的问题。你感到焦躁不安，而且无法全神贯注在你的伴侣身上，因为某些事情会困扰你并让你更加困惑。你将需要坚强一点，根据你的感觉来做出一些实际的决定。 </TWO-OF-CUPS-ONE >
<THREE-OF-CUPS-ONE >这张牌显示你现在感觉很脆弱，并且希望得到照顾。你还会试着对你的伴侣和你所爱的人表达你的关心和同情心。事情会很快变得顺利，在适当的时候，你会发现生活中的浪漫情趣增加了。 </THREE-OF-CUPS-ONE >
<FOUR-OF-CUPS-ONE >这张牌指出你可能对伴侣有强烈的渴望。如果你已经在一段感情关系中，你将会感觉和你的伴侣极度亲密，而且如果有任何争执的话会想要解决它们。这段期间可能你会觉得有点焦虑不安，因为你试着和你的伴侣一起解决问题，也试着像一对幸福眷侣般相处。 </FOUR-OF-CUPS-ONE >
<FIVE-OF-CUPS-ONE >你现在感觉更加情绪化，而且你想要一段真正认真的关系，在这段关系中存在著有相互理解和安慰，而这甚至可能是与你的朋友。你现在意识到为了维持关系的存在而使自己妥协是不对的，因为这最终可能会被证实为有害的。 </FIVE-OF-CUPS-ONE >
<SIX-OF-CUPS-ONE >这张牌指出尽管被这一个特别的人吸引，但你将会经历一些很棒的体验带领你前往不同的方向。你正试图为你的伴侣做一些特别的事，但你因为未来和其结婚这件事的不确定性感到不安。 </SIX-OF-CUPS-ONE >
<SEVEN-OF-CUPS-ONE >你对于自己的感觉感到非常不安，你也正在寻找通往找寻你想要的伴侣的正确道路。由于需要处理大量工作和各种其他的问题，你将不会有足够的时间陪伴你的伴侣。对单身人士来说，和某人相遇会给你带来甜美的结果。 </SEVEN-OF-CUPS-ONE >
<EIGHT-OF-CUPS-ONE >这张牌指出你的感情关系现在可能很平淡，这将会阻止你和你的伴侣建立强烈的连结。你的感情关系可能需要经历一段有压力和不确定性的时期，这将会让你感觉忧虑，甚至是发生一些苦涩的争吵。你也可能会决定要结束这段已经变得非常痛苦的关系。 </EIGHT-OF-CUPS-ONE >
<NINE-OF-CUPS-ONE >你现在渴望在感情关系中获得优越感，这可能是跟某个刚和你生活产生交集的人有关。你希望你们两个人之间的关系可以变得更有趣一点，但是是以不同的方式来达成。你对你的伙伴有了其他想法，虽然你很想继续这样下去，但你会因为一些可能的风险而保持小心的态度。 </NINE-OF-CUPS-ONE >
<TEN-OF-CUPS-ONE >这张牌显示你正在寻找一段更充实和满足的关系，你期待你的伙伴全心全意地支持你。会发生某些情绪冲突的选择，这会让你感觉紧张。在生活中，你会和某个新认识的人产生浪漫的火花。这同时也指出了婚姻的征兆。 </TEN-OF-CUPS-ONE >
<PAGE-OF-CUPS-ONE >你希望事情都可以和谐相处，并与你心爱的人打造具体的未来。你对于塑造你想要的未来这件事感到焦躁不安，但需要时间来完成。你也会觉得需要某人的陪伴，让你觉得你是被爱和呵护的，因为你人生中不想再次体验孤独的感觉。 </PAGE-OF-CUPS-ONE >
<KNIGHT-OF-CUPS-ONE >这张牌指出你想要和你的伴侣去某些新的地方探索一番，这会让你感到刺激，而且那里会有人鼓励你追寻爱情。如果你是单身，那你会觉得现在是时候主动地开始一段关系，并且向你的长期合作的伙伴提出问题。 </KNIGHT-OF-CUPS-ONE >
<QUEEN-OF-CUPS-ONE >你现在在社交场合中会更加显眼，而且有很高的机率你会遇到某个非常吸引你的人。如果你付出一些努力，这次相遇会转变成某种浪漫关系。如果你已经在一段感情关系中，你可能可以向你的伴侣求婚。 </QUEEN-OF-CUPS-ONE >
<KING-OF-CUPS-ONE >这张牌指出你现在正在寻找某个你可以和他分享生活的人，并且与他共度一些浪漫时光。你会非常努力地去寻找某个可能似乎是你的理想伴侣的人，但这不会是件轻松的事。你可能要耍一些小把戏来让人留下深刻印象，并把这转为某些实在的东西。 </KING-OF-CUPS-ONE >
<ACE-OF-PENTACLES-ONE >现在指出了你人生中的新起点。你可能会更觉得焦虑不安，因为你无法从你的伴侣那边获得预期的同情和理解，这会让你非常苦恼。 </ACE-OF-PENTACLES-ONE >
<TWO-OF-PENTACLES-ONE >你和你的伴侣可能会需要一起面对一些困难，这可能会让你觉得有点不自在，但最终你体贴的本质和某些人的帮助会帮你克服它。 </TWO-OF-PENTACLES-ONE >
<THREE-OF-PENTACLES-ONE >你和你的伴侣会感觉这段关系的成长，因此你们会一起向未来迈进。对单身的人来说，这会是个不错的时机来找寻适合你的人，这可能不在你的预料之中。 </THREE-OF-PENTACLES-ONE >
<FOUR-OF-PENTACLES-ONE >只有你们以耐心和宽容心来一起解决事情，才能使你维持你们的关系。如果这不起作用的话，那么你将会决定和你的伴侣分道扬镳，而且会试着开辟新道路去寻找新的可能。 </FOUR-OF-PENTACLES-ONE >
<FIVE-OF-PENTACLES-ONE >这张牌指出你现在渴望成为某人或做某件你一直很想做的事情。你的伴侣有机会会欺骗你，反之亦然。对已经在感情关系中的人来说，这不是一个很好的阶段。 </FIVE-OF-PENTACLES-ONE >
<SIX-OF-PENTACLES-ONE >你现在渴望你以前所爱的人回来或是和你联系。当你看到你的伴侣离你越来越远的时候，你会有一种孤独感。你将需要了解什么是你在人生中真正想要的，而且你愿意为此做多少努力。 </SIX-OF-PENTACLES-ONE >
<SEVEN-OF-PENTACLES-ONE >对于你和你的伴侣来说，这将是一段混乱期，因为你们可能有重大意见的分歧，这可能会导致你们结束关系。如果你已婚，或是在一段长时间的感情关系中，那么你将重新考虑这段关系还有你为了它所做的努力。 </SEVEN-OF-PENTACLES-ONE >
<EIGHT-OF-PENTACLES-ONE >这些天来你似乎处于一种不羁的情绪中，并且非常享受单身的状态。你将处于一种思索的状态，也会思考着未来会发生的事。你的浪漫的一面很快会被夺走。 </EIGHT-OF-PENTACLES-ONE >
<NINE-OF-PENTACLES-ONE >这张牌指出你正在寻找生活中的新鲜事物。你会想要逃离习惯的事物到一个新的地方。你可能需要暂时远离你的伴侣一段时间，而你将会做出正确的抉择。 </NINE-OF-PENTACLES-ONE >
<TEN-OF-PENTACLES-ONE >爱情不是在你心中浮现的东西，因为你已经全神贯注在其他和工作有关的事物以及其他家庭问题上。你将试着通过和你的朋友或亲戚聚会来振奋自己的心情，但不会尝试减少你和你伴侣之间的空间。 </TEN-OF-PENTACLES-ONE >
<PAGE-OF-PENTACLES-ONE >这张牌指出有一种焦躁不安的情况会迫使你思考你要对你的感情关系做什么，因为你对你的伴侣有些不确定，而最终，不论是继续或终止这段关系，你会负责任地做出让你感觉良好的决定。 </PAGE-OF-PENTACLES-ONE >
<KNIGHT-OF-PENTACLES-ONE >你正常寻找爱情关系中的平静，并希望和你的伴侣一起生活和享受事物。你会犹豫是否要向你的伴侣说些什么，或是宣布你感觉会破坏这段和谐关系的消息，但你需要勇敢一点。 </KNIGHT-OF-PENTACLES-ONE >
<QUEEN-OF-PENTACLES-ONE >这张牌指出你会被某人强烈吸引，并且这个人也会一样地对你很有兴趣。你将会期待和这个人的关系，并且期待这是段令人兴奋和充满活力的关系。 </QUEEN-OF-PENTACLES-ONE >
<KING-OF-PENTACLES-ONE >这张牌显示当你的伴侣违背了某些承诺，你会有点不高兴或失望。如果你已经处于一段感情关系中，那么你将会发现你的感情关系缺乏自由的意见交流。对任何关系来说，最重要的是你要把话说开，并且在花时间来了解彼此。 </KING-OF-PENTACLES-ONE >
<ACE-OF-SWORDS-ONE >这张牌指出你现在正在寻找感情关系中的个人满足。这段期间会有很高的机率酝酿出一段新的恋情，这会让你吓一跳，并且你会对某些事情产生强烈的情感。如果你已经在一段感情关系中，那么你与伴侣的连结会变得更强大。 </ACE-OF-SWORDS-ONE >
<TWO-OF-SWORDS-ONE >你想要在人生中前行，并且拼命地寻找爱情。你可能只是幸运，因为这张牌指出你可以遇到那个特殊的人。如果你已经处于一段感情关系中，那么你的关系会变得更强大，而且你将会看到你的伴侣或是可能的伴侣将会有你想像的特质。 </TWO-OF-SWORDS-ONE >
<THREE-OF-SWORDS-ONE >这张牌显示你渴望你的伴侣回到你身边。如果你的伴侣拒绝很快回来的话，你很快就会耗尽耐心并且决定放弃并重新开始。你可能会感觉你已经经历了很多痛苦，而坠入爱河可能是一件有风险的事。 </THREE-OF-SWORDS-ONE >
<FOUR-OF-SWORDS-ONE >你现在有强大的灵性，并且会有一种强烈的渴望想要更好地了解自己。你会试着联系你的内在自我，可能会因此失去和外界世界的接触，但最终会找到平静。某个喜欢你的人可能有机会邀请你去约会。 </FOUR-OF-SWORDS-ONE >
<FIVE-OF-SWORDS-ONE >这张牌指出你正在寻找爱情中。在你的爱情生活中，你可能还要面对某些令人失望的事，这会让你觉得无法满足而且有受骗的感觉。你将需要重新接纳你的自信，并向前迈进。 </FIVE-OF-SWORDS-ONE >
<SIX-OF-SWORDS-ONE >你可能会在置身于天堂之中时遇到一些麻烦，并且事情不会想你想像般顺遂。在你的爱情生活中可能会有一些牢骚，而在最后可能所有的努力看起来都不值得。关于未来，可能会有一些混乱，但你会挣扎着把事情变得更好。 </SIX-OF-SWORDS-ONE >
<SEVEN-OF-SWORDS-ONE >这张牌指出你希望好友或是某个亲近的人站在你这边，并且帮助你将情况导入正轨，或是你也可能会想要离开一段时间来让自己好过一点。你的前任或是某个喜欢你的人有机率会接近你。你会在你的感情关系中非常想要某个东西，而你不愿意妥协。 </SEVEN-OF-SWORDS-ONE >
<EIGHT-OF-SWORDS-ONE >你可能在心中会有一些沉闷感和不安。但它将不会像它表现的一样那么糟，因为有些好事就快到来了。你有可能会在一个新环境或是和一个会让你再次感到自由的新伴侣重新开始。 </EIGHT-OF-SWORDS-ONE >
<NINE-OF-SWORDS-ONE >这张牌显示这不是你人生中最好的时光。你可能会经历焦虑和损失，而且会很难把事情做好。由于专业上的任务，你可能会和你的伴侣分开一阵子。但是你成熟和冷静的个性会帮助你做好该做的事。 </NINE-OF-SWORDS-ONE >
<TEN-OF-SWORDS-ONE >你现在已经历经了一些最糟糕的时期，而且还需要慢慢调养。一些困境将会持续，因为你试着对你觉得什么是正确的做出一些坚定的决定，因为这不会是个简单的过程。 </TEN-OF-SWORDS-ONE >
<PAGE-OF-SWORDS-ONE >这张牌显示你现在专注于让你的生活变得更好，尤其是在心灵和个人的关系上。你可能经历了一段困难的时期，你将试图把你的生活导回正轨，但会发现很难做到。可能还会有一些预料之外的事情需要注意。 </PAGE-OF-SWORDS-ONE >
<KNIGHT-OF-SWORDS-ONE >现在是时候克服所有不愉快，并且寻找新的开始了。你将会遇到某个新的人，并被他吸引。你会希望这一系列的事情继续下去并且发现一些浪漫的端倪。这将是一个强烈的开始，你很快就会发现你和你的伴侣会相处愉快且稳定。 </KNIGHT-OF-SWORDS-ONE >
<QUEEN-OF-SWORDS-ONE >这张牌指出可能会有个困境或是持续失望的阶段，因为你可能会和你的伴侣有好几次的争吵或口角，并且你们的关系可能会结束。这可能会让你需要面对生活中一些困难的空虚时期。 </QUEEN-OF-SWORDS-ONE >
<KING-OF-SWORDS-ONE >你会觉得你需要理清你现在的生活，而且你会发现你需要继续前行才能过上平静的生活。现时可能很快会出现新的转折，因为你可能会发现你生活在一个虚构的世界中，现在是时候面对现实并且与之共存，这只是为了更好的事情而努力。 </KING-OF-SWORDS-ONE >
<ACE-OF-WANDS-ONE >这张牌指出你现在正在寻找一段认真且长期的关系，而且对随便的关系没有兴趣。你正在寻找一个新的开始，并且有结婚或是同居的机会。你可能会和一个家庭成员或亲戚讨论你感情关系的问题。 </ACE-OF-WANDS-ONE >
<TWO-OF-WANDS-ONE >你希望会有一些好事发生，并期待看到它们成真。有可能某个需要你支持的人会希望你的陪伴，而且会和你建立连结。你将会寻找强烈的爱情和友情的连结。你也会解决你和任何家庭成员之间的分歧。 </TWO-OF-WANDS-ONE >
<THREE-OF-WANDS-ONE >你可能会收到一些提议，而要如何下定决心做出正确的选择会是个问题。这是个建立伴侣关系的好时机，虽然你有着不安全感，但你会和你所爱的人团结一心。你将希望跨越所有阻碍，和你的伴侣快乐的生活在一起。 </THREE-OF-WANDS-ONE >
<FOUR-OF-WANDS-ONE >你可能会有机会和一位朋友相聚，他会来拯救你并且带你去购物或做一些好玩的事情，让你感觉好一点。你将需要一些鼓励，因为你的感情生活会因经济拮据而有一些牢骚。 </FOUR-OF-WANDS-ONE >
<FIVE-OF-WANDS-ONE >你发现你很难专注于一件事，这会让你觉得焦虑不安。你的行程会被太多东西占据，导致你无法找到时间和你的伴侣相处或是进行社交活动。这征兆还指出了一些随性或随便的约会。 </FIVE-OF-WANDS-ONE >
<SIX-OF-WANDS-ONE >这张牌指出你将在你的爱情生活中做出新的追求。某个欣赏你的人会试试运气来给你留下深刻印象，而你会享受这种关注。你可能需要面对一种情形，那就是为了改善情况，你被强迫在生活中做出某些重要的改变。 </SIX-OF-WANDS-ONE >
<SEVEN-OF-WANDS-ONE >这张卡指出爱情萦绕在你身边，而你的心将会掌控你的想法。你将会和你的感情面联系，并为了你的伴侣做一些特别的事情。这看起来非常完美，但有些事你会不得不放手，来达成你想要的生活。 </SEVEN-OF-WANDS-ONE >
<EIGHT-OF-WANDS-ONE >你将活跃于社交中，而你的心将会掌控你的想法。你会心情愉快地思考正面的事情，而你和你的伴侣将会一起沉迷于许多活动。因为你的伴侣的因素，可能会有一些正面的改变发生。你可能还需要处理某些令人失望的事情。 </EIGHT-OF-WANDS-ONE >
<NINE-OF-WANDS-ONE >你会发现你的努力最终会有回报，而你将在社交活动中活跃着。你可能会有某些心灵冲突和意见分歧，也有可能会一些粗浅的交流。 </NINE-OF-WANDS-ONE >
<TEN-OF-WANDS-ONE >这张牌指出你的爱人可能会让你对各种事件感到困惑，这会让你觉得奇怪并且焦虑不安。你将会觉得你的伴侣对你感到烦恼，这会让你觉得被孤立。你会努力修补你的关系，并为它增添火花。 </TEN-OF-WANDS-ONE >
<PAGE-OF-WANDS-ONE >你的感情关系可能会受到一些干扰，而你预期你的伴侣会带来一些改变。你会觉得有些不安，因为你和你的伴侣的相处不太和睦，即使你努力了，你们之间的连结不知道为什么永远无法到达它的高点。 </PAGE-OF-WANDS-ONE >
<KNIGHT-OF-WANDS-ONE >这张牌显示你对你的关系中的各种问题感到不安，而你想要在它们对你造成伤害之前把它们给解决了。你会看到你以为你已经认识的人，并试着花更多时间在他们身上，来和他们建立更为深刻的连结。 </KNIGHT-OF-WANDS-ONE >
<QUEEN-OF-WANDS-ONE >这张牌指出你很快会遇到一个特别的人，并且思考你是否应该要和他建立感情关系。你可能会遇到一个非常欣赏你的人，他会点燃一些爱情的火花，这可能会转变为一场你一直在等待的非常充满激情和浪漫的爱情关系。 </QUEEN-OF-WANDS-ONE >
<KING-OF-WANDS-ONE >你周遭的一些问题会让你看起来很冷漠且无情，你的伴侣会觉得你看起来心烦意乱。你不想对其他人透露你的真正想法，这会引起紧张局势。你将需要以冷静的头脑思考如何解决这个问题。你有可能很快会被求婚。 </KING-OF-WANDS-ONE >
<THE-FOOL-ONE >如果你处于一段感情关系中，那么这张牌指出你会在你的爱情生活中感受到新的刺激和热情。如果你是单身，你很快就会遇到一个特别的人。你会自发地、自信地并快乐地在你的爱情生活中迈进。你需要放下你过去的关系，并且展望未来，这会让你看起来美丽而快乐。 </THE-FOOL-ONE >
<THE-MAGICIAN-ONE >你的自我意志和沉着将会对控制和管理你未来的爱情生活非常有帮助。凭着你的自信和优雅，你很有可能在大多数的事情上和异性相处融洽。如果是正在一段感情关系中，你可能会在不久的将来了解到一些你所爱的人隐藏的事物。此外，你的伴侣会对你所说的每句话表现出更高的兴趣。 </THE-MAGICIAN-ONE >
<THE-HIGH-PRIESTESS-ONE >这张牌表示你应该要相信自己对人的感知能力，以获得健康的爱情生活。你需要就涉及你爱情生活的事情做出独立的决定。如果你正在一段感情关系中，你的伴侣很可能在不久后会给你一些非常宝贵的建议。而且，你似乎有可能会从伴侣那边得知一些你完全没有预期的事情，不论是好的或是坏的。 </THE-HIGH-PRIESTESS-ONE >
<THE-EMPRESS-ONE >你似乎很关心你已经有的或是正在发展中的关系。如果你不在一段感情关系中，你希望可以踏入一段关系。在你的生活中，你对彼此的占有欲的本质可能会给你的爱情生活带来一些困难。你需要表现出一种有耐心和信任的态度，才能达到稳定的爱情生活。 </THE-EMPRESS-ONE >
<THE-EMPEROR-ONE >这张牌表示在不久的将来，你在你的感情关系中会成功并达成目标。你可能会收到来自于某人珍贵的有关爱情的建议，像是你的父亲、兄弟或是男性好友等等。你非常有可能会控制你现在的关系，而且会继续保持支配的地位。你的伴侣会在各个方面全心地支持你，且不会质疑你。注意你不要在这段关系中变得太严苛，不然最终你会在感情上伤害你的伴侣。 </THE-EMPEROR-ONE >
<THE-HIEROPHANT-ONE >一个更加开放和有弹性的心灵会带给你的爱情生活正面的改变。如果你计划很快要结婚，在你排除阻碍的时候，你需要表现出耐心。对你的伴侣固执的话是不会对你的关系有任何帮助的。你在爱情生活中遇到的问题可以通过心灵的存在和不发脾气来解决。 </THE-HIEROPHANT-ONE >
<THE-LOVERS-ONE >你可能正畅游于爱情的海洋中。在不久的将来，你将会在这段关系中度过美好而难忘的时光。你很可能会在爱情生活中遇到一种情况，在这种情况下，你会发现你很难决定某些事情。听从你的心而不是你的想法，你就可能会发现你的决定是正确的。你与你的伴侣在情感上将保持良好的联系。不要尝试和他人约会来背叛你的伴侣。 </THE-LOVERS-ONE >
<THE-CHARIOT-ONE >你的爱情生活可能会陷入困境。你必须付出一些努力来摆脱困境。你的感情方面很可能在不久的将来出现某些变化。你需要展现无比的耐心来面对你伴侣的情绪变化。最终你的感情关系会随着爱而绽放。 </THE-CHARIOT-ONE >
<JUSTICE-ONE >你需要平衡你现在的关系和将其导回正轨。似乎有某种元素过多或过少了，这对你能不能稳定你的爱情生活非常重要。你可能必须对你的感情方面展现公正的态度来达到所需的平衡。请对你的事业和家庭生活付出相同的关心。你的诚实和信任对于塑造你的关系来说非常重要。如果你知道你在这段关系中犯了错，就要赶快纠正。 </JUSTICE-ONE >
<THE-HERMIT-ONE >花一些时间来分析你的爱情生活。你可能会对当前关系中的情况感到不耐烦。你需要保持冷静的头脑并且避免任何和你的爱情有关的仓促决定。如果你需要爱情上的建议，请谘询某个比你有经验的长辈。如果你在你的关系中给彼此足够的空间，你就可能排除所有感情路上的障碍。 </THE-HERMIT-ONE >
<WHEEL-OF-FORTUNE-ONE >这张牌显示你正朝着一个非常快乐且特殊的阶段前进，这将会点亮你的爱情生活。幸运女神是站在你这边的，你将会找到你人生挚爱。当你在处理你的关系的时候，你将会表现出你的成熟。你梦想中的伴侣很快就会跟你在一起。你对未来关系的所有担忧都将结束。在爱情生活中的一些美妙时刻，你很有可能会感到幸福。 </WHEEL-OF-FORTUNE-ONE >
<STRENGTH-ONE >你将展现出更强大且更好的生活态度，这将帮助你解决你在感情关系中可能面临的每一个障碍。如果你想放弃过去的某些事情，最好尽快完成。你们的关系将会很顺遂，而你可以很容易地完成你一直在奋斗的事情。凭着你的决心和智慧，你会摆脱所有爱情上的问题。 </STRENGTH-ONE >
<THE-HANGED-MAN-ONE >你可能必须在你们的关系中扮演牺牲角色。你们两个之间可能会有紧绷的关系。建议你在爱情生活中保持非常耐心、沉着和成熟的心态。你们两个之间可能会有情感上的争吵。建议你需要更加自省，并且以开放的心态来更好地了解全方面的情况。 </THE-HANGED-MAN-ONE >
<DEATH-ONE >这张台指出一个阶段，这个阶段会导致你的爱情生活中一些剧烈的转变。在你现在的关系中，你可能会感到悲伤和沮丧。这个阶段会把你推向过多的人类情感，从而让你意识到将要到来的变化的重要性。你的爱情方面可能会经历一个相对粗糙和黑暗的时期。你将需要表现出强壮的性格来克服这个下坡阶段。 </DEATH-ONE >
<TEMPERANCE-ONE >这张牌指出你的关系将会有困惑或是冲突的情况产生，你可能会发现很难对此作出选择。你和你的伴侣可能会对各种问题有着相反的意见，因此会引起混乱。你必须要有耐心、合作并找到最佳的解决方案，这也会平抚你人生挚爱。你将找到方法来建立一段和谐关系。 </TEMPERANCE-ONE >
<THE-DEVIL-ONE >未来这阵子可能不会很轻松。欲望、贪婪、野心或成瘾等感觉会让你的爱情生活变得混乱。你可能也会希望能够完全支配你的感情关系。你需要坚强一点来抵抗这些诱惑，以避免你的爱情生活发生重大灾难。你可能会短暂得觉得充满力量，但是选择错误的道路将不会对你现在的关系有好处。你必须小心一点，因为这张牌在警告你，你有可能会做出致命的选择。 </THE-DEVIL-ONE >
<THE-TOWER-ONE >在不久的将来你的爱情生活可能会遭遇到最糟糕的阶段之一。你可能会在你的关系中发现不愉快和不顺利的情况发生。其中有一些是预期之外的，这会导致你有一段时间觉得被孤立或是寂寞。这个改变会让你找到新的道路或是选项来改善你现在的爱情生活。这将是一段艰难的过程，因此你需要保持冷静，并从生活中学习新事物。 </THE-TOWER-ONE >
<THE-STAR-ONE >这张牌是美好时光将要到来的预兆。它指出一段健康的感情关系有可能将会很快地开始。它还指出了你可以将当前的关系提升到下个层级的承诺。你可能会和你的伴侣有更好的情绪上以及精神上的连结。你的爱情生活会经历一个阶段，在这个阶段中，你将克服过去的事情，并且对你爱情的未来更加乐观。 </THE-STAR-ONE >
<THE-MOON-ONE >你现在心中唯一的想法是有关于你的感情关系。由于你目前的爱情生活状态，你可能感觉你被束缚着。你可能会发现一些故意隐藏的秘密，这可能会导致在你的感情关系中的情绪受挫。建议你不要沉浸在悲伤之中。展现出更开放的心态，并且认真努力地克服这些感受。沉迷于其他爱好来克服这些情感，使生活回归正轨。 </THE-MOON-ONE >
<THE-SUN-ONE >你很快的会发现你的关系中新鲜而刺激的共鸣。如果你没有在恋爱中，你可能很快就会爱上某个人。之前没什么进度的恋情可能会开始有正向的进展。这张牌有征兆显示浪漫的假期以及和你所爱的人腻在一起的约会。即将到来的时光看起来快乐而难忘。你要确保你充分利用这个美好的阶段。 </THE-SUN-ONE >
<JUDGEMENT-ONE >这张牌要求你对周遭事物保持开放的态度。你可能会发现事情正在进行中，但除非你付出努力，不然你可能会无法达成大部分的事情。如果你还没有在恋爱中，你很可能很快就会遇到一个有可能的伴侣。在这种情况下，在抛出所有重要问题前不要浪费太多时间。如果你过去甩了某人，你能也会有一样的遭遇。但最终你的爱情生活会正向发展。 </JUDGEMENT-ONE >
<THE-WORLD-ONE >这张牌标示着你的困难已经过去，并指出你会和你的爱人共度快乐和充满爱的时光。你的感情关系最终会被塑造成如你所期待的样子。你的伴侣将鼓励和感谢你的认真工作，这会使你的爱情绽放。这个阶段将为你的爱情注入新的热情。如果你是单身，那么有很大的机率会遇到那个特别的人。</THE-WORLD-ONE >
</ROOT>
