<ROOT>
<ACE-OF-CUPS-ONE >このカードは、あなたが今自分自身に満足し、愛・楽しみ・ロマンスの感情があなたの思考を占めていることを示します。あなたはあなたのことを好きな誰かと連絡をとり、それはロマンチックなデートとなる可能性が高いでしょう。もしあなたが既に誰かと交際している場合、あなたとパートナーは結婚することを考えているかもしれません。 </ACE-OF-CUPS-ONE >
<TWO-OF-CUPS-ONE >あなたは恋愛面を落ち着かせ、あなたとパートナーが抱える問題を解決したいと思っているでしょう。あなたは今落ち着かなく感じ、あなたをもっと悩ませ混乱させる何かが原因となってあなたのパートナーにしっかりと向き合えることができていません。あなたはしっかりとして、あなたの感情について何か具体的な決断をしなくてはならないでしょう。 </TWO-OF-CUPS-ONE >
<THREE-OF-CUPS-ONE >このカードは、この時期あなたは非常に弱っていると感じ、大事にされたいと思っていることを示します。あなたはまたあなたのパートナーや愛する人達へあなたの思いやりを見せようと努めるでしょう。物事はすぐに円滑に進み、やがてあなたはあなたの人生においてロマンスが成長しているのに気づくでしょう。 </THREE-OF-CUPS-ONE >
<FOUR-OF-CUPS-ONE >このカードは、現在あなたがパートナーを強い願望を持っていることを示します。あなたが既に交際中である場合、あなたはパートナーを非常に近くに感じ、もしあれば摩擦などを解決したいと思っているでしょう。この時期は、あなたのパートナーと共に問題を解決しようと努め、幸福なカップルのように良い方向へ進めようとするので少し落ち着かないかもしれません。 </FOUR-OF-CUPS-ONE >
<FIVE-OF-CUPS-ONE >あなたは以前よりも感情的になっており、理解と心地良さのある本物の真剣な関係を望んでいます。それはあなたの友人である可能性もあります。結果的に破滅的になることもある関係性を維持するためだけに、自分自身に妥協をするのは良くないことだとあなたは今気づいているでしょう。 </FIVE-OF-CUPS-ONE >
<SIX-OF-CUPS-ONE >このカードは、ある特別な人だけに魅力を感じるにも関わらず、あなたを異なる方向に進める何か壮大な経験をする可能性を示します。あなたはパートナーのために特別なことをするように努めていますが、カップルとしてあなたの将来がどれだけ不確かなのかについての不安があります。 </SIX-OF-CUPS-ONE >
<SEVEN-OF-CUPS-ONE >あなたは自分の感情が非常に不確かで、あなたのパートナーとして理想的な人にたどり着く正しい道筋を探しています。対処するべきたくさんのことや様々な他の問題があり、あなたはパートナーに十分な時間を費やすことができないでしょう。シングルの人には、誰かとの出会いは実りがあるでしょう。 </SEVEN-OF-CUPS-ONE >
<EIGHT-OF-CUPS-ONE >このカードは、あなたの恋愛関係は今かなり倦怠を感じ、これはあなたとパートナーが強い絆を構築するのに妨げになることを示します。あなたの関係はストレスと不確実な時を経験しなければならないでしょう、またこれは不安といくらか厳しい口論までにつながることになるでしょう。あなたはまた、非常にトラウマとなる関係の終了を決断するかもしれません。 </EIGHT-OF-CUPS-ONE >
<NINE-OF-CUPS-ONE >あなたは今恋愛関係について優位に立つことを切望しており、これはまたあなたの人生に最近関わり始めた誰かである可能性があります。あなたは相手との間の事柄についてもっと面白いことを望みますが、それは異なる面についてです。あなたはパートナーシップについて不安を持っており、前に進みたいと思っていますがいくらかの伴うリスクがあなたを警戒させています。 </NINE-OF-CUPS-ONE >
<TEN-OF-CUPS-ONE >このカードは、あなたが今より満足感があり充実した関係性を望んでおり、パートナーからのフルサポートを期待していることを示します。イライラした感情につながるいくらかの意見の感情的な衝突が起こることがあります。あなたの人生において誰か新しいひととのロマンスは強烈なものとなるでしょう。また結婚も示されています。 </TEN-OF-CUPS-ONE >
<PAGE-OF-CUPS-ONE >あなたは物事が調和のとれたものとなり、愛する人との具体的な将来を築きたいと思っています。あなたはあなたが望む通りの形に将来を形成することに不安を感じますが、その過程は時間がかかるでしょう。あなたは人生で再度孤独を経験したくないために、あなたの側にいてくれ、愛と思いやりを感じる誰かを必要としていることを感じています。 </PAGE-OF-CUPS-ONE >
<KNIGHT-OF-CUPS-ONE >このカードは、あなたのパートナーと共にあなたをワクワクさせる新しい場所に思い切って進みたいと思っており、また愛の旅路に向かってあなたを鼓舞させる人が周りにいることを示します。もしあなたがシングルならば、あなたが関係を主導して進める時であると感じ、あなたの長期的なパートナーへの質問が頭に浮かぶことでしょう。 </KNIGHT-OF-CUPS-ONE >
<QUEEN-OF-CUPS-ONE >あなたは社交的な集まりでより目を引き、あなたがとても魅力を感じる誰かに会う可能性が高いでしょう。もしあなたが努力をすればこれの出会いは何かロマンチックなものとなるでしょう。もしあなたが既に長期的な関係を持っていたら、あなたはパートナーに結婚を申し込むと良いでしょう。 </QUEEN-OF-CUPS-ONE >
<KING-OF-CUPS-ONE >このカードは、あなたの人生を共有でき、ロマンチックな時を過ごせる誰かを探していることを示します。あなたは理想的なパートナーを探しにかかっていますが、これはそう簡単ではないでしょう。あなたはその人の心を動かし、それを確実なものへとするためにいくらか物事を調整しなければならないでしょう。 </KING-OF-CUPS-ONE >
<ACE-OF-PENTACLES-ONE >これはあなたの人生において新たな始まりを示している時です。あなたは期待していた思いやりと理解パートナーから得られないためかつてない程不安を感じているでしょう、そしてそれはあなたを動揺させるでしょう。 </ACE-OF-PENTACLES-ONE >
<TWO-OF-PENTACLES-ONE >あなたとパートナーが直面しなければならないいくらかの困難があり、これはあなたを少し場違いだと感じさせるかもしれませんが、最終的にはあなたの理解力のある性質と誰からのなんらかの支援が、その困難に対処するのに役立つでしょう。 </TWO-OF-PENTACLES-ONE >
<THREE-OF-PENTACLES-ONE >あなたとパートナーは関係性が成長し、それゆえに将来に向けて何らかの措置を講じるでしょう。シングルの人にとっては、これはあなたに適切な人を見つける良い時で、予想していない場所で見つかることがあります。 </THREE-OF-PENTACLES-ONE >
<FOUR-OF-PENTACLES-ONE >忍耐と理解と共にあなたのパートナーと一緒に取り組むことだけにより、あなたは関係性を維持できるでしょう。もしこれが上手くいかない場合、最終的にあなたはパートナーと別れる決断をし、新たな可能性と共に新しい道を行くことに努めるでしょう。 </FOUR-OF-PENTACLES-ONE >
<FIVE-OF-PENTACLES-ONE---. >このカードは、あなたは今ひとかどの人物になりたいと切望し、または長い間渇望していることをしたいと思っていることを示します。また、あなたのパートナーが浮気したり、またはあなたが浮気をしたりする可能性もあります。今はまた、既に関係を持っている人々にとってあまり良い時ではないでしょう。 </FIVE-OF-PENTACLES-ONE---. >
<SIX-OF-PENTACLES-ONE >あなたは、子供時代の愛しい人が戻ってきてほしい、または連絡を取りたいと切望しているでしょう。あなたのパートナーがあなたから遠ざかっていくのが分かるので、あなたは孤独を感じるでしょう。あなたは人生において本当に何を望んでいるのか、それに対してどれほど努力ができるか答えを見つけ出さなければならないでしょう。 </SIX-OF-PENTACLES-ONE >
<SEVEN-OF-PENTACLES-ONE >大きな意見の相違があるのであなたとパートナーにとって困難な時となるでしょう、またこれはこの関係性の終了につながることもあります。もしあなたが既婚だったり、長期にわたる関係を既に持っている場合、あなたはその関係性とあなたのしている努力について再考することでしょう。 </SEVEN-OF-PENTACLES-ONE >
<EIGHT-OF-PENTACLES-ONE >あなたは近頃遊び心があり、何よりも独身であることを楽しんいるようです。あなたは思惑気分になり、また将来何が起こるのかについて考えるでしょう。あなたのロマンチックな側面はすぐに優位となります。 </EIGHT-OF-PENTACLES-ONE >
<NINE-OF-PENTACLES-ONE >このカードは、あなたの人生において新しく新鮮な物事を探していることを示します。あなたは、従来の物事から新しい場所へ逃げ出したいと思っているかもしれません。あなたは一時的にあなたのパートナーから離れて時間を過ごさなければならないかもしれず、あなたは正しい選択となる決断をすることでしょう。 </NINE-OF-PENTACLES-ONE >
<TEN-OF-PENTACLES-ONE >あなたはすでに仕事や他の家族の事柄について頭がいっぱいになっているので、愛はあなたの頭にちらつくものではありません。あなたは友人や親戚と再会することで気分を高めようとしますが、あなたとパートナーの距離を縮めようとは努めないでしょう。 </TEN-OF-PENTACLES-ONE >
<PAGE-OF-PENTACLES-ONE >このカードは、あなたとパートナーの将来について不確かなので関係性について何をしなければならいのかを考えさせる落ち着かない状況があることを示します。最終的にはあなたは責任をもって決断をし、その決断はあなたの関係性に将来があるのかどうかに関してあなたの気分を良くします。 </PAGE-OF-PENTACLES-ONE >
<KNIGHT-OF-PENTACLES-ONE >あなたは恋愛面において平穏を新たに探しており、楽しくあなたのパートナーと生きたいと思っています。あなたはあなたのパートナーへ何かを言うのを躊躇したり、またはあなた方が共有する関係性をスムーズに続けることを台無しにしてしまうかもしれないと感じることを伝えるのに躊躇しますが、あなたは勇気を出す必要があります。 </KNIGHT-OF-PENTACLES-ONE >
<QUEEN-OF-PENTACLES-ONE >このカードは、あなたは誰かに強く惹かれ、その人は同様にあなたに興味を持っていることを示します。あなたはこの人との関係を楽しみにしており、この関係がワクワクして充実したものであることを期待しているでしょう。 </QUEEN-OF-PENTACLES-ONE >
<KING-OF-PENTACLES-ONE >このカードは、あなたのパートナーより破られる何か約束事があり、あなたが少し動揺、または落胆することを示します。もしあなたが既に交際しているなら、自由に意見を交換することが欠如している関係を経験するでしょう。いかなる仕事の関係においては、あなたはお互いにより分かり合うためにもっと話したり時間を共に過ごすことが最も重要です。 </KING-OF-PENTACLES-ONE >
<ACE-OF-SWORDS-ONE >このカードは、あなたの関係性において個人的な満足をあなたが今求めていることを示します。今は、あなたが驚き、何かに強い感情を持つ新たな愛情を醸成する高い可能性がある時です。もし既に交際をしている場合、あなたあのパートナーとの絆はより強いものと成長するでしょう。 </ACE-OF-SWORDS-ONE >
<TWO-OF-SWORDS-ONE >あなたは人生において前へ進みたいと思い、必死に愛を探しています。このカードは、特別な誰かにあなたが出会うことを示すのであなたは単に幸運かもしれません。そしてもしあなたがすでに交際中の場合は、あなたの関係性は強固なものとなり、あなたはパートナーまたはパートナー候補の人が、あなたが想像した資質を持っているだろうということに気づくでしょう。 </TWO-OF-SWORDS-ONE >
<THREE-OF-SWORDS-ONE >このカードは、あなたはパートナーがあなたの元へ戻ってきてほしいと切望していることを示します。あなたの忍耐は諦めかけており、あなたはすぐに諦めることを決断し、あなたのパートナーがすぐに戻ってこないならば、新たに仕切り直しをするでしょう。 </THREE-OF-SWORDS-ONE >
<FOUR-OF-SWORDS-ONE >あなたは今スピリチュアル性が高く、自分自身をもっとよく知りたいという強い願望を感じています。あなたは内側の自分とつながろうとし、それゆえに外側の世界との関わりを失くしてしまうかもしれませんが、最終的には平穏を見つけます。また、あなたに魅力を感じた誰かがあなたをデートに誘う可能性があるでしょう。 </FOUR-OF-SWORDS-ONE >
<FIVE-OF-SWORDS-ONE >このカードは、あなたは今愛を探求していることを示します。また、恋愛面においてあなたが直面しなければならない何か落胆することがあるでしょう、それはあなたが満たされていないと感じ、またある意味裏切られたように感じることでしょう。あなたは自分自身を再度受け入れ、自身を持って前に進まなければならないでしょう。 </FIVE-OF-SWORDS-ONE >
<SIX-OF-SWORDS-ONE >あなたは理想な環境の中で何か問題に直面し、あなたが期待するほど物事はスムーズにいかないでしょう。あなたの恋愛面において何か不満足なことがあり、結局全ての努力はそれに値しなかったように見えるでしょう。将来について動揺することがあるようで、あなたは物事を良くさせるために苦闘するでしょう。 </SIX-OF-SWORDS-ONE >
<SEVEN-OF-SWORDS-ONE >このカードは、あなたが親友または誰かあなたの側にいてくれる人や状況を正してくれるを望んでおり、または気分を良くするために何処かへ行くのを考えていることを示します。あなたの過去の恋人またはあなたが恋に落ちた誰かがあなたへアプローチする可能性があります。あなたは交際関係に何かをひどく欲していますが、妥協する立ち位置になることに躊躇があるでしょう。 </SEVEN-OF-SWORDS-ONE >
<EIGHT-OF-SWORDS-ONE >何か息が詰まるようなこと、または心情的な不安があるでしょう。しかし、何か良いことが前途にあるので、それは不安に感じるようなものではないでしょう。あなたが新たな環境や、または再度あなたを自由だと感じさせる新たなパートナーと共に始めるチャンスを得る可能性があります。 </EIGHT-OF-SWORDS-ONE >
<NINE-OF-SWORDS-ONE >このカードは、今があなたの人生で最高な時ではないことを示します。あなたは不安や喪失を経験し、物事を上手くやろうと苦闘するかもしれません。あなたは仕事の責務などによりパートナーと別れてしまうかもしれません。しかし、あなたの成熟さと落ち着いた性格が物事を整理するのに役にたつでしょう。 </NINE-OF-SWORDS-ONE >
<TEN-OF-SWORDS-ONE >あなたは今時点までに最悪な時の一部を経験し、そしてまだそれからの回復期にいることでしょう。何が正しいのかについてあなたはしっかりした決断を取ろうとしているので、ジレンマのいくつかはまだ続いています。しかし、これは簡単なプロセスではないでしょう。 </TEN-OF-SWORDS-ONE >
<PAGE-OF-SWORDS-ONE >このカードは、あなたは今心情や個人的な関係性において人生をより良くするために集中していることを示します。あなたは大変な時期を経験し、あなたの人生を正常な軌道に乗せようと努めますが、そうするのは難しいことだと気づくでしょう。また、心配事を生じさせる何か予測してないことが起こる可能性があります。 </PAGE-OF-SWORDS-ONE >
<KNIGHT-OF-SWORDS-ONE >今は全ての苦い時期を克服し、新たな始まりを目指す時です。あなたは新しい誰かに出会い、その人に惹かれることでしょう。あなたは継続する一連の出来事やロマンスが発展することを望んでいるでしょう。これは好調な始まりで、まもなくあなたは幸せを感じ、あなたのパートナーと安定的になるでしょう。 </KNIGHT-OF-SWORDS-ONE >
<QUEEN-OF-SWORDS-ONE >このカードは、あなたがパートナーと何度も喧嘩や口論をしたので、また物事が終わりを迎えるかもしれないので、ジレンマやまたは継続した落胆があることを示します。これにより、あなたの人生において空虚な困難な時に対処しなければならないでしょう。 </QUEEN-OF-SWORDS-ONE >
<KING-OF-SWORDS-ONE >今あなたの人生において何が正しいかの明確なビジョンが必要で、平穏な人生を生きるために前に進む必要があるとあなたは感じるでしょう。あなたが想像の世界に生きていたと気づくことで、現実はすぐに新たな局面に入るでしょう。そして、今はより良くしていくためには現実に直面して現実を生きる時です。 </KING-OF-SWORDS-ONE >
<ACE-OF-WANDS-ONE >このカードは、あなたは今真剣で長期的な関係を探しており、遊びの関係にはあまり興味がないことを示します。あなたは真新しいスタートを望んでおり、また結婚やまたは同性関係の可能性もあります。あなたがもうすぐ交際関係の問題について話すことになる家族のメンバーや親戚がいるでしょう。 </ACE-OF-WANDS-ONE >
<TWO-OF-WANDS-ONE >あなたは何か良いことが起こることを願っており、それが現実化することを楽しみにしています。サポートを必要としている誰かがあなたの指導を期待しており、あなたとつながりを築こうとしている可能性があります。あなたは今愛と友情の強い絆を求めています。あなたはまた、あなたの家族のメンバーの誰かと抱えていた相違を解決するでしょう。 </TWO-OF-WANDS-ONE >
<THREE-OF-WANDS-ONE >あなたはもうすぐいくつかの結婚の申し込みを受けることでしょう、そして誰が適切なのか決断することが問題となるでしょう。これはパートナーシップにとても良い時となり、あなたの不安に反して、あなたはあなたが愛する人と一緒になるでしょう。あなたはパートナーと共に幸せな人生を生きるために、全ての障害物に打ち勝ちたいと思うでしょう。 </THREE-OF-WANDS-ONE >
<FOUR-OF-WANDS-ONE >あなたを助けに来たり、あなたの気分を良くするためにあなたをショッピングや何か楽しいことに誘い出してくれる友人と再会する可能性があるでしょう。喪失によりあなたの恋愛面で何か不満があるので、あなたは元気を出す必要があるでしょう。 </FOUR-OF-WANDS-ONE >
<FIVE-OF-WANDS-ONE >あなたは今一つのことに集中することが難しいと気づき、これによりあなたは落ち着かなく感じます。あなたは非常にたくさんの事でいっぱいになり、パートナーや社交のための時間を取ることが出来なくなるでしょう。また、いくらかの遊びや気軽なデートも示されています。 </FIVE-OF-WANDS-ONE >
<SIX-OF-WANDS-ONE >このカードは、あなたの恋愛面において新たな探求をすることを示します。あなたを慕う誰かが、あなたに良い印象を与えようと努めており、あなたは注目を楽しむでしょう。より良い状態のためにあなたの人生における何か必要な変化を起こさせる状況に、あなたは直面しなければならないでしょう。 </SIX-OF-WANDS-ONE >
<SEVEN-OF-WANDS-ONE >このカードは、あなたへの愛の気配が漂っており、心情があなたの思考を支配することを示します。あなたは自分のロマンチックな側面に触れ、あなたのパートナーのために特別なことをするでしょう。これは完璧なように見えますが、あなたが望む人生を送るために手放さなければならな何かがあるでしょう。 </SEVEN-OF-WANDS-ONE >
<EIGHT-OF-WANDS-ONE >あなたは社交的にハイになっており、今心情の事柄があなたを支配しているでしょう。あなたはポジティブな事を考えて良い気分になり、あなたとパートナーは一緒にたくさんの活動に没頭するでしょう。また、あなたのパートナーによりいくつかポジティブな変化が起こるでしょう。あなたが対処しなければならない何か落胆することもあるようです。 </EIGHT-OF-WANDS-ONE >
<NINE-OF-WANDS-ONE >あなたはあなたの努力がついに結果に結びつくことに気づき、あなたは社交的な活動で気分が高揚するでしょう。何か思考の葛藤や意見の相違があり、いくらかきつい言葉のやりとりも起きることがあるでしょう。 </NINE-OF-WANDS-ONE >
<TEN-OF-WANDS-ONE >このカードは、様々な出来事についてあなたの恋人があなたを動揺させる可能性と、これがあなたに好奇心を持たせ落ち着かなく感じさせることを示します。あなたはパートナーがあなたに困惑していると感じ、これによりあなたは孤立を感じます。あなたは関係性を修復しようと努め、失われた活気を加えようとします。 </TEN-OF-WANDS-ONE >
<PAGE-OF-WANDS-ONE >あなたの交際関係に何か障害物があり、あなたはパートナーから何か変化を期待しているでしょう。あなたとパートナーがあまり上手くいってないことを不安に思っているでしょう。もしあなたが努力しなければ、絆は最高潮には達しないでしょう。 </PAGE-OF-WANDS-ONE >
<KNIGHT-OF-WANDS-ONE >このカードは、あなたは交際関係の様々な問題について不安定に感じており、あなたが大打撃を受ける前に問題を解決したいと思っていることを示します。あなたは既に知っていると思う誰かに気づき、この人ともっと時間を共に過ごして深い繋がりを築き、絆を作ろうとするでしょう。 </KNIGHT-OF-WANDS-ONE >
<QUEEN-OF-WANDS-ONE >このカードは、あなたはもうすぐ特別な誰かに会い、この人と関係を持つかどうか悩むことを示します。あなたはまた、恋心に火を付けるあなたの強いファンに出会うかもしれず、これはあなたがずっと待ち望んでいたとても情熱的でロマンチックな恋愛へとつながることでしょう。 </QUEEN-OF-WANDS-ONE >
<KING-OF-WANDS-ONE >あなたの周りにあるいくつかの問題は、あなたを無関心で感情がないように見せる原因となり、あなたがパートナーに注意散漫であるように見えるでしょう。あなたは世界に対して本当は何を考えているかについて、葛藤を生じさせる可能性があるので周りに知られたくないようです。その状況にどう対処するかについて冷静な頭で考えなくてはならないでしょう。また、結婚のプロポーズがあなたの前途にあるようです。 </KING-OF-WANDS-ONE >
<THE-FOOL-ONE >もしあなたが交際関係中でしたら、このカードはあなたの恋愛面において新たなワクワク感と熱意を感じることを示します。もしあなたがシングルの場合、あなたはもうすぐ誰か特別な人に出会う可能性がとても高いでしょう。あなたは赴くまま、自信があり、愉快なステップであなたの恋愛道を歩むでしょう。あなたは過去の関係に決別し、素晴らしく楽しく見える将来を見据える必要があります。 </THE-FOOL-ONE >
<THE-MAGICIAN-ONE >あなたの自意識と冷静さは、来たる時にあなたの恋愛面をコントロールし整理するのに非常に役立つでしょう。あなたの自信と優雅さで、あなたはほとんどの場合においてあなたに調和する異性を手にいれる可能性がとても高いようです。交際中の場合、あなたは近い将来にあたなの恋人についての隠れた何かを知ることになるでしょう。また、あなたのパートナーは高い確率で、あなたが発する全ての発言により興味を持っているそぶりを見せるでしょう。 </THE-MAGICIAN-ONE >
<THE-HIGH-PRIESTESS-ONE >このカードは、あなたが人々と健全な恋愛のための状況を見抜くあなたの能力を信じるべきことを示します。あなたは、あなたの恋愛面に関する物事について自主的な判断をする必要があります。もし交際中の場合、あなたのパートナーは近い将来あなたに非常に頼りにならない助言をする可能性が高いでしょう。また、あなたはパートナーについて、良いか悪いか、どちからの予期しない何か事情を知ることになるでしょう。 </THE-HIGH-PRIESTESS-ONE >
<THE-EMPRESS-ONE >あなたは、自分自身についてかまたは関係性を成長させることについて心配しているようです。もしあなたが交際中でない場合、あなたは交際したいと願っているでしょう。あなたのパートナーシップに関する独占欲の強い性質は、恋愛面において困難な時をもたらすことでしょう。あなたは恋愛面の安定を成し遂げるために忍耐と信頼のある態度で立ち構える必要があります。 </THE-EMPRESS-ONE >
<THE-EMPEROR-ONE >このカードは、近い将来あなたの恋愛面での成功や達成の始まりを示します。あなたは、父親、兄弟、男性の友人などから貴重な恋愛のアドバイスを受けるでしょう。あなたは現在の交際関係の主導権を握る可能が高く、しばらくの間主導し続けるでしょう。あなたのパートナーは疑問を問うことなく全ての局面においてあなたを支持するでしょう。交際関係において主導権を握りすぎないように気をつけてください、さもなければパートナーを心情的に傷つけることになります。 </THE-EMPEROR-ONE >
<THE-HIEROPHANT-ONE >もっとオープンで柔軟な思考は、あなたの恋愛面においてポジティブな変化をもたらします。もしあなたがもうすぐ結婚を予定している場合、あなたは前途にある障害物に対処する一方で、忍耐を見せる必要があります。あなたのパートナーと頑固に行動していたらあなたの関係性はどこにも行き着きません。あなたの恋愛面で直面する問題は、思考と冷静さを維持することにより解決できます。 </THE-HIEROPHANT-ONE >
<THE-LOVERS-ONE >あなたは愛の大海原を泳ぐことになりそうです。あなたは近い将来恋愛面で素晴らしく、記憶に残る時を過ごすでしょう。あなたは何かについて決断するのがとても難しいと感じる、恋愛面における状況に直面しそうです。理性ではなくあなたの心の声を聞くと、あなたの決断は正しかったと気づくでしょう。あなたはパートナーととても良い感情的な繋がりを持つことでしょう。誰か別の人とデートするなど、あなたのパートナーを浮気する誘惑されないようにしてください。 </THE-LOVERS-ONE >
<THE-CHARIOT-ONE >あなたの恋愛面は困難な局面に入るでしょう。あなたはそこから抜け出すために真剣な努力をしなければならないでしょう。あなたのロマンチックな事柄は近い将来いくらかの変化を経験する可能性が非常に高いようです。あなたはパートナーの変化する感情に対して我慢強さを見せる必要があります。最終的にはあなたの交際関係は愛と共に開花するでしょう。 </THE-CHARIOT-ONE >
<JUSTICE-ONE >あなたは、あなたの現在の交際関係にバランスと正常さをもたらす必要があります。あなたの恋愛面において安定さをもたらすのに必須なある要素が過剰または欠如しているようです。必要とされるバランスを達成させるために、あなたのロマンチックな事柄に対して公平なアプローチを見せなければならないでしょう。あなたのキャリアと家庭生活に対して平等に注意を向けてください。あなたの正直さと信頼性はあなたの関係性を形成するのに非常に重要です。もしあなたはが関係性において何か間違いをしているのに気づいている場合、すぐに修正してください。 </JUSTICE-ONE >
<THE-HERMIT-ONE >あなたの恋愛面を分析するのにいくらか時間を費やしてください。あなたは現在の関係性においてどう物事が進んでいるか我慢できないように感じているようです。あなたは冷静さを保ち、あなたの恋愛に関して早急な決断を下すのを避ける必要があります。もしあなたが恋愛に関する助言を必要としている場合、年上の人やまたはあなたよりも経験のある人に相談しましょう。関係性において、あなたとパートナーがお互いに良い距離感を持たせれば、あなたは全てのロマンスの障害物を解決できる可能性が高いでしょう。 </THE-HERMIT-ONE >
<WHEEL-OF-FORTUNE-ONE >このカードは、あなたの恋愛生活が明るく非常に楽しく特別な時期にあなたが向かっていることを示します。幸運はあなたの味方で、あなたは人生の本物の愛を見つけるでしょう。あなたは交際関係の事柄に対処する時に成熟さを見せるでしょう。あなたの理想的パートナーはもうすぐあなたの元へやってきます。将来のあなたの交際関係における全ての悩みは解決します。あなたの恋愛面において素晴らしい時に恵まれる可能性が高いでしょう。 </WHEEL-OF-FORTUNE-ONE >
<STRENGTH-ONE >あなたは人生に対してより強く良好な態度を見せるでしょう、それはあなたの交際関係において直面するかもしれない全ての障害物にあなたが対処する際に役に立ちます。もしあなたが過去のある事柄について決別したいと願っている場合、あなたはおそらくもうすぐそうすべきです。あなたの交際関係はスムーズに進み、あなたはしばらく苦戦していた事柄を簡単に成し遂げるでしょう。あなたの決断と知性により、あなたは全ての恋愛に関する問題を解決するでしょう。 </STRENGTH-ONE >
<THE-HANGED-MAN-ONE >あなたは交際関係において犠牲的な本質を身につけなれければならないでしょう。あなたとパートナーの間に緊張感がありそうです。あなたは恋愛面において非常に忍耐強く、落ち着いて成熟した思考の状態を保つことが推奨されます。あなた方の間で感情的な喧嘩が起きることもあります。あなたはもっと内観し、物事をより良く理解するためにオープンマインドで状況を見渡すことが必要です。 </THE-HANGED-MAN-ONE >
<DEATH-ONE >このカードは、あなたの恋愛面において、何か劇的な変化につながる時期を示します。あなたは現在の交際関係において悲しく、気分が落ち込んだように感じているかもしれません。この時期はあなたを過度な人間感情の方向へ押しやり、それゆえにあなたをやがて来る変化の重要性に気づかせるでしょう。あなたの恋愛は比較的困難で暗い局面を経験しなくてはならないでしょう。あなたはこの下向きの時期を克服するために強い心を見せなければならないでしょう。 </DEATH-ONE >
<TEMPERANCE-ONE >このカードは、あなたが選択をするのが難しいと思う交際関係における困惑や葛藤の状況の到来を示します。あなたとあなたのパートナーは様々な事柄において反対の考えを持っている傾向があり、それが動揺をもたらしています。あなたは忍耐強く協力的になり、あなたの人生における愛を満たす最善の解決策を探さなければいけません。あなたは交際関係において調和を築く方法を見つけるでしょう。 </TEMPERANCE-ONE >
<THE-DEVIL-ONE >前途は容易ではないでしょう。情欲、強欲、野心、または依存があなたの恋愛面をおかしくさせる原因となるかもしれません。あなたの恋愛面において大きな不幸を避けるために、あなたはこれらの誘惑に耐えるためしっかりする必要があります。あなたはつかの間、力強さを感じるでしょうが、誤った道を行くことはあなたの現在の交際関係に利益をもたらさないでしょう。このカードはあなたが致命的なステップを踏むかもしれないことに警告を鳴らしているので注意してください。 </THE-DEVIL-ONE >
<THE-TOWER-ONE >近い将来、あなたの恋愛面において最悪の時の一時が訪れるかもしれません。あなたの交際関係に不快で好ましくない状況が起こるかもしれません。これらのいくつかは予期しないもので、しばらくの間あなたに孤立や孤独を感じさせるでしょう。この変化は、あなたの現在の恋愛面における状況を改善させる新しい方法と選択肢を示すでしょう。前途は困難となるようなので、あなたは冷静になり、人生があなたに教える新しい物事を学ぶ必要があります。 </THE-TOWER-ONE >
<THE-STAR-ONE >このカードは、来たる良い時の前触れを示します。これはもうすぐ始まる健全な関係性の可能性を示します。また、あなたの現在の関係を次のレベルにもたらすことができることも意味します。あなたはパートナーに感情的にもスピリチュアル的にもより良いつながりを感じることでしょう。あなたの恋愛面は、あなたの過去の出来事を克服し、将来の恋愛についてもっと楽観的になる段階を経験するでしょう。 </THE-STAR-ONE >
<THE-MOON-ONE >あなたの思考に浮かぶたった一つの考えはあなたの交際関係についてでしょう。あなたは現在の恋愛面の状況が原因となって身動きが取れないように感じているかもしれません。あなたは、交際関係において感情的に挫折を感じることにつながる、意図的に隠された秘密を知る可能性があります。悲しみに気を落とさないでください。もっとオープンな思考を見せ、これらの感情を克服するために真剣な努力をしてください。他の趣味に没頭して、人生を正しい軌道に戻すために感情的な気持ちを克服してください。 </THE-MOON-ONE >
<THE-SUN-ONE-- >あなたは交際関係においてもうすぐ新鮮でワクワクする気持ちを感じるでしょう。もしあなたが恋していない場合、あなたはもうすぐ誰かに恋に落ちるでしょう。どこにも行き着かないように見えるロマンチックなことは、ポジティブな進歩をし始めます。あなたの恋人とのロマンチックな休暇や愛情の込めたデートが起こりそうです。この時期は前途が楽しく記憶に残るものとなるでしょう。この素晴らしい時期を存分に楽しむようにしてください。 </THE-SUN-ONE-- >
<JUDGEMENT-ONE >このカードは、周りにある全ての事柄に対してあなたが感性をオープンに保つよう指示しています。あなたは物事があなたの思うように起こっていると実感するかもしれませんが、あなたがしっかりと努力しない限りあなたはこれらの状況を上手く活用できないでしょう。もしあなたがまだ恋をしていない場合、もうすぐあなたは将来のパートナーに出会う可能性が高いでしょう。その場合、全ての重要な疑問をする前に時間を大幅に無駄にしないようにしてください。もしあなたが過去に誰かを捨てた場合、同じことがあなたに起こることもあります。しかし最終的には、あなたの恋愛面はポジティブにことが進むでしょう。 </JUDGEMENT-ONE >
<THE-WORLD-ONE >このカードは、あなたの困難が終結し、あなたの恋人との喜びと愛に溢れる時の到来を示します。あなたの交際関係はついにあなたが望んでいた通りの形になります。あなたのパートナーはあなたの努力を応援し、感謝します。そしてこれはあなたの愛の花を咲かせるでしょう。この時期はあなたの恋愛面に新たな情熱をもたらします。もしあなたがシングルの場合、特別な人に出会う確率はかなり高いでしょう。</THE-WORLD-ONE >
</ROOT>
