<?xml version="1.0" encoding="utf-8" ?>
<ROOT>
<ACE-OF-CUPS-ONE >यह कार्ड यह बताता है कि जहाँ तक आपके स्वास्थय का प्रश्न है सभी कुछ ठीक-ठाक चल रहा है। आप शारीरिक और मानसिक तौर पर तरोताजा और चुस्त महसूस करेंगे और मुश्किल से ही आपको कोई बीमारी होगी। आपका झुकाव अब धार्मिकता की ओर भी अधिक होगा जो आपको और भी बेहतर महसूस करायेगा। </ACE-OF-CUPS-ONE >
<TWO-OF-CUPS-ONE >यह कार्ड यह बताता है कि आप स्वास्थय के मामले में थोड़ा परेशान है क्योंकि आप अपने किसी प्रियजन की सही सेहत के लिए प्रयासरत हैं और यह आपके लिए बहुत चिंता पैदा करेगा और हस्पताल के कुछ चक्कर बार-बार काटने पड़ सकते हैं। </TWO-OF-CUPS-ONE >
<THREE-OF-CUPS-ONE >यह कार्ड बताता है कि अब आप बहुत बढ़िया तरीके से समय व्यतीत करना चाहते हैं और अपने-आप को जरूरत से ज्यादा संतुष्ट करना चाहते हैं। इससे आपकी सेहत के लिए कोई परेशानी हो सकती है जिस पर जल्दी ही ध्यान देना होगा। यदि आप कोई उपाय नहीं करते हैं, तो आपको हस्पताल या पुनर्सुधार केंद्र जाना पड़ सकता है। </THREE-OF-CUPS-ONE >
<FOUR-OF-CUPS-ONE >आप बहुत अधिक तनाव ले रहे हैं और इसके कारण आपको शारीरिक रूप से कष्ट हो सकता है। आपको अपनी पेशेवर प्रतिबद्धताओं के बावजूद थोड़ा आराम करना चाहिये क्योंकि इस समय यह जरुरी है। इससे आप थोड़ा निराश तो हो सकते हैं परन्तु अंततः आप बेहतरी के लिए स्वास्थय लाभ करेंगे और यह जीवन में आपको नया स्वरूप देगा। </FOUR-OF-CUPS-ONE >
<FIVE-OF-CUPS-ONE >यह कार्ड बताता है कि बहुत अधिक यात्रा या काम का दबाव आप पर असर डालेगा और आप अपने आप को निचुड़े हुए और बहुत अधिक थके हुए महसूस कारेंगे। यह आपकी सेहत पर आपकी उम्मीद से अधिक ख़राब प्रभाव डालेगा जिससे आपको परेशानियाँ आयेंगी। आपको पेट से सम्बन्धित परेशानियों पर सबसे पहले ध्यान देना होगा। </FIVE-OF-CUPS-ONE >
<SIX-OF-CUPS-ONE >यह कार्ड बताता है कि आप बहुत अच्छा महसूस नहीं कर रहे हैं और यह बैचेनी आपके शरीर पर शारीरिक और मानसिक रूप से बुरा प्रभाव डाल रही है। आप कुछ काम खत्म करने के लिए अपने ऊपर काबू रखेंगे और फिर थोड़ा आराम करेंगे जो आपके शरीर में फिर से स्फूर्ति लाने में मदद करेगा। </SIX-OF-CUPS-ONE >
<SEVEN-OF-CUPS-ONE >यह कार्ड बताता है कि आपका शरीर किसी बीमारी के लक्ष्ण दिखा रहा है जिसके लिए आराम की जरूरत है। कुछ बीमारियाँ आपको परेशान कर सकती हैं जिनसे आपको निबटना होगा। आपके शरीर के अंगों या आँखों की कुछ परशानियाँ हो सकती हैं और स्वास्थय लाभ के लिए आपको इन्हें कुछ देर के अनदेखा करना होगा। </SEVEN-OF-CUPS-ONE >
<EIGHT-OF-CUPS-ONE >यह कार्ड बताता है कि आपकी आँखों या बालों के लिए समय थोड़ा ख़राब होगा और आपको कुछ समय के लिए दवा लेनी पड़ेगी। यह आपके दैनिक कामकाज में थोड़ी रुकावट डालेगा जिससे आपको निराशा हो सकती है परन्तु इसके बारे में परेशान होने वाली कोई बड़ी बात नहीं है और जल्दी ही आपका स्वास्थय ठीक होना शुरू हो जायेगा। जब आप ठीक हो रहे होंगे तो आपके प्रियजन आपका ध्यान रखेगें। </EIGHT-OF-CUPS-ONE >
<NINE-OF-CUPS-ONE >यह कार्ड बताता है कि आपके जीवन में उतार-चढ़ाव के कारण या तो आप इस समय अकेलेपन या उदासी का सामना कर रहे हैं या फिर जल्दी ही करेंगे। इस समय आप एक कमजोर स्थिति में होंगे और महसूस करेंगे कि कोई भी आपको ढंग से समझता नहीं है। आपकी अशांत मनोदशा आपके लिए घबराहट पैदा कर सकती है और आपको दवाइयों की कुछ गोलियां खानी पड़ सकती हैं। </NINE-OF-CUPS-ONE >
<TEN-OF-CUPS-ONE >यह कार्ड बताता है कि अपने व्यस्त और अप्रत्याशित कार्यक्रम के कारण आप असंतुलित आहार लेंगे और इससे आपका पेट ख़राब हो सकता है। यह अप्रत्याशित कार्यक्रम आपको अकेलेपन या अनिंद्रा की ओर ले जा सकता है जो कुछ देर तक रह सकते हैं। आप इसके उपाय करेंगे और जल्दी ही ठीक हो जायेंगे। </TEN-OF-CUPS-ONE >
<PAGE-OF-CUPS-ONE >यह कार्ड यह बताता है कि जिस तरह की परिस्थितियों से आप आजकल गुजर रहे हैं, आप बहुत ही भावुक हो जायेंगे और आसानी से प्रभावित हो सकते हैं। यह मानसिक दशा आपकी शारीरिक या मानसिक रूप से सेहत के लिए हानिकारक साबित हो सकती है। सावधान रहें क्योंकि आपके साथ अधिक दुर्घटनायें होती हैं। </PAGE-OF-CUPS-ONE >
<KNIGHT-OF-CUPS-ONE >यह कार्ड बताता है कि आपकी सेहत से सभी सम्बन्धित सभी कुछ अब संतोषप्रद रहेगा। यदि आप पहले से ही किसी बीमारी से ग्रसित हैं और डॉक्टर के पास जा रहे हैं तो आप देखेगें कि बुरा समाचार मिलने के बावजूद आपकी हालत सुधरेगी। आपको बस अपने पर भरोसा रखना होगा और अपने शरीर का अच्छी तरह से ख्याल रखना होगा। </KNIGHT-OF-CUPS-ONE >
<QUEEN-OF-CUPS-ONE >यह कार्ड बताता है कि विभिन्न व्यक्तिगत और व्यवसायिक दबावों के कारण आप मानसिक रूप से थक चुके हैं और आप अक्सर अपने-आप को असहाय पा सकते हैं। आप में निराशा के कुछ लक्षण आ सकते हैं जिसके लिए आप डॉक्टर और कुछ रिश्तेदारों से मशवरा लेंगे लेकिन चीजें धीरे-धीरे बेहतर हो जायेंगी। </QUEEN-OF-CUPS-ONE >
<KING-OF-CUPS-ONE >यह कार्ड बताता है कि कुछ परेशान करने वाली परिस्थितियाँ आ सकती हैं जिनके कारण आप अत्यधिक निराश हो जायेंगे और यह सोचने पर मजबूत हो जायेंगे कि यह दुनिया आपके लिए ठीक नहीं है या आप में कुछ कमियाँ हैं। इन परिस्थितियों के कारण बुरी आदतों में न पड़ें। </KING-OF-CUPS-ONE >
<ACE-OF-PENTACLES-ONE >यह कार्ड यह बताता है कि अपने जीवन में अब आप कुछ अच्छे बदलाव लाने के इच्छुक हैं। यदि आप किसी बीमारी से ग्रसित हैं तो शीघ्र स्वास्थयलाभ के लिए यह अच्छा समय है और आप जल्दी ही अपने आप बहुत अच्छी दशा में पायेंगे। </ACE-OF-PENTACLES-ONE >
<TWO-OF-PENTACLES-ONE >लम्बे कार्य के घंटों और विभिन्न जिम्मेदारियों के कारण आप थके और निचुड़े हुए महसूस करेंगे। यह परिस्थितियाँ आपके शरीर पर बुरा प्रभाव डाल सकती हैं परन्तु आपको अपने आप को परिस्थितियों का शिकार न होने देने के लिए आपको कोशिश करनी होगी और एक संतुलन लाना होगा। </TWO-OF-PENTACLES-ONE >
<THREE-OF-PENTACLES-ONE >यह कार्ड दिखाता है कि भावनात्मक रूप से टूटना या एक अप्रत्याशित भिडंत आप पर विषाक्त प्रभाव डालेंगे। यह आपकी सेहत पर बुरा असर डाल सकते हैं, इसलिए आपको सावधान रहना होगा। विश्राम को अभी इंतजार करना होगा क्योंकि आपके लिए बहुत सारी चीजें पंक्ति में लगी हुई होंगी। </THREE-OF-PENTACLES-ONE >
<FOUR-OF-PENTACLES-ONE >यह कार्ड दिखाता है कि पहले से ही उपस्थित चिकित्सा संबंधी परेशानी में आपको किसी परेशानी का सामना करना पड़ेगा और क्लिनिक के कुछ चक्कर काटने पड़ सकते हैं। आप अपने प्रियजनों समेत कुछ सहायता और मशवरा लेंगे। चीजें थोड़ा हाथ से बाहर जा सकती हैं और आपको अब मजबूत बनना होगा। </FOUR-OF-PENTACLES-ONE >
<FIVE-OF-PENTACLES-ONE >यह कार्ड दिखाता है कि हाल ही में आप अपनी सेहत को बहुत अनदेखा कर रहे हैं और इसी वजह से एक छोटी सी बीमारी थोड़ा गंभीर रूप धारण कर सकती है यद्यपि उतना अधिक नहीं। इसके कारण आपको अपनी कुछ जाँच करानी पड़ सकती है। </FIVE-OF-PENTACLES-ONE >
<SIX-OF-PENTACLES-ONE >यह कार्ड यह बताता है कि आपको अपने आसपास के परिवेश के बारे में अतिरिक्त सावधानी बरतनी होगी। आपके लिए दुर्घटनाओं की संभावनायें अधिक हैं और इसलिए आपको आपने आसपास के बारे चौकन्ना और सतर्क रहना होगा। यह एक संकटमय समय है और यदि आप सावधानी नहीं बरतते तो इसके कारण अवांछित अंत हो सकता है। </SIX-OF-PENTACLES-ONE >
<SEVEN-OF-PENTACLES-ONE >यह कार्ड दिखाता है कि आप इस समय एक बहुत ही तकलीफ़देह समय से गुजर रहे है और आप किसी भी ऐसी चीज, जिसमें बहुत संलिप्तता या शारीरिक कार्य शामिल होगा, से बचने की कोशिश करेंगे। आप ऐसा कुछ भी करने के इच्छुक नहीं होंगे जो आपके समय और एकाग्रता की माँग करेगा और यह आपको आपकी इच्छा के विरुद्ध काम से दूर रखेगा। </SEVEN-OF-PENTACLES-ONE >
<EIGHT-OF-PENTACLES-ONE >यह कार्ड बताता है कि अब समय आ गया है कि आप सभी मोइस्चराइज़र और सूर्य की किरणों को रोकने वाले बाहर निकाल लें क्योंकि आपकी त्वचा अतिसंवेदनशील हो सकती है। आपको काम के सिलसिले में बहुत यात्रा करनी पड़ेगी और यह आपके आहार पर बुरा प्रभाव डाल सकता है और इससे पेट सम्बन्धी परेशानियाँ हो सकती हैं। </EIGHT-OF-PENTACLES-ONE >
<NINE-OF-PENTACLES-ONE >यह कार्ड बताता है कि या तो आप या आपका कोई नजदीकी किसी बीमारी या दुर्घटना से स्वास्थ्यलाभ कर रहा होगा। यह भी संभावना है कि कोई जिसे आप अच्छी तरह से जानते हैं किसी बड़ी स्वास्थय समस्या से निपट रहा होगा। आप अपने रिश्तेदारों की सहायता करेंगे लेकिन आप इसमें से बाहर निकलना चाहेंगे और कुछ ऐसा अनुभव करेंगे जो आपको इसमें से निकलने में सहायता करेंगे। </NINE-OF-PENTACLES-ONE >
<TEN-OF-PENTACLES-ONE >यह कार्ड बताता है कि आपकी कोई व्यक्तिगत परेशानी हो सकती है जो आपको थोड़ा परेशान करेगी। आपके परिवार से कोई नजदीकी सदस्य होगा जिसे चिकिसीय देखरेख की जरूरत पड़ेगी और आप उन्हें जीवन की नई राह पर चलने के लिए मार्गदर्शन देंगे। </TEN-OF-PENTACLES-ONE >
<PAGE-OF-PENTACLES-ONE >यह कार्ड बताता है कि आप चिंतातुर और अत्यधिक बैचेन महसूस कर रहे हैं। आपको शारीरिक परेशानियाँ हो सकती हैं। कुछ ऐसा अपराध बोध है जो आपको बहुत अधिक परेशान कर रहा है और आप इससे पीछा छुड़ाना चाहेंगे। शरीर के दर्दों के लिए कुछ दवाओं की जरूरत पड़ सकती है और आप अनिंद्रा के कारण कुछ सोने की गोलियाँ भी लेना चाहेंगे। </PAGE-OF-PENTACLES-ONE >
<KNIGHT-OF-PENTACLES-ONE >यदि कोई आपका फायदा उठाने की कोशिश न करे तो आपके लिए समाज सेवा अच्छी है और आपको इसका एहसास करना होगा। इसके कारण आप व्याकुल और उत्तेजित महसूस करेंगे लेकिन आप एक साहसिक कदम उठा पायेंगे। आप खाली बैठे रहने के बजाय अपने-आप को सक्रिय रखने की कोशिश करेंगे क्योंकि यह आपको उन बातों के बारे में सोचने के लिए रोकेगा जिन्हें आप सोचना नहीं चाहते। </KNIGHT-OF-PENTACLES-ONE >
<QUEEN-OF-PENTACLES-ONE >यह कार्ड बताता है कि उपचार और सफाई के लिए प्रकृति की सहायता लेना और प्राकृतिक तरीके अपनाना सबसे बढ़िया रहेगा। यदि आप या आपका कोई प्रियजन बीमारी के बाद स्वस्थ लाभ कर रहा है तो जल्दी ठीक होने के लिए यह अच्छा समय है। </QUEEN-OF-PENTACLES-ONE >
<KING-OF-PENTACLES-ONE >यह कार्ड बताता है कि आप शारीरिक और मानसिक रूप से अच्छे स्वास्थय की ओर बढ़ रहे हैं। यदि आप किसी चोट या बीमारी के बाद स्वास्थय लाभ कर रहे हैं तो आप में बहुत बढ़िया सुधार आयेगा। यदि कुछ चिकित्सीय कागजात के बारे में कोई परेशानी भी हो तो यह जल्दी ही सुलझ जायेगी। </KING-OF-PENTACLES-ONE >
<ACE-OF-SWORDS-ONE >यह कार्ड बताता है कि आप उदास और दुखी हैं और चिकित्सीय सहायता लेना चाहते हैं। परिवार के सदस्य आपकी सहायता करेंगे और यह भी संभावना है कि आप अपनी बीमारी के उपचार के लिए किसी नई दिशा में जायेंगे और यह फायदेमंद साबित होगा। </ACE-OF-SWORDS-ONE >
<TWO-OF-SWORDS-ONE >यह कार्ड बताता है कि आपकी सेहत ज्यादातर बनती-बिगडती रहती है और आप कुछ बैचेन लगेंगे। स्वास्थय सम्बन्धी कुछ छोटी-मोटी परेशानियाँ आ सकती है लेकिन जब आप ठीक महसूस न कर रहे हों तो आपको अपनी सेहत का ख्याल रखना होगा या फिर किसी संक्रमण या हलके बुखार की संभावना है। </TWO-OF-SWORDS-ONE >
<THREE-OF-SWORDS-ONE >यह कार्ड बताता है कि आप अत्यधिक थके हुए महसूस करेंगे और आराम और काम से कुछ समय की छुट्टी के लिए तरसेगें। कुछ ऐसी घटनायें हो सकती हैं जिनसे आपके तनाव और शारीरिक थकावट में वृद्धि हो सकती है लेकिन आपको अपनी अच्छाई के लिए इसको सहन करना होगा। आपके ख़राब स्वास्थय के कारण आपका परिवार चिंतित होगा और वह किसी डॉक्टर का मशवरा ले सकते हैं। </THREE-OF-SWORDS-ONE >
<FOUR-OF-SWORDS-ONE >यह कार्ड बताता है कि आगे आने वाला समय स्वास्थय लाभ के लिए सही है और आपकी मानसिक और वित्तीय परेशानियाँ अंततः समाप्त हो जायेंगी या कम से कम जल्दी ही बहुत हद तक कम हो जायेंगी। आपका शारीरिक स्वास्थय थोड़ा ख़राब हो सकता है और इसके कारण आपको कुछ जाँचें या चिकित्सीय उपचार कराने पड़ सकते हैं। इस मामले में डॉक्टर बहुत मददगार रहेगा। </FOUR-OF-SWORDS-ONE >
<FIVE-OF-SWORDS-ONE >यह कार्ड बताता है कि किसी न ठीक होने वाली बीमारी के कारण आप तनाव और निराशा का सामना कर रहे हैं। आपको अस्पताल के कुछ चक्कर लगाने पड़ेंगे जिसके कारण आपकी निराशा बढ़ जायेगी और आप असहाय महसूस करेंगे लेकिन आप मजबूत बने रहने की कोशिश करेंगे। </FIVE-OF-SWORDS-ONE >
<SIX-OF-SWORDS-ONE >यह कार्ड बताता है कि जहाँ तक आपके स्वास्थय का प्रश्न है यह आपका सबसे ख़राब समय हो सकता है। कोई गंभीर चोट लग सकती है या कोई गंभीर बीमारी हो सकती है जो आपको जबरदस्त रूप से परेशान करेगी। आपकी कोई दुर्घटना भी हो सकती है जिसमें आपको चोट लग सकती है, विशेषतया टांगों या घुटनों में। अस्पताल में भर्ती होने की संभावना भी है परन्तु अंत में चीजें बेहतर हो जायेंगी। </SIX-OF-SWORDS-ONE >
<SEVEN-OF-SWORDS-ONE >यह कार्ड बताता है बहुत अधिक दबाव आप पर काबू कर रहा है और इसके कारण आपको शारीरिक और मानसिक रूप से बहुत अधिक तनाव हो रहा है। आप बहुत सारी चीजों को संभालने में जरूरत से अधिक व्यस्त रहेंगे और यह आप पर बुरा प्रभाव डाल सकता है विशेषतया आपके दिमाग और शरीर पर। आपको अपने लिए कुछ छुट्टी लेने की जरूरत है और अपने आपको और अपने शरीर को फिर से तरोताजा करें। </SEVEN-OF-SWORDS-ONE >
<EIGHT-OF-SWORDS-ONE >यह कार्ड दिखाता है कि यदि आप सावधानी नहीं बरतते हैं तो किसी तरह की छोटी सी दुर्घटना हो सकती है। आपको अब अतिरिक्त रूप से सावधानी बरतनी होगी क्योंकि यह कार्ड बताता है कि आप घर पर किसी जोखिम भरे काम के कारण किसी दुर्घटना का सामना कर सकते हैं। आपको गाड़ी चलाते हुए या गलियाँ पार करते हुए भी सतर्क रहना होगा। यह अवस्था जल्दी ही समाप्त हो जायेगी। </EIGHT-OF-SWORDS-ONE >
<NINE-OF-SWORDS-ONE >यह कार्ड यह दिखा रहा है कि आपको अपने व्यक्तिगत या व्यवसायिक जीवन में कुछ अप्रिय परिस्थितियों का सामना करना पड़ सकता है जिनके कारण आपको निराशा होगी। आपके भोजन में कुछ अनियमितताएँ भी हो सकती हैं जिनसे पेट में कुछ गड़बड़ी हो सकती है परन्तु आपके प्रियजनों में से कोई एक आपको इस स्थिति से बाहर निकलने में सहायता करेगा। </NINE-OF-SWORDS-ONE >
<TEN-OF-SWORDS-ONE >यह कार्ड यह दिखाता है कि अब आपने अपनी सेहत का जिम्मा लेने का फैसला कर लिया है और पहले जो कुछ हुआ है उसे भुला कर भविष्य को गले लगायेंगे। आप अपने स्वास्थय के बारे में कुछ लक्ष्य निर्धारित करेंगे और सुनिश्चित करेंगे कि आपके जीवन की शैली इस संकल्प के अनुसार बदल जाये। </TEN-OF-SWORDS-ONE >
<PAGE-OF-SWORDS-ONE >यह कार्ड दिखाता है कि आप पर कुछ मानसिक दबाव होंगे, विशेषतया काम के सम्बन्ध में, लेकिन आप उनके साथ धैर्यपूर्वक निपटेगें। यह संभावना है कि आपको पीठ में दर्द हो सकता है या आपको दंतचिकित्सक के पास जाना पड़ सकता है। फिर भी, कुल मिला कर आप ऊर्जावान रहेगें और अपने प्रियजनों के साथ समय बितायेंगे। </PAGE-OF-SWORDS-ONE >
<KNIGHT-OF-SWORDS-ONE >यह कार्ड दिखाता है आपकी सेहत के सम्बन्ध में कुछ मिली-जुली स्थितियाँ रहेंगी। आप मानसिक तौर पर बेहतर स्थिति में होंगे और किसी तनाव या ऐसी ही किसी दूसरी परेशानी से उभर रहे होंगे। आपके परिवार को अब आपकी जरूरत होगी क्योंकि आपके किसी रिश्तेदार या पारिवारिक मित्र के बारे में कोई बुरी खबर आने की संभावना है। </KNIGHT-OF-SWORDS-ONE >
<QUEEN-OF-SWORDS-ONE >यह कार्ड दिखाता है कि आपको अब अपनी व्यक्तिगत और व्यवसायिक प्राथमिकताओं में से दोनों ही काम साथ-साथ करने पड़ेंगे और आप अपनी सभी प्रतिबद्धताओं को पूरा करने के लिए उत्कृष्ट कोशिश करेंगे। इसके फलस्वरूप आप बहुत निचुड़े और थके हुए महसूस करेंगे लेकिन किसी तरह आप इन सब जिम्मेदारियों को निभाने में कामयाब रहेंगे। </QUEEN-OF-SWORDS-ONE >
<KING-OF-SWORDS-ONE >यह कार्ड यह दिखाता है कि आपके स्वास्थय में अब गिरावट आ रही है। आप मानसिक और शारीरिक रूप से निराश और थके हुए होंगे और कुछ छोटी चीजों के लिए दवाएं लेनी पड़ सकती हैं। यह भी संभावना है कि आपके प्रियजनों में से कोई एक अस्पताल में दाखिल हो सकता है। </KING-OF-SWORDS-ONE >
<ACE-OF-WANDS-ONE >यह कार्ड बताता है कि अब आप अपने स्वास्थय की ओर ज्यादा ध्यान देंगे और किसी शारीरिक या मानसिक बीमारी के मामले में आप दूसरी तरह की दवा नहीं लेना चाहेंगे। कोई आपको प्राकृतिक तरीकों से कुछ बीमारियों के उपचार बारे में सुझाव देगा और आप उन तरीकों को अपना लेंगे। </ACE-OF-WANDS-ONE >
<TWO-OF-WANDS-ONE >यह कार्ड यह दिखाता है कि आप अपने शरीर पर जरुरत से ज्यादा जिम्मेदारी डाल रहे हैं जो आपके शरीर से दिख रहा है। आपको अपने शरीर की सहायता करने के लिए अप्राकृतिक खनिज पदार्थों को लेना पड़ेगा। संतुलित आहार की अनदेखी करना भविष्य में खतरनाक हो सकता है और आपको एक स्वस्थ दिनचर्या की सख्ती से सलाह दी जाती है। </TWO-OF-WANDS-ONE >
<THREE-OF-WANDS-ONE >यह कार्ड यह दिखाता है कि आप इस समय किसी प्रियजन की सेहत के बारे में ज्यादा चिंतित हैं। इस प्रक्रिया में, आप तनावग्रस्त हो जायेंगे और आपको काफी आराम की जरूरत पड़ सकती है। अपने आप पर ज्यादा बोझ मत डालें क्योंकि यह खतरनाक हो सकता है। आपको दंतचिकित्सक के पास जल्दी ही जाना पड़ सकता है। </THREE-OF-WANDS-ONE >
<FOUR-OF-WANDS-ONE >यह कार्ड दिखाता है कि आपको अपने व्यक्तिगत जीवन में किसी असुविधा का सामना करना पड़ रहा है और यह आपको तनाव दे रहा है। कुछ और परेशानियाँ भी हो सकती हैं जो आपके सवास्थय पर अपना असर दिखाना शुरू कर देंगी जिससे आप उत्तेजित महसूस करेंगे और आपके शरीर में कुछ आकस्मिक दर्द भी हो सकता है। </FOUR-OF-WANDS-ONE >
<FIVE-OF-WANDS-ONE >यह कार्ड यह दिखाता है कि आपको जो कोई भी बीमारी थी वह पूरी तरह से ठीक हो गई है और अंततः आप स्वस्थ मानसिक और शारीरिक दशा का आनंद उठा रहे हैं। आपकी अपने साथी के साथ छुट्टियाँ मनाने जाने की संभावना है और यह एक मजेदार अवकाश होगा। </FIVE-OF-WANDS-ONE >
<SIX-OF-WANDS-ONE >यह कार्ड दिखाता है कि आपको आख़िरकार यह एहसास हो रहा है कि अब काम से कुछ समय के छुट्टी लेने का वक्त आ गया है और अपने लिए कुछ समय निकाला जाए। यह अवकाश आपके लिए सहायक सिद्ध होगा क्योंकि आप कुछ सामाजिक समारोहों में जायेंगे और वह चीजें करने की कोशिश करेंगे जिन्हें आप पसंद करते हैं। </SIX-OF-WANDS-ONE >
<SEVEN-OF-WANDS-ONE >यह कार्ड बताता है कि आप एक साथ जितनी गतिविधियों से निपट सकते हैं उससे बहुत अधिक गतिविधियों में खुद को लगा रहे हैं और यह आपको अत्यधिक चिंतित और परेशान कर रहा है। लेकिन शायद ही आपको इसका एहसास होगा जिससे आप तनावग्रस्त महसूस करेंगे। ऐसा करते हुए अपनी सेहत को अनदेखा न करें और इस बात का भी ख्याल रखें कि आप क्या खा रहे हैं विशेषतया बाहर। </SEVEN-OF-WANDS-ONE >
<EIGHT-OF-WANDS-ONE >यह कार्ड बताता है कि आप इस समय अंदर से स्वस्थ और फिट महसूस करते हुए हल्की मनोदशा में हैं और आप अपने साथी की ओर बहुत ज्यादा खिंचेगे। यह एक रोमांटिक सैर और कामुक गतिविधि की ओर ले जायेगी जो आपको कुछ समय के लिए व्यस्त रखेगी। </EIGHT-OF-WANDS-ONE >
<NINE-OF-WANDS-ONE >यह कार्ड बताता है की आपकी शारीरिक दशा एक ख़राब दशा से गुजर रही है और आप उपेक्षित और बीमार महसूस करेंगे। यह कुछ चिडचिडापन पैदा कर सकता है क्योंकि आपको क्लिनिक के चक्कर काटने पड़ सकते हैं और कानूनी कागजी कार्यवाही से भी निपटना पड़ सकता है जो थका देने वाला हो सकता है। </NINE-OF-WANDS-ONE >
<TEN-OF-WANDS-ONE >यह कार्ड बताता है कि आपका काम या कुछ व्यक्तिगत मुद्दे आपको हानि पहुँचायेंगे और बहुत सारी जिम्मेदारियों को पूरा करने की कोशिश आपको शारीरिक रूप से निचुड़ा हुआ महसूस करायेगी। आपके पास आराम करने के लिए शायद ही कुछ समय रहेगा क्योंकि आप निरंतर ही कुछ न कुछ करते रहेंगे और यह किसी प्रकार की बीमारी में फलीभूत हो सकता है। आपको चीजों को एक वाजिब गति तक लाने के लिए धीमा करना होगा। </TEN-OF-WANDS-ONE >
<PAGE-OF-WANDS-ONE >आपको किसी छोटी-मोटी या बड़ी बीमारी के लिए भी दवा लेनी पड़ सकती है। यह कार्ड दिखाता है कि आप अपने इर्दगिर्द होती हुई चीजों के कारण चिडचिडे महसूस कर रहे हैं और यह व्यक्तिगत काम या समस्याओं के कारण हो सकता है। आपको इस समय धैर्य के गुण का अभ्यास करना पड़ेगा और अपने दृष्टिकोण में व्यवहारिक बनें। </PAGE-OF-WANDS-ONE >
<KNIGHT-OF-WANDS-ONE >यह कार्ड दिखाता है कि आपके शरीर को किन्ही कठिन गतिविधियों से गुजरना पड़ेगा क्योंकि आप कई चीजों में फंसे हुए हैं और आप चकित और थके हुए महसूस करेंगे। इसका आपकी मानसिक स्थिति के साथ भी काफी सम्बन्ध हो सकता है। </KNIGHT-OF-WANDS-ONE >
<QUEEN-OF-WANDS-ONE >यह कार्ड यह दिखाता है कि इस समय आप बहुत ही अधिक ऊर्जावान है और अपनी जीवनशैली में अपनी सेहत के लिए कुछ रचनात्मक बदलाव लाने के लिए प्रेरित हैं। आप अधिक संतुलित तरीके से जीने की ओर जाने के लिए कुछ चीजों को बदलने के इच्छुक हैं। </QUEEN-OF-WANDS-ONE >
<KING-OF-WANDS-ONE >यह कार्ड दिखाता है कि आप अपनी सेहत और फिटनेस की व्यवस्था में कुछ बदलाव लाने के इच्छुक हैं और एक आहार विज्ञ से भी मशवरा करेंगे। कुछ भावनात्मक परेशानियाँ, जैसे डर और चिंता, हो सकती हैं या आपको किसी प्रकार की दर्द हो सकती है। </KING-OF-WANDS-ONE >
<THE-MAGICIAN-ONE >यह कार्ड बताता कि आपको कुछ तनावपूर्ण समय का सामना करना पड़ेगा। कुछ काम और कुछ घर से सम्बन्धित मुद्दे आपको हानि पहुँचा सकते हैं और कई जटिलताओं और अनिश्चित परिणामों के कारण आप अपनी स्वस्थ्य समस्याओं का कोई समाधान नहीं ढूंढ पायेंगे। किसी सही नतीजे पर पहुँचने से पहले आपको कई डॉक्टरों के पास जाना पड़ेगा। </THE-MAGICIAN-ONE >
<THE-HIGH-PRIESTESS-ONE >यह कार्ड दिखाता है कि अतीत में आपको काफी बुरे समय से गुजरना पड़ा होगा और इसने आपकी मानसिक और शारीरिक स्थिरता पर बुरा असर डाला होगा। परन्तु अब अच्छा समय आने वाला है क्योंकि आपको अंततः कुछ राहत पायेंगे और बहुत जल्दी ही बेहतर महसूस करना शुरू कर देंगे। </THE-HIGH-PRIESTESS-ONE >
<THE-EMPRESS-ONE >यह कार्ड दिखाता है कि आपको अपने शरीर से सम्बन्धित कुछ परेशानियों से गुजरना पड़ सकता है, विशेषतया गर्दन से सम्बन्धित। आपको अपने शरीर को जानने के लिए शरीर के अध्यात्मिक पक्ष के सम्पर्क में रहना पड़ेगा और फिर अपने आप को तरोताजा करने के लिए भौतिक चिकित्सा या योग करना होगा। </THE-EMPRESS-ONE >
<THE-EMPEROR-ONE >यह कार्ड बताता है कि आपकी सेहत से सम्बन्धित कोई गंभीर समस्या आ सकती है। आपको कष्ट से छुटकारा पाने के लिए सम्पूर्ण सावधानी बरतनी होगी और अपनी देखरेख करनी होगी। आपकी शक्ति में वृद्धि होगी और आप बीमारी से लड़ पायेंगे लेकिन आपको यह मशवरा दिया जाता है कि आप अपने शरीर के प्रति कोई असावधानी न दिखायें। </THE-EMPEROR-ONE >
<THE-HIEROPHANT-ONE >यह कार्ड दिखाता है कि इस समय आपको अपनी सेहत पर अधिक ध्यान देने की जरूरत है। कम या ज्यादा रक्तचाप और बहुत कष्टदायक खांसी और जुकाम होने की संभावना है। नियमित जाँच कराते रहने से आपकी दशा में बहुत अधिक सुधार आ सकता है। </THE-HIEROPHANT-ONE >
<THE-LOVERS-ONE >यह कार्ड दिखाता है कि आप का शरीर इस समय स्वस्थ है और आप इसके बारे में आनंदित महसूस कर रहे हैं। यह संभावना है कि शारीरिक रूप से अब आप और ऊर्जावान हो जायें और अधिक सक्रिय दिखाई देंगे। आप अपने शरीर की जरूरतों को गंभीरता से लेंगे और फिट शरीर और मस्तिष्क में एक संतुलन बिठाने की चेष्टा करेंगे। </THE-LOVERS-ONE >
<THE-CHARIOT-ONE >यह कार्ड बताता है कि आप अपने काम और अन्य गतिविधियों में बहुत अधिक संलिप्त हैं और अपने शरीर की आवश्यकताओं का ध्यान नहीं रख पा रहे हैं। अगर आप ऐसा ही करते रहेंगे तो ज्यादा बोझ के कारण आप बीमार पड़ जायेंगे या मानसिक तौर पर अत्यधिक बैचेन महसूस करेंगे। डॉक्टर के पास जाँच कराने के लिए जाने का और सप्ताहांत में किसी शांत जगह पर जाने का यह बहुत अच्छा समय है। </THE-CHARIOT-ONE >
<STRENGTH-ONE >यह कार्ड दिखाता है कि आपकी सेहत इस समय बहुत अच्छी है। स्ट्रेंग्थ कार्ड शारीरिक और मानसिक रूप से खुशदिल मिजाज का द्योतक है और यदि आपके शरीर से सम्बन्धित कुछ छोटे-मोटे मुद्दे होते भी हैं तो आप उन पर आसानी से काबू पा लेंगे। आपकी इच्छाशक्ति और उत्साह को आपके आसपास के लोग प्रोत्साहन देंगे और इनकी प्रशंसा करेंगे। </STRENGTH-ONE >
<THE-HERMIT-ONE >यह कार्ड दिखाता है आप भावनात्मक रूप से उपेक्षित और उदास महसूस करेंगे और यह आपको मानसिक रूप से थका सकता है। बीमारियों की संभावनायें हैं जिनके कारण आपको भागदौड़ करनी पड़ेगी और डॉक्टरों से कई मुलाकातें करनी पड़ेंगी। लेकिन यह ज्यादा समय तक नहीं रहेगा और चीजें बेहतर हो जायेंगी। </THE-HERMIT-ONE >
<WHEEL-OF-FORTUNE-ONE >यह कार्ड बताता है कि आप इस समय बहुत अस्थिर महसूस कर रहे हैं और काम और मानसिक दबावों के कारण, आप यह महसूस करेंगे कि आप जरूरत से अधिक काम कर रहे हैं और तनावग्रस्त रहेंगे कुछ बुरे विचार भी आ सकते हैं जो आपका पीछा कर सकते हैं परन्तु यह एक दशा है और जल्दी ही खत्म हो जायेगी। </WHEEL-OF-FORTUNE-ONE >
<JUSTICE-ONE- >यह कार्ड बताता है कि ऐसी संभावनायें है कि आप अपनी सामान्य जाँच के लिए डॉक्टर के पास जायेंगे और आपको एक गंभीर समस्या के बारे में पता चलेगा। यह आपके लिए आश्चर्यजनक हो सकता है परन्तु इस नई स्वास्थय समस्या से निजात पाने के लिए डॉक्टर, जिसके पास काफी दक्षता होगी, आपकी सहायता करेगा। </JUSTICE-ONE- >
<THE-HANGED-MAN-ONE >यह कार्ड बताता है कि आप किसी चीज के बारे में बैचेन और चिंतित महसूस कर रहे हैं। अब समय आ गया है कि इससे पहले कि बीमारी के लक्षण दिखाई देने शुरू हों आप अपने दिमाग और शरीर को कुछ आराम दें और इससे भी सहायता मिलेगी यदि आप ऐसी परिस्थिति से या ऐसे लोगों से दूर रहें जो आपके डर को प्रोत्साहन दे रहे हैं। </THE-HANGED-MAN-ONE >
<DEATH-ONE >यह कार्ड बताता है कि आपके आसपास की कोई चीज आपको अप्रसन्न कर रही है। इस समय आप किसी बीमारी के बारे में सलाह लेंगे। आपको उज्ज्वल पक्ष को देखना होगा और केवल यही आपको उस ख़राब चीज पर, जो आपके आसपास हो रही है, काबू करने में सहायता करेगा। आपका परिवार अब आपको बहुत प्रेम देगा और आपका ध्यान रखेगा। </DEATH-ONE >
<TEMPERANCE-ONE >यह कार्ड दिखाता कि अपने व्यस्त कार्यक्रम के कारण आपके पास डॉक्टर के पास जाने के लिए समय नहीं होगा और निकट भविष्य में इसके कारण आपकी समस्या बढ़ सकती है। आपको अपनी सेहत की ओर ध्यान देना होगा और डॉक्टर के पास समय पर जाने को और ठीक होने को प्राथमिकता देनी होगी। </TEMPERANCE-ONE >
<THE-DEVIL-ONE >यह कार्ड दिखाता है कि थकावट और निरंतर चिंता आपको सुस्त और थका हुआ महसूस करायेगी। आप इसे तुरंत ही नहीं समझ पायेंगे परन्तु अंततः आप देखेंगे कि आप जरा जरूरत से ज्यादा काम कर रहे हैं और इसके कारण आप दूसरी चीजों को अनदेखा कर रहे हैं और आप लगातार तनावग्रस्त महसूस करेंगे जिससे आपको कुछ गोलियाँ लेनी पड़ सकती हैं। </THE-DEVIL-ONE >
<THE-TOWER-ONE >यह कार्ड दिखाता है कि आपको एक दुर्भाग्यशाली घटना से गुजरना पड़ेगा जिसके कारण आपको अस्पताल के कुछ चक्कर काटने पड़ सकते हैं। इस अफरा-तफरी के कारण कुछ तनावपूर्ण समय रहेगा, लेकिन आप इस स्थिति से निकल जायेंगे। आपके परिवार का कोई सदस्य इस थकाऊ समय में आपकी सहायता कर सकता है। </THE-TOWER-ONE >
<THE-STAR-ONE >यह कार्ड दिखाता है कि कोई चीज आपके दिमाग में एक नया विचार लायेगी और अपने किसी मित्र की सहायता से आप अपने को स्वस्थ रखने की योजना बनायेंगे। यह प्रक्रिया थोड़ी मुश्किल हो सकती है और आपको चिकित्सीय जाँचों और परीक्षणों के कुछ दौरों से गुजरना पड़ सकता है लेकिन आपको ख़ुशी होगी कि आपने यह निर्णय लिया। </THE-STAR-ONE >
<THE-MOON-ONE >यह कार्ड दिखाता है कि आपको कोई सामान्य स्वास्थय समस्यायें होगी जो अभी उभरी नहीं हैं या फिर आंशिक रूप से उभरी हैं। यह समस्यायें छोटी लग सकती हैं परन्तु आपको इन पर ध्यान देना होगा क्योंकि यदि आप इन्हें अनदेखा करेंगे तो वह बढ़ सकती हैं। आपको घुटनों का दर्द और पीठ की समस्यायें भी होंगी। </THE-MOON-ONE >
<THE-SUN-ONE >यह कार्ड दिखाता है कि इस समय आप थोड़ा प्रेरित नहीं महसूस कर रहे हैं और काम नहीं कर रहे हैं। गलतियों को सही बातों के मुकाबले ढूँढने की कोशिश में आप अब अपना बारीकी से विश्लेषण करेंगे। वैसे आपको कोई शारीरिक बीमारी नहीं लगती । आप अपने किसी प्रियजन के लिए स्वास्थय मुद्दों पर और ठीक रहने के लिए और अधिक पढेंगे। </THE-SUN-ONE >
<JUDGEMENT-ONE >यह कार्ड दिखाता है कि तनाव या ख़राब भोजन के कारण आपको किसी शारीरिक अस्थिरता का सामना करना पड़ सकता है। आपको अपने किसी प्रियजन की सेहत के बारे में चिंता रहेगी और उसको उसमें से निकालने के लिए आप अपनी उत्तम कोशिश करेंगे। आपका अधिकतर समय अस्पताल जाने में या डॉक्टरों से मिलने में जायेगा। </JUDGEMENT-ONE >
<THE-WORLD-ONE >यह कार्ड दिखाता है कि आप पहले से ही किसी बीमारी या चोट से ग्रस्त हैं और ठीक हो जायेंगे। आप देखेंगे कि आप धीमे-धीमे परन्तु नियमित रूप से प्रगति कर रहे हैं यद्यपि यह संभावना है कि कोई गल्त सलाह कोई समस्या पैदा कर सकती है। आपको यह सलाह दी जाती है आप अपने स्वास्थ्य मुद्दों पर और जानकारी प्राप्त करें और उसी के अनुसार उपाय करें। </THE-WORLD-ONE >
<THE-FOOL-ONE >यह कार्ड दिखाता है कि आपको अपनी सेहत की चिंता है और आप नियमित जाँच के लिए जायेंगे। आपके सफेद दांतों पर भी अब कुछ ध्यान देने की आवश्यकता है, इसलिये आप दंत-चिकित्सक के पास जायेंगे। आप अपने किसी मित्र से उपचार के नये तरीकों के बारे में जानेंगे और इन तरीकों को आजमाने के इच्छुक होंगे।</THE-FOOL-ONE >
    </ROOT>
#3F51B5
