<?xml version="1.0" encoding="utf-8" ?>
<ROOT>
<ACE-OF-CUPS-ONE >La carta mostra che ci sono probabilità che tu possa essere coinvolto in questioni di importanza emozionale. è tempo di lasciare che il tuo cuore ti guidi. Devi credere nelle tue intuizioni e fare quello che credi emozionalmente appropriato. Sentirai probabilmente un legame intimo di compassione e amore. La tua vita amorosa probabilmente sarà forte e brillante. </ACE-OF-CUPS-ONE >
<TWO-OF-CUPS-ONE >La carta indica principalmente legame, pace e affetto. Questa carta riguarda una nuova connessione/amicizia in amore, a lavoro, in amicizia o da qualche altra parte. è il momento di stare insieme e non isalati. Se ci sono dei conflitti in qualche relatione/rapporto, risolvili e ristabilisci la pace. Perdona e dimentica. Costruisci nuovi legami e vai avanti con ottimismo. </TWO-OF-CUPS-ONE >
<THREE-OF-CUPS-ONE >La carta mostra un miglioramento di zelo e desiderio di vita. Ti trovera ad apprezzare tutte le piccole cose della vita. Tornerai insieme a vecchi amici e costrutirai legami forti di fiducia con loro. Farai nuovi contatti in società. Potresti trovarti a dover lavorare in team/gruppo per uno scopo comune. </THREE-OF-CUPS-ONE >
<FOUR-OF-CUPS-ONE >Questa carta rappresenta un tempo per riflettere ed autoesaminare i tuoi pensieri e la tua vita. Potresti trovarti in situazioni indesiderate. A volte, potresti sentirti apatico e mancare di motivazione. Hai bisogno di aprirti a tutte le nuove possibilità per trovare la direzione ch estai cercando. Prova ad essere meno solitario ed ascoltare gli altri per trovare una via d'uscita. </FOUR-OF-CUPS-ONE >
<FIVE-OF-CUPS-ONE >Questa carta significa perdita di speranza, delusione e rigetto della vita su eventi passati. Potresti sentirti perso o sconfitto a causa di eventi già accaduti. Potresti rimpiangere le tue decisioni passate e forse tornare indietro nel tempo per correggere le tue decisioni. Stai riconoscendo i tuoi errori ma non stai pensando a quello che è rimasto. Devi liberarti dal passato, vedere quello che di buono c'è nel tuo presente e lavorare verso il futuro. </FIVE-OF-CUPS-ONE >
<SIX-OF-CUPS-ONE >La carta indica la tua visione innocente e di buon cuore verso la vita. Sei felice di diffondere gioia senza motivo egoistico. Ti sentirai benedetto e ti piacerà aiutare gli altri. Inizierai a notare tutte le piccole cose intorno a te e cercherai appagamneto in questi piccoli piaceri. Potresti sentire nostalgia della tua infanzia. L'amore divino potrebbe anche presentarsi nel prossimo futuro. </SIX-OF-CUPS-ONE >
<SEVEN-OF-CUPS-ONE >Questa carta riguarda le illusioni e i sogni. Potresti voler lasciare la tua mente vagare nella selvaggi aimmaginazione e non ti focalizzi sulla realtà della vita. Stai affrontando un periodo in cui hai molte opzioni tra cui scegliere. Ci sono possibilità che tu stia trascurando la tua salute e stai esagerando con il bere/mangiare. La pigrizia e la procrastinazione sono principali nemici. </SEVEN-OF-CUPS-ONE >
<EIGHT-OF-CUPS-ONE >La carta mostra i tuoi sforzi nel cercare un significato più profondo della vita. Desideri districarti dai problemi della tua vita e abbandonare situazioni senza speranza. Potresti tendere nel cercare la vera felicità invece di focalizzarti sullka corsa del topo. Cercherai la gioia interiore e tenderai ad allontanarti dal passato. Potresti dedicare più tempo ad attività spirituali. </EIGHT-OF-CUPS-ONE >
<NINE-OF-CUPS-ONE >La carta indica adempimento dei propri desideri. Avrai ciò che davvero meriterai e desideri. Ti sentirai più felice nella vita, dal momento che il successo è dalla tua parte. I tuoi sogni desiderati potrebbero avverarsi e i tuoi obiettivi tanto attesi potrebbero finalmente essere conquistati. Vorrai provare e apprezzare il lusso. Il rilassamento è ciò che adesso desideri. Goditi questo bel periodo finchè puoi. </NINE-OF-CUPS-ONE >
<TEN-OF-CUPS-ONE >La carta riflette il sopravvento di pace e gioia nella tua vita. Puoi sentire la felicità che ti circonda e un senso di benessere. Troverai che lo stress e la tensione si ridurranno e la vita diventerà felice e armoniosa. Ti concentrerai sull'amore e l'amicizia ed eccellerai in entramci. Resterai dedicato alla tua familgia e godrai di riunioni sociali ed eventi che li coinvolgono. </TEN-OF-CUPS-ONE >
<PAGE-OF-CUPS-ONE >Questa carta riflette il tuo lato emotivo. Tendi a seguir eil tuo cuor epiuttosto che la mente. Tenti ad essere sentimentale ed emotivo per le piccole cose. Guardi dentro te stesso e ti fidi delle tue intuizioni come guida. è un buon periodo per iniziare una relazione romantica in cui sarai emozionalmente vicino ad una persona. Svilupperai delle amicizie più profonde. è anche il momento di ricucire relazioni perse. </PAGE-OF-CUPS-ONE >
<KNIGHT-OF-CUPS-ONE >La carta rappresenta nelle emozioni e anche suggerimenti in merito ad un loro eccesso. A volte, potresti essere sentimentale in amore, ma potresti andare fuori bordo nell'esprimere il tuo amore. La gelosia può irrompere nella tua romanticità. Sei sensibile ma a volte tendi a farirti molto facilmente. Sei amabile ed intelligente. Sogni grandi cose per te stesso ma ti scoraggi facilmente. </KNIGHT-OF-CUPS-ONE >
<QUEEN-OF-CUPS-ONE >La carta indica sensibilità e maturità nello gestire le emozioni. Potresti mostrare un approccio considerevole e pensieroso verso tutte le situazioni che affronti. Tendi a connetterti con il tuo lato spirituale ed apprezzare il significato più profondo della vita. Sei paziente. Entri in empatia con gli altri e sei gentile e carino verso i più deboli. Tendi a capire le cose senza chiedere. </QUEEN-OF-CUPS-ONE >
<KING-OF-CUPS-ONE >Questa carta indica un'attitudine saggia e tollerante. Potresti avere una coscenza profonda della natura umana. Puoi essere un buon insegnante. Riesci a tenere la testa calma quando sei in crisi e aiutare a risolvere momenti di tensione. Sai cosa dire e dove. Provi compassione per i meno privilegiati. Sei una persona di larghe vedute con una visione diplomatica. Le tue doti di leadership sono un asset. </KING-OF-CUPS-ONE >
<ACE-OF-PENTACLES-ONE >La carta suggerisce che metti insieme la forza mentale che possione e ti focalizzi sui tuoi obiettivi. Potresti vedere i tuoi sforzi trasformarsi nei risultati che desideri. Questo porterà infine una crescita nella tua carriere e nella vita e costruirà un'attitudine mentale positiva. Dovresti comportarti in modo pratico ed essere realistico nella tua vita. Procedere con fede e fiducia negli altri ti sarà di beneficio. </ACE-OF-PENTACLES-ONE >
<TWO-OF-PENTACLES-ONE >la carta parla della tua adattabilità e compatibilità verso la vita. Bilancerai propriamente le cose che stai gestendo e andrai avanti con progressi stabili ma veloci. sarai aperto a nuove idee e possibilità, sia nella vita personale che professionale. Gestirai efficientemente i cambiamenti che accadranno e ti divertirai allo stesso tempo. Gioco e lavoro andranno di pari passo per te. </TWO-OF-PENTACLES-ONE >
<THREE-OF-PENTACLES-ONE >Il tuo potenziale di lavorare come eccellente giocatore di squadra è sottolineato da questa carta. Sarai altamente coordinato e motivato nei compiti che intraprendi. Potresti tendere ad essere abbastanza organizzato nell'approccio. Con le tue competenze, conquisterai la perfezione nel lavoro e sarai capace di raggiunger enuovi obiettivi. Proverai perciò le tue abilità a tutti coloro che ne hanno dubitato. </THREE-OF-PENTACLES-ONE >
<FOUR-OF-PENTACLES-ONE >La carta evidenzia le tue ombre di possesso e resistenza al cambiamneto. Potresti tendere ad accumulare cose materiali e a non condividerle con gli altri. L'avidità potrebbe occupare la tua mente. Potresti provare ad avere il controllo delle cose che ti circondano e chiedere che le cose siano fatte a modo tuo. Potresti anche tendere a lasciare le cose inalterate e indisturbate, portando una certa staticità alla tua vita. </FOUR-OF-PENTACLES-ONE >
<FIVE-OF-PENTACLES-ONE >la carta mostra una fase di momenti difficili, sia emozionalmente che fisicamente. Potresti trovarti in alcuni problemi finanziari o alcune questioni potrebbero portarti vi ail tuo posto di lavoro. Potresti sperimentare una mancanza di abilità di cui in verità hai bisogno per crescere. Potresti anche attraversare una fase in cui potresti sentire mancanza di supporto e ciò potrebbe sfociare in solitudine. Potrebbero esserci anche problemi di salute. </FIVE-OF-PENTACLES-ONE >
<SIX-OF-PENTACLES-ONE >Questa carta dice che potresti avere situazioni grigie per quanto riguarda la salute, potere e intelligenza. Può accadere come può non accadere. Sarai o dalla parte del ricevere o dalla parte del dare. Questo si applica a tutti gli aspetti della vita, potresti essere sia qui ch elì. In entrambi i casi, tuttavia, dovresti capire e analizzare il tuo futuro e lavorare verso di esso. </SIX-OF-PENTACLES-ONE >
<SEVEN-OF-PENTACLES-ONE >La carta significa un bisogno di valutare e analizzare la situazione corrente della tua vita. Potresti desiderare una pausa solo per tenere traccia dei tuoi progressi e assicurarti che sei sulla strada giusta. C'è una grande possiiblità che tu avrai successo dai tuoi sforzi sinceri e raggiungerai gli obiettivi che sognavi. Potresti trovarti a pensare di cambiare casa/lavoro. </SEVEN-OF-PENTACLES-ONE >
<EIGHT-OF-PENTACLES-ONE >la carta mostra estrema determinazione e un occhio per i dettagli. Potresti essere coinvolto in qualche compito/impegno e impegnarti totalmente e con tutto il cuore al lavoro. Questa attitudine ti aiuterà ad aumentare le tue competenze e conoscenza delle cose su cui stai lavorando. Starai molto attento e ti assicurerai di fare tutto con metodo e correttamente fino all'ultimo dettaglio. </EIGHT-OF-PENTACLES-ONE >
<NINE-OF-PENTACLES-ONE >la carta parla della tua condotta disciplinata con fiducia in se stesso e sete di migliorare. Guarderai a problemi da risolvere e gestirai la tua vita con approccio metodico e ben organizzato. Crederai nelle tue abilità e convertirai il tuo potenziale in performance. Inseguirai la perfezione e cercherai di goderti le cose più piccole della vita. Punterai ad uno stile di vita lussuoso. </NINE-OF-PENTACLES-ONE >
<TEN-OF-PENTACLES-ONE >La carta indica l'abbondanza di ricchezza che incontrerai. Potresti goderti un salutari successi di lavoro quando le tue avventure sono in piena espansione. Sei sulla tua strada per trovare un lavoro ben retribuito. Proverai la sicurezza finanziaria in ogni caso. Potresti abbozzare un piano per mettere al sicuro la tua vita e la tua famiglia per una vita. in tutto ciò, adotterai metodi provati e testati per stare nelle regole in tutto ciò che fai. </TEN-OF-PENTACLES-ONE >
<PAGE-OF-PENTACLES-ONE >la carta suggerisce di essere pratico nella vita e maneggiare i tuoi sogni in modo da farli diventare realtà. Dovrai lavorare con ciò che hai e usare la tua forza mentale e spirituale per farlo. Dovresti perdere la tua attitudine alla procrastinazione e tenere i piedi a terra. Dovresti comportarti in modo responsabile ed affidabile e credere nelle persone con cui lavori. </PAGE-OF-PENTACLES-ONE >
<KNIGHT-OF-PENTACLES-ONE >La carta parla della tua eccessiva inclinazione verso le cose positive della vita. Quando decidi di perseguire un obiettivo, sei ostinato, non ascolti nessuno e ti rifiuti di abbamdonare anche nelle situazioni senza speranza. Sei conservatore, hai paura del rischio e perciò a volte perdi delle opportunità. Cerchi l'accuratezza e a volte sei ossessionato dai dettagli. La tua praticità ti rende pessimista. Fai così tanto lavoro che smetti di guardare il mondo intorno. </KNIGHT-OF-PENTACLES-ONE >
<QUEEN-OF-PENTACLES-ONE >Questa carta mostra la tua natura realistica, ispiratrice e generosa. Ami e hai cura delle persone intorno a te in modo egoistico. Hai un cuore soffice e desideri diffondere la gioia e la felicità con la tua natura altruistica. Sei una persona leale e fedele. Non perdi le cose e fai poco per ottenere tanto. Gli altri si sentono a proprio agio intorno a te grazie alla tua natura piacevole e poco pretenziosa. </QUEEN-OF-PENTACLES-ONE >
<KING-OF-PENTACLES-ONE >La carta sottolinea le tue apprezzabili abilità in diversi aspetti della vita. Le tue abilità imprenditoriali ti porteranno alla soddisfazione fisica e mentale nella vita. Puoi contare su una persona affidabile nei momenti di crisi. La tua natura adattabile ti aiuta in molte situazioni. la tua attitudine incoraggiante aiuta le persone intorno a te. Sei calmo, puntuale e lavoratore. </KING-OF-PENTACLES-ONE >
<ACE-OF-SWORDS-ONE >La carta mostra che troverai l'illuminazione mentale e immaginerai le cose a modo tuo. Con il tuo acuto intelletto e abilità di ragionamento, imparerai un sacco di cose della vita. Grazie alla tua forza mentale, uscirai pian piano da situazioni difficili della vita attraversando ogni ostacolo. Tendi a combattere per la giustizia per qualcuno/qualcosa e procederai sulla strada della verità e dell'onestà. </ACE-OF-SWORDS-ONE >
<TWO-OF-SWORDS-ONE >La carta mostra un'opposizione alle emozioni e soppressione di veri sentimenti. Potresti nascondere la tua angoscia agli altri e cercherai di mantenere un'aspetto felice. Potrebbe venire il momento in cui ti trovi bloccato in situazioni spiacevoli in cui ti senti esitare e decidi di agire. Tenderai ad evitare i fatti chiari e la verità. La situazione rimarrà com'è a causa della tua inattività. </TWO-OF-SWORDS-ONE >
<THREE-OF-SWORDS-ONE >Questa carta suggerisce che stai affrontando un periodo povero di emozioni. Potresti finire con l'urtare i sentimenti di qualcuno o vice versa. Alcune notizie brutte potrebbero essere in arrivo. Ci sono possibilità che ti sentirai rifiutato. Potresti sentire che non c'è nessuno ad aiutarti quando ne hai bisogno di più. La solitudine potrebbe ferirti. Potresti imparare i segreti delle persone vicino a te che potrebbero destabilizzarti. Potresti anche essere tradito da qualcuno vicino a te. </THREE-OF-SWORDS-ONE >
<FOUR-OF-SWORDS-ONE >la carta suggerisce che devi prendere la vita con kleggerezza senza stancarti. Dovresti prenderti una pausa dalla tua routine quotidiana e trovare un po' di pace e tranquillità. Goditi un po' di rilassamento per il tuo corpo e la tua mente. Prenditi questo tempo libero per pensare alla tua vita, cosa vuoi conquistare, cosa hai fatto, ecc. Di conseguenza, preparati per il futuro assicurandoti la posizione presente. </FOUR-OF-SWORDS-ONE >
<FIVE-OF-SWORDS-ONE >La carta riflette un'attitudine egocentrica e disarmoniosa verso gli altri. Potresti tendere a pensare solo ai tuoi interessi prima di intraprender eun compito. Potresti trovare difficile far fronte alle vizioni e alle opinioni degli altri. Potresti indurre dei pensieri negativi nei tuoi confronti negli altri. Potresti provare a raggiungere il successo con mezzi sbagliati. </FIVE-OF-SWORDS-ONE >
<SIX-OF-SWORDS-ONE >La carta sottolinea le fasi alterne della tua vita. Potresti ssentirti svogliato e depresso in tutto ciò che stai facendo. Potresti avere dei disturbi alla salute. Dovresti prenderti un po' di tempo per te stesso, per guarire ed avere a che fare con le situazioni emozionali della tua vita. Vedrai il mondo con nuova speranza e comincerai a muoverti verso una nuova attitudine mentale. Potresti viaggiare da un posto all'altro in cerca di avventura e cambiamento. </SIX-OF-SWORDS-ONE >
<SEVEN-OF-SWORDS-ONE >La carta parla della tua tendenza ad evitare le tue responsabilità e obblighi che ti circondano. Nascondi la verità per evitare di fronteggiare la musica. Potresti tendere a stare da solo e mantenere una buona distanza dal mondo sociale intorno a te. Durante questa fase di isolamento, potresti sviluppare un'attitudine all'inganno e, a volte, comportarti in maniera fraudolenta. </SEVEN-OF-SWORDS-ONE >
<EIGHT-OF-SWORDS-ONE >Questa carta mostra che difficoltà che verranno. Potresti sentirti incatenato da situazioni e anche trovare difficoltà nel capire la tu astrada nella vita. Potresti sentirti confuso in molte circostanze sul prossimo passo da compiere. Potresti mancer eil focus per andare avanti e potresti cercare un'aiuto dall'esterno. Potresti sentire che le cose ti stanno sfuggendo di mano, mentre tutto ciò che riesci a fare e stare lontano a guardare. </EIGHT-OF-SWORDS-ONE >
<NINE-OF-SWORDS-ONE >Questa carta mostra una fase di ansia e tensione per te. Potresti sviluppare un senso di colpevolezza per qualcosa che hai fatto nel passato e troverai difficile perdonare te stesso. Potresti desiderare di tornare indietro nel tempo per correggere le tue azioni. Ti stai sollevando verso una fase in cui smetti di creder ein te stesso e ti senti depresso. A volte, Potresti anche sentirti emozionalmente distrutto. </NINE-OF-SWORDS-ONE >
<TEN-OF-SWORDS-ONE >Questa carta mostra una fase di ansia e tensione per te. Potresti sviluppare un senso di colpevolezza per qualcosa che hai fatto nel passato e troverai difficile perdonare te stesso. Potresti desiderare di tornare indietro nel tempo per correggere le tue azioni. Ti stai sollevando verso una fase in cui smetti di creder ein te stesso e ti senti depresso. A volte, Potresti anche sentirti emozionalmente distrutto. </TEN-OF-SWORDS-ONE >
<PAGE-OF-SWORDS-ONE >La carta ti chiede di metter einsieme la tua forza mentale ed affrontare i problemi che potrebbero scocciarti a lungo termine. Dovrei analizzare logicamente le questioni che affronti e fare piani attinenti per risolverle. Dovrai essere onesto e veritiero e cercare di non nascondere niente. Dovrai organizzare il buono e il cattivo e accettare anche le responsabilità che verranno. Tieni il tuo spirito alto e affronta le difficoltà con rigore. </PAGE-OF-SWORDS-ONE >
<KNIGHT-OF-SWORDS-ONE >Questa carta suggerisce confidenza ma con un tocco di impietosità. La tua franchezza potrebbe essere considerata rude dagli altri. Potresti essere descritto come qualcuno che può parlare di tutto senza pensare. Potresti pensare come un buon leader e finire con un'attitudine dominante. Potresti mostarre un grande senso dell'umorismo dipinto di sarcasmo. La tua profonda conoscenza sarà apprezzata se non vista come arroganza. </KNIGHT-OF-SWORDS-ONE >
<QUEEN-OF-SWORDS-ONE >La carta riflette la tua natura veritiera e coerente della vita. Preferisci aprirti in tutte le situazioni. La tua percezione di qualsiasi situazione/persona è abbastanza fedele al vero. Cerchi di adottare un approccio senza senso in qualsiasi cosa tu faccia. Il tuo senso dell'umorismo è eccellente e non a costo di nessuno. La tua estesa esperienza ti dà la forza di andare avanti nella vita. </QUEEN-OF-SWORDS-ONE >
<KING-OF-SWORDS-ONE >La carta indica la tua mente riflessiva e la tua personalità etica. Tendi ad analizzare le situazioni della vita in maniera efficiente con il tuo sviluppo di abilità logiche e di ragionamento. Sarai abile a comunicare i tuoi mdoi di vedere e le tue idee con le tue eccellenti abilità verbali. Avrai delle ampie vedute nella tua percezione e capirai maturamente tutti gli aspetti di una questione. tendi ad essere onesto e fedele in qualunque cosa tu faccia. </KING-OF-SWORDS-ONE >
<ACE-OF-WANDS-ONE >Questa carta indica successo. Possiedi un modo di pensare non convenzionale e fantasioso, che ti riempie di creatività. Il tuo entusiasmo e la tua brillante confidenza tende ad ispirare gli altri e portar fuori la passione che c'è in te. Dai più del 100% in qualsiasi cosa tu faccia. Nella vita, qualsiasi problema tu affronti, affronterai le difficoltà con coraggio e fiducia in te stesso per avere successo. </ACE-OF-WANDS-ONE >
<TWO-OF-WANDS-ONE >Questa carta indica un'attitudine audace. Se stai aspettando di prendere iniziativa o intraprendere un viaggio/impegno, questo è il momento di farlo. hai il potere e l'influenza di conquistare i tuoi obiettivi. Così, hai solo bisogno di avere il coraggio di fare dei passi avanti. Questo è il tempo di essere audace per affrontare la paura. Dovrai trovare un'approccio innovativo per raggiunger ei tuoi obiettivi. Spiana semplicemente il tuo cammino. </TWO-OF-WANDS-ONE >
<THREE-OF-WANDS-ONE >La carta mostra sete e impazienza di esplorare qualcosa di nuovo. Questo si connette alla tua avventura ed eccitazione di cercare la netura. La tua natura lungimirante continuerà ad aiutarti nei tempi a venire. Dovrai assumere il ruolo di leader per raccogliere tutti verso il tuo obiettivo e missione. Potresti trovare successo nel commercio. </THREE-OF-WANDS-ONE >
<FOUR-OF-WANDS-ONE >Potresti connettere la tua natura alla ricrca di avventure ed eccitazione. La tua natura lungimirante continuerà ad aiutarti nei tempi a venire. Dovrai assumere il ruolo di leader per raccogliere tutti verso il tuo obiettivo e missione. Potresti trovare presto successo nel commercio. </FOUR-OF-WANDS-ONE >
<FIVE-OF-WANDS-ONE >Questa carta indica un po' di problemi a venire. Le persone sembreranno contro di te e potresti finire per litigare o discutere con qualcuno. Ci sono altri lì fuori che competono con te e tu ti sentirai come sollevato alla sfida di combattere. Alcune battute d'arresto e fastidi sono in serbo per te. Dovrai mostrare pazienza e compostezza per uscire da questa situazione. </FIVE-OF-WANDS-ONE >
<SIX-OF-WANDS-ONE >La carta riflette vittoria, apprezzamento con un po' di orgoglio. Potresti destreggiarti per raggiungere i tuoi obiettivi. Potresti essere apprezzato per i tuoi sforzi e ciò ti terrà motivato e ti spronerà a fare del tuo meglio. Godrai i giorni di sole ma all'improvviso comincerai a sentirti importante per te stesso. Potresti cominciare a pensare prima a te stesso il che potrebbe portare le altre persone a pensare che sei arrogante. </SIX-OF-WANDS-ONE >
<SEVEN-OF-WANDS-ONE >Questa carta indica i tuoi sforzi per la tua posizone e difendi ciencamente ciò che credi. Tendi ad avere un approccio aggressivo e provocatorio nella vita. La maggior parte delle volte, questo approccio funziona bene per te, ma a volte, ti eccita troppo. Tendi ad essere testardo quando prendi una posizione e sai abbastanza persistente. La tua credenza sincera nelle tue abilità ti aiuterà nei tempi di angoscia. </SEVEN-OF-WANDS-ONE >
<EIGHT-OF-WANDS-ONE >La carta suggerisce un cambiamento nel tempo. Il momento che attendevi è arrivato. è tempo di mettersi all'azione e provare il tuo potenziale in un modo o nell'altro. Alcuni impegni non terminati potranno finalmente essere conclusi. Probabilmente scoprirai alcune informazioni o notizie che cercavi. Potresti dover finire una cerca cosa o semplicemente iniziare qualcosa di migliore. </EIGHT-OF-WANDS-ONE >
<NINE-OF-WANDS-ONE >Questa carta significa le precauzioni che prendi e la determinazione che mostri. Dalle tue esperienze o avversità passate, sei molto attento ora e ti prepari sempre al peggio. Ti guardi da tutti coloro che ti stanno vicino. Ti rialzi da ogni avversità e continui a combattere con i tuoi obiettivi con tutto il cuore. La tua volontà e forza fisica continueranno a tenerti sulla strada della gloria. </NINE-OF-WANDS-ONE >
<TEN-OF-WANDS-ONE >La carta indica un senso crescente di fardello emozionale e mentale. Probabilmente ti stai sforzando troppo a lavoro. Stai facendo troppe cose insieme e sei bloccato in molte di queste. Probabilmente hai anche alcuni debiti da ripagare. Potresti trovare difficile dire di no agli altri. Mentre non hai credito per le cose buone che fai, finisci per prenderti tutte le colpe. Potresti anche ritrovarti a dover combattere per ogni piccolo successo. </TEN-OF-WANDS-ONE >
<PAGE-OF-WANDS-ONE >La carta significa nuove opportunità per te nello scoprire il tuo vero potere e l'energia che possiedi. Questo è il momento di riscoprire la vita ed esplorare con un approccio coraggioso e positivo. Devi mostrare più eccitazione e ottimismo nei tuoi sforzi. Sii appassionato in qualsiasi cosa tu faccia. Credi nelle tue abilità e mantieni il focus per trarre il meglio da te stesso. Sii avventuroso e assumuti dei rischi. QUesto è il momento di essere assertivo. </PAGE-OF-WANDS-ONE >
<KNIGHT-OF-WANDS-ONE >Una carta con un cavaliere riflette una bella serie di forti qualità accompagnate da poche negative. Tendi spesso ad essere affascinante e fiducioso, ma a volte finisci per diventare una persona arrogante. Tendi ad osare ma a volte diventi irrequieto. Nella tua ricerca di nuove avventure, tendi ad essere totalmente senza sosta. Sei appassionato per natura ma, allo stesso tempo, non hai temperamento. </KNIGHT-OF-WANDS-ONE >
<QUEEN-OF-WANDS-ONE >Questa carta è una delle più positive. Mostra un'esplosione di energia, umore e gioia. Ti destreggerai tra i tuoi impegni con impegno e determinazione. Tenderai ad essere un buon amico e farai nuovi amici facilmente. Passerai un tempo gioioso e pacifico nei prossimi giorni. La tua calma ti aiuterà a superare gli ostacoli che ti si pareranno davanti. </QUEEN-OF-WANDS-ONE >
<KING-OF-WANDS-ONE >Questa carta riflette il potere del pensiero creativo e innovativo. Tieni la tua mente aperta a nuove possibilità e opportunità. Potresti trovarti a provare nuove esperienze nel futuro prossimo. Potresti essere bravo nel comunicare e legarti agli altri dando ispirazione. Potresti anche tendere a dominare e comandare le persone intorno a te - ma con rispetto. Ti piacciono le attenzioni che hai e tendi ad attrare il sesso opposto. </KING-OF-WANDS-ONE >
<THE-FOOL-ONE >Indica un nuovo inizio. Ti sentirai fresco nell'iniziare cose nuove e nuovi ideologie. Potrebbe essere riguardo alla tua carriere, amore, vita o fronte personale. Ci sarà un sacco di spontaneità e divertimento in questo viaggio. In caso di ostacoli, imparerai qualcosa di valore. Dovrai lasciar andare il vecchio e prendere le nuove cose per avventurarti in questo nuovo mondo che stai iniziando ad esplorare. </THE-FOOL-ONE >
<THE-MAGICIAN-ONE >Il tuo potere è più forte adesso. Le persone ti staranno a sentire e prenderanno sul serio tutto ciò che dici. Sarai abile nel convincere le persone e questa volta significa che sarai bravo nelle tue abilità di leadership almeno per un po' di tempo adesso. Porterai nuove idee e dipenderà da te e dall'uso che ne farai. Ti potrebbero essere rivelati alcuni segreti riguardando gli altri. </THE-MAGICIAN-ONE >
<THE-HIGH-PRIESTESS-ONE >Questo è il momento in cui dovresti credere nel tuo istinto e seguire il sentiero dei tuoi sogni verso cui tendi fortemente. Ci potrebbe essere una persona che presto ti darà consigli utili e importanti. Cercherai qualcosa di sconosciuto per te ed è probabile che sia qualcosa che ti è stato tenuto nascosto. Devi continuare a insistere finchè non segreto non ti sarà rivelato dal momento che potrebbe portarti grandi chiarimenti. </THE-HIGH-PRIESTESS-ONE >
<THE-EMPRESS-ONE >Stai pensando intensamente a qualcosa e sei preoccupato per la crescita p l'inizio di qualcosa nella tua carriera, lavoro o relazioni. Tu o il tuo partner siete molto protettivi e postreste anche ricorrere a metodi poco etici per conquistare quello che desiderate. Un po' di pazienza e un po' di sforzo sarà necessario per conquistare la stabilità nella situazione presente. </THE-EMPRESS-ONE >
<THE-EMPEROR-ONE >Un traguardo non è molto lontano e anche l'onore si sta facendo strada. Potresti essere influenzato da una persona di sesso maschile che ti giuderà come tuo padre, fratello, il partner o un amico. Avrai l'autorità ora e avrai il comando di quello che vuoi fare. Un supporto molto forte sarà lì al tuo fianco. Tuttavia, dovrai stare attendo alla tua natura superficiale ed esigente che potrebbe far male alle persone vicino a te. </THE-EMPEROR-ONE >
<THE-HIEROPHANT-ONE >Non essere troppo testardo sui tuoi pensieri e non attaccarti a vecchie credenze e tradizioni solo perchè le hai seguite per anni. Potresti pensare al matrimonio. Probabilmente sarai bloccato da formalità legali. Potrebbero arrivare dei problemi e ti aggrapperai a vecchi metodi per risolverli. Dovrai affrontare i problemi a sangue freddo ed avere abbastanza pazienza. </THE-HIEROPHANT-ONE >
<THE-LOVERS-ONE >L'amore è nell'aria per te. Potresti avere presto una piacevole sorpresa nella tua vita amorosa. Potresti trovarti a scegliere tra il tuo cuore e la tua mente. Probabilemnte seguira il tuo cuore piuttosto che la tua mente e il rischio sarà utile. Potresti cedere alla tentazione ,il che ti porterà all'infedeltà, che dovresti evitare. Le tue connessioni emotive diventeranno forti. </THE-LOVERS-ONE >
<THE-CHARIOT-ONE >Sei in lotta per ottenere ciò che desideri. Qualche tipo di cambiamento o viaggio avverrà nella tua vita. Potresti trovarti a fronteggiare ostacoli nella tua carriere o nella vita personale. Potresti essere maltrattato da qualcuno per motivi egoistici. Un po' di controllo potrebbe essere richiesto nell'oppore emozioni e circostanze, ma alla fine otterrai la vittoria. </THE-CHARIOT-ONE >
<JUSTICE-ONE >è tempo di fare un po' il bilancio di quello che stai facendo. Potrebbero esserci alcune abitudini o attività che si stanno presentando più di una volta nella tua vita. Devi prenderne il controllo. Devi sforzarti a ritornare alla normalità bilanciando tutti gli aspetti della tua vita. è richiesto che tu sia imparziale quando fai degli accordi o delle partnership nel futuro prossimo. Se c'è qualcosa che sai di star facendo nel modo sbagliato, rettificalo subito prima di fare mosse azzardate. </JUSTICE-ONE >
<THE-HERMIT-ONE >TPrenditi del tempo per provare ad organizzare le cose. Potresti sentirti impaziente con le cose che ti girano intorno. Prendi decisioni frettolose e sarebbe meglio se ti fai dare consigli da una persona anziana e affidabile prima di prendere decisioni importanti nel futuro prossimo. prenditi una piccola pausa dai tuoi impegni e prova a trovare pace e realizzazione personale. </THE-HERMIT-ONE >
<WHEEL-OF-FORTUNE-ONE >Incontrerai presto una della fasi più belle della tua vita. La fortuna sarà dalla tua parte e dovrai ottenre i frutti dei tuoi sforzi. Alcuni cambiamneti accadranno e la tua vita si avvierà alla maturità. Probabilmente raggiungerai tutto ciò che stavi aspettando. I tuoi problemi finiranno e avrai felicità in abbondanza. Stai per conquistare i tuoi sogni. </WHEEL-OF-FORTUNE-ONE >
<STRENGTH-ONE >Scoprirai che hai conquistato la forza e le potenzialità per fronteggiare le situazioni peggiori, sia fisicamente che mentalmente. Questa carta indica un buon momento per lasciare alcune brutte abitudini, che stavi provando a lasciare da un po' di tempo. COnquisterai cose per cui stavi combattendo da tempo nelle relazioni, carriera, salute, ecc. Con il tuo potere ed intelligenza, puoi superare tutte le prove della tua vita. </STRENGTH-ONE >
<THE-HANGED-MAN-ONE >Dovresti sacrificare qualcosa o lasciare qualcosa in modo da conquistare qualcosa di meglio. Cattiva salute, tensioni o fallimenti potrebbero verificarsi. Affronta ciascuno di questi porblemi mantenendo la pace e la perseveranza. Una situazione avversa potrebbe condurre ad un indebolimento della forza di volontà e ad abbattimenti emotivi. è consigliabile essere introspettivo ed utilizzare il tempo per fare chiarezza sulle situazioni. </THE-HANGED-MAN-ONE >
<DEATH-ONE >Questa carta significa grandi trasformazioni e importanti sconvolgimenti nella tua vita. Come suggerisce il nome, suggerisce morte ma solo in caso di persone anziane o molto malate. Potresti essere triste, vuoto o depresso ma questa fase ti aiuterà a capire che sono necessari dei cambiamenti nella vita per andare avanti. Abbi la forza di accettare questi cambiamenti in modo da poter oltreppasare questa fase. </DEATH-ONE >
<TEMPERANCE-ONE >Potresti sentirti confuso dalle scelte che la vita ti sta offrendo. Postresti trovarti a scegliere tra gli opposti e dovrai sforzarti per trovare un bilanciare le cose per la tua pace e conforto. Devi impiegarci un po' di tempo e sperimentare un po' per trovare la soluzione. Devi soppesare bene le opzioni per fondere gli aspetti opposti e mantenere la pace. Troverai modi per costruire l'armonia. </TEMPERANCE-ONE >
<THE-DEVIL-ONE >Sarai tentato da sentimenti di lussuria, avarizia, ambizione e dipendenza. Desidererai il potere di controllare le cose ed sarai attratto dalle comodità della vita. La mancanza di autocontrollo può portarti a situazioni pericolose e complicate. Qualsiasi cosa tu faccia, sarà un estremo il che ti farà sentire potente, ma sarà pericoloso allo stesso tempo. Devi stare attento dal momento che questa carta ti dà un avvertimento dei passi distruttivi che potresti fare. </THE-DEVIL-ONE >
<THE-TOWER-ONE >I tempi a venire saranno i più problematici che tu abbia mai visto. Dovrai affrontare alcuni cambiamenti repentini e spiacevoli. ALcune sofferenze potrebbero essere causate da cause inaspettate e dovrai affrontare un breve isolamento o solitudine. Ma questi cambiamenti potrebbero farti vedere una nuova direzione nella vita che si proverà benevola a lungo termine. Non sarà una corsa piacevole ma si risolverà al meglio dal momento che imparerai un sacco di cose per il futuro. </THE-TOWER-ONE >
<THE-STAR-ONE >Hai più inclinazioni spirituali ora e desideri pace e armonia nella tua vita. Questo sarà un momento di guarigione e di crescita di nuove speranze nella vita personale come in quella professionale. è un buon presagio per iniziare una nuova relazione o far avanzare le relazioni iniziate in precedenza. La conoscenza di diverse cose sarà aumentata e questo sarà un buon momento per indulgere in qualcosa di artistico. </THE-STAR-ONE >
<THE-MOON-ONE >Ti sentirai viaggiare nel mondo dell'immaginazione e della creatività. Potresti incontrare alcuni segreti bui e profondi e potresti cadere dal punto di vista emozionale. Dovresti avitare le droghe e l'alcol o l'abuso di qualsiasi sostanza che potrebbe essere pericolosa per la tua salute. Potresti sentirti intrappolato in un mondo nomade pazzo e dovrai seguire appassionatamente le tue intuizione per portarti sul giusto sentiero, preferibilmente qualcosa a che fare con la musica, l'arte, la danza, il teatro, ecc. </THE-MOON-ONE >
<THE-SUN-ONE >Ti sentirai molto energico, giovane e prenderai consciamente la decisione giusta per guadagnare il successo. La carta del Sole riguarda la freschezza, l'entusiasmo e significa che tutto sembrerà mettersi a posto da solo. Potresti anche ricever ebuone notizie. Probabilment efarai una vacanza in un futor prossimo. Passerai più tempo con la famiglia e gli amici con umore giovanile nei giorni che verranno. La gioia e la pace sono in serbo per te nei giorni a seguire. </THE-SUN-ONE >
<JUDGEMENT-ONE >Questa carta indica opportunità che non devi trascurare. Queste sono le opportunità che stavi aspettando. è il momento in cui sarai ricompensato per gli sforzi che hai fatto nel passato. Nuove prospettive sul tuo cammino cambieranno la tua vita in meglio. Dal momento che il giudizio deve essere giusto, affronterai il peso dei peccati del passato. Tutto sommato, ci sarà un finale molto felice qualsiasi cosa tu stia facendo in questo momento. </JUDGEMENT-ONE >
<THE-WORLD-ONE >Questo è il momento in cui le tue grandi battaglie si approssimano alla fine e otterai le tue ricompense. La carta indica rilassamento dopo un lungo cammino di sforzi. Sperimenterai che, stai ottenendo finalmnete le ricompense e i risultati del tuo duro lavoro. Questo periodo imbarcherà grandi conquiste e indicherà nuovi inizi.</THE-WORLD-ONE >
    </ROOT>
