<ROOT>
<ACE-OF-CUPS-ONE >Dette kort indikerer, at du nu føler at du er tilfreds med dig selv og du føler at kærlighed, nydelse og romantik styrer dit sind. Du vil med stor sandsynlighed du komme i kontakt med nogen, der kan lide dig og det kan gå hen og blive en romantisk date. Hvis du allerede er i et forhold, vil både du og din partner overveje om i skulle blive gift. </ACE-OF-CUPS-ONE >
<TWO-OF-CUPS-ONE >Dit romantiske liv vil være afklaret og du vil få løst de problemer, som du og din partner måtte have. Du føler dig rastløs og kan ikke give din partner fuld opmærksomhed, på grund af at der er noget der irriterer dig og forvirrer dig. Du bliver nødt til at være stærk og tage nogle konkrete beslutninger vedrørende dine følelser. </TWO-OF-CUPS-ONE >
<THREE-OF-CUPS-ONE >Dette kort viser, at du føler dig meget sårbar, på dette tidspunkt og du vil gerne have at der er nogen der tager sig af dig. Du vil også forsøge at udtrykke din omsorg og medfølelse over for din partner og dine nærmeste. Det vil blive bedre for dig, meget snart og du vil finde kærligheden igen. </THREE-OF-CUPS-ONE >
<FOUR-OF-CUPS-ONE >Dette kort angiver, at du måske har et stærkt ønske om at finde en partner nu. Hvis du allerede er i et forhold, vil du føle dig ekstremt tæt på din partner og vil gerne løse eventuelle problemer der måtte være. I den næste stykke tid kan du være lidt rastløs, da du forsøger at løse problemer med din partner og i forsøger at finde sammen igen som et lykkeligt par. </FOUR-OF-CUPS-ONE >
<FIVE-OF-CUPS-ONE >Du er mere følelsesmæssig nu, og du ønsker et rigtigt seriøst forhold, hvor der er gensidig forståelse og komfort, dette kan endda være til en af dine venner. Du er nu klar over, at det ikke ville være rigtigt at gå på kompromis med dig selv, bare for at holde live i et forhold, da dette i sidste ende kan vise sig destruktivt. </FIVE-OF-CUPS-ONE >
<SIX-OF-CUPS-ONE >Dette kort indikerer, at selvom du er tiltrukket af netop den ene specielle person, vil du få nogle fantastiske oplevelser, der tager dig i forskellige retninger. Du forsøger at gøre særlige ting for din partner, men der er usikkerhed om hvordan jeres fremtid som par vil se ud . </SIX-OF-CUPS-ONE >
<SEVEN-OF-CUPS-ONE >Du føler dig meget usikker omkring dine følelser og du vil prøve at finde den rigtige vej til, at få en partner. Du har masser af arbejde du skal lave og forskellige andre problemer også, så du vil ikke være i stand til at være der for din partner. Et møde med nogen, vil være frugtbart for singler. </SEVEN-OF-CUPS-ONE >
<EIGHT-OF-CUPS-ONE >Dette kort indikerer, at dit forhold kan føles ret kedeligt nu og det forhindrer dig og din partner i at skabe et stærkt bånd. Dit forhold må muligvis gå gennem tider med stress og usikkerhed og dette vil medføre bekymring og endda lidt bitter udveksling af ord. Der er også mulighed for at du tager en beslutning om at afslutte dit forhold, da det er blevet meget traumatisk. </EIGHT-OF-CUPS-ONE >
<NINE-OF-CUPS-ONE >Du er på udkig efter de fantastiske ting der er i et forhold, og det kan også være med én, der lige er kommet ind i dit liv. Du sørger efter at jeres forhold bliver mere interessant, men på en anden måde. Du er i tvivl omkring dit partnerskab og selvom du er villig til at gå videre, vil nogle involverede risici gøre at du er mere forsigtig. </NINE-OF-CUPS-ONE >
<TEN-OF-CUPS-ONE >Dette kort viser, at du søger efter et mere indholdsrigt og tilfredsstillende forhold, og du forventer fuld støtte fra din partner. Nogle følelsesmæssige sammenstød vil finde sted og i vil have forskellige meninger, som vil gøre at du føler dig anspændt. Romantikken vil være intens, med en ny partner i dit liv. Kortet angiver også, at der kan være et ægteskab i fremtiden. </TEN-OF-CUPS-ONE >
<PAGE-OF-CUPS-ONE >Du vil gerne have harmoni og skabe en sikker fremtid sammen med din elskede. Du bliver rastløs når du skal forme fremtiden, som du vil have den, men processen tager tid. Du vil føle et behov for, at have nogen ved din side, der får dig til at føle dig elsket og passet på, fordi du ikke vil opleve ensomheden i dit liv igen. </PAGE-OF-CUPS-ONE >
<KNIGHT-OF-CUPS-ONE >Dette kort indikerer, at du vil vove dig ud til nye steder sammen med din partner, dette vil begejstre dig, og der vil være folk, der vil opmuntre dig mod kærlighedens vej. Hvis du er single, så vil du føle, at du skal tage initiativ til at tage det næste trin med din langvarige partner og fri til personen. </KNIGHT-OF-CUPS-ONE >
<QUEEN-OF-CUPS-ONE >Du vil nu være mere fremtrædende i sociale sammenkomster, og der er store chancer for, at du vil møde nogen, som du vil blive meget tiltrukket. Hvis du sætter i nogle bestræbelser, vil dette møde blive til noget romantisk. Hvis du er i en langsigtet forhold allerede, kan du bare foreslå ægteskab med din partner. </QUEEN-OF-CUPS-ONE >
<KING-OF-CUPS-ONE >Dette kort angiver, at du leder efter en person, som du kan dele dit liv med og få et romantisk forhold til. Du vil næsten være på jagt for at finde nogen, der synes at være din ideelle partner, men det kommer ikke let. Du må muligvis jonglere med et par ting, for at imponere den person og gøre det til noget væsentligt. </KING-OF-CUPS-ONE >
<ACE-OF-PENTACLES-ONE >Dette er en tid, der angiver nye begyndelser i dit liv. Du kan føle dig meget mere rastløs end du har gjort før, da du ikke får den forventede medfølelse og forståelse fra din partner, og det vil være dybt forstyrrende for dig </ACE-OF-PENTACLES-ONE >
<TWO-OF-PENTACLES-ONE >Der kan være nogle problemer, du skal konfrontere sammen med din partner og det kan få dig til at føle dig lidt ved siden af dig selv, men i sidste ende vil din forstående natur, sammen med hjælp fra nogen, hjælpe dig med at håndtere det. </TWO-OF-PENTACLES-ONE >
<THREE-OF-PENTACLES-ONE >Du og din partner vil føle at forholdet vokser og vil derfor tage nogle skridt i mod fremtiden. For singler vil det være en god tid at finde en partner, der passer til dig og dette kunne godt ske et helt uventet sted. </THREE-OF-PENTACLES-ONE >
<FOUR-OF-PENTACLES-ONE >Du vil kun være i stand til at bevare dit forhold, hvis i begge arbejder hen i mod det sammen mål, med lidt tålmodighed og forståelse. Hvis dette ikke virker, vil du endelig beslutte at i skal gå fra hinanden og du vil forsøge at finde en ny vej, med nye muligheder. </FOUR-OF-PENTACLES-ONE >
<FIVE-OF-PENTACLES-ONE >Dette kort indikerer at du nu længes efter at være nogen eller gøre noget, som du længes efter at gøre siden lang tid. Der er også chancer for, at din partner kan snyde på dig eller omvendt. Dette vil heller ikke være en meget god tid for folk, der allerede er i et forhold. </FIVE-OF-PENTACLES-ONE >
<SIX-OF-PENTACLES-ONE >Du længes nu efter din barndoms elskede til at komme tilbage eller at komme i kontakt med dig. Der vil være en følelse af ensomhed, som du ser, at din partner går længere væk fra dig. Du bliver nødt til at finde ud af, hvad du virkelig vil have i livet, og hvor meget er du villig til at presse dig selv til det. </SIX-OF-PENTACLES-ONE >
<SEVEN-OF-PENTACLES-ONE >Dette vil være en foruroligende tid for dig og din partner, da i kan være meget uenige om forskellige ting og det kan også føre til at jeres forhold slutter. Hvis du er gift eller i et lang tids forhold, vil du genoverveje dit forhold og din indsats i forholdet. </SEVEN-OF-PENTACLES-ONE >
<EIGHT-OF-PENTACLES-ONE >Du er legesyg i disse dage og nyder single livet mere end noget andet. Du vil være i et fantastisk humør og vil også tænke på, hvad der vil ske i fremtiden. Din romantiske side vil snart tage over. </EIGHT-OF-PENTACLES-ONE >
<NINE-OF-PENTACLES-ONE >Dette kort indikerer, at du leder efter nye og forfriskende ting i dit liv. Du vil gerne løbe væk fra konventionelle ting og hen til et nye steder. Du vil muligvis have brug for lidt tid væk fra din partner, i en kort periode og du vil træffe en beslutning, der vil være det rigtige valg. </NINE-OF-PENTACLES-ONE >
<TEN-OF-PENTACLES-ONE >Kærlighed er ikke noget du tænker for meget over, fordi du allerede er optaget af mange andre ting relateret til arbejde og familieproblemer. Du vil forsøge at gøre dit humør bedre, ved at blive genforenet med dine venner eller familie, men du vil ikke forsøge at reducere afstanden mellem dig og din partner. </TEN-OF-PENTACLES-ONE >
<PAGE-OF-PENTACLES-ONE >Dette kort indikerer, at du vil komme i en rastløs situation, der tvinger dig til at tænke over, hvad du skal gøre med dit forhold, da du er usikker på din partner og i sidste ende tager du en ansvarlig beslutning, hvilket vil få dig til at have det godt med, om dit forhold har en fremtid eller ej. </PAGE-OF-PENTACLES-ONE >
<KNIGHT-OF-PENTACLES-ONE >Du søger efter fred i dine kærlighedsaffære og ønsker at leve og nyde tiden med din partner. Du vil være tøvende med at sige noget til din partner eller meddele nyheder som du føler vil kunne ødelægge det gode forhold du har til din partner, men du skal være modig. </KNIGHT-OF-PENTACLES-ONE >
<QUEEN-OF-PENTACLES-ONE >Dette kort indikerer, at du vil blive stærkt tiltrukket af nogen og den person vil være lige så interesseret i dig. Du vil se frem til at få et forhold med denne person og forventer, at relationen vi være spændende og fuld af liv. </QUEEN-OF-PENTACLES-ONE >
<KING-OF-PENTACLES-ONE >Dette kort viser, at du vil være lidt oprørt eller skuffet, da din partner har brudt nogle løfter. Hvis du allerede er i et forhold så vil du opleve, at dit forhold mangler at i frit kan udveksle meninger, og for enhver relation til arbejde, er det vigtigste, at du snakker og i bruger mere tid sammen, for at lære hinanden bedre at kende. </KING-OF-PENTACLES-ONE >
<ACE-OF-SWORDS-ONE >Dette kort indikerer, at du nu søger personlig tilfredsstillelse i dit forhold. Dette er en tid, hvor der er gode chancer for at finde kærligheden igen og du vil have stærke følelser over for noget. Hvis du allerede er i et forhold, bliver dit bånd med din partner stærkere. </ACE-OF-SWORDS-ONE >
<TWO-OF-SWORDS-ONE >Du ønsker at komme videre i livet og søger desperat efter kærligheden. Du er heldig, da dette kort indikerer at der er mulighed for at du inder en partner og hvis du allerede er i et forhold, bliver dit forhold stærkere, og du vil opleve, at din partner har netop de kvaliteter, som du forestillede dig. </TWO-OF-SWORDS-ONE >
<THREE-OF-SWORDS-ONE >Dette kort viser, at du længes efter at din partner kommer tilbage til dig. Din tålmodighed er ved at være brugt op, og du vil snart beslutte dig for at give op og begynde på en frisk, hvis din partner nægter at komme tilbage. Du vil føle at du har set en masse lidelser og der vil altid være en risiko ved at blive forelsket. </THREE-OF-SWORDS-ONE >
<FOUR-OF-SWORDS-ONE >Du er høj på spiritualitet og vil føle et stærkt ønske om at lære dig selv bedre at kende. Du vil forsøge at få forbindelse til dit indre og kan derfor miste kontakten med den ydre verden, men vil i sidste ende finde fred. Der er også en mulighed for, at en person der var vild med dig, vil invitere dig ud på en date. </FOUR-OF-SWORDS-ONE >
<FIVE-OF-SWORDS-ONE >Dette kort indikerer at du vil være på jagt efter kærligheden. Der kan også være visse skuffelser i dit kærlighedsliv, du måske må stå over for, som vil gøre at du føler dig uopfyldt og lidt bedraget. Du bliver nødt til at genskabe din selvtillid og komme videre. </FIVE-OF-SWORDS-ONE >
<SIX-OF-SWORDS-ONE >Du kan blive udsat for nogle problemer i paradiset og tingene vil køre lige så glat, som du forventede de ville. Der kan være noget utilfredshed i dit kærlighedsliv, og du vil føle at det ikke var alt det hårde arbejde værd. Der kan være en vis forvirring om fremtiden, og du vil kæmpe for at gøre tingene bedre. </SIX-OF-SWORDS-ONE >
<SEVEN-OF-SWORDS-ONE >Dette kort indikerer, at du vil have en god ven eller andre tæt på dig, som vil stå ved din side og hjælpe dig med at rette op på situationen. Du vil måske også tænke på at rejse væk et stykke tid, for at få det bedre. Der er chance for, at en ex kæreste eller en person, du var forelsket i, vil kontakte dig. Der vil ske noget dårligt i dit forhold, men du vil ikke være villige til at være i en komprimerende stilling. </SEVEN-OF-SWORDS-ONE >
<EIGHT-OF-SWORDS-ONE >Du kan føle en form for kvælning eller ubehag i forbindelse med hjertet. Men tingene vil ikke være som de ser ud til, da der er noget godt på vej. Der er mulighed for, at du kan få en chance for at starte i nye omgivelser eller med en ny partner, der vil gøre at du føler dig befriet igen. </EIGHT-OF-SWORDS-ONE >
<NINE-OF-SWORDS-ONE >Dette kort viser, at dette ikke er den bedste tid i dit liv. Du skal måske gå gennem en tid med angst og deprivation og vil kæmpe for at få tingene til at hænge sammen. Du kan blive adskilt fra din partner i noget tid, på grund af professionelle forpligtelser. Men din modenhed og rolige personlighed vil hjælpe dig med at få styr på tingene. </NINE-OF-SWORDS-ONE >
<TEN-OF-SWORDS-ONE >Du har gået igennem nogle af de værste tider nu og vil stadig skulle restituere. Noget af dilemmaet vil stadig fortsætte, da du forsøger at tage nogle faste beslutninger om, hvad der passer til dig, men det vil ikke være en nem proces. </TEN-OF-SWORDS-ONE >
<PAGE-OF-SWORDS-ONE >Dette kort viser, at du nu koncentrerer dig om at forbedre dit liv i forhold til hjertet og også i personlige forhold. Du har muligvis gået igennem hårde tider og du vil forsøge at få dit liv på rette spor, men det vil være svært at gøre det. Der kan også være nogle uventede hændelser, som vil give anledning til bekymring. </PAGE-OF-SWORDS-ONE >
<KNIGHT-OF-SWORDS-ONE >Nu er det tid til at glemme alle de dårlige tider og se efter nye begyndelser. Du vil møde en ny og vil blive tiltrukket af den pågældende person. Du ønsker at tiden med gode ​​begivenheder fortsætter og håber at noget romantisk vil udvikle sig. Dette vil være en stærk initiering og du vil på kort tid blive gladere og være stabil med din partner. </KNIGHT-OF-SWORDS-ONE >
<QUEEN-OF-SWORDS-ONE >Dette kort indikerer, at der kan være et dilemma eller en fase med konstant skuffelse, da du måske har flere kampe og argumenter med din partner og forhold kan blive afsluttet. Dette kan gøre, at du kommer til at få en hård tid, hvor du føler tomhed i dit liv. </QUEEN-OF-SWORDS-ONE >
<KING-OF-SWORDS-ONE >Du vil føle, at du har brug for en klar vision om, hvad dit liv er lige nu og vil indse, at du skal komme videre, for at leve et fredeligt liv. Virkeligheden kan snart tage en ny drejning, da det kan gå op for dig, at du levede i en imaginær verden og det er tid til endelig at møde virkeligheden og leve med den, kun for at arbejde hen imod det bedre. </KING-OF-SWORDS-ONE >
<ACE-OF-WANDS-ONE >Dette kort indikerer, at du nu søger et seriøst langtidsforhold og er ikke rigtig interesseret i små tilfældige møder. Du er på udkig efter en ny start og der er også chancer for ægteskab eller et langtidsforhold. Der kan være et familiemedlem eller en slægtning, med hvem du snart vil diskutere dine forholdsproblemer. </ACE-OF-WANDS-ONE >
<TWO-OF-WANDS-ONE >Du håber på at noget godt vil ske og ser frem til at se det blive til virkelighed. Der er chance for, at der er en der har brug for hjælp og vil søge efter din vejledning og opbygge en forbindelse til dig. Du vil søge efter stærke bånd af kærlighed og venskab nu. Du vil også løse evt. problemer, du havde med ​​dine familiemedlemmer. </TWO-OF-WANDS-ONE >
<THREE-OF-WANDS-ONE >Du kan måske få et en masse tilbud og du vil have svært ved at beslutte dig for at vælge imellem den rigtige. Dette vil markere en god tid for partnerskaber og på trods af dine usikkerheder vil du forene dig med den du elsker. Du vil overvinde alle hindringerne, for at leve et godt liv med din partner. </THREE-OF-WANDS-ONE >
<FOUR-OF-WANDS-ONE >Der kan være chancer for en genforening med en ven, der vil komme dig til undsætning og tage dig med på shopping eller andre sjove aktiviteter, for at få dig til at få det bedre. Du skal bruge noget opmuntring, da der kan være noget utilfredshed i dit romantiske liv på grund af deprivation. </FOUR-OF-WANDS-ONE >
<FIVE-OF-WANDS-ONE >Du har nu svært ved at koncentrere dig om én ting, og det får dig til at føle dig rastløs. Du vil blive optaget af for mange ting og vil ikke kunne finde tid til din partner eller til socialisering. Kortet viser også at du vil have nogle små flirts og gå på date. </FIVE-OF-WANDS-ONE >
<SIX-OF-WANDS-ONE >Dette kort indikerer, at du vil forfølge noget nyt i dit kærlighedsliv. Nogen der beundrer dig, vil prøve at imponere dig og du vil nyde opmærksomheden. Du må muligvis stå over for en situation, som vil tvinge dig til at foretage nogle nødvendige ændringer i dit liv, til det bedre. </SIX-OF-WANDS-ONE >
<SEVEN-OF-WANDS-ONE >Dette kort indikerer, at der er kærlighed i luften for dig og du vil tænke på forskellige ting, som du har på hjertet. Du vil komme i kontakt med din romantiske side og vil gøre specielle ting for din partner. Det vil se ud som om at alt er perfekt, men der vil være visse ting, som du bliver nødt til at give slip på, for at leve det liv du ønsker. </SEVEN-OF-WANDS-ONE >
<EIGHT-OF-WANDS-ONE >Det sociale vil gå godt for dig og sager omkring dit hjerte vil styre dit sind. Du vil være i et godt humør og tænke på positive ting og du og din partner vil lave mange aktiviteter sammen. Der vil også være nogle positive ændringer der vil finde sted, på grund af din partner. Der kan også være visse skuffelser, som du bliver nødt til at håndtere. </EIGHT-OF-WANDS-ONE >
<NINE-OF-WANDS-ONE >Du vil se at din hårde indsats endelig giver resultater og du vil opleve mange sociale aktiviteter. Der vil være visse konflikter i dit sind og forskelle i holdninger og der kan også forekomme nogle hårde ordvekslinger. </NINE-OF-WANDS-ONE >
<TEN-OF-WANDS-ONE >Dette kort indikerer, at din kæreste vil gøre dig forvirret, omkring nogle forskellige hændelser og dette vil gøre at du føler dig nysgerrig og rastløs. Du vil føle, at din partner er sur på dig og det vil få dig til at føle dig isoleret. Du vil kæmpe for at reparere dit forhold og give det den gnist det mangler. </TEN-OF-WANDS-ONE >
<PAGE-OF-WANDS-ONE >Der kan være nogle forstyrrelser i dit forhold og du vil forvente nogle ændringer fra din partner. Du vil føle dig usikker på forholdet mellem dig og din partner og at i ikke rigtig kommer godt ud af det sammen. Selvom du prøver, vil sammenholdet aldrig nå sit højdepunkt. </PAGE-OF-WANDS-ONE >
<KNIGHT-OF-WANDS-ONE >Dette kort viser, at du føler dig urolig omkring forskellige problemer i dit parforhold og du vil gerne have styr på dem, før de tager hårdt på dig. Du vil se nogen, som du tror, ​​at du allerede kender og vil forsøge at skabe bånd med denne person, og skabe en stærk forbindelse, ved at bruge mere tid sammen med dem. </KNIGHT-OF-WANDS-ONE >
<QUEEN-OF-WANDS-ONE >Dette kort angiver, at du snart vil møde en speciel person og du vil spørge dig selv, om du skal have et forhold til denne person eller ej. Du vil muligvis også møde en beundrer, der vil antænde nogle gnister af kærlighed, og dette kan udarte sig til en meget lidenskabelig og romantisk kærlighedsaffære, som du har ventet på. </QUEEN-OF-WANDS-ONE >
<KING-OF-WANDS-ONE >Nogle problemer omkring dig vil få dig til at virke ligeglad og følelsesløs, og du vil være distraheret i forhold til din partner. Du vil ikke have at verden skal vide hvad du virkelig tænker og det kan medføre spændinger. Du bliver nødt til at tænke klart over, hvordan du skal tackle situationen. Et frieri kan også være på vej. </KING-OF-WANDS-ONE >
<THE-FOOL-ONE >Hvis du er i et forhold, indikerer kortet, at du vil føle en ny spænding og iver i dit kærlighedsliv. Hvis du er single, vil du meget snart møde en helt speciel person. Du vil gå med spontane, selvsikre og spændende skridt i dit kærlighedsliv. Du er nødt til at give slip på dine tidligere forhold og se på din fremtid, som ser smuk og glædelig ud. </THE-FOOL-ONE >
<THE-MAGICIAN-ONE >Din egen vilje og ro vil hjælpe med at kontrollere og styre dit kærlighedsliv i den kommende tid. Med din selvtillid er det meget sandsynligt, at du vil få det modsatte køn til at sætte pris på dig og være enig med dig, omkring de fleste ting. Hvis du er i et forhold, vil du lære nogle skjulte ting om din elskede, i den nærmeste fremtid. Din partner vil sandsynligvis være mere interesseret i dine meninger. </THE-MAGICIAN-ONE >
<THE-HIGH-PRIESTESS-ONE >Dette kort antyder, at du skal tro på dine egne evner til at opfatte mennesker og situationer, for et sundt kærlighedsliv. Du skal tage uafhængige beslutninger omkring nogle ting, der involverer dit kærlighedsliv. Hvis du er i et forhold, vil din partner sandsynligvis give dig meget værdifulde råd, i den nærmeste fremtid. Det lader også til, at du måske lærer noget helt uventet om din partner, enten godt eller dårligt. </THE-HIGH-PRIESTESS-ONE >
<THE-EMPRESS-ONE >Du synes at være bekymret for enten dit eksisterende eller et nyt forhold, der er ved at udvikle sig. Hvis du ikke er i et forhold, ønsker du at finde den rette og starte et forhold. Din besiddende karakter, overfor din partner, give nogle hårde tider til dit kærlighedsliv. Du skal udvise tålmodighed og tillid for at opnå stabilitet i dit kærlighedsliv. </THE-EMPRESS-ONE >
<THE-EMPEROR-ONE >Dette kort antyder at du vil gå ind i en tid med succes og gode præstationer i dit forhold. Du kan få værdifuld kærlighedsrådgivning fra folk som din far, bror, venner osv. Det er meget sandsynlig at du vil være i kontrol med dit nuværende forhold og du vil fortsætte med at dominere et stykke tid. Din partner vil støtte dig fuldt ud, i alle aspekter, uden at stille spørgsmålstegn. Pas på med, at du ikke bliver for krævende i dit forhold, ellers vil du ende med at såre din partner følelsesmæssigt. </THE-EMPEROR-ONE >
<THE-HIEROPHANT-ONE >Et mere åbent og fleksibelt sind, ville medføre en positiv forandring i dit kærlighedsliv. Hvis du planlægger at gifte dig inden for den nærmeste fremtid, skal du være tålmodig, mens du håndterer de forhindringer, der må komme din vej. Hvis du er stædig over for din partner, vil dit forhold ikke komme videre. De problemer du står over for i dit kærlighedsliv, kan løses med et roligt sind og ved at holde temperamentet nede. </THE-HIEROPHANT-ONE >
<THE-LOVERS-ONE >Du vil sandsynligvis svømme i kærlighedens hav. Du vil opleve smukke og mindeværdige tider i dit forhold, i den nærmeste fremtid. Du vil sandsynligvis blive udsat for en situation i dit kærlighedsliv, hvor du vil finde det svært at bestemme dig om noget. Lyt til dit hjerte og ikke dit sind og du vil opleve, at din beslutning var rigtig. Du vil passe godt følelsesmæssigt med din partner. Du må ikke blive fristet til at være din partner utro, ved at date en anden. </THE-LOVERS-ONE >
<THE-CHARIOT-ONE >Dit kærlighedsliv kan gå ind i en hård tid. Du må gøre nogle seriøse anstrengelser for at komme ud af dem. Dine romantiske anliggender vil sandsynligvis undergå en vis forandring, i den nærmeste fremtid. Du skal vise masser af tålmodighed, over for din partners ændrende følelser. Til sidst vil dit forhold blomstre med kærlighed. </THE-CHARIOT-ONE >
<JUSTICE-ONE >Du skal bringe en følelse af balance og normalitet ind i dit nuværende forhold. Det virker til at der er enten et overskud eller mangel på et bestemt element, der er afgørende for at bringe stabilitet ind i dit kærlighedsliv. Du må muligvis vise en upartisk tilgang, til dine romantiske anliggender, for at opnå den nødvendige balance. Vær lige så opmærksom på din karriere som dit familieliv. Din ærlighed og tillid vil være meget afgørende, for hvordan dit forhold vil udforme sig. Hvis du ved at du laver fejl i dit forhold, retter du det hurtigt. </JUSTICE-ONE >
<THE-HERMIT-ONE >Tag dig tid til at analysere dit kærlighedsliv. Du vil sandsynligvis være utålmodig med, hvordan tingene går i dit nuværende forhold. Du skal holde hovedet koldt og undgå at tage hurtige beslutninger, i forbindelse med din kærlighedsaffære. Hvis du har brug for kærlighedsrådgivning, skal du rådføre dig med en ældre og mere erfaren end dig selv. Du vil sandsynligvis klare alle dine romantiske forhindringer, hvis i begge giver tilstrækkelig plads til hinanden i forholdet. </THE-HERMIT-ONE >
<WHEEL-OF-FORTUNE-ONE >Kortet viser, at du er på vej mod en meget lykkelig og speciel fase, der vil lyse dit kærlighedsliv op. Du har heldet på din side og du vil finde kærligheden i dit liv. Du vil udvise modenhed, når du håndterer dit forhold. Du vil finde din drømme partner meget snart. Alle de bekymringer du havde om dit fremtidige forhold vil slutte. Du vil med al sandsynlighed blive velsignet med nogle vidunderlige tider, i dit kærlighedsliv. </WHEEL-OF-FORTUNE-ONE >
<STRENGTH-ONE >Du vil vise en stærkere og bedre holdning til livet, som vil hjælpe dig med at tackle enhver hindring du måtte møde i dit forhold. Hvis du ønsker at give slip på visse ting fra fortiden, skal du nok gøre det snart. Dit forhold vil gå godt og du kan nemt nå de ting, du har kæmpet for, i et stykke tid nu. Med din beslutsomhed og intelligens vil du komme ud af alle kærlighedsproblemer. </STRENGTH-ONE >
<THE-HANGED-MAN-ONE >Du må muligvis tillægge dig en ofrende natur i dit forhold. Der kan være spændinger mellem jer. Det foreslås, at du holder en meget tålmodig, sammensat og modnet sindstilstand i dit kærlighedsliv. Der kan være følelsesmæssige kampe mellem jer begge. Det anbefales at du er mere introspektiv og kigger andre steder hen i situationer, med åbent sind, for at forstå dem bedre. </THE-HANGED-MAN-ONE >
<DEATH-ONE >Kortet angiver en fase, som vil resultere i nogle dramatiske transformationer i dit kærlighedsliv. Du kan føle dig trist og deprimeret, i dit nuværende forhold. Denne fase vil skubbe dig mod en overflod af menneskelige følelser og dermed gøre dig klar over betydningen, af ​​de ændringer der kommer. Din kærlighedsaffære må muligvis gå gennem en relativ hård og mørkt tid. Du bliver nødt til at vise en stærk karakter, for at komme over denne nedadgående fase. </DEATH-ONE >
<TEMPERANCE-ONE >Kortet angiver en tid med ​​forvirrende eller modstridende situationer i dit forhold, hvor du måske har svært ved at træffe valg. Du og din partner vil have modstridende synspunkter, om forskellige forhold og dermed skabe uro. Du skal være tålmodig, samarbejde og finde den bedste løsning, dette vil gøre at kærligheden i dit liv, bliver meget bedre. Du vil finde måder at opbygge harmoni på i dit forhold. </TEMPERANCE-ONE >
<THE-DEVIL-ONE >Den kommende tid bliver ikke let for dig. Følelser som lyst, grådighed, ambition eller afhængighed kan få dit kærlighedsliv til at gå skidt. Du har muligvis et ønske om at dominere dit forhold fuldstændigt. Du skal være stærk, for at modstå disse fristelser og for at undgå større katastrofer i dit kærlighedsliv. Du kan føle dig stærk i et flygtigt øjeblik, men vælger du den forkerte vej, vil det skade dit nuværende forhold. Vær forsigtig, da dette kort er en advarsel til dig, om de dødbringende skridt, du må tage. </THE-DEVIL-ONE >
<THE-TOWER-ONE >Den nærmeste fremtid kan bringe en af ​​de værste faser i dit kærlighedsliv. Du kan opleve ubehagelige og ugunstige situationer, i dit forhold. Nogle af disse kan være uventede, så du føler dig isoleret og ensom i et stykke tid. Denne ændring vil vise dig nye måder og muligheder, for at forbedre din nuværende kærlighedssituation. Det vil være en hård tur fremover, derfor skal du være rolig og bare lære de nye ting, som livet lærer dig. </THE-TOWER-ONE >
<THE-STAR-ONE >Dette kort er en forvarsel af gode tider fremover. Det indikerer muligheden for et sundt forhold, som snart begynder. Det indikerer også, at du kan tage dit nuværende forhold til det næste niveau. Du vil have en bedre følelsesmæssig og åndelig forbindelse til din partner. Dit kærlighedsliv vil gå gennem en fase, hvor du kommer over dine tidligere affære og vil være mere optimistisk om din kærligheds fremtid. </THE-STAR-ONE >
<THE-MOON-ONE >De eneste tanker du vil have i dit hoved, handler om dit forhold. Du kan føle at du er blevet bundet fast, på grund af din nuværende kærlighedssituation. Du vil sandsynligvis lære nogle hemmeligheder, der bevidst er blevet holdt skjult, hvilket kan føre til et følelsesmæssigt tilbageslag i dit forhold. Bliv ikke deprimeret i sorg. Vis et mere åbent sind og anstreng dig, for at komme over disse følelser. Forkæl dig selv med dine andre hobbyer, for at komme over de følelsesmæssige følelser og få livet tilbage på sporet. </THE-MOON-ONE >
<THE-SUN-ONE >Du vil snart mærke friske og spændende nye virationer i dit forhold. Hvis du ikke er forelsket, kan du blive forelsket i nogen snart. Romantiske forhold, der syntes at være gået i stå, vil begynde at gøre positive fremskridt. En romantisk ferie og nogle frække dates med din elskede ligger i kortene. De kommende tider ser glade og mindeværdige ud. Sørg for, at du får mest muligt ud af denne smukke fase. </THE-SUN-ONE >
<JUDGEMENT-ONE >Dette kort beder dig om at holde dine sanser åbne for alt hvad der er omkring dig. Du vil indse, at tingene går din vej, men medmindre du gør en god indsats, kan du måske ikke få det bedste ud af disse situationer. Hvis du ikke er forelsket endnu, er det meget sandsynligt, at du snart vil møde en potentiel partner. I så fald skal du ikke spilde for meget tid, før du frier til din partner. Hvis du har slået op med nogen i fortiden, kan det samme ske for dig. Men dit kærlighedsliv vil i fremtiden være positiv for dig. </JUDGEMENT-ONE >
<THE-WORLD-ONE >Kortet markerer slutningen af ​​dine hårde tider og indikerer en tid med glade og kærlige tider, sammen med din kæreste. Dit forhold vil endelig forme sig, som du altid har ønsket det. Din partner vil opmuntre og værdsætte dig, for dit hårde arbejde og det vil gøre at din kærlighed blomstre. Denne fase skal bringe nyt liv til dit kærlighedsliv. Hvis du er single, er sandsynligheden for at møde en ny kæreste, meget høj.</THE-WORLD-ONE >
</ROOT>
