<?xml version="1.0" encoding="utf-8" ?>
<ROOT>
<THE-FOOL-ONE> To get what you want, you have to be willing to take a leap of faith and try something new and different. The only way to get your wish is to give your desires over to the universe and keep working in that direction. However, there is always the chance that your dream is a fool's errand. </THE-FOOL-ONE>
<THE-MAGICIAN-ONE> You know exactly what you want and you work toward your goal. With effort and dedication, you will succeed with your heart's desires. You are skilled and masterful and by using all your talents, you can count on great things happening to you. State your desires exactly and put in the effort, and you will be rewarded. </THE-MAGICIAN-ONE>
<THE-HIGH-PRIESTESS-ONE> This is a card of mystery. It is hard to say if your dreams and wishes will come true, but you should follow your instincts. By following what is in your heart, you will have a better idea of what the outcome will be. Words have sacred meanings and by speaking your heart's desire, you will understand better the outcome. </THE-HIGH-PRIESTESS-ONE>
<THE-EMPRESS-ONE> This is a time of nurturing and growth. All the signs point to getting your wish as long as it is healthy for you to do so. In striving for your desires, don't upset people along the way. Do not step on people to get your way, as the Empress has a dark side when people are abused. </THE-EMPRESS-ONE>
<THE-EMPEROR-ONE> you are an authority figure and generally get what you want. However, your desires are predicated on the fact that you do not abuse or mistreat those under you to get what you want. The little people are the ones that assure your dreams come true, and show compassion and appreciation for them to further your desires. </THE-EMPEROR-ONE>
<THE-HIEROPHANT-ONE> To get your desires, you must rely on the old and conventional ways of doing things. Now is not the time for new and creative. Stability and orthodoxy will serve your desires in the short term. If you step outside the conventional, you will risk all your desires and sacrifice your happiness in the long term. </THE-HIEROPHANT-ONE>
<THE-LOVERS-ONE> This card represents relationships and communication, and communication is required for you to achieve your goal. You cannot go it alone. You need to have other people on your side, pulling for you and helping you, to make you wish come true. You have much less of a chance at success if you shun people willing to help. </THE-LOVERS-ONE>
<THE-CHARIOT-ONE> You have the power to make your dreams come true. You are in the driver's seat and can achieve anything you put your heart and mind to, as long as you put in the effort. You need to earn them. You have the strength, drive, and focus to do so. It's time to get to work. </THE-CHARIOT-ONE>
<STRENGTH-ONE> It will take courage, willpower and self-control to achieve your goals. You may have to make sacrifices to get what you want and you may face some adversity before getting there. If you persevere, you will see the fruits of your labors fulfilled. Have faith in powers beyond you to give you the strength you need to make it through. </STRENGTH-ONE>
<THE-HERMIT-ONE> You find that you are alone in your desires, and you may need solitude to work out whether your wishes are in your best interests. Time alone may help you reprioritize what you really want. Taking this time will help you clarify your wants, and if, when you're done, you still desire it, go for it! </THE-HERMIT-ONE>
<WHEEL-OF-FORTUNE-ONE> Change is in its way, and only you can tell whether it is for better or worse. Generally symbolizing change of fortune, if things have been going well for you, you will find that you will not get what you want. However, if you have been struggling lately, now is the time you have been waiting for. </WHEEL-OF-FORTUNE-ONE>
<JUSTICE-ONE> Life is in balance with Justice, and you will get what you want as long as it doesn't affect other people in a negative way. If getting your wish means deep hurt or sacrifice for others, you will, to get it. However, if your wish does not have any negative affect on those around you, your wish will be fulfilled. </JUSTICE-ONE>
<THE-HANGED-MAN-ONE> You will have to sacrifice your wishes for those of another. Now is the time to put your own wishes on the back burner and help out those around you. The advantage of this is that, once others have gotten their wishes fulfilled, it will be your turn. This card symbolizes short term sacrifice for ultimate long term gain. </THE-HANGED-MAN-ONE>
<DEATH-ONE> This card symbolizes major changes are coming. If your wishes are for these changes you will find that you will get your wish very quickly. However, if your desire is for things to remain the same, your wishes will not be fulfilled. It is time to shake things up in a major way. </DEATH-ONE>
<TEMPERANCE-ONE> Do not ask for too much at this time. You will get small wishes fulfilled, but now is not the time to ask for more than what other people have. You will be rewarded for your self control and desire for moderation. Relax your desires and know that balance is the way of the universe. </TEMPERANCE-ONE>
<THE-DEVIL-ONE> You've been too worried about material desires, and it is time to step back and reassess what you really want and need. By asking for too much, you are setting yourself up for a major fall. You are asking for something that is not I. Your best interests and achieving it will turn out badly if you do get it. </THE-DEVIL-ONE>
<THE-TOWER-ONE> You may think that you have achieved your heart's desires, but you are facing losing it all. You may have asked for too much and are not sharing the wealth. You are losing what you thought was precious to you and you need to reevaluate what you really desire. You may have gotten it, but you risk losing it all. </THE-TOWER-ONE>
<THE-STAR-ONE> This is the card of hope. You are feeling positive and inspired, and when this card appears, it is likely that you wish will be fulfilled. Everything seems to be going your way and falling into place. You have done the work you need to, and now you can sit back and wait for good fortune to come to you. </THE-STAR-ONE>
<THE-MOON-ONE> You need to listen what your intuitive side is saying, as things may not be very clear to you right now. Your instincts will tell you whether the wish you desire is really worth seeking and whether you will attain it. Sometimes it is better to listen to your heart than your head. </THE-MOON-ONE>
<THE-SUN-ONE> Things are going well for you, and any desire you are looking at will be fulfilled in short order. The Sun is shining on your life, and you feel a string of good luck coming your way. Know that things are moving in the right direction and you can count on getting what you want and need in life. </THE-SUN-ONE>
<JUDGEMENT-ONE> To get what you want, you will need to put in the extra effort. Even if you have done everything you thought you needed to do, it is not quite enough. Increased effort will lead to fruitful results. Remember that it may not be up to you, and there are people judging you by your efforts. </JUDGEMENT-ONE>
<THE-WORLD-ONE> This is a card of completion, of witnessing the finish of things. This means that what you have been working for is about to come to fulfillment. Make sure all your ducks are in a row, so to speak, and you will get what it is you have been dreaming of. </THE-WORLD-ONE>
<ACE-OF-WANDS-ONE> This is a card of positive beginnings, meaning that that which you have been dreaming of is about to come to you and start a whole new phase in your life. You are likely to be even more successful that you ever dreamed of. Your energy and passion has gotten you want you deserve. </ACE-OF-WANDS-ONE>
<TWO-OF-WANDS-ONE> You find that you are trying to keep things in balance, and that you should not spend too much time focusing on one area of life over another. As long as your life is in relative balance, you will begin to see the fruits of your labors and achieve that which you have been dreaming of. </TWO-OF-WANDS-ONE>
<THREE-OF-WANDS-ONE> You have been having some difficulty with fulfilling your wishes and dreams. However, as you put in the effort to work through these difficulties, you will find that things are starting to fall into place for you and you are starting to see the results of your work and your dreams. </THREE-OF-WANDS-ONE>
<FOUR-OF-WANDS-ONE> You still have some work to do if you want something. Things are looking up, but it is not quite time to rest on what you have already done. People are watching, and you have more work to do. Make sure to treat yourself to some relaxation, but don't assume it is time to quit quite yet. </FOUR-OF-WANDS-ONE>
<FIVE-OF-WANDS-ONE> Things are difficult for you right now, and to achieve what you desire, you may face some competition. If you play fair, you will likely succeed. However, if you cheat to try and get your wishes fulfilled, it will certainly backfire on you and you will be left holding the bag. </FIVE-OF-WANDS-ONE>
<SIX-OF-WANDS-ONE> You have been facing a lot of challenges lately that may have discouraged you. But if you persevere, you will find that things will work out far better than you had ever dreamed. Your hard work is paying off, just keep showing the effort and working towards your dreams, and you will have great success. </SIX-OF-WANDS-ONE>
<SEVEN-OF-WANDS-ONE> You have been feeling some self-doubt and questioning as to whether your wishes will come true. However, as long as you turn that self-doubt into positive action, things will come out for the best in the end. The hard part is not becoming too negative when things at first don't go your way. </SEVEN-OF-WANDS-ONE>
<EIGHT-OF-WANDS-ONE> You are going to have to wait for a while longer. Now is not the time for your wishes to manifest. Sometimes all you can do is wait, and forcing the situation will turn out to be negative. It is out of your hands and you need to wait for others before knowing if you get what you desire. </EIGHT-OF-WANDS-ONE>
<NINE-OF-WANDS-ONE> You are feeling anxious about getting your wishes fulfilled, and you may feel like things are getting too complicated for you to continue. If other people are tense around you, try and stay calm, as this will be your best bet. Take things one day at a time and you will eventually see the results you desire. </NINE-OF-WANDS-ONE>
<TEN-OF-WANDS-ONE> Things are getting very difficult for you, and it is time that you need to let go of some of your dreams and wishes, as you are looking for too much. When you dream too far and too fast, you become overwhelmed and will need to reevaluate and decide what is most important. </TEN-OF-WANDS-ONE>
<PAGE-OF-WANDS-ONE> You have been working for a long time to make your dreams come true, and you should start to see some positive results. Others around you are inclined to help you out, and you accept their assistance with grace and thankfulness. Soon you will see the positive results you have been looking for. </PAGE-OF-WANDS-ONE>
<KNIGHT-OF-WANDS-ONE> You are charged and full of energy and are putting forth the effort into your life that you need to get what you want. Because of this increased energy, things are likely to work out far better than you had even hoped. You feel confident in your abilities, and this assists you on your quest. </KNIGHT-OF-WANDS-ONE>
<QUEEN-OF-WANDS-ONE> Things are going your way and you expect to get everything you have been wishing and working for. You have a lot of fiery energy and are putting it to good use. If you have been having difficulty, things are starting to look up and you can expect to get what you have wished for. </QUEEN-OF-WANDS-ONE>
<KING-OF-WANDS-ONE> You have a great deal of energy and are using them to make positive gains towards your wishes. People around you are supportive and encouraging and you take this as a positive sign to keep working. With their help, you will be able to achieve all that you set your heart towards. </KING-OF-WANDS-ONE>
<ACE-OF-SWORDS-ONE> It is time for a new beginning. To get where you really need to be, you may have to let go of what you thought you wanted to make room for what is best for your life. Move beyond the anxiety of making changes and listen to that still small voice to learn what direction you should be going in. </ACE-OF-SWORDS-ONE>
<TWO-OF-SWORDS-ONE> At this point, it is not just about what you want, but also about what your partner wants in their life also. You may have to sacrifice your wishes to make someone else happy. Often, to get what you want at the expense of another backfires in the end. Figure out which is more important to you. </TWO-OF-SWORDS-ONE>
<THREE-OF-SWORDS-ONE> You are feeling sorrow and are beginning to realize that you are not going to get what you have been wishing for. You can't always have what you thought you wanted, but you may find in the end that you will be thankful, as what you get instead will be better for you than what you wished for. </THREE-OF-SWORDS-ONE>
<FOUR-OF-SWORDS-ONE> You need to take a break for a while, and you will reevaluate what it is that is most important. You may find that what you had been wishing for is not what you really want. However, if you still desire what you wished for, it will be time to put in the work to achieve your goal. </FOUR-OF-SWORDS-ONE>
<FIVE-OF-SWORDS-ONE> You may be what are standing in the way of fulfilling your dreams. You are your own worst enemy. You have mixed feelings about whether you really want what you have been wishing for, which is causing you to sabotage yourself. Reexamine your desires to reset your path. Think before you act. </FIVE-OF-SWORDS-ONE>
<SIX-OF-SWORDS-ONE> There is movement toward your goals. Although things have been going slowly, you are finally seeing some progress and are feeling less stressed about the direction of your actions. If you need help to achieve your wishes, now is the time to ask for it. It is time to make a decision on how to progress toward your wishes. </SIX-OF-SWORDS-ONE>
<SEVEN-OF-SWORDS-ONE> People are looking at to you see if you are cheating or otherwise acting immoral to meet your goals. You cannot cheat to get what you wish for as other people are watching and will block your way if they do not like your methods. To get what you wish for, you must act with dignity. </SEVEN-OF-SWORDS-ONE>
<EIGHT-OF-SWORDS-ONE> To get what you want, you have to be open to defeat. Things don't always work out how we think they should, and you may have to let go of smaller goals and desires to get what you really want. Defeat in the short term can mean victory in the long term. Examine your goals to decide what's really important. </EIGHT-OF-SWORDS-ONE>
<NINE-OF-SWORDS-ONE> Guard against feelings of anxiety. They stand in the way of your wishes. Instead, look for solutions. Are there things you can change to help you move in the right direction? You can only control things that you are in charge of, and you must learn to let go of the rest. You will have better luck that way. </NINE-OF-SWORDS-ONE>
<TEN-OF-SWORDS-ONE> You need to reassess what you are wishing for. Most likely, you will not get what you have been dreaming of. But you need to remember that, when one door closes, another one will open. You must learn to take rejection of your wish with dignity and focus your energy on something new. </TEN-OF-SWORDS-ONE>
<PAGE-OF-SWORDS-ONE> You are pushing too hard to get what you wish for, and it is turning your fortunes against you. Instead, learn to relax and let things come to you. Also, learn to let others help you. You do not need to do everything yourself and you do not need to try so hard. By relaxing, you'll get what you want. </PAGE-OF-SWORDS-ONE>
<KNIGHT-OF-SWORDS-ONE> What you seek is coming to you. Fortunes are turning your way and you are starting to see results for what you are wishing for. Look for what you are seeking to come to you soon. You are lucky to be getting what your heart has been yearning for, and good fortune is yours in the near future. </KNIGHT-OF-SWORDS-ONE>
<QUEEN-OF-SWORDS-ONE> You know what you want and now is the time to go after it. If you have been wishing without any effort on your part, it is time to put in the work. You will not just be handed things, but if you put in effort on your end, you will see the positive results you are looking for. </QUEEN-OF-SWORDS-ONE>
<KING-OF-SWORDS-ONE> You may need to reexamine what you want in your life. You are looking to do too much, and when you do that, you will never get anything you desire. Instead, you need to figure out what is most important to you and let go of everything else. You may have to sacrifice your wishes for the greater good. </KING-OF-SWORDS-ONE>
<ACE-OF-PENTACLES-ONE> Things are coming your way, and you find that you will get those things you have been yearning for. New opportunities are coming to you, and you feel satisfied with your luck and with how hard you are working. You deserve great things in life and they are coming your way. </ACE-OF-PENTACLES-ONE>
<TWO-OF-PENTACLES-ONE> You are looking to get too many things right now. You need to empty your plate and focus on the one or two things that you really want and you will have a much better chance of getting what you really desire. By putting your effort into too many things, you will never get what you really want. </TWO-OF-PENTACLES-ONE>
<THREE-OF-PENTACLES-ONE> This is a very good omen that you will get what you want, and in a relatively short period of time. You are on the right track to fulfilling your wishes, and even if you come to a stumbling block, trust you are on the right path and that with continued work, you will get what you want. </THREE-OF-PENTACLES-ONE>
<FOUR-OF-PENTACLES-ONE> You are feeling anxious about reaching your goals and getting what you wish for. You are holding onto a dream that is no longer realistic, in your best interest, or what you even desire. You must let it go to allow for even greater fortunes into your life. Loss can lead to even greater gains. </FOUR-OF-PENTACLES-ONE>
<FIVE-OF-PENTACLES-ONE> Things are very insecure right now, and you are feeling like the universe has left you out in the cold. You are feeling stuck and are not getting what you want. Have faith that things can get better with your continued work and perseverance. Things will get better if you continue to dream. </FIVE-OF-PENTACLES-ONE>
<SIX-OF-PENTACLES-ONE> Things have not been going your way, but your fortunes are starting to turn for the better. People are willing to help you, even unexpectedly. Accept what they have to offer. When others help you to achieve your desires, you will get what it is you have been dreaming of. </SIX-OF-PENTACLES-ONE>
<SEVEN-OF-PENTACLES-ONE> You have been working hard for your dreams, and now is the time that you begin to see a return on the investment of your time and energy. You have been anxious in the past about whether you would get what you want, but take heart! It is your time and you see the rewards of your hard work! </SEVEN-OF-PENTACLES-ONE>
<EIGHT-OF-PENTACLES-ONE> Make sure you are doing what you need to so you can achieve your goals. You have to put energy in to get energy out, but working for its own sake will not help your cause. As long as you are focused and are working toward your desired outcome, it will happen. Your dedication to your wishes is commendable. </EIGHT-OF-PENTACLES-ONE>
<NINE-OF-PENTACLES-ONE> Happiness and success are in your future. Things are going to turn out a lot better than you ever dreamed of. Set your sights high and you will achieve great things and get all your heart's desires. When you do achieve your dreams, make sure to give back and help those still struggling. </NINE-OF-PENTACLES-ONE>
<TEN-OF-PENTACLES-ONE> You have gotten or will get what it is that you have wished for. Everything in your life seems to be falling into place, and now is the time to be grateful for all that you have been given. Not everyone has their wishes come true, and you know that you are lucky to have gotten your heart's desire. </TEN-OF-PENTACLES-ONE>
<PAGE-OF-PENTACLES-ONE> You have great dreams, and great energy to support your dreams. There is a lot of work to be done, however, and you need to work past the hard parts and the boredom to really see your goal fulfilled. Sometimes you forget that the excitement at the end only follows the necessary slogging through. </PAGE-OF-PENTACLES-ONE>
<KNIGHT-OF-PENTACLES-ONE> If you have been wishing for something practical, you are more likely to get it than if you are wishing for something extravagant. Sometimes working for the practical is the best thing you can do to move your life forward. Life is hard work and sacrifice, and sometimes you need to do both. </KNIGHT-OF-PENTACLES-ONE>
<QUEEN-OF-PENTACLES-ONE> Now is the time to get a lot accomplished, and you are looking for help to make your dreams come true. If you are working hard, you will come close to your goals. Be positive and great things will be coming your way. Right now working on your home life will bring the greatest rewards. </QUEEN-OF-PENTACLES-ONE>
<KING-OF-PENTACLES-ONE> Follow established ways of doing things and you will have better luck getting your heart's desires than if you attempt untried, outlandish solutions. If you work hard, do the right thing, and put forth the effort, you will get what you are dreaming of. People are willing to support your efforts. </KING-OF-PENTACLES-ONE>
<ACE-OF-CUPS-ONE> Things are getting better for you! All your effort is paying off and your happiness is in the universe hands. And the universe is glad to oblige. People around you are glad to help out and want you to achieve your dreams. Everything is going your way. Enjoy it! It is your time. </ACE-OF-CUPS-ONE>
<TWO-OF-CUPS-ONE> Things are going well and people are willing to help you out to achieve your wishes. The universe will take care of you as long as you take care of all aspects of your life. Don't let your desires in one area make you ignore those other parts of your life. Balance is the key to wish fulfillment. </TWO-OF-CUPS-ONE>
<THREE-OF-CUPS-ONE> Things are going your way in all areas of your life. Love and money are especially lucky for you now, and hard work will get you want you have dreamed of. You are lucky enough to be celebrating that which you have desired and the people you love are there to support you. </THREE-OF-CUPS-ONE>
<FOUR-OF-CUPS-ONE> You are dreaming too much and have not been thankful for what you already have. When you fail to count your blessings, the universe is less likely to give you more. The future is a long time away and if you don't spend time in the present, you will be sadly disappointed for what you want. </FOUR-OF-CUPS-ONE>
<FIVE-OF-CUPS-ONE> Your luck has been mixed. Some things are going well and others are going rather poorly. However, you will feel more blessings in your life if you focus on the positive and the greater good. We must remember that we don't get everything we want in life, but being upset about it only magnifies the negative. </FIVE-OF-CUPS-ONE>
<SIX-OF-CUPS-ONE> You have been wishing for better days that have since gone by. However, you can never recover what has been lost, and focusing on the past means you will not get what is coming in the future. Refocusing your desires and efforts will bring about greater things than those which you have lost. </SIX-OF-CUPS-ONE>
<SEVEN-OF-CUPS-ONE> Refocus your desires. You have too much going on and your energy is too split to achieve any of your goals when you are going for all of them at the same time. Instead, pick out your greatest desire and put your attention toward that. Going for what you really want give you're the greatest chance of success. </SEVEN-OF-CUPS-ONE>
<EIGHT-OF-CUPS-ONE> Listen to your instincts. You may be striving for a dream that does not serve you. Although at one time you were on the right path, your life and situation has changed, but your dreams haven't. Reevaluate what it is that you really want. This refocusing will allow you to put your energy to more appropriate goals. </EIGHT-OF-CUPS-ONE>
<NINE-OF-CUPS-ONE> Good luck is on your side. Happiness is coming your way. You hadn't even counted on such a quick turn around for your wishes, but the universe is in a giving mood. What you want will come into your life. Make sure to be thankful for what the universe has given you. </NINE-OF-CUPS-ONE>
<TEN-OF-CUPS-ONE> Happiness is coming your way. You are about to receive all those things you have wished for. Also, those around you are also going to reap the positive rewards of your luck, and their dreams are coming true also. The happiest card in the deck, it shows that you are deserving of joy and abundance. </TEN-OF-CUPS-ONE>
<PAGE-OF-CUPS-ONE> Become more playful and spontaneous in your dreaming. You have wishes inside you that you haven't even admitted, and when you stop being so serious and begin to enjoy life, you will discover what it is that you really want and how to get it. Joy is important in life. </PAGE-OF-CUPS-ONE>
<KNIGHT-OF-CUPS-ONE> Things are going well. Your energy is serving you well to work toward your dreams, and you see that they will come true. The universe will point in the right direction to take to get all that you want as long as you know how to listen. Be proud of what you have gotten. You've earned it. </KNIGHT-OF-CUPS-ONE>
<QUEEN-OF-CUPS-ONE> The universe is supporting you in your dreams. You still have to do the work behind making your dreams come true. There is no such thing as an overnight success after all. However, when you pay your dues, the universe is behind you and will grant you that which you wish for. </QUEEN-OF-CUPS-ONE>
<KING-OF-CUPS-ONE> Nurture your dreams and desires. Treat them with loving care. They deserve all the affection you can give them. There are people in your corner supporting your dreams and desires. Allow them to help you and you will become closer to that which you desire. Love can see you through. </KING-OF-CUPS-ONE>
</ROOT>
