{

"fingerprint":"Mg$0",

"resource": {
  "version":"2",
  
  "macros":[{"function":"__e","instance_name":"_event"},{"function":"__ai","instance_name":"App ID"},{"function":"__an","instance_name":"App Name"},{"function":"__av","instance_name":"App Version Code"},{"function":"__avn","instance_name":"App Version Name"},{"function":"__e","instance_name":"Event Name"}],
  "tags":[{"function":"__fm","once_per_event":true,"vtp_mergeEventParameters":false,"vtp_editParamTable":["list",["map","editParamKey","sucessed","editParamValue","yes"]],"vtp_action":"measure","vtp_eventName":"Ads_Event","tag_id":4}],
  "predicates":[{"function":"_re","arg0":["macro",0],"arg1":".*"},{"function":"_eq","arg0":["macro",0],"arg1":"session_start"}],
  "rules":[[["if",0],["add",0]],[["if",1],["add",0]]]
},
"runtime":
[
[50,"__an_main",[46],[36,[2,[17,[15,"gtmUtils"],"mobile"],"applicationName",[7]]]],[50,"__an",[46,"data"],[36,["__an_main",[15,"data"]]]],[50,"__fm_main",[46,"a"],[41,"b","c"],[38,[17,[15,"a"],"action"],[46,"measure","filter","block"],[46,[5,[46,[3,"b",[39,[17,[15,"a"],"mergeEventParameters"],[17,[15,"a"],"dropParamTable"],[7]]],["__fm_sendFirebaseEvent",[17,[15,"a"],"eventName"],[17,[15,"a"],"editParamTable"],[15,"b"],[17,[15,"a"],"mergeEventParameters"]],[4]]],[5,[46,[3,"c",[30,[17,[15,"a"],"overrideEventName"],[2,[17,[15,"gtmUtils"],"mobile"],"event",[7]]]],["__fm_sendFirebaseEvent",[15,"c"],[17,[15,"a"],"editParamTable"],[17,[15,"a"],"dropParamTable"],true],[2,[17,[15,"gtmUtils"],"mobile"],"suppressPassthrough",[7]],[4]]],[5,[46,[2,[17,[15,"gtmUtils"],"mobile"],"suppressPassthrough",[7]],[4]]],[9,[46,[36]]]]]],[50,"__fm_sendFirebaseEvent",[46,"a","b","c","d"],[41,"e","f","g","h","i","j","k"],[3,"e",[30,[2,[17,[15,"gtmUtils"],"common"],"tableToMap",[7,[15,"b"],"editParamKey","editParamValue"]],[8]]],[22,[28,["__fm_validateEventData",[15,"a"],[15,"e"]]],[46,[36]]],[3,"f",[7]],[47,"g",[15,"c"],[46,[2,[15,"f"],"push",[7,[16,[16,[15,"c"],[15,"g"]],"dropParamKey"]]]]],[3,"h",[30,[2,[17,[15,"gtmUtils"],"mobile"],"eventParameters",[7]],[8]]],[3,"i",[39,[15,"d"],[15,"h"],[8]]],[47,"j",[15,"e"],[46,[22,[12,[2,[15,"f"],"indexOf",[7,[15,"j"]]],[27,1]],[46,[43,[15,"i"],[15,"j"],[16,[15,"e"],[15,"j"]]]],[46,[2,[17,[15,"gtmUtils"],"common"],"log",[7,"w",[0,[0,"Dropped param ",[15,"j"]]," is also specified in param override table"]]]]]]],[3,"k",[8]],[47,"j",[15,"i"],[46,[22,[12,[2,[15,"f"],"indexOf",[7,[15,"j"]]],[27,1]],[46,[43,[15,"k"],[15,"j"],[16,[15,"i"],[15,"j"]]]]]]],[2,[17,[15,"gtmUtils"],"mobile"],"sendMeasurement",[7,[15,"a"],[15,"k"]]]],[50,"__fm_validateEventData",[46,"a","b"],[41,"c"],[22,[30,[12,[2,[15,"a"],"charAt",[7,0]],"_"],[28,[2,[15,"a"],"match",[7,"^[A-Za-z0-9_]*$"]]]],[46,[2,[17,[15,"gtmUtils"],"common"],"log",[7,"w",[0,[0,[0,"Invalid Event name: ",[15,"a"]]," (Must not start with an underscore and must consist of letters,"]," digits and/or underscores)"]]],[36,false]]],[47,"c",[15,"b"],[46,[22,[30,[12,[2,[15,"c"],"charAt",[7,0]],"_"],[28,[2,[15,"c"],"match",[7,"^[A-Za-z0-9_]*$"]]]],[46,[2,[17,[15,"gtmUtils"],"common"],"log",[7,"w",[0,[0,[0,"Invalid parameter name: ",[15,"c"]]," (Must not start with an underscore and must consist of"]," letters, digits and/or underscores)"]]],[36,false]]]]],[36,true]],[50,"__fm",[46,"data"],[36,["__fm_main",[15,"data"]]]],[50,"__e_main",[46],[41,"a","b"],[3,"a",[2,[17,[15,"gtmUtils"],"mobile"],"event",[7]]],[22,[1,[1,[15,"a"],[18,[17,[15,"a"],"length"],0]],[12,[16,[15,"a"],0],"_"]],[46,[3,"b",[8,"_f","first_open","_v","first_visit","_iap","in_app_purchase","_e","user_engagement","_s","session_start","_ssr","session_start_with_rollout","_au","app_update","_ui","app_remove","_ab","app_background","_ou","os_update","_cd","app_clear_data","_ae","app_exception","_nf","notification_foreground","_nr","notification_receive","_no","notification_open","_nd","notification_dismiss","_cmp","firebase_campaign","_cmpx","invalid_campaign","_vs","screen_view","_ar","ad_reward","_asr","app_store_refund","_assc","app_store_subscription_convert","_assr","app_store_subscription_renew","_asse","app_store_subscription_cancel"]],[3,"a",[30,[16,[15,"b"],[15,"a"]],[15,"a"]]]]],[36,[15,"a"]]],[50,"__e",[46,"data"],[36,["__e_main",[15,"data"]]]],[50,"__ai_main",[46],[36,[2,[17,[15,"gtmUtils"],"mobile"],"applicationId",[7]]]],[50,"__ai",[46,"data"],[36,["__ai_main",[15,"data"]]]],[50,"__av_main",[46],[36,[2,[17,[15,"gtmUtils"],"mobile"],"applicationVersion",[7]]]],[50,"__av",[46,"data"],[36,["__av_main",[15,"data"]]]],[50,"__avn_main",[46],[36,[2,[17,[15,"gtmUtils"],"mobile"],"applicationVersionName",[7]]]],[50,"__avn",[46,"data"],[36,["__avn_main",[15,"data"]]]],
[50,"main",[46,"a"],[43,[17,[15,"a"],"common"],"tableToMap",[15,"tableToMap"]],[43,[17,[15,"a"],"common"],"stringify",[15,"stringify"]],[43,[17,[15,"a"],"common"],"copy",[15,"copy"]],[43,[17,[15,"a"],"common"],"split",[15,"split"]]],[50,"tableToMap",[46,"a","b","c"],[41,"d","e","f"],[3,"d",[8]],[3,"e",false],[3,"f",0],[42,[1,[15,"a"],[23,[15,"f"],[17,[15,"a"],"length"]]],[33,[15,"f"],[3,"f",[0,[15,"f"],1]]],false,[46,[22,[1,[1,[16,[15,"a"],[15,"f"]],[2,[16,[15,"a"],[15,"f"]],"hasOwnProperty",[7,[15,"b"]]]],[2,[16,[15,"a"],[15,"f"]],"hasOwnProperty",[7,[15,"c"]]]],[46,[43,[15,"d"],[16,[16,[15,"a"],[15,"f"]],[15,"b"]],[16,[16,[15,"a"],[15,"f"]],[15,"c"]]],[3,"e",true]]]]],[36,[39,[15,"e"],[15,"d"],[45]]]],[50,"stringify",[46,"a"],[41,"b","c","d","e"],[22,[20,[15,"a"],[45]],[46,[36,"null"]]],[22,[20,[15,"a"],[44]],[46,[36,[44]]]],[22,[30,[12,[40,[15,"a"]],"number"],[12,[40,[15,"a"]],"boolean"]],[46,[36,[2,[15,"a"],"toString",[7]]]]],[22,[12,[40,[15,"a"]],"string"],[46,[36,[0,[0,"\"",[2,["split",[15,"a"],"\""],"join",[7,"\\\""]]],"\""]]]],[22,[2,[17,[15,"gtmUtils"],"common"],"isArray",[7,[15,"a"]]],[46,[3,"b",[7]],[3,"c",0],[42,[23,[15,"c"],[17,[15,"a"],"length"]],[33,[15,"c"],[3,"c",[0,[15,"c"],1]]],false,[46,[3,"d",["stringify",[16,[15,"a"],[15,"c"]]]],[22,[12,[15,"d"],[44]],[46,[2,[15,"b"],"push",[7,"null"]]],[46,[2,[15,"b"],"push",[7,[15,"d"]]]]]]],[36,[0,[0,"[",[2,[15,"b"],"join",[7,","]]],"]"]]]],[22,[12,[40,[15,"a"]],"object"],[46,[3,"b",[7]],[47,"e",[15,"a"],[46,[3,"d",["stringify",[16,[15,"a"],[15,"e"]]]],[22,[29,[15,"d"],[44]],[46,[2,[15,"b"],"push",[7,[0,[0,[0,"\"",[15,"e"]],"\":"],[15,"d"]]]]]]]],[36,[0,[0,"{",[2,[15,"b"],"join",[7,","]]],"}"]]]],[2,[17,[15,"gtmUtils"],"common"],"log",[7,"e","Attempting to stringify unknown type!"]],[36,[44]]],[50,"split",[46,"a","b"],[41,"c","d","e","f"],[3,"c",[7]],[22,[20,[15,"b"],""],[46,[3,"d",[17,[15,"a"],"length"]],[3,"e",0],[42,[23,[15,"e"],[15,"d"]],[33,[15,"e"],[3,"e",[0,[15,"e"],1]]],false,[46,[2,[15,"c"],"push",[7,[16,[15,"a"],[15,"e"]]]]]],[36,[15,"c"]]]],[42,[1,[15,"a"],[19,[2,[15,"a"],"indexOf",[7,[15,"b"]]],0]],[46],false,[46,[3,"f",[2,[15,"a"],"indexOf",[7,[15,"b"]]]],[22,[12,[15,"f"],0],[46,[2,[15,"c"],"push",[7,""]]],[46,[2,[15,"c"],"push",[7,[2,[15,"a"],"substring",[7,0,[15,"f"]]]]]]],[3,"a",[2,[15,"a"],"substring",[7,[0,[15,"f"],[17,[15,"b"],"length"]]]]]]],[2,[15,"c"],"push",[7,[15,"a"]]],[36,[15,"c"]]],[50,"copy",[46,"a","b"],[41,"c","d"],[3,"b",[30,[15,"b"],[39,[2,[17,[15,"gtmUtils"],"common"],"isArray",[7,[15,"a"]]],[7],[8]]]],[47,"c",[15,"a"],[46,[3,"d",[16,[15,"a"],[15,"c"]]],[22,[2,[17,[15,"gtmUtils"],"common"],"isArray",[7,[15,"d"]]],[46,[22,[28,[2,[17,[15,"gtmUtils"],"common"],"isArray",[7,[16,[15,"b"],[15,"c"]]]]],[46,[43,[15,"b"],[15,"c"],[7]]]],[43,[15,"b"],[15,"c"],["copy",[15,"d"],[16,[15,"b"],[15,"c"]]]]],[46,[22,[1,[29,[15,"d"],[45]],[12,[40,[15,"d"]],"object"]],[46,[22,[29,[40,[16,[15,"b"],[15,"c"]]],"object"],[46,[43,[15,"b"],[15,"c"],[8]]]],[43,[15,"b"],[15,"c"],["copy",[15,"d"],[16,[15,"b"],[15,"c"]]]]],[46,[43,[15,"b"],[15,"c"],[15,"d"]]]]]]]],[36,[15,"b"]]]
]
}
