<?xml version="1.0" encoding="utf-8" ?>
<ROOT>
<ACE-OF-CUPS-ONE >Dette kortet indikerer at alt ser ut til å kjøre glatt nå når det kommer til din helse. Du vil føle deg frisk og energisk fysisk og mentalt, og det vil neppe være noen plager. Du vil også bevege deg mer mot åndelighet nå som vil få deg til å føle deg enda bedre. </ACE-OF-CUPS-ONE >
<TWO-OF-CUPS-ONE >Dette kortet viser at ting er litt forstyrret i helseavdelingen, siden du sliter med å holde tritt med velferden til en kjær, og dette vil føre til alvorlig bekymring og noen gjentatte besøk til et sykehus. </TWO-OF-CUPS-ONE >
<THREE-OF-CUPS-ONE >Dette kortet indikerer at du vil ha en galla tid nå, og vil skjemme bort deg selv mer enn nødvendig. Dette vil føre til noen alvorlige helsemessige bekymringer som må tas opp snart. Hvis du ikke tar tiltak, må du kanskje ta en tur til sykehuset eller et rehabiliteringssenter. </THREE-OF-CUPS-ONE >
<FOUR-OF-CUPS-ONE >Du tar for mye stress, og dette kan føre kroppen til sammenbrudd. Du må ta litt tid til tross for profesjonelle forpliktelser, for det er nødvendig nå. Dette kan frustrere deg litt, men til slutt vil du bli bedre, og dette vil også gi deg en ny holdning i livet. </FOUR-OF-CUPS-ONE >
<FIVE-OF-CUPS-ONE >Dette kortet viser at for mye reise eller arbeidspress vil komme til deg, og du vil føle deg utmattet og ekstremt sliten nå. Dette kan også påvirke helsen din mer seriøst enn du forventer, og føre til at du har problemer. Du må ta hensyn til magerelaterte problemer som en prioritet. </FIVE-OF-CUPS-ONE >
<SIX-OF-CUPS-ONE >Dette kortet indikerer at du ikke føler deg veldig bra, og dette rastløshet påvirker kroppen fysisk og mentalt. Men du vil holde deg sammen for å fullføre visse oppgaver, og vil deretter ta en pause som vil hjelpe kroppen din til å forynge seg selv. </SIX-OF-CUPS-ONE >
<SEVEN-OF-CUPS-ONE >Dette kortet viser at kroppen din nå viser symptomer på en sykdom, og krever litt avslapping. Noen plager kan hjemsøke deg, som du må løse. Det kan være noen spørsmål knyttet til dine lemmer eller øyne, og du blir nødt til å gi slipp på en stund for å bli bedre. </SEVEN-OF-CUPS-ONE >
<EIGHT-OF-CUPS-ONE >Dette kortet indikerer at tiden vil være litt røff på øynene dine eller håret ditt, og en periode med medisinering vil følge. Dette vil hemme dine daglige gjøremål litt, noe som kan frustrere deg, men vil det være ingenting betydelig å bekymre deg og helbredelse vil starte snart. Dine kjære vil ta vare på deg mens du gjenoppretter. </EIGHT-OF-CUPS-ONE >
<NINE-OF-CUPS-ONE >Dette kortet viser at du nå står overfor, eller vil snart møte noen isolasjon eller depresjon på grunn av oppturer og nedturer i livet ditt. Du vil være i en sårbar posisjon akkurat nå, og vil føle at ingen forstår deg godt. Dette urovekkende sinnstilstand kan føre til nervøsitet og popping av noen piller. </NINE-OF-CUPS-ONE >
<TEN-OF-CUPS-ONE >Dette kortet indikerer at din travle og brå tidsplan vil føre til at du har et ubalansert kosthold og dette kan føre til noen mage lidelser. Denne brå tidsplanen kan føre til isolering eller søvnløshet som vil bare være der for en stund. Du vil ta tiltak og vil snart gjenopprette. </TEN-OF-CUPS-ONE >
<PAGE-OF-CUPS-ONE >Dette kortet viser at med den type omstendigheter som du står overfor nå, vil du føle deg veldig følsom, og du kan bli lett påvirket. Denne sinnstilstand kan vise seg dårlig for helsen din, fysisk eller psykisk. Vær forsiktig for du er utsatt for ulykken. </PAGE-OF-CUPS-ONE >
<KNIGHT-OF-CUPS-ONE >Dette kortet indikerer at alt som er relatert til din helse vil bli mye lykkeligere nå. Hvis du allerede lider av en slags sykdom, og går til legen, så vil du merke at tilstanden din vil bli bedre til tross for dårlige nyheter som kanskje blir gitt til deg. Du må bare beholde troen på deg selv og ta godt vare på kroppen din. </KNIGHT-OF-CUPS-ONE >
<QUEEN-OF-CUPS-ONE >Dette kortet viser at du nå blir drenert mentalt på grunn av ulike personlige og faglige press, og du kan også finne deg selv hjelpeløs til tider. Det kan være noen symptomer på fortvilelse som du vil rådføre legen og noen slektninger for, men det vil bli bedre jevnt. </QUEEN-OF-CUPS-ONE >
<KING-OF-CUPS-ONE >Dette kortet indikerer at det kan være noen opprivende situasjoner som vil forlate deg svært skuffet og vil tvinge deg til å tro at du ikke er god nok for verden eller mangler kvaliteter. Ikke la disse omstendighetene føre til en avhengighet. </KING-OF-CUPS-ONE >
<ACE-OF-PENTACLES-ONE >Dette kortet indikerer at du er villig til å gjøre noen sunne endringer i livet ditt nå. Hvis du lider av en slags sykdom så er dette et godt tidspunkt for rask gjenoppretting og du vil snart se deg selv i en mye bedre tilstand. Du vil etter hvert gjenopprette for godt. </ACE-OF-PENTACLES-ONE >
<TWO-OF-PENTACLES-ONE >Du vil føle deg trøtt og tappet på grunn av jobber overtid og oppfyller ulike ansvarsområder. Disse omstendighetene kan være tøft på kroppen din, men du er nødt til å prøve og finne en balanse for å ikke la deg bli et offer for situasjonen. </TWO-OF-PENTACLES-ONE >
<THREE-OF-PENTACLES-ONE >Dette kortet indikerer at en følelsesmessig sammenbrudd eller en brå møte vil lede deg til noen giftige påvirkninger. Dette kan ta en toll på helsen din, så du er nødt til å være forsiktig. Hvile må vente, for mange ting vil bli i kø for deg. </THREE-OF-PENTACLES-ONE >
<FOUR-OF-PENTACLES-ONE >Dette kortet viser at du er nødt til å møte noen problemer med en allerede eksisterende medisinsk problem og må kanskje ta noen runder på klinikken. Du, sammen med dine kjære vil søke litt hjelp og råd. Ting kan gå litt ut av hånden og du må være sterk nå. </FOUR-OF-PENTACLES-ONE >
<FIVE-OF-PENTACLES-ONE >Dette kortet indikerer at du har forsømt din helse mye i det siste, og dette er grunnen til at en mindre sykdom kan nå ha blitt litt mer alvorlig, selv om ikke så betydelig. På grunn av dette kan det hende du må gå for noen helsesjekk. </FIVE-OF-PENTACLES-ONE >
<SIX-OF-PENTACLES-ONE >Dette kortet viser at du må være ekstra forsiktig med dine omgivelser nå. Du er utsatt for ulykken, og derfor er nødt til å være årvåken og forsiktig med alt rundt deg. Dette er en kritisk tid, og hvis du ikke er forsiktig så kan det føre til en uønsket slutt. </SIX-OF-PENTACLES-ONE >
<SEVEN-OF-PENTACLES-ONE >Dette kortet indikerer at du står overfor en svært urovekkende periode nå, og du vil prøve å unngå alt som ville innebære for mye engasjement eller fysisk arbeid. Du vil ikke være villig til å gjøre noe som ville kreve tid og konsentrasjon, og dette vil holde deg borte fra jobben ufrivillig. </SEVEN-OF-PENTACLES-ONE >
<EIGHT-OF-PENTACLES-ONE >Dette kortet viser at det er på tide at du får ut alle kremer og sol blokker, fordi huden din kan være sårbare. Du er nødt til å reise mye for arbeid og dette kan påvirke ditt kosthold og føre til mageproblemer. </EIGHT-OF-PENTACLES-ONE >
<NINE-OF-PENTACLES-ONE >Dette kortet indikerer at du eller noen nær deg skal komme seg etter en sykdom eller en ulykke som hadde skjedd. Det er også en mulighet for at noen du kjenner veldig godt skal håndtere et stort helseproblem. Du vil hjelpe slektninger, men ønsker å komme deg ut og oppleve noe som vil hjelpe deg å slippe løs. </NINE-OF-PENTACLES-ONE >
<TEN-OF-PENTACLES-ONE >Dette kortet viser at du kan ha noen personlige problemer som vil forstyrre deg mye. Det vil være noen nær fra familien som trenger legehjelp, og du vil lede dem mot en ny livsstil. </TEN-OF-PENTACLES-ONE >
<PAGE-OF-PENTACLES-ONE >Dette kortet indikerer at du føler deg urolig og svært rastløs. Du kan ha problemer knyttet til kroppen din. Det kan være noen slags skyld som kan forstyrre deg enormt, og du vil ønske å bli kvitt det. Noen medisiner vil være nødvendig for smerter i kroppen, og det kan også være lurt å ta noen sovepiller på grunn av søvnløshet. </PAGE-OF-PENTACLES-ONE >
<KNIGHT-OF-PENTACLES-ONE >Sosial tjeneste er bra hvis noen ikke prøver å ta utilbørlig fordel av deg og du blir nødt til å innse det. Du vil føle deg engstelig og urolig på grunn av dette, men du vil være i stand til å ta et modig skritt. Du vil prøve å holde deg aktiv heller enn å sitte uvirksom, da dette kan hindre deg fra å tenke på ting du ikke vil. </KNIGHT-OF-PENTACLES-ONE >
<QUEEN-OF-PENTACLES-ONE >Dette kortet indikerer at det vil være best å ta naturens hjelpe og vedta naturlige måter å helbrede og rense nå. Hvis du eller en av dine kjære kommer seg etter en sykdom så er dette et godt tidspunkt for en rask utvinning. </QUEEN-OF-PENTACLES-ONE >
<KING-OF-PENTACLES-ONE >Dette kortet viser at du er på vei til god helse både fysisk og mentalt. Hvis du gjenoppretter fra en skade eller sykdom, så du vil vise store forbedringer. Selv om det er problemer knyttet til noen medisinsk papirene, så vil det bli klart snart. </KING-OF-PENTACLES-ONE >
<ACE-OF-SWORDS-ONE >Dette kortet indikerer at du føler lav og deprimert og søker for medisinsk hjelp. Familiemedlemmer vil hjelpe deg, og det er også sjansene for at du vil satse på en ny retning for å finne en kur for sykdommen, og dette vil vise seg å være gunstig. </ACE-OF-SWORDS-ONE >
<TWO-OF-SWORDS-ONE >Dette kortet viser at din helse er mer på en fluktuerende scene og du kan virke litt rastløs. Det kan være mindre helsemessige problemer, men du er nødt til å gi næring til din helse når du ikke føler deg veldig bra, eller det er sjansene for en infeksjon eller mild feber eller forkjølelse. </TWO-OF-SWORDS-ONE >
<THREE-OF-SWORDS-ONE >Dette kortet indikerer at du vil føle deg ekstremt utslitt og ville kreve for avslapping og noen fri fra jobb. Det kan være hendelser som kan legge opp til spenning og fysisk utmattelse, men du er nødt til å opprettholde det for ditt eget beste. Din dårlig helse vil angå dine familiemedlemmer, og de kan oppsøke lege. </THREE-OF-SWORDS-ONE >
<FOUR-OF-SWORDS-ONE >Dette kortet viser at tidene for utvinning er rett fram og din mentale og emosjonelle bekymringer vil endelig bli satt til å hvile eller i det minste være lettet i stor grad snart. Din fysiske helse kan være litt skadet og dette vil kreve at du går gjennom noen tester eller noen medisinske behandlinger. Legen vil være til stor hjelp i denne saken. </FOUR-OF-SWORDS-ONE >
<FIVE-OF-SWORDS-ONE >Dette kortet indikerer at du står overfor noe stress og frustrasjon på grunn av noen sykdom som nekter å gå. Noen besøk til sykehuset må bli tatt som vil legge til din frustrasjon, og du vil føle deg hjelpeløs, men vil prøve å være sterk. </FIVE-OF-SWORDS-ONE >
<SIX-OF-SWORDS-ONE >Dette kortet viser at dette kan være en av de verste periodene med hensyn til din helse. Det kan være en alvorlig skade eller en sykdom som vil bry deg drastisk. Du kan også møte med en ulykke og skade deg selv, spesielt bena eller knærne. Det er også sjansene for sykehusinnleggelse for en stund, men ting vil endelig bli bedre. </SIX-OF-SWORDS-ONE >
<SEVEN-OF-SWORDS-ONE >Dette kortet indikerer at for mye stress overtar deg, og dette forårsaker mye stress mentalt og fysisk også. Du vil være for opptatt med å håndtere ulike ting, og dette kan ha en negativ effekt på deg spesielt på ditt sinn og kropp. Du må ta litt fri for deg selv og forynge deg selv og kroppen din. </SEVEN-OF-SWORDS-ONE >
<EIGHT-OF-SWORDS-ONE >Dette kortet viser at en slags mindre ulykke kan oppstå hvis du ikke er forsiktig. Du må være ekstra forsiktig nå siden kortet tyder på at du kan møte et uhell på grunn av noen risikofylte operasjoner hjemme. Du vil også måtte være forsiktig mens du kjører eller krysser gater. Denne fasen vil passere snart. </EIGHT-OF-SWORDS-ONE >
<NINE-OF-SWORDS-ONE >Dette kortet indikerer at du er nødt til å møte noen ubehagelige situasjoner i ditt personlige eller profesjonelle liv som vil føre til depresjon. Det kan også være uregelmessigheter i kostholdet ditt som kan føre til noen mage lidelser, men en av dine kjære vil hjelpe deg ut av denne situasjonen. </NINE-OF-SWORDS-ONE >
<TEN-OF-SWORDS-ONE >Dette kortet viser at du nå har bestemt deg for å ta ansvar for din helse og vil gi slipp på fortiden og omfavne fremtiden. Du vil sette visse mål med hensyn til din helse og vil gjøre enkelte endringer i livsstil for å hjelpe denne oppløsningen. </TEN-OF-SWORDS-ONE >
<PAGE-OF-SWORDS-ONE >Dette kortet indikerer at det vil være noen mentale press spesielt relatert til arbeid, men du vil takle dem med tålmodighet. Det er store sjanser for at du kanskje bærer ryggsmerter eller kunne gå til tannlegen. Men du vil generelle være høy på energi og vil tilbringe tid med dine kjære. </PAGE-OF-SWORDS-ONE >
<KNIGHT-OF-SWORDS-ONE >Dette kortet viser at det vil være noen blandede betingelser med hensyn til din helse. Du vil være i en bedre posisjon mentalt og skal gjenopprette fra noen stress og andre slike problemer. Familien trenger deg nå, fordi noen dårlige nyheter mest sannsynlig kommer angående en slektning eller en venn av familien. </KNIGHT-OF-SWORDS-ONE >
<QUEEN-OF-SWORDS-ONE >Dette kortet indikerer at du nå blir nødt til å multitaske mellom personlige og profesjonelle prioriteringer, og du vil prøve ditt beste for å presse inn alle dine forpliktelser. Som et resultat kan du føle deg utslitt og sliten, men du vil klare å sjonglere gjennom alle disse oppgavene eller annen måte. </QUEEN-OF-SWORDS-ONE >
<KING-OF-SWORDS-ONE >Dette kortet viser at du vil være på et fall i helseavdelingen nå. Du vil bli frustrert og utmattet psykisk og fysisk, og må kanskje ta noen medisiner for noen mindre problemer. Det er også sjansene for at en av dine kjære kan bli innlagt i et sykehus. </KING-OF-SWORDS-ONE >
<ACE-OF-WANDS-ONE >Dette kortet indikerer at du vil være mer oppmerksomme på din helse nå, og i tilfelle av eventuelle fysiske eller psykiske sykdommer, vil du nå søke en annen type medisinering. Noen vil foreslå at du bruker naturlige måter å kurere visse plager, og du vil ta i bruk disse metodene. </ACE-OF-WANDS-ONE >
<TWO-OF-WANDS-ONE >Dette kortet viser at du overbelaster kroppen din, noe som begynner å vise. Du er nødt til å ty til kunstige mineraler for å hjelpe kroppen og sinnet. Neglisjere et balansert kosthold kan vise seg å være farlig i fremtiden og en sunn rutine er strengt anbefalt. </TWO-OF-WANDS-ONE >
<THREE-OF-WANDS-ONE >Dette kortet indikerer at du nå er mer bekymret for helsen til en kjær. I prosessen, vil du få stresset ut og kan trenge nok hvile. Ikke overbelaste deg selv, for dette kan være farlig. Du må kanskje også gå hos tannlegen snart. </THREE-OF-WANDS-ONE >
<FOUR-OF-WANDS-ONE >Dette kortet viser at du står overfor noe ubehag med ditt personlige liv, og dette er slik at du stresser. Det kan være noen andre problemer som vil begynne å dukke opp på ditt velvære, noe som gjør at du føler deg opphisset, og du kan også lide av noen kroppen smerter uventet. </FOUR-OF-WANDS-ONE >
<FIVE-OF-WANDS-ONE >Dette kortet indikerer at du endelig har kommet fra hvilke plager du hadde, og endelig nyter en god og sunn sinnstilstand og kropp. Du er mest sannsynlig å dra på ferie med partneren din, og dette vil være en hyggelig ferie. </FIVE-OF-WANDS-ONE >
<SIX-OF-WANDS-ONE >Dette kortet viser at du nå endelig innser at det er på tide å ta en pause fra jobben og ta litt tid for deg selv. Denne pausen vil være nyttig som du vil delta på noen sosiale sammenkomster og prøve å gjøre ting som du liker. </SIX-OF-WANDS-ONE >
<SEVEN-OF-WANDS-ONE >Dette kortet indikerer at du nå blir involvert i for mange aktiviteter enn du kan håndtere på en gang, og dette er slik at du føler ekstremt urolig og plaget. Men du vil neppe innse dette, og nå ender opp å føle deg stresset. Ikke overse din helse i denne jakten, og også se på hva du spiser, spesielt ute. </SEVEN-OF-WANDS-ONE >
<EIGHT-OF-WANDS-ONE >Dette kortet viser at du er i en lys stemning, nå føler deg frisk og fit innenfra, og du vil bli altfor trukket mot din partner. Dette vil også føre til en romantisk utflukt, og noen sensuell aktivitet som vil holde deg opptatt en stund. </EIGHT-OF-WANDS-ONE >
<NINE-OF-WANDS-ONE >Dette kortet indikerer at din fysiske tilstand går gjennom en dårlig fase, og du vil føle neglisjert og syk. Dette kan medføre noe irritasjon siden du kanskje trenger å gå til klinikken og også behandle noen juridiske papirer, noe som kan bli slitsomt. </NINE-OF-WANDS-ONE >
<TEN-OF-WANDS-ONE >Dette kortet viser at ditt arbeid eller noen personlige problemer vil ta en toll på deg, og prøver å oppfylle for mange oppgaver gjør du føler deg fysisk drenert. Det vil neppe være noen tid til å hvile, siden du vil være konstant på tærne, og dette kan resultere i en slags sykdom. Du er nødt til å bremse ned ting på en fornuftig tempo. </TEN-OF-WANDS-ONE >
<PAGE-OF-WANDS-ONE >Du er nødt til å ta noen medisiner som kan være for noe mindre eller til og med en stor sykdom. Dette kortet indikerer at du føler irritabel på grunn av de tingene som skjer rundt deg, og dette kan være om arbeid eller personlige problemer. Du er nødt til å praktisere dyd av tålmodighet nå og være praktisk i din tilnærming. </PAGE-OF-WANDS-ONE >
<KNIGHT-OF-WANDS-ONE >Dette kortet viser at kroppen din blir nødt til å gå gjennom noen tøffe aktiviteter som du er fanget mellom mange ting, og du vil føle deg stresset og sliten. Dette kan også ha mye å gjøre med dine mentale tilstander. </KNIGHT-OF-WANDS-ONE >
<QUEEN-OF-WANDS-ONE >Dette kortet viser at du er høy på energi nå, og blir inspirert til å gjøre noen konstruktive endringer i livsstilen din for helsen. Du er villig til å endre visse ting i livet ditt og prøver å nærme deg en mer balansert livsstil. </QUEEN-OF-WANDS-ONE >
<KING-OF-WANDS-ONE >Dette kortet indikerer at du er villig til å gjøre noen improvisasjoner i din helse og fitness regimer og vil også ta kontakt med en ernæringsfysiolog. Det kan være noen følelsesmessige problemer som angst og bekymring, eller du kan lide noen form for en verke. </KING-OF-WANDS-ONE >
<THE-MAGICIAN-ONE >Dette kortet indikerer at du er nødt til å møte noen stressende tider nå. Noen jobber og hjem relaterte spørsmål vil ta en toll på deg, og du vil ikke være i stand til å finne en løsning på dine helseproblemer på grunn av flere komplikasjoner og usikre resultater. Du er nødt til å besøke flere leger før du kommer til riktig slutning. </THE-MAGICIAN-ONE >
<THE-HIGH-PRIESTESS-ONE >Dette kortet viser at du kan ha gått gjennom mye i det siste, og dette kan ha påvirket din mentale eller fysiske stabilitet. Men nå vil tidene bli bedre fordi du vil til slutt se noen lettelse og vil begynne å føle deg bedre snart. </THE-HIGH-PRIESTESS-ONE >
<THE-EMPRESS-ONE >Dette kortet indikerer at du kanskje må gå gjennom noen problemer knyttet til kroppen din, spesielt i nakken. Du må komme i kontakt med den åndelige siden av kroppen din mens du prøver å bedre vite hva kroppen din trenger, og deretter bli med en fysisk terapi eller yoga klasse for å forynge deg selv. </THE-EMPRESS-ONE >
<THE-EMPEROR-ONE >Dette kortet indikerer at det kan være noen alvorlige problemer knyttet til din helse. Grundig forholdsregler og omsorg er nødvendig for å ta deg ut av dine smerter. Du vil få styrke og klare å bekjempe sykdommen, men det anbefales at du ikke viser noen uaktsomhet mot kroppen igjen. </THE-EMPEROR-ONE >
<THE-HIEROPHANT-ONE >Dette kortet indikerer at du trenger å ta hensyn til din helse mer enn det du gjør akkurat nå. Det finnes muligheter for problemene med lavt eller høyt blodtrykk og alvorlig hoste og forkjølelse. Regelmessig helsesjekk kan gå langt i å forbedre din tilstand. </THE-HIEROPHANT-ONE >
<THE-LOVERS-ONE >Dette kortet viser at kroppen din er i en sunnere form nå, og du føler deg glad om det. Du vil sannsynligvis være mer dynamisk fysisk nå, og vil virke mer aktiv. Du vil ta kroppens behov på alvor og vil prøve å lage en balanse mellom en fit kropp og sinn. </THE-LOVERS-ONE >
<THE-CHARIOT-ONE >Dette kortet indikerer at du er dypt involvert i ditt arbeid og andre aktiviteter, og er ikke i stand til å ta vare på behovene til kroppen din. Hvis du fortsetter å gjøre dette kan du bare bli syk på grunn av overbelastning eller kunne føle deg svært urolig mentalt. Dette er et godt tidspunkt å oppsøke lege for en helsesjekk og deretter ta turen til et fredelig sted i løpet av helgen. </THE-CHARIOT-ONE >
<STRENGTH-ONE >Dette kortet viser at du vil være i rosa på din helse nå. Styrken kortet betyr godt humør fysisk og mentalt, og selv om det er noen mindre problemer knyttet til kroppen din vil du lett overvinne dem. Din vilje og entusiasme vil bli oppmuntret og verdsatt av folk rundt deg. </STRENGTH-ONE >
<THE-HERMIT-ONE >Dette kortet indikerer at du vil følelsesmessig føle deg oversett og lavt, og dette kan tappe deg ut mentalt. Det er muligheter for plager som vil resultere i å kjøre rundt, og flere avtaler med legene. Men dette vil ikke vare for svært lang tid, og snart ting vil bli bedre. </THE-HERMIT-ONE >
<WHEEL-OF-FORTUNE-ONE >Dette kortet viser at du føler deg veldig ustabil nå og på grunn av arbeid og psykisk press, vil du føle deg overarbeidet og stresset. Det kan være ganske mange negative tanker som kan hjemsøke deg, men dette er bare en fase, og det vil passere veldig snart. </WHEEL-OF-FORTUNE-ONE >
<JUSTICE-ONE >Dette kortet viser at det er store sjanser for at du vil gå til legen for en normal sjekk og oppdage et alvorlig problem. Dette kan komme som en overraskelse, men legen vil ha nok kompetanse til å hjelpe deg bli kvitt dette nye helseproblemet. </JUSTICE-ONE >
<THE-HANGED-MAN-ONE >Dette kortet indikerer at du føler deg rastløs og engstelig om noe. Det er på tide at du gir ditt sinn og kropp litt hvile før den begynner å vise tegn på sykdom, og det vil også hjelpe hvis du holder deg unna slike situasjoner eller mennesker som oppmuntrer din frykt. </THE-HANGED-MAN-ONE >
<DEATH-ONE >Dette kortet viser at noe rundt deg gjør deg veldig ulykkelig. Dette er tiden da du vil snakke om noen alvorlig sykdom. Du må tvinge deg selv til å se på den lysere siden, og bare dette vil hjelpe deg til å overvinne det onde som skjer rundt deg. Du vil få masse kjærlighet og omsorg fra familien din nå. </DEATH-ONE >
<TEMPERANCE-ONE >Dette kortet indikerer at du ikke har tid til å oppsøke lege på grunn av din travle timeplan, og dette kan føre til at problemet forstørres i nær fremtid. Du må ta hensyn til din helse og prioritere ved å gå til legen i tide og få deg kurert. </TEMPERANCE-ONE >
<THE-DEVIL-ONE >Dette kortet viser at utmattelse og konstant bekymring gjør at du føler deg sløv og trøtt. Du kan ikke innse utgangspunktet, men etter hvert vil du merke at du jobber litt for mye, og dette forårsaker deg å unngå andre ting, og du vil hele tiden føle stresset som kan egge deg å ta noen piller. </THE-DEVIL-ONE >
<THE-TOWER-ONE >Dette kortet indikerer at du er nødt til å gå gjennom en uheldig hendelse som kan føre til noen besøk på sykehuset. Det vil være noen stressende tid på grunn av dette kaoset, men du vil overleve. Det kan også være et familiemedlem som vil hjelpe deg under slike slitsomme tider. </THE-TOWER-ONE >
<THE-STAR-ONE >Dette kortet viser at noe vil inspirere en ny tanke i hodet, og med hjelp av en venn, vil du sette sammen en plan for velvære. Denne prosessen kan være litt kjedelig og du trenger å gå gjennom noen legekontroller og tester, men vil du være glad for at du tok denne avgjørelsen. </THE-STAR-ONE >
<THE-MOON-ONE >Dette kortet indikerer at du vil møte noen generelle helseproblemer som har ikke ennå dukket opp eller har dukket opp delvis. Disse problemene kan virke mindre, men trenger din oppmerksomhet for de kan øke på grunn av å bli neglisjert nå. Du vil også møte noen knesmerter og ryggproblemer. </THE-MOON-ONE >
<THE-SUN-ONE >Dette kortet viser at du føler deg litt demotivert og nedslitt nå. Du vil nå tett analysere deg selv i forsøket på å få øye på den urett fra den retten. Ingen fysisk sykdom som sådan er indikert. Du vil lese mer om helsespørsmål og velvære nå for en av dine kjære. </THE-SUN-ONE >
<JUDGEMENT-ONE >Dette kortet indikerer at du kan møte noen fysisk ustabilitet på grunn av stress eller feil kosthold. Du vil ha bekymringer om helsen til en kjær, og du vil prøve ditt beste for å hjelpe dem. Flere besøk til sykehuset eller møter med leger vil ta mesteparten av tiden. </JUDGEMENT-ONE >
<THE-WORLD-ONE >Dette kortet viser at du kanskje allerede lider av en sykdom eller en skade og er i tilfriskning fra den. Du vil se at sakte men sikkert du gjør fremgang, selv om det er store sjanser for at visse villfarelse kan føre til noen problemer. Det anbefales at du får mer kunnskap om helsespørsmål og treffer tiltak deretter. </THE-WORLD-ONE >
<THE-FOOL-ONE >Dette kortet indikerer at du er bekymret for din helse og vil gå for regelmessig helsesjekk nå. Tennene dine kan også trenge litt oppmerksomhet nå, så du er nødt til å besøke en tannlege. Du vil få vite av nye metoder for helbredelse fra en venn, og du vil være villig til å prøve disse metodene.</THE-FOOL-ONE >
    </ROOT>
