<?xml version="1.0" encoding="utf-8" ?>
<ROOT>
<ACE-OF-CUPS-ONE >Kartu ini menunjukkan bahwa segala sesuatu yang menyangkut kesehatan Anda akan berjalan dengan baik. Anda akan merasa segar dan energik secara fisik dan mental dan tidak akan ada penyakit. Anda sekarang juga akan bergerak lebih ke arah spiritualitas yang akan membuat Anda merasa lebih baik. </ACE-OF-CUPS-ONE >
<TWO-OF-CUPS-ONE >Kartu ini menunjukkan bahwa ada gangguan pada kesehatan, karena Anda bekerja sangat keras untuk memastikan orang yang dicintai akan terjamin kesejahteraannya dan ini akan menyebabkan dampak serius dan beberapa kunjungan berulang ke rumah sakit. </TWO-OF-CUPS-ONE >
<THREE-OF-CUPS-ONE >Kartu ini menunjukkan bahwa Anda ingin memiliki waktu pribadi dan akan memanjakan diri lebih dari yang dibutuhkan. Hal ini akan menyebabkan beberapa masalah kesehatan serius yang harus segera ditangani. Jika Anda tidak mengambil tindakan, Anda mungkin harus melakukan perjalanan ke rumah sakit atau tempat rehabilitasi. </THREE-OF-CUPS-ONE >
<FOUR-OF-CUPS-ONE >Anda mengalami stress berat dan ini bisa menyebabkan tubuh Anda ambruk. Anda perlu meluangkan waktu untuk istirahat meskipun ada komitmen profesional yang perlu diselesaikan. Hal ini mungkin membuat Anda sedikit frustrasi tapi akhirnya Anda akan pulih dengan lebih baik dan ini juga akan memberi Anda sikap baru dalam hidup. </FOUR-OF-CUPS-ONE >
<FIVE-OF-CUPS-ONE >Kartu ini menunjukkan bahwa Anda merasakan terlalu banyak tekanan kerja dan Anda akan sangat lelah. Keadaan ini juga dapat mempengaruhi kesehatan Anda secara lebih serius daripada yang Anda bayangkan. Anda harus memberikan prioritas terhadap masalah terkait perut. </FIVE-OF-CUPS-ONE >
<SIX-OF-CUPS-ONE >Kartu ini menunjukkan bahwa Anda tidak merasa begitu sehat dan kegelisahan ini mempengaruhi tubuh Anda secara fisik dan mental. Tapi Anda akan tetap mempertahankan kondisi fisik untuk menyelesaikan tugas tertentu dan kemudian akan beristirahat yang akan membantu tubuh Anda untuk memulihkan diri. </SIX-OF-CUPS-ONE >
<SEVEN-OF-CUPS-ONE >Kartu ini menunjukkan bahwa tubuh Anda sekarang menunjukkan gejala penyakit yang pada akhirnya mengharuskan Anda melakukan relaksasi. Beberapa penyakit mungkin akan tetap menghinggapi Anda. Mungkin ada beberapa masalah yang berkaitan dengan lengan atau kaki dan mata, sehingga Anda harus mengistirahatkannya untuk dapat pulih. </SEVEN-OF-CUPS-ONE >
<EIGHT-OF-CUPS-ONE >Kartu ini menunjukkan akan ada sedikit masalah pada mata dan rambut Anda dan beberapa proses pengobatan akan Anda lalui. Ini akan sedikit menghambat tugas sehari-hari sehingga bisa membuat Anda frustasi, tapi tidak akan ada yang perlu dikhawatirkan dan penyembuhan akan segera dimulai. Orang yang Anda cintai akan menjagamu saat dalam masa penyembuhan. </EIGHT-OF-CUPS-ONE >
<NINE-OF-CUPS-ONE >Kartu ini menunjukkan bahwa Anda sekarang menghadapi atau akan segera menghadapi beberapa masa penyendirian atau depresi karena pasang surut dalam hidup. Anda sekarang akan berada dalam posisi yang rentan dan akan merasa bahwa tidak ada yang mengerti Anda dengan baik. Pola pikir yang mengganggu ini dapat menyebabkan kegugupan dan membuat Anda menelan pil. </NINE-OF-CUPS-ONE >
<TEN-OF-CUPS-ONE >Kartu ini menunjukkan bahwa jadwal Anda yang sibuk dan mendadak akan menyebabkan Anda memiliki diet yang tidak seimbang dan ini bisa menyebabkan beberapa gangguan pada perut. Jadwal mendadak ini bisa menyebabkan isolasi atau insomnia untuk beberapa waktu. Anda akan mengambil tindakan untuk mengatasi ini dan akan segera pulih. </TEN-OF-CUPS-ONE >
<PAGE-OF-CUPS-ONE >Kartu ini menunjukkan bahwa dengan keadaan seperti yang Anda hadapi saat ini, Anda akan merasa sangat sensitif dan mudah terpengaruh. Keadaan pikiran ini bisa terbukti buruk bagi kesehatan Anda secara fisik maupun mental. Hati-hati karena Anda rawan mengalami kecelakaan. </PAGE-OF-CUPS-ONE >
<KNIGHT-OF-CUPS-ONE >Kartu ini menunjukkan bahwa segala sesuatu yang berhubungan dengan kesehatan Anda akan semakin membaik. Jika Anda sudah menderita beberapa jenis penyakit dan mengunjungi dokter maka Anda akan melihat bahwa kondisi Anda akan membaik meskipun ada kabar buruk yang mungkin Anda hadapi. Anda hanya harus percaya pada diri sendiri dan merawat tubuh Anda dengan baik. </KNIGHT-OF-CUPS-ONE >
<QUEEN-OF-CUPS-ONE >Kartu ini menunjukkan bahwa Anda sekarang mengalami kelesuan secara mental karena berbagai tekanan pribadi dan profesional dan terkadang Anda tidak berdaya. Mungkin ada beberapa gejala keputusasaan yang akan Anda konsultasikan ke dokter dan beberapa kerabat namun keadaan perlahan akan membaik. </QUEEN-OF-CUPS-ONE >
<KING-OF-CUPS-ONE >Kartu ini menunjukkan bahwa mungkin ada beberapa situasi yang mengganggu sehingga akan membuat Anda sangat kecewa dan akan memaksa Anda untuk berpikir bahwa Anda tidak cukup baik atau tidak memiliki kualitas diri. Jangan biarkan keadaan ini menyebabkan kecanduan pada zat yang berbahaya. </KING-OF-CUPS-ONE >
<ACE-OF-PENTACLES-ONE >Kartu ini menunjukkan bahwa sekarang Anda bersedia membuat perubahan sehat dalam hidup Anda. Jika Anda menderita semacam penyakit maka ini adalah saat yang tepat untuk pemulihan cepat dan Anda akan segera melihat diri Anda dalam kondisi yang jauh lebih baik. Anda akhirnya akan pulih untuk selamanya. </ACE-OF-PENTACLES-ONE >
<TWO-OF-PENTACLES-ONE >Anda akan merasa lelah dan lelah karena bekerja berjam-jam dan memenuhi berbagai tanggung jawab. Keadaan ini akan memberatkan tubuh Anda namun Anda harus mencoba mencapai keseimbangan agar diri Anda tidak menjadi korban situasi yang buruk ini. </TWO-OF-PENTACLES-ONE >
<THREE-OF-PENTACLES-ONE >Kartu ini menunjukkan bahwa gangguan emosional atau pertemuan mendadak akan membawa Anda pada beberapa pengaruh zat berbahaya. Ini bisa membahayakan kesehatan dan Anda harus berhati-hati. Anda akan menunda istirahat karena banyak yang harus Anda lakukan. </THREE-OF-PENTACLES-ONE >
<FOUR-OF-PENTACLES-ONE >Kartu ini menunjukkan bahwa Anda harus menghadapi masalah medis yang sebelumnya pernah dihadapi dan mungkin perlu beberapa kunjungan ke klinik. Anda bersama dengan orang yang Anda cintai akan mencari bantuan dan nasihat. Beberapa hal mungkin sedikit keluar dari jangkauan tangan Anda dan membuat Anda harus menjadi lebih kuat. </FOUR-OF-PENTACLES-ONE >
<FIVE-OF-PENTACLES-ONE >Kartu ini menunjukkan bahwa Anda akhir-akhir ini telah sering mengabaikan kesehatan Anda dan inilah mengapa beberapa penyakit ringan menjadi lebih sedikit serius. Keadaan ini membuat Anda harus melakukan beberapa pemeriksaan. </FIVE-OF-PENTACLES-ONE >
<SIX-OF-PENTACLES-ONE >Kartu ini menunjukkan bahwa Anda sekarang harus ekstra hati-hati dengan lingkungan Anda. Anda cenderung rawan mengalami kecelakaan dan karena itu harus waspada terhadap segala hal di sekitar Anda. Ini adalah saat yang kritis dan jika Anda tidak hati-hati maka bisa menyebabkan akhir yang tidak diinginkan. </SIX-OF-PENTACLES-ONE >
<SEVEN-OF-PENTACLES-ONE >Kartu ini menunjukkan bahwa Anda sekarang menghadapi masa yang sangat mengganggu dan Anda akan berusaha menghindari hal-hal yang melibatkan terlalu banyak pekerjaan fisik. Anda tidak akan mau melakukan apapun yang akan menuntut waktu dan konsentrasi penuh dan ini akan membuat Anda menjauh dari pekerjaan. </SEVEN-OF-PENTACLES-ONE >
<EIGHT-OF-PENTACLES-ONE >Kartu ini menunjukkan bahwa saat Anda mengeluarkan semua pelembab dan sun block matahari karena kulit Anda menjadi rentan. Anda harus banyak bepergian untuk alasan pekerjaan dan ini bisa mempengaruhi diet Anda dan menyebabkan masalah perut. </EIGHT-OF-PENTACLES-ONE >
<NINE-OF-PENTACLES-ONE >Kartu ini menunjukkan bahwa Anda atau seseorang yang dekat dengan Anda akan pulih dari penyakit atau kecelakaan. Ada juga kemungkinan seseorang yang Anda kenal dengan baik akan menghadapi masalah kesehatan yang berat. Anda akan membantu keluarga Anda tapi ingin keluar dan mengalami sesuatu yang akan membebaskan diri Anda. </NINE-OF-PENTACLES-ONE >
<TEN-OF-PENTACLES-ONE >Kartu ini menunjukkan bahwa Anda mungkin mengalami beberapa masalah pribadi yang akan sedikit mengganggu Anda. Akan ada seseorang yang dekat dari keluarga yang membutuhkan perawatan medis dan Anda akan membimbing mereka mempunyai gaya hidup yang baru. </TEN-OF-PENTACLES-ONE >
<PAGE-OF-PENTACLES-ONE >Kartu ini menunjukkan bahwa Anda merasa tidak enak dan sangat gelisah. Anda mungkin memiliki masalah yang berkaitan dengan tubuh Anda. Mungkin ada semacam rasa bersalah yang sangat mengganggu Anda dan Anda pasti ingin menyingkirkannya. Beberapa obat akan diperlukan untuk nyeri tubuh dan Anda juga ingin minum pil tidur karena insomnia. </PAGE-OF-PENTACLES-ONE >
<KNIGHT-OF-PENTACLES-ONE >Pelayanan sosial merupakan kegiatan yang positif jika seseorang tidak mencoba mengambil keuntungan yang tidak semestinya dari Anda dan Anda harus menyadari hal itu. Anda akan merasa cemas dan gelisah karena ini tapi Anda akan bisa mengambil langkah berani. Anda akan mencoba untuk tetap aktif daripada duduk diam karena dapat mencegah Anda memikirkan hal-hal yang tidak Anda inginkan. </KNIGHT-OF-PENTACLES-ONE >
<QUEEN-OF-PENTACLES-ONE >Kartu ini menunjukkan bahwa sekarang akan lebih baik untuk memilih menerapkan cara penyembuhan dan pembersihan diri secara alami. Jika Anda atau salah satu orang terkasih Anda memulihkan diri dari penyakit maka inilah saat yang tepat untuk melakukan pemulihan yang cepat. </QUEEN-OF-PENTACLES-ONE >
<KING-OF-PENTACLES-ONE >Kartu ini menunjukkan bahwa Anda sedang menuju kesehatan yang baik secara fisik dan mental. Jika Anda pulih dari cedera atau penyakit maka Anda akan menunjukkan perbaikan yang sangat maksimal. Bahkan jika ada masalah yang berkaitan dengan beberapa dokumen medis maka akan segera teratasi. </KING-OF-PENTACLES-ONE >
<ACE-OF-SWORDS-ONE >Kartu ini menunjukkan bahwa Anda merasa rendah diri dan depresi dan mencari bantuan medis. Anggota keluarga akan membantu Anda dan ada kemungkinan Anda akan mencari arah baru untuk menemukan penyembuhan penyakit Anda dan ini akan terbukti bermanfaat. </ACE-OF-SWORDS-ONE >
<TWO-OF-SWORDS-ONE >Kartu ini menunjukkan bahwa kesehatan Anda berada pada tahap yang berfluktuasi dan Anda mungkin tampak sedikit gelisah. Mungkin ada masalah kesehatan yang kecil namun Anda harus merawat kesehatan saat Anda merasa tidak enak atau ada kemungkinan infeksi atau demam ringan atau flu. </TWO-OF-SWORDS-ONE >
<THREE-OF-SWORDS-ONE >Kartu ini menunjukkan bahwa Anda akan merasa sangat lelah dan akan mendambakan relaksasi dan waktu untuk berlibur. Mungkin ada insiden yang bisa menambah ketegangan dan kelelahan fisik tetapi Anda harus mempertahankan kesehatan demi kebaikan Anda sendiri. Kesehatan yang buruk akan menghinggapi anggota keluarga Anda dan mereka kemungkinan harus berkonsultasi dengan dokter. </THREE-OF-SWORDS-ONE >
<FOUR-OF-SWORDS-ONE >Kartu ini menunjukkan bahwa waktu pemulihan akan segera terjadi, kekhawatiran mental dan emosional Anda akhirnya akan selesai atau setidaknya sedikit pulih dan agak segera kembali normal. Kesehatan fisik Anda mungkin sedikit terganggu dan ini akan mengharuskan Anda menjalani beberapa tes atau perawatan medis. Dokter akan sangat membantu dalam menangani masalah ini. </FOUR-OF-SWORDS-ONE >
<FIVE-OF-SWORDS-ONE >Kartu ini menunjukkan bahwa Anda menghadapi beberapa tekanan dan frustrasi karena beberapa penyakit yang tidak kunjung hilang. Beberapa kunjungan ke rumah sakit perlu dilakukan yang akan menambah frustrasi Anda dan Anda akan merasa tidak berdaya namun akan berusaha menjadi kuat. </FIVE-OF-SWORDS-ONE >
<SIX-OF-SWORDS-ONE >Kartu ini menunjukkan bahwa ini mungkin salah satu saat terburuk terkait dengan kesehatan Anda. Mungkin ada luka serius atau penyakit yang akan mengganggu Anda secara drastis. Anda mungkin juga mengalami kecelakaan dan melukai diri sendiri terutama kaki atau lutut. Ada juga kemungkinan rawat inap singkat tapi semuanya akan membaik. </SIX-OF-SWORDS-ONE >
<SEVEN-OF-SWORDS-ONE >Kartu ini menunjukkan bahwa terlalu banyak tekanan dalam hidup yang melebihi kemampuan Anda dan ini menyebabkan stres secara mental dan fisik. Anda akan terlalu sibuk menangani berbagai hal dan ini bisa berdampak buruk pada Anda terutama pada pikiran dan tubuh Anda. Anda perlu meluangkan waktu untuk diri sendiri dan meremajakan diri dan tubuh Anda. </SEVEN-OF-SWORDS-ONE >
<EIGHT-OF-SWORDS-ONE >Kartu ini menunjukkan bahwa beberapa jenis kecelakaan kecil dapat terjadi jika Anda tidak berhati-hati. Anda harus ekstra hati-hati karena kartu ini menunjukkan bahwa Anda dapat menghadapi kecelakaan karena kegiatan berbahaya di rumah. Anda juga harus berhati-hati saat mengemudi atau menyeberang jalan. Fase ini akan segera berlalu. </EIGHT-OF-SWORDS-ONE >
<NINE-OF-SWORDS-ONE >Kartu ini menunjukkan bahwa Anda harus menghadapi beberapa situasi yang tidak menyenangkan dalam kehidupan pribadi atau profesional yang akan menyebabkan Anda depresi. Mungkin juga ada penyimpangan dalam diet Anda yang dapat menyebabkan beberapa gangguan pada perut tapi salah satu orang yang Anda sayangi akan membantu Anda keluar dari situasi ini. </NINE-OF-SWORDS-ONE >
<TEN-OF-SWORDS-ONE >Kartu ini menunjukkan bahwa sekarang Anda telah memutuskan untuk bertanggung jawab atas kesehatan Anda dan akan melepaskan masa lalu dan merangkul masa depan. Anda akan menetapkan tujuan tertentu berkaitan dengan kesehatan dan akan membuat perubahan gaya hidup tertentu untuk membantu menjalankan resolusi ini. </TEN-OF-SWORDS-ONE >
<PAGE-OF-SWORDS-ONE >Kartu ini menunjukkan bahwa akan ada beberapa tekanan mental terutama yang berkaitan dengan pekerjaan namun Anda akan menghadapinya dengan sabar. Ada kemungkinan Anda menderita sakit punggung atau mungkin harus mengunjungi dokter gigi. Namun secara umum Anda akan memiliki energi tinggi dan akan menghabiskan waktu bersama orang yang Anda cintai. </PAGE-OF-SWORDS-ONE >
<KNIGHT-OF-SWORDS-ONE >Kartu ini menunjukkan bahwa akan ada beberapa kondisi yang beragam berkaitan dengan kesehatan Anda. Anda akan berada dalam posisi yang lebih baik secara mental dan akan pulih dari stres dan masalah lainnya. Keluarga Anda akan membutuhkan Anda sekarang karena beberapa kabar buruk kemungkinan besar akan datang berkenaan dengan keluarga atau teman dari keluarga Anda. </KNIGHT-OF-SWORDS-ONE >
<QUEEN-OF-SWORDS-ONE >Kartu ini menunjukkan bahwa Anda sekarang harus melakukan banyak hal bersamaan antara prioritas pribadi dan profesional dan Anda akan berusaha semaksimal mungkin untuk memenuhi semua komitmen. Akibatnya Anda mungkin merasa lelah tapi entah bagaimana Anda akan berhasil mengatasi semua tanggung jawab ini. </QUEEN-OF-SWORDS-ONE >
<KING-OF-SWORDS-ONE >Kartu ini menunjukkan bahwa sekarang Anda akan mengalami kemunduran terkait kesehatan. Anda akan frustrasi secara mental dan kelelahan secara fisik dan mungkin harus menjalani pengobatan. Ada juga kemungkinan bahwa salah satu dari orang yang Anda cintai mendapat penyakit. </KING-OF-SWORDS-ONE >
<ACE-OF-WANDS-ONE >Kartu ini menunjukkan bahwa sekarang Anda akan lebih memperhatikan kesehatan Anda dan jika ada penyakit fisik atau mental, Anda akan mencari jenis obat yang berbeda. Seseorang akan menyarankan Anda cara alami untuk menyembuhkan penyakit tertentu dan Anda akan menerapkan metode tersebut. </ACE-OF-WANDS-ONE >
<TWO-OF-WANDS-ONE >Kartu ini menunjukkan bahwa Anda terlalu membebani tubuh Anda, sehingga dampaknya nyata terlihat di tubuh Anda. Anda harus mengambil tambahan mineral artifisial untuk membantu tubuh dan pikiran Anda. Mengabaikan diet seimbang bisa terbukti berbahaya di masa depan dan rutinitas yang sehat sangat disarankan. </TWO-OF-WANDS-ONE >
<THREE-OF-WANDS-ONE >Kartu ini menunjukkan bahwa Anda sekarang lebih peduli dengan kesehatan orang yang Anda cintai. Dalam prosesnya, Anda akan mengalami stres dan mungkin perlu cukup istirahat. Jangan membebani diri Anda karena hal ini mungkin berbahaya. Anda mungkin juga harus segera mengunjungi dokter gigi. </THREE-OF-WANDS-ONE >
<FOUR-OF-WANDS-ONE >Kartu ini menunjukkan bahwa Anda menghadapi ketidaknyamanan dengan kehidupan pribadi Anda dan ini membuat Anda stres. Mungkin ada beberapa masalah lain yang akan mulai muncul pada kesehatan Anda sehingga Anda merasa gelisah dan Anda mungkin juga menderita beberapa rasa sakit secara tak terduga. </FOUR-OF-WANDS-ONE >
<FIVE-OF-WANDS-ONE >Kartu ini menunjukkan bahwa Anda akhirnya pulih dari penyakit yang Anda miliki dan akhirnya menikmati keadaan pikiran dan tubuh yang baik dan sehat. Anda kemungkinan besar akan berlibur dengan pasangan Anda dan ini akan menjadi liburan yang menyenangkan. </FIVE-OF-WANDS-ONE >
<SIX-OF-WANDS-ONE >Kartu ini menunjukkan bahwa Anda sekarang akhirnya menyadari bahwa inilah saatnya untuk beristirahat dari pekerjaan dan meluangkan waktu untuk diri Anda sendiri. Istirahat ini akan sangat membantu karena Anda akan menghadiri beberapa pertemuan sosial dan mencoba melakukan hal-hal yang Anda sukai. </SIX-OF-WANDS-ONE >
<SEVEN-OF-WANDS-ONE >Kartu ini menunjukkan bahwa Anda sekarang terlibat dalam terlalu banyak aktivitas daripada yang dapat Anda tangani sekaligus dan ini membuat Anda merasa sangat tidak nyaman dan terganggu. Tapi Anda tidak akan menyadari hal ini, sehingga akan berakhir dengan stres. Jangan abaikan kesehatan Anda dalam situasi ini dan juga perhatikan apa yang Anda makan terutama di luar rumah. </SEVEN-OF-WANDS-ONE >
<EIGHT-OF-WANDS-ONE >Kartu ini menunjukkan bahwa sekarang Anda berada dalam suasana hati yang senang sekaligus merasa sehat dan bugar, selain itu Anda juga akan terlalu tertarik pada pasangan Anda. Sehingga akan menyebabkan tamasya romantis dan beberapa kegiatan sensual yang akan membuat Anda sibuk untuk sementara waktu. </EIGHT-OF-WANDS-ONE >
<NINE-OF-WANDS-ONE >Kartu ini menunjukkan bahwa kondisi fisik Anda mengalami fase buruk dan Anda akan merasa terbengkalai dan sakit. Keadaan ini dapat menyebabkan beberapa gangguan dalam kehidupan Anda, karena Anda mungkin harus beberapa kali mengunjungi klinik dan juga menangani beberapa dokumen legal yang bisa sangat melelahkan. </NINE-OF-WANDS-ONE >
<TEN-OF-WANDS-ONE >Kartu ini menunjukkan bahwa pekerjaan atau beberapa masalah pribadi akan memberikan dampak buruk bagi Anda dan berusaha memenuhi terlalu banyak tanggung jawab akan membuat Anda merasa dikuras secara fisik. Tidak akan ada waktu untuk beristirahat karena Anda akan terus-menerus berada di dalam tekanan dan ini bisa berakibat pada datangnya penyakit. Anda harus memperlambat dan laju dengan kecepatan yang masuk akal. </TEN-OF-WANDS-ONE >
<PAGE-OF-WANDS-ONE >Anda harus minum beberapa obat yang berguna untuk mengatasi penyakit ringan atau bahkan penyakit yang lebih serius. Kartu ini menunjukkan bahwa Anda merasa mudah tersinggung karena hal-hal yang terjadi di sekitar Anda dan ini mungkin menyangkut masalah pekerjaan atau masalah pribadi. Anda sekarang harus lebih memiliki kesabaran dan bersikap praktis dalam pendekatan Anda. </PAGE-OF-WANDS-ONE >
<KNIGHT-OF-WANDS-ONE >Kartu ini menunjukkan bahwa tubuh Anda harus melalui beberapa aktivitas yang padat saat Anda terjebak di antara banyak hal dan Anda akan merasa lelah. Hal ini mungkin juga terkait dengan kondisi mental Anda. </KNIGHT-OF-WANDS-ONE >
<QUEEN-OF-WANDS-ONE >Kartu ini menunjukkan bahwa sekarang Anda memiliki energi tinggi dan terinspirasi untuk membuat beberapa perubahan konstruktif dalam gaya hidup untuk kesehatan Anda. Anda bersedia mengubah hal-hal tertentu dalam hidup Anda dengan mencoba mendekati cara hidup yang lebih sehat dan seimbang. </QUEEN-OF-WANDS-ONE >
<KING-OF-WANDS-ONE >Kartu ini menunjukkan bahwa Anda bersedia melakukan improvisasi pada keadaan kesehatan dan kebugaran Anda dan juga akan melakukan konsultasi dengan ahli gizi. Mungkin ada beberapa masalah emosional seperti kekhawatiran dan kecemasan atau Anda mungkin menderita semacam sakit pada beberapa bagian tubuh. </KING-OF-WANDS-ONE >
<THE-MAGICIAN-ONE >Kartu ini menunjukkan bahwa sekarang Anda harus menghadapi masa-masa sulit. Beberapa masalah terkait pekerjaan dan rumah akan merugikan Anda dan Anda tidak akan dapat menemukan solusi untuk masalah kesehatan Anda karena beberapa komplikasi dan hasil yang tidak pasti. Anda harus mengunjungi beberapa dokter sebelum sampai pada kesimpulan yang benar. </THE-MAGICIAN-ONE >
<THE-HIGH-PRIESTESS-ONE >Kartu ini menunjukkan bahwa Anda mungkin telah mengalami banyak hal di masa lalu dan ini mungkin telah mempengaruhi stabilitas mental atau fisik Anda. Tapi sekarang keadaan akan membaik karena pada akhirnya Anda akan merasa lega dan akan mulai merasa lebih baik. </THE-HIGH-PRIESTESS-ONE >
<THE-EMPRESS-ONE >Kartu ini menunjukkan bahwa Anda mungkin harus melewati beberapa masalah yang berkaitan dengan tubuh Anda terutama leher. Anda harus terkoneksi dengan sisi spiritual tubuh Anda dan coba mengetahui kebutuhan tubuh, kemudian melakukan terapi fisik atau yoga untuk meremajakan diri Anda sendiri. </THE-EMPRESS-ONE >
<THE-EMPEROR-ONE >Kartu ini menunjukkan bahwa mungkin ada beberapa masalah serius yang berkaitan dengan kesehatan Anda. Diperlukan Perhatian dan perawatan menyeluruh untuk membawa Anda keluar dari rasa sakit. Anda akan mendapatkan kekuatan dan mampu untuk melawan penyakit ini tetapi disarankan agar Anda tidak abai terhadap tubuh Anda lagi. </THE-EMPEROR-ONE >
<THE-HIEROPHANT-ONE >Kartu ini menunjukkan bahwa Anda perlu memperhatikan kesehatan Anda lebih dari yang Anda lakukan sekarang. Ada kemungkinan masalah tekanan darah rendah atau tinggi dan batuk parah dan demam. Pemeriksaan rutin bisa memperbaiki kondisi Anda. </THE-HIEROPHANT-ONE >
<THE-LOVERS-ONE >Kartu ini menunjukkan bahwa sekarang tubuh Anda dalam kondisi sehat dan Anda merasa senang karenanya. Anda cenderung lebih dinamis secara fisik dan akan tampak lebih aktif. Anda akan menganggap kebutuhan tubuh Anda serius dan akan mencoba membangun keseimbangan antara tubuh dan pikiran yang sehat. </THE-LOVERS-ONE >
<THE-CHARIOT-ONE >Kartu ini menunjukkan bahwa Anda sangat terlibat dalam pekerjaan dan aktivitas lainnya dan tidak dapat mengurus kebutuhan tubuh Anda. Jika Anda terus melakukannya, Anda mungkin saja jatuh sakit karena terlalu terbebani atau mungkin merasa sangat resah secara mental. Ini adalah saat yang tepat untuk mengunjungi dokter untuk melakukan pemeriksaan dan pergi ke tempat yang damai selama akhir pekan. </THE-CHARIOT-ONE >
<STRENGTH-ONE >Kartu ini menunjukkan bahwa sekarang Anda akan berada dalam kondisi puncak kesehatan. Kartu kekuatan menandakan semangat tinggi secara fisik dan mental dan bahkan jika ada beberapa masalah kecil yang berhubungan dengan tubuh maka Anda akan mudah mengatasinya. Kekuatan dan antusiasme Anda akan didukung dan dihargai oleh orang-orang di sekitar Anda. </STRENGTH-ONE >
<THE-HERMIT-ONE >Kartu ini menunjukkan bahwa Anda secara emosional merasa terbengkalai dan rendah dan ini bisa membuat Anda kelelahan secara mental. Ada kemungkinan dihinggapi penyakit yang akan berakibat berlarut-larut dan beberapa kunjungan ke dokter. Tapi ini tidak akan berlangsung lama dan akan segera membaik. </THE-HERMIT-ONE >
<WHEEL-OF-FORTUNE-ONE >Kartu ini menunjukkan bahwa sekarang Anda merasa sangat tidak stabil karena tekanan kerja dan mental, Anda akan merasa terlalu lelah dan stres. Mungkin ada beberapa pikiran negatif yang mungkin menghantui Anda, tapi ini hanya fase dan akan segera berlalu. </WHEEL-OF-FORTUNE-ONE >
<JUSTICE-ONE >Kartu ini menunjukkan bahwa ada kemungkinan Anda akan mengunjungi dokter untuk pemeriksaan normal dan menemukan masalah serius. Ini mungkin mengejutkan, tapi dokter akan memiliki cukup keahlian untuk membantu Anda untuk menyingkirkan masalah kesehatan baru ini. </JUSTICE-ONE >
<THE-HANGED-MAN-ONE >Kartu ini menunjukkan bahwa Anda merasa gelisah dan cemas akan sesuatu. Sudah saatnya Anda memberi istirahat pada pikiran dan tubuh Anda sebelum mulai menunjukkan tanda-tanda datangnya penyakit dan akan membantu juga jika Anda menjauh dari situasi atau orang-orang yang memberikan rasa khawatir pada Anda. </THE-HANGED-MAN-ONE >
<DEATH-ONE >Kartu ini menunjukkan bahwa ada sesuatu di sekitar Anda yang membuat Anda sangat tidak bahagia. Inilah saat ketika Anda akan mendapatkan beberapa penyakit serius. Anda harus memaksa diri Anda untuk melihat sisi yang lebih positif. sehingga akan membantu Anda mengatasi hal buruk yang terjadi di sekitar. Anda sekarang akan mendapatkan banyak cinta dan perhatian dari keluarga Anda. </DEATH-ONE >
<TEMPERANCE-ONE >Kartu ini menunjukkan bahwa Anda tidak punya waktu untuk mengunjungi dokter karena jadwal yang sibuk dan ini bisa menyebabkan bertambahnya masalah. Anda harus memperhatikan kesehatan dan memprioritaskan kunjungan ke dokter tepat waktu dan menyembuhkan diri Anda. </TEMPERANCE-ONE >
<THE-DEVIL-ONE >Kartu ini menunjukkan bahwa kelelahan dan kekhawatiran terus menerus akan membuat Anda merasa lesu dan lelah. Anda mungkin tidak menyadari di awal tapi akhirnya Anda akan sadar bahwa Anda bekerja terlalu banyak dan ini menyebabkan Anda menghindari hal-hal lain dan Anda akan terus-menerus merasa stres sehingga bisa membuat Anda menelan beberapa pil. </THE-DEVIL-ONE >
<THE-TOWER-ONE >Kartu ini menunjukkan bahwa Anda harus mengalami kejadian tidak menguntungkan yang dapat menyebabkan Anda harus berkunjung ke rumah sakit beberapa kali. Akan ada beberapa saat yang penuh tekanan karena kekacauan ini, tapi Anda akan bertahan. Mungkin juga ada anggota keluarga yang akan membantu Anda selama masa-masa yang melelahkan ini. </THE-TOWER-ONE >
<THE-STAR-ONE >Kartu ini menunjukkan bahwa ada sesuatu akan mengilhami pikiran baru di dalam pikiran Anda dan dengan bantuan seorang teman; Anda akan menyusun rencana untuk kesejahteraan Anda. Proses ini mungkin sedikit membosankan dan Anda mungkin harus melalui beberapa pemeriksaan dan tes kesehatan tetapi Anda akan senang sudah mengambil keputusan ini. </THE-STAR-ONE >
<THE-MOON-ONE >Kartu ini menunjukkan bahwa Anda akan menghadapi beberapa masalah kesehatan umum yang belum muncul atau sebagian muncul. Masalah ini mungkin tampak kecil tapi akan membutuhkan perhatian Anda karena akan bertambah jikalau Anda tidak menghiraukannya. Anda juga akan menghadapi beberapa sakit pada lutut dan masalah punggung. </THE-MOON-ONE >
<THE-SUN-ONE >Kartu ini menunjukkan bahwa Anda saat ini merasa sedikit hilang motivasi dan merasa rendah secara emosional. Anda sekarang akan menganalisa dengan cermat diri Anda, mencoba untuk menemukan kesalahan dari apa yang sudah dilakukan. Tidak ada penyakit fisik yang ditunjukkan. Anda akan membaca lebih banyak tentang masalah kesehatan sekarang untuk salah satu orang yang Anda cintai. </THE-SUN-ONE >
<JUDGEMENT-ONE >Kartu ini menunjukkan bahwa Anda mungkin harus menghadapi beberapa ketidakstabilan fisik karena stres atau diet yang tidak semestinya. Anda akan memiliki kekhawatiran tentang kesehatan orang yang Anda cintai dan Anda akan berusaha sebaik mungkin untuk mengatasinya. Beberapa kunjungan ke rumah sakit atau pertemuan dengan dokter akan menghabiskan sebagian besar waktumu. </JUDGEMENT-ONE >
<THE-WORLD-ONE >Kartu ini menunjukkan bahwa Anda mungkin sudah menderita penyakit atau cedera dan akan mulai sembuh. Anda akan melihat bahwa perlahan tapi pasti Anda membuat kemajuan meskipun ada kemungkinan arahan yang terlewat dapat menyebabkan beberapa masalah. Sebaiknya Anda mendapatkan lebih banyak pengetahuan tentang masalah kesehatan dan lakukan tindakan yang sesuai. </THE-WORLD-ONE >
<THE-FOOL-ONE >Kartu ini menunjukkan bahwa sekarang Anda prihatin dengan kesehatan dan akan menjalani pemeriksaan rutin. Gigi Anda mungkin juga perlu perhatian sehingga Anda harus mengunjungi dokter gigi. Anda akan mengetahui metode penyembuhan baru dari seorang teman dan Anda akan bersedia untuk mencoba metode ini.</THE-FOOL-ONE >
    </ROOT>
