{"v":"5.2.1","fr":25,"ip":0,"op":131,"w":720,"h":1280,"nm":"合成 1","ddd":0,"assets":[],"layers":[{"ddd":0,"ind":1,"ty":4,"nm":"形状图层 3","sr":1,"ks":{"o":{"a":0,"k":100,"ix":11},"r":{"a":0,"k":0,"ix":10},"p":{"a":0,"k":[381,488,0],"ix":2},"a":{"a":0,"k":[0,0,0],"ix":1},"s":{"a":0,"k":[100,100,100],"ix":6}},"ao":0,"shapes":[{"ty":"gr","it":[{"ty":"sr","sy":1,"d":1,"pt":{"a":0,"k":4,"ix":3},"p":{"a":0,"k":[0,0],"ix":4},"r":{"a":0,"k":184.399,"ix":5},"ir":{"a":0,"k":6.519,"ix":6},"is":{"a":0,"k":0,"ix":8},"or":{"a":0,"k":13.038,"ix":7},"os":{"a":0,"k":0,"ix":9},"ix":1,"nm":"多边星形路径 1","mn":"ADBE Vector Shape - Star","hd":false},{"ty":"st","c":{"a":0,"k":[1,1,1,1],"ix":3},"o":{"a":0,"k":100,"ix":4},"w":{"a":0,"k":2,"ix":5},"lc":1,"lj":1,"ml":4,"ml2":{"a":0,"k":4,"ix":8},"nm":"描边 1","mn":"ADBE Vector Graphic - Stroke","hd":true},{"ty":"fl","c":{"a":0,"k":[1,1,1,1],"ix":4},"o":{"a":0,"k":100,"ix":5},"r":1,"nm":"填充 1","mn":"ADBE Vector Graphic - Fill","hd":false},{"ty":"tr","p":{"a":0,"k":[-99,402],"ix":2},"a":{"a":0,"k":[0,0],"ix":1},"s":{"a":0,"k":[100,100],"ix":3},"r":{"a":0,"k":0,"ix":6},"o":{"a":1,"k":[{"i":{"x":[0.833],"y":[0.833]},"o":{"x":[0.167],"y":[0.167]},"n":["0p833_0p833_0p167_0p167"],"t":110,"s":[0],"e":[100]},{"i":{"x":[0.833],"y":[0.833]},"o":{"x":[0.167],"y":[0.167]},"n":["0p833_0p833_0p167_0p167"],"t":112,"s":[100],"e":[0]},{"i":{"x":[0.833],"y":[0.833]},"o":{"x":[0.167],"y":[0.167]},"n":["0p833_0p833_0p167_0p167"],"t":115,"s":[0],"e":[100]},{"t":117}],"ix":7},"sk":{"a":0,"k":0,"ix":4},"sa":{"a":0,"k":0,"ix":5},"nm":"变换"}],"nm":"多边星形 4","np":3,"cix":2,"ix":1,"mn":"ADBE Vector Group","hd":false},{"ty":"gr","it":[{"ty":"sr","sy":1,"d":1,"pt":{"a":0,"k":4,"ix":3},"p":{"a":0,"k":[0,0],"ix":4},"r":{"a":0,"k":135,"ix":5},"ir":{"a":0,"k":4.95,"ix":6},"is":{"a":0,"k":0,"ix":8},"or":{"a":0,"k":9.899,"ix":7},"os":{"a":0,"k":0,"ix":9},"ix":1,"nm":"多边星形路径 1","mn":"ADBE Vector Shape - Star","hd":false},{"ty":"st","c":{"a":0,"k":[1,1,1,1],"ix":3},"o":{"a":0,"k":100,"ix":4},"w":{"a":0,"k":2,"ix":5},"lc":1,"lj":1,"ml":4,"ml2":{"a":0,"k":4,"ix":8},"nm":"描边 1","mn":"ADBE Vector Graphic - Stroke","hd":true},{"ty":"fl","c":{"a":0,"k":[1,1,1,1],"ix":4},"o":{"a":0,"k":100,"ix":5},"r":1,"nm":"填充 1","mn":"ADBE Vector Graphic - Fill","hd":false},{"ty":"tr","p":{"a":0,"k":[38,427],"ix":2},"a":{"a":0,"k":[0,0],"ix":1},"s":{"a":0,"k":[100,100],"ix":3},"r":{"a":0,"k":0,"ix":6},"o":{"a":1,"k":[{"i":{"x":[0.833],"y":[0.833]},"o":{"x":[0.167],"y":[0.167]},"n":["0p833_0p833_0p167_0p167"],"t":114,"s":[0],"e":[100]},{"i":{"x":[0.833],"y":[0.833]},"o":{"x":[0.167],"y":[0.167]},"n":["0p833_0p833_0p167_0p167"],"t":116,"s":[100],"e":[0]},{"i":{"x":[0.833],"y":[0.833]},"o":{"x":[0.167],"y":[0.167]},"n":["0p833_0p833_0p167_0p167"],"t":119,"s":[0],"e":[100]},{"t":121}],"ix":7},"sk":{"a":0,"k":0,"ix":4},"sa":{"a":0,"k":0,"ix":5},"nm":"变换"}],"nm":"多边星形 3","np":3,"cix":2,"ix":2,"mn":"ADBE Vector Group","hd":false},{"ty":"gr","it":[{"ty":"sr","sy":1,"d":1,"pt":{"a":0,"k":4,"ix":3},"p":{"a":0,"k":[0,0],"ix":4},"r":{"a":0,"k":111.801,"ix":5},"ir":{"a":0,"k":2.693,"ix":6},"is":{"a":0,"k":0,"ix":8},"or":{"a":0,"k":5.385,"ix":7},"os":{"a":0,"k":0,"ix":9},"ix":1,"nm":"多边星形路径 1","mn":"ADBE Vector Shape - Star","hd":false},{"ty":"st","c":{"a":0,"k":[1,1,1,1],"ix":3},"o":{"a":0,"k":100,"ix":4},"w":{"a":0,"k":2,"ix":5},"lc":1,"lj":1,"ml":4,"ml2":{"a":0,"k":4,"ix":8},"nm":"描边 1","mn":"ADBE Vector Graphic - Stroke","hd":true},{"ty":"fl","c":{"a":0,"k":[1,1,1,1],"ix":4},"o":{"a":0,"k":100,"ix":5},"r":1,"nm":"填充 1","mn":"ADBE Vector Graphic - Fill","hd":false},{"ty":"tr","p":{"a":0,"k":[-90,301],"ix":2},"a":{"a":0,"k":[0,0],"ix":1},"s":{"a":0,"k":[100,100],"ix":3},"r":{"a":0,"k":0,"ix":6},"o":{"a":1,"k":[{"i":{"x":[0.833],"y":[0.833]},"o":{"x":[0.167],"y":[0.167]},"n":["0p833_0p833_0p167_0p167"],"t":112,"s":[0],"e":[100]},{"i":{"x":[0.833],"y":[0.833]},"o":{"x":[0.167],"y":[0.167]},"n":["0p833_0p833_0p167_0p167"],"t":114,"s":[100],"e":[0]},{"i":{"x":[0.833],"y":[0.833]},"o":{"x":[0.167],"y":[0.167]},"n":["0p833_0p833_0p167_0p167"],"t":117,"s":[0],"e":[100]},{"t":119}],"ix":7},"sk":{"a":0,"k":0,"ix":4},"sa":{"a":0,"k":0,"ix":5},"nm":"变换"}],"nm":"多边星形 2","np":3,"cix":2,"ix":3,"mn":"ADBE Vector Group","hd":false},{"ty":"gr","it":[{"ty":"sr","sy":1,"d":1,"pt":{"a":0,"k":4,"ix":3},"p":{"a":0,"k":[0,0],"ix":4},"r":{"a":0,"k":160.017,"ix":5},"ir":{"a":0,"k":5.852,"ix":6},"is":{"a":0,"k":0,"ix":8},"or":{"a":0,"k":11.705,"ix":7},"os":{"a":0,"k":0,"ix":9},"ix":1,"nm":"多边星形路径 1","mn":"ADBE Vector Shape - Star","hd":false},{"ty":"st","c":{"a":0,"k":[1,1,1,1],"ix":3},"o":{"a":0,"k":100,"ix":4},"w":{"a":0,"k":2,"ix":5},"lc":1,"lj":1,"ml":4,"ml2":{"a":0,"k":4,"ix":8},"nm":"描边 1","mn":"ADBE Vector Graphic - Stroke","hd":true},{"ty":"fl","c":{"a":0,"k":[1,1,1,1],"ix":4},"o":{"a":0,"k":100,"ix":5},"r":1,"nm":"填充 1","mn":"ADBE Vector Graphic - Fill","hd":false},{"ty":"tr","p":{"a":0,"k":[11,269],"ix":2},"a":{"a":0,"k":[0,0],"ix":1},"s":{"a":0,"k":[100,100],"ix":3},"r":{"a":0,"k":0,"ix":6},"o":{"a":1,"k":[{"i":{"x":[0.833],"y":[0.833]},"o":{"x":[0.167],"y":[0.167]},"n":["0p833_0p833_0p167_0p167"],"t":117,"s":[0],"e":[100]},{"i":{"x":[0.833],"y":[0.833]},"o":{"x":[0.167],"y":[0.167]},"n":["0p833_0p833_0p167_0p167"],"t":119,"s":[100],"e":[0]},{"i":{"x":[0.833],"y":[0.833]},"o":{"x":[0.167],"y":[0.167]},"n":["0p833_0p833_0p167_0p167"],"t":122,"s":[0],"e":[100]},{"t":124}],"ix":7},"sk":{"a":0,"k":0,"ix":4},"sa":{"a":0,"k":0,"ix":5},"nm":"变换"}],"nm":"多边星形 1","np":3,"cix":2,"ix":4,"mn":"ADBE Vector Group","hd":false},{"ty":"gr","it":[{"ty":"rc","d":1,"s":{"a":0,"k":[20,150],"ix":2},"p":{"a":0,"k":[0,0],"ix":3},"r":{"a":0,"k":20,"ix":4},"nm":"矩形路径 1","mn":"ADBE Vector Shape - Rect","hd":false},{"ty":"st","c":{"a":0,"k":[1,1,1,1],"ix":3},"o":{"a":0,"k":100,"ix":4},"w":{"a":0,"k":2,"ix":5},"lc":1,"lj":1,"ml":4,"ml2":{"a":0,"k":4,"ix":8},"nm":"描边 1","mn":"ADBE Vector Graphic - Stroke","hd":true},{"ty":"fl","c":{"a":0,"k":[1,1,1,1],"ix":4},"o":{"a":0,"k":100,"ix":5},"r":1,"nm":"填充 1","mn":"ADBE Vector Graphic - Fill","hd":false},{"ty":"tr","p":{"a":0,"k":[-35,345],"ix":2},"a":{"a":0,"k":[0,0],"ix":1},"s":{"a":1,"k":[{"i":{"x":[0.833,0.833],"y":[0.833,0.833]},"o":{"x":[0.167,0.167],"y":[0.167,0.167]},"n":["0p833_0p833_0p167_0p167","0p833_0p833_0p167_0p167"],"t":102,"s":[0,0],"e":[100,100]},{"t":109}],"ix":3},"r":{"a":0,"k":-0.376,"ix":6},"o":{"a":0,"k":100,"ix":7},"sk":{"a":0,"k":0,"ix":4},"sa":{"a":0,"k":0,"ix":5},"nm":"变换"}],"nm":"矩形 2","np":3,"cix":2,"ix":5,"mn":"ADBE Vector Group","hd":false},{"ty":"gr","it":[{"ty":"rc","d":1,"s":{"a":0,"k":[150,20],"ix":2},"p":{"a":0,"k":[0,0],"ix":3},"r":{"a":0,"k":20,"ix":4},"nm":"矩形路径 1","mn":"ADBE Vector Shape - Rect","hd":false},{"ty":"st","c":{"a":0,"k":[1,1,1,1],"ix":3},"o":{"a":0,"k":100,"ix":4},"w":{"a":0,"k":2,"ix":5},"lc":1,"lj":1,"ml":4,"ml2":{"a":0,"k":4,"ix":8},"nm":"描边 1","mn":"ADBE Vector Graphic - Stroke","hd":true},{"ty":"fl","c":{"a":0,"k":[1,1,1,1],"ix":4},"o":{"a":0,"k":100,"ix":5},"r":1,"nm":"填充 1","mn":"ADBE Vector Graphic - Fill","hd":false},{"ty":"tr","p":{"a":0,"k":[-35,341],"ix":2},"a":{"a":0,"k":[0,0],"ix":1},"s":{"a":1,"k":[{"i":{"x":[0.833,0.833],"y":[0.833,0.833]},"o":{"x":[0.167,0.167],"y":[0.167,0.167]},"n":["0p833_0p833_0p167_0p167","0p833_0p833_0p167_0p167"],"t":102,"s":[0,0],"e":[100,100]},{"t":109}],"ix":3},"r":{"a":0,"k":0,"ix":6},"o":{"a":0,"k":100,"ix":7},"sk":{"a":0,"k":0,"ix":4},"sa":{"a":0,"k":0,"ix":5},"nm":"变换"}],"nm":"矩形 1","np":3,"cix":2,"ix":6,"mn":"ADBE Vector Group","hd":false}],"ip":0,"op":175,"st":0,"bm":0},{"ddd":0,"ind":2,"ty":4,"nm":"形状图层 1","sr":1,"ks":{"o":{"a":0,"k":100,"ix":11},"r":{"a":0,"k":0,"ix":10},"p":{"a":0,"k":[360,640,0],"ix":2},"a":{"a":0,"k":[0,0,0],"ix":1},"s":{"a":0,"k":[100,100,100],"ix":6}},"ao":0,"shapes":[],"ip":0,"op":175,"st":0,"bm":0},{"ddd":0,"ind":3,"ty":4,"nm":" 2","sr":1,"ks":{"o":{"a":0,"k":100,"ix":11},"r":{"a":0,"k":0,"ix":10},"p":{"a":0,"k":[359,1150,0],"ix":2},"a":{"a":0,"k":[2176,928,0],"ix":1},"s":{"a":0,"k":[69,69,100],"ix":6}},"ao":0,"shapes":[{"ty":"gr","it":[{"ind":0,"ty":"sh","ix":1,"ks":{"a":0,"k":{"i":[[0.922,-0.598],[0,0],[-0.064,-1.92],[0,0],[1.205,-0.804],[0,0],[-0.041,-1.774],[0,0],[-0.551,-0.354],[0,0],[-0.647,0.403],[0,0],[0,0.681],[0,0],[-0.468,0.374],[0,0],[0,-1.654],[0,0],[0.428,-0.375],[0,0],[0,-0.569],[0,0],[0.568,-0.362],[0,0],[0.648,0.418],[0,0],[0.014,0.655],[0,0],[-1.499,0.978],[0,0],[0.047,1.461],[0,0],[-1.61,1.044],[0,0],[-0.599,-0.899],[0,0]],"o":[[0,0],[-1.612,1.045],[0,0],[0.048,1.448],[0,0],[-1.477,0.984],[0,0],[0.015,0.655],[0,0],[0.641,0.412],[0,0],[0.578,-0.36],[0,0],[0,-0.599],[0,0],[1.292,-1.033],[0,0],[0,0.569],[0,0],[-0.428,0.375],[0,0],[0,0.674],[0,0],[-0.65,0.415],[0,0],[-0.55,-0.355],[0,0],[-0.038,-1.79],[0,0],[1.225,-0.799],[0,0],[-0.062,-1.918],[0,0],[0.906,-0.588],[0,0],[0.61,0.915]],"v":[[2035.323,732.087],[1911.598,812.315],[1909.103,817.095],[1909.922,841.671],[1908.061,845.293],[1888.371,858.419],[1886.066,862.849],[1887.976,944.952],[1888.882,946.566],[2130.95,1084.326],[2133.059,1084.341],[2172.07,1062.579],[2173,1060.904],[2173,1035.948],[2173.74,1034.408],[2189.795,1021.564],[2193,1023.105],[2193,1023.105],[2192.326,1024.589],[2177.674,1037.411],[2177,1038.895],[2177,1063.918],[2176.088,1065.582],[2132.067,1091.319],[2129.936,1091.313],[1882.88,949.568],[1881.978,947.953],[1880.062,858.878],[1882.411,854.428],[1901.027,842.286],[1902.924,838.646],[1902.1,813.09],[1904.594,808.317],[2031.365,726.061],[2034.081,726.621],[2035.892,729.337]],"c":true},"ix":2},"nm":"路径 1","mn":"ADBE Vector Shape - Group","hd":false},{"ty":"fl","c":{"a":0,"k":[0.745098054409,0.792156875134,0.815686285496,1],"ix":4},"o":{"a":0,"k":100,"ix":5},"r":1,"nm":"填充 1","mn":"ADBE Vector Graphic - Fill","hd":false},{"ty":"tr","p":{"a":0,"k":[0,0],"ix":2},"a":{"a":0,"k":[0,0],"ix":1},"s":{"a":0,"k":[100,100],"ix":3},"r":{"a":0,"k":0,"ix":6},"o":{"a":0,"k":100,"ix":7},"sk":{"a":0,"k":0,"ix":4},"sa":{"a":0,"k":0,"ix":5},"nm":"变换"}],"nm":"组 1","np":2,"cix":2,"ix":1,"mn":"ADBE Vector Group","hd":false},{"ty":"gr","it":[{"ind":0,"ty":"sh","ix":1,"ks":{"a":0,"k":{"i":[[0.922,-0.598],[0,0],[-0.064,-1.92],[0,0],[1.205,-0.804],[0,0],[-0.041,-1.774],[0,0],[-0.551,-0.354],[0,0],[-0.647,0.403],[0,0],[0,0.681],[0,0],[-0.468,0.374],[0,0],[0,-1.654],[0,0],[0.428,-0.375],[0,0],[0,-0.569],[0,0],[0.568,-0.362],[0,0],[0.648,0.418],[0,0],[0.014,0.655],[0,0],[-1.499,0.978],[0,0],[0.047,1.461],[0,0],[-1.61,1.044],[0,0],[-0.599,-0.899],[0,0]],"o":[[0,0],[-1.612,1.045],[0,0],[0.048,1.448],[0,0],[-1.477,0.984],[0,0],[0.015,0.655],[0,0],[0.641,0.412],[0,0],[0.578,-0.36],[0,0],[0,-0.599],[0,0],[1.292,-1.033],[0,0],[0,0.569],[0,0],[-0.428,0.375],[0,0],[0,0.674],[0,0],[-0.65,0.415],[0,0],[-0.55,-0.355],[0,0],[-0.038,-1.79],[0,0],[1.225,-0.799],[0,0],[-0.062,-1.918],[0,0],[0.906,-0.588],[0,0],[0.61,0.915]],"v":[[2037.323,734.087],[1913.598,814.315],[1911.103,819.095],[1911.922,843.671],[1910.061,847.293],[1890.371,860.419],[1888.066,864.849],[1889.976,946.952],[1890.882,948.566],[2132.95,1086.326],[2135.059,1086.341],[2174.07,1064.579],[2175,1062.904],[2175,1037.948],[2175.74,1036.408],[2191.795,1023.564],[2195,1025.105],[2195,1025.105],[2194.326,1026.589],[2179.674,1039.411],[2179,1040.895],[2179,1065.918],[2178.088,1067.582],[2134.067,1093.319],[2131.936,1093.313],[1884.88,951.568],[1883.978,949.953],[1882.062,860.878],[1884.411,856.428],[1903.027,844.286],[1904.924,840.646],[1904.1,815.09],[1906.594,810.317],[2033.365,728.061],[2036.081,728.621],[2037.892,731.337]],"c":true},"ix":2},"nm":"路径 1","mn":"ADBE Vector Shape - Group","hd":false},{"ty":"fl","c":{"a":0,"k":[0.176470592618,0.215686276555,0.219607844949,1],"ix":4},"o":{"a":0,"k":40,"ix":5},"r":1,"nm":"填充 1","mn":"ADBE Vector Graphic - Fill","hd":false},{"ty":"tr","p":{"a":0,"k":[0,0],"ix":2},"a":{"a":0,"k":[0,0],"ix":1},"s":{"a":0,"k":[100,100],"ix":3},"r":{"a":0,"k":0,"ix":6},"o":{"a":0,"k":100,"ix":7},"sk":{"a":0,"k":0,"ix":4},"sa":{"a":0,"k":0,"ix":5},"nm":"变换"}],"nm":"组 2","np":2,"cix":2,"ix":2,"mn":"ADBE Vector Group","hd":false},{"ty":"gr","it":[{"ind":0,"ty":"sh","ix":1,"ks":{"a":0,"k":{"i":[[0,-4.418],[8.008,0],[0,4.418],[-8.008,0]],"o":[[0,4.418],[-8.008,0],[0,-4.418],[8.008,0]],"v":[[2318.5,1010.5],[2304,1018.5],[2289.5,1010.5],[2304,1002.5]],"c":true},"ix":2},"nm":"路径 1","mn":"ADBE Vector Shape - Group","hd":false},{"ty":"fl","c":{"a":0,"k":[0.992156863213,0.04705882445,0.113725490868,1],"ix":4},"o":{"a":0,"k":100,"ix":5},"r":1,"nm":"填充 1","mn":"ADBE Vector Graphic - Fill","hd":false},{"ty":"tr","p":{"a":0,"k":[0,0],"ix":2},"a":{"a":0,"k":[0,0],"ix":1},"s":{"a":0,"k":[100,100],"ix":3},"r":{"a":0,"k":0,"ix":6},"o":{"a":0,"k":100,"ix":7},"sk":{"a":0,"k":0,"ix":4},"sa":{"a":0,"k":0,"ix":5},"nm":"变换"}],"nm":"组 3","np":2,"cix":2,"ix":3,"mn":"ADBE Vector Group","hd":false},{"ty":"gr","it":[{"ind":0,"ty":"sh","ix":1,"ks":{"a":0,"k":{"i":[[0,-3.59],[2.761,0],[0,3.59],[-2.761,0]],"o":[[0,3.59],[-2.761,0],[0,-3.59],[2.761,0]],"v":[[2197,1024.5],[2192,1031],[2187,1024.5],[2192,1018]],"c":true},"ix":2},"nm":"路径 1","mn":"ADBE Vector Shape - Group","hd":false},{"ty":"fl","c":{"a":0,"k":[0.239215686917,0.321568638086,0.337254911661,1],"ix":4},"o":{"a":0,"k":100,"ix":5},"r":1,"nm":"填充 1","mn":"ADBE Vector Graphic - Fill","hd":false},{"ty":"tr","p":{"a":0,"k":[0,0],"ix":2},"a":{"a":0,"k":[0,0],"ix":1},"s":{"a":0,"k":[100,100],"ix":3},"r":{"a":0,"k":0,"ix":6},"o":{"a":0,"k":100,"ix":7},"sk":{"a":0,"k":0,"ix":4},"sa":{"a":0,"k":0,"ix":5},"nm":"变换"}],"nm":"组 4","np":2,"cix":2,"ix":4,"mn":"ADBE Vector Group","hd":false},{"ty":"gr","it":[{"ind":0,"ty":"sh","ix":1,"ks":{"a":0,"k":{"i":[[0,0],[0,0],[0,0],[0,0]],"o":[[0,0],[0,0],[0,0],[0,0]],"v":[[2290.5,976.5],[2281.5,972.5],[2304.5,961.5],[2312.5,966.5]],"c":true},"ix":2},"nm":"路径 1","mn":"ADBE Vector Shape - Group","hd":false},{"ty":"fl","c":{"a":0,"k":[0.172549024224,0.51372551918,0.874509811401,1],"ix":4},"o":{"a":0,"k":100,"ix":5},"r":1,"nm":"填充 1","mn":"ADBE Vector Graphic - Fill","hd":false},{"ty":"tr","p":{"a":0,"k":[0,0],"ix":2},"a":{"a":0,"k":[0,0],"ix":1},"s":{"a":0,"k":[100,100],"ix":3},"r":{"a":0,"k":0,"ix":6},"o":{"a":0,"k":100,"ix":7},"sk":{"a":0,"k":0,"ix":4},"sa":{"a":0,"k":0,"ix":5},"nm":"变换"}],"nm":"组 5","np":2,"cix":2,"ix":5,"mn":"ADBE Vector Group","hd":false},{"ty":"gr","it":[{"ind":0,"ty":"sh","ix":1,"ks":{"a":0,"k":{"i":[[0,0],[0,0],[0,0],[0,0]],"o":[[0,0],[0,0],[0,0],[0,0]],"v":[[2322.5,988.5],[2313.5,984.5],[2336.5,973.5],[2344.5,978.5]],"c":true},"ix":2},"nm":"路径 1","mn":"ADBE Vector Shape - Group","hd":false},{"ty":"fl","c":{"a":0,"k":[0.172549024224,0.51372551918,0.874509811401,1],"ix":4},"o":{"a":0,"k":100,"ix":5},"r":1,"nm":"填充 1","mn":"ADBE Vector Graphic - Fill","hd":false},{"ty":"tr","p":{"a":0,"k":[0,0],"ix":2},"a":{"a":0,"k":[0,0],"ix":1},"s":{"a":0,"k":[100,100],"ix":3},"r":{"a":0,"k":0,"ix":6},"o":{"a":0,"k":100,"ix":7},"sk":{"a":0,"k":0,"ix":4},"sa":{"a":0,"k":0,"ix":5},"nm":"变换"}],"nm":"组 6","np":2,"cix":2,"ix":6,"mn":"ADBE Vector Group","hd":false},{"ty":"gr","it":[{"ind":0,"ty":"sh","ix":1,"ks":{"a":0,"k":{"i":[[0,0],[0,0],[0,0],[0,0]],"o":[[0,0],[0,0],[0,0],[0,0]],"v":[[2341.5,967.5],[2332.5,963.5],[2355.5,952.5],[2363.5,957.5]],"c":true},"ix":2},"nm":"路径 1","mn":"ADBE Vector Shape - Group","hd":false},{"ty":"fl","c":{"a":0,"k":[0.172549024224,0.51372551918,0.874509811401,1],"ix":4},"o":{"a":0,"k":100,"ix":5},"r":1,"nm":"填充 1","mn":"ADBE Vector Graphic - Fill","hd":false},{"ty":"tr","p":{"a":0,"k":[0,0],"ix":2},"a":{"a":0,"k":[0,0],"ix":1},"s":{"a":0,"k":[100,100],"ix":3},"r":{"a":0,"k":0,"ix":6},"o":{"a":0,"k":100,"ix":7},"sk":{"a":0,"k":0,"ix":4},"sa":{"a":0,"k":0,"ix":5},"nm":"变换"}],"nm":"组 7","np":2,"cix":2,"ix":7,"mn":"ADBE Vector Group","hd":false},{"ty":"gr","it":[{"ind":0,"ty":"sh","ix":1,"ks":{"a":0,"k":{"i":[[0,-4.418],[8.008,0],[0,4.418],[-8.008,0]],"o":[[0,4.418],[-8.008,0],[0,-4.418],[8.008,0]],"v":[[2318.5,1013.5],[2304,1021.5],[2289.5,1013.5],[2304,1005.5]],"c":true},"ix":2},"nm":"路径 1","mn":"ADBE Vector Shape - Group","hd":false},{"ty":"fl","c":{"a":0,"k":[0.823529422283,0.152941182256,0.176470592618,1],"ix":4},"o":{"a":0,"k":100,"ix":5},"r":1,"nm":"填充 1","mn":"ADBE Vector Graphic - Fill","hd":false},{"ty":"tr","p":{"a":0,"k":[0,0],"ix":2},"a":{"a":0,"k":[0,0],"ix":1},"s":{"a":0,"k":[100,100],"ix":3},"r":{"a":0,"k":0,"ix":6},"o":{"a":0,"k":100,"ix":7},"sk":{"a":0,"k":0,"ix":4},"sa":{"a":0,"k":0,"ix":5},"nm":"变换"}],"nm":"组 8","np":2,"cix":2,"ix":8,"mn":"ADBE Vector Group","hd":false},{"ty":"gr","it":[{"ind":0,"ty":"sh","ix":1,"ks":{"a":0,"k":{"i":[[0,0],[0,0],[0,0],[0,0]],"o":[[0,0],[0,0],[0,0],[0,0]],"v":[[2277.5,1019.5],[2221.5,1044.5],[2221.5,1020.5],[2276.5,998.5]],"c":true},"ix":2},"nm":"路径 1","mn":"ADBE Vector Shape - Group","hd":false},{"ty":"fl","c":{"a":0,"k":[0.603921592236,0.807843148708,0.839215695858,1],"ix":4},"o":{"a":0,"k":100,"ix":5},"r":1,"nm":"填充 1","mn":"ADBE Vector Graphic - Fill","hd":false},{"ty":"tr","p":{"a":0,"k":[0,0],"ix":2},"a":{"a":0,"k":[0,0],"ix":1},"s":{"a":0,"k":[100,100],"ix":3},"r":{"a":0,"k":0,"ix":6},"o":{"a":0,"k":100,"ix":7},"sk":{"a":0,"k":0,"ix":4},"sa":{"a":0,"k":0,"ix":5},"nm":"变换"}],"nm":"组 9","np":2,"cix":2,"ix":9,"mn":"ADBE Vector Group","hd":false},{"ty":"gr","it":[{"ind":0,"ty":"sh","ix":1,"ks":{"a":0,"k":{"i":[[0,0],[0,0],[0,0],[0,0]],"o":[[0,0],[0,0],[0,0],[0,0]],"v":[[2221.5,1044.5],[2167.5,1022.5],[2167.5,1003.5],[2221.5,1020.5]],"c":true},"ix":2},"nm":"路径 1","mn":"ADBE Vector Shape - Group","hd":false},{"ty":"fl","c":{"a":0,"k":[0.564705908298,0.709803938866,0.737254917622,1],"ix":4},"o":{"a":0,"k":100,"ix":5},"r":1,"nm":"填充 1","mn":"ADBE Vector Graphic - Fill","hd":false},{"ty":"tr","p":{"a":0,"k":[0,0],"ix":2},"a":{"a":0,"k":[0,0],"ix":1},"s":{"a":0,"k":[100,100],"ix":3},"r":{"a":0,"k":0,"ix":6},"o":{"a":0,"k":100,"ix":7},"sk":{"a":0,"k":0,"ix":4},"sa":{"a":0,"k":0,"ix":5},"nm":"变换"}],"nm":"组 10","np":2,"cix":2,"ix":10,"mn":"ADBE Vector Group","hd":false},{"ty":"gr","it":[{"ind":0,"ty":"sh","ix":1,"ks":{"a":0,"k":{"i":[[0,0],[0,0],[0,0],[0,0]],"o":[[0,0],[0,0],[0,0],[0,0]],"v":[[2328.5,1001.5],[2254.5,971.5],[2326.5,936.5],[2408.5,965.5]],"c":true},"ix":2},"nm":"路径 1","mn":"ADBE Vector Shape - Group","hd":false},{"ty":"fl","c":{"a":0,"k":[0.611764729023,0.764705896378,0.784313738346,1],"ix":4},"o":{"a":0,"k":100,"ix":5},"r":1,"nm":"填充 1","mn":"ADBE Vector Graphic - Fill","hd":false},{"ty":"tr","p":{"a":0,"k":[0,0],"ix":2},"a":{"a":0,"k":[0,0],"ix":1},"s":{"a":0,"k":[100,100],"ix":3},"r":{"a":0,"k":0,"ix":6},"o":{"a":0,"k":100,"ix":7},"sk":{"a":0,"k":0,"ix":4},"sa":{"a":0,"k":0,"ix":5},"nm":"变换"}],"nm":"组 11","np":2,"cix":2,"ix":11,"mn":"ADBE Vector Group","hd":false},{"ty":"gr","it":[{"ind":0,"ty":"sh","ix":1,"ks":{"a":0,"k":{"i":[[0,0],[0,0],[0,0],[0,0]],"o":[[0,0],[0,0],[0,0],[0,0]],"v":[[2221.5,1020.5],[2168.5,1003.5],[2220.5,980.5],[2275.5,998.5]],"c":true},"ix":2},"nm":"路径 1","mn":"ADBE Vector Shape - Group","hd":false},{"ty":"fl","c":{"a":0,"k":[0.611764729023,0.764705896378,0.784313738346,1],"ix":4},"o":{"a":0,"k":100,"ix":5},"r":1,"nm":"填充 1","mn":"ADBE Vector Graphic - Fill","hd":false},{"ty":"tr","p":{"a":0,"k":[0,0],"ix":2},"a":{"a":0,"k":[0,0],"ix":1},"s":{"a":0,"k":[100,100],"ix":3},"r":{"a":0,"k":0,"ix":6},"o":{"a":0,"k":100,"ix":7},"sk":{"a":0,"k":0,"ix":4},"sa":{"a":0,"k":0,"ix":5},"nm":"变换"}],"nm":"组 12","np":2,"cix":2,"ix":12,"mn":"ADBE Vector Group","hd":false},{"ty":"gr","it":[{"ind":0,"ty":"sh","ix":1,"ks":{"a":0,"k":{"i":[[0,0],[0,0],[0,0],[0,0]],"o":[[0,0],[0,0],[0,0],[0,0]],"v":[[2450.5,990.5],[2242.5,1088.5],[2241.5,1062.5],[2451.5,967.5]],"c":true},"ix":2},"nm":"路径 1","mn":"ADBE Vector Shape - Group","hd":false},{"ty":"fl","c":{"a":0,"k":[0.768627464771,0.835294127464,1,1],"ix":4},"o":{"a":0,"k":100,"ix":5},"r":1,"nm":"填充 1","mn":"ADBE Vector Graphic - Fill","hd":false},{"ty":"tr","p":{"a":0,"k":[0,0],"ix":2},"a":{"a":0,"k":[0,0],"ix":1},"s":{"a":0,"k":[100,100],"ix":3},"r":{"a":0,"k":0,"ix":6},"o":{"a":0,"k":100,"ix":7},"sk":{"a":0,"k":0,"ix":4},"sa":{"a":0,"k":0,"ix":5},"nm":"变换"}],"nm":"组 13","np":2,"cix":2,"ix":13,"mn":"ADBE Vector Group","hd":false},{"ty":"gr","it":[{"ind":0,"ty":"sh","ix":1,"ks":{"a":0,"k":{"i":[[0,0],[0,0],[0,0],[0,0]],"o":[[0,0],[0,0],[0,0],[0,0]],"v":[[2242.435,1088.478],[2118.435,1040.478],[2117,1014.5],[2242,1062.5]],"c":true},"ix":2},"nm":"路径 1","mn":"ADBE Vector Shape - Group","hd":false},{"ty":"fl","c":{"a":0,"k":[0.623529434204,0.709803938866,0.921568632126,1],"ix":4},"o":{"a":0,"k":100,"ix":5},"r":1,"nm":"填充 1","mn":"ADBE Vector Graphic - Fill","hd":false},{"ty":"tr","p":{"a":0,"k":[0,0],"ix":2},"a":{"a":0,"k":[0,0],"ix":1},"s":{"a":0,"k":[100,100],"ix":3},"r":{"a":0,"k":0,"ix":6},"o":{"a":0,"k":100,"ix":7},"sk":{"a":0,"k":0,"ix":4},"sa":{"a":0,"k":0,"ix":5},"nm":"变换"}],"nm":"组 14","np":2,"cix":2,"ix":14,"mn":"ADBE Vector Group","hd":false},{"ty":"gr","it":[{"ind":0,"ty":"sh","ix":1,"ks":{"a":0,"k":{"i":[[0,0],[0,0],[0,0],[0,0]],"o":[[0,0],[0,0],[0,0],[0,0]],"v":[[2241.5,1062.5],[2118.5,1014.5],[2327.5,922.5],[2451.5,967.5]],"c":true},"ix":2},"nm":"路径 1","mn":"ADBE Vector Shape - Group","hd":false},{"ty":"fl","c":{"a":0,"k":[0.86274510622,0.901960790157,1,1],"ix":4},"o":{"a":0,"k":100,"ix":5},"r":1,"nm":"填充 1","mn":"ADBE Vector Graphic - Fill","hd":false},{"ty":"tr","p":{"a":0,"k":[0,0],"ix":2},"a":{"a":0,"k":[0,0],"ix":1},"s":{"a":0,"k":[100,100],"ix":3},"r":{"a":0,"k":0,"ix":6},"o":{"a":0,"k":100,"ix":7},"sk":{"a":0,"k":0,"ix":4},"sa":{"a":0,"k":0,"ix":5},"nm":"变换"}],"nm":"组 15","np":2,"cix":2,"ix":15,"mn":"ADBE Vector Group","hd":false},{"ty":"gr","it":[{"ind":0,"ty":"sh","ix":1,"ks":{"a":0,"k":{"i":[[0,-4.418],[4.418,0],[0,4.418],[-4.418,0]],"o":[[0,4.418],[-4.418,0],[0,-4.418],[4.418,0]],"v":[[2041,730],[2033,738],[2025,730],[2033,722]],"c":true},"ix":2},"nm":"路径 1","mn":"ADBE Vector Shape - Group","hd":false},{"ty":"fl","c":{"a":0,"k":[0.176470592618,0.215686276555,0.219607844949,1],"ix":4},"o":{"a":0,"k":100,"ix":5},"r":1,"nm":"填充 1","mn":"ADBE Vector Graphic - Fill","hd":false},{"ty":"tr","p":{"a":0,"k":[0,0],"ix":2},"a":{"a":0,"k":[0,0],"ix":1},"s":{"a":0,"k":[100,100],"ix":3},"r":{"a":0,"k":0,"ix":6},"o":{"a":0,"k":100,"ix":7},"sk":{"a":0,"k":0,"ix":4},"sa":{"a":0,"k":0,"ix":5},"nm":"变换"}],"nm":"组 16","np":2,"cix":2,"ix":16,"mn":"ADBE Vector Group","hd":false},{"ty":"gr","it":[{"ind":0,"ty":"sh","ix":1,"ks":{"a":0,"k":{"i":[[0,0],[0,0],[0,0],[0,0],[0,0],[0,0],[0,0],[0,0],[0,0],[0,0]],"o":[[0,0],[0,0],[0,0],[0,0],[0,0],[0,0],[0,0],[0,0],[0,0],[0,0]],"v":[[2452,990.5],[2242.433,1085.304],[2118,1037.522],[2119.435,1063.5],[2242.993,1111.329],[2243,1111.5],[2243.196,1111.408],[2243.435,1111.5],[2243.431,1111.297],[2451,1013.5]],"c":true},"ix":2},"nm":"路径 1","mn":"ADBE Vector Shape - Group","hd":false},{"ty":"gf","o":{"a":0,"k":30,"ix":10},"r":1,"g":{"p":2,"k":{"a":0,"k":[0,1,1,1,1,0,0,0],"ix":9}},"s":{"a":0,"k":[2268,977],"ix":5},"e":{"a":0,"k":[2278.882,1008.756],"ix":6},"t":1,"nm":"渐变填充 1","mn":"ADBE Vector Graphic - G-Fill","hd":false},{"ty":"tr","p":{"a":0,"k":[0,0],"ix":2},"a":{"a":0,"k":[0,0],"ix":1},"s":{"a":0,"k":[100,100],"ix":3},"r":{"a":0,"k":0,"ix":6},"o":{"a":0,"k":100,"ix":7},"sk":{"a":0,"k":0,"ix":4},"sa":{"a":0,"k":0,"ix":5},"nm":"变换"}],"nm":"组 17","np":2,"cix":2,"ix":17,"mn":"ADBE Vector Group","hd":false}],"ip":175,"op":175,"st":0,"bm":0,"hidden":0},{"ddd":0,"ind":4,"ty":4,"nm":" 4","sr":1,"ks":{"o":{"a":0,"k":100,"ix":11},"r":{"a":0,"k":0,"ix":10},"p":{"a":0,"k":[330,622,0],"ix":2},"a":{"a":0,"k":[3488,-16,0],"ix":1},"s":{"a":0,"k":[61,61,100],"ix":6}},"ao":0,"shapes":[{"ty":"gr","it":[{"ind":0,"ty":"sh","ix":1,"ks":{"a":0,"k":{"i":[[0,-13.255],[38.108,0],[0,13.255],[-38.108,0]],"o":[[0,13.255],[-38.108,0],[0,-13.255],[38.108,0]],"v":[[3574.5,-62.5],[3505.5,-38.5],[3436.5,-62.5],[3505.5,-86.5]],"c":true},"ix":2},"nm":"路径 1","mn":"ADBE Vector Shape - Group","hd":false},{"ty":"fl","c":{"a":0,"k":[0.929411768913,0.952941179276,0.996078431606,1],"ix":4},"o":{"a":0,"k":100,"ix":5},"r":1,"nm":"填充 1","mn":"ADBE Vector Graphic - Fill","hd":false},{"ty":"tr","p":{"a":0,"k":[0,0],"ix":2},"a":{"a":0,"k":[0,0],"ix":1},"s":{"a":0,"k":[100,100],"ix":3},"r":{"a":0,"k":0,"ix":6},"o":{"a":0,"k":100,"ix":7},"sk":{"a":0,"k":0,"ix":4},"sa":{"a":0,"k":0,"ix":5},"nm":"变换"}],"nm":"组 1","np":2,"cix":2,"ix":1,"mn":"ADBE Vector Group","hd":false},{"ty":"gr","it":[{"ind":0,"ty":"sh","ix":1,"ks":{"a":0,"k":{"i":[[0,0],[0,0],[0,0],[-37.144,0],[-1.509,12.791],[0,0],[0,0]],"o":[[0,0],[0,0],[1.509,12.791],[37.144,0],[0,0],[0,0],[0,0]],"v":[[3436.5,-62.5],[3436.5,-12.5],[3436.573,-12.5],[3505.5,10.5],[3574.427,-12.5],[3574.5,-12.5],[3574.5,-62.5]],"c":true},"ix":2},"nm":"路径 1","mn":"ADBE Vector Shape - Group","hd":false},{"ty":"fl","c":{"a":0,"k":[0.86274510622,0.901960790157,1,1],"ix":4},"o":{"a":0,"k":100,"ix":5},"r":1,"nm":"填充 1","mn":"ADBE Vector Graphic - Fill","hd":false},{"ty":"tr","p":{"a":0,"k":[0,0],"ix":2},"a":{"a":0,"k":[0,0],"ix":1},"s":{"a":0,"k":[100,100],"ix":3},"r":{"a":0,"k":0,"ix":6},"o":{"a":0,"k":100,"ix":7},"sk":{"a":0,"k":0,"ix":4},"sa":{"a":0,"k":0,"ix":5},"nm":"变换"}],"nm":"组 2","np":2,"cix":2,"ix":2,"mn":"ADBE Vector Group","hd":false},{"ty":"gr","it":[{"ind":0,"ty":"sh","ix":1,"ks":{"a":0,"k":{"i":[[0,-21.815],[62.408,0],[0,21.815],[-62.408,0]],"o":[[0,21.815],[-62.408,0],[0,-21.815],[62.408,0]],"v":[[3614.5,-11],[3501.5,28.5],[3388.5,-11],[3501.5,-50.5]],"c":true},"ix":2},"nm":"路径 1","mn":"ADBE Vector Shape - Group","hd":false},{"ty":"fl","c":{"a":0,"k":[0.929411768913,0.952941179276,0.996078431606,1],"ix":4},"o":{"a":0,"k":100,"ix":5},"r":1,"nm":"填充 1","mn":"ADBE Vector Graphic - Fill","hd":false},{"ty":"tr","p":{"a":0,"k":[0,0],"ix":2},"a":{"a":0,"k":[0,0],"ix":1},"s":{"a":0,"k":[100,100],"ix":3},"r":{"a":0,"k":0,"ix":6},"o":{"a":0,"k":100,"ix":7},"sk":{"a":0,"k":0,"ix":4},"sa":{"a":0,"k":0,"ix":5},"nm":"变换"}],"nm":"组 3","np":2,"cix":2,"ix":3,"mn":"ADBE Vector Group","hd":false},{"ty":"gr","it":[{"ind":0,"ty":"sh","ix":1,"ks":{"a":0,"k":{"i":[[0,-46.116],[120.122,0],[0,46.116],[-120.122,0]],"o":[[0,46.116],[-120.122,0],[0,-46.116],[120.122,0]],"v":[[3719.5,-12],[3502,71.5],[3284.5,-12],[3502,-95.5]],"c":true},"ix":2},"nm":"路径 1","mn":"ADBE Vector Shape - Group","hd":false},{"ty":"fl","c":{"a":0,"k":[0.9215686274509803,0.9372549019607843,1,1],"ix":4},"o":{"a":0,"k":100,"ix":5},"r":1,"nm":"填充 1","mn":"ADBE Vector Graphic - Fill","hd":false},{"ty":"tr","p":{"a":0,"k":[0,0],"ix":2},"a":{"a":0,"k":[0,0],"ix":1},"s":{"a":0,"k":[100,100],"ix":3},"r":{"a":0,"k":0,"ix":6},"o":{"a":0,"k":100,"ix":7},"sk":{"a":0,"k":0,"ix":4},"sa":{"a":0,"k":0,"ix":5},"nm":"变换"}],"nm":"组 4","np":2,"cix":2,"ix":4,"mn":"ADBE Vector Group","hd":false},{"ty":"gr","it":[{"ind":0,"ty":"sh","ix":1,"ks":{"a":0,"k":{"i":[[0,0],[47.451,0],[35.752,-11.324],[0,0],[0,0],[0,0],[-112.82,0],[-10.861,48.283],[0,0],[0,0]],"o":[[-35.752,-11.324],[-47.451,0],[0,0],[0,0],[0,0],[10.861,48.283],[112.82,0],[0,0],[0,0],[0,0]],"v":[[3631.097,-50.5],[3504,-68.5],[3376.903,-50.5],[3284.5,-15.5],[3286.5,36.5],[3287.569,36.5],[3504,122.5],[3720.431,36.5],[3721.5,36.5],[3719.5,-17.5]],"c":true},"ix":2},"nm":"路径 1","mn":"ADBE Vector Shape - Group","hd":false},{"ty":"fl","c":{"a":0,"k":[0.5803921568627451,0.6392156862745098,0.8431372549019608,1],"ix":4},"o":{"a":0,"k":100,"ix":5},"r":1,"nm":"填充 1","mn":"ADBE Vector Graphic - Fill","hd":false},{"ty":"tr","p":{"a":0,"k":[0,0],"ix":2},"a":{"a":0,"k":[0,0],"ix":1},"s":{"a":0,"k":[100,100],"ix":3},"r":{"a":0,"k":0,"ix":6},"o":{"a":0,"k":100,"ix":7},"sk":{"a":0,"k":0,"ix":4},"sa":{"a":0,"k":0,"ix":5},"nm":"变换"}],"nm":"组 5","np":2,"cix":2,"ix":5,"mn":"ADBE Vector Group","hd":false}],"ip":0,"op":175,"st":0,"bm":0},{"ddd":0,"ind":5,"ty":4,"nm":" 5","td":1,"sr":1,"ks":{"o":{"a":0,"k":100,"ix":11},"r":{"a":0,"k":0,"ix":10},"p":{"a":0,"k":[323,800,0],"ix":2},"a":{"a":0,"k":[3472,288,0],"ix":1},"s":{"a":0,"k":[61,61,100],"ix":6}},"ao":0,"shapes":[{"ty":"gr","it":[{"ind":0,"ty":"sh","ix":1,"ks":{"a":0,"k":{"i":[[0,0],[0,0],[0,0],[0,0],[-95.341,0],[0,26.234],[0.577,1.565]],"o":[[0,0],[0,0],[0,0],[2.938,25.539],[97.202,0],[0,-1.605],[0,0]],"v":[[3686.5,28.5],[3307.5,28.5],[3327.5,558.5],[3327.596,558.5],[3503.5,604.5],[3678.5,553.5],[3678.624,552.243]],"c":true},"ix":2},"nm":"路径 1","mn":"ADBE Vector Shape - Group","hd":false},{"ty":"st","c":{"a":0,"k":[0.949019610882,0.949019610882,0.949019610882,1],"ix":3},"o":{"a":0,"k":100,"ix":4},"w":{"a":0,"k":1,"ix":5},"lc":1,"lj":1,"ml":10,"ml2":{"a":0,"k":10,"ix":8},"nm":"描边 1","mn":"ADBE Vector Graphic - Stroke","hd":false},{"ty":"tr","p":{"a":0,"k":[0,0],"ix":2},"a":{"a":0,"k":[0,0],"ix":1},"s":{"a":0,"k":[100,100],"ix":3},"r":{"a":0,"k":0,"ix":6},"o":{"a":0,"k":100,"ix":7},"sk":{"a":0,"k":0,"ix":4},"sa":{"a":0,"k":0,"ix":5},"nm":"变换"}],"nm":"组 1","np":2,"cix":2,"ix":1,"mn":"ADBE Vector Group","hd":false},{"ty":"fl","c":{"a":0,"k":[1,1,1,1],"ix":4},"o":{"a":0,"k":100,"ix":5},"r":1,"nm":"填充 1","mn":"ADBE Vector Graphic - Fill","hd":false}],"ip":0,"op":175,"st":0,"bm":0},{"ddd":0,"ind":6,"ty":4,"nm":"形状图层 2","tt":1,"sr":1,"ks":{"o":{"a":0,"k":100,"ix":11},"r":{"a":0,"k":0,"ix":10},"p":{"a":1,"k":[{"i":{"x":0.833,"y":0.833},"o":{"x":0.167,"y":0.167},"n":"0p833_0p833_0p167_0p167","t":0,"s":[131,959,0],"e":[479,959,0],"to":[58,0,0],"ti":[0,0,0]},{"i":{"x":0.833,"y":0.833},"o":{"x":0.167,"y":0.167},"n":"0p833_0p833_0p167_0p167","t":50,"s":[479,959,0],"e":[131,959,0],"to":[0,0,0],"ti":[0,0,0]},{"i":{"x":0.833,"y":0.833},"o":{"x":0.167,"y":0.167},"n":"0p833_0p833_0p167_0p167","t":51,"s":[131,959,0],"e":[479,959,0],"to":[0,0,0],"ti":[-58,0,0]},{"t":101}],"ix":2},"a":{"a":0,"k":[32,316,0],"ix":1},"s":{"a":0,"k":[100,100,100],"ix":6}},"ao":0,"shapes":[{"ty":"gr","it":[{"ind":0,"ty":"sh","ix":1,"ks":{"a":1,"k":[{"i":{"x":0.833,"y":0.833},"o":{"x":0.167,"y":0.167},"n":"0p833_0p833_0p167_0p167","t":0,"s":[{"i":[[35.731,22.069],[31.14,-11.012],[0,0],[0,0],[0,0],[14,-2],[21.88,-2.874]],"o":[[-38.313,-23.664],[-24.128,8.533],[0,0],[0,0],[0,0],[-6.644,0.949],[-24.228,3.182]],"v":[[42,372],[-71.481,366.794],[-112,386],[-127,565],[200,498],[178,382],[133.825,393.077]],"c":true}],"e":[{"i":[[25.917,16.008],[27.416,-5.728],[0,0],[0,0],[0,0],[14,-2],[33.141,1.017]],"o":[[-28.895,-17.847],[-37.103,7.751],[0,0],[0,0],[0,0],[-8.664,1.238],[-20.41,-0.626]],"v":[[42,235.92],[-49.376,299.649],[-112,249.92],[-127,565],[200,498],[178,245.92],[119.998,296.103]],"c":true}]},{"i":{"x":0.833,"y":0.833},"o":{"x":0.167,"y":0.167},"n":"0p833_0p833_0p167_0p167","t":18,"s":[{"i":[[25.917,16.008],[27.416,-5.728],[0,0],[0,0],[0,0],[14,-2],[33.141,1.017]],"o":[[-28.895,-17.847],[-37.103,7.751],[0,0],[0,0],[0,0],[-8.664,1.238],[-20.41,-0.626]],"v":[[42,235.92],[-49.376,299.649],[-112,249.92],[-127,565],[200,498],[178,245.92],[119.998,296.103]],"c":true}],"e":[{"i":[[35.731,22.069],[31.14,-11.012],[0,0],[0,0],[0,0],[14,-2],[21.88,-2.874]],"o":[[-38.313,-23.664],[-24.128,8.533],[0,0],[0,0],[0,0],[-6.644,0.949],[-24.228,3.182]],"v":[[42,-6],[-71.481,-11.206],[-112,8],[-127,565],[200,498],[178,4],[133.825,15.077]],"c":true}]},{"i":{"x":0.833,"y":0.833},"o":{"x":0.167,"y":0.167},"n":"0p833_0p833_0p167_0p167","t":50,"s":[{"i":[[35.731,22.069],[31.14,-11.012],[0,0],[0,0],[0,0],[14,-2],[21.88,-2.874]],"o":[[-38.313,-23.664],[-24.128,8.533],[0,0],[0,0],[0,0],[-6.644,0.949],[-24.228,3.182]],"v":[[42,-6],[-71.481,-11.206],[-112,8],[-127,565],[200,498],[178,4],[133.825,15.077]],"c":true}],"e":[{"i":[[35.731,22.069],[31.14,-11.012],[0,0],[0,0],[0,0],[14,-2],[21.88,-2.874]],"o":[[-38.313,-23.664],[-24.128,8.533],[0,0],[0,0],[0,0],[-6.644,0.949],[-24.228,3.182]],"v":[[42,372],[-71.481,366.794],[-112,386],[-127,565],[200,498],[178,382],[133.825,393.077]],"c":true}]},{"i":{"x":0.833,"y":0.833},"o":{"x":0.167,"y":0.167},"n":"0p833_0p833_0p167_0p167","t":51,"s":[{"i":[[35.731,22.069],[31.14,-11.012],[0,0],[0,0],[0,0],[14,-2],[21.88,-2.874]],"o":[[-38.313,-23.664],[-24.128,8.533],[0,0],[0,0],[0,0],[-6.644,0.949],[-24.228,3.182]],"v":[[42,372],[-71.481,366.794],[-112,386],[-127,565],[200,498],[178,382],[133.825,393.077]],"c":true}],"e":[{"i":[[25.917,16.008],[27.416,-5.728],[0,0],[0,0],[0,0],[14,-2],[33.141,1.017]],"o":[[-28.895,-17.847],[-37.103,7.751],[0,0],[0,0],[0,0],[-8.664,1.238],[-20.41,-0.626]],"v":[[42,235.92],[-49.376,299.649],[-112,249.92],[-127,565],[200,498],[178,245.92],[119.998,296.103]],"c":true}]},{"i":{"x":0.833,"y":0.833},"o":{"x":0.167,"y":0.167},"n":"0p833_0p833_0p167_0p167","t":69,"s":[{"i":[[25.917,16.008],[27.416,-5.728],[0,0],[0,0],[0,0],[14,-2],[33.141,1.017]],"o":[[-28.895,-17.847],[-37.103,7.751],[0,0],[0,0],[0,0],[-8.664,1.238],[-20.41,-0.626]],"v":[[42,235.92],[-49.376,299.649],[-112,249.92],[-127,565],[200,498],[178,245.92],[119.998,296.103]],"c":true}],"e":[{"i":[[35.731,22.069],[31.14,-11.012],[0,0],[0,0],[0,0],[14,-2],[21.88,-2.874]],"o":[[-38.313,-23.664],[-24.128,8.533],[0,0],[0,0],[0,0],[-6.644,0.949],[-24.228,3.182]],"v":[[42,-6],[-71.481,-11.206],[-112,8],[-127,565],[200,498],[178,4],[133.825,15.077]],"c":true}]},{"t":101}],"ix":2},"nm":"路径 1","mn":"ADBE Vector Shape - Group","hd":false},{"ty":"st","c":{"a":0,"k":[1,1,1,1],"ix":3},"o":{"a":0,"k":100,"ix":4},"w":{"a":0,"k":2,"ix":5},"lc":1,"lj":1,"ml":4,"ml2":{"a":0,"k":4,"ix":8},"nm":"描边 1","mn":"ADBE Vector Graphic - Stroke","hd":true},{"ty":"tr","p":{"a":0,"k":[0,0],"ix":2},"a":{"a":0,"k":[0,0],"ix":1},"s":{"a":0,"k":[205.473,100],"ix":3},"r":{"a":0,"k":0,"ix":6},"o":{"a":0,"k":100,"ix":7},"sk":{"a":0,"k":0,"ix":4},"sa":{"a":0,"k":0,"ix":5},"nm":"变换"}],"nm":"形状 1","np":2,"cix":2,"ix":1,"mn":"ADBE Vector Group","hd":false},{"ty":"fl","c":{"a":0,"k":[0.16862745098039217,0.984313725490196,0.9882352941176471,1],"ix":4},"o":{"a":0,"k":100,"ix":5},"r":1,"nm":"填充 1","mn":"ADBE Vector Graphic - Fill","hd":false}],"ip":0,"op":175,"st":0,"bm":0},{"ddd":0,"ind":7,"ty":4,"nm":" 3","sr":1,"ks":{"o":{"a":0,"k":100,"ix":11},"r":{"a":0,"k":0,"ix":10},"p":{"a":0,"k":[323,800,0],"ix":2},"a":{"a":0,"k":[3472,288,0],"ix":1},"s":{"a":0,"k":[61,61,100],"ix":6}},"ao":0,"shapes":[{"ty":"gr","it":[{"ind":0,"ty":"sh","ix":1,"ks":{"a":0,"k":{"i":[[0,0],[0,0],[0,0],[0,0],[-95.341,0],[0,26.234],[0.577,1.565]],"o":[[0,0],[0,0],[0,0],[2.938,25.539],[97.202,0],[0,-1.605],[0,0]],"v":[[3686.5,28.5],[3307.5,28.5],[3327.5,558.5],[3327.596,558.5],[3503.5,604.5],[3678.5,553.5],[3678.624,552.243]],"c":true},"ix":2},"nm":"路径 1","mn":"ADBE Vector Shape - Group","hd":false},{"ty":"st","c":{"a":0,"k":[0.949019610882,0.949019610882,0.949019610882,1],"ix":3},"o":{"a":0,"k":100,"ix":4},"w":{"a":0,"k":1,"ix":5},"lc":1,"lj":1,"ml":10,"ml2":{"a":0,"k":10,"ix":8},"nm":"描边 1","mn":"ADBE Vector Graphic - Stroke","hd":false},{"ty":"tr","p":{"a":0,"k":[0,0],"ix":2},"a":{"a":0,"k":[0,0],"ix":1},"s":{"a":0,"k":[100,100],"ix":3},"r":{"a":0,"k":0,"ix":6},"o":{"a":0,"k":100,"ix":7},"sk":{"a":0,"k":0,"ix":4},"sa":{"a":0,"k":0,"ix":5},"nm":"变换"}],"nm":"组 1","np":2,"cix":2,"ix":1,"mn":"ADBE Vector Group","hd":false},{"ty":"fl","c":{"a":0,"k":[1,1,1,1],"ix":4},"o":{"a":0,"k":30,"ix":5},"r":1,"nm":"填充 1","mn":"ADBE Vector Graphic - Fill","hd":false}],"ip":0,"op":175,"st":0,"bm":0},{"ddd":0,"ind":8,"ty":4,"nm":"隔离模式","sr":1,"ks":{"o":{"a":0,"k":100,"ix":11},"r":{"a":0,"k":0,"ix":10},"p":{"a":0,"k":[332,982,0],"ix":2},"a":{"a":0,"k":[3488,584,0],"ix":1},"s":{"a":0,"k":[61,61,100],"ix":6}},"ao":0,"shapes":[{"ty":"gr","it":[{"ind":0,"ty":"sh","ix":1,"ks":{"a":0,"k":{"i":[[0,-41.25],[109.535,0],[0,41.25],[-109.535,0]],"o":[[0,41.25],[-109.535,0],[0,-41.25],[109.535,0]],"v":[[3702.16,551.69],[3503.83,626.381],[3305.5,551.69],[3503.83,477]],"c":true},"ix":2},"nm":"路径 1","mn":"ADBE Vector Shape - Group","hd":false},{"ty":"fl","c":{"a":0,"k":[0.9215686274509803,0.9372549019607843,1,1],"ix":4},"o":{"a":0,"k":100,"ix":5},"r":1,"nm":"填充 1","mn":"ADBE Vector Graphic - Fill","hd":false},{"ty":"tr","p":{"a":0,"k":[0,0],"ix":2},"a":{"a":0,"k":[0,0],"ix":1},"s":{"a":0,"k":[100,100],"ix":3},"r":{"a":0,"k":0,"ix":6},"o":{"a":0,"k":100,"ix":7},"sk":{"a":0,"k":0,"ix":4},"sa":{"a":0,"k":0,"ix":5},"nm":"变换"}],"nm":"组 1","np":2,"cix":2,"ix":1,"mn":"ADBE Vector Group","hd":false},{"ty":"gr","it":[{"ind":0,"ty":"sh","ix":1,"ks":{"a":0,"k":{"i":[[0,0],[0,0],[42.319,0],[32.203,-8.505],[0,0],[0,0],[0,0],[-104.343,0],[-7.873,38.535],[0,0]],"o":[[0,0],[-32.203,-8.505],[-42.319,0],[0,0],[0,0],[0,0],[7.873,38.535],[104.343,0],[0,0],[0,0]],"v":[[3702.5,561.5],[3617.568,561.5],[3503.83,548],[3390.092,561.5],[3305.5,561.5],[3305.5,628.5],[3306.093,628.5],[3503.83,697.381],[3701.567,628.5],[3702.5,628.5]],"c":true},"ix":2},"nm":"路径 1","mn":"ADBE Vector Shape - Group","hd":false},{"ty":"fl","c":{"a":0,"k":[0.5803921568627451,0.6392156862745098,0.8431372549019608,1],"ix":4},"o":{"a":0,"k":100,"ix":5},"r":1,"nm":"填充 1","mn":"ADBE Vector Graphic - Fill","hd":false},{"ty":"tr","p":{"a":0,"k":[0,0],"ix":2},"a":{"a":0,"k":[0,0],"ix":1},"s":{"a":0,"k":[100,100],"ix":3},"r":{"a":0,"k":0,"ix":6},"o":{"a":0,"k":100,"ix":7},"sk":{"a":0,"k":0,"ix":4},"sa":{"a":0,"k":0,"ix":5},"nm":"变换"}],"nm":"组 2","np":2,"cix":2,"ix":2,"mn":"ADBE Vector Group","hd":false},{"ty":"gr","it":[{"ind":0,"ty":"sh","ix":1,"ks":{"a":0,"k":{"i":[[0,0],[0,0],[0,0],[0,0],[0,0],[0,0]],"o":[[0,0],[0,0],[0,0],[0,0],[0,0],[0,0]],"v":[[3306.5,627.5],[3145,691],[3383,787],[3655,671],[3703.5,627.5],[3308.5,619.5]],"c":true},"ix":2},"nm":"路径 1","mn":"ADBE Vector Shape - Group","hd":false},{"ty":"gf","o":{"a":0,"k":30,"ix":10},"r":1,"g":{"p":2,"k":{"a":0,"k":[0,0.06274509803921569,0.13725490196078433,0.3686274509803922,1,0.054901960784313725,0.11372549019607843,0.3215686274509804],"ix":9}},"s":{"a":0,"k":[3163,778],"ix":5},"e":{"a":0,"k":[3669.99,569.099],"ix":6},"t":1,"nm":"渐变填充 1","mn":"ADBE Vector Graphic - G-Fill","hd":false},{"ty":"tr","p":{"a":0,"k":[0,0],"ix":2},"a":{"a":0,"k":[0,0],"ix":1},"s":{"a":0,"k":[100,100],"ix":3},"r":{"a":0,"k":0,"ix":6},"o":{"a":0,"k":100,"ix":7},"sk":{"a":0,"k":0,"ix":4},"sa":{"a":0,"k":0,"ix":5},"nm":"变换"}],"nm":"组 3","np":2,"cix":2,"ix":3,"mn":"ADBE Vector Group","hd":false}],"ip":0,"op":175,"st":0,"bm":0},{"ddd":0,"ind":9,"ty":4,"nm":"","sr":1,"ks":{"o":{"a":0,"k":100,"ix":11},"r":{"a":0,"k":0,"ix":10},"p":{"a":0,"k":[396,1026,0],"ix":2},"a":{"a":0,"k":[2176,754,0],"ix":1},"s":{"a":0,"k":[57,57,100],"ix":6}},"ao":0,"shapes":[{"ty":"gr","it":[{"ind":0,"ty":"sh","ix":1,"ks":{"a":0,"k":{"i":[[-8.195,3.136],[0,0],[-2.205,-0.796],[0,0],[8.142,-3.503],[0,0],[2.466,1.06],[0,0]],"o":[[0,0],[2.19,-0.838],[0,0],[8.337,3.01],[0,0],[-2.466,1.061],[0,0],[-8.061,-3.466]],"v":[[1745.1,718.278],[2314.891,503.159],[2321.704,503.094],[2606.323,614.733],[2606.866,632.907],[2050.913,858.391],[2043.188,858.391],[1744.732,736.389]],"c":true},"ix":2},"nm":"路径 1","mn":"ADBE Vector Shape - Group","hd":false},{"ty":"fl","c":{"a":0,"k":[0.184313729405,0.549019634724,0.929411768913,1],"ix":4},"o":{"a":0,"k":100,"ix":5},"r":1,"nm":"填充 1","mn":"ADBE Vector Graphic - Fill","hd":false},{"ty":"tr","p":{"a":0,"k":[0,0],"ix":2},"a":{"a":0,"k":[0,0],"ix":1},"s":{"a":0,"k":[100,100],"ix":3},"r":{"a":0,"k":0,"ix":6},"o":{"a":0,"k":100,"ix":7},"sk":{"a":0,"k":0,"ix":4},"sa":{"a":0,"k":0,"ix":5},"nm":"变换"}],"nm":"组 1","np":2,"cix":2,"ix":1,"mn":"ADBE Vector Group","hd":false},{"ty":"gr","it":[{"ind":0,"ty":"sh","ix":1,"ks":{"a":0,"k":{"i":[[0.989,-0.09],[0,0],[2.515,22.631],[0,0],[-3.169,-1.297],[0,0],[-2.288,0.958],[0,0],[2.204,4.809],[0,0],[4.498,-1.41],[0,0],[1.623,0.375],[0,0]],"o":[[0,0],[-15.724,4.386],[0,0],[0.378,3.404],[0,0],[2.296,0.94],[0,0],[4.879,-2.043],[0,0],[-1.964,-4.285],[0,0],[-1.589,0.498],[0,0],[-0.968,-0.224]],"v":[[1742.724,725.614],[1780.724,711.614],[1778.217,708.478],[1739.217,722.478],[1740.359,746.583],[2040.632,870.01],[2047.791,869.982],[2607.295,646.214],[2611.217,619.478],[2608.653,625.975],[2597.348,620.945],[2087.644,780.718],[2082.739,780.906],[1745.678,725.816]],"c":true},"ix":2},"nm":"路径 1","mn":"ADBE Vector Shape - Group","hd":false},{"ty":"fl","c":{"a":0,"k":[0.270588248968,0.717647075653,0.996078431606,1],"ix":4},"o":{"a":0,"k":100,"ix":5},"r":1,"nm":"填充 1","mn":"ADBE Vector Graphic - Fill","hd":false},{"ty":"tr","p":{"a":0,"k":[0,0],"ix":2},"a":{"a":0,"k":[0,0],"ix":1},"s":{"a":0,"k":[100,100],"ix":3},"r":{"a":0,"k":0,"ix":6},"o":{"a":0,"k":100,"ix":7},"sk":{"a":0,"k":0,"ix":4},"sa":{"a":0,"k":0,"ix":5},"nm":"变换"}],"nm":"组 2","np":2,"cix":2,"ix":2,"mn":"ADBE Vector Group","hd":false},{"ty":"gr","it":[{"ind":0,"ty":"sh","ix":1,"ks":{"a":0,"k":{"i":[[0,-4.418],[4.418,0],[0,4.418],[-4.418,0]],"o":[[0,4.418],[-4.418,0],[0,-4.418],[4.418,0]],"v":[[2517.217,566.478],[2509.217,574.478],[2501.217,566.478],[2509.217,558.478]],"c":true},"ix":2},"nm":"路径 1","mn":"ADBE Vector Shape - Group","hd":false},{"ty":"fl","c":{"a":0,"k":[0.176470592618,0.537254929543,0.913725495338,1],"ix":4},"o":{"a":0,"k":100,"ix":5},"r":1,"nm":"填充 1","mn":"ADBE Vector Graphic - Fill","hd":false},{"ty":"tr","p":{"a":0,"k":[3.07,-3.509],"ix":2},"a":{"a":0,"k":[0,0],"ix":1},"s":{"a":0,"k":[100,100],"ix":3},"r":{"a":0,"k":-0.005,"ix":6},"o":{"a":0,"k":100,"ix":7},"sk":{"a":0,"k":0,"ix":4},"sa":{"a":0,"k":0,"ix":5},"nm":"变换"}],"nm":"组 3","np":2,"cix":2,"ix":3,"mn":"ADBE Vector Group","hd":false},{"ty":"gr","it":[{"ind":0,"ty":"sh","ix":1,"ks":{"a":0,"k":{"i":[[4.635,1.796],[0,0],[-1.796,4.635],[0,0],[-4.635,-1.796],[0,0],[1.796,-4.635],[0,0]],"o":[[0,0],[-4.635,-1.796],[0,0],[1.796,-4.635],[0,0],[4.635,1.796],[0,0],[-1.796,4.635]],"v":[[2486.1,565.539],[2433.887,545.304],[2428.748,533.66],[2428.748,533.66],[2440.392,528.52],[2492.604,548.755],[2497.744,560.399],[2497.744,560.399]],"c":true},"ix":2},"nm":"路径 1","mn":"ADBE Vector Shape - Group","hd":false},{"ty":"fl","c":{"a":0,"k":[0.176470592618,0.537254929543,0.913725495338,1],"ix":4},"o":{"a":0,"k":100,"ix":5},"r":1,"nm":"填充 1","mn":"ADBE Vector Graphic - Fill","hd":false},{"ty":"tr","p":{"a":0,"k":[2434.649,543.86],"ix":2},"a":{"a":0,"k":[2428.02,547.59],"ix":1},"s":{"a":0,"k":[90.348,66.37],"ix":3},"r":{"a":0,"k":3.177,"ix":6},"o":{"a":0,"k":100,"ix":7},"sk":{"a":0,"k":0,"ix":4},"sa":{"a":0,"k":0,"ix":5},"nm":"变换"}],"nm":"组 4","np":2,"cix":2,"ix":4,"mn":"ADBE Vector Group","hd":false},{"ty":"gr","it":[{"ind":0,"ty":"sh","ix":1,"ks":{"a":0,"k":{"i":[[-11.244,4.302],[0,0],[-3.026,-1.092],[0,0],[11.172,-4.806],[0,0],[3.383,1.455],[0,0]],"o":[[0,0],[3.005,-1.15],[0,0],[11.439,4.13],[0,0],[-3.383,1.455],[0,0],[-11.06,-4.756]],"v":[[1656.061,738.676],[2323.56,483.26],[2332.908,483.172],[2681.297,608.954],[2682.043,633.89],[2023.517,917.198],[2012.918,917.199],[1655.556,763.525]],"c":true},"ix":2},"nm":"路径 1","mn":"ADBE Vector Shape - Group","hd":false},{"ty":"fl","c":{"a":0,"k":[1,1,1,1],"ix":4},"o":{"a":0,"k":100,"ix":5},"r":1,"nm":"填充 1","mn":"ADBE Vector Graphic - Fill","hd":false},{"ty":"tr","p":{"a":0,"k":[0,0],"ix":2},"a":{"a":0,"k":[0,0],"ix":1},"s":{"a":0,"k":[100,100],"ix":3},"r":{"a":0,"k":0,"ix":6},"o":{"a":0,"k":100,"ix":7},"sk":{"a":0,"k":0,"ix":4},"sa":{"a":0,"k":0,"ix":5},"nm":"变换"}],"nm":"组 5","np":2,"cix":2,"ix":5,"mn":"ADBE Vector Group","hd":false},{"ty":"gr","it":[{"ind":0,"ty":"sh","ix":1,"ks":{"a":0,"k":{"i":[[-11.825,-5.114],[0,0],[-19.461,8.231],[0,0],[4.133,16.419],[0,0],[0,0],[0,0],[0,0]],"o":[[0,0],[19.394,8.387],[0,0],[15.594,-6.596],[0,0],[0,0],[0,0],[0,0],[-1.745,12.765]],"v":[[1666.22,821.128],[1985.852,959.347],[2046.687,959.591],[2677.118,692.94],[2689.217,616.478],[2688.522,619.13],[2026.217,855.478],[1647.217,748.478],[1649.169,790.886]],"c":true},"ix":2},"nm":"路径 1","mn":"ADBE Vector Shape - Group","hd":false},{"ty":"fl","c":{"a":0,"k":[0.796078443527,0.92549020052,1,1],"ix":4},"o":{"a":0,"k":100,"ix":5},"r":1,"nm":"填充 1","mn":"ADBE Vector Graphic - Fill","hd":false},{"ty":"tr","p":{"a":0,"k":[0,0],"ix":2},"a":{"a":0,"k":[0,0],"ix":1},"s":{"a":0,"k":[100,100],"ix":3},"r":{"a":0,"k":0,"ix":6},"o":{"a":0,"k":100,"ix":7},"sk":{"a":0,"k":0,"ix":4},"sa":{"a":0,"k":0,"ix":5},"nm":"变换"}],"nm":"组 6","np":2,"cix":2,"ix":6,"mn":"ADBE Vector Group","hd":false},{"ty":"gr","it":[{"ind":0,"ty":"sh","ix":1,"ks":{"a":0,"k":{"i":[[-11.825,-5.114],[0,0],[-19.461,8.231],[0,0],[4.133,16.419],[0,0],[0,0],[0,0],[0,0]],"o":[[0,0],[19.394,8.387],[0,0],[15.594,-6.596],[0,0],[0,0],[0,0],[0,0],[-1.745,12.765]],"v":[[1666.22,880.128],[1985.852,1018.347],[2046.687,1018.591],[2677.118,751.94],[2689.217,675.478],[2688.522,678.13],[2026.217,914.478],[1647.217,807.478],[1649.169,849.886]],"c":true},"ix":2},"nm":"路径 1","mn":"ADBE Vector Shape - Group","hd":false},{"ty":"gf","o":{"a":0,"k":30,"ix":10},"r":1,"g":{"p":2,"k":{"a":0,"k":[0,1,1,1,1,0,0,0],"ix":9}},"s":{"a":0,"k":[1647,850],"ix":5},"e":{"a":0,"k":[2691.168,850],"ix":6},"t":1,"nm":"渐变填充 1","mn":"ADBE Vector Graphic - G-Fill","hd":false},{"ty":"tr","p":{"a":0,"k":[0,0],"ix":2},"a":{"a":0,"k":[0,0],"ix":1},"s":{"a":0,"k":[100,100],"ix":3},"r":{"a":0,"k":0,"ix":6},"o":{"a":0,"k":100,"ix":7},"sk":{"a":0,"k":0,"ix":4},"sa":{"a":0,"k":0,"ix":5},"nm":"变换"}],"nm":"组 7","np":2,"cix":2,"ix":7,"mn":"ADBE Vector Group","hd":false}],"ip":175,"op":175,"st":0,"bm":0,"hidden":0}],"markers":[]}