<?xml version="1.0" encoding="utf-8" ?>
<ROOT>
<ACE-OF-CUPS-ONE >Kartu ini menunjukkan keinginan Anda untuk masuk ke hal-hal penting secara emosional. Saat ini adalah waktu untuk membiarkan hati Anda mengarahkan kemana jalan yang terbaik untuk Ana. Anda harus mempercayai intuisi Anda dan melakukan apa yang Anda rasakan tepat secara emosional. Anda mungkin akan merasakan ikatan erat dari kasih sayang dan cinta. Kehidupan cinta Anda kemungkinan besar tetap kuat dan bersinar terang. </ACE-OF-CUPS-ONE >
<TWO-OF-CUPS-ONE >Kartu ini terutama menunjukkan ikatan erat, perdamaian dan kasih sayang. Kartu ini adalah tentang membuat koneksi / kemitraan baru dalam hal cinta, pekerjaan, persahabatan atau di tempat lain. Saat ini adalah waktu untuk datang bersama-sama dan tidak terpisah satu sama lain. Jika ada konflik dalam beberapa hubungan / kemitraan, hiraukan perbedaan dan bawalah perdamaian. Maafkan dan lupakan. Buatlah hubungan baru yang lebih erat dan maju ke depan dengan optimisme. </TWO-OF-CUPS-ONE >
<THREE-OF-CUPS-ONE >Kartu ini menunjukkan semangat dan keinginan terhadap kehidupan Anda semakin meningkat. Anda akan menemukan diri Anda menikmati semua hal-hal kecil yang datang dengan cara Anda. Anda akan menghabiskan waktu bersama-sama dengan teman-teman lama dan membangun ikatan kepercayaan yang lebih kuat dengan mereka. Anda akan membuat kontak dan menjalin persahabatan baru. Anda mungkin menemukan diri Anda bekerja dalam sebuah tim / kelompok untuk mencapai tujuan bersama. </THREE-OF-CUPS-ONE >
<FOUR-OF-CUPS-ONE >Kartu ini mempresentasikan waktu untuk merenung dan introspeksi pikiran Anda dan kehidupan. Anda mungkin menemukan diri Anda dalam berada dalam situasi yang tidak diinginkan. Kadang-kadang, Anda mungkin merasa apatis dan mungkin kurang motivasi. Anda perlu membuka diri untuk segala kemungkinan baru untuk menemukan arah yang telah lama Anda cari. Mencoba untuk lebih terbuka dan mendengarkan orang lain untuk menemukan jalan keluar. </FOUR-OF-CUPS-ONE >
<FIVE-OF-CUPS-ONE >Kartu ini menandakan hilangnya harapan, kekecewaan dan kekesalan dalam hidup atas peristiwa masa lalu. Anda mungkin merasa tersesat atau kalah karena sesuatu yang telah terjadi. Anda mungkin menyesali keputusan masa lalu Anda dan mungkin ingin kembali ke masa lalu untuk mengubah keputusan Anda. Anda mengakui kesalahan Anda, tetapi Anda tidak berpikir tentang apa yang tersisa. Anda perlu untuk melepaskan masa lalu, melihat kembali ke masa sekarang dan bekerja menuju masa depan. </FIVE-OF-CUPS-ONE >
<SIX-OF-CUPS-ONE >Kartu ini menunjukkan kebaikan hatu dan kepolosan Anda dalam menjalani kehidupan. Anda senang untuk menyebarkan sukacita tanpa motif pribadi. Anda mungkin merasa diberkati dan menikmati membantu orang lain. Anda mungkin mulai melihat hal-hal kecil di sekitar dan akan mencari kepuasan pada kesenangan-kesenangan kecil. Anda mungkin mendapat nostalgia tentang masa kecil Anda. Anda juga mungkin mendapatkan cinta sejati dalam waktu dekat. </SIX-OF-CUPS-ONE >
<SEVEN-OF-CUPS-ONE >Kartu ini membaca tentang ilusi dan mimpi. Anda mungkin akan membiarkan pikiran Anda berjalan liar dengan imajinasi dan tidak fokus terhadap realitas kehidupan. Anda menghadapi waktu di mana Anda dapat melihat banyak pilihan. Ada kemungkinan Anda mengabaikan kesehatan Anda dan berlebihan dalam makan/minum. Kemalasan dan menunda pekerjaan adalah musuh utama Anda. </SEVEN-OF-CUPS-ONE >
<EIGHT-OF-CUPS-ONE >Kartu ini menunjukkan langkah Anda untuk mencari makna yang lebih dalam hidup. Anda ingin memisahkan masalah kehidupan dan meninggalkan situasi putus asa. Anda mungkin cenderung mencari kebahagiaan sejati bukan hanya berfokus mencari kebahagiaan semu. Anda akan mencari sukacita dalam diri dan mungkin cenderung untuk menjauh dari masa lalu. Anda mungkin mencurahkan lebih banyak waktu untuk kegiatan spiritual. </EIGHT-OF-CUPS-ONE >
<NINE-OF-CUPS-ONE >Kartu ini menunjukkan pemenuhan keinginan. Anda akan mendapatkan apa yang Anda benar-benar layak dan inginkan. Anda mungkin merasa lebih puas dalam hidup, karena sukses ada di tangan Anda. Impian Anda mungkin menjadi kenyataan dan mimpi yang sudah lama Anda tunggu akhirnya mungkin dapat tercapai. Anda ingin mengalami dan menghargai kehidupan mewah. Relaksasi adalah apa yang Anda inginkan sekarang. Menikmati waktu yang baik selama Anda bisa. </NINE-OF-CUPS-ONE >
<TEN-OF-CUPS-ONE >Kartu ini mencerminkan datangnya sukacita dan damai dalam hidup Anda. Anda dapat merasakan kebahagiaan yang ada di sekitar dan merasakan kesejahteraan. Anda merasakan stres dan ketegangan semakin berkurang dan kehidupan menjadi mudah dan harmonis. Anda akan fokus pada cinta dan persahabatan dan mencapai tingkatan yang tinggi di keduanya. Anda akan tetap berdedikasi terhadap keluarga dan akan menikmati pertemuan sosial dan acara yang melibatkan keluarga. </TEN-OF-CUPS-ONE >
<PAGE-OF-CUPS-ONE >Kartu ini mencerminkan sisi emosional Anda. Anda cenderung untuk mengikuti kata hati daripada pikiran Anda. Anda cenderung merasa sentimental dan tersentuh dengan hal-hal kecil. Anda melihat ke dalam diri sendiri dan percaya intuisi Anda sebagai panduan. Ini adalah saat yang tepat untuk berada dalam hubungan romantis di mana Anda akan secara emosional dekat dengan orang tersebut. Persahabatan yang lebih erat harus dikembangkan. Saat ini juga merupakan waktu untuk memperbaiki hubungan yang rusak. </PAGE-OF-CUPS-ONE >
<KNIGHT-OF-CUPS-ONE >Kartu ini terkait dengan emosi yang indah dan juga mengisyaratkan tentang kelebihannya. Kadang-kadang, Anda mungkin merasa sentimental karena cinta, tapi mungkin akan berlebihan dalam mengekspresikan cinta Anda. Kecemburuan bisa merayap dalam percintaan Anda. Anda sensitif tetapi pada suatu waktu, Anda cenderung terluka sangat mudah. Anda ramah dan cerdas. Anda bermimpi hal-hal besar untuk diri sendiri tetapi dengan mudah berputus asa. </KNIGHT-OF-CUPS-ONE >
<QUEEN-OF-CUPS-ONE >Kartu ini menandakan sensitivitas dan kematangan dalam menangani emosi. Anda mungkin menunjukkan pendekatan penuh perhatian dan bijaksana terhadap setiap situasi yang Anda hadapi. Anda cenderung untuk terhubung dengan sisi spiritual Anda dan menghargai makna yang lebih dalam hidup. Anda sabar dalam menjalani hidup. Anda berempati dengan orang lain, bersikap baik dan lembut terhadap yang lemah. Anda cenderung untuk memahami hal-hal tanpa bertanya. </QUEEN-OF-CUPS-ONE >
<KING-OF-CUPS-ONE >Kartu ini menandakan sikap yang bijak dan toleran. Anda mungkin memiliki pemahaman yang mendalam tentang sifat manusia. Anda bisa menjadi guru yang baik. Anda dapat tetap tenang dalam krisis dan membantu dalam menyelesaikan saat-saat menegangkan. Anda tahu apa yang harus dikatakan. Anda merasa kasihan untuk orang yang kurang beruntung. Anda mungkin menjadi orang yang berwawasan luas dengan pandangan diplomatis. Keterampilan kepemimpinan adalah aset Anda. </KING-OF-CUPS-ONE >
<ACE-OF-PENTACLES-ONE >Kartu ini menyarankan Anda untuk menyatukan kekuatan mental yang Anda miliki dan fokus ke arah tujuan Anda. Anda mungkin melihat usaha Anda berubah menjadi hasil yang Anda inginkan. Hal ini pada akhirnya akan membawa pertumbuhan dalam karir dan kehidupan Anda dan membangun pola pikir positif untuk Anda. Anda harus bertindak dengan cara yang praktis dan realistis dalam kehidupan. Melanjutkan dengan iman dan menaruh kepercayaan pada orang lain akan bermanfaat bagi Anda. </ACE-OF-PENTACLES-ONE >
<TWO-OF-PENTACLES-ONE >Kartu ini berbicara tentang adaptasi dan kesesuaian terhadap kehidupan. Anda akan mampu menyeimbangkan semua hal yang Anda hadapi dan akan bergerak maju dengan langkah stabil tapi cepat. Anda akan terbuka untuk ide-ide dan kemungkinan baru, baik dalam kehidupan pribadi dan profesional. Anda secara efisien akan mengelola perubahan yang terjadi dan bersenang-senang pada saat yang sama. Bekerja dan bermain akan terjadi bersama-sama. </TWO-OF-PENTACLES-ONE >
<THREE-OF-PENTACLES-ONE >Potensi Anda bekerja sebagai pemain tim yang sangat baik digarisbawahi oleh kartu ini. Anda akan sangat terkordinasi dan memotivasi dalam tugas-tugas yang Anda ambil. Anda mungkin cenderung cukup terorganisir dalam pendekatan Anda. Dengan kompetensi Anda, Anda akan mencapai kesempurnaan dalam pekerjaan Anda dan akan dapat memenuhi tujuan Anda. Dengan demikian, Anda akan membuktikan kemampuan Anda untuk siapa saja yang meragukannya. </THREE-OF-PENTACLES-ONE >
<FOUR-OF-PENTACLES-ONE >Kartu ini menyoroti nuansa posesif dan ketahanan terhadap perubahan yang Anda miliki. Anda mungkin cenderung menimbun hal-hal materialistis dan tidak berbagi dengan orang lain. Keserakahan dapat memerintah pikiran Anda. Anda dapat mencoba untuk mengambil kendali dari hal-hal yang mengelilingi Anda dan menuntut semua hal harus dilakukan dengan cara Anda. Anda juga mungkin cenderung menjaga hal-hal untuk tidak terganggu dan tidak berubah, sehingga membawa stagnasi umum di sebagian besar aspek kehidupan. </FOUR-OF-PENTACLES-ONE >
<FIVE-OF-PENTACLES-ONE >Kartu ini menunjukkan Anda sedang berada di fase masa sulit, baik secara emosional dan fisik. Anda mungkin mengalami beberapa jenis masalah keuangan atau masalah dapat muncul di tempat kerja Anda. Anda mungkin merasa keterampilan yang Anda miliki kurang untuk berkembang dalam kehidupan. Anda mungkin juga akan melalui fase, dimana Anda dapat merasakan kurangnya dukungan dan merasa kesepian. Anda juga kemungkinan mendapat masalah kesehatan. </FIVE-OF-PENTACLES-ONE >
<SIX-OF-PENTACLES-ONE >Kartu ini menceritakann tentang kemungkinan Anda akan memiliki kekayaan, kekuasaan dan kecerdasan. Anda mungkin mendapatkannya, mungkin juga tidak. Anda mungkin yang memberi atau bisa juga yang menerima. Hal ini berlaku dalam semua aspek kehidupan, Anda dapat berakhir di sisi ini atau di sisi sebaliknya. Dalam kedua kasus, bagaimanapun, Anda harus memahami dan menganalisa masa depan Anda dan berusaha untuk mencapainya. </SIX-OF-PENTACLES-ONE >
<SEVEN-OF-PENTACLES-ONE >Kartu ini menandakan kebutuhan untuk menilai dan menganalisis situasi hidup Anda saat ini. Anda mungkin ingin mengambil beberapa waktu libur hanya untuk melihat apa saja yang telah Anda raih sampai sekarang dan pastikan bahwa Anda berada di jalan yang benar. Ada kemungkinan kuat bahwa Anda juga akan mengalami keberhasilan dari upaya tulus Anda dan mencapai tujuan yang ingin Anda idamkan. Anda mungkin berpikir tentang mengubah pekerjaan/tempat tinggal Anda. </SEVEN-OF-PENTACLES-ONE >
<EIGHT-OF-PENTACLES-ONE >Kartu ini menunjukkan determinasi ekstrim dan perhatian pada detail. Anda mungkin terlibat dalam beberapa tugas dan mengerjakannya dengan segenap hati Anda. Sikap ini akan membantu Anda meningkatkan keahlian dan pengetahuan tentang hal-hal yang Anda kerjakan. Anda akan sangat berhati-hati dan memastikan bahwa Anda secara metoda sudah benar sampai ke detail terakhir. </EIGHT-OF-PENTACLES-ONE >
<NINE-OF-PENTACLES-ONE >Kartu ini berbicara tentang perilaku disiplin Anda yang dibarengi dengan keyakinan diri dan keinginan besar untuk memperbaiki diri. Anda akan berusaha untuk memecahkan masalah dan menangani kehidupan dengan pendekatan yang terorganisasi dengan baik dan berurutan. Anda akan mempercayai kemampuan Anda sendiri dan mengkonversi potensi Anda menjadi kinerja yang terbaik. Anda akan mengejar kesempurnaan dan berusaha untuk menikmati hal-hal baik dalam kehidupan. Anda akan bertujuan untuk mencapai gaya hidup mewah. </NINE-OF-PENTACLES-ONE >
<TEN-OF-PENTACLES-ONE >Kartu ini menunjukkan kelimpahan kekayaan yang akan Anda temui. Anda mungkin akan menikmati kesuksesan bisnis yang baik di mana usaha Anda akan berkermbang. Atau Anda mungkin menemukan pekerjaan dengan gaji yang sangat tinggi. Anda akan mengalami keamanan finansial dalam hal apapun. Anda mungkin mendapat cara untuk mengamankan diri sendiri dan keluarga Anda untuk seumur hidup. Dalam prosesnya, Anda akan mengadopsi metode coba dan uji dan tetap dalam aturan dalam apa pun yang Anda lakukan. </TEN-OF-PENTACLES-ONE >
<PAGE-OF-PENTACLES-ONE >Kartu ini menyarankan Anda untuk menjadi praktis dalam hidup dan berusaha untuk mewujudkan impian Anda agar menjadi kenyataan. Anda akan harus bekerja dengan apa yang Anda miliki dan menggunakan kekuatan mental dan fisik Anda untuk melakukannya. Anda harus menghilangkan sikap menunda-nunda dan tetap rendah hati. Anda harus bertindak secara bertanggung jawab dan dapat diandalkan dan berikan kepercayaan pada orang-orang yang bekerja dengan Anda. </PAGE-OF-PENTACLES-ONE >
<KNIGHT-OF-PENTACLES-ONE >Kartu ini berbicara tentang kecenderungan berlebihan Anda terhadap hal-hal positif dari kehidupan. Ketika Anda memutuskan untuk mengejar tujuan, Anda tetap keras kepala, tidak mendengar omongan orang lain dan menolak untuk berhenti bahkan dalam situasi tanpa harapan. Anda konservatif, takut risiko dan karenanya seringkali kehilangan peluang mudah. pencarian Anda untuk akurasi kadang-kadang berbatasan dengan obsesi. kepraktisan Anda membuat Anda pesimis. Anda melakukan begitu banyak kerja keras sehingga Anda gagal untuk melihat dunia yang indah di sekitar. </KNIGHT-OF-PENTACLES-ONE >
<QUEEN-OF-PENTACLES-ONE >Kartu ini menunjukkan sikap Anda yang down-to-earth, penuh inspirasi dan murah hati. Anda peduli dan cinta pada orang-orang di sekitar Anda dengan cara yang tanpa pamrih. Anda memiliki hati yang lembut dan ingin menyebarkan keceriaan dan kebahagiaan dengan sikap altruistik Anda. Anda adalah orang yang setia. Anda tidak menyia-nyiakan apapun dalam hidup dan atau bahkan menyisakan sedikit. Orang lain merasa nyaman di sekitar Anda karena sifat bersahaja dan menyenangkan. </QUEEN-OF-PENTACLES-ONE >
<KING-OF-PENTACLES-ONE >Kartu ini menyoroti keterampilan Anda yang diakui di berbagai lapisan masyarakat. Keterampilan kewirausahaan Anda akan memberikan kepuasan keuangan dan mental dalam kehidupan. Anda dikenal sebagai orang yang bisa diandalkan dalam krisis. Sifat beradaptasi Anda membantu dalam situasi apapun. Sikap memberi semangat Anda membantu orang-orang di sekitar Anda. Anda tenang, tepat waktu dan pekerja keras. </KING-OF-PENTACLES-ONE >
<ACE-OF-SWORDS-ONE >Kartu ini menunjukkan bahwa Anda akan menemukan pencerahan mental dan akan mencari tahu hal-hal dengan cara Anda sendiri. Dengan kecerdasan dan kemampuan penalaran, Anda akan belajar beberapa fakta kehidupan. Karena kekuatan mental Anda, Anda perlahan-lahan akan keluar dari situasi sulit dalam hidup dan melalui setiap rintangan yang menghadang. Anda mungkin cenderung untuk memperjuangkan keadilan bagi seseorang/sesuatu dan akan melanjutkan ke arah kebenaran dan kejujuran. </ACE-OF-SWORDS-ONE >
<TWO-OF-SWORDS-ONE >Kartu ini menunjukkan oposisi terhadap emosi dan penekanan perasaan yang sebenarnya. Anda dapat menyembunyikan kesusahan Anda dari orang lain dan akan mencoba untuk mempertahankan ketenangan. Waktu akan tiba, di mana Anda menemukan diri Anda terjebak dalam situasi yang tidak menyenangkan di mana Anda ragu-ragu untuk memutuskan atau bertindak. Anda mungkin cenderung menghindari fakta-fakta yang jelas dan kebenaran. situasi akan tetap seperti itu karena kelambanan Anda </TWO-OF-SWORDS-ONE >
<THREE-OF-SWORDS-ONE >Kartu ini menunjukkan bahwa Anda mungkin menghadapi waktu yang emosional yang membuat Anda terpuruk. Anda mungkin berakhir dengan menyakiti perasaan seseorang atau sebaliknya. Beberapa berita buruk mungkin akan Anda terima. Akan ada kesempatan Anda akan merasa ditolak. Anda mungkin merasa bahwa tidak ada yang menemani Anda ketika Anda membutuhkan seseorang. Rasa sepi akan merasuk di dalam diri Anda. Anda mengetahui rahasia tentang orang-orang yang dekat dengan Anda yang mungkin mengganggu ketenangan Anda. Anda juga mungkin mengalami pengkhianatan oleh seseorang yang dekat. </THREE-OF-SWORDS-ONE >
<FOUR-OF-SWORDS-ONE >Kartu ini menunjukkan bahwa Anda harus menjalanil hidup dengan santai tanpa terlalu menghiraukan diri sendiri. Anda harus istirahat dari rutinitas harian Anda dan menemukan kedamaian dan ketenangan. Lakukan relaksasi tubuh dan pikiran. Luangkan waktu libur untuk berpikir tentang di mana Anda berdiri dalam hidup, apa yang ingin Anda capai, semua yang telah Anda lakukan, dll Pada akhirnya, persiapkan diri untuk masa depan dengan mengamankan posisi Anda saat ini. </FOUR-OF-SWORDS-ONE >
<FIVE-OF-SWORDS-ONE >Kartu ini mencerminkan pola pikir egois dan sikap tidak harmonis dengan orang lain. Anda mungkin cenderung hanya memikirkan kepentingan Anda sendiri sebelum Anda mengambil tugas apapun. Anda mungkin merasa sulit untuk mengatasi pandangan dan pendapat orang lain. Anda dapat membuat orang lain berniat buruk pada Anda. Anda dapat mencapai keberhasilan menggunakan sarana yang salah. </FIVE-OF-SWORDS-ONE >
<SIX-OF-SWORDS-ONE >Kartu ini menggarisbawahi tentang naik dan turunnya fase kehidupan Anda. Anda mungkin merasa lemah dan tertekan dalam apa pun yang Anda lakukan. Anda akan mengalami sakit. Anda mungkin harus mempunyai beberapa waktu untuk diri Anda, untuk menyembuhkan dan menangani situasi emosional hidup Anda. Anda akan melihat dunia dengan harapan baru dan mulai bergerak menuju kerangka berpikir positif. Anda mungkin melakukan perjalanan dari satu tempat ke tempat lain dalam mencari petualangan dan perubahan. </SIX-OF-SWORDS-ONE >
<SEVEN-OF-SWORDS-ONE >Kartu ini berbicara tentang kecenderungan Anda untuk menghindari tanggung jawab dan kewajiban yang mengelilingi Anda. Anda menyembunyikan kebenaran untuk menghindari menghadapi kenyataan. Anda mungkin cenderung untuk menyendiri dan menjaga jarak dari dunia sosial di sekitar. Selama fase isolasi ini, Anda dapat mengembangkan sikap yang dapat mengecoh orang dan seringkali bisa bertindak dengan cara curang. </SEVEN-OF-SWORDS-ONE >
<EIGHT-OF-SWORDS-ONE >Kartu ini menunjukkan jalur gelap dan sulit di masa depan. Anda mungkin merasa dirantai oleh situasi dan juga mungkin merasa sulit untuk menemukan cara Anda sendiri dalam menjalani kehidupan. Anda mungkin merasa bingung tentang apa langkah selanjutnya untuk menjalani hidup. Anda mungkin tidak memiliki fokus untuk terus maju dan mungkin mencari bantuan dari luar. Anda mungkin merasakan bahwa semua hal keluar dari kontrol Anda, sementara yang dapat Anda lakukan sekarang adalah tetap mundur dan lihat semuanya berjalan. </EIGHT-OF-SWORDS-ONE >
<NINE-OF-SWORDS-ONE >Kartu ini menunjukkan fase kecemasan dan ketegangan yang Anda alami. Anda dapat mengembangkan perasaan bersalah karena sesuatu yang telah Anda lakukan di masa lalu dan akan merasa sulit untuk memaafkan diri sendiri karenanya. Anda mungkin ingin kembali ke masa lalu untuk memperbaiki tindakan Anda. Anda menuju ke arah fase, di mana Anda dapat berhenti percaya pada diri sendiri dan mungkin merasa tertekan. Pada suatu masa, Anda juga mungkin merasa sakit secara emosional. </NINE-OF-SWORDS-ONE >
<TEN-OF-SWORDS-ONE >Kartu ini menunjukkan fase kecemasan dan ketegangan yang Anda alami. Anda dapat mengembangkan perasaan bersalah karena sesuatu yang telah Anda lakukan di masa lalu dan akan merasa sulit untuk memaafkan diri sendiri karenanya. Anda mungkin ingin kembali ke masa lalu untuk memperbaiki tindakan Anda. Anda menuju ke arah fase, di mana Anda dapat berhenti percaya pada diri sendiri dan mungkin merasa tertekan. Pada suatu masa, Anda juga mungkin merasa sakit secara emosional. </TEN-OF-SWORDS-ONE >
<PAGE-OF-SWORDS-ONE >Kartu ini meminta Anda untuk menghimpun kekuatan mental Anda bersama-sama dan mengatasi masalah yang mungkin mengganggu Anda dalam perjalanan panjang. Anda harus secara logis menganalisis masalah yang Anda hadapi dan membuat rencana yang tepat untuk menyelesaikannya. Anda harus jujur ​​dan tulus dan tidak mencoba untuk menyembunyikan apa pun. Anda harus memilah yang baik dan buruk, dan juga menerima tanggung jawab yang datang. Menjaga semangat Anda tinggi dan menghadapi kesulitan dengan semangat. </PAGE-OF-SWORDS-ONE >
<KNIGHT-OF-SWORDS-ONE >Kartu ini menunjukkan keyakinan tetapi dengan sedikit ketidaksabaran. Keterusterangan Anda dapat dianggap sebagai kasar oleh orang lain. Anda mungkin digambarkan sebagai seseorang yang bisa berbicara apa saja tanpa berpikir. Anda mungkin mulai sebagai pemimpin yang baik tapi berakhir dengan sikap mendominasi. Anda mungkin menunjukkan rasa humor yang dilapisi dengan sarkasme. Pengetahuan yang mendalam Anda akan dihargai jika tidak dibarengi dengan arogansi. </KNIGHT-OF-SWORDS-ONE >
<QUEEN-OF-SWORDS-ONE >Kartu ini mencerminkan sifat jujur ​​dan lugas dalam hidup. Anda lebih memilih untuk terbuka dalam semua yang Anda lakukan. persepsi Anda tentang situasi/orang cukup baik dan benar tepat pada sasaran. Anda mencoba untuk mengadopsi pendekatan tanpa basa-basi dalam apapun yang Anda lakukan. Rasa humor Anda sangat baik dan tidak menyakiti siapa pun. Pengalaman Anda yang luas memberi Anda kekuatan untuk terus maju dalam hidup. </QUEEN-OF-SWORDS-ONE >
<KING-OF-SWORDS-ONE >Kartu ini menandakan pikiran bijaksana dan kepribadian etis. Anda cenderung untuk menganalisis situasi kehidupan dengan cara yang efisien dengan kemampuan logis dan penalaran Anda yang dikembngkan dengan baik. Anda akan dapat berkomunikasi mengenai pandangan dan ide dengan kemampuan verbal Anda yang sangat baik. Anda akan memiliki persepsi luas dan matang sehingga akan memahami semua aspek masalah apapun. Anda cenderung jujur ​​dan lurus dalam apapun yang Anda lakukan. </KING-OF-SWORDS-ONE >
<ACE-OF-WANDS-ONE >Kartu ini menandakan kesuksesan. Anda memiliki cara yang imajinatif dan tidak konvensional dalam berpikir, yang menjadikan Anda penuh dengan kreativitas. Antusiasme dan kepercayaan diri Anda bersinar dan menginspirasi orang lain dan membawa keluar semangat dalam diri Anda. Anda memberikan lebih dari 100% dalam apapun yang Anda lakukan. Dalam kehidupan, setiap kali Anda menghadapi masalah atau tantangan apapun, Anda akan menghadapi Kesulitan dengan keberanian dan keyakinan diri untuk berhasil. </ACE-OF-WANDS-ONE >
<TWO-OF-WANDS-ONE >Kartu ini menandakan sikap keberanian. Jika Anda telah menunggu untuk mengambil inisiatif atau melakukan beberapa tugas/perjalanan, ini adalah saat untuk melakukannya. Anda memiliki kekuatan dan pengaruh untuk mencapai tujuan Anda. Jadi, Anda hanya perlu memiliki keberanian untuk mengambil langkah-langkah Anda ke depan. Ini adalah saatnya Anda untuk berani dan menghadapi rasa takut Anda. Anda harus memiliki pendekatan inovatif untuk mencapai tujuan Anda. Tentukan jalan Anda sendiri. </TWO-OF-WANDS-ONE >
<THREE-OF-WANDS-ONE >Kartu ini menunjukkan kehausan dan ketidaksabaran untuk mengeksplorasi sesuatu yang baru.Perasaan ini menghubungkan keinginan untuk mencari petualangan dan kegembiraan. Sifat melihat masa depan akan terus membantu Anda di masa yang akan datang. Anda harus mengasumsikan peran seorang pemimpin untuk menjadikan semua orang mendukung misi dan tujuan yang Anda miliki. Anda mungkin menemukan banyak keberhasilan dalam perdagangan. </THREE-OF-WANDS-ONE >
<FOUR-OF-WANDS-ONE >Kartu ini menunjukkan kehausan dan ketidaksabaran untuk mengeksplorasi sesuatu yang baru.Perasaan ini menghubungkan keinginan untuk mencari petualangan dan kegembiraan. Sifat melihat masa depan akan terus membantu Anda di masa yang akan datang. Anda harus mengasumsikan peran seorang pemimpin untuk menjadikan semua orang mendukung misi dan tujuan yang Anda miliki. Anda mungkin menemukan banyak keberhasilan dalam perdagangan. </FOUR-OF-WANDS-ONE >
<FIVE-OF-WANDS-ONE >Kartu ini menandakan Anda akan mendapat sedikit kesulitan di masa depan. Orang mungkin tampaknya menentang Anda dan Anda mungkin berakhir berdebat dan bertengkar dengan orang-orang. Ada orang yang akan bersaing dengan Anda dan Anda merasa seperti mendapat tantangan berkelahi. Kemunduran kecil dan masalah akan menghampiri Anda. Anda akan harus menunjukkan kesabaran dan ketenangan untuk keluar dari situasi ini. </FIVE-OF-WANDS-ONE >
<SIX-OF-WANDS-ONE >Kartu ini mencerminkan kemenangan, apresiasi dengan sedikit kebanggaan. Anda mampu untuk mencapai tujuan Anda dengan sangat sukses. Anda mungkin akan dihargai untuk usaha Anda dan akan membuat Anda termotivasi untuk memberikan yang terbaik dalam segala hal yang Anda lakukan. Anda akan menikmati hari Anda di bawah sinar matahari tapi tiba-tiba mungkin mulai merasa diri yang paling penting. Anda mungkin mulai berpikir tentang diri Anda terlebih dahulu yang dapat menyebabkan orang untuk berpikir bahwa Anda sombong </SIX-OF-WANDS-ONE >
<SEVEN-OF-WANDS-ONE >Kartu ini menandakan upaya untuk memperjuangkan posisi Anda dan berdiri untuk apa yang Anda percaya. Anda cenderung memiliki pendekatan yang agresif dan menantang dalam kehidupan. Sering kali, pendekatan ini bekerja dengan baik untuk Anda, tapi akan membuat diri Anda meletup secara emosional. Anda cenderung keras kepala saat mengambil sikap dan cukup gigih. Keyakinan yang tulus terhadap kemampuan Anda akan membantu melalui masa-masa sulit. </SEVEN-OF-WANDS-ONE >
<EIGHT-OF-WANDS-ONE >Kartu ini menunjukkan perubahan. Waktu yang Anda tunggu telah tiba. Ini adalah waktu untuk mengambil tindakan dan membuktikan potensi Anda dalam beberapa cara atau yang lain. Beberapa tugas yang belum selesai mungkin bisa diselesaikan pada akhirnya. Anda mungkin menemukan beberapa informasi atau berita yang Anda cari. Anda mungkin harus mengakhiri suatu hal tertentu, hanya untuk memulai sesuatu yang lebih baik. </EIGHT-OF-WANDS-ONE >
<NINE-OF-WANDS-ONE >Kartu ini menandakan tindakan pencegahan yang Anda ambil dan keteguhan yang Anda tunjukan. Dengan pengalaman kesulitan di masa lalu, Anda akan menjadi ekstra hati-hati sekarang dan selalu mempersiapkan diri untuk yang terburuk. Anda menjaga diri sendiri dan orang dekat Anda. Anda berdiri melawan segala rintangan dan terus berjuang untuk tujuan Anda sepenuh hati. Keteguhan diri Anda dan kekuatan fisik akan terus menjaga usaha Anda menuju keberhasilan. </NINE-OF-WANDS-ONE >
<TEN-OF-WANDS-ONE >Kartu ini menunjukkan meningkatnya beban emosional atau mental. Anda mungkin membebani diri di tempat kerja. Anda melakukan banyak hal pada suatu waktu dan terjebak untuk mengerjakannya. Anda mungkin memiliki juga beberapa utang yang harus dibayar. Anda mungkin merasa sulit untuk mengatakan tidak kepada orang lain. Meskipun Anda tidak mendapatkan imbalan untuk hal-hal baik yang telah Anda lakukan, Anda akhirnya menerima semua kesalahan ditimpakan pada Anda. Anda juga mungkin menemukan bahwa Anda harus berjuang untuk setiap keberhasilan kecil. </TEN-OF-WANDS-ONE >
<PAGE-OF-WANDS-ONE >Kartu ini menandakan peluang baru bagi Anda untuk menemukan kekuatan sejati dan energi yang Anda miliki. Saat ini adalah waktu untuk kembali menemukan kehidupan dan menjelajahinya dengan pendekatan kreatif dan berani. Anda harus menunjukkan lebih banyak kegembiraan dan optimisme dalam upaya Anda. Bersemangatlah dalam apapun yang Anda lakukan. Percayalah pada kemampuan Anda dan jaga fokus Anda untuk meraih yang terbaik dari Anda. Jadilah petualang dan ambil risiko. Saat ini adalah waktu untuk bersikap tegas. </PAGE-OF-WANDS-ONE >
<KNIGHT-OF-WANDS-ONE >Sebuah kartu ksatria mencerminkan kualitas diri yang baik akan disertai dengan beberapa kualitas diri yang negatif. Anda terlihat menarik dan percaya diri, tetapi seringkali menjadi orang yang sombong. Anda cenderung berani tetapi pada beberapa kesempatan menjadi sembrono. Dalam pencarian Anda untuk petualangan, Anda cenderung benar-benar gelisah. Anda mempunyai sifat bersemangat tapi pemarah pada waktu yang sama. </KNIGHT-OF-WANDS-ONE >
<QUEEN-OF-WANDS-ONE >Kartu ini adalah salah satu yang paling positif. Ini menunjukkan dorongan energi, suasana hati dan sukacita. Anda akan mampu untuk mengerjakan tugas-tugas Anda dengan komitmen dan dedikasi. Anda akan cenderung menjadi teman yang baik dan akan membuat teman baru dengan mudah. Anda akan mengalami waktu yang damai dan ceria dalam beberapa hari mendatang. Ketenangan Anda akan membantu Anda mengatasi setiap hambatan yang datang. </QUEEN-OF-WANDS-ONE >
<KING-OF-WANDS-ONE >Kartu ini mencerminkan kekuatan berpikir kreatif dan inovatif. Jadikan pikiran Anda terbuka untuk kemungkinan-kemungkinan dan peluang baru. Anda mungkin bisa mengalami sesuatu yang baru dalam waktu dekat. Anda mungkin pandai berkomunikasi dan menjalin ikatan dengan orang lain dan menginspirasi banyak orang. Anda bahkan mungkin cenderung mendominasi dan memberi perintah kepada orang-orang yang ada di sekitar - tapi dengan cara yang terhormat. Anda menikmati perhatian yang Anda dapatkan dan cenderung menarik lawan jenis. </KING-OF-WANDS-ONE >
<THE-FOOL-ONE >Sebuah awal yang baru ditunjukkan pada Anda. Anda akan merasa bahwa Anda memulai dengan pengalaman dan ideologi baru. Mungkin saja berkaitan dengan karir, kehidupan cinta Anda atau aspek kehidupan pribadi lainnya. Akan ada banyak spontanitas dan kesenangan sepanjang perjalanan ini. Dalam hal terjadi rintangan, Anda akan belajar sesuatu yang berharga. Anda harus melepaskan yang lama dan mengambil hal-hal baru untuk menjelajah ke dunia baru dan mulai mengeksplorasi setiap kemungkinan. </THE-FOOL-ONE >
<THE-MAGICIAN-ONE >Keteguhan hati Anda lebih kuat sekarang. Orang akan mendengarkan Anda dan menerima apa pun yang Anda katakan dengan serius. Anda akan dapat meyakinkan orang dan kali ini menandakan bahwa Anda akan menjadi yang terbaik di kepemimpinan Anda untuk setidaknya beberapa waktu sekarang. Anda akan mendapatkan ide-ide cemerlang dan akan sampai kepada Anda bagaimana memanfaatkan ide-ide tersebut. Beberapa rahasia orang lain juga dapat terungkap. </THE-MAGICIAN-ONE >
<THE-HIGH-PRIESTESS-ONE >Ini adalah saat ketika Anda harus percaya naluri Anda dan mengikuti jalan impian yang Anda yakini. Mungkin ada orang yang akan segera memberikan saran yang sangat penting atau berguna. Anda mungkin harus mencari beberapa hal yang tidak diketahui untuk Anda dan besar kemungkinan bahwa ada beberapa hal yang disembunyikan dari Anda. Anda harus terus mencari sampai rahasia yang tidak terungkap karena dapat membawa realisasi yang sangat penting pada Anda. </THE-HIGH-PRIESTESS-ONE >
<THE-EMPRESS-ONE >Anda berpikir secara mendalam tentang sesuatu dan khawatir tentang kemajuan atau awal dari sesuatu dalam karir, bisnis atau hubungan Anda. Anda atau pasangan sedang sangat protektif dan bahkan mungkin menggunakan cara-cara tidak etis untuk mencapai apa yang diinginkan. Sedikit kesabaran dan beberapa upaya akan dibutuhkan untuk mencapai stabilitas di situasi sekarang. </THE-EMPRESS-ONE >
<THE-EMPEROR-ONE >Sebuah prestasi dan posisi terhormat akan Anda raih tidak lama lagi. Anda mungkin dipengaruhi oleh sosok laki-laki pembimbing bisa saja ayahmu, saudara laki-laki, pasangan atau teman Anda. Anda sekarang akan memiliki otoritas dan akan memegang komando terhadap apa yang ingin Anda lakukan. Sebuah sistem dukungan yang sangat kuat akan berada di sisi Anda. Meskipun, Anda harus berhati-hati tentang sifat dangkal atau serba menuntut yang Anda miliki sehingga mungkin menyakiti junior Anda. </THE-EMPEROR-ONE >
<THE-HIEROPHANT-ONE >Jangan terlalu keras kepala dan jangan percaya dengan keyakinan dan tradisi lama hanya karena mereka telah diikuti sejak lama. Anda mungkin berpikir tentang pernikahan. Anda mungkin mungkin terjebak dalam formalitas hukum. Masalah mungkin saja menghampiri dan Anda mungkin melekat pada metode lama untuk memecahkan masalah. Anda akan harus mengatasi masalah dengan kepala dingin dan tetap bersabar. </THE-HIEROPHANT-ONE >
<THE-LOVERS-ONE >Cinta ada di sekitar Anda. Anda akan segera mendapatkan kejutan yang menyenangkan dalam kehidupan cinta Anda. Anda mungkin harus membuat pilihan antara hati dan pikiran Anda. Anda cenderung mengikuti kata hati Anda atas pikiran Anda dan risiko yang diambil akan bermanfaat. Anda mungkin akan jatuh pada godaan sehingga menyebabkan ketidaksetiaan, godaan itulah yang harus Anda hindari. Hubungan emosional Anda akan menjadi kuat. </THE-LOVERS-ONE >
<THE-CHARIOT-ONE >Anda berada dalam perjuangan untuk mencapai apa yang Anda inginkan. Beberapa jenis perubahan atau perjalanan mungkin terjadi dalam hidup Anda. Anda mungkin harus menghadapi rintangan dalam karir atau kehidupan pribadi Anda. Anda mungkin dilecehkan oleh seseorang dengan motif egois. Beberapa kontrol mungkin diperlukan dalam mengatasi emosi dan keadaan, tetapi pada akhirnya kemenangan ada di tangan Anda. </THE-CHARIOT-ONE >
<JUSTICE-ONE >Ini adalah waktu untuk menyeimbangkan semua hal yang Anda lakukan. Mungkin ada beberapa kebiasaan atau kegiatan yang mengambil waktu Anda dari bahkan kurang dari yang seharusnya diperlukan. Anda perlu untuk mengontrol hal ini. Anda perlu berupaya untuk kembali ke normal dengan menyeimbangkan semua aspek kehidupan Anda. Anda diminta untuk tidak memihak saatmembuat perjanjian atau kemitraan dalam waktu dekat. Jika ada sesuatu yang Anda tahu Anda salah, perbaiki segera sebelum semuanya terlambat. </JUSTICE-ONE >
<THE-HERMIT-ONE >Luangkan waktu dan coba untuk mengatur dan menganalisis semua hal di hidup ini. Anda mungkin merasa tidak sabar dengan hal-hal yang terjadi di sekitar Anda. Jangan mengambil keputusan tergesa-gesa dan akan lebih baik jika menerima saran dari seseorang senior sebelum membuat sebuah keputusan penting dalam waktu dekat. Beristirahat sejenak dari jadwal Anda dan coba untuk menemukan damai dari diri Anda. </THE-HERMIT-ONE >
<WHEEL-OF-FORTUNE-ONE >Anda akan segera menemukan salah satu fase terbaik dalam hidup Anda. Keberuntungan akan memihak Anda dan Anda akan mendapatkan hasil untuk usaha Anda. Beberapa perubahan akan terjadi dan hidup Anda akan bergerak menuju kedewasaan. Anda akan mendapatkan semua yang Anda inginkan. Masalah Anda akan berakhir dan kebahagiaan akan datang dengan berlimpah. mimpi Anda akan segera tercapai. </WHEEL-OF-FORTUNE-ONE >
<STRENGTH-ONE >Anda akan menemukan bahwa Anda telah memperoleh kekuatan dan potensi untuk mengatasi situasi yang paling buruk, baik secara fisik dan mental. Kartu ini menunjukkan saat ini adalah waktu yang baik untuk berhenti dari beberapa kebiasaan buruk yang Anda coba untuk hentikan sejak lama. Anda akan mendapatkan prestasi dalam hal-hal yang Anda sedang perjuangkan dari sejak awal seperti dalam hubungan asmara, karir, kesehatan, dll Dengan kekuatan kehendak dan kecerdasan, Anda dapat melewati cobaan dan kesengsaraan dalam hidup Anda. </STRENGTH-ONE >
<THE-HANGED-MAN-ONE >Anda mungkin harus mengorbankan sesuatu atau meninggalkan seseorang untuk mencapai tujuan yang lebih baik. Sakit, kegagalan atau ketegangan mungkin terjadi pada Anda. Hadapi masalah tersebut Sambil menjaga damai dan keteguhan. Sebuah situasi yang merugikan dapat menyebabkan keinginan Anda melemah dan menyebabkan gangguan emosional. Disarankan Anda harus meluaskan wawasan dan memanfaatkan waktu saat ini untuk mendapatkan kejelasan akan situasi yang Anda hadapi. </THE-HANGED-MAN-ONE >
<DEATH-ONE >Kartu ini menandakan transformasi besar dan perubahan penting atau mengejutkan dalam hidup. Seperti namanya, ini menunjukkan kematian tetapi hanya dalam keadaan usia lanjut atau kesehatan yang sangat buruk. Anda mungkin merasa sedih, kosong atau tertekan tetapi fase ini akan membantu Anda untuk menyadari bahwa perubahan yang diperlukan harus agar hidup dapat melanjutkan siklusnya. Memiliki kekuatan untuk menerima perubahan ini sehingga Anda bisa melewati fase ini dengan baik. </DEATH-ONE >
<TEMPERANCE-ONE >Anda mungkin bingung dengan berbagi pilihan dalam hidup. Anda mungkin harus memilih sesuatu yang berlawanan dan Anda harus berusaha untuk menemukan cara untuk menyeimbangkan kedua hal untuk mencapai kenyamanan dan ketenangan. Anda harus memberikan waktu dan bereksperimen sedikit untuk mencari tahu solusi yang terbaik. Anda perlu mempertimbangkan pilihan Anda apakah tepat untuk memadukan aspek lain yang berlawanan untuk menjaga perdamaian. Anda akan menemukan cara untuk membangun harmoni. </TEMPERANCE-ONE >
<THE-DEVIL-ONE >Anda akan tergoda dengan nafsu, keserakahan, ambisi atau kecanduan. Anda akan menginginkan kekuatan untuk mengendalikan semua hal dan tertarik dengan semua kesenangan dalam hidup. Kurangnya kontrol diri dapat menyebabkan situasi berbahaya dan rumit. Apa pun yang Anda lakukan, akan menghasilkan sesuatu yang extrim yang akan membuat Anda merasa kuat, tapi pada saat yang sama akan berbahaya untuk Anda. Anda perlu berhati-hati karena kartu ini memberikan peringatan dari langkah-langkah destruktif yang mungkin akan Anda ambil. </THE-DEVIL-ONE >
<THE-TOWER-ONE >Dalam waktu dekat ini dapat menjadi salah satu yang paling bermasalah bagi hidup Anda. Anda mungkin menghadapi beberapa perubahan tidak menyenangkan dan tiba-tiba. Anda mungkin mendapat penderitaan karena alasan tak terduga dan Anda harus menghadapi isolasi atau kesepian. Tapi perubahan ini mungkin memaksa Anda untuk melihat arah baru dalam hidup, yang mungkin terbukti bermanfaat dalam jangka panjang. Saat ini tidak akan menjadi perjalanan yang menyenangkan tetapi akan menjadi pelajaran terbaik karena akan mengajarkan Anda banyak hal untuk bekal masa depan. </THE-TOWER-ONE >
<THE-STAR-ONE >Anda lebih merasa lebih spiritual sekarang dan menginginkan damai dan harmoni dalam hidup. Saat ini akan menjadi waktu untuk penyembuhan dan menumbuhkan harapan baru di pribadi maupun dalam aspek profesional. Saat ini adalah pertanda baik untuk memulai hubungan baru atau mengarahkan hubungan Anda yang ada ke tingkat yang lebih tinggi. Pengetahuan tentang berbagai hal akan ditingkatkan dan ini akan menjadi waktu yang baik untuk menikmati seni. </THE-STAR-ONE >
<THE-MOON-ONE >Anda mungkin merasa ingin bepergian ke dalam dunia imajinasi dan kreativitas. Anda akan menghadapi rahasia gelap tersembunyi dan mungkin mengarah ke jatuhnya aspek emosional. Anda harus menghindari narkoba atau alkohol atau penyalahgunaan zat yang mungkin berbahaya bagi kesehatan Anda. Anda mungkin merasa terjebak dalam dunia gila dan nomaden dan harus mengikuti intuisi tajam Anda untuk mengarahkan Anda ke jalur terbaik, sebaiknya yang berhubungan dengan musik, seni, tari, teater, dll </THE-MOON-ONE >
<THE-SUN-ONE >Anda akan merasa sangat energik, muda dan secara sadar akan membuat keputusan yang tepat untuk mendapatkan kesuksesan. Kartu matahari (The Sun) menunjukan mengenai kesegaran, semangat dan menandakan bahwa semuanya akan berjalan dengan baik. Beberapa kabar baik juga mungkin akan Anda dapati. Anda juga akan berlibur dalam waktu dekat. Lebih banyak waktu akan dihabiskan dengan keluarga dan teman-teman dalam suasana hati yang riang dalam beberapa hari mendatang. Sukacita dan damai akan menghinggapi Anda di masa yang akan datang. </THE-SUN-ONE >
<JUDGEMENT-ONE >Kartu ini menunjukkan peluang yang tidak boleh diabaikan. Ini adalah peluang yang Anda telah tunggu. Saat ini adalah ketika Anda dihargai atas upaya yang telah Anda lakukan dimasa lalu. Prospek baru akan hadir dan mengubah hidup Anda menjadi lebih baik. Karena hakim harus adil, Anda mungkin harus menghadapi beban dosa-dosa Anda di masa lalu. Tapi pada akhirnya akan ada akhir yang bahagia dalam apa pun yang Anda lakukan saat ini. </JUDGEMENT-ONE >
<THE-WORLD-ONE >Saat ini adalah waktu ketika perjuangan panjang Anda berakhir dan Anda mendapatkan imbalan karenanya. Kartu ini menunjukkan relaksasi setelah segala upaya yang Anda kerahkan. Anda akan mendapatkan hasil yang Anda sudah lama inginkan dan dicita-citakan. Orang yang dicintai akan menghargai buah dari kerja keras Anda. Periode ini akan menandai pencapaian yang luar biasa untuk Anda dan akan menunjukkan awal yang baru.</THE-WORLD-ONE >
    </ROOT>
