{
  "project_info": {
    "project_number": "859707129650",
    "project_id": "rtomanager-f6725",
    "storage_bucket": "rtomanager-f6725.appspot.com"
  },
  "client": [
    {
      "client_info": {
        "mobilesdk_app_id": "1:859707129650:android:1330bc445e18b0bd5c212b",
        "android_client_info": {
          "package_name": "com.kotlinz.vehiclemanager"
        }
      },
      "oauth_client": [
        {
          "client_id": "859707129650-r1guiesdhrgouabv97bch48p65j8ug30.apps.googleusercontent.com",
          "client_type": 3
        }
      ],
      "api_key": [
        {
          "current_key": "AIzaSyD-lwYQMMwz8rHv3ug0G2Z3x3W3CnOZDZE"
        }
      ],
      "services": {
        "appinvite_service": {
          "other_platform_oauth_client": [
            {
              "client_id": "859707129650-r1guiesdhrgouabv97bch48p65j8ug30.apps.googleusercontent.com",
              "client_type": 3
            }
          ]
        }
      }
    }
  ],
  "configuration_version": "1"
}