<ROOT>
<ACE-OF-CUPS-ONE >Karta pokazuje twoj¹ sympatiê do zajmowania siê sprawami o znaczeniu emocjonalnym. Nadszed³ czas, aby serce poprowadzi³o Ciê na w³aœciw¹ drogê. Ty potrzebujesz ufaæ twój intuicjê i robiæ co ty czujesz emocjonalnie stosownego. Ty prawdopodobnie czujesz piwowarski intymny zwi¹zek wspó³czucia i mi³oœci. Twój ¿ycie mi³osne jest najbardziej prawdopodobny zostawaæ silny i b³yszczeæ jaskrawy. </ACE-OF-CUPS-ONE >
<TWO-OF-CUPS-ONE >Karta wskazuje przede wszystkim na wiêŸ, spokój i uczucie. Ta karta dotyczy nawi¹zywania nowych kontaktów/partnerstwa w mi³oœci, pracy, przyjaŸni lub gdzie indziej. Nadszed³ czas, aby siê spotkaæ i nie rozstawaæ. Jeœli istnieje konflikt w jakimœ zwi¹zku/partnerstwie, rozwi¹¿ go i zaprowadŸ pokój. Wybacz i zapomnij. Stwórz nowe wiêzi i idŸ naprzód w optymizmie. </TWO-OF-CUPS-ONE >
<THREE-OF-CUPS-ONE >Karta pokazuje zwiêkszon¹ gorliwoœæ i zapa³ do ¿ycia. Zobaczysz, ¿e bêdziesz cieszyæ siê wszystkimi ma³ymi rzeczami, które przyjd¹ Ci na drogê. Spotkasz siê ze starymi przyjació³mi i z nimi zbudujesz silniejsz¹ wiêŸ zaufania. Nawi¹¿esz nowe kontakty w spo³eczeñstwie, doœwiadczaj¹c kole¿eñstwa. Mo¿e siê okazaæ, ¿e pracujesz w zespole/grupie w celu osi¹gniêcia wspólnego celu. </THREE-OF-CUPS-ONE >
<FOUR-OF-CUPS-ONE >Ta karta reprezentuje czas na refleksjê i introspekcjê myœli i ¿ycia. Mo¿esz znaleŸæ siê w niepo¿¹danej sytuacji. Czasami mo¿esz czuæ siê apatyczny i mo¿e ci brakowaæ motywacji. Musisz otworzyæ siê na wszystkie nowe mo¿liwoœci znalezienia kierunku, którego szukasz. Postaraj siê byæ bardziej bezinteresownym i s³uchaæ innych, aby znaleŸæ wyjœcie. </FOUR-OF-CUPS-ONE >
<FIVE-OF-CUPS-ONE >Ta karta oznacza utratê nadziei, rozczarowanie i odrzucenie w ¿yciu w zwi¹zku z przesz³ymi wydarzeniami. Mo¿esz czuæ siê zagubiony lub pokonany z powodu czegoœ, co ju¿ siê wydarzy³o. Byæ mo¿e ¿a³ujesz swoich wczeœniejszych decyzji i byæ mo¿e chcesz cofn¹æ siê w czasie, aby zmieniæ swoje decyzje. Przyznajesz siê do swoich b³êdów, ale nie myœlisz o tym, co zosta³o. Musisz porzuciæ przesz³oœæ, dostrzec dobro w teraŸniejszoœci i pracowaæ na rzecz przysz³oœci. </FIVE-OF-CUPS-ONE >
<SIX-OF-CUPS-ONE >Karta wskazuje na twój uprzejmy i niewinny pogl¹d na ¿ycie. Jesteœ szczêœliwy, ¿e mo¿esz rozprzestrzeniaæ radoœæ bez ¿adnego motywu. Mo¿esz czuæ siê b³ogos³awiony i cieszyæ siê pomaganiem innym. Mo¿esz zacz¹æ zauwa¿aæ wszystkie drobiazgi wokó³ i bêdziesz szukaæ zadowolenia z tych ma³ych przyjemnoœci. Mo¿esz mieæ nostalgiê za swoim dzieciñstwem. Boska mi³oœæ mo¿e byæ równie¿ w niedalekiej przysz³oœci. </SIX-OF-CUPS-ONE >
<SEVEN-OF-CUPS-ONE >W tej karcie chodzi o iluzje i marzenia. Byæ mo¿e pozwalasz umys³owi szaleæ z wyobraŸni¹ i nie skupiasz siê na realiach ¿ycia. Stoisz w obliczu czasu, w którym widzisz wiele opcji do wyboru. S¹ szanse, ¿e zaniedbujesz swoje zdrowie i za bardzo lubisz jeœæ/piæ. Lenistwo i zwlekanie s¹ twoimi g³ównymi wrogami. </SEVEN-OF-CUPS-ONE >
<EIGHT-OF-CUPS-ONE >Karta pokazuje twoje kroki w poszukiwaniu g³êbszego sensu ¿ycia. Chcesz oderwaæ siê od problemów ¿ycia i porzuciæ beznadziejne sytuacje. Mo¿esz mieæ tendencjê do poszukiwania prawdziwego szczêœcia zamiast koncentrowaæ siê na wyœcigu szczurów. Bêdziesz szukaæ wewnêtrznej radoœci i mo¿esz mieæ tendencjê do odchodzenia od przesz³oœci. Mo¿esz poœwiêciæ wiêcej czasu na dzia³ania duchowe. </EIGHT-OF-CUPS-ONE >
<NINE-OF-CUPS-ONE >Karta wskazuje na spe³nienie ¿yczeñ. Zarobisz to, na co naprawdę zasługujesz i czego pragniesz.. Mo¿esz czuæ siê bardziej zadowolony z ¿ycia, poniewa¿ sukces jest po Twojej stronie. Twoje ukochane marzenia mog¹ siê spe³niæ, a d³ugo oczekiwane cele mog¹ wreszcie zostaæ osi¹gniête. Bêdziesz chcia³ doœwiadczyæ i doceniæ luksus. Relaks jest tym, czego teraz pragniesz. Ciesz siê tym dobrym czasem tak d³ugo, jak mo¿esz. </NINE-OF-CUPS-ONE >
<TEN-OF-CUPS-ONE >Karta odzwierciedla przyjœcie radoœci i spokoju w twoim ¿yciu. Mo¿esz wyczuæ szczêœcie, które jest wokó³ i poczuæ dobre samopoczucie. Mo¿e siê okazaæ, ¿e stres i napiêcia zmniejszaj¹ siê, a ¿ycie staje siê ³atwe i harmonijne. Skoncentrujesz siê na mi³oœci i przyjaŸni, a w obu przypadkach jesteœ w czo³ówce. Pozostaniesz oddany swojej rodzinie i będziesz cieszyć się spotkaniami społecznymi i wydarzeniami, które ich dotyczą. </TEN-OF-CUPS-ONE >
<PAGE-OF-CUPS-ONE >Ta karta odzwierciedla twoj¹ stronê emocjonaln¹. Masz tendencjê do poruszania siê raczej sercem ni¿ umys³em. Masz tendencjê do sentymentalizmu i dotykania ma³ych rzeczy. Patrzysz w siebie i ufasz intuicji w poszukiwaniu wskazówek. Ja jest dobrym czasem byæ w romantycznym zwi¹zku dok¹d ty bêdziesz emocjonalnie blisko osoba. Bli¿sze przyjaŸnie musz¹ byæ rozwijane. Jest to równie¿ czas na naprawê z³amanych relacji. </PAGE-OF-CUPS-ONE >
<KNIGHT-OF-CUPS-ONE >Karta symbolizuje piêkne emocje, a tak¿e wskazuje na jej nadmiar. Czasami mo¿esz byæ sentymentalny w mi³oœci, ale mo¿esz przesadziæ w wyra¿aniu swojej mi³oœci. Zazdrość może wkradać się w twój romans. Jesteœ wra¿liwy, ale czasami masz tendencjê do zranienia siê bardzo ³atwo. Jesteœ sympatyczny i inteligentny. Marzysz o wielkich rzeczach dla siebie, ale ³atwo siê zniechêcasz. </KNIGHT-OF-CUPS-ONE >
<QUEEN-OF-CUPS-ONE >Karta oznacza wra¿liwoœæ i dojrza³oœæ w obchodzeniu siê z emocjami. Mo¿esz pokazaæ rozwa¿ne i przemyœlane podejœcie do ka¿dej sytuacji, w której siê znajdujesz. Masz tendencjê do ³¹czenia siê ze swoj¹ duchow¹ stron¹ i doceniania g³êbszego sensu ¿ycia. Jesteœ cierpliwy. Współczujesz innym i jesteś miły i łagodny wobec słabych. Masz tendencjê do rozumienia rzeczy bez pytania. </QUEEN-OF-CUPS-ONE >
<KING-OF-CUPS-ONE >Karta oznacza m¹dr¹ i tolerancyjn¹ postawê. Mo¿esz mieæ g³êbokie zrozumienie natury ludzkiej. Mo¿esz byæ dobrym nauczycielem. Mo¿esz zachowaæ spokój g³owy w kryzysie i pomóc w rozwi¹zaniu napiêtej chwili. Wiesz, co powiedzieæ, kiedy. Czujesz wspó³czucie dla mniej uprzywilejowanych. Mo¿esz byæ osob¹ o szerokich horyzontach i pogl¹dach dyplomatycznych. Twoje umiejêtnoœci przywódcze s¹ twoim atutem. </KING-OF-CUPS-ONE >
<ACE-OF-PENTACLES-ONE >Karta sugeruje, abyœ po³¹czy³ posiadan¹ si³ê umys³ow¹ i skupi³ j¹ na swoich celach. Mo¿esz zobaczyæ, jak twoje wysi³ki zamieniaj¹ siê w po¿¹dane rezultaty. To w koñcu przyniesie wzrost w twojej karierze i ¿yciu oraz zbuduje pozytywne nastawienie do ciebie. Musisz dzia³aæ w sposób praktyczny i byæ realist¹ w ¿yciu. Postêpowanie z wiar¹ i zaufaniem do innych bêdzie dla ciebie korzystne. </ACE-OF-PENTACLES-ONE >
<TWO-OF-PENTACLES-ONE >Karta mówi o twoich zdolnoœciach adaptacyjnych i kompatybilnoœci z ¿yciem. Bêdziesz odpowiednio wywa¿aæ sprawy, którymi siê zajmujesz, i posuniesz siê do przodu stabilnymi, ale szybkimi krokami. Bêdziesz otwarty na nowe pomys³y i mo¿liwoœci, zarówno w ¿yciu osobistym, jak i zawodowym. Bêdziesz efektywnie zarz¹dzaæ zmianami, które zachodz¹ i jednoczeœnie dobrze siê bawiæ. Praca i zabawa zdarzaj¹ siê dla Ciebie razem. </TWO-OF-PENTACLES-ONE >
<THREE-OF-PENTACLES-ONE >Twój potencja³ pracy jako doskona³ego zawodnika zespo³owego jest podkreœlony t¹ kart¹. Bêdziesz w wysokim stopniu koordynowa³ i motywowa³ do wykonywania zadañ, które podejmujesz. Mo¿e siê zdarzyæ, ¿e bêdziesz doœæ zorganizowany w swoim podejœciu. Dziêki swoim kompetencjom osi¹gniesz doskona³oœæ w swojej pracy i bêdziesz w stanie osi¹gn¹æ swoje cele. W ten sposób udowodnisz swoje umiejêtnoœci ka¿demu, kto w to w¹tpi³. </THREE-OF-PENTACLES-ONE >
<FOUR-OF-PENTACLES-ONE >Karta podkreœla odcienie posiadania i odpornoœci na zmiany. Mo¿esz mieæ tendencjê do gromadzenia materialistycznych rzeczy i nie dzieliæ siê nimi z innymi. Chciwoœæ mo¿e rz¹dziæ twoim umys³em. Mo¿esz spróbowaæ przej¹æ kontrolê nad rzeczami, które Ciê otaczaj¹ i ¿¹daæ, aby rzeczy by³y robione na swój sposób. Mo¿esz równie¿ mieæ tendencjê do tego, aby rzeczy nie ulega³y zak³óceniom i nie ulega³y zmianie, prowadz¹c tym samym do ogólnej stagnacji w wiêkszoœci aspektów ¿ycia. </FOUR-OF-PENTACLES-ONE >
<FIVE-OF-PENTACLES-ONE >Karta pokazuje fazê trudnych czasów, zarówno emocjonalnie, jak i fizycznie. Mo¿esz wpadaæ w jakieœ k³opoty finansowe lub pojawiæ siê jakiœ problem w miejscu pracy. Mo¿esz doœwiadczyæ braku umiejêtnoœci, których naprawdê potrzebujesz, aby siê rozwijaæ. Mo¿esz równie¿ przejœæ przez fazê, w której mo¿esz odczuwaæ brak wsparcia i mo¿esz dryfowaæ do ³agodnej samotnoœci. Mog¹ wyst¹piæ równie¿ problemy zdrowotne. </FIVE-OF-PENTACLES-ONE >
<SIX-OF-PENTACLES-ONE >Ta karta mówi o szarawych mo¿liwoœciach posiadania bogactwa, w³adzy i inteligencji. Albo je masz, albo po prostu nie masz. Bêdziecie albo na koñcu otrzymywania rzeczy, albo na koñcu dawania. Dotyczy to wszystkich aspektów ¿ycia, mo¿esz byæ tu lub tam. W ka¿dym przypadku jednak, powinieneœ zrozumieæ i przeanalizowaæ swoj¹ przysz³oœæ i pracowaæ nad ni¹. </SIX-OF-PENTACLES-ONE >
<SEVEN-OF-PENTACLES-ONE >Karta oznacza potrzebê oceny i analizy aktualnej sytuacji ¿yciowej. Mo¿esz chcieæ wzi¹æ trochê wolnego czasu tylko po to, aby œledziæ swoje postêpy do tej pory i upewniæ siê, ¿e jesteœ na w³aœciwej drodze. Istnieje du¿a szansa, ¿e doœwiadczysz równie¿ sukcesu dziêki szczerym wysi³kom i osi¹gniesz kamienie milowe, o których marzy³eœ. Mo¿e siê okazaæ, ¿e myœlisz o zmianie pracy/domu. </SEVEN-OF-PENTACLES-ONE >
<EIGHT-OF-PENTACLES-ONE >Karta pokazuje Twoj¹ skrajn¹ determinacjê i oko za szczegó³y. Mo¿esz byæ zaanga¿owany w niektóre zadania i z ca³ym sercem zaanga¿owaæ siê w pracê. Takie podejœcie pomo¿e Ci poszerzyæ Twoj¹ wiedzê i wiedzê na temat tego, nad czym pracujesz. Bêdziesz bardzo ostro¿ny i zadbasz o to, aby wszystko przebiega³o w sposób metodyczny i prawid³owy a¿ do ostatniego szczegó³u. </EIGHT-OF-PENTACLES-ONE >
<NINE-OF-PENTACLES-ONE >Karta mówi o twoim zdyscyplinowanym zachowaniu z wiar¹ w siebie i pragnieniem poprawy. Bêdziesz stara³ siê rozwi¹zywaæ problemy i radziæ sobie z ¿yciem, stosuj¹c dobrze zorganizowane i uporz¹dkowane podejœcie. Zaufasz w³asnym umiejêtnoœciom i sam przekszta³cisz swój potencja³ w wydajnoœæ. Bêdziesz d¹¿y³ do doskona³oœci i stara³ siê cieszyæ lepszymi rzeczami ¿ycia. Bêdziesz d¹¿yæ do luksusowego stylu ¿ycia. </NINE-OF-PENTACLES-ONE >
<TEN-OF-PENTACLES-ONE >Karta wskazuje na obfitoœæ bogactwa, które napotkasz. Mo¿esz cieszyæ siê zdrowym biznesowym sukcesem tam, gdzie Twoje przedsiêwziêcia rozwijaj¹ siê. Albo mo¿esz znaleŸæ bardzo wysoko p³atn¹ pracê. Bêdziesz doœwiadczyæ bezpieczeñstwa finansowego w ka¿dym przypadku. Mo¿esz kred¹ siê plan zabezpieczyæ siebie i swoj¹ rodzinê na ca³e ¿ycie. W tym wszystkim, mo¿na przyj¹æ wypróbowane i przetestowane metody i pozostaæ w granicach zasad we wszystkim, co robisz. </TEN-OF-PENTACLES-ONE >
<PAGE-OF-PENTACLES-ONE >Karta sugeruje, abyœ by³ praktyczny w ¿yciu i spe³nia³ swoje marzenia. Bêdziesz musia³ pracowaæ z tym, co posiadasz i wykorzystaæ do tego swoj¹ psychiczn¹ i fizyczn¹ si³ê. Powinniœcie straciæ swoj¹ zwlekaj¹c¹ postawê i trzymaæ stopy na ziemi. Powinniœcie postêpowaæ odpowiedzialnie i rzetelnie oraz ufaæ ludziom, z którymi pracujecie. </PAGE-OF-PENTACLES-ONE >
<KNIGHT-OF-PENTACLES-ONE >Karta mówi o twojej nadmiernej sk³onnoœci do pozytywnych rzeczy w ¿yciu. Kiedy postanawiasz d¹¿yæ do celu, pozostajesz uparty, nie s³uchasz nikogo i odmawiasz odejœcia nawet w beznadziejnej sytuacji. Jesteœ konserwatyst¹, boisz siê ryzyka i w zwi¹zku z tym czasami tracisz ³atwe mo¿liwoœci. Twoje d¹¿enie do dok³adnoœci czasami graniczy z obsesj¹. Twoja praktycznoœæ czyni ciê pesymist¹. Wykonujesz tak wiele ciê¿kiej pracy, ¿e nie dostrzegasz piêknego œwiata dooko³a. </KNIGHT-OF-PENTACLES-ONE >
<QUEEN-OF-PENTACLES-ONE >Ta karta pokazuje Twoj¹ przyziemn¹, inspiruj¹c¹ i hojn¹ naturê. Troszczysz siê i kochasz ludzi wokó³ siebie w bezinteresowny sposób. Masz miêkkie serce i pragnienie szerzenia radoœci i szczêœcia swoim altruistycznym nastawieniem. Jesteœ lojaln¹ i wiern¹ osob¹. Nie marnujecie rzeczy i nie sprawiacie, ¿e trochê siê posuwacie. Inni czuj¹ siê wokó³ ciebie komfortowo dziêki twojej bezpretensjonalnej i przyjemnej naturze. </QUEEN-OF-PENTACLES-ONE >
<KING-OF-PENTACLES-ONE >Karta podkreœla Twoje znacz¹ce umiejêtnoœci w ró¿nych dziedzinach ¿ycia. Twoje umiejêtnoœci w zakresie przedsiêbiorczoœci przynios¹ Ci zarówno satysfakcjê finansow¹, jak i psychiczn¹ w ¿yciu. Mo¿esz byæ postrzegany jako osoba godna zaufania w sytuacji kryzysowej. Twoja adaptacyjna natura pomo¿e Ci w ka¿dej sytuacji. Twoja zachêcaj¹ca postawa pomaga ludziom wokó³ ciebie. Jesteœ spokojny, punktualny i pracowity. </KING-OF-PENTACLES-ONE >
<ACE-OF-SWORDS-ONE >Karta pokazuje, ¿e odnajdziesz oœwiecenie umys³owe i dowiesz siê o wszystkim na swój w³asny sposób. Z twoimi zdolnoœciami rozumowania i intelektu, nauczysz siê ca³kiem sporo faktów z ¿ycia. Z powodu swojej mentalnej si³y, powoli wyjdziesz z ka¿dej trudnej sytuacji ¿yciowej, pokonuj¹c ka¿d¹ przeszkodê. Mo¿ecie mieæ tendencjê do walki o sprawiedliwoœæ dla kogoœ/czegoœ i bêdziecie postêpowaæ w kierunku prawdy i uczciwoœci. </ACE-OF-SWORDS-ONE >
<TWO-OF-SWORDS-ONE >Karta pokazuje opozycjê wobec emocji i t³umienia prawdziwych uczuæ. Mo¿esz ukryæ swój niepokój przed innymi i spróbujesz utrzymaæ ch³odny wygl¹d zewnêtrzny. Mog¹ nadejœæ czasy, kiedy utkniesz w nieprzyjemnych sytuacjach, w których wahasz siê podj¹æ decyzjê lub dzia³aæ. Mo¿esz mieæ tendencjê do unikania jasnych faktów i prawdy. Sytuacja pozostanie taka, jaka jest z powodu twojej bezczynnoœci. </TWO-OF-SWORDS-ONE >
<THREE-OF-SWORDS-ONE >Ta karta sugeruje, ¿e mo¿esz stan¹æ twarz¹ w twarz z emocjonalnie niskim czasem. Mo¿e siê zdarzyæ, ¿e zranisz czyjeœ uczucia lub odwrotnie. Niektóre z³e wieœci mog¹ byæ w drodze. Mo¿e siê zdarzyæ, ¿e poczujesz siê odrzucony. Mo¿esz czuæ, ¿e nikogo tam nie ma, kiedy najbardziej potrzebujesz kogoœ. Samotnoœæ mo¿e siê pojawiæ. Mo¿esz poznaæ tajemnice bliskich ci ludzi, którzy mog¹ ciê niepokoiæ. Mo¿esz równie¿ doœwiadczyæ zdrady ze strony kogoœ bliskiego. </THREE-OF-SWORDS-ONE >
<FOUR-OF-SWORDS-ONE >Karta sugeruje, ¿e powinieneœ ¿yæ spokojnie, nie przesadzaj¹c z sob¹. Nale¿y zrobiæ sobie przerwê od codziennej rutyny i znaleŸæ spokój i ciszê. Zrelaksuj siê trochê dla swojego cia³a i umys³u. WeŸ ten czas wolny, aby pomyœleæ o tym, gdzie stoisz w ¿yciu, co chcesz osi¹gn¹æ, co wszystko, co zrobi³eœ, itp. W zwi¹zku z tym przygotuj siê na przysz³oœæ, zabezpieczaj¹c swoj¹ obecn¹ pozycjê. </FOUR-OF-SWORDS-ONE >
<FIVE-OF-SWORDS-ONE >Karta odzwierciedla egocentryczny sposób myœlenia i nieharmonijn¹ postawê w stosunku do innych. Mo¿esz mieæ tendencjê do myœlenia tylko o swoich w³asnych zainteresowaniach, zanim podejmiesz siê jakiegokolwiek zadania. Mo¿esz mieæ trudnoœci z radzeniem sobie z pogl¹dami i opiniami innych osób. Mo¿e siê zdarzyæ, ¿e uda ci siê stworzyæ miêdzy innymi z³¹ wolê. Mo¿esz osi¹gn¹æ sukces u¿ywaj¹c niew³aœciwych œrodków. </FIVE-OF-SWORDS-ONE >
<SIX-OF-SWORDS-ONE >Karta podkreœla fazy ¿ycia w górê i w dó³. Mo¿esz czuæ siê beznadziejny i przygnêbiony w tym, co robisz. Z³y stan zdrowia mo¿e byæ odczuwalny. Byæ mo¿e bêdziesz musia³ poœwiêciæ trochê czasu na osobiste "ja", aby wyleczyæ siê i poradziæ sobie z emocjonalnymi sytuacjami swojego ¿ycia. Zobaczysz œwiat z now¹ nadziej¹ i zaczniesz pod¹¿aæ w kierunku pozytywnego samopoczucia. Mo¿esz podró¿owaæ z jednego miejsca do drugiego w poszukiwaniu przygód i zmian. </SIX-OF-SWORDS-ONE >
<SEVEN-OF-SWORDS-ONE >Karta mówi o twojej tendencji do unikania twoich obowi¹zków i zobowi¹zañ, które ciê otaczaj¹. Ukrywasz prawdê, aby unikn¹æ stawiania czo³a muzyce. Mo¿esz mieæ tendencjê do pozostawania w spokoju i zdystansowaniu siê i utrzymywania dobrego dystansu do otaczaj¹cego Ciê œwiata spo³ecznego. Podczas tej fazy izolacji, mo¿esz rozwin¹æ zwodnicze nastawienie i czasami mo¿esz dzia³aæ w nieuczciwy sposób. </SEVEN-OF-SWORDS-ONE >
<EIGHT-OF-SWORDS-ONE >Ta karta pokazuje przed sob¹ ciemne i trudne pasy ruchu. Mo¿esz czuæ siê przykuty ³añcuchem przez sytuacje, a tak¿e mo¿esz mieæ trudnoœci ze znalezieniem w³asnej drogi w ¿yciu. W wiêkszoœci przypadków mo¿esz czuæ siê zdezorientowany co do tego, jaki krok zrobiæ dalej. Mo¿e ci brakowaæ skupienia, aby iœæ naprzód i mo¿esz szukaæ pomocy z zewn¹trz. Mo¿esz wyczuæ, ¿e sprawy wymykaj¹ siê spod kontroli, podczas gdy jedyne co mo¿esz zrobiæ, to pozostaæ z ty³u i obserwowaæ. </EIGHT-OF-SWORDS-ONE >
<NINE-OF-SWORDS-ONE >Ta karta pokazuje fazê lêku i napiêcia dla ciebie. Mo¿esz mieæ poczucie winy za coœ, co zrobi³eœ w przesz³oœci i trudno bêdzie ci to sobie wybaczyæ. Mo¿esz chcieæ cofn¹æ siê w czasie, aby skorygowaæ swoje dzia³ania. Dryfujesz w kierunku fazy, w której mo¿esz przestaæ wierzyæ w siebie i poczuæ siê przygnêbiony. Czasami mo¿esz równie¿ czuæ siê emocjonalnie za³amany. </NINE-OF-SWORDS-ONE >
<TEN-OF-SWORDS-ONE >Ta karta pokazuje fazê lêku i napiêcia dla ciebie. Mo¿esz mieæ poczucie winy za coœ, co zrobi³eœ w przesz³oœci i trudno bêdzie ci to sobie wybaczyæ. Mo¿esz chcieæ cofn¹æ siê w czasie, aby skorygowaæ swoje dzia³ania. Dryfujesz w kierunku fazy, w której mo¿esz przestaæ wierzyæ w siebie i poczuæ siê przygnêbiony. Czasami mo¿esz równie¿ czuæ siê emocjonalnie za³amany. </TEN-OF-SWORDS-ONE >
<PAGE-OF-SWORDS-ONE >Karta prosi o zebranie si³ umys³owych i zajêcie siê problemami, które mog¹ przeszkadzaæ w d³u¿szej perspektywie czasowej. Bêdziesz musia³ logicznie przeanalizowaæ problemy, przed którymi stoisz i zrobiæ odpowiednie plany, aby rozwi¹zaæ te same problemy. Bêdziesz musia³ byæ szczery i prawdziwy i nie próbowaæ niczego ukrywaæ. Bêdziesz musia³ uporaæ siê z tym, co dobre i z³e, a tak¿e przyj¹æ na siebie odpowiedzialnoœæ, która siê z tym wi¹¿e. Utrzymujcie wysokie nastroje i napotykajcie trudnoœci z energi¹. </PAGE-OF-SWORDS-ONE >
<KNIGHT-OF-SWORDS-ONE >Ta karta sugeruje pewnoœæ siebie, ale z odrobin¹ ¿ywio³owoœci. Twoja szczeroœæ mo¿e byæ uwa¿ana za niegrzeczn¹ przez innych. Mo¿esz byæ opisany jako ktoœ, kto mo¿e mówiæ cokolwiek bez zastanowienia. Mo¿esz zacz¹æ jako dobry lider, ale skoñczyæ z dominuj¹cym nastawieniem. Mo¿esz pokazaæ wielkie poczucie humoru namalowane z sarkazmem. Twoja g³êboka wiedza bêdzie doceniona, jeœli nie graniczy z arogancj¹. </KNIGHT-OF-SWORDS-ONE >
<QUEEN-OF-SWORDS-ONE >Karta odzwierciedla Twoj¹ prawdziw¹ i prost¹ naturê w ¿yciu. Wolisz byæ otwarty we wszystkich swoich dzia³aniach. Twoja percepcja ka¿dej sytuacji/osoby jest doœæ rozs¹dna i s³uszna. Starasz siê przyjmowaæ podejœcie bezsensowne w ka¿dym swoim dzia³aniu. Twoje poczucie humoru jest doskona³e i to nie kosztem nikogo. Twoje bogate doœwiadczenie daje ci si³ê, by iœæ naprzód w ¿yciu. </QUEEN-OF-SWORDS-ONE >
<KING-OF-SWORDS-ONE >Karta oznacza twój przemyœlany umys³ i etyczn¹ osobowoœæ. Masz tendencjê do efektywnego analizowania sytuacji ¿yciowych z dobrze rozwiniêtymi umiejêtnoœciami logicznymi i rozumowania. Bêdziesz w stanie komunikowaæ swoje pogl¹dy i pomys³y z doskona³ymi umiejêtnoœciami werbalnymi. Bêdziesz szeroko postrzegany i dojrzale zrozumiesz wszystkie aspekty ka¿dej kwestii. Masz tendencjê do bycia szczerym i uczciwym w tym, co robisz. </KING-OF-SWORDS-ONE >
<ACE-OF-WANDS-ONE >Ta karta oznacza sukces. Posiadasz pomys³owy i niekonwencjonalny sposób myœlenia, który obarcza Ciê kreatywnoœci¹. Twój entuzjazm i œwiec¹ca pewnoœæ siebie maj¹ tendencjê do inspirowania innych i wydobywania w sobie pasji. Dajesz wiêcej ni¿ 100% w tym, co robisz. W ¿yciu, kiedy tylko napotkasz jakiœ problem lub wyzwanie, napotkasz trudnoœci z odwag¹ i wiar¹ w siebie, aby odnieœæ sukces. </ACE-OF-WANDS-ONE >
<TWO-OF-WANDS-ONE >Ta karta oznacza odwa¿ne podejœcie. Jeœli czeka³eœ, aby przej¹æ inicjatywê lub podj¹æ jakieœ zadanie/podró¿, to jest to czas, aby to zrobiæ. Masz w³adzê i wp³ywy, aby osi¹gn¹æ swoje cele. Tak wiêc, po prostu musisz mieæ odwagê, aby podj¹æ kroki naprzód. Nadszed³ czas, aby byæ odwa¿nym i zmierzyæ siê ze strachem. Bêdziesz musia³ wyjœæ z innowacyjnym podejœciem, aby osi¹gn¹æ swoje cele. Wystarczy wyrzeŸbiæ w³asn¹ drogê. </TWO-OF-WANDS-ONE >
<THREE-OF-WANDS-ONE >Karta pokazuje pragnienie i niecierpliwoœæ w poszukiwaniu czegoœ nowego. £¹czy siê to z Twoj¹ przygod¹ i ekscytuj¹cym poszukiwaniem natury. Twoja dalekowzroczna natura nadal bêdzie ci pomagaæ w nadchodz¹cych czasach. Bêdziesz musia³ wcieliæ siê w rolê lidera, aby zmobilizowaæ wszystkich w kierunku swojej misji i celu. Mo¿esz znaleŸæ wiele sukcesów w handlu i handlu. </THREE-OF-WANDS-ONE >
<FOUR-OF-WANDS-ONE >Mo¿esz po³¹czyæ siê ze swoj¹ przygod¹ i ekscytacj¹ poszukuj¹c¹ natury. Twoja dalekowzroczna natura mo¿e nadal ci pomagaæ w nadchodz¹cych czasach. Musisz przyj¹æ rolê przywódcz¹, aby zebraæ wszystkich w kierunku swojej misji i celu. Wkrótce mo¿esz znaleŸæ wiele sukcesów w handlu i handlu. </FOUR-OF-WANDS-ONE >
<FIVE-OF-WANDS-ONE >Ta karta oznacza ma³e k³opoty przed nami. Ludzie mog¹ siê wydawaæ, ¿e s¹ przeciwko tobie, a ty mo¿esz skoñczyæ k³óc¹c siê i k³óc¹c z ludŸmi. S¹ inni, którzy chc¹ z tob¹ konkurowaæ i czujesz, ¿e sprostasz wyzwaniu walki. Ma³e niepowodzenia i k³opoty s¹ w zapasie dla Ciebie. Bêdziesz musia³ wykazaæ siê cierpliwoœci¹ i opanowaniem, aby wyjœæ z tej sytuacji. </FIVE-OF-WANDS-ONE >
<SIX-OF-WANDS-ONE >Karta odzwierciedla zwyciêstwo, uznanie z odrobin¹ dumy. Mo¿esz osi¹gn¹æ swoje cele z lataj¹cymi kolorami. Mo¿esz zostaæ doceniony za swoje wysi³ki, a to sprawi, ¿e bêdziesz mia³ motywacjê, aby daæ z siebie wszystko, co robisz. Bêdziesz cieszyæ siê swoim dniem w s³oñcu, ale mo¿e nagle zacz¹æ czuæ siê wa¿ny. Mo¿esz zacz¹æ myœleæ o sobie w pierwszej kolejnoœci, co mo¿e prowadziæ ludzi do myœlenia, ¿e jesteœ arogancki. </SIX-OF-WANDS-ONE >
<SEVEN-OF-WANDS-ONE >Ta karta oznacza wysi³ki, aby walczyæ o swoj¹ pozycjê i stan¹æ w obronie tego, w co wierzysz. Masz tendencjê do agresywnego i wyzywaj¹cego podejœcia w ¿yciu. W wiêkszoœci przypadków takie podejœcie sprawdza siê dobrze, ale czasami przesadzasz z ekscytacj¹. Masz tendencjê do uporu w zajmowaniu stanowiska i jesteœ doœæ wytrwa³y. Twoja szczera wiara w swoje umiejêtnoœci pomo¿e ci przez czas cierpienia. </SEVEN-OF-WANDS-ONE >
<EIGHT-OF-WANDS-ONE >Karta sugeruje zmianê w czasie. Przyby³ czas, na który czekasz. Jest to czas na podjêcie dzia³añ i udowodnienie swojego potencja³u w taki czy inny sposób. Niektóre niedokoñczone zadania mog¹ w koñcu zostaæ wykonane. Prawdopodobnie odkryjesz pewne informacje lub wiadomoœci, których szuka³eœ. Byæ mo¿e bêdziesz musia³ zakoñczyæ pewn¹ rzecz, tylko po to, aby rozpocz¹æ coœ lepszego. </EIGHT-OF-WANDS-ONE >
<NINE-OF-WANDS-ONE >Ta karta oznacza œrodki ostro¿noœci i determinacjê, któr¹ wykazujecie. Z przesz³ych trudnoœci lub doœwiadczeñ, jesteœ teraz bardzo ostro¿ny i zawsze przygotowujesz siê na najgorsze. Strze¿esz siebie i swoich bliskich. Stawiasz opór wszelkim przeciwnoœciom i z ca³ego serca walczysz o swoje cele. Twoja wola i si³a fizyczna bêd¹ nadal ukierunkowywaæ Twoje wysi³ki na chwa³ê. </NINE-OF-WANDS-ONE >
<TEN-OF-WANDS-ONE >Karta wskazuje na rosn¹ce poczucie obci¹¿enia emocjonalnego lub psychicznego. W pracy mo¿e dochodziæ do nadu¿ywania siê. Prawdopodobnie robisz wiele rzeczy na raz i utkn¹³eœ w wiêkszoœci z nich. Mo¿esz mieæ równie¿ pewne d³ugi do sp³acenia. Mo¿e siê okazaæ, ¿e trudno jest odmówiæ innym. Podczas gdy nie dostajesz kredytu za dobre rzeczy, które robisz, w koñcu bierzesz na siebie ca³¹ winê. Mo¿e siê te¿ okazaæ, ¿e trzeba bêdzie walczyæ o ka¿dy ma³y sukces. </TEN-OF-WANDS-ONE >
<PAGE-OF-WANDS-ONE >Karta oznacza dla Ciebie nowe mo¿liwoœci odkrycia prawdziwej mocy i energii, któr¹ posiadasz. Nadszed³ czas, aby odkryæ na nowo ¿ycie i odkryæ je z kreatywnym i odwa¿nym podejœciem. Musisz pokazaæ wiêcej emocji i optymizmu w swoich wysi³kach. B¹dŸ z pasj¹ w tym, co robisz. Uwierz w swoje umiejêtnoœci i zachowaj skupienie, aby wycisn¹æ z siebie to, co najlepsze. B¹dŸ odwa¿ny i podejmuj ryzyko. To jest czas, aby byæ asertywnym. </PAGE-OF-WANDS-ONE >
<KNIGHT-OF-WANDS-ONE >Karta rycerska odzwierciedla bardzo dobry zestaw mocnych cech, którym towarzyszy kilka negatywnych. Czêsto masz tendencjê do bycia uroczym i pewnym siebie, ale czasami natrafiasz na to, ¿e jesteœ osob¹ aroganck¹. Masz tendencjê do bycia odwa¿nym, ale czasami stajesz siê lekkomyœlny. W poszukiwaniu przygody, masz tendencjê do bycia ca³kowicie niespokojnym. Jesteœ namiêtny z natury, ale jednoczeœnie gor¹co usposobiony. </KNIGHT-OF-WANDS-ONE >
<QUEEN-OF-WANDS-ONE >Ta karta jest jedn¹ z najbardziej pozytywnych. Pokazuje wzrost energii, nastroju i radoœci. Uda Ci siê przep³yn¹æ przez swoje zadania z Twoim zaanga¿owaniem i oddaniem. Bêdziesz mia³ tendencjê do bycia dobrym przyjacielem i ³atwo nawi¹zujesz nowe znajomoœci. W nadchodz¹cych dniach prze¿yjecie spokojny i radosny czas. Twój spokojny spokój pomo¿e Ci pokonaæ ka¿d¹ przeszkodê, która przyjdzie Ci z pomoc¹. </QUEEN-OF-WANDS-ONE >
<KING-OF-WANDS-ONE >Ta karta odzwierciedla si³ê twórczego i innowacyjnego myœlenia. Zachowaj swój umys³ otwarty na nowe mo¿liwoœci i mo¿liwoœci. Mo¿esz doœwiadczyæ czegoœ nowego w niedalekiej przysz³oœci. Mo¿esz byæ dobry w komunikowaniu siê, nawi¹zywaniu wiêzi z innymi i inspirowaniu ich. Mo¿esz nawet mieæ tendencjê do dominacji i dowodzenia ludŸmi, z którymi jesteœ w pobli¿u - ale z szacunkiem. Cieszysz siê uwag¹, któr¹ otrzymujesz i masz tendencjê do przyci¹gania p³ci przeciwnej. </KING-OF-WANDS-ONE >
<THE-FOOL-ONE >Wskazuje siê nowy pocz¹tek. Poczujesz, ¿e zaczynasz œwie¿o od nowych rzeczy i nowych ideologii. Mo¿e to dotyczyæ Twojej kariery, ¿ycia mi³osnego lub osobistego frontu. Podczas tej podró¿y bêdzie du¿o spontanicznoœci i zabawy. W przypadku jakichkolwiek przeszkód, nauczysz siê czegoœ wartoœciowego. Bêdziesz musia³ zrezygnowaæ ze starego i podj¹æ nowe rzeczy, aby wejœæ w ten nowy œwiat, który zaczynasz odkrywaæ. </THE-FOOL-ONE >
<THE-MAGICIAN-ONE >Twoja wola jest teraz silniejsza. Ludzie bêd¹ ciê s³uchaæ i traktowaæ powa¿nie wszystko, co powiesz. Bêdziesz w stanie przekonaæ ludzi i tym razem oznacza, ¿e bêdziesz najlepszy w swoich umiejêtnoœciach przywódczych przynajmniej przez jakiœ czas. Otrzymasz jasne pomys³y i to od ciebie bêdzie zale¿a³o, jak je wykorzystaæ. Niektóre sekrety innych równie¿ mog¹ zostaæ ujawnione. </THE-MAGICIAN-ONE >
<THE-HIGH-PRIESTESS-ONE >Jest to czas, w którym powinieneœ zaufaæ swoim instynktom i pod¹¿aæ œcie¿k¹ swoich snów, do których mocno siê czujesz. Mo¿e byæ osoba, która wkrótce udzieli ci bardzo wa¿nej lub u¿ytecznej rady. Byæ mo¿e bêdziesz musia³ poszukaæ czegoœ, co jest dla ciebie nieznane i jest prawdopodobne, ¿e coœ jest przed tob¹ ukrywane. Bêdziesz musia³ szukaæ a¿ do momentu, kiedy tajemnica nie zostanie ujawniona, poniewa¿ mo¿e to doprowadziæ do bardzo wa¿nej dla ciebie realizacji. </THE-HIGH-PRIESTESS-ONE >
<THE-EMPRESS-ONE >Myœlisz o czymœ g³êboko i martwisz siê o rozwój lub pocz¹tek czegoœ w swojej karierze, biznesie lub relacji. Ty lub Twój partner jest wysoce ochronny i mo¿e nawet uciec siê do nieetycznych œrodków, aby osi¹gn¹æ to, co jest po¿¹dane. Trochê cierpliwoœci i pewne wysi³ki bêd¹ wymagane, aby osi¹gn¹æ stabilnoœæ w obecnej sytuacji. </THE-EMPRESS-ONE >
<THE-EMPEROR-ONE >Osi¹gniêcia nie s¹ zbyt odleg³e, a honor te¿ jest w drodze. Mo¿esz byæ pod wp³ywem prowadz¹cego mê¿czyzny, takiego jak twój ojciec, brat, partner lub twój przyjaciel. Bêdziesz mia³ w³adzê teraz i bêdziesz dowodzi³ tym, co chcesz zrobiæ. Bardzo silny system wsparcia bêdzie tam u twego boku. Chocia¿ bêdziecie musieli uwa¿aæ na swoj¹ powierzchown¹ lub nadmiernie wymagaj¹c¹ naturê, która mo¿e zaszkodziæ waszym juniorom. </THE-EMPEROR-ONE >
<THE-HIEROPHANT-ONE >Nie b¹dŸ zbyt uparty w swoich myœlach i nie trzymaj siê starych wierzeñ i tradycji tylko dlatego, ¿e s¹ one przestrzegane od wieków. Byæ mo¿e myœlisz o ma³¿eñstwie. Byæ mo¿e utkniesz w formalnoœciach prawnych. Problemy mog¹ przybyæ i mo¿esz trzymaæ siê starych metod ich rozwi¹zywania. Bêdziesz musia³ uporaæ siê z problemami z ch³odn¹ g³ow¹ i zachowaæ wystarczaj¹c¹ cierpliwoœæ. </THE-HIEROPHANT-ONE >
<THE-LOVERS-ONE >Mi³oœæ jest w powietrzu dla ciebie. Wkrótce mo¿esz spodziewaæ siê mi³ej niespodzianki w swoim ¿yciu mi³osnym. Byæ mo¿e bêdziesz musia³ dokonaæ wyboru pomiêdzy sercem a umys³em. Ty jesteœ prawdopodobny pod¹¿aæ twój serce nad twój umys³em i ryzyko braæ bêdzie warty zachodu. Mo¿esz siê nad kuszony, co mo¿e prowadziæ do niewiernoœci, której nale¿y unikaæ. Twoje emocjonalne powi¹zania stan¹ siê silne. </THE-LOVERS-ONE >
<THE-CHARIOT-ONE >Toczysz walkê, by osi¹gn¹æ to, czego pragniesz. Jakaœ zmiana lub podró¿ mo¿e mieæ miejsce w twoim ¿yciu. Byæ mo¿e bêdziesz musia³ stawiæ czo³a przeszkodom w swojej karierze lub ¿yciu osobistym. Mo¿esz byæ nêkany przez kogoœ z egoistycznymi motywami. Pewna kontrola mo¿e byæ wymagana w przeciwstawnych emocjach i okolicznoœciach, ale w koñcu zwyciêstwo zostanie osi¹gniête. </THE-CHARIOT-ONE >
<JUSTICE-ONE >Nadszed³ czas, aby przywróciæ równowagê w tym, co robisz. Mo¿e siê zdarzyæ, ¿e jakiœ nawyk lub aktywnoœæ, która dzieje siê wiêcej lub mniej ni¿ jest to wymagane w twoim ¿yciu. Musisz to kontrolowaæ. Musisz podj¹æ wysi³ki, aby powróciæ do normalnoœci, równowa¿¹c wszystkie aspekty swojego ¿ycia. Musisz byæ bezstronny przy zawieraniu umów lub zawieraniu partnerstw w najbli¿szej przysz³oœci. Jeœli coœ, o czym wiesz, ¿e robisz Ÿle, nale¿y to naprawiæ na krótko przed niebezpiecznym zwrotem. </JUSTICE-ONE >
<HERMIT-JEDEN >Poœwiêæ czas i spróbuj zorganizowaæ i przeanalizowaæ sprawy. Byæ mo¿e czujesz siê niecierpliwy z powodu tego, co ciê otacza. Nie podejmuj pochopnych decyzji i by³oby lepiej, gdyby niektóre rady zosta³y odebrane od kogoœ wy¿szego rang¹ i wiarygodnego przed podjêciem wa¿nej decyzji w niedalekiej przysz³oœci. Zrób sobie krótk¹ przerwê od harmonogramu i spróbuj znaleŸæ spokój i samorealizacjê. </HERMIT-JEDEN >
<WHEEL-OF-FORTUNE-ONE >Wkrótce napotkasz jedn¹ z najlepszych faz swojego ¿ycia. Szczêœcie ci sprzyjaæ bêdzie i dostaniesz owoce za swoje wysi³ki. Pojawi¹ siê pewne zmiany i wasze ¿ycie bêdzie zmierzaæ w kierunku dojrza³oœci. Jest prawdopodobne, ¿e dostaniesz wszystko, na co czeka³eœ. Twoje problemy siê skoñcz¹, a szczêœcie bêdzie obfite. Twoje marzenia s¹ bliskie realizacji. </WHEEL-OF-FORTUNE-ONE >
<STRENGTH-ONE >Przekonasz siê, ¿e naby³eœ si³y i potencja³u, by radziæ sobie w najgorszych sytuacjach, zarówno pod wzglêdem fizycznym, jak i psychicznym. Ta karta wskazuje dobry czas, aby rzuciæ jakiœ z³y nawyk, który próbowa³eœ rzuciæ od d³u¿szego czasu. Osi¹gniesz sukces w rzeczach, o które wczeœniej walczy³eœ, jak w swoich zwi¹zkach, karierze, zdrowiu, itp. Z wasz¹ si³¹ woli i inteligencj¹ mo¿ecie przejœæ przez próby i cierpienia w swoim ¿yciu. </STRENGTH-ONE >
<THE-HANGED-MAN-ONE >Byæ mo¿e bêdziesz musia³ coœ poœwiêciæ lub zostawiæ kogoœ, aby osi¹gn¹æ coœ lepszego. Mo¿e wyst¹piæ z³y stan zdrowia, niepowodzenie lub napiêcie. Zajmij siê takimi problemami, zachowuj¹c spokój i wytrwa³oœæ. Niekorzystna sytuacja mo¿e prowadziæ do os³abienia si³y woli i za³amania emocjonalnego. Zaleca siê, abyœ by³ wnikliwy i wykorzysta³ ten czas, aby uzyskaæ jasnoœæ sytuacji. </THE-HANGED-MAN-ONE >
<DEATH-ONE >Karta ta oznacza powa¿ne przemiany i wa¿ne lub szokuj¹ce zmiany w ¿yciu. Jak sama nazwa wskazuje, oznacza ona œmieræ, ale tylko w okolicznoœciach takich jak dojrza³y wiek lub bardzo z³y stan zdrowia. Mo¿esz czuæ siê smutny, pusty lub przygnêbiony, ale ta faza pomo¿e ci uœwiadomiæ sobie, ¿e trzeba wprowadziæ niezbêdne zmiany, aby ¿ycie mog³o siê rozwijaæ. Miej si³ê, aby zaakceptowaæ te zmiany, tak abyœ móg³ przejœæ przez tê fazê zni¿kow¹. </DEATH-ONE >
<TEMPERANCE-ONE >Mo¿esz byæ mylony z wyborami, ¿ycie ci oferuje. Ty mo¿esz musieæ wybieraæ miêdzy przeciwieñstwami i ty musieæ sposób balansowaæ oba rzeczy dla twój wygoda i pokój. Ty musisz daæ mu czas i trochê poeksperymentowaæ, aby znaleŸæ najlepsze rozwi¹zanie. Musisz zwa¿yæ swoje opcje prawo do mieszania inaczej przeciwstawnych aspektów w celu utrzymania pokoju. Znajdziesz sposoby budowania harmonii. </TEMPERANCE-ONE >
<THE-DEVIL-ONE >Bêdziesz kuszony uczuciami po¿¹dania, chciwoœci, ambicji lub uzale¿nienia. Bêdziesz pragn¹³ w³adzy, aby kontrolowaæ rzeczy i byæ przyci¹ganym do komfortu ¿ycia. Brak samokontroli mo¿e prowadziæ do niebezpiecznych i skomplikowanych sytuacji. Cokolwiek zrobisz, bêdzie w kierunku skrajnoœci, które sprawi¹, ¿e poczujesz siê potê¿ny, ale jednoczeœnie bêdzie niebezpieczny. Musisz byæ ostro¿ny, poniewa¿ ta karta daje ci ostrze¿enie o destrukcyjnych krokach, które mo¿esz podj¹æ. </THE-DEVIL-ONE >
<THE-TOWER-ONE >Czas w najbli¿szej przysz³oœci mo¿e byæ jednym z najbardziej problematycznych, jakie kiedykolwiek widzia³eœ. Mo¿esz stan¹æ w obliczu nieprzyjemnych i nag³ych zmian. Niektóre cierpienia mog¹ byæ spowodowane nieoczekiwanymi powodami i byæ mo¿e bêdziesz musia³ zmierzyæ siê z odrobin¹ izolacji lub samotnoœci. Ale te zmiany mog¹ zmusiæ Ciê do dostrze¿enia nowych kierunków w ¿yciu, które na d³u¿sz¹ metê mog¹ okazaæ siê korzystne. Nie bêdzie to przyjemna przeja¿d¿ka, ale bêdzie dla najlepszego, poniewa¿ nauczy ciê wielu rzeczy na przysz³oœæ. </THE-TOWER-ONE >
<THE-STAR-ONE >Jesteœ teraz bardziej sk³onny duchowo i pragniesz spokoju i harmonii w swoim ¿yciu. Bêdzie to czas na uzdrowienie i narodzi nowe nadzieje zarówno na p³aszczyŸnie osobistej, jak i zawodowej. Jest to dobry znak, aby rozpocz¹æ now¹ relacjê lub przenieœæ istniej¹c¹ relacjê na nastêpny poziom. Wiedza o ró¿nych rzeczach zostanie poszerzona i bêdzie to dobry czas, aby pozwoliæ sobie na artystyczne poszukiwania. </THE-STAR-ONE >
<THE-MOON-ONE >Mo¿esz mieæ ochotê na podró¿owanie w œwiecie wyobraŸni i kreatywnoœci. Mo¿esz napotkaæ jakieœ g³êbokie i ciemne ukryte sekrety, a tak¿e mo¿e dojœæ do upadku w aspektach emocjonalnych. Nale¿y unikaæ narkotyków, alkoholu i innych substancji, które mog¹ byæ niebezpieczne dla zdrowia. Mo¿esz czuæ siê uwiêziony w szalonym i koczowniczym œwiecie i bêdziesz musia³ pod¹¿aæ za intuicj¹, aby przejœæ przez najlepsz¹ drogê, najlepiej coœ wspólnego z muzyk¹, sztuk¹, tañcem, teatrem, itp. </THE-MOON-ONE >
<THE-SUN-ONE >Poczujesz siê bardzo energicznie, m³odociany i œwiadomie podejmiesz w³aœciwe decyzje, aby osi¹gn¹æ sukces. Karta S³oñca to przede wszystkim œwie¿oœæ, entuzjazm i oznacza, ¿e wszystko bêdzie siê uk³adaæ jeden po drugim. Niektóre dobre wieœci równie¿ mog¹ byæ w drodze. Wakacje s¹ równie¿ mo¿liwe w niedalekiej przysz³oœci. Wiêcej czasu spêdzimy z rodzin¹ i przyjació³mi w weso³ym nastroju w nadchodz¹cych dniach. Radoœæ i spokój jest w zapasie dla Ciebie w kolejnych dniach. </THE-SUN-ONE >
<JUDGEMENT-ONE >Ta karta wskazuje mo¿liwoœci, których nie nale¿y zaniedbywaæ. S¹ to mo¿liwoœci, na które czeka³eœ. Jest to czas, w którym zostaniesz nagrodzony za wysi³ki, które w³o¿y³eœ w przesz³oœci. Nowe perspektywy id¹ce w twoj¹ stronê zmieni¹ twoje ¿ycie na lepsze. Poniewa¿ s¹d musi byæ sprawiedliwy, byæ mo¿e bêdziesz musia³ stawiæ czo³a swoim grzechom w przesz³oœci. Ogólnie rzecz bior¹c, bêdzie szczêœliwe zakoñczenie w tym, co obecnie robisz. </JUDGEMENT-ONE >
<THE-WORLD-ONE >Jest to czas, kiedy twoja d³uga walka dobiega koñca i dostajesz za ni¹ nagrody. Ta karta wskazuje na relaks po d³ugiej œcie¿ce wysi³ku. Doœwiadczysz tego, ¿e w koñcu otrzymujesz rzeczy i rezultaty, których pragn¹³eœ i do których aspirowa³eœ. Umi³owani doceni¹ owoce Twojej ciê¿kiej pracy. Ten okres zapocz¹tkuje silne osi¹gniêcia i wska¿e nowe pocz¹tki.</THE-WORLD-ONE >
</ROOT>
