<?xml version="1.0" encoding="utf-8" ?>
<ROOT>
    <ACE-OF-CUPS-ONE>
    Bu kart, sağlığınız söz konusu olduğunda her şeyin düzgün çalıştığını gösteriyor. Fiziksel ve zihinsel olarak taze ve enerjik hissedeceksiniz ve herhangi bir rahatsızlık olmayacaktır. Şimdi size daha da iyi hissettirecek olan bir ruhaniliğe doğru daha fazla hareket edeceksiniz.
    </ACE-OF-CUPS-ONE>
<TWO-OF-CUPS-ONE>
    Bu kart, sevilen bir kişinin iyiliğine ayak uydurmak için çabalarken, sağlık tarafında bazı şeylerin rahatsız edildiğini gösteriyor. Ve bu ciddi bir endişeye ve bir hastaneye tekrarlanan ziyaretlere neden olacaktır.
</TWO-OF-CUPS-ONE>
<THREE-OF-CUPS-ONE>
    Bu kart, şimdi bir gala zamana sahip olmak istediğinizi gösterir. Ve kendinizi daha fazla şımartacaksınız. Bu, yakında ele alınması gerekecek bazı ciddi sağlık sorunlarına neden olacaktır. Eğer önlem almazsanız, hastaneye ya da rehabilitasyona gitmek zorunda kalabilirsiniz.
</THREE-OF-CUPS-ONE>
<FOUR-OF-CUPS-ONE>
    Çok fazla stres altına giriyorsunuz ve bu, sağlığınızın bozulmasına neden olabilir. Verilmiş olan mesleki taahhütlerinize rağmen, şimdi biraz işlerden uzaklaşmanız gerekiyor. Bu sizi biraz hayal kırıklığına uğratacaktır ama nihayetinde, daha iyisi için iyileşeceksiniz ve bu da size hayatınızda yeni bir duruş verecektir.
</FOUR-OF-CUPS-ONE>
<FIVE-OF-CUPS-ONE>
    Bu kart, çok fazla seyahat veya iş baskısı ile uğraşacağınızı gösteriyor. Ve şimdi tükenmiş ve aşırı yorgun hissedeceksiniz. Bu da sağlığınızı, problemlerin neden olmasını beklediğinizden daha ciddiye etkileyebilir. Öncelik olarak mide ile ilgili konulara dikkat etmeniz gerekir.
</FIVE-OF-CUPS-ONE>
<SIX-OF-CUPS-ONE>
    Bu kart, kendinizi çok iyi hissetmediğinizi gösterir. Ve bu huzursuzluk, bedeninizi fiziksel ve zihinsel olarak etkiliyor. Ancak belirli görevleri tamamlamak için kendinizi bir arada tutacaksınız. Ve sonra vücudunuzun gençleşmesine yardımcı olacak bir mola vereceksiniz.
</SIX-OF-CUPS-ONE>
<SEVEN-OF-CUPS-ONE>
    Bu kart, vücudunuz şimdi biraz rahatlama gerektiren bir hastalık belirtileri gösterdiğini belirtiyor. Uğraşmak zorunda kalacağınız bazı rahatsızlıklar, sizi huzursuz edebilir. Kol ve bacaklarınızla ilgili bazı sorunlar yaşayabilirsiniz. Ve iyileşmek için bir süre izin almalısınız.
</SEVEN-OF-CUPS-ONE>
<EIGHT-OF-CUPS-ONE>
    Bu kart, gözünüzde veya saçlarınız bir miktar zor zamanlar olacağını ve bir ilaç kullanım süresinin bunu takip edeceğini gösterir. Bu günlük işlerinizi engelleyecektir, sizi hayal kırıklığına uğratabilir. Ama endişelenecek önemli bir şey olmayacak ve iyileşmeniz yakında başlayacak. İyileşme süresinde, sevdikleriniz sizinle ilgilenecektir.
</EIGHT-OF-CUPS-ONE>
<NINE-OF-CUPS-ONE>
    Bu kart, şu anda zorluklarla karşı karşıya olduğunuzu ya da yaşamınızdaki iniş ve çıkışlar nedeniyle yakın bir zamanda bir miktar soyutlama ya da depresyonla karşılaşacağınızı gösteriyor. Şu anda savunmasız bir konumda olacaksın. Kimsenin size iyi anlamadığınızı hissedeceksiniz. Bu rahatsız edici zihin çerçevesi, sinirliliğe neden olabilir ve bazı hap kullanımını arttırabilir. 
</NINE-OF-CUPS-ONE>
<TEN-OF-CUPS-ONE>
    Bu kart, yoğun ve ani programınızın dengesiz bir diyete sahip olmanıza neden olacağını gösteriyor. Ve bu durum, bazı mide bozukluklarına yol açabilir. Bu beklenmedik program, sadece bir süreliğine orada olacak soyutlama veya uykusuzluğa yol açabilir. Tedbirleri alacak ve yakında iyileşeceksiniz.
</TEN-OF-CUPS-ONE>
<PAGE-OF-CUPS-ONE>
    Bu kart, şu anda karşı karşıya olduğunuz koşullar nedeni ile çok hassas hissedeceğinizi ve kolayca etkilenebileceğinizi göstermektedir. Bu ruh hali, fiziksel veya zihinsel olarak sağlığınız için kötü olabilir. Kaza eğilimli olduğunuz için biraz dikkatli olun.
</PAGE-OF-CUPS-ONE>
<KNIGHT-OF-CUPS-ONE>
    Bu kart, sağlığınız ile ilgili her şeyin şu anda çok daha fazla iyi olacağını gösteriyor. Zaten bir rahatsızlık çekiyorsanız ve doktoru ziyaret ediyorsanız, size verilebilecek kötü bir habere rağmen durumunuzun iyileşeceğini fark edeceksiniz. Sadece kendinize olan inancınızı korumalı ve vücudunuza iyi bakmalısınız.
</KNIGHT-OF-CUPS-ONE>
<QUEEN-OF-CUPS-ONE>
    Bu kart, şu anda çeşitli kişisel ve profesyonel baskılar nedeniyle zihinsel olarak tüketiliyor olduğunuzu gösteriyor. Ayrıca kendinizi zaman zaman biçare bulabilirsiniz. Doktorunuza ve bazı akrabalarınıza danışacağınız bazı umutsuzluk belirtileri olabilir, ancak işler daha doğru bir şekilde iyileşecektir.
</QUEEN-OF-CUPS-ONE>
<KING-OF-CUPS-ONE>
    Bu kart, sizi hayal kırıklığına uğratacak bazı rahatsız edici durumlar olabileceğini gösteriyor. Ve kendinizi, dünya için yeterince iyi olmadığınızı veya niteliklerinizin eksik olduğunu düşüncesiyle zorlayacaksınız. Bu koşulların bir bağımlılığa yol açmasına izin vermeyin.
</KING-OF-CUPS-ONE>
<ACE-OF-PENTACLES-ONE>
    Bu kart, şu anda hayatınızda bazı sağlıklı değişiklikler yapmaya istekli olduğunuzu gösteriyor. Bir çeşit rahatsızlık çekiyorsanız, hızlı iyileşme için bu iyi bir zamandır. Ve yakında kendinizi daha iyi bir durumda göreceksiniz. Sonunda daha iyisi için iyileşeceksiniz.
</ACE-OF-PENTACLES-ONE>
<TWO-OF-PENTACLES-ONE>
    Sabahlara kadar çalışmak ve çeşitli sorumlulukları yerine getirmek için yorgun ve tükenmiş hissedeceksiniz. Bu koşullar, vücudunuza zorluk çıkarabilir. Ancak, kendinizin durumun kurbanı olmasına izin vermemek için bir denge denemelisiniz.
</TWO-OF-PENTACLES-ONE>
<THREE-OF-PENTACLES-ONE>
    Bu kart, duygusal bir bozulmanın veya ani bir karşılaşmanın sizi bazı zehirli etkilere götüreceğini gösterir. Bu sağlığınıza zarar verebilir, bu nedenle dikkatli olmanız gerekir. Dinlenmek için pek çok şey beklemek zorunda kalacaktır.
</THREE-OF-PENTACLES-ONE>
<FOUR-OF-PENTACLES-ONE>
    Bu kart, halihazırda var olan bir tıbbi sorunla ilgili bir sorunla karşılaşmak zorunda kalabileceğinizi ve bir kliniğe uğramanız gerekebileceğini göstermektedir. Sevdiklerinizden bir miktar yardım ve tavsiye isteyeceksiniz. İşler bir miktar yolundan çıkabilir ve siz şimdi güçlü olmanız gerekecektir.
</FOUR-OF-PENTACLES-ONE>
<FIVE-OF-PENTACLES-ONE>
    Bu kart, son zamanlarda sağlığınızı çok fazla ihmal ettiğinizi gösteriyor. Ve bu yüzden küçük bir rahatsızlığınız, şu anda büyük olmasa da ileride biraz ciddi olabilir. Bu nedenle, bazı kontrollere girmek zorunda kalabilirsiniz.
</FIVE-OF-PENTACLES-ONE>
<SIX-OF-PENTACLES-ONE>
    Bu kart, çevreniz hakkında şimdi daha fazla dikkat etmeniz gerektiğini gösteriyor. Kazaya yatkınsınız ve bu nedenle çevrenizdeki her şey hakkında ihtiyatlı ve dikkatli olmanız gerekecektir. Bu kritik bir zamandır ve eğer dikkatli olmazsanız, o zaman bunlar, istenmeyen bir sonuca yol açabilir.
</SIX-OF-PENTACLES-ONE>
<SEVEN-OF-PENTACLES-ONE>
    Bu kart şu anda çok rahatsız edici bir dönemle karşı karşıya olduğunuzu gösteriyor. Ve çok fazla katılım veya fiziksel çalışma gerektiren herhangi bir şeyden kaçınmaya çalışacaksınız. Zamanınızı ve konsantrasyonunuzu vermeniz gereken herhangi bir şey yapmaya istekli olmayacaksınız ve bu sizi isteksizce işten uzak tutacaktır.
</SEVEN-OF-PENTACLES-ONE>
<EIGHT-OF-PENTACLES-ONE>
    Bu kart, cildiniz savunmasız olabileceğinden, tüm bu nemlendiricilerin ve güneş kremlerinin ortaya çıkma zamanının geldiğini gösterir. Çalışmak için çok seyahat etmelisiniz ve bu diyetinizi etkileyebilir ve mide ile ilgili sorunlara yol açabilir.
</EIGHT-OF-PENTACLES-ONE>
<NINE-OF-PENTACLES-ONE>
    Bu kart, sizin veya yakınınızdaki bir kişinin başına gelen bir hastalık veya kazadan kurtulacağını gösterir. Ayrıca, çok iyi tanıdığınız birinin büyük bir sağlık sorunuyla baş edeceği olasılığı da vardır. Akrabalarınıza yardım edeceksiniz, ancak kurtulmak için yardımcı olacak bir şeyleri dışarı çıkarmak ve deneyimlemek isteyeceksiniz.
</NINE-OF-PENTACLES-ONE>
<TEN-OF-PENTACLES-ONE>
    Bu kart, sizi biraz rahatsız edecek bazı kişisel problemler yaşadığınızı göstermektedir. Aileden yakın olan ve tıbbi bakıma ihtiyaç duyan biri olabilir ve siz, onları yeni bir yaşam tarzına yönlendireceksiniz.
</TEN-OF-PENTACLES-ONE>
<PAGE-OF-PENTACLES-ONE>
    Bu kart, tedirgin ve aşırı derecede huzursuz olduğunuzu gösterir. Vücudunuzla ilgili problemleriniz olabilir. Sizi rahatsız eden bir çeşit suçluluk olabilir ve ondan kurtulmak isteyebilirsiniz. Vücut ağrılarınız için bazı ilaçlar gerekli olabilir ve uykusuzluk nedeniyle bazı uyku hapları da almak isteyebilirsiniz.
</PAGE-OF-PENTACLES-ONE>
<KNIGHT-OF-PENTACLES-ONE>
    Eğer birisi sizi gereksiz yere kullanmazsa sosyal hizmet sizin için iyidir. Bunu farketmelisiniz. Endişeli ve heyecanlı hissedeceksiniz. Ancak dolayı cesur bir adım atabileceksiniz. Kendinizi istemediğiniz şeyleri düşünmekten alı koyabileceğinden, kendinizi boşta beklemek yerine aktif tutmaya çalışacaksınız.
</KNIGHT-OF-PENTACLES-ONE>
<QUEEN-OF-PENTACLES-ONE>
    Bu kart, doğaya kavuşmanın ve şimdi şifa ve temizliğin doğal yollarını benimsemenin en iyisi olacağını gösteriyor. Siz veya sevdiklerinizden biri rahatsızlıktan kurtuluyorsa, o zaman bu hızlı bir iyileşme için iyi bir zamandır.
</QUEEN-OF-PENTACLES-ONE>
<KING-OF-PENTACLES-ONE>
    Bu kart, fiziksel ve zihinsel olarak sağlığınız için doğru yolda olduğunuzu gösterir. Bir yaralanma ya da hastalık sonrası iyileşme dönemindeyseniz, o zaman büyük gelişmeler göreceksiniz. Bazı tıbbi evraklarla ilgili problemler olsa bile, yakında sıralanmış olacaktır.
</KING-OF-PENTACLES-ONE>
<ACE-OF-SWORDS-ONE>
    Bu kart, moralinizin düşük ve depresif hissettiğinizi ve tıbbi yardım aradığınızı gösterir. Aile üyeleri size yardım edecek ve hastalığınıza bir çare bulmak için yeni bir yol bulma şansınız olacak ve bu da sizin için faydalı olacaktır.
</ACE-OF-SWORDS-ONE>
<TWO-OF-SWORDS-ONE>
    Bu kart sağlığınızın daha dalgalı bir aşamada olduğunuzu ve biraz huzursuz görünebileceğinizi gösteriyor. Sağlığınız ile ilgili küçük problemler olabilir, ancak kendinizi iyi hissetmediğinizde veya enfeksiyon veya hafif ateş veya soğuk algınlığına yakalanma ihtimaliniz olduğundan, sağlığınız için iyi beslemeniz gerekir.
</TWO-OF-SWORDS-ONE>
<THREE-OF-SWORDS-ONE>
    Bu kart, aşırı derecede yıpranmış hissedeceğinizi ve rahatlamak ve işten bir süre uzaklaşmak istediğinizi gösterir. Geriliminize ve fiziksel yorgunluğunuza katkıda bulunabilecek olaylar olabilir. Ama bunu kendi iyiliğiniz için sürdürmelisin. Hastalığınız ile aile üyeleriniz ilgilenecek ve bir doktora danışabilirler.
</THREE-OF-SWORDS-ONE>
<FOUR-OF-SWORDS-ONE>
    Bu kart, iyileşme zamanlarının tam doğru olduğunu gösteriyor. Zihinsel ve duygusal endişeleriniz sonunda dinlenecek ya da en azından büyük ölçüde rahatlayacaktır. Fiziksel sağlığınız biraz hasar görebilir ve bu, sizin bazı testler veya tıbbi tedavilerden geçmenizi gerektirecektir. Bu durumda, doktor tavsiyesi size çok yardımcı olacaktır.
</FOUR-OF-SWORDS-ONE>
<FIVE-OF-SWORDS-ONE>
    Bu kart, iyileşmeyi reddeden bazı hastalıklar nedeniyle bir takım stres ve hayal kırıklıklarıyla karşı karşıya olduğunuzu göstermektedir. Hastaneye zaman zaman gidilmesi gerekiyor, bu da hayal kırıklığınıza katkıda bulunacaktır. Ve çaresiz hissedeceksiniz ama güçlü olmaya çalışacaksınız.
</FIVE-OF-SWORDS-ONE>
<SIX-OF-SWORDS-ONE>
    Bu kart, sağlığınızla ilgili en kötü zamanlardan biri olabileceğini gösteriyor. Ağır bir şekilde sizi rahatsız edecek ciddi bir yaralanma veya hastalık olabilir. Ayrıca, özellikle bacaklarınız ya da dizlerinize zarar veren bir kaza ile de karşılaşabilirsiniz. Bir süre hastanede yatma ihtimaliniz de var, ama her şey daha iyi olacaktır.
</SIX-OF-SWORDS-ONE>
<SEVEN-OF-SWORDS-ONE>
    Bu kart size çok fazla stres yüklendiğini gösterir ve bu da zihinsel ve fiziksel olarak çok fazla gerilime neden olur. Çeşitli şeyleri idare etmekle meşgulsünüz ve bu özellikle aklınızda ve vücudunuzda olumsuz bir etkiye sahip olabilir. Kendiniz için biraz zaman ayırmanız ve kendinizi ve vücudunuzu yeniden canlandırmanız gerekir.
</SEVEN-OF-SWORDS-ONE>
<EIGHT-OF-SWORDS-ONE>
    Bu kart, dikkatli değilseniz, küçük bir kaza olabileceğini gösterir. Kart, evde bazı riskli operasyonlar nedeniyle bir aksilik yaşayabileceğini düşündüğünden, şimdi daha fazla dikkatli olmanız gerekecektir. Araba kullanırken veya geçiş yaparken de dikkatli olmanız gerekecektir. Bu aşama yakında geçecektir.
</EIGHT-OF-SWORDS-ONE>
<NINE-OF-SWORDS-ONE>
    Bu kart, kişisel ya da profesyonel yaşamınızda depresyona yol açacak bazı hoş olmayan durumlarla karşılaşmak zorunda kalabileceğinizi göstermektedir. Diyetinizde de bazı mide rahatsızlıklarına yol açabilecek düzensizlikler olabilir, ancak sevdiklerinizden biri bu durumdan size yardımcı olacaktır.
</NINE-OF-SWORDS-ONE>
<TEN-OF-SWORDS-ONE>
    Bu kart, sağlığınızın sorumluluğunu üstlenmeye karar verdiğinizi ve geçmişten çıkıp geleceği kucaklayacağınızı gösteriyor. Sağlığınızla ilgili belirli hedefler koyacak ve bu çözüme yardımcı olmak için belirli yaşam tarzı değişiklikleri yapacaksınız.
</TEN-OF-SWORDS-ONE>
<PAGE-OF-SWORDS-ONE>
    Bu kart, özellikle iş ile ilgili bazı zihinsel baskılar olacağını gösterir, ancak sabırla bunlarla ilgileneceksiniz. Sırt ağrısı çekebilir veya dişçiye gitmenizin muhtemel olduğu durumlar da vardır. Yine de genel olarak enerjide yüksek olacak ve sevdiklerinizle zaman geçireceksiniz.
</PAGE-OF-SWORDS-ONE>
<KNIGHT-OF-SWORDS-ONE>
    Bu kart, sağlığınızla ilgili bazı karışık koşullar olacağını göstermektedir. Zihinsel olarak daha iyi bir konumda olacaksınız ve bazı stres ve diğer sorunlardan kurtulacaksınız. Aileniz veya akrabalarınızla ilgili olarak en kötü haberlerin gelmesi muhtemel olduğundan, ailenizin size şimdi ihtiyacı olacaktır.
</KNIGHT-OF-SWORDS-ONE>
<QUEEN-OF-SWORDS-ONE>
    Bu kart, kişisel ve profesyonel öncelikleri arasında artık çoklu görevlere sahip olacağınızı ve tüm taahhütlerinizi yerine getirmek için elinizden gelenin en iyisini yapacağınızı gösterir. Sonuç olarak, yıpranmış ve yorgun hissedebilirsiniz, ancak bir şekilde tüm bu sorumluluklarla uğraşacaksınız.
</QUEEN-OF-SWORDS-ONE>
<KING-OF-SWORDS-ONE>
    Bu kart, şimdi sağlık departmanında bir düşüş yaşayacağınızı gösteriyor. Zihinsel ve fiziksel olarak hayal kırıklığına uğramış ve bitkin olarak hissedeceksiniz ve bazı küçük sorunlar için ilaç almanız gerekebilir. Sevdiklerinizden birinin kabul edilme şansı da vardır.
</KING-OF-SWORDS-ONE>
<ACE-OF-WANDS-ONE>
    Bu kart, şu anda sağlığınıza daha fazla dikkat edeceğinizi ve herhangi bir fiziksel veya zihinsel rahatsızlık durumunda, artık farklı bir ilaç alacağınızı gösterir. Birisi size bazı rahatsızlıkları tedavi etmenin doğal yollarını önerecek ve bu yöntemleri benimseyeceksiniz.
</ACE-OF-WANDS-ONE>
<TWO-OF-WANDS-ONE>
    Bu kart, vücudunuza aşırı yüklediğiniz bedeni gösterir. Vücudunuza ve zihninize yardım etmek için yapay mineraller almak zorunda kalacaksınız. Dengeli bir diyetin ihmal edilmesi gelecekte tehlikeli olabileceğini ve sağlıklı bir rutinin kesinlikle tavsiye edilebileceğini göstermektedir.
</TWO-OF-WANDS-ONE>
<THREE-OF-WANDS-ONE>
    Bu kart, artık sevdiklerinin sağlığı konusunda daha fazla endişe duyduğunuzu gösteriyor. Süreçte, stresli olacaksınız ve yeterli dinlenmeye ihtiyacınız olabilir. Kendinizi aşırı yüklemeyin, bu tehlikeli olabilir. Çok yakında diş hekimini ziyaret etmek zorunda kalabilirsiniz.
</THREE-OF-WANDS-ONE>
<FOUR-OF-WANDS-ONE>
    Bu kart, kişisel hayatınız ile ilgili bazı rahatsızlıklarla karşılaştığınızı ve bu durumun sizi stresli bıraktığını gösteriyor. Rahatsızlığınızı hissettirmek için sağlığınızı göstermeye başlayacak bazı başka problemler olabilir. Ayrıca beklenmedik bir şekilde vücut ağrılarına da maruz kalabilirsiniz.
</FOUR-OF-WANDS-ONE>
<FIVE-OF-WANDS-ONE>
    Bu kart, sahip olduğunuz hastalıklardan nihayet kurtulduğunuzu gösterir. Ve sonunda iyi ve sağlıklı bir zihin ve beden durumunun tadını çıkarırsınız. Partnerinizle bir tatile çıkmanız olasıdır ve bu hoş bir tatil olacaktır.
</FIVE-OF-WANDS-ONE>
<SIX-OF-WANDS-ONE>
    Bu kart, şimdi sonunda, işe ara vermenin ve kendiniz için biraz zaman ayırmanın zamanı geldiğini gösteriyor. Bazı sosyal toplantılara katılacaksınız ve beğendiğiniz şeyleri yapmaya çalıştığınız için bu mola sizin için yararlı olacaktır.
</SIX-OF-WANDS-ONE>
<SEVEN-OF-WANDS-ONE>
    Bu kart, artık bir kerede halledebileceğinizden çok fazla aktiviteye katıldığınızı ve bu durumun sizi son derece tedirgin ve canı sıkılmış hissetmenize neden olduğunu gösteriyor. Ama şimdi bu stresli durumu hissetmenin zor olduğunu anlayacaksın. Bu arayışta sağlığınızı ihmal etmeyin ve özellikle dışarıda ne yediğinize dikkat edin.
</SEVEN-OF-WANDS-ONE>
<EIGHT-OF-WANDS-ONE>
    Bu kart, hafif bir ruh hali içinde olduğunuzu ve içten sağlıklı ve formda olduğunuzu gösterir ve eşinize doğru yöneleceksiniz. Bu aynı zamanda romantik bir gezintiye çıkmanıza ve sizi bir süre meşgul edecek bazı duygusal etkinliklere de yol açacaktır.
</EIGHT-OF-WANDS-ONE>
<NINE-OF-WANDS-ONE>
    Bu kart, fiziksel durumunuzun kötü bir aşamadan geçtiğini ve ihmal edilmiş ve hasta hissettiğinizi gösterir. Bu, bir kliniğe uğramak zorunda kalabileceğinizden bazı sıkıntılara neden olabilir. Ve ayrıca yorucu olabilecek bazı yasal evraklarla ilgileneceksiniz.
</NINE-OF-WANDS-ONE>
<TEN-OF-WANDS-ONE>
    Bu kart, işinizin ya da bazı kişisel sorunlarınızın size zarar vereceğini ve çok fazla sorumluluk üstlenmeye çalışıldığını ve fiziksel olarak boşaldığını hissetmenizi sağlar. Sürekli ayak parmaklarınızda olacağınız için dinlenecek zamanınız olmayacak ve bu bir çeşit hastalığa neden olabilir. İşleri makul bir hızda yavaşlatmanız gerekecek.
</TEN-OF-WANDS-ONE>
<PAGE-OF-WANDS-ONE>
    Küçük ve hatta büyük bir hastalık için biraz ilaç almak zorunda kalabileceğini göstermektedir. Bu kart, çevrenizdeki olaylar nedeniyle huzursuz olduğunuzu gösterir ve bu, iş veya kişisel problemlerle ilgili olabilir. Şimdi sabrın faziletini uygulamak ve yaklaşımınızda pratik olmak zorunda kalacaksınız.
</PAGE-OF-WANDS-ONE>
<KNIGHT-OF-WANDS-ONE>
    Bu kart, vücudunuzun bir çok şey arasında sıkışıp kaldıkça titiz ve yorucu bir hal alacağınızı gösteriyor. Bu ayrıca zihinsel koşullarınızda çok şey yapmak zorunda kalabilir.
</KNIGHT-OF-WANDS-ONE>
<QUEEN-OF-WANDS-ONE>
    Bu kart, şu anda enerjinin yüksek olduğunu ve sağlığınız için yaşam tarzınızda bazı yapıcı değişiklikler yapmak için ilham aldığınızı gösteriyor. Hayatınızdaki bazı şeyleri daha dengeli bir yaşam tarzına yaklaşmaya çalışmak için değiştirmeye hazırsınız.
</QUEEN-OF-WANDS-ONE>
<KING-OF-WANDS-ONE>
    Bu kart, sağlık ve kondisyon programlarınızda bazı doğaçlamalar yapmaya istekli olduğunuzu ve ayrıca bir beslenme uzmanına danışacağınızı gösterir. Kaygı ve endişe gibi bazı duygusal sorunlar olabilir ya da bir çeşit acı çekebilirsiniz.
</KING-OF-WANDS-ONE>
<THE-MAGICIAN-ONE>
    Bu kart, şu anda stresli zamanlardan geçmek zorunda kalacağınızı gösteriyor. Bir takım iş ve evle ilgili konular size zarar verecektir ve bazı komplikasyonlar ve belirsiz sonuçlar nedeniyle sağlık sorunlarınıza çözüm bulamayabilirsiniz. Doğru sonuca varmadan önce birkaç doktoru ziyaret etmeniz gerekecektir.
</THE-MAGICIAN-ONE>
<THE-HIGH-PRIESTESS-ONE>
    Bu kart bir miktar geçmişe gitmiş olabileceğinizi gösteriyor. Ve bu sizin zihinsel veya fiziksel istikrarınızı etkilemiş olabilir. Ama şimdi zaman geçtikçe daha da iyileşeceksiniz, çünkü sonunda biraz rahatlama göreceksiniz ve çok yakında kendinizi daha iyi hissetmeye başlayacaksınız.
</THE-HIGH-PRIESTESS-ONE>
<THE-EMPRESS-ONE>
    Bu kart, özellikle boyun bölgenizde, vücudunuza ait bazı problemleri geçirme ihtimaliniz olduğunu gösterir. Vücudunuzun ruhsal tarafıyla temas kurmanız, vücudunuzun ihtiyaçlarını daha iyi tanımanız ve kendinizi yeniden canlandırmak için fiziksel terapi veya yogaya katılmanız gerekecek.
</THE-EMPRESS-ONE>
<THE-EMPEROR-ONE>
    Bu kart, sağlığınızla ilgili bazı ciddi sorunların olabileceğini gösterir. Sizi ağrılarınızdan uzaklaştırmak için kapsamlı önlem ve bakım gereklidir. Güç kazanacak ve hastalıkla mücadele edebileceksiniz, ancak vücudunuza tekrar bir ihmalkarlık göstermemeniz tavsiye edilir.
</THE-EMPEROR-ONE>
<THE-HIEROPHANT-ONE>
    Bu kart, sağınıza, şu anda yaptığınız şeyden daha fazla dikkat etmeniz gerektiğini gösteriyor. Düşük veya yüksek tansiyon ve şiddetli öksürük ve soğuk problemleri çıkma ihtimali vardır. Düzenli kontroller durumunuzu iyileştirmek için uzun bir yol kat edebilir.
</THE-HIEROPHANT-ONE>
<THE-LOVERS-ONE>
    Bu kart, vücudunuzun şu anda daha sağlıklı bir şekilde olduğunu gösteriyor vee durum nedeniyle neşeli hissediyorsunuz. Artık fiziksel olarak daha dinamik olmanız ve daha aktif görünmeniz muhtemeldir. Vücudunuzun ihtiyaçlarını ciddiye alacak ve fit vücut ve zihin arasında bir denge kurmaya çalışacaksınız.
</THE-LOVERS-ONE>
<THE-CHARIOT-ONE>
    Bu kart, işinize ve diğer faaliyetlere derinden dahil olduğunuzu ve vücudunuzun ihtiyaçlarına dikkat edemediğinizi gösterir. Bunu yapmaya devam ederseniz, sadece aşırı yük nedeniyle yorgun düşebilir veya zihinsel olarak son derece huzursuz hissedebilirsiniz. Bu, bir sağlık kontrolü için doktoru ziyaret etmek ve hafta sonu boyunca huzurlu bir yere gitmek için iyi bir zamandır.
</THE-CHARIOT-ONE>
<STRENGTH-ONE>
    Bu kart, şu anda sağlığınızın pempe düşlerinde olacağınızı gösteriyor. Güç kartı, yüksek ruhları fiziksel ve zihinsel olarak belirtir ve vücudunuzla ilgili bazı küçük sorunlar olsa bile, bunları kolayca yeneceğinizi belirtir. İrade gücünüz ve coşkunuz etrafınızdaki insanlar tarafından teşvik ve takdir edilecektir.
</STRENGTH-ONE>
<THE-HERMIT-ONE>
    Bu kart, duygusal olarak ihmal edilen ve düşük hissedeceğiniz anlamına gelir ve bu sizi zihinsel olarak tüketebilir. Doktorları ziyaret etmek ve birkaç randevuya neden olacak rahatsızlıklar söz konusu olabilir. Ama bu çok uzun sürmeyecek ve yakında işler daha iyi olacaktır.
</THE-HERMIT-ONE>
<WHEEL-OF-FORTUNE-ONE>
    Bu kart, iş ve zihinsel baskılardan dolayı artık çok kararsız olduğunuzu gösteriyor, üzerinde çalışmış ve stresli hissedeceksiniz.. Sizi rahatsız eden birkaç olumsuz düşünce olabilir, ancak bu sadece bir aşamadır ve çok yakın zamanda geçecektir.
</WHEEL-OF-FORTUNE-ONE>
<JUSTICE-ONE>
    Bu kart, normal bir kontrol için doktora gittiğinizde ciddi bir problemin teşhis ettirme şansınızın olduğunu gösterir. Bu size bir sürpriz olabilir ama doktorunuz, bu yeni sağlık sorunundan kurtulmanıza yardımcı olacak yeterli uzmanlığa sahip olacaktır.
</JUSTICE-ONE>
<THE-HANGED-MAN-ONE>
    Bu kart, bir şeyler hakkında huzursuz ve endişeli olduğunuzu gösterir. Hastalık belirtileri göstermeye başlamadan önce zihninizi ve vücudunuzu biraz dinlendirmeniz gereken zamanlardır. Ve böyle bir durumdan veya kaygılarınızı cesaretlendiren insanlardan uzak durmanız, size yardımcı olacaktır.
</THE-HANGED-MAN-ONE>
<DEATH-ONE>
    Bu kart çevrenizdeki bir şeyin sizi çok mutsuz ettiğini gösteriyor. Bu, ciddi bir hastalık hakkında danışmanız gereken zamandır. Kendinizi daha parlak tarafa bakmaya zorlamak zorunda kalacaksınız. Ve sadece bu, etrafınızdaki kötü şeylerin üstesinden gelmenize yardımcı olacaktır. Artık ailenizden çok fazla sevgi ve bakım göreceksiniz.
</DEATH-ONE>
<TEMPERANCE-ONE>
    Bu kart, yoğun programınızdan dolayı doktora gitme zamanınızın olmayacağını gösteriyor. Ve bu, problemin yakın gelecekte büyütülmesine neden olabilir. Sağlığınıza dikkat etmeli ve zamanında doktora gidip kendinizi iyileştirmelisiniz.
</TEMPERANCE-ONE>
<THE-DEVIL-ONE>
    Bu kart, bitkinlik ve sürekli endişelerin sizi uyuşuk ve yorgun hissettireceğini gösteriyor. Başlangıçta fark etmeyebilirsin ama sonunda biraz fazla çalıştığını fark edeceksin ve bu da başka şeylerden sakınmana neden oluyor ve sürekli olarak bazı hapları kullanmanızı teşvik eden stresli bir durum hissedeceksiniz.
</THE-DEVIL-ONE>
<THE-TOWER-ONE>
Bu kart, hastaneye gitmenize yol açabilecek talihsiz bir olay ile karşılaşmak zorunda kalacağınızı gösteriyor. Bu kaostan dolayı stresli bir zaman olacak, ama sen hayatta kalacaksınız. Böyle yorucu zamanlarda size yardımcı olacak bir aile üyesi de olabilir.
</THE-TOWER-ONE>
<THE-STAR-ONE>
Bu kart, aklınızda bir şeyin yeni bir düşünceye ilham vereceğini gösteriyor. Ve bir arkadaşının yardımıyla; refahınız için bir plan kuracaksınız. Bu süreç biraz sıkıcı olabilir. Ve bazı sağlık kontrolleri ve testleri yaptırmanız gerekebilir, ancak bu kararı aldığınıza sevineceksiniz.
</THE-STAR-ONE>
<THE-MOON-ONE>Bu kart, henüz ortaya çıkmayan veya kısmen ortaya çıkan bazı genel sağlık problemleriyle karşılaşacağınızı göstermektedir. Bu problemler küçük gözükebilir, şimdi ihmal edilen artış olabileceği için dikkatinize ihtiyacınız olacaktır. Ayrıca bazı diz ağrısı ve sırt problemleriyle karşılaşacaksınız.
</THE-MOON-ONE>
<THE-SUN-ONE>Bu kart gösteriyor ki, şu an biraz motive olmuş ve şimdi aşağıya indiğinizi hissediyorsunuz. Artık, yanlışlardan hatayı tespit etmeye çalışırken kendinizi yakından analiz edeceksiniz. Böyle bir fiziksel rahatsızlık anlaşılamaz. Sağlık konularından ve sevdiklerinizden biri için şimdi daha fazla şey okuyacaksınız.
</THE-SUN-ONE>
<JUDGEMENT-ONE>Bu kart, stres veya uygunsuz beslenme nedeniyle bazı fiziksel dengesizliklerle karşılaşmanız gerekebileceğini göstermektedir. Sevdiklerinin sağlığı hakkında endişeleriniz olacak. Ve onları dışarı çıkarmak için elinden gelenin en iyisini yapacaksın. Hastaneye ziyaretler veya doktorlarla yapılan toplantılar zamanınızın çoğunu alacaktır.
</JUDGEMENT-ONE>
<THE-WORLD-ONE>
Bu kart zaten bir hastalık veya yaralanmadan muzdarip olabileceğinizi ve ondan kurtulacağınızı gösterir. Yavaş ama kararlı bir şekilde ilerleme kaydettiğinizi göreceksiniz, ancak bazı yanlış yönlendirme bazı sorunlara yol açabilir. Sağlık sorunlarınız hakkında daha fazla bilgi sahibi olmanız ve buna göre önlem almanız önerilir
</THE-WORLD-ONE>
<THE-FOOL-ONE>
    Bu kart, sağlığınız için endişe duyduğunuzu ve şimdi düzenli bir kontrol için gideceğinizi gösteriyor. İnci beyazı dişleriniz  de şimdi biraz dikkat gerektirebilir, bu yüzden bir dişçiye gitmelisiniz. Bir arkadaşınızdan yeni tedavi yöntemleri hakkında bilgi alacaksınız ve bu yöntemleri denemeye istekli olacaksınız.
</THE-FOOL-ONE>
    </ROOT>

