<ROOT>
<ACE-OF-CUPS-ONE >이 카드는 당신이 걱정이나 어려움 없이 새로운 사업에 담대한 발걸음을 하는 모습을 보여준다. 그리고 결국 이 프로젝트는 당신의 필요를 살피는 데 도움이 될 것이다. 지금은 위험을 감수하기에 좋은 시기이다. 당신은 재정적인 이윤을 얻을 것이다. </ACE-OF-CUPS-ONE >
<TWO-OF-CUPS-ONE >어떤 재정적인 분쟁이나 계약이 잘 성사되고 해결될 것이다. 이로써 당신은 안도감을 느낄 것이다. 비즈니스에서 이윤이 증가하거나 월급이 곧 인상될 것이다. </TWO-OF-CUPS-ONE >
<THREE-OF-CUPS-ONE >이 카드는 당신이 지금 안정된 수입원을 가지고 괜찮은 수입과 비용을 형성할 것을 보여준다. 다양한 소규모의 소스로부터 돈이 유입될 것이고 당신은 만족감을 느낄 것이다. </THREE-OF-CUPS-ONE >
<FOUR-OF-CUPS-ONE >이 카드는 재정과 관련하여 어떤 부조리와 같은 상황이 있음을 보여주고 당신은 그것을 재치 있게 잘 다루는 위치에 서게 될 것이다. 당신은 매우 눈치가 빨라서 돈과 관련된 법적 문제를 잘 해결하거나 돈을 모으는 일을 성공적으로 이루어 낼 능력이 있다. </FOUR-OF-CUPS-ONE >
<FIVE-OF-CUPS-ONE >이 카드는 당신이 재정에 더 많은 관심을 가져야 함을 보여준다. 당신의 재정 상태는 지금 조금 불안정하다. 당신은 지출을 할 때 특별히 주의를 기울여야 하고 이 상황을 타개하기 위해서 실용적이고 확실한 접근 방법이 필요하다. </FIVE-OF-CUPS-ONE >
<SIX-OF-CUPS-ONE >이 카드는 당신이 재정에 대해 너무 걱정할 필요가 없다고 보여준다. 당신의 비용과 수입은 잘 관리될 것이고 다양한 경로로 돈이 유입될 것이다. 당신은 수입에 만족감을 느낄 것이고 당신을 엄청 기쁘게 할 갑작스러운 대박이 있을 수 있다. </SIX-OF-CUPS-ONE >
<SEVEN-OF-CUPS-ONE >이 카드는 당신의 지출에 조그마한 위험이 있을 수 있음을 보여준다. 하지만 당신은 그것을 잘 해결할 것이다. 일들이 곧 잘 해결될 것이기 때문에 너무 걱정할 필요는 없다. 또한 당신은 다양한 방법으로 조금의 수익을 얻을 가능성도 있다. </SEVEN-OF-CUPS-ONE >
<EIGHT-OF-CUPS-ONE >이 카드는 당신이 비용을 억제하려고 노력해도 계속 증가되는 상황을 만나게 되었을 때 당신의 비용에 대해 주의를 살펴야 함을 보여준다. 당신은 비용을 감당하기에 수입이 충분하지 않다고 느낄 것이고 이것이 당신을 조금 실망되게 하거나 불만족스럽게 만들 수 있다. </EIGHT-OF-CUPS-ONE >
<NINE-OF-CUPS-ONE >이 카드는 당신이 재정적 수입과 관련해서 조금 실망할 수 있음을 보여준다. 당신은 곧 당신에게 빚진 사람으로부터 돈을 받을 것이지만 돈 때문에 관계가 틀어지고 논쟁이 있을 수 있다. 하지만 당신은 그 상황을 잘 해결할 것이고 일들은 잘 해결될 것이다. </NINE-OF-CUPS-ONE >
<TEN-OF-CUPS-ONE >이 카드는 당신이 마음대로 하고 싶고 평소보다 좀 더 돈을 쓰고 싶고 자신을 위해 돈을 쓰고 싶음을 보여준다. 당신은 또한 사랑하는 사람을 위해 선물을 주고 당신의 수입이 증가함으로써 비용 지출에 대한 부담 없이 가족과 친구를 위해 돈을 조금 쓸 수 있게 될 것이다. </TEN-OF-CUPS-ONE >
<PAGE-OF-CUPS-ONE >당신은 승진이나 어떠한 평가를 기다릴 것이고 이것은 곧 일어날 것이다. 또한 당신의 문을 두드리는 더 많은 기회가 있을 것이기 때문에 너무 걱정할 필요가 없을 것이다. </PAGE-OF-CUPS-ONE >
<KNIGHT-OF-CUPS-ONE >이 카드는 재정적 상황과 관련하여 당신의 발걸음에 행운이 있음을 보여준다. 당신은 월급 인상이나 이윤 증가 또는 기대하지 않았던 큰 금액의 돈이 들어오는 것과 같이 기쁜 소식들을 듣게 될 것이다. 들어와야 할 돈이 들어오고 있지 않았다면 그 돈을 곧 당신에게 들어올 것이다. </KNIGHT-OF-CUPS-ONE >
<QUEEN-OF-CUPS-ONE >이 카드는 당신이 곧 모든 면에서 재정적으로 취약함을 느끼지 않을 것을 보여준다. 재정 위기 때 당신을 도울 사람들이 많이 있고 또한 당신이 투자에 대한 자문을 구한다면 당신은 적합한 사람으로부터 안내를 받을 것이다. 당신은 외부에서 수수료나 돈을 받는 데 많이 문제를 겪지 않을 것이다. </QUEEN-OF-CUPS-ONE >
<KING-OF-CUPS-ONE >이 카드는 당신이 일 또는 새로운 사업으로부터 돈이 들어올 것을 보여준다. 당신이 새로운 거래나 계약을 하게 된다면 문서와 계약 조건 등을 만들 때 조심해야 한다. 당신의 행동을 살피는 어떠한 요소들이 있을 수 있다. </KING-OF-CUPS-ONE >
<ACE-OF-PENTACLES-ONE >이 카드는 당신이 다양한 돈의 공급처를 위해 기도하고 있고 지금이 당신을 위한 때이고 당신은 새로운 수입의 공급처를 얻게 될 것임을 보여준다. 당신은 장기적인 재정적 목표에 대해 생각할 것이고 당신에게 다가오는 어떤 계획이나 투자가 있을 것이다. </ACE-OF-PENTACLES-ONE >
<TWO-OF-PENTACLES-ONE >이 카드는 당신이 비즈니스와 개인적인 삶에서 재정 계획을 세우는 과정에 있음을 보여준다. 당신은 당신이 염려하는 사람들의 동의를 얻을 것이다. 당신이 새로운 투자를 계획하고 있다면 거기에는 관련 비용이 많이 들 것이다. 당신은 지출에 대해 항상 점검해야 한다. </TWO-OF-PENTACLES-ONE >
<THREE-OF-PENTACLES-ONE >이 카드는 기대하지 않았던 곳으로부터 당신에게 돈이 들어오고 당신이 가족과 동료들로부터 지원을 받는 것을 보여준다. 당신은 또한 수입 증대를 위해 돈이 유입될 소스를 찾고자 할 것이고 이를 위해 임시 프로젝트나 활동을 개시하거나 새로운 일을 시작할 수도 있다. </THREE-OF-PENTACLES-ONE >
<FOUR-OF-PENTACLES-ONE >이 카드는 돈의 이동에 관한 많은 활동들이 있을 것임을 보여준다. 당신은 많은 문서 작업을 해야 하고 여기에는 돈을 회수하기 위한 어떤 법적 정식 절차가 포함될 것이다. 당신은 재정적으로 안정될 것이고 평소 비용을 관리하기에 충분한 돈을 확보할 것이다. </FOUR-OF-PENTACLES-ONE >
<FIVE-OF-PENTACLES-ONE >이 카드는 당신이 자기 발전과 자기 보상을 위해 돈을 사용할 것을 보여준다. 당신의 재정 상태는 양호하고 당신은 모든 비용을 감당할 수 있을 것이고 행운 또한 당신 편에 있어서 당신은 너무 많은 문제나 장애물 없이 진전을 보일 것이다. </FIVE-OF-PENTACLES-ONE >
<SIX-OF-PENTACLES-ONE >이 카드는 지금 시기가 조금 힘들어서 당신이 문제를 만날 수 있다고 보여준다. 당신의 친구들이 당신에게 돈을 빌려 가서 돌려주지 않거나 임대료를 제 때에 받지 못할 수 있다. 이로 인해 화가 날 수 있고 정신적으로 힘들 수 있고 또한 갈등이 있을 수 있다. 이런 상황에서 냉정함을 유지해야 할 것이다. </SIX-OF-PENTACLES-ONE >
<SEVEN-OF-PENTACLES-ONE >이 카드는 재정관 관련해서 처음에 암울한 상황을 보여주고 일들이 흐릿하고 선명하지 않음을 보여준다. 하지만 곧 비즈니스나 개인적인 투자가 가까운 사람의 도움과 안내와 함께 재정적인 수입을 가져올 것이고 이것이 당신에게 새로운 희망을 안겨줄 것이다. </SEVEN-OF-PENTACLES-ONE >
<EIGHT-OF-PENTACLES-ONE >이 카드는 당신이 잠시 동안 재정적인 면에서 운이 좋고 돈과 관련된 갈등이 없을 것을 보여준다. 재정적 수입이 있거나 당신이 원했던 것을 살 수 있을 것이다. 행복한 삶의 핵심은 가진 것에 만족하는 것이고 이것은 잠시 동안 당신에게 있어서 진리가 될 것이다. </EIGHT-OF-PENTACLES-ONE >
<NINE-OF-PENTACLES-ONE >이 카드는 당신에게 지금 행운이 가득하고 일들이 잘 돌아가고 특히 재정적인 면에서 좋다는 것을 보여준다. 당신이 어떤 재정적인 문제를 겪게 된다면 그것들은 잘 해결될 것이고 또한 좋은 소식이 곧 있을 것이다. </NINE-OF-PENTACLES-ONE >
<TEN-OF-PENTACLES-ONE >이 카드는 당신의 수입과 지출 사이에 적당한 균형이 있고 당신은 많은 돈을 사용하는 집 안의 청구서들을 정리해야 함을 보여준다. 당신이 기다려 온 구입 품목이나 어떤 돈과 관련된 중요한 결정이 있다면 그것을 취하게 될 것이다. </TEN-OF-PENTACLES-ONE >
<PAGE-OF-PENTACLES-ONE >이 카드는 당신의 재정 상태가 지금 균형을 이루고 있지만 불충분함을 느낄 시기가 있음을 보여준다. 이런 상황이 당신을 짜증 나게 하고 강하게 반응을 하게 할 수 있다. 당신은 차분할 필요가 있고 이 카드는 좋은 시기가 바로 앞에 있음을 보여준다. </PAGE-OF-PENTACLES-ONE >
<KNIGHT-OF-PENTACLES-ONE >이 카드는 당신의 재정 상태에 문제가 많지 않을 것을 보여준다. 당신의 돈을 돌려주지 않는 사람들도 있고 이것은 걱정거리가 될 수도 있다. 당신은 지금 확신이 서지 않지만 곧 당신에게 행운이 주어질 것이다. </KNIGHT-OF-PENTACLES-ONE >
<QUEEN-OF-PENTACLES-ONE >이 카드는 당신의 돈이 다른 사람에게 묶여 있거나 어떤 장소에서 잃어버렸다면 그 문제들이 해결될 것을 보여준다. 당신은 돈을 돌려받을 것이고 또한 약간의 금전적 이득이나 수입 증가를 기대해도 좋다. </QUEEN-OF-PENTACLES-ONE >
<KING-OF-PENTACLES-ONE >이 카드는 당신의 재정과 관련된 문제가 거의 없을 것을 보여준다. 당신 앞에 몇 가지 이윤을 얻을 기회가 있지만 당신은 주의를 기울여서 그것들을 파악해야 한다. 당신은 집이나 가까운 지역에서 거래를 성사시켜야 한다. 이것은 당신에게 행운으로 다가올 것이다. </KING-OF-PENTACLES-ONE >
<ACE-OF-SWORDS-ONE >이 카드는 돈이나 재정과 관련된 문제가 당신이 기대했던 방식으로 나타나지 않을 것을 보여준다. 특별히 기대하지 않은 지출과 관련된 염려가 있을 수 있다. 당신의 수입은 안정적이지만 수입과 커져가는 지출의 균형을 맞추기 위해 노력해야 할 것이다. </ACE-OF-SWORDS-ONE >
<TWO-OF-SWORDS-ONE >이 카드는 당신의 재정이 괜찮고 걱정할 일이 많지 않다는 것을 보여준다. 새로운 투자와 관련하여 걱정거리가 있을 수 있고 당신의 머릿속에 몇 가지 생각들이 있지만 확실한 결정을 내리지 못할 것이다. </TWO-OF-SWORDS-ONE >
<THREE-OF-SWORDS-ONE >이 카드는 지금이 당신의 재정과 관련해서 좋은 시기이고 계속해서 돈의 유입이 있을 것을 보여준다. 당신은 예기치 않은 곳으로부터 돈을 벌게 되거나 이전에 투자했던 것이 이윤을 창출해 내기 시작할 수 있다. 당신에게 돈을 빌린 사람이 돈을 갚지 않으려고 한다면 이런 문제들도 곧 해결될 것이다. </THREE-OF-SWORDS-ONE >
<FOUR-OF-SWORDS-ONE >이 카드는 당신의 돈의 유입이 조금 침체되어 있음을 보여준다. 돈 문제 때문에 당신의 비즈니스 파트너나 채무자와 논쟁이 있을 수도 있고 임금 지불이 늦어져 실망할 일이 있을 수도 있다. 하지만 이러한 혼란은 곧 해결될 것이고 당신의 재정 상태는 잠시 후에 안정될 것이다. </FOUR-OF-SWORDS-ONE >
<FIVE-OF-SWORDS-ONE >이 카드는 당신의 수입과 지출이 균형을 이루면서 재정적으로 만족하게 되고 또한 다양한 곳으로부터 수입을 얻게 될 것임을 보여준다. 이러함에도 불구하고 재정에 대한 걱정이 있을 수 있다. 당신은 재정에 대해 너무 많이 걱정하지 말고 잠시 하고 싶은 것을 마음대로 할 필요가 있다. </FIVE-OF-SWORDS-ONE >
<SIX-OF-SWORDS-ON >이 카드는 당신이 돈을 버는 일에 어려움을 겪을 수 있고 돈과 관련된 행운이 당신에게 돌아오고 있기 때문에 비용에 대해 신경을 써야 함을 보여준다. 시간이 곧 흘러 당신은 천운으로 크게 하는 일 없이 돈을 상당히 벌 것이고 그것에 대해 기뻐할 것이다. </SIX-OF-SWORDS-ON >
<SEVEN-OF-SWORDS-ONE >이 카드는 당신이 원하지 않은 결정을 취함으로써 조금 걱정하거나 화가 날 것임을 보여준다. 하지만 당신은 걱정을 뒤로 미루어 두어야 한다. 왜냐하면 당신은 빠르게 일들을 정리할 것이기 때문이다. 또한 당신 앞에 금전적 이득이 놓여 있고 아니면 당신은 무엇인가를 곧 획득하게 될 것이다. </SEVEN-OF-SWORDS-ONE >
<EIGHT-OF-SWORDS-ONE >이 카드는 당신이 수입이 침체되어 있고 기대했던 평가를 받고 있다고 느끼는 것을 보여준다. 당신은 당신의 필요를 채워줄 약간의 돈을 벌기 위한 다른 경로를 찾을 것이다. 이러한 일에 당신은 성공할 것이고 마침내 당신은 타협과 함께 길을 발견할 것이다. </EIGHT-OF-SWORDS-ONE >
<NINE-OF-SWORDS-ONE >이 카드는 재정적인 면에서 인생의 황금 시기 중 하나가 오고 있음을 보여준다. 당신은 평소 하던 일에서 돈을 잘 벌 것이고 또한 월급이 곧 인상될 것이다. 매우 많은 이윤이 남는 새로운 사업 거래가 이루어질 수 있거나 또는 좋은 수익을 낳는 다른 길을 발견하게 될 것이다. </NINE-OF-SWORDS-ONE >
<TEN-OF-SWORDS-ONE >이 카드는 당신이 지금 겪고 있는 재정적 문제가 있다면 그것들이 곧 해결될 것임을 보여준다. 또한 당신이 금전적 수입을 얻거나 이전에 투자한 일에서 특별한 이윤을 얻거나 당신을 너무나도 기쁘게 해 줄 평가가 갑작스럽게 있을 수 있다. </TEN-OF-SWORDS-ONE >
<PAGE-OF-SWORDS-ONE >이 카드는 당신을 계속해서 괴롭히는 재정과 관련된 무엇인가가 있다는 것을 보여준다. 당신은 재정 상태에 대해 걱정하고 지출을 줄이기 위해 노력할지도 모른다. 하지만 이것은 끝이 없는 문제처럼 느껴지고 처음에 모두 해결되지는 않을 것이다. </PAGE-OF-SWORDS-ONE >
<KNIGHT-OF-SWORDS-ONE >이 카드는 당신의 친구나 가까운 사람이 새로운 파트너십을 제안하거나 새로운 투자 참여를 제안하는 것을 보여준다. 그들은 너무 많은 대가를 요구하지 않아서 그것들이 큰 도움이 될 것이고 당신은 이에 대해 만족감을 느낄 것이다. </KNIGHT-OF-SWORDS-ONE >
<QUEEN-OF-SWORDS-ONE >이 카드는 당신이 누군가에게 금전적으로 사기를 당하는 것을 보여준다. 누군가 당신으로부터 돈을 빌리고 갚지 않을 수 있다. 이것은 임대 비용이나 청구 비용이나 어떤 자재가 될 수도 있다. 이 때문에 당신은 불안할 수 있고 논쟁이나 대립 상황을 맞이하게 될 수 있다. </QUEEN-OF-SWORDS-ONE >
<KING-OF-SWORDS-ONE >이 카드는 당신이 휴식을 취할 필요가 있고 재정에 대해 너무 많은 생각을 하지 않아야 할 필요성을 보여준다. 당신의 수입은 안정될 것이나 당신이 피할 수 없는 어떤 기분 나쁜 상황으로 인해 당신 가족과 당신 주변에 어떤 압박이 있을 수 있다. </KING-OF-SWORDS-ONE >
<ACE-OF-WANDS-ONE >이 카드는 당신에게 어떤 금전적 이득이 있을 것을 보여준다. 이 이득은 당신의 능력과 관련된 일 때문에 이루어질 것이다. 당신이 일에 있어서 어떤 전시를 계획하거나 비즈니스에서 독특한 컨셉트를 제시하고자 한다면 지금이 그것을 실행할 적합한 시기이다. </ACE-OF-WANDS-ONE >
<TWO-OF-WANDS-ONE >이 카드는 당신이 어떤 재정적 분쟁을 겪고 있거나 어떤 계약에 대해 생각을 하고 있다면 그것들이 결국 성사되고 해결될 것임을 보여준다. 이로 인해 당신은 안도감을 느낄 것이다. 당신의 비즈니스 이윤이 증가하거나 월급이 곧 인상될 가능성이 있다. </TWO-OF-WANDS-ONE >
<THREE-OF-WANDS-ONE >이 카드는 당신이 친구나 동료들과 계속해서 연락하고 지내기를 권한다. 왜냐하면 그들은 재정적으로 큰 도움을 줄 것이다. 당신의 비즈니스나 일은 잘 풀려서 당신에게 기대보다 큰 이윤을 안겨줄 것이다. 비즈니스 거래가 해결되어서 당신이 열렬히 기대했던 추가 이윤이 발생할 것이다. </THREE-OF-WANDS-ONE >
<FOUR-OF-WANDS-ONE >이 카드는 당신의 재정 상태가 안정적이고 많은 곳으로부터 돈이 들어올 것을 보여준다. 당신의 일이 잘 풀리고 이전보다 더 일을 잘하기 때문에 재정과 관련된 일들이 해결되는 데 문제가 없을 것이다. </FOUR-OF-WANDS-ONE >
<FIVE-OF-WANDS-ONE >이 카드는 당신에게 돈과 관련된 행운이 있을 것을 보여준다. 당신이 재산이나 투자와 관련된 분쟁을 겪고 있다면 당신이 우위에 서게 될 것이다. 당신은 재정 상황을 잘 관리해서 당신의 가족을 돌보는 데 충분한 돈을 저축할 것이다. </FIVE-OF-WANDS-ONE >
<SIX-OF-WANDS-ONE >이 카드는 다른 누군가가 가지고 있는 당신의 돈이나 다른 곳에 묶인 당신의 돈과 관련된 문제들을 보여준다. 이것은 당신을 매우 근심되게 할 수 있고 자신도 모르게 인색하게 굴도록 만들 수 있다. 하지만 이 어려운 시간은 금방 지나갈 것이고 당신의 자금 문제는 해결될 것이다. </SIX-OF-WANDS-ONE >
<SEVEN-OF-WANDS-ONE >이 카드는 당신의 돈과 관련해서 어떤 어려움이나 장애물이 있다면 그것이 곧 해결될 것을 보여준다. 당신은 당신의 저축 계획이나 당신을 만족하게 하고 기쁘게 할 자금과 관련된 똑똑한 행보로 인해 이윤을 얻게 될 것이다. 이로 인해 당신은 하고 싶은 것을 할 것이고 당신은 그런 대우를 받을 자격이 있다! </SEVEN-OF-WANDS-ONE >
<EIGHT-OF-WANDS-ONE >이 카드는 많은 일들이 곧 더 좋게 변할 것임을 보여준다. 당신의 재정 상태는 기대했던 것보다 더 풍요로워질 것이다. 당신은 회사에서 이윤을 남기는 새로운 거래를 성사시키고 이를 통해 포상을 받을 것이다. 참석하게 될 많은 회의가 있을 것이고 가까운 미래에 이윤을 창출할 기회들이 있을 것이다. </EIGHT-OF-WANDS-ONE >
<NINE-OF-WANDS-ONE >이 카드는 당신의 재정 상태가 현재 거의 균형을 이루고 있고 잠시 동안 이윤을 얻고 손실을 얻음을 보여준다. 하지만 걱정할 이유가 없다. 당신은 만족할 정도로 벌 것이고 일상의 지출을 감당하는 데 문제가 없을 것이고 더 많은 수입원을 찾게 될 것이기 때문이다. </NINE-OF-WANDS-ONE >
<TEN-OF-WANDS-ONE >이 카드는 당신이 당신의 돈을 관리하는 능력에 회의를 느끼고 있음을 보여준다. 당신이 고객이나 상사와 말다툼이 있었고 그것이 또한 어떤 문제로 이어졌기 때문이다. 당신은 이 괴로운 상황을 통과하고 더 많은 수입원을 찾고자 한다. 하지만 그것은 생각보다 힘들 것이다. </TEN-OF-WANDS-ONE >
<PAGE-OF-WANDS-ONE >이 카드는 당신의 일 중 어느 부분은 여전히 약하지만 어떤 부분에 관심을 가질 때 이윤이 발생하는 것을 보여준다. 또한 은행과 상대하거나 재정 관련 문서를 다루는 데에는 문제가 있을 수 있다. </PAGE-OF-WANDS-ONE >
<KNIGHT-OF-WANDS-ONE >기대하지 않았던 곳으로부터 자금이 유입될 것이다. 하지만 이 금액이 그리 크지는 않을 것이다. 당신의 채무자로부터 돈을 받는 것은 조금 힘들 것이고 기대만큼 받지 못할 것이다. 이로 인해 논쟁이 있을 수 있고 낙담할 수 있다. </KNIGHT-OF-WANDS-ONE >
<QUEEN-OF-WANDS-ONE >당신은 돈을 펑펑 쓰고 싶고 좀 더 즐기고 싶다. 그리고 당신의 신용 카드 금액은 충격적일 수 있다. 이로 인해 당신은 잠시 화가 나고 이 상황을 이겨낼 대안을 생각할 것이다. 당신의 결정은 나중에 실질적으로 효과를 보일 것이다. </QUEEN-OF-WANDS-ONE >
<KING-OF-WANDS-ONE >이 카드는 당신이 일상의 일로부터 돈을 벌고 있지만 다른 곳으로부터 최고의 거래를 얻으려고 시도하는 것을 보여준다. 하지만 시장의 요구는 까다롭고 당신이 만약 비즈니스를 소유하고 있다면 당신은 새로운 계약과 프로젝트를 얻기 위해 애를 써야 할 것이다. 직장에서 일하는 사람들의 경우 힘든 경쟁을 곧 마주하게 될 것이다. </KING-OF-WANDS-ONE >
<THE-MAGICIAN-ONE >이 카드는 비즈니스와 관련해서 당신의 새로운 시작과 돈거래를 보여준다. 당신은 돈과 관련된 당신의 노력이 성공적일 것임을 믿어도 좋다. 다가오는 미래에 새로운 비즈니스 투자와 다른 거래에 있어서 번영과 성공을 누릴 것이다. </THE-MAGICIAN-ONE >
<THE-HIGH-PRIESTESS-ONE >이 카드는 당신이 잠시 일들을 점검해야 할 것을 보여준다. 당신은 재정과 관련된 어떤 소포나 편지 등이 오기를 기대하고 있을 수 있다. 이것은 생각보다 시간이 더 걸릴 것이지만 당신은 오랜 기다림 끝에 열매를 맛볼 것이다. </THE-HIGH-PRIESTESS-ONE >
<THE-EMPRESS-ONE >이 카드는 당신이 당신의 재정 거래와 관련하여 좀 더 조직화되고 다른 비즈니스 파트너 또는 동료와 나누는 정보에 좀 더 주의를 기우일 필요가 있음을 보여준다. 당신은 긴장을 풀어도 좋다. 왜냐하면 약속된 돈이 오고 있고 그것은 곧 당신에게 도착할 것이다. </THE-EMPRESS-ONE >
<THE-EMPEROR-ONE >이 카드는 당신의 돈이나 돈 관련 문서가 어떤 문제를 가지고 있다면 그것들이 곧 해결될 것을 보여준다. 또 축하할 일을 맞이하게 될 것이다. 당신의 임금이 오르거나 다른 수입이 생길 것이기 때문이다. 이로 인해 좀 더 즐길 수 있을 것이지만 이에 대해 죄책감을 느낄 필요는 없다. </THE-EMPEROR-ONE >
<THE-HIEROPHANT-ONE >이 카드는 당신이 수입과 지출의 균형을 맞출 필요가 있고 지출에 주의를 기울여야 함을 보여준다. 당신은 채무자로부터 돈을 받는 데 어려움을 겪고 있다. 걱정이 되겠지만 재정적인 상황은 계속해서 순조롭게 나아갈 것이다. </THE-HIEROPHANT-ONE >
<THE-LOVERS-ONE >이 카드는 당신이 승진을 하고 보너스를 받고 그리고 다른 혜택을 받음으로써 자금 유입이 좋아질 것을 보여준다. 이것은 당신의 재정 안정성에 도움이 될 것이고 당신은 부족함에 대해 걱정할 필요가 없을 것이다. 또한 당신은 축하할 이유가 있기 때문에 곧 돈을 펑펑 쓰는 일이 있을 것이다. </THE-LOVERS-ONE >
<THE-CHARIOT-ONE >당신은 당신의 돈이 다른 사람들로부터 들어오지 않고 거래가 되지 않아 스트레스를 받을 것이다. 또한 돈을 회수하는 일에 어려움을 겪을 것이다. 이것은 어떤 법적 문제로 이어질 수도 있고 이것은 좌절감을 안겨줄 것이다. 하지만 당신의 수고가 예상하지 못한 곳에서 돈을 불러들임으로써 결국에는 모든 것들이 편안할 것이다. </THE-CHARIOT-ONE >
<STRENGTH-ONE >이 카드는 당신이 돈거래와 관련해서 이제 좀 더 실속 있게 생각하게 됨을 보여준다. 지금은 이미 돈을 갚았어야 하지만 여러 이유로 돈 갚기를 미뤘던 채무자로부터 돈을 받기에 좋은 때이다. 당신은 재정 관련 문서들을 정리할 것이고 이것은 문제 해결에 광범위하게 도움이 될 것이다. </STRENGTH-ONE >
<THE-HERMIT-ONE >이 카드는 당신에게 예상하지 못한 수입이나 보너스가 있을 것을 보여준다. 이로 인해 당신은 놀라고 행복할 것이다. 또 이 때문에 당신은 즐길 수 있는 기회를 얻거나 친구와 가족과 함께 기념의 시간을 가질 수도 있을 것이다. 또한 당신의 채무자로부터 돈을 받게 되어서 당신은 사랑하는 사람들과 휴가를 계획할 것이다. </THE-HERMIT-ONE >
<WHEEL-OF-FORTUNE-ONE >이 카드는 당신의 비즈니스가 충분한 이윤을 남기지 못하고 당신이 전에 보지 못했던 허점을 발견하게 되면서 걱정거리가 있을 것을 보여준다. 사랑하는 사람의 안내와 도움은 당신이 재정적인 문제에 대한 걱정에서 벗어나 일어설 수 있도록 도울 것이다. </WHEEL-OF-FORTUNE-ONE >
<JUSTICE-ONE >이 카드는 당신에게 재정적으로 힘든 시기가 올 것을 보여준다. 당신은 당신의 비즈니스가 잘 되지 않거나 다른 수입원이 신통치 않은 것을 보게 될 것이다. 당신이 마주해야 할 고난의 시간이 있을 수 있지만 금방 적어도 재정적 상황은 좋게 변할 것이다. </JUSTICE-ONE >
<THE-HANGED-MAN-ONE >이 카드는 어떤 사람이 당신을 속이거나 자기의 이익을 위해 당신을 잘못된 방향으로 안내함으로써 재정적인 손실이 당신에게 있을 것을 보여준다. 하지만 당신은 이러한 상황을 금방 알아차리고 필요한 조치를 취함에 따라 마땅히 받아야 할 것을 받을 것이다. </THE-HANGED-MAN-ONE >
<DEATH-ONE >이 카드는 돈과 관련해서 지금 어떤 갈등이 있음을 보여준다. 당신이 근래에 재정적인 어려움을 겪거나 큰돈을 갚아야 할 사람이 도망가버리는 경우가 있을 수 있다. 이런 상황과 관련하여 당신은 방심하지 않고 더욱 경계하는 자세를 취해야 할 것이다. </DEATH-ONE >
<TEMPERANCE-ONE >이 카드는 당신의 돈이 들어오고 나가는 모습을 보여준다. 이것은 롤러코스터를 타는 것과 같을 것이다. 돈이 있을 때가 있고 없을 때가 있을 것이다. 처음에 이것은 조금 혼란스러울 수 있지만 당신의 비즈니스는 당신이 만족할 만큼의 돈을 얻게 해 줄 것이다. </TEMPERANCE-ONE >
<THE-DEVIL-ONE >이 카드는 당신이 돈과 관련된 많은 어려움을 겪게 될 것을 보여준다. 불운한 일들로 인해 이러한 일이 일어날 수 있다. 그것은 가족의 건강 문제나 다른 법적 문제일 수 있다. 잠시 동안 이러한 일이 계속될 수 있지만 상황들은 금방 좋아질 것이다. </THE-DEVIL-ONE >
<THE-TOWER-ONE >이 카드는 당신이 예상하지 못한 지출로 인해 재정적인 어려움을 겪게 될 것을 보여준다. 당신의 비즈니스는 필요한 이윤을 남기지 못하고 깊은 우려를 낳을 수 있다. 또한 당신은 당신의 중요한 고객 중 한 명을 잃거나 가장 이윤이 남는 프로젝트를 잃어버릴 가능성이 있다. </THE-TOWER-ONE >
<THE-STAR-ONE >당신은 새로운 프로젝트와 사업 기회를 얻을 것이다. 이것은 돈의 유입을 좋게 할 것이다. 또한 돈과 관련된 미래가 밝기 때문에 금전적 이득을 얻게 될 가능성이 있다. 기념하는 일에 너무 돈을 많이 쓰지 않기를 바란다. 언제 또 지출의 시기가 다가올지 모르기 때문이다. </THE-STAR-ONE >
<THE-MOON-ONE >이 카드는 당신이 재정과 관련하여 돌아가는 상황에 대해 조금 기쁘지 않음을 보여준다. 당신에게 누군가가 돈을 갚지만 이자를 갚지 않는 사람이 있을 수 있다. 당신은 아무렇지 않게 여기고 당신의 하고 싶은 대로 할 것이다. </THE-MOON-ONE >
<THE-SUN-ONE >이 카드는 잘 돌아가지 않던 자금의 흐름이 해결되고 새로운 기회가 문을 두드리고 있음을 보여준다. 당신은 은행이나 대출과 관련하여 어떤 문제를 겪고 있다면 그 문제들이 해결될 것이다. 새로운 수입의 길이 또한 열릴 것이고 곧 메일을 통해서 재정과 관련된 좋은 소식이 만나게 될 것이다. </THE-SUN-ONE >
<JUDGEMENT-ONE >이 카드는 지금이 당신의 비즈니스를 위해서 좋은 시기임을 보여준다. 어떤 금전 관련 판결이 내려진다면 그것은 당신의 편을 지지하는 결과일 것이다. 배당금과 빚 상환의 금전적 이득이 있을 것이고 당신의 재정 상황은 곧 개선될 것이다. </JUDGEMENT-ONE >
<THE-WORLD-ONE >이 카드는 당신이 예상하지 못한 곳으로부터 돈을 받을 것을 보여준다. 돈이 곧 당신 문을 두드리거나 당신의 수고에 대해 보너스 형태로 돈을 받게 될 것이다. 다양한 곳으로부터 소액으로 돈이 유입될 것이다. </THE-WORLD-ONE >
<THE-FOOL-ONE >이 카드는 어떤 장소에 돈이 묶여 있다면 그것이 곧 해결될 것을 보여준다. 곧 당신은 가족이나 가까운 사람과 함께 새로운 비즈니스를 시작하거나 큰 투자를 결정할 수도 있다. 이것은 당신의 인생에서 매우 중요한 결정이기 때문에 당신은 행동을 취하기 전에 미리 장단점을 잘 따져보아야 한다.</THE-FOOL-ONE >
</ROOT>
