<?xml version="1.0" encoding="utf-8" ?>
<ROOT>
<ACE-OF-CUPS-ONE >Mungkin ada ketegangan atau kecanggungan dengan keluarga Anda dan akan menjadi penyebab buruknya hubungan. Anda akan menantikan untuk membuat koneksi baru dengan seseorang yang akan membuat Anda bahagia dan Anda akan puas dengan apa yang Anda dapatkan. </ACE-OF-CUPS-ONE >
<TWO-OF-CUPS-ONE >Kartu ini menunjukkan bahwa Anda harus mengepak tas Anda untuk bekerja atau alasan pribadi. Meskipun ada perbedaan pendapat dengan orang yang Anda cintai, semua hal akan mendapatkan menemukan jalan keluar pada akhirnya. Anda mungkin berbagi cerita dengan seseorang yang mungkin tidak terlalu dekat dengan Anda namun nampaknya Anda menyayanginya. </TWO-OF-CUPS-ONE >
<THREE-OF-CUPS-ONE >Mungkin ada keterlambatan dari peristiwa-peristiwa tertentu karena komitmen profesional atau masalah pribadi yang akan membuat Anda sedikit kesal. Perasaan ini dapat membuat Anda merasa terisolasi tetapi Anda akan menyadari bahwa orang yang Anda cintai akan berdiri di sisi Anda untuk membuat Anda merasa lebih baik. </THREE-OF-CUPS-ONE >
<FOUR-OF-CUPS-ONE >Kartu ini menunjukkan bahwa saat Anda menjalani waktu yang sangat sibuk harus Anda harus tetap menjalaninya dengan kesabaran. Ini mungkin waktu pengujian untuk orang yang Anda cintai dan Anda akan segera menyadari siapa yang benar-benar peduli dengan Anda. Disarankan bahwa Anda tidak tetap menyendiri tapi mencoba untuk berbagi masalah Anda dan memungkinkan orang yang Anda cintai untuk membantu Anda. </FOUR-OF-CUPS-ONE >
<FIVE-OF-CUPS-ONE >Saat ini mungkin bukan waktu yang sangat menyenangkan bagi Anda, karena Anda mungkin harus menyerah pada hal-hal tertentu yang tidak dalam kendali Anda.Saat ini akan menjadi fase berat antara Anda dan kekasih Anda dan pada akhirnya akan berubah menjadi argumen utama yang dapat menyebabkan hasil yang tidak diinginkan. </FIVE-OF-CUPS-ONE >
<SIX-OF-CUPS-ONE >Saat ini mungkin tampak seperti waktu liburan untuk Anda karena mungkin akan ada banyak waktu kunjungan ke teman-teman dan kerabat. Mungkin juga akan menjadi masalah tertentu dalam kehidupan pribadi Anda yang dapat menyebabkan beberapa hasil kontras, tetapi Anda akan menangani semuanya dengan baik-baik saja. </SIX-OF-CUPS-ONE >
<SEVEN-OF-CUPS-ONE >Mungkin ada konflik pemikiran dalam keluarga Anda dan ini mungkin akan menjadi lebih intens. Anda akan mencoba untuk mendapatkan bantuan untuk memecahkan situasi dengan damai. Anda akan melakukannya secara profesional dengan baik, Anda juga akan mencoba untuk menyeimbangkan banyak hal, tapi akan berhasil untuk menanganinya dengan baik. </SEVEN-OF-CUPS-ONE >
<EIGHT-OF-CUPS-ONE >Mungkin ada beberapa reuni yang direncanakan dengan orang yang Anda cintai namun karena ketidakpastian, Anda mungkin harus menundanya. Beberapa kunjungan ke dokter untuk orang yang Anda cintai mungkin juga akan terjadi. Beberapa berita yang menyenangkan akan menghampiri Anda. </EIGHT-OF-CUPS-ONE >
<NINE-OF-CUPS-ONE >Anda mungkin akan merencanakan perjalanan atau berpergian untuk sementara waktu, tetapi kemudian akan menunda rencana tersebut, karena sesuatu yang lebih baik akan datang dengan pada Anda. Anda mungkin mengalami nostalgia kerana berurusan dengan penyakit tertentu yang mengganggu orang yang Anda cintai, tetapi sisi terang akan segera terlihat dengan bantuan teman-teman Anda. </NINE-OF-CUPS-ONE >
<TEN-OF-CUPS-ONE >Anda mungkin harus menghadapi situasi sulit dan mempertimbangkan untuk menjauh dari keluarga atau pekerjaan Anda karena berpikir bahwa hal-hal tidak bisa lebih buruk lagi dari yang ada sekarang. Anda akan terhubung ke sisi emosional dan berhubungan dengan keluarga dan teman-teman untuk merencanakan sebuah reuni. </TEN-OF-CUPS-ONE >
<PAGE-OF-CUPS-ONE >Kartu ini menunjukkan bahwa Anda sekarang akan mencoba untuk membuat semua hal menjadi lebih sederhana untuk diri Anda sendiri dan perubahan yang menguntungkan Anda dalam perjalanan hidup Anda saat ini akan membantu Anda melakukannya. Disarankan Anda tidak memaksakan hal-hal yang berkaitan dengan uang, sewa atau properti karena mereka mungkin tidak berjalan seperti yang Anda harapkan. Anda mungkin bertemu salah satu dari teman-teman atau kekasih lama dan mungkin akan berakhir dengan sebuah kebersamaan </PAGE-OF-CUPS-ONE >
<KNIGHT-OF-CUPS-ONE >Anda sekarang berpikir tentang perubahan tempat tinggal tetapi tidak akan memaksakan semuanya terlalu keras saat ini. Anda harus berhati-hati karena beberapa kecelakaan kecil terjadi di sekitar rumah. Orang yang Anda cintai mungkin merencanakan liburan dan Anda akan menantikan saat itu. Anda akan tetap berhubungan dengan teman-teman Anda. </KNIGHT-OF-CUPS-ONE >
<QUEEN-OF-CUPS-ONE >Mungkin ada banyak kekacauan di tempat Anda karena anak-anak atau beberapa jenis pekerjaan rumah atau karena datangnya tamu. Mungkin ada beberapa masalah berkaitan dengan keluarga dan Anda akan harus bertindak secara bertanggung jawab atau Anda mungkin berakhir dalam situasi yang tidak Anda inginkan. Kekacauan ini akan membawa Anda lebih dekat dengan teman-teman Anda dan Anda akan menemukan pelipur lara karenanya. </QUEEN-OF-CUPS-ONE >
<KING-OF-CUPS-ONE >Ada situasi baru tiba dalam hidup Anda yang akan menguntungkan diri Anda dan membawa kembali kebahagiaan pada Anda. Anda akan mendapatkan telepon tak terduga dari seorang teman dan ini akan membuat suasana hati Anda menjadi gembira. Beberapa kerabat akan membahas masalah dengan Anda dan Anda akan senang untuk membantu mereka dan akan mencoba untuk menghibur mereka sebisa mungkin. </KING-OF-CUPS-ONE >
<ACE-OF-PENTACLES-ONE >Anda berada dalam masa yang menyenangkan saat ini dan kemakmuran akan menghampiri Anda. Anda juga akan mampu untuk membeli sesuatu yang Anda idamkan sebelumnya. hubungan Anda dengan keluarga Anda akan menyenangkan dan semuanya akan berjalan lancar. Anda mungkin berencana untuk bertemu beberapa teman lama atau mungkin berakhir memiliki beberapa rencana spontan dengan mereka. </ACE-OF-PENTACLES-ONE >
<TWO-OF-PENTACLES-ONE >Anda akan melihat bahwa mencoba untuk menyeimbangkan situasi di rumah menjadi sangat sulit. Anda akan berada dalam fase penuh gangguan dan akan merasa sulit untuk berkonsentrasi pada kehidupan pribadi Anda. Gangguan ini dapat berupa tekanan dari pekerjaan. Anda akan merasa lebih baik setelah Anda mulai bersosialisasi dan bertemu orang baru. </TWO-OF-PENTACLES-ONE >
<THREE-OF-PENTACLES-ONE >Kartu ini menunjukkan bahwa Anda akan menekuni beberapa hobi atau kegiatan lain dan orang yang Anda cintai atau seseorang yang tak terduga akan datang pada Anda dengan hadiah dan kesempatan lain. Mungkin ada beberapa kesulitan yang akan Anda alami bersama dengan keluarga Anda. </THREE-OF-PENTACLES-ONE >
<FOUR-OF-PENTACLES-ONE >Sebuah prospek bisnis, penjualan atau beberapa kesempatan lainnya akan segera tiba ke depan pintu Anda. Ini akan membutuhkan dukungan dan bimbingan dari orang yang Anda cintai. Anda akan membuat rencana dengan teman-teman Anda dan mungkin ada konfrontasi menyenangkan tertentu tetapi Anda akan dapat menghadapinya. </FOUR-OF-PENTACLES-ONE >
<FIVE-OF-PENTACLES-ONE >Kartu ini menunjukkan bahwa Anda mungkin harus menghadapi beberapa situasi yang menyebabkan stres dan Anda mencoba untuk menyeimbangkan stabilitas psikologis dan emosional, tetapi di saat yang sama Anda akan diminta bimbingan dan petunjuk dari anggota keluarga tertentu. Anda akan emosional bagi teman-teman Anda sekarang tapi tidak akan menemukan waktu untuk menghubungi mereka. </FIVE-OF-PENTACLES-ONE >
<SIX-OF-PENTACLES-ONE >Anda mungkin tidak merasa damai dengan beberapa teman atau kolega karena beberapa masalah. Anda lebih menekankan diri dengan pekerjaan tanpa relaksasi apapun dan Anda perlu beristirahat sebelum akan berdampak buruk pada Anda. Seorang anggota keluarga Anda mungkin tampak tidak bahagia dan akan mengungkapkan keinginan untuk menghabiskan waktu sendirian atau pergi berziarah. </SIX-OF-PENTACLES-ONE >
<SEVEN-OF-PENTACLES-ONE >Anda akan merasa cemas dan gelisah karena beberapa sumber keuangan Anda akan terjebak di suatu tempat tapi akan ada aliran uang dari beberapa sumber lain. Beberapa masalah kesehatan yang terkait akan memaksa Anda untuk beristirahat untuk sementara waktu. Anda akan menemukan waktu untuk berhubungan dengan teman-teman dan menghabiskan waktu dengan mereka. </SEVEN-OF-PENTACLES-ONE >
<EIGHT-OF-PENTACLES-ONE >Anda akan sedikit bingung berusaha mencari solusi untuk masalah terkait rumah Anda. Keluarga Anda mungkin tidak berperilaku yang seharusnya dengan Anda sekarang dan akan ada rintangan dalam rencana yang telah Anda buat. Anda akan dapat menyeimbangkan antara kehidupan pribadi dan profesional Anda dan akan menghabiskan waktu dengan orang yang Anda cintai. </EIGHT-OF-PENTACLES-ONE >
<NINE-OF-PENTACLES-ONE >Beberapa pekerjaan yang dapat Anda lakukan dari rumah atau hanya dengan membuat beberapa panggilan telepon akan membuat Anda sibuk untuk sementara waktu. Teman-teman dan keluarga akan berada di sisi Anda di setiap langkah saat ini dan mereka akan memandu Anda saat mengambil keputusan penting. Anda akan terlibat dalam diskusi mengenai pekerjaan yang akan membawa teman-teman dan rekan mempunyai hubungan lebih dekat. </NINE-OF-PENTACLES-ONE >
<TEN-OF-PENTACLES-ONE >Kartu ini menunjukkan bahwa Anda sekarang akan menikmati pertemuan sosial dan menghabiskan waktu dengan teman dan keluarga. Anda akan merasa lebih terhubung dengan keluarga dan akan meminta bimbingan yang akan dengan senang hati mereka berikan. Ini saatnya Anda bertemu dengan beberapa orang baru dan orang-orang ini akan menjadi bagian dari hidup Anda. </TEN-OF-PENTACLES-ONE >
<PAGE-OF-PENTACLES-ONE >Anda mungkin akan sedikit stres karena jadwal Anda yang sibuk dan akan mencoba membuat rencana untuk pergi keluar dengan orang yang dicintai. Mungkin ada kemitraan yang Anda akan akan tetapi tidak akan berubah menjadi seperti yang Anda inginkan dan ini akan mengganggu Anda. Tapi Anda akan mengusahakan untuk membuatnya bekerja sesuai keinginan Anda. </PAGE-OF-PENTACLES-ONE >
<KNIGHT-OF-PENTACLES-ONE >Anda sekarang memiliki semangat tinggi dan mungkin berakhir dengan belanja atau pergi untuk berbelanja. Akan ada beberapa ketegangan antara Anda dan salah satu anggota keluarga Anda karena Anda akan sedikit menjauh dan menjaga jarak. Anda sekarang akan menemukan dukungan di teman-teman Anda dan jika ada perbedaan maka semuanya akan terselesaikan dengan baik. </KNIGHT-OF-PENTACLES-ONE >
<QUEEN-OF-PENTACLES-ONE >Kartu ini menunjukkan bahwa Anda akan membuat beberapa rencana masa depan yang untuk menjaga karir Anda, dan juga mempertahankan teman-teman dan keluarga Anda. Akan ada beberapa brain storming sehat tentang berbagai macam ide saat mengobrol dengan teman-teman Anda. Anda akan merasa dekat dengan keluarga Anda dan akan menawarkan bantuan dalam memecahkan beberapa masalah. </QUEEN-OF-PENTACLES-ONE >
<KING-OF-PENTACLES-ONE >Anda sekarang akan sibuk dalam kegiatan yang melibatkan banyak dokumen. Anda akan menghabiskan waktu dengan teman-teman Anda dan juga akan mendapatkan beberapa keuntungan. Anda akan berada dalam situasi seperti ini dan akan menggoda Anda untuk pergi pada hari libur atau tamasya kecil dengan keluarga Anda, tetapi ada beberapa hal yang harus Anda tunda. </KING-OF-PENTACLES-ONE >
<ACE-OF-SWORDS-ONE >Anda akan mendapatkan beberapa kejutan yang tak terduga tapi menyenangkan dan Anda akan menikmatinya. Akan ada banyak tekanan dan kegelisahan di rumah antara anggota keluarga dan ini akan membuat Anda merasa menyendiri. Anda akan mencoba untuk bercerita dengan teman-teman Anda dan akan mencoba untuk mencari saran dan penghiburan. </ACE-OF-SWORDS-ONE >
<TWO-OF-SWORDS-ONE >Ada indikasi Anda akan berpergian dengan orang yang Anda cintai karena berbagai alasan. Anda akan menghadapi beberapa masalah terkait keuangan dan jika keberuntungan memihak Anda, seseorang akan sangat membantu Anda. Hanya perlu bersabar dan semua argumen akan selesai dalam waktu yang singkat. </TWO-OF-SWORDS-ONE >
<THREE-OF-SWORDS-ONE >Seperti yang selalu terjadi dalam setiap keluarga, Anda juga mungkin akan frustrasi karena tekanan dari keluarga Anda yang memiliki harapan yang tinggi pada Anda. Anda mungkin merasa sedikit gelisah karena beberapa rasa bersalah dan Anda akan mencoba untuk meyakinkan diri sendiri untuk menyelesaikan hal-hal agar kembali normal. </THREE-OF-SWORDS-ONE >
<FOUR-OF-SWORDS-ONE >Anda mungkin harus melalui beberapa dokumen hukum dan hal ini tidak akan menjadi pengalaman yang sangat menyenangkan. Anda akan merasa tak berdaya dalam situasi tertentu misalnya Anda akan melihat orang yang Anda cintai akan melalui fase bermasalah. Ini mungkin bukan waktu terbaik untuk menghabiskan waktu dengan teman-teman karena Anda akan merasa kecewa secara keseluruhan. </FOUR-OF-SWORDS-ONE >
<FIVE-OF-SWORDS-ONE >Setelah perjalanan panjang untuk pengobatan, Anda akhirnya akan menyingkirkan kunjungan dokter dan mulai membaik. Keluarga Anda akan merasa nostalgia dan akan berada di sisi Anda. Anda mungkin terbebani oleh tanggung jawab tertentu dan ini dapat menyebabkan frustrasi. Anda juga akan menikmati berbelanja terutama untuk kebutuhan rumah. </FIVE-OF-SWORDS-ONE >
<SIX-OF-SWORDS-ONE >Kartu ini menunjukkan bahwa Anda mungkin harus menghadapi beberapa masalah dan kesulitan saat berhadapan dengan masalah terkait rumah. Anda akan merasa hubungan yang kuat dengan keluarga Anda dan akan mencoba untuk bersama keluarga dan teman-teman lebih banyak mulai sekarang. Anda juga akan mencoba untuk membimbing beberapa orang yang Anda cintai </SIX-OF-SWORDS-ONE >
<SEVEN-OF-SWORDS-ONE >Akan ada kemungkinan sebuah pertemuan mendadak dengan seorang teman lama dan pertemuan ini akan jadi menguntungkan untuk Anda. Mungkin ada beberapa hal kecil yang akan menambah masalah Anda dan membuat Anda merasa tidak nyaman. Anda mungkin memiliki argumen dan konflik kepentingan dengan keluarga Anda, tetapi Anda masih akan mempertahankan hubungan baik dengan mereka. </SEVEN-OF-SWORDS-ONE >
<EIGHT-OF-SWORDS-ONE >Mungkin ada beberapa masalah terkait dengan teman-teman tertentu dan Anda akan harus mengambil beberapa keputusan tegas. Mungkin juga ada fase romantis di mana Anda akan terhubung dengan kekasih Anda. Anda akan menikmati waktu berkualitas dengan keluarga Anda dan akan sangat senang karenanya. </EIGHT-OF-SWORDS-ONE >
<NINE-OF-SWORDS-ONE >Kartu ini menunjukkan bahwa Anda sekarang merasa gelisah atas seseorang. Mungkin ada beberapa kerabat yang akan bermasalah terkait keuangan dan Anda akan mencoba untuk membantu. Hal ini akan meningkatkan reputasi Anda di antara kerabat Anda. Anda juga mungkin harus menjauh dari seseorang atau sesuatu yang akan membuat Anda merasa rentan secara emosional. </NINE-OF-SWORDS-ONE >
<TEN-OF-SWORDS-ONE >Anda akan mendaftar untuk beberapa program berkualitas yang akan membantu Anda mengembangkan diri sebagai pribadi dan meningkatkan konsentrasi Anda. Anda mungkin merasa sedikit terisolasi dan tidak aman dan akan mencoba untuk mengatasi rasa itu. Seseorang yang Anda sayangi mungkin telah menyakiti Anda dan akibatnya akan membuat Anda menjadi dilema. </TEN-OF-SWORDS-ONE >
<PAGE-OF-SWORDS-ONE >Mungkin ada beberapa berita tidak menyenangkan datang pada Anda yang akan sangat merusak suasana hati Anda. Anda mungkin berencana untuk mengunjungi kerabat di tempat yang jauh atau sebaliknya. Anda akan terus mengambil upaya untuk membangun dan mengembangkan kehidupan romantis Anda dan ini akan dihargai oleh pasangan atau teman-teman Anda. </PAGE-OF-SWORDS-ONE >
<KNIGHT-OF-SWORDS-ONE >Kartu ini menunjukkan bahwa Anda akan sering berada di pesta dan akan terlihat di banyak kesempatan dengan semangat yang tinggi. Mungkin ada konfrontasi tertentu dalam keluarga dan Anda akan bersedia untuk mendengarkan dan bekerja untuk membuat semuanya menjadi lebih baik. Proses ini juga akan membutuhkan bimbingan dari orang yang Anda cintai. </KNIGHT-OF-SWORDS-ONE >
<QUEEN-OF-SWORDS-ONE >Kartu ini menunjukkan bahwa saat ini akan menjadi fase berat untuk Anda. Mungkin ada berita buruk datang dari semua sisi termasuk teman-teman dan keluarga. Situasi ini akan sulit bagi Anda untuk atasi tapi orang yang Anda cintai akan mencoba yang terbaik untuk membuat Anda merasa nyaman. </QUEEN-OF-SWORDS-ONE >
<KING-OF-SWORDS-ONE >Mungkin ada beberapa konflik dengan keluarga mengenai cara Anda menjalani hidup dan ini akan mengganggu Anda. Anda juga dapat mempertimbangkan untuk pindah ke asrama atau apartemen baru. Masalah akan mengejar Anda dan Anda mungkin tiba-tiba menjadi bagian dari skandal jika Anda tidak tetap berhati-hati. </KING-OF-SWORDS-ONE >
<ACE-OF-WANDS-ONE >Anda akan memiliki beberapa masalah secara profesional dan sesuai dengan keluarga Anda, Anda akan memutuskan untuk berhenti bekerja dan memulai sesuatu pada Anda sendiri. Mungkin ada penundaan tertentu karena beberapa dokumen dan Anda akan harus membatalkan pertemuan atau reuni tertentu. </ACE-OF-WANDS-ONE >
<TWO-OF-WANDS-ONE >Kartu ini menunjukkan bahwa Anda akan menyelesaikan masalah Anda dengan salah satu anggota keluarga Anda dan mencoba untuk mengembalikan semua menjadi normal seperti semula. Berita besar sedang menanti Anda dan informasi ini akan membantu Anda di masa depan. Anda akan bersedia untuk membantu teman tapi kemudian akan mengetahui bahwa niat teman Anda tidak seperti apa yang Anda asumsikan. </TWO-OF-WANDS-ONE >
<THREE-OF-WANDS-ONE >Para tetua dalam keluarga Anda akan memberikan beberapa nasihat berharga atas beberapa dokumen dan keuangan. Anda akan istirahat dari segala sesuatu untuk melakukan apa yang Anda suka dan ini akan menjadi langkah berani. Anda akan mencari dukungan dari teman-teman dan akan mencoba untuk memperpanjang impian Anda melibatkan orang yang Anda cintai. </THREE-OF-WANDS-ONE >
<FOUR-OF-WANDS-ONE >Anda akan harus menghadapi situasi yang menjadikan Anda stres dan frustrasi karena beberapa perkelahian keluarga dan konfrontasi. Tapi akhirnya Anda dan orang yang Anda cintai akan menyelesaikan masalah dan menjaga perdamaian. Mungkin ada seseorang menginginkan sesuatu yang buruk untuk Anda dan akan mencoba untuk menipu Anda menjadi sesuatu yang buruk sehingga disarankan untuk Anda tetap waspada. </FOUR-OF-WANDS-ONE >
<FIVE-OF-WANDS-ONE >Anda akan merasa kesal dan marah karena beberapa situasi tak terkendali yang telah bangkit karena beberapa orang luar. Mungkin ada seseorang yang mencoba untuk vandalisme keluarga Anda atau properti dan Anda harus berhati-hati. Teman-teman Anda dan keluarga akan membantu Anda melalui proses pembersihan batin. </FIVE-OF-WANDS-ONE >
<SIX-OF-WANDS-ONE >Kartu ini menunjukkan bahwa meskipun Anda tidak akan sangat senang dalam usaha pribadi Anda, Anda akan mencoba untuk berhubungan dengan teman atau keluarga dan merencanakan perjalanan bahagia dengan mereka. Anda mungkin harus berurusan dengan masalah keuangan yang relatif akan lalui dengan lancar. </SIX-OF-WANDS-ONE >
<SEVEN-OF-WANDS-ONE >Anda harus mengakali jadwal kerja Anda yang sibuk dan waktu untuk keluarga dan ini akan menyerang kehidupan pribadi Anda jika Anda tidak memilki keseimbangan. Anda akan berhubungan dengan teman lama dan ini akan menjadi pertemuan yang menyenangkan. </SEVEN-OF-WANDS-ONE >
<EIGHT-OF-WANDS-ONE >Kartu ini menunjukkan bahwa Anda harus berjuang antara pekerjaan dan rumah dan hampir tidak akan menemukan waktu untuk keluarga Anda. Ada juga perayaan pada kartu karena kabar baik dalam keluarga. Anda akan harus berurusan dengan teman-teman Anda dengan hati-hati karena mungkin ada beberapa kesalahpahaman. </EIGHT-OF-WANDS-ONE >
<NINE-OF-WANDS-ONE >Anda akan mencoba untuk membantu saudara Anda terkait dengan beberapa masalah hukum dan dokumen terkait. Beberapa masalah akan terselesaikan dengan seorang teman lama dan reuni akan terjadi dalam beberapa waktu ke depan. Anda sabar menunggu kabar dari orang yang dicintai dan kecemasan ini akan membuat Anda merasa gelisah. </NINE-OF-WANDS-ONE >
<TEN-OF-WANDS-ONE >Akan ada banyak beban kerja bagi Anda dan Anda akan mencoba untuk memenuhi komitmen Anda. Anda tidak hanya akan memiliki perkerjaan utama, tetapi juga masalah-masalah pribadi yang harus diurus. Mungkin ada kesalahpahaman antara Anda dan teman atau orang yang Anda cintai dan Anda tidak akan tahu bagaimana untuk memperbaiki hal-hal tertentu. Ini tidak akan baik untuk Anda atau teman-teman Anda. </TEN-OF-WANDS-ONE >
<PAGE-OF-WANDS-ONE >Anda akan melalui fase berat dan akan ingin mengisolasi diri untuk sementara dan ini akan membuat teman-teman dan keluarga Anda khawatir. Anda akan mencoba untuk menyelesaikan masalah dalam hidup Anda mengambil keputusan yang telah dievaluasi dan akan memerlukan beberapa dukungan dari teman Anda dalam melakukannya. </PAGE-OF-WANDS-ONE >
<KNIGHT-OF-WANDS-ONE >Perjalanan singkat diindikasikan untuk meremajakan diri Anda dan Anda akan mempertimbangkan hidup dalam hubungan dimana Anda akan menghabiskan lebih banyak waktu dengan pasangan Anda. Ada beberapa hal yang tidak akan berjalan dengan lancar terkait dengan anggota keluarga dan teman-teman karena beberapa kesempatan yang tidak biasa dan Anda harus menghilangkan waktu untuk seorang teman yang akan mencari dukungan dan bimbingan Anda. </KNIGHT-OF-WANDS-ONE >
<QUEEN-OF-WANDS-ONE >Anda akan berada dalam mode spiritual dan akan ingin menerapkan beberapa peraturan diri dan disiplin. Ada kemungkinan bahwa Anda akan membuat koneksi baru atau koneksi lama akan diremajakan dan diperkuat kembali. </QUEEN-OF-WANDS-ONE >
<KING-OF-WANDS-ONE >Kartu ini menunjukkan bahwa Anda mungkin harus berurusan dengan situasi yang melibatkan suatu penyakit. Mungkin ada beberapa usaha yang akan mengharuskan Anda untuk pindah ke tempat lain. Anda akhirnya akan terbebas dari perasaan terisolasi dan semua hal akan menjadi lebih baik. </KING-OF-WANDS-ONE >
<THE-MAGICIAN-ONE >Fokus Anda sekarang pada awal yang baru dan disarankan bahwa Anda tidak pergi mengejar sesuatu yang kemungkinannya minimal bagi Anda untuk dapatkan. Anda akan segera mendapatkan bantuan berharga atau relevan dari salah satu teman Anda. Beberapa rencana akan dibuat bersama dengan kerabat atau ada kemungkinan beberapa perubahan dalam rencana dengan orang yang Anda sayangi. </THE-MAGICIAN-ONE >
<THE-HIGH-PRIESTESS-ONE >Kartu ini menunjukkan bahwa ada kejutan yang menyenangkan untuk Anda dan Anda akan merasa senang untuk mendapatkannya. Anda tidak akan merasa bergantung pada anggota keluarga Anda sekarang, karena stress yang Anda alami sementara itu hubungan Anda dengan teman-teman Anda semakin erat. </THE-HIGH-PRIESTESS-ONE >
<THE-EMPRESS-ONE >Anda akan merasa sedikit terganggu karena berbagai diskusi di keluarga Anda dan mendambakan untuk mendapatkan ketenangan pikiran sementara waktu. Anda juga akan mempertimbangkan bergerak menjauh. Anda akan merasa sedikit bersalah karena sesuatu yang Anda lakukan untuk teman Anda dan sekarang saatnya untuk menghadapi rasa takut Anda dan membuat beberapa pengakuan. </THE-EMPRESS-ONE >
<THE-EMPEROR-ONE >Jika Anda berencana mengunjungi kerabat atau sesorang yang Anda sayangi, maka kunjungan akan berhasil tapi perjalanan tidak akan berjalan dengan lancar. Saat ini adalah saat ketika Anda akan dikelilingi oleh banyak teman-teman yang akan menjadi sistem pendukung dan bahkan menginspirasi Anda sampai batas tertentu karena Anda merasa tertekan. </THE-EMPEROR-ONE >
<THE-HIEROPHANT-ONE >Kartu ini menunjukkan bahwa Anda ingin suasana di rumah menjadi lebih ceria dan akan ada beberapa kabar baik menanti Anda. Anda akan memiliki waktu yang sulit dalam berurusan dengan teman tapi hanya cukup dengan berbicara dengan satu sama lain akan menenangkan situasi dan Anda akan dapat memahami permasalahan yang ada dan akan menyelesaikan masalah ini pada akhirnya. </THE-HIEROPHANT-ONE >
<THE-LOVERS-ONE >Anda sekarang akan menyadari bahwa tidak semua teman adalah teman sejati dan beberapa dari mereka akan mengkhianati Anda jika Anda tidak melakukan untuk mengatasinya. Anda akan berada dalam kondisi yang baik dengan keluarga Anda dan juga dapat merencanakan kegiatan bersama-sama untuk melakukan perayaan kecil karena mendapat beberapa kabar baik. Beberapa kerabat Anda juga kemungkinan akan melampiaskan amarah mereka sehingga Anda perlu berhati-hati. </THE-LOVERS-ONE >
<THE-CHARIOT-ONE >Anda akan bertemu dan bertukar cerita dengan teman-teman lama Anda dan ini akan menjadi perubahan yang menyegarkan dalam menghadapi stres di kehidupan Anda. Anda akan ingin membantu kerabat dengan masalah yang dia miliki tapi dia tidak mau mendengarkan apa pun, sehingga akan membuat Anda merasa bersalah dan tak berdaya. Anda akan memerlukan beberapa dukungan yang kuat untuk memvalidasi klaim Anda berkaitan dengan keluarga Anda. </THE-CHARIOT-ONE >
<STRENGTH-ONE >Kartu ini menunjukkan bahwa Anda akan memiliki waktu yang menyenangkan dengan teman-teman Anda dan beberapa percikan asamara akan mengenai Anda dengan salah satu teman dari lawan jenis. Anda akan memiliki waktu yang sulit dengan keluarga Anda karena alasan keuangan. Mungkin ada argumen atau bahkan lebih buruk jika tidak ditangani dengan baik. </STRENGTH-ONE >
<THE-HERMIT-ONE >Ada kemungkinan Anda akan berbicara kembali dengan anggota keluarga atau teman setelah waktu yang lama. Jika Anda telah menghadapi beberapa perbedaan dengan orang yang Anda cintai maka semua permasalahan akan terselesaikan. Anda akan mendapatkan beberapa petunjuk tentang pekerjaan atau masalah keuangan dari orang yang Anda sayangi dan ini akan terbukti sangat membantu. </THE-HERMIT-ONE >
<WHEEL-OF-FORTUNE-ONE >Kartu ini menunjukkan bahwa salah satu anggota keluarga Anda akan menyebabkan Anda merasa frustrasi dan kecewa dan Anda akan ingin menghindar dari orang itu. Anda akan menghabiskan beberapa waktu bertemu dengan dokter karena suatu penyakit dalam keluarga Anda dan ini akan membuat Anda stress. </WHEEL-OF-FORTUNE-ONE >
<JUSTICE-ONE >Anda mungkin menemukan bahwa salah satu anggota keluarga atau kerabat akan menghadapi masalah yang akan mempengaruhi Anda dan keputusan Anda. Beberapa hal dalam hidup Anda tidak akan berjalan semulus yang Anda harapkan karena akan ada beberapa pertentangan dengan keluarga dan teman-teman tapi fase ini akhirnya akan berlalu. </JUSTICE-ONE >
<THE-HANGED-MAN-ONE >Keluarga dan teman-teman akan mendukung Anda dalam usaha baru yang Anda sedang berusaha untuk raih dan orang yang Anda sayangi juga akan memandu Anda melalui proses tersebut. Mungkin ada argumen tertentu tetapi hanya karena perubahan dalam perspektif dan ini akan terselesaikan dengan mudah. Anda harus berusaha lebih keras dalam menjaga hubungan lama. </THE-HANGED-MAN-ONE >
<DEATH-ONE >Kartu ini menunjukkan bahwa saat ini akan menjadi waktu sejahtera untuk Anda dan keluarga Anda dan Anda juga dapat mempertimbangkan belajar beberapa pekerjaan rumah tangga karena berbagai alasan. Mungkin ada beberapa perubahan atau saat canggung antara Anda dan teman-teman Anda karena beberapa kondisi yang tidak biasa tapi Anda akan dapat mampu memperbaiki hal-hal kembali seperti </DEATH-ONE >
<TEMPERANCE-ONE >Anda akan melihat bahwa keluarga dan kerabat akan sangat mendukung Anda dan memberi Anda saran yang tepat yang berhubungan dengan kehidupan pribadi Anda. Akan ada gelombang emosional antara Anda dan orang yang Anda sayangi. Anda akan harus menjaga ketenangan dan menghadapi situasi dengan cara yang benar, karena kemungkinan untuk permasalahan menjadi makan parah akan sangat mungkin terjadi. </TEMPERANCE-ONE >
<THE-DEVIL-ONE >Kartu ini menunjukkan bahwa sekarang Anda akan memiliki emosi tinggi dan akan merasa sulit untuk menempatkan seluruh apa yang Anda benar-benar inginkan, tetapi akan mencoba untuk mengimbangi situasi untuk saat ini. Mungkin ada badai konflik di otak Anda saat Anda sibuk dengan banyak pikiran yang mengganggu pada satu waktu. </THE-DEVIL-ONE >
<THE-TOWER-ONE >Saat ini tidak akan menjadi waktu yang sangat menyenangkan karena Anda mungkin harus menghadapi beberapa fakta yang menyakitkan terhadap finansial dan pribadi. Situasi ini juga bisa menyebabkan kesedihan mendalam tetapi orang-orang tersayang Anda akan membantu Anda melalui itu. Anda akan beruntung dan tidak beruntung pada saat yang sama karena keadaan yang Anda hadapi. </THE-TOWER-ONE >
<THE-STAR-ONE >Anda akan melihat beberapa kerabat Anda mungkin menghadapi masalah yang berkaitan dengan dokumen dan Anda akan coba untuk membantu. Anda mungkin akan mendengar kabar baik dari seseorang yang akan membuat Anda gembira dan akan memberi Anda perasaan kebersamaan yang akan membuat Anda merasa nyaman dan lega. </THE-STAR-ONE >
<THE-MOON-ONE >Mungkin ada situasi yang akan timbul membuat Anda merasa rentan, bingung dan tidak pasti. Anda mungkin berpikir dengan sangat emosional tentang seorang teman atau orang terkasih dan ini akan membuat Anda menjadi memiliki beban pikiran tentang apa yang harus dilakukan dan apa yang tidak. rencana Anda untuk meluangkan waktu bersama-sama dengan teman atau kerabat akan terbukti sangat menyedihkan. </THE-MOON-ONE >
<THE-SUN-ONE >Anda sekarang berusaha untuk menyelesaikan hal-hal yang Anda inginkan untuk melihat kehidupan Anda menjadi lebih seimbang. Anda akan berbicara dengan kerabat Anda, tetapi akan merasa bahwa mereka tidak mendukung Anda. Anda akan berpikir tentang mencampurkan antara bisnis dengan kesenangan atau mencoba untuk membuat ikatan persahabatan di tempat kerja Anda, tetapi ini tidak akan terbukti menjadi ide yang sangat bagus. </THE-SUN-ONE >
<JUDGEMENT-ONE >Kartu ini menunjukkan bahwa Anda akan harus membuat beberapa keputusan yang sangat penting dan ini akan melibatkan seorang teman lama atau orang yang Anda sayangi. Beberapa kabar baik juga akan tiba melalui salah satu teman atau kerabat. Hubungan Anda dengan teman dan kerabat akan menjadi lebih kuat. </JUDGEMENT-ONE >
<THE-WORLD-ONE >Akan ada banyak tekanan pikiran di kepala Anda dan mungkin akan mencapai titik tertinggi sebelum semuanya meledak. Saat ini adalah waktu yang tepat untuk pergi berlibur ke tempat jauh untuk sementara waktu. Anda akan coba untuk beralih ke teman-teman Anda untuk dukungan dan beberapa dari mereka akan coba untuk memberikan dukungan nya pada Anda dan menghibur Anda. </THE-WORLD-ONE >
<THE-FOOL-ONE >Anda akan berada dalam posisi untuk membantu salah satu kerabat Anda, akan tetapi kemungkinan kerabat Anda akan kehilangan kesempatan ini karena kecerobohan yang dia lakukan. Seseorang yang dekat dengan Anda akan membuat Anda menyadari bahwa Anda bertindak membhayakan diri dan karena itu seseorang akan mengambil keuntungan dari Anda yang pada akhirnya akan terbukti menjadi sesuatu yang buruk dalam jangka panjang.</THE-FOOL-ONE >
    </ROOT>
