<ROOT>
<ACE-OF-CUPS-ONE >이 카드는 당신의 건강과 관련해서 모든 것이 지금 원활하게 잘 진행되고 있음을 보여준다. 당신은 육체적으로나 정신적으로 기분이 좋고 기운이 솟는 것을 느낄 것이다. 어떠한 질병도 오지 않을 것이다. 또한 당신은 영적인 것을 추구하면서 더 나은 기분을 느끼게 될 것이다. </ACE-OF-CUPS-ONE >
<TWO-OF-CUPS-ONE >이 카드는 건강과 관련된 장소에서 당신이 사랑하는 사람의 건강을 위해 도움을 주고자 힘쓸 때 조금 불안하게 되는 것을 보여준다. 이것은 심각한 우려를 낳을 수 있고 병원에 좀 더 자주 방문해야 하는 일이 생길 수도 있다. </TWO-OF-CUPS-ONE >
<THREE-OF-CUPS-ONE >이 카드는 당신이 지금 파티를 원하고 필요 이상으로 당신을 보살피고 싶어 하는 것을 보여준다. 이것은 곧 검사해야 할 어떤 심각한 건강 문제를 야기할 수 있다. 당신이 따로 대책을 강구하지 않는다면 병원이나 재활 치료소를 방문해야 할지도 모른다. </THREE-OF-CUPS-ONE >
<FOUR-OF-CUPS-ONE >당신은 너무 많이 스트레스를 받고 있고 이로 인해서 당신의 몸에 문제가 발생할 수 있다. 지금 해야 하는 일이 있다 하더라도 당신은 조금 쉼을 가질 필요가 있다. 이것이 당신을 곤란하게 할 수 있으나 결국 당신은 더 좋게 회복될 것이고 이로 인해 당신은 삶의 새로운 자세를 가지게 될 것이다. </FOUR-OF-CUPS-ONE >
<FIVE-OF-CUPS-ONE >이 카드는 너무 많은 출장이나 일의 압박이 당신을 괴롭히고 있고 이로 인해 당신은 지금 매우 지쳐 있고 극도의 피로감을 느끼고 있음을 보여준다. 이것은 또한 당신의 건강에 생각보다 더 심각하게 영향을 미칠 수 있고 당신에게 문제를 가져올 수 있다. 당신은 우선적으로 복부나 위장과 관련된 문제들에 관심을 기울여야 한다. </FIVE-OF-CUPS-ONE >
<SIX-OF-CUPS-ONE >이 카드는 당신의 컨디션이 그리 좋지 않으며 쉼 없는 상태가 신체적으로 그리고 정신적으로 당신에게 악영향을 미치고 있음을 보여준다. 하지만 당신은 마음을 다잡고 주어진 일을 다 마칠 것이며 이후에 당신의 몸을 회복시켜줄 수 있는 쉬는 시간을 갖게 될 것이다. </SIX-OF-CUPS-ONE >
<SEVEN-OF-CUPS-ONE >이 카드는 당신의 몸이 휴식이 필요한 질병의 증상을 보이고 있음을 가리키고 있다. 어떤 질병은 당신을 계속해서 괴롭힐 수 있고 당신은 그것을 해결해야 할 상황을 맞이할 수 있다. 당신의 팔다리와 관련된 문제가 발생할 수도 있고 당신은 회복을 위해 잠시 모든 것을 내려놓아야 할 수 있다. </SEVEN-OF-CUPS-ONE >
<EIGHT-OF-CUPS-ONE >이 카드는 당신의 눈이나 머리카락에 조금 불편한 시간이 있을 것이고 약을 먹는 기간이 계속될 수 있다는 것을 보여준다. 이것은 당신의 일상에 조금 방해가 될 수 있고 이로 인해 당신은 곤란을 겪을 수도 있다. 하지만 크게 걱정할 일은 일어나지 않을 것이고 치료가 금방 시작될 것이다. 당신의 사랑하는 사람이 당신이 회복될 동안 당신을 돌보아 줄 것이다. </EIGHT-OF-CUPS-ONE >
<NINE-OF-CUPS-ONE >이 카드는 당신이 당신의 삶에서의 우여곡절의 일들로 인해 지금 외로움이나 우울함을 느끼고 있거나 조만간 그런 상황을 맞이하게 될 것을 보여주고 있다. 당신은 지금 취약하고 연약한 입장에 있고 아무도 당신을 이해하지 않는다고 느낄 수 있다. 이렇게 머릿속에서 불안하게 만드는 생각의 틀은 당신에게 신경과민을 일으킬 수 있고 이 때문에 약을 먹게 될 수도 있다. </NINE-OF-CUPS-ONE >
<TEN-OF-CUPS-ONE >이 카드는 당신을 바쁘고 정신을 없게 만드는 스케줄이 당신을 균형 잡히지 못한 식사를 하게 하고 이것이 위장병으로 이어질 수 있음을 보여준다. 정신이 없도록 바쁜 스케줄은 외로움이나 불면증으로 이어질 수 있고 그것은 잠시 동안 이어질 것이다. 당신은 필요한 조치를 취한 후 금방 회복될 것이다. </TEN-OF-CUPS-ONE >
<PAGE-OF-CUPS-ONE >이 카드는 당신이 현재 마주하고 있는 환경과 관련하여 당신이 매우 민감하고 쉽게 영향을 받을 수 있음을 보여준다. 이러한 마음 상태는 당신의 건강에 육체적으로 그리고 정신적으로 나쁘게 영향을 미칠 수 있다. 당신은 사고를 발생시키기 쉬운 상태이니 주의를 기울여야 한다. </PAGE-OF-CUPS-ONE >
<KNIGHT-OF-CUPS-ONE >이 카드는 당신의 건강에 관한 모든 것이 훨씬 더 기쁜 일로 가득할 것을 보여준다. 당신이 이미 어떠한 질병을 겪고 있고 의사에게 진료를 받고 있다면, 설사 당신에게 나쁜 소식이 전해질지라도 당신은 당신의 상태가 호전되고 있음을 알아차리게 될 것이다. 당신은 자신에 대한 믿음을 굳게 지키고 당신의 몸을 돌봐야 할 것이다. </KNIGHT-OF-CUPS-ONE >
<QUEEN-OF-CUPS-ONE >이 카드는 당신이 지금 개인적인 상황과 일과 관련된 압박들로 인해 정신적으로 기진맥진한 상태이고 때때로 무력한 상태인 자신을 발견하게 됨을 보여준다. 당신이 의사나 다른 치료사들을 만나야 하는 절망스러운 어떤 증상들이 나타날 수도 있다. 하지만 이 모든 것은 지속적으로 점점 더 좋아질 것이다. </QUEEN-OF-CUPS-ONE >
<KING-OF-CUPS-ONE >이 카드는 속상한 상황들이 일어나서 당신을 매우 실망스럽게 만들고 당신이 세상에서 그리 좋지 않은 사람이거나 능력이 부족한 사람이라는 생각이 들게 만들 수 있다. 이러한 상황들이 중독으로 이어지지 않도록 주의해야 한다. </KING-OF-CUPS-ONE >
<ACE-OF-PENTACLES-ONE >이 카드는 지금 당신이 당신의 삶에서 건강한 변화를 일으키고자 한다는 것을 보여준다. 당신이 어떠한 질병 때문에 고생하고 있다면 지금이 빠른 회복을 위한 좋은 시기이다. 당신은 곧 훨씬 좋은 상태로 회복된 자기 자신을 보게 될 것이다. 당신은 결국 완전히 회복될 것이다. </ACE-OF-PENTACLES-ONE >
<TWO-OF-PENTACLES-ONE >당신은 밤새 일하고 많은 책임을 지고 있어서 피곤함과 진이 다 빠지는 느낌을 받고 있을 것이다. 이러한 상황은 당신의 몸을 힘들게 할 수 있지만 당신은 이러한 상황의 피해자가 않도록 균형을 잡기 위해 노력해야 한다. </TWO-OF-PENTACLES-ONE >
<THREE-OF-PENTACLES-ONE >이 카드는 감정적으로 무너지는 일이나 갑작스럽게 맞이하게 된 일이 당신에게 악영향을 미칠 수 있음을 보여준다. 이것은 당신의 건강을 심각하게 나쁘게 할 수 있기 때문에 당신은 주의를 기울여야 할 필요가 있다. 많은 일들이 당신을 기다리고 있기 때문에 당신은 쉼을 미리 준비할 필요가 있다. </THREE-OF-PENTACLES-ONE >
<FOUR-OF-PENTACLES-ONE >이 카드는 당신이 이미 가지고 있는 의료 문제와 관련된 어려움을 맞이하게 되고 진료소를 방문해야 될 것을 보여준다. 당신은 사랑하는 사람을 필요로 하고 도움과 조언을 구할 것이다. 많은 것들을 조금 통제할 수 없을지도 모르지만 당신은 지금 강한 마음을 가져야 한다. </FOUR-OF-PENTACLES-ONE >
<FIVE-OF-PENTACLES-ONE >이 카드는 당신이 최근 건강에 많이 소홀했음을 보여준다. 이 때문에 작은 질병이 현재는 좀 더 심각하게 되었지만 큰 문제가 되지는 않을 것이다. 이와 관련하여 검진을 받으면 좋을 것이다. </FIVE-OF-PENTACLES-ONE >
<SIX-OF-PENTACLES-ONE >이 카드는 당신이 지금 당신의 주변에 대해 좀 더 신경을 써야 함을 보여준다. 당신은 사고를 일으킬 수 있기 때문에 주변 일들에 대해 경계를 늦추지 않고 조심해야 한다. 지금은 위기의 때이고 만약 주의를 기울이지 않는다면 원하지 않는 결과로 나타날 수 있다 </SIX-OF-PENTACLES-ONE >
<SEVEN-OF-PENTACLES-ONE >이 카드는 당신이 지금 매우 방해를 받는 시기에 있어서 많은 집중을 요하는 일이나 육체를 사용해야 하는 일은 피하려고 함을 보여준다. 당신은 당신의 시간과 집중을 요구하는 어떤 것도 하지 않으려고 할 수 있고 이것이 당신을 의도와 상관없이 직장으로부터 멀어지게 할 수 있다. </SEVEN-OF-PENTACLES-ONE >
<EIGHT-OF-PENTACLES-ONE >이 카드는 당신의 피부가 취약해질 수 있기 때문에 당신이 모든 보습제와 자외선 차단제를 사용하지 않아야 할 때임을 보여준다. 당신은 일 때문에 많은 출장을 가야 할 수도 있고 이것이 당신의 식습관에 영향을 주어 위장과 관련된 문제로 이어질 수 있다. </EIGHT-OF-PENTACLES-ONE >
<NINE-OF-PENTACLES-ONE >이 카드는 당신이나 당신과 가까운 누군가가 질병이나 이미 발생했던 어떤 일로부터 회복되는 것을 보여준다. 또한 당신이 매우 잘 알고 있는 사람이 큰 건강 문제와 다투게 될 수도 있다. 당신은 당신의 친척들을 도와줄 것이나 그로부터 벗어나 당신을 자유롭게 행동하도록 이끌어 줄 수 있는 것을 경험하기를 원할 것이다. </NINE-OF-PENTACLES-ONE >
<TEN-OF-PENTACLES-ONE >이 카드는 당신이 당신을 잠시 힘들게 할 개인적인 문제를 가질 수 있음을 보여준다. 가족 중 가까운 사람에게 진료가 필요할 수 있고 당신은 그들을 삶의 새로운 방식으로 인도할 것이다. </TEN-OF-PENTACLES-ONE >
<PAGE-OF-PENTACLES-ONE >이 카드는 당신이 불안하고 제대로 쉴 수 없음을 보여준다. 당신의 몸에 어떠한 문제가 있을 수 있다. 당신을 너무나도 힘들게 하는 죄책감이 있을 수 있고 당신은 그것을 제거하기를 원할 수도 있다. 육체의 고통 때문에 약을 복용해야 될 수도 있고 불면증으로 인해 수면제를 복용하기를 원할 수도 있다. </PAGE-OF-PENTACLES-ONE >
<KNIGHT-OF-PENTACLES-ONE >사회봉사는 좋은 것이다. 누군가가 당신으로부터 부당한 이익을 취하려고 하지 않는다면 말이다. 당신은 이것을 알고 있을 필요가 있다. 당신은 이 때문에 불안함을 느낄 수 있다. 하지만 당신은 대담한 조치를 취할 수 있을 것이다. 나태하게 있으면 원하지 않는 것에 대해 생각하고 방해를 받기 때문에 당신은 나태하게 있기보다는 활발하게 계속해서 노력을 기울일 것이다. </KNIGHT-OF-PENTACLES-ONE >
<QUEEN-OF-PENTACLES-ONE >이 카드는 지금 자연의 도움을 얻고 자연적인 방법의 치료를 선택하는 것이 최선임을 보여준다. 당신이나 당신이 사랑하는 사람이 질병으로부터 회복되고 있다면 지금이 빠른 회복을 위한 좋은 시기이다. </QUEEN-OF-PENTACLES-ONE >
<KING-OF-PENTACLES-ONE >이 카드는 당신이 신체적으로 그리고 정신적으로 건강한 상태로 나아가고 있음을 보여준다. 당신이 상처나 질병으로부터 회복되고 있다면 당신은 놀라운 회복 속도를 보이게 될 것이다. 만약 의료 관련 서류 문제가 있다면 그것은 금방 해결될 것이다.	</KING-OF-PENTACLES-ONE >
<ACE-OF-SWORDS-ONE >이 카드는 당신이 기운이 없고 우울해서 의학적 도움을 구하는 것을 보여준다. 가족이 당신을 도울 것이고 당신은 질병 치료법을 찾기 위해 새로운 시도를 할 것이고 그것은 유익할 결과로 이어질 것이다. </ACE-OF-SWORDS-ONE >
<TWO-OF-SWORDS-ONE >이 카드는 당신의 건강이 안정 상태에 있지 않고 당신이 조금도 쉴 수 없음을 보여준다. 건강에 조금 문제가 되는 일이 있을 수 있으나 당신은 당신이 별로 좋지 않다고 느끼거나 감염 또는 미열, 그리고 감기의 문제가 있을 때 당신은 건강을 잘 돌볼 것이다. </TWO-OF-SWORDS-ONE >
<THREE-OF-SWORDS-ONE >이 카드는 당신이 극도로 지쳐 있고 쉼을 갈구하고 잠시 일에서 벗어나 쉬고 싶어 하는 것을 보여준다. 당신의 긴장 상태를 악화시키고 육체를 더 지치게 만드는 일이 발생할 수 있으나 당신은 당신의 유익을 위해 그것을 계속해야 한다. 당신의 아픈 몸은 당신의 가족을 걱정시킬 수 있고 그들은 의사와 상담할 수도 있다. </THREE-OF-SWORDS-ONE >
<FOUR-OF-SWORDS-ONE >이 카드는 회복의 때가 바로 앞에 놓여있고, 곧 당신의 정신적 그리고 감정적 걱정이 드디어 사라지거나 적어도 크게 완화될 것임을 보여준다. 육체의 건강은 조금 나빠질 수 있지만 당신은 약간의 검진이나 치료를 받으면 될 것이다. 의사는 이 문제에 큰 도움을 줄 것이다. </FOUR-OF-SWORDS-ONE >
<FIVE-OF-SWORDS-ONE >이 카드는 당신이 계속해서 낫지 않는 질병 때문에 스트레스를 조금 받고 있고 짜증을 느끼고 있음을 보여준다. 병원을 좀 더 방문해야 할 것이고 이것이 당신을 더 짜증 나게 할 수 있고 당신은 무기력함을 느낄 수 있으나 강해지도록 노력해야 한다. </FIVE-OF-SWORDS-ONE >
<SIX-OF-SWORDS-ONE >이 카드는 지금의 때가 당신의 건강과 관련하여 가장 나쁜 시기 중 하나일 수 있음을 보여준다. 당신을 너무나도 괴롭히는 심각한 부상이나 질병이 있을 수 있다. 또한 당신의 다리나 무릎이 다치는 사고를 당할 수도 있다. 또한 잠시 병원에 입원할 수도 있다. 하지만 이러한 것들은 결국 더 좋아질 것이다. </SIX-OF-SWORDS-ONE >
<SEVEN-OF-SWORDS-ONE >이 카드는 많은 스트레스가 당신을 압도하고 있고 이것이 또 정신적으로 그리고 육체적으로 많은 스트레스를 일으키고 있음을 보여준다. 당신은 많은 것을 처리하느라고 너무 바쁠 수 있고 이것은 특별히 당신의 마음과 몸에 역효과를 불러올 수 있다. 당신은 당신을 위해 휴식을 취할 필요가 있고 당신의 몸과 마음을 회복시킬 필요가 있다. </SEVEN-OF-SWORDS-ONE >
<EIGHT-OF-SWORDS-ONE >이 카드는 당신이 주의를 기울이지 않을 때 어떤 작은 사고가 발생할 수 있음을 보여준다. 당신은 지금 특별히 주의를 기울여야 한다. 왜냐하면 당신이 집에서 조금 위험한 작업을 하다가 작은 사고를 당할 수 있음을 이 카드가 보여주고 있기 때문이다. 당신은 또한 운전을 하거나 길을 건널 때 주의해야 한다. 지금의 상황은 금방 지나갈 것이다. </EIGHT-OF-SWORDS-ONE >
<NINE-OF-SWORDS-ONE >이 카드는 당신이 개인적인 삶에서 또는 직장에서 절망으로 이어질 수 있는 기분 나쁜 상황을 맞이할 수 있음을 보여준다. 또한 식사 패턴이 불규칙할 수 있고 이것은 위장병으로 이어질 수 있다. 하지만 당신의 사랑하는 사람 중 한 명이 이러한 상황으로부터 벗어날 수 있도록 당신을 도울 것이다. </NINE-OF-SWORDS-ONE >
<TEN-OF-SWORDS-ONE >이 카드는 당신이 지금 당신의 건강을 돌보기로 결정을 해서 과거로부터 벗어나 새로운 미래를 맞이하고 있음을 보여준다. 당신은 당신의 건강과 관련된 어떤 목표를 설정할 것이고 이것을 이루기 위해 삶의 방식에 변화를 줄 것이다. </TEN-OF-SWORDS-ONE >
<PAGE-OF-SWORDS-ONE >이 카드는 일과 관련하여 정신적인 압박이 있을 수 있음을 보여준다. 하지만 당신은 인내하여 그것들을 잘 이겨낼 것이다. 허리가 아프거나 치과의사를 방문하게 될 수도 있다. 하지만 당신은 전체적으로 아주 활기찬 상태에 있을 것이고 사랑하는 사람들과 함께 시간을 보낼 것이다. </PAGE-OF-SWORDS-ONE >
<KNIGHT-OF-SWORDS-ONE >이 카드는 당신의 건강과 관련해서 여러 상황이 섞여 있음을 보여준다. 당신은 정신적으로 더 좋은 상태에 있게 될 것이고 스트레스나 다른 문제들로부터 회복될 것이다. 당신의 가족은 당신을 찾을 수 있다. 왜냐하면 친척이나 가족들의 친구와 관련하여 나쁜 소식이 들릴 수 있기 때문이다. </KNIGHT-OF-SWORDS-ONE >
<QUEEN-OF-SWORDS-ONE >이 카드는 당신이 개인적인 일과 직장 일 사이에서 많은 일들을 처리해야 함을 보여준다. 당신은 헌신적으로 모든 일을 처리하고자 노력할 것이다. 이 때문에 결과적으로 당신은 매우 지치고 피곤함을 느낄 수 있다. 하지만 당신은 어떤 식으로든 이 모든 책임을 잘 완수해낼 것이다. </QUEEN-OF-SWORDS-ONE >
<KING-OF-SWORDS-ONE >이 카드는 당신이 건강 부서에서 몰락하게 될 것임을 보여준다. 당신은 정신적으로 좌절감을 느낄 것이고 육체적으로 지치게 될 것이다. 그리고 작은 문제들로 인해 약을 먹어야 될 수도 있다. 또한 당신의 사랑하는 사람 중 한 명이 입원하게 될 수도 있다. </KING-OF-SWORDS-ONE >
<ACE-OF-WANDS-ONE >이 카드는 당신이 건강에 더욱 신경 써야 함을 보여준다. 육체적으로 또는 정신적으로 어떤 질병이 있는 경우 당신은 다른 치료법을 찾아야 한다. 누군가 당신에게 질병을 치료할 수 있는 자연적인 방법의 치료를 제안할 수 있고 당신은 그 방법을 받아들이게 될 것이다. </ACE-OF-WANDS-ONE >
<TWO-OF-WANDS-ONE >이 카드는 당신이 몸에 너무 많은 부담을 주고 있음을 보여준다. 당신은 몸과 마음을 위해서 리조트에 가서 쉼을 가질 필요가 잇다. 균형 잡힌 식사를 하지 않으면 미래에 위험한 결과로 이어질 수 있고 현재는 건강한 생활 습관이 강력하게 요구된다. </TWO-OF-WANDS-ONE >
<THREE-OF-WANDS-ONE >이 카드는 당신이 당신의 사랑하는 사람의 건강을 걱정하고 있음을 보여준다. 이러한 과정 속에서 당신은 스트레스를 받고 충분한 쉼이 필요할 수 있다. 당신에게 너무 많은 부담을 지우지 않아야 한다. 왜냐하면 이것은 위험할 수 있기 때문이다. 또한 당신은 곧 치과 의사를 만날 수도 있다. </THREE-OF-WANDS-ONE >
<FOUR-OF-WANDS-ONE >이 카드는 당신이 당신의 개인적인 삶에서 불편한 상황을 맞이할 수 있음을 보여준다. 이것은 당신에게 스트레스를 안겨줄 수 있다. 당신의 건강한 삶에 나타나기 시작하는 다른 문제들은 당신을 불안하게 만들 수 있고 또한 당신은 예기치 않게 신체에 고통을 겪게 될 수도 있다. </FOUR-OF-WANDS-ONE >
<FIVE-OF-WANDS-ONE >이 카드는 당신이 결국 당신이 가졌던 모든 질병에서 회복되어 건강한 몸과 마음의 상태를 즐기게 될 것을 보여준다. 당신은 당신의 파트너와 휴가를 떠날 것이고 즐거운 시간을 보낼 것이다. </FIVE-OF-WANDS-ONE >
<SIX-OF-WANDS-ONE >이 카드는 당신이 드디어 지금이 일에서부터 쉴 시간이고 자신을 위해 잠시 여유를 가져야 함을 깨닫게 됨을 보여준다. 이러한 휴식 시간을 통해 당신은 어떤 사회 모임에 참석하게 되고 당신이 좋아하는 것들을 시도하게 되기 때문에 이것은 당신에게 매우 도움이 될 것이다. </SIX-OF-WANDS-ONE >
<SEVEN-OF-WANDS-ONE >이 카드는 당신이 지금 당신이 처리할 수 있는 것보다 더 많은 활동들을 하고 있음을 보여준다. 이것은 당신을 극도로 불안하게 하고 불평이 생기게 만든다. 하지만 당신은 지금 스트레스 받는 것을 끝내야 함을 깨닫지 못한다. 이러한 일들을 쫓느라 건강을 신경 쓰지 않으면 안 된다. 또한 특별히 밖에서 먹는 것에 주의를 기울여야 한다. </SEVEN-OF-WANDS-ONE >
<EIGHT-OF-WANDS-ONE >이 카드는 당신이 지금 내면으로부터 기쁨을 느끼고 들떠 있는 상태에 있으며 당신의 파트너에게 끌리고 있음을 보여준다. 이것은 낭만적인 데이트로 이어질 수 있고 연애로 인해서 잠시 당신이 바빠질 수 있다. </EIGHT-OF-WANDS-ONE >
<NINE-OF-WANDS-ONE >이 카드는 당신의 신체 상태가 나쁜 상황을 맞이하게 되고 아프게 될 것임을 보여준다. 이 때문에 당신은 치료를 받기 위해 병원을 방문해야 해서 짜증이 날 수 있고 또한 법과 관련된 문서를 처리하느라 지칠 수 있다. </NINE-OF-WANDS-ONE >
<TEN-OF-WANDS-ONE >이 카드는 당신의 일이나 개인적인 문제가 당신에게 큰 피해를 줄 수 있고 너무 많은 책임을 지려고 하는 것이 당신을 육체적으로 기진맥진하게 만들 수 있음을 보여준다. 당신이 계속해서 일들을 처리하느라 쉬는 시간을 갖기 힘들다면 그것이 질병으로 이어질 수 있다. 조금 속도를 늦추고 적당한 페이스를 유지할 필요가 있다. </TEN-OF-WANDS-ONE >
<PAGE-OF-WANDS-ONE >당신은 작거나 혹은 큰 질병으로 인해 약을 복용하게 될 수 있다. 이 카드는 당신 주변에 일어나는 일 때문에 짜증을 느낄 수 있다고 보여준다. 이러한 일들은 직장이나 개인적인 문제와 관련된 것이다. 인내의 미덕을 실천할 필요가 있다. 그리고 접근 방법에 있어서 실질적인 방법으로 나가야 한다. </PAGE-OF-WANDS-ONE >
<KNIGHT-OF-WANDS-ONE >이 카드는 당신이 많은 일들로 인해 기진맥진하고 피곤함을 느끼기 때문에 활동들에 대해 엄격한 통제가 필요함을 보여준다. 또한 이것은 당신의 정신 건강과 많은 관련이 있을 수 있다. </KNIGHT-OF-WANDS-ONE >
<QUEEN-OF-WANDS-ONE >이 카드는 당신이 지금 에너지가 넘치고 건강을 위해 삶의 방식에 건설적인 변화를 일으키고 싶어 함을 보여준다. 당신은 더욱 균형 잡힌 삶을 위해 삶의 방식들을 바꾸려고 할 것이다. </QUEEN-OF-WANDS-ONE >
<KING-OF-WANDS-ONE >이 카드는 당신이 건강과 건강수칙을 개선시키려고 하고 있고 또한 영양 전문가와 상담을 하려고 하는 것을 보여준다. 불안과 걱정과 같은 감정적 문제가 있을 수도 있고 어떤 통증을 겪게 될 수도 있다. </KING-OF-WANDS-ONE >
<THE-MAGICIAN-ONE >이 카드는 당신이 스트레스를 받는 시간을 맞이할 수 있음을 보여준다. 직장이나 가정과 관련된 문제들이 당신에게 큰 피해를 줄 수 있고 당신은 몇 가지 문제들과 불확실한 결과들로 인해 건강 문제에 대한 해결책을 찾지 못할 수도 있다. 올바른 결과에 이르기 위해 몇 명의 의사를 만나봐야 한다. </THE-MAGICIAN-ONE >
<THE-HIGH-PRIESTESS-ONE >이 카드는 당신은 과거에 어떤 일을 겪었고 이것이 당신의 정신적 또는 육체적 안정감에 영향을 주었을 수 있음을 보여준다. 하지만 지금은 더 나아질 시기이다. 드디어 안도할 수 있고 곧 더 좋은 기분을 느끼기 시작할 것이다. </THE-HIGH-PRIESTESS-ONE >
<THE-EMPRESS-ONE >이 카드는 당신이 당신의 몸 중에서 특별히 목과 관련하여 어떠한 문제를 겪을 것을 보여준다. 당신은 몸이 필요로 하는 것을 더 잘 알기 위해 영적인 부분과 관계를 맺을 필요가 있고 물리치료나 요가를 통해 당신의 몸을 회복시킬 필요가 있다. </THE-EMPRESS-ONE >
<THE-EMPEROR-ONE >이 카드는 당신의 건강에 어떤 심각한 문제가 있을 수 있음을 보여준다. 완전한 예방 조치와 보살핌이 당신의 고통으로부터 벗어나기 위해 요구된다. 당신은 힘을 얻어서 질병과 어떻게 해서든 싸울 것이다. 그렇지만 앞으로 당신의 몸에 무관심을 보여서는 안 될 것이다. </THE-EMPEROR-ONE >
<THE-HIEROPHANT-ONE >이 카드는 당신이 지금 하고 있는 것보다 훨씬 더 당신의 건강에 주의를 기울여야 함을 보여준다. 저혈압이나 고혈압의 위험성이 있고 기침과 감기가 심각해질 수 있다. 정기적인 검진은 당신의 건강 상태를 오랫동안 더 나아지게 할 것이다. </THE-HIEROPHANT-ONE >
<THE-LOVERS-ONE >이 카드는 당신의 몸이 지금 더 양호한 상태에 있고 이에 대해 당신이 기뻐하는 것을 보여준다. 당신은 지금 육체적으로 더 왕성하고 더 활동적이 되었음을 느낄 것이다. 당신은 몸이 필요로 하는 것을 진지하게 생각할 것이고 건강한 몸과 마음의 균형을 이루고자 노력할 것이다. </THE-LOVERS-ONE >
<THE-CHARIOT-ONE >이 카드는 당신이 일과 다른 활동들에 깊이 관여하게 되어 당신의 몸이 필요로 하는 것을 돌보아주지 못함을 보여준다. 당신이 계속해서 이렇게 하게 된다면 너무 큰 부담으로 아프게 될 수 있고 또는 정신적으로 극도로 힘들 수 있다. 바로 지금이 의사에게 진료를 받기에 좋은 시기이고 주말에는 쉴 수 있는 평안한 장소를 찾아가도록 해야 한다. </THE-CHARIOT-ONE >
<STRENGTH-ONE >이 카드는 당신의 건강이 지금 좋다는 것을 보여준다. 힘 카드는 육체적으로 그리고 정신적으로 혈기 왕성함을 보여주고 건강과 관련해서 어떤 작은 문제가 있더라도 당신은 쉽게 그것을 극복할 것이다. 당신의 힘과 열정에 대해 주변 사람들이 격려하고 인정할 것이다. </STRENGTH-ONE >
<THE-HERMIT-ONE >이 카드는 당신이 감정적으로 기운이 없고 이것이 당신을 정신적으로 기진맥진하게 만들 수 있음을 보여준다 . 이것은 질병으로 이어질 가능성이 있고 그렇게 되면 의사들을 만나러 다녀야 될 것이다. 하지만 이것은 그리 오랫동안 지속되지는 않고 금방 모든 것들이 괜찮아질 것이다. </THE-HERMIT-ONE >
<WHEEL-OF-FORTUNE-ONE >이 카드는 지금 당신이 일과 정신적 압박으로 인해 매우 불안정하고 극도의 피로를 느끼고 있고 또한 스트레스를 받고 있음을 보여준다. 당신을 사로잡고 있는 몇 가지 부정적인 생각이 있을 수 있다. 하지만 이것은 단지 잠시 있을 일일 뿐이고 곧 그 시간은 지나갈 것이다. </WHEEL-OF-FORTUNE-ONE >
<JUSTICE-ONE >이 카드는 당신이 일상적인 검진을 받기 위해 의사를 방문했다가 심각한 문제를 발견하게 될 가능성이 있음을 보여준다. 이것은 너무나도 놀랄 일이 되겠지만 그 의사는 충분한 전문성을 갖추고 있어서 당신의 새로운 건강 문제를 완전하게 해결할 수 있도록 도울 수 있을 것이다. </JUSTICE-ONE >
<THE-HANGED-MAN-ONE >이 카드는 당신이 걱정하고 근심하고 있음을 보여준다. 지금은 당신이 질병의 징후를 맞이하게 전에 당신의 몸과 마음에 쉼을 줄 시간이다. 어떠한 문제나 당신에게 불안을 더해주는 사람들로부터 멀리 떨어져 있는 것 또한 도움이 될 것이다. </THE-HANGED-MAN-ONE >
<DEATH-ONE >이 카드는 당신 주변의 어떤 일이 당신을 매우 불행하고 만들고 있음을 보여준다. 당신은 어떤 심각한 질병에 대해 상의를 하게 될지도 모른다. 긍정적인 부분을 보아야 한다. 오직 이것이 당신 주변에서 일어나고 있는 나쁜 일들을 극복할 수 있도록 도움을 줄 것이다. 이제 당신은 가족으로부터 많은 사랑과 관심을 얻게 될 것이다. </DEATH-ONE >
<TEMPERANCE-ONE >이 카드는 당신이 바쁜 스케줄로 인해 의사를 방문할 시간이 없음을 보여준다. 이로 인해 가까운 미래에 심각한 문제가 발생할 수 있다. 당신은 건강에 더 주의를 기울여야 하고 올바른 때에 의사를 방문하는 것을 더 앞선 우선순위에 두어서 자신의 몸이 치료될 수 있도록 해야 할 것이다. </TEMPERANCE-ONE >
<THE-DEVIL-ONE >이 카드는 피로와 계속되는 걱정이 당신을 무기력하게 하고 피곤하게 함을 보여준다. 당신은 처음에 이것을 인식하지 못할 수 있으나 결국 당신은 너무 많이 일하고 있다는 것을 알게 될 것이고 이것은 당신이 다른 것들을 기피하도록 만들 것이다. 당신은 계속해서 스트레스를 받을 것이고 이 때문에 약을 먹게 될 수도 있다. </THE-DEVIL-ONE >
<THE-TOWER-ONE >이 카드는 당신을 병원에 가게 만드는 불행한 사건을 당신이 겪게 될 수 있음을 보여준다. 이러한 혼돈의 시간으로 인해 스트레스를 받게 될 것이나 당신은 이를 극복해 낼 것이다. 또한 가족들이 힘들 그 시간 동안 당신을 도와줄 것이다. </THE-TOWER-ONE >
<THE-STAR-ONE >이 카드는 무엇인가가 당신의 머리에 새로운 생각을 불어넣어 줄 것을 보여준다. 친구의 도움으로 당신은 건강을 위한 계획을 세우게 될 것이다. 이 과정이 조금 지루할 수 있고 당신은 병원의 검진을 받아야 될 수도 있으나 당신은 그렇게 하기로 한 결정에 대해 만족할 것이다. </THE-STAR-ONE >
<THE-MOON-ONE >이 카드는 아직 나타나지 않았거나 부분적으로 증상을 보이는 건강 문제를 당신이 겪게 될 것을 보여준다. 이러한 문제는 작아 보이지만 지금 그것을 간과함으로 인해 문제가 커질 수 있으므로 당신은 주의를 기울여야 한다. 당신은 또한 무릎이 아프고 허리에 문제가 생길 수 있다. </THE-MOON-ONE >
<THE-SUN-ONE >이 카드는 당신이 조금 의욕을 상실하고 위축되어 있음을 보여준다. 당신은 옳고 그름을 파악하기 위해 자기 자신을 너무나도 분석하고 검토할 수 있다. 이것이 어떠한 신체의 질병을 의미하는 것은 아니다. 당신은 사랑하는 사람 중 한 명을 위해 건강 문제와 잘 사는 것에 대한 글을 더 많이 읽을 것이다. </THE-SUN-ONE >
<JUDGEMENT-ONE >이 카드는 당신이 스트레스나 부적절한 식사로 인해 육체적 불안을 겪게 될 것을 보여준다. 당신은 사랑하는 사람의 건강에 대해 걱정하고 그들의 치료를 위해 최선을 다할 것이다. 병원을 방문하거나 의사와의 면담 시간을 갖는 것으로 당신의 시간 대부분이 사용될 것이다. </JUDGEMENT-ONE >
<THE-WORLD-ONE >이 카드는 당신이 이미 질병이나 부상으로 인해 어려움을 겪고 있고 이로부터 회복될 것을 보여준다. 당신은 천천히 그러한 경과를 보게 될 것이나 지속적으로 더욱 나아질 것이다. 그릇된 안내는 문제로 이어질 수 있다. 당신의 건강 문제에 대해 더 많은 지식을 쌓고 올바른 조치를 취할 것을 권장한다. </THE-WORLD-ONE >
<THE-FOOL-ONE >이 카드는 당신이 당신의 건강에 대해 걱정하고 있고 정기적인 검진을 받으러 갈 것을 보여준다. 당신의 백옥 같은 하얀 치아도 관심을 가질 필요가 있어서 당신은 치과 의사를 방문할 것이다. 당신은 친구로부터 새로운 치료 방법을 얻게 될 것이고 당신은 그 방법들을 시도하고자 할 것이다.</THE-FOOL-ONE >
</ROOT>
