﻿<?xml version="1.0" encoding="utf-8" ?>
<ROOT>
<THE-FOOL-ONE>Sim. É hora de um novo começo, aceitar novidades. Mesmo que outras pessoas possam não entender o que você quer, você sabe que está no caminho certo e deve continuar a seguir sua própria intuição. Às vezes, fazer algo novo, diferente e excitante é a maneira de fazer as coisas acontecerem. </THE-FOOL-ONE>
<THE-MAGICIAN-ONE>Sim. O universo está trabalhando para seus desejos. Você vê sincronicidade no mundo ao seu redor apontando na direção certa. As coisas estão melhorando para você, e você está se movendo na direção que deseja. Mantenha a energia positiva e continue se esforçando para conseguir seus desejos. A inspiração vem em sua direção. </THE-MAGICIAN-ONE>
<THE-HIGH-PRIESTESS-ONE>Sim. Este é um tempo mágico, místico para você e agradáveis surpresas pode estar chegando. Seus sonhos dizem-lhe onde você precisa ir e o que você precisa fazer. As coisas parecem estar começando a seguir o seu caminho e você deve aproveite este tempo para alcançar seus sonhos. </THE-HIGH-PRIESTESS-ONE>
<THE-EMPRESS-ONE>Sim. As pessoas são atraídas para você e querem ajudá-lo a alcançar seus desejos, mesmo se você não pedir-lhes ajuda. Aproveite a energia positiva que vem sua maneira, basta ter cuidado para tratar bem as pessoas, ou elas se voltarão contra você mais tarde. As pessoas se preocupam com você e querem ver você ter sucesso. </THE-EMPRESS-ONE>
<THE-EMPEROR-ONE>Sim. Apenas certifique-se de usar sua mente lógica ao invés de seu coração para a tomada de decisões. Seguindo apenas suas emoções irá levar a problemas. Pense em seus planos de forma clara e seu caminho para o progresso de seus desejos e objetivos será claro. Certifique-se de que você tem um plano antes de avançar. </THE-EMPEROR-ONE>
<THE-HIEROPHANT-ONE>Não. Agora não é o momento de fazer mudança. Em vez disso, você precisa continuar fazendo o que é certo, permaneça no curso de seu caminho atual. Indo contra a corrente neste momento vai levar você a problemas e sem o apoio de outros ao seu redor. Segure firme por enquanto. </THE-HIEROPHANT-ONE>
<THE-LOVERS-ONE>Sim, contanto que você ouça o seu coração e não sua mente lógica. Eles podem querer coisas diferentes neste momento, mas seu coração não vai desviá-lo nesta situação. Se você está lutando contra si mesmo sobre o qual o caminho certo a seguir, você sabe a resposta profunda de si mesmo. Se você ouvir, ele vai passar este momento. </THE-LOVERS-ONE>
<THE-CHARIOT-ONE>Sim. Você tem a movimentação e a ambição para obter qualquer coisa. Você só precisa colocar o esforço em seu objetivo e certamente as coisas serão concretizadas. Você é merecedor de seus desejos e tem a energia para seguir adiante e veja suas ambições através da sua conclusão. Vá em frente! </THE-CHARIOT-ONE>
<STRENGTH-ONE>Sim. Você tem a força para tornar seus sonhos realidade e agora é a hora de começar. Você sabe o que quer e tem o poder de torná-lo realidade, então não espere um minuto! Tome uma atitude. Você terá sucesso se suas ações seguirem seus desejos. </STRENGTH-ONE>
<THE-HERMIT-ONE>Não. Agora é o momento de dar um passo para trás e contemplar as coisas. Não é um bom momento para iniciar novos projetos ou tomar um caminho diferente. É tempo de descanso e reflexão, um tempo para ficar sozinho e limpar sua cabeça. Até que você tenha feito isso, você não pode se mover para frente. </THE-HERMIT-ONE>
<WHEEL-OF-FORTUNE-ONE>Sim. As coisas estão começando a mudar seu caminho. Embora a própria mudança possa ser muito difícil, o processo de mudança irá ajudá-lo a alcançar seus objetivos e dar-lhe o que você quer. A vida nem sempre é fácil, e mesmo quando você quiser, pode ser difícil para chegar lá. Mas você conseguirá. Não se preocupe. </WHEEL-OF-FORTUNE-ONE>
<JUSTICE-ONE>Não. Embora você possa não ter nada a ver com isso, o carma de outras pessoas intersede com seus desejos, fazendo com que as coisas para não caminhem a seu favor. O universo tem uma maneira de equilibrar as coisas, e agora é o momento para que você possa esperar. Não se culpe pela resposta negativa. Você não pode obter tudo o que deseja. </JUSTICE-ONE>
<THE-HANGED-MAN-ONE>Não. Agora não é o momento para os seus sonhos. É um momento de sacrifício. Talvez você precise repensar seus planos ou metas para que as coisas melhorem. Não é sempre sobre você, e há algumas coisas que você precisa abandonar antes de avançar. Ajude os outros antes de ajudar a si mesmo. </THE-HANGED-MAN-ONE>
<DEATH-ONE>Não. As coisas estão completamente fora de seu controle agora, e você pode sofrer alguma alteração importante ou destruição antes que as coisas melhorarem. Você pode não ser capaz de confiar em pessoas que você confiou no passado. A transformação é difícil, por isso não espere que as coisas sejam fáceis no futuro próximo. </DEATH-ONE>
<TEMPERANCE-ONE>Não. Agora é um tempo de ser cauteloso, mantenha-se em equilíbrio, e mude muito. Isso significa que a previsão atual de seus desejos não está favorável neste momento. Esperar muito pode se voltar contra você. Então vá com calma e não esperar que qualquer um dos seus desejos seja cumprido no momento. </TEMPERANCE-ONE>
<THE-DEVIL-ONE>Não. Neste momento suas energias estão muito ligadas em outros lugares e em outros projetos para ser capaz de fazer os seus próprios desejos em realidade. Você precisa aprender a deixar ir das coisas que mantê-lo em cativeiro antes que você possa passar para seus próprios objetivos pessoais. Agora você sente que você não tem outras opções. </THE-DEVIL-ONE>
<THE-TOWER-ONE>Não. Agora é o momento de grande reviravolta e as coisas não vão a sua maneira. Você pode ser forçado a sofrer alguma perda ou crise neste momento, e você terá que colocar seus próprios sonhos e desejos em espera enquanto lida com as alterações para o seu mundo. </THE-TOWER-ONE>
<THE-STAR-ONE>Sim. Tudo está indo o seu caminho, e agora é a hora de aproveitar a energia positiva que o rodeia. A esperança é o remédio para tudo o que está acontecendo em sua vida. As estrelas estão sorrindo para você e seus sonhos então, espere grandes coisas em seu caminho. </THE-STAR-ONE>
<THE-MOON-ONE>Não. Os tempos são escuros agora e vai demorar algum para que as coisas se expliquem por si. As coisas são desconhecidas neste momento, e você não entenderá tudo o que está acontecendo. Você pode se sentir confuso e perdido. Levará algum tempo até que esses sentimentos esclareceram para que você possa seguir em frente. </THE-MOON-ONE>
<THE-SUN-ONE>Sim. O sol brilha sobre você, abençoando seu empreendimento cada. A vida é alegre e emocionante e tudo parece estar indo o seu caminho agora. Tudo é novo e brilhante e você pode olhar para frente para um tempo de bênçãos, sonhos sendo atendidas e desejos sendo cumpridos. Sorria e trabalhe duro para obter melhores resultados. </THE-SUN-ONE>
<JUDGEMENT-ONE>Sim. O universo está olhando para você e as energias de seu trabalho ajudaram a conseguir tudo o que você quer e deseja. A resposta é sim, porque você tem trabalhado duro, cuidando dos seus negócios e sendo uma boa pessoa em geral. O universo julga-o como digno. </JUDGEMENT-ONE>
<THE-WORLD-ONE>Sim. Você trabalhou duro e fez tudo certo, e por causa disto, você vai ver o fruto do seu trabalho. O universo é a concessão de seus desejos para tudo o que você colocar neles: o seu tempo, sua energia, suas esperanças e sonhos. Todos os seus sonhos estão vindo para a conclusão e você será feliz. </THE-WORLD-ONE>
<ACE-OF-WANDS-ONE>Sim. Agora é o momento de novos começos e as coisas estão indo o seu caminho. As coisas vão ser especialmente boas para qualquer empreendimento criativo que você esteja interessado. Os seus esforços serão válidos contanto que você coloque tempo e energia para realiza-los. Você tem o poder e a capacidade de mudar sua vida. </ACE-OF-WANDS-ONE>
<TWO-OF-WANDS-ONE>Sim. Você tem prestado atenção e servindo sua vida e as vidas daqueles ao seu redor, e o universo lhe retribuirá. Você colocar tempo e agora você pode colher os frutos de todo seu trabalho duro. Aproveite este tempo. As coisas vão funcionar se você for paciente e cuidar do seu negócio. </TWO-OF-WANDS-ONE>
<THREE-OF-WANDS-ONE>Sim. A vida está se voltando para os seus desejos, e agora é a hora de aproveitar essas boas novas. Você é forte, inteligente e pronto para fazer o esforço. Problemas e adversidades estão no fim, e agora as coisas vão olhar para você no futuro. Aproveite as mudanças positivas. </THREE-OF-WANDS-ONE>
<FOUR-OF-WANDS-ONE>Sim. Agora é um momento de alegria e celebração, um momento de sonhos realizados e um trabalho bem feito. Paz e prosperidade estão vindo em sua direção. Sua vida é feliz e gratificante e você terá seus sonhos e desejos respondendo de forma positiva. Agora é o tempo para se alegrar com suas boas fortunas. </FOUR-OF-WANDS-ONE>
<FIVE-OF-WANDS-ONE>Não. Lutas e discussões fazem parte de sua vida diária, agora, e elas não estão prestes a terminar tão cedo. Você tem que trabalhar duro apenas para manter as coisas em conjunto. Agora é um momento difícil cheio de frustrações. Continue trabalhando e mantenha sua cabeça erguida, mas não espere grandes coisas agora. </FIVE-OF-WANDS-ONE>
<SIX-OF-WANDS-ONE>Sim. A vitória é sua, e você está marchando para o triunfo. Boa notícia pode estar chegando à sua maneira, ou os frutos de seus esforços estão vindo para você. As coisas vão ser muito melhor do que você jamais esperava. Agora é a hora de comemorar seu trabalho duro e dedicação. Você ganhou essa. </SIX-OF-WANDS-ONE>
<SEVEN-OF-WANDS-ONE>Não. Agora é um momento para a batalha. Você deve trabalhar duro para manter as coisas funcionando, e há pouca energia para qualquer outra coisa além da mera sobrevivência. Você está do lado certo, mas não faz torna isto mais fácil. Você se sente como se estivesse pisando na água, mas às vezes as coisas nem sempre seguem seu caminho. </SEVEN-OF-WANDS-ONE>
<EIGHT-OF-WANDS-ONE>Sim. As coisas estão se movendo agora, e elas estão se voltando a seu favor. O trabalho duro, movimento rápido, e esperança são todos do seu lado. Continue colocando no trabalho, seguindo em frente, continue sonhando e em breve você vai descobrir que as coisas vão seguir o seu caminho no final. Você está prestes a atravessar a coisas melhores. </EIGHT-OF-WANDS-ONE>
<NINE-OF-WANDS-ONE>Sim. Você pode achar as coisas difíceis e sofrer com algumas dificuldades, mas no final as coisas vão funcionar muito bem para você. Você terá de enfrentar a oposição, mas você será vitorioso no final do dia. Pode não acontecer imediatamente, mas isso vai acontecer. </NINE-OF-WANDS-ONE>
<TEN-OF-WANDS-ONE>Não. Neste momento, as coisas são muito difíceis para você, e você pode sentir que você está apenas pisando na água. Você tem muitas tarefas e responsabilidades para cuidar. Você precisa ir mais devagar e tornar as coisas mais claras antes de esperar um resultado melhor. </TEN-OF-WANDS-ONE>
<PAGE-OF-WANDS-ONE>Sim. Aquelas coisas que você começou irão se concretizar em breve. Seu trabalho duro e dedicação para seus sonhos e desejos se tornarão realidade. Você coloca esforço, e agora vê os grandes resultados deles. Coisas novas e melhores virão em sua direção. </PAGE-OF-WANDS-ONE>
<KNIGHT-OF-WANDS-ONE>Sim. As mensagens vindas para você dizem que vai conseguir o que seu coração deseja. Seu sucesso será ainda melhor do que você poderia ter esperado ou previsto. Comemore estas grandes coisas. Você ganhou-as e merece-as. Sua autoconfiança é alta e é uma de suas melhores características. </KNIGHT-OF-WANDS-ONE>
<QUEEN-OF-WANDS-ONE>Sim. Você tem a energia e disposição para fazer seus sonhos se tornarem realidade. Você trabalha duro e receberá o que merece. Este cartão é fértil, o que significa que novas ideias e planos nascerão, levando a coisas a níveis ainda maiores. A vida está se movendo na direção desejada. </QUEEN-OF-WANDS-ONE>
<KING-OF-WANDS-ONE>Sim. Não só você trabalha em direção às metas que você deseja outros ao seu redor estão trabalhando para seus objetivos também. Eles querem o melhor para você e estão dispostos a ajudá-lo a alcançar seus objetivos. Toda essa energia está ajudando você a obter exatamente o que você está trabalhando para conseguir. </KING-OF-WANDS-ONE>
<ACE-OF-SWORDS-ONE>Sim. Triunfo será a força duradoura em sua vida no futuro próximo. Você tem trabalhado duro e usou força e energia para chegar onde você está, e essa energia vai orientá-lo para onde você quer estar. Este é um tempo de grandes coisas acontecerem e novos começos em sua vida. </ACE-OF-SWORDS-ONE>
<TWO-OF-SWORDS-ONE>Não. Agora você se sente preso, cego, e não tem certeza de como proceder. Esta energia confusa torna difícil qualquer coisa boa em sua vida. Agora não é o momento de tentar coisas novas ou trabalhar em direção a seus objetivos. Em vez disso, descanse o tempo necessário para juntar sua vida antes que você possa seguir em frente. </TWO-OF-SWORDS-ONE>
<THREE-OF-SWORDS-ONE>Não. A vida é muito difícil agora e você vai ser submetido a mais dificuldade e desgosto. As coisas estão indo contra você e você vai ter mais dificuldade do que você poderia querer. Pode prejudicá-lo emocionalmente. Ausência, atrasos e separação de pessoas que você gosta podem acontecer. </THREE-OF-SWORDS-ONE>
<FOUR-OF-SWORDS-ONE>Não. Agora é hora de recuar e para o exílio autoimposto. Não é um momento para presságios positivos e avançar. Você precisa de alguma solidão. O que você quer pode não ser de seu interesse e você deve dar um passo atrás e reavaliar o que é verdadeiramente melhor para você antes que possa mover-se de forma positiva para frente. </FOUR-OF-SWORDS-ONE>
<FIVE-OF-SWORDS-ONE>Não. Infelizmente, agora é um momento de perda. Embora possa parecer na superfície como se você ganhou algumas coisas, você tem que olhar afundo e ver o que você ganhou. O que você perdeu é mais importante do que o que você ganhou. Destruição e desonra são dois temas principais no momento. </FIVE-OF-SWORDS-ONE>
<SIX-OF-SWORDS-ONE>Sim. As coisas estão difíceis agora e o trabalho é difícil, mas não tanto que você seja incapaz de completá-lo. Você pode encontrar o esforço cansativo, mas no final você vai ganhar o que deseja. Significa apenas que você terá de se esforçar muito mais do que pensou para alcançar seus desejos. </SIX-OF-SWORDS-ONE>
<SEVEN-OF-SWORDS-ONE>Não. Este é um cartão de engano e decepção. Você pode achar que os outros estão trabalhando contra você para sabotar seus sonhos. Você pode querer dar um passo atrás e reavaliar em quem você confia porque uma pessoa pode impedir de alcançar o resultado desejado. O que você está trabalhando agora irá falhar. </SEVEN-OF-SWORDS-ONE>
<EIGHT-OF-SWORDS-ONE>Não. Agora é um momento de derrota. Más notícias, crise ou conflito podem impedi-lo de obter o que deseja. A única coisa que pode fazer agora é tentar manter sua posição e não ficar muito para trás. Às vezes um não pode levar a um melhor sim se você aguentar. </EIGHT-OF-SWORDS-ONE>
<NINE-OF-SWORDS-ONE>Não. Decepção, desespero ou mesmo a morte de um sonho estão na vanguarda no momento. É tempo para lamentar o que não será capaz de atingir. Vai ser um momento difícil para você. Também pode ser que alguém que você goste lhe enganou. Agora é o momento para lamentar o que você perdeu. </NINE-OF-SWORDS-ONE>
<TEN-OF-SWORDS-ONE>Não. Dor, desolação, lágrimas, tristeza e traição estão em seu futuro próximo. Seja o que for que você deseja não acontecerá. Você precisa abandonar as coisas que estão sendo negadas a você. Pode haver muitas terminações em seu futuro próximo. Quando uma porta se fecha, no entanto, você pode encontrar uma outra aberta. </TEN-OF-SWORDS-ONE>
<PAGE-OF-SWORDS-ONE>Sim. Você pode estar trabalhando muito duro e forçando muito, mas seus esforços não são em vão. Você não precisa trabalhar tão duro e sem pisar no pé de outras pessoas para obter o que deseja. O universo está olhando para você e vai conceder o seu desejo. </PAGE-OF-SWORDS-ONE>
<KNIGHT-OF-SWORDS-ONE>Sim. Você está fazendo tudo o que puder para ganhar o que deseja e seus esforços não são em vão. As pessoas estão mostrando resistência para você, mas você tem direito e poder ao seu lado. Boa notícia caminha em sua direção em breve e seus esforços serão recompensados. O trabalho duro vale a pena o esforço. </KNIGHT-OF-SWORDS-ONE>
<QUEEN-OF-SWORDS-ONE>Não. Agora é um momento de tristeza, luto e possivelmente até mesmo constrangimento. Ele também pode ser visto como um tempo de separação de alguém que você se preocupa. Você esgotou-se tentando exercer seu poder e agora vê o que é deseja escapar por entre os dedos. </QUEEN-OF-SWORDS-ONE>
<KING-OF-SWORDS-ONE>Não. Outros em sua vida têm energias que estão trabalhando contra seus objetivos, o que causa dificuldade para você. Os responsáveis julgam suas metas e estão trabalhando contra você. Lembre-se, no entanto, que nem tudo pode ser sobre você diretamente. Às vezes você precisa para trabalhar para um objetivo diferente. </KING-OF-SWORDS-ONE>
<ACE-OF-PENTACLES-ONE>Sim. Agora é um momento de novos começos e qualquer empreendimento que você começar agora vai gerar resultados positivos. Estes começos positivos vai levar você a conclusões proveitosas, especialmente no reino deste mundo, como aquisição de riqueza, progressão na carreira ou outras manifestações físicas. Boa notícia caminha em sua direção em breve. </ACE-OF-PENTACLES-ONE>
<TWO-OF-PENTACLES-ONE>Não. Há muitos obstáculos no seu caminho agora. Pode ser que os outros não estão trabalhando com você ou que você tem demasiado a segurar agora para colocar o esforço adequado em seus objetivos. De qualquer maneira, agora será um momento para o problema e obstáculos em uma situação impede o desenvolvimento de seu próprio trabalho. </TWO-OF-PENTACLES-ONE>
<THREE-OF-PENTACLES-ONE>Sim. Agora é um momento de muito trabalho, possivelmente trabalho físico. Este trabalho é exatamente o que você precisa fazer para alcançar seus desejos. Seu trabalho duro não só vai lhe trazer o que deseja, mas também irá trazer-lhe glória para o que você faz. Você está no caminho certo. Mantenha-se nele. </THREE-OF-PENTACLES-ONE>
<FOUR-OF-PENTACLES-ONE>Não. Às vezes você precisa estar disposto a abrir mão de coisas para coisas melhores para entrarem em sua vida. No entanto, agora você está segurando com muita força coisas que você já possui o que não deixa espaço para coisas novas chegarem até você. Você deve aprender a abandonar antes de avançar. </FOUR-OF-PENTACLES-ONE>
<FIVE-OF-PENTACLES-ONE>Não. Você estará enfrentando muitas provações em breve e pode haver dificuldades no mundo material agora. Miséria é o tema deste cartão. Você vai ter que se concentrar em atender às necessidades mais básicas da vida. Qualquer coisa acima disso é mais do que você pode lidar neste momento no tempo. </FIVE-OF-PENTACLES-ONE>
<SIX-OF-PENTACLES-ONE>Não. Você estará enfrentando muitas provações em breve e pode ter muita dificuldade no mundo material agora. Miséria é o tema deste cartão. Você vai ter que se concentrar em atender às necessidades mais básicas da vida. Qualquer coisa acima disso é mais do que você pode lidar neste momento. </SIX-OF-PENTACLES-ONE>
<SEVEN-OF-PENTACLES-ONE>Sim. Você trabalhou duro para chegar onde você está. Embora você possa precisar de uma pausa, quando você continuar com seus esforços, você verá os resultados. Você está no caminho certo. Continue empurrando para frente e as coisas que você está trabalhando virão até você. Esforço leva a resultados. </SEVEN-OF-PENTACLES-ONE>
<EIGHT-OF-PENTACLES-ONE>Sim. Você tem trabalhado duro. Sua habilidade e preparação estão levando a resultados positivos. Você coloca seu esforço em fazer as coisas bem, seu profissionalismo e dedicação darão resultado. Você passou muito tempo trabalhando e se preparando para o melhor, seus esforços serão recompensados. </EIGHT-OF-PENTACLES-ONE>
<NINE-OF-PENTACLES-ONE>Sim. Felicidade e sucesso estão em seu futuro. Você ter pensado através de seus esforços, dado o seu trabalho o foco certo, e agora você vai colher os frutos de tudo o que tem feito. Bem-estar material é especificamente um foco em sua vida, e você terá tudo o que você quer. </NINE-OF-PENTACLES-ONE>
<TEN-OF-PENTACLES-ONE>Sim. Você terá muito sucesso, especialmente no mundo material. Você tem muito a agradecer e tudo está indo o seu caminho na vida. Você vai conseguir o que deseja, mas certifique-se de retribuir sua boa fortuna. Você ter recebido muito e é hora de dar um pouco também. </TEN-OF-PENTACLES-ONE>
<PAGE-OF-PENTACLES-ONE>Sim. Pode levar algum tempo e esforço, mas o resultado final disso será o que você está esperando. Estudo, reflexão e aplicação para a meta lhe trarão grandes resultados. Há mais trabalho a ser feito, mas você acabará obtendo as respostas e os resultados que procura. </PAGE-OF-PENTACLES-ONE>
<KNIGHT-OF-PENTACLES-ONE>Sim. Você é responsável e sempre pensando em como estar a serviço de outros. Você trabalha duro e faz a coisa certa e o universo recompensa as pessoas que fazem este tipo de esforço. Mantendo seu olho no cuidado mundano e veja que seu dia-a-dia está valendo a pena para você. </KNIGHT-OF-PENTACLES-ONE>
<QUEEN-OF-PENTACLES-ONE>Sim. Você está recebendo muitas coisas realizadas, coloca seu esforço nos lugares certos e as pessoas confiam em você. Seu esforço e sua perspectiva adequados sobre a vida levam coisas boas para você. Quando você dá aos outros, como você faz, você também receberá muito em sua vida. Você recebe o que você está disposto a dar. </QUEEN-OF-PENTACLES-ONE>
<KING-OF-PENTACLES-ONE>Sim. Inteligência, perspicácia nos negócios, lógica e foco são os presentes que levaram ao seu sucesso. Você tem trabalhado duro e sempre fez a coisa certa na vida e essas coisas são sempre recompensadas. Siga as regras e o modo normal para fazer as coisas e grandes coisas virão até você. </KING-OF-PENTACLES-ONE>
<ACE-OF-CUPS-ONE>Sim. Você será bem sucedido em qualquer empreendimento que comprometem-se, especialmente quando o seu investimento emocional é grande. Seu coração é verdadeiro e as pessoas respondem a sua bondade com amor e boa vontade. Você está realmente satisfeito com as coisas e trabalha duro quando quer mudar as coisas para torná-los ainda melhor. </ACE-OF-CUPS-ONE>
<TWO-OF-CUPS-ONE>Sim. Tudo em sua vida parece estar a correr o seu caminho. Carreira, vida doméstica, amor e necessidades materiais todos parecem estar no caminho certo. Quando isso acontece, é um bom momento para ir para realizar seus objetivos e sonhos. Este cartão também pode significar que você está encontrando satisfação e alegria nas relações pessoais. </TWO-OF-CUPS-ONE>
<THREE-OF-CUPS-ONE>Sim. A conclusão de seu trabalho duro é a alegria, perfeição, vitória e celebração. Tire um tempo para desfrutar de suas realizações e ser grato por tudo o que conquistou. Você vai encontrar a conclusão em breve, e será a seu favor. Desfrute as recompensas de seus desejos. As coisas vão continuar a acontecer para você. </THREE-OF-CUPS-ONE>
<FOUR-OF-CUPS-ONE>Não. Você está muito ocupado se preocupado com o que você não tem, para obter o que deseja. Você está cansado e enojado com o mundo e passa seu tempo se preocupando com o passado e o presente, em vez de cuidar do futuro. Isso faz com que você a perca de vista seus objetivos. </FOUR-OF-CUPS-ONE>
<FIVE-OF-CUPS-ONE>Não. Você perdeu algumas coisas na vida e vai continuar a ter algumas dificuldades. Você ainda tem coisas para agradecer em sua vida, mas seus desejos atuais não serão cumpridos. Você vai passar algum tempo triste com esta perda e vai esquecer sequer de se preocupar com as coisas que você ainda tem. </FIVE-OF-CUPS-ONE>
<SIX-OF-CUPS-ONE>Sim. Você está deleitando-se com o passado e usá-lo como uma motivação para avançar para o futuro. Você se lembra das coisas boas e deseja fazê-las acontecer novamente. Seu desejo irá guiá-lo para onde você quer estar. Use essas memórias e desejos de avançar e seus objetivos serão alcançados. </SIX-OF-CUPS-ONE>
<SEVEN-OF-CUPS-ONE>Sim. Você parece ter muitas opções a sua frente e você terá o luxo de escolher o que é mais atraente. Você sabe o que quer e tem a oportunidade de obtê-lo. Aprecie-o, estas coisas não acontecem todos os dias. Pode ser sorte ou habilidade, mas você vai conseguir o que deseja. </SEVEN-OF-CUPS-ONE>
<EIGHT-OF-CUPS-ONE>Não. Você está aprendendo que as coisas que você pensou que queria não estão em seus melhores interesses. Você escolhe ir embora antes que seus desejos sejam realizados. Você não precisa ficar chateado por abandona-los, porque está e a escolha certa para deixar esta coisa particular para trás. Às vezes é melhor se afastar do que desperdiçar seu esforço. </EIGHT-OF-CUPS-ONE>
<NINE-OF-CUPS-ONE>Sim. A vida está indo bem para você e tudo que você quer é colocar para fora bem à sua frente. Você alcançou a vitória e sucesso e deve considerar-se sortudo por ter ganhou tudo o que seu coração deseja. Você também tem o suficiente para levá-lo para o futuro. Tudo está se movendo para frente para você. </NINE-OF-CUPS-ONE>
<TEN-OF-CUPS-ONE>Sim. Este é o cartão mais feliz ao redor e isso mostra que você terá tudo o que deseja. Um estado mais perfeito não pôde ser encontrado. Tudo é arco-íris, luz do sol e dança, você tem tudo o que sonhou. Aproveite. Isso raramente acontece. Você é verdadeiramente abençoado. </TEN-OF-CUPS-ONE>
<PAGE-OF-CUPS-ONE>Sim. Boa notícia está a caminho e é exatamente o que você estava esperando. É hora de sonhar e começar a seguir os sonhos, como você tem sucesso e felicidade chegando até você. Siga seu coração e você vai alcançar aqueles objetivos que você mais deseja em sua vida. </PAGE-OF-CUPS-ONE>
<KNIGHT-OF-CUPS-ONE>Sim. As coisas estão indo bem e seguem na direção que você deseja. Boa notícia está a caminho, e ela vai aparecer em breve. Você está cheio de energia e pode fazer qualquer sonho ou desejo se tornar realidade se ir atrás dele. Faça uso da energia acumulada dentro de você. </KNIGHT-OF-CUPS-ONE>
<QUEEN-OF-CUPS-ONE>Sim. Sucesso, felicidade, prazer e sabedoria estão em seu futuro. Há pessoas do seu lado, especialmente mulheres, que estão ajudando você a fazerem seus sonhos se tornarem realidade. Tire partido da sua ajuda. Agora é o momento para tratar-se com amor e ir atrás desses sonhos. Coisas boas virão. </QUEEN-OF-CUPS-ONE>
<KING-OF-CUPS-ONE>Sim. Aqueles em torno de você são gentis e compassivos e trabalham a seu favor para ajudá-lo a alcançar seus objetivos. Eles estão dispostos a trabalhar com você para ajudá-lo a alcançar seus objetivos. Sua raia responsável mantém você trabalhando duro para fazer seus sonhos se tornarem realidade. Sua criatividade é também um trunfo para este objetivo.</KING-OF-CUPS-ONE>
</ROOT>
