{
  "v": "5.5.7",
  "fr": 30,
  "ip": 0,
  "op": 45,
  "w": 214,
  "h": 214,
  "nm": "컴포지션 1",
  "ddd": 0,
  "assets": [],
  "layers": [
    {
      "ddd": 0,
      "ind": 1,
      "ty": 4,
      "nm": "레이어 2/통화아이콘 윤곽선",
      "sr": 1,
      "ks": {
        "o": {
          "a": 0,
          "k": 100,
          "ix": 11
        },
        "r": {
          "a": 0,
          "k": 0,
          "ix": 10
        },
        "p": {
          "a": 0,
          "k": [
            107,
            107,
            0
          ],
          "ix": 2
        },
        "a": {
          "a": 0,
          "k": [
            25,
            24.5,
            0
          ],
          "ix": 1
        },
        "s": {
          "a": 1,
          "k": [
            {
              "i": {
                "x": [
                  0.833,
                  0.833,
                  0.833
                ],
                "y": [
                  0.833,
                  0.833,
                  0.833
                ]
              },
              "o": {
                "x": [
                  0.167,
                  0.167,
                  0.167
                ],
                "y": [
                  0.167,
                  0.167,
                  0.167
                ]
              },
              "t": 0,
              "s": [
                100,
                100,
                100
              ],
              "e": [
                90,
                90,
                100
              ]
            },
            {
              "i": {
                "x": [
                  0.833,
                  0.833,
                  0.833
                ],
                "y": [
                  0.833,
                  0.833,
                  0.833
                ]
              },
              "o": {
                "x": [
                  0.167,
                  0.167,
                  0.167
                ],
                "y": [
                  0.167,
                  0.167,
                  0.167
                ]
              },
              "t": 9,
              "s": [
                90,
                90,
                100
              ],
              "e": [
                100,
                100,
                100
              ]
            },
            {
              "t": 13
            }
          ],
          "ix": 6
        }
      },
      "ao": 0,
      "shapes": [
        {
          "ty": "gr",
          "it": [
            {
              "ind": 0,
              "ty": "sh",
              "ix": 1,
              "ks": {
                "a": 0,
                "k": {
                  "i": [
                    [
                      0.771,
                      0.771
                    ],
                    [
                      0,
                      0
                    ],
                    [
                      0.767,
                      0.743
                    ],
                    [
                      0.178,
                      0.176
                    ],
                    [
                      0.182,
                      0.176
                    ],
                    [
                      0,
                      0
                    ],
                    [
                      0.931,
                      0
                    ],
                    [
                      0.851,
                      -0.851
                    ],
                    [
                      0,
                      0
                    ],
                    [
                      0.012,
                      -0.012
                    ],
                    [
                      0.008,
                      -0.008
                    ],
                    [
                      0.254,
                      0.072
                    ],
                    [
                      5.818,
                      9.553
                    ],
                    [
                      -0.429,
                      0.429
                    ],
                    [
                      -0.009,
                      0.01
                    ],
                    [
                      -0.009,
                      0.01
                    ],
                    [
                      0,
                      0
                    ],
                    [
                      0,
                      0.931
                    ],
                    [
                      0.851,
                      0.851
                    ],
                    [
                      0,
                      0
                    ],
                    [
                      0.178,
                      0.181
                    ],
                    [
                      0.169,
                      0.175
                    ],
                    [
                      0.667,
                      0.624
                    ],
                    [
                      0,
                      0
                    ],
                    [
                      0.918,
                      0
                    ],
                    [
                      0,
                      0
                    ],
                    [
                      0.808,
                      -0.758
                    ],
                    [
                      0.01,
                      -0.01
                    ],
                    [
                      0,
                      0
                    ],
                    [
                      0.258,
                      -1.833
                    ],
                    [
                      -1.625,
                      -4.7
                    ],
                    [
                      -0.003,
                      -0.01
                    ],
                    [
                      -3.901,
                      -4.702
                    ],
                    [
                      -0.765,
                      -0.804
                    ],
                    [
                      -0.252,
                      -0.254
                    ],
                    [
                      -0.001,
                      -0.001
                    ],
                    [
                      -0.002,
                      -0.001
                    ],
                    [
                      -0.248,
                      -0.236
                    ],
                    [
                      -0.865,
                      -0.724
                    ],
                    [
                      -4.7,
                      -1.74
                    ],
                    [
                      -0.009,
                      -0.003
                    ],
                    [
                      -1.477,
                      0
                    ],
                    [
                      -0.347,
                      0.093
                    ],
                    [
                      -0.913,
                      0.913
                    ],
                    [
                      0.529,
                      0.529
                    ],
                    [
                      0.529,
                      -0.528
                    ],
                    [
                      0.516,
                      -0.044
                    ],
                    [
                      0.1,
                      -0.032
                    ],
                    [
                      4.336,
                      1.496
                    ],
                    [
                      4.445,
                      3.688
                    ],
                    [
                      0.767,
                      0.73
                    ],
                    [
                      0.252,
                      0.25
                    ],
                    [
                      0.228,
                      0.24
                    ],
                    [
                      0.682,
                      0.814
                    ],
                    [
                      1.63,
                      4.399
                    ],
                    [
                      -0.004,
                      0.013
                    ],
                    [
                      -0.01,
                      0.104
                    ],
                    [
                      -1.494,
                      1.494
                    ],
                    [
                      0,
                      0
                    ],
                    [
                      -0.199,
                      0
                    ],
                    [
                      0,
                      0
                    ],
                    [
                      -0.251,
                      -0.251
                    ],
                    [
                      0,
                      0
                    ],
                    [
                      -0.006,
                      -0.006
                    ],
                    [
                      -0.721,
                      -0.745
                    ],
                    [
                      -0.179,
                      -0.181
                    ],
                    [
                      -0.177,
                      -0.182
                    ],
                    [
                      -0.005,
                      -0.005
                    ],
                    [
                      0,
                      0
                    ],
                    [
                      0,
                      -0.178
                    ],
                    [
                      0.313,
                      -0.312
                    ],
                    [
                      0,
                      0
                    ],
                    [
                      0.057,
                      -0.067
                    ],
                    [
                      -0.398,
                      -1.352
                    ],
                    [
                      0,
                      -0.002
                    ],
                    [
                      -0.008,
                      -0.027
                    ],
                    [
                      -0.002,
                      -0.007
                    ],
                    [
                      -0.009,
                      -0.024
                    ],
                    [
                      -0.009,
                      -0.02
                    ],
                    [
                      -0.01,
                      -0.019
                    ],
                    [
                      -0.013,
                      -0.024
                    ],
                    [
                      -0.004,
                      -0.005
                    ],
                    [
                      -0.353,
                      -0.173
                    ],
                    [
                      -0.065,
                      -0.021
                    ],
                    [
                      -1.1,
                      1.065
                    ],
                    [
                      -0.034,
                      0.039
                    ],
                    [
                      0,
                      0
                    ],
                    [
                      -0.178,
                      0
                    ],
                    [
                      -0.313,
                      -0.313
                    ],
                    [
                      0,
                      0
                    ],
                    [
                      -0.006,
                      -0.005
                    ],
                    [
                      -0.175,
                      -0.173
                    ],
                    [
                      -0.183,
                      -0.177
                    ],
                    [
                      -0.592,
                      -0.634
                    ],
                    [
                      -0.004,
                      -0.005
                    ],
                    [
                      0,
                      0
                    ],
                    [
                      0,
                      -0.184
                    ],
                    [
                      0.077,
                      -0.135
                    ],
                    [
                      -0.652,
                      -0.364
                    ],
                    [
                      -0.223,
                      0
                    ],
                    [
                      -0.248,
                      0.443
                    ],
                    [
                      0,
                      0.567
                    ]
                  ],
                  "o": [
                    [
                      0,
                      0
                    ],
                    [
                      -0.627,
                      -0.671
                    ],
                    [
                      -0.178,
                      -0.171
                    ],
                    [
                      -0.18,
                      -0.176
                    ],
                    [
                      0,
                      0
                    ],
                    [
                      -0.852,
                      -0.851
                    ],
                    [
                      -0.93,
                      0
                    ],
                    [
                      0,
                      0
                    ],
                    [
                      -0.013,
                      0.012
                    ],
                    [
                      -0.008,
                      0.007
                    ],
                    [
                      -0.455,
                      0.455
                    ],
                    [
                      -0.873,
                      -0.457
                    ],
                    [
                      -0.06,
                      -0.241
                    ],
                    [
                      0.009,
                      -0.01
                    ],
                    [
                      0.009,
                      -0.009
                    ],
                    [
                      0,
                      0
                    ],
                    [
                      0.852,
                      -0.852
                    ],
                    [
                      0,
                      -0.931
                    ],
                    [
                      0,
                      0
                    ],
                    [
                      -0.179,
                      -0.185
                    ],
                    [
                      -0.173,
                      -0.176
                    ],
                    [
                      -0.745,
                      -0.77
                    ],
                    [
                      0,
                      0
                    ],
                    [
                      -0.77,
                      -0.77
                    ],
                    [
                      0,
                      0
                    ],
                    [
                      -0.907,
                      0
                    ],
                    [
                      -0.01,
                      0.009
                    ],
                    [
                      0,
                      0
                    ],
                    [
                      -0.913,
                      0.912
                    ],
                    [
                      -0.192,
                      0.725
                    ],
                    [
                      0.003,
                      0.009
                    ],
                    [
                      1.739,
                      4.699
                    ],
                    [
                      0.722,
                      0.863
                    ],
                    [
                      0.243,
                      0.255
                    ],
                    [
                      0.001,
                      0.001
                    ],
                    [
                      0.002,
                      0.002
                    ],
                    [
                      0.267,
                      0.264
                    ],
                    [
                      0.808,
                      0.768
                    ],
                    [
                      4.697,
                      3.897
                    ],
                    [
                      0.01,
                      0.003
                    ],
                    [
                      2.449,
                      0.847
                    ],
                    [
                      1.357,
                      0
                    ],
                    [
                      1.833,
                      -0.257
                    ],
                    [
                      0.529,
                      -0.528
                    ],
                    [
                      -0.529,
                      -0.528
                    ],
                    [
                      -1.495,
                      1.494
                    ],
                    [
                      -0.103,
                      0.008
                    ],
                    [
                      -0.025,
                      0.008
                    ],
                    [
                      -4.399,
                      -1.63
                    ],
                    [
                      -0.816,
                      -0.684
                    ],
                    [
                      -0.235,
                      -0.223
                    ],
                    [
                      -0.237,
                      -0.24
                    ],
                    [
                      -0.727,
                      -0.763
                    ],
                    [
                      -3.692,
                      -4.45
                    ],
                    [
                      -1.496,
                      -4.336
                    ],
                    [
                      0.033,
                      -0.1
                    ],
                    [
                      0.043,
                      -0.516
                    ],
                    [
                      0,
                      0
                    ],
                    [
                      0.283,
                      -0.263
                    ],
                    [
                      0,
                      0
                    ],
                    [
                      0.182,
                      0
                    ],
                    [
                      0,
                      0
                    ],
                    [
                      0.007,
                      0.006
                    ],
                    [
                      0.63,
                      0.589
                    ],
                    [
                      0.175,
                      0.18
                    ],
                    [
                      0.175,
                      0.179
                    ],
                    [
                      0.005,
                      0.006
                    ],
                    [
                      0,
                      0
                    ],
                    [
                      0.313,
                      0.312
                    ],
                    [
                      0,
                      0.18
                    ],
                    [
                      0,
                      0
                    ],
                    [
                      -0.037,
                      0.032
                    ],
                    [
                      -1.044,
                      1.076
                    ],
                    [
                      0.001,
                      0.003
                    ],
                    [
                      0.008,
                      0.026
                    ],
                    [
                      0.002,
                      0.006
                    ],
                    [
                      0.008,
                      0.024
                    ],
                    [
                      0.008,
                      0.02
                    ],
                    [
                      0.008,
                      0.018
                    ],
                    [
                      0.012,
                      0.024
                    ],
                    [
                      0.003,
                      0.004
                    ],
                    [
                      6.585,
                      10.906
                    ],
                    [
                      0.061,
                      0.03
                    ],
                    [
                      1.387,
                      0.438
                    ],
                    [
                      0.067,
                      -0.058
                    ],
                    [
                      0,
                      0
                    ],
                    [
                      0.311,
                      -0.313
                    ],
                    [
                      0.179,
                      0
                    ],
                    [
                      0,
                      0
                    ],
                    [
                      0.006,
                      0.004
                    ],
                    [
                      0.18,
                      0.175
                    ],
                    [
                      0.185,
                      0.181
                    ],
                    [
                      0.742,
                      0.718
                    ],
                    [
                      0.004,
                      0.005
                    ],
                    [
                      0,
                      0
                    ],
                    [
                      0.241,
                      0.243
                    ],
                    [
                      0,
                      0.099
                    ],
                    [
                      -0.365,
                      0.653
                    ],
                    [
                      0.209,
                      0.117
                    ],
                    [
                      0.474,
                      0
                    ],
                    [
                      0.306,
                      -0.547
                    ],
                    [
                      0,
                      -0.922
                    ]
                  ],
                  "v": [
                    [
                      23.096,
                      11.392
                    ],
                    [
                      23.084,
                      11.38
                    ],
                    [
                      21.05,
                      9.334
                    ],
                    [
                      20.518,
                      8.813
                    ],
                    [
                      19.976,
                      8.283
                    ],
                    [
                      15.977,
                      4.284
                    ],
                    [
                      13.29,
                      3
                    ],
                    [
                      10.604,
                      4.284
                    ],
                    [
                      6.884,
                      8
                    ],
                    [
                      6.849,
                      8.036
                    ],
                    [
                      6.825,
                      8.059
                    ],
                    [
                      5.851,
                      8.429
                    ],
                    [
                      -8.167,
                      -5.621
                    ],
                    [
                      -7.785,
                      -6.551
                    ],
                    [
                      -7.757,
                      -6.58
                    ],
                    [
                      -7.729,
                      -6.608
                    ],
                    [
                      -4.01,
                      -10.33
                    ],
                    [
                      -2.727,
                      -13.017
                    ],
                    [
                      -4.01,
                      -15.703
                    ],
                    [
                      -8.009,
                      -19.702
                    ],
                    [
                      -8.546,
                      -20.25
                    ],
                    [
                      -9.061,
                      -20.776
                    ],
                    [
                      -11.106,
                      -22.811
                    ],
                    [
                      -11.118,
                      -22.822
                    ],
                    [
                      -13.7,
                      -24
                    ],
                    [
                      -13.706,
                      -24
                    ],
                    [
                      -16.327,
                      -22.841
                    ],
                    [
                      -16.358,
                      -22.812
                    ],
                    [
                      -20.162,
                      -19.006
                    ],
                    [
                      -23.439,
                      -13.981
                    ],
                    [
                      -22.649,
                      -5.434
                    ],
                    [
                      -22.639,
                      -5.406
                    ],
                    [
                      -14.373,
                      8.372
                    ],
                    [
                      -12.131,
                      10.884
                    ],
                    [
                      -11.386,
                      11.651
                    ],
                    [
                      -11.382,
                      11.655
                    ],
                    [
                      -11.377,
                      11.66
                    ],
                    [
                      -10.611,
                      12.404
                    ],
                    [
                      -8.093,
                      14.651
                    ],
                    [
                      5.68,
                      22.913
                    ],
                    [
                      5.708,
                      22.922
                    ],
                    [
                      11.653,
                      24
                    ],
                    [
                      14.254,
                      23.712
                    ],
                    [
                      19.28,
                      20.436
                    ],
                    [
                      19.28,
                      18.522
                    ],
                    [
                      17.366,
                      18.522
                    ],
                    [
                      13.874,
                      21.033
                    ],
                    [
                      13.581,
                      21.09
                    ],
                    [
                      6.606,
                      20.369
                    ],
                    [
                      -6.36,
                      12.572
                    ],
                    [
                      -8.745,
                      10.442
                    ],
                    [
                      -9.469,
                      9.74
                    ],
                    [
                      -10.169,
                      9.018
                    ],
                    [
                      -12.294,
                      6.639
                    ],
                    [
                      -20.095,
                      -6.332
                    ],
                    [
                      -20.821,
                      -13.295
                    ],
                    [
                      -20.758,
                      -13.601
                    ],
                    [
                      -18.248,
                      -17.092
                    ],
                    [
                      -14.46,
                      -20.88
                    ],
                    [
                      -13.704,
                      -21.293
                    ],
                    [
                      -13.703,
                      -21.293
                    ],
                    [
                      -13.026,
                      -20.901
                    ],
                    [
                      -12.986,
                      -20.862
                    ],
                    [
                      -12.966,
                      -20.843
                    ],
                    [
                      -11.006,
                      -18.893
                    ],
                    [
                      -10.475,
                      -18.351
                    ],
                    [
                      -9.946,
                      -17.811
                    ],
                    [
                      -9.931,
                      -17.795
                    ],
                    [
                      -5.925,
                      -13.789
                    ],
                    [
                      -5.434,
                      -13.017
                    ],
                    [
                      -5.925,
                      -12.244
                    ],
                    [
                      -9.612,
                      -8.553
                    ],
                    [
                      -9.759,
                      -8.404
                    ],
                    [
                      -10.73,
                      -4.745
                    ],
                    [
                      -10.728,
                      -4.738
                    ],
                    [
                      -10.706,
                      -4.659
                    ],
                    [
                      -10.699,
                      -4.641
                    ],
                    [
                      -10.672,
                      -4.569
                    ],
                    [
                      -10.647,
                      -4.509
                    ],
                    [
                      -10.62,
                      -4.454
                    ],
                    [
                      -10.582,
                      -4.383
                    ],
                    [
                      -10.573,
                      -4.368
                    ],
                    [
                      4.745,
                      10.904
                    ],
                    [
                      4.933,
                      10.979
                    ],
                    [
                      8.678,
                      10.034
                    ],
                    [
                      8.829,
                      9.883
                    ],
                    [
                      12.518,
                      6.199
                    ],
                    [
                      13.29,
                      5.707
                    ],
                    [
                      14.063,
                      6.199
                    ],
                    [
                      18.069,
                      10.205
                    ],
                    [
                      18.084,
                      10.219
                    ],
                    [
                      18.617,
                      10.742
                    ],
                    [
                      19.167,
                      11.28
                    ],
                    [
                      21.117,
                      13.24
                    ],
                    [
                      21.129,
                      13.253
                    ],
                    [
                      21.187,
                      13.311
                    ],
                    [
                      21.567,
                      13.98
                    ],
                    [
                      21.45,
                      14.338
                    ],
                    [
                      21.971,
                      16.18
                    ],
                    [
                      22.631,
                      16.353
                    ],
                    [
                      23.813,
                      15.66
                    ],
                    [
                      24.274,
                      13.979
                    ]
                  ],
                  "c": true
                },
                "ix": 2
              },
              "nm": "패스 1",
              "mn": "ADBE Vector Shape - Group",
              "hd": false
            },
            {
              "ty": "fl",
              "c": {
                "a": 0,
                "k": [
                  1,
                  1,
                  1,
                  1
                ],
                "ix": 4
              },
              "o": {
                "a": 0,
                "k": 100,
                "ix": 5
              },
              "r": 1,
              "bm": 0,
              "nm": "칠 1",
              "mn": "ADBE Vector Graphic - Fill",
              "hd": false
            },
            {
              "ty": "tr",
              "p": {
                "a": 0,
                "k": [
                  24.524,
                  24.25
                ],
                "ix": 2
              },
              "a": {
                "a": 0,
                "k": [
                  0,
                  0
                ],
                "ix": 1
              },
              "s": {
                "a": 0,
                "k": [
                  100,
                  100
                ],
                "ix": 3
              },
              "r": {
                "a": 0,
                "k": 0,
                "ix": 6
              },
              "o": {
                "a": 0,
                "k": 100,
                "ix": 7
              },
              "sk": {
                "a": 0,
                "k": 0,
                "ix": 4
              },
              "sa": {
                "a": 0,
                "k": 0,
                "ix": 5
              },
              "nm": "변형"
            }
          ],
          "nm": "그룹 1",
          "np": 2,
          "cix": 2,
          "bm": 0,
          "ix": 1,
          "mn": "ADBE Vector Group",
          "hd": false
        }
      ],
      "ip": 0,
      "op": 600,
      "st": 0,
      "bm": 0
    },
    {
      "ddd": 0,
      "ind": 2,
      "ty": 4,
      "nm": "모양 레이어 2",
      "sr": 1,
      "ks": {
        "o": {
          "a": 0,
          "k": 100,
          "ix": 11
        },
        "r": {
          "a": 0,
          "k": 0,
          "ix": 10
        },
        "p": {
          "a": 0,
          "k": [
            107,
            107,
            0
          ],
          "ix": 2
        },
        "a": {
          "a": 0,
          "k": [
            0,
            0,
            0
          ],
          "ix": 1
        },
        "s": {
          "a": 1,
          "k": [
            {
              "i": {
                "x": [
                  0.833,
                  0.833,
                  0.833
                ],
                "y": [
                  0.833,
                  0.833,
                  0.833
                ]
              },
              "o": {
                "x": [
                  0.167,
                  0.167,
                  0.167
                ],
                "y": [
                  0.167,
                  0.167,
                  0.167
                ]
              },
              "t": 0,
              "s": [
                100,
                100,
                100
              ],
              "e": [
                90,
                90,
                100
              ]
            },
            {
              "i": {
                "x": [
                  0.833,
                  0.833,
                  0.833
                ],
                "y": [
                  0.833,
                  0.833,
                  0.833
                ]
              },
              "o": {
                "x": [
                  0.167,
                  0.167,
                  0.167
                ],
                "y": [
                  0.167,
                  0.167,
                  0.167
                ]
              },
              "t": 10,
              "s": [
                90,
                90,
                100
              ],
              "e": [
                100,
                100,
                100
              ]
            },
            {
              "t": 13
            }
          ],
          "ix": 6
        }
      },
      "ao": 0,
      "shapes": [
        {
          "ty": "gr",
          "it": [
            {
              "d": 1,
              "ty": "el",
              "s": {
                "a": 0,
                "k": [
                  107.316,
                  107.316
                ],
                "ix": 2
              },
              "p": {
                "a": 0,
                "k": [
                  0,
                  0
                ],
                "ix": 3
              },
              "nm": "타원 패스 1",
              "mn": "ADBE Vector Shape - Ellipse",
              "hd": false
            },
            {
              "ty": "st",
              "c": {
                "a": 0,
                "k": [
                  1,
                  1,
                  1,
                  1
                ],
                "ix": 3
              },
              "o": {
                "a": 0,
                "k": 100,
                "ix": 4
              },
              "w": {
                "a": 0,
                "k": 0,
                "ix": 5
              },
              "lc": 1,
              "lj": 1,
              "ml": 4,
              "bm": 0,
              "nm": "선 1",
              "mn": "ADBE Vector Graphic - Stroke",
              "hd": false
            },
            {
              "ty": "fl",
              "c": {
                "a": 0,
                "k": [
                  1,
                  0.29411764705882354,
                  0.20392156862745098,
                  1
                ],
                "ix": 4
              },
              "o": {
                "a": 0,
                "k": 100,
                "ix": 5
              },
              "r": 1,
              "bm": 0,
              "nm": "칠 1",
              "mn": "ADBE Vector Graphic - Fill",
              "hd": false
            },
            {
              "ty": "tr",
              "p": {
                "a": 0,
                "k": [
                  -0.164,
                  0.408
                ],
                "ix": 2
              },
              "a": {
                "a": 0,
                "k": [
                  0,
                  0
                ],
                "ix": 1
              },
              "s": {
                "a": 0,
                "k": [
                  100,
                  100
                ],
                "ix": 3
              },
              "r": {
                "a": 0,
                "k": 0,
                "ix": 6
              },
              "o": {
                "a": 0,
                "k": 100,
                "ix": 7
              },
              "sk": {
                "a": 0,
                "k": 0,
                "ix": 4
              },
              "sa": {
                "a": 0,
                "k": 0,
                "ix": 5
              },
              "nm": "변형"
            }
          ],
          "nm": "타원 1",
          "np": 3,
          "cix": 2,
          "bm": 0,
          "ix": 1,
          "mn": "ADBE Vector Group",
          "hd": false
        }
      ],
      "ip": 0,
      "op": 600,
      "st": 0,
      "bm": 0
    },
    {
      "ddd": 0,
      "ind": 3,
      "ty": 4,
      "nm": "모양 레이어 1",
      "sr": 1,
      "ks": {
        "o": {
          "a": 1,
          "k": [
            {
              "i": {
                "x": [
                  0.833
                ],
                "y": [
                  0.833
                ]
              },
              "o": {
                "x": [
                  0.167
                ],
                "y": [
                  0.167
                ]
              },
              "t": 0,
              "s": [
                100
              ],
              "e": [
                100
              ]
            },
            {
              "i": {
                "x": [
                  0.833
                ],
                "y": [
                  0.833
                ]
              },
              "o": {
                "x": [
                  0.167
                ],
                "y": [
                  0.167
                ]
              },
              "t": 13,
              "s": [
                100
              ],
              "e": [
                0
              ]
            },
            {
              "t": 24
            }
          ],
          "ix": 11
        },
        "r": {
          "a": 0,
          "k": 0,
          "ix": 10
        },
        "p": {
          "a": 0,
          "k": [
            107,
            107,
            0
          ],
          "ix": 2
        },
        "a": {
          "a": 0,
          "k": [
            0,
            0,
            0
          ],
          "ix": 1
        },
        "s": {
          "a": 1,
          "k": [
            {
              "i": {
                "x": [
                  0.833,
                  0.833,
                  0.833
                ],
                "y": [
                  0.833,
                  0.833,
                  0.833
                ]
              },
              "o": {
                "x": [
                  0.167,
                  0.167,
                  0.167
                ],
                "y": [
                  0.167,
                  0.167,
                  0.167
                ]
              },
              "t": 0,
              "s": [
                0,
                0,
                100
              ],
              "e": [
                200,
                200,
                100
              ]
            },
            {
              "t": 24
            }
          ],
          "ix": 6
        }
      },
      "ao": 0,
      "shapes": [
        {
          "ty": "gr",
          "it": [
            {
              "d": 1,
              "ty": "el",
              "s": {
                "a": 0,
                "k": [
                  107.316,
                  107.316
                ],
                "ix": 2
              },
              "p": {
                "a": 0,
                "k": [
                  0,
                  0
                ],
                "ix": 3
              },
              "nm": "타원 패스 1",
              "mn": "ADBE Vector Shape - Ellipse",
              "hd": false
            },
            {
              "ty": "st",
              "c": {
                "a": 0,
                "k": [
                  1,
                  1,
                  1,
                  1
                ],
                "ix": 3
              },
              "o": {
                "a": 0,
                "k": 100,
                "ix": 4
              },
              "w": {
                "a": 0,
                "k": 0,
                "ix": 5
              },
              "lc": 1,
              "lj": 1,
              "ml": 4,
              "bm": 0,
              "nm": "선 1",
              "mn": "ADBE Vector Graphic - Stroke",
              "hd": false
            },
            {
              "ty": "fl",
              "c": {
                "a": 0,
                "k": [
                  0.7529411764705882,
                  0.5803921568627451,
                  0.5803921568627451,
                  1
                ],
                "ix": 4
              },
              "o": {
                "a": 0,
                "k": 50,
                "ix": 5
              },
              "r": 1,
              "bm": 0,
              "nm": "칠 1",
              "mn": "ADBE Vector Graphic - Fill",
              "hd": false
            },
            {
              "ty": "tr",
              "p": {
                "a": 0,
                "k": [
                  -0.164,
                  0.408
                ],
                "ix": 2
              },
              "a": {
                "a": 0,
                "k": [
                  0,
                  0
                ],
                "ix": 1
              },
              "s": {
                "a": 0,
                "k": [
                  100,
                  100
                ],
                "ix": 3
              },
              "r": {
                "a": 0,
                "k": 0,
                "ix": 6
              },
              "o": {
                "a": 0,
                "k": 100,
                "ix": 7
              },
              "sk": {
                "a": 0,
                "k": 0,
                "ix": 4
              },
              "sa": {
                "a": 0,
                "k": 0,
                "ix": 5
              },
              "nm": "변형"
            }
          ],
          "nm": "타원 1",
          "np": 3,
          "cix": 2,
          "bm": 0,
          "ix": 1,
          "mn": "ADBE Vector Group",
          "hd": false
        }
      ],
      "ip": 0,
      "op": 600,
      "st": 0,
      "bm": 0
    }
  ],
  "markers": []
}