﻿<?xml version="1.0" encoding="utf-8" ?>
<ROOT>
<THE-FOOL-PAST>Você está em um momento de novos começos. As coisas estão mudando para você e você está procurando um novo começo. O seu coração está aberto e você tem a energia para lidar com as mudanças que estão vindo para você. Você está pronto para saltar de um precipício para o desconhecido, e este aniversário marca uma mudança significativa em sua vida. Prepare-se! </THE-FOOL-PAST>
<THE-MAGICIAN-PAST>Você está se sentindo muito poderoso ultimamente e quer encontrar uma maneira de fazer uso desta energia. Você está pensando em fazer algo que vai fazer a diferença, não só em sua vida, mas na vida de outros. As coisas tem acontecido do seu jeito, e você está desfrutando os efeitos positivos em sua vida. </THE-MAGICIAN-PAST>
<THE-HIGH-PRIESTESS-PAST>Este cartão simboliza intuição e energia física. Você está confiando em seu coração e intestino para tomar as decisões por você. Você está se sentindo muito atraente para os outros e está em contato com seu lado feminino. Você está muito conectado com seu corpo e está procurando uma ligação espiritual com o mundo. </THE-HIGH-PRIESTESS-PAST>
<THE-EMPRESS-PAST>As coisas estão indo muito bem para você agora. Você é criativo em seu trabalho, atraente para as pessoas ao seu redor, e ouça a sua voz interior para uma grande visão sobre sua vida. Se você está tendo problemas com sua saúde, você precisa ouvir a sua intuição e pergunte o que seu corpo está tentando lhe dizer. </THE-EMPRESS-PAST>
<THE-EMPEROR-PAST>Você deixa sua mente dominar o seu mundo. Você não está muito preso em seu estado emocional no momento, e isso é bom. Você se sente assertivo e confiante em sua vida e agora tem a energia para correr atrás dos seus objetivos e vê-los concluídos. Você sabe que exige disciplina para alcançá-los. </THE-EMPEROR-PAST>
<THE-HIEROPHANT-PAST>Você está tentando compreender o seu lado espiritual. Há algo mais profundo acontecendo do que o que você se concentrou antes, e agora é o momento para que você possa encontrá-lo. A meditação pode ser útil no futuro próximo para mantê-lo aterrado e ajudá-lo a compreender o mundo ao seu redor. </THE-HIEROPHANT-PAST>
<THE-LOVERS-PAST>Você está aprendendo a seguir o seu coração neste momento. Quando sua cabeça e coração dizem duas coisas diferentes, você deve deixar seu coração vencer; ele vai resolver o problema. Parcerias são importantes em sua vida agora, e não apenas as românticas, mas qualquer situação que exija emparelhar-se com outra pessoa vai sair bem. </THE-LOVERS-PAST>
<THE-CHARIOT-PAST>Você está aprendendo a seguir o seu coração neste momento. Quando sua cabeça e coração dizem duas coisas diferentes, você deve deixar seu coração vencer; ele vai resolver o problema. Parcerias são importantes em sua vida agora, e não apenas as românticas, mas qualquer situação que exija emparelhar-se com outra pessoa. </THE-CHARIOT-PAST>
<STRENGTH-PAST>Mantenha o foco em sua vida interior agora. As coisas por fora realmente parecem estar indo bem, mas você tem que ter certeza de manter sua mente em conjunto para continuar este caminho. Você se sente forte e confiante por fora, e agora é tempo para desenvolver esses mesmos sentimentos no interior. Meditação ou outra prática espiritual vai ajudar. </STRENGTH-PAST>
<THE-HERMIT-PAST>Você está entrando em um momento de introspecção; você está gastando mais tempo sozinho do que o habitual. Isso é normal na ocasião, e você faz bem em aproveitar este tempo. Desenvolva seus objetivos, se organize, e explique àqueles em torno de você que você precisa deste tempo antes que você possa dar o próximo passo. </THE-HERMIT-PAST>
<WHEEL-OF-FORTUNE-PAST>Você está vivendo o momento, e isso é uma coisa boa. Os tempos mudam e é mais fácil de lidar com mudanças se você ir com o fluxo que vem de aceitar as coisas como elas são. Lembre-se que a maioria das coisas estão fora de seu controle. Seja grato pelo que você tem agora. </WHEEL-OF-FORTUNE-PAST>
<JUSTICE-PAST>Você está funcionando em equilíbrio: todas as partes de sua vida parecem estar conectadas e em sintonia uma com as outras. Sua energia é dividida igualmente entre trabalho, casa, e sua vida social, e você se sente satisfeito com as coisas como elas são. Certifique-se de tratar-se bem durante este período de dificuldades. </JUSTICE-PAST>
<THE-HANGED-MAN-PAST>Há algo acontecendo em sua vida agora que você precisa deixar ir. Os tempos estão mudando enquanto falamos e você precisa fazer um sacrifício para conseguir o que deseja. Agora é um momento de reflexão, e você pode precisar mudar de atitude, antes que você possa seguir em frente. </THE-HANGED-MAN-PAST>
<DEATH-PAST>Agora é um momento de mudança. Se você quiser fazer alterações em sua vida, você deve fazê-las, mesmo que o resultado imediato seja possivelmente negativo. Os efeitos a longo prazo compensam qualquer dificuldade de curto prazo. Deixar ir poderá ser a melhor coisa que acontecerá em sua vida, e você sentirá que agora é a hora. </DEATH-PAST>
<TEMPERANCE-PAST>Você está focado em seus relacionamentos na vida agora, com o seu parceiro, familiares e amigos. Esteja com eles, mas não coloque demasiadas expectativas sobre eles. Você está olhando para as questões pessoais mais profundas daqueles ao seu redor, e agora é a hora de lidar com eles. Encontrar o equilíbrio para tudo em sua vida é importante agora. </TEMPERANCE-PAST>
<THE-DEVIL-PAST>Você está se sentindo presa em uma situação específica e você precisa saber que você tem opções para sair dela. Elas podem não ser o que você espera, mas você nunca está completamente preso. Tire um tempo para olhar para as suas opções, chegar a soluções criativas ou incomuns. Você tem o controle se você escolher. </THE-DEVIL-PAST>
<THE-TOWER-PAST>As mudanças estão acontecendo ao seu redor. Você pode sentir como se todas as forças estivessem contra você agora. Vá com o fluxo. Você pode perder alguns sonhos, mas você vai descobrir que eles serão substituídos por outros mais acessíveis. Controle suas reações e a agitação em torno de você e você vai sair do outro lado ileso. </THE-TOWER-PAST>
<THE-STAR-PAST>A vida está indo bem para você. Coisas positivas estão acontecendo e você está de bem com vida. Oportunidades estão vindo em sua direção e você pode realizar qualquer coisa que você colocar em sua mente. Decida sobre seus maiores sonhos e comece a trabalhar em direção a eles. Agora é o tempo para coisas maravilhosas acontecerem em sua vida. </THE-STAR-PAST>
<THE-MOON-PAST>Você pode estar sentindo alguma confusão agora sobre como proceder na vida, e isso é normal. Pegue este tempo para refletir sobre o seu mundo interior e você vai encontrar as respostas que você procura. Siga seus instintos se você precisar tomar uma decisão. Seja paciente, pois pode levar mais tempo para pensar mais claramente e então manifestá-las. </THE-MOON-PAST>
<THE-SUN-PAST>A vida está indo muito bem. Você se sente livre e feliz. Você está fazendo novos amigos. Você está tomando decisões sobre o que é mais importante na vida, e você aprendeu que o dinheiro não é tudo. Agora é um grande momento para tentar coisas novas e realmente experimentar a vida. Descubra o que é mais significativo para você e siga sua felicidade. </THE-SUN-PAST>
<JUDGEMENT-PAST>Você tem uma tendência a ser muito crítico com as pessoas, e agora é a hora de abandonar esses sentimentos. Concentre-se em suas próprias necessidades e não no que os outros ao seu redor estão fazendo. Você pensa em suas decisões e as tomam baseadas em lógica, e não sobre reações viscerais rápidas. </JUDGEMENT-PAST>
<THE-WORLD-PAST>Você está no processo de alcançar alguns de seus objetivos. Você está determinado a ver as coisas e não vai desistir agora. Você vai ter um descanso bem merecido no final da linha. Este é um momento de conclusão e você merece comemorar vendo seus sonhos serem realizados. </THE-WORLD-PAST>
<ACE-OF-WANDS-PAST>Você se sente animado e otimista sobre o ano que vai vir. A vida está indo do seu jeito e isso vai continuar. É uma época de novos começos, então o que você deseja alcançar no próximo ano? Depois de decidir, coloque toda a sua energia em isso e você terá uma grande chance de sucesso. Vá em frente! </ACE-OF-WANDS-PAST>
<TWO-OF-WANDS-PAST>Agora você está se concentrando em manter o equilíbrio em seu relacionamento com seu parceiro. Este é um tempo para se concentrar em sua vida amorosa e certificar-se de que todas as partes da sua vida estão em equilíbrio. As coisas vão tornar-se muito mais suaves em sua vida se você se concentrar em garantir que esse equilíbrio exista. </TWO-OF-WANDS-PAST>
<THREE-OF-WANDS-PAST>As pessoas estão vendo o seu esforço, e eles apreciam isso. Seja no trabalho ou em sua casa. Você está se sentindo bem sobre como sua vida está indo e deve se sentir bem que você tem trabalhado duro para conseguir o que você tem e está sendo reconhecido por isso. Aproveite os elogios. </THREE-OF-WANDS-PAST>
<FOUR-OF-WANDS-PAST>Agora as coisas estão indo bem para você na vida, mas não comemore muito. Você deve continuar trabalhando duro para manter as coisas dessa forma. Agora não é a hora de fazer uma pausa. Não esqueça que você tem direito a ter algum divertimento, mesmo no meio do trabalho duro. Não empurre-se tanto que você possa se estressar. </FOUR-OF-WANDS-PAST>
<FIVE-OF-WANDS-PAST>Agora é o momento de pensar positivamente. Tempos difíceis têm vindo, mas não desanime. Você deve manter-se positivo para passar por eles. Você acredita em si mesmo mais do que você jamais acreditou antes, e esta é a chave para superar este momento difícil. Mantenha a fé que as coisas vão sair bem. </FIVE-OF-WANDS-PAST>
<SIX-OF-WANDS-PAST>Comemore! Você tem trabalhado duro e agora é o momento para desfrutar dos frutos do seu trabalho. Dê a si mesmo um presente de recompensa por todo seu trabalho duro. As coisas saíram muito melhor do que você mesmo pensava que seria, e você começa a ter tempo para descansar e desfrutar os frutos. </SIX-OF-WANDS-PAST>
<SEVEN-OF-WANDS-PAST>Você tem certeza de onde você está e o que você quer. Deixe seus desejos claros às pessoas ao seu redor. A mudança está chegando em sua vida, e você está pronto para isso. Você tem o poder de moldar as mudanças ao seu gosto, enquanto você continuar a se concentrar no que você quer. Pensar claramente vai te ajudar. </SEVEN-OF-WANDS-PAST>
<EIGHT-OF-WANDS-PAST>Sua vida e objetivos estão em uma posição agora. Você precisa se contentar em deixar as coisas fluirem naturalmente e usar este tempo como uma pausa no trabalho que você está fazendo. Se você forçar as coisas, elas não vão seguir o seu caminho. Você só precisa deixar o destino tomar seu curso e estar pronto quando a mudança vir. </EIGHT-OF-WANDS-PAST>
<NINE-OF-WANDS-PAST>Você está se sentindo um pouco agitado e precisa tomar um tempo para se acalmar. As coisas estão em fluxo para você agora, e você precisa parar de chatear-se sobre elas. Isso só vai piorar a situação. Seja claro sobre o que você pode e não pode mudar e aceite a vida como ela é. </NINE-OF-WANDS-PAST>
<TEN-OF-WANDS-PAST>Você está cansado e precisa fazer uma pausa. Você tem trabalhado muito duro e se você não abrandar, você vai desgastar-se. Você está aprendendo a delegar tarefas sem importância e desistir de coisas que não são importantes para o seu futuro. Você está carregando um fardo pesado demais e precisa aliviar-se. </TEN-OF-WANDS-PAST>
<PAGE-OF-WANDS-PAST>O trabalho que você começou está chegando a conclusão agora. Agora é a hora de pensar em quais serão seus próximos passos. Você quer ter novas aventuras ou novas metas para trabalhar. As pessoas ao seu redor te amam e mostram-lhe afeição genuína. A vida tem fornecido a você muita energia positiva. </PAGE-OF-WANDS-PAST>
<KNIGHT-OF-WANDS-PAST>Os seus esforços foram mais bem sucedidos do que você já sonhou. Você sente orgulho pelo trabalho que você faz, e grande realização por ter feito isso tão bem. Você está cheio de energia. Este é um grande momento para viagem e novas aventuras, então divirta-se. Você merece isso! </KNIGHT-OF-WANDS-PAST>
<QUEEN-OF-WANDS-PAST>Você tem muita energia e grande quantidade de energia positiva está vindo para sua vida agora. Use essa energia para realizar seus objetivos. Se você se concentrar nela, você terá sucesso rapidamente com as coisas que você tem trabalhado por um longo tempo. É hora de você sentir aquela realização. </QUEEN-OF-WANDS-PAST>
<KING-OF-WANDS-PAST>As pessoas apoiam você. Eles amam e respeitam você, e você se cercou dos melhores amigos que você poderia ter. Você está pensando positivamente e quer trabalhar em direção a qualquer meta da sua vida que você sonhou. Agora é a hora trabalhar para alcançar os desejos do seu coração. </KING-OF-WANDS-PAST>
<ACE-OF-SWORDS-PAST>Você está se sentindo corajoso, e é hora de dar aquele salto para o desconhecido. Você vai sentir medo, mas você vai fazê-lo de qualquer maneira. Esta é uma época de novos começos e você está pronto para eles. Não espere. Comece o mais cedo possível. Sinta o medo e a coragem para começar. </ACE-OF-SWORDS-PAST>
<TWO-OF-SWORDS-PAST>Sua energia está focada em uma parceria, agora, quer se trate de uma relação de amor, negócios, ou de outro relacionamento pessoal. Certifique-se de que a sua parceria está em equilíbrio ou em questões de risco. Certifique-se de que há uma quantidade suficiente para dar e receber, e certifique-se de dar-se o tempo que você precisa. </TWO-OF-SWORDS-PAST>
<THREE-OF-SWORDS-PAST>Você está sentindo profundamente as coisas agora, e você deve tomar um tempo para lidar com essas emoções que transbordam. Experimente elas, trabalhe por elas, mas não se deprima. Você vai sair dessa. Reconheça suas emoções e descubra o que elas estão tentando dizer. Isso será essencial para avançar na vida. </THREE-OF-SWORDS-PAST>
<FOUR-OF-SWORDS-PAST>Você sente a necessidade de espaço e de um tempo sozinho. Certifique-se de deixar claro para outros em sua vida dessa necessidade ou corre o risco de ferir seus sentimentos. Você também está entendendo que outros em sua vida também precisam desse tempo longe. Lembre-se, todos os relacionamentos são um dar e receber. </FOUR-OF-SWORDS-PAST>
<FIVE-OF-SWORDS-PAST>No momento você se sente ambivalente sobre a vida em geral. Certifique-se de ter tempo para pensar através de suas palavras antes de dizer as coisas, ou suas emoções confusas podem levar você a dizer coisas erradas e ferir aqueles que o rodeiam. É hora de desacelerar e pensar sobre onde você quer realmente ir. </FIVE-OF-SWORDS-PAST>
<SIX-OF-SWORDS-PAST>As coisas não são perfeitas, mas elas estão começando a ficar melhor. Você sente um pouco de alívio do estresse da vida, e você pode aproveitar este momento para se orientar e descobrir o que fazer a seguir. Você está sentindo o desejo de conhecer novos locais para esfriar a cabeça. Vá em frente. Tempo longe é sempre útil. </SIX-OF-SWORDS-PAST>
<SEVEN-OF-SWORDS-PAST>É melhor confiar em si mesmo, como você se sente menos confiante dos que te rodeiam. Certifique-se de proteger-se ou alguma outra pessoa pode estar se aproveitando de você. Mesmo que seja difícil, neste momento, para manter suas armas. Você sabe o que é certo e você não vai deixar que os outros te tirem do topo. </SEVEN-OF-SWORDS-PAST>
<EIGHT-OF-SWORDS-PAST>Você está equilibrando entre a derrota e a vitória. Você pode ter que lidar com a falha antes de atingir o seu objetivo final, e agora você está trabalhando em aceitar esse fato. Quando você aceitar o fracasso, você vai aprender muito mais do que você poderia a partir de uma vitória fácil. Este conhecimento vai ajudá-lo no ano que vem. </EIGHT-OF-SWORDS-PAST>
<NINE-OF-SWORDS-PAST>Você está experimentando sentimentos de ansiedade e você precisa de tempo e energia para controlar esse sentimento. Olhe para sua vida para descobrir o que está causando esses sentimentos e ver se você pode fazer alguma coisa para eliminá-los. Para lidar com o estresse, ter o tempo para apreciar as pequenas coisas que você tem por garantia. </NINE-OF-SWORDS-PAST>
<TEN-OF-SWORDS-PAST>Você está avaliando a forma de gastar o seu tempo e com quem. Outros ao seu redor não são necessariamente confiáveis, por isso é melhor confiar em si mesmo e no universo. Siga seus instintos e eles vão levá-lo por uma situação difícil neste ano. Se alguém te trata mal, da a outra face. </TEN-OF-SWORDS-PAST>
<PAGE-OF-SWORDS-PAST>Você está se esforçando muito e precisa aprender a relaxar. O esforço extra está, na verdade, prejudicando suas chances de sucesso. Você está se sentindo muito enérgico e precisa aprender a canalizá-la corretamente. Tenha cuidado para não chatear aqueles ao seu redor que podem ser capazes de ajudá-lo a alcançar seus objetivos. </PAGE-OF-SWORDS-PAST>
<KNIGHT-OF-SWORDS-PAST>Você está sentindo desejo de viajar e desejo de sair e viajar e encontrar novos interesses e experiências. Sua energia é animada e se você pode se concentrar, você pode colocá-la em seus sonhos. Agora é a hora de agir. Que objetivo você vem adiando? É hora de dar o primeiro passo para uma vida nova e excitante. </KNIGHT-OF-SWORDS-PAST>
<QUEEN-OF-SWORDS-PAST>Você tem confiado em seus instintos e eles tem servido bem a você. Continue a ouvir a sua intuição, porque ela não vai te orientar errado. Tenha cuidado, no entanto, para não chatear as pessoas ao seu redor. Em seu entusiasmo para agir, você pode atravessar algumas fronteiras. Então, pense antes de agir. </QUEEN-OF-SWORDS-PAST>
<KING-OF-SWORDS-PAST>É hora de fazer grandes mudanças em sua vida. Você tem a energia para começar a fazê-las. Você é poderoso e opinativo e usa sua confiança para sair e obter o que deseja. Certifique-se de considerar os outros antes de agir, como você pode ter uma tendência neste momento a pensar apenas em si mesmo. </KING-OF-SWORDS-PAST>
<ACE-OF-PENTACLES-PAST>Algo bom está vindo em sua direção e você pode sentir isso. Sua energia é positiva e você está se sentindo esperançoso. Agora é um momento de novos começos. Você sente como se seu aniversário marcasse uma nova era em sua vida, e sua saúde física e financeira estão no pico. Aproveite esta dinâmica. </ACE-OF-PENTACLES-PAST>
<TWO-OF-PENTACLES-PAST>Você está focado em questões financeiras ultimamente, e você precisa manter o seu equilíbrio. É importante pagar suas contas, mas você também pode usar seu dinheiro para ter um pouco de diversão. É hora de reduzir os extras em sua vida e se concentrar apenas naquelas coisas que são mais importantes para você. </TWO-OF-PENTACLES-PAST>
<THREE-OF-PENTACLES-PAST>As pessoas ao seu redor apreciam seu trabalho duro e esforço. Você está no caminho certo para seus sonhos, e você deve continuar a fazer o trabalho que você tem feito. Agora não é o momento para a mudança. Agora é o momento de uma ação continuada. Você está se sentindo especialmente positivo sobre a sua vida de trabalho. </THREE-OF-PENTACLES-PAST>
<FOUR-OF-PENTACLES-PAST>Você está se sentindo ansiosa, e você precisa explorá-la para chegar à raiz de sua ansiedade. Você se sente especialmente com medo de sua situação financeira. No entanto, sentir medo não resolve os seus problemas. Deixe de lado seu medo e veja o que o futuro reserva. Se continuar com tamanha ansiedade, você vai perder as coisas que você mais gosta. </FOUR-OF-PENTACLES-PAST>
<FIVE-OF-PENTACLES-PAST>Você está se sentindo insegura em sua vida. Você sente como se as pessoas ao seu redor não compreendessem suas necessidades, e você se sente sozinho no frio. Lembre-se que você está fazendo o melhor que pode com o que você tem. Se você precisar de ajuda, você precisa procurar por ela, ou você vai ser afastado de si mesmo. </FIVE-OF-PENTACLES-PAST>
<SIX-OF-PENTACLES-PAST>Você está se sentindo generoso com o seu tempo, energia, talento e até mesmo o seu dinheiro. Você quer oferecer ajuda aos outros, seja ouvindo um amigo solitário ou doando alguns dólares para a caridade. Os outros estão sendo generosos com você também, e você deve aceitar seus dons sem reclamar. </SIX-OF-PENTACLES-PAST>
<SEVEN-OF-PENTACLES-PAST>Segurança está em sua mente. Pela primeira vez, você se sente segura em suas situações financeiras e emocionais. Você tem esperança para o futuro e estão olhando para melhorar sua vida. Passe algum tempo pensando sobre o que você realmente quer antes de agir. Se você escolher a coisa certa, você terá grande sucesso. </SEVEN-OF-PENTACLES-PAST>
<EIGHT-OF-PENTACLES-PAST>Você está passando por uma período agora e está se sentindo um pouco sobrecarregada. Você está dedicada a seus projetos, mas certifique-se que você está colocando sua energia para as coisas corretas ou você só vai girar suas rodas e não sairá do lugar. Certifique-se de levar algum tempo fora também. Você não vai conseguir nada se você ficar doente por trabalhar muito duro. </EIGHT-OF-PENTACLES-PAST>
<NINE-OF-PENTACLES-PAST>Você está feliz e bem sucedida. Você tem trabalhado duro e agora você merece desfrutar o resultado final deste trabalho duro. Agora é também um tempo para pagar de volta. Você recebeu muita sorte e você pode passar isso para os outros que precisam de ajuda. Certifique-se de reconhecer a sua abundância espiritual, bem como física. </NINE-OF-PENTACLES-PAST>
<TEN-OF-PENTACLES-PAST>Tudo na vida está indo bem. Você é grata por sua segurança financeira, desenvolvimento espiritual, e os relacionamentos amorosos de sua vida. Tudo parece perfeito. Entenda que para continuar isso, o melhor é dar o que você pode. Aqueles que têm, fazem o melhor para ajudar os outros em sua vida. </TEN-OF-PENTACLES-PAST>
<PAGE-OF-PENTACLES-PAST>Você tem que se concentrar agora, como há um monte de trabalho duro a ser feito. Você tem que persistir, mesmo quando as coisas parecerem difíceis, para que você possa completar as tarefas à disposição. Se você fizer isso, você vai colher os frutos de um trabalho bem feito. Esforço é a única maneira de terminar a tarefa. </PAGE-OF-PENTACLES-PAST>
<KNIGHT-OF-PENTACLES-PAST>Seu foco agora é sobre as coisas comuns da vida. Você está desfrutando os prazeres simples, como uma xícara de café quente e tempo gasto com os entes queridos. Certifique-se de ficar aterrada nestes prazeres simples, e as grandes coisas vão cuidar de si mesmas. Seja sempre grata pelo que você tem. </KNIGHT-OF-PENTACLES-PAST>
<QUEEN-OF-PENTACLES-PAST>Você está interessada em fazer sua vida em casa mais confortável possível. Seu foco está em sua família. Se há trabalho para fazer em casa, agora é a hora de fazê-lo. Você também se sente atraída para ajudar as pessoas mais próximas a você, por isso, se elas pedem sua ajuda, você alegremente as ajuda. </QUEEN-OF-PENTACLES-PAST>
<KING-OF-PENTACLES-PAST>Você está se sentindo bem sucedido em questões financeiras. Agora é a hora de continuar fazendo as mesmas coisas que você faz. Não desvie de seus planos e rotinas estabelecidas. Agora não é o momento para a mudança. Existe uma grande quantidade de energia positiva sendo atraídas para você enquanto você trabalha duro para conseguir o que você quer na vida. </KING-OF-PENTACLES-PAST>
<ACE-OF-CUPS-PAST>Você está se sentindo cheia de amor e carinho agora. A felicidade está com você, e você aproveita esses sentimentos. Você está se sentindo generosa e deseja conhecer novas pessoas e espalhar a alegria ao redor. Boa sorte está vindo em sua direção. Seus sentimentos positivos alimentam-se em si mesmos e trazem-lhe boa sorte. </ACE-OF-CUPS-PAST>
<TWO-OF-CUPS-PAST>As pessoas ao seu redor amam e cuidam de você profundamente e você sente isso. As pessoas apreciam o que você faz, e você retorna seu amor e carinho. Você se sente equilibrada e dedica tempo suficiente para cada área de sua vida, como o amor, casa e trabalho. O que você está procurando virá para você em breve. </TWO-OF-CUPS-PAST>
<THREE-OF-CUPS-PAST>Esta é a carta de reuniões, e você está em uma fase em que você quer se reunir com seus entes queridos que você não vê faz algum tempo. Dê um telefonema ou envie uma mensagem para aqueles que você sente saudades. É também um momento de amor e celebração. É uma ocasião feliz e você merece desfrutar dela. </THREE-OF-CUPS-PAST>
<FOUR-OF-CUPS-PAST>Você está demasiadamente centrada no futuro que você quer ter, em vez de ser grata pelo que você tem. Não é o momento de pensar sobre o futuro. Em vez disso, conte suas bênçãos e seja grata pelo que é seu agora. Certifique-se de ser realista sobre seus objetivos. O futuro vai cuidar de si mesmo. </FOUR-OF-CUPS-PAST>
<FIVE-OF-CUPS-PAST>Certifique-se de se concentrar no que é bom na vida. Você pode estar perdendo energia pensando sobre o que você poderia ter tido, e isso só vai te colocar para baixo. A vida está se movendo lentamente e você precisa se lembrar de ser grato por agora e não desejar o passado ou o futuro. As coisas precisam se desdobrar naturalmente. </FIVE-OF-CUPS-PAST>
<SIX-OF-CUPS-PAST>Concentre-se no presente. Agora não é o momento de pensar no passado, pois tira energia do presente. Foco em vez de quaisquer projetos criativos que você esteja interessado, como você tem uma grande quantidade de energia para a criatividade. Não tente reacender velhas chamas ou encontrar maneiras de trazer o passado para o presente. </SIX-OF-CUPS-PAST>
<SEVEN-OF-CUPS-PAST>Você está fazendo muito e por isso você está espalhando toda a sua energia para fora, nada está sendo feito muito bem. Em vez disso, descubra o que é mais importante e se concentre apenas nessas coisas. É melhor confiar em si mesmo, já que os outros podem não ter seus melhores interesses no coração. Certifique-se de manter seus pensamentos práticos. </SEVEN-OF-CUPS-PAST>
<EIGHT-OF-CUPS-PAST>Este é um momento para renovação. Você sente que coisas melhores estão vindo para você, se você puder apenas esperar um pouco. Você pode ter que desistir de algo para algo mais aparecer. Você precisa fazer escolhas sobre o que é melhor para o seu futuro para elas se tornarem realidade. </EIGHT-OF-CUPS-PAST>
<NINE-OF-CUPS-PAST>Você está recebendo o que você sonhou. A felicidade está em seu futuro próximo, e você pode sentir que todos os seus desejos estão tornando realidade. Boa sorte e trabalho duro, ambos contribuem para esse futuro brilhante. Aproveite esta sensação e comemore. Também tenha em mente que você precisa continuar a trabalhar duro, se você quer que essa boa sorte continue. </NINE-OF-CUPS-PAST>
<TEN-OF-CUPS-PAST>Você está satisfeito com a sua vida em casa. Você tem um parceiro amoroso e / ou família que te oferece um grande conforto, e suas relações com eles te fazem feliz. Você também está se sentindo espiritualmente satisfeito. Você se sente conectado com o mundo ao redor e, em geral, está satisfeito com a sua vida. </TEN-OF-CUPS-PAST>
<PAGE-OF-CUPS-PAST>Você tem sentido desejo de jogar e sonhar. Questões práticas não estão na vanguarda de sua mente, o que está bem. Estes tempos ajudam a descobrir quais serão seus próximos objetivos na vida. Não se leve muito a sério neste momento, em vez disso, se diverta. </PAGE-OF-CUPS-PAST>
<KNIGHT-OF-CUPS-PAST>Você está se sentindo animada e pronta para a ação. Coisas boas estão vindo em sua direção e você pode senti-las. Sua vida está a avançar como você sonhou, e o trabalho duro que você fez para alcançar seus objetivos está valendo a pena. Notícia feliz estará vindo em sua direção em breve. Você está pronta para isso. </KNIGHT-OF-CUPS-PAST>
<QUEEN-OF-CUPS-PAST>Você está tratando a si mesmo com amor e compaixão. Você aprendeu que essa é a melhor maneira de cuidar de si mesmo. Você já não está dizendo coisas negativas sobre sua vida e você se sente feliz sobre como você está vivendo. Outros ao seu redor também estão te tratando bem e você está satisfeito. </QUEEN-OF-CUPS-PAST>
<KING-OF-CUPS-PAST>Bondade e compaixão são frente e centro no momento. Você está cuidando dos outros, e em troca eles estão cuidando de você. Você está feliz com os entes queridos na sua vida, quer se trate de um parceiro romântico, família, ou amigos próximos. Essas pessoas apreciam seu amor e querem cuidar de você. </KING-OF-CUPS-PAST>
<THE-FOOL-PRESENT>Você precisa estar preparado para tentar algo novo. Você está muito apegado as coisas como elas são, e você não pode alcançar seus objetivos sem misturar um pouco as coisas. O Louco é um sinal de novos começos e assumir riscos, e você precisa correr alguns riscos ou você vai ficar preso onde você está para sempre. </THE-FOOL-PRESENT>
<THE-MAGICIAN-PRESENT>Você precisa fazer um melhor uso do poder que você tem. Você tem deixado os outros tomarem decisões por você. Agora não é o momento de ir com o fluxo. Você precisa assumir o controle de sua vida e suas decisões, se você espera realizar novas conquistas neste ano. É hora de seguir em frente por conta própria. </THE-MAGICIAN-PRESENT>
<THE-HIGH-PRIESTESS-PRESENT>Para ter sucesso, você precisa ouvir a sua intuição. Você ignorou seus sentimentos intuitivos, e isso é um erro. O que você sente é incrivelmente importante para decidir o que você quer fazer a seguir e para decidir como alcançá-lo. A lógica não é o seu melhor aliado no momento. O universo irá dizer-lhe o que fazer se você escutar. </THE-HIGH-PRIESTESS-PRESENT>
<THE-EMPRESS-PRESENT>Desenvolva seu lado criativo este ano. Ao explorar diferentes modos de conceber os seus problemas dos seus métodos usuais, você pode vir com maneiras novas e emocionantes para resolver seus problemas e pode até mesmo decidir sobre novas metas para o ano. Você também desenvolve a sabedoria através da experimentação. Esteja disposto a assumir riscos e você vai ganhar muito. </THE-EMPRESS-PRESENT>
<THE-EMPEROR-PRESENT>Você precisa desenvolver seu pensamento lógico sobre sua intuição. Antes de tomar uma decisão, pense nos seus problemas e tenha um plano. Agora não é a hora de mergulhar; pensamento correto é uma habilidade que é muito útil para se desenvolver e você vai tomar melhores decisões quando você fazê-lo. </THE-EMPEROR-PRESENT>
<THE-HIEROPHANT-PRESENT>Trabalhe no desenvolvimento de seu lado espiritual este ano. Aprenda meditação, volte para a igreja, ou passe algum tempo na natureza. Encontre uma maneira de se concentrar na sua vida interior e você vai ver grandes resultados em seu mundo exterior também. Certifique-se de que você siga o seu guia interior e fale quando você achar que é necessário. </THE-HIEROPHANT-PRESENT>
<THE-LOVERS-PRESENT>Aprenda a seguir seu coração. Você muitas vezes acha que o que sua mente quer e o que seu coração deseja estão em desacordo. Você vai fazer bem este ano permitindo que o coração o guie. Se você fizer isso, não vai dar errado, e coisas maravilhosas aparecerão. Concentre-se mais nas parcerias em sua vida e da-lhes a energia que elas merecem. </THE-LOVERS-PRESENT>
<THE-CHARIOT-PRESENT>Você tem muita energia, mas você precisa se concentrar e aprender a controlá-la. Se você não pode se concentrar em seus objetivos, sua energia se dispersará e nada que você desejar será concretizado. É hora de seguir em frente com o que você está evitando. Decida quais objetivos você quer alcançar e canalize sua energia para alcançá-los. </THE-CHARIOT-PRESENT>
<STRENGTH-PRESENT>Aprenda a se concentrar na sua vida interior agora. As coisas por fora realmente parecem estar indo bem, mas elas não vão continuar se você não ouvir a voz de sua intuição. Aprenda a meditar. Acostume-se a passar o tempo sozinho. Você não pode ouvir sua vida interior, se você está sempre cercado de pessoas. </STRENGTH-PRESENT>
<THE-HERMIT-PRESENT>Você precisa aprender a passar um tempo sozinha. Você tem estado muito envolvida com os outros e tem ignorado a sua rica vida interior. Agora é a hora de aprender a ficar sozinha. Ao tomar decisões, ouça o que é melhor para você. Você tem uma tendência a colocar as necessidades de todos à sua frente; tome de volta o seu próprio poder pessoal. </THE-HERMIT-PRESENT>
<WHEEL-OF-FORTUNE-PRESENT>Você deve aprender a viver o momento. Você se concentra muito no passado e no futuro e não está vendo o que está acontecendo bem na sua frente. Aprenda a aceitar as coisas como elas vêm. Você não pode mudar tudo, e a vida é muito mais suave se você ir com o fluxo, em vez de desperdiçar energia combatendo-o. </WHEEL-OF-FORTUNE-PRESENT>
<JUSTICE-PRESENT>Você precisa aprender a equilibrar as diferentes partes da sua vida. Você gasta muito tempo em uma área, tais como o trabalho, e não tem tempo suficiente para sua família ou suas paixões pessoais. Você também precisa aprender a tratar-se bem. Você ignora suas próprias necessidades para o bem dos outros, e isso está causando problemas. </JUSTICE-PRESENT>
<THE-HANGED-MAN-PRESENT>Sua vida será muito mais tranquila se você aprender a sacrificar. Você gasta muito tempo cuidando de suas próprias necessidades, com exclusão das necessidades das pessoas à sua volta. Ao fazer isso, você perturba as pessoas mais significantes para você. Fazer sacrifícios pessoais para ajudar aqueles que você ama. </THE-HANGED-MAN-PRESENT>
<DEATH-PRESENT>Você precisa aprender a aceitar as mudanças que estão chegando. Aprenda a não se apegar. As coisas serão mais fáceis para você se você deixar de lado as coisas a que você se prende. Concentre-se em sua saúde e mantenha o seu nível de estresse baixo. A mudança é difícil de lidar, e você faz melhor se cuidar de si mesmo. </DEATH-PRESENT>
<TEMPERANCE-PRESENT>Moderação é a chave, e tem sido difícil para você. Aprenda a cuidar de si mesmo. Aprenda a equilibrar todas as diferentes áreas de sua vida. Você precisa ter tempo para todas as áreas da sua vida, incluindo o trabalho, relacionamentos e suas necessidades pessoais. Certifique-se de olhar para as questões mais profundas subjacentes a todas estas áreas. </TEMPERANCE-PRESENT>
<THE-DEVIL-PRESENT>Você está agarrada em alguma situação, e você se sente inútil. Você precisa se lembrar que você tem opções, não importa o quão triste a situação possa parecer. Pare de se deprimir e gaste seu tempo para ver o que você pode fazer. Você tem estado estagnada muito tempo. Aprenda a tomar qualquer ação, isto é melhor do que ficar onde está. </THE-DEVIL-PRESENT>
<THE-TOWER-PRESENT>Você deve aprender a aceitar as mudanças que estão acontecendo em sua vida. Você tem que lidar com os socos,. Se você tentar manter tudo como está, você terá mais dificuldades este ano. A vida está em constante mudança, e você deve aprender a deixar de lado as coisas em que você é mais apegado para obter o melhor delas. </THE-TOWER-PRESENT>
<THE-STAR-PRESENT>Aprenda a pensar positivamente. A estrela mostra que coisas boas estão vindo em sua direção, se você continuar sendo positiva em sua vida. Pare de se concentrar sobre coisas que você não gosta e, em vez disso, conte suas bênçãos. Aprenda a assumir riscos e sair da sua zona de conforto e você vai realizar grandes coisas este ano. </THE-STAR-PRESENT>
<THE-MOON-PRESENT>Aprenda a confiar em si mesmo. Você confia demais nos outros para ajudá-lo a tomar decisões. Todas as respostas que você precisa está dentro de si mesmo, se você olhar. Concentre-se em sua própria intuição; ele não vai orientar você errado. Faça perguntas para o seu eu interior para encontrar as respostas que procura. Confiar nos outros para resolver seus problemas agora não é o melhor. </THE-MOON-PRESENT>
<THE-SUN-PRESENT>Aprenda a se concentrar no que é realmente importante em sua vida. Se você permitir que sua energia seja dispersa, você vai perder o foco sobre as coisas que você mais gosta. Saia e conheça novas pessoas. Você está muito envolvida em seu próprio mundo e precisa socializar mais. As coisas vão bem, se você pensar positivamente. </THE-SUN-PRESENT>
<JUDGEMENT-PRESENT>Não tire conclusões precipitadas sobre o que está acontecendo. Você é muito crítica, e para realmente ter sucesso, você precisa aprender a permitir que os outros sejam quem são. Trabalhe duro para conseguir seus objetivos ou você não vai obter os resultados que você está procurando. Se recuse a desistir e trabalhe duro. </JUDGEMENT-PRESENT>
<THE-WORLD-PRESENT>Você está perto de completar seus objetivos. Não desista agora. Aprenda a ver as coisas através da sua conclusão. Esta sempre foi uma luta para você. Não desista antes de ver a recompensa final. Lembre-se, é sempre mais escuro antes do amanhecer. Se recuse a desistir e em breve você vai ver o sol. </THE-WORLD-PRESENT>
<ACE-OF-WANDS-PRESENT>Você gasta muito tempo focando no negativo. Você precisa olhar para o lado positivo das coisas. Procure por novos e excitantes projetos para se envolver. É tempo para você aprender a ser corajoso e pedir o que você quiser. Não se coíba de pedir ajuda ou você pode perder grandes oportunidades. </ACE-OF-WANDS-PRESENT>
<TWO-OF-WANDS-PRESENT>Aprenda a equilibrar as diversas partes de sua vida. Cuide de si mesmo: coma direito, faca exercícios e durma o suficiente, tenha tempo para si mesmo. Lembre-se que você não está sempre certo. Aprenda a dar um pouco mais de si e você terá mais sucesso em seus relacionamentos. Não afaste-se das pessoas por achar que tem que ser a pessoa mais inteligente da sala. </TWO-OF-WANDS-PRESENT>
<THREE-OF-WANDS-PRESENT>Outros ao seu redor estão vendo como você é importante. Você precisa aprender a não ser tão duro consigo mesmo e aceitar o seu louvor. Você trabalha duro, é inteligente e precisa acreditar no que você é e que você tem algo a contribuir. Entenda que você é igual para igual com os outros; Não permita-se ser inferior. </THREE-OF-WANDS-PRESENT>
<FOUR-OF-WANDS-PRESENT>Você gosta de trabalhar o mínimo possível, não importa qual posição você joga. O trabalho duro tende a ser um grande esforço para você, e este ano, para atingir seus objetivos, você precisa focar no trabalho. Tenha fé em suas habilidades, mas não espere que tudo seja fácil. Trabalhar duro para alcançar seus objetivos. </FOUR-OF-WANDS-PRESENT>
<FIVE-OF-WANDS-PRESENT>Não tenha medo da concorrência. Você geralmente foge quando o assunto é competir com os outros, mas esta é uma habilidade que você precisa desenvolver para ter sucesso. Certifique-se de que jogar limpo. Se você jogar sujo, isso vai se voltar contra você. Lembre-se, por engano, você pode ter sucesso a curto prazo, mas você está vendendo a si mesmo no longo caminho. </FIVE-OF-WANDS-PRESENT>
<SIX-OF-WANDS-PRESENT>Você está vendo o sucesso no que você está fazendo. Aprenda a apreciar os frutos do seu trabalho. Aproveite o que você ganhou. Todo mundo precisa fazer uma pausa e se divertir. Sua determinação é louvável, mas muito esforço vai levar a altos níveis de estresse e exaustão. Dê a você mesmo um prazer. Apreciá-lo! </SIX-OF-WANDS-PRESENT>
<SEVEN-OF-WANDS-PRESENT>Aprenda a falar por si mesmo e deixar claro aos outros o que você quer. Pode ser difícil para você levantar e falar, mas esta habilidade irá atendê-lo bem. Se você é honesto sobre como você se sente e o que você precisa, você terá muito mais sucesso em seus relacionamentos. </SEVEN-OF-WANDS-PRESENT>
<EIGHT-OF-WANDS-PRESENT>Aprenda a ser paciente com os outros. Se você continuar a empurrá-los, você não vai obter os resultados que você quer e vai afastar aqueles de quem você precisa de ajuda. Paciência é uma virtude, e é uma característica difícil de desenvolver. Sendo paciente, as coisas ficarão claras. Este ano, você não deve fazer alterações ou assumir riscos. Permita que as coisas progridam naturalmente. </EIGHT-OF-WANDS-PRESENT>
<NINE-OF-WANDS-PRESENT>Acalme-se. Aprenda a relaxar, dê um passo para trás e respire fundo. Você se preocupa demais, e este ano a sua preocupação vai oprimi-lo se você não aprender a relaxar. Lembre-se que as coisas que você se preocupa estão na sua maioria em sua cabeça e raramente vai sequer chegar perto de se tornar realidade. Peça ajuda se você precisar. </NINE-OF-WANDS-PRESENT>
<TEN-OF-WANDS-PRESENT>Ponha o seu fardo para baixo, alivie a sua carga. Você não tem que carregar todo o mundo e seus problemas em seus ombros. Aprenda a pedir ajuda se você precisar. Aprenda a dizer não. Tente tirar de sua cabeça coisas que não são importantes para você. Faça uma pausa e afaste a culpa. Você merece isso. </TEN-OF-WANDS-PRESENT>
<PAGE-OF-WANDS-PRESENT>Aprender a manter o foco deve ser seu objetivo para este ano. Você se distrai facilmente. Você precisa desenvolver a capacidade de seguir com seus objetivos. Você tem um monte de coisas positivas acontecendo, mas sem foco e trabalho duro você não terá sucesso. Desenvolva essas características para o sucesso. </PAGE-OF-WANDS-PRESENT>
<KNIGHT-OF-WANDS-PRESENT>Tenha fé em si mesmo. A confiança é o maior traço no mundo. Aprenda a olhar para os problemas através de uma luz nova e você poderá vir com soluções criativas e emocionantes para seus problemas. Viajar e conhecer novas pessoas em sua vida são foco para este ano. Aproveite a experiência e saiba que a sua confiança irá guiá-lo. </KNIGHT-OF-WANDS-PRESENT>
<QUEEN-OF-WANDS-PRESENT>Este ano, você precisa colocar o seu foco em sua vida profissional. Uma grande quantidade de energia está vindo para você e você precisa aprender a fazer bom uso dela. Trabalhe duro e grandes coisas virão a você em um curto espaço de tempo. Confie em suas energias criativas para ajudá-lo a encontrar um novo caminho. </QUEEN-OF-WANDS-PRESENT>
<KING-OF-WANDS-PRESENT>Aceite a ajuda daqueles que o cercam. Confie que as pessoas têm os melhores interesses no coração e querem ajudar. Você não precisa fazer nada sozinho. Você está descobrindo o quanto as pessoas realmente se preocupam com você. Aceite isso. A vida é muito melhor quando você está cercado por bons amigos. </KING-OF-WANDS-PRESENT>
<ACE-OF-SWORDS-PRESENT>Bravura é o traço que você precisa desenvolver este ano. Você sempre se esquiva de tomada de decisões e tentar coisas novas; agora é a hora de dar uma chance. Como você sabe que você não gosta de alguma coisa, se você nunca provou? Dê um salto de fé. Seus sonhos podem se tornar realidade se você fizer. </ACE-OF-SWORDS-PRESENT>
<TWO-OF-SWORDS-PRESENT>Você deve aprender a sentir-se confortável dependendo de terceiros para obter ajuda. Ao investir em suas parcerias, você ganha mais do que você jamais poderia ganhar por si mesmo. Apesar de sua tendência natural é fazer tudo sozinho, aprender a investir em suas parcerias irá ajudà-lo no ano que vem. Confiança leva tempo para se desenvolver. Agora é a hora de começar. </TWO-OF-SWORDS-PRESENT>
<THREE-OF-SWORDS-PRESENT>Não se coíba de suas emoções. Ao esconder o que você realmente sente, você não é capaz de resolver os problemas em sua vida. Reconheça e admita o que sente. Discuta seus problemas com aqueles que o rodeiam. Escondender o que você sente e dizer que está tudo bem só levará a mais problemas. </THREE-OF-SWORDS-PRESENT>
<FOUR-OF-SWORDS-PRESENT>Aprenda a relaxar e fazer uma pausa. O trabalho duro é importante, mas também é necessário tempo para refrescar e relaxar. Com tudo o que você faz, tenha uma pausa. Tenha alguma perspectiva. As coisas nem sempre estão indo no caminho certo neste ano, e você não pode mudar tudo. Aprenda a estabelecer limites e dizer não para evitar excesso de trabalho. </FOUR-OF-SWORDS-PRESENT>
<FIVE-OF-SWORDS-PRESENT>Você precisa aprender a moderar suas emoções com o pensamento. Atuando impulsivamente este ano, vai trazer dor e sofrimento. Se você pensar no que você está fazendo, você terá uma chance muito melhor de lidar com os conflitos na sua vida. Conflitos serão abundantes neste ano e você precisa lidar com eles de forma inteligente. </FIVE-OF-SWORDS-PRESENT>
<SIX-OF-SWORDS-PRESENT>É hora de mudar. Você precisa aprender a lidar bem com essas mudanças, porque a vida é mudança. No passado, você teve dificuldade em aceitar o desenvolvimento de sua vida. Agora é a hora de aprender a ir com o fluxo e talvez até gostar! Viajar, conhecer novas pessoas e aceitar que a mudança pode ser divertido e excitante.</SIX-OF-SWORDS-PRESENT>
<SEVEN-OF-SWORDS-PRESENT>Aprenda a confiar em seus instintos. Você tende a confiar em outras pessoas, mas agora não é o momento. Outros podem estar tirando vantagem de você, e você precisa estar consciente disso este ano. Fique fora do negócio de outras pessoas. Você tem uma tendência para bisbilhotar, mas olhando para onde não pertence a você, poderá causar problemas este ano. </SEVEN-OF-SWORDS-PRESENT>
<EIGHT-OF-SWORDS-PRESENT>Aprenda a aceitar o desconhecido. Aprenda a banir os pensamentos negativos de sua mente. Você é um pessimista, mas você pode mudar a sua visão se você olhar para cima. Aceitar o fracasso é a chave para mover o passado. Se você pode olhar para o futuro, em vez de focar em suas circunstâncias imediatas, você pode passar por qualquer coisa e se sair bem. </EIGHT-OF-SWORDS-PRESENT>
<NINE-OF-SWORDS-PRESENT>Aprenda a alegrar-se com as pequenas coisas da vida. Trabalhe em controlar suas reações emocionais, especialmente a ansiedade que sente. Você terá melhor sorte para lidar com problemas em seu relacionamento se você pensar antes de agir com a cabeça quente e discutir as questões com calma. Não evite as discussões difíceis. </NINE-OF-SWORDS-PRESENT>
<TEN-OF-SWORDS-PRESENT>Aceite os finais em sua vida. É difícil ver as coisas mudarem, mas vai ser melhor aceitá-los do que se apegar a coisas cuja hora chegou. Aprenda a falar de si mesmo; não permita que outros pisem em você. Você só terá sucesso se você aprender que a sua opinião e os seus sentimentos importam. </TEN-OF-SWORDS-PRESENT>
<PAGE-OF-SWORDS-PRESENT>Relaxe. Você se cobra muito para impressionar as pessoas. Para este ano, é melhor permitir que as oportunidades apareçam para você ao invés de persegui-las tão intensamente. Você precisa aprender quando é melhor parar e quando voltar atrás. Mais frequentemente do que não, cobrar-se irá resultar em mais problemas. </PAGE-OF-SWORDS-PRESENT>
<KNIGHT-OF-SWORDS-PRESENT>Siga os desejos do seu coração. Entenda que o que você quer é importante, e se você tem um sonho, você precisa ir atrás dele ou você nunca vai conseguir. O mundo não vai entregar-lhe grandes coisas numa bandeja de prata. Aprenda a sujar as mãos e tentar. Se fizer isso, é provável que você terá sucesso. </KNIGHT-OF-SWORDS-PRESENT>
<QUEEN-OF-SWORDS-PRESENT>Aprenda a seguir seus instintos. A lógica não é o seu único recurso na tomada de decisões. Você ignorou seus instintos por muito tempo. Ele vai dizer-lhe quando continuar e quando recuar, uma habilidade que você precisa aprender para você não perturbar os que o rodeiam com a sua natureza enérgica. Às vezes você tem que deixar alguém assumir a liderança. </QUEEN-OF-SWORDS-PRESENT>
<KING-OF-SWORDS-PRESENT>Você precisa aprender a recuar. Você é forte e contundente, e pode transformar muitas pessoas. Você terá uma recepção mais positiva se você se segurar um pouco. Isso não significa que tenha que desistir de suas crenças, só que não precisa ser tão intenso. Agressão não lhe serve mais. </KING-OF-SWORDS-PRESENT>
<ACE-OF-PENTACLES-PRESENT>Aprenda a olhar para o lado positivo das coisas. A vida te olhará quando você enxergar todas as coisas positivas que estão acontecendo. As pessoas também serão mais atraídas por você, se você não ver as coisas de forma tão negativa o tempo todo. É incrível como as coisas ficam melhores com apenas uma ligeira mudança de atitude. </ACE-OF-PENTACLES-PRESENT>
<TWO-OF-PENTACLES-PRESENT>Você não pode sempre querer segurança. Correr riscos é o que a vida se resume. As coisas boas só virão para você, se você aprender a sair da sua zona de conforto e tentar algo novo. Lembre-se, você não vai saber se você gosta dele se você não der uma chance. Decida o que você quer tentar e então arrisque-se. </TWO-OF-PENTACLES-PRESENT>
<THREE-OF-PENTACLES-PRESENT>Aprenda a aceitar elogios. As pessoas ao redor de você apreciam o seu esforço e o que você faz por eles. Aprenda a aceitar elogios graciosamente. Se você continuar a trabalhar duro você vai ganhar o respeito deles. Mantenha o foco em seus esforços e faça o seu melhor trabalho e você continuará a atrair pessoas positivas para perto de você. </THREE-OF-PENTACLES-PRESENT>
<FOUR-OF-PENTACLES-PRESENT>Você tem vivido apenas para sobreviver e tomar decisões que não lhe servem. Você deve aprender que isso pode parecer uma boa idéia agora, mas não funcionará a longo prazo. Deixe de lado as coisas que não servem a você, e você terá muito mais sucesso no futuro. Ganância não traz segurança. </FOUR-OF-PENTACLES-PRESENT>
<FIVE-OF-PENTACLES-PRESENT>Nem todo mundo quer te prejudicar. Você pode sentir como se todo mundo estivesse contra você, mas você deve perceber que este não é o caso. Aprenda a dar um passo para trás e ver o que realmente está acontecendo. Aprenda a avaliar objetivamente as suas emoções em vez de agir impulsivamente, isto irá te ajudar. </FIVE-OF-PENTACLES-PRESENT>
<SIX-OF-PENTACLES-PRESENT>Aprenda a dar e receber com graça. Generosidade é importante nos dois sentidos. Não se prenda com muita força nas coisas que você tem. Você receberá de volta quando você aprender a dar sem pensar em si mesmo. Aprenda a compartilhar seu tempo, sua energia e seu amor com os outros e viverá uma vida mais completa. </SIX-OF-PENTACLES-PRESENT>
<SEVEN-OF-PENTACLES-PRESENT>Aprenda a fazer escolhas que são mais importantes para a sua própria vida. Você tem uma tendência a tentar agradar a outras pessoas, mas você é a pessoa mais importante em sua vida. Se você escolher com base em seus próprios desejos, você vai sair por cima. Não há problema em ouvir as opiniões dos outros, mas não deixe que eles influencie-o. </SEVEN-OF-PENTACLES-PRESENT>
<EIGHT-OF-PENTACLES-PRESENT>É necessário compreender o conceito de esforço. Para conseguir o que você quer, você tem que entender não só que você precisa colocar esforço, mas que você precisa escolher onde concentrar seus esforços. Entenda que ficar ocupado por si só é contraprodutivo e não vai levá-lo a seus objetivos. </EIGHT-OF-PENTACLES-PRESENT>
<NINE-OF-PENTACLES-PRESENT>Torne-se um otimista. Você vai ter tudo o que você tem em sua mente, e se for em pensamentos negativos, você vai fazer as coisas negativas virem em sua direção. Em vez disso, se você aprender a pensar positivamente, você vai atrair coisas positivas em sua vida. Certifique-se de repassar esses pensamentos positivos. Você deve dar o máximo que conseguir. </NINE-OF-PENTACLES-PRESENT>
<TEN-OF-PENTACLES-PRESENT>Aprenda a ser grato pelo que você tem e transmita isso. Você terá o melhor quando você aprender a ser generoso de coração. É incrível como a vida parece ser muito melhor quando você pensa positivo. E o pensamento positivo traz uma ação positiva e resultados positivos. Você recebe de volta o que você dá. </TEN-OF-PENTACLES-PRESENT>
<PAGE-OF-PENTACLES-PRESENT>Aprenda a trabalhar com o tédio. Embora possa parecer fácil desistir quando o trabalho fica duro e monótono, você deve aprender a se dedicar para obter o que deseja. As coisas não são apenas dadas a você; você deve ganhá-las através do trabalho árduo. Lembre-se de que a vida não é sempre fascinante. Às vezes é suja. </PAGE-OF-PENTACLES-PRESENT>
<KNIGHT-OF-PENTACLES-PRESENT>Aprenda a cuidar das pequenas coisas. A vida não é sempre uma grande imagem. Este ano, você deve atender os detalhes da vida os quais você esquece quando está se esforçando para os próximos grandes eventos. Não tente nada de novo; mantenha a velha forma e tente não fazer coisas novas. Aprenda a se concentrar no que é mais importante. </KNIGHT-OF-PENTACLES-PRESENT>
<QUEEN-OF-PENTACLES-PRESENT>Você precisa gastar tempo este ano focando em sua vida familiar, tanto física como emocionalmente. Você tem dado toda a sua energia para o trabalho e outras atividades fora de sua casa, e você tem negligenciado o que você precisa fazer. Investir algum tempo e energia nos lugares e pessoas mais importantes para você será uma ótima saída. </QUEEN-OF-PENTACLES-PRESENT>
<KING-OF-PENTACLES-PRESENT>Aprenda a cuidar dos outros e do mundo ao seu redor. Você precisa sair de sua própria cabeça e se concentrar nas necessidades dos outros. Seja um mordomo para os desamparados e para o mundo como um todo. Seu foco precisa mudar para trazer maiores e melhores coisas para você e para o mundo ao seu redor. </KING-OF-PENTACLES-PRESENT>
<ACE-OF-CUPS-PRESENT>É hora de girar em torno de sua atitude. Você foi muito duro consigo mesmo e se sente para baixo sobre o mundo ao seu redor. No entanto, as coisas boas vêm para aqueles que olham para elas. Uma atitude positiva é o primeiro passo. Aceite o amor e louvor recebidos de outras pessoas. Eles valorizam e respeitam você e você precisa retornar seus bons desejos. </ACE-OF-CUPS-PRESENT>
<TWO-OF-CUPS-PRESENT>Olhe para o equilíbrio em seus relacionamentos amorosos. Você tem uma tendência a querer as coisas à sua própria maneira, e você precisa dar oportunidades iguais para o seu parceiro para alcançar o equilíbrio em sua vida. O mesmo vale para outras parcerias, como no trabalho ou com seus amigos. Aprenda a não ser a personalidade dominante e as coisas vão mais suaves. </TWO-OF-CUPS-PRESENT>
<THREE-OF-CUPS-PRESENT>Aprenda a celebrar as suas realizações. Você trabalha tão duro que você deixa de aproveitar quando atinge um objetivo. Você sempre vai para o próximo passo, mas isso afeta negativamente a sua saúde e seus relacionamentos. Pare e cheire as rosas. Aproveite o que você tem. Pare de pensar no próximo passo. </THREE-OF-CUPS-PRESENT>
<FOUR-OF-CUPS-PRESENT>Pare de flagelar-se em sua auto-piedade. Você nunca realiza qualquer coisa por se concentrar nas coisas ruins que aconteceram. Em vez disso você precisa transformar sua atitude ao seu redor. Seja grato pelo que você tem. Pense todos os dias sobre o que é que você tem que ser grato. Lembre-se, a vida é melhor para o lado positivo. </FOUR-OF-CUPS-PRESENT>
<FIVE-OF-CUPS-PRESENT>Desacelere. Aprenda a apreciar a sua solidão. Se você tomar tempo observando o mundo ao seu redor e sua própria vida interior, você vai ter uma visão sobre como superar suas dificuldades. Se você continuar a se cercar de pessoas e coisas, você nunca será capaz de avançar para a próxima fase. A meditação é útil para isso. </FIVE-OF-CUPS-PRESENT>
<SIX-OF-CUPS-PRESENT>Quit focusing on the past. Living in the good old days prevents you from being alive in the now. You have great years ahead if you focus on them. If you are bored with your life, try something new. Take up a creative art to express a new side of yourself. Soon you wont miss the good old days. </SIX-OF-CUPS-PRESENT>
<SEVEN-OF-CUPS-PRESENT>Aprenda a fazer uma escolha. Você sempre é pego em decisoões, mas agora é a hora de ser decisivo. Se você pode aprender esta habilidade, a vida continuará muito melhor para você. Esteja consciente do que você pode e não pode confiar. Não confie em todos; use suas novas habilidades de decisão para decidir em quem você pode e não pode colocar a sua fé. </SEVEN-OF-CUPS-PRESENT>
<EIGHT-OF-CUPS-PRESENT>Confie em seus instintos. Você tem feito coisas que não são certas para você e você pode sentir isso. Se você sente-se bem com isso em seu coração, é certo seguir adiante. Este ano é o tempo para fazer as alterações que foram evitadas. A lógica não irá atendê-lo este ano, assim tire isso de sua cabeça e seu coração. </EIGHT-OF-CUPS-PRESENT>
<NINE-OF-CUPS-PRESENT>Confie que coisas boas estão vindo em sua direção. O universo não vai deixar você cair, enquanto você continuar a focar no trabalho. Aceite estas grandes mudanças e compartilhe sua boa sorte com aqueles que você ama. Este ano, aceite que o universo o mantém, e passe a sorte para outros que você gosta. </NINE-OF-CUPS-PRESENT>
<TEN-OF-CUPS-PRESENT>Pare de se preocupar tanto. Você ganhou seu lugar no mundo, e você precisa aceitar que as pessoas gostam e respeitam-o. Gaste seu tempo em vez de focar sobre a sua vida espiritual abundante. Este ano é o tempo para se concentrar em suas necessidades internas e sua conexão com o mundo ao seu redor. Relaxe e desfrute da abundância. </TEN-OF-CUPS-PRESENT>
<PAGE-OF-CUPS-PRESENT>Relaxe. Agora não é o momento para o trabalho. Você é muito duro consigo mesmo. Passe algum tempo jogando e sonhando. Se divirta. Pare de se levar tão a sério. Diversão e prazer é uma parte essencial da sua vida. O trabalho duro é importante e tem o seu lugar, mas todo o trabalho e nenhuma diversão faz com que você fique muito aborrecido e estressado. </PAGE-OF-CUPS-PRESENT>
<KNIGHT-OF-CUPS-PRESENT>Aceite e aprecie a boa notícia que está vindo em sua direção. Você tende a olhar para as coisas através de uma lente escura, mas em vez de ser tão negativo, você precisa aprender a ser mais alegre e agradecido de coisas que surgem em seu caminho. Você merece algumas coisas boas em sua vida. Aceite esse fato. </KNIGHT-OF-CUPS-PRESENT>
<QUEEN-OF-CUPS-PRESENT>Aceite o amor, compaixão e preocupação que surgem em seu caminho. Saiba que outros cuidam de você profundamente, e você está aprendendo a retornar seu amor e afeto. Se você não foi muito uma pessoa amorosa antes, este ano é o momento de começar a incorporar esta parte da sua personalidade. Está la, é só você procurar. </QUEEN-OF-CUPS-PRESENT>
<KING-OF-CUPS-PRESENT>Aprenda a cultivar a si mesmo e o mundo ao seu redor. Você é muitas vezes demasiado duro consigo mesmo e com os outros e precisa aprender a recuar sua postura crítica. Em vez disso, foque no cuidado e compaixão que você sente em seu coração, mas têm medo de mostrar. Quando você mostrar seu amor, você receberá muito mais amor em troca. </KING-OF-CUPS-PRESENT>
<THE-FOOL-FUTURE>Você vai experimentar algo novo e interessante para o próximo ano. Você se sente como se estivesse correndo riscos e fazendo algo completamente diferente. Agora é a hora de dar o salto para as emocionantes experiências que tem deixado de lado. Não desista, agora é a hora de se tornar a pessoa que você sonhou. </THE-FOOL-FUTURE>
<THE-MAGICIAN-FUTURE>Você vai começar a fazer uso de seu poder este ano. Se você já se sentiu impotente antes, este ano você vai encontrar a força que você precisa para melhorar sua vida e fazer o que você sempre sonhou. Sua vida vai melhorar se você tiver a força para pedir o que você precisa e para perseguir seus sonhos. </THE-MAGICIAN-FUTURE>
<THE-HIGH-PRIESTESS-FUTURE>Você vai aprender a se concentrar na sua intuição e vida interior este ano. As coisas ficarão mais mágicas, e você precisa ir onde essas novas idéias vão levá-lo. Você vai encontrar maneiras de simplificar a sua vida e incidir sobre as coisas que são mais importantes. Sincronia vai levar você para o caminho certo. </THE-HIGH-PRIESTESS-FUTURE>
<THE-EMPRESS-FUTURE>Você acha que muitas pessoas são atraídas pela sua energia e querem estar perto de você. Use seu poder de inspirar as pessoas ao seu redor. Se você deixar a sua sabedoria guiá-lo, você vai ajudar outras pessoas a realizar os sonhos delas, e você vai conseguir o seu também. Siga sua felicidade neste ano e tudo vai ficar no lugar. </THE-EMPRESS-FUTURE>
<THE-EMPEROR-FUTURE>Sua mente e lógica vão governar este ano. Às vezes, as escolhas difíceis precisam ser feitas, e você vai tomar as decisões corretas, se você pensar através de suas decisões com cuidado. Você vai colocar suas emoções em segundo plano, e isso vai ajudar a limpar o caminho para um ano melhor vir. </THE-EMPEROR-FUTURE>
<THE-HIEROPHANT-FUTURE>Você tem se esforçado em fazer a coisa certa, mas este ano vai ficar claro o que isto é. Você vai encontrar suas respostas, concentrando-se mais em seu lado espiritual e aprendendo a ouvir o que ele tem a dizer. Você vai investir tempo na criação de rituais que servem para sua vida. Tradição vai se tornar mais importante para você. </THE-HIEROPHANT-FUTURE>
<THE-LOVERS-FUTURE>Uma parceria vai tornar-se muito importante para você neste ano. Pode não ser romântico, embora pudesse ser. Qualquer parceria, como uma amizade importante ou uma relação de negócios, vai governar a sua vida. Quando você tem que tomar uma decisão baseada tanto em sua cabeça ou o coração, o melhor é seguir seu coração este ano. </THE-LOVERS-FUTURE>
<THE-CHARIOT-FUTURE>Este ano será aquele em que você seguirá suas ambições. Você se sente determinada e conseguirá o que você quiser, e você colocará toda sua energia para fazê-los. Certifique-se de trabalhar em seu próprio trabalho e não se envolva no que as outras pessoas pensam ou sentem. Sua melhor aposta para o ano é seguir seu próprio caminho. </THE-CHARIOT-FUTURE>
<STRENGTH-FUTURE>Este ano, é hora de passar algum tempo sozinho, para encontrar-se, e decidir o que é melhor para você. Preocupações exteriores podem tentar distraí-lo. Não permita. Certifique-se de levantar-se para o que você precisa. Se você diz o que você quer, você pode se surpreender ao descobrir o que as pessoas estão dispostas a dar a você. </STRENGTH-FUTURE>
<THE-HERMIT-FUTURE>Você deve ter algum tempo sozinho todos os dias no próximo ano. Quando você passar o tempo com você mesmo, você vai aprender o que você quer e precisa, e você vai aprender o que é a coisa certa. Ao ter um tempo pessoal, você vai ser mais produtivo quando você entrar de volta no mundo. </THE-HERMIT-FUTURE>
<WHEEL-OF-FORTUNE-FUTURE>Este ano é o tempo para se concentrar no presente. Sua fortuna vai mudar. Elas podem parecer ruins um dia e boas no próximo. Mas você fará o melhor para enfrentar as tempestades, concentrando-se sobre o presente. Conte suas bênçãos e compreenda que você não pode controlar tudo o que acontece com você. </WHEEL-OF-FORTUNE-FUTURE>
<JUSTICE-FUTURE>Este será o ano em que você encontrará o equilíbrio em sua vida. Justiça é certificar-se de que tudo está em equilíbrio, de modo que você vai se concentrar em ter certeza que você não gastará muito tempo em uma área de sua vida excluindo as outras. Você vai prosperar quando você encontrar o equilíbrio ideal. </JUSTICE-FUTURE>
<THE-HANGED-MAN-FUTURE>Este ano é uma encruzilhada em sua vida. Você verá que você terá duas escolhas sobre onde você precisa ir. Você pode ter que fazer sacrifícios para tomar a decisão correta para sua vida. Mas às vezes sacrificar vai levar você para baixo do caminho para a abundância. Perda de curto prazo pode ajudar a trazer ganho a longo prazo. </THE-HANGED-MAN-FUTURE>
<DEATH-FUTURE>Mudança virá em sua direção neste ano. Você vai experimentar a morte de algo em sua vida. Você precisa seguir em frente e não se concentrar no que você perdeu. Algumas coisas estão fora de seu controle. Deixe de lado as coisas que estão machucando você, incluindo atitudes limitantes. </DEATH-FUTURE>
<TEMPERANCE-FUTURE>Este ano, você vai trabalhar em encontrar paciência e resistência. Não vá buzinando e não crie expectativas mais elevadas do que você pode encontrar. Você vai gastar tempo olhando para seus próprios problemas e trabalhar neles. Você vai passar o ano procurando equilibrar todas as coisas em sua vida. </TEMPERANCE-FUTURE>
<THE-DEVIL-FUTURE>Você vai lidar com as situações em sua vida em que você acredita que você não tem opções. Você vai descobrir o que são estas opções e fazer escolhas importantes em sua vida. Você não precisa mais se sentir preso. Cada pequeno passo este ano leva você para a próxima fase de sua vida. </THE-DEVIL-FUTURE>
<THE-TOWER-FUTURE>Este ano será um momento de turbulência. As coisas vão mudar, e elas estão além de seu controle. Tudo o que você pode fazer é manter a calma e resistir às marés. Não faça metas irrealistas. É melhor manter os pés firmemente no chão enquanto as mudanças acontecem ao seu redor. Você vai fazê-las para o outro lado. </THE-TOWER-FUTURE>
<THE-STAR-FUTURE>Você se sente inspirado. O próximo ano será preenchido com mudanças positivas e boas ações. A vida está indo bem e ela só vai ficar melhor. Se você estiver querendo fazer uma mudança, agora é um grande momento para fazê-la, como as estrelas estão a seu favor para conseguir o que quer que seja que você procura! Tome a iniciativa. </THE-STAR-FUTURE>
<THE-MOON-FUTURE>Este ano, você precisa se concentrar mais na sua intuição do que na sua lógica. Confie em seus instintos; eles vão levar você para onde você precisa ir. Basear-se em si mesmo é o melhor. Outras pessoas podem naão ter os melhores interesses no coração. As coisas podem demorar mais tempo a resolver, mas confia em que as coisas vão funcionar se você dar-lhes tempo. </THE-MOON-FUTURE>
<THE-SUN-FUTURE>As coisas estão indo muito bem para você neste ano, e elas vão continuar dando certo enquanto você manter o foco no que é mais importante para você. Novas e maiores coisas virão a você este ano. Melhores oportunidades estão vindo em sua direção. Vá para fora e conheça novas pessoas e explore novas atividades. </THE-SUN-FUTURE>
<JUDGEMENT-FUTURE>Este ano, o foco é aprender a ser menos crítico. Não tire conclusões precipitadas, como julgamentos rápidos tendem a ser errados. Em vez disso, tenha tempo para pensar sobre as coisas claramente antes de decidir sobre um caminho de ação. Colocar o esforço adequado para o seu trabalho vai levar à coisas boas este ano. O trabalho duro compensa. </JUDGEMENT-FUTURE>
<THE-WORLD-FUTURE>Você verá projetos de longo prazo através da sua conclusão este ano. É um momento para celebrar as suas realizações, como você tem trabalhado duro para elas e merece elogios. Você pode até se gabar um pouco se você não obter o reconhecimento suficiente para o que você faz. Você merece o melhor que a vida pode lhe dar. </THE-WORLD-FUTURE>
<ACE-OF-WANDS-FUTURE>Este ano é uma época de novos começos, especialmente nas áreas de criatividade. Você pode encontrar uma nova paixão para explorar ou um novo hobby ou trabalho que você sente a necessidade de prosseguir. Esteja aberto a novas idéias que entram em seus pensamentos, mesmo se parecer um pouco estranhas no início. Deixe suas paixões serem o seu guia. </ACE-OF-WANDS-FUTURE>
<TWO-OF-WANDS-FUTURE>Você precisa encontrar equilíbrio em sua vida este ano, especialmente em seus relacionamentos. Se você encontrar este equilíbrio, sua vida vai ser muito mais suave. Preste atenção ao que seu parceiro quer e trate o seu parceiro de igual para igual. Isso fará com que seu relacionamento seja muito mais agradável. Mantenha-se positivo para melhorar a chance de sucesso. </TWO-OF-WANDS-FUTURE>
<THREE-OF-WANDS-FUTURE>Este é um bom ano para você financeiramente. Sua situação está melhorando, e as pessoas estão dispostas a ajudá-lo a conseguir o que você quer e precisa. Eles apreciam seus esforços. Você vai usar este ano para continuar a empurrar qualquer dificuldade que você possa experimentar, porque você sabe que você vai sair vitorioso no final. </THREE-OF-WANDS-FUTURE>
<FOUR-OF-WANDS-FUTURE>Este ano é visto como uma fase de edificação. Gaste o seu tempo de trabalho para estabelecer as bases para todas as coisas que você deseja. As coisas estão indo bem, e você sabe que seu trabalho duro vai pagar tudo no final. Você pode querer que as coisas exijam um pouco menos de esforço, mas você não se ofende com o trabalho. Vale a pena. </FOUR-OF-WANDS-FUTURE>
<FIVE-OF-WANDS-FUTURE>Você se sente mais forte do que como nunca se viu antes. Mantenha sua cabeça erguida e faça o que você precisa fazer. Pode ser o momento para uma mudança este ano, especialmente em sua carreira, mas você está pronto e capaz de seguir adiante e ter sucesso. Continue a jogar limpo. Tentar encontrar atalhos sempre sairá pela culatra. </FIVE-OF-WANDS-FUTURE>
<SIX-OF-WANDS-FUTURE>Este será um grande ano para você! As coisas que você têm trabalhado estão se cumprindo. Você pode ter tempo para comemorar. Você merece desfrutar os frutos do seu trabalho, e quando você vê que seus planos estão chegando à conclusão, você deve apreciar os elogios antes de ir para a próxima aventura. </SIX-OF-WANDS-FUTURE>
<SEVEN-OF-WANDS-FUTURE>As mudanças estão chegando este ano, especialmente em sua vida pessoal e profissional. Se você já queria se aventurar em seu próprio país, agora é a hora. Iniciar um negócio ou uma nova carreira. Tudo está parecendo grande para o sucesso nestes novos empreendimentos. Deixe outras pessoas saberem exatamente o que você quer e eles vão apoiá-lo. </SEVEN-OF-WANDS-FUTURE>
<EIGHT-OF-WANDS-FUTURE>A vida vai mover-se lentamente para você este ano. Você pode ficar frustrado se você tentar empurrar as coisas para a frente. É hora de aprender que às vezes descansar e até mesmo estagnação servem a um propósito maior, se você permitir. Este ano não é o momento de fazer quaisquer compromissos reais. Paciência irá atendê-lo melhor no longo prazo. </EIGHT-OF-WANDS-FUTURE>
<NINE-OF-WANDS-FUTURE>Você precisa manter a cabeça fora das nuvens e os pés firmemente plantados no chão. Se você se preocupa demais, isso vai oprimi-lo. Este ano, aprenda a ficar calmo e deixar as coisas acontecerem. Se você pode manter a calma e deixar que as coisas se desenrolam naturalmente, você vai descobrir que as coisas não são tão ruins quanto você pensou que seriam. </NINE-OF-WANDS-FUTURE>
<TEN-OF-WANDS-FUTURE>Este é um ano de descanso. Você tem trabalhado muito duro. E apesar de ter sido bem sucedido, você sabe que você não pode continuar nesse ritmo. Você merece uma pausa. Sua vida não vai dar completamente um colapso se você der um passo para trás. Peça ajuda se você precisar dela; este é um sinal de força. </TEN-OF-WANDS-FUTURE>
<PAGE-OF-WANDS-FUTURE>É hora de novas coisas entrarem na sua vida. Isto poderia ser novas aventuras, novas formas de pensar, e até mesmo novas idéias ou relacionamentos. É tempo para explorar e desfrutar de coisas que você nunca pensou que você faria antes. Você deve certificar-se de exercer o "siga adiante" para ver melhores resultados em novos empreendimentos. </PAGE-OF-WANDS-FUTURE>
<KNIGHT-OF-WANDS-FUTURE>Seus projetos e seu trabalho estao ganhando a atenção daqueles em torno de você, e você merece os elogios que você buscou para todo seu trabalho duro este ano. Você sente a sua auto-confiança soar, o que lhe dá o impulso para ir atrás de novas e ainda melhores coisas. Aproveite o respeito do seu trabalho ganhe ideias. </KNIGHT-OF-WANDS-FUTURE>
<QUEEN-OF-WANDS-FUTURE>Você tem um monte de energia ígnea este ano, e você trabalha duro para conseguir o que você quer, especialmente em sua carreira. Você aprende a concentrar esta energia que você tem para seus objetivos. Você se sente bem sobre suas perspectivas em seu trabalho este ano, e você sabe que você vai conseguir o que você quer se você manter o bom trabalho. </QUEEN-OF-WANDS-FUTURE>
<KING-OF-WANDS-FUTURE>O pensamento positivo vai chegar longe este ano. Você se sente poderoso, ambicioso e pretende atingir todos os objetivos que você definiu para si mesmo. Com trabalho duro e dedicação, você vai alcançá-los. Concentre sua energia em uma direção positiva e sua vida vai decolar no próximo ano. </KING-OF-WANDS-FUTURE>
<ACE-OF-SWORDS-FUTURE>Este é um ano de novos começos. Embora este possa ser um momento de produção de ansiedade, você sabe que as mudanças são para melhor, mesmo que você tenha algo a perder ou ganhar algo melhor. Experimente algo diferente, mesmo que tenha medo. Seu medo vai levá-lo a fazer melhor do que você jamais fez antes. </ACE-OF-SWORDS-FUTURE>
<TWO-OF-SWORDS-FUTURE>Você precisa trabalhar em equilíbrio e dar e receber em suas parcerias deste ano. Você pode não ter sido tratado com igualdade no passado, em uma parceria, mesmo que seja em seu relacionamento ou no trabalho. Este ano, você precisa se levantar por si mesmo. Se você não fizer isso, as pessoas vão se aproveitar de você. </TWO-OF-SWORDS-FUTURE>
<THREE-OF-SWORDS-FUTURE>Você deve lidar com seus problemas emocionais deste ano. No passado, você tinha apenas ignorado ou suprimido as coisas que você sentiu, e agora que elas estaão voltando para assombrá-lo. A vida funciona melhor em equilíbrio, e você vai trabalhar sobre este equilíbrio emocional / lógico deste ano. Peça ajuda se você precisar dela. </THREE-OF-SWORDS-FUTURE>
<FOUR-OF-SWORDS-FUTURE>Você vai trabalhar em limites de bordas este ano. No passado, você permitiu que as pessoas se aproveitassem de você, e você não pode permitir mais isso. Aprenda a dizer não e permita que outras pessoas façam o mesmo. Você pode precisar de algum tempo sozinho este ano para decidir o que você realmente quer na vida. </FOUR-OF-SWORDS-FUTURE>
<FIVE-OF-SWORDS-FUTURE>Você está enfrentando competições este ano, e é melhor aprender a acreditar em si mesmo. Concentre-se em suas próprias realizações e saiba que você fez isso em momentos difíceis antes e você pode fazer novamente. Certifique-se de colocar a sua fé em si mesmo; aqueles ao seu redor podem não ser confiáveis. As coisas vão funcionar no final. </FIVE-OF-SWORDS-FUTURE>
<SIX-OF-SWORDS-FUTURE>A vida tem sido difícil para você, mas vai ser cada vez melhor este ano. Use esse tempo para manter a sua cabeça acima da água. Faça uma pausa, fique longe por um tempo e pense sobre o que é que você realmente deseja na vida. Este é um ano de contemplação e de decisão. </SIX-OF-SWORDS-FUTURE>
<SEVEN-OF-SWORDS-FUTURE>Mantenha-se a trabalhadar arduamente este ano. O trabalho duro é a única maneira de obter a recompensa que você está procurando. Pode ser difícil, mas não desista. Confie em você mesmo; outros podem não ter seus melhores interesses no coração. Se você está tendo problemas com as pessoas, certifique-se de conversar com elas com honestidade. A abordagem direta é o melhor. </SEVEN-OF-SWORDS-FUTURE>
<EIGHT-OF-SWORDS-FUTURE>Você tem que ignorar o fracasso este ano. A derrota é apenas um passo no caminho para a vitória final. Aprenda a aceitar que as coisas nem sempre saem da maneira que você quer. Às vezes, a única maneira de experimentar o bom é primeiro experimentar o ruim. Saiba que outras pessoas estão lá para ajudá-lo. </EIGHT-OF-SWORDS-FUTURE>
<NINE-OF-SWORDS-FUTURE>Este ano vai ser um momento de ansiedade. Você vai atravessá-la se você aprender a gerir seus medos. Olhe para o que está causando esses sentimentos e veja se você pode fazer algo sobre isso. Faça quaisquer mudanças que você precisar fazer. Para atravessar este momento de incerteza, tenha conforto nas pequenas coisas. Elas são as mais importantes. </NINE-OF-SWORDS-FUTURE>
<TEN-OF-SWORDS-FUTURE>Portas estão se fechando para você, tanto no trabalho como em seus relacionamentos. Você pode sentir como se estivesse perdendo alguma coisa, mas o universo não fecha uma porta sem abrir outra. Procure por coisas novas e maiores para aparecer no seu caminho. Quando você pode deixar algo antigo ir, o novo tem espaço para se enraizar. Mudar é bom. </TEN-OF-SWORDS-FUTURE>
<PAGE-OF-SWORDS-FUTURE>Dê um passo para trás este ano. Você tem trabalhado muito duro empurrando outras pessoas, e agora você precisa relaxar antes de perturbar aqueles ao seu redor. Tente se afastar do conflito. Isso não serve para você. Este ano, você precisa ouvir as mensagens provenientes do universo. </PAGE-OF-SWORDS-FUTURE>
<KNIGHT-OF-SWORDS-FUTURE>Grandes coisas vão acontecer com você este ano. É um tempo para viajar e explorar. Você está mais ativo e deseja conhecer novas pessoas emocionantes. Faça o que você quer; agora não é o momento de cautela. Aproveite este momento de estourar energia e usá-lo da melhor forma que puder. Você vai conseguir o que deseja. </KNIGHT-OF-SWORDS-FUTURE>
<QUEEN-OF-SWORDS-FUTURE>Siga seus instintos este ano. Você sabe o que quer, e agora é a hora de ir atrás disso. Tenha cuidado para não ser muito violento quando lidar com os outros, mas certifique-se de falar a sua mente e perseguir seus sonhos. Este ano será um momento para realmente conseguir o que você quer se você colocar esforço. </QUEEN-OF-SWORDS-FUTURE>
<KING-OF-SWORDS-FUTURE>Você está se sentindo forte e enérgico. Você deve ir atrás do que você quer este ano, é o momento certo para atingir seus objetivos. No entanto, você precisa aprender a considerar os pensamentos e sentimentos dos outros ou você pode alienar as pessoas que poderiam ajudar em sua busca. Consideração tem um longo caminho. </KING-OF-SWORDS-FUTURE>
<ACE-OF-PENTACLES-FUTURE>As coisas vão bem para você em todas as áreas de sua vida. É uma época de novos começos. Embora as coisas têm sido difíceis para você, ultimamente, agora é o momento para uma mudança em suas fortunas. Apreciá-lo. As pessoas estão dispostas a ajudá-lo e você pode desfrutar de presentes e ajuda de outras pessoas como nunca antes. Comece algo novo. </ACE-OF-PENTACLES-FUTURE>
<TWO-OF-PENTACLES-FUTURE>Você tinha muito em sua vida ultimamente, e você precisa dar um passo para atrás neste ano. Concentre-se em uma ou duas coisas importantes em sua vida. O resto você pode deixar ir pelo caminho. Dividir sua energia entre muitas coisas vai levar ao fracasso em todos elas. Tome o risco de obter exatamente o que você quer. </TWO-OF-PENTACLES-FUTURE>
<THREE-OF-PENTACLES-FUTURE>Sua vida profissional está tendo certa atenção este ano. Você é apreciado pelas pessoas ao seu redor, e sua carreira vai decolar este ano, se você colocar esforço. Não comece algo novo. Você já está no caminho certo então por que mudar uma coisa boa? Continue a se esforçar e você vai atingir seus objetivos. </THREE-OF-PENTACLES-FUTURE>
<FOUR-OF-PENTACLES-FUTURE>Você vai sentir medo este ano, especialmente sobre o seu trabalho e sua vida financeira. Devido a isso, você está tentando agarrar coisas que fazem você se sentir seguro. Você vai fazer mais progressos este ano, quando você perceber que o apego não trará segurança. É melhor deixar ir as coisas que não lhe servem mais. Confie em você mesmo. </FOUR-OF-PENTACLES-FUTURE>
<FIVE-OF-PENTACLES-FUTURE>Você precisa perceber este ano que você não está sozinho no mundo. Você se sente abandonado, mas você tem outras pessoas com você, pronto para ajudar, se você pedir. Você não é o único a ter um momento difícil este ano, e você vai passar por isso melhor se você repousar sobre as pessoas que te amam. </FIVE-OF-PENTACLES-FUTURE>
<SIX-OF-PENTACLES-FUTURE>A generosidade é a chave para o sucesso neste ano. Aceite o que as pessoas lhe dão graciosamente e esteja disposto a doar para ajudar os outros. Isto pode ser na forma de dinheiro, conselho, ou apenas apoio. As coisas vão melhor para você quando você aceitar o seu próprio coração generoso e a generosidade dos outros. </SIX-OF-PENTACLES-FUTURE>
<SEVEN-OF-PENTACLES-FUTURE>As coisas estão indo muito melhor para você este ano, especialmente na área de suas finanças. Você está se sentindo esperançoso sobre o futuro e você se sente mais seguro do que você já é. As coisas estão indo só da sua forma neste ano. Você está colhendo os frutos de todo seu trabalho duro. Apreciá-lo. </SEVEN-OF-PENTACLES-FUTURE>
<EIGHT-OF-PENTACLES-FUTURE>Você está ocupado este ano. Um monte de coisas estão acontecendo e você precisa trabalhar duro antes que você possa colher os frutos. Equilibre todas as áreas de sua vida e não ignore outras. Além disso, certifique-se de que o seu trabalho tem um propósito. Trabalho para sua própria causa é contraprodutivo. </EIGHT-OF-PENTACLES-FUTURE>
<NINE-OF-PENTACLES-FUTURE>Suas preocupações financeiras estão para trás de você. O caminho à frente é claro e feliz. Sucesso abunda neste ano e você pode estar orgulhoso de suas realizações. Você também está esperançoso de que coisas ainda maiores estão vindo em sua direção. Concentre-se em ambos, sua abundância financeira e espiritual, e equilibre os dois. </NINE-OF-PENTACLES-FUTURE>
<TEN-OF-PENTACLES-FUTURE>Você está feliz. Todas as áreas de sua vida estão indo muito bem, e você tem muito a agradecer. Todo seu trabalho duro parece valer a pena, mesmo parecendo que tudo que você tem, surgiu do nada. Aproveite os frutos do seu trabalho e certifique-se de espalhar a felicidade ao redor. </TEN-OF-PENTACLES-FUTURE>
<PAGE-OF-PENTACLES-FUTURE>Você terá que fazer um grande esforço este ano para conseguir o que você precisa. O trabalho duro é a única maneira de realizar seus objetivos. Você tem a força e acompanhamento para fazê-lo. Você vai colher os frutos de seus esforços. Você deve arar o campo. Se você tentar trapacear, você irá falhar. </PAGE-OF-PENTACLES-FUTURE>
<KNIGHT-OF-PENTACLES-FUTURE>Este ano é um tempo para se concentrar nas pequenas coisas da vida, aquelas coisas que podem parecer tão normais e mundanas, mas são realmente o que fazem a vida valer a pena. É hora de voltar ao básico. Se você cuidar das pequenas coisas este ano, as grandes coisas irão todas caírem lugar. </KNIGHT-OF-PENTACLES-FUTURE>
<QUEEN-OF-PENTACLES-FUTURE>O foco deste ano será a sua vida em casa. Você vai investir dinheiro para fazer seu espaço de vida feliz e confortável. Se você não está feliz em sua casa, você não será capaz de encontrar a felicidade em qualquer outro lugar. Se as pessoas vêm para você e pedem ajuda, você vai querer ajudá-los. Você se sente aterrado este ano. </QUEEN-OF-PENTACLES-FUTURE>
<KING-OF-PENTACLES-FUTURE>Agora não é o momento para ser um aventureiro. Você terá muito mais sucesso este ano, se você seguir as regras estabelecidas para fazer alguma coisa. Desviar do caminho vai levar à frustração e fracasso. Tome cuidado com as coisas que você acha mais importante na vida. Tradição é muito importante para você. </KING-OF-PENTACLES-FUTURE>
<ACE-OF-CUPS-FUTURE>As coisas estão indo a seu favor, especialmente na área do amor. As pessoas se preocupam com você profundamente e respondem a você com felicidade e boa vontade. Agora é a hora de sair e conhecer novas pessoas, fazer novos amigos, e até mesmo encontrar um novo companheiro, se você não tiver um. Se o fizer, reacenderá o seu amor. </ACE-OF-CUPS-FUTURE>
<TWO-OF-CUPS-FUTURE>Você experimenta sentimentos de alegria e conexão com seus entes queridos. Isto é especialmente verdadeiro para seu parceiro romântico, embora possa ser verdade para qualquer um que estiver por perto. Você se sente feliz e contente este ano, e você deve mostrar as outras pessoas em sua vida que você se importa profundamente com elas. </TWO-OF-CUPS-FUTURE>
<THREE-OF-CUPS-FUTURE>A vida, em geral, vai bem para você neste ano. Espere se reunir com alguém de seu passado que você cuidou profundamente ou alguém que você não tenha sido capaz de ver por um longo tempo. Você estará comemorando muitos momentos felizes este ano. Coisas boas virão para você no trabalho. </THREE-OF-CUPS-FUTURE>
<FOUR-OF-CUPS-FUTURE>Você precisa olhar para o lado brilhante da vida este ano. Se você mergulhar na auto-piedade, você nunca vai chegar a lugar nenhum. Concentra-se nas coisas positivas que estão indo para você. Mantenha o controle de todas as coisas que você é grato. Quando você colocar a sua energia em coisas positivas, coisas boas vão aparecer no seu caminho. </FOUR-OF-CUPS-FUTURE>
<FIVE-OF-CUPS-FUTURE>Decida onde você deve focar sua energia este ano. O que você quer pode ser lento na vinda, mas se você só se concentrar no que você não tem, você nunca vai ganhar o que você quer. Atenção é tudo. Continue trabalhando duro e olhando para o lado positivo. Eventualmente, você vai conseguir o que deseja. </FIVE-OF-CUPS-FUTURE>
<SIX-OF-CUPS-FUTURE>Esqueça o passado. Você nunca vai ter um bom futuro, se você pensar sobre o que costumava ser. Em vez disso, sua energia deve ser focada em seu lado criativo. Encontre um hobby que lhe permita expressar-se. Ao colocar a sua energia em novos projetos, coisas boas vão aparecer no seu caminho. Se você se concentrar no passado, ele irá assombrá-lo. </SIX-OF-CUPS-FUTURE>
<SEVEN-OF-CUPS-FUTURE>Você tem muitas coisas na sua vida. Este ano, você precisa reduzir o seu foco em apenas uma ou duas das coisas mais importantes, aquelas que se preocupa mais. Isso ajudará a mantê-lo longe de se sentir sobrecarregado. Se você concentrar sua energia, você vai ganhar o que você deseja. </SEVEN-OF-CUPS-FUTURE>
<EIGHT-OF-CUPS-FUTURE>Coisas boas estão vindo para você este ano, mas você pode precisar fazer alguns sacrifícios para que você possa vivë-las. Se há algo que você sentiu a necessidade de deixar, este ano é o tempo para fazer retomadas. Coisas maiores vão para aqueles dispostos a sair de situações que já não servem-los. </EIGHT-OF-CUPS-FUTURE>
<NINE-OF-CUPS-FUTURE>Coisas boas estão vindo em sua direção neste ano. O que você tem desejado se tornará realidade. O que você pediu? Isto será o que você irá receber. Aproveite a sua boa fortuna. Seus sonhos estão prestes a se tornar realidade. Desfrute os frutos do seu trabalho e os seus sonhos. Você merece ser feliz. </NINE-OF-CUPS-FUTURE>
<TEN-OF-CUPS-FUTURE>Você está finalmente amadurecendo, e, neste processo, você veio a perceber o quão boa as coisas são. Este ano as coisas vão bem. Você se sente especialmente feliz com a sua vida familiar. Você está cercada por pessoas amáveis. Você também se sente espiritualmente satisfeita. Você não tem que se preocupar; as coisas vão funcionar para o melhor. </TEN-OF-CUPS-FUTURE>
<PAGE-OF-CUPS-FUTURE>Este ano vai ser um momento de diversão e experimentação. Você tem se levado muito a sério. Agora é o tempo para explorar um outro lado de você. Encontre um hobby para expressar-se, viajar e conhecer novas pessoas emocionantes. Há esperança para uma vida melhor. Você trabalhou muito duro e agora é a hora de curtir. </PAGE-OF-CUPS-FUTURE>
<KNIGHT-OF-CUPS-FUTURE>Você tem um monte de energia e está pronto para enfrentar os desafios deste ano. Você está indo avançar em seus objetivos, e isso vai acontecer mais cedo do que o esperado. Tenha orgulho do que você tem alcançado. Seu trabalho duro finalmente está valendo a pena. Continue a trabalhar duro até o fim. </KNIGHT-OF-CUPS-FUTURE>
<QUEEN-OF-CUPS-FUTURE>Você foi muito duro consigo mesmo. É hora de se tratar com amor e compaixão. Você merece amar a si mesmo; você é uma boa pessoa. Além disso, quando você se trata com amor, você tende a tratar as pessoas em torno de você com mais amor como um resultado. Todo mundo merece compaixão; dê a eles. </QUEEN-OF-CUPS-FUTURE>
<KING-OF-CUPS-FUTURE>Você está apoiada pelo universo. Você sente profundo amor e compaixão por si mesmo e aqueles ao seu redor. Saiba que os outros se sentem da mesma forma com você. Você merece ser acarinhada, e você vai cuidar dos outros em troca. Um amor romântico vai entrar em sua vida este ano, ou vai se fortalecer.</KING-OF-CUPS-FUTURE>
</ROOT>
