﻿<?xml version="1.0" encoding="utf-8" ?>
<ROOT>
<ACE-OF-CUPS-ONE >
This card indicates that you will be taking some bold steps to enter a new venture without getting tensed or hassled about the risks involved and eventually this project will help you take care of your needs. This is a good time to take risks as you will gain financial benefits. 
</ACE-OF-CUPS-ONE >
<ACE-OF-CUPS-PAST >
You would have taken bold steps to enter a new venture without tensions or hassles about the risks. That project may have taken care of your needs. That was a good time to have taken risks as you may have gained financial benefits. 
</ACE-OF-CUPS-PAST >
<ACE-OF-CUPS-PRESENT >
You may be taking bold steps to enter a new venture without getting tensed hassles about risks involved. This project may help you take care of your needs. This is a good time to take risks as you can gain financial benefits. 
</ACE-OF-CUPS-PRESENT >
<ACE-OF-CUPS-FUTURE >
You are likely to take bold steps to enter a new future without getting tensed or hassled about risks that may be involved. That project will eventually take care of your needs. That may be a good time to take risks as you may gain financial benefits 
</ACE-OF-CUPS-FUTURE >
<TWO-OF-CUPS-ONE >
Any financial disputes or financial agreements will be agreed and settled and this will make you relieved. Your profits in business may increase or you may get a salary raise soon. 
</TWO-OF-CUPS-ONE >
<TWO-OF-CUPS-PAST >
You may have engaged yourself in work and that gained you benefits as you may have impressed your boss and people around. There may have been issues with business associates but things may have gotten better and problems would have come to an end. 
</TWO-OF-CUPS-PAST >
<TWO-OF-CUPS-PRESENT >
You may engage yourself in work and this will earn you benefits as you may impress your boss and people around. There may be issues with business associated but things will get better and problems will come to an end soon. 
</TWO-OF-CUPS-PRESENT >
<TWO-OF-CUPS-FUTURE >
You are likely to engage yourself in work and this may earn you benefits as you may impress your boss and people around. There are chances of issues with business associates to pop up but things will eventually get better and problems may come to an end.
</TWO-OF-CUPS-FUTURE >
<THREE-OF-CUPS-ONE >
This card indicates that you will have a stable source of income now and you will have a fair share of income and expenses. There will be good inflow of money through various small sources and you will feel content. 
</THREE-OF-CUPS-ONE >
<THREE-OF-CUPS-PAST >
You may have had a stable source of income and a fair share of income and expenses. There may have been good inflow of money through various small sources and you may have felt content. 
</THREE-OF-CUPS-PAST >
<THREE-OF-CUPS-PRESENT >
You may have a stable source of income and fair share of income and expenses. There may be good inflow of money through various small sources and you will feel content. 
</THREE-OF-CUPS-PRESENT >
<THREE-OF-CUPS-FUTURE >
You are likely to have a stable source of income and fair share of income and expenses. There are great chances for good inflow of money through various small sources and you may feel content. 
</THREE-OF-CUPS-FUTURE >
<FOUR-OF-CUPS-ONE >
This card shows that if there are any financial irregularities or any situation regarding finances then you will be in a position to deal with it tactfully. You will be very quick-witted and capable in getting the job done especially in collecting money or in settling any legal issues related to money. 
</FOUR-OF-CUPS-ONE >
<FOUR-OF-CUPS-PAST >
In the event of financial irregularities, you may have been able to deal with it tactfully. You may have been very quick witted and capable in collecting money or settling legal issues on money. 
</FOUR-OF-CUPS-PAST >
<FOUR-OF-CUPS-PRESENT >
If there are financial irregularities, you may be able to deal tactfully. You will be quick witted and capable in collecting money or settling legal issues on money. 
</FOUR-OF-CUPS-PRESENT >
<FOUR-OF-CUPS-FUTURE >
In the event of financial irregularities, you are likely to deal with it tactfully. You may be quick witted and capable in collecting money or settling legal issues on money. 
</FOUR-OF-CUPS-FUTURE >
<FIVE-OF-CUPS-ONE >
This card indicates that you will now have to pay attention on your finances and your monetary status will seem to be a little unstable now. You will have to take every step towards your expenses carefully and only a practical and firm approach will help you to get through this situation. 
</FIVE-OF-CUPS-ONE >
<FIVE-OF-CUPS-PAST >
You may have had to pay attention on your finances since monetary status may have been unstable. You had to take every step towards your expenses meticulously and a practical and firm approach helped you get through the situation. 
</FIVE-OF-CUPS-PAST >
<FIVE-OF-CUPS-PRESENT >
You may have to pay attention to your finances as your monetary status may be unstable. You have to take every step towards expenses carefully and a practical and firm approach will help you get through the situation. 
</FIVE-OF-CUPS-PRESENT >
<FIVE-OF-CUPS-FUTURE >
Your monetary status is likely to be unstable and you may have to pay careful attention to your finances. You may have to take careful steps towards expenses and a practice and firm approach may get you through this situation. 
</FIVE-OF-CUPS-FUTURE >
<SIX-OF-CUPS-ONE >
This card suggests that you will not have to worry much about your finances now. Your expenses and income will be in check and money will flow in from various directions. You will feel content from your earnings and there can be a sudden jackpot that you may hit which will leave you pleasantly shocked. 
</SIX-OF-CUPS-ONE >
<SIX-OF-CUPS-PAST >
You may not have worried about your finances. Your expenses and income may have been in check and money flown in from different sources. You may have felt content from your earnings and a sudden jackpot may have hit you and left you pleasantly shocked. 
</SIX-OF-CUPS-PAST >
<SIX-OF-CUPS-PRESENT >
You may not worry about your finances. Your expenses and income may be in check and money can flow in from various directions. You will feel content from your earnings and there may be a sudden jackpot that may hit you leaving your pleasantly shocked. 
</SIX-OF-CUPS-PRESENT >
<SIX-OF-CUPS-FUTURE >
You may not have the need to worry about your finances. Your expenses and income are likely to be in check and money may flow in from various directions. You may feel content from your earnings and there is a possibility of a sudden jackpot that may leave you pleasantly shocked. 
</SIX-OF-CUPS-FUTURE >
<SEVEN-OF-CUPS-ONE >
This card indicates that there will be some kind of a small crisis in relation with your spending but you will sort it out. There will not be much to worry as things will be rectified soon and there is also a possibility that you will make some small gains from various sources. 
</SEVEN-OF-CUPS-ONE >
<SEVEN-OF-CUPS-PAST >
There may have been a small crisis related to your spending but you may have sorted it out. There may not have been much to worry since things may be rectified and you may have also made small gains from different sources. 
</SEVEN-OF-CUPS-PAST >
<SEVEN-OF-CUPS-PRESENT >
There can be a small crisis related to your spending but you will sort it out. There may not be much to worry since things will rectify soon and you may also make some small gains from different sources. 
</SEVEN-OF-CUPS-PRESENT >
<SEVEN-OF-CUPS-FUTURE >
A small crisis related to your spending is likely to pop up but you may sort it out. There may not be much to worry since things may rectify soon and there is a possibility that you make small gains from various sources. 
</SEVEN-OF-CUPS-FUTURE >
<EIGHT-OF-CUPS-ONE >
This card shows that you will have to watch your expenses as you may across a situation where your expenses will just keep increasing even if you try to curb them. You will feel that your earnings are not enough to take care of your spending and this may also leave you a little disappointed and dissatisfied. 
</EIGHT-OF-CUPS-ONE >
<EIGHT-OF-CUPS-PAST >
You may have had to watch your expenses as they may have kept increasing even when you tried to curb them. You may have felt that your earnings were not adequate to cover your spending and that may have left you disappointed and dissatisfied. 
</EIGHT-OF-CUPS-PAST >
<EIGHT-OF-CUPS-PRESENT >
You may have to watch your expenses as they may be on the increasing trend even if you try to control them. You may feel that your earnings are not adequate to cover your spending and this may leave you disappointed and dissatisfied. 
</EIGHT-OF-CUPS-PRESENT >
<EIGHT-OF-CUPS-FUTURE >
Your expenses are likely to be on the increasing trend despite exercising control and hence you may have to watch them. You may feel that your earnings are not adequate to cover your spending and that may leave you disappointed and dissatisfied. 
</EIGHT-OF-CUPS-FUTURE >
<NINE-OF-CUPS-ONE >
This card indicates that you will have to face a little dissatisfaction in terms of monetary gains. you will get some money from one of your debtors in a while but there may be some arguments because of spilt relations over money. But you will settle the situation well and things will get resolved. 
</NINE-OF-CUPS-ONE >
<NINE-OF-CUPS-PAST >
You may have faced dissatisfaction on monetary gains. You may have received some money from one of your debtors but there may have been arguments due to split relations over money. But you may have settled the situation well and things may have resolved. 
</NINE-OF-CUPS-PAST >
<NINE-OF-CUPS-PRESENT >
You may face dissatisfaction on monetary gains. You may receive some money from one of your debtors soon but there can be arguments due to split relations over money. However, you will settle the situation and resolve things soon. 
</NINE-OF-CUPS-PRESENT >
<NINE-OF-CUPS-FUTURE >
You are likely to face dissatisfaction over monetary gains. You may receive money from one of your debtors but there is a possibility for arguments due to split relations over money. However, you may settle the situation and resolve things eventually. 
</NINE-OF-CUPS-FUTURE >
<TEN-OF-CUPS-ONE >
This card shows that you will want to let yourself loose and spend a little more than usual and will indulge in some pampering. You may also end up buying gifts for loved ones and the spending will not bother you much as your earnings will improve and allow you to indulge a little with your family and friends. 
</TEN-OF-CUPS-ONE >
<TEN-OF-CUPS-PAST >
You may have wanted to let yourself loose, spent little more than usual and indulged in pampering. You may have bought gifts for loved ones and the spending may not have bothered you as your earnings may have improved and allowed you to indulge with your family and friends. 
</TEN-OF-CUPS-PAST >
<TEN-OF-CUPS-PRESENT >
You may want to let yourself loose, spend a little more than usual and indulge in pampering. You may bring gifts for loved ones and the spending will not bother you since your earnings will improve and allow you to indulge with your family and friends. 
</TEN-OF-CUPS-PRESENT >
<TEN-OF-CUPS-FUTURE >
You are likely to let yourself loose, spend a little more than usual and indulge in pampering. You may bring gifts for loved ones and the spending may not bother you since your earnings may improve and allow you to indulge with your family and friends. 
</TEN-OF-CUPS-FUTURE >
<PAGE-OF-CUPS-ONE >
You will expect a promotion or some kind of an appraisal and this is likely to happen soon. There will also be more opportunities knocking at your door soon so there will not be much reason to worry. 
</PAGE-OF-CUPS-ONE >
<PAGE-OF-CUPS-PAST >
You may have expected a promotion or appraisal and that may have happened. There may have been opportunities and so you may not have had much reason to worry about. 
</PAGE-OF-CUPS-PAST >
<PAGE-OF-CUPS-PRESENT >
You can expect a promotion or appraisal and this may happen. There may be several opportunities and hence you do not have to worry much about anything. 
</PAGE-OF-CUPS-PRESENT >
<PAGE-OF-CUPS-FUTURE >
There are possibilities for you to receive a promotion or appraisal and that may happen. There may be various opportunities and so you may not have to worry about anything. 
</PAGE-OF-CUPS-FUTURE >
<KNIGHT-OF-CUPS-ONE >
This card shows that you have good luck in your stride when it comes to your financial condition. You will get pleasant surprises monetarily like a salary rise, increased profits or a huge amount of money from an unexpected source. If your money was stuck anywhere then it will come back to you. 
</KNIGHT-OF-CUPS-ONE >
<KNIGHT-OF-CUPS-PAST >
You had good luck by your stride when it came to your financial condition. You may have received pleasant surprises monetarily such as salary rise, increased profits or huge amount of money from an unexpected source. Any money that was stuck somewhere may have reached you. 
</KNIGHT-OF-CUPS-PAST >
<KNIGHT-OF-CUPS-PRESENT >
You have good luck by your stride when it comes to your financial condition. You may receive pleasant surprises monetarily such as salary rise, increased profits or huge amount of money from an unexpected source. Any money stuck somewhere may reach you soon. 
</KNIGHT-OF-CUPS-PRESENT >
<KNIGHT-OF-CUPS-FUTURE >
You are likely to have good luck by your stride when it comes to your financial condition. You may receive pleasant monetary surprises like salary rise, increased profits or huge amount of money from an unexpected source. Any money stuck anywhere is likely to reach you eventually. 
</KNIGHT-OF-CUPS-FUTURE >
<QUEEN-OF-CUPS-ONE >
This card indicates that you will not feel vulnerable financially at any point of time soon. There will be plenty of people ready to help you in case of financial crisis or if you are seeking some guidance for investments then you will get it from the right people. You will not have too many problems to receive commission or money from some other source. 
</QUEEN-OF-CUPS-ONE >
<QUEEN-OF-CUPS-PAST >
You may not have felt financially vulnerable. There may have been many people ready to help you in a financial crisis or when you sought investment guidance, you may have received it from the right people. You may not have had too many issues to receive money or commission from other sources. 
</QUEEN-OF-CUPS-PAST >
<QUEEN-OF-CUPS-PRESENT >
You may not feel financially vulnerable. There may be many people ready to help you in a financial crisis or when you seek investment guidance, you may receive it from the right people. You will not have many issues to receive commission or money from other sources. 
</QUEEN-OF-CUPS-PRESENT >
<QUEEN-OF-CUPS-FUTURE >
You are not likely to feel financially vulnerable. There may be many people ready to help you in a financial crisis or when you seek investment guidance, you are likely to receive it from the right people. You may not have many issues to receive commission or money from other sources. 
</QUEEN-OF-CUPS-FUTURE >
<KING-OF-CUPS-ONE >
This card indicates that you will have an incoming source of money from your work or a new venture. If you are making new dealings or signing new contracts then you need to be careful about the documentation and all terms and conditions as there may be some elements who may be keeping a watch on your moves. 
</KING-OF-CUPS-ONE >
<KING-OF-CUPS-PAST >
You may have had an incoming source of money from your work or new venture. If you made new dealings or signed new contracts, you had to be careful about documentation and terms and conditions since there could have been some elements who watched your moves. 
</KING-OF-CUPS-PAST >
<KING-OF-CUPS-PRESENT >
You may have an incoming source of money from your work or new venture. If you make new dealings or sign new contracts, you have to be careful about documentation and terms and conditions since there may be some elements who will watch your moves. 
</KING-OF-CUPS-PRESENT >
<KING-OF-CUPS-FUTURE >
You are likely to have an incoming source of money from your work or new venture. If you may get into new dealings or sign new contracts, you may have to be careful about documentation and terms and conditions since there is a possibility that some elements may be watching your moves. 
</KING-OF-CUPS-FUTURE >
<ACE-OF-PENTACLES-ONE >
This card indicates that you will pray for various sources of money and this time will favor you and you will receive new sources of income . You will be thinking about long term financial goals and there will be certain plans or ventures that may come your way. 
</ACE-OF-PENTACLES-ONE >
<ACE-OF-PENTACLES-PAST >
You may have prayed for different sources of money and that may have favored you where you received new sources of income. You may have thought about long term financial goals and certain ventures may have come your way. 
</ACE-OF-PENTACLES-PAST >
<ACE-OF-PENTACLES-PRESENT >
You may pray for different sources of money and this may favor you where you will receive new sources of income. You may think about long term financial goals and certain ventures may come your way. 
</ACE-OF-PENTACLES-PRESENT >
<ACE-OF-PENTACLES-FUTURE >
There is a possibility you will pray for different sources of money and that may favor you where you may receive new sources of income. You are likely to think about long term financial goals and certain ventures may come your way. 
</ACE-OF-PENTACLES-FUTURE >
<TWO-OF-PENTACLES-ONE >
This card shows that you will be in a process of financial planning in business and in personal life too and you will get the consent of the concerned people. If there are chances that you are planning a new investment then there will be lot of expenses involved. You will have to keep your spending in check. 
</TWO-OF-PENTACLES-ONE >
<TWO-OF-PENTACLES-PAST >
You may have been in the financial planning process in business and personal life and you may have received consent of the concerned people. If you had planned a new investment then there may have been lot of expenses involved. You had to keep your spending in check. 
</TWO-OF-PENTACLES-PAST >
<TWO-OF-PENTACLES-PRESENT >
You may be in the financial planning process in business and personal life and you may get consent of the concerned people. If you plan a new investment, then there may be lot of expenses involved. You have to keep your spending in check. 
</TWO-OF-PENTACLES-PRESENT >
<TWO-OF-PENTACLES-FUTURE >
You are likely to be in the financial planning process in business and personal life and you may have to get consent of the concerned people. If you are thinking of planning a new investment, then you may have to incur a lot of expenses. You may have to keep your spending in check. 
</TWO-OF-PENTACLES-FUTURE >
<THREE-OF-PENTACLES-ONE >
This card indicates money will come to you from unexpected sources and you will have the support of your family and colleagues. You will also try to find a source for added income and may open a pending project or activity in this quest or may start a new one. 
</THREE-OF-PENTACLES-ONE >
<THREE-OF-PENTACLES-PAST >
Money may have come to you from unexpected sources and you had the support of your family and colleagues. You tried to find a source for added income and opened a pending project or activity in that quest or begun a new one. 
</THREE-OF-PENTACLES-PAST >
<THREE-OF-PENTACLES-PRESENT >
Money may come to you from unexpected sources and you will have the support of your family and colleagues. You will try to find a source for added income and open a pending project in this quest or begin a new one. 
</THREE-OF-PENTACLES-PRESENT >
<THREE-OF-PENTACLES-FUTURE >
Money is likely to come to you from unexpected sources and you may have the support of your family and colleagues. You may try to find a source for added income and may open a pending project in that quest or begin a new one. 
</THREE-OF-PENTACLES-FUTURE >
<FOUR-OF-PENTACLES-ONE >
This card shows that there will be a lot of activity with regards to money transfers. You will have to go through lot of paperwork which may include some legal formalities to gain some monetary returns. You will find stability in finances and you will have enough to take care of your regular expenses. 
</FOUR-OF-PENTACLES-ONE >
<FOUR-OF-PENTACLES-PAST >
There may have been a lot of activity on money transfers. You may have had to go through paperwork which included legal formalities to gain monetary returns. You found stability in finances and you had enough to take care of your regular expenses. 
</FOUR-OF-PENTACLES-PAST >
<FOUR-OF-PENTACLES-PRESENT >
There may be a lot of activity on money transfers. You may have to go through paperwork that includes legal formalities to gain monetary returns. You may find stability in finances and have enough to cover your regular expenses. 
</FOUR-OF-PENTACLES-PRESENT >
<FOUR-OF-PENTACLES-FUTURE >
There is likely to be a lot of activity on money transfers. You may have to go through paperwork that may include legal formalities to gain monetary returns. You may find stability in finances and may have enough to cover regular expenses. 
</FOUR-OF-PENTACLES-FUTURE >
<FIVE-OF-PENTACLES-ONE >
This card indicates that you may be spending on self improvement and pampering. Your finances will be in place as you will be able to cover all your expenses and luck may also be on your side as you may progress despite too many problems and hurdles. 
</FIVE-OF-PENTACLES-ONE >
<FIVE-OF-PENTACLES-PAST >
You may have spent on self improvement and pampering. Your finances would have been in place as you covered all your expenses. Luck may have been on your side as you progressed despite problems and hurdles. 
</FIVE-OF-PENTACLES-PAST >
<FIVE-OF-PENTACLES-PRESENT >
You may spend on self improvement and pampering. Your finances may be in place as you cover all your expenses. Luck may be on your side as you progress despite problems and hurdles. 
</FIVE-OF-PENTACLES-PRESENT >
<FIVE-OF-PENTACLES-FUTURE >
You are likely to spend on self improvement and pampering. Your finances may be in place as you may cover all your expenses. Possibility of luck by your side may favor you as you progress despite problems and hurdles. 
</FIVE-OF-PENTACLES-FUTURE >
<SIX-OF-PENTACLES-ONE >
This card indicates that times will be a little rough on you as you may have problems. Your friends may take you for granted and not return your money or you may not get rents on time. This may lead to aggravation and some mental disturbance and there are also some conflicts indicated. It is suggested that you maintain your cool in such a situation. 
</SIX-OF-PENTACLES-ONE >
<SIX-OF-PENTACLES-PAST >
Times may have been rough on you as you may have had problems. Your friends may have taken you for granted and not returned your money. You may not have received rents on time. This may have led to aggravation and mental disturbance and there may have been conflicts. You had to maintain your cool in such situations. 
</SIX-OF-PENTACLES-PAST >
<SIX-OF-PENTACLES-PRESENT >
Times may be rough on you as you may have problems. Your friends may take you for granted and not return your money. You may not receive rent on time. This may lead to aggravation and mental disturbance and there may be conflicts. You have to maintain your cool in such situations. 
</SIX-OF-PENTACLES-PRESENT >
<SIX-OF-PENTACLES-FUTURE >
Times are likely to be rough on you as you may have problems. Your friends may possibly take you for granted and not return your money. You may not receive rent on time. There are possibilities that lead to aggravation and mental disturbance and there may be conflicts. You may have to maintain your cool in such situations. 
</SIX-OF-PENTACLES-FUTURE >
<SEVEN-OF-PENTACLES-ONE >
This card shows that things may seem very gloomy with regards to finances in the beginning and things may seem vague and unclear. But there will soon be some kind of financial gain through business or personal ventures with the help and guidance of someone close and this will give you a new hope. 
</SEVEN-OF-PENTACLES-ONE >
<SEVEN-OF-PENTACLES-PAST >
Things may have seemed gloomy with finances in the beginning. But slowly you may have received some financial gain through business or personal ventures with the guidance of someone close and this gave you new hope. 
</SEVEN-OF-PENTACLES-PAST >
<SEVEN-OF-PENTACLES-PRESENT >
Financial condition may seem gloomy to begin with. But there will be some financial gain slowly through business or personal ventures with the guidance of someone close. This will give you a new hope. 
</SEVEN-OF-PENTACLES-PRESENT >
<SEVEN-OF-PENTACLES-FUTURE >
Financial condition is likely to seem gloomy to start with. But there may be some financial gain slowly through business or personal ventures with the guidance of someone close. This is likely to give you a new hope. 
</SEVEN-OF-PENTACLES-FUTURE >
<EIGHT-OF-PENTACLES-ONE >
This card shows that you will be fortunate in monetary aspects for a while and there will be no tensions regarding money. There will be some monetary gains or you will finally buy the things you wanted. The key to a happy life is being content with what you get and this is going to be true for you for a while. 
</EIGHT-OF-PENTACLES-ONE >
<EIGHT-OF-PENTACLES-PAST >
You may have been fortunate monetarily for some time and there may have been no money tensions. There were monetary gains and you may have bought the things you wanted. The key to a happy life is being content with what you get and that was true to you for some time. 
</EIGHT-OF-PENTACLES-PAST >
<EIGHT-OF-PENTACLES-PRESENT >
You may be fortunate monetarily for some time and there may be no money tensions. There can be monetary gains and you may buy the things you want. The key to a happy life is being content and this will be true to you for some time. 
</EIGHT-OF-PENTACLES-PRESENT >
<EIGHT-OF-PENTACLES-FUTURE >
You are likely to be fortunate monetarily for some time and there may be no money tensions. There may be monetary gains and you may even buy things you may want. The key to a happy life is being content and that may be true to your for some time eventually. 
</EIGHT-OF-PENTACLES-FUTURE >
<NINE-OF-PENTACLES-ONE >
This card indicates that you will have a good amount of good luck with you now and things will seem to flow in the right direction even in monetary terms. If you were having any kind of financial troubles then they will get sorted and there will also be some good news arriving soon. 
</NINE-OF-PENTACLES-ONE >
<NINE-OF-PENTACLES-PAST >
You may have had good amount of good luck and things may have flown in the right direction even monetarily. If you had any financial troubles, they may have gotten sorted out and there may have been some good news. 
</NINE-OF-PENTACLES-PAST >
<NINE-OF-PENTACLES-PRESENT >
You may have good amount of good luck and things can flow in the right direction even monetarily. If you have any financial troubles, they will sort out soon and there may be good news reaching you. 
</NINE-OF-PENTACLES-PRESENT >
<NINE-OF-PENTACLES-FUTURE >
You are likely to have good amount of good luck and things may flow in the right direction even monetarily. If you may have financial troubles, they may sort out soon and there is a possibility of good news reaching you. 
</NINE-OF-PENTACLES-FUTURE >
<TEN-OF-PENTACLES-ONE >
This card shows that there will be a fair balance between your earnings and spending and you will have to sort various household bills which will take up most of your money. If there was some purchase that you were waiting to carry out or some important decision regarding money then it will be taken. 
</TEN-OF-PENTACLES-ONE >
<TEN-OF-PENTACLES-PAST >
There may have been a fair balance between your earnings and spending and you may have sorted various household bills that took up most of your money. Some purchase you wanted to complete or some pending money decision may have been finally accomplished.
</TEN-OF-PENTACLES-PAST >
<TEN-OF-PENTACLES-PRESENT >
There may be a fair balance between your earnings and spending and you may sort different household bills that take up most of your money. You will soon accomplish some long pending purchase or decisions over money. 
</TEN-OF-PENTACLES-PRESENT >
<TEN-OF-PENTACLES-FUTURE >
There is likely to be a fair balance between your earnings and spending. You may sort different household bills that may take up most of your money. You may eventually accomplish some long pending purchase or decisions over money. 
</TEN-OF-PENTACLES-FUTURE >
<PAGE-OF-PENTACLES-ONE >
This card indicates that your finances will be well balanced now but there will be times when you may feel insufficient. This may aggravate you and lead to strong reactions. You will need to calm down a little as this card suggests that good times are right ahead. 
</PAGE-OF-PENTACLES-ONE >
<PAGE-OF-PENTACLES-PAST >
Your finances were well balanced but there may have been times you felt insufficient. That may have aggravated you and led to strong reactions. You needed to calm down a little since good times were expected to come. 
</PAGE-OF-PENTACLES-PAST >
<PAGE-OF-PENTACLES-PRESENT >
Your finances are well balanced but there may be a time you find them insufficient. This may aggravate you and lead to strong reactions. You need to calm down a little since good times were expected to come. 
</PAGE-OF-PENTACLES-PRESENT >
<PAGE-OF-PENTACLES-FUTURE >
Your finances are likely to be well balanced but there may be times you find them insufficient. That may aggravate you and eventually lead to strong reactions. You may need to calm down a little since good times are likely to come. 
</PAGE-OF-PENTACLES-FUTURE >
<KNIGHT-OF-PENTACLES-ONE >
This card suggests that there will not be many problems with your financial condition. Although there may be some parties who will not be willing to return the money and this may be an issue of concern. You may not be self assured now but there will soon be some good fortune coming your way. 
</KNIGHT-OF-PENTACLES-ONE >
<KNIGHT-OF-PENTACLES-PAST >
There may not have been many problems with your financial condition. But there were some parties who were not willing to return the money and caused concern. You may not have been self assured but good fortune was expected to come. 
</KNIGHT-OF-PENTACLES-PAST >
<KNIGHT-OF-PENTACLES-PRESENT >
There may not be too many problems with your financial condition despite certain parties defaulting to pay money and causing concern. You may not be self assured but good fortune is expected to come. 
</KNIGHT-OF-PENTACLES-PRESENT >
<KNIGHT-OF-PENTACLES-FUTURE >
There may not be too many problems with your financial condition even though some parties may default to return money and cause concern. You may not be self assured and good fortune is likely to come. 
</KNIGHT-OF-PENTACLES-FUTURE >
<QUEEN-OF-PENTACLES-ONE >
This card shows that if your money was held up by someone or lost somewhere then it is most likely that it will get cleared and things will be resolved. You will get your money back and you can also expect some small monetary gains or increase in income.
</QUEEN-OF-PENTACLES-ONE >
<QUEEN-OF-PENTACLES-PAST >
Your money that may have been held up or lost may be resolved or cleared. You may have received your money back and expected some monetary gains or increase in income. 
</QUEEN-OF-PENTACLES-PAST >
<QUEEN-OF-PENTACLES-PRESENT >
Your money that is held up or lost may be resolved or cleared. You will receive your money and can also expect some monetary gains or increase in income. 
</QUEEN-OF-PENTACLES-PRESENT >
<QUEEN-OF-PENTACLES-FUTURE >
Your money that has been held up or lost is likely to be cleared or resolved. You may receive your money and may also expect some monetary gains or increase in income. 
</QUEEN-OF-PENTACLES-FUTURE >
<KING-OF-PENTACLES-ONE >
This card indicates that there will be hardly any problems relating to your finances. There will be several profitable opportunities coming your way but you will have to identify them with care. It is suggested that you carry out your dealings in your house or a place within the vicinity as this may prove to be lucky for you. 
</KING-OF-PENTACLES-ONE >
<KING-OF-PENTACLES-PAST >
There may have been hardly any problems regarding your finances. And there may have been different profitable opportunities that came your way but you had to determine them with care. You should have executed your dealings in your house or a place in close proximity as this could have proved lucky for you. 
</KING-OF-PENTACLES-PAST >
<KING-OF-PENTACLES-PRESENT >
There may be hardly any problems relating to your finances. And there may be different profitable opportunities that will come your way but you have to identify them with care. You must execute dealings in your house or a place in close proximity as this may prove lucky for you. 
</KING-OF-PENTACLES-PRESENT >
<KING-OF-PENTACLES-FUTURE >
There may be hardly any financial problems. And there may be possibilities for different profitable opportunities to come your way but you may have to determine them with care. You may have to execute dealings in your house or a place in close proximity as this may prove lucky for you. 
</KING-OF-PENTACLES-FUTURE >
<ACE-OF-SWORDS-ONE >
This card indicates that matters related to money or your finances will not turn out to be the way you expected. There could be some apprehension related to expenses especially the unexpected ones. Your income will be stable but you will have to strive hard to strike a balance between your inflow of money and your growing expenses. 
</ACE-OF-SWORDS-ONE >
<ACE-OF-SWORDS-PAST >
Money matters may not have turned out the way you expected. There could have been some apprehension related to unexpected expenses. Your income may have been stable but you may have had to struggle to strike a balance between money inflow and growing expenses. 
</ACE-OF-SWORDS-PAST >
<ACE-OF-SWORDS-PRESENT >
Money matters may not turn the way you expected. There can be some apprehension related to unexpected expenses. Your income may be stable but you may have to struggle to strike a balance between money inflow and growing expenses. 
</ACE-OF-SWORDS-PRESENT >
<ACE-OF-SWORDS-FUTURE >
Money matters are not likely to turn the way you expect. There may be some apprehension regarding unexpected expenses. You income is likely to be stable but you may still struggle to strike a balance between money inflow and growing expenses. 
</ACE-OF-SWORDS-FUTURE >
<TWO-OF-SWORDS-ONE >
This card shows that your finances will be in place and there will not be much to worry about. Although there may be an issue that may be of concern regarding a new venture or bondage and there will be a few things running across your mind and you will be skeptical of taking a firm decision. 
</TWO-OF-SWORDS-ONE >
<TWO-OF-SWORDS-PAST >
Your finances may have been in place and there may not have been much to worry about. You may have had an issue of concern related to new venture or bondage. Few things were running in your mind and you were skeptical to take a firm decision. 
</TWO-OF-SWORDS-PAST >
<TWO-OF-SWORDS-PRESENT >
Your finances may be in place and there may not be much to worry about. You may have an issue of concern regarding a new venture or bondage. Few things may be running in your mind and you will be skeptical to take a firm decision. 
</TWO-OF-SWORDS-PRESENT >
<TWO-OF-SWORDS-FUTURE >
Your finances are likely to be in place and you may not have much to worry about. You may have an issue of concern related to a new venture or bondage. There may be possibilities of things that may run in your mind and you may be skeptical to take a firm decision. 
</TWO-OF-SWORDS-FUTURE >
<THREE-OF-SWORDS-ONE >
This card indicates that this is going to be a good period with regards to your finances and there will be a constant flow of money. You may earn from the most unexpected sources or your old ventures will start generating profits. If some of your debtors were not willing to return your money then things will soon get sorted. 
</THREE-OF-SWORDS-ONE >
<THREE-OF-SWORDS-PAST >
It may have been a good period for your finances and there may have been a constant flow of money. You may have earned from the most unexpected sources or your old ventures would have started generating profits. Things would have sorted even if some of your debtors did not return your money. 
</THREE-OF-SWORDS-PAST >
<THREE-OF-SWORDS-PRESENT >
It is a good time for your finances and there will be constant flow of money. You may earn from the most unexpected sources or your old ventures may start generating profits. Things will sort out even if your debtors are not willing to return your money. 
</THREE-OF-SWORDS-PRESENT >
<THREE-OF-SWORDS-FUTURE >
It is likely to be a good time for your finances and there may be constant flow of money. You are likely to earn from the most unexpected sources or your old ventures may start generating profits. Things may sort out even when your debtors do not return your money. 
</THREE-OF-SWORDS-FUTURE >
<FOUR-OF-SWORDS-ONE >
This card shows that your inflow of money will be a little stagnant now. There may also be a situation where you may get into an argument over money with your business partner or a debtor or there may be some disappointment because of delay in payments. But this chaos will soon come to an end as your finances will become stable after a while. 
</FOUR-OF-SWORDS-ONE >
<FOUR-OF-SWORDS-PAST >
Your inflow of money may have become stagnant. There may have been a situation where you got into an argument over money with your business partner or a debtor or there may have been some disappointment due to delay in payments. But that chaos may have come to an end as your finances became stable a little later. 
</FOUR-OF-SWORDS-PAST >
<FOUR-OF-SWORDS-PRESENT >
Your inflow of money may become stagnant. There may be a situation where you get into an argument over money with your business partner or a debtor or there may be some disappointment due to delay in payments. But this chaos will come to an end as your finances will become stable soon. 
</FOUR-OF-SWORDS-PRESENT >
<FOUR-OF-SWORDS-FUTURE >
Your inflow of money is likely to become stagnant. There may arise a situation where you may get into an argument over money with your business partner or a debtor or there may be some disappointment due to delay in payments. But that chaos may come to an end as you finances may become stable eventually. 
</FOUR-OF-SWORDS-FUTURE >
<FIVE-OF-SWORDS-ONE >
This card indicates that you will be satisfied monetarily as your income and expenses will be in balance and you will also earn from various other sources. But despite this there will be a sense of consciousness about finances. It is recommended that you do not worry too much about your finances and let loose for a while. 
</FIVE-OF-SWORDS-ONE >
<FIVE-OF-SWORDS-PAST >
You were satisfied monetarily as your income and expenses may have been in balance and you may have earned from other sources. However, there may have been a sense of consciousness about finances despite that. It was wise not to have worried too much about finances. 
</FIVE-OF-SWORDS-PAST >
<FIVE-OF-SWORDS-PRESENT >
You may be satisfied monetarily as your income and expenses may come in balance and you may earn from other sources. However, there may be a sense of consciousness about finances despite this. Do not worry too much about your finances. 
</FIVE-OF-SWORDS-PRESENT >
<FIVE-OF-SWORDS-FUTURE >
You are likely to be satisfied monetarily as your income and expenses may be in balance and you may also earn from other sources. However, there may be a sense of consciousness about finances despite that. You may not have to worry about your finances. 
</FIVE-OF-SWORDS-FUTURE >
<SIX-OF-SWORDS-ONE >
This card shows that you may be having a tough time earning money and taking care of your expenses as it may seem that luck has turned its back on you with regards to money. But times will soon change and you will make quite a few bucks without doing much out of sheer luck and you will enjoy it. 
</SIX-OF-SWORDS-ONE >
<SIX-OF-SWORDS-PAST >
You may have had a tough time earning money and taking care of your expenses as luck may have turned its back on you with respect to money. But times may have changed and you may have made a few bucks without having done much and may have enjoyed it. 
</SIX-OF-SWORDS-PAST >
<SIX-OF-SWORDS-PRESENT >
You may be having a tough time earning money and handling expenses as luck may turn its back on you with respect to money. But times are changing slowly and you may make a few bucks without doing much and will even enjoy it. 
</SIX-OF-SWORDS-PRESENT >
<SIX-OF-SWORDS-FUTURE >
You are likely to go through a tough time earning money and handling expenses as luck may turn back on you with respect to money. But times will eventually change and you could end up making a few bucks without doing much and may even enjoy it. 
</SIX-OF-SWORDS-FUTURE >
<SEVEN-OF-SWORDS-ONE >
This card indicates that you will feel a little nervous or angry as you may have to take some undesired decisions but you can put your worries behind as it is most likely that you will sort things quickly. There may also be some kind of monetary gain coming your way or you may just win something soon. 
</SEVEN-OF-SWORDS-ONE >
<SEVEN-OF-SWORDS-PAST >
You may have felt a little nervous or angry as you may have taken undesired decisions but you could have put your worries behind since things may have sorted quickly. There may have been some monetary gain that came your way or you may have won 
</SEVEN-OF-SWORDS-PAST >
<SEVEN-OF-SWORDS-PRESENT >
You may feel a little nervous or angry as you may take some undesired decisions but you can put your worries behind since things will get to sort themselves soon. There may be some monetary gain that comes your way or you may win something soon. 
</SEVEN-OF-SWORDS-PRESENT >
<SEVEN-OF-SWORDS-FUTURE >
You are likely to feel nervous or angry since you may take undesired decisions but you may put your worries behind since things may sort themselves eventually. There are possibilities of monetary gain that may come your way or you may win something. 
</SEVEN-OF-SWORDS-FUTURE >
<EIGHT-OF-SWORDS-ONE>
This card shows that you will be feeling that your income has become stagnant and you are getting expected appraisals. You will try to find alternative routes to earn a little on money to take care of your needs. It is indicated that you will be successful in doing this and will finally find a way out of your compromises. 
</EIGHT-OF-SWORDS-ONE>
<EIGHT-OF-SWORDS-PAST >
You may have felt your income stagnated and your appraisals are as expected. You tried to find alternative routes to earn extra money to handle your needs. You may have slowly begun to be successful in doing this and may have found a way out of compromises. 
</EIGHT-OF-SWORDS-PAST >
<EIGHT-OF-SWORDS-PRESENT >
You may feel your income stagnating and your appraisals as expected. You may try to find alternative routes to earn extra money to handle your needs. You will be successful in doing this and will identify a way out of your compromises. 
</EIGHT-OF-SWORDS-PRESENT >
<EIGHT-OF-SWORDS-FUTURE >
You are likely to find your income stagnating and appraisals as expected. You may eventually try to find alternative routes to earn extra money and may even be successful in this endeavor. 
</EIGHT-OF-SWORDS-FUTURE >
<NINE-OF-SWORDS-ONE >
This card indicates that this is going to be one of the best times of your life in monetary terms. You will earn well from your regular work and you may also get a pay rise soon. There may be some new business deals struck which would be very profitable or you may find some parallel route to earn good money. 
</NINE-OF-SWORDS-ONE >
<NINE-OF-SWORDS-PAST >
It may have been the best time of your life in monetary terms. You may have earned well from regular work and you may have also got a pay rise. There may have been some business deals that turned profitable or you may have identified an alternative route to earn good money. 
</NINE-OF-SWORDS-PAST >
<NINE-OF-SWORDS-PRESENT >
It is going to be one of the best times of your life monetarily. You may earn well from regular work and you may even get a pay rise. There can be some business deals that will turn profitable or you may identify an alternative route to earn good money. 
</NINE-OF-SWORDS-PRESENT >
<NINE-OF-SWORDS-FUTURE >
It is likely to be one of the best times of your life monetarily. You may earn well from regular work and it is possible to even get a pay rise. There are chances for profitable business deals or you may end up identifying an alternate route to earn good money. 
</NINE-OF-SWORDS-FUTURE >
<TEN-OF-SWORDS-ONE >
This card shows that if there are any financial problems that you are dealing with now then they will soon be resolved. There are also chances that you may be in for a surprise when you get some kind of a monetary gain or special benefits at work from an old venture or an appraisal which will make you ecstatic with joy. 
</TEN-OF-SWORDS-ONE >
<TEN-OF-SWORDS-PAST >
Any financial problems you had to deal with may have resolved. You may have been in for a surprise when you got some kind of monetary gain or special benefits at work from an old venture or appraisal that made you ecstatic with joy. 
</TEN-OF-SWORDS-PAST >
<TEN-OF-SWORDS-PRESENT >
Any financial problem you are dealing with may resolve. You may be in for a surprise when you get some monetary gain or special benefits at work from an old venture or appraisal and this will make you ecstatic with joy. 
</TEN-OF-SWORDS-PRESENT >
<TEN-OF-SWORDS-FUTURE >
Any financial problem you may be dealing with is likely to resolve. There are chances of receiving a surprise as you may get some monetary gain or special benefits at work from an old venture or appraisal and that may make you ecstatic with joy. 
</TEN-OF-SWORDS-FUTURE >
<PAGE-OF-SWORDS-ONE>
This card indicates that there will be something relating to your finances that will be bothering you constantly. You will feel apprehensive about your financial condition and you will try to curb your expenses. But this may seem like a never ending problem as it will not get settled at the first meeting. 
</PAGE-OF-SWORDS-ONE>
<PAGE-OF-SWORDS-PAST >
There may have been something related to your finances that bothered you constantly. You felt apprehensive about your financial condition and tried to curb your expenses. But that seemed like a never ending problem since it may not have settled at the first meeting. 
</PAGE-OF-SWORDS-PAST >
<PAGE-OF-SWORDS-PRESENT >
There may be something related to finances that may bother you constantly. You may feel apprehensive about your financial condition and try to curb your expenses. But this may seem like a never ending problem as it will not settle at the first meeting. 
</PAGE-OF-SWORDS-PRESENT >
<PAGE-OF-SWORDS-FUTURE >
There are chances for financial concerns to bother you constantly. You are likely to feel apprehensive about your financial condition and may try to curb your expenses. But that may seem like a never ending problem as it may not settle at the first meeting. 
</PAGE-OF-SWORDS-FUTURE >
<KNIGHT-OF-SWORDS-ONE >
This card shows that one of your friends or close will offer you a new partnership deal or participate in a new venture. They will prove to be of great help as they would not ask for too much in return and you will feel gratified by their gesture. 
</KNIGHT-OF-SWORDS-ONE >
<KNIGHT-OF-SWORDS-PAST >
One of your friends may have offered you a new partnership deal or participated in a new venture. They may have proved to be of great help since they may not have asked for too much in return and you felt gratified by their gesture. 
</KNIGHT-OF-SWORDS-PAST >
<KNIGHT-OF-SWORDS-PRESENT >
One of your friends may offer you a new partnership or participate in a new venture. They can prove to be of great help since they may not ask for too much in return and you will feel gratified by their gesture. 
</KNIGHT-OF-SWORDS-PRESENT >
<KNIGHT-OF-SWORDS-FUTURE >
One of your friends is likely to offer you a new partnership or participate in a new venture. They may prove to be of great help since they are not likely to ask you for too much in return. You may feel gratified by their gesture. 
</KNIGHT-OF-SWORDS-FUTURE >
<QUEEN-OF-SWORDS-ONE >
This card indicates that you may get cheated by someone monetarily. There may be a person who may have borrowed some money from you and will not be willing to get back like delayed rents, bills or material. You may also be agitated by this and may end up having an argument or a confrontation. 
</QUEEN-OF-SWORDS-ONE >
<QUEEN-OF-SWORDS-PAST >
You may have got cheated by someone monetarily. There may have been a person who borrowed money from you but never returned it. You may be agitated by that and ended up having an argument or confrontation. 
</QUEEN-OF-SWORDS-PAST >
<QUEEN-OF-SWORDS-PRESENT >
You may be cheated by someone monetarily. There may be a person who will borrow money from you but will not return it. You may be agitated by this and end up having an argument or confrontation. 
</QUEEN-OF-SWORDS-PRESENT >
<QUEEN-OF-SWORDS-FUTURE >
You may be cheated by someone monetarily. There may be a person who will borrow money from you but will not return it. You may be agitated by this and end up having an argument or confrontation. 
</QUEEN-OF-SWORDS-FUTURE >
<KING-OF-SWORDS-ONE >
This card suggests that you need to relax and stop thinking too much about your finances. Your income will be stable but still there will be pressures prevailing in the family and around you because of some repulsive situations which you may not be able to avoid. 
</KING-OF-SWORDS-ONE >
<KING-OF-SWORDS-PAST >
You needed to relax and stop thinking too much about your finances. Your income may have been stable but there may have been pressures that prevailed in the family. That happened because of repulsive situations that you could not avoid. 
</KING-OF-SWORDS-PAST >
<KING-OF-SWORDS-PRESENT >
You need to relax and stop thinking too much about your finances. Your income may be stable but there may be pressures prevailing in your family due to repulsive situations that you cannot avoid. 
</KING-OF-SWORDS-PRESENT >
<KING-OF-SWORDS-FUTURE >
You are likely to relax and stop thinking too much about your finances. There are chances for a stable income but there may be pressures that may prevail in your family due to repulsive situations and you may not be able to avoid them. 
</KING-OF-SWORDS-FUTURE >
<ACE-OF-WANDS-ONE >
This card indicates that you are most likely to get some monetary gains. These gains will be because of something related to your skills. If you are planning to keep an exhibition of your work or have come up with a unique concept in your business then this is the right time to execute it. 
</ACE-OF-WANDS-ONE >
<ACE-OF-WANDS-PAST >
You may have received some monetary gains. Those gains came through because of your skills. If you had planned for an exhibition of your work or came up with a unique concept in your business, it may have been the right time to have executed it.
</ACE-OF-WANDS-PAST >
<ACE-OF-WANDS-PRESENT >
You may get some monetary gains. These gains may have come through because of your skills. If you are planning for your work exhibition or have come up with a unique business concept, it is the right time to execute it. 
</ACE-OF-WANDS-PRESENT >
<ACE-OF-WANDS-FUTURE >
You are likely to get some monetary gains. Those gains may come through because of your skills. It may be the right time to execute your plans for your work exhibition or unique business concept. 
</ACE-OF-WANDS-FUTURE >
<TWO-OF-WANDS-ONE >
This card shows that if you were having any financial disputes or were thinking upon some financial agreements then they will finally be agreed and settled and this will make you feel relieved. There are chances that your profits in your business would increase or you may get a raise in your salary soon. 
</TWO-OF-WANDS-ONE >
<TWO-OF-WANDS-PAST >
If you had any financial disputes or thought about financial agreements, they would have been agreed and settled and that may have relieved you. Your profits in business may have increased or you may have received a salary raise. 
</TWO-OF-WANDS-PAST >
<TWO-OF-WANDS-PRESENT >
Any financial disputes or financial agreements will be agreed and settled and this will make you relieved. Your profits in business may increase or you may get a salary raise soon. 
</TWO-OF-WANDS-PRESENT >
<TWO-OF-WANDS-FUTURE >
Financial disputes or agreements are likely to be agreed upon and settled and that may make you relieved. Increasing profits in your business or potential salary raise have high possibilities. 
</TWO-OF-WANDS-FUTURE >
<THREE-OF-WANDS-ONE >
This card suggests that stay in touch with your friends and colleagues as they will prove to be of great financial help now. Your business or work will begin to flourish bringing you more profits than expected. There will be a business deal cracked that will get you the added benefits that you were eagerly looking forward to. 
</THREE-OF-WANDS-ONE >
<THREE-OF-WANDS-PAST >
You stayed in touch with your friends and colleagues and that may have proved to be of great financial help. Your business or work may have begun to flourish and brought more profits than expected. There may have been a business deal that cracked and you may have received additional benefits you had been expecting. 
</THREE-OF-WANDS-PAST >
<THREE-OF-WANDS-PRESENT >
You should stay in touch with your friends and colleagues and this may prove to be of great financial help. Your business or work may begin to flourish and bring more profits than you expect. There may be a business deal that will crack and you will receive additional benefits you are expecting. 
</THREE-OF-WANDS-PRESENT >
<THREE-OF-WANDS-FUTURE >
You may have to stay in touch with your friends and colleagues and that may prove to be of great financial help eventually. Your business or work may begin to flourish and render more profits than you may be expecting. There are chances for a successful business deal and you may receive additional benefits you may have been expecting. 
</THREE-OF-WANDS-FUTURE >
<FOUR-OF-WANDS-ONE >
This card indicates that your finances will be stable now and you will receive money from quite a few sources. You will not have any problems in getting your financial dealings cleared as your work will be smooth now and you will do much better than you were doing earlier. 
</FOUR-OF-WANDS-ONE >
<FOUR-OF-WANDS-PAST >
Your finances may have been stable and you may have received money from other sources. You may not have had problems in getting your financial dealings cleared as your work may have been smooth and you would have done much better than you had earlier. 
</FOUR-OF-WANDS-PAST >
<FOUR-OF-WANDS-PRESENT >
Your finances may be stable now and you may receive money from other sources. You may not have problems in getting your financial dealings cleared as your work may be smooth and you will do much better than you did earlier. 
</FOUR-OF-WANDS-PRESENT >
<FOUR-OF-WANDS-FUTURE >
Your finances are likely to get stable and you may receive money from other sources. You may not have problems to get your financial dealings cleared as your work is likely to be smooth and there are chances that you will do much better than you may have done earlier. 
</FOUR-OF-WANDS-FUTURE >
<FIVE-OF-WANDS-ONE >
This card shows that you will have some luck with money now. If you are having any kind of financial disputes related to property or investments then it is most likely that you will have an upper hand. You will handle your finances well and this will help you save up enough for taking care of your familyâ€™s expectations. 
</FIVE-OF-WANDS-ONE >
<FIVE-OF-WANDS-PAST >
You may have had some luck with money. You may have had an upper hand on financial disputes regarding property or investments. You handled your finances well and that may have helped you save to take care of your family’s expectations. 
</FIVE-OF-WANDS-PAST >
<FIVE-OF-WANDS-PRESENT >
You will have some luck with money now. You may gain an upper hand on financial disputes, regarding property or investments, you may be having. You may handle your finances well and this will help you save enough for handling your family’s expectations. 
</FIVE-OF-WANDS-PRESENT >
<FIVE-OF-WANDS-FUTURE >
You are likely to have some luck with money. There are chances you gain an upper hand with financial disputes regarding property or investments. You may handle your finances well and that may help you save to handle your family’s expectations. 
</FIVE-OF-WANDS-FUTURE >
<SIX-OF-WANDS-ONE >
This card indicates that there will be certain issues prevailing related to your money being held up by someone or at someplace. This can make you feel immensely worried and there may be times when you may act stingy without realizing it. But this difficult time will pass soon and your funds will be sorted. 
</SIX-OF-WANDS-ONE >
<SIX-OF-WANDS-PAST >
There may have been certain money issues that made you immensely worried. There may have been times when you acted stingy without realizing it. That difficult time may have passed quickly and your funds may have been sorted. 
</SIX-OF-WANDS-PAST >
<SIX-OF-WANDS-PRESENT >
There can be money issues that make you immensely worried. There may be times when you will act stingy without realizing it. This difficult phase will pass soon and your funds may be sorted. 
</SIX-OF-WANDS-PRESENT >
<SIX-OF-WANDS-FUTURE >
There is likely to be money issues that may make you tremendously worried. There are chances you may act stingy without realizing it. That difficult phase may pass eventually and your funds may be sorted. 
</SIX-OF-WANDS-FUTURE >
<SEVEN-OF-WANDS-ONE >
This card suggests that if there were any difficulties or obstacles with regards to your money then they will soon get cleared. You will reap the benefits of your saving plans and smart monetary moves which will make you feel content and happy and this may also lead to a little indulgence, but you deserve it! 
</SEVEN-OF-WANDS-ONE >
<SEVEN-OF-WANDS-PAST >
Difficulties regarding money may have cleared. You may have reaped the benefits of your saving plans and smart monetary moves that made you content and happy. That may have led to your well deserved indulgence. 
</SEVEN-OF-WANDS-PAST >
<SEVEN-OF-WANDS-PRESENT >
Difficulties relating to money will soon clear. You may reap the benefits of your saving plans and smart monetary moves that will make you content and happy. This can lead to a well deserved indulgence. 
</SEVEN-OF-WANDS-PRESENT >
<SEVEN-OF-WANDS-FUTURE >
Difficulties relating to money will eventually clear. You are likely to reap the benefits of your saving plans and smart monetary moves that may make you content and happy. That may lead to a well deserved indulgence. 
</SEVEN-OF-WANDS-FUTURE >
<EIGHT-OF-WANDS-ONE >
This card indicates that things will change for the better very soon. Your financial condition will flourish more than you expected as you would crack new profitable deals in your company which will help you earn accolades too and there will be lot of meetings to attend and profit making opportunities in near future. 
</EIGHT-OF-WANDS-ONE >
<EIGHT-OF-WANDS-PAST >
Things may have changed for the better. Your financial condition may have flourished more than you expected as you cracked new profitable deals in your company that helped you earn accolades. There may have been many meetings to attend and profit making opportunities. 
</EIGHT-OF-WANDS-PAST >
<EIGHT-OF-WANDS-PRESENT >
Things will change for the better. Your financial condition may flourish more than you expect as you crack new profitable deals in your company that will help you earn accolades. There may be several meetings to attend and profit making opportunities. 
</EIGHT-OF-WANDS-PRESENT >
<EIGHT-OF-WANDS-FUTURE >
Things are likely to change for the better. Your financial condition may eventually flourish more than you expect as you may crack new profitable deals in your company and earn accolades. There are chances for several meetings to attend and profit making opportunities. 
</EIGHT-OF-WANDS-FUTURE >
<NINE-OF-WANDS-ONE>
This card shows that your financial condition will be almost balances now as you may make some profits and some losses in a short while. But there will be no cause of worry as you will earn in bits to stay content and take care of your daily expenses and you will be successful in finding more sources of income. 
</NINE-OF-WANDS-ONE>
<NINE-OF-WANDS-PAST >
Your financial condition may be balanced as you made some profits and some losses. But there was no cause of worry as you earned in bits to stay content and handle daily expenses. You may have been successful in finding more sources of income. 
</NINE-OF-WANDS-PAST >
<NINE-OF-WANDS-PRESENT >
Your financial condition may balance as you make some profits and some losses. But there will be no cause of worry since you will earn in bits to stay content and handle daily expenses. You may be successful in finding more source of income. 
</NINE-OF-WANDS-PRESENT >
<NINE-OF-WANDS-FUTURE >
Your financial condition will eventually balance as you may make some profits and some losses. But there may be no cause of worry since you may earn in bits to stay content and handle daily expenses. You are likely to be successful in finding more sources of income. 
</NINE-OF-WANDS-FUTURE >
<TEN-OF-WANDS-ONE >
This card indicates that you will be a little skeptical with your dealings in money now as there may be some tiffs with your client or boss which could lead to some trouble. You will want to look beyond these troublesome situations to get more sources of income but this will prove to be tougher than you thought. 
</TEN-OF-WANDS-ONE >
<TEN-OF-WANDS-PAST >
You may have been skeptical with your dealings in money as there may have been tiffs with your client or boss that led to some trouble. You wanted to look beyond those troublesome situations to get more sources of income but that may have proved tougher than expected. 
</TEN-OF-WANDS-PAST >
<TEN-OF-WANDS-PRESENT >
You may be skeptical with your dealings in money as there may be tiffs with your client or boss leading to trouble. You want to look beyond these troublesome situations to get more sources of income but this may prove tougher than you expect. 
</TEN-OF-WANDS-PRESENT >
<TEN-OF-WANDS-FUTURE >
You are likely to be skeptical with your dealings in money as there may be tiffs with your client or boss that may lead to trouble. You may want to look beyond these troublesome situations to get more sources of income but that may prove tougher than expected. 
</TEN-OF-WANDS-FUTURE >
<PAGE-OF-WANDS-ONE >
This card shows that you will see profits flowing in when certain parts of your work are concerned whereas some areas will still continue to remain weak. There may also be issues with dealings with banks or financial documentation. 
</PAGE-OF-WANDS-ONE >
<PAGE-OF-WANDS-PAST >
You may have seen profits flowing in with certain areas of your work and certain other areas may have continued to be weak. There may have been issues with bank dealings or financial documentation. 
</PAGE-OF-WANDS-PAST >
<PAGE-OF-WANDS-PRESENT >
You may see profits flowing in with certain areas of your work and certain other areas may be weak. There may be issues with bank dealings or financial documentation. 
</PAGE-OF-WANDS-PRESENT >
<PAGE-OF-WANDS-FUTURE >
You are likely to see profits flowing in with certain areas of your work and certain other areas may continue to be weak. There are chances for issues to arise with bank dealings or financial documentation. 
</PAGE-OF-WANDS-FUTURE >
<KNIGHT-OF-WANDS-ONE >
There will be inflow of money from some unexpected sources but this will not be a considerable amount. The task of collecting the money from your debtors will become a little taxing and you may not get what you really expected which may cause some arguments and disappointment. 
</KNIGHT-OF-WANDS-ONE >
<KNIGHT-OF-WANDS-PAST >
There may have been money inflow from unexpected sources but that may not have been a considerable amount. The task of collecting money from your debtors would have turned taxing and you may not have got what you really expected that caused some arguments and disappointment. 
</KNIGHT-OF-WANDS-PAST >
<KNIGHT-OF-WANDS-PRESENT >
There may be money inflow from unexpected sources but this may not be a considerable amount. The task of collecting money from your debtors will turn taxing and you may not get what you really expect and this may cause some arguments and disappointment. 
</KNIGHT-OF-WANDS-PRESENT >
<KNIGHT-OF-WANDS-FUTURE >
There is likely to be money inflow from unexpected sources but that may not be a considerable amount. The task of collecting money from your debtors may eventually turn taxing and you may not get what you really expect and that may cause some arguments and disappointment. 
</KNIGHT-OF-WANDS-FUTURE >
<QUEEN-OF-WANDS-ONE >
You may be in a mood to splurge and may indulge more than you were expecting and your credit card bill may come as a shock. This can make you upset for a while and you will be thinking about alternatives to this situation. But your decision will actually prove to be beneficial later in life. 
</QUEEN-OF-WANDS-ONE >
<QUEEN-OF-WANDS-PAST >
You may have been in a mood to splurge and indulge more than usual and your credit card bill may have come as a shock. This could have made you upset and you may have thought about alternatives to this situation. Your decision would have proven to be beneficial in life. 
</QUEEN-OF-WANDS-PAST >
<QUEEN-OF-WANDS-PRESENT >
You may be in a mood to splurge and indulge more than usual and your credit card bill may come as a shock. This can make you upset and you may think about alternatives to this situation. Your decision will prove beneficial in life. 
</QUEEN-OF-WANDS-PRESENT >
<QUEEN-OF-WANDS-FUTURE >
You are likely to be in a mood to splurge and indulge more than usual and your credit card bill may reach you as a shock. This may make you upset and you may consider alternatives to this situation. Your decision may eventually prove beneficial in life. 
</QUEEN-OF-WANDS-FUTURE >
<KING-OF-WANDS-ONE >
This card indicates that you will be making money from your usual work but will try to get the best deals from other sources. But the market place will become very demanding and if you have your own business then you will have to struggle a little to get new contacts and projects. For people who are employed, there may be some stiff competition that you may have to face soon. 
</KING-OF-WANDS-ONE >
<KING-OF-WANDS-PAST >
You may have made money from your usual work but you tried to get the best deals from other sources. The market place may have become demanding and if you had your own business, you may have had to struggle to get new contacts and projects. Employed people may have faced stiff competition. 
</KING-OF-WANDS-PAST >
<KING-OF-WANDS-PRESENT >
You may make money from your usual work but you will try to get the best deals from other sources. The market place will be very demanding and if you have your own business, you may struggle to get new contacts and projects. Employed people may face stiff competition. 
</KING-OF-WANDS-PRESENT >
<KING-OF-WANDS-FUTURE >
You are likely to make money from your usual work but may try to get the best deals from other sources. The market place may be very demanding and if you have your own business, you are likely to struggle to get new contacts and projects. Employed people may face stiff competition. 
</KING-OF-WANDS-FUTURE >
<THE-MAGICIAN-ONE >
This card indicates new beginnings in your life in terms of business and also monetary dealings. You can be rest assured that your monetary endeavors will be successful as the time ahead shows prosperity and success in terms of new business ventures and other dealings. 
</THE-MAGICIAN-ONE >
<THE-MAGICIAN-PAST >
New beginnings characterized your life in business and monetary dealings. Your monetary endeavors may have been successful since the time ahead showcased prosperity and success in new business ventures and other dealings. 
</THE-MAGICIAN-PAST >
<THE-MAGICIAN-PRESENT >
New beginnings will characterize your life in business and monetary dealings. Your monetary endeavors may be successful since the time ahead showcases prosperity and success in new business ventures and other dealings. 
</THE-MAGICIAN-PRESENT >
<THE-MAGICIAN-FUTURE >
New beginnings may characterize your life in business and monetary dealings. Your monetary endeavors are likely to be successful since the time ahead showcases prosperity and success in new business ventures and other dealings. 
</THE-MAGICIAN-FUTURE >
<THE-HIGH-PRIESTESS-ONE >
This card shows that you will have to keep things in check for a while. You will be expecting a parcel or a mail or an arrival of something related to your finances. This may take a little longer than what you expected but eventually you will reap the benefits of the long wait. 
</THE-HIGH-PRIESTESS-ONE >
<THE-HIGH-PRIESTESS-PAST >
You may have had to keep your things in check for a while. You may have received a parcel or mail or an arrival of something regarding your finances. That may have taken a little longer than what you expected but you may have eventually reaped the benefits of the long wait. 
</THE-HIGH-PRIESTESS-PAST >
<THE-HIGH-PRIESTESS-PRESENT >
You may keep your things in check for some time. You can expect a parcel or mail or an arrival of something related to your finances. This may take a little longer than what you expect but you will soon reap the benefits of the long wait. 
</THE-HIGH-PRIESTESS-PRESENT >
<THE-HIGH-PRIESTESS-FUTURE >
You may have to keep your things in check for some time. You are likely to expect a parcel or mail or an arrival of something related to your finances. That may take a little longer than what you may expect but you may eventually reap the benefits of the long wait. 
</THE-HIGH-PRIESTESS-FUTURE >
<THE-EMPRESS-ONE >
This card indicates that you will have to get a little more organized with your financial dealings and be careful of what information you share with your business partner or colleague. But you can release your tensions as a promised amount is in transition and will soon make its way to you. 
</THE-EMPRESS-ONE >
<THE-EMPRESS-PAST >
You had to get a little more organized with your financial dealings and more careful of what information you shared with your business partner or colleague. But you could release your tensions as a promised amount was in transition and was likely to reach you. 
</THE-EMPRESS-PAST >
<THE-EMPRESS-PRESENT >
You have to get a little more organized with your financial dealings and more careful of what information you share with your business partner or colleague. But you can release your tensions as a promised amount will be in transition and will reach you soon. 
</THE-EMPRESS-PRESENT >
<THE-EMPRESS-FUTURE >
You may have to get a little more organized with your financial dealings and more careful of what information you may have to share with your business partner or colleague. But you may have the chance of releasing your tensions as a promised amount may be in transition and may reach you eventually. 
</THE-EMPRESS-FUTURE >
<THE-EMPEROR-ONE >
This card shows that if your money or some monetary documents are stuck then they will soon get cleared. There will be a cause for celebration as you may get a climb in your pay or some kind of a monetary gain which will provoke you to indulge a little but you do not have to feel guilty. 
</THE-EMPEROR-ONE >
<THE-EMPEROR-PAST >
If your money or some monetary documents were stuck, they would have been cleared. There may have been a cause for celebration because of a pay hike or some kind of monetary gain that provoked you to indulge a little but you may not have felt guilty. 
</THE-EMPEROR-PAST >
<THE-EMPEROR-PRESENT >
If your money or monetary documents are stuck, they may be cleared. There may be a cause for celebration because of a pay hike or some kind of monetary gain that provokes you to indulge a little but you do not have to feel guilty. 
</THE-EMPEROR-PRESENT >
<THE-EMPEROR-FUTURE >
If your money or monetary documents may be stuck, they may get cleared eventually. There is likely to be a cause for celebration due to a pay hike or some kind of monetary gain that may provoke you to indulge a little but you may not have to feel guilty. 
</THE-EMPEROR-FUTURE >
<THE-HIEROPHANT-ONE >
This card suggests that you will have to balance your income and spending a little and will have to keep a watch on your expenses. You will have some problems in getting some money from your debtors. Although you will be worried, things will still run smooth financially. 
</THE-HIEROPHANT-ONE >
<THE-HIEROPHANT-PAST >
You may have balanced your income and spending a little and had to watch on your expenses. You would have faced some problems to get money from your debtors. Despite worries, things would have run smooth financially. 
</THE-HIEROPHANT-PAST >
<THE-HIEROPHANT-PRESENT >
You may balance your income and spending a little and will watch on your expenses. You may have some problems in getting money from your debtors. Although you will be worried, things may run smooth financially. 
</THE-HIEROPHANT-PRESENT >
<THE-HIEROPHANT-FUTURE >
You are likely to balance your income and spending a little and may watch on your expenses. You may have some problems in obtaining money from your debtors. Despite worries, there are very good chances that things may run smooth financially. 
</THE-HIEROPHANT-FUTURE >
<THE-LOVERS-ONE >
This card indicates that there will be a good flow of money as you may get promotions, added bonuses and other benefits. This will help you maintain financial stability and you will not really have to worry about shortcomings now. There will also be some splurging as you get a reason to celebrate soon. 
</THE-LOVERS-ONE >
<THE-LOVERS-PAST >
There may have been good flow of money since you may have got promotions, added bonuses and other benefits. That may have helped you maintain financial stability and you may not have worried about shortcomings. There may have been splurging as you got a reason to celebrate. 
</THE-LOVERS-PAST >
<THE-LOVERS-PRESENT >
There may be good flow of money since you may get promotions, added bonuses and other benefits. This may help you maintain financial stability and you may not have to worry about shortcomings now. There may be splurging as you get a reason to celebrate soon. 
</THE-LOVERS-PRESENT >
<THE-LOVERS-FUTURE >
There may be good flow of money since you are likely to get promotions, added bonuses and other benefits. That may help you maintain financial stability and you may not have to worry about shortcomings then. There are chances of splurging as you may get a reason to celebrate eventually. 
</THE-LOVERS-FUTURE >
<THE-CHARIOT-ONE >
You will get stressed as you money will get stuck with people and other transactions and it will be difficult to retrieve it. This could also lead to some legal issues which will be all the more frustrating. But things will finally ease as your hard work will fetch you money from other unexpected places. 
</THE-CHARIOT-ONE >
<THE-CHARIOT-PAST >
You may have been stressed as your money may have been stuck with people and other transactions and it may have been difficult to retrieve it. That may have led to some legal issues which could have gotten all the more frustrating. But things would have finally eased as your hard work may have fetched you money from unexpected places. 
</THE-CHARIOT-PAST >
<THE-CHARIOT-PRESENT >
You may be stressed as your money may get stuck with people and other transactions and it may be difficult to retrieve it. This could lead to some legal issues which can get all the more frustrating. But things will finally ease as your hard work may fetch you money from unexpected places. 
</THE-CHARIOT-PRESENT >
<THE-CHARIOT-FUTURE >
You are likely to be stressed as your money may get stuck with people and other transactions and it may be difficult to retrieve it. That may lead to legal issues that may get all the more frustrating. But chances are things may finally ease as your hard work may eventually fetch you money from unexpected places. 
</THE-CHARIOT-FUTURE >
<STRENGTH-ONE >
This card indicates that you will be thinking more practically now when it comes to monetary dealings. This is a good time to recover money from debtors which was to be paid earlier but got delayed for various reasons. You will organize all your financial documents which will help you immensely in a problem. 
</STRENGTH-ONE >
<STRENGTH-PAST >
You may have thought more practically when it came to monetary dealings. It may have been a good time to recover money from debtors that was delayed for various reasons. You may have organized all your financial documents that may have helped you tremendously in a problem. 
</STRENGTH-PAST >
<STRENGTH-PRESENT >
You may think more practically when it comes to monetary dealings. It is a good time to recover money from debtors that is delayed for various reasons. You may organize all your financial documents that may help you tremendously in a problem. 
</STRENGTH-PRESENT >
<STRENGTH-FUTURE >
You are likely to think more practically when it comes to monetary dealings. It is going to be a good time to recover money from debtors that may be delayed for various reasons. You may have chances of organizing all your financial documents that may help you tremendously in a problem. 
</STRENGTH-FUTURE >
<THE-HERMIT-ONE>
This card shows that you are in for some unexpected income or bonuses. This will leave you shocked and pleasantly very happy and this can also be a cause for some indulgence or some kind of celebration with friends and family. You may also plan a holiday with your loved ones as your money arrives from debtors. 
</THE-HERMIT-ONE>
<THE-HERMIT-PAST >
You may have received some unexpected income or bonuses that may have left you shocked and pleasantly very happy. It could have caused indulgence or some kind of celebration with friends and family. You may have planned a holiday with your loved ones as your money arrived from debtors. 
</THE-HERMIT-PAST >
<THE-HERMIT-PRESENT >
You may get some unexpected income or bonuses that will leave you shocked and pleasantly very happy. It may cause indulgence or some kind of celebration with friends and family. You will plan a holiday with your loved ones as your money may arrive from debtors. 
</THE-HERMIT-PRESENT >
<THE-HERMIT-FUTURE >
You are likely to get some unexpected income or bonuses that may eventually leave you shocked and pleasantly very happy. It may cause indulgence or some kind of celebration with friends and family. You are likely to plan a holiday with your loved ones as your money may arrive from debtors. 
</THE-HERMIT-FUTURE >
<WHEEL-OF-FORTUNE-ONE >
This card indicates that there will be a cause of worry as you will observe that your business is not making enough profits and there are some loopholes which you did not see earlier. Some guidance and help from a loved one will help you rise from your financial worries. 
</WHEEL-OF-FORTUNE-ONE >
<WHEEL-OF-FORTUNE-PAST >
There may have been a cause of worry since your business may not have made sufficient profits and there were some loopholes which were not noticed earlier. Some guidance and help from a loved one helped you rise from your financial worries. 
</WHEEL-OF-FORTUNE-PAST >
<WHEEL-OF-FORTUNE-PRESENT >
There may be a cause of worry since your business did not make sufficient profits and there may be some loopholes that did not get noticed. Some guidance and help from a loved one may help you rise from your financial worries. 
</WHEEL-OF-FORTUNE-PRESENT >
<WHEEL-OF-FORTUNE-FUTURE >
There is likely to be a cause of worry since your business may not make sufficient profits and there may be loopholes that may not have been noticed. Some guidance and help from a loved one may eventually help you rise from your financial worries. 
</WHEEL-OF-FORTUNE-FUTURE >
<JUSTICE-ONE >
This card shows that this is going to be a tough time for you financially. You will see that your business is not doing very well or your other sources of income are exhausting in one way or the other. There can be some hard times that you may have to face but be rest assured that times will soon change for better at least monetarily. 
</JUSTICE-ONE >
<JUSTICE-PAST >
It may have been a tough time for you financially. You may have seen that your business was not doing very well or other sources of income were exhausting in one way or the other. There may have been some hard times that you may have faced but times slowly changed for the better monetarily. 
</JUSTICE-PAST >
<JUSTICE-PRESENT >
It may be a tough time for you financially. You may see that your business is not doing very well or other sources of income are exhausting in one way or the other. There may be some hard times that you may face but times will slowly change for the better monetarily. 
</JUSTICE-PRESENT >
<JUSTICE-FUTURE >
It is likely to be a tough time for you financially. You may see that your business may not be doing very well or other sources of income may be exhausting in one way or the other. There are possibilities for hard times you may face to slowly change for the better monetarily. 
</JUSTICE-FUTURE >
<THE-HANGED-MAN-ONE >
This card indicates that you will have to face some financial downfalls although very minor ones as someone may have cheated you or misguided you for their own benefit. But you will soon realize this and take necessary actions in order to get what you deserve. 
</THE-HANGED-MAN-ONE >
<THE-HANGED-MAN-PAST >
You may have faced some financial downfalls although very minor ones as someone may have cheated you or misguided you for their benefit. But you may have realized that and taken necessary actions to get what you deserved. 
</THE-HANGED-MAN-PAST >
<THE-HANGED-MAN-PRESENT >
You may face some financial downfalls although very minor ones as someone may cheat you or misguide you for their benefit. But you may soon realize that and will take necessary actions to get what you deserve. 
</THE-HANGED-MAN-PRESENT >
<THE-HANGED-MAN-FUTURE >
You are likely to face some financial downfalls although very minor ones as someone may cheat or misguide you for their benefit. But you may eventually realize that and may take necessary actions to get what you may deserve. 
</THE-HANGED-MAN-FUTURE >
<DEATH-ONE >
This card shows that there will be some tension with regards to money now. It may have been possible that you may have suffered a terrible financial setback just recently or someone who was suppose to return you a huge amount of money has fled away. This situation will keep you on guard and on your toes. 
</DEATH-ONE >
<DEATH-PAST >
There may have been some tension with money. You may have suffered a terrible financial setback or someone who had to return your money may have fled away. That situation kept you on your guard and on your toes. 
</DEATH-PAST >
<DEATH-PRESENT >
There may be some tension in money matters now. You may suffer a terrible financial setback or someone who has to return your money may flee. This situation will keep you on your guard and on your toes. 
</DEATH-PRESENT >
<DEATH-FUTURE >
There may be some tension in money matters now. You may suffer a terrible financial setback or someone who has to return your money may flee. This situation will keep you on your guard and on your toes. 
</DEATH-FUTURE >
<TEMPERANCE-ONE >
This card indicates that your money will be on rotating basis now. It will be like a roller coaster ride where at one time you have the money while other times you wonâ€™t. This may get a little chaotic in the beginning but your business will fetch you enough profits for you to be content. 
</TEMPERANCE-ONE >
<TEMPERANCE-PAST >
Your money was on rotating basis. It may have been like a roller coaster ride where you had money at one time and none at other times. That may have gotten a little chaotic in the beginning but your business may have fetched you enough profits for you to be content. 
</TEMPERANCE-PAST >
<TEMPERANCE-PRESENT >
Your money may be on rotating basis. It may be like a roller coaster ride where you have money at one time and none at other times. This may get a little chaotic in the beginning but your business may fetch you sufficient profits for you to be content.
</TEMPERANCE-PRESENT >
<TEMPERANCE-FUTURE >
Your money is likely to be on rotating basis. It may be like a roller coaster ride where you may have money at one time and none at other times. That may get a little chaotic in the beginning but your business has chances of fetching you adequate profits for you to be content. 
</TEMPERANCE-FUTURE >
<THE-DEVIL-ONE >
This card shows that you will have to face lot of financial troubles now with regards to your money. This may happen because of some unfortunate decisions, a health problem in the family or other legal matters. This will go on for some time but things will improve soon. 
</THE-DEVIL-ONE >
<THE-DEVIL-PAST >
You may have faced financial troubles relating to your money. That may have happened due to some unfortunate decisions, a health problem in the family or legal matters and may have gone on for some time but things looked promising. 
</THE-DEVIL-PAST >
<THE-DEVIL-PRESENT >
You may face financial troubles relating to your money. This may happen because of some unfortunate decisions, a health problem in the family or legal matters and may go for some time but things look interesting. 
</THE-DEVIL-PRESENT >
<THE-DEVIL-FUTURE >
You are likely to face financial troubles regarding money. That may happen due to some unfortunate decisions, a health problem in the family or legal matters and may possibly go on for some time but things may look promising. 
</THE-DEVIL-FUTURE >
<THE-TOWER-ONE >
This card indicates that you may have to face a financial setback because of some unexpected expenses. You business may not be making the required profits and this will be of grave concern. There is also a possibility that you may lose out one of your major clients or the most profitable project. 
</THE-TOWER-ONE >
<THE-TOWER-PAST >
You may have faced a financial setback due to some unexpected expenses. Your business may not have made the required profits and that was a grave concern. You may have lost one of your major clients or the most profitable project. 
</THE-TOWER-PAST >
<THE-TOWER-PRESENT >
You may face a financial setback due to some unexpected expenses. Your business may not make the required profits and this will be a grave concern. You may lose one of your major clients or the most profitable project. 
</THE-TOWER-PRESENT >
<THE-TOWER-FUTURE >
You are likely to face a financial setback due to some unexpected expenses. Your business may not be in a position to make the required profits and that may be a grave concern. There are chances of losing one of your major clients or the most profitable project. 
</THE-TOWER-FUTURE >
<THE-STAR-ONE >
You will get new projects and business opportunities which will lead to good inflow of money. There is also a possibility that you may get some monetary gain as the future in terms of prosperity looks bright. It is suggested that you do not over indulge in celebrating as you may not realize when your spending have gone overboard. 
</THE-STAR-ONE >
<THE-STAR-PAST >
You may have got new projects and business opportunities that may have led to good inflow of money. You may have received monetary gain as your future seemed prosperous. You may not have overindulged in celebrating as you would not have realized if your spending went overboard. 
</THE-STAR-PAST >
<THE-STAR-PRESENT >
You may get new projects and business opportunities that may lead to good inflow of money. You may receive monetary gain as your future looks prosperous. You must not overindulge in celebrating as you may not realize if you go overboard. 
</THE-STAR-PRESENT >
<THE-STAR-FUTURE >
You are likely to get new projects and business opportunities that may lead to good inflow of money. You have great possibilities of receiving monetary gain as your future may be prosperous. You should abstain from overindulging in celebrating since you are not likely to realize if you may step overboard. 
</THE-STAR-FUTURE >
<THE-MOON-ONE>
This card indicates that you will be slightly unhappy with the way things are going when it comes to your finances. There may be someone who may return you the debt amount but may refuse to pay the interest. You may have been taken for granted but you will know how to get your way. 
</THE-MOON-ONE>
<THE-MOON-PAST >
You may have been unhappy with the way things went in regard to finances. There may have been someone who returned the debt amount but refused to pay the interest. You may have been taken for granted but you knew the way out. 
</THE-MOON-PAST >
<THE-MOON-PRESENT >
You may be unhappy with the way things are going with your finances. There may be someone who will return the debt amount but refuse to pay the interest. You may be taken for granted but you will know your way out. 
</THE-MOON-PRESENT >
<THE-MOON-FUTURE >
You are likely to be unhappy with the way things may be going with your finances. There are possibilities that someone may return the debt amount but refuse to pay the interest. You may eventually be taken for granted but you may know your way out. 
</THE-MOON-FUTURE >
<THE-SUN-ONE >
This card shows that any stagnant flow of money will be resolved and new opportunities will knock the door. If you were stuck with some issues with the bank or granting of a loan then it is likely to be cleared. New avenues of income may also open up and soon there will be good financial news coming via mail. 
</THE-SUN-ONE >
<THE-SUN-PAST >
Any stagnant flow of money may have been resolved and new opportunities may have knocked the door. If you were stuck with some issues with the bank or granting of a loan, it may stand cleared. New avenues of income may have opened up and there may have been good financial news that came through mail. 
</THE-SUN-PAST >
<THE-SUN-PRESENT >
Any stagnant flow of money may resolve and new opportunities may knock your doors. If you are stuck with issues relating to bank or granting of loan, it will clear soon. New avenues of income may open and good financial news can reach you through mail. 
</THE-SUN-PRESENT >
<THE-SUN-FUTURE >
Any stagnant flow of money may eventually resolve and new opportunities may knock your door. If you may be stuck with issues relating to bank or granting of loan, it is likely to be cleared. New avenues of income may open and good financial news may reach you through mail. 
</THE-SUN-FUTURE >
<JUDGEMENT-ONE >
This card indicates that this will be a good period for your finances. If there were any monetary verdicts being passed then it is very likely that they will be in your favor. There will be monetary gains in the form dividends and repaying of debts and your financial condition will soon improve. 
</JUDGEMENT-ONE >
<JUDGEMENT-PAST >
You may have experienced a good period for your finances. If there were monetary verdicts, it may have been passed in your favor. There may have been monetary gains in the form of dividends and repayment of debts and your financial condition may have improved. 
</JUDGEMENT-PAST >
<JUDGEMENT-PRESENT >
You may experience a good period for your finances. If there are monetary verdicts, it may be passed in your favor. There can be monetary gains in the form of dividends and repayment of debts and your financial condition will improve soon. 
</JUDGEMENT-PRESENT >
<JUDGEMENT-FUTURE >
You are likely to experience a good period with your finances. If there may be monetary verdicts, there may be chances they are passed in your favor. There may be monetary gains in the form of dividends and debt repayment and your financial condition may eventually improve. 
</JUDGEMENT-FUTURE >
<THE-WORLD-ONE >
This card suggests that you are going to receive money from the most unexpected sources. There may be a money order soon to knock your door or you may reap the benefits of your hard work in the form of a bonus. There will be money flowing in from various sources in small amounts. 
</THE-WORLD-ONE >
<THE-WORLD-PAST >
You may have received money from the most unexpected sources. There may have been a money order to knock your door or you may have reaped the benefits of your hard work in the form of a bonus. There was money flowing in from different sources in small amounts. 
</THE-WORLD-PAST >
<THE-WORLD-PRESENT >
You may receive money from the most unexpected sources. There may be a money order to knock your door or you may reap the benefits of your hard work in the form of a bonus. There will be money flowing in from different sources in small amounts. 
</THE-WORLD-PRESENT >
<THE-WORLD-FUTURE >
You are likely to receive money from the most unexpected sources. There are chances you receive a money order or reap the benefits of your hard work in the form of a bonus. There may be money flowing in from different sources in small amounts. 
</THE-WORLD-FUTURE >
<THE-FOOL-ONE >
This card indicates that if there was any money stuck at some place and it will soon be received. In this period you along with your family or close one will open a new business or decide to make a huge investment. This will be a crucial decision of your life so it is suggested that you weigh the pros and cons before taking a step ahead. 
</THE-FOOL-ONE >
<THE-FOOL-PAST >
If there was money stuck at some place, it may have been cleared quickly. You along with your family or close ones may have opened a new business or decided to make a huge investment. That may have been a crucial decision of your life so you had to weigh the pros and cons before proceeding 
</THE-FOOL-PAST >
<THE-FOOL-PRESENT >
If there is money stuck at some place, it may be cleared quickly. You along with your family or close ones may open a new business or decide to make a huge investment. This is a crucial decision of your life and you must weigh the pros and cons before proceeding. 
</THE-FOOL-PRESENT >
<THE-FOOL-FUTURE >
If money may be stuck at some place, it is likely to be cleared eventually. You along with your family or close ones may open a new business or decide to make a huge investment. That may be a crucial decision of your life and you may have to weigh the pros and cons before proceeding.
</THE-FOOL-FUTURE >
</ROOT>
