<?xml version="1.0" encoding="utf-8" ?>
<ROOT>
<ACE-OF-CUPS-ONE >Kad ini menunjukkan anda berasa berpuas hati dengan diri sendiri dan perasaan sayang, keseronokkan dan romantik mengawal minda anda. Kemungkinan besar anda akan berhubung dengan seseorang yang anda suka dan ini boleh berubah menjadi temu janji yang romantik. Jika anda berada dalam hubungan kemudian anda dan pasangan anda boleh fikirkan untuk mulakan hidup bersama. </ACE-OF-CUPS-ONE >
<TWO-OF-CUPS-ONE >Anda mahu melihat hidup romantik anda menyelesaikan isu-isu yang anda dan pasangan anda ada. Anda berasa resah dan tidak dapat memberi perhatian sepenuhnya kepada pasangan anda kerana sesuatu yang mengganggu anda dan mengelirukan anda. Anda perlu menjadi kuat dan mengambil beberapa keputusan yang konkrit mengenai perasaan anda. </TWO-OF-CUPS-ONE >
<THREE-OF-CUPS-ONE >Kad ini menunjukkan bahawa anda berasa sangat terdedah pada masa kini dan mahu dijaga. Anda juga akan cuba untuk meluahkan penjagaan dan belas kasihan terhadap pasangan dan orang tersayang anda. Sesuatu perkara akan menjadi lancar tidak lama lagi dan akhirnya, anda akan menemui perkara yang romantik berkembang dalam kehidupan anda. </THREE-OF-CUPS-ONE >
<FOUR-OF-CUPS-ONE >Kad ini menunjukkan bahawa anda mungkin mempunyai keinginan yang kuat untuk mendapatkan pasangan. Jika sudah berada dalam hubungan, anda akan berasa sangat hampir dengan pasangan anda dan ingin menyelesaikan sesuatu, jika ada. Buat masa ini mungkin sedikit penat untuk anda kerana anda cuba untuk menyelesaikan isu-isu dengan pasangan anda dan cuba untuk bersama-sama seperti sebuah pasangan yang bahagia. </FOUR-OF-CUPS-ONE >
<FIVE-OF-CUPS-ONE >Anda berasa lebih emosi sekarang dan anda mahu hubungan yang serius di mana terdapat persefahaman dan keselesaan dan ianya juga mungkin memudahkan anda. Anda kini sedar bahawa ia tiada kompromi untuk menjadi diri sendiri hanya untuk kepentingan mengekalkan hubungan kerana ia akhirnya akan musnah. </FIVE-OF-CUPS-ONE >
<SIX-OF-CUPS-ONE >Kad ini menunjukkan bahawa walaupun telah tertarik kepada hanya orang yang istimewa itu, anda mempunyai beberapa pengalaman indah yang akan membawa anda ke arah yang berbeza. Anda cuba lakukan perkara yang istimewa untuk pasangan anda tetapi diragui tidak berapa menentu masa depan anda sebagai pasangan. </SIX-OF-CUPS-ONE >
<SEVEN-OF-CUPS-ONE >Anda berasa tidak pasti tentang perasaan anda dan anda akan mencari jalan yang betul ke arah orang yang anda mahukan sebagai pasangan. Dengan beban kerja untuk dikendalikan dan pelbagai masalah lain, anda tidak akan dapat memberi cukup masa kepada pasangan anda. Satu pertemuan dengan seseorang akan berhasil jika anda bujang. </SEVEN-OF-CUPS-ONE >
<EIGHT-OF-CUPS-ONE >Kad ini menunjukkan bahawa hubungan anda mungkin menjadi kusam sekarang dan ini akan menghalang anda dan pasangan anda untuk mencipta sebuah ikatan. Perhubungan anda mungkin perlu melalui masa tekanan dan ketidakpastian dan ini akan menyebabkan kebimbangan dan pertukaran ayat pahit. Anda juga boleh mengambil keputusan menamatkan hubungan anda yang menjadi sangat trauma. </EIGHT-OF-CUPS-ONE >
<NINE-OF-CUPS-ONE >Anda kini mempunyai keinginan untuk perkara-perkara yang hebat mengenai hubungan dan ini juga mungkin dengan seseorang yang baru memasuki hidup anda. Anda mahukan sesuatu antara kedua-dua untuk menjadi lebih menarik tetapi dengan cara yang berbeza. Anda berfikir dua kali tentang pasangan anda dan walaupun anda bersedia untuk pergi ke hadapan, beberapa risiko yang terlibat akan membuat anda berhati-hati. </NINE-OF-CUPS-ONE >
<TEN-OF-CUPS-ONE >Kad ini menunjukkan bahawa anda kini mencari kandungan yang lebih banyak dan memenuhi hubungan dan anda mengharapkan sokongan penuh dari pasangan anda. Pertembungan emosi sesetengah pendapat akan mengambil tempat yang akan membuatkan anda berasa tertekan. Romantik menjadi sukar untuk seseorang yang baru ada dalam hidup anda. Perkahwinan juga ditunjukkan. </TEN-OF-CUPS-ONE >
<PAGE-OF-CUPS-ONE >Anda mahu sesuatu yang datang dalam suasana harmoni dan membina masa depan yang konkrit dengan kekasih anda. Anda menjadi tidak bermaya untuk membentuk masa depan dengan cara yang anda mahu lihat tetapi proses itu memakan masa lama. Anda akan merasakan keperluan seseorang berada di sisi anda dan membuat anda berasa disayangi dan dijaga kerana anda tidak mahu mengalami kesepian dalam hidup anda lagi. </PAGE-OF-CUPS-ONE >
<KNIGHT-OF-CUPS-ONE >Kad ini menunjukkan bahawa anda ingin ke beberapa tempat baru dengan pasangan anda yang akan mengujakan anda dan akan ada orang di sekeliling yang akan menggalakkan anda ke arah jalan cinta. Jika anda bujangl maka anda akan merasakan bahawa sudah tiba masanya anda mengambil inisiatif untuk membawa hubungan anda ke hadapan dan wujudkan soalan untuk pasangan anda selamanya. </KNIGHT-OF-CUPS-ONE >
<QUEEN-OF-CUPS-ONE >Anda kini lebih menonjol dalam pertemuan sosial dan terdapat kemungkinan tinggi bahawa anda akan bertemu dengan seseorang yang mana anda akan tertarik. Jika anda berusaha, pertemuan ini akan bertukar menjadi sesuatu yang romantik. Jika anda sudah berada dalam hubungan jangka panjang, anda hanya perlu mencadangkan perkahwinan untuk pasangan anda. </QUEEN-OF-CUPS-ONE >
<KING-OF-CUPS-ONE >Kad ini menunjukkan bahawa anda sedang mencari seseorang yang anda boleh berkongsi hidup anda dan meluangkan masa yang romantik. Anda hampir jumpa seseorang yang mungkin menjadi pasangan anda yang sesuai tetapi ianya tidak begitu begitu mudah. Anda mungkin perlu buat sesuatu untuk menarik perhatian orang itu dan jadikan ia sebagai sesuatu yang sangat istimewa. </KING-OF-CUPS-ONE >
<ACE-OF-PENTACLES-ONE >Inilah masa yang menunjukkan permulaan baru dalam hidup anda. Anda mungkin akan berasa lebih resah daripada sebelumnya kerana anda tidak akan mendapat belas-kasihan yang dijangka dan persefahaman daripada pasangan anda dan ini akan mengecewakan dengan dalam. </ACE-OF-PENTACLES-ONE >
<TWO-OF-PENTACLES-ONE >Mungkin terdapat beberapa masalah yang perlu dihadapi oleh anda dan pasangan anda bersama-sama dan ini boleh membuatkan anda berada di luar kawasan tetapi akhirnya pemahaman semulajadi anda bersama-sama dengan pertolongan daripada seseorang akan bantu anda menguruskannya. </TWO-OF-PENTACLES-ONE >
<THREE-OF-PENTACLES-ONE >Anda dan pasangan anda akan berasa hubungan semakin kuat dan mengambil beberapa langkah ke arah masa depan. Untuk bujang, inilah masanya untuk mencari seseorang yang sesuai untuk anda dan mungkin berada di tempat yang tidak dijangka. </THREE-OF-PENTACLES-ONE >
<FOUR-OF-PENTACLES-ONE >Anda hanya dapat mengekalkan hubungan anda jika anda berdua berusaha ke arah itu bersama-sama dengan sedikit kesabaran dan persefahaman. Jika ianya tidak berjaya maka anda akhirnya memutuskan untuk berpisah dengan pasangan anda dan akan cuba untuk pergi ke laluan baru dengan kemungkinan yang baru. </FOUR-OF-PENTACLES-ONE >
<FIVE-OF-PENTACLES-ONE >Kad ini menunjukkan bahawa anda kini ingin menjadi seseorang atau melakukan sesuatu yang anda sangat mahukan setelah sekian lama. Terdapat juga kemungkinan bahawa pasangan anda mungkin menipu anda atau sebaliknya. Ini juga bukan masa yang sangat baik untuk orang yang sudah berada dalam hubungan. </FIVE-OF-PENTACLES-ONE >
<SIX-OF-PENTACLES-ONE >Anda kini akan rindukan kekasih zaman kanak-kanak anda untuk kembali atau untuk berhubung dengan anda. Akan terdapat rasa kesepian kerana anda lihat pasangan anda pergi lebih jauh dari anda. Anda perlu memikirkan apa yang anda benar-benar mahu dalam kehidupan dan berapa banyak anda sanggup untuk berusaha. </SIX-OF-PENTACLES-ONE >
<SEVEN-OF-PENTACLES-ONE >Ini akan menjadi masa yang membimbangkan bagi anda dan pasangan anda kerana mungkin terdapat perbezaan besar mengenai pendapat dan ianya juga boleh membawa kepada penamat hubungan. Jika anda sudah berkahwin atau dalam hubungan jangka panjang, maka anda akan mempertimbangkan hubungan dan usaha anda dalam hubungan itu. </SEVEN-OF-PENTACLES-ONE >
<EIGHT-OF-PENTACLES-ONE >Anda seolah-olah berada dalam mood yang suka bermain dan akan menikmatinya lebih dari segalanya. Anda akan berada dalam mood yang spekulatif dan juga boleh berfikir tentang apa yang akan berlaku pada masa akan datang. Bahagian romantik anda tidak lama lagi akan mengambil alih. </EIGHT-OF-PENTACLES-ONE >
<NINE-OF-PENTACLES-ONE >Kad ini menunjukkan bahawa anda sedang mencari untuk perkara-perkara yang baru dan segar dalam hidup anda. Anda mahu lari dari perkara-perkara yang biasa ke tempat baru. Anda mungkin perlu meluangkan masa jauh dari pasangan anda untuk tempoh yang sementara dan anda akan mengambil keputusan yang akan menjadi pilihan yang tepat. </NINE-OF-PENTACLES-ONE >
<TEN-OF-PENTACLES-ONE >Cinta bukanlah sesuatu yang bermain di fikiran kerana anda sudah sibuk dengan banyak perkara lain yang berkaitan dengan kerja dan lain-lain isu kekeluargaan. Anda akan cuba untuk menaikkan mood anda dengan berjumpa dengan rakan-rakan atau saudara-mara tetapi tidak akan cuba untuk mengurangkan ruang di antara anda dan pasangan anda. </TEN-OF-PENTACLES-ONE >
<PAGE-OF-PENTACLES-ONE >Kad ini menunjukkan bahawa akan ada satu keadaan resah yang akan memaksa anda untuk berfikir tentang apa yang anda perlu lakukan dengan hubungan anda kerana anda tidak pasti tentang pasangan dan akhirnya anda akan mengambil keputusan yang akan membuatkan anda merasa tenang sama ada hubungan anda mempunyai masa depan atau tidak. </PAGE-OF-PENTACLES-ONE >
<KNIGHT-OF-PENTACLES-ONE >Anda kini sedang mencari untuk ketenangan dalam hubungan cinta anda dan mahu hidup dan bergembira bersama pasangan anda. Anda akan teragak-agak untuk mengatakan sesuatu kepada pasangan anda atau mengumumkan berita yang anda rasa boleh merosakkan hubungan yang sedang berjalan lancar tetapi anda perlu berani. </KNIGHT-OF-PENTACLES-ONE >
<QUEEN-OF-PENTACLES-ONE >Kad ini menunjukkan bahawa anda sangat tertarik kepada seseorang dan orang itu juga minat dengan anda. Anda tidak sabar-sabar untuk mengadakan hubungan dengan orang ini dan inginkan hubungan menjadi menarik dan penuh dengan kegembiraan. </QUEEN-OF-PENTACLES-ONE >
<KING-OF-PENTACLES-ONE >Kad ini menunjukkan bahawa anda akan sedikit marah atau kecewa kerana terdapat janji tertentu yang dipecahkan oleh pasangan anda. Jika berada dalam hubungan maka anda akan berasa hubungan anda kekurangan pertukaran pendapat secara bebas dan apa-apa hubungan kerja, adalah sangat penting untuk anda bercakap dan menghabiskan lebih banyak masa bersama-sama untuk mengenal satu sama lain. </KING-OF-PENTACLES-ONE >
<ACE-OF-SWORDS-ONE >Kad ini menunjukkan bahawa anda kini mencari kepuasan peribadi dalam hubungan anda. Inilah satu-satunya masa untuk peluang yang tinggi untuk gelombang cinta berkembang yang akan mengejutkan anda dan anda mempunyai emosi yang kuat terhadap sesuatu. Jika sudah ada dalam sebuah perhubungan, ikatan anda dengan pasangan anda akan menjadi lebih kuat. </ACE-OF-SWORDS-ONE >
<TWO-OF-SWORDS-ONE >Anda ingin bergerak ke hadapan dalam hidup dan mencari cinta dengan terdesak. Anda mungkin bertuah kerana kad ini menunjukkan bahawa anda mungkin bertemu dengan seseorang yang istimewa dan jika anda sudah mempunyai hubungan maka hubungan anda akan menjadi lebih kuat dan anda akan melihat bahawa pasangan anda atau pasangan abadi anda mempunyai kualiti-kualiti yang anda bayangkan. </TWO-OF-SWORDS-ONE >
<THREE-OF-SWORDS-ONE >Kad ini menunjukkan bahawa anda rindu akan pasangan anda untuk kembali kepada anda. Kesabaran anda mula hilang dan anda tidak lama lagi akan membuat keputusan untuk berputus asa dan mula semula jika pasangan anda enggan kembali. Anda mungkin akan berasa bahawa anda telah melihat banyak penderitaan dan jatuh cinta adalah satu risiko. </THREE-OF-SWORDS-ONE >
<FOUR-OF-SWORDS-ONE >Anda kini tinggi pada rohani dan terdapat keinginan yang kuat untuk tahu diri anda yang lebih baik. Anda akan cuba untuk berhubung dengan diri sendiri dan mungkin hilang perhubungan dengan dunia luar tetapi akan menemui ketenangan akhirnya. Terdapat juga kemungkinan bahawa seseorang yang telah sukakan anda ingin membuat temu janji dengan anda. </FOUR-OF-SWORDS-ONE >
<FIVE-OF-SWORDS-ONE >Kad ini menunjukkan bahawa anda sedang dalam pencarian cinta. Mungkin juga ada kekecewaan dalam kehidupan cinta anda yang anda mungkin hadapi yang akan membuatkan anda berasa tidak tercapai dan ditipu. Anda perlu memberikan keyakinan kepada diri anda dan bergerak ke hadapan. </FIVE-OF-SWORDS-ONE >
<SIX-OF-SWORDS-ONE >Anda mungkin hadapi beberapa masalah dan sesuatu tidak berjalan lancar seperti yang anda harapkan. Mungkin ada sedikit perasaan tidak puas hati dalam kehidupan cinta anda dan mungkin semua usaha yang dilakukan sudah tidak berbaloi. Mungkin ada beberap kekeliruan mengenai masa akan datang dan anda berusaha untuk memperbaiki keadaan. </SIX-OF-SWORDS-ONE >
<SEVEN-OF-SWORDS-ONE >Kad ini menunjukkan bahawa anda ingin seorang kawan atau seseorang berada di sisi anda dan membantu anda memperbetulkan keadaan atau anda juga memikirkan untuk pergi sementara waktu. Terdapat kemungkinan bahawa bekas kekasih atau seseorang yang anda suka datang mendekati anda. Anda mahukan sesuatu dalam hubungan anda tetapi tidak sanggup untuk berada dalam situasi untuk bertolak ansur. </SEVEN-OF-SWORDS-ONE >
<EIGHT-OF-SWORDS-ONE >Mungkin terdapat ketidakselesaan atau keresahan dalam hal berkaitan hati. Tetapi tidak seolah-olah seperti sesuatu yang baik sedang dalam perjalanan. Terdapat kemungkinan bahawa anda mungkin dapat peluang untuk mula dalam persekitaran yang baru atau dengan pasangan baru yang akan membuat anda rasa bebas semula. </EIGHT-OF-SWORDS-ONE >
<NINE-OF-SWORDS-ONE >Kad ini menunjukkan bahawa ini bukanlah masa yang terbaik dalam hidup anda. Anda mungkin akan melalui kebimbangan dan kekurangan, dan akan berjuang untuk mencantumkan kesemuanya. Anda mungkin dipisahkan daripada pasangan anda untuk seketika disebabkan oleh komitmen profesional. Tapi kematangan dan personaliti anda yang tenang akan membantu anda menguruskan semua benda. </NINE-OF-SWORDS-ONE >
<TEN-OF-SWORDS-ONE >Anda sedang melalui beberapa masa yang paling teruk sekarang dan masih boleh beransur pulih. Sebahagian daripada dilema masih dapat diteruskan kerana anda cuba untuk mengambil beberapa keputusan yang kukuh tentang apa yang sesuai untuk anda tetapi ini tidak akan menjadi satu proses yang mudah. </TEN-OF-SWORDS-ONE >
<PAGE-OF-SWORDS-ONE >Kad ini menunjukkan bahawa anda sedang memberi tumpuan untuk menjadikan hidup anda lebih baik dalam hal berkaitan hati dan juga dalam hubungan peribadi. Anda mungkin telah melalui masa sukar dan anda cuba untuk menjadikan hidup anda biasa semula tetapi akan mendapati sukar untuk berbuat demikian. Mungkin juga terdapat beberapa kejadian yang tidak dijangka yang akan menyebabkan kebimbangan. </PAGE-OF-SWORDS-ONE >
<KNIGHT-OF-SWORDS-ONE >Sekarang adalah masa untuk mengatasi semua masa yang suram dan mencari permulaan yang baru. Anda akan bertemu dengan seseorang yang baru dan akan tertarik kepada orang itu. Anda mahukan rantaian peristiwa itu disambungkan dan lihat pembentukan yang romantik. Ini akan menjadi permulaan yang kukuh dan dalam masa yang singkat anda akan menemukan diri anda gembira dan stabil dengan pasangan anda. </KNIGHT-OF-SWORDS-ONE >
<QUEEN-OF-SWORDS-ONE >Kad ini menunjukkan bahawa ada dilema atau fasa kekecewaan yang sekata kerana anda mungkin mempunyai beberapa pergaduhan dan perbalahan dengan pasangan dan mungkin sudah sampai ke penghujungnya. Hal ini boleh membawa anda ke masa yang sukar dan kekosongan dalam hidup anda. </QUEEN-OF-SWORDS-ONE >
<KING-OF-SWORDS-ONE >Anda akan merasa bahawa anda memerlukan visi yang jelas tentang kehidupan anda sekarang dan akan menyedari bahawa anda perlu sentiasa bergerak untuk hidup aman. Realiti tidak lama lagi mungkin mengambil satu pusingan yang baru kerana ia memberitahu anda bahawa anda berada di dalam sebuah dunia khayalan dan sudah tiba masanya untuk hadapi realiti dan hidup dengannya. </KING-OF-SWORDS-ONE >
<ACE-OF-WANDS-ONE >Kad ini menunjukkan bahawa anda kini sedang mencari hubungan jangka panjang yang serius dan tidak benar-benar berminat melompat ke sesuatu tempat. Anda sedang mencari satu permulaan yang baru dan terdapat juga peluang untuk berlakunya hubungan atau perkahwinan. Mungkin ada ahli keluarga atau saudara-mara yang anda tidak lama lagi akan membincangkan masalah hubungan anda. </ACE-OF-WANDS-ONE >
<TWO-OF-WANDS-ONE >Anda berharap untuk sesuatu yang baik berlaku dan tidak sabar untuk melihat ia terlaksana. Ada kemungkinan bahawa seseorang yang memerlukan sokongan akan mencari panduan anda dan akan membina hubungan dengan anda. Anda akan mencari ikatan kasih sayang dan persahabatan yang kukuh sekarang. Anda juga akan menyelesaikan perbezaan yang anda ada dengan mana-mana ahli keluarga anda. </TWO-OF-WANDS-ONE >
<THREE-OF-WANDS-ONE >Anda mungkin dapat beberapa lamaran dan berfikir untuk mencari yang serasi adalah satu isu. Ini menandakan masa yang hebat untuk hubungan dan walaupun anda tidak berasa yakin anda akan bersatu dengan orang yang anda suka. Anda mahu atasi semua halangan-halangan untuk hidup gembira dengan pasangan anda. </THREE-OF-WANDS-ONE >
<FOUR-OF-WANDS-ONE >Mungkin ada peluang untuk pertemuan dengan rakan yang akan datang untuk menyelamatkan anda dan membawa anda untuk membeli-belah atau berseronok melakukan aktiviti untuk membuat anda berasa lebih baik. Anda perlukan sorakan beberapa kerana mungkin ada beberapa ketidakpuasan hati dalam kehidupan romantik kerana kekurangan anda. </FOUR-OF-WANDS-ONE >
<FIVE-OF-WANDS-ONE >Anda kini mendapati ia sukar untuk menumpukan perhatian kepada satu perkara dan ini membuat anda merasa tidak bermaya. Anda akan sibuk dengan banyak perkara dan tidak dapat mencari masa untuk pasangan anda atau untuk bersosial. Beberapa hantaran atau temu janji kasual dapat ditunjukkan. </FIVE-OF-WANDS-ONE >
<SIX-OF-WANDS-ONE >Kad ini menunjukkan bahawa anda ingin mencapai sesuatu yang baru dalam kehidupan cinta anda. Seseorang yang anda kagumi akan mencuba nasib mereka untuk menarik perhatian anda dan anda menikmati perhatian itu. Anda mungkin perlu menghadapi keadaan yang akan memaksa anda membuat beberapa perubahan yang perlu dalam hidup anda untuk kebaikan anda. </SIX-OF-WANDS-ONE >
<SEVEN-OF-WANDS-ONE >Kad ini menunjukkan bahawa cinta sedang bermain difikiran anda dan hal berkaitan hati akan mengawal minda anda. Anda dapat menghubungi bahagian romantik dan akan melakukan perkara khas untuk pasangan anda. Ini akan kelihatan seperti gambar yang sempurna tetapi terdapat perkara tertentu yang anda perlu lepaskan untuk menjalani kehidupan yang anda mahu. </SEVEN-OF-WANDS-ONE >
<EIGHT-OF-WANDS-ONE >Anda akan bersosial dengan banyak dan hal berkaitan hati akan mengawal minda sekarang. Anda akan berada di dalam mood yang baik memikirkan perkara-perkara yang positif dan anda dan pasangan anda akan menikmati banyak aktiviti bersama-sama. Terdapat beberapa perubahan positif yang akan berlaku kerana pasangan anda. Mungkin juga terdapat kekecewaan tertentu yang anda perlu uruskan. </EIGHT-OF-WANDS-ONE >
<NINE-OF-WANDS-ONE >Anda akan perasan bahawa usaha anda akhirnya akan mendapat hasil dan anda akan lakukan aktiviti sosial dengan banyak. Terdapat konflik fikiran tertentu dan perbezaan pendapat dan beberapa pertukaran kata yang kasar akan mengambil alih. </NINE-OF-WANDS-ONE >
<TEN-OF-WANDS-ONE >Kad ini menunjukkan bahawa kekasih anda boleh membuatkan anda keliru tentang pelbagai kejadian dan ini akan membuatkan anda berasa resah dan tertanya-tanya. Anda akan merasa bahawa pasangan anda marah dengan anda dan ini akan membuatkan anda berasa terasing. Anda berusaha untuk memperbaiki hubungan anda dan menambah perkara yang hilang. </TEN-OF-WANDS-ONE >
<PAGE-OF-WANDS-ONE >Mungkin ada sedikit gangguan dalam hubungan anda dan anda akan jangkakan beberapa perubahan dari pasangan anda. Anda akan berasa tidak selamat kerana hakikat bahawa anda dan pasangan anda tidak benar-benar bersama dengan baik dan walaupun anda cuba, ikatan tidak akan sampai ke puncak. </PAGE-OF-WANDS-ONE >
<KNIGHT-OF-WANDS-ONE >Kad ini menunjukkan bahawa anda berasa tidak selesai tentang pelbagai isu dalam hubungan anda dan anda mahu menjelaskan sebelum ianya memakan diri anda. Anda akan melihat seseorang yang anda rasa anda kenal dan akan cuba untuk membuat ikatan dengan orang ini dan membina ikatan yang mendalam dengan meluangkan lebih banyak masa bersama mereka. </KNIGHT-OF-WANDS-ONE >
<QUEEN-OF-WANDS-ONE >Kad ini menunjukkan bahawa anda tidak lama lagi akan bertemu seseorang yang istimewa dan tertanya-tanya jika anda ingin mengadakan hubungan dengan orang ini atau tidak. Anda juga mungkin berjumpa dengan peminat anda yang menyebabkan jatuh cinta itu muncul dan ini boleh bertukar menjadi perkara yang sangat romantik dan ghairah yang anda telah lama tunggu. </QUEEN-OF-WANDS-ONE >
<KING-OF-WANDS-ONE >Beberapa masalah di sekeliling anda akan menyebabkan anda kelihatan acuh tak acuh dan tiada perasaan dan anda akan kelihatan terganggu oleh pasangan anda. Anda tidak mahu mendedahkan apa yang anda benar-benar fikir kepada dunia dan ini boleh menyebabkan ketegangan. Anda perlu berfikir dengan tenang tentang bagaimana untuk menangani situasi. Lamaran perkahwinan juga mungkin dalam perjalanan. </KING-OF-WANDS-ONE >
<THE-FOOL-ONE >Jika anda berada dalam satu hubungan, Kad ini menunjukkan bahawa anda akan merasai keseronokan baru dan semangat dalam kehidupan cinta anda. Jika anda bujang, anda mungkin akan bertemu dengan seseorang yang istimewa tidak lama lagi. Anda akan bergerak secara spontan, yakin dan riang dalam kehidupan cinta anda. Anda perlu melepaskan hubungan lalu dan lihat ke hadapan, yang kelihatan indah dan meriah. </THE-FOOL-ONE >
<THE-MAGICIAN-ONE >Keikhlasan diri dan ketenang sangat membantu dalam mengawal dan menguruskan kehidupan cinta anda pada masa akan datang. Dengan keyakinan dan rahmat, anda mungkin membuatkan jantina yang berlawanan menurut anda mengenai kebanyakan hal. Jika dalam hubungan, anda mungkin mengetahui beberapa perkara yang tersembunyi tentang kekasih anda dalam masa terdekat. Selain itu, pasangan anda kemungkinan besar menunjukkan peningkatan dalam setiap perkataan yang anda guna. </THE-MAGICIAN-ONE >
<THE-HIGH-PRIESTESS-ONE >Kad ini mencadangkan bahawa anda harus percaya pada keupayaan anda untuk melihat orang dan situasi untuk kehidupan cinta yang sihat. Anda perlu mengambil keputusan yang saksama mengenai perkara-perkara yang melibatkan kehidupan cinta anda. Jika dalam hubungan, pasangan anda berkemungkinan akan memberi anda nasihat yang sangat berharga dalam masa terdekat. Selain itu, ia kelihatan seperti anda mungkin belajar sesuatu diluar jangkaan mengenai pasangan anda, sama ada baik atau buruk. </THE-HIGH-PRIESTESS-ONE >
<THE-EMPRESS-ONE >Anda seolah-olah bimbang tentang sama ada anda sedia ada atau sedang membangunkan hubungan. Jika anda tidak berada dalam hubungan, anda berharap inginkannya. Dalam urusan anda, sifat posesif semulajadi anda mengenai satu sama lain, boleh memberi masa yang sukar dalam kehidupan cinta anda. Anda perlu berdiri dengan sikap yang menunjukkan kesabaran dan kepercayaan untuk mencapai kestabilan dalam kehidupan cinta anda. </THE-EMPRESS-ONE >
<THE-EMPEROR-ONE >Kad mencadangkan pengenalan kejayaan dan pencapaian dalam hubungan anda dalam masa terdekat. Anda mungkin menerima nasihat cinta berharga dari seseorang seperti bapa anda, adik, kawan lelaki, dan sebagainya. Anda mungkin sedang mengawal hubungan anda sekarang dan akan terus menguasai untuk sementara waktu. Pasangan anda akan menyokong anda sepenuhnya dalam semua aspek tanpa persoalan. Berhati-hati supaya anda tidak menjadi terlalu mendesak dalam hubungan anda atau anda akan melukakan hati pasangan anda. </THE-EMPEROR-ONE >
<THE-HIEROPHANT-ONE >Minda yang lebih terbuka dan fleksibel akan membawa perubahan positif dalam kehidupan cinta anda. Jika anda sedang merancang untuk berkahwin bila-bila masa tidak lama lagi, anda perlu menunjukkan kesabaran semasa anda menangani halangan yang datang kepada anda. Lakonan degil anda dengan pasangan tidak membawa hubungan anda ke mana-mana. Masalah kehidupan percintaan anda boleh diselesaikan dengan berfikir dan mengurangkan sifat marah. </THE-HIEROPHANT-ONE >
<THE-LOVERS-ONE >Anda mungkin berenang dalam lautan cinta. Anda akan mempunyai masa dan kenangan yang indah dalam hubungan anda dalam masa terdekat. Anda akan menghadapi situasi dalam kehidupan cinta anda, dimana anda dapati amat sukar untuk membuat keputusan. Dengan isi hati anda dan bukan dengan fikiran anda dan anda mungkin mendapati bahawa keputusan anda adalah betul. Anda akan bersambung secara emosi dengan pasangan anda. Tidak terdorong untuk menipu pasangan anda dengan membuat temu janji dengan orang lain. </THE-LOVERS-ONE >
<THE-CHARIOT-ONE >Kehidupan cinta anda mungkin menghadapi masa sukar. Anda mungkin perlu mengambil usaha yang serius untuk keluar darinya. Urusan romantik anda berkemungkinan akan menjalani beberapa perubahan dalam masa terdekat. Anda perlu menunjukkan banyak kesabaran terhadap perubahan emosi pasangan anda. Akhirnya hubungan anda akan berkembang dengan penuh kasih sayang. </THE-CHARIOT-ONE >
<JUSTICE-ONE >Anda perlu bawa rasa seimbang dan keadaan biasa dalam hubungan anda sekarang. Mungkin terdapat terlebih atau kekurangan elemen tertentu yang penting untuk membawa kestabilan kepada kehidupan cinta anda. Anda mungkin perlu menunjukkan pendekatan yang saksama ke arah urusan romantik anda untuk mencapai sesuatu yang seimbang. Beri perhatian yang sama rata kepada kerjaya dan kehidupan keluarga anda. Kejujuran dan kepercayaan anda akan menjadi sangat penting dalam membentuk hubungan anda. Jika anda tahu anda sedang membuat kesilapan dalam hubungan anda, perbetulkan ia secepat mungkin. </JUSTICE-ONE >
<THE-HERMIT-ONE >Ambil sedikit masa untuk menganalisis kehidupan cinta anda. Anda akan berasa tidak sabar dengan bagaimana perkara terjadi dalam hubungan anda sekarang. Anda perlu sentiasa bersabar dan elakkan mengambil keputusan yang terburu-buru yang berkaitan dengan hubungan cinta anda. Jika anda perlukan nasihat cinta, berbincang dengan orang yang lebih tua dan lebih berpengalaman daripada anda. Anda berkemungkinan menyusun semua halangan romantik anda, jika anda memberi ruang yang cukup antara satu sama lain dalam hubungan anda. </THE-HERMIT-ONE >
<WHEEL-OF-FORTUNE-ONE >Kad ini menunjukkan bahawa anda akan menuju ke arah fasa yang menarik dan khas yang akan mencerahkan kehidupan cinta anda. Nasib berada dengan anda dan anda akan menemui cinta kepada kehidupan anda. Anda akan menunjukkan kematangan semasa mengendalikan masalah hubungan anda. Pasangan idaman anda akan bersama anda tidak lama lagi. Semua kebimbangan anda mengenai hubungan masa depan anda akan berakhir. Anda berkemungkinan diberkati dengan masa indah dalam kehidupan cinta anda. </WHEEL-OF-FORTUNE-ONE >
<STRENGTH-ONE >Anda akan menunjukkan sikap yang kuat dan lebih baik ke arah kehidupan yang akan membantu anda mengatasi setiap halangan yang mungkin anda hadapi dalam hubungan anda. Jika anda mahu melepaskan perkara-perkara tertentu dari masa lalu, anda mungkin patut lakukannya secepat mungkin. Hubungan anda akan belayar dengan lancar, dan anda dengan mudah mencapai perkara-perkara yang anda sukar dapat pada waktu sekarang. Dengan kesungguhan dan kebijaksanaan anda, anda akan dapat keluar dari semua masalah cinta. </STRENGTH-ONE >
<THE-HANGED-MAN-ONE >Anda mungkin perlu menyesuaikan diri dengan pengorbanan semula jadi dalam hubungan anda. Mungkin ada ketegangan antara anda berdua. Disarankan bahawa anda menjaga keadaan akal fikiran yang sangat sabar, terdiri dan matang dalam kehidupan cinta anda. Mungkin ada emosi pergaduhan antara kedua-dua. Adalah dinasihatkan bahawa anda perlu menjadi lebih introspektif dan lihat sekeliling tentang situasi dengan minda yang terbuka untuk memahami mereka lebih baik. </THE-HANGED-MAN-ONE >
<DEATH-ONE >Kad ini menunjukkan fasa yang akan menyebabkan beberapa transformasi yang dramatik dalam kehidupan cinta anda. Anda mungkin berasa sedih dan tertekan dalam hubungan anda sekarang. Fasa ini akan mendorong anda ke arah emosi manusia, membuatkan anda sedar kepentingan perubahan akan datang. Cinta anda mungkin perlu pergi melalui tampalan yang kasar dan gelap. Anda perlu menunjukkan watak yang kuat untuk mengatasi fasa ini. </DEATH-ONE >
<TEMPERANCE-ONE >Kad menunjukkan ketibaan situasi yang mengelirukan atau konflik dalam hubungan anda, yang mana anda mungkin mendapati sukar untuk membuat pilihan. Anda dan pasangan anda adalah berkemungkinan mempunyai perbezaan pendapat mengenai pelbagai perkara yang sekali gus mewujudkan kemelut. Anda perlu bersabar, bekerjasama dan mencari penyelesaian yang terbaik yang juga akan menenangkan perasaan cinta kepada kehidupan anda. Anda akan menemui cara untuk membina keharmonian dalam hubungan anda. </TEMPERANCE-ONE >
<THE-DEVIL-ONE >Masa dihadapan bukan mudah. Perasaan seperti nafsu, tamak, cita-cita atau ketagihan boleh menyebabkan kehidupan cinta anda untuk pergi kusut. Anda juga mungkin mahu menguasai hubungan anda. Anda perlu kuat untuk melawan godaan ini untuk mengelakkan bencana dalam kehidupan cinta anda. Anda mungkin merasa kuat sebentar tetapi akan pergi ke jalan yang salah tidak akan menjadikan hubungan anda baik. Berhati-hati kerana kad ini adalah amaran kepada anda mengenai langkah-langkah maut yang anda boleh ambil. </THE-DEVIL-ONE >
<THE-TOWER-ONE >Dalam masa hadapan yang hampir boleh menjadi salah satu fasa terburuk dalam kehidupan cinta anda. Anda mungkin melihat situasi tidak menyenangkan dan tidak menguntungkan yang berlaku dalam hubungan anda. Sesetengahnya mungkin tidak dijangka menyebabkan anda merasa terpencil dan sunyi seketika. Perubahan ini akan menunjukkan kanda cara-cara dan pilihan baru untuk memperbaiki keadaan kehidupan cinta anda sekarang. Ia akan menjadi jalan yang sukar, oleh itu anda perlu bertenang dan hanya belajar perkara yang baru yang diajar oleh kehidupan. </THE-TOWER-ONE >
<THE-STAR-ONE >Kad ini adalah petanda baik masa akan datang. Ia menunjukkan kemungkinan hubungan yang sihat yang akan bermula tidak lama lagi. Ia juga menunjukkan bahawa anda boleh bawa hubungan anda ke peringkat komitmen seterusnya. Anda mungkin berasa penyambungan emosi dan rohani lebih baik dengan pasangan anda. Kehidupan cinta anda akan melalui satu fasa yang mana anda tinggalkan urusan lepas dan akan lebih optimistik tentang cinta anda pada masa hadapan. </THE-STAR-ONE >
<THE-MOON-ONE >Pemikiran yang akan datang ke fikiran anda adalah mengenai hubungan anda. Anda mungkin berasa seperti anda telah dibelenggu kerana situasi kehidupan cinta anda. Anda akan mempelajari beberapa rahsia yang sengaja disimpan tersembunyi yang boleh membawa kepada satu masalah emosi dalam hubungan anda. Jangan tertekan dalam kesedihan. Tunjukkan minda yang lebih terbuka dan ambil beberapa usaha yang serius untuk mengatasi perasaan ini. Nikmati hobi lain untuk mengatasi perasaan emosi untuk mendapatkan kembali hidup di landasan yang betul. </THE-MOON-ONE >
<THE-SUN-ONE >Anda tidak lama lagi akan merasai sesuatu yang menarik dalam hubungan anda. Jika anda tidak bercinta, anda mungkin akan jatuh cinta dengan seseorang tidak lama lagi. Perkara-perkara romantik yang seolah-olah tidak pergi ke mana-mana akan mula membuat kemajuan positif. Percutian romantik dan beberapa tarikh penting dengan kekasih anda ada pada kad. Masa hadapan kelihatan menarik dan tidak dapat dilupakan. Pastikan bahawa anda gunakan sepenuhnya fasa indah ini. </THE-SUN-ONE >
<JUDGEMENT-ONE >Kad ini meminta anda untuk membuka deria anda untuk segala-galanya yang ada di sekeliling. Anda mungkin sedar bahawa ada perkara yang akan datang menemui anda, kecuali jika anda membuat usaha yang baik, anda mungkin gagal memanfaatkan situasi ini. Jika anda tidak jatuh cinta, mungkin anda akan bertemu pasangan anda tidak lama lagi. Dalam kes sebegini, jangan membazirkan terlalu banyak masa keluarkan banyak soalan semua penting. Jika anda buang seseorang pada masa lalu, perkara yang sama akan berlaku pada anda. Tetapi akhirnya, kehidupan cinta anda akan bergerak secara positif. </JUDGEMENT-ONE >
<THE-WORLD-ONE >Kad ini menandakan berakhirnya kesukaran anda dan menunjukkan ketibaan kemeriahan dan kasih sayang dengan orang tersayang. Hubungan anda akan terbentuk dengan cara yang anda selalu inginkan. Pasangan anda akan memberi galakkan dan menghargai anda untuk kerja keras anda dan ini akan membuat cinta anda berkembang. Fasa ini akan membawa satu semangat baru untuk kehidupan cinta anda. Jika anda bujang, kebarangkalian berjumpa dengan seseorang yang istimewa sangat tinggi.</THE-WORLD-ONE >
    </ROOT>
