<?xml version="1.0" encoding="utf-8" ?>
<ROOT>
<THE-WORLD-ONE>
    Dünya kartı, bir zorlu dönemin sona erdiğini işaret eder. İçinde bulunduğunuz samimi çabaların tatlı meyvelerini deneyimleyecek ve tadacaksınız. Kariyeriniz keskin bir şekilde yukarı doğru hareket ederek sizi yaklaşımınızda daha da emin ve olumlu bir hale getirecektir. Yakın arkadaşlarınız ve ailenizden gelecek olan takdir ve cesaret, duygusal olarak büyümenize yardımcı olacaktır. Bu, iş hayatınızda yeni bir başarı aşamasının başlangıcını işaret edecektir.
</THE-WORLD-ONE>
<JUDGEMENT-ONE>
    Uyanış kartı, yolda olan fırsatların bütünü hakkında bilgi verir. Seni bekleyen fırsatları bulacaksın. Bunları kaçırmayın ve en iyisini yapın. Geçmişte verdiğiniz çabalar sonunda meyve verecek ve kariyerinizi yeni bir yükselişe taşıyacak. Bir yargı adil olması gerektiğinden, birtakım hatalarla karşılaşırsanız, seslerle yüzleşmeniz gerekebilir. Bu, kariyer yolunuzun belirleyici anı olacaktır.
</JUDGEMENT-ONE>
<THE-SUN-ONE>
    Güneş kartı, iş ve hayata karşı hevesli, enerjik ve gayretli bir tavrı gösteren pozitif bir karttır. Zihin bölgenizi yansıtacak, emin ve doğru seçimler yapma eğiliminde olacaksınız. İyimserliğiniz ve takip edeceğiniz sonuçlar başkaları tarafından takdir edilecek ve size keşfetmeniz için birçok fırsat sunacaktır. Bu olumlu aşama, kariyer grafiğinizi, istediğiniz hedeflere doğru dikkatli bir şekilde geliştirmenizi sağlayacaktır.
</THE-SUN-ONE>
<THE-MOON-ONE>
    Ay kartı, dünyaya hayal gücü ve yeniliği yaymak için bir arzu gösterir. Bu, iş verimliliğiniz açısından bir aşağı giden bir evre olabilir. Konsantrasyonlu bir şekilde dikkati korumayı zor bulabilirsiniz. İşinizden bıkmış hissedebilirsiniz. Sabırla, akışa yelken açmaya çalışın, bir değişiklik getirmek için ekstra çaba sarf etmekten kaçının. Sanatsal hobilerde kendinizi şımartın. İçsel benliğinize güvenin, analiz edin ve sadece bunun için ilerleyin.
</THE-MOON-ONE>
<THE-STAR-ONE>
    Yıldız kartı, artan ruhsal eğiliminiz hakkında konuşur ve hayattaki iç huzuru arar. Bu zaman, kendinizi daha iyi bir şekilde analiz etmek ve anlamak için kullanılabilir, böylece mesleğinizde size yardımcı olur. İş değiştirmek veya yeni sorumluluklar almak için iyi bir zaman. Geliştirilmiş bir güven ile profesyonel yaşamınızda iyi bir performans gösterme eğiliminde olacaksınız. Hayatta ilerledikçe yeni şeyler öğreneceksiniz.
</THE-STAR-ONE>
<THE-TOWER-ONE>
    Kule kartı sizi, sağlıksız zamanlar ve ileride duran sorunlar hakkında uyarır. Kariyer yolunuzda beklenmedik sorunlar yaratacak bazı değişiklikler olabilir. Aynı nedenle depresyonda hissedebilirsiniz. Bununla birlikte, bu değişiklikler size yeni yol gösterecek, ama yaşam için iyimser bir davranış göstermeniz gerekecek. Kolay olmayacak, ama size yardımcı olacak pek çok şey öğreneceksiniz.
</THE-TOWER-ONE>
<THE-DEVIL-ONE>
    Şeytan kartı, insan kişiliğinin olumsuz gölgelerine doğru bir meyil yansıtır. Başarı ararken, açgözlülük ve şehvet duygularına yaslanabilirsiniz. Kendinize inanç ve tutarlılık eksikliğini gösterme eğiliminde olabilirsiniz, bu da size kötü sonuçlar doğurabilir. Bu kart, atabileceğiniz kötü adımlara karşı bir uyarı görevi görür.
</THE-DEVIL-ONE>
<TEMPERANCE-ONE>
    Denge kartı, kariyerinizdeki mevcut seçenekler arasında yüz yüze olduğunuz karışıklığı anlatıyor. Kariyer grafiğinizi nihayetinde tanımlayacağınız iki ya da daha fazla saygın seçenek arasından kaçınmak için zor bir karar vermeniz gerekecektir. Her bir seçeneğin ayrıntılı bir analizi ile tüm seçenekleri eşit olarak ele almak için biraz zaman verin. Hayatınızda huzur ve uyumu sağlayacak düşünceli bir hareket yapın.
</TEMPERANCE-ONE>
<DEATH-ONE>
    Ölüm kartı, isminden de anlaşılacağı gibi, yaşamın farklı şeylerine bir son veriyor ve bu nedenle de başa çıkmak için büyük değişiklikler getirir. Hayallerinin çöktüğünü hissetme eğiliminde olabilirsiniz, fakat gerçekte bu sadece, değişikliklere karşı olan direncinizdir. Yaşamın devam eden dönüşümlerini ele alırken ve buna uyum sağladıkça, potansiyelinize ve becerilerinize inanmaya devam etmelisiniz. Duygusal ve zihinsel olarak güçlü kalın.
</DEATH-ONE>
<THE-HANGED-MAN-ONE>
    Asılan adam kartı, daha da iyi bir şey elde etmek için yapmanız gereken büyük bir fedakarlık olduğunu anlatır. Kariyer yolunuzu kafa karıştırıcı bulabilir ve karar almakta zorluk çekebilirsiniz. Bazen, pes etmek isteyebilir veya duygusal olarak acı çekebilirsiniz. Bu aşamadan geçmek için huzurlu ve sakin bir zihin sürdürmeye çalışın. Sadece her problemi anladıktan sonra, yavaşça ilerleyin.
</THE-HANGED-MAN-ONE>
<STRENGTH-ONE>
    Güç kartı, yeni doğan cesareti ve inancınızı ön plana çıkarır, karşılaşabileceğiniz herhangi bir zorlukla yüzleşebilmek için size yol açabilir. Fiziksel, zihinsel ve duygusal gücünüzü kariyerinizde doğru yönde yönlendirirseniz, büyük başarılar kazanacağınızdan emin olabilirsiniz. Girişimlerinizde, daha önce bazı zorluklarla karşılaşan hızlı bir büyüme yaşayacaksınız.
</STRENGTH-ONE>
<WHEEL-OF-FORTUNE-ONE>
    Kader Çarkı kartı, şans, neşe ve uyum ile dolu güzel bir yaşam evresini simgeler. Hayatın, özellikle de kariyerinizin her alanında dikkate değer ölçüde iyi olacaksınız. Kartlarda terfi ve maaş zammı olabilir. Kariyerinizin, arzu ettiğiniz yönde hareket etmesi muhtemeldir. Önümüzdeki günlerde, iş memnuniyetiniz en yüksek değerlerde olacak. Kariyer grafiğinizin, her zaman için çalıştığınız yüksek noktalara ulaştığını göreceksiniz.
</WHEEL-OF-FORTUNE-ONE>
<THE-HERMIT-ONE>
    Bugünlerde çok fazla çalışıyor olabilirsiniz. Bazı şeyleri durdurup, analiz etmeli ve organize etmelisiniz. Ermiş kartı, önemli kariyer kararları vermede herhangi bir acele veya toyluktan kaçınmak için sizi uyarır. Biraz zaman ayırmalı ve size yol gösterecek deneyimli birinden tavsiye almalısınız. Ve her ne kadar, çevrenizdeki diğer kişilerden bir ilerleme ve işbirliği eksikliği hissetseniz de, sabrınız ile çabalarınıza konsantre olmaya devam ederseniz, sonuçlara karşı kayıtsız kalmazsınız.
</THE-HERMIT-ONE>
<JUSTICE-ONE>
    Bu kart, hayatınızda uygun bir denge kurulması için bir ihtiyaç olduğunu belirtiyor. Ya çok fazla ya da çok sıkı çalışıyorsunuz, ya da işinizi geri plana çıkardınız ve bu konuda fazla bir şey umursamıyorsunuz. Önce işinizi analiz etmek ve sonra üstlendiğiniz ödevlerin kontrolünü ele almak zorunda kalacaksınız. Kişisel ve profesyonel yaşamınızla uygun bir dengeyi koruyun. Yanlış gittiğinizi düşünüyorsanız, önce onu düzeltin. Herhangi bir ortaklığa girmeden önce dikkatli olun.
</JUSTICE-ONE>
<THE-CHARIOT-ONE>
    Savaş Arabası kartı, hayal ettiklerinizi elde etmek için atılan adımları ve verilen mücadeleleri yansıtır. Kariyerinizde başarılı olmak için zorluklarla karşılaşabilirsiniz. İş nedeniyle seyahat etmek zorunda kalabilirsiniz. İş yerinizde birileriyle, haklı bile olmadığınız, sözlü çatışmalarınız olabilir. Bu aşamadan geçmek için odaklanmaya devam etmeli ve işinize adanmış olmalısınız. Sonunda başarıya ulaşılacaktır.
</THE-CHARIOT-ONE>
<THE-LOVERS-ONE>
    Bu kart, sevgi ve huzurun güzel zamanların etrafta olduğunu güçlü bir şekilde göstermektedir. Olması gerektiği gibi, sakin olacak ve işlerle dolu olacaksınız. Kariyerinizle ilgili aldığınız kararlarda kalbinizi dinlemelisiniz. Ne olursa olsun, sezgilerinizi takip edin. Size para teklif eden hiç kimseye kanmayın. Olgun bir yaklaşımla çalışın ve başarıya giden yolunuzu dikkatli bir şekilde yapın.
</THE-LOVERS-ONE>
<THE-HIEROPHANT-ONE>
    Olgun bir yaklaşımla çalışın ve başarı için yolunuzu dikkatlice hazırlayın. Muhtemelen ilginizi çekmeyebilecek 'denenmiş ve test edilmiş' bir kariyer seçeneği seçmeyi planlıyorsunuz. Başarıya giden yolda birkaç engelle karşılaşabilirsiniz. Bunları havalı ve kurnaz bir zihinle ele alın. Sabırlı olun ve iyi bir şekilde yapacaksınız.
</THE-HIEROPHANT-ONE>
<THE-EMPEROR-ONE>
    Bu kart, iş gününüzde size saygı ve övgü kazandıracak daha parlak günlerin başlangıcına işaret ediyor. Size önem veren yakın kişilerden uygun rehberlik alacaksınız. Yaptığınız kariyere ilişkin tüm kararlardan siz sorumlu olacaksınız ve güvenle devam edeceksiniz. Çabalarınızdan daha çok, sonuçlara odaklanmak zorunda kalacaksınız. Küçük meselelerde meslektaşlarınızı kızdırmamaya dikkat edin.
</THE-EMPEROR-ONE>
<THE-EMPRESS-ONE>
    Kariyerinizin büyümesi hakkında endişeli ve sıkıntılı görünüyorsunuz. İşinizin / işinizin çeşitli yönleri hakkında çok şey düşünüyorsunuz. İş arkadaşlarınız tarafından, başarıya giden yolunuzda bazı zorluklarla karşılaşabilirsiniz. Bu aşama, sabrınızı ve iyimserliğinizi hayata karşı test edecektir. Zafere daha da yaklaşmak için emin bir zihin ve dürüst çabalarla devam edin.
</THE-EMPRESS-ONE>
<THE-HIGH-PRIESTESS-ONE>
    Azize kartı, içsel benliğinize güvenmek ve iddialı olmanızı şiddetle tavsiye eder. Kariyeriniz arzu edilen başarıya ulaşmak için sadece samimi bir bağlılığa değil, aynı zamanda kendine güvenen bir yaklaşıma da ihtiyaç duyacaktır. Çok yakında yaşlılarınızdan / büyüklerinizden değerli kariyer tavsiyeleri alabilirsiniz. Alanınızın farklı boyutlarını keşfetmek için bir dürtü hissedebilirsiniz. Bu yolculuk, bilgelikle, sizi aydınlatacaktır.
</THE-HIGH-PRIESTESS-ONE>
<THE-MAGICIAN-ONE>
    Bu kart, kendi inanç ve yoğun irade gücünüz hakkında konuşur. İşinizde kendinize güveneceksiniz. İş arkadaşlarınız sizinle işbirliği yapacak ve sözlerinizi ciddiye alacaktır. Güçlü liderlik nitelikleri sergileyeceksiniz ve böylece, enerjik bir figür olarak öne çıkacaksınız. Uygulandığında size büyük başarılar sağlayabilir iyi fikirlerle, öne gelebilirsiniz.
</THE-MAGICIAN-ONE>
<THE-FOOL-ONE>
    Bu kart, yeni fırsatları ve başlangıçları ön plana çıkarmaktadır. Kariyer grafiğiniz hakkında oldukça hevesli hissedersiniz ve ona karşı ekstra bir istekle karşılaşırsınız. Kariyerinizde meydana gelen değişikliklerin tadını çıkaracaksınız. Bu yolculuğunuzda, herhangi bir zorlukla karşılaşırsanız, hayatın zor yollarından da çok şey öğreneceksiniz. Eski düşünceleri geride bırakın ve kariyerinizin getireceği yeni hayata hazırlanın.
</THE-FOOL-ONE>
<KING-OF-WANDS-ONE>
    Bu kart, normalden daha iddialı hissedeceğinizi ve bazı riskler almaya istekli olacağınızı gösteriyor. İş ve kariyerinize öncelik vererek planlarınızı ve hedeflerinizi yeniden yapılandıracaksınız. Yeni fikirler üretecek ve gördüğünüz gibi rakamlar yükseldikçe, beyin fırtınasının daha fazla iş yarattığını göreceksiniz.
</KING-OF-WANDS-ONE>
<QUEEN-OF-WANDS-ONE>
    Uzun zamandan beri, işlerin düzgün gitmediğini veya olması gerektiği gibi gitmediğini hissetmeniz gerekir. Bu, hareket tarzınızı değiştirmeye yönelik güçlü bir dürtü getirecektir. Fakat bu, gücünüzün test edileceği ve büyük ihtimalle bu durumun üstesinden geleceğiniz zamanlardır.
</QUEEN-OF-WANDS-ONE>
<KNIGHT-OF-WANDS-ONE>
    İşer şu anda biraz zahmetli olabilir ve bu biraz yorucu olacaktır. İşinizde ortaya çıkan durumlardan hayal kırıklığına uğrayacağınız için, iş projelerinizi ve iş ortaklarınızı tekrar gözden geçireceksiniz. Hayal kırıklığı zamanları gelip geçecek, ancak durumla başa çıkmak için sakinliğinizi korumak zorunda kalacaksınız.
</KNIGHT-OF-WANDS-ONE>
<PAGE-OF-WANDS-ONE>
    Bu kart, kendinizi tanıtmaya çalışan analitik bir ortamda, daha derin bir maneviyat duygusuna ve kendinizi etrafınızdaki şeylere yeni bir bakış açısı ile tanımayacağınızı gösterir. İş arkadaşlarınızdan veya iş ortağınızdan yardım alacaksınız ve kişisel ve profesyonel yaşamınız arasında bir denge kurmaya çalışacaksınız.
</PAGE-OF-WANDS-ONE>
<TEN-OF-WANDS-ONE>
    Bu kart, birçok değişikliğin zihninizi meşgul ettiğini gösteriyor. Yeni şeyler denemek istiyorsunuz ve getirmek için sabırsızlanıyor olacağınız büyük bir değişim olacaktır. Bir iş kurmada bir arkadaşınıza yardımcı olacaksınız ve bunu yaparken işlerine ilgi duyacaksınız.
</TEN-OF-WANDS-ONE>
<NINE-OF-WANDS-ONE>
    Bu kart, daha kendi kendini kontrol eden ve temkinli bir pozisyonda olduğunuzu gösterir. Çok fazla iş ile uğraşacaksınız ve gayretinizle başa çıkmanıza yardımcı olacak ve aynı zamanda işiniz sayesinde iyi miktarda zenginlik elde etmenize yardımcı olacak. İşiniz size iyi bir refah ve aynı zamanda iyi niyet getirecektir. Her adımın korunacak ve bu daha sakin görünmenizi sağlayacaktır.
</NINE-OF-WANDS-ONE>
<EIGHT-OF-WANDS-ONE>
    Kendinizi bu zamanlarda, iş çevrelerinde oldukça sosyalleşebilir durumda bulabilirsiniz. Bu dönem sizi destekliyor gibi görünüyor ve göreceksiniz ki, sıkı çalışmanız sonuçlara ulaşıyor ve sizden beklenenden daha fazla kazanıyorsunuz. Bu aile ve arkadaşlar ile birçok kutlamaya yol açacak ve ilginin keyfine varacaksınız.
</EIGHT-OF-WANDS-ONE>
<SEVEN-OF-WANDS-ONE>
    Kart, çalışma baskılarınızı karşılamaya çalışırken planlama ve programlamaya odaklanacağınız zamanı göstermektedir. İşiniz üzerinde dikkatinizi dağıtan bazı romantik düşüncelerle çevrili olduğunuzu göreceksiniz ve şu anda iş yönüne odaklanmak zor olabilir. Diğer şeylere zaman ayırmaya çalışırken görevlerinizi başarıyla tamamlayacaksınız.
</SEVEN-OF-WANDS-ONE>
<SIX-OF-WANDS-ONE>
    İstediğiniz gibi ortaya çıkmayan bir şey yüzünden bir miktar hayal kırıklığı ve endişe ile karşı karşıya kalabilirsiniz. Cesur bir adım atmak ve farklı bir şey yapmak için güçlü bir arzuya sahip olacaksınız. Kendinizi bazı rahatlatıcı aktivitelerle şımartmak ya da beyninizdeki işe yarayan işlere karışmak en iyisi olacaktır, bu da sizin uyarıcınızın yüksek olmasını sağlar, ancak aşırı çalışmış hissettirmez.
</SIX-OF-WANDS-ONE>
<FIVE-OF-WANDS-ONE>
    Şüpheleriniz ve dürtünüz sizi huzursuz hissettirecek ve duygularınızı açıkça ifade edebilir hale getirecek. Bazı adımlarınız zihinsel olarak güçlü olmanızı ve hatta sert olmanızı gerektirebilir; Bu adımları atmayı dört gözle bekleyeceksiniz. Bu, bazı zor durumları çözmenize yardımcı olacak ve sonunda size huzur ve mutluluk getirecektir. </FIVE-OF-WANDS-ONE>
<FOUR-OF-WANDS-ONE>
    Bu kart, bazı zor durumlarla yüzleşmenin vakti geldiğini gösteriyor. İş ilişkilerinizi yeniden geliştirmeye ve işleri daha iyi hale getirmek için iyi bir iletişim kurmaya çalışmak için çabalamak daha önemli hale geldi. Aklınız, yaklaşmakta olan sıkıntılarla yüzleştiğiniz için, kuşkularla bir araya gelebilir ve eşiniz size karşı dürüst davranıyorsa, büyük ihtimalle spekülasyon yapacaksınız.
</FOUR-OF-WANDS-ONE>
<THREE-OF-WANDS-ONE>
    Bu kart, yaptığınız tüm işleri, ortaklıkları, sahip olduğunuz ve iş girişimlerinizi değerlendirmek ve odaklanmanın zamanı geldiğini göstermektedir. Aileniz, arkadaşlarınız veya iş arkadaşlarınız, işiniz ya da kariyeriniz için, sürekli olarak gelişmek ve büyümek için size rehberlik edecektir.
</THREE-OF-WANDS-ONE>
<TWO-OF-WANDS-ONE>
    Bu, işinize ya da kariyerinize daha fazla konsantre olacağınız, bazı şeyleri bilinçli olarak geliştirdiğiniz için kendiniz için daha iyi şeyler yapmaya çalışacağınızın zamanıdır. Bu size bir üstünlük hissi getirecek ve kendinizi başarıya çok yakın bulacaksınız. Sizde olumlu bir değişim olacak ve işinizin kalitesine daha fazla dikkat edeceksiniz.
</TWO-OF-WANDS-ONE>
<ACE-OF-WANDS-ONE>
    Bu kart, somut bir şeyin başlangıcını ifade eder. İşinizde veya kariyerinizde büyüyen fırsatlar ile şimdi kendi ayaklarınızın üstünde olacaksınız ve sizin için açılacak yeni kapılar olduğunu göreceksiniz. Ayrıca iş amacıyla seyahat etmek zorunda kalabilirsiniz ve büyük olasılıkla, çabalarınız iyi sonuçlar verecektir.
</ACE-OF-WANDS-ONE>
<KING-OF-SWORDS-ONE>
    Bu kart, işiniz veya kariyeriniz için sürekli endişe duyacağınızı ve bunun yetenekleriniz hakkındaki şüphelerinizden kaynaklanabileceğini göstermektedir. Bir şeyler yapmaya çalışacaksınız, böylece kendi yolunuza sahip olacaksınız ve gelecekte daha iyi olan şeylere karşı olumlu bir tutum sergileyeceksiniz. Bazı finansal konular veya yasal bir anlaşmada dikkatinize ihtiyaç duyacaktır.
</KING-OF-SWORDS-ONE>
<QUEEN-OF-SWORDS-ONE>
    Şimdi, analiz etmek istediğiniz, yaptığınız ve düşünmeye daha fazla çaba sarf eden stratejiler oluşturmaya başlamak istediğiniz bir aşamadasınız. İşinizin bazı yönlerinden sizi rahatsız edebilir, durgunluk olabilir ve çalışmayan bir şeyi geri çekme kararlarını bile alabilirsiniz. Bazı problemlere çözüm bulmaya çalışırken bazı paralel fikirler de ortaya çıkabilir.
</QUEEN-OF-SWORDS-ONE>
<KNIGHT-OF-SWORDS-ONE>
    Bu kart, toplantılarınız ve çeşitli iş aktiviteleriniz için kendi ayaklarınız üzerinde durmanın zamanı geldiğini gösteriyor. Şu anda iddialı hissediyorsunuz ve üstün bir konuma ulaşan şeylerin kontrolünü ele almak istiyorsun. Bu, kariyerinizin en iyi aşamalarından biridir ve büyük olasılıkla, birileri işinizi daha iyi açmak için size yardımcı olacak, kapıları açacak, yeni fırsatlara dönüşecek ve bu da çok verimli olacaktır.
</KNIGHT-OF-SWORDS-ONE>
<PAGE-OF-SWORDS-ONE>
    Bu kart, işinizin ve kariyerinizin gelişimi hakkında düşünen yeni fikirlerle dolu olduğunuzu gösteriyor. İş ortağınız veya iş arkadaşlarınızla bazı duygusal sorunlarınız olabilir. Birisi sizi farklı bir yönde çalışmaya yönlendirecektir, kendiniz için hoş olmayan bu durumlardan kaçınmaya çalışacaksınız ve bu yaklaşım, şu anda en iyi şekilde çalışacaktır.
</PAGE-OF-SWORDS-ONE>
<TEN-OF-SWORDS-ONE>
    Dikkatiniz artık beklenenden daha fazla zaman alan ve en erken zamanda tamamlamak istediğiniz gecikmeli işlere yöneldi. Yolda birçok engel nedeniyle ortaya çıkabilen ve sizi çok fazla hayal kırıklığına uğratacak hoş olmayan bir durumla karşı karşıya kalmanız gerekecek. Bu ayrıca sizi istifa veya indirgemeye sevk edebilir. Sabırla, böyle durumlarla gerçekten uğraşmak zorundasınız.
</TEN-OF-SWORDS-ONE>
<NINE-OF-SWORDS-ONE>
    Bu kart, sizi endişelendirecek olan, beklemekte olduğunuz haberlerin biraz gecikebileceğini gösteriyor. Bu arada yeni fikirler ve konseptler de size yol gösterecek, bu da size önemli faydalar sağlayacak ve en üst düzey başarılara götürecektir. Bazı kağıt işleri tüm dikkatinizi çekecek ve aynı zamanda bu süreçte biraz hızlıca para kazanacaksınız.
</NINE-OF-SWORDS-ONE>
<EIGHT-OF-SWORDS-ONE>
    Bu sizin için iyi bir zaman olmayacak, çünkü her tarafta sorunlara boyun eğebiliyorsunuz. Bu durumlardan kaçınmak için işten bir süre izin alabilir ya da hoş olmayan durumlardan dolayı işi bırakmanız gerekebilir. Çaresiz bir durumdan dolayı isteksizce bir şeyler yapmak zorunda bile olabilirsin.
</EIGHT-OF-SWORDS-ONE>
<SEVEN-OF-SWORDS-ONE>
    Bu kart, bir seferde çok fazla şeyle uğraşmaya çalışmakla yükümlü olacağınızı ve bunun sizi stresli bırakacağını göstermektedir. Alınan kararları tekrar gözden geçirecek ve gelecekteki anlaşmaları veya görevleri yeniden değerlendireceksiniz. Zihninizi dinlendirmek için işinize ara vermiş gibi hissedeceksiniz ama bu gerçekleşmeyebilir.
</SEVEN-OF-SWORDS-ONE>
<SIX-OF-SWORDS-ONE>
    Artık kariyer hedeflerinize daha fazla odaklanacaksınız ve bu, işin sorunsuz bir şekilde yapılması için bazı iyi insanlara ve becerilere ihtiyaç duyacaktır. İş ortağınız veya çalışanınız ile hoş olmayan bir tartışma ya da çatışma yaşanabilir ve bu sizi çileden çıkaracaktır. Ancak işler yakında daha iyi olacak ve sorunlar çözülecektir.
</SIX-OF-SWORDS-ONE>
<FIVE-OF-SWORDS-ONE>
    Bu kart, hoş olmayan durumlar nedeniyle iş yerinde bir miktar gerilim olabileceğini göstermektedir. Önceden öngörülmeyen bir problem aniden ortaya çıkacak ve bu, sizi biraz endişelendirecektir. İş arkadaşlarınız veya iş ortaklarınızla olan bazı anlaşmazlıklar size zarar verebilir ve bu, sizi huzursuz ve endişeli hissettirebilir.
</FIVE-OF-SWORDS-ONE>
<FOUR-OF-SWORDS-ONE>
    Kendinizi belgelerinizi düzenlemeye çalışmaktan çok daha fazla kağıt işine dalmış bulacaksınız ve geçmişte neler yaptığınızı analiz edeceksiniz. İş yerinizde yorgunluk yaratan ve sizi sinirlendiren bir miktar kaos meydana gelebilir. Zihninizi sakinleştirmeli ve ilerlemeye devam etmelisiniz.
</FOUR-OF-SWORDS-ONE>
<THREE-OF-SWORDS-ONE>
    Bu kart, programınızda istenmeyen gecikmelerden dolayı bazı hayal kırıklıklarıyla karşılaşmanız gerektiğini gösteriyor. Sıra dışı ama karlı olabilecek olan yeni yolların açılma olasılığını ve fırsatlarını bulabilirsiniz. Herhangi bir sonuca varmadan önce olasılıkları değerlendireceksiniz ve bu takdir edilecektir.
</THREE-OF-SWORDS-ONE>
<TWO-OF-SWORDS-ONE>
    Artık bazı önemli seçimleri bağımsız yapmak istediğiniz gibi hissediyorsunuz ve sizi motive edebilecek destekleyici meslektaşları ve arkadaşları aramaya çalışıyorsunuz. Resmin içine girebilecek tamamen yeni bir fikre sahip bazı olaylar ortaya çıkabilir.
</TWO-OF-SWORDS-ONE>
<ACE-OF-SWORDS-ONE>
    Bu kart, istenmeyen bazı gecikmeler, endişe ve gerginliklerle uğraşmak zorunda kalabileceğinizi gösterir. Ama sonuçta, etraftaki yeni insanlarla yeni fırsatlar ortaya çıktıkça, işlerin çözülmeye başladığını göreceksiniz ve birilerini bir şekilde, sizinle çalışmak veya sizinle ilişki kurmakla ilgilendiğini ifade edebilir.
</ACE-OF-SWORDS-ONE>
<KING-OF-PENTACLES-ONE>
    Bu kart, yüksek bir statüde olan kişilerle sosyalleşeceğinizi, iletişim kurmaya çalışacağınızı, bunun da kariyeriniz için faydalı olacağını gösterir. Beklemedeki projeleri bitirmeye çalışan şeylerin sorumluluğunu alacaksınız ve yeni olanlarla başlayacaksınız. İletişim becerileriniz her zamankinden daha yüksek olacak ve bu kaliteden dolayı yeni projeler elde etmeyi başaracaksınız.
</KING-OF-PENTACLES-ONE>
<QUEEN-OF-PENTACLES-ONE>
    Artık işinize umutla bakıyorsunuz, önemli getiri elde etmek için planlar yapmaya çalışıyorsunuz ve geçmişte yapılan tüm hataları düzeltmeye çalışacaksınız. İşinizle ilgili yeni bir bakış açısı, zihninizi olumsuzdan olumluya değiştirecek ve doğru yönde ilerlemek için iş gücünüzün desteğini alacaksınız.
</QUEEN-OF-PENTACLES-ONE>
<KNIGHT-OF-PENTACLES-ONE>
    Odağınız artık seyahat veya terfiler üzerinde olacak ve bazı yatırımlara da olumlu bakacaksınız. Geçmişte işlerinizin çok yavaş olduğunu hissedebilirsiniz ve yasal konular yüzünden gerekli karları elde edemeyebilirsiniz, ancak sürekli çabalarınız sizi tüm sorunlardan kurtarır.
</KNIGHT-OF-PENTACLES-ONE>
<PAGE-OF-PENTACLES-ONE>
    Bu kart, şu anda başarı elde etmek ve en yüksek seviyeye ulaşmak istediğinizi, bunun da sosyal statünüze yüksek bir değer katacağınızı gösteriyor. Bir çamura sıkıştığınızı ve bundan çıkmanın çok zor olacağını hissedeceksiniz. Ayrıca iş hayatınızda bazı güvensizliklerle karşılaşabilirsiniz, ama sonunda hepsi yok olacak.
</PAGE-OF-PENTACLES-ONE>
<TEN-OF-PENTACLES-ONE>
    Artık duygusal tarafınıza daha çok bağlısınız ve kişisel hayatınıza profesyonel olandan daha çok konsantre olmak istiyorsunuz. Ancak bazı yeni insanlarla tanışmak ve çeşitli iş konularını tartışmak da dahil olmak üzere zorunlu hale gelecek. Ayrıca bu amaç için seyahat etmek zorunda kalabilirsiniz.
</TEN-OF-PENTACLES-ONE>
<NINE-OF-PENTACLES-ONE>
    Bu kart, işinizin şu anda çok meşgul olacağını gösteriyor. Yeni fırsatlar, iş toplantıları, kurumsal şirketler vb. dünyalarınızı yönetecek. Sizin odak noktanız şimdi işinizin kalitesi ve işinizin somut bazı ilerlemelere nasıl ihtiyaç duyduğu olacaktır.
</NINE-OF-PENTACLES-ONE>
<EIGHT-OF-PENTACLES-ONE>
    İşlerin çok sıkıcı ve donuk hale geldiğini düşündüğünüzde, yeni yollar, size daha fazla enerji vermenizi sağlayacak. Tutumda ani bir değişim olacak ve takdir edeceğiniz bazı yenilikçi fikirleri denerken çevrenizdeki canlılığı göreceksiniz. Aile üyelerinizden bazı yardım ve destekler alacaksınız.
</EIGHT-OF-PENTACLES-ONE>
<SEVEN-OF-PENTACLES-ONE>
    Artık işler daha durağan görünebilir ve hatta bazı beklenmedik gecikmeler de olabilir. Bu, dikkatinizin eksikliği veya başka birisinin sizinle birlikte çalışmasından kaynaklanabilir. İşinize daha fazla dikkat etmelisiniz.
</SEVEN-OF-PENTACLES-ONE>
<SIX-OF-PENTACLES-ONE>
    Bu kart kariyeriniz için iyi bir zaman olduğunu gösterir, çünkü yeni fırsatlar sizin tarafınıza gelecektir ve kariyeriniz için yeni yollar açılacaktır. Bazı alışılmadık senaryolarla uğraşmak zorunda kalabilirsiniz ve bu durum, gerçekten ne istediğinize bağlı olarak, zihninizin dengesini korumaya çalışan durumu analiz etmeye çalışacağınız için biraz rahatsız edici olabilir.
</SIX-OF-PENTACLES-ONE>
<FIVE-OF-PENTACLES-ONE>
    Bu kart, iş yerinde bazı zor durumlarla karşılaşmanın bazı sıkıntılarının olabileceğini gösteriyor ki bu da strese neden olabilir. Ayrıca bazı kayıplar yaşamak zorunda kalabilirsiniz ve hatta yasal konulara sürüklenebilirsiniz. Bu durumdan kurtulmak istiyorsanız, huzurunuzu korumak zorunda kalacaksınız.
</FIVE-OF-PENTACLES-ONE>
<FOUR-OF-PENTACLES-ONE>
    Artık kariyerinizde bir miktar güvenlik arayışındasınız ve işleri, çabalarınızın hiçbiri boşa gitmeyecek bir şekilde planlıyorsunuz. Diğer şeylerin biraz dikkat gerektireceği gibi, işten biraz rahatsız olabilirsiniz. Fakat kontrolünüzü koruyacaksınız, aklınızda olanı elde etmek için sıkı çalışmanız gerekecek.
</FOUR-OF-PENTACLES-ONE>
<THREE-OF-PENTACLES-ONE>
    Bu kart, işinizle ilgili etkinliklerle meşgul olacağınızı göstermektedir. Programınız toplantılar, ortaklıklar, anlaşmalar, postalar ve diğer işle ilgili konularla doldurulacaktır. Yeni girişimler başlatmak için uygun bir partner veya iş ortağı bulabilirsiniz. Bu, işinize tüm iyiliği yapacak ve uyum getirecektir.
</THREE-OF-PENTACLES-ONE>
<TWO-OF-PENTACLES-ONE>
    Bu, çabalarınızın boşa gittiğini ve bazı kayıpların veya bazı cesaret kırıcı kelimelerin de acı çekmesi gerektiğini düşündüğünüz için işiniz için en uygun zaman değildir. İşler başlangıçta işe yaramayabilir, ancak uzun vadede bu sorunları çözebileceksiniz. Sadece işleri çok zorlamaya çalışmayın ve akıllıca düşünün.
</TWO-OF-PENTACLES-ONE>
<ACE-OF-PENTACLES-ONE>
    Bu kart, zaman, para ya da yeni girişimler ve ortaklıklar gibi bazı yatırımlar için bir dönem olduğunu gösteriyor. Geçmişte karşı karşıya kaldığınız ve ilerlemenizin çoğunu engelleyen sorunlar yakında yok olacak. Daha önce çalışmayan şeyler, yakında çalışmaya başlayabilir ve daha fazla para kazanabilirsiniz.
</ACE-OF-PENTACLES-ONE>
<KING-OF-CUPS-ONE>
    Kendinizi iş ile ilgili çeşitli aktivitelere dahil edeceksiniz ve bu sefer işletmeniz için bu biraz daha olağan olacaktır. Bu aynı zamanda ortağınızdan ayrılmanız ve bağımsız olarak çalışmak zorunda kalabileceğiniz anlamına da gelebilir. Eninde sonunda başarıya götürecek olan bir eylem ya da bir yol izleyeceğinizden, cesaretiniz kırılmasın.
</KING-OF-CUPS-ONE>
<QUEEN-OF-CUPS-ONE>
    Bu kart, etrafında koştuğunuz çeşitli kitaplar ve diğer kaynaklar nedeniyle, arayıp çıkarmak istediğiniz bir şeyler olduğunu gösteriyor. İşteki bazı sorunları çözmek için sezgisel yöntemleri uygulayabilecek birisine ihtiyacınız olacaktır ve bu da, şirketiniz için farklı alanlardan iyi haberler getirecektir.
</QUEEN-OF-CUPS-ONE>
<KNIGHT-OF-CUPS-ONE>
    İş ortamınız daha istikrarlı görünecek ve sonunda yerine düşen şeyleri göreceksiniz. İyi haberlerin bir parçası da yolda olabilir. Hayatınızı derinden etkileyecek bazı önemli kararlar vermeniz gerekecek ve çok fazla dikkat çekeceksiniz. Ancak genel olarak, işle ilgili sorunlarınız dinlenecek ve sorunsuz çalışacaksınız.
</KNIGHT-OF-CUPS-ONE>
<PAGE-OF-CUPS-ONE>
    Bu kart, şu an işinize derinden dalmış olacağınızı ve bunun kapsamlı tartışmalar, teoriler ve toplantılar içereceğini gösteriyor. Kendinizi organize etmeye yönelik net bir yola ve çalışmaya sahip olmak istiyorsunuz. Zihninizde bazı önemli şeyler olacak, bu da işinize karşı tüm dikkatinizi vermenize engelleyecektir.
</PAGE-OF-CUPS-ONE>
<TEN-OF-CUPS-ONE>
    Kendinizi tazelenmek ve hafifletmek istiyorsunuz ve bu ruh hali sizi işten ve gündelik koşuşturmacadan biraz uzaklaştıracaktır. Çevrenizde olağan dışı şeyler yaşandığını göreceksiniz ve bu da sizi neşeli bir havada tutacaktır. Ancak, şimdi işlerini görmezden gelemeyeceğiniz için temel kişilerle çalışmaya bağlanacaksınız.
</TEN-OF-CUPS-ONE>
<NINE-OF-CUPS-ONE>
    Bu kart, bir anlaşma veya sözleşmeyi sonuçlandırmaya çalışmak için bazı problemlerinizin olabileceğini göstermektedir. İşinizde ve profesyonel yaşamınızda istikrar arayışındasınız ve bu bir süre sonra gerçekleşecektir. Ancak, yeterli parasal kazançlar elde edebileceğinizden, endişelenecek bir durum yok.
</NINE-OF-CUPS-ONE>
<EIGHT-OF-CUPS-ONE>
    Artık konsantrasyonunuz, geçmişte neler yaptığınızı gözden geçirecek ve kendinizi ve çevrenizi değerlendirmek üzerine olacaktır. Endişelerinizi geride bırakmaya devam etmek için güçlü bir dürtüye de sahip olacaksınız. Şimdi sadece birkaç engel geçtikten sonra başarıya ve birkaç önemli kazanımlara sahip olabilirsiniz.
</EIGHT-OF-CUPS-ONE>
<SEVEN-OF-CUPS-ONE>
    Her zamankinden daha ruhani hissediyorsunuz ve içgüdülerinize göre pratik yaklaşımdan daha fazlasını yapıyorsunuz. İşteki nahoş sıradan ortam, kendinizi üzgün hissetmenize ve hayal kırıklığına uğratmanıza neden olabilir ve kendinizi yeniden keşfetmeniz için bir ihtiyaç hissedersiniz. Olumsuz yönlerden kaçınmak için, çalıştığınız şeyin daha parlak yanını görmeye çalışacaksınız.
</SEVEN-OF-CUPS-ONE>
<SIX-OF-CUPS-ONE>
    Sıradan rutinden bıktınız ve umutsuzca bir mola ya da ortaya çıkması için daha ilginç bir şey arıyorsunuz. Aynı zamanda, her zamankinden daha fazla sosyalleşmek için, isteği de bulacaksınız. Arkadaşınız veya meslektaşınız iş ile ilgili yardım isteyebilir ve sadece rutin bir değişim için yardımcı olmaktan mutluluk duyacaksınız.
</SIX-OF-CUPS-ONE>
<FIVE-OF-CUPS-ONE>
    Günlük işleriniz size zarar verebilir ve bitkin ve stresli olabilirsiniz. İşler oldukça sıkıcı gözükebilir ve heyecan verici ve zorlu bir şey için sabırsızlıkla bekleyebilirsiniz. Ayrıca bazı hayal kırıklıklarıyla yüzleşmek zorunda kalabilirsiniz, bu da sizi son derece hakkı yenilmiş hissetirebilir. Bu zamanda bir mola vermek, çok daha iyidir.
</FIVE-OF-CUPS-ONE>
<FOUR-OF-CUPS-ONE>
    Bazı kağıt işleri ile ilgili bazı problemleriniz olabilir ve bu, sizin aşırı derecede huzursuz hissetmenizi sağlayabilir. Ancak aynı zamanda, işinizin karınızı artıracak bir genişleme alanı da vardır. Yeni fırsatlar kapınızı çalacağından dolayı, işinize ve kariyerinize saygı duyacaksınız.
</FOUR-OF-CUPS-ONE>
<THREE-OF-CUPS-ONE>Bu kart, hayatınızı daha iyi ve daha ideal hale getirmeye çalışmak için bazı öz disiplinleri aradığınızı gösterir. Geniş araştırma ve analizleri içeren çalışmalara katılabilirsiniz. Ayrıca biraz daha stresli olabilirsiniz ve arkadaşlarınız ve aileniz ya da başka etkinlikleriniz için biraz daha fazla zaman ayırmaya çalışabilirsiniz.
</THREE-OF-CUPS-ONE>
<TWO-OF-CUPS-ONE>
    Bu, kararlarınızı yeniden sağlayacak olan meslektaşlarınızın desteğini ve onay için bir el aradığınız bir zamanlardır. Sınırlarla bağlı kalmak istemiyor ve normal ufuklardan çıkmak istiyorsunuz. Daha önce eleştirilmiş olabilen, ancak daha sonra hayranlık duyacağınız bazı cesur adımlar atacaksınız.
</TWO-OF-CUPS-ONE>
<ACE-OF-CUPS-ONE>
    Bu kart, çok fazla iş gerektirebilecek bazı yeni projeler tarafından karşılanacağınızı gösteriyor. Bazı yaratıcı ve yeni fikirler kullanarak hedeflerinizi gerçekleştirmek için yeni bir yaklaşım izlemek isteyebilirsiniz. Kalbinizi veya aklınızı izlemeniz gerekip gerekmediğine dair kafa karışıklığına düşebilirsiniz.
</ACE-OF-CUPS-ONE>
</ROOT>
