﻿<?xml version="1.0" encoding="utf-8" ?>
<ROOT>
<THE-FOOL-ONE>Para conseguir o que você quer, você tem que estar disposto a dar um salto de fé e tentar algo novo e diferente. A única maneira de obter o seu desejo é dar seus desejos ao universo e continuar a trabalhar nesse sentido. No entanto, há sempre a chance de que seu sonho é uma missão de tolos. </THE-FOOL-ONE>
<THE-MAGICIAN-ONE>Você sabe exatamente o que quer e você trabalha para seu objetivo. Com esforço e dedicação, você terá sucesso com os desejos do seu coração. Você está qualificado e usando todos os seus talentos, você pode contar com grandes coisas que acontecem com você. Alinhe seus desejos, coloque esforço e você será recompensado. </THE-MAGICIAN-ONE>
<THE-HIGH-PRIESTESS-ONE>Este é um cartão de mistério. É difícil dizer se os seus sonhos e desejos se tornarão realidade, mas você deve seguir seus instintos. Ao seguir o que está em seu coração, você terá uma ideia melhor de qual será o resultado. As palavras têm significados sagrados e ao falar desejo do seu coração, você vai entender melhor o resultado. </THE-HIGH-PRIESTESS-ONE>
<THE-EMPRESS-ONE>Este é um momento de carinho e crescimento. Todos os sinais apontam para obter o seu desejo, enquanto ele é saudável para você fazê-lo. Na luta por seus desejos, é que incomode as pessoas ao longo do caminho. Não pise nas pessoas para obter o seu caminho, como a Imperatriz tem um lado escuro quando as pessoas são abusadas. </THE-EMPRESS-ONE>
<THE-EMPEROR-ONE>Você é uma figura de autoridade e geralmente consegue o que quer. No entanto, seus desejos são baseados no fato de você não abusar ou maltratar os menores para você conseguir o que quer. As pessoas pequenas são as que assegurem os seus sonhos, mostre compaixão e apreço por eles para promover seus desejos. </THE-EMPEROR-ONE>
<THE-HIEROPHANT-ONE>Para obter os seus desejos, você deve contar com as antigas e convencionais maneiras de fazer as coisas. Agora não é o momento para o novo e criativo. Estabilidade e ortodoxia vão servir os seus desejos no curto prazo. Se você pisar fora do convencional, você correrá o risco de todos os seus desejos serem sacrificados assim como sua felicidade a longo prazo. </THE-HIEROPHANT-ONE>
<THE-LOVERS-ONE>Este cartão representa relacionamentos e comunicação e a comunicação é necessária para que você possa atingir o seu objetivo. Você não pode fazer isso sozinho. Você precisa ter outras pessoas do seu lado, puxando você e ajudando-o, para fazer seu desejo se realizar. Você tem muito menos chance de sucesso se afastar as pessoas dispostas a ajudar. </THE-LOVERS-ONE>
<THE-CHARIOT-ONE>Você tem o poder para fazer seus sonhos se tornarem realidade. Você está no assento do motorista e pode conseguir qualquer coisa que você colocar seu coração e mente, contanto que você se esforce. Você precisa ganhar deles. Você tem força, unidade e foco para fazê-lo. É hora de começar a trabalhar. </THE-CHARIOT-ONE>
<STRENGTH-ONE>É preciso coragem, força de vontade e autocontrole para alcançar seus objetivos. Você pode ter que fazer sacrifícios para conseguir o que quer e você pode enfrentar alguma adversidade antes de chegar lá. Se você se perseverar, verá os frutos de seu trabalho. Tenha fé em poderes além de do mundo físico você conseguirá a força de que precisa para mover-se. </STRENGTH-ONE>
<THE-HERMIT-ONE>Você acha que você está sozinho em seus desejos e pode precisar de solidão para descobrir se seus desejos estão em seus melhores interesses. Tempo sozinho pode ajudá-lo a priorizar o que você realmente quer. Tomando este tempo irá ajudá-lo a esclarecer seus desejos, e se, quando você estiver pronto, você ainda desejá-lo, vá em frente! </THE-HERMIT-ONE>
<WHEEL-OF-FORTUNE-ONE>A mudança está no seu caminho, e só você pode dizer se é para melhor ou pior. Geralmente mudança simboliza sorte, se as coisas estão indo bem para você, você vai achar que você não vai conseguir o que deseja. No entanto, se você tem se esforçado ultimamente, agora é a hora que você estava esperando. </WHEEL-OF-FORTUNE-ONE>
<JUSTICE-ONE>A vida está em equilíbrio com a Justiça, e você vai conseguir o que você quiser, desde que ela não afeta outras pessoas de uma forma negativa. Se obter o seu desejo significa uma profunda dor ou sacrifício para os outros, você vai, para obtê-lo. No entanto, se o seu desejo não tem qualquer efeito negativo sobre aqueles ao seu redor, seu desejo será cumprido. </JUSTICE-ONE>
<THE-HANGED-MAN-ONE>Você terá que sacrificar os seus desejos para os de outro. Agora é a hora de colocar seus próprios desejos em segundo plano e ajudar aqueles que o rodeiam. A vantagem disso é que, uma vez que os outros tenham obtido os seus desejos, será a sua vez. Este cartão simboliza o sacrifício de curto prazo para o ganho final de longo prazo. </THE-HANGED-MAN-ONE>
<DEATH-ONE>Este cartão simboliza grandes mudanças chegando. Se seus desejos são para essas mudanças você vai achar que seu desejo se realizará rapidamente. No entanto, se o seu desejo é para que as coisas permaneçam as mesmas, seus desejos não serão cumpridos. É hora de agitar as coisas de uma forma significativa. </DEATH-ONE>
<TEMPERANCE-ONE>Não peça muito neste momento. Você terá pequenos desejos atendidos, mas agora não é o momento para pedir mais do que aquilo que as outras pessoas têm. Você será recompensado por seu autocontrole e desejo de moderação. Relaxe seus desejos e sabe que o equilíbrio é o caminho do universo. </TEMPERANCE-ONE>
<THE-DEVIL-ONE>Você estado muito preocupado com desejos materiais e é hora de dar um passo atrás e reavaliar o que você realmente quer e precisa. Ao pedir demais, você está se preparando para uma grande queda. Você está pedindo por algo que não serve muito bem para você e conseguir isto pode acabar mal. </THE-DEVIL-ONE>
<THE-TOWER-ONE>Você pode pensar que você tem alcançado desejos do seu coração, mas você está enfrentando a possibilidade de perder tudo. Você pode ter pedido muito e não está compartilhando sua riqueza. Você está perdendo o que pensou que era precioso para você e precisa reavaliar o que realmente deseja. Você pode ter começado, mas há risco de perder tudo. </THE-TOWER-ONE>
<THE-STAR-ONE>Este é o cartão da esperança. Você está se sentindo positivo e inspirado e quando esta carta aparece, é provável que seu desejo seja cumprido. Tudo parece estar indo ao seu caminho. Você tem feito o trabalho que precisa, e agora você pode sentar e esperar que a boa fortuna virá até você. </THE-STAR-ONE>
<THE-MOON-ONE>Você precisa ouvir o que o seu lado intuitivo está dizendo, como as coisas podem não ser muito claras para você agora. Seus instintos lhe dirão se o desejo que você quer realmente vale a pena buscar alcançá-lo. Às vezes é melhor ouvir o seu coração do que a sua cabeça. </THE-MOON-ONE>
<THE-SUN-ONE>As coisas estão indo bem para você, e qualquer desejo que busca será cumprido rapidamente. O sol está brilhando em sua vida e você sente que há boa sorte em seu caminho. Sei que as coisas estão se movendo na direção certa e você pode contar com o que você quer e precisa na vida. </THE-SUN-ONE>
<JUDGEMENT-ONE>Para conseguir o que quer, você terá que colocar esforço extra. Mesmo que você tenha feito tudo o que você pensou que precisava fazer, não é o bastante. Aumento do esforço levará a resultados frutíferos. Lembre-se que pode não ir até você, e há pessoas que julgam você por seus esforços. </JUDGEMENT-ONE>
<THE-WORLD-ONE->Este é um cartão de conclusão, de testemunhar o fim das coisas. Isto significa que, o que você tem vindo a trabalhar para está prestes a vir à realização. Certifique-se de que tudi em sua vida esteja alinhado e você vai conseguir o que você sonha em ter. </THE-WORLD-ONE->
<ACE-OF-WANDS-ONE>Este é um cartão de inícios positivos, o que significa que o que você tem de sonhar está prestes a chegar para você e iniciar uma fase totalmente nova em sua vida. É provável que haja ainda mais sucesso que você sempre sonhou. Sua energia e paixão tem dado a você o que merece. </ACE-OF-WANDS-ONE>
<TWO-OF-WANDS-ONE->Você acha que você está tentando manter as coisas em equilíbrio, e que você não deve gastar muito tempo se concentrando em uma área da vida em detrimento da outra. Contanto que sua vida esteja em equilíbrio relativo, você vai começar a ver os frutos de seu trabalho e alcançar o que você sonha. </TWO-OF-WANDS-ONE->
<THREE-OF-WANDS-ONE>Você tem tido alguma dificuldade em cumprir seus desejos e sonhos. No entanto, como você coloca esforço para trabalhar com essas dificuldades, você vai achar que as coisas estão começando a cair no lugar para você e você está começando a ver os resultados de seu trabalho e os seus sonhos. </THREE-OF-WANDS-ONE>
<FOUR-OF-WANDS-ONE>Você ainda tem algum trabalho a fazer se você quer algo. As coisas estão boas para você, mas não há muito tempo para descansar sobre o que você já fez. As pessoas estão assistindo, e você tem mais a fazer. Certifique-se de dar-se um pouco de relaxamento, mas não assuma que é hora de parar ainda. </FOUR-OF-WANDS-ONE>
<FIVE-OF-WANDS-ONE>As coisas estão difíceis para você agora, e para conseguir o que você deseja você pode enfrentar alguma competição. Se você jogar justo, provavelmente terá sucesso. No entanto, se você trapacear para tentar obter seus desejos atendidos, isto certamente vai se voltar contra você e você vai ficar sem nada nas mãos. </FIVE-OF-WANDS-ONE>
<SIX-OF-WANDS-ONE>Você tem enfrentado uma série de desafios ultimamente, o que pode ter desencorajado você. Mas se você perseverar, você vai ver que as coisas vão funcionar muito melhor do que você jamais sonhou. Seu trabalho duro está valendo a pena, basta manter o esforço e trabalho em direção aos seus sonhos, e você terá grande sucesso. </SIX-OF-WANDS-ONE>
<SEVEN-OF-WANDS-ONE>Você sente alguma dúvida e questionamento sobre se seus desejos se tornarão realidade. No entanto, enquanto você transformar esta dúvida em ação positiva, as coisas vão sair para o melhor no final. A parte mais difícil não é tornar-se demasiado negativa quando as coisas no início não seguem o seu caminho. </SEVEN-OF-WANDS-ONE>
<EIGHT-OF-WANDS-ONE>Você vai ter que esperar mais algum tempo. Agora não é o momento para os seus desejos se manifestarem. Às vezes, tudo o que você pode fazer é esperar, e forçar tornará a situação negativa. Ele está fora de suas mãos e você precisa esperar por outros antes de saber se terá o que você deseja. </EIGHT-OF-WANDS-ONE>
<NINE-OF-WANDS-ONE>Você está se sentindo ansioso sobre a obtenção de seus desejos, e você pode sentir como as coisas estão ficando muito complicadas para você para continuar. Se outras pessoas estão tensas em torno de você, tente manter a calma, esta é sua melhor aposta. Levar as coisas um dia de cada vez e você acabará por ver os resultados que deseja. </NINE-OF-WANDS-ONE>
<TEN-OF-WANDS-ONE>As coisas estão ficando muito difícil para você, e é hora de você abrir mão de alguns de seus sonhos e desejos, como você está procurando muito. Quando você sonha muito longe e muito rápido tornar-se oprimido e terá de reavaliar e decidir o que é mais importante. </TEN-OF-WANDS-ONE>
<PAGE-OF-WANDS-ONE>Você tem trabalhado por um longo tempo para fazer seus sonhos se tornarem realidade e você deve começar a ver alguns resultados positivos. Outros ao seu redor estão dispostos a ajudá-lo, e você deve aceitar a ajuda com graça e gratidão. Logo você verá os resultados positivos que está procurando. </PAGE-OF-WANDS-ONE>
<KNIGHT-OF-WANDS-ONE>Você está com vitalidade e cheio de energia e coloca isto no esforço em sua vida que você precisa para obter o que deseja. Devido a este aumento de energia, as coisas tendem a trabalhar muito melhor do que você tinha sequer esperado. Você se sente confiante em suas habilidades, e isso ajuda você em sua missão. </KNIGHT-OF-WANDS-ONE>
<QUEEN-OF-WANDS-ONE>As coisas estão indo o seu caminho e você espera obter tudo o que você tem desejado e trabalhando. Você tem muita energia e está colocando-a em bom uso. Se você tem tido dificuldade, as coisas estão começando a melhorar e você pode esperar para começar receber o que você desejou. </QUEEN-OF-WANDS-ONE>
<KING-OF-WANDS-ONE>Você tem muita energia e está usando-a para fazer ganhos positivos em relação a seus desejos. As pessoas ao seu redor estão lhe apoiando e incentivando e você toma isto como um sinal positivo para continuar trabalhando. Com ajuda você será capaz de conseguir tudo o que você definir o seu coração em direção. </KING-OF-WANDS-ONE>
<ACE-OF-SWORDS-ONE>É hora de um novo começo. Para chegar onde você realmente precisa estar você deve abandonar algumas coisas para abrir espaço para o que é melhor para sua vida. Ir além da ansiedade de fazer mudanças e ouvir a voz mansa e delicada que está a ajudar a mostra-lhe a direção que você deve seguir. </ACE-OF-SWORDS-ONE>
<TWO-OF-SWORDS-ONE>Este momento não é apenas sobre o que você quer, mas também sobre o que seu parceiro quer em sua vida também. Você pode ter que sacrificar seus desejos e fazer alguém feliz. Muitas vezes, para obter o que você deseja em detrimento da outra no final não dá certo. Descubra o que é mais importante para você. </TWO-OF-SWORDS-ONE>
<THREE-OF-SWORDS-ONE>Você está se sentindo triste e está a perceber que você não está no caminho para conseguir o que deseja. Você não pode sempre ter o que você pensou que queria, mas você pode encontrar no final algo para agradecer, o que se obtém é melhor do que você desejava. </THREE-OF-SWORDS-ONE>
<FOUR-OF-SWORDS-ONE>Você precisa fazer uma pausa por um tempo e reavaliar o que é mais importante. Você pode achar que o que você havia desejando não é o que realmente quer. No entanto, se você ainda deseja isto, é hora trabalhar para atingir seu objetivo. </FOUR-OF-SWORDS-ONE>
<FIVE-OF-SWORDS-ONE>Você pode ser o que está atrapalhando o caminho para cumprir seus sonhos. Você é seu pior inimigo. Você tem sentimentos mistos sobre se você realmente quer o que você tem desejado isto está a sabotar a si mesmo. Reexamine seus desejos para redefinir seu caminho. Pense antes de agir. </FIVE-OF-SWORDS-ONE>
<ACE-OF-SWORDS-ONE>Há um movimento em direção a seus objetivos. Embora as coisas estejam acontecendo devagar, você está finalmente vendo algum progresso e se sentindo menos estressado sobre o sentido de suas ações. Se precisar de ajuda para alcançar seus desejos agora é o momento de pedir. É hora de tomar uma decisão sobre a forma de progredir em direção a seus desejos. </ACE-OF-SWORDS-ONE>
<SEVEN-OF-SWORDS-ONE>As pessoas estão olhando para você para ver se você está enganando ou agindo de forma imoral para cumprir suas metas. Você não pode enganar para conseguir o que deseja, outras pessoas estão assistindo você e irão bloquear seu caminho se elas não gostarem de seus métodos. Para conseguir o que deseja você deve agir com dignidade. </SEVEN-OF-SWORDS-ONE>
<EIGHT-OF-SWORDS-ONE>Para conseguir o que deseja você deve estar aberto à derrota. As coisas nem sempre trabalham como nós pensamos que eles deveriam, e você pode ter que deixar ir de objetivos menores e deseja obter o que você realmente quer. Derrota no curto prazo pode significar a vitória no longo prazo. Examine seus objetivos para decidir o que é realmente importante. </EIGHT-OF-SWORDS-ONE>
<NINE-OF-SWORDS-ONE>Proteja-se contra os sentimentos de ansiedade. Eles estão no caminho de seus desejos. Em vez disso, procure soluções. Existem coisas que você pode mudar para ajudá-lo a se mover na direção certa? Você só pode controlar as coisas quando você está no comando e você deve aprender a descansar. Você terá melhor sorte assim. </NINE-OF-SWORDS-ONE>
<TEN-OF-SWORDS-ONE>Você precisa reavaliar o que você está desejando. Muito provavelmente, você não vai conseguir o que você tem de sonhar. Mas é preciso lembrar que, quando uma porta se fecha, outra se abre. Você deve aprender a aceitar rejeição de seu desejo com dignidade e focar sua energia em algo novo. </TEN-OF-SWORDS-ONE>
<PAGE-OF-SWORDS-ONE>Você está forçando muito para obter o que deseja, e está transformando sua sorte contra você. Em vez disso, aprende a relaxar e deixar que as coisas aconteçam. Além disso, aprenda a deixar os outros ajudá-lo. Você não precisa fazer tudo sozinho e você não precisa se esforçar tanto. Ao relaxar, você vai conseguir o que deseja. </PAGE-OF-SWORDS-ONE>
<KNIGHT-OF-SWORDS-ONE>O que você procura está vindo para você. Fortunas estão a transformar seu caminho e você está começando a ver os resultados para o que você está desejando. Olhe para o que você está procurando que chegará até você em breve. Você tem sorte de estar recebendo o que seu coração tem desejado, a boa sorte é sua em um futuro próximo. </KNIGHT-OF-SWORDS-ONE>
<QUEEN-OF-SWORDS-ONE>Você sabe o que quer e agora é a hora de ir atrás disto. Se você tem desejado, sem qualquer esforço de sua parte, é hora de trabalhar. Você não vai apenas ser entregue as coisas, mas se esforçar será recompensado no final, você verá os resultados positivos que está procurando. </QUEEN-OF-SWORDS-ONE>
<KING-OF-SWORDS-ONE>Pode ser necessário reexaminar o que você quer em sua vida. Você está procurando fazer muito, e quando você faz isso, você nunca vai conseguir tudo o que deseja. Em vez disso, você precisa descobrir o que é mais importante para você e deixar abandonar o resto. Você pode ter que sacrificar seus desejos para o bem maior. </KING-OF-SWORDS-ONE>
<ACE-OF-PENTACLES-ONE>As coisas estão vindo em sua direção, e você acha que você vai conseguir o que têm ansiado. Novas oportunidades estão vindo para você, e você se sentirá satisfeito com a sua sorte e com o quão duro você está trabalhando. Você merece grandes coisas na vida e elas estão vindo em sua direção. </ACE-OF-PENTACLES-ONE>
<TWO-OF-PENTACLES-ONE>Você está olhando para o começo muitas coisas agora. Você precisa esvaziar o seu prato e se concentrar em uma ou duas coisas que realmente quer e terá uma chance muito maior de conseguir. Ao colocar o seu esforço em muitas coisas, você nunca vai conseguir o que você realmente quer. </TWO-OF-PENTACLES-ONE>
<THREE-OF-PENTACLES-ONE>Este é um bom presságio que você vai ter o que quer, e em um período relativamente curto de tempo. Você está no caminho certo para cumprir seus desejos, e mesmo se você tropece confie que você está no caminho certo e que com o trabalho contínuo, você vai conseguir o que deseja. </THREE-OF-PENTACLES-ONE>
<FOUR-OF-PENTACLES-ONE>Você está se sentindo ansioso sobre o alcance de seus objetivos e obter o que deseja. Você está segurando em um sonho que não é mais realista, ele não atende mais seus interesses ou mesmo seu desejo. Você deve abandona-lo para permitir ainda maiores fortunas em sua vida. Perda pode levar a ganhos ainda maiores. </FOUR-OF-PENTACLES-ONE>
<FIVE-OF-PENTACLES-ONE>As coisas são muito inseguras agora, e você está se sentindo como o universo te deixou abandonou. Você está se sentindo preso e não está recebendo o que quer. Tenha fé que as coisas irão melhorar com o seu trabalho contínuo e perseverança. As coisas vão melhorar se você continuar a sonhar. </FIVE-OF-PENTACLES-ONE>
<SIX-OF-PENTACLES-ONE>As coisas não têm chegado em seu caminho, mas suas fortunas estão começando a mudar para melhor. As pessoas estão dispostas a ajudá-lo, mesmo de forma inesperada. Aceite o que eles têm para oferecer. Quando os outros ajudá-lo a alcançar seus desejos, você vai conseguir realizar seu sonho. </SIX-OF-PENTACLES-ONE>
<SEVEN-OF-PENTACLES-ONE>Você tem trabalhado duro para seus sonhos e agora é o momento de ver um retorno sobre o investimento do seu tempo e energia. Você tem sido ansioso no passado sobre se você deseja obter o que você quer, mas requer força! É o seu tempo e você vê os frutos de seu trabalho duro! </SEVEN-OF-PENTACLES-ONE>
<EIGHT-OF-PENTACLES-ONE>Certifique-se de que você está fazendo o que precisa para que você possa atingir seus objetivos. Você tem que colocar energia para obter mais energia, mas trabalhar para seu próprio bem não vai ajudar a sua causa. Quando você está focado e trabalhando para o resultado desejado, isso vai acontecer. Sua dedicação para com seus desejos é louvável. </EIGHT-OF-PENTACLES-ONE>
<NINE-OF-PENTACLES-ONE>Felicidade e sucesso estão em seu futuro. As coisas vão vir muito melhor do que você jamais sonhou. Defina suas prioridades e você vai conseguir grandes coisas e obter todos os desejos do seu coração. Quando você alcançar seus sonhos, certifique-se retribuir e ajudar aqueles que ainda estão lutando. </NINE-OF-PENTACLES-ONE>
<TEN-OF-PENTACLES-ONE>Você conseguiu ou vai conseguir o que deseja. Tudo em sua vida parece estar se encaixando, e agora é o momento de ser grato por tudo o que lhe foi dado. Nem todo mundo tem seus desejos realizados, e você sabe que você tem sorte de receber o desejo do seu coração. </TEN-OF-PENTACLES-ONE>
<PAGE-OF-PENTACLES-ONE>Você tem grandes sonhos e grande energia para apoiar seus sonhos. Há muito trabalho a ser feito, no entanto, e você precisa trabalhar passando por partes duras e tédio e assim seu objetivo cumprido. Às vezes você se esquece da emoção final, sofrer faz parte do processo. </PAGE-OF-PENTACLES-ONE>
<KNIGHT-OF-PENTACLES-ONE>Se você deseja algo prático é mais provável obtê-lo do que se você está desejando algo extravagante. Às vezes, trabalhando para a prática é a melhor coisa que pode se fazer a fim de mover a sua vida para frente. A vida é feita de trabalho duro e sacrifício, e às vezes você precisa das duas coisas. </KNIGHT-OF-PENTACLES-ONE>
<QUEEN-OF-PENTACLES-ONE>Agora é tempo de realização e você está olhando na direção de tornar seus sonhos realidade. Se você estiver trabalhando duro, você vai chegar perto de seus objetivos. Seja positivo e grandes coisas virão em sua direção. Agora, trabalhar sua vida doméstica vai trazer as maiores recompensas. </QUEEN-OF-PENTACLES-ONE>
<KING-OF-PENTACLES-ONE>Siga formas estabelecidas de fazer as coisas e você terá melhor sorte para conseguir desejos do seu coração do que se tentar soluções ainda não experimentadas, bizarras. Se você trabalhar duro, fazer a coisa certa e colocar esforço, você vai conseguir o que está sonhando. As pessoas estão dispostas a apoiar seus esforços. </KING-OF-PENTACLES-ONE>
<ACE-OF-CUPS-ONE>As coisas estão ficando cada vez melhor para você! Todo o seu esforço está valendo a pena e sua felicidade está nas mãos do universo. E o universo é feliz em servir-lhe. Pessoas ao seu redor estão contentes em ajudar e querem que você alcance seus sonhos. Tudo está indo o seu caminho. Aprecie! É a sua vez. </ACE-OF-CUPS-ONE>
<TWO-OF-CUPS-ONE>As coisas estão indo bem e as pessoas estão dispostas a ajudá-lo a alcançar seus desejos. O universo vai cuidar de você, enquanto você cuida de todos os aspectos de sua vida. Não deixe que os seus desejos em uma área fazer sejam ignorados. Equilíbrio é a chave para realização. </TWO-OF-CUPS-ONE>
<THREE-OF-CUPS-ONE>As coisas estão indo o seu caminho em todas as áreas de sua vida. Amor e dinheiro estão especialmente com sorte para você agora, e trabalhando duro vai conseguir o que sonha. Você tem sorte suficiente para estar comemorando o que tem desejado e as pessoas que você ama estão lá para apoiá-lo. </THREE-OF-CUPS-ONE>
<FOUR-OF-CUPS-ONE>Você está sonhando demais e não tem agradecido o que já tem. Quando você deixar de contar suas bênçãos, é menos provável receber outras do universo. O futuro é muito tempo longe e se você não passar o tempo no presente, você ficará muito desapontado para o que você quer. </FOUR-OF-CUPS-ONE>
<FIVE-OF-CUPS-ONE>Sua sorte está misturada. Algumas coisas estão indo bem e outras estão indo mal. No entanto, você vai se sentir mais bênçãos em sua vida se você se concentrar no positivo e um bem maior. Lembre-se que nós não conseguimos tudo o que queremos na vida, mas sendo negativo com isso amplia somente o lado ruim. </FIVE-OF-CUPS-ONE>
<SIX-OF-CUPS-ONE>Você tem desejado por dias melhores que ficaram no passado. No entanto, você nunca pode recuperar o que foi perdido, e centrar-se sobre o passado significa que você não vai conseguir o que está vindo no futuro. Recentre seus desejos e esforços e assim trará coisas maiores do que as que você perdeu. </SIX-OF-CUPS-ONE>
<SEVEN-OF-CUPS-ONE>Reoriente seus desejos. Você tem muito acontecendo e sua energia é muito dividida em alcançar qualquer um dos seus objetivos fazendo você caminhar para todos eles ao mesmo tempo. Em vez disso, escolha o seu maior desejo e coloque sua atenção nele. Indo para o que você realmente quer dará a você maior chance de sucesso. </SEVEN-OF-CUPS-ONE>
<EIGHT-OF-CUPS-ONE>Ouça seus instintos. Você pode estar lutando por um sonho que não lhe serve. Embora em um momento estava no caminho certo, sua vida e situação mudaram, mas seus sonhos não. Reavalie o que você realmente quer. Esta reorientação irá permitir que você colocar a sua energia nas metas mais adequadas. </EIGHT-OF-CUPS-ONE>
<NINE-OF-CUPS-ONE>Boa sorte está ao seu lado. A felicidade está vindo em sua direção. Você ainda não tinha contado com uma volta tão rápida em torno de seus desejos, mas o universo está em um humor d edoação. O que você quer vai entrar em sua vida. Certifique-se de ser grato pelo que o universo lhe deu. </NINE-OF-CUPS-ONE>
<TEN-OF-CUPS-ONE>A felicidade está vindo em sua direção. Você está prestes a receber todas as coisas que você desejou. Além disso, aqueles em torno de você também irão colher os frutos positivos da sua sorte, e seus sonhos estão se tornando realidade também. O cartão mais feliz do convés, ele mostra que você é merecedor de alegria e abundância. </TEN-OF-CUPS-ONE>
<PAGE-OF-CUPS-ONE>Torne-se mais brincalhão e espontâneo em seu sonho. Você tem desejos dentro de você que você ainda não admitiu, e quando você parar de ser tão sério, e começar a aproveitar a vida você descobrirá o que você realmente quer e como obtê-lo. Alegria é importante na vida. </PAGE-OF-CUPS-ONE>
<KNIGHT-OF-CUPS-ONE>As coisas estão indo bem. Sua energia está servindo bem a trabalha em direção a seus sonhos, e você vê que eles vão se tornar realidade. O universo irá apontar a direção certa para obter tudo o que quiser, desde que saiba ouvir. Seja orgulhoso de suas conquistas. Você ganhou. </KNIGHT-OF-CUPS-ONE>
<QUEEN-OF-CUPS-ONE>O universo apoia você em seus sonhos. Você ainda tem que fazer o trabalho para que seus sonhos se tornem realidade. Não existe tal coisa como um sucesso da noite para o dia. No entanto, quando você pagar suas dívidas, o universo está lhe apoiando e irá conceder-lhe o que você desejou. </QUEEN-OF-CUPS-ONE>
<KING-OF-CUPS-ONE>Nutra seus sonhos e desejos. Trate-os com carinho. Eles merecem todo o carinho que você puder lhes dar. Há pessoas em seu canto que apoiam seus sonhos e desejos. Permita que os outros lhe ajudem e assim ficará mais perto de o que deseja. O amor pode ver através de você.</KING-OF-CUPS-ONE>
</ROOT>
