<?xml version="1.0" encoding="utf-8" ?>
<ROOT>
<ACE-OF-CUPS-ONE >Эта карта указывает, что сейчас вы находитесь в гармонии с самим собой, вами правят любовь, наслаждение и романтичность. Вероятно, вы познакомитесь с кем-то, кому вы понравитесь, и позже отправитесь на свидание с этим человеком. Если вы уже в отношениях, то, возможно, вы и ваш любимый человек задумаетесь о том, чтобы связать себя узами брака. </ACE-OF-CUPS-ONE >
<TWO-OF-CUPS-ONE >Вы хотите, чтобы ваша любовная жизнь наладилась, чтобы разрешились вопросы, которые назрели в ваших отношениях. Вы не находите себя покоя и неспособны уделить достаточно внимания партнёру, так как вас что-то очень тревожит и смущает. Вам нужно быть сильными и принять конкретные решения, касающиеся ваших чувств. </TWO-OF-CUPS-ONE >
<THREE-OF-CUPS-ONE >Карта указывает, что сейчас вы чувствуете себя очень ранимыми и хотите, чтобы о вас заботились. Вы постараетесь выразить свою заботу и сопереживание близким и партнёру. Скоро всё наладится, и в вашей жизни воцарится романтика. </THREE-OF-CUPS-ONE >
<FOUR-OF-CUPS-ONE >Карта указывает, что сейчас у вас может появиться сильное желание иметь отношения. Если же вы уже в отношениях, вы почувствуете, что вы стали ближе к партнёру, и захотите разрешить любые споры, если они есть. Это время может быть несколько беспокойным для вас, вы будете пытаться выяснить отношения с партнёром, оставшись счастливой парой. </FOUR-OF-CUPS-ONE >
<FIVE-OF-CUPS-ONE >Сейчас вы чувствуете себя более эмоциональными, хотите серьёзных отношений, где будет взаимопонимание и комфорт, возможно, вы выберете в качестве партнёра вашего друга. Сейчас вы понимаете, что неправильно отказываться от того, чтобы быть самими собой, только чтобы сохранить отношения, так как этот путь может оказаться разрушительным. </FIVE-OF-CUPS-ONE >
<SIX-OF-CUPS-ONE >Карта указывает, что, несмотря на то, что вам нравится определённый человек, вы пойдёте на эксперименты, которые поведут вас в совершенно другом направлении. Вы стараетесь делать что-то особенное для партнёра, но ваше с ним будущее как пары может быть под вопросом. </SIX-OF-CUPS-ONE >
<SEVEN-OF-CUPS-ONE >Вы не уверены в своих чувствах и стараетесь найти путь к сердцу того, с кем вы хотели бы быть вместе. У вас не получится уделить достаточно времени вашему любимому человеку из-за работы и других забот. Если вы одиноки, встреча с кем-то в этот период окажется перспективной. </SEVEN-OF-CUPS-ONE >
<EIGHT-OF-CUPS-ONE >Эта карта указывает, что сейчас ваши отношения могут показаться вам несколько скучными, что помешает вам и вашему любимому человеку создать крепкий союз. Ваши отношения могут подвергнуться стрессу, в них будет витать неопределённость, всё это обеспокоит вас обоих, возможны ссоры. Вы можете принять решение о прекращении отношений, это будет нелегко и очень ранит вас. </EIGHT-OF-CUPS-ONE >
<NINE-OF-CUPS-ONE >Сейчас вы жаждете идеальных отношений, может быть, с тем, кто недавно вошёл в вашу жизнь. Вы хотите, чтобы ваши отношения стали интереснее. У вас есть сомнения, касающиеся их, и хотя вы хотите их продолжать, вы будете осторожны, так как осознаёте риски. </NINE-OF-CUPS-ONE >
<TEN-OF-CUPS-ONE >Эта карта указывает, что сейчас вы хотите более серьёзных отношений, вам требуется поддержка партнёра. Может произойти эмоциональный обмен мнениями, который оставит после себя напряжение. Возможны сильные чувства к кому-то новому в вашей жизни. Также эта карта говорит о браке. </TEN-OF-CUPS-ONE >
<PAGE-OF-CUPS-ONE >Вы хотите гармоничных отношений и надёжного будущего. Вы не находите себе покоя, стараясь создать желаемое будущее, но это займёт время. Вам нужно будет быть с кем-то рядом, чтобы почувствовать заботу и любовь, потому что вам не хочется быть одинокими вновь. </PAGE-OF-CUPS-ONE >
<KNIGHT-OF-CUPS-ONE >Карта указывает, что вы захотите выбраться куда-то с вашим любимым человеком, окружающие будут очарованы вашей парой, вы будете в восторге от такого времяпрепровождения. Если вы одиноки, вы ощутите, что настало время взять инициативу в свои руки, чтобы отношения продвигались вперёд. </KNIGHT-OF-CUPS-ONE >
<QUEEN-OF-CUPS-ONE >Очень возможно, что на одном из общественных мероприятий, где вы будете блистать, вас заметит кто-то, кто вам очень понравится. Если вы приложите некоторые усилия, эта встреча имеет все шансы перерасти в нечто романтическое. Если вы уже состоите в долгих отношениях, возможно, вы предложите вашему любимому человеку пожениться. </QUEEN-OF-CUPS-ONE >
<KING-OF-CUPS-ONE >Эта карта указывает, что вы ищете кого-то, с кем вы можете разделить свою жизнь и романтично проводить время. Вы выйдете на охоту на идеального партнёра, но она будет непростой для вас. Вам нужно будет впечатлить этого человека, чтобы ваше общение переросло во что-то более существенное. </KING-OF-CUPS-ONE >
<ACE-OF-PENTACLES-ONE >Карта указывает на начало чего-то нового в вашей жизни. Вы будете беспокоиться больше обычного, так как вы не получите ожидаемого сопереживания и понимания от вашего партнёра, и это вас очень расстроит. </ACE-OF-PENTACLES-ONE >
<TWO-OF-PENTACLES-ONE >В ваших отношениях могут возникнуть трудности, из-за чего вы будете чувствовать себя не в своей тарелке, но в итоге ваша понимающая натура и чья-то поддержка помогут вам преодолеть все эти сложности. </TWO-OF-PENTACLES-ONE >
<THREE-OF-PENTACLES-ONE >Вы и ваш любимый человек почувствуете, как ваши отношения продвигаются, и сделаете шаги к вашему совместному будущему. Для одиноких это будет хорошим временем, чтобы найти свою вторую половинку, причём это может случиться в самом неожиданном месте. </THREE-OF-PENTACLES-ONE >
<FOUR-OF-PENTACLES-ONE >Вы сможете сохранить отношения, только если оба захотите этого, запасясь терпением и пониманием. Если это не сработает, вы окончательно решите расстаться с партнёром и отправиться в новый путь с новыми возможностями. </FOUR-OF-PENTACLES-ONE >
<FIVE-OF-PENTACLES-ONE >Эта карта указывает, что сейчас вы жаждете быть кем-то или делать что-то, что вы хотели долгое время. Возможно, ваш партнёр изменяет вам или вы ему. Этот период будет не самым лучшим для пар. </FIVE-OF-PENTACLES-ONE >
<SIX-OF-PENTACLES-ONE >Сейчас вы скучаете по своей первой любви. Ваш партнёр отдалится от вас, и вы ощутите одиночество. Вам нужно решить для себя, что вы на самом деле хотите от жизни и как далеко вы готовы пойти, чтобы это получить. </SIX-OF-PENTACLES-ONE >
<SEVEN-OF-PENTACLES-ONE >Этот период будет очень беспокойным для вас и вашего партнёра из-за постоянной разницы во мнениях, он может закончиться прекращением отношений. Если вы в браке или находитесь в долгих отношениях, то вы пересмотрите свои отношения и усилия по их поддержанию. </SEVEN-OF-PENTACLES-ONE >
<EIGHT-OF-PENTACLES-ONE >Похоже, сейчас вы в игривом настроении и наслаждаетесь холостой жизнью больше, чем когда-либо. Вы будете склонны к размышлениям о будущем. Вскоре ваша романтичность вскружит голову вам самим. </EIGHT-OF-PENTACLES-ONE >
<NINE-OF-PENTACLES-ONE >Эта карта указывает, что сейчас вы ищете чего-то нового и свежего. Вы хотели бы убежать от привычной жизни в неизведанные места. Возможно, вы захотите временно пожить отдельно от вашего партнёра, примете верное решение. </NINE-OF-PENTACLES-ONE >
<TEN-OF-PENTACLES-ONE >Любовь – точно не то, что занимает все ваши мысли, ведь сейчас вы слишком увлечены работой и семейными вопросами. Вы постараетесь поднять себе настроение встречами с друзьями и родственниками, но не попытаетесь сократить дистанцию между вами и вашим партнёром. </TEN-OF-PENTACLES-ONE >
<PAGE-OF-PENTACLES-ONE >Эта карта показывает, что какая-то беспокоящая вас ситуация заставит вам подумать о том, что делать с существующими отношениями, потому что вы не уверены в своём партнёре. В конце концов вы со всей ответственностью примете решение, и почувствуете себя лучше вне зависимости от того, будет ли у ваших отношений будущее или нет. </PAGE-OF-PENTACLES-ONE >
<KNIGHT-OF-PENTACLES-ONE >Сейчас вы ищете мира в вашей любовной жизни, хотите наслаждаться жизнью вместе с вашим любимым человеком. Вы будете сгорать от нетерпения сказать что-то своему партнёру, возможно, какую-то новость, которая, как вы чувствуете, может нарушить ход ваших отношений, но вам придётся набраться смелости и высказать всё. </KNIGHT-OF-PENTACLES-ONE >
<QUEEN-OF-PENTACLES-ONE >Карта указывает, что вы будете очень увлечены кем-то и этому человеку вы тоже будете интересны. Вы будете желать начала отношений с ним, ожидая от них наполненности жизнью и радостью. </QUEEN-OF-PENTACLES-ONE >
<KING-OF-PENTACLES-ONE >Эта карта показывает, что вы будете немного расстроены или разочарованы, так как партнёр нарушит какие-то обещания, данные вам. Вашим отношениям будет не хватать свободного обмена мнениями, очень важно, чтобы вы больше говорили и проводили больше времени вместе, чтобы узнать друг друга лучше. </KING-OF-PENTACLES-ONE >
<ACE-OF-SWORDS-ONE >Карта указывает, что сейчас вы ищете удовлетворения и наслаждения в отношениях. В это время есть все шансы, что новая любовь вскружит вам голову, вас захлестнут сильные эмоции. Если вы сейчас в отношениях, ваша связь с партнёром укрепится. </ACE-OF-SWORDS-ONE >
<TWO-OF-SWORDS-ONE >Вы хотите двигаться вперёд в своей жизни и отчаянно жаждете любви. Вы можете оказаться настоящим везунчиком, ведь карта сулит вам встречу со своей второй половинкой. Если же вы уже не одиноки, ваши отношения станут крепче, вы увидите, что ваш (или ваш будущий) партнёр обладает всеми качествами, которые вам в нём были нужны. </TWO-OF-SWORDS-ONE >
<THREE-OF-SWORDS-ONE >Эта карта указывает, что вы тоскуете по своему партнёру, ждёте его возвращения. Ваше терпение иссякает, скоро вы готовы будете сдаться и пойти навстречу новому, если ваш любимый человек откажется вернуться к вам. Вы можете почувствовать, что уже настрадались, и придёте к выводу, что любовь – это риск. </THREE-OF-SWORDS-ONE >
<FOUR-OF-SWORDS-ONE >Сейчас вы особенно уделяете внимание духовной стороне жизни, вам хочется лучше узнать себя самих. Вы постараетесь обрести себя в своём внутреннем мире и можете потерять связь с внешним, но в конце концов вы придёте к миру и гармонии. Возможно, вас пригласит на свидание человек, которого вы свели с ума. </FOUR-OF-SWORDS-ONE >
<FIVE-OF-SWORDS-ONE >Карта указывает, что сейчас вы находитесь в поисках любви. Возможно, вам придётся столкнуться с разочарованиями на любовном фронте, которые заставят вас почувствовать себя обманутыми, оставив после себя чувство незавершённости. Вам нужно будет возродить веру в себя и двигаться вперёд. </FIVE-OF-SWORDS-ONE >
<SIX-OF-SWORDS-ONE >Вы можете столкнуться с проблемами в личной жизни, которые возникнут, как гром среди ясного неба. Вы можете быть недовольны своей любовной жизнью, вам может показаться, что все ваши усилия того не стоили. Будущее отношений может оказаться под вопросом, и вы будете делать всё, чтобы исправить ситуацию. </SIX-OF-SWORDS-ONE >
<SEVEN-OF-SWORDS-ONE >Эта карта указывает, что вам нужна поддержка близкого друга, чтобы исправить ситуацию. Возможно, вы захотите взять паузу в отношениях, чтобы восстановиться. Есть шанс, что ваш бывший возлюбленный или тот, в которого вы сейчас влюблены, выйдет с вами на связь. У вас будет цель в ваших отношениях, но вы не захотите пойти на компромисс для её достижения. </SEVEN-OF-SWORDS-ONE >
<EIGHT-OF-SWORDS-ONE >В любовной жизни возможны ощущения неудобства, тревожности, «нехватки воздуха». Но долго этот период не продлится, счастье не за горами. Возможно, вы найдёте нового любимого человека в новом окружении, и он вновь подарит вам чувство свободы. </EIGHT-OF-SWORDS-ONE >
<NINE-OF-SWORDS-ONE >Карта указывает, что сейчас не лучший период в вашей жизни. Вы можете ощущать стресс и лишения, будете бороться, чтобы всё встало на свои места. Вы и ваш партнёр можете разлучиться ненадолго в связи с рабочими обязанностями. В личной жизни вам сейчас помогут ваша зрелость и спокойствие. </NINE-OF-SWORDS-ONE >
<TEN-OF-SWORDS-ONE >Трудные времена у вас теперь позади, но сейчас вы всё ещё восстанавливаетесь. Перед вами по-прежнему будет стоять дилемма, вы пытаетесь принимать решения о том, что вам действительно нужно, но этот процесс будет нелёгким. </TEN-OF-SWORDS-ONE >
<PAGE-OF-SWORDS-ONE >Карта указывает, что сейчас вы концентрируетесь на улучшении своей личной жизни. Возможно, вы прошли через трудности и сейчас пытаетесь вернуть жизнь в нормальное русло, но вам будет трудно это сделать. Некие неожиданные инциденты очень обеспокоят вас. </PAGE-OF-SWORDS-ONE >
<KNIGHT-OF-SWORDS-ONE >Пришло время забыть всё плохое и устремиться навстречу новому. Вы встретите кого-то, кем вы будете очень увлечены. Вы захотите продолжить события, развивая романтические отношения. Это будет сильная связь, уже очень скоро вы познаете счастье и стабильность со своим партнёром. </KNIGHT-OF-SWORDS-ONE >
<QUEEN-OF-SWORDS-ONE >Эта карта указывает на дилемму или период постоянных разочарований: вам предстоят склоки и драки с партнёром, отношения могут подойти к концу. Это может привести к ощущению пустоты в вашей жизни. </QUEEN-OF-SWORDS-ONE >
<KING-OF-SWORDS-ONE >Вы почувствуете, что сейчас вам нужно ясно представлять себе свою жизнь, поймёте, что вам нужно двигаться вперёд, чтобы жить в мире и гармонии. Вас осенит, что вы жили иллюзиями в своём воображаемом мире и пора наконец вернуться в реальность. </KING-OF-SWORDS-ONE >
<ACE-OF-WANDS-ONE >Эта карта указывает, что сейчас вы ищете серьёзных отношений, а мимолётные увлечения вам не интересны. Вы стремитесь к новому. Сейчас высок шанс, что вы вступите в брак (может быть, гражданский). Возможно, скоро вы обсудите вопросы отношений с кем-то из вашей семьи. </ACE-OF-WANDS-ONE >
<TWO-OF-WANDS-ONE >Вы надеетесь, что скоро произойдёт что-то хорошее. Может быть, кому-то понадобится ваша поддержка и совет, и вы очень сблизитесь с этим человеком. Сейчас вам нужны крепкая дружба и любовь. Любые ваши недопонимания с кем-то из членов семьи разрешатся. </TWO-OF-WANDS-ONE >
<THREE-OF-WANDS-ONE >Вы можете получить несколько предложений, и вам нужно будет выбрать единственно правильное из них. Это будет прекрасное время для начала отношений, несмотря на ваше чувство неуверенности и незащищённости, вы воссоединитесь с вашей второй половинкой. Вы захотите преодолеть все препятствия, чтобы жить счастливо вместе с вашим любимым человеком. </THREE-OF-WANDS-ONE >
<FOUR-OF-WANDS-ONE >Возможно, скоро вы встретитесь с другом, который придёт вам на помощь и вытащит вас на шопинг или на прогулку, чтобы вы почувствовали себя лучше. Вам требуется поддержка, так как в личной жизни у вас будет не всё так гладко. </FOUR-OF-WANDS-ONE >
<FIVE-OF-WANDS-ONE >Сейчас вам трудно сконцентрироваться на чём-то одном, и это вам очень мешает. Вы будете заняты разными делами и не сможете найти время на своего любимого человека и друзей. Кроме того, карта намекает на мимолётные увлечения и свидания. </FIVE-OF-WANDS-ONE >
<SIX-OF-WANDS-ONE >Эта карта указывает, что сейчас у вас есть новые стремления в сфере личных отношений. Кто-то, кому вы очень нравитесь, постарается впечатлить вас, и такое внимание к вашей персоне вам очень понравится. Возможно, вы столкнётесь с тем, что вам нужно будет что-то изменить в вашей жизни, это будет необходимо для вашего благополучия. </SIX-OF-WANDS-ONE >
<SEVEN-OF-WANDS-ONE >Эта карта указывает, что сейчас атмосфера для вас полна любви, вашим разумом правят сильные чувства. Вы станете ещё романтичнее, будете делать для партнёра приятные сюрпризы. Вам может показаться, что всё идеально, но всё же от чего-то вам нужно будет избавиться, чтобы жить той жизнью, которую хотите вы. </SEVEN-OF-WANDS-ONE >
<EIGHT-OF-WANDS-ONE >Сейчас вы очень общительны, вашим разумом правит любовь. Вы будете в отличном настроении, думая только о хорошем, и приятно проведёте время с вашим любимым человеком. Ваш партнёр изменит ваши отношения в лучшую сторону. Возможно, вы столкнётесь с какими-то разочарованиями. </EIGHT-OF-WANDS-ONE >
<NINE-OF-WANDS-ONE >Вы заметите, что ваши усилия наконец увенчались успехом. Сейчас вы будете очень общительны. Возможны конфликты, недопонимания, ссоры. </NINE-OF-WANDS-ONE >
<TEN-OF-WANDS-ONE >Карта указывает, что ваш партнёр не объяснил вам недавние инциденты, оставив вас изнывать от любопытства и замешательства. Вы почувствуете, что ваш партнёр недоволен вами, и ощутите одиночество. Вы постараетесь наладить ваши отношения и вернуть в них былую искру. </TEN-OF-WANDS-ONE >
<PAGE-OF-WANDS-ONE >В ваших отношениях может поселиться какое-то беспокойство, вы будете ждать, что ваш партнёр как-то изменит эту ситуацию. Вас будет тревожить, что вы не ладите с вашим любимым человеком, и даже если вы очень постараетесь, ваши отношения не станут крепче. </PAGE-OF-WANDS-ONE >
<KNIGHT-OF-WANDS-ONE >Карта указывает, что вас волнуют проблемы в ваших отношениях, и вы хотите разрешить их, прежде чем они негативно скажутся на вас. Вы встретите кого-то, и вам покажется, что вы словно давно знакомы с этим человеком. Вы постараетесь построить с ним отношения и проводить много времени вместе. </KNIGHT-OF-WANDS-ONE >
<QUEEN-OF-WANDS-ONE >Карта указывает, что вы встретите кого-то особенного и задумаетесь, нужно ли начинать отношения с этим человеком. Также у вас может появиться страстный поклонник, между вами может проскочить искра, которая разожжёт очень романтичные и наполненные страстью отношения, которых вы так долго ждали. </QUEEN-OF-WANDS-ONE >
<KING-OF-WANDS-ONE >Какие-то проблемы могут привести к вашей отстранённости и безразличию, может показаться, что вам не интересен ваш партнёр. Вы замкнётесь в себе, и это может привести к напряжению в отношениях. Вам нужен холодный ум, чтобы понять, как справиться с этой ситуацией. Карта указывает на предложение руки и сердца. </KING-OF-WANDS-ONE >
<THE-FOOL-ONE >Карта показывает, что если вы в отношениях, вы почувствуете новую радость и пылкость в вашей любовной жизни. Если вы одиноки, знайте, что скоро вы встретите кого-то особенного. Вы будете действовать спонтанно, будете уверены в себе и довольны. Вам нужно забыть прошлые отношения и смотреть в прекрасное будущее. </THE-FOOL-ONE >
<THE-MAGICIAN-ONE >Ваше упрямство и хладнокровие очень помогут вам в ближайшее время в ваших отношениях. Ваша уверенность в себе и чувство такта помогут вам привлечь противоположный пол. Если вы сейчас в отношениях, в ближайшее время вы узнаете какие-то тайны, которые скрывает ваш партнёр. Ваш любимый человек сейчас будет ловить каждое ваше слово и очень к вам прислушиваться. </THE-MAGICIAN-ONE >
<THE-HIGH-PRIESTESS-ONE >Карта указывает, что вы должны верить в свою способность «прочитывать» людей и ситуации, чтобы построить здоровые отношения. Вам нужно независимо принимать решения, касающиеся ваших отношений. Если вы сейчас в отношениях, знайте, что ваш партнёр может вам дать ценный совет в ближайшем будущем. Возможно, вы узнаете о своём партнёре что-то совершенно неожиданное, может, хорошее, а может, и плохое. </THE-HIGH-PRIESTESS-ONE >
<THE-EMPRESS-ONE >Вы озабочены отношениями или их построением. Если сейчас вы одиноки, то вы очень хотите найти пару. В ваших отношениях могут возникнуть проблемы из-за вашего собственничества. Стабильность в отношениях вам принесут терпение и доверие. </THE-EMPRESS-ONE >
<THE-EMPEROR-ONE >Карта указывает, что в ближайшем будущем в личной жизни вас ждёт успех. Вы можете получить ценный совет, касающийся отношений, от вашего отца, брата или друга. Вы хотите контролировать ваши отношения, доминировать в них. Ваш любимый человек будет поддерживать вас во всём без сомнения. Не будьте слишком требовательны в ваших отношениях, иначе вы можете сильно ранить чувства вашего партнёра. </THE-EMPEROR-ONE >
<THE-HIEROPHANT-ONE >Открытость и гибкость изменят ваши отношения в лучшую сторону. Если вы планируете в скором времени вступить в брак, вам нужно проявить терпение к обстоятельствам, которые встают у вас на пути. Ваше упрямство заведёт ваши отношения в тупик. Хладнокровие поможет вам решить проблемы в личной жизни. </THE-HIEROPHANT-ONE >
<THE-LOVERS-ONE >Вы купаетесь в океане любви. В ваших отношениях сейчас наступает прекрасный период, который запомнится вам надолго. Возможно, вы попадёте в затруднительную ситуацию, где вам будет трудно принять решение. Слушаете своё сердце, а не разум, тогда вы примете правильное решение. Вы будете очень близки эмоционально с вашим партнёром. Не поддавайте соблазну изменить вашему любимому человеку. </THE-LOVERS-ONE >
<THE-CHARIOT-ONE >В вашей любовной жизни может наступить сейчас чёрная полоса. Вам придётся сделать серьёзные усилия, чтобы выпутаться из проблем. Ваши романтичные отношения в ближайшем будущем изменятся. Вам следует проявить терпение к частой смене настроения у вашего партнёра. В конце концов в ваших отношениях воцарятся мир, любовь и гармония. </THE-CHARIOT-ONE >
<JUSTICE-ONE >Вам нужно вернуть баланс в ваши отношения, чтобы они стали стабильными. Вам нужно действовать беспристрастно, чтобы восстановить равновесие. Уделяйте равное внимание вашей карьере и личной жизни. Ваша честность и доверие будут очень важными для формирования отношений. Если вы знаете, что совершили ошибку в своих отношениях, поскорее исправьте её. </JUSTICE-ONE >
<THE-HERMIT-ONE >Вам нужно время, чтобы проанализировать свою личную жизнь. В отношениях вы нетерпеливы. Вам нужно хладнокровие, нельзя принимать поспешные решения, касающиеся ваших отношений. Если нужен совет, обратитесь за ним к старшим. Вы сможете разрешить все проблемы в отношениях, если позволите друг другу иметь личное пространство. </THE-HERMIT-ONE >
<WHEEL-OF-FORTUNE-ONE >Карта указывает, что для вас наступает радостный, особенный период, который раскрасит вашу любовную жизнь яркими красками. Фортуна на вашей стороне, она поможет вам найти любовь всей своей жизни. В построении отношений вы проявите зрелость. Ваша вторая половинка скоро будет рядом с вами. Все ваши беспокойства о будущих отношениях исчезнут. В вашей личной жизни наступает потрясающее время. </WHEEL-OF-FORTUNE-ONE >
<STRENGTH-ONE >Вы сможете преодолеть любые препятствия, с которыми можете столкнуться в отношениях. Если вы хотите забыть о каком-то прошлом неприятном опыте, то сейчас самое время это сделать. Отношения будут идти гладко, вы сможете наконец осуществить что-то, что хотели сделать долгое время. Ваши решимость и ум позволят вам выбраться из любых любовных неурядиц. </STRENGTH-ONE >
<THE-HANGED-MAN-ONE >Вам нужно будет научиться жертвенности в отношениях. Между вами и партнёром может чувствоваться напряжение. Карта советует вам быть терпеливыми, собранными, мыслить зрело. Возможны скандалы. Нужно обратить взгляд внутрь себя, мыслить гибко, чтобы лучше понимать ситуацию. </THE-HANGED-MAN-ONE >
<DEATH-ONE >Эта карта символизирует период, который может привести к печальным переменам в вашей любовной жизни. В нынешних отношениях вы можете пребывать в депрессии, чувствовать грусть. В это время вы можете испытать весь спектр эмоций, поймёте необходимость изменений. Это тяжёлый период для ваших отношений. Вам нужно будет проявить твёрдость характера, чтобы пережить это время. </DEATH-ONE >
<TEMPERANCE-ONE >Карта указывает на запутанные и конфликтные ситуации в ваших отношениях, вам трудно будет сделать выбор. У вас и вашего партнёра кардинально различаются взгляды на разные вещи, это приводит вас в замешательство. Вам нужно быть терпеливыми, вместе прийти к решению, которое восстановит ваши отношения. Вы найдёте способ гармонизировать их. </TEMPERANCE-ONE >
<THE-DEVIL-ONE >Впереди нелёгкие времена. Вашу личную жизнь могут пошатнуть похоть, жадность, амбиции, дурные пристрастия. Возможно, вы захотите доминировать в ваших отношениях. Вам нужно быть сильными, чтобы противостоять соблазнам и, таким образом, избежать потрясений в вашей личной жизни. В какой-то миг вы можете ощутить свою власть, но злоупотребление ею не принесёт ничего хорошего вашим отношениям. Будьте осторожны, так как эта карта предупреждает вас об опасности сделать смертельные шаги. </THE-DEVIL-ONE >
<THE-TOWER-ONE >Ближайшее время может оказаться худшим периодом в вашей личной жизни. В ваших отношениях могут произойти неприятные инциденты. Некоторые из них могут быть очень неожиданными для вас. Вы почувствуете себя одиноко. Такие перемены заставят вас увидеть новые пути развития вашей личной жизни. Это время может быть очень тяжёлым, карта советует вам сохранять спокойствие и усвоить уроки, которые вам преподносит жизнь. </THE-TOWER-ONE >
<THE-STAR-ONE >Эта карта говорит, что скоро наступят замечательные времена. Возможно, вы начнёте новые хорошие отношения. Если вы сейчас уже не одиноки, то, может быть, ваши отношения перейдут на новый уровень. Вы можете почувствовать ещё более сильное духовное и эмоциональное единение с партнёром. Вы забудете все свои прошлые отношения и будете смотреть в будущее с оптимизмом. </THE-STAR-ONE >
<THE-MOON-ONE >Все ваши мысли будут заняты отношениями. Вы можете почувствовать себя связанными по рукам и ногам из-за нынешней ситуации в вашей личной жизни. Возможно, вы узнаете какие-то тайны, которые специально тщательно скрывались, что может привести к проблемам в ваших отношениях. Не впадайте в депрессию. Будьте гибкими, это поможет вам пережить ситуацию. Займитесь своими хобби, чтобы забыть о любовных неурядицах и вернуть жизнь в прежнее русло. </THE-MOON-ONE >
<THE-SUN-ONE >Скоро в ваши отношения ворвётся вихрь свежих чувств. Если сейчас вы не в отношениях, вскоре вы можете в кого-то влюбиться. Романтические увлечения, которые, казалось, не имели будущего, наконец обретут продолжение. Карта указывает на романтический отдых и милые свидания. Вас ждёт замечательное время, которое запомнится вам надолго. Насладитесь им сполна. </THE-SUN-ONE >
<JUDGEMENT-ONE >Карта советует вам быть открытыми ко всему. Вам нужно приложить усилия, чтобы позволить чему-то новому войти в вашу жизнь. Если сейчас вы не в отношениях, знайте, что в скором времени вы можете встретить интересного человека. Не тратьте время и сразу выясняйте все важные вопросы. Если вы когда-то кого-то бросили, вскоре то же самое может произойти и с вами. Но в конце концов ваша личная жизнь наладится. </JUDGEMENT-ONE >
<THE-WORLD-ONE >Эта карта символизирует окончание проблем, наступление отличного периода в отношениях. Они наконец окончательно сформируются и станут такими, о каких вы мечтали. Ваш партнёр во всём будет поддерживать вас, оценит по достоинству ваш усердный труд, и ваши отношения наполнятся светом и любовью. Этот период привнесёт в ваши отношения энтузиазм и оживление. Если вы одиноки, сейчас у вас есть все шансы встретить свою вторую половинку. </THE-WORLD-ONE >
    </ROOT>
