<ROOT>
<ACE-OF-CUPS-ONE >이 카드는 당신이 지금 자신과 그리고 사랑의 감정에 만족감을 느끼고, 기쁨과 낭만이 당신의 마음을 지배하는 것에 대해 만족감을 느끼는 것을 보여준다. 당신은 당신을 좋아하는 누군가를 만날 수 있고 이것은 낭만적인 데이트로 변할 것이다. 당신이 이미 누군가와 관계를 맺고 있다면 당신과 당신 파트너는 결혼에 대해 생각하게 될 것이다. </ACE-OF-CUPS-ONE >
<TWO-OF-CUPS-ONE >당신은 사랑의 결실을 맺고 당신과 당신 파트너가 가지고 있는 문제들이 해결되기를 원한다. 당신은 초조함을 느끼고 있고 당신을 방해하고 혼란스럽게 하는 일들 때문에 당신의 파트너에게 완전하게 집중을 하지 못하고 있다. 당신은 강해져야 하고 당신의 감정과 관련하여 구체적이고 실질적인 결정을 내려야 할 필요가 있다. </TWO-OF-CUPS-ONE >
<THREE-OF-CUPS-ONE >이 카드는 현재 당신이 매우 연약함을 느끼고 있고 돌봄을 받고 싶어 함을 보여준다. 당신은 또한 당신의 파트너와 당신이 사랑하는 사람들에게 당신의 관심과 애정을 표현하려고 할 것이다. 일들은 금방 잘 진행될 것이고 적절한 시기에 평생을 함께 할 사랑이 더욱 성장하는 것을 볼 것이다. </THREE-OF-CUPS-ONE >
<FOUR-OF-CUPS-ONE >이 카드는 당신이 지금 파트너를 간절히 원하고 있다는 것을 보여준다. 이미 관계를 맺고 있는 사람이 있다면 당신은 매우 그 사람과 가까운 사이가 되었음을 느낄 것이고 어떤 말다툼과 같은 것이 있다면 해결하기를 원할 것이다. 지금의 시기는 당신이 당신의 파트너와 문제를 해결하고 행복한 커플이 되기 위해 애를 씀으로써 조금은 초조한 시간이 될 수 있다. </FOUR-OF-CUPS-ONE >
<FIVE-OF-CUPS-ONE >당신은 지금 좀 더 감성적이고 그리고 서로 이해하고 편안함을 줄 수 있는 진지한 관계를 갖고 싶어 한다. 이 사람은 여러분의 친구 중 한 명이 될 수도 있다. 당신은 지금 단지 인간관계를 유지하기 위해 자신을 희생하는 것은 옳지 않다는 것을 깨닫고 있다. 이러한 것은 결국 파괴적인 결과로 나타날 것이기 때문이다. </FIVE-OF-CUPS-ONE >
<SIX-OF-CUPS-ONE >이 카드는 당신이 어떤 특별한 한 사람에게 끌리고 있음에도 불구하고 당신이 당신을 다른 방향으로 데리고 갈 수 있는 굉장한 경험을 할 수 있음을 보여준다. 당신은 당신의 파트너를 위해 특별한 것들을 하려고 노력하지만 두 사람이 함께 할 때 맞이할 수 있는 미래의 불확실함에 대한 불안함이 존재한다. </SIX-OF-CUPS-ONE >
<SEVEN-OF-CUPS-ONE >당신은 당신의 감정에 대해 불확실함을 느끼고 있고 당신은 당신의 파트너가 되었으면 하는 사람을 향해 올바른 길을 찾고자 할 것이다. 다루어야 할 많은 일들과 다양한 문제들 때문에 당신은 당신의 파트너에게 충분한 시간을 내어줄 수 없을 것이다. 미혼인 경우에는 누군가와의 만남이 결실로 이루어질 것이다. </SEVEN-OF-CUPS-ONE >
<EIGHT-OF-CUPS-ONE >이 카드는 당신의 인간관계가 요즘 매우 따분함을 보여준다. 이것은 당신과 당신의 파트너가 강한 유대감을 형성하는 데 방해가 될 수 있다. 당신의 관계는 스트레스와 불확실성의 시간을 통과해야 할 것이다. 이것은 걱정을 일으키고 거친 말이 오고 가게 할 수도 있을 것이다. 당신은 또한 트라우마로 이어지는 관계에 대해서는 그 관계를 끊는 결정을 내릴 수도 있다. </EIGHT-OF-CUPS-ONE >
<NINE-OF-CUPS-ONE >당신은 지금 인간관계에 있어서 최상의 것들을 갈망한다. 그리고 이것은 또한 당신의 삶에 방금 들어온 누군가와 함께 하는 것이 될 수도 있다. 당신의 두 사람 사이의 일들이 다른 방식으로 더 흥미롭기를 원한다. 당신은 당신의 파트너와의 관계에 대해 심사숙고하고 있고 앞을 향해 나아가고자 하지만 어떤 위험 요소가 당신을 계속 경계 상태에 있도록 만들 것이다. </NINE-OF-CUPS-ONE >
<TEN-OF-CUPS-ONE >이 카드는 당신이 지금 좀 더 의미 있고 실현 가능성이 있는 인간관계를 찾고 있음을 보여준다. 그리고 당신은 당신의 파트너로부터 전적인 지지를 기대하고 있다. 의견의 어떤 감정적 충돌이 발생할 수 있고 이것이 당신의 신경을 날카롭게 할 수 있다. 당신의 삶에서 새롭게 만난 사람과 사랑이 강렬하게 나타날 것이다. 결혼 또한 보인다. </TEN-OF-CUPS-ONE >
<PAGE-OF-CUPS-ONE >당신은 일들이 조화를 이루고 사랑하는 사람과 구체적인 미래를 만들어 나가기를 원한다. 당신이 원하는 미래를 만들기 위해 당신은 초조해질 수 있지만 그 과정에는 시간이 필요할 것이다. 당신은 삶에서 또다시 외로움을 느끼고 싶지 않기 때문에 당신 옆에 있어주고 당신에게 사랑과 관심을 줄 수 있는 사람을 만나고 싶어 할 것이다. </PAGE-OF-CUPS-ONE >
<KNIGHT-OF-CUPS-ONE >이 카드는 당신이 당신의 파트너와 함께 새로운 장소로 모험을 떠나고 싶어 하는 것을 보여준다. 이것은 당신을 들뜨게 만들 것이고 그리고 당신이 사랑의 길로 전진할 수 있도록 격려해 주는 사람들이 있을 것이다. 당신이 미혼이라면 당신이 주도하여 오랜 파트너에게 프러포즈를 해야 할 때가 왔음을 알게 될 것이다. </KNIGHT-OF-CUPS-ONE >
<QUEEN-OF-CUPS-ONE >당신은 이제 사회 모임에서 더 눈에 잘 띄게 될 것이고 당신이 매우 이끌리는 어떤 사람을 만날 가능성이 높아질 것이다. 당신이 노력을 기울인다면 이 만남은 진지한 애정 관계로 바뀔 것이다. 당신이 이미 오랜 관계를 맺고 있는 사람이 있다면 당신은 그 사람에게 프러포즈를 하게 될 것이다. </QUEEN-OF-CUPS-ONE >
<KING-OF-CUPS-ONE >이 카드는 당신이 삶을 함께 나누고 사랑의 시간을 함께 보낼 사람을 찾고 있음을 보여준다. 당신은 이상형을 찾기 위해 찾아 나섰지만 이것은 쉽게 이루지지 않을 것이다. 당신은 그 사람에게 깊은 인상을 남기기 위해 애를 써야 할 것이고 상당한 정도에 이르기까지 해야 할 것이다. </KING-OF-CUPS-ONE >
<ACE-OF-PENTACLES-ONE >지금이 삶에서 새로운 시작을 할 때임을 보여준다. 당신은 당신의 파트너로부터 기대했던 사랑과 이해를 받지 못해서 불안감을 느낄 수 있다. 그리고 이것은 당신을 매우 화나게 할 것이다. </ACE-OF-PENTACLES-ONE >
<TWO-OF-PENTACLES-ONE >당신과 당신의 파트너가 함께 겪게 될 어떤 어려움이 있을 수 있다. 그리고 이것은 당신을 조금 혼란스럽게 만들 것이다. 하지만 누군가의 도움과 함께 당신이 가진 이해심으로 이것을 잘 다루어 나갈 것이다. </TWO-OF-PENTACLES-ONE >
<THREE-OF-PENTACLES-ONE >당신과 당신의 파트너는 관계가 더욱 발전하고 미래를 향해서 더 나아가고 있음을 느낄 것이다. 미혼인 경우 당신에게 맞는 사람을 찾을 때이다. 이것은 예상치 못한 장소에서 이루어질 수 있다. </THREE-OF-PENTACLES-ONE >
<FOUR-OF-PENTACLES-ONE >당신과 당신의 파트너가 함께 인내와 이해를 가지고 나아갈 때에 관계가 지속될 수 있을 것이다. 이것이 이루어지지 않는다면 당신은 결국 당신의 파트너와 헤어지는 것을 선택할 것이고 새로운 가능성이 있는 새로운 길로 나아가고자 할 것이다. </FOUR-OF-PENTACLES-ONE >
<FIVE-OF-PENTACLES-ONE >이 카드는 당신이 오랫동안 원했던 일을 하고 싶어 하거나 어떤 사람이 되고 싶어 하는 것을 보여준다. 또한 당신이 당신의 파트너를 속이거나 그 반대의 경우가 발생할 가능성이 있다. 지금은 이미 관계를 맺고 있는 사람들에게 좋은 시기가 되지 않을 것이다. </FIVE-OF-PENTACLES-ONE >
<SIX-OF-PENTACLES-ONE >당신은 지금 어린 시절 사랑했던 사람이 돌아오거나 당신에게 연락을 주기를 간절히 바라고 있다. 당신의 파트너가 당신으로부터 멀어지는 것을 볼 때 외로움을 느낄 것이다. 당신은 당신이 진정으로 삶에서 원하는 것이 무엇인지 알아내야 하고 그것을 위해 얼마나 많이 자기 자신을 밀어붙일 것인지에 대해 파악해야 할 것이다. </SIX-OF-PENTACLES-ONE >
<SEVEN-OF-PENTACLES-ONE >지금은 당신과 당신의 파트너 사이에 큰 의견 차이가 발생함으로써 불안한 시기가 될 수 있고 이것은 관계의 단절로 이어질 수 있다. 당신이 결혼했거나 오랫동안 관계를 맺고 있는 사람이 있다면 당신은 관계에 대해 다시 생각해 보고 관계 회복을 위해 노력을 기울여야 할 것이다. </SEVEN-OF-PENTACLES-ONE >
<EIGHT-OF-PENTACLES-ONE >당신은 요즘 즐거운 기분 상태에 있고 혼자인 상태를 무엇보다 즐기고 있다. 당신은 미래에 무슨 일이 일어날 것인지에 대해 추측하고 생각할 것이다. 당신의 낭만적인 모습이 곧 나타날 것이다. </EIGHT-OF-PENTACLES-ONE >
<NINE-OF-PENTACLES-ONE >이 카드는 당신이 삶에서 새롭고 기운을 주는 일들을 찾고 있음을 보여준다. 당신은 기존의 것에서 새로운 장소로 떠나기를 원한다. 당신은 잠시 동안 당신의 파트너로부터 떨어져 시간을 보낼 수 있다. 그리고 당신은 옳은 선택이 될 결정을 내릴 것이다. </NINE-OF-PENTACLES-ONE >
<TEN-OF-PENTACLES-ONE >사랑이 당신의 머리에 들어올 공간은 없다. 왜냐하면 당신은 이미 일과 가족 문제 등으로 머리가 복잡하기 때문이다. 당신은 친구나 친척들과 재회함으로써 기분을 좋게 하려고 할 것이나 당신과 당신의 파트너 사이의 공간을 줄이려고 노력하지 않을 것이다. </TEN-OF-PENTACLES-ONE >
<PAGE-OF-PENTACLES-ONE >이 카드는 당신이 당신의 파트너에 대한 확신이 없기 때문에 그 관계에 있어서 무엇을 해야 하는지에 대해 고민하게 되는 불안한 상황이 있음을 보여준다. 결국 당신은 관계의 미래에 대해 편안함을 느낄 수 있는 책임감 있는 결정을 내리게 될 것이다. </PAGE-OF-PENTACLES-ONE >
<KNIGHT-OF-PENTACLES-ONE >당신은 애정 문제에서 평화를 찾고 있고 당신의 파트너와 함께 살고 싶고 행복하고 싶다. 당신은 현재 잘 지내고 있는 관계를 망칠까 봐 당신의 파트너에게 무엇인가를 말하거나 새로운 소식을 알려주기를 주저하고 있다. 하지만 당신은 용기를 가질 필요가 있다. </KNIGHT-OF-PENTACLES-ONE >
<QUEEN-OF-PENTACLES-ONE >이 카드는 당신이 누군가에게 강하게 끌리고 그 사람도 동일하게 당신에게 관심을 갖게 될 것을 보여준다. 당신은 이 사람과의 관계를 기대하게 될 것이고 삶을 흥분되게 하고 의미 있게 만드는 관계를 기대할 것이다. </QUEEN-OF-PENTACLES-ONE >
<KING-OF-PENTACLES-ONE >이 카드는 당신이 당신의 파트너가 약속을 지키지 않음으로 인해 조금 화가 나거나 실망하는 것을 보여준다. 이미 누군가와 관계를 맺고 있다면 당신은 일과 관련된 것들로 인해 그 사람과의 관계에서 서로 자유롭게 생각들을 나누는 시간이 부족함을 경험할 것이다. 서로 잘 알기 위해 함께 시간을 보내고 이야기하는 것이 가장 중요하다. </KING-OF-PENTACLES-ONE >
<ACE-OF-SWORDS-ONE >이 카드는 당신이 지금 인간관계 속에서 개인적인 만족감을 찾고 있음을 보여준다. 지금은 당신을 놀라게 할 새로운 사랑이 싹트고 무엇인가에 강한 감정을 느낄 가능성이 높은 때이다. 이미 관계를 맺고 있다면 당신의 파트너와의 관계가 더욱 돈독해질 것이다. </ACE-OF-SWORDS-ONE >
<TWO-OF-SWORDS-ONE >당신은 삶에서 전진하고자 하며 필사적으로 사랑을 찾고 있다. 당신은 운이 좋다. 왜냐하면 이 카드는 당신이 특별한 사람을 만날 것을 보여주고 있기 때문이다. 이미 당신이 누군가와 관계를 맺고 있다면 그 관계는 더욱 돈독해질 것이고 당신은 당신의 파트너 혹은 파트너가 될 사람이 당신이 생각했던 자질을 갖추고 있음을 보게 될 것이다. </TWO-OF-SWORDS-ONE >
<THREE-OF-SWORDS-ONE >이 카드는 당신의 파트너가 당신에게 돌아오기를 당신이 간절히 바라고 있음을 보여준다. 당신의 인내심은 한계에 이르렀고 당신의 파트너가 돌아오지 않고자 한다면 당신은 곧 포기하기로 결정하고 새로운 출발을 할 것이다. 당신은 많은 고통을 겪었기 때문에 사랑에 빠지는 것은 위험한 것이라고 느낄지도 모른다. </THREE-OF-SWORDS-ONE >
<FOUR-OF-SWORDS-ONE >당신은 지금 영적인 것에 빠져 있고 자기 자신에 대해 더 잘 알고 싶은 강한 욕구를 느끼고 있다. 당신은 당신의 내면과 연결되기 위해 노력할 것이고 이 때문에 바깥세상과의 관계가 끊겨버릴 수도 있다. 하지만 결국 평화를 찾게 될 것이다. 또한 당신에게 반한 누군가가 당신에게 데이트를 요청할 가능성이 있다. </FOUR-OF-SWORDS-ONE >
<FIVE-OF-SWORDS-ONE >이 카드는 당신이 지금 사랑을 쫓고 있음을 보여준다. 당신이 마주하게 될 애정의 관계에서 실망할 일이 있을 수도 있다. 그리고 이로 인해 당신은 실망하거나 뭔가 속임을 당한 느낌이 들 수 있다. 당신은 다시 자신감을 가지고 앞으로 나아가야 할 것이다. </FIVE-OF-SWORDS-ONE >
<SIX-OF-SWORDS-ONE >당신은 행복 가운데 어떤 문제를 만날 수 있고 일들이 기대했던 것과 달리 원활하지 않게 될 수 있다. 당신은 연애 가운데 불만이 있을 수 있고 모든 노력이 결국에는 가치가 없다고 느껴질 수도 있다. 미래와 관련하여 혼란이 있을 수 있고 당신은 상황을 더 좋게 하기 위해 애를 쓸 것이다. </SIX-OF-SWORDS-ONE >
<SEVEN-OF-SWORDS-ONE >이 카드는 당신이 소중한 친구나 당신 옆에서 당신이 상황을 바로잡아 줄 사람을 원하고 있거나 또는 당신이 더 기분이 좋아지기 위해 잠시 멀리 떠나는 것을 생각하고 있음을 보여준다. 전 애인이나 당신이 사랑에 빠졌던 사람이 당신에게 다가올 가능성이 있다 . 당신은 인관관계에서 무엇인가를 몹시 원할 것이지만 타협적인 자세를 취하려고 하지는 않을 것이다. </SEVEN-OF-SWORDS-ONE >
<EIGHT-OF-SWORDS-ONE >마음을 편하게 하지 않거나 답답하게 하는 문제들이 있을 수 있다. 이것이 좋은 방향으로 나아가지는 않을 것이다. 당신이 새로운 환경에서 시작하거나 당신을 자유롭게 해 줄 새로운 파트너와 함께 새로운 시작을 할 가능성이 있다. </EIGHT-OF-SWORDS-ONE >
<NINE-OF-SWORDS-ONE >이 카드는 지금이 당신의 삶에서 최적의 때가 아님을 보여준다. 당신은 불안하고 상실감을 느끼고 모든 것을 바로잡기 위해 애를 쓸 수 있다. 당신은 일 때문에 잠시 당신의 파트너와 떨어질 수도 있다. 하지만 당신의 성숙함과 차분함이 모든 것을 회복시킬 수 있도록 도와줄 것이다. </NINE-OF-SWORDS-ONE >
<TEN-OF-SWORDS-ONE >당신은 지금까지 최악의 시간을 겪어 왔고 여전히 그것에 대해 회복 과정에 있을 수 있다. 무엇이 당신에게 맞는지 확실하게 결정을 하려고 할 때 계속해서 어떤 딜레마가 있을 수 있고 이것은 쉬운 과정이 되지는 않을 것이다. </TEN-OF-SWORDS-ONE >
<PAGE-OF-SWORDS-ONE >이 카드는 마음의 문제와 개인적인 관계에 있어서 당신이 지금 더 나은 삶을 만들기 위해 집중하고 있음을 보여준다. 당신은 힘든 시간을 보냈고 다시 정상으로 복귀하기 위해 노력을 하지만 그렇게 하는 것이 어렵다는 것을 알게 될 것이다. 또한 당신을 걱정하게 만드는 예기치 않은 일들이 발생할 수 있다. </PAGE-OF-SWORDS-ONE >
<KNIGHT-OF-SWORDS-ONE >지금은 모든 힘든 시간을 극복하고 새로운 시작을 찾아 나설 때이다. 당신은 새로운 사람을 만나고 그 사람에게 마음이 끌릴 것이다. 당신은 일련의 행사들을 통해 사랑을 키워 나가고 싶어 할 것이다. 이것은 강력한 시작이 될 것이고 금방 당신은 행복한 자신과 파트너와의 안정된 관계를 보게 될 것이다. </KNIGHT-OF-SWORDS-ONE >
<QUEEN-OF-SWORDS-ONE >이 카드는 당신이 당신의 파트너와 여러 번 다투고 논쟁을 벌임으로써 결국 끝에 이르게 되어 당신이 딜레마나 지속적인 실망의 국면을 맞이할 수 있음을 보여준다. 이로 인해 당신은 삶에서 공허함을 느끼는 힘든 시간을 보낼 수 있다. </QUEEN-OF-SWORDS-ONE >
<KING-OF-SWORDS-ONE >당신은 당신의 삶이 지금 어떠한 지 분명하게 알아야 할 필요성을 느끼게 되고 평화로운 삶을 살기 위해 전진해야 할 필요성을 깨닫게 될 것이다. 당신이 상상의 세계에서 살고 있다는 것을 당신이 분명하게 알게 될 때 금방 현실은 새로운 전환을 맞이하게 되고 드디어 현실을 마주하고 더 나은 삶을 위해 살아가는 시간을 갖게 될 것이다. </KING-OF-SWORDS-ONE >
<ACE-OF-WANDS-ONE >이 카드는 당신이 지금 진지하고 오랫동안 지속될 인간관계를 찾고 있고 잠시 즐기는 관계는 정말 관심이 없음을 보여준다. 당신은 새로운 시작을 찾고 있고 또한 결혼과 같은 기회들이 있다. 당신의 관계 문제에 대해 이야기할 가족이나 친척들이 있을 것이다. </ACE-OF-WANDS-ONE >
<TWO-OF-WANDS-ONE >당신은 좋은 일이 일어나기를 바라고 있고 그것이 실현되기를 기대하고 있다. 도움이 필요한 사람이 당신의 안내를 구할 수 있고 그 사람이 당신과 관계를 형성할 가능성이 있다. 당신은 지금 사랑과 우정에서 강한 관계를 맺고 싶어 한다. 당신은 또한 당신의 가족들과 다른 점에 대해 해결하고자 할 것이다. </TWO-OF-WANDS-ONE >
<THREE-OF-WANDS-ONE >당신은 여러 개의 프로포즈를 받을 수 있고 누가 당신에게 맞는지 결정하기 위해 골치가 아플 수 있다. 이것은 관계 형성에 있어서 중요한 순간이 될 것이고 당신의 걱정에도 불구하고 당신은 사랑하는 사람과 연합을 이루게 될 것이다. 당신은 모든 장애를 극복하고 당신의 파트너와 행복한 삶을 살기를 원할 것이다. </THREE-OF-WANDS-ONE >
<FOUR-OF-WANDS-ONE >한 친구와 재회할 가능성이 있다. 그 친구는 당신의 기분을 더 좋게 만들어 주기 위해 쇼핑도 같이 가고 재미있는 활동들도 같이 할 것이다. 당신은 제대로 보살핌을 받지 못하는 연애 생활의 불만 때문에 격려가 필요할 것이다. </FOUR-OF-WANDS-ONE >
<FIVE-OF-WANDS-ONE >당신은 한 가지 일에 집중하기에 힘들고 이것은 당신을 불안하게 만든다. 당신은 너무 많은 일에 열중을 하고 있고 이로 인해 당신의 파트너를 위한 또는 사회생활을 위한 시간을 내지 못할 것이다. 잠시 동안 이성을 만나거나 가벼운 데이트가 보인다. </FIVE-OF-WANDS-ONE >
<SIX-OF-WANDS-ONE >이 카드는 당신이 애정과 관련해서 새로운 것을 추구할 것을 보여준다. 당신을 동경하는 사람이 당신에게 인상을 남기기 위해 최선을 다하고 당신은 그러한 관심을 즐길 것이다. 당신은 더 나은 삶을 위해 필요한 변화를 일으키게 만드는 상황을 만날 것이다. </SIX-OF-WANDS-ONE >
<SEVEN-OF-WANDS-ONE >이 카드는 당신의 사랑의 기운이 맴돌고 있고 마음이 이성을 지배할 것을 보여준다. 당신은 낭만적인 부분에 신경을 쓸 것이고 당신의 파트너를 위해 특별한 일을 하려고 할 것이다. 이것은 정말 완벽한 그림처럼 보이지만 당신이 원하는 삶을 위해 포기해야 할 무엇인가가 있을 것이다. </SEVEN-OF-WANDS-ONE >
<EIGHT-OF-WANDS-ONE >당신은 사람들과 최고로 잘 어울릴 것이고 마음이 이성을 지배할 것이다. 당신은 긍정적인 것들을 생각하면서 기분이 좋은 상태에 있을 것이고 당신과 당신의 파트너는 함께 많은 활동들을 할 것이다. 당신의 파트너로 인해서 어떤 긍정적인 변화도 일어날 것이다. 또한 당신이 겪어야 할 실망스러운 일들도 있을 것이다. </EIGHT-OF-WANDS-ONE >
<NINE-OF-WANDS-ONE >당신은 당신의 노력이 드디어 결과로 나타나고 당신이 활발한 사회 활동을 하는 것을 보게 될 것이다. 마음의 갈등과 의견의 차이가 있을 수 있고 거친 말이 오고 가는 일도 있을 수 있다. </NINE-OF-WANDS-ONE >
<TEN-OF-WANDS-ONE >이 카드는 당신의 애인이 다양한 일들에 대해 당신을 혼란하게 하고 떠나고 이것이 당신에게 궁금증과 불안함을 남기게 됨을 보여준다. 당신은 당신의 파트너가 당신에게 화가 나 있다고 생각할 것이고 이것은 당신에게 고립된 기분을 안겨줄 것이다. 당신은 관계를 개선하기 위해 노력할 것이고 잃어버린 감정의 불꽃이 일어날 것이다. </TEN-OF-WANDS-ONE >
<PAGE-OF-WANDS-ONE >당신의 인간관계 속에 방해물이 있을 수 있고 당신은 당신의 파트너로부터 어떠한 변화를 기대할 수 있다. 당신은 당신과 당신의 파트너가 실제로 잘 지내고 있지 않다는 사실에 불안함을 느낄 것이다. 그리고 당신이 노력을 하더라도 그 유대 관계는 절정에 이르지 못할 것이다. </PAGE-OF-WANDS-ONE >
<KNIGHT-OF-WANDS-ONE >이 카드는 당신이 당신의 인간관계와 관련된 많은 문제에 대해서 불안함을 느끼는 것을 보여준다. 당신은 이것이 당신에게 큰 피해를 주기 전에 해결하고 싶어할 것이다. 당신은 당신이 이미 알고 있다고 생각하는 사람을 만날 것이고 그 사람과 더 많은 시간을 보내면서 더 깊은 관계를 형성하고자 할 것이다. </KNIGHT-OF-WANDS-ONE >
<QUEEN-OF-WANDS-ONE >이 카드는 당신이 조만간 특별한 사람을 만나고 그 사람과 관계를 형성할 수 있을지에 대해 궁금해하는 것을 모여준다. 당신은 또한 우연히 당신을 매우 흠모하는 사람을 만나서 사랑의 불꽃이 일어날 수도 있다. 그리고 이것이 당신이 기다려왔던 매우 열정적이고 낭만적인 사랑으로 변할 수도 있다. </QUEEN-OF-WANDS-ONE >
<KING-OF-WANDS-ONE >당신 주변의 어떤 문제들이 당신을 무관심하게 보이게 하고 강점이 없는 것처럼 보이게 한다. 당신은 당신의 파트너 때문에 집중이 안 되고 있다. 당신은 당신이 정말로 생각하고 있는 것을 세상에 드러내고 싶어 하지 않을 것이고 이것은 갈등을 유발할 수 있다. 당신은 맑은 정신으로 어떻게 이 상황을 타개할 것인지에 대해 생각할 필요가 있다. 결혼 프러포즈가 또한 진행 중일 수 있다. </KING-OF-WANDS-ONE >
<THE-FOOL-ONE >당신이 관계를 맺고 있다면 이 카드는 당신이 당신의 사랑 가운데에서 새로운 즐거움과 열정을 느끼게 될 것을 보여준다. 당신이 미혼자라면 당신은 곧 특별한 사람을 만날 가능성이 매우 높다. 당신은 사랑과 관련하여 자발적이고, 자신감이 넘치고, 그리고 유쾌한 발걸음을 옮길 것이다 . 당신은 과거의 관계를 놓아주고 미래를 바라보아야 한다. 그리고 이것은 아름답고 즐거워 보인다. </THE-FOOL-ONE >
<THE-MAGICIAN-ONE >당신의 의지와 평정심은 다가오는 미래에 당신의 사랑을 제어하고 다스리는 데 큰 도움이 될 것이다. 당신의 자신감과 품위는 대부분의 문제에서 이성인 상대방이 당신을 따르도록 이끌 것이다. 지금 관계를 맺고 있는 사람이 있다면 당신은 가까운 미래에 그 사랑하는 사람에 대한 어떤 숨겨진 사실을 알게 될 수 있다. 또한 당신의 파트너는 당신 말하는 모든 말에 훨씬 더 큰 관심을 보일 것이다. </THE-MAGICIAN-ONE >
<THE-HIGH-PRIESTESS-ONE >이 카드는 건강한 사랑 관계를 위해 당신이 사람들과 상황을 잘 이해하는 능력이 있음을 믿으라고 권한다. 당신은 당신의 사랑과 관련하여 독립적인 결정을 내릴 필요가 있다. 관계를 맺고 있는 사람이 있다면 당신의 파트너는 가까운 미래에 매우 귀중한 조언을 당신에게 해 줄 것이다. 또한 당신은 당신의 파트너에 대해 전혀 예상하지 못한 사실을 알게 될 것이다. 그 내용은 좋은 것일 수도 있고 나쁜 것일 수도 있다. </THE-HIGH-PRIESTESS-ONE >
<THE-EMPRESS-ONE >당신은 현재 맺고 있는 관계나 또는 발전되고 있는 관계에 대해 걱정을 하고 있는 것 같다. 당신이 관계를 맺고 있는 사람이 없다면 당신은 관계를 맺고 싶어 한다. 당신의 사랑에서 당신의 소유욕이 힘들 시간을 가져오게 할 수 있다. 당신은 인내와 신뢰를 보여주는 자세를 가져야 하고 이를 통해 사랑하는 사람과 안정적인 관계를 가질 수 있다. </THE-EMPRESS-ONE >
<THE-EMPEROR-ONE >이 카드는 가까운 미래에 당신의 인간관계에 있어서 성공과 성취가 있을 것을 보여준다. 당신은 아버지, 형제, 친구 등과 같은 소중한 사람들의 사랑이 담긴 조언을 받아들여도 좋다. 당신은 현재의 인간관계를 잘 조절할 것이고 잠시 동안 통제하는 입장에 계속 있을 것이다. 당신의 파트너는 당신을 모든 면에서 질문도 하지 않고 전폭적으로 지원할 것이다. 상대방에게 너무 많은 것을 요구하지 않도록 주의하자. 이것은 당신의 파트너에게 감정적으로 상처를 줄 수 있다. </THE-EMPEROR-ONE >
<THE-HIEROPHANT-ONE >더 개방적이고 유연한 생각이 당신의 사랑 관계에 긍정적인 변화를 가져올 것이다. 당신이 조만간 결혼할 계획을 가지고 있다면 당신은 당신 앞에 놓인 장애물과 씨름을 할 때 인내심을 보여야 한다. 당신의 파트너에게 고집스럽게 행동하는 것은 관계를 망칠 수 있다. 사랑 관계에서 부딪히는 문제들은 침착하게 화를 내지 않음으로써 해결될 수 있다. </THE-HIEROPHANT-ONE >
<THE-LOVERS-ONE >당신은 사랑의 바다에서 수영을 하게 될 것이다. 당신은 사람 관계 속에서 아름답고 기억할 만한 시간을 가까운 미래에 가질 것이다. 당신은 사랑과 관련된 상황을 맞이할 것이고 이에 대해 어떤 것을 결정하는 것이 어렵다는 것을 발견할 것이다. 머리가 아닌 마음에 귀를 기울이면 당신은 당신의 결정이 맞다는 것을 알게 될 수 있다. 당신은 당신의 파트너와 감정적으로 매우 잘 연결될 것이다. 다른 사람과 데이트를 함으로써 당신의 파트너를 속이지 않도록 유혹에 빠져서는 안 된다. </THE-LOVERS-ONE >
<THE-CHARIOT-ONE >당신의 사랑은 어려운 상황으로 나아가고 있을지도 모른다. 이러한 상황으로부터 벗어나기 위해 최선의 노력을 기울여야 한다. 당신의 사랑 관계는 가까운 미래에 어떠한 변화를 겪게 될 가능성이 높다. 당신은 당신의 파트너의 변한 감정에 대해 많은 인내를 보여주어야 한다. 결국 당신의 관계는 사랑으로 꽃을 피게 될 것이다. </THE-CHARIOT-ONE >
<JUSTICE-ONE >당신은 주변 사람들과의 관계 속에서 균형감과 평상심을 가질 필요가 있다. 당신의 사랑 관계의 안정성을 가져오는 데 필수적인 어떤 요소가 과하거나 부족한 것 같을 수 있다. 당신은 요구되는 적절한 균형을 달성하기 위해 사랑하는 사람에 대해 공정한 접근을 보여주어야 할 것이다. 일과 가정에 똑같은 관심을 두어야 한다. 당신의 정직성과 신뢰성은 관계 형성에서 매우 필수적이다. 다른 사람과의 관계 속에서 실수 했음을 알게 된다면 그것을 바로잡아야 한다. </JUSTICE-ONE >
<THE-HERMIT-ONE >당신의 사랑 관계를 생각해 보기 위한 시간을 가져 보자. 당신의 현재의 관계 속에서 일들이 어떻게 이루어지고 있는지에 대해 조바심을 느낄 수 있다. 당신은 냉정함을 가지고 사랑 문제에 있어서 성급한 결정을 내려서는 안 된다. 사랑에 관한 조언이 필요하다면 어른이나 당신보다 경험이 많은 사람과 상담을 해야 한다. 당신이 관계를 맺고 있는 사람에게 충분한 자유를 허락해 준다면 당신은 사랑 앞에 놓인 모든 장애물들을 해결할 수 있을 것이다. </THE-HERMIT-ONE >
<WHEEL-OF-FORTUNE-ONE >이 카드는 당신이 당신의 사랑을 밝게 빛나게 해 줄 즐겁고 특별한 단계를 향해 나아가고 있음을 보여준다. 행운이 당신 편에 있고 당신은 인생의 반려자를 발견할 것이다. 당신은 사람들과의 관계를 다루는 데 있어서 성숙함을 보여줄 것이다. 당신이 꿈에 그리던 파트너가 곧 당신과 함께 할 것이다. 당신이 미래에 대해 가졌던 모든 걱정은 사라질 것이다. 당신의 사랑 속에서 굉장한 시간을 가지는 축복을 누릴 것이다. </WHEEL-OF-FORTUNE-ONE >
<STRENGTH-ONE >당신은 삶에 대해 더 강하고 더 좋은 자세를 보여줄 것이다. 이것은 당신이 사람들과의 관계 속에서 마주하게 될 모든 장애물들을 다루는 데 도움을 될 것이다. 만약 당신이 과거의 어떤 문제들을 잊어버리고자 한다면 당신은 아마 곧 그것을 실천해야 한다. 당신의 사람 관계는 순탄하게 흘러갈 것이고 당신이 얻고자 하는 것은 쉽게 성취될 것이다. 당신이 가진 결단력과 지적 능력으로 당신은 모든 애정의 문제들로부터 벗어날 것이다. </STRENGTH-ONE >
<THE-HANGED-MAN-ONE >당신은 연인과의 관계 속에서 희생정신을 보여야 할 것이다. 두 사람 사이에는 갈등이 있을 수 있다. 당신은 사랑에 대해 인내하고, 침착하고, 성숙된 마음의 상태를 유지해야 한다. 두 사람 사이에는 감정적 다툼이 있을 수 있다. 당신은 상황을 더 잘 이해하기 위해 개방된 자세를 가지고 자기 성찰을 하고 주변 상황을 둘러보아야 할 것이다. </THE-HANGED-MAN-ONE >
<DEATH-ONE >이 카드는 당신의 사랑에 있어서 극적인 변화가 일어날 수 있는 단계를 보여준다. 당신은 현재의 관계 속에서 슬픔과 우울함을 느낄 수도 있다. 이러한 단계는 당신이 감정적 상태에 깊이 빠지게 함으로써 변화의 중요성을 깨닫게 해 줄 것이다. 당신의 사랑 관계는 상대적으로 거칠고 어두운 길을 지나갈 수도 있다. 이러한 어려운 단계를 극복하기 위해 당신은 강한 기질을 보여주어야 할 것이다. </DEATH-ONE >
<TEMPERANCE-ONE >이 카드는 당신의 관계 속에서 혼란이나 갈등의 상황이 오는 것을 보여준다. 이러한 상황 속에서 당신은 선택을 하는 데 어려움을 느낄 수도 있다. 당신과 당신의 파트너는 여러 가지 문제에서 상반되는 견해를 보이게 될 가능성이 있고 이 때문에 갈등이 생길 수 있다. 당신은 인내심을 가지고 협조하고, 그리고 사랑하는 사람을 달랠 수 있는 최선의 해결책을 찾아야 한다. 당신은 관계의 회복과 조화를 이룰 방법들을 찾을 것이다. </TEMPERANCE-ONE >
<THE-DEVIL-ONE >앞에 다가오는 시간은 순탄치 않다. 욕망, 탐욕, 야망, 또는 중독 같은 것들이 당신의 사랑을 혼란스럽게 할 수 있다. 당신은 또한 관계 속에서 완전히 지배하고자 한다. 당신은 사랑의 관계 속에서 큰 재앙이 일어나는 것을 피하기 위해 이러한 유혹들에 저항할 만큼 강해져야 한다. 당신은 아주 잠시 강할 필요가 있지만 잘못된 길을 가는 것은 현재의 관계에 도움이 되지 않을 것이다. 이 카드는 당신이 취할 치명적인 조치에 대해 경고하고 있으니 주의해야 한다. </THE-DEVIL-ONE >
<THE-TOWER-ONE >가까운 미래는 당신의 사랑의 관계에서 최악의 시간 중 하나가 될 것이다. 당신은 기분 나쁘고 반갑지 않은 상황이 당신의 관계 가운데 일어나는 것을 볼 것이다. 이러한 것 중 일부는 예기치 못한 것이고 당신을 잠시 동안 고립되고 외로운 느낌이 들도록 만들 수 있다. 이러한 변화는 당신에게 지금의 사랑을 개선시킬 수 있는 새로운 방법과 옵션을 보여줄 것이다. 앞에 놓인 길은 거칠 수 있다. 따라서 당신은 평정심을 유지하면서 삶이 당신에게 가르쳐 주는 새로운 것들을 배워야 할 것이다. </THE-TOWER-ONE >
<THE-STAR-ONE >이 카드는 좋은 때가 올 조짐을 보여준다. 이것은 곧 시작될 건강한 관계의 가능성을 보여준다. 또한 이것은 당신의 현재 관계가 다음 헌신의 단계로 나아갈 것을 보여준다. 당신은 당신의 파트너와 더 좋은 감정과 영적인 연결을 느끼게 될 것이다. 당신의 사랑 관계는 과거의 문제들은 극복하고 미래에 대해 더욱 긍정적으로 바라보게 되는 단계를 거치게 될 것이다. </THE-STAR-ONE >
<THE-MOON-ONE >당신의 머릿속에 가득한 생각은 당신의 관계에 관한 것일 것이다. 당신은 현재의 사랑 때문에 묶여 있다고 느낄지도 모른다. 당신은 일부러 숨겨둔 비밀을 알게 될 수도 있고 이것은 관계 가운데 감정적 좌절로 이어질 수 있다. 슬픔 가운데 우울해지면 안 된다. 좀 더 개방적인 마음을 가지고 이러한 감정들을 극복하기 위해 진지한 노력을 기울여야 한다. 감정적인 부분을 극복하고 정상적인 삶으로 돌아오기 위해 다른 취미에 심취할 수도 있을 것이다. </THE-MOON-ONE >
<THE-SUN-ONE >당신은 곧 당신의 관계 속에서 새롭고 기분 좋은 분위기를 느끼게 될 것이다. 당신이 지금 사랑을 하고 있지 않다면 당신은 곧 누군가와 사랑에 빠질 것이다. 아무런 결실을 맺지 못할 것 같았던 사랑이 긍정적인 발전을 보이기 시작할 것이다. 사랑하는 사람과의 로맨틱한 휴가와 감정이 뜨거운 데이트가 카드에서 보인다. 앞에 다가오는 시간은 행복하고 기억하고 싶은 시간이 될 것이다. 이 아름다운 순간을 최대로 누리도록 하자. </THE-SUN-ONE >
<JUDGEMENT-ONE >이 카드는 당신에게 당신 주변의 모든 것에 대해 개방된 자세를 보여주기를 요청한다. 당신은 어떠한 일들이 일어나려고 하는지 알 수 있지만 최선을 다하지 않는다면 이 상황들을 최대한 활용하는 데 실패할 것이다. 당신이 사랑을 하고 있지 않다면 당신은 곧 파트너가 될 사람을 만날 것이다. 이러한 경우에 구혼을 하기까지 너무 많은 시간을 낭비하지 않아야 한다. 당신이 누군가를 과거에 묻어둔다면 같은 일이 당신에게 일어날 수도 있다. 하지만 종국에 당신의 사랑은 긍정적인 방향으로 움직일 것이다. </JUDGEMENT-ONE >
<THE-WORLD-ONE >이 카드는 당신의 어려움이 종료되었음을 보여주고 사랑하는 사람과의 행복하고 사랑이 넘치는 시간이 다가왔음을 보여준다. 당신의 관계가 드디어 당신이 항상 원했던 방식으로 이루어질 것이다. 당신의 파트너는 당신을 격려하고 당신의 노력을 인정할 것이다. 이로 인해 당신의 사랑은 꽃을 피게 될 것이다. 이 시기에는 당신의 사랑에 새로운 열정이 일어날 것이다. 당신이 미혼이라면 특별한 사람을 만날 가능성이 상당히 높다.</THE-WORLD-ONE >
</ROOT>
