<ROOT>
<ACE-OF-CUPS-ONE >당신의 친척과 어떤 갈등이나 어색함이 있을 수 있고 이것이 짜증의 원인이 될 수 있다. 당신은 누군가와 새로운 관계를 맺기를 기대할 것이고 그것은 결실을 맺고 당신은 그것에 대해 만족할 것이다. </ACE-OF-CUPS-ONE >
<TWO-OF-CUPS-ONE >이 카드는 당신이 일이나 개인적인 이유로 떠나야 함을 보여준다. 사랑하는 사람들과의 다툼에도 불구하고 결국 모든 일들이 잘 해결될 것이다. 당신은 가깝지 않은 사람에게 비밀을 이야기할 수 있지만 그리 좋지 않을 것이다. </TWO-OF-CUPS-ONE >
<THREE-OF-CUPS-ONE >어떤 행사가 담당자나 개인적인 문제로 인해 연기될 수 있고 이로 인해 당신은 조금 화가 날 수 있다. 이 때문에 당신은 고립된 기분을 느낄 수 있지만 사랑하는 사람들이 곁에서 당신의 기분을 좋게 해 주고자 한다는 것을 알게 될 것이다. </THREE-OF-CUPS-ONE >
<FOUR-OF-CUPS-ONE >이 카드는 매우 바쁜 시기를 인내하며 보내야 함을 보여준다. 사랑하는 사람들에 대해 알아볼 수 있는 시간이 있을 것이고 당신은 누가 정말 당신을 사랑하는지 곧 알게 될 것이다. 당신은 냉담하기보다는 당신의 문제를 다른 사람과 나누고 사랑하는 사람들이 당신을 도울 수 있게 해 주어야 한다. </FOUR-OF-CUPS-ONE >
<FIVE-OF-CUPS-ONE >당신이 통제되지 아니하는 어떤 것을 포기해야 되어서 지금은 당신에게 그리 기분 좋은 시기가 아닐 것이다. 지금은 당신과 사랑하는 사람 사이에 힘들 시기일 수 있고 이것은 큰 다툼으로 변하여 원하지 않는 결과로 이어질 수 있다. </FIVE-OF-CUPS-ONE >
<SIX-OF-CUPS-ONE >지금은 당신에게 있어서 휴가의 시간으로 보인다. 친구들과 친척들을 방문하는 일이 많을 것이다. 당신의 개인적인 삶에 어떤 문제가 있을 수 있고 이것이 원하지 않는 결과로 나타날 수도 있지만 당신은 분별 있게 그것을 잘 처리할 것이다. </SIX-OF-CUPS-ONE >
<SEVEN-OF-CUPS-ONE >당신의 가족 가운데 의견 갈등이 있을 수 있고 이것이 심해질 수 있다. 당신은 그 상황을 평화롭게 해결하기 위해 도움을 얻고자 할 것이다. 당신은 많은 일들의 균형을 맞추는 일을 전문적으로 잘 하지만 요금과 관련된 일은 겨우 해낼 것이다. </SEVEN-OF-CUPS-ONE >
<EIGHT-OF-CUPS-ONE >당신이 사랑하는 사람들과의 만남이 계획되지만 불확실한 이유로 인해 당신은 그것을 연기해야 할 수 있다. 또한 당신이 사랑하는 사람들을 위해 의사를 몇 번 만나야 될 수도 있다. 어떤 기분 좋은 소식이 당신에게 다가오고 있다. </EIGHT-OF-CUPS-ONE >
<NINE-OF-CUPS-ONE >당신은 여행을 계획하거나 잠시 떠나고자 할 것이다. 하지만 더 좋은 일이 생겨서 그것을 미루게 될 것이다. 당신은 사랑하는 사람들을 힘들게 하는 어떤 질병 때문에 조금 향수에 젖을 수 있지만 당신의 친구의 도움과 함께 긍정적인 측면을 곧 보게 될 것이다. </NINE-OF-CUPS-ONE >
<TEN-OF-CUPS-ON >당신은 힘든 상황을 맞이하고 가족이나 직장으로부터 떨어져 있을 것을 고려할 수 있다. 그리고 지금보다 상황이 더 나빠질 수는 없을 것이라고 생각할 수 있다. 당신은 당신의 감정적인 부분을 잘 다스려서 가족과 친구들과 재회를 하기 위해 연락을 취할 것이다. </TEN-OF-CUPS-ON >
<PAGE-OF-CUPS-ONE >이 카드는 당신이 일들을 당신을 위해 훨씬 간단하게 만들고자 함을 보여준다. 그리고 이에 대해 당신의 인생에서 운이 좋은 변화가 당신을 도울 것이다. 당신은 돈, 임대, 또는 자산과 관련된 문제들을 밀어붙이면 안 된다. 왜냐하면 그것들을 당신이 기대한 대로 나타나지 않을 것이기 때문이다. 당신은 옛 친구나 전 애인 중 한 명을 만날 수 있다. 그리고 이것은 재결합으로 이어질 수 있다 </PAGE-OF-CUPS-ONE >
<KNIGHT-OF-CUPS-ONE >당신은 지금 주거지 변경을 생각하고 있지만 너무 열심히 일들을 추진하려고 하지 않는다. 당신의 집 주변에 작은 사건들이 있을 수 있기 때문에 당신은 주의를 기울여야 한다. 사랑하는 사람들이 연휴 계획을 세울 것이고 당신은 그것을 기대할 것이다. 당신은 친구들과 지속적으로 연락을 취할 것이다. </KNIGHT-OF-CUPS-ONE >
<QUEEN-OF-CUPS-ONE >당신은 아이들이나 집안일 또는 손님으로 인해서 당신의 집에서 많은 혼란을 겪을 것이다. 가족과 어떤 문제가 있을 수 있고 당신은 책임감 있게 행동해야 할 것이다. 그렇지 않으면 원하지 않는 상황을 맞이할 수 있다. 이러한 혼란의 상황은 당신을 친구와 더 가깝게 만들어 주고 당신은 그들에게서 위로를 얻을 것이다. </QUEEN-OF-CUPS-ONE >
<KING-OF-CUPS-ONE >당신의 삶에 새로운 상황이 다가오고 있다. 이것은 당신에게 우호적으로 작용할 것이고 행복을 다시 가져올 것이다. 당신은 친구로부터 생각하지도 못했던 연락을 받을 것이고 이것은 당신의 기분을 좋게 할 것이다. 어떤 친척들이 당신과 문제를 나눌 수 있고 당신은 그들을 돕는 것을 좋아할 것이다. 그리고 당신은 그들을 가능한 많이 위로해 주려고 할 것이다. </KING-OF-CUPS-ONE >
<ACE-OF-PENTACLES-ONE >당신은 지금 기분 좋은 시기를 맞이하고 있고 호황의 시기가 다가오고 있다. 또한 이전에 사고 싶었으나 사지 못했던 것을 살 수 있을 것이다. 가족과의 관계는 너무나도 좋을 것이고 건강한 삶이 가득할 것이다. 당신은 옛 친구들을 만나거나 그들과 즉흥적인 계획을 세울 수도 있다. </ACE-OF-PENTACLES-ONE >
<TWO-OF-PENTACLES-ONE >당신은 집에서 균형 잡힌 삶을 사는 것이 너무 어렵다는 것을 보게 될 것이다. 당신은 매우 정신이 산만한 상황을 맞이하게 될 것이고 자기의 삶에 집중하기가 어려울 것이다. 이러한 정신없는 상황은 일 때문에 생긴 압박감 때문일 수 있다. 당신이 사회 활동을 시작하고 새로운 사람들을 만난다면 더 기분이 좋아질 것이다. </TWO-OF-PENTACLES-ONE >
<THREE-OF-PENTACLES-ONE >이 카드는 당신이 어떠한 취미나 활동에 몰두하는 것을 보여준다. 그리고 사랑하는 사람이나 예상하기 못한 사람이 선물과 어떠한 기회들을 가지고 나타날 것이다. 당신이 가족과 함께 헤쳐 나가야 할 어떤 어려움이 있을 수 있다. </THREE-OF-PENTACLES-ONE >
<FOUR-OF-PENTACLES-ONE >비즈니스, 판매, 또는 다른 기회가 곧 당신에게 다가올 것이다. 여기에는 사랑하는 사람들의 지원과 도움이 필요하다. 당신은 친구와 계획을 세울 것이고 반갑지 않은 난관이 있을 수 있으나 당신은 그것을 잘 이겨낼 것이다. </FOUR-OF-PENTACLES-ONE >
<FIVE-OF-PENTACLES-ONE >이 카드는 당신이 스트레스를 받는 상황을 맞이할 것을 보여준다. 당신은 정신적으로 그리고 감정적으로 균형 있는 안정감을 얻고자 할 것이다. 당신은 가족들로부터 도움 요청을 받을 수 있다. 당신은 지금 친구들을 그리워할 수 있으나 그들과 연락할 시간을 찾지 못할 것이다. </FIVE-OF-PENTACLES-ONE >
<SIX-OF-PENTACLES-ONE >당신은 어떠한 문제로 인해 친구나 동료들과 평화롭지 못한 상태에 있을 수 있다. 당신은 쉬지 않고 일을 하느라 스트레스를 받고 있고 더 큰 피해를 받기 전에 휴식을 취할 필요가 있다. 당신의 가족 중 한 명은 행복해 보이지 않고 또한 혼자 있고 싶거나 순례의 길을 떠나고자 한다. </SIX-OF-PENTACLES-ONE >
<SEVEN-OF-PENTACLES-ONE >당신의 재정 상황이 좋지 않아서 근심하고 초조할 수 있지만 다른 곳으로부터 돈이 들어올 것이다. 어떤 건강 문제로 인해 당신은 잠시 쉬게 될 수 있다. 당신은 친구에게 연락을 취하고 그들과 시간을 보낼 것이다. </SEVEN-OF-PENTACLES-ONE >
<EIGHT-OF-PENTACLES-ONE >당신은 가정 문제에 대해 해결책을 찾는 데 조금 어려움을 겪을 것이다. 당신의 가족이 당신을 친절하게 대하지 않을 수 있고 여기에는 어떠한 방해 요소가 있을 수 있다. 당신은 개인의 삶과 일 사이에서 균형을 이루어 낼 것이고 사랑하는 사람들과 시간을 보낼 것이다. </EIGHT-OF-PENTACLES-ONE >
<NINE-OF-PENTACLES-ONE >집에서 할 수 있는 일이나 전화를 거는 일이 당신을 잠시 바쁘게 할 것이다. 당신의 친구와 가족이 항상 당신 곁에 있어서 중요한 결정을 할 때마다 당신에게 조언을 해 줄 것이다. 당신은 일과 관련된 토론에 참여하게 될 것이고 이를 통해 친구들과 동료들을 더 가까이에 둘 것이다. </NINE-OF-PENTACLES-ONE >
<TEN-OF-PENTACLES-ONE >이 카드는 당신이 지금 사회 모임을 즐기고 친구와 가족들과 시간을 보내는 것을 보여준다. 당신은 가족과 더욱 연결된 기분을 느낄 것이고 그들에게 도움을 요청하면 그들은 즐겁게 도와줄 것이다. 지금은 당신이 새로운 사람들을 만날 때이고 이 사람들은 당신의 인생에서 중요한 사람들이 될 것이다. </TEN-OF-PENTACLES-ONE >
<PAGE-OF-PENTACLES-ONE >당신은 바쁜 일정으로 인해 스트레스를 조금 받을 수 있고 사랑하는 사람들과 시간을 보내기 위해 노력할 것이다. 당신이 기대했던 파트너십이 이루어질 것이나 그것이 당신이 원했던 방향으로 나아가지 않아서 당신은 실망할 것이다. 하지만 당신은 일을 성공적으로 마치기 위해 노력할 것이다. </PAGE-OF-PENTACLES-ONE >
<KNIGHT-OF-PENTACLES-ONE >당신은 지금 매우 기분이 좋고 큰 소비를 차지하는 쇼핑이나 외출을 그만둘 것이다. 당신과 가족 중 한 명과 갈등이 있을 수 있다. 왜냐하면 당신이 그들과 시간을 많이 보내려고 하지 않기 때문이다. 당신은 친구로부터 도움을 얻을 것이고 어떤 문제가 있다면 그것들은 해결될 것이다. </KNIGHT-OF-PENTACLES-ONE >
<QUEEN-OF-PENTACLES-ONE >이 카드는 당신이 당신의 경력, 친구, 그리고 가족을 마음에 둔 미래의 계획을 세울 것을 보여준다. 당신은 친구들과 이야기를 나눌 때 유용한 아이디어들이 떠오를 것이다. 당신은 가족과 친근함을 느낄 것이고 어떤 문제를 해결하는 데 도움을 줄 것이다. </QUEEN-OF-PENTACLES-ONE >
<KING-OF-PENTACLES-ONE >당신은 지금 많은 서류와 관련된 일로 바쁘다. 당신은 친구들과 시간을 보낼 것이고 또한 어떤 유익을 얻을 것이다. 당신은 휴가를 떠나거나 가족과 잠시 외출을 하고 싶은 상황에 있을 수 있으나 모든 일들은 잘 통제되어야 할 것이다. </KING-OF-PENTACLES-ONE >
<ACE-OF-SWORDS-ONE >당신은 예기치 않은 즐거운 상황을 맞게 될 것이고 당신은 그것을 좋아할 것이다. 가정에서 가족 간에 압박과 불편함이 있을 수 있다. 이로 인해 당신은 냉담해질 것이다. 당신은 친구에게 속마음을 털어놓고 조언이나 위로를 얻고자 할 것이다. </ACE-OF-SWORDS-ONE >
<TWO-OF-SWORDS-ONE >여러 가지 이유로 사랑하는 사람들과 함께 당신이 무엇인가를 시작할 조짐이 있다. 당신은 어떤 돈과 관련된 문제를 만나게 될 것이고 운이 따른다면 누군가 큰 도움을 줄 것이다. 인내하고 있으면 모든 논쟁들이 금방 잦아들 것이다. </TWO-OF-SWORDS-ONE >
<THREE-OF-SWORDS-ONE >가족들 사이에서 항상 그러한 것처럼 당신은 너무 높은 기대를 충족시켜야 한다는 압박으로 인해 좌절감을 느낄 수 있다. 어떠한 죄책감 때문에 마음이 편하지 않을 수 있다. 당신은 상황을 해결할 수 있다고 자신을 다그칠 것이고 정상으로 돌아오기 위해 노력할 것이다. </THREE-OF-SWORDS-ONE >
<FOUR-OF-SWORDS-ONE >당신은 어떤 법률 문서를 다루어야 할 것이고 이것은 유쾌한 경험이 되지 않을 것이다. 당신은 사랑하는 사람이 어려움을 겪고 있을 때 도움을 주지 못해 무기력한 상황들을 맞이할 수 있다. 친구와 시간을 보내기에는 최적의 때가 아니다. 왜냐하면 전체적으로 당신은 실망하게 될 것이기 때문이다. </FOUR-OF-SWORDS-ONE >
<FIVE-OF-SWORDS-ONE >오랜 치료 이후에 당신은 드디어 병원을 가지 않아도 되고 상태가 호전될 것이다. 당신의 가족은 그리움을 느끼며 당신 곁에 있을 것이다. 당신은 어떤 책임감으로 어깨가 무거울 수 있고 이것은 좌절감으로 이어질 수 있다. 당신은 특별히 가족을 위해 쇼핑을 마음껏 할 것이다. </FIVE-OF-SWORDS-ONE >
<SIX-OF-SWORDS-ONE >이 카드는 가정 문제와 관련하여 어떤 어려움과 난관을 맞이하게 될 것을 보여준다. 당신은 가족과 깊은 유대감을 느낄 것이고 가족 및 친구들과 더 많은 시간을 함께 있기 위해 노력할 것이다. 또한 당신은 사랑하는 사람들을 돕고자 할 것이다. </SIX-OF-SWORDS-ONE >
<SEVEN-OF-SWORDS-ONE >오랜 친구와의 갑작스러운 만남이 보인다. 이것은 좋은 결과로 나타날 것이다. 당신에게 문제를 안겨주고 불편함을 느끼게 할 어떤 일들이 있을 것이다. 당신은 가족과 논쟁을 하거나 어떤 이익과 관련해서 갈등이 있을 수 있으나 당신은 유대 관계를 계속 유지하려고 할 것이다. </SEVEN-OF-SWORDS-ONE >
<EIGHT-OF-SWORDS-ONE >당신은 친구와 관련된 어떤 문제를 가질 수 있고 당신은 확실한 결단을 내려야 할 것이다. 또한 애인과 깊은 관계를 맺을 사랑의 시간이 있을 것이다. 당신은 가족과 유익한 시간을 보내는 것을 좋아할 것이고 이 때문에 너무나도 행복할 것이다. </EIGHT-OF-SWORDS-ONE >
<NINE-OF-SWORDS-ONE >이 카드는 당신이 지금 어떤 사람에 대해 매우 초조해하고 있음을 보여준다. 돈과 관련된 문제를 겪고 있는 친척이 있을 수 있고 당신은 이에 대해 도움을 주고자 할 것이다. 이것은 당신의 평판을 친척들 사이에서 더 좋게 해 줄 것이다. 또한 당신은 감정적으로 당신을 연약하게 만드는 어떤 사람이나 일로부터 멀리 떠나야 할 것이다. </NINE-OF-SWORDS-ONE >
<TEN-OF-SWORDS-ONE >당신은 당신에게 도움이 되고 집중력을 높여줄 수 있는 어떤 좋은 프로그램에 등록할 것이다. 당신은 고립된 기분과 불안함을 느낄 수 있고 이에 대해 맞서고자 할 것이다. 소중한 사람이 당신에게 상처를 줄 수 있고 이로 인해 당신은 딜레마에 빠질 수 있을 것이다. </TEN-OF-SWORDS-ONE >
<PAGE-OF-SWORDS-ONE >당신의 기분을 너무나도 나쁘게 할 소식이 다가오고 있을 수 있다. 당신은 멀리 떨어진 친척을 만날 계획을 세우거나 반대로 그들이 당신을 찾아오고자 할 수 있다. 당신은 지속적으로 사랑을 위해 노력을 기울일 것이고 이것은 당신의 파트너나 친구로부터 인정을 받게 될 것이다. </PAGE-OF-SWORDS-ONE >
<KNIGHT-OF-SWORDS-ONE >이 카드는 당신이 파티를 즐기고 많은 행사에 기분 좋은 상태로 있는 것을 보여준다. 가족 내에 어떤 대립의 상황이 있을 수 있고 당신은 모든 것이 나아지도록 하기 위해 귀를 기울이고 노력을 기울일 것이다. 또한 사랑하는 사람으로부터 조언을 받아야 할 수도 있다. </KNIGHT-OF-SWORDS-ONE >
<QUEEN-OF-SWORDS-ONE >이 카드는 지금이 당신에게 힘들 시기가 될 것을 보여준다. 당신의 친구와 가족을 포함하여 모든 상황으로부터 좋지 않은 소식들이 들릴 수 있다. 이러한 것들을 처리하는 데 당신이 힘들 수 있지만 사랑하는 사람들이 당신이 편안함을 느낄 수 있도록 최선을 다해 도울 것이다. </QUEEN-OF-SWORDS-ONE >
<KING-OF-SWORDS-ONE >당신의 삶의 방식에 대해 가족과 갈등이 있을 수 있고 이것으로 인해 당신은 화가 날 수 있다. 또한 당신은 호스텔이나 새로운 아파트로 이사를 나가고자 할 수 있다. 문제들이 당신을 따를 것이고 당신이 주의를 기울이지 않는다면 예상치 못한 스캔들에 휘말릴 수 있다. </KING-OF-SWORDS-ONE >
<ACE-OF-WANDS-ONE >당신은 일과 가족과 관련하여 어떤 문제를 가질 수 있고 당신은 직장을 그만두고 자신의 일을 시작하려고 할 수 있다. 서류 준비 등으로 지체될 수 있고 당신은 어떤 만남이나 회동을 취소해야 할 것이다. </ACE-OF-WANDS-ONE >
<TWO-OF-WANDS-ONE >이 카드는 당신이 가족 중 한 명과 관련된 문제를 해결하고 원래대로 회복시킬 것을 보여준다. 기쁜 소식이 당신에게 오고 있고 이것은 당신의 미래에 도움을 줄 것이다. 당신은 친구를 돕고자 할 것이나 그 의도가 당신이 생각했던 것과 다르다는 것을 발견할 것이다. </TWO-OF-WANDS-ONE >
<THREE-OF-WANDS-ONE >가족 중 연장자들이 당신에게 서류와 재정과 관련된 귀한 조언을 해 줄 것이다. 당신은 모든 일로부터 잠시 휴식을 갖고 원하는 것을 할 것이고 이것은 과감한 결단이 될 것이다. 당신은 친구의 지원을 구할 것이고 사랑하는 사람들과 관련된 꿈을 키우고자 할 것이다. </THREE-OF-WANDS-ONE >
<FOUR-OF-WANDS-ONE >당신은 스트레스를 받고 짜증이 날 것이다. 왜냐하면 가족 가운데 다툼과 갈등이 있기 때문이다. 하지만 결국 당신과 사랑하는 사람들은 문제를 해결할 것이고 평화를 유지할 것이다. 당신에게 해를 가하고 잘못된 길로 사기를 치고자 하는 사람이 있다. 그러므로 당신은 이에 대해 항상 경계해야 할 것이다. </FOUR-OF-WANDS-ONE >
<FIVE-OF-WANDS-ONE >당신은 외부에서 발생한 어떤 통제되지 않는 상황으로 인해 짜증이 나고 화가 날 것이다. 당신의 가족이나 재산을 파괴하려고 하는 사람이 있을 수 있고 당신은 이에 대해 주의해야 한다. 친구와 가족은 당신이 내적으로 힘들 과정을 이겨낼 있도록 도울 것이다. </FIVE-OF-WANDS-ONE >
<SIX-OF-WANDS-ONE >이 카드는 당신이 자신의 수고에 대해 큰 기쁨을 느끼지 않음을 보여준다. 당신은 친구나 가족을 만나고자 할 것이고 그들과 행복한 여행을 떠나려고 할 것이다. 당신은 친척이 겪고 있는 재정과 관련된 문제를 처리해야 할 수도 있다. </SIX-OF-WANDS-ONE >
<SEVEN-OF-WANDS-ONE >당신은 너무나도 바쁜 업무 일정과 가족과의 시간을 놀라운 능력으로 관리하고 다루어야 할 것이고 당신이 균형을 제대로 조정하지 못한다면 삶에 어려움을 겪을 수 있다. 당신은 옛 친구와 연락을 취할 것이고 이것은 기쁜 만남이 될 것이다. </SEVEN-OF-WANDS-ONE >
<EIGHT-OF-WANDS-ONE >이 카드는 당신이 일과 가정 사이에서 고군분투해야 하고 가족을 위한 시간을 내기가 힘들 것임을 보여준다. 또한 카드에는 축하하는 모습이 보인다. 왜냐하면 가족에게 좋은 소식이 있기 때문이다. 친구 사이에 오해가 있을 수 있기 때문에 이에 대해 주의를 기울여야 할 것이다. </EIGHT-OF-WANDS-ONE >
<NINE-OF-WANDS-ONE >당신은 법률문제와 관련된 서류 일을 처리하고 있는 친척을 도우려고 할 것이다. 옛 친구와의 어떤 문제가 해결될 것이고 재회하게 될 것이다. 당신은 열렬히 사랑하는 사람으로부터 어떤 소식을 기다리고 있고 이러한 염려가 당신을 초조하게 만들 것이다. </NINE-OF-WANDS-ONE >
<TEN-OF-WANDS-ONE >일로부터 많은 부담을 느낄 수 있고 당신은 헌신을 다해 맡은 책임을 완수하고자 할 것이다. 당신은 돌봐야 할 직장의 일과 개인적인 문제가 있을 수 있다. 당신과 친구나 사랑하는 사람 사이에 다툼이 있을 수 있고 당신은 상황을 올바르게 하기 위해 어떻게 해야 할 지를 모를 수 있다. 이것은 당신이나 당신의 친구에게 좋지 않을 것이다. </TEN-OF-WANDS-ONE >
<PAGE-OF-WANDS-ONE >당신은 어려운 시간을 통과하게 될 것이고 잠시 혼자 있고 싶을 수 있다. 그리고 이로 인해 당신의 친구와 가족이 당신을 걱정할 수 있다. 당신은 많은 결정들의 가치를 평가하면서 삶의 많은 일들을 정리할 것이고 이를 위해 친구의 도움이 필요할 수 있다. </PAGE-OF-WANDS-ONE >
<KNIGHT-OF-WANDS-ONE >당신을 회복시키는 짧은 여행이 보인다. 당신은 당신의 파트너와 더 많은 시간을 보내기 위해 같이 사는 것을 고려할 것이다. 가족과 친구들과의 여러 일들이 어떤 특별한 경우들로 인해서 생각한 것처럼 진행되지 않을 수 있다. 당신은 당신의 도움과 지원을 요구하는 친구를 만나지 않아야 할 것이다. </KNIGHT-OF-WANDS-ONE >
<QUEEN-OF-WANDS-ONE >당신은 영적인 일에 관심이 있고 자기 규제 및 수련을 시작하고자 할 수 있다. 당신은 새로운 관계를 맺거나 이전의 관계가 새롭게 회복되고 강화될 수도 있다. </QUEEN-OF-WANDS-ONE >
<KING-OF-WANDS-ONE >이 카드는 당신이 질병과 관련된 상황을 맞게 됨을 보여준다. 당신이 다른 곳으로 이동해야 하는 어떤 모험이 있을 수 있다. 마지막에는 당신이 고립된 기분으로부터 안도하게 될 것이고 상황들은 더욱 좋아질 것이다. </KING-OF-WANDS-ONE >
<THE-MAGICIAN-ONE >당신은 지금 새로운 시작에 초점을 맞추고 있다. 당신은 취할 가능성이 적은 것을 쫓아서는 안 된다. 당신은 친구 중 한 명으로부터 가치 있거나 관련성이 있는 도움을 곧 얻게 될 것이다. 가족과 함께 어떠한 계획들이 세워질 수 있고 또는 사랑하는 사람과의 계획 가운데 어떠한 변화가 있을 수 있다. </THE-MAGICIAN-ONE >
<THE-HIGH-PRIESTESS-ONE >이 카드는 당신을 위한 기분 좋은 깜짝 뉴스가 준비되어 있고 당신은 이것 때문에 아주 기분이 좋을 것을 보여준다. 당신은 어떤 스트레스로 인해 지금 가족과 친밀함을 느끼지 않을 수 있다. 당신과 친구와의 관계는 개선될 것이다. </THE-HIGH-PRIESTESS-ONE >
<THE-EMPRESS-ONE >당신은 가족 가운데 이루어지는 많은 이야기들로 인해 조금 정신이 산만할 수 있고 마음의 안정을 갈구할 수 있다. 또한 잠시 멀리 떠나는 것도 고려할 수 있다. 당신은 친구에게 이전에 했던 일로 인해 조금의 죄책감을 느낄 수 있다. 지금은 자신이 두려워하는 것을 마주하고 고백을 해야 할 때이다. </THE-EMPRESS-ONE >
<THE-EMPEROR-ONE >당신이 친척이나 소중한 사람을 방문하고자 한다면 그 방문은 성공적일 것이나 그 여정이 순탄하지 않을 수 있다. 지금은 당신을 지원해주고 당신이 우울할 때 당신에게 영감을 불어넣어 줄 많은 친구들에게 둘러싸일 때이다. </THE-EMPEROR-ONE >
<THE-HIEROPHANT-ONE >이 카드는 당신이 집안 분위기가 더 활기차기를 원하고 있고 어떤 소식이 다가오고 있음을 보여준다. 당신은 친구와 힘든 시간을 보낼 수 있지만 서로 이야기를 하는 것만이 상황을 평온하게 할 것이다. 그리고 당신은 상대방을 이해하고 결국 상황을 잘 해결할 것이다. </THE-HIEROPHANT-ONE >
<THE-LOVERS-ONE >당신은 배신과 관련된 어떤 것을 하지 않는다면 당신의 친구들이 당신을 배신하지 않을 것이라는 것을 알게 될 것이다. 당신은 가족과 좋은 관계를 가질 것이고 또한 어떤 축하할 일이나 좋은 소식을 위해 모임을 가지려고 할 것이다. 어떤 친척들이 그들의 화를 표출할 수 있기 때문에 당신은 주의해야 할 필요가 있다. </THE-LOVERS-ONE >
<THE-CHARIOT-ONE >당신은 옛 친구들을 만날 것이고 이를 통해 당신의 스트레스 가득한 삶 가운데 원기를 북돋우는 변화를 가질 수 있을 것이다. 당신은 문제를 겪고 있는 친척을 돕고자 할 것이지만 그는 어떤 것에도 귀를 기울이지 않을 것이고 이 때문에 당신은 미안함과 무기력함을 느낄 수 있다. 당신은 가족과 관련하여 당신의 주장을 인정받기 위해 강한 지원이 필요할 것이다. </THE-CHARIOT-ONE >
<STRENGTH-ONE >이 카드는 당신이 친구들과 즐거운 시간을 가지고 이성인 친구 중 한 명과 사랑에 빠질 수 있음을 보여준다. 당신은 재정 문제로 인해 가족과 힘들 시간을 가질 수 있다. 상황이 손을 쓸 수 없을 때 큰 갈등이나 좋지 않은 결과가 나타날 수 있다. </STRENGTH-ONE >
<THE-HERMIT-ONE >당신이 오랜 시간을 보내고 난 후 가족이나 친구에게 이야기를 할 가능성이 있다. 당신이 사랑하는 사람과 어떤 불화를 겪었다면 그것은 해결될 것이다. 당신은 일이나 재정 문제에 대해 소중한 사람으로부터 조언을 받게 될 것이고 이것은 매우 도움이 될 것이다. </THE-HERMIT-ONE >
<WHEEL-OF-FORTUNE-ONE >이 카드는 가족 중 한 명이 당신에게 좌절과 실망감을 안겨줄 것을 보여준다. 당신은 그 사람으로부터 떠나고 싶을 것이다. 가족이 가지고 있는 질병으로 인해 의사를 몇 번 방문해야 할 수 있고 이것은 많은 스트레스를 안겨줄 것이다. </WHEEL-OF-FORTUNE-ONE >
<JUSTICE-ONE >당신은 가족이나 친척이 당신과 당신의 결정에 영향을 미칠 어떤 문제들을 마주하고 있음을 알게 될 것이다. 상황은 기대만큼 순탄하게 흘러가지 않을 것이고 가족과 친구 사이에 몇 가지 문제가 있을 것이지만 이러한 시간은 결국 지나갈 것이다. </JUSTICE-ONE >
<THE-HANGED-MAN-ONE >당신의 가족과 친구들은 당신이 추구하는 새로운 모험을 지지할 것이다. 그리고 소중한 사람 또한 당신을 도울 것이다. 관점의 차이로 인해 어떤 논쟁이 있을 수 있지만 이것은 쉽게 해결될 것이다. 당신은 이전의 관계들을 유지하는 데 노력을 기울여야 할 것이다. </THE-HANGED-MAN-ONE >
<DEATH-ONE >이 카드는 당신과 당신의 가족에게 번영의 시간이 있을 것임을 보여준다. 그리고 당신은 여러 이유로 인해 집안일을 배우고자 할 것이다. 당신과 당신 친구 사이에 어떤 특별한 상황으로 인해 변화나 어색한 순간이 있을 수 있지만 곧 당신은 상황을 원래대로 고쳐 놓을 것이다. </DEATH-ONE >
<TEMPERANCE-ONE >당신은 당신의 가족과 친척들이 당신을 매우 지지해 주고 당신에 대한 존중과 함께 올바른 조언을 해 주는 것을 보게 될 것이다. 당신과 소중한 사람 사이에 감정의 요동이 있을 수 있다. 당신은 쉽게 짜증 날 수 있기 때문에 냉정함을 유지해서 상황들을 잘 처리해 나가야 할 것이다. </TEMPERANCE-ONE >
<THE-DEVIL-ONE >이 카드는 당신이 감정적으로 힘들고 정말 원하는 것이 무엇인지 결정하기 어려워하지만 잠시 동안 상황에 대해 균형을 잡으려고 노력하는 것을 보여준다. 한 번에 혼란스러운 생각들이 덮치면서 당신의 마음에 회오리바람과 같은 갈등이 생길 수 있다. </THE-DEVIL-ONE >
<THE-TOWER-ONE >지금은 당신이 재정적으로 그리고 개인적으로 힘든 상황을 맞이하게 되기 때문에 그리 즐겁지 않은 시기가 될 것이다. 이것이 실패로 이어질 수 있지만 당신의 소중한 사람들이 당신이 이것을 이겨낼 수 있도록 도와줄 것이다. 당신이 마주하고 있는 상황으로 인해 한 편으로는 운이 좋지만 다른 한편으로는 불운할 것이다. </THE-TOWER-ONE >
<THE-STAR-ONE >당신은 친척들 중 누군가가 서류와 관련된 문제를 겪고 있음을 알고 도우려고 할 것이다. 당신은 누군가로부터 좋은 소식을 듣게 될 것이고 이로 인해 당신은 흥분되고 그리고 당신에게 편안함과 안도감을 줄 수 있는 단란함을 느끼게 될 것이다. </THE-STAR-ONE >
<THE-MOON-ONE >당신을 힘들게 하고 혼란스럽게 하고, 그리고 불확실하게 만드는 상황이 발생할 수 있다. 당신은 친구나 소중한 사람에 대해 매우 감정적으로 생각할 수 있고 이로 인해 당신은 무엇을 할 것인지에 대한 생각에 혼란이 올 수 있다. 당신이 친구나 친척과 함께 하고자 하는 계획은 매우 실망스러운 결과로 나타날 것이다. </THE-MOON-ONE >
<THE-SUN-ONE >당신은 균형 잡힌 삶을 보고 싶기 때문에 상황들을 해결하려고 노력하고 있다. 당신은 친척들과 이야기할 때 그들이 당신을 지지하고 있지 않다고 느낄 것이다. 당신은 비즈니스에서 즐거움을 찾으려 하거나 직장에서 우정을 쌓으려고 하지만 이것은 좋지 않은 생각이 될 것이다. </THE-SUN-ONE >
<JUDGEMENT-ONE >이 카드는 당신이 매우 중요한 결정을 해야 하고 이것은 옛 친구나 소중한 사람과 관련되어 있을 것임을 보여준다. 좋은 소식이 당신의 친구 중 한 명이나 친척들로부터 전해질 수 있다. 당신의 친구와 친척과의 관계는 더욱 좋아질 것이다. </JUDGEMENT-ONE >
<THE-WORLD-ONE >당신의 머리에 많은 압박이 있고 이것이 폭발 직전까지 이르고 있다. 지금은 잠시 휴가를 가거나 멀리 떨어져 있어야 할 시간이다. 당신은 도움을 받기 위해 친구를 찾을 것이고 친구 중 누군가는 당신을 돕고자 할 것이고 당신에게 위안을 줄 것이다. </THE-WORLD-ONE >
<THE-FOOL-ONE >당신은 당신의 친척 중 한 명을 도울 위치에 서게 될 것이다. 하지만 그 친척은 무지함으로 인해 그 기회를 잃을 것이다. 당신과 가까운 사이에 있는 어떤 사람에 의해 당신은 당신이 지금 위험한 상태에 있고 누군가 당신으로부터 이익을 취해서 장기적으로 당신에게 나쁜 결과가 안겨줄 위험이 있다는 것을 깨닫게 될 것이다.</THE-FOOL-ONE >
</ROOT>
