<ROOT>
<ACE-OF-CUPS-ONE >Ta karta wskazuje, ¿e teraz czujesz siê zadowolony z siebie i uczucia mi³oœci, przyjemnoœci i romansu rz¹dz¹ twoim umys³em. Najprawdopodobniej skontaktujesz siê z kimœ, kto ciê lubi i mo¿e to zmieniæ siê w romantyczn¹ datê. Jeœli jesteœ ju¿ w zwi¹zku to ty i twój partner mo¿e myœleæ o wi¹zaniu wêz³a. </ACE-OF-CUPS-ONE >
<TWO-OF-CUPS-ONE >Chcesz zobaczyæ swoje romantyczne ¿ycie uregulowane i rozwi¹zaæ problemy, które ty i twój partner macie. Czujesz siê niespokojny i nie jesteœ w stanie poœwiêciæ pe³nej uwagi swojemu partnerowi z powodu czegoœ, co ciê niepokoi i dezorientuje bardziej. Musisz byæ silny i podejmowaæ konkretne decyzje dotycz¹ce swoich uczuæ. </TWO-OF-CUPS-ONE >
<THREE-OF-CUPS-ONE >Ta karta pokazuje, ¿e w tym momencie czujesz siê bardzo bezbronny i chcesz, aby siê nim zaj¹æ. Postarasz siê równie¿ wyraziæ swoj¹ troskê i wspó³czucie wobec partnera i jego bliskich. Rzeczy stan¹ siê g³adkie bardzo szybko i w odpowiednim czasie, znajdziesz romans rosn¹cy w twoim ¿yciu. </THREE-OF-CUPS-ONE >
<FOUR-OF-CUPS-ONE >Ta karta wskazuje, ¿e teraz mo¿esz mieæ silne pragnienie partnera. Jeœli ju¿ w zwi¹zku, bêdziesz czu³ siê bardzo blisko swojego partnera i chcia³byœ rozwi¹zaæ napiwki, jeœli w ogóle. Tym razem mo¿e byæ trochê niespokojny dla Ciebie, jak spróbowaæ rozwi¹zaæ problemy z partnerem i spróbowaæ przyjœæ razem jak szczêœliwa para. </FOUR-OF-CUPS-ONE >
<FIVE-OF-CUPS-ONE >Czujesz siê teraz bardziej emocjonalnie i chcesz prawdziwie powa¿nej relacji, gdzie jest wzajemne zrozumienie i komfort, a to mo¿e nawet byæ twoim przyjacielem. Ty teraz uœwiadamiasz sobie, ¿e nie by³oby dobrze iœæ na kompromis bêd¹c sob¹ tylko dla dobra utrzymania zwi¹zku przy ¿yciu, poniewa¿ mo¿e to w koñcu okazaæ siê destrukcyjne. </FIVE-OF-CUPS-ONE >
<SIX-OF-CUPS-ONE >Ta karta wskazuje, ¿e pomimo tego, ¿e przyci¹gnie Ciê tylko jedna wyj¹tkowa osoba, bêdziesz mia³ kilka wspania³ych doœwiadczeñ, które zaprowadz¹ Ciê w ró¿nych kierunkach. Próbujesz zrobiæ coœ specjalnego dla swojego partnera, ale nie ma pewnoœci co do tego, jak niepewna bêdzie twoja przysz³oœæ jako para. </SIX-OF-CUPS-ONE >
<SEVEN-OF-CUPS-ONE >Czujesz siê bardzo niepewny co do swoich uczuæ i bêdziesz szuka³ w³aœciwej drogi do tego, którego chcesz jako swojego partnera. Z mnóstwem pracy do wykonania i ró¿nych innych problemów, nie bêdziesz w stanie daæ wystarczaj¹co du¿o czasu swojemu partnerowi. Spotkanie z kimœ bêdzie owocne dla singli. </SEVEN-OF-CUPS-ONE >
<EIGHT-OF-CUPS-ONE >Ta karta wskazuje, ¿e Twój zwi¹zek mo¿e byæ teraz doœæ nudny i to uniemo¿liwi Tobie i Twojemu partnerowi stworzenie silnej wiêzi. Twój zwi¹zek mo¿e mieæ iœæ przez czasy stresu i niepewnoœci i to spowoduje niepokój i nawet pewn¹ gorzk¹ wymianê s³ów. Mo¿esz równie¿ podj¹æ decyzjê o zakoñczeniu relacji, która sta³a siê bardzo traumatyczna. </EIGHT-OF-CUPS-ONE >
<NINE-OF-CUPS-ONE >Jesteœ teraz spragniony lepszych rzeczy na temat zwi¹zku i mo¿e to byæ równie¿ z kimœ, kto w³aœnie wszed³ do twojego ¿ycia. Chcesz, aby rzeczy pomiêdzy wami by³y bardziej interesuj¹ce, ale w inny sposób. Masz drugie myœli na temat swojego partnerstwa i chocia¿ jesteœ sk³onny iœæ naprzód, pewne ryzyko zwi¹zane z tym utrzyma Ciê w ryzach ostro¿noœæ. </NINE-OF-CUPS-ONE >
<TEN-OF-CUPS-ONE >Ta karta pokazuje, ¿e teraz szukasz wiêcej treœci i satysfakcjonuj¹cej relacji i oczekujesz pe³nego wsparcia od swojego partnera. Nast¹pi pewne emocjonalne zderzenie opinii, które sprawi, ¿e poczujesz siê napiêty. Romans bêdzie intensywny z kimœ nowym w Twoim ¿yciu. Ma³¿eñstwo jest równie¿ wskazane. </TEN-OF-CUPS-ONE >
<PAGE-OF-CUPS-ONE >Chcesz, aby rzeczy przysz³y w harmonii i zbudowa³y konkretn¹ przysz³oœæ z ukochan¹. Robisz siê niespokojny, aby kszta³towaæ przysz³oœæ w sposób, w jaki chcesz j¹ widzieæ, ale proces ten zajmie trochê czasu. Poczujesz potrzebê kogoœ, kto bêdzie Ci towarzyszy³ i sprawi, ¿e poczujesz siê kochany i otoczony trosk¹, poniewa¿ nie chcesz ponownie doœwiadczyæ samotnoœci w swoim ¿yciu. </PAGE-OF-CUPS-ONE >
<KNIGHT-OF-CUPS-ONE >Ta karta wskazuje, ¿e chcesz wyruszyæ w jakieœ nowe miejsce ze swoim partnerem, który ciê podnieci, a wokó³ bêd¹ ludzie, którzy bêd¹ zachêcaæ ciê na œcie¿kê mi³oœci. Jeœli jesteœ singlem, poczujesz, ¿e nadszed³ czas, abyœ przej¹³ inicjatywê i zada³ pytanie swojemu d³ugoletniemu partnerowi. </KNIGHT-OF-CUPS-ONE >
<QUEEN-OF-CUPS-ONE >Bêdziesz teraz bardziej widoczny podczas spotkañ towarzyskich i s¹ du¿e szanse, ¿e spotkasz kogoœ, do kogo bêdziesz bardzo przyci¹gany. Jeœli w³o¿ysz w to trochê wysi³ku, to spotkanie zamieni siê w coœ romantycznego. Jeœli jesteœ w d³ugoterminowym zwi¹zku ju¿, mo¿esz po prostu zaproponowaæ ma³¿eñstwo swojemu partnerowi. </QUEEN-OF-CUPS-ONE >
<KING-OF-CUPS-ONE >Ta karta wskazuje, ¿e szukasz kogoœ, z kim mo¿esz podzieliæ siê swoim ¿yciem i spêdziæ romantyczny czas. Bêdziesz prawie na polowaniu, aby znaleŸæ kogoœ, kto wydaje siê byæ Twoim idealnym partnerem, ale to nie bêdzie ³atwe. Mo¿esz mieæ do ¿onglowania kilka rzeczy, aby zaimponowaæ tej osobie i w³¹czyæ to w coœ istotnego. </KING-OF-CUPS-ONE >
<ACE-OF-PENTACLES-ONE >Jest to czas, który wskazuje nowe pocz¹tki w twoim ¿yciu. Mo¿esz czuæ siê bardziej niespokojny ni¿ kiedykolwiek wczeœniej, poniewa¿ nie otrzymasz od swojego partnera oczekiwanego wspó³czucia i zrozumienia, co g³êboko ciê zdenerwuje. </ACE-OF-PENTACLES-ONE >
<TWO-OF-PENTACLES-ONE >Tam  mo¿e byæ niektóre trudnoœci które musz¹ stawiaæ czo³o tobie i twojemu partnerowi razem i to mo¿e sprawiæ, ¿e poczujesz siê nieco nie na miejscu, ale ostatecznie twoja wyrozumia³a natura wraz z jak¹œ pomoc¹ od kogoœ pomo¿e ci siê z ni¹ uporaæ. </TWO-OF-PENTACLES-ONE >
<THREE-OF-PENTACLES-ONE >Ty i Twój partner bêdziecie odczuwaæ, ¿e zwi¹zek siê rozwija i dlatego podejmiecie pewne kroki w kierunku przysz³oœci. Dla singli bêdzie to dobry czas na znalezienie odpowiedniego dla Ciebie i mo¿e to byæ nieoczekiwane miejsce. </THREE-OF-PENTACLES-ONE >
<FOUR-OF-PENTACLES-ONE >Bêdziesz w stanie utrzymaæ swój zwi¹zek tylko wtedy, gdy obie strony bêd¹ pracowaæ nad nim razem z cierpliwoœci¹ i zrozumieniem. Jeœli to nie zadzia³a, to w koñcu zdecydujesz siê rozstaæ z partnerem i spróbujesz pod¹¿aæ now¹ œcie¿k¹ z nowymi mo¿liwoœciami. </FOUR-OF-PENTACLES-ONE >
<FIVE-OF-PENTACLES-ONE >Ta karta wskazuje, ¿e teraz têsknisz za byciem kimœ lub zrobieniem czegoœ, za czym têsknisz od d³u¿szego czasu. Istnieje równie¿ szansa, ¿e Twój partner mo¿e Ciê zdradziæ lub odwrotnie. To równie¿ nie bêdzie dobry czas dla osób, które s¹ ju¿ w zwi¹zku. </FIVE-OF-PENTACLES-ONE >
<SIX-OF-PENTACLES-ONE >Teraz têsknisz za tym, ¿e twoje dzieciñstwo ukochany wróciæ lub skontaktowaæ siê z tob¹. Pojawi siê poczucie samotnoœci, gdy zobaczysz, ¿e Twój partner bêdzie dalej od Ciebie. Bêdziesz musia³ dowiedzieæ siê, czego naprawdê chcesz w ¿yciu i motyki du¿o jesteœ gotów popchn¹æ siê do tego. </SIX-OF-PENTACLES-ONE >
<SEVEN-OF-PENTACLES-ONE >Bêdzie to niepokoj¹cy czas dla Ciebie i Twojego partnera, poniewa¿ mog¹ wystêpowaæ znaczne ró¿nice zdañ i mo¿e to równie¿ prowadziæ do zakoñczenia tego zwi¹zku. Jeœli jesteœ w zwi¹zku ma³¿eñskim lub w d³ugotrwa³ym zwi¹zku, wtedy ponownie zastanowisz siê nad swoim zwi¹zkiem i swoimi wysi³kami w tym zwi¹zku. </SEVEN-OF-PENTACLES-ONE >
<EIGHT-OF-PENTACLES-ONE >W dzisiejszych czasach wydajesz siê byæ w weso³ym nastroju i bardziej ni¿ cokolwiek innego cieszysz siê jednym kapturem. Bêdziesz w nastroju spekulacyjnym i bêdziesz myœla³ o tym, co stanie siê w przysz³oœci. Twoja romantyczna strona wkrótce przejmie kontrolê. </EIGHT-OF-PENTACLES-ONE >
<NINE-OF-PENTACLES-ONE >Ta karta wskazuje, ¿e szukasz nowych i odœwie¿aj¹cych rzeczy w swoim ¿yciu. Chcia³byœ uciec od rzeczy konwencjonalnych w nowe miejsce. Byæ mo¿e bêdziesz musia³ spêdziæ trochê czasu z dala od partnera na czas okreœlony i podejmiesz decyzjê, która bêdzie w³aœciwym wyborem. </NINE-OF-PENTACLES-ONE >
<TEN-OF-PENTACLES-ONE >Mi³oœæ nie jest czymœ, co gra w twoim umyœle, poniewa¿ jesteœ ju¿ zajêty wieloma innymi sprawami zwi¹zanymi z prac¹ i innymi sprawami rodzinnymi. Spróbujesz poprawiæ swój nastrój, ³¹cz¹c siê ponownie z przyjació³mi lub krewnymi, ale nie bêdziesz próbowa³ zmniejszaæ przestrzeni miêdzy Tob¹ a Twoim partnerem. </TEN-OF-PENTACLES-ONE >
<PAGE-OF-PENTACLES-ONE >Ta karta wskazuje, ¿e wyst¹pi niespokojna sytuacja, która zmusi Ciê do zastanowienia siê nad tym, co musisz zrobiæ ze swoim zwi¹zkiem, poniewa¿ nie jesteœ pewien co do swojego partnera i w koñcu podejmiesz odpowiedzialn¹ decyzjê, która sprawi, ¿e poczujesz siê dobrze, czy Twój zwi¹zek ma przysz³oœæ, czy te¿ nie. </PAGE-OF-PENTACLES-ONE >
<KNIGHT-OF-PENTACLES-ONE >Teraz szukasz spokoju w swoim romansie i chcesz ¿yæ i cieszyæ siê z partnerem. Bêdziesz siê waha³, czy powiedzieæ coœ swojemu partnerowi lub og³osiæ wiadomoœæ, ¿e mo¿esz zepsuæ p³ynn¹ relacjê ¿eglarsk¹, któr¹ obie strony podzielaj¹, ale musisz byæ odwa¿ny. </KNIGHT-OF-PENTACLES-ONE >
<QUEEN-OF-PENTACLES-ONE >Ta karta wskazuje, ¿e bêdziesz mocno przyci¹gany do kogoœ i ta osoba bêdzie równie zainteresowana tob¹. Oczekujesz relacji z t¹ osob¹ i oczekujesz, ¿e bêdzie ona ekscytuj¹ca i pe³na ¿ycia. </QUEEN-OF-PENTACLES-ONE >
<KING-OF-PENTACLES-ONE >Ta karta pokazuje, ¿e bêdziesz trochê zdenerwowany lub rozczarowany, by³y pewne obietnice z³amane przez partnera. Jeœli ju¿ w zwi¹zku, wtedy doœwiadczysz, ¿e w twoim zwi¹zku brakuje swobodnej wymiany opinii i dla ka¿dego zwi¹zku z prac¹, najwa¿niejsze jest, abyœ rozmawia³ i spêdza³ wiêcej czasu razem, aby poznaæ siebie nawzajem. </KING-OF-PENTACLES-ONE >
<ACE-OF-SWORDS-ONE >Ta karta wskazuje, ¿e szukasz teraz osobistej gratyfikacji w swoim zwi¹zku. Jest to czas, w którym s¹ du¿e szanse na nowe, mi³osne warzenie piwa, które przestraszy Ciê i bêdziesz mia³ silne emocje w stosunku do czegoœ. Jeœli ju¿ jesteœ w zwi¹zku, Twoja wiêŸ z partnerem stanie siê silniejsza. </ACE-OF-SWORDS-ONE >
<TWO-OF-SWORDS-ONE >Chcesz iœæ naprzód w ¿yciu i desperacko szukasz mi³oœci. Ty mo¿esz w³aœnie dostawaæ szczêœcie gdy ten karta wskazuje ¿e ty mo¿esz spotykaæ ten specjalnego jeden i je¿eli ty jesteœ ju¿ w zwi¹zku wtedy twój zwi¹zek zostaæ silniejszy i ty widzisz ¿e twój partner lub twój silny partner wydaje siê mieæ cechy które ty sobie wyobra¿a³eœ. </TWO-OF-SWORDS-ONE >
<THREE-OF-SWORDS-ONE >Ta karta pokazuje, ¿e têsknisz za powrotem partnera do Ciebie. Twoja cierpliwoœæ siê poddaje i wkrótce zdecydujesz siê zrezygnowaæ i zacz¹æ od nowa, jeœli Twój partner wkrótce odmówi powrotu. Byæ mo¿e czujesz, ¿e widzia³eœ wiele cierpienia i zakochania jest kwesti¹ ryzyka. </THREE-OF-SWORDS-ONE >
<FOUR-OF-SWORDS-ONE >Jesteœ teraz wysoko postawiony na duchowoœæ i poczujesz silne pragnienie lepszego poznania siebie. Spróbujecie po³¹czyæ siê ze swoim wewnêtrznym "ja" i dlatego mo¿ecie straciæ kontakt ze œwiatem zewnêtrznym, ale w koñcu znajdziecie spokój. Istnieje równie¿ mo¿liwoœæ, ¿e ktoœ, kto siê w tobie zakocha³, mo¿e zaprosiæ ciê na randkê. </FOUR-OF-SWORDS-ONE >
<FIVE-OF-SWORDS-ONE >Ta karta wskazuje, ¿e bêdziesz teraz na misji mi³osnej. Nie mo¿e byæ równie¿ pewne rozczarowania w swoim ¿yciu mi³osnym, które mog¹ mieæ do twarzy, które pozostawiaj¹ uczucie niespe³nione i nieco oszukiwany. Bêdziesz musia³ odzyskaæ pewnoœæ siebie i ruszyæ do przodu. </FIVE-OF-SWORDS-ONE >
<SIX-OF-SWORDS-ONE >Mo¿esz napotkaæ pewne problemy w raju i sprawy nie bêd¹ tak g³adkie, jak siê tego spodziewa³eœ. Mo¿e byæ pewne niezadowolenie w twoim ¿yciu mi³osnym i mo¿e siê wydawaæ, ¿e ca³y wysi³ek nie by³ tego wart. Mo¿e byæ pewne nieporozumienie w odniesieniu do przysz³ego kursu i bêdziesz walczy³ o poprawê sytuacji. </SIX-OF-SWORDS-ONE >
<SEVEN-OF-SWORDS-ONE >Ta karta wskazuje, ¿e chcesz, aby drogi przyjaciel lub ktoœ z bliskich sta³ u Twojego boku i pomóg³ Ci naprawiæ sytuacjê lub te¿ mo¿esz pomyœleæ o wyjeŸdzie na jakiœ czas, aby poczuæ siê lepiej. Istnieje szansa, ¿e by³y kochanek lub ktoœ, w kim siê zakocha³eœ, zbli¿y siê do Ciebie. Bêdziesz chcia³ czegoœ z³ego w swoim zwi¹zku, ale nie bêdzie chcia³ byæ w pozycji kompromisowej. </SEVEN-OF-SWORDS-ONE >
<EIGHT-OF-SWORDS-ONE >Mo¿e byæ jakieœ uduszenie lub niepokój w sprawach sercowych. Ale nie bêdzie tak, jak siê wydaje, bo coœ dobrego jest na swojej drodze. Istniej¹ mo¿liwoœci, abyœ mia³ szansê zacz¹æ od nowego otoczenia lub z nowym partnerem, który sprawi, ¿e poczujesz siê znowu wyzwolony. </EIGHT-OF-SWORDS-ONE >
<NINE-OF-SWORDS-ONE >Ta karta pokazuje, ¿e nie jest to najlepszy czas w twoim ¿yciu. Byæ mo¿e przechodzisz przez lêk i deprywacjê i bêdziesz walczy³, aby wszystko po³¹czyæ. Mo¿esz byæ oddzielony od partnera na jakiœ czas z powodu zobowi¹zañ zawodowych. Ale twoja dojrza³oœæ i spokojna osobowoœæ pomo¿e ci zebraæ rzeczy razem. </NINE-OF-SWORDS-ONE >
<TEN-OF-SWORDS-ONE >Przeszed³byœ ju¿ przez najgorsze czasy i nadal bêdziesz wraca³ do zdrowia. Niektóre z dylematów nadal bêd¹ siê utrzymywaæ, gdy bêdziesz stara³ siê podj¹æ pewne stanowcze decyzje dotycz¹ce tego, co jest dla Ciebie w³aœciwe, ale nie bêdzie to ³atwy proces. </TEN-OF-SWORDS-ONE >
<PAGE-OF-SWORDS-ONE >Ta karta pokazuje, ¿e teraz koncentrujesz siê na tym, aby Twoje ¿ycie by³o lepsze w sprawach sercowych, a tak¿e w relacjach osobistych. Byæ mo¿e przesz³aœ przez ciê¿kie chwile i bêdziesz siê stara³a, aby twoje ¿ycie toczy³o siê po normalnym torze, ale bêdzie ci trudno to zrobiæ. Mog¹ równie¿ wyst¹piæ pewne nieoczekiwane zdarzenia, które mog¹ budziæ niepokój. </PAGE-OF-SWORDS-ONE >
<KNIGHT-OF-SWORDS-ONE >Teraz nadszed³ czas, aby przejœæ przez wszystkie kwaœne czasy i poszukaæ nowych pocz¹tków. Poznasz kogoœ nowego i zostaniesz przyci¹gniêty do tej osoby. Bêdziesz chcia³ ³añcuch zdarzeñ, aby kontynuowaæ i zobaczyæ, jak rozwija siê jakiœ romans. To bêdzie silna inicjacja i w ¿adnym momencie nie znajdziesz siê szczêœliwy i stabilny z partnerem. </KNIGHT-OF-SWORDS-ONE >
<QUEEN-OF-SWORDS-ONE >Ta karta wskazuje, ¿e mo¿e byæ dylemat lub faza ci¹g³ego rozczarowania, poniewa¿ mo¿esz mieæ kilka walk i sporów z partnerem i sprawy mog¹ równie¿ dobiec koñca. Mo¿e to doprowadziæ do uporania siê z trudnymi okresami pustki w twoim ¿yciu. </QUEEN-OF-SWORDS-ONE >
<KING-OF-SWORDS-ONE >Poczujecie, ¿e potrzebujecie jasnej wizji tego, czym jest teraz wasze ¿ycie i zrozumiecie, ¿e musicie iœæ dalej, aby prowadziæ spokojne ¿ycie. Rzeczywistoœæ mo¿e wkrótce przybraæ nowy obrót, poniewa¿ mo¿e siê okazaæ, ¿e ¿y³eœ w œwiecie wyimaginowanym i nadszed³ czas, aby w koñcu zmierzyæ siê z rzeczywistoœci¹ i ¿yæ z ni¹ tylko po to, aby pracowaæ na lepsze. </KING-OF-SWORDS-ONE >
<ACE-OF-WANDS-ONE >Ta karta wskazuje, ¿e szukasz teraz powa¿nego i d³ugoterminowego zwi¹zku i nie jesteœ naprawdê zainteresowany romansami. Szukasz œwie¿ego pocz¹tku i s¹ równie¿ szanse na ma³¿eñstwo lub zwi¹zek na ¿ywo. Mo¿e byæ cz³onek rodziny lub krewny, z którym wkrótce omówisz swoje problemy ze zwi¹zkiem. </ACE-OF-WANDS-ONE >
<TWO-OF-WANDS-ONE >Masz nadziejê, ¿e stanie siê coœ dobrego i z niecierpliwoœci¹ oczekujesz, ¿e to siê zmaterializuje. Jest szansa, ¿e ktoœ, kto potrzebuje wsparcia, bêdzie szuka³ twojej pomocy i zbuduje z tob¹ kontakt. Teraz bêdziecie szukaæ silnych wiêzi mi³oœci i przyjaŸni. Rozstrzygniecie równie¿ ró¿nice, jakie mieliœcie w stosunku do któregokolwiek z cz³onków rodziny. </TWO-OF-WANDS-ONE >
<THREE-OF-WANDS-ONE >Byæ mo¿e dostaniesz teraz sporo propozycji i zastanowienie siê nad tym, który z nich jest w³aœciwy, bêdzie problemem. Bêdzie to wspania³y czas na partnerstwa i pomimo niepewnoœci zjednoczysz siê z tym, którego kochasz. Bêdziesz chcia³ pokonaæ wszystkie przeszkody, aby prowadziæ szczêœliwe ¿ycie z partnerem. </THREE-OF-WANDS-ONE >
<FOUR-OF-WANDS-ONE >Mo¿e byæ szansa na spotkanie z przyjacielem, który przyjedzie na ratunek i zabierze Ciê na zakupy lub jakieœ zabawne zajêcia, abyœ poczu³ siê lepiej. Bêdziesz potrzebowa³ trochê pocieszenia, poniewa¿ mo¿e byæ pewne niezadowolenie w swoim romantycznym ¿yciu z powodu deprywacji. </FOUR-OF-WANDS-ONE >
<FIVE-OF-WANDS-ONE >Trudno ci teraz skoncentrowaæ siê na jednej rzeczy, a to sprawia, ¿e czujesz siê niespokojny. Bêdziesz zajêty zbyt wieloma rzeczami i nie bêdziesz w stanie znaleŸæ czasu dla swojego partnera lub na spotkania towarzyskie. Wskazane s¹ równie¿ niektóre rzucaj¹ce siê w oczy lub przypadkowe randki. </FIVE-OF-WANDS-ONE >
<SIX-OF-WANDS-ONE >Ta karta wskazuje, ¿e zamierzasz realizowaæ nowe cele w swoim ¿yciu mi³osnym. Ktoœ, kto ciê podziwia, spróbuje ci zaimponowaæ, a ty bêdziesz siê cieszy³ uwag¹. Byæ mo¿e bêdziesz musia³ stawiæ czo³a sytuacji, która zmusi ciê do wprowadzenia pewnych niezbêdnych zmian w twoim ¿yciu dla twojej poprawy. </SIX-OF-WANDS-ONE >
<SEVEN-OF-WANDS-ONE >Ta karta wskazuje, ¿e mi³oœæ jest w powietrzu dla ciebie i sprawy serca bêd¹ rz¹dziæ twoim umys³em. Skontaktujesz siê ze swoj¹ romantyczn¹ stron¹ i zrobisz specjalne rzeczy dla swojego partnera. To bêdzie wygl¹daæ jak obraz doskona³y, ale nie bêdzie pewne rzeczy, które trzeba bêdzie puœciæ, aby prowadziæ ¿ycie, które chcesz. </SEVEN-OF-WANDS-ONE >
<EIGHT-OF-WANDS-ONE >Bêdziesz na socjalizuj¹cym haju i sprawy serca bêd¹ teraz rz¹dziæ umys³em. Bêdziesz w dobrym nastroju, myœl¹c o rzeczach pozytywnych, a Ty i Twój partner bêdziecie siê wspólnie bawiæ w wiele dzia³añ. Nast¹pi¹ równie¿ pozytywne zmiany, które nast¹pi¹ dziêki Twojemu partnerowi. Mog¹ równie¿ wyst¹piæ pewne rozczarowania, z którymi bêdziesz musia³ sobie poradziæ. </EIGHT-OF-WANDS-ONE >
<NINE-OF-WANDS-ONE >Zauwa¿ycie, ¿e wasze wysi³ki przynosz¹ wreszcie rezultaty i bêdziecie wysoko postawieni na dzia³ania spo³eczne. Wyst¹pi¹ pewne konflikty umys³u i ró¿nice zdañ, a tak¿e mo¿e dojœæ do szorstkiej wymiany zdañ. </NINE-OF-WANDS-ONE >
<TEN-OF-WANDS-ONE >Ta karta wskazuje, ¿e Twój kochanek mo¿e pozostawiæ Ciê zdezorientowanego w ró¿nych wydarzeniach, a to sprawi, ¿e poczujesz siê ciekawy i niespokojny. Poczujesz, ¿e Twój partner jest na Ciebie zdenerwowany, a to sprawi, ¿e poczujesz siê odizolowany. Podejmiesz starania, aby naprawiæ swój zwi¹zek i dodaæ do niego brakuj¹c¹ iskrê. </TEN-OF-WANDS-ONE >
<PAGE-OF-WANDS-ONE >Mog¹ wyst¹piæ pewne zak³ócenia w twoim zwi¹zku i bêdziesz oczekiwaæ pewnych zmian ze strony partnera. Bêdziesz czu³ siê niepewnie, ¿e Ty i Ty jesteœ swoim partnerem i nie do koñca dobrze siê dogadujesz, a nawet jeœli spróbujesz, wiêŸ nigdy nie osi¹gnie swojego szczytu. </PAGE-OF-WANDS-ONE >
<KNIGHT-OF-WANDS-ONE >Ta karta pokazuje, ¿e czujesz siê niezadowolony z ró¿nych kwestii w swoim zwi¹zku i bêdziesz chcia³ je uregulowaæ, zanim pobior¹ op³atê za przejazd. Zobaczysz kogoœ, kogo myœlisz, ¿e ju¿ znasz i spróbujesz zwi¹zaæ siê z t¹ osob¹ buduj¹c g³êbokie po³¹czenie, spêdzaj¹c z ni¹ wiêcej czasu. </KNIGHT-OF-WANDS-ONE >
<QUEEN-OF-WANDS-ONE >Ta karta wskazuje, ¿e wkrótce spotkasz kogoœ wyj¹tkowego i zastanawiasz siê, czy powinieneœ mieæ zwi¹zek z t¹ osob¹, czy te¿ nie. Mo¿esz równie¿ natkn¹æ siê na silnego wielbiciela, który rozpali iskry mi³oœci i mo¿e to przerodziæ siê w bardzo namiêtny i romantyczny romans, na który czeka³eœ. </QUEEN-OF-WANDS-ONE >
<KING-OF-WANDS-ONE >Niektóre problemy wokó³ ciebie spowoduj¹, ¿e bêdziesz wygl¹da³ obojêtnie i bez emocji, a ty bêdziesz siê rozprasza³ na swojego partnera. Ty no chcesz wyjawiaæ co ty naprawdê myœlisz œwiat i to mo¿e powodowaæ napiêcie. Bêdziesz musia³ myœleæ od ch³odnej g³owy o tym, jak poradziæ sobie z t¹ sytuacj¹. Propozycja ma³¿eñstwa równie¿ mo¿e byæ w drodze. </KING-OF-WANDS-ONE >
<THE-FOOL-ONE >Jeœli jesteœ w zwi¹zku, karta wskazuje, ¿e poczujesz nowe podniecenie i zapa³ w swoim ¿yciu mi³osnym. Jeœli jesteœ singlem, bardzo prawdopodobne jest, ¿e wkrótce spotkasz kogoœ wyj¹tkowego. Bêdziesz chodziæ z spontanicznymi, pewnymi siebie i lustrzanymi krokami w swoim ¿yciu mi³osnym. Musisz porzuciæ swoje dawne zwi¹zki i spojrzeæ w swoj¹ przysz³oœæ, która wygl¹da piêknie i radoœnie. </THE-FOOL-ONE >
<THE-MAGICIAN-ONE >Twoja wola i opanowanie bêd¹ bardzo pomocne w kontrolowaniu i zarz¹dzaniu swoim ¿yciem mi³osnym w nadchodz¹cym czasie. Z pewnoœci¹ siebie i ³aski, jesteœ doœæ prawdopodobne, aby uzyskaæ p³eæ przeciwn¹ w zgodzie z tob¹ w wiêkszoœci spraw. Jeœli w zwi¹zku, mo¿esz nauczyæ siê pewnych ukrytych rzeczy o swojej ukochanej w niedalekiej przysz³oœci. Ponadto, twój partner najprawdopodobniej wyka¿e wiêksze zainteresowanie ka¿dym s³owem, które wypowiadasz. </THE-MAGICIAN-ONE >
<THE-HIGH-PRIESTESS-ONE >Ta karta sugeruje, ¿e powinieneœ wierzyæ w swoj¹ zdolnoœæ postrzegania ludzi i sytuacji dla zdrowego ¿ycia mi³osnego. Musisz podejmowaæ niezale¿ne decyzje dotycz¹ce rzeczy, które wi¹¿¹ siê z twoim ¿yciem mi³osnym. Jeœli w zwi¹zku, twój partner jest doœæ prawdopodobne, aby daæ ci bardzo cenne porady w najbli¿szej przysz³oœci. Wydaje siê równie¿, ¿e mo¿esz nauczyæ siê czegoœ zupe³nie nieoczekiwanego o swoim partnerze, dobrego lub z³ego. </THE-HIGH-PRIESTESS-ONE >
<THE-EMPRESS-ONE >Wydaje siê, ¿e martwisz siê o swój istniej¹cy lub rozwijaj¹cy siê zwi¹zek. Jeœli nie jesteœ w zwi¹zku, chcesz w nim byæ. W twoim romansie, twoja zaborcza natura o sobie nawzajem, mo¿e przynieœæ kilka ciê¿kich chwil w twoim ¿yciu mi³osnym. Musisz stan¹æ z postaw¹, która pokazuje cierpliwoœæ i zaufanie, aby osi¹gn¹æ stabilnoœæ w swoim ¿yciu mi³osnym. </THE-EMPRESS-ONE >
<THE-EMPEROR-ONE >Karta sugeruje wprowadzenie sukcesu i osi¹gniêæ w zwi¹zku w niedalekiej przysz³oœci. Mo¿esz otrzymaæ cenne rady mi³osne od kogoœ takiego jak twój ojciec, brat, przyjaciel facet, itp. Jesteœ bardzo prawdopodobne, ¿e bêdziesz w kontroli nad swoim obecnym zwi¹zkiem i nadal bêdzie dominowaæ przez jakiœ czas. Twój partner bêdzie wspieraæ Ciê ca³kowicie we wszystkich aspektach bez kwestionowania. Zadbaj o to, abyœ nie sta³ siê zbyt wymagaj¹cy w swoim zwi¹zku, w przeciwnym razie skoñczysz krzywdz¹c emocjonalnie swojego partnera. </THE-EMPEROR-ONE >
<THE-HIEROPHANT-ONE >Bardziej otwarty i elastyczny umys³ przyniós³by pozytywn¹ zmianê w twoim ¿yciu mi³osnym. Jeœli planujesz zawrzeæ zwi¹zek ma³¿eñski w najbli¿szym czasie, musisz wykazaæ siê cierpliwoœci¹ podczas pokonywania przeszkód, które przychodz¹ na Twoj¹ drogê. Uporczywe dzia³anie z partnerem nigdzie nie zaprowadzi Ciê do zwi¹zku. Problemy, które napotkasz w swoim ¿yciu mi³osnym, mog¹ byæ rozwi¹zane z obecnoœci¹ umys³u i utrzymywaniem temperamentów w dó³. </THE-HIEROPHANT-ONE >
<THE-LOVERS-ONE >Prawdopodobnie bêdziesz p³ywa³ w morzu mi³oœci. Bêdziesz mia³ piêkne i niezapomniane czasy w swoim zwi¹zku w niedalekiej przysz³oœci. Jesteœ w stanie zmierzyæ siê z sytuacj¹ w swoim ¿yciu mi³osnym, w której trudno bêdzie Ci o coœ zdecydowaæ. Pos³uchaj swojego serca, a nie umys³u i mo¿e siê okazaæ, ¿e twoja decyzja by³a s³uszna. Po³¹czysz siê bardzo dobrze emocjonalnie z partnerem. Nie daj siê skusiæ, by oszukiwaæ partnera, umawiaj¹c siê z kimœ innym. </THE-LOVERS-ONE >
<THE-CHARIOT-ONE >Twoje ¿ycie mi³osne mo¿e byæ trudne. Musisz podj¹æ pewne powa¿ne wysi³ki, aby siê z niego wydostaæ. Twoje romantyczne sprawy s¹ doœæ prawdopodobne, aby przejœæ jakiœ sposób zmiany w najbli¿szej przysz³oœci. Musisz pokazaæ du¿o cierpliwoœci wobec partnera zmieniaj¹cych siê emocji. Ostatecznie twój zwi¹zek zakwitnie z mi³oœci¹. </THE-CHARIOT-ONE >
<JUSTICE-ONE >Musisz wprowadziæ poczucie równowagi i normalnoœci w swoim obecnym zwi¹zku. Tam  wydaje siê byæ albo nadmiar lub brak pewien element, który jest istotny, aby przynieœæ stabilnoœæ do ¿ycia mi³osnego. Byæ mo¿e bêdziesz musia³ pokazaæ bezstronne podejœcie do swoich romantycznych spraw, aby osi¹gn¹æ wymagan¹ równowagê. Zwróæ jednakow¹ uwagê na swoj¹ karierê i ¿ycie rodzinne. Twoja uczciwoœæ i zaufanie bêd¹ bardzo wa¿ne w kszta³towaniu relacji. Jeœli wiesz, ¿e pope³niasz b³¹d w swoim zwi¹zku, szybko go naprawisz. </JUSTICE-ONE >
<THE-HERMIT-ONE >Poœwiêæ trochê czasu na analizê swojego ¿ycia mi³osnego. Prawdopodobnie czujesz siê niecierpliwy w stosunku do tego, co dzieje siê w twoim obecnym zwi¹zku. Musisz zachowaæ zimn¹ krew i unikaæ podejmowania pochopnych decyzji zwi¹zanych z twoim romansem. Jeœli potrzebujesz porady mi³oœci, skonsultuj siê z kimœ starszym i bardziej doœwiadczonym ni¿ ty.Jesteœ prawdopodobne, aby posortowaæ wszystkie swoje romantyczne przeszkody, jeœli obie daj¹ wystarczaj¹co du¿o miejsca dla siebie w swoim zwi¹zku. </THE-HERMIT-ONE >
<WHEEL-OF-FORTUNE-ONE >Karta pokazuje, ¿e zmierzasz w kierunku bardzo radosnej i szczególnej fazy, która rozjaœni Twoje ¿ycie mi³osne. Szczêœcie jest po twojej stronie i znajdziesz mi³oœæ twojego ¿ycia. Poka¿esz dojrza³oœæ, gdy bêdziesz siê zajmowa³ swoimi sprawami dotycz¹cymi relacji. Twój wymarzony partner bêdzie wkrótce z Tob¹. Wszystkie obawy, które mia³eœ na temat przysz³ego zwi¹zku siê skoñcz¹. Jesteœ doœæ prawdopodobne, ¿e zostaniesz pob³ogos³awiony wspania³ymi czasami w swoim ¿yciu mi³osnym. </WHEEL-OF-FORTUNE-ONE >
<STRENGTH-ONE >Poka¿esz silniejsze i lepsze nastawienie do ¿ycia, które pomo¿e Ci pokonaæ ka¿d¹ przeszkodê, z któr¹ mo¿esz siê zmierzyæ w swoim zwi¹zku. Jeœli chcesz pozbyæ siê pewnych spraw z przesz³oœci, prawdopodobnie powinieneœ to zrobiæ wkrótce. Statek twojego zwi¹zku bêdzie p³yn¹³ p³ynnie i mo¿esz ³atwo osi¹gn¹æ rzeczy, o które walczysz od jakiegoœ czasu. Z twoj¹ determinacj¹ i inteligencj¹ wydostaniesz siê z wszelkich problemów z mi³oœci¹. </STRENGTH-ONE >
<THE-HANGED-MAN-ONE >Byæ mo¿e bêdziesz musia³ przyj¹æ ofiarn¹ naturê w swoim zwi¹zku. Pomiêdzy wami mog¹ wystêpowaæ napiêcia. Sugeruje siê, abyœ zachowa³ bardzo cierpliwy, opanowany i dojrza³y stan umys³u w swoim ¿yciu mi³osnym. Miêdzy wami mog¹ toczyæ siê emocjonalne walki. Zaleca siê, abyœcie byli bardziej introspektywni i rozgl¹dali siê wokó³ sytuacji z otwartym umys³em, aby lepiej je zrozumieæ. </THE-HANGED-MAN-ONE >
<DEATH-ONE >Karta wskazuje na fazê, która doprowadzi do dramatycznych przemian w twoim ¿yciu mi³osnym. Mo¿esz czuæ siê smutny i przygnêbiony w swoim obecnym zwi¹zku. Ta faza popchnie ciê w kierunku nadmiaru ludzkich emocji, uœwiadamiaj¹c ci znaczenie nadchodz¹cych zmian. Twój romans mo¿e wymagaæ przejœcia przez stosunkowo szorstk¹ i ciemn¹ plamê. Bêdziesz musia³ pokazaæ silny charakter, aby przejœæ przez tê fazê w dó³. </DEATH-ONE >
<TEMPERANCE-ONE >Karta wskazuje na pojawienie siê w zwi¹zku myl¹cych lub konfliktowych sytuacji, w których dokonywanie wyborów mo¿e okazaæ siê trudne. Ty i twój partner jesteœcie doœæ prawdopodobni, aby mieæ przeciwstawne pogl¹dy na ró¿ne sprawy, tworz¹c w ten sposób zamieszanie. Musisz byæ cierpliwy, wspó³pracowaæ i znaleŸæ najlepsze rozwi¹zanie, które równie¿ uspokoi mi³oœæ twojego ¿ycia. Znajdziesz sposoby budowania harmonii w swoim zwi¹zku. </TEMPERANCE-ONE >
<THE-DEVIL-ONE >Czasy przed nami nie s¹ ³atwe. Uczucia takie jak po¿¹danie, chciwoœæ, ambicja czy uzale¿nienie mog¹ sprawiæ, ¿e twoje ¿ycie mi³osne pójdzie na marne. Mo¿esz równie¿ pragnienie, aby ca³kowicie zdominowaæ swój zwi¹zek. Musisz byæ silny, aby oprzeæ siê tym pokusom, aby unikn¹æ powa¿nych katastrof w swoim ¿yciu mi³osnym. Mo¿esz czuæ siê potê¿ny na krótkotrwa³y moment, ale zejœcie w dó³ w niew³aœciwy sposób nie przyniesie korzyœci twojemu obecnemu zwi¹zkowi. B¹dŸ ostro¿ny, poniewa¿ ta karta jest ostrze¿eniem dla ciebie o zabójczych krokach, które mo¿esz podj¹æ. </THE-DEVIL-ONE >
<THE-TOWER-ONE >Najbli¿sza przysz³oœæ mo¿e przynieœæ jedn¹ z najgorszych faz w twoim ¿yciu mi³osnym. Mo¿esz zobaczyæ nieprzyjemne i niekorzystne sytuacje maj¹ce miejsce w twoim zwi¹zku. Niektóre z nich mog¹ byæ nieoczekiwane, powoduj¹c, ¿e przez jakiœ czas czujesz siê odizolowany i samotny. Ta zmiana poka¿e Ci nowe sposoby i opcje poprawy obecnej sytuacji ¿yciowej w mi³oœci. Bêdzie to ciê¿ka jazda naprzód, wiêc musisz zachowaæ spokój i po prostu nauczyæ siê nowych rzeczy, których ¿ycie ciê uczy. </THE-TOWER-ONE >
<THE-STAR-ONE >Ta karta jest zapowiedzi¹ dobrych czasów, które nadejd¹. Wskazuje ona na mo¿liwoœæ nawi¹zania zdrowego zwi¹zku, który wkrótce siê rozpocznie. Wskazuje równie¿, ¿e mo¿esz przenieœæ swój obecny zwi¹zek na kolejny poziom zaanga¿owania. Mo¿esz poczuæ siê lepiej emocjonalnie i duchowo zwi¹zany ze swoim partnerem. Twoje ¿ycie mi³osne przejdzie przez fazê, w której przejdziesz przez swoje przesz³e sprawy i bêdziesz bardziej optymistycznie patrzeæ w przysz³oœæ swojej mi³oœci. </THE-STAR-ONE >
<THE-MOON-ONE >Jedyne myœli, które pojawi¹ siê w twoim umyœle, bêd¹ dotyczy³y twojego zwi¹zku. Mo¿esz czuæ siê, jakbyœ by³ przykuty ³añcuchem z powodu swojej obecnej sytuacji ¿yciowej. Jesteœ prawdopodobny uczyæ siê niektóre sekrety które celowo utrzymywali ukrywani które mog¹ prowadziæ emocjonalnego niepowodzenia w twój zwi¹zku. Nie wpadaj w depresjê w smutku. Poka¿ bardziej otwarty umys³ i podejmij powa¿ne wysi³ki, aby przezwyciê¿yæ te uczucia. Odpuœæ sobie inne hobby, aby przeboleæ uczucia emocjonalne, aby powróciæ do ¿ycia na w³aœciwe tory. </THE-MOON-ONE >
<THE-SUN-ONE >Wkrótce poczujesz œwie¿e i ekscytuj¹ce wibracje w swoim zwi¹zku. Jeœli nie jesteœ zakochany, wkrótce mo¿esz siê w kimœ zakochaæ. Romantyczne sprawy, które wydawa³y siê nigdzie nie id¹, zaczn¹ siê rozwijaæ. Romantyczne wakacje i kilka mushy daty z ukochanym s¹ na kartach. Czasy przed nami wygl¹daj¹ weso³o i niezapomniane. Upewnij siê, ¿e w pe³ni wykorzystasz tê piêkn¹ fazê. </THE-SUN-ONE >
<JUDGEMENT-ONE >Ta karta prosi, abyœ trzyma³ zmys³y otwarte na wszystko, co jest w pobli¿u. Mo¿esz zdaæ sobie sprawê, ¿e rzeczy id¹ w twoj¹ stronê, ale jeœli nie podejmiesz dobrych starañ, mo¿esz nie wykorzystaæ w pe³ni tych sytuacji. Jeœli jeszcze nie jesteœ zakochany, jest bardzo prawdopodobne, ¿e wkrótce spotkasz potencjalnego partnera. W takim przypadku, nie marnuj zbyt wiele czasu przed pojawieniem siê wszystkich wa¿nych pytañ. Jeœli rzuci³eœ kogoœ w przesz³oœci, to samo mo¿e siê zdarzyæ z Tob¹. Ale w koñcu, twoje ¿ycie mi³osne poruszy siê pozytywnie. </JUDGEMENT-ONE >
<THE-WORLD-ONE >Karta oznacza koniec twoich trudnoœci i wskazuje nadejœcie weso³ych i kochaj¹cych czasów z twoj¹ ukochan¹ osob¹. Twój zwi¹zek w koñcu ukszta³tuje siê w górê, sposób, w jaki zawsze pragn¹³eœ. Twój partner bêdzie zachêca³ i docenia³ Ciê za Twoj¹ ciê¿k¹ pracê, a to sprawi, ¿e zakwitnie Twoja mi³oœæ. Ta faza wprowadzi nowy zapa³ do Twojego ¿ycia mi³osnego. Jeœli jesteœ singlem, prawdopodobieñstwo spotkania tego wyj¹tkowego jest bardzo wysokie.</THE-WORLD-ONE >
</ROOT>
