{
  "project_info": {
    "project_number": "1048094812129",
    "firebase_url": "https://mv-lyrics.firebaseio.com",
    "project_id": "mv-lyrics",
    "storage_bucket": "mv-lyrics.appspot.com"
  },
  "client": [
    {
      "client_info": {
        "mobilesdk_app_id": "1:1048094812129:android:44a93e502471c2579fd4a0",
        "android_client_info": {
          "package_name": "com.MV.Lyrics"
        }
      },
      "oauth_client": [
        {
          "client_id": "1048094812129-i6ui75rmsgt94t9sk58banuot20gtaan.apps.googleusercontent.com",
          "client_type": 3
        }
      ],
      "api_key": [
        {
          "current_key": "AIzaSyBD-qLgf1VBG67dBJ3KyJMngAW5wHyg5pk"
        }
      ],
      "services": {
        "appinvite_service": {
          "other_platform_oauth_client": [
            {
              "client_id": "1048094812129-i6ui75rmsgt94t9sk58banuot20gtaan.apps.googleusercontent.com",
              "client_type": 3
            }
          ]
        }
      }
    }
  ],
  "configuration_version": "1"
}