<ROOT>
<ACE-OF-CUPS-ONE >あなたの親戚に何か緊張状態やぎこちなさがあり、それは苛立ちの原因となるでしょう。あなたは実りのある新たな関係を誰かと築くことを楽しみにしており、手に入れたものに満足するでしょう。 </ACE-OF-CUPS-ONE >
<TWO-OF-CUPS-ONE >このカードは、あなたは仕事もしくは個人的な理由により荷物をまとめなければならないことを示します。愛する人達との何か不和があるにも関わらず、物事は最終的に解決されるでしょう。あなたにあまり近しくないが、でも大切な誰かをあなたは信用するでしょう。 </TWO-OF-CUPS-ONE >
<THREE-OF-CUPS-ONE >仕事上の責任もしくは個人的な問題によるある物事の遅延があるでしょう、またその遅延はあなたを少し困惑させるでしょう。この感情はあなたに孤立を感じさせますが、あなたの愛する人があなたの味方となってあなたの気を楽にさせるでしょう。 </THREE-OF-CUPS-ONE >
<FOUR-OF-CUPS-ONE >このカードは、非常に多忙な時期は忍耐とともに対処されなければならないことを示します。これはあなたの愛する人にとって試される時で、あなたを本当に思いやっている人は誰なのかをもうすぐ知ることでしょう。あなたは人から距離を遠く保たず、あなたの問題を共有するのに努め、あなたの愛する人があなたを助けられるようにすべきことが推奨されます。 </FOUR-OF-CUPS-ONE >
<FIVE-OF-CUPS-ONE >あなたがコントロールできないある物事を諦めなければならないので、今は非常に心地が良くない時でしょう。これはあなたと愛する人の間で困難な時期となり、またこれは望まない結果につながる恐れがある大きな口論になる可能性があります。 </FIVE-OF-CUPS-ONE >
<SIX-OF-CUPS-ONE >たくさんの友人や親戚への訪問があるので、今はあなたにとって休暇の時期のようでしょう。また、何か対照的な結果につながる複雑な事態があなたの私生活に起こる可能性がありますが、あなたは健全にそれに対処するでしょう。 </SIX-OF-CUPS-ONE >
<SEVEN-OF-CUPS-ONE >あなたの家族に何か意見の衝突があり、それは激化する可能性があります。あなたは平和にその状況を解決するために何か手助けを得ようと努めるでしょう。あなたはたくさんの事をバランス取るために努め、仕事上でうまくやっていますが、公平な仕事をやり遂げるでしょう。 </SEVEN-OF-CUPS-ONE >
<EIGHT-OF-CUPS-ONE >あなたの愛する人達との再開が計画されるでしょうが、不確実さによりあなたはそれを延期しなくてはならないでしょう。あなたの愛する人が医者へ通院することも示されています。いくらかの嬉しいニュースがあなたの元へ届くでしょう。 </EIGHT-OF-CUPS-ONE >
<NINE-OF-CUPS-ONE >あなたはしばらくの間旅行や短期休暇を計画するでしょうが、何かより良いことがあなたに起きるのでそれを延期するでしょう。あなたは、あなたの愛する人を困らせているある病気に対処する際、少し昔を懐かしむようになるでしょうが、あなたの友人の支援によりもうすぐ明るい局面が到来するでしょう。 </NINE-OF-CUPS-ONE >
<TEN-OF-CUPS-ONE >あなたは困難な状況に直面しなければならず、物事は今よりも悪くならなかったと考え、あなたの家族もしくはあなたの仕事から飛び出すことを考えるかもしれません。あなたは今感情的な面に接し、再会を計画するためにあなたの家族や友人に連絡を取るでしょう。 </TEN-OF-CUPS-ONE >
<PAGE-OF-CUPS-ONE >このカードは、あなたが自分のために物事をよりシンプルにするように努め、あなたの人生に起こる幸運な変化がそうすることに役立つことを示します。あなたの期待するようにはならない結果となるようなので、あなたはお金、家賃、不動産に関する事を推し進めないことが推奨されます。あなたは旧知の友人や恋人の1人に偶然会うかもしれず、これは復縁や友情の再開につながる可能性があります。 </PAGE-OF-CUPS-ONE >
<KNIGHT-OF-CUPS-ONE >あなたは今住居の変更を考えていますが、物事を強く推し進めないでしょう。家の周辺で何か小さな事故が示されているので、あなたは注意をするべきでしょう。あなたの愛する人達は休暇を計画しており、あなたはそれを楽しみにするでしょう。あなたは友人と連絡を取り続けるでしょう。 </KNIGHT-OF-CUPS-ONE >
<QUEEN-OF-CUPS-ONE >子供、家事もしくは来客などによりあなたの家でたくさんの混乱があるかもしれません。家族に何か問題がある可能性があり、あなたは責任感をもって行動しなくてはならないでしょう、もしくはあなたが望まない状況に陥る結果となるでしょう。この混乱によりあなたは友人とより親しくなり、あなたはその状況に癒しを感じるでしょう。 </QUEEN-OF-CUPS-ONE >
<KING-OF-CUPS-ONE >あなたに有利に働き、幸福を取り戻す新しい状況があなたの人生に到来するでしょう。親戚の誰かがあなたと問題について話し合い、あなたは快く彼らを助け、できる限り彼らを慰めようと努めるでしょう。 </KING-OF-CUPS-ONE >
<ACE-OF-PENTACLES-ONE >あなたは現在心地の良い時期におり、幸運があなたの元へ訪れるでしょう。また、あなたは以前買えなかった物を何か購入できるようになるでしょう。あなたの家族との関係は、幸福で健全であり、全ては適切な形に収まります。あなたは誰か旧知の友人に会う計画をしているか、もしくは彼らと自発的な計画を立てることになるでしょう。 </ACE-OF-PENTACLES-ONE >
<TWO-OF-PENTACLES-ONE >あなたは家庭での状況をバランス取ることは非常に難しいと気づくでしょう。あなたは注意散漫な時期におり、あなたの私生活に集中するのが難しいと思うでしょう。これらの気を散らす状況は、何か仕事からのプレッシャーが原因かもしれません。あなたは社交的になり、新しい人々と会い始めたら、気が楽になるでしょう。 </TWO-OF-PENTACLES-ONE >
<THREE-OF-PENTACLES-ONE >このカードは、あなたが何か趣味もしくは他の活動に夢中になり、愛する人または予期しない誰かがギフトや他の好機とともに訪れることを示します。また、あなたと家族が経験しなくてはならない公式な困難があるかもしれません。 </THREE-OF-PENTACLES-ONE >
<FOUR-OF-PENTACLES-ONE >ビジネスの成功、売上高もしくは他の好機がもうすぐあなたの元へ訪れるでしょう。これはあなたの愛する人のサポートとガイダンスが必要となるでしょう。あなたは友人とともに計画を立て何か良くない対立があるかもしれませんが、あなたはそれに対処できるでしょう。 </FOUR-OF-PENTACLES-ONE >
<FIVE-OF-PENTACLES-ONE >このカードは、あなたは心理的・感情的な安定のバランスを取ろうとして何かストレスを感じる状況に直面しなくてはならないですが、家族の誰かからガイダンスを求められることを示します。あなたは今友人達に対して感情的になりますが、彼らに連絡をする時間がないでしょう。 </FIVE-OF-PENTACLES-ONE >
<SIX-OF-PENTACLES-ONE >何かの問題により、あなたは友人または同僚の誰かに心穏やかには感じないでしょう。あなたはつくろぐことなく仕事で過剰にストレスを感じているので、それがあなたに大きな負担となる前にあなたは休む必要があります。あなたの家族のメンバーは嬉しく思ってないようで、いくらか1人の時間を過ごすことや長期間の旅行にいく希望を表すかもしれません。 </SIX-OF-PENTACLES-ONE >
<SEVEN-OF-PENTACLES-ONE >あなたのお金のいくらかがどこかで滞るようなのであなたは心配で落ち着かなく感じるでしょうが、何か他の収入源よりお金の流入があるでしょう。何か健康に関する問題が、あなたをしばらくの間休ませることになるでしょう。あなたは友人に連絡をする時間を見つけ、彼らといくらか時間を過ごすでしょう。 </SEVEN-OF-PENTACLES-ONE >
<EIGHT-OF-PENTACLES-ONE >あなたは家に関する問題に対して解決策を探そうと努めて少し混乱するでしょう。あなたの家族は今あなたとあまり円滑に行動をしないでしょう。そして計画に何か障害物があるでしょう。あなたは私生活と仕事の間でなんとかバランスを取り、あなたの愛する人たちと共に時間を過ごすでしょう。 </EIGHT-OF-PENTACLES-ONE >
<NINE-OF-PENTACLES-ONE >あなたが自宅からできる仕事、もしくは単にいくらか電話をかけることがあなたをしばらくの間忙しくさせます。あなたの友人や家族は今あなたがとる全ての行動においてあなたの味方で、重大な決断をする一方であなたをガイドするでしょう。 </NINE-OF-PENTACLES-ONE >
<TEN-OF-PENTACLES-ONE >このカードは、あなたは今社交的な集まりを楽しみ、友人や家族と共に時を過ごすことを示します。あなたは家族とのつながりをより感じ、あなたは彼らにガイダンスを求め、彼らは喜んで提供してくれるでしょう。今はあなたが誰か新しい人と出会う時で、それらの人たちはあなたの人生の一部となるでしょう。 </TEN-OF-PENTACLES-ONE >
<PAGE-OF-PENTACLES-ONE >あなたの多忙なスケジュールや愛する人達と出かける計画を立てようと努めることが原因で、あなたは少しストレスを感じるかもしれません。あなたが楽しみにしているパートナーシップがあるかもしれませんが、あなたが望んでいた通りのものではないと判明するでしょう。そしてこれはあなたを動揺させるでしょう。しかし、あなたは上手くやるように努力をするでしょう。 </PAGE-OF-PENTACLES-ONE >
<KNIGHT-OF-PENTACLES-ONE >あなたは今気分がすこぶる良く、結局何か大きな支出となる買い物やお出かけをすることでしょう。あなたは家族と一緒にたくさんの時間を過ごすことを避けるので、あなたと家族のメンバーの1人との間で何か緊張状態があるでしょう。あなたは今友人にサポートを見つけ、もし何か相違点があれば、それらは解決するでしょう。 </KNIGHT-OF-PENTACLES-ONE >
<QUEEN-OF-PENTACLES-ONE >このカードは、あなたがキャリア、友人、家族を考慮しながら何か将来の計画を立てることを示します。あなたが友人とおしゃべりをする一方で、何かアイディアの健全なブレインストーミングができることでしょう。あなたは家族を身近に感じ、何か問題を解決することに支援を差し伸べるでしょう。 </QUEEN-OF-PENTACLES-ONE >
<KING-OF-PENTACLES-ONE >あなたは今たくさんの書類処理で多忙になるでしょう。あなたは友人と時間を共に過ごし、また何か恩恵を受けることでしょう。休暇を取ったり、もしくはあなたの家族とちょっと出かけたりする誘惑にかられる状況にいますが、物事は保留されなければいけないでしょう。 </KING-OF-PENTACLES-ONE >
<ACE-OF-SWORDS-ONE >あなたは何か予期しない、しかし嬉しいサプライズを得て、あなたはそれを楽しむでしょう。家族の間で自宅においてたくさんのプレッシャーと不安があるでしょう、そしてこれはあなたに家族との距離を感じさせるでしょう。あなたは友人に打ち明け、助言や慰めを求めようとするでしょう。 </ACE-OF-SWORDS-ONE >
<TWO-OF-SWORDS-ONE >あなたは様々な理由であなたの愛する人達と出かけることをあるでしょう。あなたは何かお金に関する問題に直面し、もし運が味方をすれば、誰かが大きな助けとなるでしょう。忍耐強くしていれば、しばらくの間全ての議論は落ち着くでしょう。 </TWO-OF-SWORDS-ONE >
<THREE-OF-SWORDS-ONE >家族にいつも起こるように、あなたも高い期待に応えるプレッシャーが原因となってストレスを抱え過ぎることでしょう。あなたは何かの罪悪感により少し不安を感じ、物事を解決するために自分に言い聞かせようとし、正常に戻ろうとするでしょう。 </THREE-OF-SWORDS-ONE >
<FOUR-OF-SWORDS-ONE >あなたはいくらか法的な書類処理をしなければならず、これはあまり楽しくない経験となるでしょう。愛する人が問題のある時期を過ごすことになるのであなたはある状況に無力だと感じるかもしれません。全体的に見ればあなたは落胆を感じるかもしれないでの、今は友人と共に過ごすのに最良の時ではないでしょう。 </FOUR-OF-SWORDS-ONE >
<FIVE-OF-SWORDS-ONE >長い投薬の期間の後、あなたはついに通院を終了し快方に向かうでしょう。あなたの家族は昔を懐かしく思い、あなたの側にいてくれるでしょう。あなたはある責任から圧迫を感じ、これはストレスにつながることがあります。あなたはまた、特に家のための買い物を思うがままにするでしょう。 </FIVE-OF-SWORDS-ONE >
<SIX-OF-SWORDS-ONE >このカードは、家に関係する問題に対処する一方で、あなたが何か問題や困難に直面しなければならないことを示します。あなたはあなたの家族と強いつながりを感じ、今あなたの家族と友人とより一緒に過ごそうと努めるでしょう。また、あなたはあなたの愛する人達の何人かを手引きしようと努めるでしょう。 </SIX-OF-SWORDS-ONE >
<SEVEN-OF-SWORDS-ONE >旧知の友人との突然の再開が示されています、そしてこれは好都合なものとなるでしょう。あなたの問題に加わる何か小さなことがあり、あなたを心地良くなく感じさせるでしょう。あなたは家族と私利に関して口論や葛藤があるかもしれませんが、あなたはまだ木絆を維持するでしょう。 </SEVEN-OF-SWORDS-ONE >
<EIGHT-OF-SWORDS-ONE >ある友人に関する何か問題があるようで、あなたは何かしっかりとした決断をしなければならないでしょう。また、あなたの恋人とつながるロマンチックな時期がありそうです。あなたは家族と共に充実した時間を楽しみ、その時間を非常に嬉しく思うでしょう。 </EIGHT-OF-SWORDS-ONE >
<NINE-OF-SWORDS-ONE >このカードは、あなたは今誰かに関して落ち着かない気持ちになっていることを示します。何かお金に関する問題に対処している親戚がおり、あなたは助けようと努めるでしょう。これは親戚の間であなたの評判を良くするでしょう。また、あなたを感情的に弱く感じさせる誰か、もしくは何かからあなたは離れなければならないでしょう。 </NINE-OF-SWORDS-ONE >
<TEN-OF-SWORDS-ONE >あなたを人として成長させ、あなたの集中力を増加させるのに役立つ、何か素晴らしいプログラムにあなたは参加するでしょう。あなたは少し孤立や不安を感じますが、それらに対処しようと努めるでしょう。親愛なる人があなたを傷つけるかもしれず、これはあなたをジレンマの状況に追いやることとなるでしょう。　 </TEN-OF-SWORDS-ONE >
<PAGE-OF-SWORDS-ONE >あなたの気分を非常に台無しにする何か良くないニュースがあなたに訪れるでしょう。あなたは遠いもしくは近い距離にいる親戚を訪ねる計画を立てるでしょう。あなたはロマンチックな関係を構築したり成長させるため常に努め、これはあなたのパートナーもしくは友人から感謝されるでしょう。 </PAGE-OF-SWORDS-ONE >
<KNIGHT-OF-SWORDS-ONE >このカードは、あなたはパーティーで浮かれ騒ぎ、あなたは意気揚々としたたくさんの行事で見られることを示します。家族の中で何か対立があるかもしれませんが、あなたは意見を聞こうとし、物事が良くなるように働きかけるでしょう。またこれは、愛する人からの何かガイダンスを必要としています。 </KNIGHT-OF-SWORDS-ONE >
<QUEEN-OF-SWORDS-ONE >このカードは、今はあなたにとって困難な時期を示します。友人や家族を含む、あらゆる側面から悪い知らせがあるかもしれません。これに対処するのはあなたにとって難しいかもしれませんが、あなたの愛する人達はあなたを安心させようと最善を尽くすでしょう。 </QUEEN-OF-SWORDS-ONE >
<KING-OF-SWORDS-ONE >あなたの生き方に関して家族との何か争いがあるでしょう、そしてこれはあなたを困惑させるでしょう。また、あなたはホステルや新しいアパートメントに引越しを考えているかもしれません。問題はあなたに付きまとい、もしあなたが注意を怠った場合にあなたは予期せず不祥事の一部となるかもしれません。 </KING-OF-SWORDS-ONE >
<ACE-OF-WANDS-ONE >あなたは仕事面で、また従ってあなたの家族にも何か問題を抱え、あなたは仕事を辞める決意をして何か自分で始めるでしょう。書類処理により何か遅延があるかもしれず、あなたは何か面会や再会をキャンセルしなくてはならないでしょう。 </ACE-OF-WANDS-ONE >
<TWO-OF-WANDS-ONE >このカードは、あなたが家族のメンバーの1人とあなたの問題を解決し、物事を正常に戻そうと努めることを示します。来たる大きな知らせがあり、その情報は将来あなたに役立つでしょう。あなたは友人を喜んで助けようとしますが、あなたはその意図があなたが推測したものではないことを知るでしょう。 </TWO-OF-WANDS-ONE >
<THREE-OF-WANDS-ONE >あなたの家族の年長の人達があなたに書類事務や金銭面において何か貴重な助言をするでしょう。あなたは自分が好きなことをするために全てのことから休みを取り、これは大胆なステップとなるでしょう。あなたは友人からのサポートを求め、あなたの愛する人達も巻き込んであなたの夢を拡大しようとするでしょう。 </THREE-OF-WANDS-ONE >
<FOUR-OF-WANDS-ONE >何か家族間での争いや対立により、あなたは何かストレスや欲求不満を抱えるでしょう。しかし、最終的にあなたとあなたの愛する人達は問題を解決し、平穏を保つでしょう。あなたに幸運を望まない誰かもおり、あなたを騙して何か間違ったことをさせようとするので、あなたは注意を怠らないようにすることが推奨されます。 </FOUR-OF-WANDS-ONE >
<FIVE-OF-WANDS-ONE >誰か外部者によりもたらされた、何か制御できない状況があるのであなたはイライラし困惑を感じるでしょう。あなたの家族や所有物を故意に破壊しようとする誰かがいるかもしれないので、あなたは注意をする必要があります。あなたの友人や家族は、あなたが内部の浄化プロセスを行うのに手助けしてくれるでしょう。 </FIVE-OF-WANDS-ONE >
<SIX-OF-WANDS-ONE >このカードは、あなたの個人的な努力にあなたはあまり満足していませんが、あなたは友人または家族と近況の連絡をとり、彼らと楽しい旅行を計画することを示します。身内が経験している金銭的な問題にあなたは対処しなくてはならないかもしれません。 </SIX-OF-WANDS-ONE >
<SEVEN-OF-WANDS-ONE >あなたは多忙な仕事のスケジュールとあなたの家族との時間をうまく調整しなくてはならず、あなたがバランスをよく取らないと、これはあなたの私生活を侵害するおそれがあるでしょう。あなたは旧知の友人に連絡をとり、これは楽しい再会となるでしょう。 </SEVEN-OF-WANDS-ONE >
<EIGHT-OF-WANDS-ONE >このカードは、あなたが仕事と家庭の間で苦労しなくてはならず、あなたの家族のための時間をほとんど作れないことを示します。また、家族に良い知らせがあるのでお祝いごとがありそうです。何か誤解があるかもしれないので、あなたは注意深く友人と付き合わなければならないでしょう。 </EIGHT-OF-WANDS-ONE >
<NINE-OF-WANDS-ONE >何か法的な事柄や書類事務に関することであなたは身内を手助けしようとするでしょう。いくつかの問題は旧知の友人と共に解決し、再会が示されています。あなたは愛する人から何か知らせを心待ちにしており、この不安はあなたを落ち着かなく感じさせるでしょう。 </NINE-OF-WANDS-ONE >
<TEN-OF-WANDS-ONE >あなたは仕事からのたくさんの負担があり、あなたは責務を果たそうと努めるでしょう。あなたは公的な仕事だけはなく、また対処すべき個人的な問題も抱えるでしょう。あなたと友人もしくは愛する人との間でちょっとした喧嘩があるかもしれず、あなたはどう物事を正せば良いのか分からないでしょう。これはあなたもしくはあなたの友人のどちらかにとって良いことでしょう。 </TEN-OF-WANDS-ONE >
<PAGE-OF-WANDS-ONE >あなたは困難な時期を経験し、しばらくの間周りから距離を置きたいと思うでしょう、そしてこれはあなたの友人や家族を心配させるでしょう。あなたは判断された決断をしてあなたの人生で物事を整理しようとし、そうするために友人からの何かサポートを必要とするでしょう。 </PAGE-OF-WANDS-ONE >
<KNIGHT-OF-WANDS-ONE >あなた自身の元気を取り戻すために短期の旅行が示されており、あなたはパートナーとより時間を一緒に過ごすために同棲を考えているでしょう。何か普通でない状況により、あなたの家族のメンバーや友人との物事は予期したようにはいかないでしょう。そしてあなたは、あなたのサポートやガイダンスを求めている友人のための時間を取り除かなくてはならないでしょう。 </KNIGHT-OF-WANDS-ONE >
<QUEEN-OF-WANDS-ONE >あなたはスピリチュアルなモードになり、何か自律や自制を行いたいと思うでしょう。あなたは新たな繋がりと作ったり、もしくは古いつながりが再活性され強化されたりする可能性があります。 </QUEEN-OF-WANDS-ONE >
<KING-OF-WANDS-ONE >このカードは、あなたは病気が関わる状況に対処しなければならないことを示します。あなたが他の場所へ移る必要がある何かの探求があるでしょう。あなたは最終的に孤立した感情から解放され、物事は良くなっていくでしょう。 </KING-OF-WANDS-ONE >
<THE-MAGICIAN-ONE >あなたのフォーカスは今新しい始まりに注がれており、あなたは得られる可能性がほとんどない何かを追い求めないことが推奨されます。あなたはもうすぐ友人の1人から有益な、もしくは関連性のある支援を受けるでしょう。身内と共にいくらかの計画が作られ流でしょう、またはあなたの親愛なる人との計画に何か変更が起きる可能性があります。 </THE-MAGICIAN-ONE >
<THE-HIGH-PRIESTESS-ONE >このカードは、あなたに嬉しいサプライズが起ころうとしており、あなたはそれを得るのにワクワクすることを示します。何かストレスによりあなたは今家族のメンバーとの距離を近くに感じないでしょう。あなたの友人との難しい問題はもうすぐ改善するでしょう。 </THE-HIGH-PRIESTESS-ONE >
<THE-EMPRESS-ONE >あなたの家族の中で様々な議論があることであなたは少し取り乱しており、精神の平安を切望しているでしょう。また、あなたは少しの間遠くに行くことを考えるでしょう。あなたは友人にした何かが原因で少し罪悪感を感じます。今はあなたの恐れを直視し、何か懺悔をする時です。 </THE-EMPRESS-ONE >
<THE-EMPEROR-ONE >もしあなたが身内や親愛なる人への訪問を計画していたら、その訪問は達成されたものになりますが、旅路はあまり円滑ではないでしょう。あなたが今気を落としているので、あなたのサポート体制となりあなたをいくらか鼓舞させるたくさんの友人に、あなたが囲まれる時です。 </THE-EMPEROR-ONE >
<THE-HIEROPHANT-ONE >このカードは、あなたはもっと元気になる家庭での雰囲気を欲しており、何か良い知らせが訪れることを示します。あなたは友人と対処する困難な時期を抱えますが、相互の話し合いのみが事態を落ち着かせ、あなたは理解することができ、最終的に状況が解決されるでしょう。 </THE-HIEROPHANT-ONE >
<THE-LOVERS-ONE >全員があなたの友人ではなく、もしあなたが何かしなければ何人かはあなたを裏切る可能性があることをあなたは今実感するでしょう。あなたは家族と良い関係性になり、また小さなお祝いやもしくは何か良い知らせにより集まりを計画するでしょう。また、身内の誰かは怒りをぶつけるかもしれないので、あなたは注意を払う必要があるでしょう。 </THE-LOVERS-ONE >
<THE-CHARIOT-ONE >あなたは旧知の友人と近況を取り合い、これはあなたのストレスを感じる生活に新鮮な変化となるでしょう。あなたは問題を抱える身内を助けたいと思いますが、その人は何にも耳を貸そうとせず、それはあなたに罪悪感と無力さを感じさせるでしょう。あなたはあなたの家族に関するあなたの主張を確証するために、何か強力な後立てが必要でしょう。 </THE-CHARIOT-ONE >
<STRENGTH-ONE >このカードは、あなたが友人と楽しい時を過ごし、異性の友人の1人と何か恋の閃きが起きる可能性を示します。あなたは金銭的な理由により家族と困難な時を経験するかもしれません。もし物事が手に負えなくなった場合、大きな口論やもしくは不和が起きる可能性があるでしょう。 </STRENGTH-ONE >
<THE-HERMIT-ONE >久しぶりにあなたが家族のメンバーまたは友人と話をする機会があるでしょう。もしあなたが愛する人達と何か相違に直面している場合、それは解決されるでしょう。あなたは親愛なる人から仕事もしくは金銭的な事柄に関する何かガイダンスを受け、これはとても役立つものとなるでしょう。 </THE-HERMIT-ONE >
<WHEEL-OF-FORTUNE-ONE >このカードは、あなたの家族のメンバーの1人があなたにたくさんのストレスや落胆をもたらし、あなたがその人から離れたいと思うことを示します。あなたの家族の病気により何回か通院をすることになるでしょうが、これは大きなストレスによるものでしょう。 </WHEEL-OF-FORTUNE-ONE >
<JUSTICE-ONE >あなたの家族のメンバーもしくは親戚のうちの1人が、あなたとあなたの決断に影響する問題に直面している可能性があります。物事はあなたが期待するほど円滑ではなく、家族や友人といくつか複雑な事情がありますが、この時期は最終的には過ぎ去るでしょう。 </JUSTICE-ONE >
<THE-HANGED-MAN-ONE >あなたの家族や友人は、あなたが追求している新しい投機にサポートしてくれるでしょう、また親愛なる人もそれに関してあなたをガイドしてくれるでしょう。何か口論があるかもしれませんが、それは見通しの変化によるもので、これは簡単に解決されるでしょう。あなたは古くからの関係性を保つよう努力しなければならないでしょう。 </THE-HANGED-MAN-ONE >
<DEATH-ONE >このカードは、あなたにとって繁栄の時となり、あなたの家族とあなたは様々な理由により家事に関して何か学ぶことを考えていることを示します。何か普通でない状況によりあなたと友人との間で何かの変化やぎこちないことがありそうですが、もうすぐあなたは以前のような状態に物事を修正するでしょう。 </DEATH-ONE >
<TEMPERANCE-ONE >あなたの家族や親戚はあなたを支援するのに友好的で、あなたの私生活に敬意をもって正しい助言を与えてくれることをあなたは気づくでしょう。あなたと親愛なる人の間で感情的な波があるでしょう。物事はあなたにとって簡単に深刻化するので、あなたは冷静さを保ち物事に対処しなければならいでしょう。 </TEMPERANCE-ONE >
<THE-DEVIL-ONE >このカードは、あなたは今とても感情的で、あなたが本当に望むことを効果的に伝えるのを難しいと思いますが、しばらくの間状況のバランスを取ろうと努めることを示します。あなたは一度にたくさんの困難なことに頭がいっぱいになるので、あなたの頭の中で葛藤が吹き荒れているでしょう。 </THE-DEVIL-ONE >
<THE-TOWER-ONE >金銭的にも私生活に関してもあなたは何か困難な事実に直面しなくてはならないようなので、今はあまり楽しい時期ではないでしょう。またこれは破綻につながる可能性もありますが、あなたの親愛なる人があなたのその時期を助けてくれるでしょう。あなたが直面している状況が原因で、あなたは同時に幸運にも不運な状態にもなるでしょう。 </THE-TOWER-ONE >
<THE-STAR-ONE >あなたの身内の何人かが書類処理に関する問題に直面していることにあなたは気づき、あなたはすぐに救いの手を差し伸べるでしょう。あなたはとても刺激的な良いニュースを誰かから受け取り、それはあなたに一体感をもたらせ、心地良く安心感を感じさせるでしょう。 </THE-STAR-ONE >
<THE-MOON-ONE >あなたが弱く、混乱し、不安定だと感じさせる状況が生じる可能性があるでしょう。あなたは友人もしくは親愛なる人について非常に感情的に考えており、これはあなたが何をすべきで何をしないべきかに関する引き裂かれるような思考をあなたにもたらすでしょう。 </THE-MOON-ONE >
<THE-SUN-ONE >あなたは今自分の人生のバランスを取りたいので物事を整理しようと努めています。あなたは自分の身内に話をしますが、あなたは彼らがあなたに協力的ではないと感じるでしょう。あなたは仕事と楽しみを織り交ぜることを考え、もしくは仕事場で友情の絆を築こうとしますが、これはとても良い考えは証明されないでしょう。 </THE-SUN-ONE >
<JUDGEMENT-ONE >このカードは、あなたが非常に重要な決断をしなくてはならず、これは旧知の友人もしくは親愛なる人が関わることを示します。また、何か良い知らせがあなたの友人または親戚を通して届くかもしれません。あなたの友人や親戚との信頼関係は、しっかりと成長するでしょう。 </JUDGEMENT-ONE >
<THE-WORLD-ONE >あなたの頭に大きなプレッシャーが築かれており、このプレッシャーは爆発する前の最高潮に達してきているようです。今はしばらくの間休暇をとるか、どこか遠い所へ行く時です。あなたは友人に支援を期待し、彼らの何人かは喜んでそれを受けあなたを安心させてくれるでしょう。 </THE-WORLD-ONE >
<THE-FOOL-ONE >あなたは身内の誰かを助ける立場にいますが、その身内は彼らの無謀さによりこの機会を失うことでしょう。あなたが影響を受けやすいように行動しており、それゆえに、長期的に良くないと判明する誰かがあなたを利用していることを、あなたに近しい人があなたに気づかせてくれるでしょう。</THE-FOOL-ONE >
</ROOT>
