<?xml version="1.0" encoding="utf-8" ?>
<ROOT>
<ACE-OF-CUPS-ONE >Questa carta indica che tutto sembra filare liscio quando si tratta di salute. Ti sentirai fresco ed energico fisicamente e mentalmente e ci sarà appena qualche fastidio. Ti muoverai anche di più verso la spiritualità il che ti farà sentire ancora meglio. </ACE-OF-CUPS-ONE >
<TWO-OF-CUPS-ONE >Questa carta mostra che hai alcuni disturbi in salute dal momento che combatti per mantenere la pace e il benessere di una persona amata e questo ti causerà serie preoccupazioni e visite ripetute all'ospedale. </TWO-OF-CUPS-ONE >
<THREE-OF-CUPS-ONE >Questa carta indica che vuoi avere un tempo di gala adesso e ti coccolerai più del necessario. Questo causerà alcune preoccupazioni riguardo la salute a cui dovrai presto indirizzarti. Se non prendi misure in fretta, dovrai andare in ospedale o fare riabilitazione. </THREE-OF-CUPS-ONE >
<FOUR-OF-CUPS-ONE >Ti stai stressando troppo e questo fa abbattere il tuo corpo. Hai bisogno di prenderti un po' di tempo nonostante gli impegni professionali dal momento che ora è necessario. Questo potrebbe renderti un po' frustrato ma, alla fine, ti riprenderai e ti darà una nuova posizione nella vita. </FOUR-OF-CUPS-ONE >
<FIVE-OF-CUPS-ONE >Questa carta mostra che il troppo viaggiare o la pressione del lavoro ti prenderà e ti sentirai esausto e molto stanco. Questo potrà anche influenzare la tua salute più seriamente di quanto ti aspetti causandoti problemi. Dovresti fare attenzione a problemi relativi allo stomaco come priorità. </FIVE-OF-CUPS-ONE >
<SIX-OF-CUPS-ONE >Questa carta indica che non ti senti molto bene e questa irrequietezza sta influenzando il tuo corpo sia fisicamente che mentalmente. Ma cercherai di resistere per finire alcuni compiti e poi ti prenderai una pausa che aiuterà il tuo corpo a ringiovanire. </SIX-OF-CUPS-ONE >
<SEVEN-OF-CUPS-ONE >Questa carta mostra che ora il tuo corpo sta mostrando i segni di una malattia che richiede un po' di rilassamento. Alcune malattie potrebbero perseguitarti con cui dovrai averci a che fare. Potrebbero esserci alcuni problemi legati agli arti o agli occhi e dovrai lasciarti un po' andare per riprenderti. </SEVEN-OF-CUPS-ONE >
<EIGHT-OF-CUPS-ONE >Questa carta indica che ci saranno tempi un po' duri per i tuoi occhi o capelli e seguirà un periodo di convalescenza. Questo ostacolerà i tuoi lavoretti di tutti i giorni il che ti renderà frustrato ma non c'è niente di cui preoccuparsi dal momento che presto guarirai. I tuoi cari si prenderanno cura di te durante la convalescenza. </EIGHT-OF-CUPS-ONE >
<NINE-OF-CUPS-ONE >Questa carta mostra che stai affrontando o a breve affronterai un periodo di isolamento e depressione dovuto a su e giù nella tua vita. Sarai in una posizione vulnerabile ora e sentirai che nessuno ti capisce. Questo stato delle mente fastidioso può causarti nervosismo e prenderai alcune pillole. </NINE-OF-CUPS-ONE >
<TEN-OF-CUPS-ONE >Questa carta indica che i tuoi programmi bruschi e indaffarati ti porteranno ad avere una dieta sbilanciata e questo ti porterà dei dosrdini allo stomaco. Questi bruschi programmi possono portarti all'isolazione o all'insonnia che sarà lì per un po'. Prenderai delle misure e ti riprenderai presto. </TEN-OF-CUPS-ONE >
<PAGE-OF-CUPS-ONE >Questa carta mostra che con il tipo di circostanze che ti trovi ora ad affrontare, ti sentirai sensibili e potresti influenzarti facilmente. Questo stato emotivo può essere dannoso per la tua salute fisica e mentale. Stai attento perchè potresti essere incline agli incidenti. </PAGE-OF-CUPS-ONE >
<KNIGHT-OF-CUPS-ONE >Questa carta indica che tutto quello che è legato alla tua salute sarà molto più allegro ora. Se soffri già di qualche tipo di malattia e facendo visita al dottore noterai che le tue condizioni sono migliorate anche se ti daranno una brutta notizia. Dovrai solo aver fede in te stesso e prenderti cura del tuo corpo. </KNIGHT-OF-CUPS-ONE >
<QUEEN-OF-CUPS-ONE >Questa carta mostra che ti senti mentalmente seccato a causa di varie pressioni personali e professionali e potresti anche sentirti inutile a volte. Potrebbero esserci alcuni sintomi di disperazione per cui consulterai il dottore e alcuni paenti ma le cose andranno subito meglio. </QUEEN-OF-CUPS-ONE >
<KING-OF-CUPS-ONE >Questa carta indica che potrebbero esserci alcune situazioni tristi che ti lasceranno molto deluso e ti forzeranno a pensare che non sei abbastanza buono per il mondo e che non hai qualità. Non lasciare che queste circostanze ti facciano diventare dipendente. </KING-OF-CUPS-ONE >
<ACE-OF-PENTACLES-ONE >Questa carta indica che desideri fare alcuni cambiamenti nella salute della tua vita. Se soffri di qualsiasi tipo di disturbo allora questo è il momento adatto per riprendersi in fretta e ti vedrai presto in condizioni migliori. Ti rinprenderai al meglio. </ACE-OF-PENTACLES-ONE >
<TWO-OF-PENTACLES-ONE >Ti sentirai stanco e seccato a causa delle ore di lavoro e nell'adenpiere varie responsabilità. Queste circostanze possono essere dure pe ril tuo copro ma dovrai provare a trovare un equilibrio per non essere vittima della situazione. </TWO-OF-PENTACLES-ONE >
<THREE-OF-PENTACLES-ONE >Questa carta indica che un insuccesso emozionale o un brusco incontro ti porterà un'influenza tossica. Questo potrebbe riflettersi sulla tua salute perciò stai attento. Il riposo dovrà attendere dla momento che hai il lista un po' di cose da fare. </THREE-OF-PENTACLES-ONE >
<FOUR-OF-PENTACLES-ONE >Questa carta mostra che dovrai affrontare alcuni guai con i tuoi problemi medici già esistendi e questo ti porterà più volte in clinica. Tu, insieme ai tuoi cari, cercherete aiuto e consiglio. Le cose potrebbero sfuggirti un po' di mano e questo è il momento in cui devi essere forte. </FOUR-OF-PENTACLES-ONE >
<FIVE-OF-PENTACLES-ONE >Questa carta indica che recentemente hai trascurato troppo la tua salute e questo è il motivo per cui dei piccoli fastidi sono diventati più seri ora sebbene non così importanti. A causa di ciò potresti aver bisogno di un dottore. </FIVE-OF-PENTACLES-ONE >
<SIX-OF-PENTACLES-ONE >Questa carta mostra che dovrai essere molto attento a ciò che ti circonda ora. Sei incline agli incidenti e perciò devi essere molto vigile e attento a tutto ciò che hai intorno. Questo è un periodo critico, se non starai attento potrai giungere ad eventi indesiderate. </SIX-OF-PENTACLES-ONE >
<SEVEN-OF-PENTACLES-ONE >Questa carta indica che stai passando un periodo molto disturbato e cercherai di evitare tutto ciò che coinvolga il lavoro fisico e il coinvolgimento. Non desidererai fare niente che richieda tempo e concentrazione e questo ti terrà indesideratamente lontano dal lavoro. </SEVEN-OF-PENTACLES-ONE >
<EIGHT-OF-PENTACLES-ONE >Questa carta mostra che è tempo di tirar fuori tutti questi idratanti e protezioni solari perchè la tua pelle potrebbe essere sensibile. Dovrai viaggiare molto per lavoro e questo potrebbe influenzare la tua dieta e portarti a problemi di stomaco. </EIGHT-OF-PENTACLES-ONE >
<NINE-OF-PENTACLES-ONE >Questa carta indica che tu o qualcuno a te civino si riprenderà da una malattia o un incidente che gli è accaduto. C'è anche la possibilità che qualcuno che conosci molto bene dovrà affrontare gravi problemi di salute. Aiuterai i tuoi familiari ma cercherai esperienze al di fuori che ti aiutino a distrarti. </NINE-OF-PENTACLES-ONE >
<TEN-OF-PENTACLES-ONE >Questa carta mostra che potresti avere alcuni problmei personali che ti disturberanno un po'. Anche qualcuno vicino alla tua famiglia necessiterà di attenzioni mediche e tu li guiderai verso un nuovo modo di vivere. </TEN-OF-PENTACLES-ONE >
<PAGE-OF-PENTACLES-ONE >Questa carta indica che non ti senti a tuoi agio e altamente irrequieto. Potresti avere problemi riguardo il tuo corpo. Potresti sentirti colpevole e questo ti disturberà tremendamente al punto di non riuscire a liberartene. Alcune medicine saranno necessarie per i tuoi dolore e potresti volere anche alcune pillole per l'insonnia. </PAGE-OF-PENTACLES-ONE >
<KNIGHT-OF-PENTACLES-ONE >Il servizio sociale è ottimo se qualcuno cerca di approffitarne di te e dovrai capirlo. Ti sentirai ansiosi e abitato per questo ma sarai capace di fare un passo audace. Cercherai di tenerti attivo piuttosto che stare fermo e inattivo e questo ti aiuterà a non pensare a cose spiacevoli. </KNIGHT-OF-PENTACLES-ONE >
<QUEEN-OF-PENTACLES-ONE >Questa carta indica che sarebbe meglio farsi aiutare dalla natura ed adottare metodi di guarigione naturale per purificarti. Se tu o uno dei tuoi cari si sta rimettendo da una malattia, allora questo è un buon momento per una guarigione rapida. </QUEEN-OF-PENTACLES-ONE >
<KING-OF-PENTACLES-ONE >Questa carta mostra che sei sulla buona strada per la salute fisica e mentale. Se ti stai riprendendo da un incidente o malattia, allora mostrerai grandi miglioramenti. Anche se ci sono problemi riguardo alcune cartelle mediche, comincerai presto a riprenderti. </KING-OF-PENTACLES-ONE >
<ACE-OF-SWORDS-ONE >Questa carta indica che ti senti triste e depresso e stai cercando l'aiuto di un medico. I membri della tua famiglia ti aiuteranno e ci saranno anche cambiamenti che ti spingeranno in una nuova direzione per cercare di curare la tua malattia e questo porterà dei benefici. </ACE-OF-SWORDS-ONE >
<TWO-OF-SWORDS-ONE >Questa carta mostra che la tua salute è in uno stadio fluttuante e potresti sentirti un po' irrequieto. Potrebbero esserci piccoli problemi di salute ma tu dovrai nutrire la tua salute quando non ti senti bene o ci sono possibilità di influenza o febbre debole o raffreddore. </TWO-OF-SWORDS-ONE >
<THREE-OF-SWORDS-ONE >Questa carta indica che ti sentirai estremamente spossato e desidererai rilassarti e a volte smettere di lavorare. Potrebbero esserci degli incidenti che si aggiungeranno alla tua tensione e stanchezza fisica ma dovrai sopportare per il tuo bene. I tuoi problemi di salute faranno preoccupare la tua famiglia e potrebbero consultare un dottore. </THREE-OF-SWORDS-ONE >
<FOUR-OF-SWORDS-ONE >Questa carta mostra che il tempo di recupero sta per arrivare e le tue preoccupazioni mentali e fisiche saranno infine sedate o almeno crederai che finiranno presto. La tua salute fisica potrebbe essere un po' intaccata e questo richiederà delle analisi o trattamenti medici. Il dottore sarà di grande aiuto in questo caso. </FOUR-OF-SWORDS-ONE >
<FIVE-OF-SWORDS-ONE >Questa carta indica che stai affrontando un po' di stress e frustrazione a causa di alcune malattie che non accennano a guarire. Saranno necessarie alcuen visite all'ospedale che si aggiungeranno alla tua frustrazione e ti faranno sentire inutile ma cerca di essere forte. </FIVE-OF-SWORDS-ONE >
<SIX-OF-SWORDS-ONE >Questa carta mostra che ci sarà il momento più duro per quanto riguarda la salute. Potrebbero esserci incidenti o malattie serie che ti scocceranno drasticamente. Potrebbe anche accaderti un incidente che riguarderà le tua gambe o le ginocchia. Ci sono anche probabilità di finire in ospedale per un po' ma le cose si aggiusteranno presto. </SIX-OF-SWORDS-ONE >
<SEVEN-OF-SWORDS-ONE >Questa carta indica che il troppo stress si sta impadronendo di te e questo ti sta causando anche un sacco di stress fisico e mentale. Sarai troppo impegnato nel maneggiare diverse situazioni e questo può avere effetti avversi su di te specialmente sulla tua mente e il tuo corpo. Hai bisogno di prenderti un po' di tempo per te per ringiovanirti. </SEVEN-OF-SWORDS-ONE >
<EIGHT-OF-SWORDS-ONE >Questa carta mostra che alcuni incidenti non gravi potrebbero accadere se non stai attento. Devi prestare un po' di attenzione in più ora dal momento che questa carta suggerisce che potrebbe accaderti qualche incidente a causa di alcune situazioni rischiose a casa. Dovrai anche essere attento alla guida e attraversando la strada. Questa fase finirà presto. </EIGHT-OF-SWORDS-ONE >
<NINE-OF-SWORDS-ONE >Questa carta indica che dovrai fronteggiare alcune situazione spiacevoli nella vita personale e professionale che ti porteranno alal depressione. Potrebbero anche esserc irregolarità nella tua dieta che potrebbero portarti a problemi di stomaco ma uno delle persone a te care ti aiuterà ad uscire da questa situazione. </NINE-OF-SWORDS-ONE >
<TEN-OF-SWORDS-ONE >Questa carta mostra che ora hai deciso di prenderti in carico la tua salute e lascerai andare il passato per abbracciare il futuro. Raggiungerai degli obiettivi riguardo la tua salute e farai alcune modifiche al tuo stile di vita che aiuteranno la guarigione. </TEN-OF-SWORDS-ONE >
<PAGE-OF-SWORDS-ONE >Questa carta indica che ci saranno alcune pressione mentali legate specialmente al lavoro e che le affronterai con pazienza. CI sono possibilità che tu possa soffrire di dolori alla schiena o mal di denti. Globalmente sarai pieno di dienergie e passerai del tempo con le persone a te care. </PAGE-OF-SWORDS-ONE >
<KNIGHT-OF-SWORDS-ONE >Questa carta mostra che ci saranno alcune condizioni altalenanti riguardo la tua salute. Sarai in una migliore posizione mentale e ti riprenderai dallo stress e problemi simili. La tua famiglia avrà bisogno di te adesso dal momento che probabilmente arriveranno cattive notizie riguardo un membro della famiglia o un amico. </KNIGHT-OF-SWORDS-ONE >
<QUEEN-OF-SWORDS-ONE >Questa carta indca che dovrai ora gestire le tue priorità professionali e i tuoi impegni pesonali e cercherai di fare il meglio per concentrare tutti i tuoi impegni. Come risultato, ti sentirai spossato e stanco ma cercherai in qualche modo di destreggiarti tra le tue responsabilità. </QUEEN-OF-SWORDS-ONE >
<KING-OF-SWORDS-ONE >Questa carta mostra che avrai delle ricadute per quanto riguarda la salute. Sarai mentalmente frustrato ed esausto e fisicamente dovrai prendere alcune medicine per piccoli problemi. Ci sono anche possibilità che uno dei tuoi cari ottenga l'ammissione. </KING-OF-SWORDS-ONE >
<ACE-OF-WANDS-ONE >Questa carta indica che presterai maggiore attenzione alla tua salute ora in caso di qualsiasi problema fisico o mentale, cercherai modi diversi di guarigione. Qualcuno ti suggerirà metodi naturali di curare alcuni fastidi e tu adotterai questi metodi. </ACE-OF-WANDS-ONE >
<TWO-OF-WANDS-ONE >Questa carta mostra che stai appensantendo il tuo corpo ed esso te lo sta mostrando. Dovrai assumere minerali artificiali per aiutare il corpo e la mente. Trascurare una dieta bilanciata può rivelarsi una mossa azzardata nel futuro e una routine salutare è altamente consigliata. </TWO-OF-WANDS-ONE >
<THREE-OF-WANDS-ONE >Questa carta indica che ora se preoccupato per la salute di una persona cara. Nella situazione, ti sentirai stressato e un po' di riposo sarebbe necessario. Non ti appesantire troppo o potrebbe rivelarsi pericoloso. Potresti anche aver bisogno di far visita ad un dentista presto. </THREE-OF-WANDS-ONE >
<FOUR-OF-WANDS-ONE >Questa carta mostra che stai affrontando un po' di sconforto nella tua vita privata e questo ti sta stressando. Potrebbero esserci altri problemi che cominceranno a mostrarsi sulla salute facendoti sentire agitato e potresti anche provare dolore in parti del corpo che non ti aspetti. </FOUR-OF-WANDS-ONE >
<FIVE-OF-WANDS-ONE >Questa carta mostra che ti sei finalmente ripreso da qualsiasi disturbo tu avessi e ti stai finalmente godendo la tua salute fisica e mentale. Probabilmente andrai in vacanza con il tuo compagno e questo sarà davvero piacevole. </FIVE-OF-WANDS-ONE >
<SIX-OF-WANDS-ONE >Questa carta mostra che stai finalmente capendo che questo è il momento di prenderti una pausa dal lavoro e dedicare un po' di tempo a te stesso. Questa pausa si rivelerà d'aiuto dal momento che parteciperai ad alcune riunioni sociali e proverai a fare cose che ti piacciono. </SIX-OF-WANDS-ONE >
<SEVEN-OF-WANDS-ONE >Questa carta indica che stai per essere coinvolto in più attività di quelle che puoi gestire da solo e questo non ti fa sentire a tuo agio. Ma capira a fatica che tutto ciò ti fa sentire stressato. Non trascurare la tua salute in questa corsa e stai attento che stai mangiando sempre fuori. </SEVEN-OF-WANDS-ONE >
<EIGHT-OF-WANDS-ONE >Questa carta mostra che sei di buon umore ora, ti senti in salute e in forma da dentro e ti spingerai verso il tuo partner. Questo ti condurrà anche ad un'uscita romantica e alcune attività sensuali che ti terranno impegnato per un po'. </EIGHT-OF-WANDS-ONE >
<NINE-OF-WANDS-ONE >Questa carta indica che le tue condizioni fisiche passeranno attraverso una brutta fase e ti sentirai trascurato e malato. Questo potrebbe causare un po' di irritazione dal momento che dovrai andare in clinica e avere a che fare con alcune analisi che possono essere stancanti. </NINE-OF-WANDS-ONE >
<TEN-OF-WANDS-ONE >Questa carta mostra che il tuo lavoro o alcune questioni personali ti faranno pagare il pedaggio e cercare di portare a compimento troppe responsabilità ti farà sentire seccato fisicamente. Ci sarà poco tempo per riposarsi dal momento che sarai sempre impegnato e questo potrebbe portarti a delle malattie. Dovrai rallentare le cose ad un passo ragionevole. </TEN-OF-WANDS-ONE >
<PAGE-OF-WANDS-ONE >Dovrai prendere alcune medicine che potrebbero essere per malattie minori o gravi. Questa cart aindica che ti senti irritabile a causa delle cose che ti accadono intorno e questo potrebbe riguardare il lavoro o problemi personali. Dovrai far pratica della virtù della pazienza ed avere un approccio pratico. </PAGE-OF-WANDS-ONE >
<KNIGHT-OF-WANDS-ONE >Questa carta mostra che il tuo corpo intraprenderà alcune attività rigorose dal momento che sarai preso da molte cose e ti sentirai frustrato e stanco. Questo potrebbe anche avere a che fare con le tue condizioni mentali. </KNIGHT-OF-WANDS-ONE >
<QUEEN-OF-WANDS-ONE >Questa carta mostra che hai tanta energia adesso e ti senti ispirato nel fare alcuni cambiamenti costruttivi nel tuo stile di vita per la tua salute. Desideri cambiare alcune cose nella tua vita provando un approccio di vita più bilanciato. </QUEEN-OF-WANDS-ONE >
<KING-OF-WANDS-ONE >Questa carta indica che desideri fare alcune improvvisazioni nel tuo regime di vita e fitness e consulterai per questo un nutrizionista. Potrebbero esserci alcuni problemi emotivi come apprensione o ansia o potresti soffrire di alcuni dolori. </KING-OF-WANDS-ONE >
<THE-MAGICIAN-ONE >Questa carta indica che dovrai affrontare alcuni momenti di sconforto. Alcune questiore correlate al lavoro alla famiglia ti faranno pagare il pedaggio e non sarai capace di trovare una soluzione ai tuoi problemi di salute a causa di alcune complicazioni e risultati incerti. Dovrai visitare diversi dottori prima di arrivare alla conclusione giusta. </THE-MAGICIAN-ONE >
<THE-HIGH-PRIESTESS-ONE >Questa carta mostra che ne hai passate un po' nel passato e questo ha influenzato la tua stabilità fisica e mentale. ma ora le cose stanno migliorando e vedrai un po' di sollievo e comincerai a sentirti meglio. </THE-HIGH-PRIESTESS-ONE >
<THE-EMPRESS-ONE >Questa carta indica che affronterai alcuni problemi con il tuo corpo, specialmente al collo. Dovrai metterti in contatto con la parte spirituale del tuo corpo per sentirti meglio e unire una terapia spirituale o yoga per ringiovanirti. </THE-EMPRESS-ONE >
<THE-EMPEROR-ONE >Questa carta indica che ci potrebbero essere alcuni problemi seri per quanto riguarda la tua salute. Tuttavia la prevenzione e le cure sono necessatie per evitare dolori. Guadagnerai forza e cercherai di combattere la malattia ma è consigliabile che tu non trascuri più il tuo corpo. </THE-EMPEROR-ONE >
<THE-HIEROPHANT-ONE >Questa carta indica che devi prestare attenzione alla tua salute più di quello che stai facendo ora. Ci sono possibili problemi di pressione alta o bassa e severe bronchiti o raffreddori. Un checkup regolare può fare tanto per migliorare la tua condizione. </THE-HIEROPHANT-ONE >
<THE-LOVERS-ONE >Questa carta mostra che il tuo corpo è in una forma più salutare ora e ti senti felice di questo. Probabilmente sarai fisicamente dinamico e sembrerai più attivo. Ti prenderai cura del tuo corpo dal momento che cercherai di costruire un bilancio tra un corpo allenato e la mente. </THE-LOVERS-ONE >
<THE-CHARIOT-ONE >Questa carta indica che sei profondamente coivolto nel tuo lavoro e in altre attività e non sei capace di prenderti cura dei bisogni del tuo corpo. Se continui a fare ciò ti ammalerai a causa del sovraccarico del tuo corpo o potresti sentirti estremamente irrequieto mentalmente. Questo è un buon momento per visitare un dottore per fare un checkup ed andare in posti tranquilli nel fine settimana. </THE-CHARIOT-ONE >
<STRENGTH-ONE >Questa carta mostra che sarai nel meglio della tua salute ora. La carta della forza significa che hai un granbde spirito sia fisico che mentale e anche se ci sono alcuni piccoli problemi riguardo il tuo corpo, li supererai facilmente. La tua forza e il tuo entusiasmo saranno incoraggiati ed apprezzati dalla persone che ti circondano. </STRENGTH-ONE >
<THE-HERMIT-ONE >Questa carta indica che ti sentirai trascurato emozionalmente e questo potrà deprimerti mentalmente. Ci sono possibilità di malattie che finiranno per portarti più volte dal dottore. Ma questo non durerà a lungo perchè presto comincerai a sentirti meglio. </THE-HERMIT-ONE >
<WHEEL-OF-FORTUNE-ONE >Questa carta mostra che ti senti molto instabile adesso a causa della pressione del lavoro e mentale, ti sentirai indaffarato e stressato. Potrebbero esserci alcuni pensieri negativi che ti perseguitano, ma questa è solo una fase che passerà presto. </WHEEL-OF-FORTUNE-ONE >
<JUSTICE-ONE >Questa carta mostra che ci sono possibilità che ti faccia visita ad un dottore per un normale checkup e scoprirai seri problemi. Questo potrebbe coglierti di sorpresa ma il dottore sarà abbastanza esperto da aiutarti a liberarti di questi problemi di salute. </JUSTICE-ONE >
<THE-HANGED-MAN-ONE >Questa carta indica che ti senti irrequieto e ansioso per qualcosa. è tempo che tu dia un po' di riposo a corpo e mente prima che inizi a mostrare segni di malattia e sarà anche d'aiuto se stai alla larga da situazioni e persone che incoraggiano la tua apprensione. </THE-HANGED-MAN-ONE >
<DEATH-ONE >Questa carta mostra che qualcosa intorno a te ti sta rendendo molto infelice. Questo è il momento in cui ti troverai ad affrontare alcune malattie serie. Dovrai forzare te stesso nel guardare al lato positivo e solo questo ti aiuterà a superare tutto quello che ti sta accadendo intorno. Riceverai tanto aiuto e amore dalle persone che ti circondano. </DEATH-ONE >
<TEMPERANCE-ONE >Questa carta indica che non avrai tempo per far visita ad un dottore a causa dei tuoi programmi intensi e questo potrebbe amplificare i tuoi problmei nel futuro. Dovrai prestare attenzione alla tua salute e dare priorità alle visite dal dottore e prenderti del tempo per curarti. </TEMPERANCE-ONE >
<THE-DEVIL-ONE >Questa carta mostra che l'esaurimento e le continue preoccupazione ti faranno sentire letargico e stanco. Non te ne accorgerai all'inizio ma alla fine noterai che stai lavorando un po' troppo e questo ti sta portando ad evitare le altre cose e ti sentirai costantemente stressato, il che potrebbe istigarti a prendere alcune pillole. </THE-DEVIL-ONE >
<THE-TOWER-ONE >Questa carta indica che dovrai affrontare purtroppo un incidente sfortunato che ti causerà alcune visite dal dottore. Sarà un periodo stressante a causa di questo caos, ma sopravviverai. Potrebbe esserci anche un membro della tua famiglia che ti aiuterà in questo periodo difficile. </THE-TOWER-ONE >
<THE-STAR-ONE >Questa carta mostra che qualcosa ispirerà un nuovo pensiero nella tua testa e con l'aiuto di un amico; assemblerai un piano per il tuo benessere. Questo processo potrebbe essere un po' scocciante e potresti aver bisogno di qualche checkup medico ma sarai felice di aver preso questa decisione. </THE-STAR-ONE >
<THE-MOON-ONE >Questa carta indica che affronterai alcuni problemi generali di salute che ancora devono mostrarsi o si sono già in parte mostrati. Questi problemi potrebbero sembrare piccoli ma dovrai prestargli attenzione perchè potrebbero aumentare se trascurati. Avrai anche dolore al ginocchio e problemi alla schiena. </THE-MOON-ONE >
<THE-SUN-ONE >Questa carta mostra che ti senti un po' demotivato in questo periodo. Analizzerai attentamente te stesso cercando di individuare le cose giuste da quelle sbagliate. Non individuerai nessuna malattia fisica. Leggerai di più riguardo la salute fisica e al benessere ora per una delle tue persone care. </THE-SUN-ONE >
<JUDGEMENT-ONE >Questa carta indica che dovrai affrontare alcune instabilità fisiche a causa dello stress o della dieta squilibrata. Avrai problemi riguardo la salute di una persona cara e proverai a fare del tuo meglio per risolvere il problema. Diverse visite dal dottore o all'ospedale ti porteranno vi aun sacco di tempo. </JUDGEMENT-ONE >
<THE-WORLD-ONE >Questa carta mostra che potresti già soffrire di una malattia o infortunio e ti rinprederai presto. Vedrai che lentamente ma fermamente farai progressi sebbene ci siano probabilità che un po' di fuorvianza possa procurarti problemi. è raccomandabile informarsi sulla propria salute e prendere misure di conseguenza. </THE-WORLD-ONE >
<THE-FOOL-ONE >Questa carta indica che sei preoccupato per la tua salute e farai un regolare checkup. I tuoi denti potrebbero anche aver bisogno di un po' di attenzione, per cui visiterai un dentista. Verrai a conoscenza di nuovi metodi di guarigione da un amico e sarai desideroso di provarli.</THE-FOOL-ONE >
    </ROOT>
