{
  "project_info": {
    "project_number": "878582332696",
    "firebase_url": "https://pulsevideostatus.firebaseio.com",
    "project_id": "pulsevideostatus",
    "storage_bucket": "pulsevideostatus.appspot.com"
  },
  "client": [
    {
      "client_info": {
        "mobilesdk_app_id": "1:878582332696:android:cb124e733004518c3d326d",
        "android_client_info": {
          "package_name": "com.Pulse.VideoStatus"
        }
      },
      "oauth_client": [
        {
          "client_id": "878582332696-luceshonbsopmlg3vs09855841bg9j2g.apps.googleusercontent.com",
          "client_type": 3
        }
      ],
      "api_key": [
        {
          "current_key": "AIzaSyBY2LQfPrk6c1j5Q-NyHl3Y5PkbMXGQQgM"
        }
      ],
      "services": {
        "appinvite_service": {
          "other_platform_oauth_client": [
            {
              "client_id": "878582332696-luceshonbsopmlg3vs09855841bg9j2g.apps.googleusercontent.com",
              "client_type": 3
            }
          ]
        }
      }
    }
  ],
  "configuration_version": "1"
}