<?xml version="1.0" encoding="UTF-8"?>
<ROOT>
<THE-FOOL-ONE>
    Estás listo para dar el paso hacia tu destino, así que toma el salto de fe y ¡ve por ello! Este es un tiempo para seguir tu corazón y tomar riesgos, incluso si no sabes donde terminarás. Se abierto a lo que el universo quiere para ti y responde a la llamada más profunda de tu alma.
</THE-FOOL-ONE>
<THE-MAGICIAN-ONE>
    Has sido llamado para dar el paso hacia tu poder y hacer lo mejor con tus talentos. El propósito de tu vida puede involucrar juntas varias cosas que están dispares, o quizá canalizar un poder espiritual o creativo para el beneficio de los demás. Estás destinado a hacer magia, y puedes lograr ¡tus metas más altas!
</THE-MAGICIAN-ONE>
<THE-HIGH-PRIESTESS-ONE>
    Pudieras ser llamado a una vocación espiritual, una necesidad de conectarte con y honrar el misterio de la vida. Este destino puede manifestarse en varias maneras diferentes, posiblemente a través del papel de un cura o consejero, ayudándole a los demás a conectarse al espíritu, o posiblemente solo enfocándose en el misterio dentro de ti.
</THE-HIGH-PRIESTESS-ONE>
<THE-EMPRESS-ONE>
    Tu destino es crear, traer algo nuevo a la existencia, y ayudar a los demás a hacer lo mismo. Ya se que estés dando a luz a la familia, un negocio o una obra de arte, estás llamado a conectarte a tu propio poder generativo y a tu habilidad de manifestar un cambio tangible en el mundo.
</THE-EMPRESS-ONE>
<THE-EMPEROR-ONE>
    Tu llamado probablemente será liderar a los demás, o tomar un papel de autoridad. Pudieras estar trabajando dentro de una organización, posiblemente como parte del órgano rector. Para honrar verdaderamente ese llamado, necesitas estar dedicado a aquellos a los que ayudas y no estar enfocado en incrementar tu propio poder.
</THE-EMPEROR-ONE>
<THE-HIEROPHANT-ONE>
    Pudieras tener una vocación como profesor o líder espiritual, pasando el conocimiento y tradiciones a la siguiente generación. El propósito de tu vida puede involucrar traer un cambio positivo, al usar tus enseñanzas y ayudar a sanar una sociedad de las herencias destructivas y encontrar una manera de avanzar en una manera más sostenible.
</THE-HIEROPHANT-ONE>
<THE-LOVERS-ONE>
    Tu destino es hacer conexiones profundas con lo demás, y buscar la unión interna y externa. Tu propósito en la vida puede simplemente ser encontrar a la persona o personas con quienes puedes construir esta conexión, y luego enfocarte en la relación. Pudieras encontrarte a ustedes mismos trabajando en conjunto a través del karma pasado.
</THE-LOVERS-ONE>
<THE-CHARIOT-ONE>
    Tu propósito en la vida puede ser simplemente encontrar un propósito, una meta específica la cual te traerá satisfacción y también mejorará la vida de los demás. La meta en si misma es menos importante, lo esencial es el proceso de conducirte a ti mismo hacia la meta y mantener concentradas tus energías.
</THE-CHARIOT-ONE>
<STRENGTH-ONE>
    Tu destino en este momento es simplemente apropiarte de tu poder. No el poder sobre los demás, sino tu fortaleza interna y el poder de superar obstáculos y ser fiel a ti mismo. Al liderar con el ejemplo en esta manera, eres capaz de empoderar a los demás y conectarte con tu ser más profundo.
</STRENGTH-ONE>
<THE-HERMIT-ONE>
    Tu propósito en esta vida es ganar sabiduría y entendimiento, y permitirle que alumbren el camino para ti mismo y los demás. Tu camino probablemente será uno de introspección y estudio. En algunos momentos el camino puede verse oscuro o incierto, pero puedes confiar en tu conocimiento interno para alumbrar el camino.
</THE-HERMIT-ONE>
<WHEEL-OF-FORTUNE-ONE>
    Tu destino en la vida puede parecer cambiante con las estaciones, a medida aguantas los altibajos de la vida. Con el tiempo la experiencia te enseña que este proceso de cambio es el propósito de tu vida, aprender a crecer y transformarse incluso en las situaciones más allá de tu control, y ayudar a los demás a hacer lo mismo.
</WHEEL-OF-FORTUNE-ONE>
<JUSTICE-ONE>
    Tu propósito en la vida está probablemente relacionado a la justicia social, a corregir los desequilibrios en el mundo y hacer de la sociedad un lugar más justo. Tu vocación pueda ser trabajar en leyes o para una caridad, en algún lugar en el que puedas utilizar tu intelecto entusiasta y tu lógica para hacer del mundo un mejor lugar.
</JUSTICE-ONE>
<THE-HANGED-MAN-ONE>
    Tu destino en esta vida pueda no ser actuar o hacer grandes cambios en el mundo, sino que retirarse de eso. Pudieras ser llamado hacia una vida contemplativa, conectado a los misterios de espíritu y renunciando al mundo material y sus ilusiones. Este pueda ser un camino solitario, pero uno en el cual puedes inspirar a otros.
</THE-HANGED-MAN-ONE>
<DEATH-ONE>
    Pudieras estar pasando por un proceso de transformación profunda en este momento, el cual te permite conectarte más profundamente a tu propósito en la vida y tu vocación. Al liberar todo lo que no sirve para tu objetivo superior, puedes hacer espacio para que tu destino se manifieste.
</DEATH-ONE>
<TEMPERANCE-ONE>
    Pudieras estar balanceando tu ser creativo y espiritual en este momento, y tu propósito probablemente es tener mayor claridad a medida continuas con este proceso. Pudieras sentir una sensación de vocación al ayudar a los demás a conectarse con su creatividad o tu destino pudiera involucrar trabajo de sanación.
</TEMPERANCE-ONE>
<THE-DEVIL-ONE>
    Tu propósito en esta vida es romper las cadenas que te retienen, superando el condicionamiento social y un apego a lo material para liberar tu poder interno. Tu destino pueda ser también aprender a vivir en equilibrio, en lugar de sucumbir a un estilo de vida de excesos y tentación.
</THE-DEVIL-ONE>
<THE-TOWER-ONE>
    Tu destino se relaciona a romper las estructuras que te rodean, liberándote de tu prisión y ayudando a los demás a hacer lo mismo. Dar el salto lejos de lo conocido puede ser aterrador, pero probablemente se sentirá predestinado, dándote la oportunidad de sanar a un nivel más profundo.
</THE-TOWER-ONE>
<THE-STAR-ONE>
    Esta carta hermosa y esperanzadora sugiere que tu propósito en la vida es simplemente dar esperanza a los demás, ser la luz que brilla para aquellos que están pasando por tiempos oscuros. Tienes la capacidad de ver el panorama general y de mostrarle a los demás que todo cambia, y que siempre hay una luz al final del túnel.
</THE-STAR-ONE>
<THE-MOON-ONE>
    Tu destino es buscar los misterios de la vida, escudriñando lo inconsciente para comprender tus emociones más profundas y tus impulsos internos. Pudiera ser capaz de ayudar a los demás a hacer lo mismo, posiblemente al expresar tus hallazgos artísticamente o al trabajar como consejero, como guía para los dominios internos.
</THE-MOON-ONE>
<THE-SUN-ONE>
    Tu propósito en la vida es probablemente involucrar el trabajo con tu creatividad, tomando un enfoque positivo y optimista de la vida y simplemente dejándote a ti mismo brillar. Eres el héroe en tu propia travesía de héroe, y tu tienes el poder de elegir esa travesía por ti mismo y de crear la vida de tu elección.
</THE-SUN-ONE>
<JUDGEMENT-ONE>
    Puedas haber tenido una mala sensación por un tiempo de una llamada profunda, un destino que te espera. Presta atención a tu intuición y el propósito de tu vida probablemente se volverá más claro. Pudiera desafiarte y sacarte de tu zona de comodidad, pero estará predestinado, algo que no puedes solo ignorar.
</JUDGEMENT-ONE>
<THE-WORLD-ONE>
    A veces las cartas nos hablan literalmente, así que tu desino pueda ser ¡ver el mundo! Tu propósito en la vida es probablemente involucrarte en tomar un enfoque holístico, y elegir una vocación la cual te permita atacar todos los cabos sueltos de tu vida y ayudar a los demás a ver los patrones de sus vidas.
</THE-WORLD-ONE>
<ACE-OF-SWORDS-ONE>
    Un nuevo destino se desenvuelve frente a ti, aunque pueda no estar claro exactamente que es. Un espacio claro en tu vida, y en tu mente para recibir los dones del universo. Puedas estar empezando una nueva fase de aprendizaje o estudio el cual te ayudará a saber tu propósito en la vida.
</ACE-OF-SWORDS-ONE>
<TWO-OF-SWORDS-ONE>
    Muy en el fondo, estás consciente de tu propósito en la vida y sientes la llamada de tu destino. Pero estas teniendo dificultades para tomar la decisión la cual te guiará a él, posiblemente porque los dos caminos frente a ti parecen muy similares. Conéctate con tus sentimientos y sigue tu corazón, así como tu cabeza.
</TWO-OF-SWORDS-ONE>
<THREE-OF-SWORDS-ONE>
    Puedas estar luchando con dolor y pena en este momento, posiblemente sintiendo que el propósito de tu vida es un sueño distante. Recuerda que los obstáculos son el camino y que lo que estás experimentando ahora puede ayudarte a ganar claridad y concentración para manifestar tu destino.
</THREE-OF-SWORDS-ONE>
<FOUR-OF-SWORDS-ONE>
    Ahora estás en un período de descanso, aprendiendo a clarificar tu mente y juntar tu fortaleza. El propósito de tu vida pudiera relacionarse a las lecciones que estás aprendiendo ahora, enseñándote las habilidades que necesitas para ayudar a los demás a relajarse y sanarse. Tómate tu tiempo y permítele a tu destino que se revele cuando estés listo.
</FOUR-OF-SWORDS-ONE>
<FIVE-OF-SWORDS-ONE>
    Pudieras estar distraído de seguir el propósito de tu vida en este momento, quedándote atrapado en el caos y los argumentos. Trata de encontrar concentración, elige tus batallas de acuerdo con lo que más valoras, y deja el resto. No permitas que las opiniones o expectativas de los demás se metan en tu camino.
</FIVE-OF-SWORDS-ONE>
<SIX-OF-SWORDS-ONE>
    Estás avanzando a través de aguas tranquilas, siguiendo la llamada del destino. Asegúrate que no llevas las cargas del pasado contigo, ya que estas pudieran detenerte. Puedas tener una sensación de calma y de claridad, consciente de tu camino en la vida y en lo que necesitas hacer para satisfacer tu propósito.
</SIX-OF-SWORDS-ONE>
<SEVEN-OF-SWORDS-ONE>
    Tu destino en este momento pueda ser trabajar silenciosamente e incluso en secreto, especialmente en el propósito que buscas satisfacer pudiera no ser aceptado por aquellos a tu alrededor. Algunos destinos no se supone que sean compartidos, y tu aun puedes cambiar el mundo incluso si los demás no saben lo que has hecho.
</SEVEN-OF-SWORDS-ONE>
<EIGHT-OF-SWORDS-ONE>
    Puedas estarte sintiendo retenido de alguna manera o incluso atrapado, incapaz de hacer los cambios los cuales te permitirán conectarte al propósito de tu vida. Actualmente, tienes el poder de romper las cadenas a tu alrededor, y usar este poder para satisfacer tu destino. ¡Es tiempo de liberarse!
</EIGHT-OF-SWORDS-ONE>
<NINE-OF-SWORDS-ONE>
    Tus preocupaciones y ansiedades puedan estarte reteniendo de satisfacer el propósito de tu vida, o incluso de comprender cuál es. Esforzarse demasiado en descifrar las cosas puede algunas veces ser contra productivo, así que intenta clarificar tu mente y liberar tus inquietudes. Una sensación de perspectiva te traerá comprensión de tu destino.
</NINE-OF-SWORDS-ONE>
<TEN-OF-SWORDS-ONE>
    Puedas estarte sintiendo abrumado e incapaz de ver claramente el propósito de tu vida, especialmente si la vida ha sido difícil por un tiempo. Un nuevo amanecer se aproxima, trayéndote una nueva comprensión de tu destino en la vida. Es tiempo de levantarte, sacudirte las heridas del pasado y darle la bienvenida a lo que la vida está guardando para ti.
</TEN-OF-SWORDS-ONE>
<PAGE-OF-SWORDS-ONE>
    Tu propósito en la vida en este momento es comunicarte y conectarte con los demás, y también aprender e incrementar tu conocimiento. No tomes tu sentido del destino muy seriamente, ya que puedes lograr más si tomas un enfoque divertido. ¡Sé abierto a los regalos del universo!
</PAGE-OF-SWORDS-ONE>
<KNIGHT-OF-SWORDS-ONE>
    Puedas estar teniendo una sensación fuerte de destino, queriendo salir y perseguir tu búsqueda en la vida. Sin embargo, te pudiera faltar un sentido de propósito, dispersando tu energía en demasiadas direcciones a la vez.  Elige las búsquedas que son más significativas para ti, enfócate en eso y tu destino se hará claro.
</KNIGHT-OF-SWORDS-ONE>
<QUEEN-OF-SWORDS-ONE>
    Tu propósito en la vida sea probablemente relacionar tu habilidad para aprender de tu experiencia e incrementar tu conocimiento y comprensión, y para ayudar a los demás a hacer lo mismo. Puedas haber sufrido en el pasado, pero ese sufrimiento te ha hecho quién eres hoy, ayudándote a satisfacer tu destino como una mujer fuerte e independiente.
</QUEEN-OF-SWORDS-ONE>
<KING-OF-SWORDS-ONE>
    Es probable que tu desino sea hacerte cargo, posiblemente de ser un líder en el dominio del pensamiento y conocimiento. Tu sentido de confianza y auto dominio pueden ayudarte a encontrar y satisfacer tu propósito, posiblemente a enseñar o compartir tu conocimiento y experiencia con los demás.
</KING-OF-SWORDS-ONE>
<ACE-OF-WANDS-ONE>
    Pudieras estar emocionado e inspirado por un sentido de propósito en este momento, incluso si no estás exactamente claro en cual propósito es. Es probable que tu destino involucre trabajo individual o creativo y compartir tu visión con los demás. Tu camino es ese de acción, así que sigue avanzando y te será revelado.
</ACE-OF-WANDS-ONE>
<TWO-OF-WANDS-ONE>
    Estas a la puerta de un nuevo camino, trayendo un nuevo sentido de propósito en la vida. Estas poniendo las bases y poniendo tus ideas en acción. Ahora es un tiempo de moverse hacia adelante decisivamente, a medida tu destino se revele a si mismo a través de la iniciativa que tomes.
</TWO-OF-WANDS-ONE>
<THREE-OF-WANDS-ONE>
    Tienes progreso a lo largo del nuevo camino en este tiempo, siguiendo la llamada de tu destino. Es probable que estés empezando a ver los resultados de tus acciones, y esto puede darte una sensación renovada de propósito y fe. Haz cambios si los necesitas, pero no pierdas de vista tu visión.
</THREE-OF-WANDS-ONE>
<FOUR-OF-WANDS-ONE>
    En este momento, tu mejor camino para satisfacer tu destino involucra crear una fundación segura de tu creatividad y fortaleza. El apoyo de tus seres queridos te ayudará a trabajar hacia el propósito de tu vida. Encuentra maneras de darle estructura y enfocarte a tu visión, ya que esto te mostrará el camino más claro más adelante.
</FOUR-OF-WANDS-ONE>
<FIVE-OF-WANDS-ONE>
    Pudieras estar lleno de energía y listo para correr hacia la batalla en este momento, pero es fácil de perder tu enfoque y quedarte atrapado en competir con las personas a tu alrededor. Tu destino no es el mismo que el tuyo, así que elije tus batallas sabiamente y no lo pierdas de ti visión.
</FIVE-OF-WANDS-ONE>
<SIX-OF-WANDS-ONE>
    Este es un tiempo de victoria, cuando has logrado una meta importante la cual se relaciona a tu propósito en la vida. Los otros pueden cantar tus elogios y ayudarte a celebrar todo lo que has ganado hasta la fecha. No pierdas de vista tu propósito más alto y utiliza la energía disponible para moverte hacia ti para avanzar hacia el siguiente paso de tu camino.
</SIX-OF-WANDS-ONE>
<SEVEN-OF-WANDS-ONE>
    Es tiempo de tener el coraje de tus convicciones, para aferrarte a tu sentido de propósito a medida que esos a tu alrededor puedan estarte cuestionando o retando. Eres fácilmente capaz de defenderte a ti mismo y tu visión, así que no permitas que los negativos te venzan. Tu sentido de destino es fuerte y te llevará a través de él.
</SEVEN-OF-WANDS-ONE>
<EIGHT-OF-WANDS-ONE>
    Todo pudiera estarse moviendo muy rápido en este momento, tu destino está acercándose rápidamente aún si no te sientes listas para él. Tus horizontes puedan estarse ampliando, cambiando tu comprensión de tu propósito en la vida. Mantente ocupado y a tu visión, especialmente si los demás te están haciendo demandas.
</EIGHT-OF-WANDS-ONE>
<NINE-OF-WANDS-ONE>
    En este momento pudieras estarte sintiendo asediado y a la defensiva, especialmente si esos cercanos a ti no han mucho ese sentimiento fuerte de propósito. Ten el coraje de tus convicciones, y puedas competir a esos que te retienen. Fortalece y resuelve y mantente firme a tu empleado.
</NINE-OF-WANDS-ONE>
<TEN-OF-WANDS-ONE>
    Puedas estarte sintiendo tan abrumado por los cientos que llevas y que ya no eres capaz de distinguir a tu propósito en la vida. Deja algo de la carga si puedes, posiblemente al pedir algún tipo de apoyo. Una vez que puedes ver claramente, tu destino será revelado y de igual manera el camino hacia él.
</TEN-OF-WANDS-ONE>
<PAGE-OF-WANDS-ONE>
    Tu destino en la vida en este momento es muy simple, jugar y aprender. No tomes a ti mismo demasiado en serio y puedes satisfacer tu propósito en la vida la inspirar a los demás con tu enfoque curioso e infantil. Tu destino pueda ser expresarte artísticamente, ayudar a los demás a comprender las energías que los impulsan.
</PAGE-OF-WANDS-ONE>
<KNIGHT-OF-WANDS-ONE>
    Estás llevo de una sensación de propósito y destino, pero puedas no saber adonde dirigirlo. Puedas estar en una búsqueda para encontrarle el significado a tu vida, intentando muchas cosas nuevas y viajando por todas partes. Intenta enfocarte y tu destino único se revelará por si mismo.
</KNIGHT-OF-WANDS-ONE>
<QUEEN-OF-WANDS-ONE>
    Probablemente estás confiado y seguro de ti mismo, con un sentido claro de tu propósito en la vida. Eres capaz de casarte con una visión y acción para asegurar que tu destino se revele como debería, inspirando a los demás con tu creatividad, capacidad de autoridad interna para seguirse moviendo y creciendo.
</QUEEN-OF-WANDS-ONE>
<KING-OF-WANDS-ONE>
    Tu destino pueda ser tomar un papel de liderazgo, guiando a los demás con el beneficio de tu experiencia y conocimiento. Tu propósito en la vida no es dominarlos o controlarlos, o de tomar el poder por ti mismo, sino empoderar a los demás para encontrar su propia confianza y propósito de vida.
</KING-OF-WANDS-ONE>
<ACE-OF-CUPS-ONE>
    Tu propósito principal en la vida es probablemente involucrarte en conectar tus sentimientos y expresar tu imaginación. Tu destino pueda aún estarse formando y hacer trabajo creativo o espiritual te ayudará a que se vuelva más claro. Sigue la corriente e intenta no forzar las cosas y tu sentido de propósito crecerá.
</ACE-OF-CUPS-ONE>
<TWO-OF-CUPS-ONE>
    Tu destino en la vida es simplemente conectarte a un nivel más profundo con los demás y con tu interior. Las conexiones que hagas con los demás puedan sentirse predestinado o incluso kármico, y tu destino es ver a tu mejor ser reflejado en los ojos de otro, y reflejar su mejor ser de nuevo hacia ellos.
</TWO-OF-CUPS-ONE>
<THREE-OF-CUPS-ONE>
    Tu propósito en la vida en este momento pueda simplemente ser disfrutarte a ti mismo, conectarte con los demás y divertirte juntos. Vivimos en un mundo en donde el sufrimiento es muchas veces visto como una ruta para aprender sobre ti mismo, pero la alegría y felicidad pueda ser igualmente importante y transformador.
</THREE-OF-CUPS-ONE>
<FOUR-OF-CUPS-ONE>
    Pudieras estar retrasando tu destino en este momento, posiblemente sintiendo que estás atrapado en una ruta e incapaz de avanzar. Pudieras necesitar romper los patrones emocionales los cuales ya no te ayudan. Tu propósito en la vida puede ser revelado cuando cambies la energía estancada alrededor de ti y veas tus muchos dones.
</FOUR-OF-CUPS-ONE>
<FIVE-OF-CUPS-ONE>
    Pudieras estarte sintiendo confundido y carente de propósito en este momento especialmente si has sufrido una pérdida recientemente. Tómate el tiempo de llorar lo que ha sucedido, pero luego cambia tu perspectiva. Muchos regalos están aún disponibles para ti, y ellos tienen el secreto para tu destino.
</FIVE-OF-CUPS-ONE>
<SIX-OF-CUPS-ONE>
    Puedas haberte estado enfocando en recuerdos felices recientes, viendo al pasado a través de lentes pintados de rosa. Recordar los buenos tiempos en tu infancia pudiera darte pistas sobre tus propósitos en la vida, posiblemente despertando una nueva pasión o recordándote quién eras anteriormente.
</SIX-OF-CUPS-ONE>
<SEVEN-OF-CUPS-ONE>
    El destino pueda estarte ofreciendo un sinnúmero de destinos posibles en este momento, todos igualmente tentadores. En lugar de ser un aficionado un poco en cada uno, elije el que te llama más fuertemente, el que te da escalofríos. Los otros puedan ser interesantes, pero en última instancia pudieran ser menos satisfactorios.
</SEVEN-OF-CUPS-ONE>
<EIGHT-OF-CUPS-ONE>
    Es probable que recientemente hayas tomado pasos para avanzar a tu destino, posiblemente saliéndote de tu zona de comodidad y empezando de nuevo. Pudieras haber dejado atrás todo lo que has construido hasta ahora, y estarte sintiendo temeroso de lo que pueda traer el futuro. Mantente firme a tu propósito y todo estará bien.
</EIGHT-OF-CUPS-ONE>
<NINE-OF-CUPS-ONE>
    El universo ha sido generoso contigo últimamente, y tu pudieras estarte sintiendo como si todos tus deseos están a punto de hacerse realidad. Todas las piezas están en su lugar para que aceptes el propósito de tu vida. No te vuelvas muy complaciente, recuerda que siempre habrá trabajo duro adelante. Pero por ahora, disfruta este tiempo de ¡abundancia!
</NINE-OF-CUPS-ONE>
<TEN-OF-CUPS-ONE>
    Pudieras sentir que tienes todo lo que quieres en la vida, rodeado de los que amas y sintiéndote emocionalmente seguro. Sin embargo, es probable que pronto empezarás a preguntarte si hay algo más, algo que te ayudará a sentirte satisfecho como un individuo, así como también en tus relaciones. Un nuevo ciclo se aproxima y un nuevo destino.
</TEN-OF-CUPS-ONE>
<PAGE-OF-CUPS-ONE>
    Tu propósito en la vida en este momento es conectarte con tus sentimientos y tu imaginación, expresarlos en nuevas maneras. Pudieras ser llamado a darle forma a tus emociones, posiblemente a expresarlos artísticamente o encontrar otra manera de hacerlos tangibles. Escucha tus sueños y tu intuición ya que ellos revelarán tu destino.
</PAGE-OF-CUPS-ONE>
<KNIGHT-OF-CUPS-ONE>
    Pudieras tener un sentido de que un gran destino te espera, y estar listo para salir a buscarlo. Es probable que seas romántico e idealista por naturaleza, así que intenta encontrar un equilibrio entre imaginar un propósito profundo y significativo para tu vida y encontrar una vocación la cual te permita alcanzarlo.
</KNIGHT-OF-CUPS-ONE>
<QUEEN-OF-CUPS-ONE>
    Tu destino está en tus sueños en este momento, así que encuentra maneras de traer a la vida tu imaginación e intuición. Tu propósito en la vida pueda ser hacer conexiones compasivas con los demás, ayudándoles a conectarse con su creatividad o espiritualidad a medida disfrutas conectarte con esos aspectos de ti mismo.
</QUEEN-OF-CUPS-ONE>
<KING-OF-CUPS-ONE>
    Puedas ser llamado a tomar la iniciativa en este momento, posiblemente en proyecto creativo o artístico. Tu compasión natural e imaginación hacen de este un destino que estás feliz de cumplir. Intenta no dominar el proceso o perder de vista tus propias emociones, ya que tu propósito en la vida es conectarte no separarte.
</KING-OF-CUPS-ONE>
<ACE-OF-PENTACLES-ONE>
    Tu propósito en la vida en este momento pueda ser buscar seguridad material o desarrollar un nuevo talento el cual has descubierto recientemente. Las cosas puedan ser inciertas a estas alturas, así que enfócate en lo que más valúas y has de ello una prioridad, y tu destino se manifestará pronto.
</ACE-OF-PENTACLES-ONE>
<TWO-OF-PENTACLES-ONE>
    Pudieras sentir que tu vida es un proceso constante de equilibrio en este momento y que no puedes seguir tu destino mientras estás haciendo malabares con tantas demandas. Recuerda que la travesía es lo que es importante y considera las habilidades que estás desarrollando en este momento las cuales te ayudarán a manifestar tu propósito en la vida.
</TWO-OF-PENTACLES-ONE>
<THREE-OF-PENTACLES-ONE>
    Estás construyendo tu propio destino en este momento, quizá incluso literalmente. Tienes la oportunidad de crear algo lo cual es más grande que la suma de sus partes, posiblemente trabajando como parte de un equipo. Tu propósito es crear algo que perdurará, desarrollando tus propias habilidades y talentos a lo largo del camino.
</THREE-OF-PENTACLES-ONE>
<FOUR-OF-PENTACLES-ONE>
    Puedes estar teniendo dificultades de manifestar tu destino en este momento, ya que estás aferrándote a tu sentido de seguridad y estás renuente a dejar tu zona de comodidad. Sin embargo, el propósito de tu vida no es solo crear riqueza material, sino conectarte a un sentido más profundo de abundancia lo cual no depende de posesiones físicas.
</FOUR-OF-PENTACLES-ONE>
<FIVE-OF-PENTACLES-ONE>
    Es posible que te estés sintiendo aislado en este momento y que la vida se sienta difícil. Sin embargo, la experiencia que estás ganando te llevará más cerca a cumplir tu destino y a encontrar tu propósito en la vida. Serás capaz de relacionarte respetuosamente con aquellos que están pasando tiempos difíciles similares y apoyarlos.
</FIVE-OF-PENTACLES-ONE>
<SIX-OF-PENTACLES-ONE>
    Tu propósito en la vida se está manifestando en este momento como un propósito de intercambio de energía. Pueda ser que tengas una abundancia que puedas compartir con otros, o que sufras una pérdida y necesites la ayuda de los demás. Al ofrecer o aceptar ayuda, clarificas el camino para que tu destino se manifieste.
</SIX-OF-PENTACLES-ONE>
<SEVEN-OF-PENTACLES-ONE>
    Puedas estar sintiendo la llamada de tu destino últimamente, y ya estar haciendo cambios que te permitan manifestarlo. Estas llevando tu trabajo a un nivel más profundo, dedicando tu vida a algo más significativo que lo que has hecho hasta hoy y cumpliendo tu propósito.
</SEVEN-OF-PENTACLES-ONE>
<EIGHT-OF-PENTACLES-ONE>
    Tu propósito en la vida ahora se relaciona a tu trabajo y las habilidades que estás desarrollando. Por ahora el trabajo pueda ser tranquilo y rutinario, pero es su profundidad de práctica y atención lo que te permite alcanzar un nuevo destino como un experto en tu campo.
</EIGHT-OF-PENTACLES-ONE>
<NINE-OF-PENTACLES-ONE>
    Ya has alcanzado tanto, manifestando el propósito de tu vida como un ser fuerte e independiente, confiado y capacitado. Tienes la confianza que nació de la experiencia. Disfruta esa sensación de seguridad y de autoridad interna y considera como puedes aceptar un nuevo destino compartiendo tu experiencia y conocimiento con los demás.
</NINE-OF-PENTACLES-ONE>
<TEN-OF-PENTACLES-ONE>
    Tu sentido de destino pueda relacionarse a tus antecedentes o tus raíces, de donde has venido y también adonde vas. Ya has logrado bastante, proporcionando estabilidad y abundancia para la familia que escogiste. Ahora es tiempo de un nuevo capítulo, un nuevo propósito, profundizando tu comprensión y sentido de seguridad.
</TEN-OF-PENTACLES-ONE>
<PAGE-OF-PENTACLES-ONE>
    Estás en la cúspide de encontrar un nuevo propósito en la vida, así que tómate un tiempo para explorar posibilidades y considera lo que más valoras. Los talentos recientemente descubiertos puedan estar suplicando ser desarrollados y adquirir nuevas habilidades puedan también arte una sensación renovada de tu destino en la vida.
</PAGE-OF-PENTACLES-ONE>
<KNIGHT-OF-PENTACLES-ONE>
    Tu propósito en la vida en este momento es probable que sea simple, buscando que hagas tu trabajo, que hagas un progreso estable, y que construyas tus habilidades y sentido de seguridad. Mientras que los demás pudieran buscar un destino más grande es probable que estés contento con una vida simple, buscando la alegría y felicidad en tu trabajo.
</KNIGHT-OF-PENTACLES-ONE>
<QUEEN-OF-PENTACLES-ONE>
    Tu destino en la vida probablemente incluya el cuidado de los demás, así como de ti mismo y también conectarte más profundamente a la tierra y al ambiente. Tu propósito pueda ser servir a aquellos a los que amas con compasión y honrar los regalos de la naturaleza. La tuya es una energía fértil, y tu destino es crear algo nuevo ¡y hermoso en este mundo!
</QUEEN-OF-PENTACLES-ONE>
<KING-OF-PENTACLES-ONE>
    Puedas ser llamado a construir y a manejar, posiblemente a crear y mantener las estructuras las cuales mantienen a nuestra sociedad funcionando. Tu destino es hacer este trabajo con creatividad y compasión, al empoderar a otros en lugar de enfocarte en tu poder y el cumplimiento de tus ambiciones personales.
</KING-OF-PENTACLES-ONE>
</ROOT>

