<ROOT>
<ACE-OF-CUPS-ONE >ไพ่นี้บ่งบอกว่าเรื่องสุขภาพนั้นเป็นไปได้อย่างดี คุณจะรู้สึกสดชื่นและมีพลังงานทั้งด้านร่างกายและจิตใจและจะไม่มีอาการเจ็บป่วยใด ๆ ด้านจิตวิญญาณ คุณยังจะก้าวหน้าไปมากขึ้น ซึ่งจะทำให้คุณรู้สึกดีขึ้น </ACE-OF-CUPS-ONE >
<TWO-OF-CUPS-ONE >ไพ่นี้แสดงว่าสิ่งที่รบกวนคุณอยู่เล็กน้อยในด้านสุขภาพในขณะนี้คุณกำลังดิ้นรนทำให้คนที่คุณรักมีความเป็นอยู่ที่ดีและนี่จะทำให้เกิดความกังวลอย่างมากและจะต้องเข้าโรงพยาบาลซ้ำ ๆ </TWO-OF-CUPS-ONE >
<THREE-OF-CUPS-ONE >ไพ่ใบนี้บ่งบอกว่าคุณกำลังมีเวลาที่รื่นเริงและจะตามใจตัวเองเกินจำเป็น นี่จะทำให้เกิดปัญหาน่าเป็นห่วงด้านสุขภาพที่กำลังจะมาถึงเร็ว ๆ นี้ หากคุณไม่มีมาตรการกับตัวเอง คุณอาจต้องไปโรงพยาบาลหรือทำกายภาพบำบัด </THREE-OF-CUPS-ONE >
<FOUR-OF-CUPS-ONE >คุณกำลังเครียดมากเกินไปและนี่อาจทำให้ร่างกายของคุณมีปัญหา คุณจำเป็นต้องพักบ้างแม้จะติดขัดเรื่องความเป็นมืออาชีพก็ตาม สิ่งนี้อาจทำให้คุณผิดหวังเล็กน้อย แต่ในที่สุดคุณจะฟื้นตัวดีขึ้นและสิ่งนี้จะทำให้คุณมีจุดยืนใหม่ในชีวิต </FOUR-OF-CUPS-ONE >
<FIVE-OF-CUPS-ONE >ไพ่ใบนี้แสดงว่าคุณมีความกดดันด้านการทำงานหรือการเดินทางมากเกิดขึ้นและคุณจะรู้สึกอ่อนล้าและเหนื่อยมาก นี่สามารถส่งผลถึงสุขภาพอย่างจริงจังมากกว่าที่คุณคาดคิดทำให้คุณเกิดปัญหา คุณจะต้องคอยระวังปัญหาเกี่ยวกับท้องเป็นหลัก </FIVE-OF-CUPS-ONE >
<SIX-OF-CUPS-ONE >ไพ่ใบนี้บ่งบอกว่าคุณรู้สึกไม่ค่อยดีนักและความกระสับกระส่ายนี้จะส่งผลถึงร่างกายและจิตใจของคุณ แต่คุณจะอดทนทำงานที่จำเป็นให้สำเร็จได้และจากนั้นจะหยุดพักซึ่งจะช่วยให้ร่ายกายของคุณสดชื่นขึ้น </SIX-OF-CUPS-ONE >
<SEVEN-OF-CUPS-ONE >ไพ่นี้แสดงว่าร่างกายของคุณกำลังแสดงอาการของโรคต้องการการพักผ่อน โรคบางชนิดอาจตามหลอกหลอนคุณ ซึ่งคุณจะต้องรับมือกับมัน อาจมีปัญหาเกี่ยวกับแขนขาหรือตาและคุณจะต้องปล่อยวางซักหน่อยเพื่อฟื้นฟูตัวเอง </SEVEN-OF-CUPS-ONE >
<EIGHT-OF-CUPS-ONE >ไพ่ใบนี้บ่งบอกว่าจะมีเวลาที่ยากลำบากเกี่ยวกับตาหรือผมและจะต้องมีช่วงเวลาที่ต้องใช้ยา นี่จะทำให้งานรายวันของคุณติดขัดนิดหน่อย ซึ่งสามารถทำให้คุณอึดอัดแต่จะไม่มีอะไรใหญ่โตต้องห่วงและมันจะฟื้นฟูเร็ว ๆ นี้ คนรักของคุณจะคอยดูแลคุณระหว่างที่คุณฟื้นฟู </EIGHT-OF-CUPS-ONE >
<NINE-OF-CUPS-ONE >ไพ่นี้แสดงว่าคุณกำลังเผชิญหน้าหรือกำลังจะต้องเผชิญกับความเหงาหรือภาวะซึมเศร้าตามการขึ้นลงของชีวิต คุณจะตกอยู่ในจุดที่อ่อนแอและจะรู้สึกเหมือนไม่มีใครเข้าใจ ความคิดจะทำให้คุณเกิดความกังวงใจและต้องกินยา </NINE-OF-CUPS-ONE >
<TEN-OF-CUPS-ONE >ไพ่ใบนี้บ่งบอกว่าคุณกำลังยุ่งและมีตารางเวลาที่ทันทีซึ่งจะทำให้คุณมีการกินอาหารที่ไม่สมดุลและนี้จะนำไปสู่ความผิดปกติของกระเพาะอาหาร ตารางเวลาที่ทันทีจะนำไปสู่ความเหงาและโรคนอนไม่หลับซึ่งมันจะอยู่ซักช่วงหนึ่ง คุณจะระวังมันมากขึ้นและจะฟื้นฟู </TEN-OF-CUPS-ONE >
<PAGE-OF-CUPS-ONE >ไพ่ใบนี้แสดงว่าเหตุการณ์ที่คุณกำลังเจอ คุณจะรู้สึกอ่อนไหวและคุณจะโดนชักจูงได้ง่าย สถานการณ์นี้อาจส่งผลเสียถึงสุขภาพทั้งทางกายและทางจิตใจของคุณ คุณควรคอยระวังให้ดีอาจเกิดอุบัติเหตุได้ง่าย </PAGE-OF-CUPS-ONE >
<KNIGHT-OF-CUPS-ONE >ไพ่ใบนี้บ่งบอกว่าทุกสิ่งเกี่ยวกับสุขภาพจะดีขึ้น ถ้าคุณกำลังป่วยอยู่กับโรคใดและต้องไปหาแพทย์ คุณจะสังเกตเห็นว่าอาการของคุณกำลังดีขึ้นแม้จะมีข่าวร้ายบ้าง คุณจะต้องเชื่อมั่นในตัวเองและดูแลร่างกายตัวเองให้ดี </KNIGHT-OF-CUPS-ONE >
<QUEEN-OF-CUPS-ONE >ไพ่ใบนี้แสดงให้เห็นว่าสภาพจิตใจของคุณกำลังเหนื่อยล้าจากเรื่องส่วนตัวต่าง ๆ และความกดดันจากความเป็นมืออาชีพและคุณอาจจะพบว่าตัวเองไม่สามารถทำอะไรไม่ได้ มันอาจมีอาการซึ่งทำให้คุณต้องปรึกษาแพทย์และบางสิ่งที่เกี่ยวข้อง แต่ทุกอย่างจะค่อย ๆ ดีขึ้น </QUEEN-OF-CUPS-ONE >
<KING-OF-CUPS-ONE >ไพ่ใบนี้บ่งบอกว่าอาจมีเหตุการณ์ให้คุณต้องอารมณ์เสียซึ่งจะทำให้คุณผิดหวังและจะทำให้คุณคิดว่าตัวคุณเองยังไม่ดีพอสำหรับโลกนี้หรือยังไม่มีคุณภาพพอ อย่าปล่อยให้เหตุการณ์เหล่านี้ทำให้คุณติดนิสัย </KING-OF-CUPS-ONE >
<ACE-OF-PENTACLES-ONE >ไพ่ใบนี้บ่งบอกว่าชีวิตคุณจะมีการเปลี่ยนแปลงด้านสุขภาพ ถ้าคุณกำลังเจ็บปวดจากโรคต่าง ๆ นี่คือเวลาที่ดีที่คุณจะฟื้นฟูได้เร็วขึ้นและจะพบว่าตัวเองอยู่ในสภาพที่ดีขึ้น สุดท้ายคุณจะฟื้นฟูได้อย่างดี </ACE-OF-PENTACLES-ONE >
<TWO-OF-PENTACLES-ONE >คุณจะรู้สึกเหนื่อยล้าเพราะงานและความรับผิดชอบต่าง ๆ เหตุการณ์เหล่านี้อาจยากลำบากกับร่างกายของคุณ แต่คุณจะต้องพยายามและสร้างสมดุลให้ได้ อย่าปล่อยให้ตัวเองตกเป็นเหยื่อของสถานการณ์ </TWO-OF-PENTACLES-ONE >
<THREE-OF-PENTACLES-ONE >ไพ่ใบนี้บ่งบอกว่าการระเบิดอารมณ์หรือการเผชิญหน้าจะทำให้คุณรู้สึกเป็นพิษ นี่สามารถส่งผลถึงสุขภาพของคุณได้เพราะฉะนั้นควรระวังไว้ การพักผ่อนอาจต้องรอไปก่อน เพราะมีหลายสิ่งกำลังรอคุณอยู่ </THREE-OF-PENTACLES-ONE >
<FOUR-OF-PENTACLES-ONE >ไพ่ใบนี้แสดงให้เห็นว่าคุณจะต้องพบกับปัญหาบางอย่างกับปัญหาด้านสุขภาพที่มีอยู่แล้วและอาจจะต้องเข้าคลินิค คุณและคนรักของคุณจะต้องหาความช่วยเหลือและคำแนะนำ สิ่งต่าง ๆ อาจเกินรับมือและคุณต้องทำตัวให้แข็งแกร่งไว้ </FOUR-OF-PENTACLES-ONE >
<FIVE-OF-PENTACLES-ONE >ไพ่ใบนี้บ่งบอกว่าช่วงนี้คุณไม่ค่อยได้สนใจเรื่องสุขภาพและนี่คือเหตุผลว่าโรคเล็ก ๆ น้อย อาจเป็นเรื่องใหญ่ขึ้นมา เพราะเหตุผลนี้ คุณอาจจะต้องไปตรวจสุขภาพหน่อย </FIVE-OF-PENTACLES-ONE >
<SIX-OF-PENTACLES-ONE >ไพ่ใบนี้แสดงให้เห็นว่าคุณจะต้องระมัดระวังมากขึ้นเกี่ยวกับสิ่งรอบตัว คุณจะพบกับอุบัติเหตุได้ง่ายและดังนั้นคุณจะต้องระมัดระวังและรอบคอบเกี่ยวกับทุกสิ่งรอบตัว นี่คือช่วงเวลาที่สำคัญและหากคุณไม่ระวังอาจนำไม่สู่จุดจบที่ไม่พึงปรารถนา </SIX-OF-PENTACLES-ONE >
<SEVEN-OF-PENTACLES-ONE >ไพ่ใบนี้บ่งบอกว่าคุณต้องพบกับช่วงเวลาที่ยุ่งเหยิงและคุณจะพยายามหลีกเลี่ยงสิ่งที่ต้องเข้าร่วมและงานด้านกายภาพ คุณจะไม่อยากทำอะไรที่ต้องใช้เวลาหรือสมาธิและนี่จะทำให้คุณไม่ต้องทำงานแบบซังกะตาย </SEVEN-OF-PENTACLES-ONE >
<EIGHT-OF-PENTACLES-ONE >ไพ่ใบนี้แสดงให้เห็นว่ามันถึงเวลาที่คุณจะต้องหยุดใช้โลชั่นหรือครีมกันแดด ผิวของคุณอาจกำลังอ่อนแอ คุณจะต้องเดินทางในการทำงานเยอะและนี่จะส่งผลถึงการกินอาหารของคุณและทำไปสู่ปัญหาเกี่ยวกับท้อง </EIGHT-OF-PENTACLES-ONE >
<NINE-OF-PENTACLES-ONE >ไพ่ใบนี้บ่งบอกว่าคุณหรือบางคนใกล้ชิดจะฟื้นฟูจากโรคหรืออุบัติเหตุที่เกิดขึ้น มันยังมีโอกาสที่คนที่คุณรู้จักดีจะมีปัญหาด้านสุขภาพ คุณจะช่วยญาติของคุณแต่ก็อยากจะออกไปและสัมผัสกับประสบการณ์บางอย่างที่จะช่วยให้คุณผ่อนคลาย </NINE-OF-PENTACLES-ONE >
<TEN-OF-PENTACLES-ONE >ไพ่ใบนี้แสดงให้เห็นว่าคุณอาจมีปัญหาส่วนตัวซึ่งมันคอยรบกวนคุณมาก จะมีบางคนใกล้ชิดในครอบครัวต้องได้รับความสนใจทางการแพทย์และคุณจะนำพวกเขาไปสู่หนทางใหม่ของชีวิต </TEN-OF-PENTACLES-ONE >
<PAGE-OF-PENTACLES-ONE >ไพ่ใบนี้บ่งบอกว่าคุณกำลังรู้สึกไม่สบายใจและกระสับกระส่าย คุณอาจมีปัญหาเกี่ยวกับร่างกาย อาจมีความรู้สึกสำนึกผิดบางอย่างรบกวนคุณอยู่มากและคุณอยากจะกำจัดมันออกไป อาจต้องมีการใช้ยาสำหรับความจำเป็นปวดของร่างกายและคุณอาจต้องการใช้ยานอนหลับเนื่องจากเป็นโรคนอนไม่หลับ </PAGE-OF-PENTACLES-ONE >
<KNIGHT-OF-PENTACLES-ONE >บริกาสังคมนั้นดีถ้าหากไม่มีใครพยายามเอาเปรียบคุณและคุณจะต้องเข้าใจสิ่งนั้นไว้ คุณจะรู้สึกกังวลและตื่นเต้นเพราะสิ่งนี้ แต่คุณจะมีก้าวที่สำคัญ คุณจะพยายามกระตือรือร้นตลอดเวลาดีกว่านั่งอยู่เฉย ๆ นี่อาจป้องกันคุณจากการคิดถึงสิ่งที่คุณไม่ต้องการ </KNIGHT-OF-PENTACLES-ONE >
<QUEEN-OF-PENTACLES-ONE >ไพ่ใบนี้บ่งบอกว่ามันจะดีมากหากได้ความช่วยเหลือจากธรรมชาติและเข้าสู่ทางการรักษาด้วยธรรมชาติและชำระล้าง ถ้าคุณหรือคนที่คุณรักกำลังพักฟื้นจากโรค ถ้าอย่างนั้นนี่คือเวลาที่เหมาะสมสำหรับการฟื้นฟูอย่างรวดเร็ว </QUEEN-OF-PENTACLES-ONE >
<KING-OF-PENTACLES-ONE >ไพ่ใบนี้แสดงให้เห็นว่าคุณกำลังอยู่บนหนทางของคุณไปสู่สุขภาพกายและใจที่ดี ถ้าคุณกำลังฟื้นฟูจากอุบัติเหตุหรือโรคภัยไข้เจ็บ คุณจะเห็นกาปรับปรุงที่ดีขึ้น ถึงจะมีปัญหาเกี่ยวกับเอกสารทางการแพทย์มันก็จะคลี่คลายไปเร็ว ๆ นี้ </KING-OF-PENTACLES-ONE >
<ACE-OF-SWORDS-ONE >ไพ่ใบนี้บ่งบอกว่าคุณกำลังรู้สึกตกต่ำและหดหู่และกำลังหาความช่วยเหลือด้านการแพทย์ สมาชิกครอบครัวจะช่วยเหลือคุณและยังมีโอกาสแสวงหาหนทางใหม่เพื่อหาการรักษาโรคของคุณและมันจะส่งผลดี </ACE-OF-SWORDS-ONE >
<TWO-OF-SWORDS-ONE >ไพ่ใบนี้แสดงให้เห็นว่าสุขภาพของคุณอยู่ในช่วงที่ผันผวนและคุณอาจดูเหมือนกระสับกระส่ายเล็กน้อย นี้อาจเกี่ยวกับปัญหาด้านสุขภาพเล็กน้อยแต่คุณจะต้องรักษาสุขภาพของตัวเองเมื่อคุณรู้สึกไม่ดีหรือมันมีโอกาสที่จะติดเชื้อหรือไข้เล็กน้อยหรือไข้หวัด </TWO-OF-SWORDS-ONE >
<THREE-OF-SWORDS-ONE >ไพ่ใบนี้บ่งบอกว่าคุณจะรู้สึกเหนื่อยมากและต้องการการผ่อนคลายและพักจากงาน อาจมีเหตุการณ์ที่สร้างความตึงเครียดให้กับคุณและเหนื่อยล้าทางร่างกาย แต่คุณจะสามารถประคับประคองไปได้ด้วยตัวเอง ความป่วยของคุณจะทำให้คนในครอบครัวเป็นห่วงและต้องปรึกษาแพทย์ </THREE-OF-SWORDS-ONE >
<FOUR-OF-SWORDS-ONE >ไพ่ใบนี้บ่งบอกว่าเวลาแห่งการฟื้นฟูนั้นอยู่ข้างหน้าและจิตใจของคุณและอารมณ์เป็นห่วงจะได้หยุดพักหรืออย่างน้อยจะโล่งใจได้นานขึ้น สุขภาพกายของคุณอาจมีความเสียหายและคุณจะเป็นต้องเข้าทดสอบหรือรับการรักษาทางการแพทย์ ในกรณีนี้แพทย์จะช่วยใด้มาก </FOUR-OF-SWORDS-ONE >
<FIVE-OF-SWORDS-ONE >ไพ่ใบนี้บ่งบอกว่าคุณกำลังพบกับความเครียดและวุ่นวายใจ เพราะโรคที่รักษาไม่หายซักที อาจต้องมีการไปโรงพยาบาลซึ่งจะทำให้คุณวุ่นวายใจเพิ่มขึ้นและคุณอาจรู้สึกเหมือนทำอะไรไม่ได้ แต่จะพยายามแข็งแกร่งขึ้น </FIVE-OF-SWORDS-ONE >
<SIX-OF-SWORDS-ONE >ไพ่ใบนี้แสดงให้เห็นว่านี่อาจเป็นเวลาแย่ที่สุดในด้านสุขภาพ อาจมีอุบัติเหตุร้ายแรงหรือโรคซึ่งจะรบกวนคุณอย่างมาก คุณยังอาจพบกับอุบัติเหตุให้เจ็บตัวโดยเฉพาะที่ขาและเข่า ยังมีโอกาสต้องเข้าไปรับการรักษาในพยาบาลแต่ทุกสิ่งจะดีขึ้น </SIX-OF-SWORDS-ONE >
<SEVEN-OF-SWORDS-ONE >ไพ่ใบนี้บ่งบอกว่าคุณกำลังมีความเครียดมากเกินไปและนี่จะทำให้เกิดความเครียดทั้งทางกายและใจอย่างมาก คุณจะยุ่งกับการต้องรับมือสิ่งต่าง ๆ และนี่จะส่งผลตรงข้ามทั้งด้านกายและใจ คุณจะต้องพักบ้างและฟื้นฟูทั้งกายและใจของตัวเอง </SEVEN-OF-SWORDS-ONE >
<EIGHT-OF-SWORDS-ONE >ไพ่ใบนี้แสดงให้เห็นว่าอาจมีอุบัติเหตุขนาดเล็กเกิดขึ้นถ้าหากคุณไม่ระมัดระวัง ตอนนี้คุณจะต้องระวังให้มากขึ้น ไพ่บอกว่าคุณอาจพบกับอุบัติเหตุจากการดำเนินการที่เสี่ยงบางอย่างที่บ้าน คุณจะต้องระวังในการขับขี่หรือข้ามถนน ช่วงนี้จะผ่านไปเร็ว ๆ นี้ </EIGHT-OF-SWORDS-ONE >
<NINE-OF-SWORDS-ONE >ไพ่ใบนี้บ่งบอกว่าคุณจะต้องพบกับเหตุการณ์ที่ไม่ราบรื่นทั้งในชีวิตและงานซึ่งจะส่งผลให้หดหู่ อาจมีความผิดปกติในการกินอาหารซึ่งสามารถส่งผลต่อความผิดปกติของกระเพาะอาหารแต่คนรักของคุณคนหนึ่งจะช่วยคุณในสถานการณ์นี้ </NINE-OF-SWORDS-ONE >
<TEN-OF-SWORDS-ONE >ไพ่ใบนี้แสดงให้เห็นว่าคุณได้ตัดสินใจดูแลสุขภาพของคุณและจะปล่อยวางอดีตและรับอนาคต คุณจะตั้งเป้าหมายเกี่ยวกับด้านสุขภาพและจะเปลี่ยนการใช้ชีวิตเพื่อช่วยสถานการณ์นี้ </TEN-OF-SWORDS-ONE >
<PAGE-OF-SWORDS-ONE >ไพ่ใบนี้บ่งบอกว่ามันจะมีความกดดันด้านจิตใจโดยเฉพาะเกี่ยวกับงาน แต่คุณจะจัดการมันได้อย่างมีความอดทน มันมีโอกาสที่คุณอาจปวดหลังหรือต้องไปหาหมอฟัน แต่โดยรวมแล้วคุณจะมีพลังงานและใช้เวลาไปกับคนที่รัก </PAGE-OF-SWORDS-ONE >
<KNIGHT-OF-SWORDS-ONE >ไพ่ใบนี้แสดงให้เห็นว่าจะมีเหตุการณ์ผสมปนเปเกี่ยวกับด้านสุขภาพของคุณเกิดขึ้น คุณจะอยู่ในตำแหน่งที่ดีขึ้นทั้งทางด้านจิตใจและจะฟื้นฟูจากความเครียดและปัญหาอื่น ๆ ครอบครัวของคุณจะต้องการคุณ จะมีข่าวร้ายมาถึงญาติหรือเพื่อนของครอบครัว </KNIGHT-OF-SWORDS-ONE >
<QUEEN-OF-SWORDS-ONE >ไพ่ใบนี้บ่งบอกว่าคุณจะต้องทำงานหลายอย่างตามความสำคัญทั้งชีวิตและงานและคุณจะพยายามอย่างดีที่สุดเพื่อทำคำสัญญานั้นให้สำเร็จ ผลลัพธ์อาจทำให้คุณเหนื่อยล้าแต่คุณจะจัดการผ่านความรับผิดชอบเหล่านี้ไปได้ </QUEEN-OF-SWORDS-ONE >
<KING-OF-SWORDS-ONE >ไพ่ใบนี้แสดงให้เห็นว่าคุณจะอยู่ในช่วงขาลงมากในด้านของสุขภาพ คุณจะรู้สึกผิดหวังด้านจิตใจและเหนื่อยล้าและด้านกายและอาจจะต้องใช้ยาสำหรับปัญหาเล็ก ๆ บางอย่าง มันยังมีโอกาสที่คนที่คุณรักจะต้องเข้ารักษา </KING-OF-SWORDS-ONE >
<ACE-OF-WANDS-ONE >ไพ่ใบนี้บ่งบอกว่าตอนนี้คุณจะต้องใส่ใจมากขึ้นในด้านสุขภาพและในกรณีนี้เป็นการป่วยด้านจิตและกาย คุณจะต้องหายาแบบใหม่ จะมีใครบางคนแนะนำวิธีแบบธรรมชาติในการรักษาโรคให้กับคุณและคุณจะยอมรับวิธีการนั้น </ACE-OF-WANDS-ONE >
<TWO-OF-WANDS-ONE >ไพ่ใบนี้แสดงให้เห็นว่าคุณใช้ร่างกายของคุณมากเกินไปซึ่งมันแสดงออกมาบนร่างกายของคุณ คุณจะต้องหันไปใช้แร่ธาตุเทียมเพื่อช่วยร่างกายและจิตใจของคุณ การละเลยความสมดุลในการกินอาหารจะพบว่ามันส่งผลเสียในอนาคตและแนะนำอย่างยิ่งให้มีกิจวัตรประจำวันที่ดีต่อสุขภาพ </TWO-OF-WANDS-ONE >
<THREE-OF-WANDS-ONE >ไพ่ใบนี้บ่งบอกว่าคุณกำลังเป็นห่วงเรื่องสุขภาพของคนที่คุณรัก มันจะทำให้คุณเครียดและอาจต้องพักผ่อนบ้าง อย่าเครียดมากเกิดไปมันอาจทำให้เกิดผลเสียได้ คุณยังอาจจะต้องไปหาทันตแพทย์เร็ว ๆ นี้ </THREE-OF-WANDS-ONE >
<FOUR-OF-WANDS-ONE >ไพ่ใบนี้แสดงให้เห็นว่าคุณกำลังพบกับความไม่สบายกับชีวิตส่วนตัวและสิ่งนี้จะทำให้คุณเครียด มันอาจมีปัญหาอื่นเกิดขึ้นทำให้คุณกระวนกระวายและคุณอาจได้รับความเจ็บปวดทางร่างกายแบบไม่คาดคิด </FOUR-OF-WANDS-ONE >
<FIVE-OF-WANDS-ONE >ไพ่ใบนี้บ่งบอกว่าคุณรู้สึกฟื้นฟูดีขึ้นจากโรคที่คุณมีและมีความสุขไปกับช่วงที่มีสุขภาพดีของกายและใจ คุณจะไปเที่ยววันหยุดกับคู่ครองของคุณและมันจะเป็นวันหยุดที่น่ารื่นรมย์ </FIVE-OF-WANDS-ONE >
<SIX-OF-WANDS-ONE >ไพ่ใบนี้แสดงให้เห็นว่าคุณได้เข้าใจว่ามันถึงเวลาที่จะต้องหยุดจากการทำงานและใช้เวลากับตัวเอง การหยุดนี้จะเป็นประโยชน์อย่างมากคุณจะได้เข้าร่วมการชุมนุมทางสังคมและพยายามทำสิ่งที่คุณชอบ </SIX-OF-WANDS-ONE >
<SEVEN-OF-WANDS-ONE >ไพ่ใบนี้บ่งบอกว่าคุณได้เกี่ยวข้องกับกิจกรรมหลายอย่างมากกว่าที่คุณจะรับมือได้ในครั้งเดียวและนี่จะทำให้คุณรู้สึกไม่สบายใจอย่างมากและยุ่งยาก แต่คุณก็ไม่เข้าใจซักทีว่านี่มันจบด้วยความเครียด ในการแสดงหานี้อย่าละเลยสุขภาพของคุณและคอยระวังสิ่งที่คุณรับประทานให้ดีโดยเฉพาะการรับประทานนอกบ้าน </SEVEN-OF-WANDS-ONE >
<EIGHT-OF-WANDS-ONE >ไพ่ใบนี้แสดงให้เห็นว่าคุณกำลังอารมณ์ดีรู้สึกสุขภาพดีและแข็งแรงจากภายในและคุณจะถูกดึงดูดเข้าหาคู่ของคุณมาก นี่จะนำไปสู่การออกนอกบ้านแบบโรแมนติคและกิจกรรมที่กระตุ้นความรู้สึก มันจะทำให้คุณไม่ว่างไปซักพัก </EIGHT-OF-WANDS-ONE >
<NINE-OF-WANDS-ONE >ไพ่ใบนี้บ่งบอกว่าสุขภาพกายของคุณอยู่ในช่วงที่แย่และคุณจะรู้สึกถูกละเลยและป่วย นี่อาจทำให้เกิดความฉุนเฉียวเนื่องจากคุณต้องเข้าคลินิคและต้องจัดการกับเอกสารทางกฎหมายซึ่งสามารถทำให้รู้สึกน่าเบื่อหน่ายได้ </NINE-OF-WANDS-ONE >
<TEN-OF-WANDS-ONE >ไพ่ใบนี้แสดงให้เห็นว่างานของคุณหรือปัญหาส่วนตัวนั้นทำให้คุณเหนื่อยและต้องพยายามจัดการกับความรับผิดชอบต่าง ๆ จะทำให้คุณเหนื่อยล้า คุณแทบจะไม่มีเวลาเหลือเพื่อพักผ่อนเพราะคุณจะต้องทำงานอย่างต่อเนื่องและนี่จะส่งผลให้ป่วย คุณจะต้องใจเย็นและช้าลงหน่อย </TEN-OF-WANDS-ONE >
<PAGE-OF-WANDS-ONE >คุณอาจต้องใช้ยาซึ่งอาจใช้เพื่อโรคเล็กหรือใหญ่ ไพ่ใบนี้บ่งบอกว่าคุณรู้สึกหงุดหงิดเพราะสิ่งที่เกิดขึ้นรอบตัวคุณและนี่อาจมาจากปัญหาส่วนตัวหรืองาน คุณจะต้องฝึกฝนคุณธรรมแห่งความอดทนและฝึกฝนการเข้าหาของคุณ </PAGE-OF-WANDS-ONE >
<KNIGHT-OF-WANDS-ONE >ไพ่ใบนี้แสดงให้เห็นว่าร่างกายของคุณต้องผ่านกิจกรรมที่เข้มงวดเพราะสิ่งต่าง ๆ มากมาย และคุณจะรู้สึกเครียดและเหนื่อย นี่ยังอาจเกี่ยวกับปัญหาด้านจิตใจ </KNIGHT-OF-WANDS-ONE >
<QUEEN-OF-WANDS-ONE >ไพ่ใบนี้แสดงให้เห็นว่าคุณกำลังมีพลังงานสูงและได้รับแรงบันดาลใจในการสร้างสรรค์การเปลี่ยนแปลงในการใช้ชีวิตด้านสุขภาพ คุณพร้อมที่จะเปลี่ยนบางสิ่งในชีวิตพยายามหาความสมดุลในการใช้ชีวิต </QUEEN-OF-WANDS-ONE >
<KING-OF-WANDS-ONE >ไพ่ใบนี้บ่งบอกว่าคุณพร้อมจะเปลี่ยนแปลงในด้านสุขภาพและระบอบการออกกำลังกายและจะต้องปรึกษานักโภชนากร มันอาจมีปัญหาด้านอารมณ์เช่นความหวาดหวั่นและความวิตกกังวลหรือคุณอาจต้องประสบอาการปวดบางชนิด </KING-OF-WANDS-ONE >
<THE-MAGICIAN-ONE >ไพ่ใบนี้บ่งบอกว่าคุณจะต้องพบกับเวลาที่ตรึงเครียด จะมีปัญหาที่ทำงานและที่บ้าน และคุณจะไม่สามารถหาวิธีแก้ปัญหาด้านสุขภาพได้เพราะความซับซ้อนหลายอย่างและผลลัพธ์ที่ไม่ชัดเจน คุณจะต้องเข้าพบแพทย์หลายครั้งก็จะพบข้อสรุปที่ถูกต้อง </THE-MAGICIAN-ONE >
<THE-HIGH-PRIESTESS-ONE >ไพ่ใบนี้แสดงให้เห็นว่าคุณอาจต้องผ่านสิ่งต่างๆ ๆ มามากในอดีตและนี่อาจส่งผลถึงความมั่นคงด้านกายและจิตใจของคุณ แต่ตอนนี้ถึงเวลาที่ทุกสิ่งจะดีขึ้นคุณจะรู้สึกถึงความผ่อนคลายขึ้นและจะรู้สึกดีขึ้นเร็ว ๆ นี้ </THE-HIGH-PRIESTESS-ONE >
<THE-EMPRESS-ONE >ไพ่ใบนี้บ่งบอกว่าคุณอาจต้องผ่านปัญหาบางอย่างเกี่ยวกับร่างกายของคุณโดยเฉพาะคอ คุณจะต้องติดต่อกับด้านจิตวิญญาณของคุณ พยายามหาสิ่งที่ร่างกายของคุณต้องการเพื่อให้ดีขึ้นและจากนั้นเข้าร่วมกายภาพบำบัดหรือโยคะเพื่อฟื้นฟูตัวเอง </THE-EMPRESS-ONE >
<THE-EMPEROR-ONE >ไพ่ใบนี้บ่งบอกว่าอาจมีปัญหาจริงจังเกี่ยวกับด้านสุขภาพของคุณ การระวังและดูแลอย่างทั่วถึงนั้นเป็นสิ่งสำคัญในการจะกำจัดความเจ็บปวดออกไป คุณจะได้รับพลังและจัดการเพื่อต่อสู้โรค แต่แนะนำว่าคุณอย่าละเลยร่างกายของคุณอีก </THE-EMPEROR-ONE >
<THE-HIEROPHANT-ONE >ไพ่ใบนี้บ่งบอกว่าคุณต้องให้ความสนใจกับสุขภาพของขึ้นให้มากกว่าปัจจุบัน มันมีโอกาสเกิดปัญหาความดันเลือดสูงหรือต่ำและการไอและไข้หวัด การตรวจสอบสุขภาพจะช่วยให้คุณดีขึ้นได้ </THE-HIEROPHANT-ONE >
<THE-LOVERS-ONE >ไพ่ใบนี้แสดงให้เห็นว่าตอนนี้ร่างกายของคุณอยู่ในสภาพที่ดีและคุณรู้สึกมีความสุข คุณจะรู้สึกว่าร่างกายยืดหยุ่นขึ้นและรุ้สึกกระฉับกระเฉง คุณจะใส่ใจสิ่งที่ร่างกายของคุณต้องการและจะพยายามสร้างความสมดุลระหว่างความแข็งแรงของร่างกายและจิตใจ </THE-LOVERS-ONE >
<THE-CHARIOT-ONE >ไพ่ใบนี้บ่งบอกว่าคุณเกี่ยวข้องกับงานของคุณและกิจกรรมอื่น ๆ อย่างลึกซึ้งและไม่สามารถดูแลให้สิ่งที่ร่างกายต้องการได้ ถ้าหากคุณยังทำแบบนี้ต่อไปร่างกายของคุณอาจป่วยได้จากการใช้งานร่างกายมากเกินไปหรืออาจรู้สึกเหนื่อยล้าอย่างมากด้านจิตใจ นี่คือเวลาที่ดีที่จะไปหาแพทย์เพื่อตรวจและไปหาที่สงบ ๆ ระหว่างวันหยุด </THE-CHARIOT-ONE >
<STRENGTH-ONE >ไพ่ใบนี้แสดงให้เห็นว่าคุณด้านสภาพร่างกายของคุณจะดีมาก ไพ่ความแข็งแรงมีความหมายว่าวิญญาณร่างกายและจิตใจสูงมากและแม้แต่จะมีปัญหาเล็กน้อยเกี่ยวกับร่างกายมันก็จะหายไปไม่ยาก พลังของคุณและความกระตือรือร้นจะได้รับการส่งเสริมและการยกย่องจากผู้คนรอบตัวคุณ </STRENGTH-ONE >
<THE-HERMIT-ONE >ไพ่ใบนี้บ่งบอกว่าคุณจะมาอารมณ์รู้สึกถูกทอดทิ้งและเศร้าและสิ่งนี้สามารถทำให้จิตใจของคุณเหนื่อยล้า มันมีโอกาสที่โรคจะอยู่กับคุณและต้องพบกับแพทย์หลายครั้ง แต่มันจะอยู่ไม่นานและจะดีขึ้นเร็ว ๆ นี้ </THE-HERMIT-ONE >
<WHEEL-OF-FORTUNE-ONE >ไพ่ใบนี้จะแสดงให้เห็นว่าคุณจะรู้สึกไม่มั่นคงและเพราะงานและความกดดันด้านจิตใจ คุณจะรู้สึกเหมือนทำงานมากเกินและเครียด มันอาจมีความคิดลบบางอย่างที่คอยหลอกหลอนคุณแต่นี่จะเป็นเพียงแค่ช่วงหนึ่งและมันจะผ่านไปเร็ว ๆ นี้ </WHEEL-OF-FORTUNE-ONE >
<JUSTICE-ONE >ไพ่ใบนี้แสดงให้เห็นว่ามันมีโอกาสที่คุณจะต้องเข้าหาแพทย์เพื่อตรวจสอบทั่วไปและพบปัญหาที่ใหญ่ มันจะทำให้คุณเซอไพรส์แต่แพทย์นั้นมีความชำนาญเพียงพอที่จะช่วยคุณกำจัดปัญหาด้านสุขภาพใหม่นี้ไปได้ </JUSTICE-ONE >
<THE-HANGED-MAN-ONE >ไพ่ใบนี้บ่งบอกว่าคุณกำลังรู้สึกกระสับกระส่ายและวิตกกังวลเกี่ยวกับบางอย่าง มันถึงเวลาแล้วที่คุณต้องให้ร่างกายและจิตใจของคุณได้พักผ่อนก่อนมันจะเริ่มแสดงการป่วยให้เห็นและมันจะเป็นการดีถ้าคุณอยู่ให้ห่างจากสถานการณ์หรือคนที่ยิ่งทำให้คุณหวาดหวั่น </THE-HANGED-MAN-ONE >
<DEATH-ONE >ไพ่ใบนี้แสดงให้เห็นว่าบางสิ่งรอบตัวคุณทำให้คุณไม่มีความสุข นี่คือเวลาที่คุณจะต้องปรึกษาเกี่ยวอาการป่วยที่หนักนี้ คุณจะต้องบังคับตัวเองให้มองในด้านที่ดีและสิ่งที่จะช่วยให้คุณก้าวผ่านสิ่งไม่ดีที่เกิดขึ้นรอบตัวคุณได้ ตอนนี้คุณจะได้รับความรักและการดูแลมากมายจากครอบครัวของคุณ </DEATH-ONE >
<TEMPERANCE-ONE >ไพ่ใบนี้บ่งบอกว่าคุณจะไม่มีเวลาไปหาแพทย์เพราะตารางที่แน่นและนี่จะทำให้เกิดปัญหาเพิ่มขึ้นในอนาคตอันใกล้ คุณจะต้องใส่ใจสุขภาพของคุณและจัดลำดับความสำคัญโดยการไปหาแพทย์ตามเวลาและรักษาตัวเอง </TEMPERANCE-ONE >
<THE-DEVIL-ONE >ไพ่ใบนี้แสดงให้เห็นว่าความอ่อนเพลียและความเป็นห่วงจะทำให้คุณรู้สึกเซื่องซึมและเหนื่อย คุณอาจไม่ทราบในตอนแรกแต่สุดท้ายคุณจะทราบว่าคุณทำงานมากเกินไปและนี่จะทำให้คุณพลาดสิ่งต่าง ๆ ไป และคุณจะรู้สึกเครียดอย่างต่อเนื่องซึ่งสามารถทำให้คุณต้องใช้ยา </THE-DEVIL-ONE >
<THE-TOWER-ONE >ไพ่ใบนี้บ่งบอกว่าคุณจะต้องผ่านอุบัติเหตุที่ไม่คาดคิดซึ่งอาจส่งผลให้ต้องเข้าโรงพยาบาล จะต้องมีเวลาที่เคร่งเครียดเพราะความโกลาหลนี้ แต่คุณจะผ่านมันไปได้ อาจมีสมาชิกครอบครัวคอยให้ความช่วยเหลือในเวลาที่เหน็ดเหนื่อยเช่นนี้ </THE-TOWER-ONE >
<THE-STAR-ONE >ไพ่ใบนี้แสดงให้เห็นว่าจะมีบางอย่างเป็นแรงบันดาลใจความคิดใหม่ ๆ ให้คุณ และด้วยความช่วยเหลือจากเพื่อน คุณจะมีแผนการเป็นอยู่ที่ดีได้ ขั้นตอนเหล่านี้อาจจะน่าเบื่อนิดหน่อยและคุณอาจต้องมีการตรวจและทดสอบสุขภาพ แต่คุณจะยินดีที่ตัดสินใจแบบนี้ </THE-STAR-ONE >
<THE-MOON-ONE >ไพ่ใบนี้บ่งบอกว่าคุณจะต้องพบกับปัญหาด้านสุขภาพทั่วไปที่กำลังจะแสดงออกมาหรือแสดงออกมาบางส่วน ปัญหาเหล่านี้อาจดูเล็กน้อยแต่คุณจะต้องใส่ใจเพราะหากละเลยมันอาจจะเพิ่มขึ้น คุณยังจะต้องพบกับปัญหาการปวดเข่าและหลัง </THE-MOON-ONE >
<THE-SUN-ONE >ไพ่ใบนี้แสดงให้เห็นว่าตอนนี้คุณกำลังรู้สึกไม่มีแรงบันดาลใจและหมดแรงลง ตอนนี้คุณจะวิเคราะห์ตัวเองอย่างใกล้ชิดพยายามหาจุดผิดพลาด ไม่มีอาการป่วยทางกายภาพ คุณจะอ่านเพิ่มขึ้นเกี่ยวกับปัญหาด้านสุขภาพและการเป็นอยู่ที่ดีเพี่อคนที่คุณรัก </THE-SUN-ONE >
<JUDGEMENT-ONE >ไพ่ใบนี้บ่งบอกว่าคุณอาจต้องพบกับความไม่แน่นอนทางกายเพราะความเครียดหรือการทานอาหารที่ไม่ถูกต้อง คุณจะเป็นห่วงเกี่ยวกับด้านสุขภาพของคุณที่คุณรักและคุณจะพยายามให้กำลังใจพวกเขา ต้องเข้าโรงพยาบาลหลายครั้งหรือพบกับแพทย์ซึ่งจะใช้เวลาของคุณไปเยอะ </JUDGEMENT-ONE >
<THE-WORLD-ONE >ไพ่ใบนี้แสดงให้เห็นว่าคุณอาจต้องพบกับโรคหรืออันตรายแล้วและจะฟื้นฟูจากมันได้ คุณจะพบว่าคุณจะผ่านมันไปได้อย่างช้า ๆ แต่มั่นคง มันยังมีโอกาสที่อาจพบกับคำแนะนำที่ผิดซึ่งจะนำไปสู่ปัญหา แนะนำอย่างยิ่งว่าคุณควรมีความรู้เพิ่มเกี่ยวกับปัญหาสุขภาพของคุณและปฏิบัติตามนั้น </THE-WORLD-ONE >
<THE-FOOL-ONE >ไพ่ใบนี้บ่งบอกว่าคุณกำลังเป็นห่วงเกี่ยวกับสุขภาพของคุณเองและตอนนี้กำลังจะไปตรวจสุขภาพทั่วไป ตอนนี้ฟันขาวของคุณอาจต้องการการดูแล เพราะฉะนั้นคุณอาจต้องไปพบทันตแพทย์ คุณจะได้รู้ขั้นตอนของการรักษาจากเพื่อนและคุณพร้อมที่จะเรียนรู้ขั้นตอนเหล่านี้</THE-FOOL-ONE >
</ROOT>
