<?xml version="1.0" encoding="utf-8" ?>
<ROOT>
<ACE-OF-CUPS-ONE >Ang baraha na ito ay nagpapahiwatig na ikaw ay kontento sa iyong sarili at damdamin sa pagibig, kasiyahan at romansa ang bumabalot sa iyong isip. Maaaring makausap mo ang taong may gusto sayo at maaari itong mauwi sa isang romantikong date. Kung ikaw ay nasa relasyon na, ikaw at ang iyong kapareho ay mag-iisip na magpakasal na. </ACE-OF-CUPS-ONE >
<TWO-OF-CUPS-ONE >Gusto mo bang makita ang iyong buhay romansa at manirahan sa mga na-resolbang isyu na mayroon kayo ng iyong kapareha. Ikaw ay nakadadama ng walang kapahingahan at hindi mo kayang ibigay ang lahat ng atensyon sa iyong kapareha dahil mayroong bumabagabag at nang-lilito sa iyo. Kailangang ikaw ay maging matatag at magkaroon ng tiyak na desisyon tungkol sa iyong nararamdaman. </TWO-OF-CUPS-ONE >
<THREE-OF-CUPS-ONE >Ang baraha na ito ay nagpapakita na ikaw ay napakahina at sa ganitong oras ay gusto mong ikaw ay inaalagaan. Ikaw rin ay magpapahayag ng kalinga at pagnanais ukol sa iyong kapareha at minamahal sa buhay. Ang mga bagay ay magiging maayos din sa madaling panahon at dahil sa msbilisang paraan, mahahanap mo ang lumalaking romansa sa iyong buhay. </THREE-OF-CUPS-ONE >
<FOUR-OF-CUPS-ONE >Ang baraha na to ay nagpapakita na mayroon kang malakas na pag-nanais para sa iyong kapareha ngayon. Kung ikaw ay kasalukuyang nasa isang relasyon, mas mapapalapit ka sa iyong kapareha at mareresolba ang hindi pagkakaunawaan, kung mayroon man. Sa panahong ito maaring walang pahinga para sa iyo sa pag-sasa ayos ng mga isyu ng iyong kapareha at subukan mag-sama gaya ng masayang pareha. </FOUR-OF-CUPS-ONE >
<FIVE-OF-CUPS-ONE >Ang iyong pakiramdam ngayon ay emosyonal ka at gusto mo ng seryosong relasyon kung saan ang natatanging pagkaka-intindihan at pagiging komportable at ito ay pwede ring iyong kaibigan. Ngayon nauunawan mo na hindi kailangang i-kompromiso mo ang iyong sarili para sa kapakanan ng buhay na relasyon na maari din magpatunay na mapanira. </FIVE-OF-CUPS-ONE >
<SIX-OF-CUPS-ONE >Ang barahang ito ay nagpapakita na sa kabila ng pagiging kaakit-akit sa isang espesyal na tao, ikaw ay magkakaroon ng mga pambihirang karanasan na magdadala sa iyo sa iba’t-ibang direksyon. Gagawing subukan ang espesyal na bagay sa iyong kapareha pero magkakaroon ng kawalan ng kapanatagan sa sarili tungkol sa kung hinaharap na hindi sigurado bilang magkasintahan. </SIX-OF-CUPS-ONE >
<SEVEN-OF-CUPS-ONE >Ikaw ay nakakaramdam ng hindi kasiguraduhan tungkol sa iyong nararamdaman at inaasam mo ang tamang landas na gusto mo sa iyong kapareha. Sa dami ng trabahong na gagawin at iba pang problema, hindi ka makakapagbigay ng sapat na oras sa iyong kapareha. Ang pagtatagpo sa sino man ay magiging masagana para sa mga walang kapares. </SEVEN-OF-CUPS-ONE >
<EIGHT-OF-CUPS-ONE >Ang barahang ito ay nagpapakita na ang iyong relasyon ay maaring maging hindi masaya ngayon at ito ang hahadlang sa iyo at iyong kapareha na gumawa ng malakas na bond. Ang relasyon mo ay maaring mag-daan sa stress at hindi kasiguraduhan at ito ay magiging sanhi ng hndi magandang palitan ng mga salita. Maari ka rin magdesisyon na tapusin ang iyong relasyon na naging traumatiko. </EIGHT-OF-CUPS-ONE >
<NINE-OF-CUPS-ONE >Ikaw ngayon ay naghahanap mga bagay na higit na mataas patungkol sa relasyon at ito rin ay maaring sino man na papasok na lamang sa iyong buhay. Gusto mo ng mga bagay na sa pagitan ninyong dalawa lamang na maaring maging interesado sa ibang pamamaraan. Ikaw ay magdadalawang isip tungkol sa iyong kapareha at kahit na ikaw ay handing sumabak, mayroong mga panganib na magpapa-ingat sa iyo. </NINE-OF-CUPS-ONE >
<TEN-OF-CUPS-ONE >Ang barahang ito ay nagpapakita na ikaw ay naghahangad ng marami pang laman at pagpupunan sa relasyon at ikaw ay umaasa ng lahat ng suporta mula sa iyong kapareha. Ang ibang emosyonal na palitan ng opinion na mangyayari ay mag-iiwan sa iyo ng pag-igting na pakiramdam. Matindi ang romansa sa sino mang bago sa iyong buhay. Magpapakita din ito ng kasalan. </TEN-OF-CUPS-ONE >
<PAGE-OF-CUPS-ONE >Gusto mo ng mga bagay na nagkakaisa at bumuo ng matibay na hinaharap kasama ng iyong minamahal. Ikaw ay magiging walang pahinga sa paghugis ng kinabukasan na iyong ninanais pero ang prosesong ito ay magiging matagal. Mararamdaman mo ang ang pangangailangan ng sino man na dapat ay nasa iyong tabi at maramadaman na minamahal at kinakalinga dahil ayaw mong maranasan ang pag-iisa muli sa iyong buhay. </PAGE-OF-CUPS-ONE >
<KNIGHT-OF-CUPS-ONE >Ang barahang ito ay nagpapakita na gusto mong makipagsapalaran sa makabagong lugar kasama ang iyong kapareha na magpapasabik sa iyo tungo sa daan ng pag-ibig. Kung ikaw ay singel at pakiramdam mo na ginawa mo na unang hakbang para sa iyong relasyon at tanungin ang iyong matagal na kabiyak. </KNIGHT-OF-CUPS-ONE >
<QUEEN-OF-CUPS-ONE >Ikaw ay magiging prominente sa mga kaganapan at mayroong mataas na tsansa na ikaw ay makakakilala ng sino mang kaakit-akit. Kung dadagdagan mo ang pagtutuon, ang pag-tatagpong ito ay magiging romantiko. Kung ikaw ay nasa pang matagalang relasyon, ikaw ay mayroong mungkahing magpakasal. </QUEEN-OF-CUPS-ONE >
<KING-OF-CUPS-ONE >Ang barahng ito ay nagpapakita na ikaw ay naghahanap ng sino man na pag-babahagian ng iyong buhay at ng romantikong oras. Ikaw ay halos tutugis na makahanap ng sino mang karapatdapay na iyong maging kapares pero hindi ito magiging madali. Ikaw ay magpapa-ikot ikot sa mga bagay upang magpa kitang gilas sa kanya at ito ay magiging matibay. </KING-OF-CUPS-ONE >
<ACE-OF-PENTACLES-ONE >Ito ang oras na ipakita ang bagong panimula sa iyong buhay. Ikaw ay maaring makaramdam ng walang kapahingahan higit pa sa inaasahan mong pakikiramay mula sa iyong kapareha at ikaw ay lubusang mababalisa. </ACE-OF-PENTACLES-ONE >
<TWO-OF-PENTACLES-ONE >Maaring may mga kahirapan na kailngan mong harapin ng iyong kapareha at ito ay magpaparamdam sa iyo ng pakiramdam na wala sa lugar pero ang iyong likas na pang-unawa kasama ng tulong mula sa sino man ang aagapay sa iyo. </TWO-OF-PENTACLES-ONE >
<THREE-OF-PENTACLES-ONE >Ikaw at ang iyong kapareha ay makakaramdam ng pag-yabong sa inyong relasyon kaya ikaw ay susulong pa sa hbinaharap. Para sa mga singel ito ay magiging magandang panahon upang hanapin ang naayon sa iyo at ito ay sa hindi inaasahang lugar. </THREE-OF-PENTACLES-ONE >
<FOUR-OF-PENTACLES-ONE >Maari mo lamang mapanatili ang inyong relasyon kung parehas ninyo ito pag-tutuunan ng pasensya at pang-unawa. Kung hindi ito uubra ay mag-didisyon kayong maghiwalay ng iyng kapareha at susubok ng bagong landas at bagong mga posibilidad. </FOUR-OF-PENTACLES-ONE >
<FIVE-OF-PENTACLES-ONE >Ang barahang ito ay magpapakita iyong pag-nanais sa sino man o gawin ang mga bagay na ninanais mong gawin matagal na. Mayroong mga pagkakataon na ang iyong kapareha ay mandaraya sa iyo gayun din ikaw. Hindi rin ito maganda sa mga taong kasalukuyang nasa isang relasyon. </FIVE-OF-PENTACLES-ONE >
<SIX-OF-PENTACLES-ONE >Ikaw ay naghahangad na makka daupang palad ang iyong sininta noong iyong pagkabata. Mayroon ding pakiramdam ng pag-iisa habang nakikita mo ang iyong kapareha na lumalayo mula sa iyo. Kailangan mo talagang tuklasin sa sarili mo kung ano ba talaga ang gusto mo sa buhay at gaano mo talaga ito gusto para sa iyong sarili. </SIX-OF-PENTACLES-ONE >
<SEVEN-OF-PENTACLES-ONE >Ito ay magiging mabagabag na oras para sa iyo at iyong kapareha na kung saan ay mayroong higit na pagkakaiba ang inyong mga opinyon at ito ay hahantong sa pagtatapos ng inyong relasyon. Kung ikaw ay kasal o nasa isang mahabang relasyon, maari mong isaalang-alang ang iyong mga pagsisikap sa isang relasyon. </SEVEN-OF-PENTACLES-ONE >
<EIGHT-OF-PENTACLES-ONE >Ikaw ay maaring nasa mapaglarong lagay ng loob nitong mga nakakaraang araw at ipinagbubunyi ang pagiging singel higit sa ano pa man. Ikaw ay magiging mabusisi sa haka-haka at iisipin kung anong mangyayari sa hinaharap. Hindi katagalan ay ang pagiging romantiko mo ay pupukaw sa iyo. </EIGHT-OF-PENTACLES-ONE >
<NINE-OF-PENTACLES-ONE >Ang barahang ito ay nagpapakita na ikaw ay naghahanap ng bago at maaliwalas na bagay sa iyong buhay. Maari kang tumakas sa mga galanteng bagay ng makabagong lugar. Maari kang mag-bigay oras mula sa iyong kapareha sa panandaliang panahon at mag-desisyon ng tama. </NINE-OF-PENTACLES-ONE >
<TEN-OF-PENTACLES-ONE >Ang pag-ibig ay hindi isang laro sa iyong isipan dahil ikaw ay okupado nan g mga bagay na mayroong kinalaman sa trabaho at pampamilyang isyu. Maari mong subukang himukin ang iyong mood sa pag-sama sa iyong mga kaibigan o kamag-anak pero hindi babawasan ang distansya sa pagitan ng iyong kapareha. </TEN-OF-PENTACLES-ONE >
<PAGE-OF-PENTACLES-ONE >Ang card na ito ay nagpapahiwatig na magkakaroon ng isang hindi mapakaling sitwasyon na pipilit sa iyo na mag-isip tungkol sa kung ano ang kailangan mong gawin sa iyong mga pakikipag-ugnayan bilang ikaw at hindi sigurado tungkol sa iyong kapareha at sa huli ikaw ay responsableng mag-didesisyon na mararamdaman mo kung mainam sa hinaharap ng iyong relasyon o hindi. </PAGE-OF-PENTACLES-ONE >
<KNIGHT-OF-PENTACLES-ONE >Ikaw ngayon ay naghahanap ng kapayapaan sa buhay pag-ibig at gusting mag-saya kasama ang iyong kapareha. Ikaw ay magkakaroon ng pagdadalawang isip sa sasabihin sa iyong kapareha o ihahayag ang balita na sisira sa makinis na daloy ng relasyon na inyong pinagsasaluhan pero kailanganin din maging matapang. </KNIGHT-OF-PENTACLES-ONE >
<QUEEN-OF-PENTACLES-ONE >Ang barahang ito ay nagpapakita na ikaw ay lubusang maakit sa sino man at ang taong iyon ay ay magiging patas ang interes sa iyo. Inaasahan mo ang isang relasyon sa taong ito at aasahan din ang kapana-panabik na relasyon at punong buhay. </QUEEN-OF-PENTACLES-ONE >
<KING-OF-PENTACLES-ONE >Ang barahang ito ay magpapakita na hindi maganda ang iyong pakiramdam at diskumpiyado sa mga pangakong binigo ng iyong kapareha. Kung ikaw ay nasa isang relasyon na mararanasan mo ang relasyong kulang sa malayang palitan ng mga opinion at ang anu mang paraan para gumana ang relasyon, napakahalaga na kayo ay mag-usap at mag-laan pa ng maraming oras upang makilala ang isa’t-isa. </KING-OF-PENTACLES-ONE >
<ACE-OF-SWORDS-ONE >Ang barahang ito ay nagpapakita na ikaw ay naghahanap ngayon ng personal na kasiyahan sa isang relasyoon. Ito ang tamang panahon kung saan mataas ang mga tyansa ng bagong pag-ibig na tinitimpla na mag-papatulala sa iyo at ikaw ay magkakaroon ng sumisidhing damdamin paukol sa anuman. Kung ikaw ay kasalukuyang nasa relasyon, mapag-iigting pa ang pag-sasama ninyo ng iyong kapareha. </ACE-OF-SWORDS-ONE >
<TWO-OF-SWORDS-ONE >Maari mong unahan ang buhay at desperadong hanapin ang pag-ibig. Maari kang swertehin sapagkat ang barahang ito ay nagpapakita na may makiklala kang espesyal at kung ikaw ay kasalukuyang nasa isang relasyon. Ang iyong relasyon ay mapag-iigting pa at makikita mo na ang iyong kapareha ay ang kaparehang hinahanapan mo ng mga katangiang iyong iniimahe. </TWO-OF-SWORDS-ONE >
<THREE-OF-SWORDS-ONE >Ang barahang ito ay nagpapakita na nag-tatangi ka sa iyong kapareha na bumalik sa iyo. Ang iyong pasensya ay nauubos na at sa hindi pagtagal ay susuko ka at magsisimula ng bago kung ang kapareha a tumangging bumalik sa madaling panahon. Maari makaramdam na nakita mo ng lahat ng pag-hihirap at pagka-hulog sa pag-ibig ay mapanganib. </THREE-OF-SWORDS-ONE >
<FOUR-OF-SWORDS-ONE >Ikaw ngayon ay mataas ang ispiritwal at makakaramdam ng malakas na pag-nanais na kilalanin pang maigi ang iyong sarili. Susubukan mong umugnay sa iyong kalooban kaya maaring mawalan ng ugnayan sa pang-labas na mundo pero kapalit nito ay makakahanap ka ng kapayapaan. Mayroon lamang posibilidad na ang iyong sinisinta ay ayain ka na makipag-date. </FOUR-OF-SWORDS-ONE >
<FIVE-OF-SWORDS-ONE >Ang barahang ito ay naglalahad na ikaw ay nasa isang paglalakbay pag-ibig ngayon. Maaring mayroon ding kabiguan sa iyong buhay pag-ibig na iyong kakaharapin ng mag-iiwan sa iyo ng pakiramdam ng pagka-kulang at parang napaglalangan. Kailangan mo ult mabuo ang iyong kumpiyansa sa sarili. </FIVE-OF-SWORDS-ONE >
<SIX-OF-SWORDS-ONE >Maaring mayroon kang haraping problema sa paraiso at ang mga bagay ay hindi magiging banayad gaya ng iyong inaasahan. Maaring mayroong diskuntento sa buhay pag-ibig at ito ay lahat ng pinaglaanan mo ng iyong panahon ay sadyang nabali wala. Maaring mayroong kalituhan sa hinaharap at ikaw ay mahihirapan upang maayos ang mga bagay-bagay. </SIX-OF-SWORDS-ONE >
<SEVEN-OF-SWORDS-ONE >Ang barahang ito ay nagpapakita na gusto mo ng isang tinatanging kaibigan na lagi lang nasa iyong tabi para tulungan kang ayusin ang sitwasyon o maari mo ring maisip na lumayo pansamantala para gumaan ang pakiramdam. Mayroong mga pagkakataon na ang dating kasintahan o sino man na iyong hinangaan dati ay lumapit sa iyo. Nanaisin ang isang bagay sa iyong relasyon pero hindi mo nais mapunta sa isang kompromisyong posisyon. </SEVEN-OF-SWORDS-ONE >
<EIGHT-OF-SWORDS-ONE >Maaring magkaroon ng pagkasakal o hindi kalagayan sa mga bagay sa iyong puso. Pero hindi ibig sabihin nito ito isang magandang bagay ang paparating sa iyo. Mayroong mga posibilidad na magkaroon ka ng tyansa na magsimula sa makapbagong kapaligiran o mayroong bagong kapareha ka na mag-paparamdam sa iyo na ikaw ay muling Malaya. </EIGHT-OF-SWORDS-ONE >
<NINE-OF-SWORDS-ONE >Ang barahang ito ay nagpapakita hindi ito ang tamang oras sa iyong buhay. Mayroon kang pagdaraang kalungkutan at kakulangan at mahihirapan ka na maibalik muli ang mga bagay. Maaring mahiwalay ka sa iyong kapareha panandalian dahil sa propesyonal na pag-bibigay ng iyong salita. Pero ang iyong pagiging matyur at kalmadong pagkatao ay tutulong maayos muli ang mga bagay. </NINE-OF-SWORDS-ONE >
<TEN-OF-SWORDS-ONE >Ikaw ay maaring nagdaan sa mga hindi inaasang kaganapan na sa ngayon ay hindi ka pa nakakabangon. Mayroong mga suliranin na patuloy na nagaganap habang ikaw ay mainam na gagawa ng pasya na tama sa iyo pero hindi ito magiging madali. </TEN-OF-SWORDS-ONE >
<PAGE-OF-SWORDS-ONE >Ang barahang ito ay ipinapakita na ikaw ay nagtutuong maigi para maisa-ayos ang iyong buhay sa ngalan ng iyong puso at personal na relasyon. Nagdaan ka man sa hindi magandang pangyayari at susubukan mo ulit ibalik ang iyong buhay sa normal nitong takbo pero magiging mahirap nga lamang. Pero mayroong mga hindi inaasang pangyayari ang mgaganap na magdudulot ng alalahanin. </PAGE-OF-SWORDS-ONE >
<KNIGHT-OF-SWORDS-ONE >Ngayon na ang tamang panahon upang bumangon na sa mga maasim na sandal at maghanap ng bagong panimula. Mayroon kang makikilalang bago at ikaw ay maakit sa taong ito. Nanaisin mo na ng mga pangyayaring ito ay magpatuloy lamang hanggang sa makakita ka ng pagbuo ng romansa. Ito ay isang malakas na panimula at sa mabilis na sandali ay makikita moa ng iyong sarili na masaya at matatag sa iyong kapareha. </KNIGHT-OF-SWORDS-ONE >
<QUEEN-OF-SWORDS-ONE >Ang barahang ito ay nagpapakita na mayroong kang suliranin o bahagi ng sunod-sunod na pagkadismaya sa pagkakaroon ng ib’t-ibang pagtatalo sa iyong kapareha at sa mga bagay na magtatapos. Ito ay magdudulot sa mga pakitungo na mayroong paghihirap at kawalan sa iyong buhay. </QUEEN-OF-SWORDS-ONE >
<KING-OF-SWORDS-ONE >Mararamdaman mo na kailangan mo ng malinaw na pananaw sa iyong buhay ngayon dahil mapagtatanto moa ng pangangailangan sumabak para sa kapayapaan ng iyong buhay. Ang katotohanan ay mag-bibigay sa iyo ng bagong pagsulong na sasaklob sa iyo na ikaw ay nasa mundo ng imahinasyon at ito na ang oras para harapin ang katotohanan at mabuhay dito para sa iyong ikabubuti. </KING-OF-SWORDS-ONE >
<ACE-OF-WANDS-ONE >Ang barahang ito ay nagpapakita na ikaw ay naghahanap ng isang serysos at pang-matagalan na relasyon at hindi interesado sa paglalandi. Ikaw ay naghahanap ng bagong simula at mayroon ding mga pagkakataon na ikaw ay maikasal o mabuhay sa isang mahabang relasyon. Mayroon ding miyembro ng pamilya o kamag-anak na pagsasabihan mo ng iyong problemang pang- relasyon. </ACE-OF-WANDS-ONE >
<TWO-OF-WANDS-ONE >Ikaw ay umaasang mayeoong magandang mangyayari at inaasahan mo na makita itong nabubuo. Mayroong mga pagkakataon na kailangan mo ng suporta at gabay para buoin ang ugnayan sa inyong pagitan. Maghahanap ka ng malakas na bikis ng pag-mamahal at pagkakaibigan ngayon. Mareresolba mo rin ang mga pag-kakaiba na mayroon ka sa kahit kaninong miyembro ng iyong pamilya. </TWO-OF-WANDS-ONE >
<THREE-OF-WANDS-ONE >Makakakuha ka ng mga mungkahi ngayon at para pag-isipan kung sino man sa iyong palagay ang nararapat. Ito ay magmamarka ng pambihirang oras para sa samahan at kahit na sa nararamdaman mong pag-kabalisa sa iyong sarili ikaw ay mapupunta sa iyong minamahal. Nanaisin mong lampasan ang mga pagsubok para mabuhay sa masayang buhay kasama ang iyong kapareha. </THREE-OF-WANDS-ONE >
<FOUR-OF-WANDS-ONE >Mayroong mga pagkakataon na magkatagpo muli ng iyong kaibigan para iligtas ka at ilabas para mamili at magsaya para ikaw ay mapanatag muli. Kailangan mo ng magsaya sapagkat mayroon kang pagkukulang sa iyong buhay romansa dahil sa pagka-sadlak dito. </FOUR-OF-WANDS-ONE >
<FIVE-OF-WANDS-ONE >Ikaw ngayon ay mahihirapang mag-tuon ng pansin sa isang bagay at ito ay magpaparamdam sa iyo ng kapaguran. Ikaw ay magiging abala sadami ng mga bagay at hindi na makakahanap ng oras para sa iyong kapareha o sa pakikihalubilo. Magpapakita din ito ng katamtamang pag-date at pag-pukol. </FIVE-OF-WANDS-ONE >
<SIX-OF-WANDS-ONE >Ang barahang ito ay nagpapakita na ikaw ay magkakaroon ng bagong paghahabol sa iyong buhay pag-ibig. Sino man na hahanga sa iyo ay susubukan ang kanilang swerte upang ikaw ay mamangha at mag-sasaya ka sa atensyong ito. Maari kang maharap sa sitwasyon na pupuwersa sa iyo na gumawa ng mga pag-babago para sa ikaka-ayos ng iyong buhay. </SIX-OF-WANDS-ONE >
<SEVEN-OF-WANDS-ONE >Ang barahang ito ay nagpapakita na ang pag-ibig ay nasa hangin lamang para sa iyo at bagay para sa iyong puso ang mamumuno sa iyong isipan. Ikaw ay makiki-isa sa iyong pagiging romantiko at gagawin ang mga espesyal na bagay para sa iyong kapareha. Ito ay maaring maging perpektong larawan para sa iyo pero mayroong mga bagay na kailangan mong pakawalan upang umusad sa buhay na iyong gusto. </SEVEN-OF-WANDS-ONE >
<EIGHT-OF-WANDS-ONE >Ikaw ay makikihalubilo sa mga bagay ng puso na siyang mamumuno sa iyong isipan ngayon. Ikaw ay nasa tamang pakiramdam para mag-isip ng mga positibong bagay na ikaw at ang iyong kapareha ay mabibilang. Mayroon ding mga positibong pagbabago na magaganap dahil sa iyong kapareha. Maari ding magkaroon ng mga kabiguan na iyong haharapin. </EIGHT-OF-WANDS-ONE >
<NINE-OF-WANDS-ONE >Mapapansin mo na ang mag pinaglaan mo ng panahon ay magbubunga ng gawaing pakikihalubilo Mayroong mga hindi pag-kakasundo sa kaisipan at pag-kakaiba ng mga opnyon sa magaspang na pakikipagpalitan ng mga salita ang magaganap. </NINE-OF-WANDS-ONE >
<TEN-OF-WANDS-ONE >Ang barahang ito ay nagpapakita na ang iyong kasintahan ay mag-iiwan sa iyo ng pagkalito tungkol sa iba’t-ibang pangyayari na magiiwan sa iyo ng pakiramadam na pagka-usisa at walang pahinga. Mararamdaman mo na ang iyong kapareha ay may tampo sa iyo at ito’y magpaparamdam sa iyo ng pag-iisa. Ikaw ay gagawa ng hakbang para mapag-igting ang iyong relasyon at mag-dagdag ng nawawalang ningas dito. </TEN-OF-WANDS-ONE >
<PAGE-OF-WANDS-ONE >Maring mayroong pag-gambala sa inyong relasyon at naghahangad ka pa ng mga pag-babago mula sa iyong kapareha. Mararamdaman moa ng pag-kabalisa sa iyong sarili tungkol sa hindi pagkakasundo kahit na ang inyong relasyon ay wala pa sa hangganan nito. </PAGE-OF-WANDS-ONE >
<KNIGHT-OF-WANDS-ONE >Ang barahang ito ay nagpapakita ng pagkukulang sa iba’t-ibang mga isyu sa inyong relasyon at nais mo itong masolusyonan bago pa man ito maka-apekto sa iyo. Makaka-kita ka ng sino man na sa iyong palagay ay nakilala mo na at susubukan mong makipag-ugnayan at bumuo ng malalim na koneksyon sap ag-tuon pa ng maraming oras sa kanila </KNIGHT-OF-WANDS-ONE >
<QUEEN-OF-WANDS-ONE >Ang barahang ito ay nagpapakita na ikaw ay makakakilala ng espesyal at magtataka kung makikipag-relasyon ka sa taong ito o hindi. Makakatagpo ka ng isang sumisinta sa iyo ng mag-niningas ng pag-ibig at ito ay maaring maging napaka-dagasa at romantiko na iyong inaasam-asam. </QUEEN-OF-WANDS-ONE >
<KING-OF-WANDS-ONE >Ang ibang mga problema sa iyong paligid ay mag-dudulot na maging iba at walang nararamdaman at ikaw ay maaring maging naguguluhan sa iyong kapareha. Ayaw mo na ipakita sa mundo kung anuman ang iyong iniisip at ito ay maaring magdala ng tension. Ang pagpapakasal ay maaring parating na rin. </KING-OF-WANDS-ONE >
<THE-FOOL-ONE >Kung ikaw ay nasa isang relasyon ngayon, ang barahang ito ay nagpapakita ng makabagong kasiyahan at kasigasigan sa iyong buhay pag-ibig. Kung ikaw ay singel, ikaw ay makakakilala ng sino man sa medaling panahon. Maglalakad ka ng sunod-sunod, kampante at maligayang hakbangin sa iyong buhay pag-ibig. Kailngan mo ng pakawalan ang iyong nakaraan at tumingin sa hinaharap, na pangitang maganda at masaya. </THE-FOOL-ONE >
<THE-MAGICIAN-ONE >Ang iyong sariling pag-nanais at postura ay magiging tulong sa pag-kontrol at pagsasa-ayos ng iyong buhay pag-ibig sa tamang panahon. Sa kumpanysa mo sa iyong sarili ganda, mapag-kakaisa mo ang kabilang kasarian patungkol sa iyo. Kung kasalukuyang nasa relasyon, madidiskubre mo ang mga bagay na natatago ng iyong kapareha sa nalalapit na hinaharap. Dagdag pa rito, ang iyong kapareha ay magpapakita ng pinag-igting na interes sa bawat salitang iyong binibitawan. </THE-MAGICIAN-ONE >
<THE-HIGH-PRIESTESS-ONE >Ang barahang ito ay nagpapakita na dapat kang maniwala sa iyong kakayahang suriin ang mga tao at mga sitwasyon para sa maayos na buhay pagibig. Kailangan mong kumuha ng indipendenteng mga desisyong patungkol sa mga bagay ng iyong buhay pagibig. Kung ikaw ay nasa isang relasyon, ang iyong kapareho ay maaaaring magbigay sayo ng mahusay na payo sa malapit na hinaharap. Maaari ring may malaman na bago at hindi inaasahan sa iyong kapareho, mabuti man ito o masama. </THE-HIGH-PRIESTESS-ONE >
<THE-EMPRESS-ONE >Ikaw ay nagaalala sa iyong kasalukuyan o umuusbong relasyon. Kung ikaw ay wala sa isang relasyon, gusto mong magkaroon. Sa iyong pakikipagugnayan, ang iyong pagiging possesive sa isa’t isa at maaaring magbigay ng problema. Kailangan mong magkaroon ng pasensya at tiwala upang mapatibay ang iyong buhay pagibig. </THE-EMPRESS-ONE >
<THE-EMPEROR-ONE >Ang barahang ito ay nag-mumungkahi ng pagpapakilala ng tagumpay at ipagmamalaki sa inyong relasyon sa nalalapit na hinaharap. Makakatanggap ka ng mahalagang payo sa pag-ibig mula sa sino man tulad ng iyong ama, kuya, lalaking kaibigan at iba pa. Ikaw ang kokontrol sa kasalukuyang relasyon at magpapatuloy na mangibabaw pansamantala. Ang iyong kapareha ay susuportahan ka sa lahat ng aspeto ng walang pagtatanong. Ingatan na hindi ka magiging masyadong mangailangan sa iyong relasyon kung hindi ay hahantong nitong masaktan ng emosyonal ang iyong kapareha, </THE-EMPEROR-ONE >
<THE-HIEROPHANT-ONE >Ang higit pagiging bukas na kaisipan at malawak ang pang-unawa ang magdudulot sa iyo ng positibong pagbabago sa iyong buhay pag-ibig. Kung ikaw ay nagpa-planong magpakasal sa anu mang sandal, kailangan mong magpakita ng pasensya habang nilalabanan moa ng mga hadlang na darating sa inyo. Pag-arte ng pagmamatigas ng ulo sa iyong kapareha ay magdadala sa inyong relasyon sa kawalan. Ang mga problemang darating sa inyong buhay pag-ibig ay mareresolba sa pamamagitan ng presensya ng isipan at pagbaba ng init ng ulo. </THE-HIEROPHANT-ONE >
<THE-LOVERS-ONE >Maaring halos ikaw ay lumangoy sa dagat ng pag-ibig. Ikaw ay magkakaroon ng maganda at maala-alang sandal sa inyong relasyon sa nalalapit na hinaharap. Ikaw ay maaring halos haharap sa sitwasyon ng iyong buhay pag-ibig, kung saan mahihirapan ka ng sobra sa pag-papasya kung tama. Makikipag ugnayan ka ng emosyonal sa iyong kapareha. Wag matukso at mandaya sa iyong kapareha sa pag-dadate nag kung sino man. </THE-LOVERS-ONE >
<THE-CHARIOT-ONE >Ang buhay pag-ibig ay maaring dumaan sa hindi magandang pagkakataon. Kailangan mong mag-tuon pa ng pansin upang makawala ka. Ang iyong romantikong pakikisama ay maaring mabago sa nalalapit na hinaharap. Kailnagan mong magpakita ng mahabang pasensya sa papalit-palit na emosyon ng iyong kapareha. Hindi magtatagal ang inyong relasyon ay yayabong sa pag-mamahal. </THE-CHARIOT-ONE >
<JUSTICE-ONE >Kailangan mong magdala ng blanse at pagka-normal sa kasalukuyan ninyong relasyon. Maaring mayroong sobra or kulang sa element na napakahalaga sa pag-dadala na katatagan sa inyong buhay pag-ibig. May naipakita kang kulang na paglapit kapakanan ng inyong buhay pag-ibig na nanganga-ilangan ng tamang pagbabalanse. Pagtuunan ng pantay na atensyon ang iyong karera at buhay pamilya. Ang katapatan mo at tiwala ay napakahalaga sap ag-hugis ng inyong relasyon. Kung alam mo na ikaw ay nagkakamali sa inyong relasyon, ayusin agad ito. </JUSTICE-ONE >
<THE-HERMIT-ONE >Mag-laan ng oras upang isipin ang iyong buhay pag-ibig. Ikaw ay makakramdam ng pag-ikli ng pasensya sa mga bagay sa kasalukuyan mong relasyon. Kailangan mong maging kalma at iwasan pagdidisiyon ng madalian tungkol sa inyong pag-ibig. Kung gusto mo ng payo sap ag-ibig, kumonsulta sa nakatatanda at bihasa kaysa sa iyo. Ikaw ay magsasa-ayos ng mga hadlang sa romansa, kung kayo ay magbibigay ng sapat na espasyo sa relasyon ng isa’t-isa. </THE-HERMIT-ONE >
<WHEEL-OF-FORTUNE-ONE >Ang barahang ito ay naglalahad na ikaw ay patungo sa isang napakasaya at espesyal na bahagi na magpapaliwanag ng iyong buhhay pag-ibig. Ang swerte ay nasa iyong tabi at mahahanap mo ang iyong mamahalin. Ikaw ay magpapakita ng pagiging martyur sa paghawakng inyong relasyon. Ang pina-pangarap mong kapareha ay darating din sa iyo. Lahat ng iyong alalahanin sa inyong hinaharap na relasyon ay matatapos na. Ikaw ay babasbasan ng pambihirang oras sa inyong buhay pag-ibig. </WHEEL-OF-FORTUNE-ONE >
<STRENGTH-ONE >Ikaw ay magpapakita ng mainam na pananawa sa buhay, na tutulong sa iyo upang harapin ang mga balakid sa inyong relasyon. Kung nais mong pakawalan ang mga bagay sa nakaraan, gawin mo na ito agad. Ang paglalakabay ng inyong relasyon ay magiging matiwasay, at madali mong makukuha ang mga bagay ngayon na nahihirapan kang makuha noon. Sa pamamagitan ng iyong determinasyon at kaisipan, malalabasan mo lahat ng problemang pag-ibig. </STRENGTH-ONE >
<THE-HANGED-MAN-ONE >Mayroon kang nakuhang ugali ng pagsasakrepisyo sa isang relasyon. Mayroong mga tensyon sa pagitan ninyong dalawa. Minumungkahi lamang na pag-igtingin ang pasensya, maging mahusay at matyur sa isip ng iyong buhay pag-ibig. Maaring magkaroon ng emosyonal na hindi pagkakasundo sa pagitan ninyong dalawa. Ipinapayo na kailangan ninyong maging mapag-tanggap at tumingin sa sitwasyon sa paligid na bukas ang kaisipan upang lalo itong maunawaan. </THE-HANGED-MAN-ONE >
<DEATH-ONE >Ang barahang ito ay nagpapakita ng bahagi, kung saan ang resluta nito ay dramitkong magbabago sa iyong buhay pag-ibig. Makakaramdam ka ng kalungkutan at depresyon sa kasalukuyang relasyon. Ang bahaging ito ay magtutulak sa iyo ng labis na emosyong pang-tao kung saan mauunawaan moa ng kahalagahan ng paparating na pagbabago. Ang iyong pag-ibig as maaring dumaan sa madilim at magaspang ng daan. Kailangan mong magpakita ng malakas na pagkataon upang ito ay mapaglabanan. </DEATH-ONE >
<TEMPERANCE-ONE >Ang barahang ito ay nagpapakita ang pagdating ng pagkalito sa mga problemadong sitwasyon ng inyong relasyon, kung saan mapapansin mo na mahirap ang gumawa ng desisyon. Ikaw at ang iyong kapareha ay mukhang magkakaroon ng magkaibang pananaw sa mga bagay-bagay na magdadala ng problema, Kailngan mong habaan ang iyong pasensya, makisama at humanap nag mainam na solusyon na maglulubag sa iyong buhay pag-ibig. Ikaw ay makakahanap ng paraan para maging matiwasay ang inyong relasyon. </TEMPERANCE-ONE >
<THE-DEVIL-ONE >Ang paparating na oras ay hindi madali. Pakiramdam gaya ng tawag ng laman, sakam, ambisyoso o adiksyon na magdudulot sa iyong buhay pag-ibig na magwala. Nanaisin mo din na ikaw ang mangibabaw sa inyong relasyon. Kailangan mong maging malakas para makatnggi sa tuksong ito ng sa ganon ay maiwasan ang mga malalaking sakuna sa inyong buhay pag-ibig. Mararamdaman mong ikaw ay makapangyarihan sa mga sandaling paglisan pmaling landas naman sa kasalukuyang relasyon. Mag-ingat dahil ang barahang ito babala sa nakakamatay mong pagtahak. </THE-DEVIL-ONE >
<THE-TOWER-ONE >Sa nalalapit na hinaharap ay dadalhin ka sa kahindik-hindik ng bahagi ng iyong buhay pag-ibig. Makakakita ng hindi kanais-nais at walang pabor na mga sitwasyon na nangyayari sa inyong relasyon. Isa sa mga ito ay hindi inaasang sanhi ng pagkaramdam ng pag-iisa ng pansamantala. Ang pag-babagong ito ay magpapakita sa iyon ng makabagong opsyon para pag-inamin ang kasalukuyang sitwasyon ng buhay pag-ibig. Ito ay magiging marupok na daan kaya kailangan mongmaging kalma at matuto ng mga bagong bagay na dadalhin sa iyo ng buhay. </THE-TOWER-ONE >
<THE-STAR-ONE >Ang barahang ito ay taga-pagdala ng buenas na paparating. Ito ay nagpapakita na ang posibilidad sa isang masiglang relasyon ay magsisimula din. Pinapakita rin nito na kaya mong dalhin ang inyong relasyon sa susunod na antas ng komitment. Makakaramdam ng maayos na emosyonal at ispiritwal na koneksyon sa iyong kapareha. Ang iyong buhay pag-ibig ay mapupunta sa bahagi na kung saan malalampasan mo ang nagdaang mga relasyon at magiging mapanuri tungkol sa pag-ibig sa hinaharap. </THE-STAR-ONE >
<THE-MOON-ONE >Ang tanging naiisip na darating sa iyong isip ay tungkol sa inying relasyon. Mararamdaman mo na tila ikaw ay naka-kadena ng sahil sa kasalukuyan mong buhay pag-ibig. Matutuklasan moa ng mga sikreto na sadyang tinatago na magdudulot ng emosyonal nap ag-urong sa inyong relasyon. Wag kang malulumbay sa kalungkutan. Ipakita mo na ikaw ay bukas ang pag-iisip sa pag-tuon upang ito ay malampasan. Sumama sa mga libangan upang maibsan ang emosyanal na nararamdaman at maging maayos ang lahat. </THE-MOON-ONE >
<THE-SUN-ONE >Agad kang makakaramdam ng bago at kapana-panabik na vibes sa inyong relasyon. Kung ikaw ay hindi umiibig, maari kang umibig sa sino man sa medaling panahon. Ang anu mang romantikong bagay na walang patutunguhan ay magkakaroon ng kahulugan. Ang romantikong bakasyon at tila pulo’t gating date ksama ng iyong mahal ay nasa baraha rin. Ang mga sandaling darating ay puno ng ligaya at magiging memorable. Kaya siguraduhin ang gawin lahat ang mgandang bahaging ito. </THE-SUN-ONE >
<JUDGEMENT-ONE >Ang barahang ito ay nakikiusap sa iyo na buksan ang iyong mga pandama sa iyong paligid. Maari mong maunawaan na ito ay parating na, pero kung ikaw ay magtutuon ng pansin, maaring hindi mo makita ang mga sitwasyong ito. Kung hindi ka pa umiibig, makakakilala ka din ng iyong tinatanggi sa madaling panahon. Sa ganon mang pagkakataon, wag nang mag-aksaya ng panahon bago tanungin ang mahahalagang mga katanungan. Kung ikaw ay hindi pinalad sa sino man sa nakaraan, maaring ito ay mangyaring muli sa iyo. Pero sa wakas, ang iyong buhay pag-ibig ay positibong uusad. </JUDGEMENT-ONE >
<THE-WORLD-ONE >Ang barahang ang magwawakas sa lahat ng iyong pag hihirap at magpapakita ng pagdating ng kasiyahan at mga sandal ng pagmamahalan ksama ng iyong sweethreart. Ang inyong reason ay huhugis na din, na siya mong inaasam-asam. Ang iyong kapareha ay hihimukin ka at pahahalagahan ka sa pagiging huwaran mo at ito ang magpapayabong sa iyong buhay pag-ibig. Ang bahaging ito ay magdadala ng bagong ligaya sa iyong buhay pag-ibig. Kung ikaw ay single, ang pagkakataon na makakilala ng espesyal na sino man ay mataas.</THE-WORLD-ONE >
</ROOT>
