<?xml version="1.0" encoding="UTF-8"?>
<ROOT>
<THE-FOOL-ONE>
    Você está à beira de uma grande mudança, pronto para dar o salto para um novo capítulo. Confie no seu instinto e dê o salto, mesmo que você não saiba exatamente aonde ele irá levá-lo. Há potencial para uma transformação profunda e uma mudança completa no seu estilo de vida.
</THE-FOOL-ONE>
<THE-MAGICIAN-ONE>
    Você tem todas as ferramentas e recursos de que precisa para fazer mudanças em sua vida. Você é capaz de explorar seu poder interior e fazer mudanças em um nível emocional, espiritual e intelectual. Você tem a chance de se transformar na melhor versão de si mesmo, capaz de realizar seu próprio potencial e ajudar os outros a realizar o deles.
</THE-MAGICIAN-ONE>
<THE-HIGH-PRIESTESS-ONE>
    Mudanças estão acontecendo para você em um nível interno, e mesmo aqueles próximos a você podem não estar cientes da transformação profunda pela qual você está passando. Você está mudando ao nível da alma e crescendo em sabedoria. Ouça a voz da sua intuição, pois trará uma mudança ainda maior.
</THE-HIGH-PRIESTESS-ONE>
<THE-EMPRESS-ONE>
    Você está no processo de fazer algo nacer, talvez um novo projeto ou um novo senso de si mesmo. Este é um momento de crescimento e fecundidade. O processo de criação causa mudanças dentro de você e também em sua vida exterior. Confie nos seus instintos e deixe a mudança acontecer.
</THE-EMPRESS-ONE>
<THE-EMPEROR-ONE>
    Seu status no mundo pode estar em um processo de mudança, talvez à medida que você sobe na carreira ou se estabelece em seu campo escolhido. A transformação acontece quando você está no controle e é capaz de direcionar o processo por si mesmo, mas não tente dominar os outros, pois isso irá reter as mudanças em sua própria vida.
</THE-EMPEROR-ONE>
<THE-HIEROPHANT-ONE>
    Suas crenças e visão de mundo podem estar passando por um processo de mudança, talvez por causa dos ensinamentos que você está recebendo de um ancião sábio. Você pode estar questionando as tradições com as quais você foi educado e formando suas próprias opiniões. As conclusões a que você chega podem levar a mudanças na maneira como você conduz sua vida.
</THE-HIEROPHANT-ONE>
<THE-LOVERS-ONE>
    Seu relacionamento pode estar passando por algumas mudanças à medida que você cresce e se transforma como indivíduo. Não deixe o outro para trás, em vez disso, compartilhe o que você está passando para que você possa se aproximar e aprender um com o outro. Você pode precisar fazer uma escolha que traga grandes mudanças em sua vida, então escolha sabiamente.
</THE-LOVERS-ONE>
<THE-CHARIOT-ONE>
    Você está dirigindo pelo caminho da mudança em sua vida, transformando-se em uma pessoa que está confortável em seu próprio poder. Você sabe o que quer e como obtê-lo, e está fazendo mudanças em sua vida de acordo. Seja flexível em vez de fixo em seu pensamento e grande transformação é possível.
</THE-CHARIOT-ONE>
<STRENGTH-ONE>
    Você está aprendendo a possuir sua força e poder interior, o que em si traz profunda transformação. Você não mais aceitará situações que drenam seu poder, então faça mudanças em sua vida para cortar esses laços e o caminho será aberto para um senso de identidade mais forte.
</STRENGTH-ONE>
<THE-HERMIT-ONE>
    Você está aprendendo a seguir sua sabedoria interior, em vez do conselho dos outros. É importante fazer as mudanças que parecem certas para você, mesmo que isso signifique ignorar os desejos dos outros e talvez ficar isolado por um tempo. A auto-reflexão traz profunda transformação e mudança interior.
</THE-HERMIT-ONE>
<WHEEL-OF-FORTUNE-ONE>
    Você pode sentir que está cercado por mudanças neste momento, nem todas bem-vindas ou de sua própria escolha. Mudanças em seu eu interior podem afetar o que acontece em sua vida exterior, então escolha suas prioridades e concentre-se nelas e nas situações que você é capaz de controlar.
</WHEEL-OF-FORTUNE-ONE>
<JUSTICE-ONE>
    Pode haver mudanças em seu status legal ou profissional neste momento, trazendo uma transformação do seu eu público e também seu senso de certo e errado. Mantenha sua mente clara e seus poderes de lógica podem ajudá-lo a receber a transformação e aproveitar ao máximo esse processo de equilíbrio.
</JUSTICE-ONE>
<THE-HANGED-MAN-ONE>
    A mudança pode parecer suspensa neste momento, de modo que, não importa o quanto você tente, tudo permanece o mesmo. Este não é um momento para se esforçar, mas para seguir o fluxo e confiar no universo. Mudanças estão acontecendo em um nível inconsciente e tudo ficará claro no tempo.
</THE-HANGED-MAN-ONE>
<DEATH-ONE>
    Este é um momento de profunda transformação para você, um tempo para liberar o antigo e abrir espaço para um novo capítulo na vida. Este não é um processo fácil, então reserve um tempo para lamentar o que você perdeu antes de virar o rosto para o novo amanhecer. Você pode descobrir que mudou de maneiras que nunca imaginou ser possível.
</DEATH-ONE>
<TEMPERANCE-ONE>
    Faça mudanças em sua vida que lhe trazem equilíbrio, reduzindo os excessos e prestando atenção à sua saúde física, mental e espiritual. Isso pode ajudá-lo a se transformar em alguém mais calmo e seguro. O aumento da autoconsciência pode trazer uma transformação de sua energia criativa.
</TEMPERANCE-ONE>
<THE-DEVIL-ONE>
    Você pode estar se afastando de fazer mudanças em sua vida, talvez com medo do que possa perder ou imaginar que essa mudança simplesmente não seja possível. No entanto, as correntes que o prendem não são tão fortes quanto você pensa, e ao liberá-las você liberará um grande poder transformador.
</THE-DEVIL-ONE>
<THE-TOWER-ONE>
    A mudança pode estar acontecendo ao seu redor e pode até ser indesejável e fora de seu controle. No entanto, essas mudanças são necessárias, pois você não pode se transformar na pessoa que você deveria ser sem elas. O caminho está sendo liberado para uma mudança mais positiva, contanto que você enfrente a tempestade atual.
</THE-TOWER-ONE>
<THE-STAR-ONE>
    Você pode estar se sentindo cheio de esperança e energia positiva neste momento, com boas mudanças acontecendo em sua vida e trazendo uma profunda transformação interior. Confie no universo e siga o fluxo, tudo está acontecendo como deveria e sua vida está mudando para melhor.
</THE-STAR-ONE>
<THE-MOON-ONE>
    Você pode estar sentindo mudanças profundas dentro de si mesmo, mesmo que elas não sejam visíveis para as pessoas ao seu redor. Ouça a sabedoria de seus sonhos e as mensagens de sua intuição, pois elas lhe mostrarão a transformação que está ocorrendo. Enfrentar a sombra pode ser uma grande força de mudança.
</THE-MOON-ONE>
<THE-SUN-ONE>
    Você pode estar chegando ao fim de um processo de mudança e finalmente poderá relaxar e desfrutar da transformação pela qual passou. É provável que você tenha aumentado sua confiança e esteja se sentindo mais criativo e confiante. Mantenha-se otimista e positivo e cultive um sentimento de gratidão pelas mudanças em sua vida.
</THE-SUN-ONE>
<JUDGEMENT-ONE>
    Você pode estar sentindo um chamado interior para fazer mudanças em sua vida, mesmo que isso signifique sair de sua zona de conforto e seguir um caminho mais desafiador. Você é capaz de uma profunda transformação neste momento, e pode haver uma sensação de karma ou destino sobre as mudanças pelas quais você está passando.
</JUDGEMENT-ONE>
<THE-WORLD-ONE>
    Você está atingindo a conclusão de um ciclo profundo de mudança, que pode ter transformado sua vida em maneiras que você nunca imaginou ser possível. Atingir seu objetivo provavelmente mudou você intelectualmente, emocionalmente e espiritualmente, além de trazer mudanças em sua vida exterior. Leve as lições deste ciclo para o próximo capítulo.
</THE-WORLD-ONE>
<ACE-OF-SWORDS-ONE>
    Novas ideias e novas conexões estão trazendo mudanças no momento, embora essas mudanças possam não estar totalmente claras ainda. Este é o ponto-semente de uma transformação, que pode levar novas ideias e conhecimentos a se tornarem parte de sua vida e um maior senso de sabedoria interior.
</ACE-OF-SWORDS-ONE>
<TWO-OF-SWORDS-ONE>
    Você pode se deparar com uma escolha entre duas ou mais alterações neste momento e não conseguir tomar uma decisão. Se você costuma confiar na lógica para tomar essas decisões, verifique também seus sentimentos e faça a escolha do seu coração e da sua cabeça.
</TWO-OF-SWORDS-ONE>
<THREE-OF-SWORDS-ONE>
    Pode haver mudanças indesejáveis ao seu redor no momento, especialmente se você foi ferido por outras pessoas e está sentindo dor ou perda. Vá com o fluxo dessas emoções desafiadoras e permita que elas o transformem, lembrando-o do que é realmente importante na vida e do que você realmente é.
</THREE-OF-SWORDS-ONE>
<FOUR-OF-SWORDS-ONE>
    Você pode ter passado por um período de mudança, mas agora é hora de descansar. Há uma pausa no processo, permitindo que você processe seus sentimentos e deixe que as mudanças externas em sua vida levem à transformação interior. Tire algum tempo para refletir sobre tudo o que aconteceu e o que isso significa.
</FOUR-OF-SWORDS-ONE>
<FIVE-OF-SWORDS-ONE>
    Você pode sentir que está cercado de mudanças e caos neste momento, mas se olhar de perto, são apenas palavras vazias e ar quente. Nada realmente muda e você pode acabar andando em círculos. Em vez de responder a tudo, escolha suas batalhas cuidadosamente com base no que realmente valoriza.
</FIVE-OF-SWORDS-ONE>
<SIX-OF-SWORDS-ONE>
    É provável que sua vida esteja mudando e seguindo em frente neste momento. No entanto, verifique se você está no controle das mudanças que estão acontecendo, e também se você está se dando tempo para a transformação interna, bem como para o exterior. Caso contrário, você arrisca o mesmo padrão repetindo-se apenas com mudanças superficiais.
</SIX-OF-SWORDS-ONE>
<SEVEN-OF-SWORDS-ONE>
    Pode haver mudanças acontecendo neste momento, mas elas ainda estão ocultas e pouco claras. Se outras pessoas estiverem envolvidas, verifique seus motivos e certifique-se de que não haja engano em torno de você. Alternativamente, você pode estar trabalhando em silêncio por conta própria. Ainda não é hora de compartilhar seus planos, então guarde-os para si mesmo.
</SEVEN-OF-SWORDS-ONE>
<EIGHT-OF-SWORDS-ONE>
    Você pode sentir que está preso e incapaz de fazer mudanças em sua vida, mas dê uma olhada mais de perto no que o retém. Você pode ser capaz de romper as amarras, liberando uma poderosa energia transformadora e tomando de volta seu poder. Afastar-se de padrões desatualizados limpa o espaço para a mudança.
</EIGHT-OF-SWORDS-ONE>
<NINE-OF-SWORDS-ONE>
    Você pode desejar fazer mudanças em sua vida, mas é atormentado pela preocupação e pelo pensamento. Em vez de se concentrar no que poderia dar errado, mude sua perspectiva para uma abordagem positiva, e a mudança começará a acontecer. Confie no universo e deixe de ter que controlar todas as variáveis.
</NINE-OF-SWORDS-ONE>
<TEN-OF-SWORDS-ONE>
    Você chegou ao final de um ciclo e pode estar se sentindo incapaz de continuar. É hora de abandonar o que você superou e criar algum espaço em sua vida para mudar. Um novo amanhecer está chegando, trazendo consigo a possibilidade de transformação, especialmente se você deixar de pensar e se preocupar.
</TEN-OF-SWORDS-ONE>
<PAGE-OF-SWORDS-ONE>
    Você pode estar fazendo mudanças em sua vida relacionadas ao estudo ou aprendizado, ou simplesmente considerando uma nova abordagem. Fique curioso e brincalhão, em vez de tentar forçar a mudança, e não seja impaciente. Apressar-se nas coisas é mais provável que leve tudo a permanecer o mesmo a longo prazo.
</PAGE-OF-SWORDS-ONE>
<KNIGHT-OF-SWORDS-ONE>
    Você pode querer fazer mudanças em sua vida, mas esforce-se para manter qualquer coisa por tempo suficiente para que uma transformação duradoura aconteça. Ao invés de correr impulsivamente, use sua mente poderosa para considerar o que você realmente quer, e concentre suas energias nisto. A mudança é possível desde que você escolha cuidadosamente suas batalhas.
</KNIGHT-OF-SWORDS-ONE>
<QUEEN-OF-SWORDS-ONE>
    Sua vida pode estar mudando agora de uma maneira que o deixa mais independente e consciente de sua força interior. Você pode precisar confiar mais em si mesmo, permitindo que você se transforme em alguém muito mais confiante e seguro. Não sinta que precisa fazer tudo sozinho, pedir ajuda também pode levar a mudanças positivas.
</QUEEN-OF-SWORDS-ONE>
<KING-OF-SWORDS-ONE>
    As mudanças que acontecem em sua vida podem estar relacionadas à sua carreira ou à sua posição na sociedade, talvez se aproximando de um papel de liderança ou assumindo o controle de uma empresa. Ser dogmático e fixo em seu pensamento não permitirá que a transformação ocorra, por isso mantenha a mente aberta e aprenda com os outros à medida que eles aprendem com você.
</KING-OF-SWORDS-ONE>
<ACE-OF-WANDS-ONE>
    Pode haver mudanças acontecendo para você em relação a um novo projeto criativo ou a uma empresa. O Ace é um ponto de semente, então pode não estar totalmente claro ainda quais serão essas mudanças. Fique aberto à inspiração e aos lampejos de ideias que trazem a possibilidade de transformação.
</ACE-OF-WANDS-ONE>
<TWO-OF-WANDS-ONE>
    Você está no início de um novo caminho, começando a ver os resultados das mudanças que você iniciou nos últimos meses. Você ainda pode estar experimentando e tentando novas idéias, então este é um bom momento para fazer mudanças e experimentar. Mesmo que algo não funcione, isso ainda pode transformar seu pensamento.
</TWO-OF-WANDS-ONE>
<THREE-OF-WANDS-ONE>
    Agora você está vendo resultados tangíveis de mudanças que você fez, que estão trazendo sucesso e oportunidades de expansão. Suas descobertas têm um grande potencial de transformação, tanto no nível interno quanto no externo. Você está aumentando em confiança e experiência e encontrando sua coragem para fazer mudanças ainda maiores.
</THREE-OF-WANDS-ONE>
<FOUR-OF-WANDS-ONE>
    Mudanças podem estar ocorrendo em sua casa ou vida familiar, dando a você uma maior sensação de segurança e algo para celebrar. Você pode estar criando raízes pela primeira vez, estabelecendo-se em algum lugar que realmente parece um lar. Isso pode lhe dar uma base sólida para transformar você e sua vida.
</FOUR-OF-WANDS-ONE>
<FIVE-OF-WANDS-ONE>
    Você pode estar cercado de competição e até mesmo agressão neste momento, mas muito disso é uma postura e não leva a uma mudança real. Deixe espaço para uma transformação genuína escolhendo suas batalhas com cuidado e não desperdiçando suas energias, em vez de se envolver em discussões mesquinhas.
</FIVE-OF-WANDS-ONE>
<SIX-OF-WANDS-ONE>
    Você pode estar passando por um processo de mudança há algum tempo e agora os outros estão começando a reconhecer suas conquistas. Receber elogios daqueles que estão por perto pode fortalecer sua autoconfiança e permitir que você busque mais, fazendo mudanças que você pode não ter pensado serem possíveis.
</SIX-OF-WANDS-ONE>
<SEVEN-OF-WANDS-ONE>
    Você pode estar se sentindo atacado neste momento, atormentado por aqueles que não entendem as mudanças que você está criando. Não deixe que eles te derrubem, em vez disso, tenha a coragem de suas convicções e lute pelo seu canto. Isso pode lhe dar mais confiança na transformação interna e externa.
</SEVEN-OF-WANDS-ONE>
<EIGHT-OF-WANDS-ONE>
    A mudança está acontecendo rapidamente neste momento, pode parecer que tudo está se movendo ao mesmo tempo e que você se esforça para acompanhar. Surfe a onda, se puder, e você poderá descobrir que toda a sua vida foi transformada, especialmente se estiver esperando viajar ou ampliar seus horizontes.
</EIGHT-OF-WANDS-ONE>
<NINE-OF-WANDS-ONE>
    Esta é uma carta de defesa do seu fundamento e de não permitir que outros atrapalhem as mudanças que você fez. Você talvez já tenha tido que lutar no seu canto e está pronto para fazê-lo novamente. Esse processo de defender você mesmo é profundamente transformador e também lembra as razões pelas quais você escolheu fazer essas mudanças.
</NINE-OF-WANDS-ONE>
<TEN-OF-WANDS-ONE>
    Você pode estar se sentindo sobrecarregado e sentindo que tem muito a fazer para dar tempo à mudança. Mas este é exatamente o momento em que você precisa fazer mudanças, começando por abandonar alguns dos seus fardos. Se você tende a dizer sim a tudo, mude alguns deles para não, e você pode abrir algum espaço para a transformação.
</TEN-OF-WANDS-ONE>
<PAGE-OF-WANDS-ONE>
    Você tem a oportunidade de fazer mudanças criativas e espirituais em sua vida e também de mudar sua abordagem. Seja infantil e brincalhão, e tente algo novo apenas por diversão. Até mesmo mudanças simples podem ser profundamente transformadoras, então faça algo diferente e veja o que acontece!
</PAGE-OF-WANDS-ONE>
<KNIGHT-OF-WANDS-ONE>
    É provável que você prospere com mudanças e busque constante excitação e estímulo. Você pode ser muito bom em começar coisas novas, mas não é tão bom em entendê-las Tente se concentrar em uma missão de cada vez, para permitir uma transformação profunda em vez de uma mudança superficial.
</KNIGHT-OF-WANDS-ONE>
<QUEEN-OF-WANDS-ONE>
    Você tende a ser confiante e seguro de si e acolhe a mudança como um sinal de crescimento. Sua abordagem positiva e otimista permite que você aproveite o que quer que aconteça e também é capaz de orientar os outros a fazer o mesmo. Ao liderar pelo exemplo, você fortalece os outros em sua transformação.
</QUEEN-OF-WANDS-ONE>
<KING-OF-WANDS-ONE>
    Podem vir mudanças que o levem a uma posição de poder ou autoridade, ou envolvam assumir a responsabilidade por um projeto ou empresa. Ao invés de correr e tentar mudar tudo para colocar sua marca, faça uma abordagem ponderada e lembre-se de que a verdadeira transformação vem de dentro.
</KING-OF-WANDS-ONE>
<ACE-OF-CUPS-ONE>
    As mudanças podem estar chegando em sua vida emocional, talvez a semente de um novo relacionamento ou amizade. Esta é provavelmente uma mudança bem-vinda, trazendo alegria e o começo de um novo capítulo em sua vida. Deixe seus sentimentos começarem a transformar você, suavizando-se em um sentido mais aberto e vulnerável de si mesmo.
</ACE-OF-CUPS-ONE>
<TWO-OF-CUPS-ONE>
    Pode haver uma nova conexão que traga o potencial de mudança em sua vida amorosa e na maneira como você se relaciona com os outros. Mantenha uma mente aberta e um coração aberto, permitindo que os outros o modifiquem tanto quanto você os modifica, e você pode ser transformado por uma união interna e externa.
</TWO-OF-CUPS-ONE>
<THREE-OF-CUPS-ONE>
    Suas amizades e relacionamentos podem estar mudando, entrando em uma nova fase de satisfação e segurança emocional. Amizades existentes estão se aprofundando e fechando novas conexões de alma podem estar se formando. Aproveite o tempo para celebrar essa transformação com as pessoas mais próximas a você. Relaxe, vá com o fluxo e divirta-se!
</THREE-OF-CUPS-ONE>
<FOUR-OF-CUPS-ONE>
    Você pode estar segurando a mudança em sua vida, sentindo-se preso em uma rotina ou que está repetindo os mesmos velhos padrões emocionais. É fácil ficar em nossas zonas de conforto, onde tudo é familiar e fácil. Comece com pequenas mudanças e você pode achar que sua xícara está mais cheia do que você pensa!
</FOUR-OF-CUPS-ONE>
<FIVE-OF-CUPS-ONE>
    Você pode ter sofrido alterações indesejadas recentemente, como a perda de alguma coisa com a qual você se importava. Permita-se lamentar, mas não demore no passado. Uma perspectiva diferente pode mostrar que você ainda tem muito a agradecer, então foque no positivo e a mudança virá.
</FIVE-OF-CUPS-ONE>
<SIX-OF-CUPS-ONE>
    Você pode se lembrar de como as coisas costumavam ser e sentir que elas mudaram para o pior. Mas tendemos a ver o passado com óculos cor-de-rosa, especialmente se o presente não está atendendo às nossas expectativas. Tente apreciar o momento presente e mudanças positivas começarão a acontecer.
</SIX-OF-CUPS-ONE>
<SEVEN-OF-CUPS-ONE>
    Pode haver uma variedade de possíveis mudanças na sua frente agora, a ponto de você não poder decidir qual escolher. Às vezes é melhor apenas se comprometer com uma decisão, especialmente se todas as possibilidades são igualmente positivas. Faça sua escolha e esteja aberto às mudanças que ela traz.
</SEVEN-OF-CUPS-ONE>
<EIGHT-OF-CUPS-ONE>
    Este pode ser um período de grandes mudanças para você, o tipo que transforma sua vida de cabeça para baixo e envolve deixar para trás muito do que você já alcançou. Não lute contra isso, em vez disso, abrace o processo de transformação, mesmo quando for desafiador, e se deixe crescer além da sua zona de conforto.
</EIGHT-OF-CUPS-ONE>
<NINE-OF-CUPS-ONE>
    É provável que você esteja contente e feliz neste momento, com todos os seus desejos parecendo se tornar realidade. Aproveite as mudanças positivas em sua vida, mas não se torne complacente, e certifique-se de que a transformação aconteça em um nível profundo e interior e não seja apenas superficial.
</NINE-OF-CUPS-ONE>
<TEN-OF-CUPS-ONE>
    Você pode estar sentindo uma sensação de contentamento neste momento, ao chegar no fim de um período de mudança. Você cresceu em maturidade emocional e fez mudanças duradouras em sua vida. Agora é a hora de apreciá-las e permitir que a transformação espiritual resultante traga um contentamento ainda mais profundo.
</TEN-OF-CUPS-ONE>
<PAGE-OF-CUPS-ONE>
    Sua intuição está sussurrando para você sobre as mudanças que estão por vir, talvez em suas amizades ou relacionamentos. Você pode se encontrar fazendo novas conexões de alma que trazem mudanças profundas em sua vida, permitindo que você abrace seus sentimentos e imaginação e promova a transformação criativa e espiritual.
</PAGE-OF-CUPS-ONE>
<KNIGHT-OF-CUPS-ONE>
    Você pode estar sonhando com mudanças, cheio de esperanças e planos para novas coisas positivas que você gostaria de trazer para sua vida. No entanto, você precisa agir para manifestá-las, pois apenas desejar as coisas não as faz acontecer. Deixe sua intuição guiá-lo para dar os primeiros passos para transformar seu sonho em realidade.
</KNIGHT-OF-CUPS-ONE>
<QUEEN-OF-CUPS-ONE>
    Uma transformação interior pode estar acontecendo com você agora, possivelmente resultando em mudanças em sua vida criativa e espiritual. Em sua mente inconsciente você já entende as mudanças que precisa fazer, então escute seus sonhos e os sussurros de sua intuição e deixe que eles guiem o processo.
</QUEEN-OF-CUPS-ONE>
<KING-OF-CUPS-ONE>
    Você pode estar se tornando mais maduro emocionalmente, transformando-se em alguém que é o mestre de suas emoções e capaz de ajudar os outros a fazer o mesmo. Permita que sua compaixão e sensibilidade naturais se transformem e também àqueles ao seu redor. Não se desconecte de suas emoções ou o processo de mudança irá parar.
</KING-OF-CUPS-ONE>
<ACE-OF-PENTACLES-ONE>
    Uma mudança inesperada pode estar ocorrendo em sua situação financeira ou material, talvez algum dinheiro ou uma nova casa ou emprego. Mesmo que não seja imediatamente claro qual será a forma dessa mudança, mantenha uma mente aberta e uma atitude positiva e você será capaz de fazer o melhor possível.
</ACE-OF-PENTACLES-ONE>
<TWO-OF-PENTACLES-ONE>
    A mudança pode parecer uma constante em sua vida no momento, e você pode estar ansioso por um pouco de estabilidade. Você poderia fazer malabarismos com muitas bolas e sentir que não é capaz de abrir espaço para mudanças duradouras. Mas você está aprendendo a equilibrar suas energias, e isso em si é um processo transformador.
</TWO-OF-PENTACLES-ONE>
<THREE-OF-PENTACLES-ONE>
    Podem haver mudanças acontecendo em sua vida profissional, talvez uma nova equipe ao seu redor ou a chance de aprender uma nova habilidade. Esteja aberto ao que está em oferta e aceite a mudança, e você terá a mudança para construir algo duradouro e transformador, que será maior do que a soma de suas partes.
</THREE-OF-PENTACLES-ONE>
<FOUR-OF-PENTACLES-ONE>
    Você pode estar resistindo à mudança, temendo sair de sua zona de conforto e se arriscar a perder a segurança que criou para si mesmo. Mas não há crescimento sem mudança, e você não pode ficar preso na mesma rotina para sempre. Dê pequenos passos para iniciar o processo e você poderá transformar seu senso de abundância e riqueza.
</FOUR-OF-PENTACLES-ONE>
<FIVE-OF-PENTACLES-ONE>
    A vida pode parecer muito difícil no momento de considerar a possibilidade de mudança. Mas situações difíceis podem ser profundamente transformadoras, pois você não tem escolha a não ser fazer as mudanças que irão salvá-lo. Peça ajuda quando precisar e leve as coisas devagar, e a mudança virá.
</FIVE-OF-PENTACLES-ONE>
<SIX-OF-PENTACLES-ONE>
    Este cartão sugere mudanças nas fortunas - você está dando ou recebendo abundância neste momento? De qualquer forma, faça-o com gratidão pelo que você tem e tente pagá-lo da maneira que puder. Abrir-se a uma troca de energia com os outros pode trazer profundas transformações.
</SIX-OF-PENTACLES-ONE>
<SEVEN-OF-PENTACLES-ONE>
    Este é um momento de colheita e de ver os frutos de seus trabalhos, uma pausa no ciclo de mudança e uma chance de passar para o próximo nível. Analise o que você alcançou até agora e considere seus próximos passos, e você será capaz de provocar uma transformação ainda mais profunda.
</SEVEN-OF-PENTACLES-ONE>
<EIGHT-OF-PENTACLES-ONE>
    A mudança é um processo gradual para você agora, pois você está refinando suas habilidades e dedicando horas de prática. É provável que o seu trabalho duro e dedicação estejam lentamente trazendo uma transformação, para se tornar um mestre do seu ofício. Confie no processo e você pode conseguir grandes coisas.
</EIGHT-OF-PENTACLES-ONE>
<NINE-OF-PENTACLES-ONE>
    As mudanças que você fez em sua vida levaram a este ponto, onde você provavelmente será independente, autoconfiante e muito capaz. Você aprendeu com a experiência e abraçou um processo de transformação, e agora está colhendo as recompensas do crescimento interior e da estabilidade material.
</NINE-OF-PENTACLES-ONE>
<TEN-OF-PENTACLES-ONE>
    Você pode estar se sentindo seguro e estabelecido em sua vida neste momento, sentindo que não precisa mudar muito. Tenha cuidado para não ficar complacente, a mudança é um processo contínuo e, em breve, um novo capítulo começará. A base sólida que você construiu até agora servirá bem a você ao entrar no próximo ciclo de transformação.
</TEN-OF-PENTACLES-ONE>
<PAGE-OF-PENTACLES-ONE>
    Você pode estar passando por mudanças em sua saúde ou em seu trabalho neste momento, talvez adotando uma nova abordagem ou adquirindo novos conhecimentos. Mesmo que você já tenha experiência no campo, adotar uma “mente de iniciante” pode ajudá-lo a aproveitar ao máximo essas mudanças.
</PAGE-OF-PENTACLES-ONE>
<KNIGHT-OF-PENTACLES-ONE>
    É provável que você esteja focado no trabalho duro e no progresso constante neste momento, confiando que a mudança acontecerá gradualmente. Não deixe que o processo de transformação pare de prestar atenção suficiente ou fique preso em uma rotina, ao invés disso, crie espaço para crescimento e mudança orgânicos.
</KNIGHT-OF-PENTACLES-ONE>
<QUEEN-OF-PENTACLES-ONE>
    Este é um momento fértil e criativo para você, e você é capaz de nutrir o processo de mudança em seus entes queridos, bem como para si mesmo. Sua conexão com a natureza pode trazer uma transformação interior, levando você a fazer mudanças práticas e espirituais em sua vida.
</QUEEN-OF-PENTACLES-ONE>
<KING-OF-PENTACLES-ONE>
    Você pode assumir um papel mais autoritário no momento ou fazer alterações em seu trabalho ou negócio. É provável que você esteja mais confortável com a mudança gradual, então permita que as coisas se desenvolvam organicamente. Você pode construir a estabilidade e a segurança que você já possui e trazer mudanças duradouras neste momento.
</KING-OF-PENTACLES-ONE>
</ROOT>

