﻿<?xml version="1.0" encoding="utf-8" ?>
<ROOT>
    <ACE-OF-CUPS-ONE >
        Questa carta indica che questo è il momento di capire i tuoi sogni, provare nuove cose e sperimentare un po'. Solo così saprai cosa vuoi veramente raggiungere e questo ti farà sentire appagato e soddisfatto.
    </ACE-OF-CUPS-ONE >

    <!--<ROOT>-->
<!--<﻿ACE-OF-CUPS-ONE>-->
  <!--Questa carta indica che questo è il momento di capire i tuoi sogni, provare nuove cose e sperimentare un po'. Solo così saprai cosa vuoi veramente raggiungere e questo ti farà sentire appagato e soddisfatto.-->
<!--</ACE-OF-CUPS-ONE>-->
<TWO-OF-CUPS-ONE>
   Potresti attraversare una fase difficile, ma ci saranno persone disposte ad aiutarti. Se ci sono dei debiti in sospeso, allora possono essere cancellati e i vecchi problemi possono essere risolti e finalmente puoi muoverti verso i tuoi obiettivi. Non essere triste perchè anche se lentamente e costantemente, le cose andranno avanti.
</TWO-OF-CUPS-ONE>
<THREE-OF-CUPS-ONE>
    Questa carta indica che dovrai essere più coraggioso per spiegare le tue idee piuttosto che aver paura dei rischi. Se riesci a farlo, otterrai incredibili miglioramenti e se stai attraversando qualsiasi tipo di sofferenza, allora finirà. Alcuni ostacoli dovranno essere superati, ma il risultato finale sarà soddisfacente.
</THREE-OF-CUPS-ONE>
<FOUR-OF-CUPS-ONE>
    Questa carta suggerisce che è necessario trovare il tempo per se stessi piuttosto che correre al volo ogni volta in cui gli altri hanno bisogno. Sarai a caccia di cose che ti fanno sentire a tuo agio e sarai in grado di trovarle. Ma sarai un po' infelice e confuso il che potrebbe renderti irritabile ma alla fine ne uscirai.
</FOUR-OF-CUPS-ONE>
<FIVE-OF-CUPS-ONE>
    Non correre dietro qualcosa che potrebbe sembrare positivo solo in apparenza. Aspetta il momento in cui hai chiara la sua autenticità. Ci vorrà del tempo per comprendere i tuoi sentimenti nei confronti di ciò che ti circonda, ma ne verrai fuori comunque forte prendendo alcune decisioni difficili ma importanti.
</FIVE-OF-CUPS-ONE>
<SIX-OF-CUPS-ONE>
    Ora devi rilassarti e lasciare che le idee che fluiscono liberamente vengano da te. Le cose inizieranno ad andare al loro posto molto presto e ci sarà una situazione inaspettata che si verificherà e sarà fondamentale per aiutarti a realizzare i tuoi sogni. Potrebbe esserci un senso di privazione, ma svanirà abbastanza presto.
</SIX-OF-CUPS-ONE>
<SEVEN-OF-CUPS-ONE>
   Questa carta suggerisce che ci potrebbero essere alcuni problemi nella tua vita professionale che potrebbero disturbarti ma ripenserai a te stesso e alle tue azioni presto e questo porterà un senso di risveglio spirituale e un senso di soddisfazione interiore che ti renderà una persona felice.
</SEVEN-OF-CUPS-ONE>
<EIGHT-OF-CUPS-ONE>
    Questa carta suggerisce una buona fortuna in futuro. Troverai nuove opportunità nella vita personale e professionale che ti porteranno più vicino al tuo obiettivo. I vecchi combattimenti e problemi verranno risolti e noterai che tutte le tue frustrazioni e i tuoi problemi stanno svanendo uno dopo l'altro.
</EIGHT-OF-CUPS-ONE>
<NINE-OF-CUPS-ONE>
    Questa carta suggerisce che non dovresti prendere decisioni affrettate o trarre conclusioni così presto prima di valutare la situazione da ogni angolazione. Cercherai un supporto emotivo nelle persone che ti circondano e saranno disposti a darti molta attenzione. La pazienza è la migliore virtù e praticarla ti porterà verso un senso di soddisfazione mentale. 
</NINE-OF-CUPS-ONE>
<TEN-OF-CUPS-ONE>
    Questa carta indica che avrai approvazione e un feedback positivo da parte delle persone interessate e questo ti rassicurerà sulla tua posizione. Il tuo desiderio o un particolare desiderio si avvereranno e questo porterà a una sorta di svago che stavi aspettando.
</TEN-OF-CUPS-ONE>
<PAGE-OF-CUPS-ONE>
    Questa scheda mostra che non ti è ancora chiaro cosa vuoi veramente e presto dovrai prendere delle decisioni per le quali potresti anche cercare aiuto. Le cose sembreranno un po' confuse e incomplete ma nel momento in cui realizzerai i tuoi sogni, le cose inizieranno a schiarirsi.
</PAGE-OF-CUPS-ONE>
<KNIGHT-OF-CUPS-ONE>
    Ora sentirai il bisogno di un po' di aria fresca e qualche cambiamento e uscita sarebbero le cose migliori da fare. Segui la tua intuizione per capire qual è la fonte più affidabile ora. Ci saranno cambiamenti nella tua vita e cambieranno piacevolmente.
</KNIGHT-OF-CUPS-ONE>
<QUEEN-OF-CUPS-ONE>
   Il tuo fascino e le tue tattiche di persuasione ti aiuteranno ad andare molto lontano adesso. Ci saranno alcune forze segrete che lavoreranno per aiutarti a raggiungere ciò che desideri ma le cose potrebbero non essere perfette come ti aspettavi. Ma è il tuo tempo e il tuo destino troverà un modo per darti ciò che desideri in un modo o nell'altro.
</QUEEN-OF-CUPS-ONE>
<KING-OF-CUPS-ONE>
    Bu kart, sizi hayal kırıklığına uğratacak bazı rahatsız edici durumlar olabileceğini gösteriyor. Ve kendinizi, dünya için yeterince iyi olmadığınızı veya niteliklerinizin eksik olduğunu 
</KING-OF-CUPS-ONE>
<ACE-OF-PENTACLES-ONE>
    Non essere troppo rigido in niente e cerca di rilassarti e prendere parte ad attività piacevoli. Ciò ti aiuterà a rimanere ottimista e divertente e ti ritroverai in uno stato d'animo migliore per ottenere ciò che desideri. La tua fortuna ti favorirà e alla fine otterrai successo.
</ACE-OF-PENTACLES-ONE>
<TWO-OF-PENTACLES-ONE>
    Non puoi correre dietro troppe cose e aspettarti che siano realizzate. Dovrai ordinare le tue priorità e lavorarci. Una volta che sarai in grado di farlo, ci sarà più equilibrio mentale e avrai uno stato d'animo equilibrato che ti porterà più vicino alla felicità.
</TWO-OF-PENTACLES-ONE>
<THREE-OF-PENTACLES-ONE>
    Ci saranno nuove opportunità per la tua strada quindi non aver paura di provare un po' a dare il massimo. Questo ti aiuterà soprattutto nei tuoi nuovi progetti e considererai anche le possibilità di una collaborazione che si rivelerà fruttuosa.
</THREE-OF-PENTACLES-ONE>
<FOUR-OF-PENTACLES-ONE>
    Dovrai realizzare che i sogni dovrebbero anche essere realistici e dovrai smettere di costruire castelli in aria. Ci saranno nuovi progressi nella tua carriera ma potresti anche dover affrontare alcune distrazioni che potrebbero essere correlate alla tua vita personale. Ne uscirai per ricominciare da capo con i tuoi cari.
</FOUR-OF-PENTACLES-ONE>
<FIVE-OF-PENTACLES-ONE>
    Questo è il momento in cui la tua attività e altre questioni relative al lavoro passeranno attraverso una fase difficile. Ci saranno alcune situazioni indesiderate che potresti dover affrontare ma con il tempo, le ferite si rimargineranno e le cose torneranno alla normalità.
</FIVE-OF-PENTACLES-ONE>
<SIX-OF-PENTACLES-ONE>
   Non aver paura di seguire i tuoi sogni e avere fiducia nelle tue decisioni. Ci saranno alcune situazioni che resteranno irrisolte, ma il tuo atteggiamento positivo ti aiuterà a rimanere tranquillo nonostante il problema. Capirai che la tua pazienza ti sta aiutando ad affrontare circostanze difficili.
</SIX-OF-PENTACLES-ONE>
<SEVEN-OF-PENTACLES-ONE>
    Arriveranno nuove idee e strade e riconoscerai immediatamente le tue capacità per ottenerne il massimo. Sarai determinato e laborioso ma un po' irrequieto e ora penserai ai modi per assicurarti il successo. Si suggerisce di non precipitarsi nelle cose prima di valutare tutte le possibilità.
</SEVEN-OF-PENTACLES-ONE>
<EIGHT-OF-PENTACLES-ONE>
    Non cercare di spingere troppo le cose o provare a distorcere le situazioni a tuo favore. Lascia che il tempo faccia il suo corso e vedrai sicuramente le cose a tuo favore. Non aspettarti che avvengano miracoli ma otterrai successo in alcuni modi inaspettati che ti terranno contento. Alcune realizzazioni potrebbero poi verificarsi e crescerai come persona.
</EIGHT-OF-PENTACLES-ONE>
<NINE-OF-PENTACLES-ONE>
    Se hai possibilità di una promozione o qualche altra opportunità, non essere timido a parlare del tuo desiderio. Ci sarà del servizio sociale che porterà fortuna, ma dal punto di vista sociale ed emotivo, dovrai prendere l'iniziativa per far funzionare le cose sul fronte personale.
</NINE-OF-PENTACLES-ONE>
<TEN-OF-PENTACLES-ONE>
    Ti suggeriamo di restare vicino ai tuoi cari perché è il momento in cui il supporto farà miracoli. Ti coinvolgerai in diverse attività che potrebbero aiutarti ad un risveglio spirituale. Incontrerai nuove persone e ci sono possibilità che tu possa essere legato a una di esse.
</TEN-OF-PENTACLES-ONE>
<PAGE-OF-PENTACLES-ONE>
    Questa carta suggerisce che hai preso delle scelte rischiose e alcune potrebbero non aver funzionato secondo le tue aspettative. Questo potrebbe sconvolgerti, ma alla fine ne uscirai a causa di una persona cara che sta diventando la tua forza guida.
</PAGE-OF-PENTACLES-ONE>
<KNIGHT-OF-PENTACLES-ONE>
    Questo è il momento in cui la tua intuizione funzionerà al meglio e ti mostrerà la strada giusta come si suol dire, "segui il tuo cuore". In breve tempo realizzerai i tuoi sogni ed è molto probabile che l'universo ti aiuti a ottenere il successo in ciò che desideri.
</KNIGHT-OF-PENTACLES-ONE>
<QUEEN-OF-PENTACLES-ONE>
    Questa carta mostra che avrai successo e riconoscimento per il duro lavoro che hai fatto, ma sarai comunque in attesa che il premio ti veda in una posizione che hai sempre desiderato. È probabile l'incontro con un vecchio amico o una persona divertente al lavoro con cui trascorrerai molto tempo
</QUEEN-OF-PENTACLES-ONE>
<KING-OF-PENTACLES-ONE>
    Se sei fedele a te stesso e agli sforzi che fai, otterrai ciò che vuoi prima di conoscerlo. Dovrai prendere nuove direzioni nella tua vita che alla fine ti aiuteranno a soddisfare le tue ambizioni. Il tuo fascino sarà al suo meglio nelle riunioni sociali.
</KING-OF-PENTACLES-ONE>
<ACE-OF-SWORDS-ONE>
   Questa carta indica che dovrai far rivivere la tua autostima per andare avanti. La fortuna ti favorirà mentre ti occuperai delle preoccupazioni e ci sarà una nuova comprensione di te stesso e di tutto ciò che ti circonda. Le cose andranno meglio anche nella tua vita personale e professionale.
</ACE-OF-SWORDS-ONE>
<TWO-OF-SWORDS-ONE>
    Sei troppo timido nell'accettare assistenza o guida da qualcuno, ma se vuoi avere una visione chiara allora dovrai permettere ad altri di mostrarti la strada. Ci saranno alcune cose in cui riuscirai a realizzare ciò che desideri nonostante le situazioni difficili e alla fine ti sentirai sicuro di te stesso.
</TWO-OF-SWORDS-ONE>
<THREE-OF-SWORDS-ONE>
    Questa carta suggerisce che dovrai metterti le tue paure alle spalle e fare le cose che ti piacciono anche se sono un po' pazze dato che questa fase sarà temporanea e dovresti sfruttarla al meglio. Cercherai di aggrapparti alle cose che hai e cercare di recuperare le cose che hai perso, ma ci sono alcune cose sulle quali non hai il controllo, quindi dovrai lasciar perdere.
</THREE-OF-SWORDS-ONE>
<FOUR-OF-SWORDS-ONE>
    Questa carta indica che è ora che tu chieda ciò che meriti e ciò per cui hai lavorato duro perché non puoi lasciare tutto al destino. Potresti dover affrontare alcune difficoltà, ma questa sarà solo una fase passeggera. Dovrai anche prenderti cura della tua salute prima di andare alla ricerca dei tuoi sogni.
</FOUR-OF-SWORDS-ONE>
<FIVE-OF-SWORDS-ONE>
   Questa carta mostra che otterrai una buona dose di successo in determinate aree che desideri ma non sarà tutto nastri e palloncini in ogni aspetto della vita. Ci saranno alcune aree in cui dovrai scendere a compromessi e anche se riuscirai a ottenere ciò che desideri, sembrerai ancora un po' insoddisfatto.
</FIVE-OF-SWORDS-ONE>
<SIX-OF-SWORDS-ONE>
    Ci saranno alcune aree in cui dovrai affrontare problemi e dovrai alzarti e combattere per te stesso piuttosto che consegnare tutto il controllo al destino. Farai qualche riflessione seria su una situazione particolare e alla fine deciderai di lasciare alcuni aspetti della tua vita alle spalle per un nuovo inizio.
</SIX-OF-SWORDS-ONE>
<SEVEN-OF-SWORDS-ONE>
   Ti sentirai un po' stressato a causa delle circostanze e dovrai bilanciare la tua vita emotiva e fisica. Troppo stress non sarà positivo e potrebbe impedirti di raggiungere il tuo obiettivo. Tuttavia riceverai supporto dai tuoi cari e ci sono possibilità di incontrare qualcuno di speciale che si rivelerà una fortuna per te.
</SEVEN-OF-SWORDS-ONE>
<EIGHT-OF-SWORDS-ONE>
    Ci saranno situazioni che si riveleranno per te molto onerose e stressanti, ma alla fine deciderai di lasciare andare queste situazioni e ricominciare da capo con nuove fonti in nuove aree con un nuovo talento o capacità. Questo ti porterà in una fase più felice e sarai felice di aver preso quelle decisioni.
</EIGHT-OF-SWORDS-ONE>
<NINE-OF-SWORDS-ONE>
    Si suggerisce di non spingere così forte e lasciare che l'universo dispieghi le cose per te. I tuoi cari giocheranno un ruolo importante nella tua vita ora e potrebbero esserci nuovi inizi o nuove realizzazioni che ti faranno sentire più sicuro di ciò che ti circonda.
</NINE-OF-SWORDS-ONE>
<TEN-OF-SWORDS-ONE>
    Questa carta mostra che man mano che procedi, vedrai che le cose si stanno rivelando molto diverse da come ti aspettavi. Ci saranno alcuni ostacoli che dovrai affrontare per un po' ma c'è ancora speranza e cercherai di non perdere la concentrazione sulla strada.
</TEN-OF-SWORDS-ONE>
<PAGE-OF-SWORDS-ONE>
    Questa carta indica che non devi arrenderti in questo momento mentre stai per ottenere ciò che volevi. Se non abbandoni la strada, molto presto troverai ciò che ti sei prefissato e, grazie al tuo stato d'animo positivo, sarai in grado di risolvere le cose con i tuoi colleghi e i tuoi cari. È molto probabile che la tua vita sentimentale migliori.
</PAGE-OF-SWORDS-ONE>
<KNIGHT-OF-SWORDS-ONE>
    Non lasciarti scoraggiare dagli ostacoli ora che sei molto vicino al tuo obiettivo e presto ti imbatterai in un chiaro percorso verso ciò che hai sempre desiderato. Ci saranno alcuni fattori che giocheranno un ruolo cruciale nell'aiutarti a raggiungere i tuoi obiettivi, ma dovrai identificare questi fattori e apprezzarli.
</KNIGHT-OF-SWORDS-ONE>
<QUEEN-OF-SWORDS-ONE>
    Non fare le cose con così tanto vigore ora che hai bisogno di rilassarti e avere pazienza per vedere i risultati desiderati. In questa fase sarai un po' irritabile e sceglieresti l'isolamento invece di approfondire la questione. I tuoi cari proveranno ad aiutarti ma cercheranno di trovare una soluzione da soli.
</QUEEN-OF-SWORDS-ONE>
<KING-OF-SWORDS-ONE>
   Questa carta mostra che non ti arrendi facilmente e seguirai i tuoi sogni fino al momento in cui li avrai raggiunti. Le cose inizieranno a essere chiare mentre unisci i punti e questo ti aiuterà immensamente. Si consiglia di non cadere in una cattiva influenza e lasciare che altri prendano le vostre decisioni.
</KING-OF-SWORDS-ONE>
<ACE-OF-WANDS-ONE>
    Presto cambierai il tuo approccio verso come conduci la tua vita. Questo ti darà un senso di appartenenza e ti farà sentire rilassato. Dovrai essere vigile poiché le opportunità non busseranno alla porta due volte e quando lo faranno, dovrai afferrarle.
</ACE-OF-WANDS-ONE>
<TWO-OF-WANDS-ONE>
    Le cose possono sembrare un po' confuse in questo momento, ma il destino ti mostrerà la strada giusta verso i tuoi obiettivi. A volte sei troppo eccitato con cose lucrose intorno a te e questo può poi portare a rimpianti, quindi ti suggerisco di evitare di prendere decisioni senza riflettere.
</TWO-OF-WANDS-ONE>
<THREE-OF-WANDS-ONE>
    Non essere troppo cinico riguardo al tuo lavoro, perché la fortuna vuole aiutarti ora ma per questo dovrai mostrare un po' di coraggio. Potresti incontrare qualcuno che si dimostrerà utile e questo sarà un segno che i bei tempi sono dietro l'angolo e che energie positive stanno scorrendo nella tua direzione.
</THREE-OF-WANDS-ONE>
<FOUR-OF-WANDS-ONE>
   Tutti commettono errori nella vita, ma è meglio accettarlo e trovare soluzioni invece di maledire il fatto che sia così. La parte buona è che te ne renderai conto e avrai il coraggio di accettarlo e affrontare le conseguenze e questo atteggiamento sarà apprezzato dai tuoi cari.
</FOUR-OF-WANDS-ONE>
<FIVE-OF-WANDS-ONE>
    Sarai in uno stato d'animo felice e cercherai di vedere tutto intorno in modo ottimista e questo ti farà sentire gratificato. Avrai una diversa immagine di ciò che desideri in mente, ma la vita avrà qualcos'altro da offrire. Ma il tuo stato d'animo positivo ti aiuterà a fare pace con ciò che ottieni e sarai soddisfatto dopo tutto.
</FIVE-OF-WANDS-ONE>
<SIX-OF-WANDS-ONE>
   Il destino deciderà di sollevare le tragedie della tua vita e presto entrerai in uno spazio molto più felice. La pazienza è la virtù che dovrai praticare per ora e ti suggerisco di non forzare le cose a essere come vuoi tu, dato che l'universo modellerà le cose alla fine per te.
</SIX-OF-WANDS-ONE>
<SEVEN-OF-WANDS-ONE>
   Dovrai essere un po' forte in questo momento e cercare di prendere il controllo della tua vita facendo in modo che le cose funzionino per te. Capirai che il coraggio è l'unico modo per aiutarti a ottenere ciò che desideri. Alla fine otterrai ciò che vuoi e tutte le apprensioni saranno messe a riposo.
</SEVEN-OF-WANDS-ONE>
<EIGHT-OF-WANDS-ONE>
    Dovrai essere un po' paziente ora dato che tutto non può accadere ad uno schioccare di dita ma ti renderai conto che stai andando nella giusta direzione. L'iniziativa e lo sforzo avranno molta importanza ora. Se queste cose sono presenti, otterrai sicuramente ciò che desideri.
</EIGHT-OF-WANDS-ONE>
<NINE-OF-WANDS-ONE>
    Ci sono momenti in cui nulla sembra essere giusto, ma questa fase di lotta dovrà essere superata con pazienza. Non arrenderti se vuoi davvero realizzare i tuoi sogni. Ti aspetteresti un finale da favola e probabilmente lo capirai, ma questo sarà determinato solo dalla tua iniziativa e resistenza.
</NINE-OF-WANDS-ONE>
<TEN-OF-WANDS-ONE>
    Otterrai successo nonostante le buche sulla tua strada. Non ti arrendi facilmente fino al momento in cui ottieni quello che vuoi e questo atteggiamento ti porterà in cima. È probabile che tu incontri nuove persone e questo è un buon segno perché a volte un colpo di fortuna da parte di un partner o di un collega può davvero fare miracoli.
</TEN-OF-WANDS-ONE>
<PAGE-OF-WANDS-ONE>
    Stai provando a fare le cose meticolosamente e questo ti porterà sicuramente molto lontano. Questo non sarà esattamente il momento migliore per le celebrazioni perché potrebbero esserci alcune notizie deludenti, ma cercherai di essere forte e gestire le cose con un approccio equilibrato.
</PAGE-OF-WANDS-ONE>
<KNIGHT-OF-WANDS-ONE>
    Questa carta suggerisce che è meglio vedere la situazione da tutti ogni prospettiva prima di prendere una decisione finale, perché a volte certe cose possono essere in ombra. Non farti prendere dal panico in situazioni difficili in quanto potrebbero essere segni di maturità e alla fine raggiungerai il tuo obiettivo.
</KNIGHT-OF-WANDS-ONE>
<QUEEN-OF-WANDS-ONE>
    Stai facendo più del necessario e questo può farti sentire stressato. Cerca di fidarti delle persone intorno a te e demanda il lavoro e vedrai che non è sempre deludente se ti fidi delle persone intorno. Ti impegnerai a fare le cose al meglio delle tue capacità e questa qualità impressionerà i tuoi capi e colleghi.
</QUEEN-OF-WANDS-ONE>
<KING-OF-WANDS-ONE>
    È sempre meglio pianificare prima le cose e poi procedere con l'esecuzione. Con questo in mente, il tuo talento scorrerà nel tuo lavoro e accompagnato dalle tue capacità comunicative, sarai in grado di meravigliare le persone nella vita personale e professionale.
</KING-OF-WANDS-ONE>
<THE-MAGICIAN-ONE>
    Questa carta indica che se l'amore è la tua preoccupazione allora puoi aspettarti un cambiamento favorevole non appena il romanticismo diventerà più forte. Se sei su un vecchio sentiero ora, allora, per inseguire i tuoi sogni, dovrai apportare alcune modifiche o ricominciare da capo con una nuova impresa o qualcuno di nuovo.
</THE-MAGICIAN-ONE>
<THE-HIGH-PRIESTESS-ONE>
   Questa carta mostra che sta per iniziare una nuova impresa e avrai bisogno di assistenza per questo. Se stai cercando una guida, qualcuno si offrirà di aiutarti e tutti i tuoi dubbi saranno risolti. Questo sarà il momento di iniziare qualcosa di nuovo in quanto ci sono possibilità che tu abbia molto successo.
</THE-HIGH-PRIESTESS-ONE>
<THE-EMPRESS-ONE>
   Questa carta indica che presto incontrerai qualcuno che sarà di grande importanza per te nella vita personale o professionale. Stai diventando irrequieto a causa di qualcosa che stai aspettando con impazienza, ma ci vorrà del tempo.
</THE-EMPRESS-ONE>
<THE-EMPEROR-ONE>
    Questa carta mostra che c'è qualcosa o qualcuno che nascerà dai tuoi sforzi. Stai sognando molte cose ora e le tue richieste stanno puntando al cielo, ma la tua fortuna dice che è un buon giorno per chiedere cose perchè è più probabile riuscire ad averle. Ci sarà qualcuno che sarà disposto a darti una guida che renderà molte cose più chiare.
</THE-EMPEROR-ONE>
<THE-HIEROPHANT-ONE>
    Per lo più porterai avanti un nuovo modo di vivere o una nuova avventura e ti travolgerà. Ci saranno alcuni ostacoli o forze che ti impediranno di seguire ciò che desideri e potresti dover affrontare alcune delusioni sulla strada.
</THE-HIEROPHANT-ONE>
<THE-LOVERS-ONE>
   Questa carta indica che dovrai affrontare molte circostanze problematiche sul percorso verso il tuo obiettivo. Ma alla fine prenderai una decisione ferma e quella decisione si rivelerà giusta. Avrai una persona che dimostrerà di essere il tuo supporto emotivo per guidarti e aiutarti in alcuni momenti difficili.
</THE-LOVERS-ONE>
<THE-CHARIOT-ONE>
   Se sei in attesa di qualcosa allora noterai presto che la vita offrirà cose migliori di quelle che ti aspetti. Ci sarà un risveglio interiore che ti aiuterà a diventare una persona migliore e ad apportare diversi cambiamenti nello stile di vita per il tuo bene.
</THE-CHARIOT-ONE>
<STRENGTH-ONE>
    Questa carta mostra che sarai in una posizione molto potente per ottenere ciò che desideri e supererà tutti gli ostacoli sulla strada. Non accetterai la sconfitta in nessuna circostanza e questo atteggiamento sarà apprezzato. Potrebbero esserci alcuni elementi che potrebbero provare a inclinare il tuo spirito, ma ne verrai fuori più forte.
</STRENGTH-ONE>
<THE-HERMIT-ONE>
    Ci sarà una certa situazione che accadrà e ti permetterà di vedere i tuoi sogni più chiaramente e sentire che sono realizzabili. Ci saranno piccoli traguardi sulla strada ma avrai gli occhi sul tuo obiettivo principale e potresti realizzarlo in modo semplice.
</THE-HERMIT-ONE>
<WHEEL-OF-FORTUNE-ONE>
    Ci sarà il caos in merito a determinate decisioni e al loro esito. Questa confusione può diventare frustrante, ma è meglio concentrarsi su nuove iniziative in quanto potrebbero essere più proficue. Dovrai rivedere quello che stai facendo e cambiare di conseguenza certe cose per il tuo bene come un'abitudine o uno stile di vita.
</WHEEL-OF-FORTUNE-ONE>
<JUSTICE-ONE>
    Questa carta indica che stavi attraversando una fase difficile che ti ha lasciato mentalmente turbato, ma presto le cose inizieranno a migliorare e ti avvicinerai a realizzare i tuoi sogni. Non affrettarti troppo e lascia che il tempo apra la strada.
</JUSTICE-ONE>
<THE-HANGED-MAN-ONE>
    Ti rendi conto di quello che vuoi nella vita, ma continui a credere che non sei pronto per intraprendere il percorso di impegni per raggiungerlo. Sentirai che ci sono certe cose a cui vuoi ancora aggrapparti o che non vuoi lasciare andare.
</THE-HANGED-MAN-ONE>
<DEATH-ONE>
    Questa carta indica che la maggior parte di quello che hai non sarà davvero quello che volevi e ormai ci sono state molte delusioni. Guadagnerai, però, stabilità e seguirai ancora una volta il tuo obiettivo e la tua ambizione e il tuo coraggio ti porteranno avanti.
</DEATH-ONE>
<TEMPERANCE-ONE>
    Questo non è il momento di prendere una seconda fila o di avere paura delle situazioni. Devi prendere il controllo e diventare il capitano della tua nave piuttosto che farla controllare da qualcun altro. Se mostri coraggio, otterrai opportunità e dipenderà da te il come le utilizzi.
</TEMPERANCE-ONE>
<THE-DEVIL-ONE>
    Questa carta suggerisce che non devi essere frettoloso nelle tue decisioni. Prenditi un po' di tempo e ripensa quello che vuoi nella vita e ascolta anche suggerimenti se necessario. Le cose non si riveleranno come vorresti nell'immediato futuro, ma ti renderai conto che questi saranno solo alcuni pezzi di un puzzle che deve ancora essere risolto.
</THE-DEVIL-ONE>
<THE-TOWER-ONE>
Devi sentirti deluso da certe perdite avvenute in passato. Ma ci sarà qualcosa di piacevole in arrivo per compensare ciò che è perduto. Ti suggeriamo di rimanere calmo in situazioni inaspettate e credere nella tua intuizione e sicuramente sarai ricompensato.
</THE-TOWER-ONE>
<THE-STAR-ONE>
Segui religiosamente il tuo percorso verso il tuo obiettivo e vedrai che le cose stanno arrivando a fagiolo e presto otterrai ciò che desideri. Noterai che le cose stanno migliorando e la tua convinzione e lealtà verso i tuoi sogni ti farà sicuramente brillare con l'aiuto e il sostegno dei tuoi cari.
</THE-STAR-ONE>
<THE-MOON-ONE>
Non prendere decisioni estreme per nulla e segui semplicemente il tuo intuito. Ci sarà presto un nuovo senso di risveglio e decidendo di lasciare le tue preoccupazioni e i tuoi sentimenti negativi, sarai in grado di condurre una vita molto più felice. Sarai in un picco emotivo ora e sarai circondato da persone positive.
</THE-MOON-ONE>
<THE-SUN-ONE>
Sei un po' gravato al momento dal fatto che le cose possano sembrare confuse e vaghe nella vita personale e professionale. Ma è meglio agire che preoccuparsi e il tuo destino ti porterà fuori da questo solo grazie al tuo duro lavoro e alla tua convinzione.
</THE-SUN-ONE>
<JUDGEMENT-ONE>
Dopo aver attraversato momenti difficili nella ricerca della felicità, le cose possono sembrare cupe, ma molto presto ci sarà un rinnovamento di mente, corpo e spirito e questo contribuirà a generare una nuova speranza nella tua vita e, se sostenuto da energia, ti guiderà a ciò che desideri
</JUDGEMENT-ONE>
<THE-WORLD-ONE>
Questa carta indica che non ti stai permettendo di essere libero e di pensare in modo libero e animato. Dovrai lasciarti libero di inseguire i tuoi sogni e solo allora sarai in grado di superare tutti gli ostacoli ed emergere vittorioso. Le cose inizieranno a tornare a posto senza sforzo solo facendo il primo passo.
</THE-WORLD-ONE>
<THE-FOOL-ONE>
    Questa carta mostra che se c'è qualcosa di cui hai bisogno allora sicuramente si farà strada verso di te. Non saprai veramente come stai ottenendo le cose che volevi ma qualcuno lassù sarà così gentile da diventare il tuo Babbo Natale e iniziare a far piovere fortuna nei modi più insoliti.
</THE-FOOL-ONE>
    </ROOT>

