<ROOT>
<ACE-OF-CUPS-ONE >Der kan være visse spændinger eller en akavet stemning, med dine pårørende og det vil gøre dig irriteret. Du glæder dig til at skabe nye forbindelser med nogen, som vil vise sig at være frugtbare, og du vil være tilfreds med hvad du får. </ACE-OF-CUPS-ONE >
<TWO-OF-CUPS-ONE >Dette kort tyder på, at du bliver nødt til at pakke dine tasker til arbejde eller af personlige grunde. På trods af visse uoverensstemmelser med dine nærmeste, vil der komme styr på tingene. Du kan betro dig til nogen, der måske ikke er tæt på dig, men stadig vil dig det bedste. </TWO-OF-CUPS-ONE >
<THREE-OF-CUPS-ONE >Der kan være forsinkelser omkring visse begivenheder, på grund af professionelle forpligtelser eller personlige problemer, som vil gøre dig ked af det. Dette kan gøre at du føler dig isoleret, men du vil indse, at dine nærmeste er ved din side, for at få dig til at hjælpe dig igennem det. </THREE-OF-CUPS-ONE >
<FOUR-OF-CUPS-ONE >Dette kort indikerer, at du skal være tålmodig omkring den næste stykke tid, der vil være meget travl og stressende for dig. Dette kan være en hård tid for dine nærmeste og du vil snart indse, hvem der virkelig bekymre sig om dig. Det foreslås, at du ikke forbliver reserveret, men prøver at dele dit problem og lade dine nærmeste hjælpe dig. </FOUR-OF-CUPS-ONE >
<FIVE-OF-CUPS-ONE >Du vil opleve dårlige tider, da du måske må opgive visse ting, som du ikke selv styre. Dette vil være en hård fase mellem dig og din elskede og i vil muligvis have en stor diskussion, der kan føre til et uønsket resultat. </FIVE-OF-CUPS-ONE >
<SIX-OF-CUPS-ONE >Den næste stykke tid kan virke som ferie for dig, da du vil have mange besøg til venner og familie. Der kan også være visse komplikationer i dit personlige liv, som kan føre til nogle kontrastresultater, men du vil håndtere det ordentligt. </SIX-OF-CUPS-ONE >
<SEVEN-OF-CUPS-ONE >Der kan være visse konflikter i din familie, og disse kan blive intense. Du vil forsøge at få hjælp til at løse situationen fredeligt. Du vil gøre det godt professionelt og forsøge at lave mange ting på samme tid og det vil lykkedes dig at gøre det godt. </SEVEN-OF-CUPS-ONE >
<EIGHT-OF-CUPS-ONE >Der kan være planlagte genforeninger med dine nærmeste, i den nærmeste fremtid, men på grund af usikkerheder må du muligvis udsætte dem. Kortet viser også at en af dine nærmeste, vil have behov for lægebesøg. Der vil være gode nyheder på vej. </EIGHT-OF-CUPS-ONE >
<NINE-OF-CUPS-ONE >Du vil muligvis planlægge en rejse eller bare tage væk i et stykke tid, men du vil udskyde det, da der du får et bedre tilbud, som du ikke siger nej til. Du kan blive en smule nostalgisk, når du beskæftiger dig med nogen af dine nærmeste der har visse lidelser, men du vil snart se på den lyse side, med hjælp fra dine venner. </NINE-OF-CUPS-ONE >
<TEN-OF-CUPS-ONE >Du må muligvis stå over for en hård situation og kan overveje at komme væk fra din familie eller dit arbejde og tro at ting ikke kunne have været værre end de er nu. Du vil få forbindelse til din følsomme side nu og komme i kontakt med din familie og venner, for at planlægge en genforening. </TEN-OF-CUPS-ONE >
<PAGE-OF-CUPS-ONE >Dette kort indikerer, at du nu vil forsøge at gøre tingene meget enklere for dig selv, og en lykkelig forandring i løbet af dit liv, vil hjælpe dig med det. Det anbefales, at du ikke udskyder ting, i forbindelse med penge, husleje eller ejendomme, da de måske ikke viser at være sig som du forventede. Du kan støde på en af ​​dine gamle venner eller elskere, og det kan føre til en sammenkomst. </PAGE-OF-CUPS-ONE >
<KNIGHT-OF-CUPS-ONE >Du tænker nu på en at flytte fra din bopæl, men vil ikke presse for hårdt på nu. Du bør være forsigtig, da nogle små ulykker er angivet omkring huset. Dine nærmeste planlægger muligvis en ferie og du vil se frem til det. Du vil være i konstant kontakt med dine venner. </KNIGHT-OF-CUPS-ONE >
<QUEEN-OF-CUPS-ONE >Der kan være meget kaos omkring dig, på grund af børn eller noget husarbejde eller gæster. Der kan være nogle problemer med familien og du bliver nødt til at handle ansvarligt eller du kan ende i en situation, du aldrig har lyst til at være i. Dette kaos vil bringe dig endnu tættere på dine venner og du vil finde trøst i dem. </QUEEN-OF-CUPS-ONE >
<KING-OF-CUPS-ONE >Der kommer en ny situation ind i dit liv, som vil fungere gunstigt for dig og bringe lykken tilbage. Du får et uventet opkald fra en ven og dette vil gøre dit humør bedre. Nogle familiemedlemmer vil diskutere problemer med dig og du med glæde hjælpe dem og vil forsøge at trøste dem så meget som muligt. </KING-OF-CUPS-ONE >
<ACE-OF-PENTACLES-ONE >Du er i en god periode lige nu og der vil være velstand på vej til dig. Du vil også have råd til at købe noget, du ikke kunne tidligere. Dit forhold til din familie vil være glædelig og sund, alt vil falde på plads. Du kan planlægge at møde nogle gamle venner eller måske ende med at have nogle spontane planer med dem. </ACE-OF-PENTACLES-ONE >
<TWO-OF-PENTACLES-ONE >Du vil opleve at et forsøg på at balancere situationer derhjemme bliver meget vanskelige. Du vil være i en distraheret fase og vil finde det svært at koncentrere dig om dit personlige liv. Disse distraktioner kan komme fra noget pres pga. arbejdet. Du vil få det bedre, når du begynder at socialisere og møde nye mennesker. </TWO-OF-PENTACLES-ONE >
<THREE-OF-PENTACLES-ONE >Dette kort indikerer, at du vil blive opslugt af nogle hobbyer eller andre aktiviteter, og en af dine nærmeste eller nogen uventet vil komme med gaver og andre muligheder. Der kan være nogle officielle vanskeligheder, som du sammen med din familie bliver nødt til at gå igennem. </THREE-OF-PENTACLES-ONE >
<FOUR-OF-PENTACLES-ONE >En forretningsmulighed, et salg eller en anden mulighed vil snart byde sig til. Dette vil kræve støtte og vejledning af dine nærmeste. Du vil lave planer med dine venner og der kan være visse ubehagelige konfrontationer, men du vil kunne klare det. </FOUR-OF-PENTACLES-ONE >
<FIVE-OF-PENTACLES-ONE >Dette kort viser, at du måske skal stå over for nogle stressende situationer, i et forsøg på at balancere psykologisk og følelsesmæssig stabilitet, men du vil blive bedt om vejledning fra visse familiemedlemmer. Du vil være følelsesladet overfor dine venner nu, men du har ikke tid til at kontakte dem. </FIVE-OF-PENTACLES-ONE >
<SIX-OF-PENTACLES-ONE >Du føler dig ikke tilfreds med visse af dine venner eller kolleger på grund af nogle problemer. Du stresser for meget over arbejdet og glemmer at slappe af. Du skal tage en pause, før det vil tage for hårdt på dig. Et familiemedlem kan virke til at være ulykkelig og ville udtrykke et ønske om at få lidt tid alene eller tage på en pilgrimsrejse. </SIX-OF-PENTACLES-ONE >
<SEVEN-OF-PENTACLES-ONE >Du vil føle dig bekymret og rastløs, da nogle af dine finanser ser ud til at sidde fast et sted, men der vil være indkomster på vej fra en anden kilde. Nogle sundhedsrelaterede problemer, vil tvinge dig til at tage en pause i et stykke tid. Du vil finde tid til at komme i kontakt med dine venner og bruge lidt tid sammen med dem. </SEVEN-OF-PENTACLES-ONE >
<EIGHT-OF-PENTACLES-ONE >Du bliver lidt forvirret og forsøger at finde løsninger på dine problemer i hjemmet. Din familie opfører sig ikke særlig pænt over for dig og der vil være forhindringer omkring dine planer. Du vil skabe balance mellem dit personlige og professionelle liv og vil bruge tid sammen med dine nærmeste. </EIGHT-OF-PENTACLES-ONE >
<NINE-OF-PENTACLES-ONE >Noget arbejde, du kan lave hjemmefra eller bare ved at foretage nogle opkald, vil holde dig beskæftiget i et stykke tid. Dine venner og familie vil være ved din side hele vejen nu og de vil guide dig, mens du træffer nogle afgørende beslutninger. Du vil være involveret i diskussioner om arbejde, der vil bringe venner og kolleger tættere på. </NINE-OF-PENTACLES-ONE >
<TEN-OF-PENTACLES-ONE >Dette kort indikerer, at du nu vil nyde sociale sammenkomster og tilbringe tid sammen med venner og familie. Du vil føle dig mere forbundet til din familie og vil bede om vejledning, som de med glæde vil give dig. Du vil møde nogle nye mennesker, og disse mennesker bliver en del af dit liv. </TEN-OF-PENTACLES-ONE >
<PAGE-OF-PENTACLES-ONE >Du kan blive lidt stresset på grund af din hektiske tidsplan og vil finde tid til at lave planer med dine nærmeste. Der kan være et partnerskab, som du ser frem til, men det vil ikke vise sig at gå ligesom du ønskede det, og det vil gøre dig ked af det. Men du vil gøre en indsats, for at få det til at fungere. </PAGE-OF-PENTACLES-ONE >
<KNIGHT-OF-PENTACLES-ONE >Du vil nu være i godt humør og måske ende med at shoppe eller gå ud og bruge en masse penge. Der vil være spændinger mellem dig og et af dine familiemedlemmer, og derfor vil du ikke være for meget sammen med personen. Du vil finde støtte i dine venner og hvis der er nogle problemer, så vil de blive løst. </KNIGHT-OF-PENTACLES-ONE >
<QUEEN-OF-PENTACLES-ONE >Dette kort indikerer at du vil lave nogle fremtidige planer, der gør at du vil tænke på din karriere, venner og familie. Du vil få en masse nye ideer, mens du snakker med dine venner. Du vil føle dig tæt på din familie og vil tilbyde hjælp med at løse nogle problemer. </QUEEN-OF-PENTACLES-ONE >
<KING-OF-PENTACLES-ONE >Du vil nu være optaget af aktiviteter, der involverer mange papirer. Du vil bruge tid sammen med dine venner og vil også få nogle fordele ved det. Du vil være i en situation, der vil friste dig til at tage ferie eller en lille udflugt med din familie, men du vil blive nødt til at sætte flere ting på pause. </KING-OF-PENTACLES-ONE >
<ACE-OF-SWORDS-ONE >Du får nogle uventede men behagelige overraskelser og du vil nyde det. Der vil være meget stress og uro derhjemme mellem familiemedlemmerne og det vil få dig til at føle dig reserveret. Du vil forsøge at betro dig til dine venner og vil forsøge at søge råd og trøst. </ACE-OF-SWORDS-ONE >
<TWO-OF-SWORDS-ONE >Der er tegn på, at du af forskellige grunde rejser ud med dine nærmeste. Du vil stå over for nogle penge relaterede problemer, men hvis du har heldet med dig, vil nogen være til stor hjælp. Bare hav tålmodighed, og alle diskussioner vil blive sat på pause i en kort tid. </TWO-OF-SWORDS-ONE >
<THREE-OF-SWORDS-ONE >Som der altid sker i familier, kan du også blive frustreret, på grund af presset der ligger på dig og de høje forventninger der er til dig. Du kan føle dig lidt urolig, på grund af du føler skyld og du vil forsøge at overbevise dig selv om, at løse tingene og komme tilbage til det normale. </THREE-OF-SWORDS-ONE >
<FOUR-OF-SWORDS-ONE >Du må muligvis gå igennem nogle juridiske papirer og det vil ikke være en behagelig oplevelse. Du vil føle dig hjælpeløs i visse situationer og du vil opleve at en af dine nærmeste går gennem en problematisk fase. Det er muligvis ikke den bedste tid at bruge sammen med venner, da du overordnet set vil føle dig skuffet. </FOUR-OF-SWORDS-ONE >
<FIVE-OF-SWORDS-ONE >Efter en lang løbet af medicin, vil du endelig slippe af med lægebesøg og få det bedre. Din familie vil føle sig nostalgisk og vil stå ved din side. Du kan blive tynget af visse ansvarsområder, og dette kan føre til frustration. Du vil også forkæle dig selv i nogle shopping især for hjemmet. </FIVE-OF-SWORDS-ONE >
<SIX-OF-SWORDS-ONE >Dette kort viser, at du måske skal stå over for nogle problemer og vanskeligheder, når du beskæftiger dig med hjemrelaterede problemer. Du vil føle en stærk forbindelse til din familie og vil forsøge at være sammen med din familie og venner meget mere nu. Du vil også forsøge at guide nogle af dine nærmeste. </SIX-OF-SWORDS-ONE >
<SEVEN-OF-SWORDS-ONE >Et pludseligt møde med en gammel ven er indikeret og det vil vise sig at være et gunstigt møde. Der kan være nogle smålige ting, som vil føje til dine problemer og få dig til at føle dig ubehagelig til mode. Du kan have argumenter og interessekonflikter med din familie, men du vil stadig opretholde de familiære bånd. </SEVEN-OF-SWORDS-ONE >
<EIGHT-OF-SWORDS-ONE >Du kan have nogle problemer med bestemte venner og du bliver nødt til at træffe nogle faste beslutninger. Der kan også være en romantisk fase, hvor dig og din elskede vil være tætte. Du vil nyde lidt kvalitetstid sammen med din familie og vil være meget glad for det. </EIGHT-OF-SWORDS-ONE >
<NINE-OF-SWORDS-ONE >Dette kort indikerer, at du nu føler dig rastløs over nogen. Der kan være nogle venner, der vil beskæftige sig med nogle penge relaterede problemer og du vil forsøge at hjælpe. Dette vil forbedre dit ry blandt dine slægtninge. Du kan også være nødt til at bevæge dig væk fra nogen eller noget, som får dig til at føle dig følelsesmæssigt sårbar. </NINE-OF-SWORDS-ONE >
<TEN-OF-SWORDS-ONE >Du vil tilmelde dig nogle kvalitetsprogrammer, som vil hjælpe dig med at udvikle dig selv som person og øge din koncentration. Du kan føle dig lidt isoleret og usikker, og vil forsøge at klare det. En af dine nærmeste kan have såret dig og det vil efterlade dig i et dilemma. </TEN-OF-SWORDS-ONE >
<PAGE-OF-SWORDS-ONE >Der kan være nogle ubehagelige nyheder på vej, som vil gøre dig i utroligt dårligt humør. Du kan planlægge at besøge et familiemedlem der bor langt væk eller omvendt. Du vil hele tiden gøre en indsats, for at opbygge og udvikle dit romantiske liv og dette vil blive værdsat af din partner eller en ven. </PAGE-OF-SWORDS-ONE >
<KNIGHT-OF-SWORDS-ONE >Dette kort indikerer, at du vil gå til flere fester og du vil blive set, værende i godt humør. Der kan være visse konfrontationer i familien og du vil være villig til at lytte og arbejde på det, for at gøre tingene bedre. Dette vil også kræve vejledning fra en af dine nærmeste. </KNIGHT-OF-SWORDS-ONE >
<QUEEN-OF-SWORDS-ONE >Dette kort indikerer, at du vil gå ind i en hård fase. Der kan komme dårlige nyheder fra alle sider, herunder dine venner og familie. Det vil være svært for dig at klare det her, men dine nærmeste vil gøre deres bedste for at gøre dig tilpas. </QUEEN-OF-SWORDS-ONE >
<KING-OF-SWORDS-ONE >Der kan være nogle konflikter med familien om din levemåde og det vil forstyrre dig. Du kan også overveje at flytte væk til et hostel eller en ny lejlighed. Du vil blive forfulgt af ulykker og helt uventet, kan du ende med at blive en del af en skandale, hvis du ikke er forsigtig. </KING-OF-SWORDS-ONE >
<ACE-OF-WANDS-ONE >Du vil have nogle problemer professionelt og i overensstemmelse med din familie, vil du beslutte at forlade jobbet og starte noget på egen hånd. Der kan være visse forsinkelser på grund af nogle papirarbejde, og du bliver nødt til at aflyse visse møder eller sammenkomster. </ACE-OF-WANDS-ONE >
<TWO-OF-WANDS-ONE >Dette kort indikerer at du vil løse dine problemer med et af dine familiemedlemmer og forsøge at få tingene tilbage til det normale. Der er store nyheder på vej og disse oplysninger vil hjælpe dig i fremtiden. Du vil være villig til at hjælpe en ven, men vil finde ud af, at hensigterne ikke er hvad du troede den ville være. </TWO-OF-WANDS-ONE >
<THREE-OF-WANDS-ONE >De ældste i din familie vil give dig nogle værdifulde råd om nogle papirer og finanser. Du vil tage en pause fra alt, for at gøre lige det du vil og det vil være et dristigt skridt. Du vil søge efter støtte fra dine venner og vil forsøge at udvide din drøm, der involverer dine nærmeste. </THREE-OF-WANDS-ONE >
<FOUR-OF-WANDS-ONE >Den nærmeste tid vil du møde stress og frustration, på grund af nogle familiekampe og konfrontationer. Men du og dine nærmeste vil endelig løse problemerne og opretholde freden. Der kan være nogen, der ikke ønsker det godt for dig og du vil forsøge at snyde dig med i noget der ikke er godt, så det anbefales at du er opmærksom. </FOUR-OF-WANDS-ONE >
<FIVE-OF-WANDS-ONE >Du vil føle dig irriteret og forstyrret på grund af nogle ukontrollable situationer, der er kommet på grund af noget udefra. Der kan være nogen, der forsøger at vandalisere din familie eller ejendom og du skal være forsigtig. Dine venner og familie hjælper dig med at gennemgå en indre renseproces. </FIVE-OF-WANDS-ONE >
<SIX-OF-WANDS-ONE >Dette kort indikerer, at selv om du ikke vil være glad omkring dine personlige bestræbelser, vil du forsøge at besøge en ven eller familie og planlægge en lykkelig tur med dem. Du må muligvis beskæftige dig med økonomiske problemer, som en slægtning går igennem. </SIX-OF-WANDS-ONE >
<SEVEN-OF-WANDS-ONE >Du bliver nødt til at kæmpe dig gennem din hektiske arbejdsplan og din familie tid og dette vil invadere dit personlige liv, hvis du ikke finder balancen. Du vil komme i kontakt med en gammel ven og dette vil være et behageligt møde. </SEVEN-OF-WANDS-ONE >
<EIGHT-OF-WANDS-ONE >Dette kort indikerer, at du bliver nødt til at kæmpe mellem dit arbejde og dit hjem og næppe vil finde nogen tid til din familie. Kortene viser også at der vil komme en fest i den nærmeste fremtid, på grund af gode nyheder i familien. Du bliver nødt til at håndtere dine venner omhyggeligt, da der kan være nogle misforståelser. </EIGHT-OF-WANDS-ONE >
<NINE-OF-WANDS-ONE >Du vil forsøge at hjælpe en slægtning med nogle juridiske forhold og relaterede papirarbejde. Nogle spørgsmål vil blive løst, med en gammel ven og en genforening er angivet. Du venter ivrigt efter nogle nyheder fra en af dine nærmeste og denne frygt vil få dig til at føle dig rastløs. </NINE-OF-WANDS-ONE >
<TEN-OF-WANDS-ONE >Der vil være en stor byrde dine skuldre pga. arbejde og du vil forsøge at opfylde dine forpligtelser. Du vil ikke kun have officielt arbejde, men også personlige spørgsmål, der skal tages hånd om. Der kan være kontroverser mellem dig og en ven eller en af dine nærmeste og du ved ikke, hvordan du gør det godt igen. Dette vil hverken være godt for dig eller din ven. </TEN-OF-WANDS-ONE >
<PAGE-OF-WANDS-ONE >Du vil gå gennem en hård fase og vil gerne isolere dig selv i et stykke tid og dette vil bekymre dine venner og familie. Du vil forsøge at ordne forskellige ting i dit liv og tage evaluerede beslutninger og ville kræve en vis støtte fra en ven. </PAGE-OF-WANDS-ONE >
<KNIGHT-OF-WANDS-ONE >En kort tur er indikeret for at forynge dig selv og du vil overveje at være mere opmærksom på dit forhold og bruge mere tid sammen med din partner. Ting vil ikke gå som forventet hos dine familiemedlemmer og venner, på grund af nogle usædvanlige lejligheder og du bliver nødt til tage dig tid til en ven, der vil søge din støtte og vejledning. </KNIGHT-OF-WANDS-ONE >
<QUEEN-OF-WANDS-ONE >Du vil være i en åndelig tilstand og vil gerne implementere selvregulering og disciplin. Der er chance for, at du vil skabe nye forbindelser eller at gamle forbindelser vil blive forynget og styrket. </QUEEN-OF-WANDS-ONE >
<KING-OF-WANDS-ONE >Dette kort indikerer at du måske skal håndtere situationer, der involverer en sygdom. Der kan være nogle rejser, der kræver, at du flytter til et andet sted. Du vil endelig blive fri for følelsen af ​​at være isoleret og ting bliver bedre. </KING-OF-WANDS-ONE >
<THE-MAGICIAN-ONE >Dit fokus er nu på ny begyndelse og det er tilrådeligt, at du ikke går efter noget, som der er minimale chancer for at få. Du vil snart få en værdifuld eller relevant hjælp, fra en af ​​dine venner. Nogle planer vil blive lavet sammen med en slægtning eller også er der chancer for en ændring i dine planer med din kæreste. </THE-MAGICIAN-ONE >
<THE-HIGH-PRIESTESS-ONE >Dette kort angiver, at der er en behagelig overraskelse på vej og du vil være begejstret for at få den. Du vil ikke føle dig knyttet til dine familiemedlemmer, på grund af lidt stress og dit forhold til dine venner kan blive bedre nu. </THE-HIGH-PRIESTESS-ONE >
<THE-EMPRESS-ONE >Du vil føle dig lidt distraheret på grund af forskellige diskussioner i din familie og du vil længes efter en vis fred i sindet. Du vil også overveje at flytte væk et stykke tid. Du vil føle dig lidt skyldig omkring noget, du gjorde med din ven og det er på tide at møde din frygt og lave nogle tilståelser. </THE-EMPRESS-ONE >
<THE-EMPEROR-ONE >Hvis du planlagde at besøge en slægtning eller en af dine nærmeste, vil besøget være vellykket, men rejsen vil ikke gå godt. Dette er en tid, hvor du vil blive omgivet af mange venner, som bliver dit supportsystem og endda inspirerer dig i et vist omfang, da du føler dig deprimeret for tiden. </THE-EMPEROR-ONE >
<THE-HIEROPHANT-ONE >Dette kort indikerer at du gerne vil have at atmosfæren i dit hjem skal være mere munter og der vil være nogle gode nyheder på vej. Du vil have en hård tid hvor du beskæftiger dig med en ven, men det vil hjælpe på situationen bare at i taler sammen og du vil kunne forstå problemet og vil i sidste ende løse situationen. </THE-HIEROPHANT-ONE >
<THE-LOVERS-ONE >Du vil nu indse, at ikke alle er dine venner og nogle af dem vil svigte dig, hvis du ikke gør noget ved det. Du vil være på god fod med din familie og kan også planlægge at i mødes, på grund af en lille fest eller nogle gode nyheder. Nogle familiemedlemmer kan også lufte deres utilfredshed, så du skal være forsigtig. </THE-LOVERS-ONE >
<THE-CHARIOT-ONE >Du vil mødes med dine gamle venner og det vil være en forfriskende forandring i dit stressfulde liv. Du vil gerne hjælpe en slægtning med problemer, men han vil ikke være villig til at lytte til noget, det får dig til at føle dig skyldig og hjælpeløs. Du skal have en stærk støtte, til at validere dine krav i forhold til din familie. </THE-CHARIOT-ONE >
<STRENGTH-ONE >Dette kort indikerer at du vil have en glædelig tid med dine venner og der kan opstå nogle gnidninger med en af ​​dine venner af det modsatte køn. Du vil have en hård tid med din familie, på grund af økonomiske grunde. Der kan være store diskussioner eller endda udfald, hvis tingene tager overhånd. </STRENGTH-ONE >
<THE-HERMIT-ONE >Der er chance for at du, efter lang tid fra hinanden, igen vil tale med et familiemedlem eller en ven. Hvis du har været udsat for nogle problemer med en kæreste, så bliver det løst. Du vil få noget vejledning om arbejde eller økonomiske forhold fra en af dine nærmeste og det vil vise sig at være meget behjælpeligt. </THE-HERMIT-ONE >
<WHEEL-OF-FORTUNE-ONE >Dette kort indikerer, at et af dine familiemedlemmer vil gøre dig meget frustreret og skuffet og du ønsker at komme væk fra den pågældende person. Du vil skulle på flere lægebesøg, på grund af en lidelse i din familie, og det vil medføre meget stress. </WHEEL-OF-FORTUNE-ONE >
<JUSTICE-ONE >Du vil sandsynligvis finde ud af, at et familiemedlem eller en slægtning står over for nogle problemer, som vil påvirke dig og dine beslutninger. Ting vil ikke gå så godt som du havde forventet, da der vil være flere komplikationer med familie og venner, men denne fase vil efterhånden passere. </JUSTICE-ONE >
<THE-HANGED-MAN-ONE >Din familie og venner vil støtte dig i det nye eventyr, du forfølger og en af dine nærmeste vil også guide dig igennem det. Der kan være visse diskussioner, men kun på grund af forandringer i perspektiv og det bliver let løst. Du bliver nødt til at gøre en indsats, for at opretholde gamle relationer. </THE-HANGED-MAN-ONE >
<DEATH-ONE >Dette kort indikerer, at det vil være velstående tid for dig og din familie og af forskellige grunde, vil du også overveje at lære noget husstandsarbejde. Der kan være nogle ændringer eller ubehagelige øjeblikke mellem dig og dine venner, på grund af nogle usædvanlige omstændigheder, men snart vil du rette op på tingene og de vil være ligesom de altid var. </DEATH-ONE >
<TEMPERANCE-ONE >Du vil bemærke, at din familie og nærmeste vil være meget støttende over for dig og give dig den rigtige form for rådgivning, i forhold til dit personlige liv. Der vil være en følelsesmæssig bølge mellem dig og en kæreste. Du bliver nødt til at bevare det kølige overblik og håndtere situationer, da du måske nemt bliver irriteret. </TEMPERANCE-ONE >
<THE-DEVIL-ONE >Dette kort indikerer at du nu vil være høj på følelser og vil finde det svært at tilsidesætte det du virkelig vil, men vil forsøge at afbalancere situationen. Der kan være en orkan af konflikter i din hjerne, da du er optaget af mange forstyrrende tanker på én gang. </THE-DEVIL-ONE >
<THE-TOWER-ONE >Dette vil ikke være en behagelig tid, da du måske skal står over for hårde tider økonomisk og personligt også. Dette kan også føre til et sammenbrud, men dine nærmeste vil hjælpe dig igennem det. Du vil være heldige og uheldig på samme tid, på grund af de forhold du står overfor. </THE-TOWER-ONE >
<THE-STAR-ONE >Du vil bemærke, at nogle af dine slægtninge kan have problemer med papirarbejde og du vil gøre dit bedste for at hjælpe. Du må måske få gode nyheder fra en person, der vil være meget stimulerende og vil give dig følelsen af ​​samvær, der får dig til at føle dig komfortabel og lettet. </THE-STAR-ONE >
<THE-MOON-ONE >Der kan opstå situationer, der gør at du føler dig sårbar, forvirret og usikker. Du tænker måske meget følelsesmæssigt på en ven eller en af dine nærmeste og det gøre at du tænker på hvad du skal gøre og hvad du ikke skal gøre. Dine planer om at mødes med en ven eller en familie vil vise sig at være meget nedslående. </THE-MOON-ONE >
<THE-SUN-ONE >Du forsøger nu at afregne ting, da du ønsker at se dit liv være mere afbalanceret. Du vil tale med dine slægtninge, men vil føle, at de ikke støtter dig. Du vil tænke på at blande forretninger med fornøjelse eller forsøge at skabe venskabsbånd på din arbejdsplads, men det vil vise sig ikke at være en god idé. </THE-SUN-ONE >
<JUDGEMENT-ONE >Dette kort indikerer at du bliver nødt til at foretage nogle meget vigtige beslutninger og det vil involvere en gammel ven eller en af dine nærmeste. Nogle gode nyheder kan også være på vej, gennem en af ​​dine venner eller slægtninge. Dit bånd til dine venner og familie vil blive stærkere. </JUDGEMENT-ONE >
<THE-WORLD-ONE >Der vil være meget pres i hovedet på dig og det kan nå sit højeste punkt, før du eksploderer. Det er på tide at tage en ferie eller rejse væk et stykke tid. Du vil søge dine venner for støtte og nogle af dem acceptere det og trøster dig. </THE-WORLD-ONE >
<THE-FOOL-ONE >Du vil være i stand til at hjælpe en af dine slægtninge, men at slægtning kan miste denne mulighed på grund af deres hensynsløshed. En person tæt på dig vil gøre dig klar over, at du handler sårbar, og derfor nogen er at drage fordel af dig, som vil vise sig at være dårligt i det lange løb.</THE-FOOL-ONE >
</ROOT>
