<?xml version="1.0" encoding="UTF-8"?>
<ROOT>
<THE-FOOL-ONE>
    Você está pronto para entrar em seu destino, então dê o salto de fé e vá em frente! Este é um momento para seguir seu coração e correr riscos, mesmo que você não saiba onde vai acabar. Esteja aberto para o que o universo quer para você e responda ao chamado mais profundo de sua alma.
</THE-FOOL-ONE>
<THE-MAGICIAN-ONE>
    Você é chamado a entrar no seu poder e aproveitar ao máximo seus talentos. Seu propósito de vida pode envolver juntar várias coisas diferentes, ou talvez canalizar um poder espiritual ou criativo para o benefício dos outros. Você está destinado a fazer mágica e pode alcançar seus maiores objetivos!
</THE-MAGICIAN-ONE>
<THE-HIGH-PRIESTESS-ONE>
    Você pode ser chamado para uma vocação espiritual, uma necessidade de se conectar e honrar o mistério da vida. Esse destino pode se manifestar de muitas maneiras diferentes, talvez por meio de um papel como sacerdote ou conselheiro, ajudando os outros a se conectarem ao espírito, ou talvez simplesmente focalizando o mistério dentro de você.
</THE-HIGH-PRIESTESS-ONE>
<THE-EMPRESS-ONE>
    Seu destino é criar, trazer algo novo e ajudar os outros a fazer o mesmo. Se você está gerando uma família, um negócio ou uma obra de arte, você é chamado a se conectar ao seu próprio poder gerativo e à sua capacidade de manifestar uma mudança tangível no mundo.
</THE-EMPRESS-ONE>
<THE-EMPEROR-ONE>
    Sua vocação provavelmente será liderar outras pessoas ou assumir um papel de autoridade. Você pode estar trabalhando dentro de uma organização, talvez como parte de um corpo diretivo. Para realmente honrar esse chamado, você precisa se dedicar àqueles que ajuda e não se concentrar em aumentar seu próprio poder.
</THE-EMPEROR-ONE>
<THE-HIEROPHANT-ONE>
    Você pode ter uma vocação como professor ou líder espiritual, transmitindo conhecimentos e tradições para a próxima geração. Seu propósito de vida pode envolver trazer mudanças positivas, usando seus ensinamentos para ajudar a curar a sociedade de heranças destrutivas e encontrar um caminho mais sustentável.
</THE-HIEROPHANT-ONE>
<THE-LOVERS-ONE>
    Seu destino é fazer conexões profundas com os outros e buscar união interna e externa. Seu propósito na vida pode ser simplesmente encontrar a pessoa ou pessoas com quem você pode construir essa conexão e, então, focar no relacionamento. Vocês poderiam se encontrar trabalhando juntos no karma passado.
</THE-LOVERS-ONE>
<THE-CHARIOT-ONE>
    Seu propósito na vida pode ser simplesmente encontrar um propósito, um objetivo específico que lhe traga satisfação e também melhore a vida dos outros. O objetivo em si é menos importante, o que é essencial é o processo de se conduzir em direção a esse objetivo e manter suas energias concentradas.
</THE-CHARIOT-ONE>
<STRENGTH-ONE>
    Seu destino neste momento é simplesmente possuir seu poder. Não poder sobre os outros, mas sua força interior e poder para superar os obstáculos e ser fiel a si mesmo. Ao liderar pelo exemplo desta maneira, você é capaz de capacitar os outros e se conectar ao seu próprio eu mais profundo.
</STRENGTH-ONE>
<THE-HERMIT-ONE>
    Seu propósito nesta vida é ganhar sabedoria e compreensão, e permitir que ela ilumine o caminho para si e para os outros. Seu caminho provavelmente será de introspecção e estudo. Às vezes, o caminho pode parecer escuro ou incerto, mas você pode confiar no seu conhecimento interior para iluminar o caminho.
</THE-HERMIT-ONE>
<WHEEL-OF-FORTUNE-ONE>
    Seu destino na vida parece mudar com as estações do ano, à medida que você sobe e desce na vida. Com o tempo, a experiência ensina que esse processo de mudança é o propósito de sua vida, aprender a crescer e se transformar mesmo em situações fora de seu controle, e ajudar os outros a fazer o mesmo.
</WHEEL-OF-FORTUNE-ONE>
<JUSTICE-ONE>
    Seu propósito na vida provavelmente se relaciona com a justiça social, para corrigir os desequilíbrios do mundo e tornar a sociedade um lugar mais justo. Sua vocação pode ser trabalhar na lei ou para uma instituição de caridade, em algum lugar você pode usar seu intelecto e lógica para tornar o mundo um lugar melhor.
</JUSTICE-ONE>
<THE-HANGED-MAN-ONE>
    Seu destino nesta vida pode não ser agir ou fazer grandes mudanças no mundo, mas retirar-se dele. Você pode ser chamado para uma vida contemplativa, conectando-se aos mistérios do espírito e renunciando ao mundo material e suas ilusões. Esse pode ser um caminho solitário, mas no qual você pode inspirar os outros.
</THE-HANGED-MAN-ONE>
<DEATH-ONE>
    Você pode estar passando por um processo de profunda transformação neste momento, o que lhe permite conectar-se mais profundamente ao seu propósito na vida e sua vocação. Ao liberar tudo o que não serve ao seu objetivo maior, você pode abrir espaço para o seu destino se manifestar.
</DEATH-ONE>
<TEMPERANCE-ONE>
    Você pode estar equilibrando seu eu criativo e espiritual neste momento, e seu propósito provavelmente se tornará mais claro à medida que você continuar com esse processo. Você pode sentir um senso de vocação em torno de ajudar os outros a se conectarem com sua criatividade, ou seu destino pode envolver trabalho de cura.
</TEMPERANCE-ONE>
<THE-DEVIL-ONE>
    Seu propósito nesta vida é quebrar as correntes que o prendem, superando o condicionamento social e o apego ao material para liberar seu poder interior. Seu destino também pode ser aprender a viver em equilíbrio, em vez de ceder a um estilo de vida de excessos e tentações.
</THE-DEVIL-ONE>
<THE-TOWER-ONE>
    Seu destino está relacionado a quebrar as estruturas que o cercam, libertar-se de sua prisão e ajudar os outros a fazer o mesmo. Mudar para longe do laço familiar pode ser assustador, mas é provável que se sinta fadado, dando-lhe a chance de curar em um nível profundo.
</THE-TOWER-ONE>
<THE-STAR-ONE>
    Esta linda e esperançosa carta sugere que o seu propósito na vida é simplesmente dar esperança aos outros, ser uma luz brilhante para aqueles que estão passando por tempos sombrios. Você é capaz de ver a imagem maior e mostrar aos outros que tudo muda, e que sempre há luz no fim do túnel.
</THE-STAR-ONE>
<THE-MOON-ONE>
    Seu destino é buscar os mistérios da vida, cavando fundo no inconsciente para entender suas emoções mais profundas e impulsos internos. Você também pode ajudar os outros a fazer o mesmo, talvez expressando suas descobertas artisticamente ou trabalhando como um conselheiro, um guia para os reinos interiores.
</THE-MOON-ONE>
<THE-SUN-ONE>
    É provável que seu propósito na vida envolva trabalhar com sua criatividade, adotar uma abordagem positiva e otimista da vida e simplesmente deixar-se brilhar. Você é o herói na jornada de seu próprio herói e tem o poder de escolher essa jornada para si mesmo e de criar a vida de sua escolha.
</THE-SUN-ONE>
<JUDGEMENT-ONE>
    Você pode ter tido uma sensação por um tempo de um chamado mais profundo, um destino que espera por você. Preste atenção à sua intuição, e seu propósito de vida provavelmente ficará mais claro. Ela pode desafiá-lo e tirar você da sua zona de conforto, mas é provável que ela se sinta fadada, algo que você simplesmente não pode ignorar.
</JUDGEMENT-ONE>
<THE-WORLD-ONE>
    Às vezes as cartas nos falam literalmente, então o seu destino pode ser ver o mundo! Seu propósito na vida provavelmente envolve adotar uma abordagem holística e escolher uma vocação que lhe permita reunir todos os segmentos de sua vida e ajudar os outros a ver os padrões de suas vidas.
</THE-WORLD-ONE>
<ACE-OF-SWORDS-ONE>
    Um novo destino está se desdobrando diante de você, embora possa não estar claro ainda exatamente o que é. Abra espaço em sua vida e em sua mente para receber os presentes do universo. Você pode estar iniciando uma nova fase de aprendizado ou estudo que o ajudará a conhecer seu propósito na vida.
</ACE-OF-SWORDS-ONE>
<TWO-OF-SWORDS-ONE>
    No fundo, você está ciente do seu propósito na vida e sente o chamado do seu destino. Mas você está lutando para fazer a escolha que o levará a isso, talvez porque os dois caminhos antes de você pareçam tão semelhantes. Conecte-se com seus sentimentos e siga seu coração e sua cabeça.
</TWO-OF-SWORDS-ONE>
<THREE-OF-SWORDS-ONE>
    Você pode estar se debatendo com dores e dores no peito neste momento, talvez sentindo que seu propósito de vida é um sonho distante. Lembre-se que os obstáculos são o caminho, e que o que você está experimentando agora pode ajudá-lo a ganhar clareza e se concentrar em manifestar seu destino.
</THREE-OF-SWORDS-ONE>
<FOUR-OF-SWORDS-ONE>
    Agora você está em um período de descanso, aprendendo a limpar sua mente e reunir suas forças. Seu propósito de vida pode estar relacionado às lições que você está aprendendo agora, ensinando-lhe as habilidades que você precisa para ajudar outras pessoas a relaxar e se curar. Tome seu tempo e permita que seu destino se desdobre quando estiver pronto.
</FOUR-OF-SWORDS-ONE>
<FIVE-OF-SWORDS-ONE>
    Você pode se distrair de seguir seu propósito de vida neste momento, se envolver em caos e discussões. Tente encontrar algum foco, escolha suas batalhas de acordo com o que você mais valoriza e deixe o resto acontecer. Não deixe que as opiniões ou expectativas dos outros atrapalhem.
</FIVE-OF-SWORDS-ONE>
<SIX-OF-SWORDS-ONE>
    Você está avançando por águas tranquilas, seguindo o chamado do destino. Certifique-se de que você não carrega os fardos do passado com você, pois eles podem impedi-lo. Você pode ter uma sensação de calma e clareza, consciente do seu caminho na vida e do que precisa fazer para cumprir o seu propósito.
</SIX-OF-SWORDS-ONE>
<SEVEN-OF-SWORDS-ONE>
    Seu destino neste momento pode ser trabalhar silenciosamente e até em segredo, especialmente se o propósito que você busca cumprir não pode ser aceito por aqueles ao seu redor. Alguns destinos não devem ser compartilhados, e você ainda pode mudar o mundo mesmo que os outros não saibam o que você fez.
</SEVEN-OF-SWORDS-ONE>
<EIGHT-OF-SWORDS-ONE>
    Você pode estar se sentindo retido de alguma forma ou até mesmo preso, incapaz de fazer as mudanças que lhe permitirão conectar-se ao propósito de sua vida. Na verdade, você tem o poder de quebrar as correntes ao seu redor e usar esse poder para cumprir seu destino. É hora de se libertar!
</EIGHT-OF-SWORDS-ONE>
<NINE-OF-SWORDS-ONE>
    Suas preocupações e ansiedade podem estar impedindo você de cumprir o propósito de sua vida ou até mesmo de entender o que é. Tentar se esforçar para descobrir as coisas às vezes pode ser contraproducente, então tente limpar sua mente e liberar suas preocupações. Um senso de perspectiva trará compreensão do seu destino.
</NINE-OF-SWORDS-ONE>
<TEN-OF-SWORDS-ONE>
    Você pode estar se sentindo sobrecarregado e incapaz de ver claramente o seu propósito de vida, especialmente se a vida tiver sido difícil por um tempo. Um novo amanhecer está chegando, trazendo uma nova compreensão do seu destino na vida. É hora de se levantar, sacudir as mágoas do passado e receber bem o que a vida tem para você em seguida.
</TEN-OF-SWORDS-ONE>
<PAGE-OF-SWORDS-ONE>
    Seu objetivo na vida neste momento é se comunicar e se conectar com os outros, e também para aprender e aumentar o seu conhecimento. Não leve muito a sério o seu senso de destino, pois você pode conseguir mais se adotar uma abordagem lúdica. Esteja aberto aos dons do universo!
</PAGE-OF-SWORDS-ONE>
<KNIGHT-OF-SWORDS-ONE>
    Você pode ter um forte senso de destino, querendo ir até lá e continuar sua busca na vida. No entanto, você pode não ter um senso de propósito, dispersando sua energia em muitas direções ao mesmo tempo. Escolha a missão mais significativa para você, concentre-se nisso e seu destino ficará claro.
</KNIGHT-OF-SWORDS-ONE>
<QUEEN-OF-SWORDS-ONE>
    Seu propósito na vida provavelmente se relaciona com sua capacidade de aprender com sua experiência e aumentar seu conhecimento e compreensão e ajudar os outros a fazer o mesmo. Você pode ter sofrido no passado, mas esse sofrimento fez de você quem você é hoje, ajudando-o a cumprir seu destino como uma mulher forte e independente.
</QUEEN-OF-SWORDS-ONE>
<KING-OF-SWORDS-ONE>
    É provável que o seu destino seja tomar conta, talvez para ser um líder no campo do pensamento e do conhecimento. Seu senso de confiança e autodomínio pode ajudá-lo a encontrar e cumprir seu propósito, talvez para ensinar ou compartilhar seu conhecimento e experiência com os outros.
</KING-OF-SWORDS-ONE>
<ACE-OF-WANDS-ONE>
    Você pode estar animado e inspirado por um senso de propósito neste momento, mesmo que você não esteja exatamente claro sobre qual é esse propósito. Seu destino pode envolver trabalho criativo ou espiritual e compartilhar sua visão com os outros. Seu caminho é o da ação, então continue se movendo e tudo será revelado.
</ACE-OF-WANDS-ONE>
<TWO-OF-WANDS-ONE>
    Você está na porta de entrada para um novo caminho, trazendo um novo sentido do seu propósito na vida. Você está colocando as fundações e colocando suas idéias em ação. Agora é a hora de avançar decisivamente, pois seu destino se revelará através da iniciativa que você tomar.
</TWO-OF-WANDS-ONE>
<THREE-OF-WANDS-ONE>
    Você está progredindo ao longo de um novo caminho neste momento, seguindo o chamado do seu destino. É provável que você esteja começando a ver os resultados de suas ações, e isso pode lhe dar um senso renovado de propósito e fé. Faça mudanças se precisar, mas não perca de vista sua visão.
</THREE-OF-WANDS-ONE>
<FOUR-OF-WANDS-ONE>
    Neste momento, o seu melhor caminho para cumprir o seu destino envolve a construção de uma base segura para a sua criatividade e crescimento. O apoio de seus entes queridos ajudará você a trabalhar para o propósito de sua vida. Encontre maneiras de dar estrutura e foco à sua visão, pois isso lhe mostrará o caminho mais claro.
</FOUR-OF-WANDS-ONE>
<FIVE-OF-WANDS-ONE>
    Você pode estar cheio de energia e pronto para correr para a batalha neste momento, mas é fácil perder o foco e se envolver em competir com as pessoas ao seu redor. Seu destino não é o mesmo que o seu, então escolha suas batalhas com sabedoria e não perca de vista sua visão.
</FIVE-OF-WANDS-ONE>
<SIX-OF-WANDS-ONE>
    Este é um momento de vitória, quando você alcançou um grande objetivo que se relaciona com o seu propósito na vida. Outros podem cantar seus louvores e ajudá-lo a celebrar tudo o que você ganhou até agora. Não perca de vista seu propósito mais elevado e use a energia disponível para você seguir para o próximo passo em seu caminho.
</SIX-OF-WANDS-ONE>
<SEVEN-OF-WANDS-ONE>
    É hora de ter a coragem de suas convicções, de manter seu senso de propósito, como aqueles ao seu redor podem estar questionando ou desafiando você. Você é facilmente capaz de se defender e de fender sua visão, portanto, não deixe que os pessimistas o superem. Seu senso de destino é forte e vai levar você adiante.
</SEVEN-OF-WANDS-ONE>
<EIGHT-OF-WANDS-ONE>
    Tudo pode estar se movendo muito rápido neste momento, seu destino se aproximando rapidamente, mesmo que você não se sinta bem preparado para isso. Seus horizontes podem ser ampliados, mudando sua compreensão do seu propósito na vida. Mantenha-se focado e mantenha sua visão, especialmente se os outros estiverem exigindo de você.
</EIGHT-OF-WANDS-ONE>
<NINE-OF-WANDS-ONE>
    Você pode estar se sentindo em apuros e defensivo neste momento, especialmente se aqueles próximos a você não tiverem um senso tão forte de propósito. Ter a coragem de suas convicções e você pode lutar contra aqueles que te prenderiam. Fortaleça sua determinação e mantenha seu propósito.
</NINE-OF-WANDS-ONE>
<TEN-OF-WANDS-ONE>
    Você pode estar se sentindo tão sobrecarregado pelos fardos que carrega que não consegue mais ver seu propósito na vida. Coloque um pouco da carga para baixo, se puder, talvez pedindo algum apoio. Uma vez que você possa ver claramente novamente, seu destino será revelado e assim será o caminho para isso.
</TEN-OF-WANDS-ONE>
<PAGE-OF-WANDS-ONE>
    Seu destino na vida neste momento é muito simples, brincar e aprender. Não se leve muito a sério, e você pode cumprir seu propósito na vida, inspirando os outros com sua abordagem curiosa e infantil. Seu destino pode ser se expressar artisticamente, ajudando os outros a entender as energias que os impulsionam.
</PAGE-OF-WANDS-ONE>
<KNIGHT-OF-WANDS-ONE>
    Você está cheio de um senso de propósito e destino, mas pode não saber exatamente onde direcioná-lo. Você pode estar em uma busca para encontrar significado em sua vida, tentando muitas coisas novas e viajando por todo o lugar. Tente focar e seu destino único se revelará.
</KNIGHT-OF-WANDS-ONE>
<QUEEN-OF-WANDS-ONE>
    É provável que você esteja confiante e seguro, com uma noção clara do seu propósito na vida. Você é capaz de se casar visão com ação para assegurar que seu destino se desenvolva como deveria, inspirando os outros com sua criatividade, habilidade de autoridade interna para continuar se movendo e crescendo.
</QUEEN-OF-WANDS-ONE>
<KING-OF-WANDS-ONE>
    Seu destino pode ser assumir um papel de liderança, guiando os outros com o benefício de sua experiência e conhecimento. Seu propósito na vida não é dominá-los ou controlá-los, ou tomar o poder para si mesmo, mas capacitar os outros a encontrar sua própria confiança e propósito de vida.
</KING-OF-WANDS-ONE>
<ACE-OF-CUPS-ONE>
    Seu propósito principal na vida provavelmente envolve conectar-se com seus sentimentos e expressar sua imaginação. Seu destino ainda pode estar se formando, e fazer um trabalho criativo ou espiritual ajudará a tornar-se mais claro. Vá com o fluxo e não tente forçar nada, e seu senso de propósito irá crescer.
</ACE-OF-CUPS-ONE>
<TWO-OF-CUPS-ONE>
    Seu destino na vida é simplesmente conectar-se, em um nível profundo de alma, com os outros e com o seu eu interior.As conexões que você faz com os outros podem parecer fadadas ou mesmo cármicas, e o seu destino é ver o seu melhor eu refletido nos olhos do outro, e refletir o seu melhor eu de volta para eles.
</TWO-OF-CUPS-ONE>
<THREE-OF-CUPS-ONE>
    Seu propósito na vida neste momento pode ser simplesmente se divertir sozinho, se conectar com os outros e se divertir juntos. Vivemos em um mundo onde o sofrimento é frequentemente visto como um caminho para aprender sobre si mesmo, mas alegria e felicidade podem ser igualmente significativas e mudar a vida.
</THREE-OF-CUPS-ONE>
<FOUR-OF-CUPS-ONE>
    Você pode estar atrasando seu destino neste momento, talvez sentindo que está preso em uma rotina e incapaz de seguir em frente. Você pode precisar romper com padrões emocionais que não são mais úteis. Seu propósito na vida pode ser revelado quando você muda a energia estagnada ao seu redor e vê seus muitos presentes.
</FOUR-OF-CUPS-ONE>
<FIVE-OF-CUPS-ONE>
    Você pode estar se sentindo confuso e desprovido de propósito neste momento, especialmente se recentemente sofreu uma perda. Arranje tempo para lamentar o que passou, mas depois mude sua perspectiva. Muitos presentes ainda estão disponíveis para você e guardam o segredo do seu destino.
</FIVE-OF-CUPS-ONE>
<SIX-OF-CUPS-ONE>
    Você pode ter se concentrado em lembranças felizes ultimamente, olhando para o passado com óculos cor-de-rosa.   Lembrar os bons momentos da sua infância pode lhe dar pistas sobre o seu propósito na vida, talvez despertar uma paixão antiga ou lembrá-lo de quem você costumava ser.
</SIX-OF-CUPS-ONE>
<SEVEN-OF-CUPS-ONE>
    O destino pode lhe oferecer uma miríade de possíveis destinos neste momento, todos igualmente tentadores. Em vez de mexer um pouco em cada um deles, escolha aquele que te chama mais fortemente, aquele que lhe dá arrepios. Os outros podem ser interessantes, mas acabarão por ser menos gratificantes.
</SEVEN-OF-CUPS-ONE>
<EIGHT-OF-CUPS-ONE>
    É provável que recentemente você tenha tomado medidas para avançar em direção ao seu destino, talvez saindo de sua zona de conforto e fazendo um novo começo. Você pode ter deixado para trás tudo o que construiu até agora e sentir medo do que o futuro pode trazer. Segure seu propósito e tudo ficará bem.
</EIGHT-OF-CUPS-ONE>
<NINE-OF-CUPS-ONE>
    O universo tem sido generoso com você ultimamente, e você pode estar se sentindo como se todos os seus desejos estivessem à beira de se tornar realidade. Todas as peças estão no lugar para você abraçar o seu propósito de vida. Não fique muito complacente, lembre-se de que ainda haverá muito trabalho pela frente. Mas, por enquanto, aproveite este tempo de abundância!
</NINE-OF-CUPS-ONE>
<TEN-OF-CUPS-ONE>
    Você pode sentir que tem tudo o que deseja na vida, cercado por aqueles que ama e se sentindo emocionalmente seguro. No entanto, é provável que em breve você comece a se perguntar se há algo mais, algo que o ajudará a se sentir realizado como indivíduo, assim como em seus relacionamentos. Um novo ciclo está chegando e um novo destino.
</TEN-OF-CUPS-ONE>
<PAGE-OF-CUPS-ONE>
    Seu propósito na vida neste momento é se conectar com seus sentimentos e sua imaginação, para expressá-los de novas maneiras. Você pode ser chamado para dar forma às suas emoções, talvez para expressá-las artisticamente, ou encontrar outra maneira de torná-las tangíveis. Ouça seus sonhos e intuição, pois eles revelarão seu destino.
</PAGE-OF-CUPS-ONE>
<KNIGHT-OF-CUPS-ONE>
    Você pode ter uma sensação de um grande destino esperando por você e estar pronto para partir e procurá-lo. É provável que você seja romântico e idealista por natureza, então tente encontrar um equilíbrio entre imaginar um propósito profundo e significativo para sua vida e encontrar uma vocação que lhe permita alcançá-lo.
</KNIGHT-OF-CUPS-ONE>
<QUEEN-OF-CUPS-ONE>
    Seu destino está em seus sonhos neste momento, então encontre maneiras de dar vida à sua imaginação e intuição. Seu propósito na vida pode ser fazer conexões compassivas com os outros, ajudando-os a se conectarem à sua criatividade ou espiritualidade à medida que você se conecta a esses aspectos de si mesmo.
</QUEEN-OF-CUPS-ONE>
<KING-OF-CUPS-ONE>
    Você pode ser chamado para assumir a liderança neste momento, talvez em um empreendimento criativo ou artístico. Sua compaixão natural e imaginação fazem deste um destino que você está feliz em cumprir. Tente não dominar o processo ou perder de vista suas próprias emoções, pois seu propósito na vida é se conectar e não se separar.
</KING-OF-CUPS-ONE>
<ACE-OF-PENTACLES-ONE>
    Seu propósito na vida neste momento pode ser buscar segurança material ou desenvolver um novo talento que você tenha descoberto recentemente. As coisas podem não estar claras neste ponto, então foque no que você mais valoriza e faça disso sua prioridade, e seu destino logo se manifestará.
</ACE-OF-PENTACLES-ONE>
<TWO-OF-PENTACLES-ONE>
    Você pode sentir que sua vida é um processo constante de equilíbrio neste momento, e que você não pode seguir seu destino enquanto estiver lidando com tantas exigências. Lembre-se de que a jornada é importante e considere as habilidades que você está desenvolvendo neste momento, que o ajudarão a manifestar seu propósito na vida.
</TWO-OF-PENTACLES-ONE>
<THREE-OF-PENTACLES-ONE>
    Você está construindo seu próprio destino neste momento, talvez até literalmente. Você tem a oportunidade de criar algo maior que a soma de suas partes, possivelmente trabalhando como parte de uma equipe. Seu objetivo é construir algo que irá durar, desenvolvendo suas próprias habilidades e talentos ao longo do caminho.
</THREE-OF-PENTACLES-ONE>
<FOUR-OF-PENTACLES-ONE>
    Você pode estar se esforçando para manifestar seu destino neste momento, pois está se apegando ao seu senso de segurança e relutando em deixar sua zona de conforto. No entanto, o seu propósito de vida não é apenas para construir riqueza material, mas para se conectar a uma sensação mais profunda de abundância que não depende de posses físicas.
</FOUR-OF-PENTACLES-ONE>
<FIVE-OF-PENTACLES-ONE>
    É possível que você esteja se sentindo isolado neste momento e que a vida pareça uma luta. No entanto, a experiência que você está ganhando vai lhe trazer mais perto de cumprir seu destino e encontrar seu propósito na vida. Você será capaz de se relacionar compassivamente com aqueles que estão passando por momentos difíceis semelhantes e apoiá-los.
</FIVE-OF-PENTACLES-ONE>
<SIX-OF-PENTACLES-ONE>
    Seu propósito na vida está se manifestando neste momento como um processo de troca de energia. Pode ser que você tenha uma abundância que possa compartilhar com os outros, ou que sofra de uma falta e precise de ajuda dos outros. Ao oferecer ou aceitar ajuda, você abre o caminho para o seu destino se manifestar.
</SIX-OF-PENTACLES-ONE>
<SEVEN-OF-PENTACLES-ONE>
    Você pode ter sentido o chamado do seu destino ultimamente, e já estar fazendo mudanças para permitir que você o manifeste. Você está levando o seu trabalho para um nível mais profundo, dedicando sua vida a algo mais significativo do que você fez até agora e cumprindo o seu propósito.
</SEVEN-OF-PENTACLES-ONE>
<EIGHT-OF-PENTACLES-ONE>
    Seu propósito na vida agora está relacionado ao seu trabalho e às habilidades que você está desenvolvendo. Por enquanto, o trabalho pode ser tranquilo e rotineiro, mas é essa profundidade de prática e atenção que lhe permitirá alcançar um novo destino como mestre em seu campo.
</EIGHT-OF-PENTACLES-ONE>
<NINE-OF-PENTACLES-ONE>
    Você já alcançou tanto, manifestando seu propósito de vida como um ser independente e forte, autoconfiante e habilidoso. Você tem a confiança nascida da experiência. Desfrute dessa sensação de segurança e autoridade interna, e considere como você pode abraçar um novo destino compartilhando sua experiência e conhecimento com os outros.
</NINE-OF-PENTACLES-ONE>
<TEN-OF-PENTACLES-ONE>
    Seu senso de destino pode se relacionar com o seu passado ou suas raízes, para onde você veio e para onde está indo. Você já conseguiu muito, fornecendo estabilidade e abundância para sua família escolhida. Agora é hora de um novo capítulo, um novo propósito, aprofundando sua compreensão e senso de segurança.
</TEN-OF-PENTACLES-ONE>
<PAGE-OF-PENTACLES-ONE>
    Você está à beira de encontrar um novo propósito na vida, então reserve um tempo para explorar as possibilidades e considerar o que você mais valoriza. Talentos recentemente descobertos podem estar implorando para serem desenvolvidos, e adquirir novas habilidades também pode lhe dar uma sensação renovada de seu destino na vida.
</PAGE-OF-PENTACLES-ONE>
<KNIGHT-OF-PENTACLES-ONE>
    Seu propósito na vida neste momento provavelmente será simples, buscando fazer o seu trabalho, progredir continuamente e desenvolver suas habilidades e senso de segurança. Enquanto outros podem procurar um grande destino, é mais provável que você esteja contente com a vida simples, buscando contentamento e felicidade em seu trabalho.
</KNIGHT-OF-PENTACLES-ONE>
<QUEEN-OF-PENTACLES-ONE>
    Seu destino na vida provavelmente incluirá cuidar dos outros, assim como de você mesmo, e também se conectar profundamente com a terra e o meio ambiente. Seu propósito pode ser servir pessoas que você ama com compaixão e honrar os dons da natureza. Você é uma energia fértil e seu destino é criar algo novo e bonito neste mundo!
</QUEEN-OF-PENTACLES-ONE>
<KING-OF-PENTACLES-ONE>
    Você pode ser chamado para construir e administrar, talvez para criar e manter as estruturas que mantêm nossa sociedade funcionando. Seu destino é fazer esse trabalho com criatividade e compaixão, capacitando os outros em vez de se concentrar em seu poder e no cumprimento de suas ambições pessoais.
</KING-OF-PENTACLES-ONE>
</ROOT>

