<?xml version="1.0" encoding="utf-8" ?>
<ROOT>
<ACE-OF-CUPS-ONE >Diese Karte zeigt, dass Sie mit sich zufrieden sind und dass Gefühle von Liebe, Vergnügen und Romantik Sie beherrschen. Wahrscheinlich treffen Sie jemanden, der Sie mag, was zu einer Romanze führen kann. Sind Sie schon in einer Beziehung, werden Sie und Ihr Partner diese vielleicht absichern wollen. </ACE-OF-CUPS-ONE >
<TWO-OF-CUPS-ONE >Sie wollen Ihr Liebesleben festigen und klären deshalb offene Fragen mit Ihrem Partner. Sie fühlen sich ruhelos und können Ihrem Partner nicht die volle Aufmerksamkeit widmen, da es etwas gibt, was Sie belastet und verwirrt. Zeigen Sie Stärke und treffen Sie konkrete Entscheidungen bezüglich Ihrer Gefühle. </TWO-OF-CUPS-ONE >
<THREE-OF-CUPS-ONE >Diese Karte zeigt, dass Ihre Gefühle jetzt sehr verletzlich sind und viel Aufmerksamkeit verlangen. Sie wollen Ihre Fürsorge und Zuwendung gegenüber Ihrem Partner oder Ihren Lieben ausdrücken. Es gelingt Ihnen, die Dinge entwickeln sich gut und Romantik wird Ihr Leben bestimmen. </THREE-OF-CUPS-ONE >
<FOUR-OF-CUPS-ONE >Die Lust auf einen neuen Partner beschäftigt Sie jetzt. Wenn Sie in einer Partnerschaft sind, kommen Sie sich extrem nahe. Mögliche Probleme dabei lösen Sie nun. Es ist eine etwas unruhige Zeit, da Sie nach Harmonie streben und das Bild eines glücklichen Paares vor Augen haben. </FOUR-OF-CUPS-ONE >
<FIVE-OF-CUPS-ONE >Emotionen bestimmen Ihr Verhalten und Sie streben eine ernsthafte Beziehung an, die geprägt ist von Verständnis und Zuwendung; das kann sogar einen Ihrer Freunde betreffen. Sie erkennen jetzt, dass es nicht der richtige Weg wäre, sich selbst aufzugeben, nur um eine Beziehung am Leben zu halten, die sich am Ende als eher destruktiv erweist. </FIVE-OF-CUPS-ONE >
<SIX-OF-CUPS-ONE >Diese Karte zeigt, dass Sie trotz des Hingezogenfühlens zu einer besonderen Person einige großartige Erfahrungen machen werden, die Sie in unterschiedliche Richtungen führen. Sie wollen viel für Ihren Partner tun, aber es bleibt die Unsicherheit über Ihre gemeinsame Zukunft als ein Paar. </SIX-OF-CUPS-ONE >
<SEVEN-OF-CUPS-ONE >Sie sind sich Ihrer Gefühle nicht sicher und suchen nach dem richtigen Weg zu dem Partner, den Sie sich wünschen. Ein großes Arbeitspensum und verschiedene andere Probleme verhindern, dass Sie genug Zeit für Ihren Partner finden. Eine Begegnung mit jemandem ist für Singles sehr erfolgreich. </SEVEN-OF-CUPS-ONE >
<EIGHT-OF-CUPS-ONE >Eine Beziehung erweist sich als eher uninteressant, so dass Sie diese nicht weiter verfolgen. Ihre Beziehung wird stressig und unsicher, was zu Ärger und sogar zu Auseinandersetzungen führen kann. Sie werden eine Beziehung beenden, die sich als traumatisch erwiesen hat. </EIGHT-OF-CUPS-ONE >
<NINE-OF-CUPS-ONE >Sie streben nun nach einer wahren Beziehung; das kann mit einer Person sein, die Sie gerade kennengelernt haben. Sie wollen Ihr Zusammensein interessanter gestalten, aber auf unterschiedlichen Wege. Über diese Partnerschaft denken Sie gründlich nach und auch, wenn Sie diese wollen, so lassen Sie die damit verbundenen Risiken vorsichtig agieren. </NINE-OF-CUPS-ONE >
<TEN-OF-CUPS-ONE >Bei dieser Karte suchen Sie eine befriedigendere und erfüllendere Beziehung und bauen dabei auf die volle Unterstützung Ihres Partners. Leichte Meinungsverschiedenheiten hinterlassen ein Gefühl von Anspannung bei Ihnen. Romantik wird nach einer neuen Begegnung großgeschrieben. Auch eine Hochzeit wird möglich. </TEN-OF-CUPS-ONE >
<PAGE-OF-CUPS-ONE >Ihr Harmoniestreben ist ausgeprägt und Sie wollen eine konkrete Zukunft mit Ihrem Geliebten aufbauen. Dabei sind Sie recht ungeduldig, aber alles braucht seine Zeit. Sie wünschen jemanden neben sich, wollen geliebt und umsorgt werden, da Sie nicht wieder allein und einsam sein wollen. </PAGE-OF-CUPS-ONE >
<KNIGHT-OF-CUPS-ONE >Mit Ihrem Partner eine neue Umgebung zu erleben wird Sie begeistern und die Menschen um Sie herum werden Sie bestärken, diesen Weg der Liebe einzuschlagen. Als Single werden Sie jetzt die Initiative ergreifen, eine längerfristige Beziehung aufzunehmen. </KNIGHT-OF-CUPS-ONE >
<QUEEN-OF-CUPS-ONE >In einer gesellschaftlichen Runde werden Sie anerkannt und haben eine große Chance, jemanden zu treffen, der Ihnen sehr gut gefällt. Mit etwas Einsatz kann diese Begegnung sehr romantisch verlaufen. Wenn Sie in einer langen Beziehung sind, entscheiden Sie sich jetzt für eine Hochzeit. </QUEEN-OF-CUPS-ONE >
<KING-OF-CUPS-ONE >Diese Karte signalisiert, dass Sie nach jemandem suchen, mit dem Sie Ihr Leben teilen und eine romantische Zeit verbringen können. Sie machen sich geradezu auf die Jagd nach dieser Person, die Ihnen als idealer Partner vorkommt; aber das fällt Ihnen nicht leicht. Diese Person will beeindruckt sein, um daraus etwas Dauerhaftes werden zu lassen. </KING-OF-CUPS-ONE >
<ACE-OF-PENTACLES-ONE >Jetzt beginnt ein neuer Abschnitt in Ihrem Leben. Sie mögen sich rastlos wie nie zuvor fühlen, da Sie nicht die erwartete Zuneigung und das Verständnis Ihres Partners bekommen, was Sie sehr enttäuscht. </ACE-OF-PENTACLES-ONE >
<TWO-OF-PENTACLES-ONE >Es mögen einige Schwierigkeiten auftreten, die Sie und Ihr Partner gemeinsam überwinden müssen. Das wird Sie leicht verunsichern, aber auf längere Sicht können Sie wegen Ihrer verständnisvollen Art und mithilfe eines Freundes damit fertig werden. </TWO-OF-PENTACLES-ONE >
<THREE-OF-PENTACLES-ONE >Sie und Ihr Partner fühlen Ihre Beziehung wachsen, was Schritte auf eine gemeinsame Zukunft ermöglicht. Als Single ist es jetzt eine gute Zeit, etwas Passendes zu finden, was durchaus an einem ungewöhnlichen Ort passieren kann. </THREE-OF-PENTACLES-ONE >
<FOUR-OF-PENTACLES-ONE >Sie werden eine Partnerschaft nur dann aufrechterhalten können, wenn beide mit Geduld und Verständnis zusammenarbeiten. Sollte das nicht funktionieren, werden Sie sich trennen und einen neuen Weg mit neuen Möglichkeiten einschlagen. </FOUR-OF-PENTACLES-ONE >
<FIVE-OF-PENTACLES-ONE >Sie sehnen sich geradezu danach, jemand zu sein oder etwas zu tun, was Sie schon seit langer Zeit anstreben. Auch gibt es die Möglichkeit, dass Ihr Partner Sie betrügt oder umgekehrt. Keine gute Zeit für Menschen in einer Beziehung. </FIVE-OF-PENTACLES-ONE >
<SIX-OF-PENTACLES-ONE >Sie wünschen sich Ihre erste große Liebe zurück. Ein Gefühl von Einsamkeit kann auftreten, wenn Sie spüren, dass sich Ihr Partner von Ihnen entfernt. Sie müssen sich klar darüber werden, was Sie wirklich im Leben wünschen und wie viel Sie bereit sind, dafür zu tun. </SIX-OF-PENTACLES-ONE >
<SEVEN-OF-PENTACLES-ONE >Größere Meinungsverschiedenheiten zwischen Ihnen und Ihrem Partner lassen diese Zeit schwierig sein, ja es könnte sogar zum Ende der Beziehung kommen. Sollten Sie schon lange verheiratet sein, dann werden Sie diese Beziehung auf den Prüfstand stellen. </SEVEN-OF-PENTACLES-ONE >
<EIGHT-OF-PENTACLES-ONE >Jetzt sind Sie sehr locker und genießen Ihr Dasein. Sie sind jetzt recht spekulativ und machen sich Gedanken über die Zukunft. Bald wird Ihre romantische Seite die Oberhand gewinnen. </EIGHT-OF-PENTACLES-ONE >
<NINE-OF-PENTACLES-ONE >Diese Karte zeigt, dass Sie nach neuen und belebenden Dingen in Ihrem Leben Ausschau halten. Altbewährtes geben Sie zugunsten von neuen Dingen auf. Vielleicht müssen Sie einige Zeit auf Ihren Partner verzichten und werden eine Entscheidung treffen, die sich als richtig erweist. </NINE-OF-PENTACLES-ONE >
<TEN-OF-PENTACLES-ONE >Für Liebe haben Sie im Augenblick keine Zeit, da Ihre Gedanken mit familiären Angelegenheiten oder beruflichen Dingen beschäftigt sind. Ihre Stimmung könnte sich durch Begegnung mit alten Freunden oder Bekannten heben, was aber den Abstand zu Ihrem Partner leider nicht verkleinert. </TEN-OF-PENTACLES-ONE >
<PAGE-OF-PENTACLES-ONE >Eine recht unruhige Situation bringt Sie zum Nachdenken über Ihre Beziehung. Sie sind da recht unsicher und treffen unter Umständen eine Entscheidung, ob Ihre Beziehung eine Zukunft haben kann oder nicht. </PAGE-OF-PENTACLES-ONE >
<KNIGHT-OF-PENTACLES-ONE >Jetzt bemühen Sie sich um Stabilität in Ihrer Liebesbeziehung und wollen die gemeinsame Zeit genießen. Diese Harmonie wollen Sie nicht durch irgendwelche Zweifel oder Bemerkungen stören, aber dennoch sollten Sie mutig und realistisch sein. </KNIGHT-OF-PENTACLES-ONE >
<QUEEN-OF-PENTACLES-ONE >Sie fühlen sich jetzt stark von jemandem angezogen, der ebenfalls Interesse an Ihnen zeigt. Sie freuen sich auf eine Beziehung mit dieser Person, da diese Vergnügen und Lebenslust verspricht. </QUEEN-OF-PENTACLES-ONE >
<KING-OF-PENTACLES-ONE >Unzufriedenheit oder Enttäuschung wegen eines nicht eingehaltenen Versprechens Ihres Partners zeigt diese Karte. Sollten Sie in einer Beziehung sein, dann findet kein offener Meinungsaustausch statt. Soll die Beziehung aber funktionieren, dann ist genau das aber wichtig. Verbringen Sie mehr Zeit miteinander, um sich besser kennen zu lernen. </KING-OF-PENTACLES-ONE >
<ACE-OF-SWORDS-ONE >Sie suchen jetzt persönliche Befriedigung in Ihrer Beziehung. Es ist jetzt an der Zeit, die Chance einer neuen Liebe zu nutzen, die Sie befriedigen und starke Emotionen in Ihnen auslösen wird. Wenn Sie in einer Partnerschaft sind, dann wird das Band zwischen ihnen stärker. </ACE-OF-SWORDS-ONE >
<TWO-OF-SWORDS-ONE >Sie wollen im Leben vorankommen und suchen verzweifelt nach Liebe. Tatsächlich könnten Sie jetzt Glück haben, dass Sie genau jetzt Mr. /Ms. Right begegnen. Wenn Sie in einer Beziehung sind, wird diese wachsen und Sie werden Qualitäten in ihm/ihr entdecken, die Sie sich vorstellen. </TWO-OF-SWORDS-ONE >
<THREE-OF-SWORDS-ONE >Sie wünschen sich nichts sehnlicher als das Ihr Partner zu Ihnen zurückkommt. Sollte das nicht geschehen, werden Sie diese Beziehung vermutlich aufgeben, da Sie keine Geduld mehr haben. Vielleicht erkennen Sie, dass Liebe oft mit Leid und einem gewissen Risiko verbunden ist. </THREE-OF-SWORDS-ONE >
<FOUR-OF-SWORDS-ONE >Sie sind auf einer Woge des Spiritualität und spüren ein Verlangen, sich selbst besser kennen zu lernen. Sie versuchen eine Verbindung mit Ihrem inneren Selbst herzustellen. Möglicherweise verlieren Sie den Kontakt zur Außenwelt, werden aber letztlich Frieden finden. Eine Verabredung wird möglich mit jemanden, der ein Auge auf Sie geworfen hat. </FOUR-OF-SWORDS-ONE >
<FIVE-OF-SWORDS-ONE >Zweifellos sind Sie jetzt auf der Suche nach Liebe. Vorausgegangen ist vielleicht eine Liebes-Enttäuschung. Sie werden Selbstvertrauen erst wieder finden müssen, sollten aber auf jeden Fall nach vorn schauen. </FIVE-OF-SWORDS-ONE >
<SIX-OF-SWORDS-ONE >Ärger im Paradies kann angezeigt sein und nichts läuft so wie erhofft. Gerade im Liebesleben scheinen sich Ihre Bemühungen nicht ausgezahlt zu haben. Vielleicht gibt es Verwirrung bezüglich der Zukunft und Sie werden sich anstrengen müssen. </SIX-OF-SWORDS-ONE >
<SEVEN-OF-SWORDS-ONE >Eine schwierige Zeit für Sie und Ihrem Partner, da Meinungsverschiedenheiten auftreten und sogar das Ende der Beziehung einläuten könnte. Sollten Sie in einer Beziehung sein, werden Sie diese auf den Prüfstand stellen. </SEVEN-OF-SWORDS-ONE >
<EIGHT-OF-SWORDS-ONE >Jetzt sind Sie recht locker drauf. Sie spekulieren gern und denken über Ihre Zukunft nach. Ihre romantische Seite wird bald die Oberhand gewinnen. </EIGHT-OF-SWORDS-ONE >
<NINE-OF-SWORDS-ONE >Sie suchen jetzt nach neuen und unbekannten Zielen im Leben. Sie möchten Altbekanntes hinter sich lassen. Vielleicht müssen Sie sich eine Zeit lang von Ihrem Partner trennen und eine Entscheidung treffen, die auf jeden Fall die richtige sein wird. </NINE-OF-SWORDS-ONE >
<TEN-OF-SWORDS-ONE >Liebe beschäftigt Sie jetzt nicht, da Ihre Gedanken sich um Familie oder Arbeit drehen. Sie versuchen, Ihre Stimmung zu verbessern, indem Sie sich mit Freunden oder Verwandten treffen, was aber den Abstand zu Ihrem Partner nicht gerade vermindert. </TEN-OF-SWORDS-ONE >
<PAGE-OF-SWORDS-ONE >Diese Karte signalisiert, dass es eine unruhige Zeit für Sie gibt. Sie machen sich Gedanken über Ihre Beziehung, da Sie verunsichert sind. Unter Umständen treffen Sie eine verantwortliche Entscheidung, ob Ihre Beziehung eine Zukunft hat oder auch nicht. </PAGE-OF-SWORDS-ONE >
<KNIGHT-OF-SWORDS-ONE >Die jetzt suchen Sie in einer Liebesbeziehung Frieden und wollen die Zeit mit Ihrem Partner genießen. Diese Harmonie möchten Sie jetzt nicht durch unpassende Bemerkungen stören, doch sollten Sie durchaus mutig sein und die Dinge beim Namen nennen. </KNIGHT-OF-SWORDS-ONE >
<QUEEN-OF-SWORDS-ONE >Sie fühlen sich jetzt zu jemandem stark hingezogen, der auch Interesse an Ihnen zeigt. Eine Beziehung mit dieser Person können Sie sich vorstellen, da diese aufregend und voller Leben zu sein verspricht. </QUEEN-OF-SWORDS-ONE >
<KING-OF-SWORDS-ONE >Sie haben das Gefühl, dass Ihr Partner Versprechungen nicht einhält, worüber Sie enttäuscht und verärgert sind. In einer Beziehung fehlt es an einem offenen Meinungsaustausch, der aber für das Funktionieren extrem wichtig ist. Vielleicht können Sie mehr Zeit miteinander verbringen. </KING-OF-SWORDS-ONE >
<ACE-OF-WANDS-ONE >Sie suchen jetzt nach einer ernsthaften und langfristigen Beziehung und sind nicht wirklich an unverbindlichen Flirts interessiert. Entweder bemühen Sie sich um einen neuen Anfang oder in einer Beziehung könnte es zu einer Hochzeit kommen. Mit einem Familienmitglied können Sie endlich Probleme diskutieren. </ACE-OF-WANDS-ONE >
<TWO-OF-WANDS-ONE >Sie hoffen und freuen sich darauf, dass bald etwas Gutes passiert. Möglicherweise kommt jemand auf Sie zu und bittet um Hilfe, was zu einer weitergehenden Beziehung führen kann. Sie suchen jetzt nach Liebe und Freundschaft. Meinungsverschiedenheiten innerhalb der Familie können Sie jetzt lösen. </TWO-OF-WANDS-ONE >
<THREE-OF-WANDS-ONE >Freuen Sie sich auf einige Anträge, was Ihre Entscheidung nicht unbedingt leicht macht. Auf jeden Fall eine gute Zeit für Partnerschaften und trotz Ihrer Unsicherheiten wollen Sie sich mit der Liebe Ihres Lebens zusammentun. Alle Schwierigkeiten im Zusammenleben sind jetzt überwindbar. </THREE-OF-WANDS-ONE >
<FOUR-OF-WANDS-ONE >Ein wieder Treffen mit einem Freund sorgt für gute Stimmung, vielleicht dass er Sie rettet oder Sie verbringen einfach eine gute Zeit miteinander. Diese Aufmunterung brauchen Sie auch, da es in der Liebe gerade nicht so gut läuft. </FOUR-OF-WANDS-ONE >
<FIVE-OF-WANDS-ONE >Es fällt Ihnen schwer, sich jetzt auf eine Sache zu konzentrieren. Zu vieles geht Ihnen durch den Kopf, Sie finden keine Zeit für Ihren Partner oder für gesellschaftliche Zusammenkünfte. Es kann jetzt zu unverbindlichen Flirts kommen. </FIVE-OF-WANDS-ONE >
<SIX-OF-WANDS-ONE >In der Liebe verfolgen Sie neue Wege. Jemand, der sie bewundert, versucht Sie zu beeindrucken, was Ihnen gefällt. Möglicherweise erleben Sie eine Situation, die sie Sie dazu zwingt, notwendige Veränderungen vorzunehmen, die alles zum Besseren wenden. </SIX-OF-WANDS-ONE >
<SEVEN-OF-WANDS-ONE >Liebe liegt in der Luft und Herzensangelegenheiten bestimmen Ihr Dasein. Sie zeigen jetzt Ihre romantische Seite und tun viel für Ihren Partner. Das sieht nach 100-prozentiger Übereinstimmung aus, aber von bestimmten Dingen werden Sie sich verabschieden müssen, um das Leben zu führen, das Sie möchten. </SEVEN-OF-WANDS-ONE >
<EIGHT-OF-WANDS-ONE >Sie fühlen sich jetzt in einer Gesellschaft sehr wohl und Herzensangelegenheiten bestimmen Ihr Leben und Ihr Denken. Sie denken positiv und Ihr Partner und Sie unternehmen sehr viel gemeinsam. Ihr Partner ist Grund für positive Veränderungen. Mit kleineren Enttäuschungen werden Sie aber fertig werden müssen. </EIGHT-OF-WANDS-ONE >
<NINE-OF-WANDS-ONE >Endlich zahlen sich Ihre Anstrengungen aus, auch engagieren Sie sich in der Gesellschaft. Es treten aber schon widersprüchliche Gedanken und Meinungsverschiedenheiten auf, die teilweise lautstark ausgetragen werden können. </NINE-OF-WANDS-ONE >
<TEN-OF-WANDS-ONE >Die Karte zeigt, dass Ihr Liebhaber Sie wegen bestimmter Vorfälle im Unklaren lässt, was Sie neugierig und ruhelos macht. Sie spüren, dass Ihr Partner Ihnen gegenüber Vorbehalte hat, was zu einem Gefühl der Isolation führt. Aber Ihr Einsatz in der Beziehung kann das wieder gutmachen. </TEN-OF-WANDS-ONE >
<PAGE-OF-WANDS-ONE >Es kann einige Unruhe in Ihrer Beziehung geben und Sie werden mit Veränderungen bei Ihrem Partner konfrontiert. Sie kommen zurzeit nicht wirklich gut miteinander aus und trotz aller Bemühungen scheint die Beziehung den Höhepunkt überschritten zu haben. </PAGE-OF-WANDS-ONE >
<KNIGHT-OF-WANDS-ONE >Sie sind mit der Entwicklung Ihrer Beziehung nicht zufrieden und möchten diese Missverständnisse ausräumen, bevor Schlimmeres daraus entsteht. Sie werden jemanden treffen, den zu kennen Sie glauben und werden mit dieser Person eine tiefergehende Verbindung eingehen. </KNIGHT-OF-WANDS-ONE >
<QUEEN-OF-WANDS-ONE >Sie werden jetzt eine ganz besondere Person treffen und überlegen, ob Sie mit ihr eine Beziehung eingehen sollen. Auch ein Bewunderer von Ihnen könnte Ihnen begegnen und das Feuer der Liebe entzünden. Das kann zu einer sehr leidenschaftlichen romantischen Liebesaffäre werden, auf die Sie schon lange gewartet haben. </QUEEN-OF-WANDS-ONE >
<KING-OF-WANDS-ONE >Einige Probleme in Ihrem Umfeld lassen Sie indifferent und emotionslos sein, von Ihrem Partner fühlen Sie nicht genug verstanden. Sie möchten nicht enthüllen, was Sie wirklich über die Welt denken, was Spannungen verursachen kann. Einen kühlen Kopf bewahren ist die Devise. Auch ein Heiratsantrag kann auf dem Weg sein. </KING-OF-WANDS-ONE >
<THE-FOOL-ONE >Sollten Sie in einer Beziehung sein, zeigt die Karte, dass Sie in Ihrem Liebesleben neu motiviert und mit Feuereifer dabei sind. Als Single werden Sie in Kürze eine aufregende Person treffen. Ihr Liebesleben lässt sich als spontan, vertrauensvoll und fröhlich bezeichnen. Für eine schöne und erstrebenswerte Zukunft sollten Sie alte Beziehungen fallen lassen. </THE-FOOL-ONE >
<THE-MAGICIAN-ONE >In der kommenden Zeit helfen Ihnen ihr Selbstbewusstsein und Ihre Gelassenheit, Ihr Liebesleben zu managen. Mit Ihrem Vertrauen und Ihrem Liebreiz werden Sie es schaffen, das andere Geschlecht für sich einzunehmen. Wenn Sie in einer Partnerschaft sind, lernen Sie vielleicht verborgene Seiten an Ihrem Liebsten kennen. Wahrscheinlich hängt Ihr Partner interessiert an Ihren Lippen und saugt jedes Wort auf, das Sie sagen. </THE-MAGICIAN-ONE >
<THE-HIGH-PRIESTESS-ONE >Die Karte schlägt vor, dass Sie an ihre Fähigkeit glauben sollten, Menschen und Situationen eines gesunden Liebeslebens wegen richtig einschätzen. Sie müssen unabhängige Entscheidungen über Dinge treffen, die Ihr Liebesleben angehen. In einer Beziehung wird Ihr Partner Ihnen vermutlich einen wichtigen Rat geben. Eine unbekannte Seite an ihm wird Sie überraschen, positiv oder negativ. </THE-HIGH-PRIESTESS-ONE >
<THE-EMPRESS-ONE >Eine bestehende oder sich entwickelnde Partnerschaft scheint Sie jetzt sehr zu beschäftigen. Wenn Sie in keiner Partnerschaft sind, dann wünschen Sie sich das sehnlichst. Ihrer beider besitzergreifende Natur könnte im Liebesleben Aufregung mit sich bringen. Sie sollten Geduld und Vertrauen haben, um Stabilität in Ihr Liebesleben zu bekommen. </THE-EMPRESS-ONE >
<THE-EMPEROR-ONE >In der näheren Zukunft haben Sie Erfolg in Ihrer Beziehung. Eine vertraute Person wie Ihr Vater, Bruder, Freund usw. kann Ihnen einen wertvollen Rat in Liebesdingen geben. Vermutlich können Sie Ihre gegenwärtige Beziehung kontrollieren und noch eine Zeit beherrschen. Ihr Partner unterstützt Sie in allen Aspekten ohne zu fragen. Achten Sie darauf, dass Sie nicht zu viel verlangen, sonst würden Sie Ihren Partner emotional verletzen. </THE-EMPEROR-ONE >
<THE-HIEROPHANT-ONE >Ein offenes und flexibleres Denken könnte eine positive Veränderung in Ihr Liebesleben bringen. Sollten Sie eine Hochzeit planen, brauchen Sie Geduld, um die kleinen Hindernisse auf dem Weg dorthin aus dem Weg zu räumen. Sturheit bringt Sie nicht weiter. Im Gegenteil. Offenheit und das Zügeln Ihres Temperamentes bringen die Lösung. </THE-HIEROPHANT-ONE >
<THE-LOVERS-ONE >Sie scheinen geradezu im Liebesrausch zu sein. Schöne und erinnerungswürdige Zeiten in einer Beziehung kündigen sich an. Sie werden vermutlich in Ihrem Liebesleben vor eine Entscheidung gestellt, die Ihnen nicht leicht fällt. Hören Sie auf Ihr Herz und nicht den Verstand und Sie werden die richtige Entscheidung treffen. Gefühlsmäßig sind Sie zu 100 % bei Ihrem Partner. Gerade jetzt sollten Sie nicht flirten oder betrügen. </THE-LOVERS-ONE >
<THE-CHARIOT-ONE >Ihr Liebesleben wird etwas turbulent. Sie werden sich schon anstrengen müssen, um da herauszukommen. In der näheren Zukunft werden Ihre romantischen Affären eine Veränderung erfahren. Den wechselnden Emotionen Ihres Partners begegnen Sie am besten mit viel Geduld. Am Ende wird aber Ihre Liebe aufblühen. </THE-CHARIOT-ONE >
<JUSTICE-ONE >Ein Gefühl für Balance und Normalität in Ihrer gegenwärtigen Beziehung würde gut tun. Anscheinend gibt es entweder ein Übermaß oder einen Mangel an Emotionen, sodass es Ihrem Liebesleben an Stabilität mangelt. Die oben angesprochene Balance gelingt Ihnen am besten, wenn Sie Ihrer Liebesaffäre unvoreingenommen begegnen. Familie und Karriere sollten Sie gleichwertig behandeln. Ihre Aufrichtigkeit und das Vertrauen sind für Ihre Beziehung von entscheidender Bedeutung. Einen möglichen Fehler Ihrerseits sollten Sie sofort korrigieren. </JUSTICE-ONE >
<THE-HERMIT-ONE >Nehmen Sie sich Zeit, Ihr Liebesleben zu analysieren. Denn Sie spüren eine gewisse Ungeduld, wie es gegenwärtig läuft. Ein kühler Kopf und das Vermeiden von überstürzten Entscheidungen sind jetzt angesagt. Wenn Sie einen Rat brauchen, wenden Sie sich an einen Älteren oder Erfahreneren. Wenn Sie sich beide in Ihrer Partnerschaft genügend Raum lassen, werden Sie die Hindernisse aus dem Weg räumen können. </THE-HERMIT-ONE >
<WHEEL-OF-FORTUNE-ONE >Die Karte signalisiert, dass Sie auf dem Weg zu einer sehr freudvollen und besonderen Phase Ihres Liebeslebens sind. Das Glück ist auf Ihrer Seite und sie werden die Liebe Ihres Lebens finden. Was zu regeln ist, regeln Sie vernünftig. Ihr Traumpartner wird bald da sein. Damit sind alle Bedenken und Probleme bezüglich einer zukünftigen Beziehung obsolet. Im Gegenteil, Sie werden sich wie im siebten Himmel fühlen. </WHEEL-OF-FORTUNE-ONE >
<STRENGTH-ONE >Sie werden jetzt eine entschlossenere und bessere Haltung dem Leben gegenüber zeigen und deshalb auch in Ihrer Beziehung Erfolg haben. Sollten Sie bestimmte Erfahrungen der Vergangenheit vergessen wollen, ist jetzt wohl die richtige Zeit dafür. Ihre Beziehung läuft glatt und Sie können leicht Ziele erreichen, für die Sie schon lange kämpfen. Mit Ihrer Entschlusskraft und Intelligenz lösen Sie alle Liebesprobleme. </STRENGTH-ONE >
<THE-HANGED-MAN-ONE >Vielleicht müssen Sie sich jetzt in einer Beziehung etwas zurücknehmen. Es könnte Spannungen zwischen ihnen geben. Geduld und ruhiges Überlegen kann da nur von Vorteil sein. Denn die möglichen Auseinandersetzungen spielen sich auf der emotionalen Ebene ab. Nehmen Sie auch einmal der Standpunkt des anderen an und bleiben Sie offen in Ihrem Denken. </THE-HANGED-MAN-ONE >
<DEATH-ONE >Es könnte jetzt zu dramatischen Veränderungen in Ihrem Liebesleben kommen. Gegenwärtig fühlen Sie sich möglicherweise traurig und niedergeschlagen. Das mündet dann in einen Schwall von menschlichen Emotionen, was Sie dazu bringt, die Bedeutung einer kommenden Veränderung einzusehen. Ihre Liebesbeziehung könnte schwer auf die Probe gestellt werden. Ihr Charakter ist gefordert, um diese Phase zu gewinnen. </DEATH-ONE >
<TEMPERANCE-ONE >Ihre Beziehungen bleiben nicht frei von Konflikten und es fällt Ihnen schwer, eine Entscheidung zu treffen. Sie und ihr Partner haben unterschiedliche Auffassungen über die verschiedensten Dinge, was zu Tumult führen kann. Kooperation und Geduld ermöglichen wohl die beste Lösung. Es könnte Ihnen dann aber gelingen, die Harmonie in Ihre Beziehung zurückzubringen. </TEMPERANCE-ONE >
<THE-DEVIL-ONE >Die Zeiten sind nicht leicht. Lustgefühle, Gier, Leidenschaft oder gar eine Sucht können Ihre Beziehung gefährden. Vielleicht wollen Sie diese auch total dominieren. Sie müssen stark sein, um allen Versuchungen zu widerstehen. Für einen flüchtigen Augenblick fühlen Sie sich vielleicht dominierend, aber diesen Weg zu beschreiten verheißt nichts Gutes für Ihre Beziehung. Passen Sie auf, denn die Karte ist eine Warnung, nicht die absolut falschen Schritte zu unternehmen. </THE-DEVIL-ONE >
<THE-TOWER-ONE >Die nahe Zukunft kann Ihnen die schlimmsten Phasen in Ihrem Liebesleben bescheren. Sie begegnen unerfreulichen und unliebsamen Situationen in Ihrer Partnerschaft. Gerade wenn sie unerwartet kommen, werden Sie sich eine Zeit lang isoliert und einsam fühlen. Diese Veränderung wird Ihnen aber neue Wege und Möglichkeiten zeigen, ihr gegenwärtiges Liebesleben zu verbessern. Sie werden einfach diese neuen Erfahrungen aufnehmen müssen, am besten mit viel Geduld. </THE-TOWER-ONE >
<THE-STAR-ONE >Verstehen Sie diese Karte als gutes Omen für die nähere Zukunft. Sie zeigt die Möglichkeit eine gesunde Beziehung zu beginnen. Auch signalisiert sie, dass Sie ihre gegenwärtige Beziehung auf eine höhere Ebene bringen können. Sie spüren einfach eine bessere emotionale und spirituelle Verbindung zu Ihrem Partner. Vergangene Liebeserfahrung werden Sie jetzt nicht mehr belasten und Sie sehen optimistisch in die Zukunft. </THE-STAR-ONE >
<THE-MOON-ONE >Alle Ihre Gedanken beschäftigen sich jetzt mit Ihrer Beziehung. Sie fühlen sich vielleicht durch ihre gegenwärtige Situation wie gefesselt. Vermutlich erfahren Sie einige Geheimnisse, die jetzt ans Licht des Tages kommen und die Ihre Beziehung belasten können. Aber machen Sie sich nicht zu viele Sorgen. Bleiben Sie offen und unternehmen Sie ernsthafte Anstrengungen, die Zweifel zu überwinden. Wenden Sie sich einem anderen Hobby zu, um wieder auf die richtige Spur zu kommen. </THE-MOON-ONE >
<THE-SUN-ONE >In Ihrer Beziehung spüren Sie frische und aufregende Vibrationen. Wenn Sie jetzt nicht verliebt sind, dann wird das in Kürze geschehen. Eine romantische Angelegenheit, die nicht erfolgreich zu sein schien, entwickelt sich jetzt sehr positiv. Ein romantischer Urlaub oder etwas Ähnliches wären jetzt gut. Die nähere Zukunft sieht einfach toll aus. Sorgen Sie dafür, dass sie das Beste aus dieser Phase machen. </THE-SUN-ONE >
<JUDGEMENT-ONE >Sie sind jetzt aufgefordert, Ihre Umgebung mit offenen Augen und offenen Ohren wahrzunehmen. Zwar scheinen alles Ihnen zuzufallen, doch bedarf es schon Anstrengungen, um alle Chancen zu nutzen. Sollten Sie gerade nicht verliebt sein, wird sich das bald ändern. Verschwenden Sie dann nicht zu viel Zeit und stellen Sie die entscheidende Frage. Haben Sie jemanden in der Vergangenheit fallen gelassen, könnte Ihnen das jetzt passieren. Aber am Ende wird doch alles gut. </JUDGEMENT-ONE >
<THE-WORLD-ONE >Diese Karte markiert das Ende Ihrer Schwierigkeiten und kündigt die angenehme und befriedigende Zeit mit Ihrem Liebling an. Ihre Beziehungen läuft so, wie Sie es sich immer vorgestellt haben. Ihr Partner unterstützt und ermutigt si Sie e und erkennt Ihren Fleiß an. Es sollte jetzt zu einem Aufblühen Ihrer Liebe kommen. Sollten Sie Single sein, so ist die Wahrscheinlichkeit Mr./Ms. Right zu treffen jetzt außerordentlich groß.</THE-WORLD-ONE >
    </ROOT>
