<?xml version="1.0" encoding="utf-8" ?>
<ROOT>
<ACE-OF-CUPS-ONE >Det kan hända att det finns vissa spänningar eller tafatthet med dina släktingar som kan skapa irritation. Du kommer att se fram emot att knyta nya kontakter med någon som kommer att vara givande och du blir nöjd med det du får. </ACE-OF-CUPS-ONE >
<TWO-OF-CUPS-ONE >Detta kort tyder på att du kommer att behöva packa väskan för arbete eller personliga skäl. Trots vissa meningsskiljaktigheter med nära och kära, kommer saker att redas ut så småningom. Du kanske börjar lita på någon som inte är mycket nära dig, men som du kommer att känna dig nära. </TWO-OF-CUPS-ONE >
<THREE-OF-CUPS-ONE >Det kan uppstå fördröjning av vissa händelser på grund av yrkesmässiga åtaganden eller personliga frågor som kommer att lämna dig något upprörd. Denna känsla kan göra att du känner dig isolerad, men du kommer att inse att dina nära och kära kommer att stå vid din sida för att få dig att må bättre. </THREE-OF-CUPS-ONE >
<FOUR-OF-CUPS-ONE >Detta kort visar att en mycket hektisk period kommer som måste behandlas med tålamod. Detta kan vara en testtid för dina nära och kära och du kommer snart att inse vilka som verkligen bryr sig om dig. Det föreslås att du inte förblir ointresserad men försöker dela ditt problem och låta dina nära och kära att hjälpa dig. </FOUR-OF-CUPS-ONE >
<FIVE-OF-CUPS-ONE >Detta kanske inte är en trevlig tid eftersom du kan behöva ge upp vissa saker som är utom din kontroll. Detta blir en tuff fas mellan dig och din älskade och detta kan också förvandlas till en större argument som kan leda till oönskade resultat. </FIVE-OF-CUPS-ONE >
<SIX-OF-CUPS-ONE >Detta kan verka som en semestertid för dig eftersom det kan uppstå många besök till vänner och släktingar. Det kan också finnas vissa komplikationer i ditt personliga liv som kan leda till en del kontraster, men du kommer att hantera det på ett bra sätt. </SIX-OF-CUPS-ONE >
<SEVEN-OF-CUPS-ONE >Det kan finnas vissa meningsskiljaktigheter i din familj och detta kan lätt bli intensivt. Du kommer att försöka få en del hjälp för att lösa situationen på ett fredligt sätt. Du kommer att göra bra ifrån dig professionellt, och försöka balansera många saker, och kommer att göra ett bra jobb. </SEVEN-OF-CUPS-ONE >
<EIGHT-OF-CUPS-ONE >Det kan uppstå återträffar som är planerade med dina nära och kära men på grund av osäkerhet, kan du behöva skjuta upp besök för att uppsöka läkare för nära och kära. En del trevliga nyheter kommer att vara på väg. </EIGHT-OF-CUPS-ONE >
<NINE-OF-CUPS-ONE >Du kommer att planera en resa eller en resa för att komma bort en stund, men kommer att skjuta upp detta då något bättre kommer din väg. Du kan bli lite nostalgisk genom någon typ av sjukdom som drabbar någon av dina nära och kära men ljusare tider väntar med hjälp av dina vänner. </NINE-OF-CUPS-ONE >
<TEN-OF-CUPS-ONE >Du kan behöva möta en tuff situation och kan överväga att lämna en del av din familj eller ditt arbete och tänka att saker inte kunde ha varit värre än de är nu. Du kommer att ansluta till din känslomässiga sida nu och komma i kontakt med din familj och vänner för att planera en återförening. </TEN-OF-CUPS-ONE >
<PAGE-OF-CUPS-ONE >Detta kortet visar att du nu kommer att försöka göra det mycket enklare för dig själv och en lycklig förändring under ditt liv kommer att hjälpa dig med detta. Det rekommenderas att du inte försöker för hårt när det kommer till saker relaterade till pengar, hyra eller egendom då det kan sluta på ett sätt du inte förväntat dig. Du kan stöta på en av dina gamla vänner eller älskare och detta kan leda till tid tillsammans. </PAGE-OF-CUPS-ONE >
<PAGE-OF-CUPS-ONE >Du funderar nu över att byta bostad men kommer inte driva saker för hårt. Du bör vara försiktig eftersom några små olyckor indikeras runt huset. Dina nära och kära kan planera en semester och du kommer att se fram emot den. Du kommer att vara i ständig kontakt med dina vänner. </PAGE-OF-CUPS-ONE >
<QUEEN-OF-CUPS-ONE >Det kan hända att du upplever en hel del kaos i ditt hem på grund av barn eller någon slags husarbete eller gäster. Det kan finnas vissa problem med familjen och du kommer att behöva agera ansvarsfullt eller så kan du hamna i en situation som du aldrig ville vara i. Detta kaos kommer att göra att du närmar dig dina vänner där du hittar tröst. </QUEEN-OF-CUPS-ONE >
<KING-OF-CUPS-ONE >Det uppstår en ny situation i ditt liv som kommer att agera gynnsamt för dig och föra tillbaka lyckan. Du får ett oväntat samtal från en vän och detta kommer att lyfta ditt humör. Några släktingar kommer att diskutera problem med dig och du kommer vara glad att hjälpa dem och kommer att försöka trösta dem så mycket som möjligt. </KING-OF-CUPS-ONE >
<ACE-OF-PENTACLES-ONE >Du är i en behaglig period just nu och välstånd är på väg. Du kommer också att kunna ha råd att köpa något som du inte kunde göra tidigare. Din relation med din familj kommer att vara lycklig och hälsosam där allt faller på plats. Du kanske planerar att träffa några gamla vänner eller bestämmer en något mer spontan plan med dem. </ACE-OF-PENTACLES-ONE >
<TWO-OF-PENTACLES-ONE >Du kommer upptäcka att försöka balansera situationer i hemmet kommer bli mycket svårare. Du kommer att vara i en distraherad fas och kommer få svårt att koncentrera dig på ditt liv. Dessa distraktioner kan vara vissa påtryckningar från ditt arbete. Du kommer att må bättre när du börjar umgås och träffar nya människor. </TWO-OF-PENTACLES-ONE >
<THREE-OF-PENTACLES-ONE >Detta kortet visar att du kommer att bli uppslukad av en eller några hobbys eller vissa andra aktiviteter och en älskad eller någon oväntad kommer att stiga fram med gåvor och andra möjligheter. Det kan finnas vissa allmänna svårigheter du och din familj tillsammans behöver gå igenom. </THREE-OF-PENTACLES-ONE >
<FOUR-OF-PENTACLES-ONE >En affärsmöjlighet, försäljning eller vissa andra möjligheter kommer snart att dyka upp. Detta kommer att kräva stöd och vägledning av dina nära och kära. Du kommer att planera med dina vänner och det kan finnas vissa obehagliga konfrontationer, du kommer dock att kunna hantera detta. </FOUR-OF-PENTACLES-ONE >
<FIVE-OF-PENTACLES-ONE >Detta kortet visar att du kan behöva möta några stressiga situationer och försöka balansera psykologisk och emotionell stabilitet men kommer bli tillfrågad om vägledning från vissa familjemedlemmar. Du kommer att agera känslomässigt för dina vänner nu men inte hitta tid att kontakta dem. </FIVE-OF-PENTACLES-ONE >
<SIX-OF-PENTACLES-ONE >Det kan hända att du inte känner frid med några av dina vänner eller kollegor på grund av vissa problem. Du stressar dig själv med arbete utan någon avkoppling och du behöver ta en paus innan det tar för mycket på dig. En medlem i din familj kan tyckas olycklig och vill uttrycka en önskan att spendera lite tid ensam eller gå på en egen pilgrimsfärd. </SIX-OF-PENTACLES-ONE >
<SEVEN-OF-PENTACLES-ONE >Du kommer känna dig orolig och rastlös då din ekonomi verkar ha problem, men det blir inflöde av pengar från någon annan källa. Vissa hälsorelaterade problem tvingar dig att ta en paus ett tag. Här finner du tid att komma i kontakt med dina vänner och spendera lite tid med dem. </SEVEN-OF-PENTACLES-ONE >
<EIGHT-OF-PENTACLES-ONE >Du kommer att vara lite förvirrad med att försöka hitta lösningar på dina hem relaterade problem. Din familj kanske inte betett sig så smidigt mot dig nu och det kan bli hinder i dina planer. Du kommer att kunna hitta en balans mellan ditt personliga och professionella liv och du kommer att tillbringa tid med dina nära och kära. </EIGHT-OF-PENTACLES-ONE >
<NINE-OF-PENTACLES-ONE >En del jobb som fungerar att göra hemifrån eller bara genom att ta några samtal kommer att hålla dig upptagen ett tag. Dina vänner och familj kommer att vara vid din sida varje steg nu och de guidar dig medan du tar avgörande beslut. Du kommer att delta i diskussioner angående arbete som kommer att dra dina vänner och kollegor närmre. </NINE-OF-PENTACLES-ONE >
<TEN-OF-PENTACLES-ONE >Detta kortet visar att du nu kommer att njuta av sociala sammankomster och spendera tid med vänner och familj. Du kommer att känna mer ansluten till din familj och kommer att be om vägledning som de gärna ger dig. Det är dags att du träffar några nya människor och dessa människor kommer att bli en del av ditt liv. </TEN-OF-PENTACLES-ONE >
<PAGE-OF-PENTACLES-ONE >Du kan bli lite stressad på grund av ditt hektiska schema och kommer försöka planera på att gå ut med nära och kära. Det kan finnas ett partnerskap som du kommer att se fram emot men som inte kommer vara det sättet som du tänkt dig, och detta kommer att störa dig. Men du kommer att anstränga dig för att få det att fungera. </PAGE-OF-PENTACLES-ONE >
<KNIGHT-OF-PENTACLES-ONE >Du kommer nu att vara energisk och det kan sluta med att du shoppar eller går ut för som leder till större utgifter. Det kommer att finnas vissa spänningar mellan dig och en av dina familjemedlemmar och på grund av detta kommer du att avstå från att vara med dem för mycket. Du hittar nu stöd hos dina vänner och om det fanns några skillnader då, kommer det att bli löst. </KNIGHT-OF-PENTACLES-ONE >
<QUEEN-OF-PENTACLES-ONE >Detta kortet visar att du kommer att göra framtida planer genom att hålla din karriär, vänner och familj i åtanke. Det kommer att uppstå några friska idéer medan du pratar med dina vänner. Du kommer att känna dig nära din familj och kommer att erbjuda hjälp för att lösa vissa problem. </QUEEN-OF-PENTACLES-ONE >
<KING-OF-PENTACLES-ONE >Du kommer nu att vara upptagen med aktiviteter som kräver massa pappersarbete. Du kommer att spendera tid med dina vänner och kommer också att få några fördelar. Du kommer att vara i en sådan situation att det lockar dig att gå på semester eller en liten utflykt med din familj men saker kommer att hållas på is. </KING-OF-PENTACLES-ONE >
<ACE-OF-SWORDS-ONE >Du kommer att få några oväntade men trevliga överraskningar och du kommer njuta av dessa. Det blir en stor press och oro hemma mellan familjemedlemmarna och detta gör att du känner reserverad. Du kommer att försöka lita på dina vänner och kommer att försöka leta efter råd och tröst. </ACE-OF-SWORDS-ONE >
<TWO-OF-SWORDS-ONE >Det finns indikationer på att du ställer till det med dina nära och kära av olika skäl. Du kommer att möta några pengar relaterade problem och om lyckan visar sig, kommer några att vara till stor hjälp. Ha bara tålamod så kommer alla argument att läggas till vila under en kort stund. </TWO-OF-SWORDS-ONE >
<THREE-OF-SWORDS-ONE >Eftersom det händer i alla familjer, kan du bli frustrerad på grund av trycket från höga förväntningar. Du kan känna lite orolig på grund av vissa skuld och du kommer att försöka övertyga dig själv att lösa saker och komma tillbaka till det normala. </THREE-OF-SWORDS-ONE >
<FOUR-OF-SWORDS-ONE >Du kan behöva gå igenom viss juridiskt pappersarbete och detta lär inte bli en trevlig upplevelse. Du kommer känna dig hjälplös i vissa situationer då du ser en älskad person gå igenom en orolig fas. Det kanske inte är den bästa tiden att spendera med vänner då du kommer att känna dig besviken </FOUR-OF-SWORDS-ONE >
<FIVE-OF-SWORDS-ONE >Efter en lång tid av medicinering, kommer du äntligen att bli av med dina läkarbesök och bli bättre. Din familj kommer att känna sig nostalgisk och kommer stå vid din sida. Du kan tyngas av vissa skyldigheter och detta kan leda till frustration. Du kommer också njuta av lite shopping speciellt för hemmet. </FIVE-OF-SWORDS-ONE >
<SIX-OF-SWORDS-ONE >Kortet visar att du kan behöva möta några problem och svårigheter medan hem relaterade frågor. Du kommer att känna en stark kontakt med din familj och försöka att vara med din familj och vänner mycket mer nu. Du kommer också försöker hjälpa några av dina nära och kära. </SIX-OF-SWORDS-ONE >
<SEVEN-OF-SWORDS-ONE >En plötslig möte med en gammal vän indikeras och detta kommer att visa sig vara gynnsamt. Det kan finnas några futtiga saker som kommer att lägga till dina problem och att du känner dig obekväm. Du kan ha argument och intressekonflikt med din familj men du kommer fortfarande hålla kontakten. </SEVEN-OF-SWORDS-ONE >
<EIGHT-OF-SWORDS-ONE >Det kan finnas vissa problem när det gäller vissa vänner och du kommer att behöva ta några fasta beslut. Det kan också finnas en romantisk fas där du kommer att ansluta med din älskare. Du kommer att njuta av kvalitetstid med din familj och kommer vara oerhört glad över detta. </EIGHT-OF-SWORDS-ONE >
<NINE-OF-SWORDS-ONE >Detta kortet visar att du nu känner dig rastlös över någon. Det kan finnas vissa släktingar som kommer att stå i problem med pengar och du kommer att försöka hjälpa. Detta kommer att förbättra ditt rykte bland dina släktingar. Du kan också behöva flytta bort från någon eller något som kommer att lämna dig med känslan av sårbarhet. </NINE-OF-SWORDS-ONE >
<TEN-OF-SWORDS-ONE >Du kommer att registrera vissa kvalitetsprogram som hjälper dig att utveckla dig själv som person och öka din koncentration. Du kan känna dig lite isolerad och osäker men kommer att försöka klara upp detta. En kär bekant kan ha sårat dig och detta kommer att lämna dig i ett dilemma. </TEN-OF-SWORDS-ONE >
<PAGE-OF-SWORDS-ONE >Det kan vara några obehagliga nyheter på väg som kommer förstöra ditt humör oerhört. Du kanske planerar att besöka en släkting till en fjärran plats eller vice versa. Du tar ständigt försök att bygga och utveckla ditt romantiska liv och detta kommer att uppskattas av din partner eller en vän. </PAGE-OF-SWORDS-ONE >
<KNIGHT-OF-SWORDS-ONE >Detta kortet visar att du kommer att vara energisk under en tid och du kommer uppträda så här vid många tillfällen. Det kan finnas vissa konfrontationer i familjen och du kommer att vara villiga att lyssna och arbeta med att göra saker bättre. Detta kommer också att kräva viss vägledning från en älskad. </KNIGHT-OF-SWORDS-ONE >
<QUEEN-OF-SWORDS-ONE >Detta kort visar att det blir en grov fas för dig. Det kan vara dåliga nyheter kommer från alla sidor inklusive dina vänner och familj. Det blir svårt för dig att klara upp detta men dina nära och kära kommer att försöka sitt bästa för att du ska känna dig tillfreds. </QUEEN-OF-SWORDS-ONE >
<KING-OF-SWORDS-ONE >Det kan finnas vissa konflikter med familjen när det gäller ditt sätt att leva och detta kommer att störa dig. Du kan också överväga att flytta bort till ett vandrarhem eller en ny lägenhet. Problem kommer att jaga dig och du kan oväntat bli en del av en skandal om du inte förblir försiktiga. </KING-OF-SWORDS-ONE >
<ACE-OF-WANDS-ONE >Du kommer att ha en del problem professionellt och i enlighet med din familj, kommer du att besluta att avsluta jobbet och starta något själv. Det kan finnas vissa förseningar på grund av några papper och du kommer att behöva avbryta vissa möten eller släktträffar. </ACE-OF-WANDS-ONE >
<TWO-OF-WANDS-ONE >Detta kortet visar att du kommer att lösa ditt problem med en av dina familjemedlemmar och försöka få saker till att bli som vanligt igen. Stora nyheter är på väg och denna information kommer att hjälpa dig i framtiden. Du kommer att vara villig att hjälpa en vän men får veta att avsikterna inte är vad du förväntade dig. </TWO-OF-WANDS-ONE >
<THREE-OF-WANDS-ONE >De gamla i familjen kommer ge dig några värdefulla råd över lite pappersarbete och finanser. Du kommer att ta en paus från allt du gör, och göra vad du verkligen vill göra och detta blir ett djärvt steg. Du kommer att söka stöd från dina vänner och du kommer att försöka utöka din dröm med dina nära och kära. </THREE-OF-WANDS-ONE >
<FOUR-OF-WANDS-ONE >Du kommer att behöva möta en del stress och frustration på grund av visst familje bråk och konfrontationer. Men slutligen kommer du och dina nära och kära att lösa problem och upprätthålla fred. Det kan finnas någon som önskar dig olycka och som kommer att försöka lura in dig i något fel så det rekommenderas att du håller dig vaksam. </FOUR-OF-WANDS-ONE >
<FIVE-OF-WANDS-ONE >Du kommer att känna dig irriterad och upprörd på grund av vissa okontrollerbara situationer som har uppstått på grund av någon utifrån. Det kan finnas någon som försöker att vandalisera din familj eller egendom och du måste vara försiktig. Dina vänner och familj kommer att hjälpa dig gå igenom en inre rensning processen. </FIVE-OF-WANDS-ONE >
<SIX-OF-WANDS-ONE >Detta kort visar att även om du inte kommer bli mycket glad i din personliga strävanden, kommer du att försöka fånga upp med en vän eller familjen och planera en lycksalig resa med dem. Du kan behöva hantera finansiella frågor som en släkting går igenom. </SIX-OF-WANDS-ONE >
<SEVEN-OF-WANDS-ONE >Du kommer att behöva jonglera dig igenom din hektiska arbetsschema och din familje tid och detta kommer att invadera ditt liv om du inte hittar en balans. Du kommer att komma i kontakt med en gammal vän och det kommer till att bli ett trevligt möte. </SEVEN-OF-WANDS-ONE >
<EIGHT-OF-WANDS-ONE >Detta kortet visar att du kommer att behöva kämpa mellan arbete och hem och kommer knappt hitta någon tid för din familj. Det finns också en hyllning på korten på grund av goda nyheter i familjen. Du måste ta itu med dina vänner noga eftersom det kan finnas missförstånd. </EIGHT-OF-WANDS-ONE >
<NINE-OF-WANDS-ONE >Du kommer att försöka hjälpa en släkting med vissa juridiska frågor och tillhörande pappersarbete. En del frågor kommer att bli lösta med en gammal vän och en återförening är nära. Du väntar ivrigt på nyheter från en älskad och denna ångest gör att du känner dig rastlös. </NINE-OF-WANDS-ONE >
<TEN-OF-WANDS-ONE >Det kommer att hamna mycket arbete på dina axlar och du kommer att försöka uppfylla dina åtaganden. Du kommer inte bara ha officiell arbete men också personliga frågor att ta om hand. Det kan finnas något otalat mellan dig och en vän eller en nära anhörig och du kommer inte att veta hur du ska rätta till saker. Det blir varken bra för dig eller din vän. </TEN-OF-WANDS-ONE >
<PAGE-OF-WANDS-ONE >Du kommer att gå igenom en grov fas och kommer att vilja isolera dig själv en tid och detta kommer att beröra dina vänner och familj. Du kommer att försöka sortera ut saker i ditt liv som tar tid att göra, du kommer troligtvis visst stöd från en vän. </PAGE-OF-WANDS-ONE >
<KNIGHT-OF-WANDS-ONE >En kort resa indikeras för att föryngra dig själv och du kommer att överväga en öppen relation och spendera mer tid med din partner. Saker går inte som förväntat med din familj och vänner på grund av en del ovanliga händelser och du måste begränsa din tid för en vän som kommer att söka ditt stöd och vägledning. </KNIGHT-OF-WANDS-ONE >
<QUEEN-OF-WANDS-ONE >Du kommer att vara i ett andligt läge och vill genomföra viss självreglering och disciplin. Det finns chans att du kommer att skapa nya vänskapsband eller återansluta dig med gamla vänner och stärka dessa band. </QUEEN-OF-WANDS-ONE >
<KING-OF-WANDS-ONE >Kortet visar att du behöver ta itu med situationer som involverar en sjukdom. Det kan uppstå en del nya äventyr som kommer att kräva att du flyttar från en annan plats till en annan. Du kommer slutligen att känna dig lättad av känslan att vara isolerad och det kommer att bli bättre. </KING-OF-WANDS-ONE >
<THE-MAGICIAN-ONE >Ditt fokus ligger nu på ny början och rådet är att du inte jagar något där det är en minimal chans för dig att få detta. Du kommer snart få värdefull eller relevant hjälp från en av dina vänner. En del planer kommer att göras tillsammans med en släkting eller det finns chans att någon förändring i planer med din kära. </THE-MAGICIAN-ONE >
<THE-HIGH-PRIESTESS-ONE >Detta kort visar att det finns en trevlig överraskning i beredskap för dig och du kommer att älska detta. Du kommer inte känna dig riktigt ansluten till din familj nu på grund av viss stress och hela din situation med dina vänner kommer troligtvis att förbättras. </THE-HIGH-PRIESTESS-ONE >
<THE-EMPRESS-ONE >Du kommer att känna dig lite distraherad på grund av de olika diskussionerna i din familj och kommer att längta efter sinnesfrid. Du kommer även att överväga att flytta iväg ett tag. Du kommer att känna dig något skyldig på grund av något som du gjort mot din vän och det är dags att möta din rädsla och bekänna. </THE-EMPRESS-ONE >
<THE-EMPEROR-ONE >Om du planerar att besöka en släkting eller en käraste, kommer besöket att lyckas men resan kommer inte att vara lika smidig. Detta är en tid då du kommer vara omgiven av massor av vänner som blir din stödgrupp och även inspirera dig till en bestämd grad då du känner dig deprimerad just nu. </THE-EMPEROR-ONE >
<THE-HIEROPHANT-ONE >Detta kortet visar att du vill att atmosfären hemma ska vara mer lycklig och det är några goda nyheter på väg. Du kommer att uppleva en tuff tid med en vän men bara genom att tala med varandra kommer att lugna situationen och du kommer att kunna förstå att och kommer att lösa situationen så småningom. </THE-HIEROPHANT-ONE >
<THE-LOVERS-ONE >Nu kommer du att inse att inte alla är dina vänner och några av dem kommer att förråda dig om du inte gör något åt saken. Du kommer att vara i gott förhållande till din familj och kan också planera en träff som kommer att vara på grund av en liten fest eller goda nyheter. En del släktingar kan ventilera ut sin ilska så du bör vara försiktig. </THE-LOVERS-ONE >
<THE-CHARIOT-ONE >Du kommer ikapp med dina gamla vänner och detta kommer att vara en uppfriskande förändring i ditt annars stressiga liv. Du kommer att vilja hjälpa en släkting med problem men han kommer att vara ovillig att lyssna på något som gör att du känner skuld och hjälplöshet. Du kommer att behöva starkt stöd för att verifiera dina krav när det gäller din familj. </THE-CHARIOT-ONE >
<STRENGTH-ONE >Detta kortet visar att du kommer ha en glädjefylld tid med dina vänner och gnistor kan uppstå med en av dina vänner av det motsatta könet. Du har en tuff tid med din familj på grund av ekonomiska skäl. Det kan uppstå stora argument eller till och med övergivenhet om saker går överstyr. </STRENGTH-ONE >
<THE-HERMIT-ONE >Det finns chans att du kommer att prata med en familjemedlem eller vän efter en lång tid. Om du har haft en del tjafs med din älskade kommer detta att lösas. Du kommer att få en del vägledning om ditt arbete eller finansiella situation från en närstående och detta kommer att visa sig vara till stor hjälp. </THE-HERMIT-ONE >
<WHEEL-OF-FORTUNE-ONE >Detta kort visar att en av dina familjemedlemmar kommer att orsaka dig en hel del frustration och besvikelse och du önskar att vilja distansera dig ifrån denna personen. Du kommer att besök läkaren några gånger på grund av en sjukdom i familjen och detta kommer att orsaka mycket stress. </WHEEL-OF-FORTUNE-ONE >
<JUSTICE-ONE >Du kommer sannolikt att få reda på att en i familjen eller en släkting kommer att ställas inför problem som påverkar dig och dina beslut. Saker kommer inte gå så smidigt som förväntat eftersom det kommer att finnas flera komplikationer med familj och vänner, detta kommer så småningom att passera. </JUSTICE-ONE >
<THE-HANGED-MAN-ONE >Din familj och dina vänner kommer att stödja dig i det nya företaget som du bedriver och en käraste kommer även att guida dig igenom detta. Det kan uppstå vissa argument men bara på grund av förändring i perspektiv och detta kommer enkelt att lösa sig. Du kommer att behöva lägga energi på att upprätthålla gamla relationer. </THE-HANGED-MAN-ONE >
<DEATH-ONE >Detta kort visar på en välmående tid för dig och din familj framöver och du bör även överväga att lägga tid på hushålls arbete på grund av olika skäl. Det kan finnas vissa ändringar eller besvärliga stunder mellan dig och dina vänner på grund av vissa ovanliga omständigheter men snart kommer du lösa detta så att saker var precis som innan. </DEATH-ONE >
<TEMPERANCE-ONE >Du kommer att märka att din familj och släktingar kommer att vara mycket stödjande och ge dig rätt typ av rådgivning när det gäller ditt liv. Det blir en känslomässig våg mellan dig och en käraste. Du kommer att behöva agera lugnt och hantera situationen då du lätt kan påverkas. </TEMPERANCE-ONE >
<THE-DEVIL-ONE >Kortet visar att du kommer att vara hög på känslor och finna det svårt att sätta fingret på vad du verkligen vill men kommer att försöka balansera situationen för tillfället. Det kan uppstå en orkan av konflikter i din hjärna då du är upptagen med många störande tankar på en och samma gång. </THE-DEVIL-ONE >
<THE-TOWER-ONE >Detta kommer inte vara en så trevlig tid då du kan behöva möta tuffa tider ekonomiskt och personligt också. Detta kan också leda till ett sammanbrott men dina kära hjälper dig igenom det. Du kommer känna lyckla och olycka samtidigt på grund av de omständigheter som du står inför. </THE-TOWER-ONE >
<THE-STAR-ONE >Du kommer att märka att vissa av dina släktingar kan stöta på problem relaterade till pappersarbete och du kommer att hjälpa till. Det kan hända att får höra en god nyhet från någon som kommer att vara mycket stimulerande och ge dig känsla av samhörighet som kommer lämna dig med en bekväm och lättnads känsla. </THE-STAR-ONE >
<THE-MOON-ONE >Det kan uppstå situationer där du känner dig sårbar, förvirrad och osäker. Kanske är det så att du tänker mycket känslomässigt om en vän eller en käraste och detta lämnar dig i tankarna om vad du ska göra och inte. Dina planer på att träffa en vän eller en släkting kommer att visa sig vara mycket nedslående. </THE-MOON-ONE >
<THE-SUN-ONE >Du försöker nu att lösa saker i ditt liv då du vill hitta balans. Du kommer att prata med dina släktingar men kommer att känna att de inte är tillräckligt stöttande. Du kommer att tänka på att blanda nytta med nöje eller försöka göra vänner på din arbetsplats men detta kommer att visa sig vara en mindre bra idé. </THE-SUN-ONE >
<JUDGEMENT-ONE >Detta kortet visar att du kommer att behöva göra några mycket viktiga beslut och detta kommer att involvera en gammal vän eller en käraste. Några goda nyheter kan dyka upp från en av dina vänner eller släktingar. Din rapport med dina vänner och släktingar kommer att växa sig starkare. </JUDGEMENT-ONE >
<THE-WORLD-ONE >Det kommer byggas upp en hel del tryck i ditt huvud och detta kan bara att nå högsta punkt innan det exploderar. Det är dags att åka på semester eller resa till en fjärran plats ett tag. Du kommer att se till dina vänner för stöd och några av dem kommer villigt acceptera det och trösta dig. </THE-WORLD-ONE >
<THE-FOOL-ONE >Du kommer att hamna i en position för att hjälpa en av dina släktingar men denna släkting kan förlora denna möjlighet på grund av deras hänsynslöshet. En person nära dig kommer att inse att du agerar sårbart och därför kommer någon ta fördel av dig som kommer att visa sig vara dåligt i längden.</THE-FOOL-ONE >
    </ROOT>
