<?xml version="1.0" encoding="utf-8" ?>
<ROOT>
<ACE-OF-CUPS-ONE >Deze kaart toont aan dat je waarschijnlijk te maken krijgt met emotionele aangelegenheden. Het is tijd om je hart te volgen. Je moet op je intuïtie vertrouwen en doen wat je voelt dat emotioneel juist is. Je zult waarschijnlijk een intieme band vol mededogen en liefde opbouwen. Je liefdesleven blijft waarschijnlijk sterk en eerlijk. </ACE-OF-CUPS-ONE >
<TWO-OF-CUPS-ONE >Deze kaart geeft voornamelijk binding, vrede en liefde aan. Deze kaart gaat over het aangaan van een nieuwe verbinding/partnerschap in de liefde, het werk, de vriendschap of anders. Het is tijd om samen te komen en niet van elkaar weg te blijven. Als er een conflict is in een relatie/partnerschap, moet dit worden opgelost; doe dan hetzelfde en maak het weer goed. Vergeef en vergeet. Maak nieuwe 1:1 verbindingen en ga met optimisme verder. </TWO-OF-CUPS-ONE >
<THREE-OF-CUPS-ONE >De kaart toont ten opzichte van het leven een verbeterde geestdrift en enthousiasme. Je geniet van alle kleine dingen die op je pad komen. Je zult oude vrienden tegenkomen en een sterkere vertrouwensband met hen opbouwen. Je zult in de kring om je heen nieuwe contacten opdoen. Je kunt in een team/groep aan een gemeenschappelijk doel gaan werken. </THREE-OF-CUPS-ONE >
<FOUR-OF-CUPS-ONE >Deze kaart geeft aan dat het tijd is om te reflecteren en voor introspectie over je gedachten en het leven. Je kunt je in een ongewenste situatie bevinden. Soms kun je je apathisch voelen en ontbreekt het je aan motivatie. Je moet om de richting te vinden waarnaar je op zoek was, jezelf openstellen voor alle nieuwe mogelijkheden. Probeer onbaatzuchtiger te zijn en te luisteren naar anderen om je weg te vinden. </FOUR-OF-CUPS-ONE >
<FIVE-OF-CUPS-ONE >Deze kaart duidt op het verlies van hoop, teleurstelling en verslagenheid in het leven over gebeurtenissen uit het verleden. Je kunt spijt hebben van beslissingen uit het verleden of verworpen zijn als gevolg van iets dat al is gebeurd voelen. Je zou spijt kunnen hebben van beslissingen uit het verleden en misschien terug willen gaan in de tijd om je beslissingen te wijzigen. Je erkent je fouten, maar je denkt niet na over wat er nog is. Je moet het verleden laten gaan, het goede zien in het huidige en werken aan de toekomst. </FIVE-OF-CUPS-ONE >
<SIX-OF-CUPS-ONE >Deze kaart geeft jouw goedhartige en onschuldige kijk op het leven weer. Je bent blij om zonder zelfmotief vreugde te verspreiden. Je mag je gezegend voelen en genieten van het helpen van anderen. Je kunt beginnen met alle kleine dingen rondom je op te merken en tevredenheid voelen over die kleine genoegens. Je kunt nostalgisch zijn over je jeugd. Goddelijke liefde kan ook in jouw nabije toekomst komen. </SIX-OF-CUPS-ONE >
<SEVEN-OF-CUPS-ONE >Deze kaart gaat over illusies en dromen. Het kan zijn dat jouw gedachten met fantasie op hol slaan en niet gericht zijn op de realiteit van het leven. Je wordt geconfronteerd met een tijd waarin je uit veel opties kunt kiezen. Er bestaat de kans dat je je gezondheid verwaarloost en overmatig eet/drinkt. Luiheid en uitstel zijn jouw belangrijkste vijanden. </SEVEN-OF-CUPS-ONE >
<EIGHT-OF-CUPS-ONE >Deze kaart toont jouw stappen om de diepere betekenis van het leven te zoeken. Je wilt je losmaken van de problemen van het leven en uitzichtloze situaties opgeven. Je kunt de neiging hebben om te zoeken naar het ware geluk in plaats van je te concentreren op de ratrace. Je gaat op zoek naar innerlijke vreugde en je wilt het verleden achter je laten. Je kunt meer tijd gaan besteden aan spirituele activiteiten. </EIGHT-OF-CUPS-ONE >
<NINE-OF-CUPS-ONE >Deze kaart geeft aan dat je wensen zullen worden vervuld. Je zult krijgen wat je werkelijk verdient en verlangt. Je kunt je over het leven meer dan tevreden voelen, want het succes lacht je toe. Jouw gekoesterde dromen kunnen uitkomen en jouw langverwachte doelen kunnen eindelijk worden bereikt. Je zult luxe ervaren en ervan genieten. Je wilt je nu ontspannen. Geniet van deze goede tijd zo lang als je kunt. </NINE-OF-CUPS-ONE >
<TEN-OF-CUPS-ONE >Deze kaart geeft vreugde en vrede in je leven aan. Je kunt het geluk om je heen voelen en een gevoel van welzijn ervaren. Je kunt stress en spanningen verminderen en het leven zal steeds gemakkelijker en harmonieuzer worden. Je zult je richten op liefde en vriendschap en uitblinken in beide. Je zult toegewijd zijn aan je familie en samen met hen genieten van sociale bijeenkomsten en evenementen. </TEN-OF-CUPS-ONE >
<PAGE-OF-CUPS-ONE >Deze kaart geeft je emotionele kant weer. Je hebt de neiging om meer je gevoel dan je verstand te volgen. Je hebt de neiging om sentimenteel te worden over kleine dingen. Kijk naar jezelf en vertrouw op je intuïtie voor begeleiding. Het is een goede tijd voor een liefdesrelatie waarin je emotioneel dichtbij die persoon zult staan. Hechte vriendschappen worden ontwikkeld. Het is ook een tijd om verbroken relaties te herstellen. </PAGE-OF-CUPS-ONE >
<KNIGHT-OF-CUPS-ONE >Deze kaart staat voor mooie emoties en ook voor hints over het overdrijven. Soms kun je sentimenteel in de liefde zijn, maar overdrijven in het uitdrukken van je liefde. Jaloezie kan bezit van de romantiek gaan nemen. Je bent soms gevoelig maar soms heb je ook de neiging om heel gemakkelijk gekwetst te worden. Je bent vriendelijk en intelligent. Je droomt over grote dingen voor jezelf, maar raakt snel ontmoedigd. </KNIGHT-OF-CUPS-ONE >
<QUEEN-OF-CUPS-ONE >Deze kaart geeft voor het omgaan met emoties gevoeligheid en volwassenheid aan. Je kunt voor elke situatie, die je het hoofd moet bieden, een attente en doordachte aanpak laten zien. Je hebt de neiging om je te verbinden met je spirituele kant en waardeert de diepere betekenis van het leven. Je bent geduldig. Je kunt je inleven in anderen en vriendelijk en zachtaardig zijn in de richting van zwakkeren. Je hebt de neiging om zonder te vragen de dingen te begrijpen. </QUEEN-OF-CUPS-ONE >
<KING-OF-CUPS-ONE >Deze kaart geeft een wijze en tolerante houding aan. Je hebt een diep begrip van de menselijke natuur. Je kunt een goede leraar zijn. Je kunt je hoofd in crisissituaties koel houden en hulp bieden bij het oplossen van een gespannen moment. Je weet wanneer je wat moet zeggen. Je voelt compassie voor de minder bevoorrechte. Je bent een ruimdenkend persoon met diplomatieke inzichten. Je leidinggevende vaardigheden zijn jouw pluspunt. </KING-OF-CUPS-ONE >
<ACE-OF-PENTACLES-ONE >Deze kaart geeft je het advies om de mentale kracht die je bezit te verzamelen en je te richten op je doelen. Je kunt jouw inspanningen omzetten in de resultaten die je wenst te zien. Dit zal uiteindelijk je carrière en leven doen bloeien en positief opbouwen. Je moet in het leven op een praktische manier handelen en realistisch zijn. Geloof en vertrouwen in anderen hebben zal jou ten goede komen. </ACE-OF-PENTACLES-ONE >
<TWO-OF-PENTACLES-ONE >Deze kaart heeft het over jouw aanpassingsvermogen en jouw compatibiliteit tegenover het leven. Je zult dingen waarmee je bezig bent evenwichtig behandelen en verdergaan met stabiele, maar snelle stappen. Je staat zowel in je persoonlijke als in je professionele leven open voor nieuwe ideeën en mogelijkheden. Je zult efficiënt de veranderingen die gebeuren beheren en tegelijkertijd plezier hebben. Werken en plezier hebben gaan voor jou samen. </TWO-OF-PENTACLES-ONE >
<THREE-OF-PENTACLES-ONE >Jouw mogelijkheden om als een uitstekend teamspeler te werken, worden onderstreept door deze kaart. Je zult zeer gecoördineerd en gemotiveerd de taken op je nemen. Je hebt de neiging om ook georganiseerd te zijn in je aanpak. Met jouw competentie, zul je perfectie in je werk bereiken en in staat zijn om jouw doelen te verwezenlijken. Je zult bewijzen dat je vaardigheden hebt, waar iedereen aan twijfelde. </THREE-OF-PENTACLES-ONE >
<FOUR-OF-PENTACLES-ONE >Deze kaart benadrukt jouw schaduwkant van bezitterigheid en weerstand tegen veranderingen. Je kunt de neiging hebben om materialistische dingen te hamsteren en ze niet te delen met anderen. Hebzucht kan de overhand krijgen. Je kunt proberen om controle over de dingen om je heen te krijgen en eisen dat de dingen op jouw manier gedaan moeten worden. Je kunt ook de neiging hebben om dingen ongestoord en ongewijzigd te laten, wat dus een algemene stagnatie in de meeste aspecten van het leven teweegbrengt. </FOUR-OF-PENTACLES-ONE >
<FIVE-OF-PENTACLES-ONE >Deze kaart toont zowel emotioneel als fysiek een fase van moeilijke tijden. Je kunt op een financieel probleem stuiten of er kan een probleem op jouw werkplek opduiken. Je kunt een gebrek aan vaardigheden ervaren, die je eigenlijk nodig hebt om verder te kunnen groeien. Je kunt ook door een fase gaan, waarin je een gebrek aan steun kunt voelen en je je alleen voelt. Er kunnen ook gezondheidsproblemen optreden. </FIVE-OF-PENTACLES-ONE >
<SIX-OF-PENTACLES-ONE >Deze kaart gaat over de mogelijkheden van het hebben van rijkdom, macht en intelligentie. Je hebt het of je hebt het niet. Je zult ofwel aan de ontvangende kant van die dingen zitten of aan de kant dat je moet geven. Dit geldt voor alle aspecten van het leven, want dingen kunnen twee kanten opgaan. In beide gevallen moet je het begrijpen en op basis hiervan je toekomst en je werk analyseren. </SIX-OF-PENTACLES-ONE >
<SEVEN-OF-PENTACLES-ONE >Deze kaart geeft een behoefte aan om de huidige situatie van het leven te beoordelen en te analyseren. Misschien wil je wat vrije tijd om je vooruitgang tot nu toe bij te blijven en om ervoor te zorgen dat je op het juiste pad blijft. Er bestaat een grote kans dat je succes zult hebben met je oprechte inspanningen en dat je bepaalde mijlpalen, waarvan je hebt gedroomd, zult bereiken. Mischien word het tijd om van werk/huis te veranderen. </SEVEN-OF-PENTACLES-ONE >
<EIGHT-OF-PENTACLES-ONE >Deze kaart toont jouw extreme vastberadenheid en oog voor detail aan. Misschien ben je betrokken bij een taak/taken waarin je je met heel je hart stort. Deze houding zal je helpen om je expertise en je kennis over de dingen waarmee je bezig bent te vergroten. Je moet heel voorzichtig zijn en ervoor zorgen dat je alles methodisch en correct tot in het kleinste detail doet. </EIGHT-OF-PENTACLES-ONE >
<NINE-OF-PENTACLES-ONE >Deze kaart laat jouw gedisciplineerd gedrag met zelfvertrouwen en drang naar verbetering zien. Je bekijkt hoe je problemen kunt oplossen en het leven met een goed georganiseerde en gerangschikte aanpak kunt benaderen. Je kunt op je eigen vaardigheden vertrouwen en je potentieel omzetten in prestaties. Je zult perfectie nastreven en trachten om van de fijnere dingen van het leven te genieten. Je streeft naar een luxueuze levensstijl. </NINE-OF-PENTACLES-ONE >
<TEN-OF-PENTACLES-ONE >Deze kaart geeft de overvloed van rijkdom aan, die je zult tegenkomen. Je kunt genieten van een gezond zakelijk succes omdat jouw zaken bloeien. Of je kunt een goed betaalde baan vinden. Je zult in ieder geval financiële zekerheid ervaren. Je kunt een plan uitstippelen om jezelf en je gezin voor de rest van je leven veilig te stellen. In dit alles zul je beproefde methoden toepassen en binnen de regels bijven in alles wat je doet. </TEN-OF-PENTACLES-ONE >
<PAGE-OF-PENTACLES-ONE >Deze kaart adviseert je praktisch in het leven te staan en om ernaar te streven dat je je dromen laat uitkomen. Je zult het moeten doen met wat je hebt en gebruik moeten maken van je mentale en fysieke kracht om dit te doen. Je moet afstand doen van je uitstellende houding en met je beide benen op de grond blijven staan. Je moet op een verantwoorde en betrouwbare manier handelen en vertrouwen hebben in de mensen waarmee je werkt. </PAGE-OF-PENTACLES-ONE >
<KNIGHT-OF-PENTACLES-ONE >Deze kaart laat jouw buitensporige hang naar de positieve dingen van het leven zien. Wanneer je een doel nastreeft, blijf je koppig, luister je naar niemand en weiger je zelfs in een uitzichtloze situatie te stoppen. Je bent conservatief, bang voor risico's en je kunt dus gemakkelijk af en toe kansen verliezen. Jouw zoektocht naar nauwkeurigheid grenst soms aan het obsessieve. Jouw uitvoerbaarheid maakt je pessimistisch. Je werkt zo hard dat je de prachtige wereld om je heen niet ziet. </KNIGHT-OF-PENTACLES-ONE >
<QUEEN-OF-PENTACLES-ONE >Deze kaart toont jouw praktische, inspirerende en gulle karakter. Je zorgt en je houdt op een onbaatzuchtige manier van de mensen om je heen. Je hebt een ruim hart en je wilt met je altruïstische houding blijheid en geluk verspreiden. Je bent een loyale en trouwe persoon. Je verspilt geen dingen en je kunt met weinig toe. Anderen voelen zich comfortabel bij je omdat je een pretentieloos en aangenaam karakter hebt. </QUEEN-OF-PENTACLES-ONE >
<KING-OF-PENTACLES-ONE >Deze kaart benadrukt jouw grote vaardigheden in de verschillende geledingen van de samenleving. Jouw ondernemerschapsvaardigheden brengen je zowel financieel als geestelijk voldoening in het leven. Men ziet je als een betrouwbare persoon in crisissituaties. Jouw vermogen om je aan te passen, helpt je in elke situatie. Jouw bemoedigende houding helpt de mensen om je heen. Je bent kalm, punctueel en werkt hard. </KING-OF-PENTACLES-ONE >
<ACE-OF-SWORDS-ONE >Deze kaart toont aan dat je geestelijke verlichting zult vinden en de dingen op je eigen manier uitzoekt. Met jouw scherp intellect en redenerend vermogen, zul je een flink aantal feiten over het leven leren. Vanwege jouw mentale kracht, zul je langzaam uit elke moeilijke situatie van het leven komen door elk obstakel aan te pakken. Je kunt de neiging hebben om te vechten voor gerechtigheid voor iemand/iets en zult doorgaan in de richting van waarheid en eerlijkheid. </ACE-OF-SWORDS-ONE >
<TWO-OF-SWORDS-ONE >Deze kaart toont tegengestelde emoties en onderdrukking van ware gevoelens. Je kunt je leed voor anderen verbergen en proberen om aan de buitenkant rustig over te komen. Er kunnen tijden komen, waarbij je het gevoel hebt vast te zitten in vervelende situaties en waarin je terughoudend bent om te beslissen of te handelen. Je hebt de neiging om duidelijke feiten en de waarheid te vermijden. De situatie blijft zoals het is, omdat je er niets aan doet. </TWO-OF-SWORDS-ONE >
<THREE-OF-SWORDS-ONE >Deze kaart geeft aan dat je met een emotioneel moeilijke tijd geconfronteerd kunt worden. Je kunt uiteindelijk iemands gevoelens kwetsen of vice versa. Je kunt slecht nieuws verwachten. Er bestaat een kans dat je je afgewezen voelt. Je kunt het gevoel hebben dat er niemand is als je iemand het hardst nodig hebt. Je kunt je eenzaam voelen. Je kunt achter geheimen komen van mensen die dicht bij je staan en dat kan je ontregelen. Je kunt ook verraad ervaren door iemand die dicht bij je staat. </THREE-OF-SWORDS-ONE >
<FOUR-OF-SWORDS-ONE >Deze kaart geeft aan dat je het leven luchtig moet opnemen, zonder jezelf overdreven in te spannen. Je moet je dagelijkse routine eens onderbreken en wat rust en stilte zien te vinden. Zorg dat je je lichaam en geest wat ontspant. Neem deze tijd om na te denken over waar je in het leven staat, wat je wilt bereiken, wat je allemaal hebt gedaan, enz. Bereid je daarom voor op de toekomst door je huidige positie veilig te stellen. </FOUR-OF-SWORDS-ONE >
<FIVE-OF-SWORDS-ONE >Deze kaart weerspiegelt een egocentrische mentaliteit en niet-harmonische houding naar anderen. Je kunt de neiging hebben om alleen maar aan jezelf te denken en niet aan anderen. Je vindt het misschien moeilijk om om te gaan met de standpunten en de meningen van anderen. Je kunt erin slagen om anderen kwaad te maken. Je kunt succes bereiken met behulp van de verkeerde middelen. </FIVE-OF-SWORDS-ONE >
<SIX-OF-SWORDS-ONE >Deze kaart onderstreept de wisselende fasen in het leven. Je kunt je in alles wat je doet lusteloos en depressief voelen. Ook kun je een slechte gezondheid ervaren. Misschien moet je wat tijd voor jezelf nemen, om te genezen en om te gaan met de emotionele situaties in je leven. Je zult de wereld dan weer met nieuwe hoop zien en langzaam in de richting van een positieve gemoedstoestand gaan. Je kunt van de ene plaats naar de andere reizen, op zoek naar avontuur en verandering. </SIX-OF-SWORDS-ONE >
<SEVEN-OF-SWORDS-ONE >Deze kaart gaat over jouw neiging om je aan je verantwoordelijkheden en verplichtingen te onttrekken. Je verbergt de waarheid om je niet te hoeven verantwoorden. Je kunt de neiging hebben om alleen en afstandelijk te blijven en afstand te bewaren van de sociale wereld om je heen. Tijdens deze fase van isolatie, kun je een misleidende houding ontwikkelen en soms op een frauduleuze manier handelen. </SEVEN-OF-SWORDS-ONE >
<EIGHT-OF-SWORDS-ONE >Deze kaart laat zien dat er donkere en moeilijke tijden aan komen. Je kunt je vast voelen zitten in situaties en ook kan het moeilijk voor je zijn om je eigen weg in het leven te vinden. Je kunt je in de meeste gevallen verward voelen over wat de volgende stap is die je moet nemen. Je kunt je niet meer focussen en daarom moet je op zoek gaan naar hulp van buitenaf. Je kunt het gevoel krijgen dat je de controle over dingen verliest, terwijl alles wat je kunt doen op de achtergrond blijven en toekijken is. </EIGHT-OF-SWORDS-ONE >
<NINE-OF-SWORDS-ONE >Deze kaart toont een fase van angst en spanning voor jou. Je hebt last van schuldgevoel voor iets wat je in het verleden hebt gedaan en je zult het moeilijk vinden om jezelf te vergeven. Je zou willen dat je terug kon gaan in de tijd om jouw acties te corrigeren. Je drijft in de richting van een fase, waarin je kunt stoppen met in jezelf te geloven en depressief kunt raken. Soms voel je je helemaal aan het eind van het Latijn. </NINE-OF-SWORDS-ONE >
<TEN-OF-SWORDS-ONE >Deze kaart toont een fase van angst en spanning voor jou. Je hebt last van schuldgevoel voor iets wat je in het verleden hebt gedaan en je zult het moeilijk vinden om jezelf te vergeven. Je zou willen dat je terug kon gaan in de tijd om jouw acties te corrigeren. Je drijft in de richting van een fase, waarin je kunt stoppen met in jezelf te geloven en depressief kunt raken. Soms voel je je helemaal aan het eind van het Latijn. </TEN-OF-SWORDS-ONE >
<PAGE-OF-SWORDS-ONE >Deze kaart vraagt je om je mentale kracht te verzamelen en de problemen die je op je hart hebt aan te pakken. Je moet de problemen die je hebt logisch analyseren en de juiste plannen maken om ze op te lossen. Je moet eerlijk en waarheidsgetrouw zijn en niet proberen om iets te verbergen. Je zult het goede van het slechte moeten scheiden en ook de verantwoordelijkheid die erbij komt kijken moeten accepteren. Houd je moraal hoog en treedt de moeilijkheden met kracht tegemoet. </PAGE-OF-SWORDS-ONE >
<KNIGHT-OF-SWORDS-ONE >Deze kaart geeft vertrouwen aan, maar wel met een vleugje onstuimigheid. Jouw openhartigheid kan door anderen als onbeleefd worden beschouwd. Je kunt worden omschreven als iemand die iets kan zeggen zonder na te denken. Je kunt als een goede leider beginnen, maar eindigen met een dominante houding. Je kunt een geweldig gevoel voor humor met sarcasme tonen. Jouw grondige kennis zal als het niet grenst aan arrogantie worden gewaardeerd. </KNIGHT-OF-SWORDS-ONE >
<QUEEN-OF-SWORDS-ONE >Deze kaart geeft jouw eerlijke en open karakter in het leven weer. Je verkiest open naar al je contacten te zijn. Jouw perceptie van elke situatie/persoon is heel gezond en goed opgemerkt. Je probeert een no-nonsense aanpak te hebben bij alles wat je doet. Jouw gevoel voor humor is uitstekend zonder andere te kwetsen. Jouw ruime ervaring geeft je kracht om verder te gaan in het leven. </QUEEN-OF-SWORDS-ONE >
<KING-OF-SWORDS-ONE >Deze kaart geeft aan dat jij een nadenkende en ethische persoonlijkheid bent. Je hebt de neiging om levenssituaties op een efficiënte manier met een goed ontwikkeld logisch- en redeneervermogen te analyseren. Je zult in staat zijn om met jouw uitstekende verbale vaardigheden jouw standpunten en ideeën te communiceren. Je neemt goed waar en begrijpt weloverwogen alle aspecten van een probleem. Je hebt de neiging om eerlijk en oprecht te zijn in alles wat je doet. </KING-OF-SWORDS-ONE >
<ACE-OF-WANDS-ONE >Deze kaart betekent succes. Je beschikt over een creatieve en onconventionele manier van denken, die voorziet van veel creativiteit. Jouw enthousiasme en stralende vertrouwen zullen anderen inspireren en de passie in je naar boven brengen. Je geeft meer dan 100% in alles wat je doet. Als je in het leven voor een probleem of uitdaging kom te staan, zul je de problemen met moed en zelfvertrouwen aanpakken om ze te overwinnen. </ACE-OF-WANDS-ONE >
<TWO-OF-WANDS-ONE >Deze kaart laat een gedurfde houding zien. Als je hebt gewacht om initiatief te nemen of aan een taak/reis te beginnen, is dit het goede moment om dat te doen. Je hebt de macht en de invloed om jouw doelen te bereiken. Dus je hoeft alleen maar de moed te hebben om stappen te ondernemen. Dit is de tijd om moedig te zijn en je angsten te overwinnen. Je zult met een innovatieve aanpak moeten komen om je doelen te bereiken. Doe het op jouw manier. </TWO-OF-WANDS-ONE >
<THREE-OF-WANDS-ONE >Deze kaart toont je drang en ongeduld om iets nieuws te ontdekken. Dit sluit aan bij jouw avontuurlijke en spanning zoekende aard. Jouw vooruitziende blik zal je in de komende tijden helpen. Je zult de rol van een leider moeten aannemen om iedereen in de richting van je missie te krijgen en het doel te verwezenlijken. Je zult veel succes in de handel hebben. </THREE-OF-WANDS-ONE >
<FOUR-OF-WANDS-ONE >Je kunt verbinding maken met jouw avontuurlijke en spanning zoekende aard. Jouw vooruitziende blik zal je in de komende tijden helpen. Je zult de rol van een leider moeten aannemen om iedereen in de richting van je missie te krijgen en het doel te verwezenlijken. Je zult snel veel succes in de handel hebben. </FOUR-OF-WANDS-ONE >
<FIVE-OF-WANDS-ONE >Deze kaart laat zien dat er problemen op komst zijn. Mensen kunnen zich tegen jou keren en je kunt uiteindelijk ruzieën en bekvechten met mensen. Er zijn anderen die met je willen concurreren en je voelt de uitdaging van een gevecht. Je kunt kleine tegenslagen en ruzies verwachten. Je moet geduld hebben en zelfbeheersing tonen om uit deze situatie te komen. </FIVE-OF-WANDS-ONE >
<SIX-OF-WANDS-ONE >Deze kaart geeft overwinning en waardering met een beetje trots weer. Je zult je doelen met vlag en wimpel bereiken. Je wordt gewaardeerd voor al je inspanningen en het houdt je gemotiveerd om het beste te geven in alles wat je doet. Je geniet van het in de belangstelling staan, maar je kunt je plotseling ook te belangrijk gaan voelen. Je moet beginnen om over jezelf te gaan nadenken waarom mensen denken dat je zo arrogant bent. </SIX-OF-WANDS-ONE >
<SEVEN-OF-WANDS-ONE >Deze kaart geeft de inspanningen aan om te vechten voor je positie en het opkomen voor waarin je gelooft. Je hebt de neiging tot een agressieve en uitdagende aanpak in het leven. Meestal werkt deze aanpak goed voor je, maar soms, prikkel je jezelf te veel. Je hebt de neiging om koppig en heel hardnekkig te zijn bij het innemen van een standpunt. Jouw oprechte geloof in je vaardigheden zullen je in tijden van nood er doorheen slepen. </SEVEN-OF-WANDS-ONE >
<EIGHT-OF-WANDS-ONE >Deze kaart geeft aan dat er andere tijden aankomen. De tijd waarop je hebt gewacht is aangebroken. Het is de tijd om actie te ondernemen en jouw potentieel op de een of andere manier te bewijzen. Enkele onafgewerkte taken kunnen eindelijk worden voltooid. Je zult waarschijnlijk informatie of goed nieuws krijgen. Je zou een bepaald iets moeten beëindigen, om aan iets beters te kunnen beginnen. </EIGHT-OF-WANDS-ONE >
<NINE-OF-WANDS-ONE >Deze kaart geeft de voorzorgsmaatregelen aan, die je neemt en de vastberadenheid die je laat zien. Door de ontberingen of ervaringen uit je verleden, ben je nu extra voorzichtig en altijd voorbereid op het ergste. Je let goed op jezelf en op je naasten. Je gaat tegen alle verwachtingen in en blijft van harte vechten voor je doelen. Jouw eigen wil en fysieke kracht zullen je inspanningen doorsluizen naar glorie. </NINE-OF-WANDS-ONE >
<TEN-OF-WANDS-ONE >Deze kaart geeft een toenemend gevoel van emotionele of psychische belasting aan. Je kunt op het werk te veel van jezelf eisen. Je doet waarschijnlijk veel dingen tegelijk en zit in de meeste van hen vast. Misschien moet je ook een aantal schulden terugbetalen. Misschien vind je het moeilijk om ‘nee’ tegen anderen te zeggen. Omdat je geen krediet krijgt voor de goede dingen die je doet, zul je waarschijnlijk alle schuld op je nemen. Je kunt ook het gevoel hebben dat je voor elk klein succes moet vechten. </TEN-OF-WANDS-ONE >
<PAGE-OF-WANDS-ONE >Deze kaart geeft nieuwe mogelijkheden aan voor jou om de ware kracht en de energie die je bezit te ontdekken. Dit is de tijd om opnieuw het leven te ontdekken en dit te verkennen met een creatieve en moedige aanpak. Je moet meer opwinding en optimisme in je inspanningen laten zien. Ben gepassioneerd in wat je doet. Geloof in je vaardigheden en focus je om het beste uit jezelf te halen. Wees avontuurlijk en durf risico's te nemen. Dit is de tijd om assertief te zijn. </PAGE-OF-WANDS-ONE >
<KNIGHT-OF-WANDS-ONE >Een ridderkaart weerspiegelt een aantal zeer sterke kwaliteiten, vergezeld van een paar negatieve. Je hebt vaak de neiging om charmant en vol vertrouwen te zijn, maar je kunt soms als een arrogant persoon overkomen. Je hebt lef, maar soms ben je roekeloos. In je zoektocht naar avontuur, ben je onrustig. Je hebt een gepassioneerd karakter, maar bent op hetzelfde moment ook heetgebakerd. </KNIGHT-OF-WANDS-ONE >
<QUEEN-OF-WANDS-ONE >Deze kaart is één van de meest positieve die je kunt krijgen. Het toont een stimulans in energie, stemming en vreugde. Je zult je taken met inzet en toewijding uitvoeren. Je hebt de neiging om een goede vriend te zijn en maakt gemakkelijk nieuwe vrienden. De komende dagen zijn vreedzaam en vrolijk. Jouw zelfbeheersing zal je helpen om elk obstakel dat op je pad komt aan te pakken. </QUEEN-OF-WANDS-ONE >
<KING-OF-WANDS-ONE >Deze kaart geeft de kracht van creatief en innovatief denken aan. Houd je geest open voor nieuwe mogelijkheden en kansen. Je zult in de nabije toekomst iets nieuws ervaren. Je kunt goed communiceren, je verbinden met anderen en hen inspireren. Je hebt zelfs de neiging om te domineren en de mensen rondom je te commanderen - maar gelukkig wel met respect. Je geniet van de aandacht die je krijgt en hebt de neiging om het tegenovergestelde geslacht aan te trekken. </KING-OF-WANDS-ONE >
<THE-FOOL-ONE >Een nieuw begin wordt aangegeven met deze kaart. Je voelt dat je fris aan nieuwe dingen en nieuwe ideologieën begint. Dit kan zijn met betrekking tot je carrière, je liefdesleven of op het persoonlijke front. Er zal veel spontaniteit en plezier zijn. In geval van hindernissen, zul je iets waardevols leren. Je moet in deze nieuwe wereld die je gaat ontdekken het oude laten gaan en nieuwe dingen wagen. </THE-FOOL-ONE >
<THE-MAGICIAN-ONE >Jouw wilskracht is nu sterker. Mensen zullen naar je luisteren en wat je zegt serieus nemen. Je zult in staat zijn om mensen te overtuigen en deze tijd betekent dat je voor op zijn minst enige tijd op je beste bent wat betreft je leidinggevende vaardigheden. Je hebt heldere ideeën en het is aan jou hoe je daar gebruik van gaat maken. Enkele geheimen van anderen kunnen ook worden onthuld. </THE-MAGICIAN-ONE >
<THE-HIGH-PRIESTESS-ONE >Dit is het moment waarop je op je intuïtie moet vertrouwen en het pad van je dromen moet volgen in de richting waarvan je een sterk gevoel hebt. Er kan een persoon zijn die je al snel een belangrijk of nuttig advies kan geven. Mogelijk moet je op zoek gaan naar een of ander ding dat onbekend is voor je en het is waarschijnlijk dat er iets verborgen voor je wordt gehouden. Je moet alert blijven zolang het geheim nog niet is onthuld, omdat dit een zeer belangrijke realisatie voor jou kan brengen. </THE-HIGH-PRIESTESS-ONE >
<THE-EMPRESS-ONE >Je bent diep aan het nadenken over iets en je maakt je zorgen over de groei of over het begin van iets in je carrière, je bedrijf of je relatie. Jij of je partner bent zeer beschermend en kan zelfs toevlucht nemen tot onethische middelen om te bereiken wat is gewenst. Een beetje geduld en wat inspanningen zullen nodig zijn om weer stabiliteit in de huidige situatie te krijgen. </THE-EMPRESS-ONE >
<THE-EMPEROR-ONE >Je zult komende tijd gaan presteren en daarvoor zul je ook worden geëerd. Je kunt worden beïnvloed door een leidende mannelijke persoon zoals je vader, je broer, je partner of je vriend. Je zult nu gezag hebben en de leiding hebben over wat je wilt doen. Een zeer sterk supportsysteem zal er aan je zijde staan. Toch moet je voorzichtig zijn met je oppervlakkige of veeleisende aard die voor junioren pijnlijk kan zijn. </THE-EMPEROR-ONE >
<THE-HIEROPHANT-ONE >Ben niet te koppig over je gedachten en klamp je niet vast aan oude overtuigingen en tradities, alleen maar omdat het zo altijd is gegaan. Je kunt denken aan een huwelijk. Je kunt misschien vast komen te zitten in juridische formaliteiten. Er kunnen problemen komen en je kunt je vastklampen aan oude methoden voor het oplossen deze problemen. Je zult met deze problemen moeten omgaan en het hoofd koel houden en genoeg geduld hebben. </THE-HIEROPHANT-ONE >
<THE-LOVERS-ONE >Liefde hangt voor jou in de lucht. Je zult binnenkort een aangename verrassing in je liefdesleven krijgen. Mischien moet je keuzes maken tussen je hart en je verstand. Je wilt waarschijnlijk je hart volgen en het risico dat je neemt, zal de moeite waard zijn. Je kunt in de verleiding komen, wat kan leiden tot ontrouw en dit moet worden vermeden. Je emotionele verbindingen zullen sterk worden. </THE-LOVERS-ONE >
<THE-CHARIOT-ONE >Je bent bereid om de strijd aan te gaan om te bereiken wat je wenst. Een bepaalde verandering of een reis kan plaatsvinden in je leven. Het kan zijn dat je met hindernissen in je carrière of je persoonlijke leven wordt geconfronteerd. Je kunt lastiggevallen worden door iemand met egoïstische motieven. Enige controle is misschien nodig bij tegengestelde emoties en omstandigheden, maar uiteindelijk zal de overwinning worden bereikt. </THE-CHARIOT-ONE >
<JUSTICE-ONE >Het is tijd om in wat je doet wat structuur aan te brengen. Er kan een gewoonte zijn of een activiteit die vaker dan nodig is of minder vaak plaatsvindt in je leven. Je moet dit nodig controleren. Je moet je inspannen om terug te keren naar de normaliteit door alle aspecten van je leven weer in balans te brengen. Je bent in de nabije toekomst verplicht om onpartijdig te zijn tijdens het maken van afspraken of bij een samenwerking. Als er iets is waarvan je weet dat je het verkeerd doet, corrigeer het dan snel voordat het een gevaarlijke wending neemt. </JUSTICE-ONE >
<THE-HERMIT-ONE >Neem de tijd en probeer de dingen te organiseren en te analyseren. Je kunt je ongeduldig voelen over hoe de dingen om je heen gaan. Neem geen overhaaste beslissingen en het zou beter zijn als je wat advies aanneemt, dat afkomstig is van een senior die betrouwbaar is, alvorens in de nabije toekomst een belangrijke beslissing te nemen. Neem een korte onderbreking van je schema en proberen om vrede en zelfrealisatie te vinden. </THE-HERMIT-ONE >
<WHEEL-OF-FORTUNE-ONE >Je gaat al snel naar één van de beste fasen van je leven. Geluk zal jou kant opkomen en je zult de vruchten plukken van al je inspanningen. Enkele veranderingen zullen optreden en je leven zal een hele nieuwe wending nemen. Het is waarschijnlijk dat je alles waar je op zat te wachten ook krijgt. Jouw problemen zullen tot een einde komen en geluk zal in overvloed jouw kant opkomen. Jouw dromen zullen uitkomen. </WHEEL-OF-FORTUNE-ONE >
<STRENGTH-ONE >Je zult merken dat je de kracht en het potentieel hebt verworven om, zowel fysiek als mentaal, om te gaan met de ergste situaties. Deze kaart geeft een goed moment aan om een aantal slechte gewoonte die je probeert te stoppen ook echt te stoppen. Je zult aandacht moeten besteden aan je relaties, carrière, gezondheid, enz. Met je wilskracht en intelligentie zul je bereiken wat je wilt. </STRENGTH-ONE >
<THE-HANGED-MAN-ONE >Je moet misschien iets of iemand laten schieten om iets beters te bereiken. Je kunt een slechte gezondheid krijgen of er kunnen spanningen optreden. Je moet dergelijke problemen oplossen en dat kan doorzettingsvermogen vragen. Een ongunstige situatie kan leiden tot een zwakkere wilskracht en emotionele analyse. Het wordt aangeraden dat je gebruik maakt van je inzicht om duidelijkheid in de situatie te krijgen. </THE-HANGED-MAN-ONE >
<DEATH-ONE >Deze kaart betekent grote veranderingen en belangrijke of schokkende veranderingen in het leven. Zoals de naam al doet vermoeden, is er sprake van de dood, maar alleen in omstandigheden van ouderdom of een zeer slechte gezondheid. Je kunt je verdrietig, leeg of depressief voelen, maar deze fase zal je helpen om te beseffen dat om verder te kunnen gaan in het leven de nodige wijzigingen moeten worden gemaakt. Heb de kracht om deze veranderingen te accepteren, zodat je verder kunt naar een nieuwe fase in je leven. </DEATH-ONE >
<TEMPERANCE-ONE >Je kunt in de war zijn over de keuzes die je in het leven moet maken. Mogelijk moet je kiezen tussen tegenstellingen en je zal moeten streven naar een manier om beide zaken in evenwicht te brengen om zo rust te kunnen vinden. Je moet het tijd geven en wat tijd steken in het vinden van de beste oplossing. Je moet zoeken vinden om weer harmonie te vinden. </TEMPERANCE-ONE >
<THE-DEVIL-ONE >Je zult in de verleiding komen in de richting van gevoelens van lust, hebzucht, ambitie of verslaving. Je wilt graag dingen controleren en wordt aangetrokken tot het comfort in het leven. Gebrek aan zelfcontrole kan leiden tot gevaarlijke en ingewikkelde situaties. Wat je ook doet, het zal extreem zijn waardoor je je krachtig voelt, maar het kan tegelijkertijd gevaarlijk zijn. Je moet voorzichtig zijn omdat deze kaart je waarschuwt voor de destructieve stappen die je zou kunnen nemen. </THE-DEVIL-ONE >
<THE-TOWER-ONE >De tijd in de nabije toekomst kan één van de meest problematische zijn, die je ooit hebt meegemaakt. Je kunt voor een aantal onaangename en plotselinge veraderingen komen te staan. Pijn kan worden veroorzaakt als gevolg van onverwachte redenen en je kunt je een beetje geïsoleerd of eenzaam voelen. Maar deze veranderingen kunnen je ook dwingen om een nieuwe richting in het leven in te slaan, wat op de lange termijn gunstig kan blijken. Het zal niet aangenaam voor je zijn, maar wel het beste omdat het je een heleboel dingen voor in de toekomst leert. </THE-TOWER-ONE >
<THE-STAR-ONE >Je bent nu spiritueler ingesteld en verlangt naar vrede en harmonie in je leven. Dit zal een tijd voor heling zijn en zal je in zowel de persoonlijke als de professionele sfeer nieuwe verwachtingen geven. Het is een goed voorteken om een nieuwe relatie te beginnen of je bestaande relatie naar het volgende niveau te tillen. Kennis over verschillende dingen zal worden versterkt en dit zal een goede tijd zijn om te genieten van artistieke bezigheden. </THE-STAR-ONE >
<THE-MOON-ONE >Je kunt het gevoel hebben alsof je reist in een wereld van fantasie en creativiteit. Je kunt diepe en donkere verborgen geheimen tegenkomen en een emotionele terugslag krijgen. Je moet medicijnen, alcohol of drugs, die gevaarlijk voor je gezondheid zijn, vermijden. Je kunt je gevangen voelen in een gekke en nomadische wereld en je moet je intuïtie scherphouden om de beste route te volgen, bij voorkeur iets dat te maken heeft met muziek, kunst, dans, theater, enz. </THE-MOON-ONE >
<THE-SUN-ONE >Je zult je zeer energiek en jeugdig voelen en bewust de juiste beslissingen nemen om succes te krijgen. De zonkaart gaat over frisheid, enthousiasme en betekent dat alles één voor één op zijn plaats lijkt te vallen. Er komt goed nieuws aan. Een vakantie is tevens mogelijk in de nabije toekomst. De komende dagen wordt veel tijd in een gemoedelijke sfeer met familie en vrienden doorgebracht. Vreugde en vrede liggen in de dagen die volgen in het verschiet. </THE-SUN-ONE >
<JUDGEMENT-ONE >Deze kaart geeft mogelijkheden aan, die niet mogen worden verwaarloosd. Dit zijn de mogelijkheden waarop je hebt gewacht. Het is het moment waarop je wordt beloond voor de inspanningen, die je in het verleden hebt gedaan. Er dienen zich nieuwe perspectieven aan en je leven zal ten goede veranderen. Omdat het oordeel eerlijk moet zijn, kan het nodig zijn om de last van je zonden in het verleden onder ogen te zien. Al met al zal er een happy-end komen voor wat je op dat moment aan het doen bent. </JUDGEMENT-ONE >
<THE-WORLD-ONE >Dit is het moment waarop je lange strijd tot een einde komt en je zult ervoor beloond worden. Deze kaart geeft, na een lange weg van inspanningen, ontspanning aan. Je zult ervaren dat je eindelijk de dingen en de resultaten krijgt, die je al lang wenste en waarnaar je streefde. Geliefden zullen je harde werk waarderen. Deze periode zal met sterke prestaties beginnen en zal je een nieuw begin geven.</THE-WORLD-ONE >
</ROOT>
