<ROOT>
<ACE-OF-CUPS-ONE >这张牌指出，你的健康状态看起来一切都很顺利。你会在身体上和精神上都感觉精力充沛且充满活力，几乎不会有病痛。你现在也会更注重灵性，这使你感觉更佳。 </ACE-OF-CUPS-ONE >
<TWO-OF-CUPS-ONE >这张牌显示，你在努力追上你所爱的人的身心健康时，你的身体健康部分可能会有点受到干扰。这让人非常担心，还会使你进出医院好几次。 </TWO-OF-CUPS-ONE >
<THREE-OF-CUPS-ONE >这张牌指出你现在想要一段欢乐时光，而且会放纵自己。这将导致一些严重的健康问题，必须尽快解决。如果你不采取措施，你可能需要去一趟医院或是复健中心。 </THREE-OF-CUPS-ONE >
<FOUR-OF-CUPS-ONE >你承受了太大的压力，这会让你的身体崩溃。尽管有专业的承诺，你还是需要抽出一点时间，因为对现在来说这是必要的。这可能会让你感到有点沮丧，但最终你会恢复得更好，而这也会带给你一个新的生活态度。 </FOUR-OF-CUPS-ONE >
<FIVE-OF-CUPS-ONE >这张牌显示旅行或工作压力太大会让你感到精疲力竭且非常疲惫。这也会比你预期的更严重地影响你的健康。你必须优先注意跟胃有关的问题。 </FIVE-OF-CUPS-ONE >
<SIX-OF-CUPS-ONE >这张牌指出你感觉不太舒服，这种焦躁不安的感觉会影响你的身体和精神状态。但是你会让自己完成某些事项，之后会休息一下，这将有助于你的身体恢复活力。 </SIX-OF-CUPS-ONE >
<SEVEN-OF-CUPS-ONE >这张牌显示你的身体现在可能有需要放松的病状。你可能会被一些疾病所困扰着，而不得不处理它们。可能是和你的四肢或是眼睛有关的一些问题，你需要一阵子来康复。 </SEVEN-OF-CUPS-ONE >
<EIGHT-OF-CUPS-ONE >这张牌指出你的眼睛或头发在这段时间可能会有点不舒服，接下来会需要服药治疗一阵子。这会有点妨碍你的日常生活，会让你觉得沮丧，但没有什么可担心的而且很快就会被治好。你所爱的人会在你复原的这段期间照顾你。 </EIGHT-OF-CUPS-ONE >
<NINE-OF-CUPS-ONE >这张牌显示你现在或很快会因为生活的起伏而面临孤立或沮丧的状态。你现在处于弱势地位，而且感觉没有人能理解你。这种令人不安的心情可能导致神经质和对一些药物的需求。 </NINE-OF-CUPS-ONE >
<TEN-OF-CUPS-ONE >这张牌指出你繁忙且有许多突发事项的日程安排将导致你的饮食不均衡，这会导致一些胃部疾病。这些突发事项会导致你被孤立或失眠，但只会持续一小段时间。你会采取措施，很快就会康复。 </TEN-OF-CUPS-ONE >
<PAGE-OF-CUPS-ONE >这张牌显示，对于你现在面临的这种情况，你会感觉很敏感而且你可能会很容易被影响。这种心态会对你的身体上或精神上的健康有负面的影响。你要保持小心因为你有可能会出事。 </PAGE-OF-CUPS-ONE >
<KNIGHT-OF-CUPS-ONE >这张牌指出与你的健康相关的所有事物都会更好。如果你已经患有某种疾病并就医中，那么你会发现就算你听到一些坏消息，你会发现你的状态在变好。你只需要保持对自己的信心和照顾好自己的身体。 </KNIGHT-OF-CUPS-ONE >
<QUEEN-OF-CUPS-ONE >这张牌显示，由于各种个人和专业上的压力，你现在精神上感觉精疲力竭，有时候你也可能会觉得无助。你可能会有一些绝望的症状，因此你会谘询医生和一些亲戚。事情会逐渐地变好。 </QUEEN-OF-CUPS-ONE >
<KING-OF-CUPS-ONE >这张牌指出你可能会非常失望因为某些令人沮丧的情况，并且这会迫使你让你觉得你对这个世界不够好或不够格。不要对这些负面情绪上瘾。 </KING-OF-CUPS-ONE >
<ACE-OF-PENTACLES-ONE >这张牌指出你愿意在现在的生活中做出一些健康的改变。如果你患有某种疾病，那么这是快速康复的好时机，你很快就会发现自己的情况变好了。你最终将良好复原。 </ACE-OF-PENTACLES-ONE >
<TWO-OF-PENTACLES-ONE >因为工作到很晚和忙着履行各种责任的关系，你觉得很疲累且有被榨干的感觉。这些情况可能会对你的身体造成负面影响，但你会试着取得平衡，不要让你成为这种情况下的受害者。 </TWO-OF-PENTACLES-ONE >
<THREE-OF-PENTACLES-ONE >这张牌指出情绪崩溃或突然的冲突状况会对你有一些非常负面的影响。这会对你的健康造成重大损失，所以你必须小心这点。因为还有很多待办事项要做，可能要等一阵子才有休息时间。 </THREE-OF-PENTACLES-ONE >
<FOUR-OF-PENTACLES-ONE >这张牌显示你必须面对一些已经存在的医疗问题的一些麻烦，可能会需要进出诊所好几趟。你和你所爱的人会寻求一些帮助或建议。事情会有点脱离掌控，所以你必须保持坚强。 </FOUR-OF-PENTACLES-ONE >
<FIVE-OF-PENTACLES-ONE >这张牌指出你最近一直忽视自己的健康状况，这就是为什么原本很轻微的症状现在可能变得有点严重。因为这样，你可能需要做一些检查。 </FIVE-OF-PENTACLES-ONE >
<SIX-OF-PENTACLES-ONE >这张牌显示你现在必须特别小心你的周遭。你很容易出事，因此你需要对周围的一切保持警惕和谨慎。这是一个关键时刻，如果你不小心，那么可能会导致不想得到的结果。 </SIX-OF-PENTACLES-ONE >
<SEVEN-OF-PENTACLES-ONE >这张牌指出你现在正面临一个令人不安的时间，你会试着避免参与任何会需要投入太多心力的活动或运动。你不愿意做任何会需要你的时间和精力的事情，这会让你不情愿地远离工作。 </SEVEN-OF-PENTACLES-ONE >
<EIGHT-OF-PENTACLES-ONE >这张牌显示是时候找出所有的保湿霜和防晒产品了，因为你的皮肤可能很脆弱。你会很常出差，这会影响你的饮食，并且会导致胃部相关的问题。 </EIGHT-OF-PENTACLES-ONE >
<NINE-OF-PENTACLES-ONE >这张牌指出你或你身边的某人从发生的疾病或意外中康复。有可能某个你很熟悉的人将要处理一个很大的健康问题。你会帮助你的亲戚但会想要抽身而出，去做一些可以帮助你放松的事。 </NINE-OF-PENTACLES-ONE >
<TEN-OF-PENTACLES-ONE >这张牌显示你可能会遇到一些个人问题，这会困扰你一阵子。和你的家庭亲近的某人将会需要就医，你会引导他们走向新的生活方式。 </TEN-OF-PENTACLES-ONE >
<PAGE-OF-PENTACLES-ONE >这张牌指出你感到心神不安且高度焦躁。你可能有和身体有关的问题。可能会有某些罪恶感带给你极大的困扰，你会想办法摆脱它们。因为身体上的疼痛，你需要服药治疗，而且你可能会因失眠而想服用安眠药。 </PAGE-OF-PENTACLES-ONE >
<KNIGHT-OF-PENTACLES-ONE >如果某人不试图利用你的话，社会服务是件好事，你必须认识到这一点。你会因此感到焦虑和激动，但你将能够卖出大胆的一步。你会试着让自己保持活跃而不是闲着，这可能可以避免你思考你不想做的事情。 </KNIGHT-OF-PENTACLES-ONE >
<QUEEN-OF-PENTACLES-ONE >这张牌指出，在目前最好的方式是借助大自然的力量和采用自然的方式来治疗和净化。如果你或一位你所爱的人正在从疾病中康复，那么现在是个快速恢复的好时机。 </QUEEN-OF-PENTACLES-ONE >
<KING-OF-PENTACLES-ONE >这张牌显示你正迈向良好的身心灵健康状态。如果你是从一次受伤或生病康复中，你将会有很大的进步。即使有一些医疗上的文书工作需要处理，也会很快整理完毕。 </KING-OF-PENTACLES-ONE >
<ACE-OF-SWORDS-ONE >这张牌指出你现在感到低落和沮丧，并在正在寻求医疗协助。家庭成员会帮助你，同时你也可能会有寻求新方向来找寻你的疾病的疗法，这将证明是有益的。 </ACE-OF-SWORDS-ONE >
<TWO-OF-SWORDS-ONE >这张牌显示你的健康状况正处于波动期，你可能看起来有一点不安。你可能会有一些健康相关的轻微问题，但当你觉得不舒服或是有感染、轻微发烧或感冒的机会时，你会需要好好照顾你的健康。 </TWO-OF-SWORDS-ONE >
<THREE-OF-SWORDS-ONE >这张牌指出你会感到极度筋疲力竭，并且渴望放松和休息一段时间。可能会有一些事件加剧你的紧张和身体上的疲劳，但你会为了好处而承受下去。你的健康状况将关系到你的家庭成员，他们可能会和医师谘询。 </THREE-OF-SWORDS-ONE >
<FOUR-OF-SWORDS-ONE >这张牌显示恢复的时刻已经到来，而你对精神和情绪上的担忧最终将消失，或至少会很快得到缓解。你的身体健康状况可能会有点受损，你需要做一些检查或医学治疗。医师会对你的情况有很大的帮助。 </FOUR-OF-SWORDS-ONE >
<FIVE-OF-SWORDS-ONE >这张牌指出你会因为一些顽强的疾病而面临一些压力和挫折。你需要进出医院好几次而这会使你的挫折感增加，你会觉得无助，但还是会努力保持坚强。 </FIVE-OF-SWORDS-ONE >
<SIX-OF-SWORDS-ONE >这张牌显示这可能会是你健康状况最糟糕的时期之一。你可能会受到重大打击，例如受很严重的伤或是得到很严重的疾病。你也可能会遇到事故，导致你受伤，尤其是你的腿或膝盖。你也有机会住院一阵子，但是事情终究会好转。 </SIX-OF-SWORDS-ONE >
<SEVEN-OF-SWORDS-ONE >这张牌指出有太多的压力正在驱使你，这也会造成精神上和身体上很大的压力。你会非常忙碌地处理各种事情，这可能会对你造成负面影响，尤其是对你的身心。你需要为自己休息一段时间，使你和你的身体恢复活力。 </SEVEN-OF-SWORDS-ONE >
<EIGHT-OF-SWORDS-ONE >这张牌显示如果你不小心的话，可能会发生某些轻微事故。你会需要格外小心，因为这张牌表示你可能会因为某些在家里的一些危险操作而发生一次事故。当你在开车或是穿越马路的时候你也需要当心。这个阶段很快就会过去。 </EIGHT-OF-SWORDS-ONE >
<NINE-OF-SWORDS-ONE >这张牌指出你将在你的个人或职业生活中面临一些不愉快的情形，这会使你觉得沮丧。你可能会饮食不节制而导致一些胃部疾病，但一个你所爱的人会帮助你摆脱这种情况。 </NINE-OF-SWORDS-ONE >
<TEN-OF-SWORDS-ONE >这张卡显示你决定你会为你的健康负责，而且会摆脱过去并且放眼未来。你会设定跟你的健康有关的特定目标，而且会做出某些生活方式的改变来帮助这个决定。 </TEN-OF-SWORDS-ONE >
<PAGE-OF-SWORDS-ONE >这张牌指出你会有与工作相关的一些精神压力，但你会有耐心地处理他们。你可能会有背痛或是必须去看牙医的情况。但你将投入全部的精力，而且会和你所爱的人共度时光。 </PAGE-OF-SWORDS-ONE >
<KNIGHT-OF-SWORDS-ONE >这张牌显示你的健康情况有点复杂。你的精神会变好，而且会从一些压力和其他相关问题恢复。你的家庭会需要你，因为最近会收到有一些跟一个亲戚或是家庭友人有关的坏消息。 </KNIGHT-OF-SWORDS-ONE >
<QUEEN-OF-SWORDS-ONE >这张牌指出你会需要处理个人和专业上的多项优先事项，你会试着挤出时间来完成所有事情。因为这样，你可能会感到精疲力竭和疲惫，但你会以某种方式设法解决所有的任务。 </QUEEN-OF-SWORDS-ONE >
<KING-OF-SWORDS-ONE >这张牌显示你现在的健康状况在走下坡。你将在精神上受挫而且精疲力竭，身体上可能也需要服用一些药物或有一些小问题。一个你所爱的人也可能会被影响。 </KING-OF-SWORDS-ONE >
<ACE-OF-WANDS-ONE >这张牌指出你将更加注意你的健康，如果在身体上或精神上有任何不适，你会寻求不同类型的药物治疗。某人会建议你治疗某些疾病的自然疗法，而你会采用这些方法。 </ACE-OF-WANDS-ONE >
<TWO-OF-WANDS-ONE >这张牌显示你的身体负担过重，这会显示于你的身体上。你会需要摄取一些合成的矿物质来帮助你的身心灵。忽视均衡饮食会被证明是有危险的，并且严厉地建议你保持健康的日常饮食。 </TWO-OF-WANDS-ONE >
<THREE-OF-WANDS-ONE >这张牌指出你现在更注重于你所爱的人的健康。在这个过程中，你会觉得有压力而且可能需要足够的休息。不要让自己负担过重，因为这可能是危险的。你最近还可能需要去看牙医。 </THREE-OF-WANDS-ONE >
<FOUR-OF-WANDS-ONE >这张牌显示你对你个人生活感到有些不安，这会让你觉得压力很大。在你的健康方面，可能会有一些其他的问题开始浮现，这会让你觉得焦虑，你可能还会受到一些意料外的身体疼痛的煎熬。 </FOUR-OF-WANDS-ONE >
<FIVE-OF-WANDS-ONE >这张牌指出你终于从某种疾病中康复，而终于可以享受良好且健康的心灵和身体状态。你有可能会和你的伴侣去度假，这会是个愉快的假期。 </FIVE-OF-WANDS-ONE >
<SIX-OF-WANDS-ONE >这张牌显示你现在终于意识到是时候从工作中抽身休息一下，还有拨点自己的时间。这次休息是有益的因为你会参加一些社交聚会，试着做一些你喜欢的事。 </SIX-OF-WANDS-ONE >
<SEVEN-OF-WANDS-ONE >这张牌指出你现在参与太多活动，比你能一口气掌控的还多，这会让你觉得非常不安和烦恼。但你很难才会理解到这个状况，导致你觉得有压力。不要忽视你的健康情况，也要注意你在外面用餐的状况。 </SEVEN-OF-WANDS-ONE >
<EIGHT-OF-WANDS-ONE >这张牌显示你现在容光焕发，感觉从里到外都很健康而且苗条，你会过度地被你的伴侣所吸引。这将会带来一段浪漫的出游还有一些感性活动，会让你保持忙碌一阵子。 </EIGHT-OF-WANDS-ONE >
<NINE-OF-WANDS-ONE >这张牌指出你的身体状况正处于一个糟糕的阶段，而且你会感到被忽视和不舒服。这可能会使你觉得生气，因为你可能需要跑诊所好几趟，而且还需要跟一些会让你觉得很疲累的法律文书工作打交道。 </NINE-OF-WANDS-ONE >
<TEN-OF-WANDS-ONE >这张牌显示你的工作或是一些个人问题会对你产生影响，你会觉得体力被榨干因为你试着履行太多任务。可能会有一段时间很难找到机会休息，因为你会忙个不停，这可能会让你生病，你会需要放缓脚步到一个合理的速度。 </TEN-OF-WANDS-ONE >
<PAGE-OF-WANDS-ONE >你将需要因为一些轻微甚至是严重的疾病服药治疗。这张牌指出你因为周遭发生的事情而感到焦躁，这可能与工作或个人问题有关。你现在必须练习有耐心，并且实际一点来解决问题。 </PAGE-OF-WANDS-ONE >
<KNIGHT-OF-WANDS-ONE >这张牌显示你的身体会经历一些严苛考验，因为你被许多事情所困扰，而且你会感到精疲力竭和倦怠。这可能还会大大影响你的精神状态。 </KNIGHT-OF-WANDS-ONE >
<QUEEN-OF-WANDS-ONE >这张牌显示你现在精力充沛，并且受到启发来为你的健康，对你的生活方式做出一些建设性的改变。你愿意改变生活中的某些事物来达到更加平衡的生活方式。 </QUEEN-OF-WANDS-ONE >
<KING-OF-WANDS-ONE >这张牌指出你会愿意对你的健康和健身方式做出一些即兴改变，也会和营养师谘询。你可能会有一些情绪问题，像是恐惧和焦虑，或着你可能会有某种病痛。 </KING-OF-WANDS-ONE >
<THE-MAGICIAN-ONE >这张牌指出你现在会需要面对一些压力。一些工作和家庭相关的问题会对你造成影响，你将因为一些复杂的状况和不明确的结果而无法找到办法解决你的健康问题。你将会需要拜访数位医生来找出正确的结论。 </THE-MAGICIAN-ONE >
<THE-HIGH-PRIESTESS-ONE >这张牌显示你过去可能已经经历过很多次，这可能会影响你的精神或身体稳定性。但是从现在起会渐入佳境，最终你将会观察到情况缓和下来，而且会很快开始觉得好转。 </THE-HIGH-PRIESTESS-ONE >
<THE-EMPRESS-ONE >这张牌指出你可能需要解决和你的身体有关的一些问题，尤其是颈部。你必须持续注意身体内的精神方面，以便更好地了解自己的身体需求，然后参加物理治疗或瑜伽来使自己恢复活力。 </THE-EMPRESS-ONE >
<THE-EMPEROR-ONE >这张牌指出你可能有一些和你的健康有关的严重问题。你必须采取彻底的预防措施和照护来摆脱困境。你将会获得力量来对抗疾病，但建议你不要再次忽略你的身体状况。 </THE-EMPEROR-ONE >
<THE-HIEROPHANT-ONE >这张牌指出和你现在在做的事情相比，你需要多加注意你的健康。有可能出现低血压或高血压，以及严重咳嗽和感冒的问题。定期检查可以大大改善你的病情。 </THE-HIEROPHANT-ONE >
<THE-LOVERS-ONE >这张牌显示你的身体比以前更加健康，而且你对此感到开心。你可能会更有朝气，看起来比以前更加有活力。你将认真对待你身体的需求，并尝试在健康的身体和心灵间取得平衡。 </THE-LOVERS-ONE >
<THE-CHARIOT-ONE >这张牌指出你非常投入于你的工作和其他活动，因此无法照顾到自己身体的需求。如果你继续这样下去的话，你可能会因为负担过重而生病，或可能在精神上感到极度焦虑。这是一个去看医生检查的好时机，并在周末去一个宁静的地方。 </THE-CHARIOT-ONE >
<STRENGTH-ONE >这张牌显示你现在处于健康状态。这张力量牌代表身体上和精神上很亢奋，即使有一些与你的身体有关的小问题，你也很容易可以克服它们。你的意志力和热忱将会受到你周遭的人的鼓励和欣赏。 </STRENGTH-ONE >
<THE-HERMIT-ONE >这张牌指出你在情感上会觉得被忽视和低落，这会让你无法打起精神。这可能会导致疾病，使你必须看医生好几次。但这不会持续很长的时间，很快事情就会好转。 </THE-HERMIT-ONE >
<WHEEL-OF-FORTUNE-ONE >这张牌显示你现在感觉非常不稳定，并且由于工作和精神的压力，你会感到过度疲劳和紧张。可能会有一些负面想法困扰着你，但这只是一个阶段而且很快就会过去了。 </WHEEL-OF-FORTUNE-ONE >
<JUSTICE-ONE >这张牌显示你有可能会因为一些例行检查去看医生，而从中发现严重的问题。这可能是一个令你意外的是，但医师会有足够的专业知识来帮助你解决这个新的健康问题。 </JUSTICE-ONE >
<THE-HANGED-MAN-ONE >这张牌指出你对某些事情感到焦躁不安。现在是时候让你的身心在病状出现前休息一下，如果你远离这种情况或引起你担忧的人的话也会有帮助。 </THE-HANGED-MAN-ONE >
<DEATH-ONE >这张牌显示你身边的某样事物让你非常不开心。这是你将要解决一些严重疾病的时候了。你将会强迫自己乐观一点，只能这样才会帮助你克服你周遭发生的不好的事情。你将会从家人那里得到很多的爱和关怀。 </DEATH-ONE >
<TEMPERANCE-ONE >这只牌指出由于你繁忙的行程表导致你没有时间去看医生，这对导致你的问题在不久的将来会被放大。你必须注意自己的健康，并以按时去看医生让自己痊愈为优先。 </TEMPERANCE-ONE >
<THE-DEVIL-ONE >这张牌显示你会因为疲惫和不停地担心而感到无精打采和疲惫。你最初可能不会意识到这点，但最终你会注意到你工作太多了，这会导致你躲开其他事情，而且你会持续地觉得有压力，这可能会让你吃一些药。 </THE-DEVIL-ONE >
<THE-TOWER-ONE >这张牌指出你会经历一段不幸的事件，这会让你跑几趟医院。可能会因为这段混乱期而有一段时间觉得压力很大，但你会战胜它的。可能会有一位家庭成员在这段疲惫的期间帮助你。 </THE-TOWER-ONE >
<THE-STAR-ONE >这张牌显示，在朋友的帮助下，某些东西会使你心里产生一些新想法。你会为了你的健康而制定一个计划。这过程可能会有点无趣，你可能会需要经过几次的医学检查和测试，但你会庆幸你做了这个决定。 </THE-STAR-ONE >
<THE-MOON-ONE >这张牌指出你将面对一些普通的健康问题，这些问题可能还没显示，或只有部分显示。这些问题看似微不足道，但你需要多多注意，因为它们现在可能会被忽略过去。你还会面临一些膝盖疼痛和背部的问题。 </THE-MOON-ONE >
<THE-SUN-ONE >这张卡显示你会觉得有点丧失动力而且很倦怠。你将仔细的分析自己，试着从正确的观点来找出错误。征兆没有指出任何身体上的疾病。你将为了一位你所爱的人阅读更多和健康福祉等有关的信息。 </THE-SUN-ONE >
<JUDGEMENT-ONE >这张牌指出由于压力或不当饮食，你可能要面对一些身体状况的不稳定。你会担心你所爱的人的健康，而且你会尽力帮助他们。你会花上大部分的时间在医院或和医师会面。 </JUDGEMENT-ONE >
<THE-WORLD-ONE >这张牌显示你可能已经受到疾病或受伤的煎熬，你将会从中恢复。你会看到缓慢但稳定的进步，虽然有机会因为某些错误的指导而导致某些问题。建议你了解更多和你的健康问题有关的信息，并采取相应措施。 </THE-WORLD-ONE >
<THE-FOOL-ONE >这张牌指出你担心自己的健康状况，并会立即进行常规检查。你可能也需要注意一下你的牙齿，所以你会需要去看牙医。你将会从朋友那里了解新的治疗方法，而你会愿意尝试这些方法。</THE-FOOL-ONE >
</ROOT>
