<?xml version="1.0" encoding="utf-8" ?>
<ROOT>
<ACE-OF-CUPS-ONE >Questa carta indica che ti senti felice con te stesso e sentimenti di piacere, amore e romanticismo dominano la tua mente. Entrerai più probabilmente in contatto con qualcuno a cui piaci e questo potrebbe trasformarsi in un'uscita romantica. Se sei già fidanzato allora il tuo partner potrebbe pensare di stringere il nodo. </ACE-OF-CUPS-ONE >
<TWO-OF-CUPS-ONE >Vuoi vedere sistemare la tua vita romantica e risolvere i problemi che avete tu e il tuo partner. Ti senti irrequieto e non sei capace di dare piena attenzione al tuo partner perché c'è qualcosa che ti sta infastidendo e confondendo di più. Devi essere forte e prendere qualche decisione concreta in merito ai tuoi sentimenti. </TWO-OF-CUPS-ONE >
<THREE-OF-CUPS-ONE >Questa carta mostra che ti senti molto vulnerabile al momento e vuoi che qualcuno si prenda cura di te. Proverai anche ad esprimere la tua cura e compassione verso il partner e le persone amate. Le cose fileranno liscio molto presto e al momento dovuto troverai il romanticismo crescere nella tua vita. </THREE-OF-CUPS-ONE >
<FOUR-OF-CUPS-ONE >Questa carta indica che potresti avere un gran desiderio di avere un partner adesso. Se sei già fidanzato, ti sentirai estremamente vicino al tuo partner e vorrai risolvere i battibecchi, se ce ne sono alcuni. Questo periodo potrebbe essere un po' irrequieto per te dal momento che provi a risolvere le questioni con il tuo partner e provate a vivere insieme come una coppia felice. </FOUR-OF-CUPS-ONE >
<FIVE-OF-CUPS-ONE >Ti senti più emozionato adesso e vuoi una relazione seria vera in cui c'è mutua comprensione e conforto e questo potrebbe anche essere un tuo amico. Ora stai capendo che non sarà il compromesso giusto per te tenere solo in vita una relazione perché potrebbe rivelarsi distruttivo per te. </FIVE-OF-CUPS-ONE >
<SIX-OF-CUPS-ONE >Questa carta indica che nonostante tu sia attratto da una persona in particolare, avrai alcune esperienze magnifiche che ti porteranno in un'altra direzione. Stai provando a fare cose speciali per il tuo partner ma ci sono insicurezza circa l'aleatorietà del futuro come coppia. </SIX-OF-CUPS-ONE >
<SEVEN-OF-CUPS-ONE >Ti senti molto incerto suoi tuoi sentimenti e stai cercando la strada giusta verso la persona giusta. Con un sacco di lavoro da gestire e diversi problemi, non avrai abbastanza tempo da dare al tuo partner. Un incontro con qualcuno sarà fruttuoso per i single. </SEVEN-OF-CUPS-ONE >
<EIGHT-OF-CUPS-ONE >Questa carta indica che la tua relazione potrebbe essere un po' uggiosa ora e questo impedirà a te e al tuo partner di creare un legame forte. La tua relazione potrebbe entrare in un periodo di stress e incertezza e questo causerà preoccupazioni e anche qualche aspro scambio di parole. Potresti anche prendere la decisione di finire la relazione che è diventata molto traumatica. </EIGHT-OF-CUPS-ONE >
<NINE-OF-CUPS-ONE >Desideri ora qualcosa in più dalle tue relazioni e questo potrebbe anche essere qualcuno che già si trova nella tua vita. Vuoi che le cose tra voi due diventino più interessanti ma in modo diverso. Stai avendo dei ripensamenti sulla relazione e sebbene desideri andare avanti, alcuni rischi coinvolti ti terranno in allerta. </NINE-OF-CUPS-ONE >
<TEN-OF-CUPS-ONE >Questa carta mostra che ora stai cercando una relazione più felice e appagante e ti aspetti pieno supporto dal tuo partner. Ci saranno alcuni scontri di opinioni che ti lasceranno un sentimento di tensione. Il romanticismo sarà intenso con qualcuno che ti è vicino nella vita. Probabile anche un matrimonio. </TEN-OF-CUPS-ONE >
<PAGE-OF-CUPS-ONE >Vuoi che le cose vengano fatte in armonia e costruire un futuro concreto con il tuo amato. Stai diventando frenetico nel dare forma al tuo futuro, al modo in cui vuoi vederlo ma il processo richiederà tempo. Sentirai il bisogno di qualcuno al tuo fianco e che ti faccia sentire amato e curato perché non vuoi provare di nuovo la sensazione di solitudine nella tua vita. </PAGE-OF-CUPS-ONE >
<KNIGHT-OF-CUPS-ONE >Questa carta indica che vuoi avventurati in qualche nuovo posto con il tuo partner che ti ecciti e ci saranno persone intorno a te che ti incoraggeranno sulla strada dell'amore. Se sei single, allora sentirai che è il momento di prendere iniziative per portare avanti le relazioni e fare la domanda al tuo partner a lungo tempo. </KNIGHT-OF-CUPS-ONE >
<QUEEN-OF-CUPS-ONE >Sarai più prominente nelle riunioni sociali e ci sono alte probabilità che incontrerai qualcuno da cui sarai molto attratto. Se ci metti un po' di sforzo, questo incontro si trasformerà in qualcosa di romantico. Se sei già in una relazione a lungo termine, potresti proporre il matrimonio al tuo partner. </QUEEN-OF-CUPS-ONE >
<KING-OF-CUPS-ONE >Questa carta indica che stai cercando qualcuno con cui condividere la tua vita e passare un po' di tempo in modo romantico. Sarai quasi un cacciatore nella ricerca di qualcuno che somigli al tuo partner ideale ma questo non sarà facile. Dovrai destreggiare un po' di cose per impressionare quella persona e trasformare il tutto in qualcosa di sostanziale. </KING-OF-CUPS-ONE >
<ACE-OF-PENTACLES-ONE >Questo è un momento che indica nuovi inizi nella tua vita. Potresti sentirti più irrequieto di prima dal momento che non otterrai la compassione che ti aspettavi e la comprensione dal tuo partner e questo ti intristirà profondamente. </ACE-OF-PENTACLES-ONE >
<TWO-OF-PENTACLES-ONE >Potrebbero esserci alcune difficoltà da affrontare tra te e il tuo partner insieme e questo potrebbe farti sentire leggermente fuori posto ma alla fine la tua natura comprensiva insieme all'aiuto da parte di qualcuno ti aiuterà a risolvere la situazione. </TWO-OF-PENTACLES-ONE >
<THREE-OF-PENTACLES-ONE >Tu e il tuo partner sentirete crescere la relazione perciò farete alcuni passi verso il futuro. Per i single, questo sarà un buon momento per trovare la persona giusta per voi e questo potrebbe accadere in un posto inaspettato. </THREE-OF-PENTACLES-ONE >
<FOUR-OF-PENTACLES-ONE >Sarai capace di sostenere la tua relazione solo se lavorerete entrambi insieme con un po' di pazienza e comprensione. Se questo non funziona, allora deciderai alla fine di dividere la strade con il tuo partner e cercherai di andare avanti sul tuo sentiero approfittando di nuove possibilità. </FOUR-OF-PENTACLES-ONE >
<FIVE-OF-PENTACLES-ONE >Questa carta indica che ora sei desideroso di essere con qualcuno o fare qualcosa che brami da molto tempo. Ci sono anche possibilità che il tuo partner ti possa ingannare o vice versa. Questo potrebbe anche non essere un periodo particolarmente felice per le persone che già vivono una relazione. </FIVE-OF-PENTACLES-ONE >
<SIX-OF-PENTACLES-ONE >Ora desideri veder tornare la tua amata fanciullezza o ritornarci in contatto. Ci sarà un senso di solitudine dal momento che il tuo partner si allontanerà da te. Dovrai immaginare cosa vuoi davvero dalla vita e come ti spingerai verso i tuoi obiettivi. </SIX-OF-PENTACLES-ONE >
<SEVEN-OF-PENTACLES-ONE >Si rivelerà un periodo disturbato per te e il tuo partner dal momento che ci potrebbero essere sostanziali differenze di opinioni e questo potrebbe anche portare alla fine di questa relazione. Se sei sposato o in una relazione a lungo termine, allora riconsidererai la tua relazione e i tuoi sforzi nella coppia. </SEVEN-OF-PENTACLES-ONE >
<EIGHT-OF-PENTACLES-ONE >Sembra che tu abbia un umore giocoso in questi giorni e ti godi l'essere single più di tutto. Ti sentirai d'umore speculativo e penserai anche a quello che accadrà nel futuro. Il tuo lato romantico prenderà presto il sopravvento. </EIGHT-OF-PENTACLES-ONE >
<NINE-OF-PENTACLES-ONE >Questa carta indica che stai cercando nuove cose rinfrescanti nella tua vita. Vorresti scappare dalle cose convenzionali per un posto nuovo. Potresti dover spendere un po' di tempo lontano dal tuo partner per un periodo temporaneo e prenderai la decisione che si rivelerà la scelta giusta. </NINE-OF-PENTACLES-ONE >
<TEN-OF-PENTACLES-ONE >L'amore non è qualcosa che si trova nella tua testa ora perché sei già preoccupato con un sacco di cose riguardo il lavoro e altre questioni familiari. Cercherai di sollevare il tuo umore riunendoti con i tuoi amici e parenti ma non cercherai di diminuire lo spazio tra te e il tuo partner. </TEN-OF-PENTACLES-ONE >
<PAGE-OF-PENTACLES-ONE >Questa carta indica che ci sarà una situazione irrequieta che ti forzerà a pensare a cosa fare della tua relazione dal momento che non sei sicuro del tuo partner e alla fine prenderai la decisione responsabilmente, il che ti farà sentire bene se la relazione avrà un futuro o no. </PAGE-OF-PENTACLES-ONE >
<KNIGHT-OF-PENTACLES-ONE >Ora stai cercando la pace nelle tue questioni amorose e vuoi vivere e goderti il tuo partner. Esiterai nel dire qualcosa al tuo partner o annunciare notizie che senti possano rovinare la relazione che va a gonfie vele che entrambi condividete ma devi essere coraggioso. </KNIGHT-OF-PENTACLES-ONE >
<QUEEN-OF-PENTACLES-ONE >Questa carta indica che sarai fortemente attratto da qualcuno e questa persona sarà ugualmente interessata a te. Non vedrai l'ora di avere una relazione con questa persona e ti aspetti che la relazione sia eccitante e piena di vita. </QUEEN-OF-PENTACLES-ONE >
<KING-OF-PENTACLES-ONE >Questa carta mostra che sarai un po' triste o deluso perché ci sono alcune promesse infrante dal tuo partner. Se sei già in una relazione allora sperimenterai che la tua relazione manca di scambi di opinioni libere e per far funzionare qualsiasi relazione, la cosa più importante è parlare e passare un po' di tempo libero insieme a conoscersi l'un l'altro. </KING-OF-PENTACLES-ONE >
<ACE-OF-SWORDS-ONE >Questa carta indica che ora stai cercando la gratificazione personale nella tua relazione. Questo è un momento in cui hai alte probabilità di far sbocciare un nuovo amore che ti allerterà e avrai forti emozioni verso qualcosa. Se già sei in una relazione, il tuo legame con il tuo partner diventerà ancora più forte. </ACE-OF-SWORDS-ONE >
<TWO-OF-SWORDS-ONE >Vuoi andare avanti nella vita e stai cercando disperatamente l'amore. Potresti semplicemente essere fortunato dal momento che questa carta indica che potresti conoscere una persona speciale e se, sei già in una relazione, allora questa diventerà più forte e vedrai che il tuo partner o il tuo partner potente sembrerà avere le qualità che avevi immaginato. </TWO-OF-SWORDS-ONE >
<THREE-OF-SWORDS-ONE >Questa carta mostra che desideri che il tuo partner ritorni da te. La tua pazienza si sta arrendendo e deciderai presto di lasciar perdere e iniziare da capo se il tuo partner si rifiuta di tornare presto. Potresti sentire la pesantezza della tanta sofferenza provata ed innamorarsi comporta qualche rischio. </THREE-OF-SWORDS-ONE >
<FOUR-OF-SWORDS-ONE >Hai una grande spiritualità adesso e sentirai un forte desiderio di conoscere meglio te stesso. Cercherai di connetterti con il tuo io interiore e perciò potresti pendere contatto con il mondo ma alla fine troverai la pace. C'è anche la possibilità che qualcuno che aveva una cotta per te potrebbe chiederti di uscire. </FOUR-OF-SWORDS-ONE >
<FIVE-OF-SWORDS-ONE >Questa carta indica che sarai in cerca dell'amore adesso. Potrebbero anche esserci alcune delusioni nella tua vita amorosa che dovrai affrontare che lascerà i tuoi sentimenti inappagati e in qualche modo ingannati. Dovrai acquisire di nuovo la fiducia in te stesso e andare avanti. </FIVE-OF-SWORDS-ONE >
<SIX-OF-SWORDS-ONE >Potresti affrontare alcuni guai in paradiso e le cose no fileranno liscio come ti aspettavi che andassero. Potrebbe esserci un po' di scontento nella tua vita amorosa e potrebbe sembrare che i tuoi sforzi non valevano la pena dopo tutto. Potrebbe esserci un po' di confusione riguardo il futuro e combatterai per migliorare le cose. </SIX-OF-SWORDS-ONE >
<SEVEN-OF-SWORDS-ONE >Questa carta indica che vuoi che un tuo caro amico o qualche parente ti stiano vicino nell'aiutarti a dare una dritta alla situazione e potresti anche pensare di andartene per un po'. Ci sono possibilità che un tuo ex amante o qualcuno per cui avevi una cotta ti avvicinerà. Vorrai davvero qualcosa dalla tua relazione ma non sarai in una situazione in cui potrai scendere a compromessi. </SEVEN-OF-SWORDS-ONE >
<EIGHT-OF-SWORDS-ONE >Potrebbe esserci un po' di soffocamento o mancanza di agiatezza in questioni di cuore. Ma non sarà come sembra dal momento che qualcosa di buono è in arrivo. Ci sono possibilità che potresti avere l’opportunità di iniziare in un nuovo ambiente con un nuovo partner che ti farà sentire di nuovo libero. </EIGHT-OF-SWORDS-ONE >
<NINE-OF-SWORDS-ONE >Questa carta mostra che non è il momento migliore della tua vita. Potresti provare delle ansie e privazioni e combatterai per tenere insieme le cose. Potresti separati dal tuo partner per un po' di tempo a causa di impegni professionali. Ma la tua maturità e calma professionale ti aiuterà a tenere insieme le cose. </NINE-OF-SWORDS-ONE >
<TEN-OF-SWORDS-ONE >Hai passato uno dei peggiori periodi della tua vita ma ora stai ancora recuperando. Alcuni dei dilemmi continueranno ancora mentre cerchi di prendere decisioni convinte su cosa è meglio per te ma questo non sarà un processo facile. </TEN-OF-SWORDS-ONE >
<PAGE-OF-SWORDS-ONE >Questa carta mostra che ora ti stai concentrando sul rendere la tua vita migliore in materia di cuore e anche nelle relazioni personali. Hai passato dei momenti difficili e stai cercando di rimettere di nuovo la tua vita sulla strada della normalità ma troverai difficile farlo. Potrebbero esserci anche alcune ricorrenze inaspettate che ti causeranno preoccupazione. </PAGE-OF-SWORDS-ONE >
<KNIGHT-OF-SWORDS-ONE >Ora è il momento di lasciarti indietro tutti i momenti di dolore e guardare a nuovi inizi. Incontrerai qualcuno di nuovo e sarai attratto da quella persona. Vorrai incatenare gli eventi per vedere lo sviluppo di qualcosa di romantico. Questo sarà un forte inizio e in un men che non si dica ti troverai felice e stabile con il tuo partner. </KNIGHT-OF-SWORDS-ONE >
<QUEEN-OF-SWORDS-ONE >Questa carta indica che potrebbe esserci un dubbio o una fase di costante delusione dal momento che potresti avere diversi conflitti e discussioni con il tuo partner e le cose potrebbero anche arrivare alla fine. Questo potrebbe portarti ad affrontare dei periodi duri di solitudine nella tua vita. </QUEEN-OF-SWORDS-ONE >
<KING-OF-SWORDS-ONE >Sentirai di aver bisogno di una visione chiara di cosa è giusto per te nella vita in questo momento e capirai che hai bisogno di andare avanti per vivere una vita felice. La realtà potrebbe presto prendere delle nuove sembianze e potrebbe caderti addosso dal momento che stavi vivendo in un mondo immaginario ed è il momento di fronteggiare la realtà e vivere una vita che guarda solo al meglio. </KING-OF-SWORDS-ONE >
<ACE-OF-WANDS-ONE >Questa carta indica che ora stai cercando una relazione seria a lungo termine e non sei molto interessato alle avventure. Stai cercando un inizio fresco e ci sono anche possibilità di matrimonio o una convivenza. Potrebbe esserci un membro della famiglia o un parente con cui discuterai presto di problemi relazionali. </ACE-OF-WANDS-ONE >
<TWO-OF-WANDS-ONE >Stai sperando che qualcosa di buono accada e sei desideroso di vederlo materializzarsi. Ci sono possibilità che qualcuno che abbia bisogno di supporto cercherà la tua guida e creerà una connessione con te. Cercherai legami forti di amore e amicizia ora. Risolverai anche le differenze che hai avuto con uno dei tuoi membri della famiglia. </TWO-OF-WANDS-ONE >
<THREE-OF-WANDS-ONE >Ora potresti avere diverse proposte e preparare la tua mente a quella giusta sarà tua preoccupazione. Questo segnerà un buon periodo per le tue relazioni e, nonostante le tue insicurezze, ti unirai con colui che amerai. Vorrai superare tutti gli ostacoli per vivere una vita felice con il tuo partner. </THREE-OF-WANDS-ONE >
<FOUR-OF-WANDS-ONE >Potrebbero esserci possibilità di riunione con un amico che verrà a recuperarti e a portarti fuori a fare shopping o altre attività divertenti per farti sentire meglio. Avrai bisogno di un po' di allegria dal momento che potrai avere un po' di scontento nella vita romantica a causa della privazione. </FOUR-OF-WANDS-ONE >
<FIVE-OF-WANDS-ONE >Ora troverai difficile concentrarti su una sola cosa e questo ti sta facendo sentire irrequieto. Sarai occupato da troppe cose e non sarai capace di trovare tempo per il tuo partner e socializzare. Alcune avventure o appuntamenti casuali sono indicati. </FIVE-OF-WANDS-ONE >
<SIX-OF-WANDS-ONE >Questa carta indica che stai per intraprendere nuove avventure nella tua vita. Qualcuno che ti ammira tenterà la fortuna per impressionarti e ti piaceranno le attenzioni. Dovrai affrontare una situazione che ti forzerà a fare dei cambiamenti necessari nelle tua vita per il tuo miglioramento. </SIX-OF-WANDS-ONE >
<SEVEN-OF-WANDS-ONE >Questa carta indica che l'amore è nell'aria per te e le questioni di cuore domineranno la tua mente. Entrerai in contatto con il tuo lato romantico e farai cose speciali per il tuo partner. Questo sembrerà come immagini perfette ma ci saranno alcune cose che dovrai lasciare andare per dirigerti verso la vita che vuoi. </SEVEN-OF-WANDS-ONE >
<EIGHT-OF-WANDS-ONE >Sarai nell'umore di socializzare e le questioni di cuore occuperanno la tua mente. Sarai di buon umore pensando alla cose positive della vita e tu e il tuo partner indulgerete in un sacco di attività insieme. Ci saranno anche alcuni cambiamenti positivi che avverranno a causa del tuo partner. Potrebbero anche esserci alcune delusioni con cui dovrai avere a che fare. </EIGHT-OF-WANDS-ONE >
<NINE-OF-WANDS-ONE >Noterai che i tuoi sforzi stanno finalmente portando dei risultati e sarai coinvolto in attività sociali. Ci saranno alcuni conflitti di pensiero e differenze di opinioni e qualche brusco scambio di parole potrebbe anche accadere. </NINE-OF-WANDS-ONE >
<TEN-OF-WANDS-ONE >Questa carta indica che il tuo amato potrebbe lasciarti confuso in merito a varie situazioni e questo ti renderà curioso e irrequieto. Sentirai che il tuo partner è infelice con te e questo ti farà sentire solo. Farai lo sforzo di unire la tua relazione e aggiungere il bagliore mancante. </TEN-OF-WANDS-ONE >
<PAGE-OF-WANDS-ONE >Potrebbero esserci alcuni disturbi nella tua relazione e ti aspetterai alcuni cambiamenti dal tuo partner. Ti sentirai insicuro del rapporto tra te e il tuo partner e non vi sentite ben coinvolti anche se ci provate; il legame raggiungerà in qualche modo un picco. </PAGE-OF-WANDS-ONE >
<KNIGHT-OF-WANDS-ONE >Questa carta mostra che ti senti incerto in merito ad alcune questioni nella tua relazione e vorresti risolverle prima che ti facciano pagare le conseguenze. Vedrai qualcuno che pensi di conoscere già e proverai a legarti con questa persona, costruendo una profonda connessione spendendo più tempo con lui. </KNIGHT-OF-WANDS-ONE >
<QUEEN-OF-WANDS-ONE >Questa carta indica che incontrerai presto qualcuno di speciale e ti chiederai se dovrai intraprendere una relazione con questa persona oppure no. Potresti anche imbatterti in forti ammiratori della tua persona che accenderanno un po' di scintille d'amore e questo potrebbe trasformarsi in una relazione appassionata e romantica che stavi proprio aspettando. </QUEEN-OF-WANDS-ONE >
<KING-OF-WANDS-ONE >Alcuni problemi intorno a te ti costringeranno a essere indifferente e senza emozioni e sembrerai distratto al tuo partner. Non vorrai rivelare cosa pensi davvero al mondo e questo potrebbe causare tensione. Dovrai pensare a sangue freddo a come districarti in questa situazione. Anche una proposta di matrimonio potrebbe essere in arrivo. </KING-OF-WANDS-ONE >
<THE-FOOL-ONE >Se hai già una relazione, la carta indica che sentirai una nuova eccitazione e zelo nella tua vita. Se sei single, incontrerai molto probabilmente qualcuno di speciale. Camminerai a passi spontanei, fiduciosi e allegri nella tua vita. Hai bisogno di liberarti dalle tue relazioni passate e guardare al futuro, che sembra bello e gioioso. </THE-FOOL-ONE >
<THE-MAGICIAN-ONE >La tua volontà e compostezza sarà molto d'aiuto nel controllare e maneggiare la tua vita amorosa nei tempi a venire. Con la tua grazie e fiducia, sarai molto probabilmente d'accordo con il sesso opposto nella maggior parte delle questioni. Se sei in una relazione, potresti conoscere alcune cose nascoste del tuo amato nel futuro imminente. Inoltre, il tuo partner potrebbe mostrare un incremento di interesse in ogni parola che dici. </THE-MAGICIAN-ONE >
<THE-HIGH-PRIESTESS-ONE >Questa carta suggerisce che devi credere nelle tue abilità nel percepire le persone e le situazioni per una vita amorosa attiva. Devi prendere decisioni indipendenti circa le cose coinvolte nella tua vita amorosa. Se sei già in una relazione, il tuo partner ti darà molto probabilmente dei buoni consigli nel futuro prossimo. Inoltre, sembra che imparerai qualcosa di totalmente inaspettato del tuo partner, che sia buono o cattivo. </THE-HIGH-PRIESTESS-ONE >
<THE-EMPRESS-ONE >Sembri preoccuparti o delle tue relazioni presenti o di quelle passate. Se non sei in una relazione, ne desideri una. Nei tuoi affari, la tua natura possessiva potrebbe farti vivere dei momenti duri nella tua vita. Devi comportarti con attitudine paziente e fiduciosa per conquistare la stabilità nella tua vita amorosa. </THE-EMPRESS-ONE >
<THE-EMPEROR-ONE >La carta suggerisce l'arrivo del successo e conquiste nella tua relazione nel futuro prossimo. Potresti ricevere consigli d'amore di valore da qualcuno come tuo padre, tuo fratello, un amico, ecc. Probabilmente avrai il controllo delle tue relazioni presenti e continuerai a dominare per un po'. Il tuo partner ti supporterà appieno in ogni aspetto senza fare domande. Attento a non diventare troppo esigente nella tua relazione altrimenti finirai per ferire emozionalmente il tuo partner. </THE-EMPEROR-ONE >
<THE-HIEROPHANT-ONE >Una mente più aperta e flessibile ti porterà un cambiamento positivo nella tua vita amorosa. Se stai pianificando di sposarti presto, devi mostrare pazienza mentre affronti gli ostacoli che ti trovi sulla strada. Comportandoti in maniera testarda con il tuo partner non porterà la tua relazione da nessuna parte. I problemi che affronti nella tua vita amorosa possono essere risolti con la presenza della mente e tenendo il temperamento basso. </THE-HIEROPHANT-ONE >
<THE-LOVERS-ONE >Probabilmente nuoterai nel mare dell'amore. Avrai momenti belli e memorabili nella tua relazione nell'imminente futuro. Probabilmente affronterai una situazione nella tua vita in cui troverai abbastanza difficile decidere qualcosa. Ascolta il tuo cuore e non la tua mente e scoprirai che la decisione era giusta. Ti connetterai molto bene emozionalmente con il tuo partner. Non farti tentare dal voler ingannare il tuo partner uscendo con qualcun altro. </THE-LOVERS-ONE >
<THE-CHARIOT-ONE >La tua vita amorosa potrebbe prendere una brutta piega. Potresti dover fare degli sforzi seri per uscirne. I tuoi affari romantici cambieranno molto probabilmente nel prossimo futuro. Devi mostrare un sacco di pazienza verso i cambiamenti emozionali del tuo partner. Infine, nella tua relazione sboccerà l'amore. </THE-CHARIOT-ONE >
<JUSTICE-ONE >Hai bisogno di portare un senso di equilibrio e armonia nella tua relazione presente. Sembra che ci sia un eccesso di mancanza di elementi certi che è vitale per portare stabilità alla tua vita amorosa. Dovresti mostrare un approccio imparziale verso le tue avventure romantiche per conquistare il dovuto equilibrio. Presta uguale attenzione alla tua carriera e alla tua vita familiare. La tua fiducia e onestà saranno davvero cruciali nel forgiare la tua relazione. Se sai di aver fatto un errore nella tua relazione, correggilo subito. </JUSTICE-ONE >
<THE-HERMIT-ONE >Prenditi del tempo per analizzare la tua vita amorosa. Molto probabilmente ti sentirai impaziente sul modo in cui stanno andando le cose nella tua presente relazione. Devi avere il sangue freddo ed evitare di prendere decisioni frettolose in relazione alla tua vita amorosa. Se hai bisogno di un consiglio d'amore, consultati con qualcuno di più anziano e con più esperienza di te. Probabilmente supererai ogni ostacolo romantico, se entrambi darete abbastanza spazio l'un l'altro nella tua relazione. </THE-HERMIT-ONE >
<WHEEL-OF-FORTUNE-ONE >La carta mostra che ti stai dirigendo verso una fase molto gioiosa e speciale che illuminerà la tua vita amorosa. La fortuna è dalla tua parte e troverai l'amore della tua vita. Mostrerai la tua maturità nelle questioni relative alla relazione. Il partner dei tuoi sogni sarà presto con te. Tutte le tue preoccupazioni che avevi sulle tue relazioni future finiranno. Probabilmente passerai dei momenti meravigliosi nella tua vita amorosa. </WHEEL-OF-FORTUNE-ONE >
<STRENGTH-ONE >Mostrerai un'attitudine migliore e più forte verso la vita che ti aiuterà a superare qualsiasi ostacolo tu possa incontrare nella relazione. Se desideri lasciare andare alcune questioni del passato, dovresti probabilmente farlo subito. La nave della tua relazione solcherà limpida e potresti facilmente conquistare le cose per cui hai combattuto. Con la tua determinazione ed intelligenza, verrai fuori da tutti i tuoi problemi. </STRENGTH-ONE >
<THE-HANGED-MAN-ONE >Dovrai adottare un'attitudine al sacrificio nella tua relazione. Potrebbero esserci delle tensioni tra te e il tuo partner. Suggerisce di adottare uno stato mentale molto paziente, composto e maturo nella tua vita amorosa. Potrebbero esserci conflitti emozionali tra voi due. Consiglia che hai bisogno di essere più introspettivo e guardarti intorno alle situazioni con mente aperta e capirle meglio. </THE-HANGED-MAN-ONE >
<DEATH-ONE >La carta indica una fase che porterà delle trasformazioni drammatiche nella tua vita amorosa. Potresti sentirti triste e depresso nella tua relazione presente. Questa fase ti spingerà verso un tripudio di emozioni umane, facendoti perciò capire l'importanza dei cambiamenti a venire. I tuoi affari amorosi potrebbero intraprendere un sentiero buio e duro. Dovrai mostrare un forte carattere per superare questa fase. </DEATH-ONE >
<TEMPERANCE-ONE >La carta indica l'arrivo di situazioni confuse e conflittuali nella tua relazione, in cui potrai trovare difficile fare delle scelte. Tu e il tuo partner avrete probabilmente visioni opposte su varie questioni creando perciò tumulti. Devi essere paziente, cooperare nel trovare la migliore soluzione che troverà d'accordo l'amore della tua vita. Troverai il modo di trovare l'armonia nella tua relazione. </TEMPERANCE-ONE >
<THE-DEVIL-ONE >I tempi a venire non saranno facili. Sentimenti come lussuria, avarizia, ambizione e dipendenza possono mandare in tilt l'amore della tua vita. Potresti anche desiderare di dominare totalmente la tua relazione. Devi essere forte per resistere a queste tentazioni in modo da evitare grandi disastri nella tua vita amorosa. Potresti sentirti potente per un momento fuggevole ma andando sulla cattiva strada non farai niente di buono per la relazione presente. Stai attento dal momento che questa carta ti sta avvertendo dei passi fatali che potresti fare. </THE-DEVIL-ONE >
<THE-TOWER-ONE >Nel prossimo futuro potrebbe venire una delle fasi peggiori della tua vita amorosa. Potresti vedere situazioni spiacevoli e sfavorevoli accadere nella tua relazione. Alcune di queste potrebbero essere inaspettate, causandoti solitudine ed isolamento per un po'. Questo cambiamento ti mostrerà nuove strade e opzioni per migliorare la tua vita amorosa presente. Sarà una dura corsa in avanti perciò devi stare calmo e imparare le cose che la vita ti sta insegnando. </THE-TOWER-ONE >
<THE-STAR-ONE >Questa carta è un presagio dei bei tempi a venire. Indica la possibilità di una relazione salutare che inizierà presto. Indica anche che puoi portare la tua relazione presente al prossimo livello di impegno. Potresti sentire una connessione emozionale e spirituale migliore con il tuo partner. La tua vita amorosa passerà una fase in cui supererai le tue relazioni passate e sarai più positivo su quelle a venire. </THE-STAR-ONE >
<THE-MOON-ONE >Gli unici pensieri che ti passeranno per la testa saranno circa la tua relazione. Ti sentirai come incatenato a terra a causa della tua situazione amorosa corrente. Apprenderai probabilmente alcuni segreti tenuti nascosti intenzionalmente che potrebbero portare delle battute d'arresto emozionali nella tua relazione. Non deprimerti per il dolore. Mostra un'ottica più aperta e fai degli sforzi seri per far passare questi sentimenti. Dedicati agli hobby per superare queste emozioni e riportare in pista la tua vita. </THE-MOON-ONE >
<THE-SUN-ONE >Sentirai presto delle note fresche ed eccitanti nella tua relazione. Se non sei innamorato, potrebbe presto accadere. Questioni romantiche che sembrano non andare da nessuna parte cominceranno a fare presto progressi. Una vacanza romantica e alcuni appuntamenti pastosi con il tuo amato sono nelle carte. I tempi a venire sembrano gioiosi e memorabili. Assicurati di vivere al meglio questa nuova fase. </THE-SUN-ONE >
<JUDGEMENT-ONE >Questa carta ti chiede di tenere aperti i tuoi sensi a tutto ciò che hai intorno. Potresti capire che le cose stanno venendo dalla tua parte, ma, a meno che tu non faccia grandi sforzi, potresti cadere per prendere il meglio da queste situazioni. Se non sei ancora innamorato, è probabile che tu incontri presto un potenziale partner. In questo caso, non perdere troppo tempo prima di fare tutte le domande importanti. Se hai scaricato qualcuno nel passato, potrebbe succederti lo stesso ma, alla fine, la tua vita amorosa andrà per il meglio. </JUDGEMENT-ONE >
<THE-WORLD-ONE >La carta segna la fine delle difficoltà e indica l'arrivo di periodi felici e amorevoli con il tuo amato. La tua relazione prenderà finalmente una piega, quella che sempre hai desiderato. Il tuo partner ti incoraggerà e ti apprezzerà per il tuo duro lavoro e questo farà sbocciare il tuo amore. Questa fase dovrebbe portare nuovo zelo nella tua vita. Se sei single, la probabilità di incontrare la persona speciale è considerata alta.</THE-WORLD-ONE >
    </ROOT>
