﻿<?xml version="1.0" encoding="utf-8" ?>
<ROOT>
  <ACE-OF-CUPS-ONE>
  Ang kard na ito ay nagpapahiwatig na panahon na upang maintindihan mo ang iyong mga panaghinip, sumubok ng mga bagong bagay. Saka mo lang malalaman kung ano talaga ang nais mong makamit at kung saan ka magiging kontento.
</ACE-OF-CUPS-ONE>
<TWO-OF-CUPS-ONE>
Maaaring dumaranas ka ng mabigat na sitwasyon sa ngayon ngunit may mga taong nais tumulong sayo. Kung meron mang mga utang, mababayaran mo rin at ang mga lumang pag-aaway ay maayos. Saka ka lamang makakarating sa iyong paroroonan. Huwag mainis kung mabagal man ang pag-usad nito.
</TWO-OF-CUPS-ONE>
<THREE-OF-CUPS-ONE>
Sinasabi ng mga baraha na ito na kinakailangan mong maging matapang upang ibahagi ang iyong mga ideya kesa iwasang ang mga panganib. Kapag nagdesisyon kang gawin ito, ay makikita mong magkakaron ng malaking pagbabago at kung ikaw ay may kahit anung pinagdadaanan, ito ay magtatapos.  May mga pagsubok na kailangan pagdaaanan ngunit magiging mainam ang pagtatapos.
</THREE-OF-CUPS-ONE>
<FOUR-OF-CUPS-ONE>
Iminumngkahi ng mga barahang ito na kailangan mo ng sapat na oras para sa iyong sarili kesa laging tumulong sa pangangailangan ng iba.  Masusumpungan mo ang bagay na nakapagbibigay ng kaginhawaan. Makakaranas ka ng kaunting kalungkutan at pagkalito ngunit makakaalis ka rin sa ganyang sitasyon.
</FOUR-OF-CUPS-ONE>
<FIVE-OF-CUPS-ONE>
Huwag tumakbo sa mga bagay na mukang me maaayos na ibabaw. Maghintay ng oras kung kailan mo malinawan ang tungkol sa pagiging tunay nito.  Magkaron ka nang sapat na oras na unawain ang iyong nararamdaman patungkol sa iyong paligid ngunit ikaw ay matagumpay na makakalabas sa mga mahihirap ngunit mahahalagang pagdedesisyon.
</FIVE-OF-CUPS-ONE>
<SIX-OF-CUPS-ONE>
Ang kailangan mo ay ang mapahinga at hayaan mong makasumpong ka ng mga bagong ideya.  Magsisimula ang mga bagay na umayon at magkakaroon ng di inaasahang pangyayari na mangyayari at may mahalaga itong kinalaman sa iyong pangarap.  Maaring magkaron ng kaunting sakripisyo ngunit madali itong malalampasan.
</SIX-OF-CUPS-ONE>
<SEVEN-OF-CUPS-ONE>
Ang barahang ito ay nagpapahiwatig na magkakaron ka ng mga poblema sa iyong buhay propesyonal na pwede mong ikabahala ngunit kung sisiyasatin mo ang iyong sarili at mga gawi ay magkakaron ka ng pang ispiritwal na pagkakagising at makakaramdam ka ng pagkakuntentong panloob, at ikaw ay magiging masayahing tao.
</SEVEN-OF-CUPS-ONE>
<EIGHT-OF-CUPS-ONE>
Iminumungkahi ng barahang ito ang mabuting kapalaran sa hinaharap.  May darating na mga bagong oportunidad sa iyong personal at propesyonal na pamumuhay na pwedeng magdala sa iyong mga layunin.  Ang mga lumang hidwaan at mga isyu ay maayos, at mapapansin mong ang lahat ng iyong mga pinanghinayangan at suliranin ay unti unting mawawala.
</EIGHT-OF-CUPS-ONE>
<NINE-OF-CUPS-ONE>
Iminumungkahi ng barahang ito na iwasan ang magpadalos dalos sa desisyon or magsalita ng tapos ng hindi pa nasusuring mabuti ang sitwasyon at di pa natitingnan ang lahat ng anggulo.  Maghahanap ka ng pangemosyonal na suporta ng mga taong nakapaligid sa iyo na handang magbuhos ng mahabang atensyon sa iyo.  Ang pagpapasensya ang pinakamabuti at ang pagsasanay nito ay makakatulong sa iyong pangmental na kasiyahan.
</NINE-OF-CUPS-ONE>
<TEN-OF-CUPS-ONE>
Sinasabi ng barahang ito na magkakaroon ka ng pagapbroba at positibong ulat galing sa mga taong nagpapakita ng pagaalala sa iyo at ito ang muling magsisiguro ng iyong posisyon.  Ang iyong mga kahilingan o ang mga partikular na kagustuhan ay maisasakatuparan na sa wakas at makakasumpong ng kalibangan na iyong  inaantay.
</TEN-OF-CUPS-ONE>
<PAGE-OF-CUPS-ONE>
Ang barahang ito ay nagpapakitang di pa malinaw ang iyong mga kagustuhan at may malaking posibilidad na kailangan mong magdesisyong sumangguni sa iba. Magiging nakalilito ang mga bagay bagay at magkaron ng kakulangan ngunit kapag napagtanto mo na ang iyong mga pangarap, magiging malinaw sayo ang lahat.
</PAGE-OF-CUPS-ONE>
<KNIGHT-OF-CUPS-ONE>
Makakaramdam ka ng pangangailangang lumabas at lumanghap ng sariwang hangin at lumabas ang pinakamainam na gawin.  Sundin ang iyong pakiramdam upang ipakita ang daan dahil yan ang pinakamaasahan na pinagkukunan sa ngayon.  Magkakakaron ng madaming pagbabago sa iyong buhay at ito ay mga kanais nais na pagbabago.
</KNIGHT-OF-CUPS-ONE>
<QUEEN-OF-CUPS-ONE>
Ang iyong kagandahan at paghihikayat na taktika ang tutulong sayo sa mahabang lakarin. Magkakaron ng mga palihim na puwersa na tutulong sayo na makamtan ang iyong  minimithi ngunit ang mga bagay ay maaring di maging perpekto gaya ng iyong inaasahan. Ngunit ang iyong oras at kapalaran ang magbibigay-daan sa iyong mga ninanais sa ilan o iba pa mang paraan.
</QUEEN-OF-CUPS-ONE>
<KING-OF-CUPS-ONE>
Huwag bumigay sa anumang bagay na pangkaraniwan kung ang iyong nais ay makakuha ng higit na mabuti.  Ang iyong pangnegosyo at personal na buhay ay mas lalago .  Magiging halos itong mahika at makakasumpong ka ng magiging isang taong espesyal o kung ikaw ay may pananagutan na, ang iyong mga nanaig na suliranin ay maglalaho na.
</KING-OF-CUPS-ONE>
<ACE-OF-PENTACLES-ONE>
Iwasan ang pagiging mahigpit sa kahit ano at piliting maging maluwag at makibahagi sa mga aktibidad na nakapagbibigay galak.  Makakatulong ito upang maging maasahin at katuwa tuwa at ikaw ay magkakaron ng ibang kaisipan upang makuha ang iyong nais. Pumapabor sa iyo ang iyong kapalaran at di magtatagal ikaw ay makakasumpong ng katagumpayan.
</ACE-OF-PENTACLES-ONE>
<TWO-OF-PENTACLES-ONE>
Hindi ka makakaiwas sa mga bagay na dapat mangyari. Kailangan mong tandaan at ilista ang mga bagay na may prayoridad at trabahuhin ito.  Kapag naisagawa mo ito, magkakaron ng linaw ang iyong mga isipin at magkakaron ka din ng balanseng kaisipan na magdadala sa iyo palapit sa kaligayahan.
</TWO-OF-PENTACLES-ONE>
<THREE-OF-PENTACLES-ONE>
Magkakaroon ng mga bagong pagkakataon sa iyong landas kaya huwag matakot na sumubok mahihhirap na bagay at samantalahin ito hanggang sa wakas.  Ito ay higit na makakatulong sa iyong mga bagong proyekto at iyong ikonsidera ang mga posibilidad ng pakikisosyo na magbubunga.
</THREE-OF-PENTACLES-ONE>
<FOUR-OF-PENTACLES-ONE>
Kailangan mong malaman na ang mga pangarap ay dapat realistiko at huminto sa mga hindi makatotohanang mga bagay. May mga bagong pagsulong sa iyong trabaho ngunit maaring may mga balakid sa iyong personal na buhay. Makaka-usad ka sa mga ito ay makakapag simula ng bago kasama ang mga mahal sa buhay.
</FOUR-OF-PENTACLES-ONE>
<FIVE-OF-PENTACLES-ONE>
Ngayon ang panahon kung saan ang negosyo at iba pang may kaugnayan sa iyong trabaho ay dadaan sa mahirap na kalagayan Magkakaroon ng mga di inaasahan na sitwasyon na kailangan mong kaharapen ngunit sa tamang panahon, ang mga sugat ay maghihilom at babalik ang lahat sa dati..
</FIVE-OF-PENTACLES-ONE>
<SIX-OF-PENTACLES-ONE>
Huwag matakot na tuparin ang iyong mga pangarap at magkaroon ng pananampalataya sa iyong mga desisyon.  Maaring magkaroon ng mga sitwasyon na ito ay hindi agad magkaroon ng kalutasan ngunit ang pagiging positibo ang makakatulong  sayo na maging kampante sa kabila ng lahat ng kahirapan.  Mapapagtanto  mo na ang pagtitiis ay makakatulong upang kaharapin ang mahihirap na kaganapan
</SIX-OF-PENTACLES-ONE>
<SEVEN-OF-PENTACLES-ONE>
Mga bagong ideya at landasin ang darating sa iyo at iyo agad makikilala ang iyong mga abilidad upang makuha ang lahat ng bagay na ito.  Ikaw ay magsisikap at magsisipag ngunit ikaw ay magkakaron maliit na pagkabalisa ngunit ikaw magiisip ng mga paraan upang magtagumpay.  Iminumungkahi na huwag magpadalos dalos sa mga bagay bagay bago mo suriin ang lahat ng posibilidad.
</SEVEN-OF-PENTACLES-ONE>
<EIGHT-OF-PENTACLES-ONE>
Huwag tangkaing ipilit or baliktarin ang mga sitwasyon ayon sa sariling pabor.  Hayaang ang oras ang magtakda at paniguradong makikita mo na ang lahat ay aayon sa iyo.  Huwag umasang magkakaroon ng milagrong mangyayari ngunit makakasumpong din ng tagumpay sa di inaasahang paraan na magpapanatili sa iyong pagkakuntento.  Magkakaroon ka din ng reyalisasyon na mangyayari at lalago ka bilang isang indibidwal.
</EIGHT-OF-PENTACLES-ONE>
<NINE-OF-PENTACLES-ONE>
Kung sa kahit anung paraan ay nakasumpong ka ng promosyon o iba pang oportunidad huwag kang matakot na ipahayag ang iyong pagnanais.  Ang paglalaan ng oras sa kawanggawa  ay maghahatid ng magandang kapalaran ngunit sa pangsosyal at emosyonal na aspeto, ay kailangan mong panimulan ang pagsasayos sa mga bagay sa personal na aspeto.
</NINE-OF-PENTACLES-ONE>
<TEN-OF-PENTACLES-ONE>
Iminumungkahi na pillin ang pagiging malapit sa iyong mga mahal sa buhay dahil ito ang panahon na ang suporta mula sa kanila ay makakagawa ng hiwaga.  Ikaw ay masasangkot sa mga aktibidad na makakatulong sa iyong ispiritwal na pagkakagising.  Magkakaron ka ng mga bagog kakilala at may pagkakataon na maging malapit kayo sa isa sa kanila.
</TEN-OF-PENTACLES-ONE>
<PAGE-OF-PENTACLES-ONE>
Iminumungkahi ng barahang ito na ikaw ay sumubok ng mga mapanganib na pagkakataon at ang ilan sa kanila ay maaring di naging maaos na ayon sa iyong inaasahan.  Maaari itong maging sanhi ng iyong ikasama ng iyong loob ngunit sa kalaunan ay malulusutan mo ito sa tulong ng iyong mga mahal sa buhay na magsisilbi mong pwersa ng gabay.
</PAGE-OF-PENTACLES-ONE>
<KNIGHT-OF-PENTACLES-ONE>
Ito ang panahon na ang iyong kutob ay mainam na gagana at ipapakita ang tamang daan, gaya ng nasasabing "Sundin ang iyong puso" Magugulat ka na lang na matutuklasan mo ang iyong pangarap at ipinapahiwatig ng kalawakan na ikaw ay magtatagumpay sa iyong mga minimithi.
</KNIGHT-OF-PENTACLES-ONE>
<QUEEN-OF-PENTACLES-ONE>
Ang barahang ito ay nagpapakita na ikaw makakasumpong ng paunti unting tagumpay dahil sa iyong maigting na pagsisikap ngunit ikaw maghihintay ng mas higit na papremyo ang makita mo ang iyong sarili sa posisyon na matagal mong ninais.  Ikaw makakatagpo ng dating kaibigan o isang taong kahanga hanga sa trabaho at  magugugol kayo ng mahabang panahon na kasama ang isat isa.
</QUEEN-OF-PENTACLES-ONE>
<KING-OF-PENTACLES-ONE>
Kung ikaw ay totoo sa iyong sarili at sa pagsisikap na iyong ilalagak ay maari mong maabot ang matagal mo nang kagustuhan, at alam mo yan.  Kailangan mo ng bagong direksyon sa iyong buhay na magiging daan upang matulungan ka na maisakatuparan ang iyong mga pangarap.  Ang iyong kagandahan ay magiging mainam na mga sosyal na pagtitipon
</KING-OF-PENTACLES-ONE>
<ACE-OF-SWORDS-ONE>
Ang kard na ito ay nagpapahiwatig na kailangan mong buhayin ang iyong kumpiyansa sa sarili upang makausad. Mapapasaiyo ang swerte kung aalisin mo ang mga pag aalinlangan at magkakaroon ng pag-unawa sa iyong sarili at sa mga nakapalibot sa iyo. Ang mga bagay ay magiging maayos sa iyong personal at propesyunal na buhay.
</ACE-OF-SWORDS-ONE>
<TWO-OF-SWORDS-ONE>
Ikaw ay masyadong nababahala sa pagtanggap ng tulong o gabay sa mga tao ngunit kung gusto mong malinaw na pangitain na kailangan mong ipakita sayo ang daan.  Magkakaroon ng mga bagay na  kailangan mong abutin ang iyong nais sa kabila ng mga mahihirap sa sitwasyon at makakasumpong ka ng kumpiyansa sa iyong sarili.
</TWO-OF-SWORDS-ONE>
<THREE-OF-SWORDS-ONE>
Iminumungkahi ng barahang ito na kailangan mo iisang tabi ang iyong mga takot at  gawin mo ang mga bagay na medyo kakaiba ngunit ito pansamantala at kailangan niang lubusin ito.  Pwede mong subukan samantalahin ang pagkakataon.  Pipilitin mong kumapit sa mga  bagay at magsusubok kang bawiin ang mga bagay na minsan nang nawala sa iyo ngunit sadyang may mga bagay na hindi naten mapipigilan ay kailangan nating iwaksi.
</THREE-OF-SWORDS-ONE>
<FOUR-OF-SWORDS-ONE>
Ang barahang ito ay nagpapahiwatig na panahon na nararapat lamang na humiling at ang iyong mga pinagsikapan sa trabaho dahil hindi mo pwedeng iasa ang lahat sa tadhana.  Maaaring makaranas ng kahirapan ngunit ito ayi isang yugtong lilipas din.  Kailangan din alagaan mo ang iyong kalusugan bago igugol ang iyong sarili sa pagarok ng iyong mga pangarap.
</FOUR-OF-SWORDS-ONE>
<FIVE-OF-SWORDS-ONE>
Ang barahang ito ay nagpapakita na magkakaron ka ng makatarungang bahagi  ng tagumpay sa mga lugar kung na iyong minimithi ngunit hindi ito madali at palaging maginhawa sa bawat aspeto ng iyong buhay.  May mga ilang lugar na kung saan kailangan nateng ikompromiso at sa kabila ng posibilin na makamit  ang iyong gusto, ay makakaramdam ng maliit na pagkadiskuntento.
</FIVE-OF-SWORDS-ONE>
<SIX-OF-SWORDS-ONE>
Magkakaron ng mga ilang lugar na makakaranas ka ng poblema at mangangailangang manindigan at magpakatatag at tumayo para sa iyong sarili kay sa ipasa ang responsibilidad sa pagkontrol ng iyong kapalaran. Dadaan ka sa masusing pagiisip sa isang partikular na sitwasyon at ikaw ay magdedesisyong iwan ang ibang aspeto  ng iyong buhay upang makapagsimula ng bagong simula.
</SIX-OF-SWORDS-ONE>
<SEVEN-OF-SWORDS-ONE>
Makakaramdam ka ng kaunting pagkaistress dahil sa  iyong kalalagayan at kinakailangan mong balansehin ang iyong emosyonal at pisikal na buhay.  Hindi maganda ang maaring idulot ng masyadong pagkaistress at maaring maging hadlang ito sa pagkamit ng iyong layunin. Gayunpaman makakakuha ka ng suporta mula sa iyong mga mahal sa buhay at may pagkakataon na maari mong makilala ang isang taong espesyal na magiging swerte sa iyo.
</SEVEN-OF-SWORDS-ONE>
<EIGHT-OF-SWORDS-ONE>
Magkakaroon ng mga sitwasyon na tunay na mahirap at mabigat para sayo ngunit magpapasiya ka na bitawan na ang mga ganitong pangyayari at magsimula muli ng panibago sa bagong lugar na may ibang talent o kakayahan. Dadalhin ka nito sa masayang yugto at matutuwa ka sa desisyon na pinili mo.
</EIGHT-OF-SWORDS-ONE>
<NINE-OF-SWORDS-ONE>
Iminumungkahi na huwag mong pahirapan masyado ang sarili mo at hayaan na lang ang mundo ang maglantad ng mga bagay para sayo. Ang iyong mga mahal sa buhay ay magkakaroon ng importanteng bahagi sa iyong buhay ngayon at maaaring mayroong ilang mga panibagong simula at  mga pagsasakatuparan na makapagpapadama sa iyo ng  kumpiyansa tungkol sa iyong kapaligiran
</NINE-OF-SWORDS-ONE>
<TEN-OF-SWORDS-ONE>
Ipinapakita ng kard na ito  na habang nagpapatuloy ka ay  makikita mo ang mga bagay na nagiging ibang-iba kaysa sa iyong inaasahan. Magkakaroon ng ilang mga hadlang na dapat mong harapin para sa ilang sandali ngunit may pag-asa pa rin at susubukan mong hindi mawala ang iyong pokus
</TEN-OF-SWORDS-ONE>
<PAGE-OF-SWORDS-ONE>
Ang kard na ito ay nagpapahiwatig na hindi ka dapat sumuko sa sandaling ito sa dahilanan na malapit mo nang makamit ang iyong nais. Kung hindi ka aalis sa landas ay makikita mo kung san ang iyong patutunghan at dahil sa iyong positibong balangkas ng pag-iisip, magagawa mong malutas ang mga bagay sa iyong mga kasamahan at mga mahal sa buhay. Ang iyong buhay ng pag-ibig ay mas lalong mapapabuti.
</PAGE-OF-SWORDS-ONE>
<KNIGHT-OF-SWORDS-ONE>
Huwag matakot sa mga hadlang ngayon habang ikaw ay napakalapit  na sa iyong layunin at sa lalong madaling panahon ay makikita mo ang isang malinaw na landas patungo sa kung ano ang matagal  mo ng nais. Magkakaroon ng ilang mga kadahilanan  na maglalaro ng mahalagang bahagi sa pagtulong sa iyo na matamo ang iyong mga layunin ngunit kakailanganin mong kilalanin ang mga kadahilanang ito at pahalagahan ang mga ito.
</KNIGHT-OF-SWORDS-ONE>
<QUEEN-OF-SWORDS-ONE>
Huwag mong ibuhos lahat ng iyong lakas sa paggawa ng mga bagay ngayon dahil kailangan mong magrelaks at magkaroon ng mahabang pasensya upang matamo ang mga minimithing resulta. Sa yugtong ito ay magiging magagalitin ka at mas pipiliin mo ang magisa na muna sa halip na pagtuunan ang malalalim na bagay. Susubukan kang tulungan ng iyong mga mahal sa buhay  ngunit  pipiliin mo ang iyong sariling pamamaraan.
</QUEEN-OF-SWORDS-ONE>
<KING-OF-SWORDS-ONE>
Ipinakikita ng kard na ito na hindi ka susuko agad  at susundan mo ang iyong mga pangarap hanggang sa oras na iyong nakamit ang mga ito. Ang mga bagay ay magsisimulang maging malinaw habang pinagdudugsong mo ang bawat yugto at malaki ang maitutulong nito sayo. Pinapayuhan na hindi ka makikiayon sa mga masamang impluwensya at hayaang sila ang magdesisyon para sayo.
</KING-OF-SWORDS-ONE>
<ACE-OF-WANDS-ONE>
Di katagalan ay babaguhin mo ang iyong diskarte patungo sa kung paano ka mamuhay. Ito ay magbibigay sa iyo ng isang pakiramdam ng pagpapahalaga sa iyong sarili at magaan na kalalagayan. Kailangang maging mapagbantay ka dahil hindi na muling kakatok ang mga pagkakataon  at kapag ito ay dumating huwag mo ng pakawalan pa.
</ACE-OF-WANDS-ONE>
<TWO-OF-WANDS-ONE>
Ang mga bagay ay maaaring magiging nakalilito sa ngayon ngunit ang tadhana ay magpapakita sa iyo ng tamang landas patungo sa iyong mga layunin. Minsan ay nasasabik ka na sa mga magagandang bagay sa paligid mo at maaaring magdulot ito ng panghihinayang sa ibang pagkakataon kaya iminungkahi na iwasan mo ang mga desisyon na hindi pinagisipang maigi.
</TWO-OF-WANDS-ONE>
<THREE-OF-WANDS-ONE>
Huwag masyadong mapang-uyam tungkol sa iyong trabaho habang ang swerte ay naka pabor sa iyo ngayon ngunit kinakailangan mong magpakita ng tapang. Maaari kang makakilala ng isang tao na tunay na magiging kapaki-pakinabang at ito ay isang palatandaan na ang mga magagandang pangyayari ay nalalapit na at ang mga positibong enerhiya ay dumadaloy sa iyong direksyon.
</THREE-OF-WANDS-ONE>
<FOUR-OF-WANDS-ONE>
Ang lahat ay nakakagawa ng mga pagkakamali sa buhay ngunit mainam na tanggapin na lamang ito at  sa halip na isumpa ang pangyayari ay hanapan na lang ng mga solusyon. Ang magandang bahagi ay iyong mapagtanto ito at magkaroon ng lakas ng loob na tanggapin ito at harapin ang mga kahihinatnan, ang ganitong saloobin ang pahahalagahan ng iyong mga mahal sa buhay
</FOUR-OF-WANDS-ONE>
<FIVE-OF-WANDS-ONE>
Magiging masaya ka sa pagiisip at susubukang makita ang lahat ng bagay sa isang maasahin na paraan at magdudulot ito ng kasiyahan . Magkakaroon ka ng ibang larawan sa kung ano ang nais mo ngunit ang buhay ay magkakaroon ng iba pang mga alok. Ngunit ang iyong positibong balangkas ng pag-iisip ay makatutulong sa iyo na gumawa ng kapayapaan sa kung ano ang iyong nakuha at ikaw ay nasiyahan pagkatapos ng lahat.
</FIVE-OF-WANDS-ONE>
<SIX-OF-WANDS-ONE>
Aalisin ng tadhana ang  mga trahedya ng iyong buhay at sa lalong madaling panahon ay papasok ka sa mas masayang kalagayan. Ang pasensya ay ang kabutihan na dapat mong gawin para sa ngayon at iminungkahi na huwag mong piliting mangyari ang mga bagay ayon sa iyong kagustuhan hayaan  ang daigdig ang maghuhubog ng mga bagay sa huli para sa iyo.
</SIX-OF-WANDS-ONE>
<SEVEN-OF-WANDS-ONE>
Kailangan mong maging malakas ngayon at subukang kontrolin ang iyong buhay upang mangyari ang mga ninanais sa iyong sarili. Napagtatanto mo na ang lakas ng loob ay ang tanging paraan upang matulungan kang makuha ang iyong nais. Sa kalaunan ay makakakuha mo ang gusto mo at ang lahat ng mga humahadlang ay mailalagay sa pamamahinga.
</SEVEN-OF-WANDS-ONE>
<EIGHT-OF-WANDS-ONE>
Kailangan mo ng mahabang pasensya ngayon dahil ang lahat ay hindi maaaring mangyari sa pitik ng isang daliri ngunit mapagtanto mo na ikaw ay patungo sa tamang direksyon. Mahalaga ang iyong pagkukusa at pagsisikap ngayon. Kung ang mga bagay na ito ay pangangalagaan mo ay tiyak makukuha mo ang iyong gusto.
</EIGHT-OF-WANDS-ONE>
<NINE-OF-WANDS-ONE>
May mga pagkakataon na tila walang tamang nangyayari ngunit ang bahaging ito ng pakikibaka ay kailangang malagpasan na may pasensya. Huwag sumuko kung talagang nais mong matupad ang iyong mga pangarap. Hihiling ka ng nakakamanghang pagtatapos at maaring makamtan mo ito kung naayon sa iyong pagkilos at pagtitiyaga.
</NINE-OF-WANDS-ONE>
<TEN-OF-WANDS-ONE>
Makakakuha ka ng tagumpay sa kabila ng mga masamang pangyayari sa pagtahak ng iyong landas. Hindi ka susuko kaagad hanggang sa oras na makuha mo kung ano ang iyong nais at ang saloobin na ito ay magdadala sa iyo sa tuktok. Ikaw ay malamang na makatagpo ng mga bagong tao at ito ay isang magandang tanda kung minsan ang isang  swerte mula sa isang kasosyo o isang kasamahan ay maaaring magdulot ng  kababalaghan.
</TEN-OF-WANDS-ONE>
<PAGE-OF-WANDS-ONE>
Sinisikap mong gawin ang mga bagay sa maselan na pamamaraan at malayo ang mararating mo dahil dito. Hindi ito ang  magiging pinakamainam na oras para sa mga pagdiriwang dahil maaaring may ilang mga nakakabahalang balita na darating sayo ngunit susubukan mong maging malakas at hahawakan ang mga bagay na may balanseng pamamaraan..
</PAGE-OF-WANDS-ONE>
<KNIGHT-OF-WANDS-ONE>
Ang kard na ito ay nagpapahiwatig na mas mahusay na makita ang sitwasyon mula sa lahat ng panig bago magkaroon ng isang desisyon na kung minsan ang ilang mga bagay ay maaaring hindi nalinaw. Huwag matakot sa mga mahirap na sitwasyon dahil maaaring ito ay mga palatandaan ng paglago at sa huli ay maaabot mo ang iyong layunin.
</KNIGHT-OF-WANDS-ONE>
<QUEEN-OF-WANDS-ONE>
Ginagawa mo ang higit pa kaysa sa kinakailangan at maaring makaramdam ka ng lubhang pagkaistress. Subukan na magtiwala sa ibang tao sa iyong paligid at magtalaga ng trabaho at makikita mo na hindi palaging nakakabigo kung nagtitiwala ka sa ibang mga tao . Ikaw ay magsisikap na gawin ang mga bagay sa abot ng iyong kakayahan at ang kalidad na ito ay mapabilib ang iyong mga amo at kasamahan.
</QUEEN-OF-WANDS-ONE>
<KING-OF-WANDS-ONE>
Laging pinakamahusay na magplano ng mga bagay muna at pagkatapos ay magpatuloy sa pagpapatupad. Sa pag-iisip na ito, ang iyong talento ay dadaloy sa iyong trabaho at kasabay ng iyong  kasanayan sa pakikipag-usap, mamangha ang mga tao sa personal at pati na rin sa propesyonal na buhay.
</KING-OF-WANDS-ONE>
<THE-MAGICIAN-ONE>
Ang kard na ito ay nagpapahiwatig na kung ang pag-ibig ay ang iyong inaalala ay maaari mong asahan ang isang kanais-nais na pagbabago sa iyong mahabang landas sa lalong madaling panahon ay lalago ang pagmamaha . Kung ikaw ay nasa isang lumang landas ngayon upang ituloy ang iyong mga pangarap, kailangan mong gumawa ng ilang mga pagbabago o simulan ang  isang bagong lakbayin o isang panibagong kasamahan.
</THE-MAGICIAN-ONE>
<THE-HIGH-PRIESTESS-ONE>
Ipinapakita ng kard na ito na ang isang bagong lakbayin ay magsisimula at kakailanganin mo ng tulong para dito. Kung naghahanap ka ng patnubay ng isang tao ay may magaalay ng tulong sayo at lahat ng pangangamba mo ay mawawala. Ito ang oras upang magsimula muli dahil may pagasang ito ay magiging matagumpay.
</THE-HIGH-PRIESTESS-ONE>
<THE-EMPRESS-ONE>
Ipinapakita ng kard na i agpo ng isang taong magiging mahalaga sa iyo sa personal o sa propesyonal na buhay. Hindi ka na  mapakali dahil sa isang bagay na hinihintay mo nang sabik ngunit kakailanganin ng mahabang panahon bago ito matupad.
</THE-EMPRESS-ONE>
<THE-EMPEROR-ONE>
Ipinapakita ng kard na may isang bagay o isang tao na darating dahil sa iyong mga pagsisikap. Ikaw ay nangangarap ng maraming mga bagay ngayon at ang iyong mga hinihingi ay umaabot sa langit, ngunit ang iyong kapalaran ay nagsasabi na ito ay isang magandang araw upang humingi ng mga bagay na malamang na makuha mo ito. Magkakaroon ng isang tao na magiging handa na magbigay sa iyo ng ilang patnubay na gagawing malinaw ang mga bagay.
</THE-EMPEROR-ONE>
<THE-HIEROPHANT-ONE>
Ang isang bagong paraan ng pamumuhay o isang bagong lakbayin at ikaw ay magagapi nito. Magkakaroon ng ilang mga hadlang o mga pwersa na pipigil sa iyo sa pagsunod sa kung ano ang gusto mo at maaaring mayroon kang haharapin na kabiguan sa iyong landas.
</THE-HIEROPHANT-ONE>
<THE-LOVERS-ONE>
Ang kard na ito ay nagpapahiwatig na kailangan mong harapin ang maraming problemadong mga pangyayari sa landas ng iyong layunin. Ngunit sa huli ay magkakaroon ka ng isang matibay na desisyon at ang desisyong iyon ay mapapatunayang tama. Magkakaroon ka ng isang tao na tunay na bibigyan ka ng emosyonal na suporta upang gabayan ka at tulungan ka sa mga mahihirap na panahon.
</THE-LOVERS-ONE>
<THE-CHARIOT-ONE>
Kung hinahanap mo ang isang bagay  ay mapapansin mo sa lalong madaling panahon na ang buhay ay nag-aalok ng mas mahusay na mga bagay kaysa sa kung ano ang iyong inaasahan. Mayroong panloob na paggising ang magaganap na matutulungan kang maging isang mas mabuting tao at gagawa ka ng ilang mga pagbabago sa pamumuhay para sa iyong kabutihan.
</THE-CHARIOT-ONE>
<STRENGTH-ONE>
Ipinakikita ng card na ito na ikaw ay nasa isang napakalakas na posisyon upang makamit ang iyong nais at malampasan ang lahat ng mga hadlang. Hindi ka tatanggap ng pagkatalo sa ilalim ng anumang pangyayari at ang saloobing ito ay pinahahalagahan. Maaaring may mga tiyak na elemento na maaaring subukin ka  upang masira ang iyong espiritu ngunit ikaw ay mas magiging matatag.
</STRENGTH-ONE>
<THE-HERMIT-ONE>
Magkakaroon ng mga tiyak na sitwasyon na mangyayari kung saan ay magbibigay-daan sa iyo upang makita ang iyong mga pangarap nang mas malinaw at madarama mo na sila ay matatamo. Magkakaroon ng maliliit na tagumpay ngunit ang iyong pansin ay nakatutok lamang sa pang
</THE-HERMIT-ONE>
<WHEEL-OF-FORTUNE-ONE>
Maaring magkaroon ng kaguluhan sa mga ilang desisyon at resulta. Ang mga bagay na ito ay maaaring makainis sayo pero mainam na ituon ang pansin sa mga bagong pakikipagsapalaran dahil iyon ay mas magbubunga. Repasuhin ang iyong mga ginagawa para sa ikabubuti mo tulad ng bagong gawain o istilo ng buhay.
</WHEEL-OF-FORTUNE-ONE>
<JUSTICE-ONE>
Ang kard na ito ay nagpapahiwatig na dadaan ka sa isang mahirap na yugto kung saan ikaw ay mag-aalala ngunit ang mga bagay ay magiging maayos din habang papalapit ka sa iyong mga pangarap. Huwag mong itong pilitin at hayaang ang oras ang magpasya.
</JUSTICE-ONE>
<THE-HANGED-MAN-ONE>
Napagtanto mo kung ano ang gusto mo sa buhay ngunit naniniwala ka pa rin na hindi ka pa handang pumasok sa malalim na pangako upang makamit ito. Nararamdaman mo na may ilang mga bagay na gusto mong panghawakan at hindi mo kayang bitawan.
</THE-HANGED-MAN-ONE>
<DEATH-ONE>
Ang kard na ito ay nagpapahiwatig na ang karamihan sa mga bagay na mayroon ka ay hindi talaga kung ano ang iyong nais at magkakaroon ka ng mga kabiguan sa ngayon. Ngunit makakakuha ka ng katatagan at susundin muli ang iyong mga layunin  at ang iyong ambisyon at iyong tapang ang  magdadala sa iyo sa hinaharap.
</DEATH-ONE>
<TEMPERANCE-ONE>
Hindi ito ang oras upang manatili sa likuran o matakot sa mga sitwasyon. Kailangan mong kontrolin at maging kapitan ng iyong sariling barko kaysa ipaalam sa ibang tao na kontrolin ito. Kung nagpapakita ka ng lakas ng loob, makakakuha ka ng mga pagkakataon at nakadepende sayo kung paano mo ito gagamitin.
</TEMPERANCE-ONE>
<THE-DEVIL-ONE>
Ang kard na ito ay nagpapahiwatig na hindi ka dapat magmadali sa iyong mga desisyon. Maglaan ng ilang oras at pag-isipang muli ang gusto mo sa buhay at magsagawa rin ng mga mungkahi kung kinakailangan. Hindi mangyayari ang lahat na ayon sa iyong inaakala ngunit mapagtanto mo na ang mga ito ay  ilang piraso ng isang palaisipan na kinakailangan pang lutasin.
</THE-DEVIL-ONE>
<THE-TOWER-ONE>
Nakakaramdam ka ng pagkabigo dahil sa mga nakaraang pagkatalo na naganap noon. Ngunit magkakaroon ng magandang bagay na darating upang makalikha para sa kung ano ang nawala. Iminumungkahi na manatiling kalmado ka sa mga di inaasahang sitwasyon at maniwala sa iyong intuwisyon at tiyak na gagantimpalaan ka.
</THE-TOWER-ONE>
<THE-STAR-ONE>
Sundin ang iyong landas sa iyong layunin ng seryoso at makikita mo na ang mga bagay ay magaganap at ikaw ay madaling makakuha ng kung ano ang gusto mo. Mapapansin mo ang mga bagay na mas gumaganda at ang iyong paniniwala at katapatan patungo sa iyong mga pangarap ay tiyak na magpapalakas sa iyo sa tulong at suporta ng mga mahal sa buhay.
</THE-STAR-ONE>
<THE-MOON-ONE>
Huwag gumawa ng malakinv hakbang para sa anumang bagay at sundin lamang ang iyong intuwisyon. Magkakaroon ng isang bagong pakiramdam ng paggising sa lalong madaling panahon at sa pamamagitan ng pagpapasya na umalis sa iyong mga alalahanin at negatibong damdamin, magagawa mong humantong sa masayang buhay. Ikaw ay nasa magandang pakiramdam ngayon at mapapalibutan ng positibong mga tao
</THE-MOON-ONE>
<THE-SUN-ONE>
Nayayamot ka ng kaunti dahil ang mga bagay ay maaaring tila magulo at hindi malinaw sa personal pati na rin sa propesyonal na buhay. Ngunit mas mahusay na gumawa ng aksyon kaysa sa mag-alala at ang iyong kapalaran ay magdadala sa iyo sa labas nito sa pamamagitan lamang ng iyong masikap na  pagtatrabaho at matibay na paniniwala
</THE-SUN-ONE>
<JUDGEMENT-ONE>
Matapos malagpasan ang mahihirap na panahon sa paghahangad ng kaligayahan, ang mga bagay ay maaaring magmukhang malungkot ngunit sa lalong madaling panahon ay magkakaroon ng pagkabago ng isip, katawan at espiritu at ito ay makakatulong na makabuo ng isang bagong pag-asa sa iyong buhay at kung sinusuportahan ng enerhiya, ito ay magdadala sa iyo sa kung ano ang nais mo.
</JUDGEMENT-ONE>
<THE-WORLD-ONE>
Ang kard na ito ay nagpapahiwatig na hindi mo pinapayagan ang iyong sarili na maging malaya at mag-isip sa isang malaya na paraan. Kailangan mong hayaan ang iyong sarili upang abutin ang iyong mga pangarap at doon mo lamang magagawang  mapagtagumpayan ang lahat ng mga humahadlang at matagumpay. Ang mga bagay ay magsisimula nang mangyari nang walang kahirap-hirap sa pamamagitan lamang ng pagkuha ng unang hakbang.
</THE-WORLD-ONE>
<THE-FOOL-ONE>
Ipinakikita ng kard na kung mayroong isang bagay na kailangan mo, tiyak na darating ito para sa iyo. Hindi mo talaga alam kung paano ka nakakakuha ng mga bagay na iyong nais ngunit may isang tao  ang magiging sapat  upang maging iyong sinta at simulan ang pagbubos ng swerte sa  hindi pangkaraniwang na  pamamaraan.
</THE-FOOL-ONE>

    </ROOT>
