<?xml version="1.0" encoding="utf-8" ?>
<ROOT>
<ACE-OF-CUPS-ONE >Bezüglich Ihrer Gesundheit stehen jetzt alle Signale auf „Grün“. Sie fühlen sich physisch wie mental frisch und voller Energie, Beschwerden gibt es nicht. Ihre Beschäftigung mit virtuellen Fragen trägt besonders zu Ihrem Wohlbefinden bei. </ACE-OF-CUPS-ONE >
<TWO-OF-CUPS-ONE >Im Gesundheitsfeld geht es etwas durcheinander, da Sie hoffen, dass es einem geliebten Menschen ebenso gutgeht. Aber Sie machen sich schon ernsthafte Gedanken und auch wiederholte Besuche im Krankenhaus sind nicht ausgeschlossen. </TWO-OF-CUPS-ONE >
<THREE-OF-CUPS-ONE >Diese Karte lässt erkennen, dass Sie sich gerade jetzt eine tolle Zeit vorstellen, sich aber vielleicht zu sehr verhätscheln. Ein ernsthaftes Gesundheitsproblem könnte die Folge sein, das Sie aber unbedingt angehen sollten. Sonst enden Sie vielleicht im Krankenhaus oder in der Reha. </THREE-OF-CUPS-ONE >
<FOUR-OF-CUPS-ONE >Zu viel Stress kann zu einem körperlichen Zusammenbruch führen. Trotz beruflicher Verpflichtungen ist eine Auszeit jetzt wichtig. Nach anfänglicher Frustration wird diese Sie auf Dauer wieder gesunden lassen und Ihnen auch eine andere Lebenseinstellung ermöglichen. </FOUR-OF-CUPS-ONE >
<FIVE-OF-CUPS-ONE >Zu viele Reisen oder Stress auf der Arbeit bleiben nicht ohne Folgen, Sie werden sich erschöpft und besonders müde fühlen. Mehr als Sie sich vorstellen kann das zu ernsthaften gesundheitlichen Problemen führen. Vor allem auf Magenprobleme sollten Sie achten. </FIVE-OF-CUPS-ONE >
<SIX-OF-CUPS-ONE >Sie fühlen sich jetzt nicht besonders gut und diese Unruhe betrifft Ihren Körper physisch und mental. Aber Sie schaffen es, bestimmte Aufgaben zu beenden und sollten dann eine Pause machen, um Ihrem Körper die entsprechende Regeneration zu ermöglichen. </SIX-OF-CUPS-ONE >
<SEVEN-OF-CUPS-ONE >Diese Karte signalisiert, dass Ihr Körper Symptome zeigt, die eine entsprechende Erholungspause erforderlich machen. Das ein oder andere Wehwehchen könnte Sie jetzt beeinträchtigen. Betroffen sein könnten die Gliedmaßen oder Augen. Aber planen Sie Zeit zur Rekonvaleszenz ein. </SEVEN-OF-CUPS-ONE >
<EIGHT-OF-CUPS-ONE >Gesundheitlich könnten Ihre Augen oder Ihre Haare betroffen sein, entsprechende Medikation wird helfen. Der Alltag könnte ein wenig darunter leiden, aber ernsthafte Probleme zeichnen sich nicht ab und der Heilungsprozess beginnt früh. Ihre Lieben werden sich liebevoll um Sie kümmern. </EIGHT-OF-CUPS-ONE >
<NINE-OF-CUPS-ONE >Entsprechend den Hochs und Tiefs in Ihrem Leben kann es zu dem Gefühl einer Isolierung oder Depression kommen. Sie fühlen sich jetzt verletzlich und haben den Eindruck, niemand versteht Sie. Sehen Sie davon ab, diesen Zustand durch Pillen ändern zu wollen. </NINE-OF-CUPS-ONE >
<TEN-OF-CUPS-ONE >Diese Karte zeigt, dass Ihre Aufgabenfülle und Ihr enger Zeitplan eine einseitige Diät zur Folge haben können, was sich in Magenproblemen äußern kann. Auch mit einer gewissen Isolierung oder Schlaflosigkeit ist jetzt zu rechnen. Entsprechende Gegenmaßnahmen verbessern Ihre Situation. </TEN-OF-CUPS-ONE >
<PAGE-OF-CUPS-ONE >Sie reagieren nun sehr sensibel auf die Umstände, denen Sie ausgesetzt sind. Das kann dann physisch wie mental negative Gesundheitsauswirkungen haben. Vermeiden Sie jegliche Unfallgefahr. </PAGE-OF-CUPS-ONE >
<KNIGHT-OF-CUPS-ONE >Alles, was Ihre Gesundheit betrifft, sieht jetzt viel besser aus. Ihre Gesundheit verbessert sich im Krankheitsfall deutlich, auch wenn Sie vielleicht eine schlechte Nachricht erhalten. Bleiben Sie voller Zuversicht und achten Sie gut auf Ihren Körper. </KNIGHT-OF-CUPS-ONE >
<QUEEN-OF-CUPS-ONE >Sie fühlen sich nun durch verschiedene persönliche und berufliche Probleme mental ausgelaugt und gelegentlich hilflos. Symptome von Hoffnungslosigkeit führen Sie zu einem Arzt, aber auch Verwandte können helfen und die Situation wird sich stetig verbessern. </QUEEN-OF-CUPS-ONE >
<KING-OF-CUPS-ONE >Diese Karte signalisiert, dass es einige aufregende Situationen geben mag, die Ihnen nicht gefallen und Sie zu der Meinung veranlassen, Sie seien nicht gut genug für diese Welt oder es mangele Ihnen an Qualitäten. Lassen Sie sich nicht durch die Umstände zu dieser Meinung bewegen. </KING-OF-CUPS-ONE >
<ACE-OF-PENTACLES-ONE >Sie sind jetzt bereit, gesundheitliche Veränderungen in ihr Ihrem em Leben vorzunehmen. Sollten Sie krank sein, ist jetzt eine gute Zeit für eine schnelle Gesundung und Sie werden sich bald erholen und besser fühlen. Am Ende werden Sie für lange Zeit gesund bleiben. </ACE-OF-PENTACLES-ONE >
<TWO-OF-PENTACLES-ONE >Sie werden sich müde und ausgelaugt fühlen aufgrund von Arbeit in den frühen Morgenstunden und dem Wunsch, verschiedenen Verantwortungen gerecht zu werden. Diese Umstände können Ihnen zu schaffen machen, aber Sie sollten - um Ausgleich bemüht - kein Opfer dieser Situation werden. </TWO-OF-PENTACLES-ONE >
<THREE-OF-PENTACLES-ONE >Diese Karte zeigt an, dass ein emotionaler Zusammenbruch oder eine plötzliche Begegnung zu toxischen Beeinträchtigungen führen kann. Das könnte sich auf Ihre Gesundheit auswirken, also Vorsicht. Ruhe wird wegen der vielen Aufgaben warten müssen. </THREE-OF-PENTACLES-ONE >
<FOUR-OF-PENTACLES-ONE >Aktuelle medizinische Probleme könnten Ihnen Ärger bereiten und zu einem Klinikbesuch führen. Sie und Ihre Angehörigen werden Hilfe und einen Rat suchen. Jetzt sollten Sie Stärke zeigen, auch wenn die Dinge ein wenig aus dem Ruder laufen. </FOUR-OF-PENTACLES-ONE >
<FIVE-OF-PENTACLES-ONE >Offensichtlich haben Sie Ihre Gesundheit ein wenig vernachlässigt, weshalb aus einer kleineren Unpässlichkeit etwas Größeres geworden sein kann, wenngleich nichts Bedrohliches. Nehmen Sie das ernst und lassen Sie sich untersuchen. </FIVE-OF-PENTACLES-ONE >
<SIX-OF-PENTACLES-ONE >Die Karte zeigt, dass Sie Ihre Umgebung besondere Aufmerksamkeit widmen sollten. Sie neigen jetzt zu einem Unfall und sollten deshalb besonders aufmerksam und umsichtig sein. Diese kritische Zeit lässt sich nur durch besondere Vorsicht vermeiden. </SIX-OF-PENTACLES-ONE >
<SEVEN-OF-PENTACLES-ONE >In der Tat durchlaufen Sie gerade eine schwierige Zeit und Sie versuchen alles zu vermeiden, was zu viel Engagement oder physische Arbeit mit sich bringt. Sie versuchen allem, was Ihre Zeit und Konzentration verlangt, aus dem Wege zu gehen, sodass Sie nicht viel schaffen werden. </SEVEN-OF-PENTACLES-ONE >
<EIGHT-OF-PENTACLES-ONE >Jetzt sollten Sie alle Feuchtigkeitscremes und die Sonnencreme herauskramen, da Ihre Haut sehr empfindlich ist. Der Arbeit wegen werden Sie viel reisen, was Ihre üblichen Essgewohnheiten verändern und u. U. Magenprobleme zur Folge haben kann. </EIGHT-OF-PENTACLES-ONE >
<NINE-OF-PENTACLES-ONE >Sie oder eine Ihnen nahestehende Person wird sich von einer Behandlung oder einem Unfall erholen. Es ist auch möglich, dass ein enger Bekannter ein größeres Gesundheitsproblem bekommt. Sie werden Verwandten helfen, möchten aber lieber eine gewisse Distanz wahren und etwas Neues ausprobieren, was Ihnen hilft loszulassen. </NINE-OF-PENTACLES-ONE >
<TEN-OF-PENTACLES-ONE >Möglicherweise haben Sie jetzt einige persönliche Probleme, die Sie aber sehr stören. Jemand aus dem engsten Familienkreis braucht nunmehr medizinische Betreuung und Sie werden ihm neue Lebenswege aufzeigen. </TEN-OF-PENTACLES-ONE >
<PAGE-OF-PENTACLES-ONE >Ruhelosigkeit und Angespanntheit beschreiben Ihre Situation. Vielleicht machen Ihnen gesundheitliche Probleme jetzt zu schaffen. Ein Schuldgefühl kann Sie sehr belasten, das Sie gern loswerden möchten. Gegen Schmerzen brauchen Sie Medikamente, das gilt auch bei einer möglichen Schlaflosigkeit. </PAGE-OF-PENTACLES-ONE >
<KNIGHT-OF-PENTACLES-ONE >Soziale Dienste für andere sind jetzt angebracht, doch achten Sie darauf, nicht ausgenutzt zu werden. Deshalb breitet sich ein Gefühl von Ängstlichkeit und Aufgeregtheit aus, doch können Sie einen großen Schritt nach vorn machen. Sie wollen aktiv sein statt sich auszuruhen, da Sie dann auch nicht über Dinge nachdenken müssen, die sie nicht wollen. </KNIGHT-OF-PENTACLES-ONE >
<QUEEN-OF-PENTACLES-ONE >Aus dieser Karte geht hervor, dass Sie jetzt am besten auf die Hilfe der Natur bzw. auf natürliche Wege der Heilung setzen. Sollten Sie oder einer Ihrer Lieben sich von einer Behandlung erholen, dann wird das jetzt sehr schnell erfolgen. </QUEEN-OF-PENTACLES-ONE >
<KING-OF-PENTACLES-ONE >Physisch wie auch psychisch spricht alles für eine gute Gesundheit. Sollten Sie sich von einer Verletzung einer Krankheit erholen, wird das jetzt sehr schnell erfolgen. Selbst wenn es Probleme mit ärztlichem Schriftverkehr geben sollte, wird das zu einem guten Ende führen. </KING-OF-PENTACLES-ONE >
<ACE-OF-SWORDS-ONE >Diese Karte spricht eher dafür, dass Sie sich schlecht und niedergeschlagen fühlen und medizinische Hilfe suchen. Die Familie hilft Ihnen und es gibt Chancen, dass Sie einen neuen Weg einschlagen, um Ihr Leiden zu beenden. Damit werden Sie einen großen Erfolg haben. </ACE-OF-SWORDS-ONE >
<TWO-OF-SWORDS-ONE >Ihr Gesundheitszustand ist eher schwankend und Sie scheinen ein wenig ruhelos. Es sind wohl die kleinen Wehwehchen, doch geben Sie Acht auf eine Infektion, eine Erkältung oder auch erhöhte Temperatur, wenn Sie sich nicht gut fühlen. </TWO-OF-SWORDS-ONE >
<THREE-OF-SWORDS-ONE >Entsprechend dieser Karte werden Sie sich extrem erschöpft fühlen und nach Entspannung oder einer Auszeit suchen. Einige Vorfälle könnten diese Spannung und physische Erschöpfung erhöhen, was Sie aber aushalten müssen. Ihr Zustand lässt Ihre Familie vielleicht einen Arzt rufen. </THREE-OF-SWORDS-ONE >
<FOUR-OF-SWORDS-ONE >Die Zeit der Rekonvaleszenz kommt jetzt und Ihre mentalen und emotionalen Probleme werden sich erledigt haben bzw. sind keine Bedrohung mehr. Ihre physische Gesundheit kann ein wenig Schaden genommen haben, sodass Sie sich einigen Untersuchungen unterzogen haben. Die ärztliche Hilfe ist in diesem Fall sehr wertvoll. </FOUR-OF-SWORDS-ONE >
<FIVE-OF-SWORDS-ONE >Stress und Frustration kommen auf, weil ein großen Leiden nicht weichen will. Ein daraufhin folgender Arztbesuch hilft letztlich auch nicht weiter. Sie fühlen sich hilflos, aber finden die Kraft stark zu sein. </FIVE-OF-SWORDS-ONE >
<SIX-OF-SWORDS-ONE >Diese Karte steht hinsichtlich Ihrer Gesundheit für eine schlechte Zeit. Entweder droht eine ernsthafte Verletzung oder ein Leiden, das Ihnen drastische Einschränkungen auferlegt. Oder Sie erleiden einen Unfall und verletzen sich dabei besonders Ihre Beine oder Knie. Auch ein Klinikaufenthalt droht, aber am Ende gibt es doch eine echte Verbesserung. </SIX-OF-SWORDS-ONE >
<SEVEN-OF-SWORDS-ONE >Zu viel Stress macht Ihnen jetzt zu schaffen, und zwar mental wie physisch. Sie machen einfach zu viel, was sich negativ auf Körper und Seele auswirken kann. Nehmen Sie sich Zeit für sich. </SEVEN-OF-SWORDS-ONE >
<EIGHT-OF-SWORDS-ONE >Ein kleiner Unfall lässt sich durch besondere Vorsicht vermeiden. Seien Sie besonders vorsichtig mit riskanten Aktionen zu Hause. Das gilt auch für Autofahren und Teilnahme am Verkehr als Fußgänger. Aber diese Phase wird schnell vorübergehen. </EIGHT-OF-SWORDS-ONE >
<NINE-OF-SWORDS-ONE >Diese Karte signalisiert, dass Sie mit unerfreulichen Situationen in Ihrem persönlichen oder beruflichen Leben rechnen müssen, was leicht zu einer Depression führen kann. Auch Ihr Essverhalten kann falsch sein, mit dem Ergebnis von Magenproblemen, aber einer Ihrer Lieben wird Ihnen da heraus helfen können. </NINE-OF-SWORDS-ONE >
<TEN-OF-SWORDS-ONE >Offensichtlich kümmern Sie sich jetzt um Ihre Gesundheit, vergessen die Vergangenheit und heißen die Zukunft willkommen. Gesundheitlich werden Sie sich bestimmte Ziele setzen und dafür sorgen, dass entsprechende Änderungen im Lebensstil zu diesen Zielen passen. </TEN-OF-SWORDS-ONE >
<PAGE-OF-SWORDS-ONE >Diese Karte signalisiert, dass Sie im Beruf einem mentalen Druck ausgesetzt sind. Sie reagieren darauf jedoch gelassen. Vielleicht macht Ihnen Ihr Rücken zu schaffen oder Sie sollten einen Zahnarzt aufsuchen. Insgesamt stecken Sie volle Energie und verbringen Zeit mit Ihren Lieben. </PAGE-OF-SWORDS-ONE >
<KNIGHT-OF-SWORDS-ONE >Hinsichtlich Ihrer Gesundheit weist diese Karte auf einige Unterschiede. Sie sind mental in einer besseren Situation und können sich schnell von Stress und ähnlichen Problemen erholen. Ihre Familie braucht Sie jetzt, da es vermutlich schlechte Nachrichten gibt, einen Verwandten oder Familienfreund betreffend. </KNIGHT-OF-SWORDS-ONE >
<QUEEN-OF-SWORDS-ONE >Laut dieser Karte müssen Sie sich nun gleichzeitig zwischen persönlichen und beruflichen Prioritäten entscheiden und Sie versuchen Ihr Bestes, allen diesen Verpflichtungen nachzukommen. Das gelingt Ihnen auch, obwohl Sie sich deswegen erschöpft und müde fühlen. </QUEEN-OF-SWORDS-ONE >
<KING-OF-SWORDS-ONE >Was die Gesundheit angeht, läuft es bei Ihnen jetzt nicht so gut. Mental frustriert und erschöpft und auch physisch belastet greifen Sie zu Medikamenten. </KING-OF-SWORDS-ONE >
<ACE-OF-WANDS-ONE >Wie die Karte anzeigt, widmen Sie sich jetzt verstärkt Ihrer Gesundheit und suchen, sollten Sie krank sein, nach neuen Wegen der Heilung. Jemand wird Ihnen solche aufzeigen und Sie werden diese Behandlungsmethoden aufgreifen. </ACE-OF-WANDS-ONE >
<TWO-OF-WANDS-ONE >Diese Karte zeigt, dass Sie sich zu viel zumuten, was sich auf Ihre Gesundheit auswirken wird. Künstlich hergestellte Mineralien wirken sich positiv für Geist und Körper aus. Wichtig ist, auch für die Zukunft, ein ausgeglichenes Essverhalten. </TWO-OF-WANDS-ONE >
<THREE-OF-WANDS-ONE >Diese Karte signalisiert, dass Sie sich jetzt verstärkt Gedanken um die Gesundheit eines Nahestehenden machen. Das kann bei Ihnen jedoch zu Stress mit zu wenigen Ruhephasen führen. Gefährlich wäre in der Tat eine Überbelastung. Vielleicht müssen Sie auch einen Zahnarzt aufsuchen. </THREE-OF-WANDS-ONE >
<FOUR-OF-WANDS-ONE >Wie die Karte zeigt, sind Sie mit Ihrem persönlichen Leben nicht zufrieden, was Stress mit sich bringt. Es könnte auch einige andere Probleme geben, die sich auf Ihre Gesundheit auswirken können und Sie unruhig sein lassen. Unerwartete körperliche Beschwerden machen Ihnen u. U. zu schaffen. </FOUR-OF-WANDS-ONE >
<FIVE-OF-WANDS-ONE >Bei dieser Karte stehen alle gesundheitlichen Signale auf „Grün“. Sie haben sich erholt, es geht Ihnen einfach gut. Vermutlich machen Sie einen Urlaub mit Ihrem Partner, was Sie als sehr angenehm empfinden. </FIVE-OF-WANDS-ONE >
<SIX-OF-WANDS-ONE >Bei dieser Karte erkennen Sie endlich, dass es Zeit zu einer Pause von der Arbeit ist, und Sie gönnen sich die Auszeit. Diese Pause ist auch deshalb für Sie hilfreich, da Sie sich jetzt gesellschaftlich engagieren und Dinge versuchen, die Sie mögen. </SIX-OF-WANDS-ONE >
<SEVEN-OF-WANDS-ONE >Sie sind jetzt in zu viele Aktivitäten involviert und können sich diesen nicht gleichzeitig widmen. Das hinterlässt ein Gefühl von Ärger und Stress bei Ihnen, was Ihnen im Augenblick aber nicht bewusst ist. Geben Sie auf Ihre Gesundheit Acht, insbesondere, wenn Sie auswärts essen. </SEVEN-OF-WANDS-ONE >
<EIGHT-OF-WANDS-ONE >Sie sind jetzt bester Stimmung, fühlen sich gesund und fit und besonders zu Ihrem Partner hingezogen. Das führt zu romantischen Empfindungen und gefühlvollen Aktivitäten, denen Sie sich jetzt verstärkt widmen. </EIGHT-OF-WANDS-ONE >
<NINE-OF-WANDS-ONE >Ihr körperlicher Zustand ist jetzt nicht besonders gut und Sie fühlen sich unwohl, ja krank. Da bleiben Irritationen nicht aus, Arztbesuche stehen vielleicht an und Schriftverkehr wegen einer juristischen Angelegenheit empfinden Sie als ermüdend. </NINE-OF-WANDS-ONE >
<TEN-OF-WANDS-ONE >Diese Karte zeigt, dass Ihre Arbeit oder persönliche Belange ihren Tribut fordern. Sie versuchen zu vielen Verantwortlichkeiten gerecht zu werden, sodass Sie sich physisch ausgelaugt fühlen. Sie finden einfach keine Ruhe, was sich natürlich negativ auswirken kann. Lassen Sie es langsam angehen. </TEN-OF-WANDS-ONE >
<PAGE-OF-WANDS-ONE >Sie werden vielleicht Medikamente einnehmen, die Ihnen bei kleineren oder größeren Beschwerden helfen werden. Die Karte zeigt, dass Sie sich bei der Arbeit oder im Privaten leicht gereizt fühlen. Geduld wird Sie jetzt weiter bringen und erfolgreiches Handeln ermöglichen. </PAGE-OF-WANDS-ONE >
<KNIGHT-OF-WANDS-ONE >Di Karte signalisiert, dass Ihr Körper jetzt Beanspruchungen ausgesetzt ist, da Sie sich zu vielen Dingen widmen und entsprechend und müde sein werden. Das hat auch viel mit Ihrer mentalen Situation zu tun. </KNIGHT-OF-WANDS-ONE >
<QUEEN-OF-WANDS-ONE >Sie platzen jetzt vor Energie und setzen der Gesundheit wegen kreativ auf Veränderungen in Ihrem Lebensstil. Sie sind bereit, bestimmte Dinge zu ändern, um mehr Balance in ihr Ihrem Leben zu finden. </QUEEN-OF-WANDS-ONE >
<KING-OF-WANDS-ONE >Laut dieser Karte setzen Sie auf Improvisationen hinsichtlich Ihrer Gesundheit und Fitness und konsultieren etwa einen Ernährungsberater. Es kann einige emotionale Probleme geben wie dunkle Vorahnungen oder Angstzustände oder Sie spüren unbestimmte Schmerzen. </KING-OF-WANDS-ONE >
<THE-MAGICIAN-ONE >Bei dieser Karte sind Sie voll im Stress. Arbeit und Aufgaben zu Hause machen Ihnen zu schaffen und Sie finden im Augenblick für Ihre gesundheitlichen Probleme keine Lösung, da es zu mehreren Komplikationen mit ungewissem Ausgang kommen kann. Vor einer befriedigenden Lösung stehen vermutlich einige Arztbesuche bei unterschiedlichen Medizinern. </THE-MAGICIAN-ONE >
<THE-HIGH-PRIESTESS-ONE >Sie haben in der Vergangenheit allerhand mitgemacht, was sich auf Ihre mentale oder physische Stabilität ausgewirkt haben kann. Jetzt allerdings sind die Zeiten viel besser, Sie spüren Erleichterung und sehr bald werden Sie bei bester Gesundheit sein. </THE-HIGH-PRIESTESS-ONE >
<THE-EMPRESS-ONE >Einige Probleme betreffend Ihren Körper, besonders Ihren Hals. Sie sollten sich jetzt mehr mit der spirituellen Seite Ihres Körpers beschäftigen, um ihn besser verstehen zu können. Eine physiotherapeutische Behandlung oder Yoga würde Ihnen jetzt sehr gut tun. </THE-EMPRESS-ONE >
<THE-EMPEROR-ONE >Diese Karte zeigt einige ernsthafte Gesundheitsprobleme an. Besondere Sorgfalt und Achtsamkeit können jedoch Schmerzen verhindern. Sie werden ihre Kräfte wieder erlangen und die Probleme erfolgreich bekämpfen, doch sind Sie gut beraten, zukünftig besser auf Körpersignale zu achten. </THE-EMPEROR-ONE >
<THE-HIEROPHANT-ONE >Achten Sie jetzt mehr auf ihr Gesundheit als üblich. Der Blutdruck macht Ihnen zu schaffen oder eine ernsthafte Erkältung oder ein Husten beeinträchtigt Ihr Wohlbefinden. Regelmäßige Checkups beim Arzt sind dann eine sehr gute Vorsorge. </THE-HIEROPHANT-ONE >
<THE-LOVERS-ONE >Gesundheitlich geht es Ihnen jetzt gut, worüber Sie natürlich besonders erfreut sind. Sie sprühen vor Lebensfreude und Aktivität. Dabei bemühen Sie sich um eine Balance zwischen einem gesunden Körper und einem ebensolchen Geist. </THE-LOVERS-ONE >
<THE-CHARIOT-ONE >Beruflich sind Sie besonders engagiert und achten dabei zu wenig auf Ihre körperliche Befindlichkeit. Die Karte zeigt, dass dieses leicht zu einer Erkrankung oder zu einer extremen mentalen Unruhe führen kann. Nutzen Sie die Situation für einen ärztlichen Checkup und planen Sie eine Auszeit für ein ruhiges Wochenende. </THE-CHARIOT-ONE >
<STRENGTH-ONE >Gesundheitlich könnte es für Sie jetzt nicht besser laufen. Diese Karte signalisiert physisch wie mental eine ungeheure Stärke und sollte es irgendwelche kleinere Beeinträchtigungen geben, überwinden Sie diese schnell. Ihre Mitmenschen anerkennen Ihre Kraft und Ihren Enthusiasmus. </STRENGTH-ONE >
<THE-HERMIT-ONE >Diese Karte zeigt, dass Sie sich emotional nicht wohl fühlen, was Ihnen mental zu schaffen machen kann. Eventuell werden Sie krank, was viele Arzttermine erforderlich machen könnte. Das wird aber nicht lange dauern und Sie werden sich bald wieder wohl und gesund fühlen. </THE-HERMIT-ONE >
<WHEEL-OF-FORTUNE-ONE >Sie fühlen sich jetzt nicht sehr stabil, vor allem wegen Problemen auf der Arbeit, die in Ihnen ein Gefühl der Überarbeitung und von Stress erwecken. Eine beträchtliche Zahl negativer Gedanken belastet Sie, doch ist diese Phase recht kurz und wird bald vorbei sein. </WHEEL-OF-FORTUNE-ONE >
<JUSTICE-ONE >Diese Karte signalisiert, dass Sie wegen eines Routine-Checkups beim Arzt plötzlich mit einem ernsthaften gesundheitlichen Problem konfrontiert werden. Das mag Sie überraschen, doch vertrauen Sie Ihrem Arzt, er findet die richtige Lösung. </JUSTICE-ONE >
<THE-HANGED-MAN-ONE >Sie spüren eine Ruhelosigkeit oder eine unbestimmte Angst. Wichtig für Sie wäre es jetzt, Ihrem Geist und Körper Ruhe zu gönnen, ehe sich ein Krankheitsbild entwickelt. Gehen Sie stressigen Situationen oder Personen aus dem Wege. </THE-HANGED-MAN-ONE >
<DEATH-ONE >Irgendetwas in Ihrer direkten Umgebung macht Sie unglücklich und lässt Sie über Krankheiten nachdenken. Denken Sie aber positiv, dann werden Sie auch alles Negative um Sie herum überwinden. Sie spüren jetzt viel Liebe und Anteilnahme Ihrer Familie. </DEATH-ONE >
<TEMPERANCE-ONE >Sie halten sich jetzt für beruflich unabkömmlich und achten nicht genügend auf Ihren Körper. Einen notwendigen Arztbesuch zu verschieben ist aber keine gute Idee. Die Folgen würden Sie in der Zukunft spüren. Deshalb: Ihre Gesundheit hat Priorität. </TEMPERANCE-ONE >
<THE-DEVIL-ONE >Ermüdungserscheinungen und dauerhafte Sorgen lassen Sie lethargisch und müde werden. Vielleicht fällt es Ihnen im Augenblick noch nicht auf, dass Sie zu viel arbeiten und vor allem gesundheitlich Wichtiges nicht genügend beachten. Bei dem Stress helfen auf Dauer aber keine Pillen. </THE-DEVIL-ONE >
<THE-TOWER-ONE >Eine unangenehme Überraschung kann einen Krankenhausaufenthalt zur Folge haben. Wegen dieses Chaos‘ werden Sie zwar viel Stress haben, werden es aber überleben. Auf einen Familienmitglied können Sie sich jetzt fest verlassen. </THE-TOWER-ONE >
<THE-STAR-ONE >Sie fühlen sich zu neuen Gedanken inspiriert, wobei ein Freund Ihnen hilft; Sie fassen einen guten Plan, wie es gesundheitlich besser werden kann. Dieser Prozess mag zwar ein wenig dauern und den einen oder anderen Arztbesuch zur Folge haben, für ein Checkup oder eine Routineuntersuchung, aber am Ende werden Sie froh sein, sich darauf eingelassen zu haben. </THE-STAR-ONE >
<THE-MOON-ONE >Sie werden jetzt oder in der näheren Zukunft mit einem eher allgemeinen Gesundheitsproblem konfrontiert. Das scheinen kleinere Beschwerden zu sein, doch sollten Sie diese nicht auf die leichte Schulter nehmen. Rücken-oder Knieprobleme können sich einstellen. </THE-MOON-ONE >
<THE-SUN-ONE >Auf das Gefühl, demotiviert und etwas müde zu sein, weist diese Karte hin. Sie werden jetzt genau analysieren um herauszufinden, was gut und was schlecht ist. Eine Erkrankung ist nicht angezeigt. Sie interessieren sich jedoch für Gesundheitsprobleme und das Wohlergehen Ihrer Lieben. </THE-SUN-ONE >
<JUDGEMENT-ONE >Möglicherweise empfinden Sie gerade eine gesundheitliche Beeinträchtigung wegen Stress oder nicht ausgewogenem Essverhalten. Im engsten Familien oder Freundeskreis bieten Sie Ihre Hilfe bei einer Krankheit an. Viel Zeit verbringen Sie deshalb jetzt beim Arzt oder im Krankenhaus. </JUDGEMENT-ONE >
<THE-WORLD-ONE >Es könnte sein, dass sie im Augenblick an einer Krankheit oder einer Verletzung leiden, aber auf dem Wege der Gesundung sind. Der Fortschritt wird eher langsam, aber gleichmäßig sein. Unternehmen Sie jetzt nichts Unbedachtes. Beschäftigen Sie sich nun mit Gesundheitsfragen und entsprechenden Maßnahmen. </THE-WORLD-ONE >
<THE-FOOL-ONE >Die Karte zeigt, dass sie sich jetzt mit ihrer Gesundheit beschäftigen und einen der regelmäßigen Checkups beim Arzt durchführen. Das sollte auch einen Besuch bei Ihrem Zahnarzt einschließen. Ein Freund wird Sie über neue Heilmethoden aufklären, die Ihr Interesse finden.</THE-FOOL-ONE >
    </ROOT>
