{
  "v": "4.11.1",
  "fr": 29.9700012207031,
  "ip": 0,
  "op": 60.0000024438501,
  "w": 1000,
  "h": 1000,
  "nm": "コンポ 1",
  "ddd": 0,
  "assets": [
    {
      "id": "comp_0",
      "layers": [
        {
          "ddd": 0,
          "ind": 1,
          "ty": 4,
          "nm": "シェイプレイヤー 8",
          "sr": 1,
          "ks": {
            "o": {
              "a": 0,
              "k": 100,
              "ix": 11
            },
            "r": {
              "a": 0,
              "k": 0,
              "ix": 10
            },
            "p": {
              "a": 1,
              "k": [
                {
                  "i": {
                    "x": 0.667,
                    "y": 1
                  },
                  "o": {
                    "x": 0.333,
                    "y": 0
                  },
                  "n": "0p667_1_0p333_0",
                  "t": 0,
                  "s": [
                    503.281,
                    325.035,
                    0
                  ],
                  "e": [
                    503.281,
                    175.035,
                    0
                  ],
                  "to": [
                    0,
                    -25,
                    0
                  ],
                  "ti": [
                    0,
                    25,
                    0
                  ]
                },
                {
                  "t": 5.00000020365417
                }
              ],
              "ix": 2
            },
            "a": {
              "a": 0,
              "k": [
                3.281,
                -284.965,
                0
              ],
              "ix": 1
            },
            "s": {
              "a": 1,
              "k": [
                {
                  "i": {
                    "x": [
                      0.667,
                      0.667,
                      0.667
                    ],
                    "y": [
                      1,
                      1,
                      1
                    ]
                  },
                  "o": {
                    "x": [
                      0.333,
                      0.333,
                      0.333
                    ],
                    "y": [
                      0,
                      0,
                      0
                    ]
                  },
                  "n": [
                    "0p667_1_0p333_0",
                    "0p667_1_0p333_0",
                    "0p667_1_0p333_0"
                  ],
                  "t": 0,
                  "s": [
                    100,
                    0,
                    100
                  ],
                  "e": [
                    100,
                    100,
                    100
                  ]
                },
                {
                  "i": {
                    "x": [
                      0.667,
                      0.667,
                      0.667
                    ],
                    "y": [
                      1,
                      1,
                      1
                    ]
                  },
                  "o": {
                    "x": [
                      0.333,
                      0.333,
                      0.333
                    ],
                    "y": [
                      0,
                      0,
                      0
                    ]
                  },
                  "n": [
                    "0p667_1_0p333_0",
                    "0p667_1_0p333_0",
                    "0p667_1_0p333_0"
                  ],
                  "t": 5,
                  "s": [
                    100,
                    100,
                    100
                  ],
                  "e": [
                    100,
                    0,
                    100
                  ]
                },
                {
                  "t": 10.0000004073083
                }
              ],
              "ix": 6
            }
          },
          "ao": 0,
          "shapes": [
            {
              "ty": "gr",
              "it": [
                {
                  "ty": "rc",
                  "d": 1,
                  "s": {
                    "a": 0,
                    "k": [
                      5,
                      100
                    ],
                    "ix": 2
                  },
                  "p": {
                    "a": 0,
                    "k": [
                      0,
                      0
                    ],
                    "ix": 3
                  },
                  "r": {
                    "a": 0,
                    "k": 0,
                    "ix": 4
                  },
                  "nm": "長方形パス 1",
                  "mn": "ADBE Vector Shape - Rect",
                  "hd": false
                },
                {
                  "ty": "st",
                  "c": {
                    "a": 0,
                    "k": [
                      0.881533933153,
                      0.904577038335,
                      0.933333333333,
                      1
                    ],
                    "ix": 3
                  },
                  "o": {
                    "a": 0,
                    "k": 100,
                    "ix": 4
                  },
                  "w": {
                    "a": 0,
                    "k": 0,
                    "ix": 5
                  },
                  "lc": 1,
                  "lj": 1,
                  "ml": 4,
                  "nm": "線 1",
                  "mn": "ADBE Vector Graphic - Stroke",
                  "hd": false
                },
                {
                  "ty": "fl",
                  "c": {
                    "a": 0,
                    "k": [
                      0.914888090246,
                      0.938708436255,
                      0.953431372549,
                      1
                    ],
                    "ix": 4
                  },
                  "o": {
                    "a": 0,
                    "k": 100,
                    "ix": 5
                  },
                  "r": 1,
                  "nm": "塗り 1",
                  "mn": "ADBE Vector Graphic - Fill",
                  "hd": false
                },
                {
                  "ty": "tr",
                  "p": {
                    "a": 0,
                    "k": [
                      0.781,
                      -234.965
                    ],
                    "ix": 2
                  },
                  "a": {
                    "a": 0,
                    "k": [
                      0,
                      0
                    ],
                    "ix": 1
                  },
                  "s": {
                    "a": 0,
                    "k": [
                      100,
                      100
                    ],
                    "ix": 3
                  },
                  "r": {
                    "a": 0,
                    "k": 0,
                    "ix": 6
                  },
                  "o": {
                    "a": 0,
                    "k": 100,
                    "ix": 7
                  },
                  "sk": {
                    "a": 0,
                    "k": 0,
                    "ix": 4
                  },
                  "sa": {
                    "a": 0,
                    "k": 0,
                    "ix": 5
                  },
                  "nm": "トランスフォーム"
                }
              ],
              "nm": "長方形 1",
              "np": 3,
              "cix": 2,
              "ix": 1,
              "mn": "ADBE Vector Group",
              "hd": false
            }
          ],
          "ip": 0,
          "op": 900.000036657751,
          "st": 0,
          "bm": 0
        }
      ]
    },
    {
      "id": "comp_1",
      "layers": [
        {
          "ddd": 0,
          "ind": 1,
          "ty": 4,
          "nm": "シェイプレイヤー 7",
          "sr": 1,
          "ks": {
            "o": {
              "a": 0,
              "k": 100,
              "ix": 11
            },
            "r": {
              "a": 0,
              "k": 0,
              "ix": 10
            },
            "p": {
              "a": 0,
              "k": [
                550.289,
                280.289,
                0
              ],
              "ix": 2
            },
            "a": {
              "a": 0,
              "k": [
                50.289,
                -219.711,
                0
              ],
              "ix": 1
            },
            "s": {
              "a": 0,
              "k": [
                100,
                100,
                100
              ],
              "ix": 6
            }
          },
          "ao": 0,
          "shapes": [
            {
              "ty": "gr",
              "it": [
                {
                  "d": 1,
                  "ty": "el",
                  "s": {
                    "a": 0,
                    "k": [
                      36.578,
                      36.578
                    ],
                    "ix": 2
                  },
                  "p": {
                    "a": 0,
                    "k": [
                      0,
                      0
                    ],
                    "ix": 3
                  },
                  "nm": "楕円形パス 1",
                  "mn": "ADBE Vector Shape - Ellipse",
                  "hd": false
                },
                {
                  "ty": "st",
                  "c": {
                    "a": 0,
                    "k": [
                      0.984359681373,
                      0.862484501857,
                      0.179983415791,
                      1
                    ],
                    "ix": 3
                  },
                  "o": {
                    "a": 0,
                    "k": 100,
                    "ix": 4
                  },
                  "w": {
                    "a": 0,
                    "k": 0,
                    "ix": 5
                  },
                  "lc": 1,
                  "lj": 1,
                  "ml": 4,
                  "nm": "線 1",
                  "mn": "ADBE Vector Graphic - Stroke",
                  "hd": false
                },
                {
                  "ty": "fl",
                  "c": {
                    "a": 0,
                    "k": [
                      0.241335191914,
                      0.688379504634,
                      0.964690563725,
                      1
                    ],
                    "ix": 4
                  },
                  "o": {
                    "a": 0,
                    "k": 100,
                    "ix": 5
                  },
                  "r": 1,
                  "nm": "塗り 1",
                  "mn": "ADBE Vector Graphic - Fill",
                  "hd": false
                },
                {
                  "ty": "tr",
                  "p": {
                    "a": 1,
                    "k": [
                      {
                        "i": {
                          "x": 0.667,
                          "y": 1
                        },
                        "o": {
                          "x": 0.333,
                          "y": 0
                        },
                        "n": "0p667_1_0p333_0",
                        "t": 0,
                        "s": [
                          2.148,
                          -72.766
                        ],
                        "e": [
                          50.289,
                          -219.711
                        ],
                        "to": [
                          8.0234375,
                          -24.4908847808838
                        ],
                        "ti": [
                          -8.0234375,
                          24.4908847808838
                        ]
                      },
                      {
                        "t": 12.00000048877
                      }
                    ],
                    "ix": 2
                  },
                  "a": {
                    "a": 0,
                    "k": [
                      0,
                      0
                    ],
                    "ix": 1
                  },
                  "s": {
                    "a": 1,
                    "k": [
                      {
                        "i": {
                          "x": [
                            0.667,
                            0.667
                          ],
                          "y": [
                            1,
                            1
                          ]
                        },
                        "o": {
                          "x": [
                            0.333,
                            0.333
                          ],
                          "y": [
                            0,
                            0
                          ]
                        },
                        "n": [
                          "0p667_1_0p333_0",
                          "0p667_1_0p333_0"
                        ],
                        "t": 6,
                        "s": [
                          100,
                          100
                        ],
                        "e": [
                          0,
                          0
                        ]
                      },
                      {
                        "t": 13.0000005295009
                      }
                    ],
                    "ix": 3
                  },
                  "r": {
                    "a": 0,
                    "k": 0,
                    "ix": 6
                  },
                  "o": {
                    "a": 1,
                    "k": [
                      {
                        "i": {
                          "x": [
                            0.08
                          ],
                          "y": [
                            0.997
                          ]
                        },
                        "o": {
                          "x": [
                            0.333
                          ],
                          "y": [
                            0
                          ]
                        },
                        "n": [
                          "0p08_0p997_0p333_0"
                        ],
                        "t": 0,
                        "s": [
                          0
                        ],
                        "e": [
                          100
                        ]
                      },
                      {
                        "t": 12.00000048877
                      }
                    ],
                    "ix": 7
                  },
                  "sk": {
                    "a": 0,
                    "k": 0,
                    "ix": 4
                  },
                  "sa": {
                    "a": 0,
                    "k": 0,
                    "ix": 5
                  },
                  "nm": "トランスフォーム"
                }
              ],
              "nm": "楕円形 1",
              "np": 3,
              "cix": 2,
              "ix": 1,
              "mn": "ADBE Vector Group",
              "hd": false
            }
          ],
          "ip": 0,
          "op": 900.000036657751,
          "st": 0,
          "bm": 0
        },
        {
          "ddd": 0,
          "ind": 2,
          "ty": 4,
          "nm": "シェイプレイヤー 6",
          "sr": 1,
          "ks": {
            "o": {
              "a": 1,
              "k": [
                {
                  "i": {
                    "x": [
                      0.105
                    ],
                    "y": [
                      0.995
                    ]
                  },
                  "o": {
                    "x": [
                      0.333
                    ],
                    "y": [
                      0
                    ]
                  },
                  "n": [
                    "0p105_0p995_0p333_0"
                  ],
                  "t": 6,
                  "s": [
                    0
                  ],
                  "e": [
                    100
                  ]
                },
                {
                  "t": 16.0000006516934
                }
              ],
              "ix": 11
            },
            "r": {
              "a": 0,
              "k": 0,
              "ix": 10
            },
            "p": {
              "a": 1,
              "k": [
                {
                  "i": {
                    "x": 0.833,
                    "y": 1
                  },
                  "o": {
                    "x": 0.167,
                    "y": 0
                  },
                  "n": "0p833_1_0p167_0",
                  "t": 6,
                  "s": [
                    504,
                    444,
                    0
                  ],
                  "e": [
                    603.945,
                    197.945,
                    0
                  ],
                  "to": [
                    16.6575527191162,
                    -41.0091133117676,
                    0
                  ],
                  "ti": [
                    -16.6575527191162,
                    41.0091133117676,
                    0
                  ]
                },
                {
                  "t": 16.0000006516934
                }
              ],
              "ix": 2
            },
            "a": {
              "a": 0,
              "k": [
                103.945,
                -302.055,
                0
              ],
              "ix": 1
            },
            "s": {
              "a": 1,
              "k": [
                {
                  "i": {
                    "x": [
                      0.94,
                      0.94,
                      0.667
                    ],
                    "y": [
                      0.654,
                      0.654,
                      1
                    ]
                  },
                  "o": {
                    "x": [
                      0.333,
                      0.333,
                      0.333
                    ],
                    "y": [
                      0,
                      0,
                      0
                    ]
                  },
                  "n": [
                    "0p94_0p654_0p333_0",
                    "0p94_0p654_0p333_0",
                    "0p667_1_0p333_0"
                  ],
                  "t": 12,
                  "s": [
                    100,
                    100,
                    100
                  ],
                  "e": [
                    0,
                    0,
                    100
                  ]
                },
                {
                  "t": 17.0000006924242
                }
              ],
              "ix": 6
            }
          },
          "ao": 0,
          "shapes": [
            {
              "ty": "gr",
              "it": [
                {
                  "d": 1,
                  "ty": "el",
                  "s": {
                    "a": 0,
                    "k": [
                      51.891,
                      51.891
                    ],
                    "ix": 2
                  },
                  "p": {
                    "a": 0,
                    "k": [
                      0,
                      0
                    ],
                    "ix": 3
                  },
                  "nm": "楕円形パス 1",
                  "mn": "ADBE Vector Shape - Ellipse",
                  "hd": false
                },
                {
                  "ty": "st",
                  "c": {
                    "a": 0,
                    "k": [
                      0.984359681373,
                      0.862484501857,
                      0.179983415791,
                      1
                    ],
                    "ix": 3
                  },
                  "o": {
                    "a": 0,
                    "k": 100,
                    "ix": 4
                  },
                  "w": {
                    "a": 0,
                    "k": 0,
                    "ix": 5
                  },
                  "lc": 1,
                  "lj": 1,
                  "ml": 4,
                  "nm": "線 1",
                  "mn": "ADBE Vector Graphic - Stroke",
                  "hd": false
                },
                {
                  "ty": "fl",
                  "c": {
                    "a": 0,
                    "k": [
                      0.964690563725,
                      0.241335191914,
                      0.46671890558,
                      1
                    ],
                    "ix": 4
                  },
                  "o": {
                    "a": 0,
                    "k": 100,
                    "ix": 5
                  },
                  "r": 1,
                  "nm": "塗り 1",
                  "mn": "ADBE Vector Graphic - Fill",
                  "hd": false
                },
                {
                  "ty": "tr",
                  "p": {
                    "a": 0,
                    "k": [
                      103.945,
                      -302.055
                    ],
                    "ix": 2
                  },
                  "a": {
                    "a": 0,
                    "k": [
                      0,
                      0
                    ],
                    "ix": 1
                  },
                  "s": {
                    "a": 0,
                    "k": [
                      100,
                      100
                    ],
                    "ix": 3
                  },
                  "r": {
                    "a": 0,
                    "k": 0,
                    "ix": 6
                  },
                  "o": {
                    "a": 0,
                    "k": 100,
                    "ix": 7
                  },
                  "sk": {
                    "a": 0,
                    "k": 0,
                    "ix": 4
                  },
                  "sa": {
                    "a": 0,
                    "k": 0,
                    "ix": 5
                  },
                  "nm": "トランスフォーム"
                }
              ],
              "nm": "楕円形 1",
              "np": 3,
              "cix": 2,
              "ix": 1,
              "mn": "ADBE Vector Group",
              "hd": false
            }
          ],
          "ip": 0,
          "op": 900.000036657751,
          "st": 0,
          "bm": 0
        }
      ]
    }
  ],
  "layers": [
    {
      "ddd": 0,
      "ind": 1,
      "ty": 4,
      "nm": "シェイプレイヤー 7",
      "sr": 1,
      "ks": {
        "o": {
          "a": 0,
          "k": 100,
          "ix": 11
        },
        "r": {
          "a": 0,
          "k": 0,
          "ix": 10
        },
        "p": {
          "a": 0,
          "k": [
            500,
            500,
            0
          ],
          "ix": 2
        },
        "a": {
          "a": 0,
          "k": [
            -3.535,
            30.465,
            0
          ],
          "ix": 1
        },
        "s": {
          "a": 1,
          "k": [
            {
              "i": {
                "x": [
                  0.667,
                  0.667,
                  0.667
                ],
                "y": [
                  1,
                  1,
                  1
                ]
              },
              "o": {
                "x": [
                  0.333,
                  0.333,
                  0.333
                ],
                "y": [
                  0,
                  0,
                  0
                ]
              },
              "n": [
                "0p667_1_0p333_0",
                "0p667_1_0p333_0",
                "0p667_1_0p333_0"
              ],
              "t": 13,
              "s": [
                0,
                0,
                100
              ],
              "e": [
                100,
                100,
                100
              ]
            },
            {
              "t": 21.0000008553475
            }
          ],
          "ix": 6
        }
      },
      "ao": 0,
      "shapes": [
        {
          "ty": "gr",
          "it": [
            {
              "d": 1,
              "ty": "el",
              "s": {
                "a": 0,
                "k": [
                  522.93,
                  522.93
                ],
                "ix": 2
              },
              "p": {
                "a": 0,
                "k": [
                  0,
                  0
                ],
                "ix": 3
              },
              "nm": "楕円形パス 1",
              "mn": "ADBE Vector Shape - Ellipse",
              "hd": false
            },
            {
              "ty": "st",
              "c": {
                "a": 0,
                "k": [
                  0.477606799556,
                  0.833195465686,
                  0.49607256721,
                  1
                ],
                "ix": 3
              },
              "o": {
                "a": 0,
                "k": 100,
                "ix": 4
              },
              "w": {
                "a": 1,
                "k": [
                  {
                    "i": {
                      "x": [
                        0.667
                      ],
                      "y": [
                        1
                      ]
                    },
                    "o": {
                      "x": [
                        0.333
                      ],
                      "y": [
                        0
                      ]
                    },
                    "n": [
                      "0p667_1_0p333_0"
                    ],
                    "t": 18,
                    "s": [
                      30
                    ],
                    "e": [
                      0
                    ]
                  },
                  {
                    "t": 27.0000010997325
                  }
                ],
                "ix": 5
              },
              "lc": 1,
              "lj": 1,
              "ml": 4,
              "nm": "線 1",
              "mn": "ADBE Vector Graphic - Stroke",
              "hd": false
            },
            {
              "ty": "fl",
              "c": {
                "a": 0,
                "k": [
                  0.869255514706,
                  0.866526345646,
                  0.851612106024,
                  1
                ],
                "ix": 4
              },
              "o": {
                "a": 0,
                "k": 0,
                "ix": 5
              },
              "r": 1,
              "nm": "塗り 1",
              "mn": "ADBE Vector Graphic - Fill",
              "hd": false
            },
            {
              "ty": "tr",
              "p": {
                "a": 0,
                "k": [
                  -0.004,
                  34.074
                ],
                "ix": 2
              },
              "a": {
                "a": 0,
                "k": [
                  0,
                  0
                ],
                "ix": 1
              },
              "s": {
                "a": 0,
                "k": [
                  100,
                  100
                ],
                "ix": 3
              },
              "r": {
                "a": 0,
                "k": 0,
                "ix": 6
              },
              "o": {
                "a": 0,
                "k": 100,
                "ix": 7
              },
              "sk": {
                "a": 0,
                "k": 0,
                "ix": 4
              },
              "sa": {
                "a": 0,
                "k": 0,
                "ix": 5
              },
              "nm": "トランスフォーム"
            }
          ],
          "nm": "楕円形 1",
          "np": 3,
          "cix": 2,
          "ix": 1,
          "mn": "ADBE Vector Group",
          "hd": false
        }
      ],
      "ip": 7.00000028511585,
      "op": 907.000036942867,
      "st": 7.00000028511585,
      "bm": 0
    },
    {
      "ddd": 0,
      "ind": 2,
      "ty": 4,
      "nm": "シェイプレイヤー 6",
      "sr": 1,
      "ks": {
        "o": {
          "a": 0,
          "k": 100,
          "ix": 11
        },
        "r": {
          "a": 0,
          "k": 0,
          "ix": 10
        },
        "p": {
          "a": 0,
          "k": [
            500,
            500,
            0
          ],
          "ix": 2
        },
        "a": {
          "a": 0,
          "k": [
            -3.535,
            30.465,
            0
          ],
          "ix": 1
        },
        "s": {
          "a": 1,
          "k": [
            {
              "i": {
                "x": [
                  0.667,
                  0.667,
                  0.667
                ],
                "y": [
                  1,
                  1,
                  1
                ]
              },
              "o": {
                "x": [
                  0.333,
                  0.333,
                  0.333
                ],
                "y": [
                  0,
                  0,
                  0
                ]
              },
              "n": [
                "0p667_1_0p333_0",
                "0p667_1_0p333_0",
                "0p667_1_0p333_0"
              ],
              "t": 10,
              "s": [
                0,
                0,
                100
              ],
              "e": [
                100,
                100,
                100
              ]
            },
            {
              "t": 18.000000733155
            }
          ],
          "ix": 6
        }
      },
      "ao": 0,
      "shapes": [
        {
          "ty": "gr",
          "it": [
            {
              "d": 1,
              "ty": "el",
              "s": {
                "a": 0,
                "k": [
                  622.93,
                  622.93
                ],
                "ix": 2
              },
              "p": {
                "a": 0,
                "k": [
                  0,
                  0
                ],
                "ix": 3
              },
              "nm": "楕円形パス 1",
              "mn": "ADBE Vector Shape - Ellipse",
              "hd": false
            },
            {
              "ty": "st",
              "c": {
                "a": 0,
                "k": [
                  0.836412377451,
                  0.289413063199,
                  0.437022579418,
                  1
                ],
                "ix": 3
              },
              "o": {
                "a": 0,
                "k": 100,
                "ix": 4
              },
              "w": {
                "a": 1,
                "k": [
                  {
                    "i": {
                      "x": [
                        0.667
                      ],
                      "y": [
                        1
                      ]
                    },
                    "o": {
                      "x": [
                        0.333
                      ],
                      "y": [
                        0
                      ]
                    },
                    "n": [
                      "0p667_1_0p333_0"
                    ],
                    "t": 15,
                    "s": [
                      30
                    ],
                    "e": [
                      0
                    ]
                  },
                  {
                    "t": 24.00000097754
                  }
                ],
                "ix": 5
              },
              "lc": 1,
              "lj": 1,
              "ml": 4,
              "nm": "線 1",
              "mn": "ADBE Vector Graphic - Stroke",
              "hd": false
            },
            {
              "ty": "fl",
              "c": {
                "a": 0,
                "k": [
                  0.869255514706,
                  0.866526345646,
                  0.851612106024,
                  1
                ],
                "ix": 4
              },
              "o": {
                "a": 0,
                "k": 0,
                "ix": 5
              },
              "r": 1,
              "nm": "塗り 1",
              "mn": "ADBE Vector Graphic - Fill",
              "hd": false
            },
            {
              "ty": "tr",
              "p": {
                "a": 0,
                "k": [
                  -0.004,
                  34.074
                ],
                "ix": 2
              },
              "a": {
                "a": 0,
                "k": [
                  0,
                  0
                ],
                "ix": 1
              },
              "s": {
                "a": 0,
                "k": [
                  100,
                  100
                ],
                "ix": 3
              },
              "r": {
                "a": 0,
                "k": 0,
                "ix": 6
              },
              "o": {
                "a": 0,
                "k": 100,
                "ix": 7
              },
              "sk": {
                "a": 0,
                "k": 0,
                "ix": 4
              },
              "sa": {
                "a": 0,
                "k": 0,
                "ix": 5
              },
              "nm": "トランスフォーム"
            }
          ],
          "nm": "楕円形 1",
          "np": 3,
          "cix": 2,
          "ix": 1,
          "mn": "ADBE Vector Group",
          "hd": false
        }
      ],
      "ip": 4.00000016292334,
      "op": 904.000036820675,
      "st": 4.00000016292334,
      "bm": 0
    },
    {
      "ddd": 0,
      "ind": 3,
      "ty": 4,
      "nm": "シェイプレイヤー 5",
      "sr": 1,
      "ks": {
        "o": {
          "a": 0,
          "k": 100,
          "ix": 11
        },
        "r": {
          "a": 0,
          "k": 0,
          "ix": 10
        },
        "p": {
          "a": 0,
          "k": [
            500,
            500,
            0
          ],
          "ix": 2
        },
        "a": {
          "a": 0,
          "k": [
            -3.535,
            30.465,
            0
          ],
          "ix": 1
        },
        "s": {
          "a": 1,
          "k": [
            {
              "i": {
                "x": [
                  0.667,
                  0.667,
                  0.667
                ],
                "y": [
                  1,
                  1,
                  1
                ]
              },
              "o": {
                "x": [
                  0.333,
                  0.333,
                  0.333
                ],
                "y": [
                  0,
                  0,
                  0
                ]
              },
              "n": [
                "0p667_1_0p333_0",
                "0p667_1_0p333_0",
                "0p667_1_0p333_0"
              ],
              "t": 7,
              "s": [
                0,
                0,
                100
              ],
              "e": [
                100,
                100,
                100
              ]
            },
            {
              "t": 15.0000006109625
            }
          ],
          "ix": 6
        }
      },
      "ao": 0,
      "shapes": [
        {
          "ty": "gr",
          "it": [
            {
              "d": 1,
              "ty": "el",
              "s": {
                "a": 0,
                "k": [
                  722.93,
                  722.93
                ],
                "ix": 2
              },
              "p": {
                "a": 0,
                "k": [
                  0,
                  0
                ],
                "ix": 3
              },
              "nm": "楕円形パス 1",
              "mn": "ADBE Vector Shape - Ellipse",
              "hd": false
            },
            {
              "ty": "st",
              "c": {
                "a": 0,
                "k": [
                  0.328786573223,
                  0.565331313189,
                  0.860523897059,
                  1
                ],
                "ix": 3
              },
              "o": {
                "a": 0,
                "k": 100,
                "ix": 4
              },
              "w": {
                "a": 1,
                "k": [
                  {
                    "i": {
                      "x": [
                        0.667
                      ],
                      "y": [
                        1
                      ]
                    },
                    "o": {
                      "x": [
                        0.333
                      ],
                      "y": [
                        0
                      ]
                    },
                    "n": [
                      "0p667_1_0p333_0"
                    ],
                    "t": 12,
                    "s": [
                      30
                    ],
                    "e": [
                      0
                    ]
                  },
                  {
                    "t": 21.0000008553475
                  }
                ],
                "ix": 5
              },
              "lc": 1,
              "lj": 1,
              "ml": 4,
              "nm": "線 1",
              "mn": "ADBE Vector Graphic - Stroke",
              "hd": false
            },
            {
              "ty": "fl",
              "c": {
                "a": 0,
                "k": [
                  0.869255514706,
                  0.866526345646,
                  0.851612106024,
                  1
                ],
                "ix": 4
              },
              "o": {
                "a": 0,
                "k": 0,
                "ix": 5
              },
              "r": 1,
              "nm": "塗り 1",
              "mn": "ADBE Vector Graphic - Fill",
              "hd": false
            },
            {
              "ty": "tr",
              "p": {
                "a": 0,
                "k": [
                  -0.004,
                  34.074
                ],
                "ix": 2
              },
              "a": {
                "a": 0,
                "k": [
                  0,
                  0
                ],
                "ix": 1
              },
              "s": {
                "a": 0,
                "k": [
                  100,
                  100
                ],
                "ix": 3
              },
              "r": {
                "a": 0,
                "k": 0,
                "ix": 6
              },
              "o": {
                "a": 0,
                "k": 100,
                "ix": 7
              },
              "sk": {
                "a": 0,
                "k": 0,
                "ix": 4
              },
              "sa": {
                "a": 0,
                "k": 0,
                "ix": 5
              },
              "nm": "トランスフォーム"
            }
          ],
          "nm": "楕円形 1",
          "np": 3,
          "cix": 2,
          "ix": 1,
          "mn": "ADBE Vector Group",
          "hd": false
        }
      ],
      "ip": 1.00000004073083,
      "op": 901.000036698482,
      "st": 1.00000004073083,
      "bm": 0
    },
    {
      "ddd": 0,
      "ind": 4,
      "ty": 4,
      "nm": "シェイプレイヤー 2",
      "sr": 1,
      "ks": {
        "o": {
          "a": 0,
          "k": 100,
          "ix": 11
        },
        "r": {
          "a": 0,
          "k": 0,
          "ix": 10
        },
        "p": {
          "a": 0,
          "k": [
            500,
            500,
            0
          ],
          "ix": 2
        },
        "a": {
          "a": 0,
          "k": [
            -194,
            -151,
            0
          ],
          "ix": 1
        },
        "s": {
          "a": 1,
          "k": [
            {
              "i": {
                "x": [
                  0.453,
                  0.453,
                  0.667
                ],
                "y": [
                  1.938,
                  1.938,
                  1
                ]
              },
              "o": {
                "x": [
                  0.245,
                  0.245,
                  0.333
                ],
                "y": [
                  0.387,
                  0.387,
                  0
                ]
              },
              "n": [
                "0p453_1p938_0p245_0p387",
                "0p453_1p938_0p245_0p387",
                "0p667_1_0p333_0"
              ],
              "t": 13,
              "s": [
                0,
                0,
                100
              ],
              "e": [
                102.07,
                102.07,
                100
              ]
            },
            {
              "t": 24.00000097754
            }
          ],
          "ix": 6
        }
      },
      "ao": 0,
      "shapes": [
        {
          "ty": "gr",
          "it": [
            {
              "ty": "sr",
              "sy": 1,
              "d": 1,
              "pt": {
                "a": 0,
                "k": 5,
                "ix": 3
              },
              "p": {
                "a": 0,
                "k": [
                  0,
                  0
                ],
                "ix": 4
              },
              "r": {
                "a": 0,
                "k": 0,
                "ix": 5
              },
              "ir": {
                "a": 0,
                "k": 100,
                "ix": 6
              },
              "is": {
                "a": 0,
                "k": 15,
                "ix": 8
              },
              "or": {
                "a": 0,
                "k": 200,
                "ix": 7
              },
              "os": {
                "a": 0,
                "k": 15,
                "ix": 9
              },
              "ix": 1,
              "nm": "多角形パス 1",
              "mn": "ADBE Vector Shape - Star",
              "hd": false
            },
            {
              "ty": "st",
              "c": {
                "a": 0,
                "k": [
                  1,
                  1,
                  1,
                  1
                ],
                "ix": 3
              },
              "o": {
                "a": 0,
                "k": 100,
                "ix": 4
              },
              "w": {
                "a": 0,
                "k": 0,
                "ix": 5
              },
              "lc": 1,
              "lj": 1,
              "ml": 4,
              "nm": "線 1",
              "mn": "ADBE Vector Graphic - Stroke",
              "hd": false
            },
            {
              "ty": "fl",
              "c": {
                "a": 0,
                "k": [
                  0.962239583333,
                  0.881815053902,
                  0.442323632334,
                  1
                ],
                "ix": 4
              },
              "o": {
                "a": 0,
                "k": 100,
                "ix": 5
              },
              "r": 1,
              "nm": "塗り 1",
              "mn": "ADBE Vector Graphic - Fill",
              "hd": false
            },
            {
              "ty": "tr",
              "p": {
                "a": 0,
                "k": [
                  -194,
                  -126
                ],
                "ix": 2
              },
              "a": {
                "a": 0,
                "k": [
                  0,
                  0
                ],
                "ix": 1
              },
              "s": {
                "a": 0,
                "k": [
                  100,
                  100
                ],
                "ix": 3
              },
              "r": {
                "a": 0,
                "k": 0,
                "ix": 6
              },
              "o": {
                "a": 0,
                "k": 100,
                "ix": 7
              },
              "sk": {
                "a": 0,
                "k": 0,
                "ix": 4
              },
              "sa": {
                "a": 0,
                "k": 0,
                "ix": 5
              },
              "nm": "トランスフォーム"
            }
          ],
          "nm": "多角形 1",
          "np": 3,
          "cix": 2,
          "ix": 1,
          "mn": "ADBE Vector Group",
          "hd": false
        }
      ],
      "ip": 0,
      "op": 900.000036657751,
      "st": 0,
      "bm": 0
    },
    {
      "ddd": 0,
      "ind": 5,
      "ty": 4,
      "nm": "シェイプレイヤー 3",
      "sr": 1,
      "ks": {
        "o": {
          "a": 0,
          "k": 100,
          "ix": 11
        },
        "r": {
          "a": 0,
          "k": 0,
          "ix": 10
        },
        "p": {
          "a": 0,
          "k": [
            500,
            500,
            0
          ],
          "ix": 2
        },
        "a": {
          "a": 0,
          "k": [
            -194,
            -151,
            0
          ],
          "ix": 1
        },
        "s": {
          "a": 0,
          "k": [
            100,
            100,
            100
          ],
          "ix": 6
        }
      },
      "ao": 0,
      "shapes": [
        {
          "ty": "gr",
          "it": [
            {
              "ty": "sr",
              "sy": 1,
              "d": 1,
              "pt": {
                "a": 0,
                "k": 5,
                "ix": 3
              },
              "p": {
                "a": 0,
                "k": [
                  0,
                  0
                ],
                "ix": 4
              },
              "r": {
                "a": 0,
                "k": 0,
                "ix": 5
              },
              "ir": {
                "a": 0,
                "k": 100,
                "ix": 6
              },
              "is": {
                "a": 0,
                "k": 15,
                "ix": 8
              },
              "or": {
                "a": 0,
                "k": 200,
                "ix": 7
              },
              "os": {
                "a": 0,
                "k": 15,
                "ix": 9
              },
              "ix": 1,
              "nm": "多角形パス 1",
              "mn": "ADBE Vector Shape - Star",
              "hd": false
            },
            {
              "ty": "st",
              "c": {
                "a": 0,
                "k": [
                  1,
                  1,
                  1,
                  1
                ],
                "ix": 3
              },
              "o": {
                "a": 0,
                "k": 100,
                "ix": 4
              },
              "w": {
                "a": 0,
                "k": 0,
                "ix": 5
              },
              "lc": 1,
              "lj": 1,
              "ml": 4,
              "nm": "線 1",
              "mn": "ADBE Vector Graphic - Stroke",
              "hd": false
            },
            {
              "ty": "fl",
              "c": {
                "a": 0,
                "k": [
                  0.869255514706,
                  0.866526345646,
                  0.851612106024,
                  1
                ],
                "ix": 4
              },
              "o": {
                "a": 0,
                "k": 100,
                "ix": 5
              },
              "r": 1,
              "nm": "塗り 1",
              "mn": "ADBE Vector Graphic - Fill",
              "hd": false
            },
            {
              "ty": "tr",
              "p": {
                "a": 0,
                "k": [
                  -194,
                  -126
                ],
                "ix": 2
              },
              "a": {
                "a": 0,
                "k": [
                  0,
                  0
                ],
                "ix": 1
              },
              "s": {
                "a": 0,
                "k": [
                  100,
                  100
                ],
                "ix": 3
              },
              "r": {
                "a": 0,
                "k": 0,
                "ix": 6
              },
              "o": {
                "a": 0,
                "k": 100,
                "ix": 7
              },
              "sk": {
                "a": 0,
                "k": 0,
                "ix": 4
              },
              "sa": {
                "a": 0,
                "k": 0,
                "ix": 5
              },
              "nm": "トランスフォーム"
            }
          ],
          "nm": "多角形 1",
          "np": 3,
          "cix": 2,
          "ix": 1,
          "mn": "ADBE Vector Group",
          "hd": false
        }
      ],
      "ip": 0,
      "op": 900.000036657751,
      "st": 0,
      "bm": 0
    },
    {
      "ddd": 0,
      "ind": 6,
      "ty": 0,
      "nm": "シェイプレイヤー 8 コンポジション 1",
      "refId": "comp_0",
      "sr": 1,
      "ks": {
        "o": {
          "a": 0,
          "k": 100,
          "ix": 11
        },
        "r": {
          "a": 0,
          "k": -315,
          "ix": 10
        },
        "p": {
          "a": 0,
          "k": [
            500,
            500,
            0
          ],
          "ix": 2
        },
        "a": {
          "a": 0,
          "k": [
            500,
            500,
            0
          ],
          "ix": 1
        },
        "s": {
          "a": 0,
          "k": [
            100,
            100,
            100
          ],
          "ix": 6
        }
      },
      "ao": 0,
      "w": 1000,
      "h": 1000,
      "ip": 12.00000048877,
      "op": 912.000037146522,
      "st": 12.00000048877,
      "bm": 0
    },
    {
      "ddd": 0,
      "ind": 7,
      "ty": 0,
      "nm": "シェイプレイヤー 8 コンポジション 1",
      "refId": "comp_0",
      "sr": 1,
      "ks": {
        "o": {
          "a": 0,
          "k": 100,
          "ix": 11
        },
        "r": {
          "a": 0,
          "k": -270,
          "ix": 10
        },
        "p": {
          "a": 0,
          "k": [
            500,
            500,
            0
          ],
          "ix": 2
        },
        "a": {
          "a": 0,
          "k": [
            500,
            500,
            0
          ],
          "ix": 1
        },
        "s": {
          "a": 0,
          "k": [
            100,
            100,
            100
          ],
          "ix": 6
        }
      },
      "ao": 0,
      "w": 1000,
      "h": 1000,
      "ip": 14.0000005702317,
      "op": 914.000037227983,
      "st": 14.0000005702317,
      "bm": 0
    },
    {
      "ddd": 0,
      "ind": 8,
      "ty": 0,
      "nm": "シェイプレイヤー 8 コンポジション 1",
      "refId": "comp_0",
      "sr": 1,
      "ks": {
        "o": {
          "a": 0,
          "k": 100,
          "ix": 11
        },
        "r": {
          "a": 0,
          "k": -225,
          "ix": 10
        },
        "p": {
          "a": 0,
          "k": [
            500,
            500,
            0
          ],
          "ix": 2
        },
        "a": {
          "a": 0,
          "k": [
            500,
            500,
            0
          ],
          "ix": 1
        },
        "s": {
          "a": 0,
          "k": [
            100,
            100,
            100
          ],
          "ix": 6
        }
      },
      "ao": 0,
      "w": 1000,
      "h": 1000,
      "ip": 12.00000048877,
      "op": 912.000037146522,
      "st": 12.00000048877,
      "bm": 0
    },
    {
      "ddd": 0,
      "ind": 9,
      "ty": 0,
      "nm": "シェイプレイヤー 8 コンポジション 1",
      "refId": "comp_0",
      "sr": 1,
      "ks": {
        "o": {
          "a": 0,
          "k": 100,
          "ix": 11
        },
        "r": {
          "a": 0,
          "k": -180,
          "ix": 10
        },
        "p": {
          "a": 0,
          "k": [
            500,
            500,
            0
          ],
          "ix": 2
        },
        "a": {
          "a": 0,
          "k": [
            500,
            500,
            0
          ],
          "ix": 1
        },
        "s": {
          "a": 0,
          "k": [
            100,
            100,
            100
          ],
          "ix": 6
        }
      },
      "ao": 0,
      "w": 1000,
      "h": 1000,
      "ip": 14.0000005702317,
      "op": 914.000037227983,
      "st": 14.0000005702317,
      "bm": 0
    },
    {
      "ddd": 0,
      "ind": 10,
      "ty": 0,
      "nm": "シェイプレイヤー 8 コンポジション 1",
      "refId": "comp_0",
      "sr": 1,
      "ks": {
        "o": {
          "a": 0,
          "k": 100,
          "ix": 11
        },
        "r": {
          "a": 0,
          "k": -135,
          "ix": 10
        },
        "p": {
          "a": 0,
          "k": [
            500,
            500,
            0
          ],
          "ix": 2
        },
        "a": {
          "a": 0,
          "k": [
            500,
            500,
            0
          ],
          "ix": 1
        },
        "s": {
          "a": 0,
          "k": [
            100,
            100,
            100
          ],
          "ix": 6
        }
      },
      "ao": 0,
      "w": 1000,
      "h": 1000,
      "ip": 12.00000048877,
      "op": 912.000037146522,
      "st": 12.00000048877,
      "bm": 0
    },
    {
      "ddd": 0,
      "ind": 11,
      "ty": 0,
      "nm": "シェイプレイヤー 8 コンポジション 1",
      "refId": "comp_0",
      "sr": 1,
      "ks": {
        "o": {
          "a": 0,
          "k": 100,
          "ix": 11
        },
        "r": {
          "a": 0,
          "k": -90,
          "ix": 10
        },
        "p": {
          "a": 0,
          "k": [
            500,
            500,
            0
          ],
          "ix": 2
        },
        "a": {
          "a": 0,
          "k": [
            500,
            500,
            0
          ],
          "ix": 1
        },
        "s": {
          "a": 0,
          "k": [
            100,
            100,
            100
          ],
          "ix": 6
        }
      },
      "ao": 0,
      "w": 1000,
      "h": 1000,
      "ip": 14.0000005702317,
      "op": 914.000037227983,
      "st": 14.0000005702317,
      "bm": 0
    },
    {
      "ddd": 0,
      "ind": 12,
      "ty": 0,
      "nm": "シェイプレイヤー 8 コンポジション 1",
      "refId": "comp_0",
      "sr": 1,
      "ks": {
        "o": {
          "a": 0,
          "k": 100,
          "ix": 11
        },
        "r": {
          "a": 0,
          "k": -45,
          "ix": 10
        },
        "p": {
          "a": 0,
          "k": [
            500,
            500,
            0
          ],
          "ix": 2
        },
        "a": {
          "a": 0,
          "k": [
            500,
            500,
            0
          ],
          "ix": 1
        },
        "s": {
          "a": 0,
          "k": [
            100,
            100,
            100
          ],
          "ix": 6
        }
      },
      "ao": 0,
      "w": 1000,
      "h": 1000,
      "ip": 12.00000048877,
      "op": 912.000037146522,
      "st": 12.00000048877,
      "bm": 0
    },
    {
      "ddd": 0,
      "ind": 13,
      "ty": 0,
      "nm": "シェイプレイヤー 8 コンポジション 1",
      "refId": "comp_0",
      "sr": 1,
      "ks": {
        "o": {
          "a": 0,
          "k": 100,
          "ix": 11
        },
        "r": {
          "a": 0,
          "k": 0,
          "ix": 10
        },
        "p": {
          "a": 0,
          "k": [
            500,
            500,
            0
          ],
          "ix": 2
        },
        "a": {
          "a": 0,
          "k": [
            500,
            500,
            0
          ],
          "ix": 1
        },
        "s": {
          "a": 0,
          "k": [
            100,
            100,
            100
          ],
          "ix": 6
        }
      },
      "ao": 0,
      "w": 1000,
      "h": 1000,
      "ip": 14.0000005702317,
      "op": 914.000037227983,
      "st": 14.0000005702317,
      "bm": 0
    },
    {
      "ddd": 0,
      "ind": 14,
      "ty": 0,
      "nm": "プリコンポジション 1",
      "refId": "comp_1",
      "sr": 1,
      "ks": {
        "o": {
          "a": 0,
          "k": 100,
          "ix": 11
        },
        "r": {
          "a": 0,
          "k": -315,
          "ix": 10
        },
        "p": {
          "a": 0,
          "k": [
            500,
            500,
            0
          ],
          "ix": 2
        },
        "a": {
          "a": 0,
          "k": [
            500,
            500,
            0
          ],
          "ix": 1
        },
        "s": {
          "a": 0,
          "k": [
            100,
            100,
            100
          ],
          "ix": 6
        }
      },
      "ao": 0,
      "w": 1000,
      "h": 1000,
      "ip": 12.00000048877,
      "op": 912.000037146522,
      "st": 12.00000048877,
      "bm": 0
    },
    {
      "ddd": 0,
      "ind": 15,
      "ty": 0,
      "nm": "プリコンポジション 1",
      "refId": "comp_1",
      "sr": 1,
      "ks": {
        "o": {
          "a": 0,
          "k": 100,
          "ix": 11
        },
        "r": {
          "a": 0,
          "k": -315,
          "ix": 10
        },
        "p": {
          "a": 0,
          "k": [
            500,
            500,
            0
          ],
          "ix": 2
        },
        "a": {
          "a": 0,
          "k": [
            500,
            500,
            0
          ],
          "ix": 1
        },
        "s": {
          "a": 0,
          "k": [
            100,
            100,
            100
          ],
          "ix": 6
        }
      },
      "ao": 0,
      "w": 1000,
      "h": 1000,
      "ip": 7.00000028511585,
      "op": 907.000036942867,
      "st": 7.00000028511585,
      "bm": 0
    },
    {
      "ddd": 0,
      "ind": 16,
      "ty": 0,
      "nm": "プリコンポジション 1",
      "refId": "comp_1",
      "sr": 1,
      "ks": {
        "o": {
          "a": 0,
          "k": 100,
          "ix": 11
        },
        "r": {
          "a": 0,
          "k": -270,
          "ix": 10
        },
        "p": {
          "a": 0,
          "k": [
            500,
            500,
            0
          ],
          "ix": 2
        },
        "a": {
          "a": 0,
          "k": [
            500,
            500,
            0
          ],
          "ix": 1
        },
        "s": {
          "a": 0,
          "k": [
            100,
            100,
            100
          ],
          "ix": 6
        }
      },
      "ao": 0,
      "w": 1000,
      "h": 1000,
      "ip": 7.00000028511585,
      "op": 907.000036942867,
      "st": 7.00000028511585,
      "bm": 0
    },
    {
      "ddd": 0,
      "ind": 17,
      "ty": 0,
      "nm": "プリコンポジション 1",
      "refId": "comp_1",
      "sr": 1,
      "ks": {
        "o": {
          "a": 0,
          "k": 100,
          "ix": 11
        },
        "r": {
          "a": 0,
          "k": -225,
          "ix": 10
        },
        "p": {
          "a": 0,
          "k": [
            500,
            500,
            0
          ],
          "ix": 2
        },
        "a": {
          "a": 0,
          "k": [
            500,
            500,
            0
          ],
          "ix": 1
        },
        "s": {
          "a": 0,
          "k": [
            100,
            100,
            100
          ],
          "ix": 6
        }
      },
      "ao": 0,
      "w": 1000,
      "h": 1000,
      "ip": 10.0000004073083,
      "op": 910.00003706506,
      "st": 10.0000004073083,
      "bm": 0
    },
    {
      "ddd": 0,
      "ind": 18,
      "ty": 0,
      "nm": "プリコンポジション 1",
      "refId": "comp_1",
      "sr": 1,
      "ks": {
        "o": {
          "a": 0,
          "k": 100,
          "ix": 11
        },
        "r": {
          "a": 0,
          "k": -225,
          "ix": 10
        },
        "p": {
          "a": 0,
          "k": [
            500,
            500,
            0
          ],
          "ix": 2
        },
        "a": {
          "a": 0,
          "k": [
            500,
            500,
            0
          ],
          "ix": 1
        },
        "s": {
          "a": 0,
          "k": [
            100,
            100,
            100
          ],
          "ix": 6
        }
      },
      "ao": 0,
      "w": 1000,
      "h": 1000,
      "ip": 7.00000028511585,
      "op": 907.000036942867,
      "st": 7.00000028511585,
      "bm": 0
    },
    {
      "ddd": 0,
      "ind": 19,
      "ty": 0,
      "nm": "プリコンポジション 1",
      "refId": "comp_1",
      "sr": 1,
      "ks": {
        "o": {
          "a": 0,
          "k": 100,
          "ix": 11
        },
        "r": {
          "a": 0,
          "k": -180,
          "ix": 10
        },
        "p": {
          "a": 0,
          "k": [
            500,
            500,
            0
          ],
          "ix": 2
        },
        "a": {
          "a": 0,
          "k": [
            500,
            500,
            0
          ],
          "ix": 1
        },
        "s": {
          "a": 0,
          "k": [
            100,
            100,
            100
          ],
          "ix": 6
        }
      },
      "ao": 0,
      "w": 1000,
      "h": 1000,
      "ip": 7.00000028511585,
      "op": 907.000036942867,
      "st": 7.00000028511585,
      "bm": 0
    },
    {
      "ddd": 0,
      "ind": 20,
      "ty": 0,
      "nm": "プリコンポジション 1",
      "refId": "comp_1",
      "sr": 1,
      "ks": {
        "o": {
          "a": 0,
          "k": 100,
          "ix": 11
        },
        "r": {
          "a": 0,
          "k": -135,
          "ix": 10
        },
        "p": {
          "a": 0,
          "k": [
            500,
            500,
            0
          ],
          "ix": 2
        },
        "a": {
          "a": 0,
          "k": [
            500,
            500,
            0
          ],
          "ix": 1
        },
        "s": {
          "a": 0,
          "k": [
            100,
            100,
            100
          ],
          "ix": 6
        }
      },
      "ao": 0,
      "w": 1000,
      "h": 1000,
      "ip": 10.0000004073083,
      "op": 910.00003706506,
      "st": 10.0000004073083,
      "bm": 0
    },
    {
      "ddd": 0,
      "ind": 21,
      "ty": 0,
      "nm": "プリコンポジション 1",
      "refId": "comp_1",
      "sr": 1,
      "ks": {
        "o": {
          "a": 0,
          "k": 100,
          "ix": 11
        },
        "r": {
          "a": 0,
          "k": -135,
          "ix": 10
        },
        "p": {
          "a": 0,
          "k": [
            500,
            500,
            0
          ],
          "ix": 2
        },
        "a": {
          "a": 0,
          "k": [
            500,
            500,
            0
          ],
          "ix": 1
        },
        "s": {
          "a": 0,
          "k": [
            100,
            100,
            100
          ],
          "ix": 6
        }
      },
      "ao": 0,
      "w": 1000,
      "h": 1000,
      "ip": 7.00000028511585,
      "op": 907.000036942867,
      "st": 7.00000028511585,
      "bm": 0
    },
    {
      "ddd": 0,
      "ind": 22,
      "ty": 0,
      "nm": "プリコンポジション 1",
      "refId": "comp_1",
      "sr": 1,
      "ks": {
        "o": {
          "a": 0,
          "k": 100,
          "ix": 11
        },
        "r": {
          "a": 0,
          "k": -90,
          "ix": 10
        },
        "p": {
          "a": 0,
          "k": [
            500,
            500,
            0
          ],
          "ix": 2
        },
        "a": {
          "a": 0,
          "k": [
            500,
            500,
            0
          ],
          "ix": 1
        },
        "s": {
          "a": 0,
          "k": [
            100,
            100,
            100
          ],
          "ix": 6
        }
      },
      "ao": 0,
      "w": 1000,
      "h": 1000,
      "ip": 7.00000028511585,
      "op": 907.000036942867,
      "st": 7.00000028511585,
      "bm": 0
    },
    {
      "ddd": 0,
      "ind": 23,
      "ty": 0,
      "nm": "プリコンポジション 1",
      "refId": "comp_1",
      "sr": 1,
      "ks": {
        "o": {
          "a": 0,
          "k": 100,
          "ix": 11
        },
        "r": {
          "a": 0,
          "k": -45,
          "ix": 10
        },
        "p": {
          "a": 0,
          "k": [
            500,
            500,
            0
          ],
          "ix": 2
        },
        "a": {
          "a": 0,
          "k": [
            500,
            500,
            0
          ],
          "ix": 1
        },
        "s": {
          "a": 0,
          "k": [
            100,
            100,
            100
          ],
          "ix": 6
        }
      },
      "ao": 0,
      "w": 1000,
      "h": 1000,
      "ip": 10.0000004073083,
      "op": 910.00003706506,
      "st": 10.0000004073083,
      "bm": 0
    },
    {
      "ddd": 0,
      "ind": 24,
      "ty": 0,
      "nm": "プリコンポジション 1",
      "refId": "comp_1",
      "sr": 1,
      "ks": {
        "o": {
          "a": 0,
          "k": 100,
          "ix": 11
        },
        "r": {
          "a": 0,
          "k": -45,
          "ix": 10
        },
        "p": {
          "a": 0,
          "k": [
            500,
            500,
            0
          ],
          "ix": 2
        },
        "a": {
          "a": 0,
          "k": [
            500,
            500,
            0
          ],
          "ix": 1
        },
        "s": {
          "a": 0,
          "k": [
            100,
            100,
            100
          ],
          "ix": 6
        }
      },
      "ao": 0,
      "w": 1000,
      "h": 1000,
      "ip": 7.00000028511585,
      "op": 907.000036942867,
      "st": 7.00000028511585,
      "bm": 0
    },
    {
      "ddd": 0,
      "ind": 25,
      "ty": 0,
      "nm": "プリコンポジション 1",
      "refId": "comp_1",
      "sr": 1,
      "ks": {
        "o": {
          "a": 0,
          "k": 100,
          "ix": 11
        },
        "r": {
          "a": 0,
          "k": 0,
          "ix": 10
        },
        "p": {
          "a": 0,
          "k": [
            500,
            500,
            0
          ],
          "ix": 2
        },
        "a": {
          "a": 0,
          "k": [
            500,
            500,
            0
          ],
          "ix": 1
        },
        "s": {
          "a": 0,
          "k": [
            100,
            100,
            100
          ],
          "ix": 6
        }
      },
      "ao": 0,
      "w": 1000,
      "h": 1000,
      "ip": 7.00000028511585,
      "op": 907.000036942867,
      "st": 7.00000028511585,
      "bm": 0
    }
  ]
}