{
  "v": "4.10.1",
  "fr": 29.9700012207031,
  "ip": 0,
  "op": 300.00001221925,
  "w": 800,
  "h": 800,
  "nm": "profile around",
  "ddd": 0,
  "assets": [],
  "layers": [
    {
      "ddd": 0,
      "ind": 1,
      "ty": 4,
      "nm": "Shape Layer 1",
      "sr": 1,
      "ks": {
        "o": {
          "a": 0,
          "k": 100,
          "ix": 11
        },
        "r": {
          "a": 1,
          "k": [
            {
              "i": {
                "x": [
                  0.833
                ],
                "y": [
                  0.833
                ]
              },
              "o": {
                "x": [
                  0.167
                ],
                "y": [
                  0.167
                ]
              },
              "n": [
                "0p833_0p833_0p167_0p167"
              ],
              "t": 60,
              "s": [
                0
              ],
              "e": [
                -245
              ]
            },
            {
              "t": 299.00001217852
            }
          ],
          "ix": 10
        },
        "p": {
          "a": 0,
          "k": [
            400,
            400,
            0
          ],
          "ix": 2
        },
        "a": {
          "a": 0,
          "k": [
            -22,
            -10,
            0
          ],
          "ix": 1
        },
        "s": {
          "a": 0,
          "k": [
            100,
            100,
            100
          ],
          "ix": 6
        }
      },
      "ao": 0,
      "shapes": [
        {
          "ty": "gr",
          "it": [
            {
              "d": 1,
              "ty": "el",
              "s": {
                "a": 0,
                "k": [
                  668,
                  668
                ],
                "ix": 2
              },
              "p": {
                "a": 0,
                "k": [
                  0,
                  0
                ],
                "ix": 3
              },
              "nm": "Ellipse Path 1",
              "mn": "ADBE Vector Shape - Ellipse",
              "hd": false
            },
            {
              "ty": "gs",
              "o": {
                "a": 0,
                "k": 100,
                "ix": 9
              },
              "w": {
                "a": 0,
                "k": 24,
                "ix": 10
              },
              "g": {
                "p": 9,
                "k": {
                  "a": 0,
                  "k": [
                    0,
                    1,
                    0,
                    0,
                    0.111,
                    1,
                    0.188,
                    0,
                    0.25,
                    1,
                    0.376,
                    0,
                    0.375,
                    1,
                    0.541,
                    0,
                    0.5,
                    1,
                    0.706,
                    0,
                    0.621,
                    0.9,
                    0.385,
                    0.414,
                    0.75,
                    0.801,
                    0.065,
                    0.827,
                    0.875,
                    0.596,
                    0.057,
                    0.894,
                    1,
                    0.392,
                    0.049,
                    0.961
                  ],
                  "ix": 8
                }
              },
              "s": {
                "a": 0,
                "k": [
                  -388,
                  12
                ],
                "ix": 4
              },
              "e": {
                "a": 0,
                "k": [
                  384,
                  8
                ],
                "ix": 5
              },
              "t": 1,
              "lc": 2,
              "lj": 1,
              "ml": 4,
              "d": [
                {
                  "n": "d",
                  "nm": "dash",
                  "v": {
                    "a": 0,
                    "k": 50,
                    "ix": 1
                  }
                },
                {
                  "n": "o",
                  "nm": "offset",
                  "v": {
                    "a": 0,
                    "k": 0,
                    "ix": 7
                  }
                }
              ],
              "nm": "Gradient Stroke 1",
              "mn": "ADBE Vector Graphic - G-Stroke",
              "hd": false
            },
            {
              "ty": "tr",
              "p": {
                "a": 0,
                "k": [
                  -22,
                  -10
                ],
                "ix": 2
              },
              "a": {
                "a": 0,
                "k": [
                  0,
                  0
                ],
                "ix": 1
              },
              "s": {
                "a": 0,
                "k": [
                  100,
                  100
                ],
                "ix": 3
              },
              "r": {
                "a": 0,
                "k": 0,
                "ix": 6
              },
              "o": {
                "a": 0,
                "k": 100,
                "ix": 7
              },
              "sk": {
                "a": 0,
                "k": 0,
                "ix": 4
              },
              "sa": {
                "a": 0,
                "k": 0,
                "ix": 5
              },
              "nm": "Transform"
            }
          ],
          "nm": "Ellipse 1",
          "np": 3,
          "cix": 2,
          "ix": 1,
          "mn": "ADBE Vector Group",
          "hd": false
        },
        {
          "ty": "tm",
          "s": {
            "a": 1,
            "k": [
              {
                "i": {
                  "x": [
                    0.833
                  ],
                  "y": [
                    0.833
                  ]
                },
                "o": {
                  "x": [
                    0.167
                  ],
                  "y": [
                    0.167
                  ]
                },
                "n": [
                  "0p833_0p833_0p167_0p167"
                ],
                "t": 20,
                "s": [
                  100
                ],
                "e": [
                  0
                ]
              },
              {
                "i": {
                  "x": [
                    0.833
                  ],
                  "y": [
                    0.833
                  ]
                },
                "o": {
                  "x": [
                    0.167
                  ],
                  "y": [
                    0.167
                  ]
                },
                "n": [
                  "0p833_0p833_0p167_0p167"
                ],
                "t": 40,
                "s": [
                  0
                ],
                "e": [
                  0
                ]
              },
              {
                "t": 60.0000024438501
              }
            ],
            "ix": 1
          },
          "e": {
            "a": 1,
            "k": [
              {
                "i": {
                  "x": [
                    0.833
                  ],
                  "y": [
                    0.833
                  ]
                },
                "o": {
                  "x": [
                    0.167
                  ],
                  "y": [
                    0.167
                  ]
                },
                "n": [
                  "0p833_0p833_0p167_0p167"
                ],
                "t": 0,
                "s": [
                  100
                ],
                "e": [
                  0
                ]
              },
              {
                "i": {
                  "x": [
                    0.833
                  ],
                  "y": [
                    0.833
                  ]
                },
                "o": {
                  "x": [
                    0.167
                  ],
                  "y": [
                    0.167
                  ]
                },
                "n": [
                  "0p833_0p833_0p167_0p167"
                ],
                "t": 20,
                "s": [
                  0
                ],
                "e": [
                  0
                ]
              },
              {
                "i": {
                  "x": [
                    0.833
                  ],
                  "y": [
                    0.833
                  ]
                },
                "o": {
                  "x": [
                    0.167
                  ],
                  "y": [
                    0.167
                  ]
                },
                "n": [
                  "0p833_0p833_0p167_0p167"
                ],
                "t": 40,
                "s": [
                  0
                ],
                "e": [
                  100
                ]
              },
              {
                "t": 60.0000024438501
              }
            ],
            "ix": 2
          },
          "o": {
            "a": 1,
            "k": [
              {
                "i": {
                  "x": [
                    0.833
                  ],
                  "y": [
                    0.833
                  ]
                },
                "o": {
                  "x": [
                    0.167
                  ],
                  "y": [
                    0.167
                  ]
                },
                "n": [
                  "0p833_0p833_0p167_0p167"
                ],
                "t": 0,
                "s": [
                  0
                ],
                "e": [
                  -250
                ]
              },
              {
                "i": {
                  "x": [
                    0.833
                  ],
                  "y": [
                    0.833
                  ]
                },
                "o": {
                  "x": [
                    0.167
                  ],
                  "y": [
                    0.167
                  ]
                },
                "n": [
                  "0p833_0p833_0p167_0p167"
                ],
                "t": 20,
                "s": [
                  -250
                ],
                "e": [
                  -500
                ]
              },
              {
                "i": {
                  "x": [
                    0.833
                  ],
                  "y": [
                    0.833
                  ]
                },
                "o": {
                  "x": [
                    0.167
                  ],
                  "y": [
                    0.167
                  ]
                },
                "n": [
                  "0p833_0p833_0p167_0p167"
                ],
                "t": 40,
                "s": [
                  -500
                ],
                "e": [
                  -1071
                ]
              },
              {
                "t": 60.0000024438501
              }
            ],
            "ix": 3
          },
          "m": 1,
          "ix": 2,
          "nm": "Trim Paths 1",
          "mn": "ADBE Vector Filter - Trim",
          "hd": false
        }
      ],
      "ip": 0,
      "op": 308.000012545097,
      "st": 0,
      "bm": 0
    }
  ]
}