<?xml version="1.0" encoding="utf-8" ?>
<ROOT>
<ACE-OF-CUPS-ONE >Карта указывает, что ваше здоровье будет в полном порядке. Вы будете чувствовать себя энергичными и на физическом, и на душевном уровнях. Вы будете обращать сейчас внимание на духовную сторону жизни, и ваше состояние станет ещё лучше. </ACE-OF-CUPS-ONE >
<TWO-OF-CUPS-ONE >Карта указывает, что со здоровьем будет не всё так гладко: вы будете стараться не отставать от своего любимого человека, который чувствует себя отлично, и ваши переживания могут привести к необходимости неоднократных визитов к врачу. </TWO-OF-CUPS-ONE >
<THREE-OF-CUPS-ONE >Карта говорит, что сейчас вам хочется устроить себе праздник и вы склонны слишком потакать своим слабостям. Из-за этого могут возникнуть серьёзные проблемы со здоровьем, которыми и придётся заняться в скором времени. Если вы не примете меры, возможно, вам грозит лечение в стационаре. </THREE-OF-CUPS-ONE >
<FOUR-OF-CUPS-ONE >Сейчас у вас стрессовый период, который может привести к полному упадку сил. Вам потребуется взять отдых, несмотря на необходимость выполнять служебные обязанности, он вам сейчас необходим. Такое положение дел может вас огорчить, но вскоре наступит улучшение, и, возможно, вы даже по-другому взглянете на жизнь. </FOUR-OF-CUPS-ONE >
<FIVE-OF-CUPS-ONE >Карта показывает, что в данный момент вы испытываете стресс из-за работы или переездов, который приведёт к сильной усталости и опустошению. Это может негативно повлиять на ваше здоровье, в гораздо большей степени, чем вы думаете, и доставить вам проблем. Прежде всего вам следует обратить внимание на состояние желудочно-кишечного тракта. </FIVE-OF-CUPS-ONE >
<SIX-OF-CUPS-ONE >Карта указывает, что сейчас вы находитесь в не очень хорошем самочувствии, беспокойство негативно влияет на ваше физическое и душевное состояние. Но вы всё же найдёте в себе силы собраться и выполнить необходимые обязанности, затем вам нужен будет перерыв, чтобы восстановиться. </SIX-OF-CUPS-ONE >
<SEVEN-OF-CUPS-ONE >Карта указывает, что сейчас вы чувствуете себя больными, ваше тело само говорит вам, что вам требуется перерыв. Возможно недомогание. Могу быть проблемы с конечностями или со зрением, для восстановления вам потребуется отдых. </SEVEN-OF-CUPS-ONE >
<EIGHT-OF-CUPS-ONE >Карта указывает, что возможны проблемы со зрением или волосами, вам потребуется лечение. Это затруднит выполнение ваших повседневных обязанностей, что огорчит вас, но скоро наступит улучшение, вам не о чем беспокоиться. Близкие люди будут рядом с вами в период лечения. </EIGHT-OF-CUPS-ONE >
<NINE-OF-CUPS-ONE >Карта говорит, что сейчас вы находитесь в депрессии, чувствуете себя одиноко. Это связано с переживанием жизненных взлётов и падений. В данный момент вы чувствуете себя уязвимым, вам кажется, что никто вас не понимает. Внутреннее беспокойство может вызвать невроз, нужно будет принимать соответствующие медикаменты. </NINE-OF-CUPS-ONE >
<TEN-OF-CUPS-ONE >Карта говорит, что ваш плотный график может спровоцировать неправильное питание, что приведёт к проблемам с желудочно-кишечным трактом. Кроме того, напряжённый образ жизни может привести к замкнутости в себе, к бессоннице, впрочем, это ненадолго. Вы примете меры и вскоре восстановитесь. </TEN-OF-CUPS-ONE >
<PAGE-OF-CUPS-ONE >Карта говорит, что в нынешних обстоятельствах вы будете слишком чувствительны, будете легко поддаваться чужому влиянию. Такое чуткое восприятие может негативно сказаться на вашем физическом и душевном здоровье. Будьте осторожны, возможны несчастные случаи. </PAGE-OF-CUPS-ONE >
<KNIGHT-OF-CUPS-ONE >Карта указывает, что ваше самочувствие улучшится. Если сейчас вы недомогаете и вынуждены ходить к врачу, знайте, что вскоре ваше состояние улучшится, несмотря на плохие новости, которые вам, возможно, сообщат. Вам нужно просто верить в себя и заботиться о себе. </KNIGHT-OF-CUPS-ONE >
<QUEEN-OF-CUPS-ONE >Карта показывает, что сейчас вы чувствуете себя «выжатыми» из-за личных и рабочих вопросов и иногда ощущаете себя беспомощными. Вы можете почувствовать отчаяние и даже обратиться за помощью к врачу и родным, но всё скоро наладится. </QUEEN-OF-CUPS-ONE >
<KING-OF-CUPS-ONE >Карта указывает, что вас могут огорчить какие-то ситуации, вы будете крайне разочарованы, думая, что вы недостаточно хороши для этого мира, что вам недостаёт каких-то качеств. Не дайте этим мыслям укорениться в вашем сознании. </KING-OF-CUPS-ONE >
<ACE-OF-PENTACLES-ONE >Карта указывает, что в ближайшее время ваше здоровье укрепится. Если вы недомогаете, то сейчас наступит благополучный период, быстро наступит выздоровление, вы окончательно поправитесь. </ACE-OF-PENTACLES-ONE >
<TWO-OF-PENTACLES-ONE >Вы словно «выжаты» и чувствуете сильную усталость из-за работы до ночи и выполнения огромного круга обязанностей. Такое положение дел может негативно повлиять на ваше здоровье, но вы постараетесь найти баланс и выйти из ситуации победителем. </TWO-OF-PENTACLES-ONE >
<THREE-OF-PENTACLES-ONE >Карта указывает, что упадок сил и нервное перенапряжение могут негативно сказаться на вашем здоровье, вам нужно быть осторожнее. С отдыхом придётся подождать, вам предстоит много дел. </THREE-OF-PENTACLES-ONE >
<FOUR-OF-PENTACLES-ONE >Карта говорит, что в ближайшее время вы столкнётесь с рецидивами хронических заболеваний, имеющихся у вас, возможны неоднократные походы к врачу. Вам нужны будут поддержка и помощь. Ситуация может выйти из-под контроля, и вам нужно будет оставаться сильными. </FOUR-OF-PENTACLES-ONE >
<FIVE-OF-PENTACLES-ONE >Карта говорит, что в последнее время вы пренебрежительно относились к своему здоровью, и сейчас вам грозит небольшое, но неприятное недомогание. Возможно, вы будете вынуждены обратиться к врачу. </FIVE-OF-PENTACLES-ONE >
<SIX-OF-PENTACLES-ONE >Карта говорит, что вы должны быть очень осторожны и осмотрительны, так как есть большая вероятность несчастных случаев. Это опасный период, если вы не будете внимательны, это может привести к нежелательному исходу. </SIX-OF-PENTACLES-ONE >
<SEVEN-OF-PENTACLES-ONE >Карта указывает, что сейчас у вас стрессовый период, и вы попытаетесь избежать ситуаций, где от вас требуется физическая работа. Сами того не желая, вы отойдёте от рабочих дел, так как вам не захочется тратить время и концентрироваться на чём-либо. </SEVEN-OF-PENTACLES-ONE >
<EIGHT-OF-PENTACLES-ONE >Карта указывает, что пора приобрести и активно пользоваться увлажняющими средствами и средствами от загара, так как ваша кожа сейчас особенно уязвима и чувствительна. Вам придётся много путешествовать по рабочим вопросам, что может негативно повлиять на ваше питание и вызвать проблемы с желудочно-кишечным трактом. </EIGHT-OF-PENTACLES-ONE >
<NINE-OF-PENTACLES-ONE >Карта указывает, что вам или вашему близкому предстоит период выздоровления после какого-то недомогания или же несчастного случая. Возможно, один из ваших знакомых заболеет. Вашим близким нужна будет помощь, которую вы окажете, но вам будет хотеться как-то отвлечься от этих домашних забот. </NINE-OF-PENTACLES-ONE >
<TEN-OF-PENTACLES-ONE >Карта указывает, что вас беспокоят какие-то личные вопросы. Кому-то из близких понадобится медицинская помощь, вы поможете им и поддержите. </TEN-OF-PENTACLES-ONE >
<PAGE-OF-PENTACLES-ONE >Карта указывает, что вы чувствуете сильное беспокойство. Возможно, у вас есть какие-то проблемы со здоровьем. Может быть, вы испытываете чувство вины, и вам хочется поскорее избавиться от него. Вам понадобятся болеутоляющие средства и таблетки от бессонницы. </PAGE-OF-PENTACLES-ONE >
<KNIGHT-OF-PENTACLES-ONE >Вам придётся понять, что помощь окружающим – хорошее дело, если только они не пытаются попользоваться вами. Такое положение дел заставит вас понервничать, но вы сможете сделать смелый шаг. Вы постараетесь вести более активный образ жизни, чтобы отвлечься от мыслей, которые доставляют вам беспокойство. </KNIGHT-OF-PENTACLES-ONE >
<QUEEN-OF-PENTACLES-ONE >Карта указывает, что сейчас лучше прибегнуть к народным средствам лечения и очищения. Если вы или ваш близкий человек страдаете от недомогания, наступает замечательный период для моментального выздоровления. </QUEEN-OF-PENTACLES-ONE >
<KING-OF-PENTACLES-ONE >Карта указывает, что вы на верном пути к восстановлению и укреплению физического и душевного здоровья. Если вы восстанавливаетесь после травмы или болезни, знайте, что скоро наступит быстрое улучшение состояния. Даже если у вас были какие-то проблемы с медицинскими справками и документами, сейчас они разрешатся. </KING-OF-PENTACLES-ONE >
<ACE-OF-SWORDS-ONE >Карта указывает, что вы чувствуете подавленность, депрессию, вам нужна медицинская помощь. Вам помогут родные; также, возможно, вы попробуете новый способ излечить недомогание, который окажется очень действенным. </ACE-OF-SWORDS-ONE >
<TWO-OF-SWORDS-ONE >Карта указывает, что ваше состояние здоровья сейчас переменчиво, вы можете ощущать некое беспокойство. Возможны небольшие недомогания, вам нужно будет обязательно позаботиться о своём здоровье, так как возможно развитие инфекции, простуда. </TWO-OF-SWORDS-ONE >
<THREE-OF-SWORDS-ONE >Карта показывает, что сейчас вы чувствуете себя измотанными, мечтаете о том, чтобы отдохнуть наконец от работы. Возможны несчастные случаи, которые могут повысить нервное напряжение, вам нужно будет собраться с илами и противостоять ему, для вашего же блага. Плачевное состояние вашего здоровья может обеспокоить родных, что заставит их обратиться за консультацией к врачу. </THREE-OF-SWORDS-ONE >
<FOUR-OF-SWORDS-ONE >Карта говорит, что выздоровление не за горами, вскоре вы позабудете о своих тревогах по поводу душевного состояния. Ваше физическое здоровье, однако, может быть подорвано, вам будет необходимо пройти обследование и курс лечения. Помощь врача будет неоценима. </FOUR-OF-SWORDS-ONE >
<FIVE-OF-SWORDS-ONE >Карта указывает, что сейчас вы испытываете стресс и расстройство из-за болезни, которая никак не проходит. Вы будете вынуждены несколько раз сходить к врачу, однако эти походы только расстроят вас ещё больше, вы почувствуете себя беспомощными, но постараетесь всё же взять себя в руки. </FIVE-OF-SWORDS-ONE >
<SIX-OF-SWORDS-ONE >Карта говорит, что для вашего здоровья этот период будет худшим. Возможна серьёзная травма или болезнь, которая будет очень вас тревожить. Возможен также несчастный случай, где могут быть повреждены ноги, колени. Может потребоваться госпитализация, но ненадолго, и вскоре ваше здоровье восстановится. </SIX-OF-SWORDS-ONE >
<SEVEN-OF-SWORDS-ONE >Карта указывает, что вы сейчас во власти сильного стресса, который негативно влияет на ваше физическое и душевное состояние. Вам нужно будет заниматься сразу несколькими делами, что также плохо скажется на вашем здоровье. Вам нужен отдых для восстановления. </SEVEN-OF-SWORDS-ONE >
<EIGHT-OF-SWORDS-ONE >Карта говорит, что возможен несчастный случай, если вы не будете соблюдать осторожность. Сейчас вам нужно быть особенно внимательными, так как карта указывает, что рискованные операции в домашних условиях могут быть крайне неудачными. Вам нужно быть осмотрительнее на дороге. Этот период, однако, скоро закончится. </EIGHT-OF-SWORDS-ONE >
<NINE-OF-SWORDS-ONE >Карта указывает, что вы можете столкнуться с какими-то неприятными ситуациями в личной жизни или на работе, и они повергнут вас в депрессию. Возможны погрешности в питании, которые могут привести к проблемам с желудочно-кишечным трактом, однако близкий человек поможет вам восстановиться. </NINE-OF-SWORDS-ONE >
<TEN-OF-SWORDS-ONE >Карта указывает, что вы решили взять на себя ответственность за своё здоровье, отпустить прошлое и думать лишь о будущем. Вы поставите себе цели, направленные на укрепление здоровья, и достичь их вам поможет ваш новый образ жизни. </TEN-OF-SWORDS-ONE >
<PAGE-OF-SWORDS-ONE >Карта указывает на возможность серьёзных умственных перегрузок, особенно связанных с работой, но вы наберётесь терпения и справитесь с ними. Возможны проблемы с позвоночником, также вероятно, что вам потребуется посетить стоматолога. Тем не менее, вы будете полны энергии и будете проводить много времени с близкими. </PAGE-OF-SWORDS-ONE >
<KNIGHT-OF-SWORDS-ONE >Карта указывает, что ваше самочувствие будет неоднозначным. Душевно вы почувствуете себя лучше, восстановитесь после стресса. Вы очень нужны будете вашим близким, так как возможны плохие новости, касающиеся вашего родственника или друга семьи. </KNIGHT-OF-SWORDS-ONE >
<QUEEN-OF-SWORDS-ONE >Карта указывает, что вам придётся то и дело переключаться с личных дел на рабочие и обратно, и сделаете всё, чтобы успеть выполнить свои обязательства на обоих фронтах. В результате вы можете почувствовать себя вымотанными и уставшими, но каким-то образом вам удастся справиться со всеми этими заботами. </QUEEN-OF-SWORDS-ONE >
<KING-OF-SWORDS-ONE >Карта показывает, что сейчас ваше здоровье под угрозой. Вы будете расстроены и вымотаны физически, вам может потребоваться медицинская помощь из-за недомогания. </KING-OF-SWORDS-ONE >
<ACE-OF-WANDS-ONE >Карта указывает, что сейчас вы будете уделять больше внимания своему здоровью, и в случае душевного или физического недомогания будете искать новый метод лечения. Кто-то предложит вам прибегнуть к народным средствам, и вы последуете его совету. </ACE-OF-WANDS-ONE >
<TWO-OF-WANDS-ONE >Карта указывает на перенапряжение, которому вы себя подвергаете и которое сказывается на вашем здоровье. Восстановить физическое и душевное состояние вам помогут искусственные минералы. Пренебрежительное отношение к питанию может оказаться опасным в будущем, рекомендуется питаться правильно. </TWO-OF-WANDS-ONE >
<THREE-OF-WANDS-ONE >Карты указывает, что сейчас вы больше сосредоточены на состоянии здоровья близкого человека. Это оказывает на вас определённый стресс, вскоре вам потребуется отдых. Возможно, скоро вам будет необходим поход к стоматологу. </THREE-OF-WANDS-ONE >
<FOUR-OF-WANDS-ONE >Карта указывает, что вы испытываете стресс из-за неприятной ситуации в личной жизни. Вы можете столкнуться и с другими проблемами, которые заставят вас понервничать, на этой почве возможны психосоматические боли. </FOUR-OF-WANDS-ONE >
<FIVE-OF-WANDS-ONE >Карта указывает на полное выздоровление после недавних недомоганий. Сейчас ваши тело и дух в полном порядке. Возможно, вскоре вы отправитесь на отдых с любимым человеком, путешествие будет очень приятным. </FIVE-OF-WANDS-ONE >
<SIX-OF-WANDS-ONE >Карта говорит, что вы наконец осознали, как вам необходим отдых, и решили уделить себе время и внимание. Такой перерыв будет очень вам полезен, вы посетите светские мероприятия, займётесь любимыми занятиями. </SIX-OF-WANDS-ONE >
<SEVEN-OF-WANDS-ONE >Карта указывает, что сейчас вы заняты одновременно несколькими делами, успеть сделать их все вам сложно, поэтому вы находитесь в сильном напряжении. Но вряд ли вы поймёте это сейчас и что-то предпримете, скорее, дело закончится всё же нешуточным стрессом. Не пренебрегайте своим здоровьем и внимательно следите за своим питанием, особенно в общественных местах. </SEVEN-OF-WANDS-ONE >
<EIGHT-OF-WANDS-ONE >Карта показывает, что сейчас вы в прекрасном настроении, чувствуете себя здоровыми, а также ощущаете сильное влечение к любимому человеку. Вас ждёт романтическая поездка, наполненная чувственными моментами. </EIGHT-OF-WANDS-ONE >
<NINE-OF-WANDS-ONE >Карта указывает на ваше плачевное физическое состояние. Вы можете стать раздражительными из-за необходимости посещать врача и оформлять необходимые для лечения справки и документы. </NINE-OF-WANDS-ONE >
<TEN-OF-WANDS-ONE >Карта указывает, что на вас могут негативно сказаться личные или рабочие вопросы, вы почувствуете физическое истощение, стараясь успеть выполнить множество обязанностей. Вряд ли у вас найдётся время на отдых, вы будете всё время на ногах, и это может привести к недомоганию. Вам нужно замедлить темп жизни. </TEN-OF-WANDS-ONE >
<PAGE-OF-WANDS-ONE >Вам будет необходимо пройти курс лечения в связи с недомоганием или даже серьёзной болезнью. Карта указывает, что вы раздражительны из-за рабочих или личных проблем. Вам нужно запастись терпением и быть практичнее. </PAGE-OF-WANDS-ONE >
<KNIGHT-OF-WANDS-ONE >Карта указывает, что вашему организму предстоят серьёзные нагрузки, так как ваш насыщенный график вас измотает и утомит. Ваше душевное состояние также будет под угрозой. </KNIGHT-OF-WANDS-ONE >
<QUEEN-OF-WANDS-ONE >Карта показывает, что сейчас вы полны энергии и у вас есть вдохновение, чтобы изменить ваш образ жизни и улучшить здоровье. Вы хотите кое-что изменить в своей жизни, стараясь найти душевное равновесие. </QUEEN-OF-WANDS-ONE >
<KING-OF-WANDS-ONE >Карта указывает, что вы хотите изменить что-то в заботе о своём здоровье, а также в режиме физической активности. Вы, возможно, обратитесь к диетологу. Вероятны дурные предчувствия, ощущение тревоги, неясные боли. </KING-OF-WANDS-ONE >
<THE-MAGICIAN-ONE >Карта указывает, что сейчас вы переживаете стрессовый период. Рабочие и домашние вопросы и дела негативно повлияют на ваше состояние, вы будете не в силах решить проблемы со здоровьем, так как будут сложности с постановкой диагноза, вам даже придётся посетить несколько врачей, чтобы его установить. </THE-MAGICIAN-ONE >
<THE-HIGH-PRIESTESS-ONE >Карта указывает, что недавнее напряжение негативно сказалось на вашем умственном или физическом состоянии. Но скоро всё наладится, наступит облегчение, и вы почувствуете себя лучше. </THE-HIGH-PRIESTESS-ONE >
<THE-EMPRESS-ONE >Карта указывает, что у вас возможны проблемы с шеей. Вам нужно обратить внимание на своё душевное состояние, чтобы понять, что требуется вам для восстановления хорошего физического самочувствия. Рекомендованы занятия йогой, физиотерапией. </THE-EMPRESS-ONE >
<THE-EMPEROR-ONE >Карта указывает, что у вас могут быть серьёзные проблемы со здоровьем. Необходимы тщательная профилактика и хороший уход. Вы наберётесь сил, чтобы побороть болезнь, но карта советует вам впредь не относиться столь пренебрежительно к своему организму. </THE-EMPEROR-ONE >
<THE-HIEROPHANT-ONE >Карта указывает, что вам следует больше времени уделять своему здоровью. Возможные проблемы: повышенное или пониженное давление, простуда, сильный кашель. Регулярные осмотры и анализы помогут вам улучшить состояние. </THE-HIEROPHANT-ONE >
<THE-LOVERS-ONE >Карта указывает, что вы рады укрепившемуся здоровью. Вы больше двигаетесь, ведёте активный образ жизни. Вы будете серьёзно относиться к своему организму, постараетесь найти баланс между душой и телом. </THE-LOVERS-ONE >
<THE-CHARIOT-ONE >Карта указывает, что сейчас вы погружены в работу и другие занятия, что мешает вам заботиться о своём организме. Если вы будете продолжать в том же духе, вас ждёт недомогание из-за перенагрузок, беспокойство в мыслях. Сейчас самое время для похода к врачу и отдыха в тишине. </THE-CHARIOT-ONE >
<STRENGTH-ONE >Карта показывает, что вы будете в добром здравии. Она символизирует замечательный физический и душевный настрой, любое недомогание вы легко преодолеете. Вашу силу и энтузиазм заметят и оценят окружающие. </STRENGTH-ONE >
<THE-HERMIT-ONE >Карта указывает, что сейчас вы в подавленном настроении, вам не хватает заботы и внимания. Возможны недомогания, в связи с которыми вы вынуждены будете ходить от одного врача к другому. Но это не продлится долго, скоро наступит улучшение. </THE-HERMIT-ONE >
<WHEEL-OF-FORTUNE-ONE >Карта говорит, что сейчас вы в неуравновешенном состоянии, умственные перегрузки приведут к стрессу и сильной усталости. Вас могут преследовать дурные мысли и предчувствия, но и этот период скоро пройдёт. </WHEEL-OF-FORTUNE-ONE >
<JUSTICE-ONE >Карта указывает, что во время обычного похода к врачу у вас может выявиться серьёзное заболевание. Это может стать для вас неприятным сюрпризом. Но беспокоиться не о чем, ваш врач будет достаточно опытным и поможет вам преодолеть недуг. </JUSTICE-ONE >
<THE-HANGED-MAN-ONE >Карта говорит, что вы нервничаете и беспокоитесь о чём-то. Настало время для отдыха души и тела, иначе дело может дойти до недомогания. Избегайте людей, которые заставляют вас чувствовать себя тревожно. </THE-HANGED-MAN-ONE >
<DEATH-ONE >Карта указывает, что что-то в вашей жизни заставляет вас чувствовать себя несчастными. Возможна серьёзная болезнь. Нужно собраться с силами и мыслить оптимистично, только это поможет вам преодолеть все препятствия. Ваши близкие уделят вам внимание и с любовью позаботятся о вас. </DEATH-ONE >
<TEMPERANCE-ONE >Карта указывает, что у вас не будет времени для похода к врачу, что в ближайшем будущем может усугубить проблему. Вам нужно будет уделять внимание своему здоровью, сейчас это важнее всего. Необходимо вовремя посещать врача и принимать назначенные медикаменты. </TEMPERANCE-ONE >
<THE-DEVIL-ONE >Карта показывает, что вы будете чувствовать усталость и апатию из-за измотанности и постоянного беспокойства. Вы наконец поймёте, что слишком много работаете и совсем не отдыхаете, что может привести к стрессу и необходимости проходить лечение. </THE-DEVIL-ONE >
<THE-TOWER-ONE >Карта указывает, что возможен несчастный случай, который может привести к необходимости лечения в больницу. Вокруг царит некий хаос, приводящий вас в стресс, но вы это переживёте. Близкий человек поможет вам в этот тяжёлый период. </THE-TOWER-ONE >
<THE-STAR-ONE >Карта указывает, что вас что-то вдохновит к преображению вашей жизни и укреплению здоровья, близкий человек поможет вам претворить эти планы в жизнь. Этот процесс может быть несколько нудным, возможно, вам придётся пройти несколько обследований, сдать анализы, но в итоге вы будете рады принятому решению. </THE-STAR-ONE >
<THE-MOON-ONE >Карта указывает, что в скором времени возникнут проблемы со здоровьем, которые могут показаться незначительными, но пренебрежительное отношение может их усугубить. Вероятны проблемы с коленями и спиной. </THE-MOON-ONE >
<THE-SUN-ONE >Карта говорит, что сейчас вы чувствуете упадок сил. Вы будете проводить много времени в размышлениях, чтобы отделить зёрна от плевел. Физического недомогания как такового нет. Вы будете много читать о заболевании вашего близкого человека, чтобы помочь ему восстановить здоровье. </THE-SUN-ONE >
<JUDGEMENT-ONE >Карта указывает, что ваше состояние здоровья сейчас переменчиво из-за стресса или неправильного питания. Вас также будет беспокоить здоровье близкого человека, вы постараетесь сделать всё возможное, чтобы его поправить. Много времени займут походы в больницу. </JUDGEMENT-ONE >
<THE-WORLD-ONE >Карта указывает, что, возможно, вы уже страдаете от какого-то недомогания или травмы и вам предстоит процесс выздоровления. Вы увидите, что постепенно наступает улучшение, но есть шанс, что неверное лечение может привести к проблемам. Рекомендуется узнать как можно больше о вашем заболевании, чтобы предпринимать необходимые меры для лечения. </THE-WORLD-ONE >
<THE-FOOL-ONE >Карта говорит, что сейчас вы озабочены своим здоровьем и собираетесь пройти обследование. Возможен поход к стоматологу, так как ваши зубы требуют сейчас особого внимания. Вы узнаете о новых методах лечения от вашего друга и будете рады их опробовать.</THE-FOOL-ONE >
    </ROOT>
