[
  {"name":"quotes",
    "title":"General",
    "id_header":"none",
    "free": true
  },
  {"name":"favorites",
    "title":"Favorites",
    "id_header":"none",
    "free": true
  },
  {"name":"confidence",
    "title":"Improve self-esteem",
    "id_header":"hard_times",
    "free": true
  },
  {"name":"body",
    "title":"Body positivity",
    "id_header":"hard_times",
    "free": true
  },
  {"name":"breakup",
    "title":"Get over a breakup",
    "id_header":"hard_times",
    "free": true
  },
  {"name":"bullying",
    "title":"Dealing with bullying",
    "id_header":"hard_times",
    "free": true
  },
  {"name":"sadness",
    "title":"Overcome sadness",
    "id_header":"hard_times",
    "free": true
  },
  {"name":"courage",
    "title":"Conquer your fears",
    "id_header":"hard_times",
    "free": true
  },
  {"name":"workout",
    "title":"Work out",
    "id_header":"goals",
    "free": true
  },
  {"name":"work",
    "title":"Work hard",
    "id_header":"goals",
    "free": true
  },
  {"name":"sport",
    "title":"Win at sports",
    "id_header":"goals",
    "free": true
  },
  {"name":"business",
    "title":"Grow your business",
    "id_header":"goals",
    "free": true
  },
  {"name":"focus",
    "title":"Focus on your goal",
    "id_header":"goals",
    "free": true
  },
  {"name":"success",
    "title":"Achieve success",
    "id_header":"goals",
    "free": true
  },
  {"name":"love",
    "title":"Love",
    "id_header":"inspired",
    "free": true
  },
  {"name":"life",
    "title":"Life",
    "id_header":"inspired",
    "free": true
  },
  {"name":"happy",
    "title":"Happiness",
    "id_header":"inspired",
    "free": true
  },
  {"name":"wisdom",
    "title":"Wisdom",
    "id_header":"inspired",
    "free": true
  },
  {"name":"appreciate",
    "title":"Appreciation",
    "id_header":"inspired",
    "free": true
  },
  {"name":"mindful",
    "title":"Mindfulness",
    "id_header":"inspired",
    "free": true
  },
  {"name":"friendship",
    "title":"Friendship",
    "id_header":"inspired",
    "free": true
  },
  {"name":"family",
    "title":"Family",
    "id_header":"inspired",
    "free": true
  },
  {"name":"change",
    "title":"Dealing with change",
    "id_header":"felling_down",
    "free": true
  },
  {"name":"keepcalm",
    "title":"Find calm",
    "id_header":"felling_down",
    "free": true
  },
  {"name":"positivity",
    "title":"Staying positive",
    "id_header":"felling_down",
    "free": true
  },
  {"name":"lonely",
    "title":"Reframing loneliness",
    "id_header":"felling_down",
    "free": true
  },
  {"name":"letgo",
    "title":"Letting Go",
    "id_header":"felling_down",
    "free": true
  },
  {"name":"death",
    "title":"Coping with death",
    "id_header":"felling_down",
    "free": true
  },
  {"name":"books",
    "title":"Books",
    "id_header":"popular_culture",
    "free": true
  },
  {"name":"songs",
    "title":"Songs",
    "id_header":"popular_culture",
    "free": true
  },
  {"name":"movies",
    "title":"Movies",
    "id_header":"popular_culture",
    "free": true
  },
  {"name":"sayings",
    "title":"Popular sayings",
    "id_header":"popular_culture",
    "free": true
  },
  {"name":"funny",
    "title":"Funny",
    "id_header":"popular_culture",
    "free": true
  },
  {"name":"women",
    "title":"Women",
    "id_header":"popular_culture",
    "free": true
  },
  {"name":"black",
    "title":"African-American",
    "id_header":"popular_culture",
    "free": true
  },
  {"name":"bible",
    "title":"Bible Verses",
    "id_header":"religion",
    "free": true
  },
  {"name":"buddhism",
    "title":"Buddhism",
    "id_header":"religion",
    "free": true
  },
  {"name":"quran",
    "title":"Quran",
    "id_header":"religion",
    "free": true
  },
  {"name":"jewish",
    "title":"Jewish",
    "id_header":"religion",
    "free": true
  }
]