{
  "categories": [
    {
      "id": "quotes",
      "name": "General",
      "is_free": true
    },
    {
      "id": "favorites",
      "name": "Favorites",
      "is_free": true
    },
    {
      "id": "death",
      "name": "Coping with death",
      "is_free": true
    },
    {
      "id": "confidence",
      "name": "Improve self-esteem",
      "is_free": true
    },
    {
      "id": "parents",
      "name": "Parents",
      "is_free": true
    },
    {
      "id": "hope",
      "name": "Hope",
      "is_free": true
    },
    {
      "id": "zen",
      "name": "Zen",
      "is_free": true
    },
    {
      "id": "appreciate",
      "name": "Appreciation",
      "is_free": true
    },
    {
      "id": "family",
      "name": "Family",
      "is_free": true
    },
    {
      "id": "change",
      "name": "Dealing with change",
      "is_free": true
    },
    {
      "id": "keepcalm",
      "name": "Finding calm",
      "is_free": true
    },
    {
      "id": "positivity",
      "name": "Think positive",
      "is_free": true
    },
    {
      "id": "lonely",
      "name": "Reframing loneliness",
      "is_free": true
    },
    {
      "id": "letgo",
      "name": "Letting go",
      "is_free": true
    },
    {
      "id": "marchpositivity",
      "name": "Positivity",
      "is_free": true
    },
    {
      "id": "valentinessingle",
      "name": "Being single",
      "is_free": true
    },
    {
      "id": "funny",
      "name": "Funny",
      "is_free": true
    },
    {
      "id": "trust",
      "name": "Trust",
      "is_free": true
    },
    {
      "id": "beproductive",
      "name": "Be productive",
      "is_free": true
    },
    {
      "id": "short_quotes",
      "name": "Short quotes",
      "is_free": true
    },
    {
      "id": "devotional",
      "name": "Devotional",
      "is_free": true
    },
    {
      "id": "time",
      "name": "Time",
      "is_free": true
    },
    {
      "id": "hinduism",
      "name": "Hinduism",
      "is_free": true
    },
    {
      "id": "affirmations",
      "name": "Affirmations",
      "is_free": true
    },
    {
      "id": "lgbt",
      "name": "LGBT+",
      "is_free": true
    },
    {
      "id": "humanrights",
      "name": "Human rights",
      "is_free": true
    },
    {
      "id": "bible",
      "name": "Bible Verses",
      "is_free": true
    },
    {
      "id": "imessage",
      "name": "imessage",
      "is_free": true
    },
    {
      "id": "watch",
      "name": "watch",
      "is_free": true
    },
    {
      "id": "christmas",
      "name": "christmas",
      "is_free": true
    },
    {
      "id": "buddhism",
      "name": "Buddhism",
      "is_free": true
    },
    {
      "id": "quran",
      "name": "Quran",
      "is_free": true
    },
    {
      "id": "jewish",
      "name": "Jewish",
      "is_free": true
    },
    {
      "id": "sport",
      "name": "Sport",
      "is_free": true
    },
    {
      "id": "faith",
      "name": "Faith",
      "is_free": true
    },
    {
      "id": "patience",
      "name": "Patience",
      "is_free": true
    },
    {
      "id": "breakup",
      "name": "Break up",
      "is_free": true
    },
    {
      "id": "bullying",
      "name": "Bullying",
      "is_free": true
    },
    {
      "id": "startchange",
      "name": "Start change",
      "is_free": true
    },
    {
      "id": "marriage",
      "name": "Marriage",
      "is_free": true
    },
    {
      "id": "team",
      "name": "Team play",
      "is_free": true
    },
    {
      "id": "moments_monday",
      "name": "Monday",
      "is_free": true
    },
    {
      "id": "kindness",
      "name": "Kindness",
      "is_free": true
    },
    {
      "id": "mindful",
      "name": "Mindfulness",
      "is_free": true
    },
    {
      "id": "workout",
      "name": "Work out",
      "is_free": true
    },
    {
      "id": "work",
      "name": "Work",
      "is_free": true
    },
    {
      "id": "courage",
      "name": "Build courage",
      "is_free": true
    },
    {
      "id": "birthday",
      "name": "Birthday",
      "is_free": true
    },
    {
      "id": "moments_night",
      "name": "Night",
      "is_free": true
    },
    {
      "id": "moments_friday",
      "name": "Friday",
      "is_free": true
    },
    {
      "id": "moments_morning",
      "name": "Morning",
      "is_free": true
    },
    {
      "id": "entrepreneur",
      "name": "Entrepreneur",
      "is_free": true
    },
    {
      "id": "ego",
      "name": "Ego",
      "is_free": true
    },
    {
      "id": "humility",
      "name": "Humility",
      "is_free": true
    },
    {
      "id": "study",
      "name": "Study",
      "is_free": true
    },
    {
      "id": "depression",
      "name": "Overcome depression",
      "is_free": true
    },
    {
      "id": "anxiety",
      "name": "Managing anxiety",
      "is_free": true
    },
    {
      "id": "sayings",
      "name": "Sayings",
      "is_free": true
    },
    {
      "id": "selfdevelopment",
      "name": "Self-development",
      "is_free": true
    },
    {
      "id": "peace",
      "name": "Inner peace",
      "is_free": true
    },
    {
      "id": "children",
      "name": "Children",
      "is_free": true
    },
    {
      "id": "run",
      "name": "Running",
      "is_free": true
    },
    {
      "id": "envy",
      "name": "Deal with envy",
      "is_free": true
    },
    {
      "id": "moveon",
      "name": "Moving on",
      "is_free": true
    },
    {
      "id": "anger",
      "name": "Manage anger",
      "is_free": true
    },
    {
      "id": "lost",
      "name": "Feeling lost",
      "is_free": true
    },
    {
      "id": "goals",
      "name": "Set your goals",
      "is_free": true
    },
    {
      "id": "education",
      "name": "Education",
      "is_free": true
    },
    {
      "id": "dream",
      "name": "Dream big",
      "is_free": true
    },
    {
      "id": "hardwork",
      "name": "Work harder",
      "is_free": true
    },
    {
      "id": "bodybuilding",
      "name": "Bodybuilding",
      "is_free": true
    },
    {
      "id": "forgive",
      "name": "Forgiveness",
      "is_free": true
    },
    {
      "id": "beyourself",
      "name": "Be yourself",
      "is_free": true
    },
    {
      "id": "art",
      "name": "Art",
      "is_free": true
    },
    {
      "id": "bestrong",
      "name": "Be strong",
      "is_free": true
    },
    {
      "id": "excuses",
      "name": "No excuses",
      "is_free": true
    },
    {
      "id": "failure",
      "name": "Handle failure",
      "is_free": true
    },
    {
      "id": "stoicism",
      "name": "Stoicism",
      "is_free": true
    },
    {
      "id": "freedom",
      "name": "Freedom",
      "is_free": true
    },
    {
      "id": "body",
      "name": "Love your body",
      "is_free": true
    },
    {
      "id": "success",
      "name": "Achieve success",
      "is_free": true
    },
    {
      "id": "love",
      "name": "Love",
      "is_free": true
    },
    {
      "id": "sadness",
      "name": "Overcome sadness",
      "is_free": true
    },
    {
      "id": "health",
      "name": "Health",
      "is_free": true
    },
    {
      "id": "beforegame",
      "name": "Before a game",
      "is_free": true
    },
    {
      "id": "friendship",
      "name": "Friendship",
      "is_free": true
    },
    {
      "id": "woman",
      "name": "Women",
      "is_free": true
    },
    {
      "id": "black",
      "name": "African-American",
      "is_free": true
    },
    {
      "id": "discipline",
      "name": "Self-discipline",
      "is_free": true
    },
    {
      "id": "business",
      "name": "Grow your business",
      "is_free": true
    },
    {
      "id": "focus",
      "name": "Focus on your goal",
      "is_free": true
    },
    {
      "id": "gratitude",
      "name": "Practice gratitude",
      "is_free": true
    },
    {
      "id": "perseverance",
      "name": "Don't give up",
      "is_free": true
    },
    {
      "id": "fear",
      "name": "Face your fears",
      "is_free": true
    },
    {
      "id": "socialanxiety",
      "name": "Social anxiety",
      "is_free": true
    },
    {
      "id": "travel",
      "name": "Travel",
      "is_free": true
    },
    {
      "id": "sibling",
      "name": "Sibling",
      "is_free": true
    },
    {
      "id": "life",
      "name": "Life",
      "is_free": true
    },
    {
      "id": "happy",
      "name": "Happiness",
      "is_free": true
    },
    {
      "id": "wisdom",
      "name": "Wisdom",
      "is_free": true
    },
    {
      "id": "marchhope",
      "name": "Hope",
      "is_free": true
    },
    {
      "id": "pain",
      "name": "Pain",
      "is_free": true
    },
    {
      "id": "pride",
      "name": "Pride",
      "is_free": true
    },
    {
      "id": "unconditional_love",
      "name": "Unconditional love",
      "is_free": true
    },
    {
      "id": "loyalty",
      "name": "Loyalty",
      "is_free": true
    },
    {
      "id": "mental_health",
      "name": "Mental Health",
      "is_free": true
    },
    {
      "id": "creativity",
      "name": "Creativity",
      "is_free": true
    },
    {
      "id": "stress",
      "name": "Stress",
      "is_free": true
    },
    {
      "id": "taoism",
      "name": "Taoism",
      "is_free": true
    },
    {
      "id": "substance_abuse_disorder",
      "name": "Addiction Disorder",
      "is_free": true
    },
    {
      "id": "haters",
      "name": "Haters",
      "is_free": true
    },
    {
      "id": "marchcourage",
      "name": "Courage",
      "is_free": true
    },
    {
      "id": "heartbroken",
      "name": "Heartbroken",
      "is_free": true
    },
    {
      "id": "spiritual",
      "name": "Spiritual",
      "is_free": true
    },
    {
      "id": "simplicity",
      "name": "Simplicity",
      "is_free": true
    },
    {
      "id": "mood_disorder_bipolar",
      "name": "Mood Disorder",
      "is_free": true
    },
    {
      "id": "post_traumatic_stress_disorder",
      "name": "Post Traumatic Stress Disorder",
      "is_free": true
    },
    {
      "id": "autism",
      "name": "Autism",
      "is_free": true
    },
    {
      "id": "love1",
      "name": "Love",
      "is_free": true
    },
    {
      "id": "loveyourself",
      "name": "Love yourself",
      "is_free": true
    },
    {
      "id": "marchcommunity",
      "name": "Community",
      "is_free": true
    },
    {
      "id": "leadership",
      "name": "Leadership",
      "is_free": true
    },
    {
      "id": "passion",
      "name": "Passion",
      "is_free": true
    },
    {
      "id": "marchlonely",
      "name": "Loneliness",
      "is_free": true
    },
    {
      "id": "marchanxiety",
      "name": "Stress and anxiety",
      "is_free": true
    },
    {
      "id": "marchhealth",
      "name": "Health",
      "is_free": true
    },
    {
      "id": "eating_disorder",
      "name": "Eating Disorder",
      "is_free": true
    },
    {
      "id": "covid19",
      "name": "COVID-19",
      "is_free": true
    },
    {
      "id": "psychotic_disorder",
      "name": "Psychotic Disorder",
      "is_free": true
    }
  ],
  "sections": [
    {
      "name": "Categories",
      "category_ids": [
        "quotes",
        "favorites"
      ]
    },
    {
      "name": "Mental health during COVID-19",
      "category_ids": [
        "covid19",
        "marchhealth",
        "marchanxiety",
        "marchlonely",
        "marchcourage",
        "marchhope",
        "marchpositivity",
        "marchcommunity"
      ]
    },
    {
      "name": "Building self confidence",
      "category_ids": [
        "confidence",
        "body",
        "positivity",
        "gratitude"
      ]
    },
    {
      "name": "Getting inspired",
      "category_ids": [
        "life",
        "happy",
        "wisdom",
        "love"
      ]
    },
    {
      "name": "Work and productivity",
      "category_ids": [
        "work",
        "study",
        "beproductive",
        "focus"
      ]
    },
    {
      "name": "Improving your relationships",
      "category_ids": [
        "ego",
        "humility",
        "valentinessingle",
        "loyalty",
        "pride",
        "kindness"
      ]
    },
    {
      "name": "Loving yourself better",
      "category_ids": [
        "loveyourself",
        "beyourself",
        "bestrong",
        "courage"
      ]
    },
    {
      "name": "Improving fitness",
      "category_ids": [
        "workout",
        "sport",
        "run",
        "bodybuilding",
        "health",
        "beforegame",
        "team"
      ]
    },
    {
      "name": "Going through hard times",
      "category_ids": [
        "lost",
        "lonely",
        "moveon",
        "letgo",
        "death",
        "pain"
      ]
    },
    {
      "name": "Relationships",
      "category_ids": [
        "family",
        "children",
        "sibling",
        "parents",
        "marriage",
        "friendship"
      ]
    },
    {
      "name": "Calm down and relax",
      "category_ids": [
        "anxiety",
        "keepcalm",
        "change",
        "socialanxiety",
        "stress",
        "patience"
      ]
    },
    {
      "name": "Religion",
      "category_ids": [
        "bible",
        "devotional",
        "buddhism",
        "quran",
        "jewish",
        "hinduism"
      ]
    },
    {
      "name": "Managing emotions",
      "category_ids": [
        "fear",
        "sadness",
        "anger",
        "envy"
      ]
    },
    {
      "name": "Achieving your goals",
      "category_ids": [
        "perseverance",
        "goals",
        "dream",
        "hardwork",
        "failure"
      ]
    },
    {
      "name": "Moments",
      "category_ids": [
        "moments_friday",
        "moments_morning",
        "moments_night",
        "moments_monday"
      ]
    },
    {
      "name": "Reframing your thoughts",
      "category_ids": [
        "faith",
        "forgive",
        "hope",
        "trust",
        "spiritual"
      ]
    },
    {
      "name": "Philosophy",
      "category_ids": [
        "zen",
        "stoicism",
        "simplicity",
        "taoism"
      ]
    },
    {
      "name": "Personal growth",
      "category_ids": [
        "selfdevelopment",
        "excuses",
        "startchange",
        "discipline"
      ]
    },
    {
      "name": "Finding peace",
      "category_ids": [
        "appreciate",
        "peace",
        "affirmations",
        "mindful"
      ]
    },
    {
      "name": "Inspiration",
      "category_ids": [
        "birthday",
        "funny",
        "short_quotes",
        "sayings"
      ]
    },
    {
      "name": "Culture",
      "category_ids": [
        "education",
        "art",
        "creativity",
        "marchcommunity"
      ]
    },
    {
      "name": "Fighting for your rights",
      "category_ids": [
        "lgbt",
        "humanrights",
        "woman",
        "black"
      ]
    },
    {
      "name": "Mental health",
      "category_ids": [
        "depression",
        "substance_abuse_disorder",
        "psychotic_disorder",
        "post_traumatic_stress_disorder",
        "eating_disorder",
        "mood_disorder_bipolar"
      ]
    },
    {
      "name": "Business",
      "category_ids": [
        "success",
        "leadership",
        "business",
        "entrepreneur"
      ]
    },
    {
      "name": "Love",
      "category_ids": [
        "love1",
        "unconditional_love",
        "marriage"
      ]
    },
    {
      "name": "Other",
      "category_ids": [
        "passion",
        "travel",
        "freedom",
        "time"
      ]
    },
    {
      "name": "Getting over relationships",
      "category_ids": [
        "bullying",
        "breakup",
        "heartbroken",
        "haters"
      ]
    }
  ]
}