{
  "categories": [
    {
      "id": "quotes_es",
      "name": "Frases",
      "is_free": true
    },
    {
      "id": "favorites_es",
      "name": "Favoritos",
      "is_free": true
    },
    {
      "id": "wisdom_es",
      "name": "Sabiduria",
      "is_free": true
    },
    {
      "id": "happy_es",
      "name": "Felicidad",
      "is_free": true
    },
    {
      "id": "life_es",
      "name": "Vida",
      "is_free": true
    },
    {
      "id": "love_es",
      "name": "Amor",
      "is_free": true
    },
    {
      "id": "positivity_es",
      "name": "Positivismo",
      "is_free": true
    },
    {
      "id": "confidence_es",
      "name": "Autoestima",
      "is_free": true
    },
    {
      "id": "sport_es",
      "name": "Deportes",
      "is_free": true
    },
    {
      "id": "effort_es",
      "name": "Esfuerzo",
      "is_free": true
    },
    {
      "id": "work_es",
      "name": "En el trabajo",
      "is_free": true
    },
    {
      "id": "appreciate_es",
      "name": "Agredecimiento",
      "is_free": true
    },
    {
      "id": "friendship_es",
      "name": "Amistad",
      "is_free": true
    },
    {
      "id": "family_es",
      "name": "Familia",
      "is_free": true
    }
  ],
  "sections": [
  ]
}