[
  {
    "font":"HankenGrotesk-Light",
    "color":"000000",
    "background":"FFFFFF",
    "name":"Default"
  },
  {
    "font":"Didot",
    "color":"F9FBFF",
    "shadowColor":"646464",
    "background":"FFFFFF",
    "backgroundImageName":"calmafternoon",
    "name":"calmafternoon"
  },
  {
    "font":"Kiona-Regular",
    "color":"F9FBFF",
    "shadowColor":"343333",
    "background":"FFFFFF",
    "backgroundImageName":"shadewall",
    "name":"shadewall"
  },
  {
    "font":"Luna",
    "color":"E6D9CA",
    "shadowColor":"E6D8BA",
    "background":"FFFFFF",
    "backgroundImageName":"modernroom",
    "name":"modernroom"
  },
  {
    "font":"Kiona-Regular",
    "color":"166165",
    "shadowColor":"DDDDDD",
    "background":"FFFFFF",
    "backgroundImageName":"bluesky",
    "name":"bluesky"
  },
  {
    "font":"Luna",
    "color":"EDEBEB",
    "shadowColor":"2F2F2F",
    "background":"FFFFFF",
    "backgroundImageName":"couplecooking",
    "name":"couplecooking"
  },
  {
    "font":"Neothic",
    "color":"FDDCC5",
    "shadowColor":"252525",
    "background":"FFFFFF",
    "backgroundImageName":"sunsetwindow",
    "name":"sunsetwindow"
  },
  {
    "font":"Bahiana-Regular",
    "color":"FFFFFF",
    "shadowColor":"084849",
    "background":"FFFFFF",
    "backgroundImageName":"underwater",
    "name":"underwater"
  },
  {
    "font":"Didot",
    "color":"F2EFEF",
    "shadowColor":"1C4751",
    "background":"FFFFFF",
    "backgroundImageName":"darkmarble",
    "name":"darkmarble"
  },
  {
    "font":"Shrikhand-Regular",
    "color":"FCFCFC",
    "shadowColor":"2C2C2C",
    "background":"FFFFFF",
    "backgroundImageName":"palmshadow",
    "name":"palmshadow"
  },
  {
    "font":"Bahiana-Regular",
    "color":"794508",
    "shadowColor":"FFFFFF",
    "background":"FFFFFF",
    "backgroundImageName":"easter",
    "name":"Easter"
  },
  {
    "font":"PirataOne-Regular",
    "color":"EDEDED",
    "shadowColor":"97634D",
    "background":"FFFFFF",
    "backgroundImageName":"palosanto",
    "name":"palosanto"
  },
  {
    "font":"Luna",
    "color":"FAF9F9",
    "shadowColor":"2F2F2F",
    "background":"FFFFFF",
    "backgroundImageName":"sunnyroom",
    "name":"sunnyroom"
  },
  {
    "font":"Cupcakie",
    "color":"264103",
    "shadowColor":"76946F",
    "background":"FFFFFF",
    "backgroundImageName":"mint",
    "name":"mint"
  },
  {
    "font":"Sail-Regular",
    "color":"FFFFFF",
    "shadowColor":"33362B",
    "background":"FFFFFF",
    "backgroundImageName":"pineapple",
    "name":"pineapple"
  },
  {
    "font":"LemonMilk",
    "color":"F2EFEF",
    "shadowColor":"1F1E1E",
    "background":"FFFFFF",
    "backgroundImageName":"fish",
    "name":"fish"
  },
  {
    "font":"Didot",
    "color":"F4F4F4",
    "shadowColor":"323232",
    "background":"FFFFFF",
    "backgroundImageName":"playingpiano",
    "name":"playingpiano"
  },
  {
    "font":"LemonMilk",
    "color":"E4DFDF",
    "shadowColor":"474747",
    "background":"FFFFFF",
    "backgroundImageName":"washinghands",
    "name":"washinghands"
  },
  {
    "font":"TrashHand",
    "color":"F2EFEF",
    "shadowColor":"353535",
    "background":"FFFFFF",
    "backgroundImageName":"painting",
    "name":"painting"
  },
  {
    "font":"Luna",
    "color":"FDEAD4",
    "shadowColor":"202020",
    "background":"FFFFFF",
    "backgroundImageName":"lightson",
    "name":"lightson"
  },
  {
    "font":"ImpactLabelReversed",
    "color":"F2EFEF",
    "shadowColor":"616161",
    "background":"FFFFFF",
    "backgroundImageName":"cozyhome",
    "name":"cozyhome"
  },
  {
    "font":"Kiona-Regular",
    "color":"FFFFFF",
    "shadowColor":"FF0000",
    "background":"FFFFFF",
    "backgroundImageName":"couplenyc",
    "name":"couplenyc"
  },
  {
    "font":"BebasNeue-Bold",
    "color":"F3F3F3",
    "shadowColor":"000000",
    "background":"FFFFFF",
    "backgroundImageName":"esburralla",
    "name":"esburralla"
  },
  {
    "font":"Didot",
    "color":"EDEBEB",
    "shadowColor":"000000",
    "background":"FFFFFF",
    "backgroundImageName":"cozyfire",
    "name":"cozyfire"
  },
  {
    "font":"Belmist",
    "color":"FFFFFF",
    "shadowColor":"535353",
    "background":"FFFFFF",
    "backgroundImageName":"springplants",
    "name":"springplants"
  },
  {
    "font":"Belmist",
    "color":"DDDDDD",
    "shadowColor":"3F3F3F",
    "background":"FFFFFF",
    "backgroundImageName":"generations",
    "name":"generations"
  },
  {
    "font":"Didot",
    "color":"F3F3F3",
    "shadowColor":"0B0B0B",
    "background":"FFFFFF",
    "backgroundImageName":"starexplosion",
    "name":"starexplosion"
  },
  {
    "font":"PirataOne-Regular",
    "color":"775C61",
    "shadowColor":"FFFFFF",
    "background":"FFFFFF",
    "backgroundImageName":"springflowers",
    "name":"springflowers"
  },
  {
    "font":"ImpactLabelReversed",
    "color":"EDD3DD",
    "shadowColor":"B67286",
    "background":"FFFFFF",
    "backgroundImageName":"womansea",
    "name":"womansea"
  },
  {
    "font":"Didot",
    "color":"FFFFFF",
    "shadowColor":"323232",
    "background":"FFFFFF",
    "backgroundImageName":"handlight",
    "name":"handlight"
  },
  {
    "font":"AbrilFatface-Regular",
    "leftAligned":1,
    "color":"ECEBEB",
    "shadowColor":"4A4A4A",
    "background":"FFFFFF",
    "backgroundImageName":"vintageflowers",
    "name":"vintageflowers"
  },
  {
    "font":"ImpactLabelReversed",
    "color":"FFFFFF",
    "shadowColor":"1F413A",
    "background":"FFFFFF",
    "backgroundImageName":"wetleaf",
    "name":"wetleaf"
  },
  {
    "font":"Didot",
    "color":"EEEEEE",
    "shadowColor":"3C3B3B",
    "background":"FFFFFF",
    "backgroundImageName":"palmsummer",
    "name":"palmsummer"
  },
  {
    "font":"Lobster-Regular",
    "color":"FFFFFF",
    "shadowColor":"000000",
    "background":"FFFFFF",
    "backgroundImageName":"strawberries",
    "name":"strawberries"
  },
  {
    "font":"KohneMakinaRegular",
    "color":"FFFFFF",
    "shadowColor":"2D2D2D",
    "background":"FFFFFF",
    "backgroundImageName":"crazypeople",
    "name":"crazypeople"
  },
  {
    "font":"Didot",
    "color":"FFFFFF",
    "shadowColor":"2F2F2F",
    "background":"FFFFFF",
    "backgroundImageName":"ballet",
    "name":"ballet"
  },
  {
    "font":"Shrikhand-Regular",
    "color":"A2001B",
    "shadowColor":"FBFAEC",
    "background":"FFFFFF",
    "backgroundImageName":"womanrose",
    "name":"Woman rose"
  },
  {
    "font":"Didot",
    "color":"E7E7E7",
    "shadowColor":"3B3B3B",
    "background":"FFFFFF",
    "backgroundImageName":"boswoman",
    "name":"boswoman"
  },
  {
    "font":"PirataOne-Regular",
    "color":"FFFFFF",
    "shadowColor":"301212",
    "background":"FFFFFF",
    "backgroundImageName":"womanworkingout",
    "name":"womanworkingout"
  },
  {
    "font":"BebasNeue-Bold",
    "color":"232323",
    "shadowColor":"E5E5E5",
    "background":"FFFFFF",
    "backgroundImageName":"momson",
    "name":"momson"
  },
  {
    "font":"amatic-bold",
    "color":"900043",
    "shadowColor":"FFF2E2",
    "background":"FFFFFF",
    "backgroundImageName":"womanwatercolor",
    "name":"Woman watercolor"
  },
  {
    "font":"theboldfont",
    "color":"DDDDDD",
    "shadowColor":"000000",
    "background":"FFFFFF",
    "backgroundImageName":"blackpower",
    "name":"blackpower"
  },
  {
    "font":"KohneMakinaRegular",
    "color":"FAFAFA",
    "shadowColor":"FF0044",
    "background":"FFFFFF",
    "backgroundImageName":"upsidedown",
    "name":"upsidedown"
  },
  {
    "font":"Cupcakie",
    "color":"FFFFFF",
    "shadowColor":"000000",
    "background":"FFFFFF",
    "backgroundImageName":"blackwhitestars",
    "name":"blackwhitestars"
  },
  {
    "font":"Bahiana-Regular",
    "color":"394534",
    "shadowColor":"B2BCA6",
    "background":"FFFFFF",
    "backgroundImageName":"plantretro",
    "name":"plantretro"
  },
  {
    "font":"BebasNeue-Bold",
    "color":"FFFFFF",
    "shadowColor":"311926",
    "background":"FFFFFF",
    "backgroundImageName":"blacksinger",
    "name":"blacksinger"
  },
  {
    "font":"Kiona-Regular",
    "color":"BFD4F9",
    "shadowColor":"000000",
    "background":"FFFFFF",
    "backgroundImageName":"shootingstar",
    "name":"shootingstar"
  },
  {
    "font":"report",
    "color":"FFFFFF",
    "shadowColor":"000000",
    "background":"FFFFFF",
    "backgroundImageName":"blackmeditation",
    "name":"blackmeditation"
  },
  {
    "font":"TrashHand",
    "color":"FFFFFF",
    "shadowColor":"000000",
    "background":"FFFFFF",
    "backgroundImageName":"dirtywindow",
    "name":"dirtywindow"
  },
  {
    "font":"KohneMakinaRegular",
    "color":"ECECEC",
    "shadowColor":"000000",
    "background":"FFFFFF",
    "backgroundImageName":"constellation",
    "name":"constellation"
  },
  {
    "font":"ImpactLabelReversed",
    "color":"ffffff",
    "background":"b0abd9",
    "backgroundImageName":"sunsetsea",
    "name":"SunsetSea"
  },
  {
    "font":"GillSans-Light",
    "color":"faecff",
    "capital":1,
    "background":"36364c",
    "shadowColor":"36364c",
    "backgroundImageName":"astrology",
    "name":"astrology"
  },
  {
    "font":"Neothic",
    "color":"FAFAFA",
    "shadowColor":"000000",
    "background":"FFFFFF",
    "backgroundImageName":"blackmarble",
    "name":"blackmarble"
  },
  {
    "font":"Anton-Regular",
    "color":"D9D8C6",
    "shadowColor":"000000",
    "background":"FFFFFF",
    "backgroundImageName":"curves",
    "name":"curves"
  },
  {
    "font":"PatrickHandSC-Regular",
    "color":"9A3402",
    "shadowColor":"FEFEFD",
    "background":"FFFFFF",
    "backgroundImageName":"selfknowledge",
    "name":"Self-knowledge"
  },
  {
    "font":"Kiona-Regular",
    "color":"EFF6F8",
    "shadowColor":"E297C7",
    "background":"FFFFFF",
    "backgroundImageName":"fluidpastel",
    "name":"fluidpastel"
  },
  {
    "font":"Cupcakie",
    "color":"012725",
    "shadowColor":"FFFFFF",
    "background":"FFFFFF",
    "backgroundImageName":"hawaianframe",
    "name":"hawaianframe"
  },
  {
    "font":"BodoniSvtyTwoITCTT-BookIta",
    "color":"FFFFFF",
    "background":"36364c",
    "shadowColor":"9F154F",
    "backgroundImageName":"miampalmtrees",
    "name":"Miami Palmtrees"
  },
  {
    "font":"Anton-Regular",
    "color":"FFFFFF",
    "shadowColor":"000000",
    "background":"FFFFFF",
    "backgroundImageName":"newyears",
    "name":"newyears"
  },
  {
    "font":"BebasNeue-Bold",
    "color":"EEEEF1",
    "shadowColor":"1C1C1C",
    "background":"FFFFFF",
    "backgroundImageName":"runningbridge",
    "name":"Running Bridge"
  },
  {
    "font":"ShadowsIntoLight",
    "color":"212524",
    "background":"E9C6CB",
    "name":"GirlyPen"
  },
  {
    "font":"SnellRoundhand-Black",
    "color":"ffffff",
    "shadowColor":"F2F2F2",
    "background":"FFFFFF",
    "backgroundImageName":"pinksheets",
    "name":"pinksheets"
  },
  {
    "font":"DomaineDisplay-ExtraboldItalic",
    "color":"FFFFFF",
    "background":"FFFFFF",
    "backgroundImageName":"lovingarms",
    "name":"LovingArms"
  },
  {
    "font":"MarbreSans",
    "color":"FFFFFF",
    "shadowColor":"000000",
    "background":"FFFFFF",
    "backgroundImageName":"elegantflowers",
    "name":"elegantflowers"
  },
  {
    "font":"Anton-Regular",
    "color":"EDEDED",
    "background":"3C2011",
    "shadowColor":"3C2011",
    "capital":1,
    "backgroundImageName":"lion",
    "name":"Lion"
  },
  {
    "font":"ImpactLabelReversed",
    "shadowColor":"FF0000",
    "color":"FFD3D3",
    "background":"FFFFFF",
    "backgroundImageName":"neonbrick",
    "name":"Neon brick wall"
  },
  {
    "font":"Cupcakie",
    "color":"FFFFFF",
    "shadowColor":"4FBB6C",
    "background":"FFFFFF",
    "backgroundImageName":"auroraboreal",
    "name":"auroraboreal"
  },
  {
    "font":"DomaineDisplay-ExtraboldItalic",
    "color":"ffffff",
    "shadowColor":"C09495",
    "background":"FFFFFF",
    "backgroundImageName":"pinksmoke",
    "name":"pinksmoke"
  },
  {
    "font":"ImpactLabelReversed",
    "color":"FFFFFF",
    "background":"FFFFFF",
    "backgroundImageName":"meditationbali",
    "name":"meditationbali"
  },
  {
    "font":"PirataOne-Regular",
    "color":"525723",
    "shadowColor":"B9BC9C",
    "background":"FFFFFF",
    "backgroundImageName":"flowers",
    "name":"Flowers"
  },
  {
    "font":"Kiona-Regular",
    "color":"1c5779",
    "background":"e8edf4",
    "shadowColor":"2789b0",
    "backgroundImageName":"bluemarble",
    "name":"BlueMarble"
  },
  {
    "font":"BebasNeue-Bold",
    "color":"FFFFFF",
    "shadowColor":"9B7449",
    "background":"FFFFFF",
    "backgroundImageName":"winterlake",
    "name":"Winter lake"
  },
  {
    "font":"BebasNeue-Bold",
    "capital":1,
    "color":"FDFFF6",
    "background":"2C2C2C",
    "name":"BebasBlack"
  },
  {
    "font":"HankenGrotesk-Bold",
    "color":"E3E4FF",
    "background":"FFFFFF",
    "backgroundImageName":"purpledient",
    "name":"purpledient"
  },
  {
    "font":"Luna",
    "color":"001c13",
    "shadowColor":"FFFFFF",
    "background":"deebd5",
    "backgroundImageName":"watercolor_rainbow",
    "name":"RainbowSplash"
  },
  {
    "font":"Anton-Regular",
    "color":"943848",
    "background":"FFFFFF",
    "backgroundImageName":"pinkflowers",
    "name":"Pink Flowers"
  },
  {
    "font":"Kiona-Regular",
    "color":"FFFFFF",
    "shadowColor":"785383",
    "background":"FFFFFF",
    "backgroundImageName":"pinkflume",
    "name":"pinkflume"
  },
  {
    "font":"ImpactLabelReversed",
    "color":"EAF1EC",
    "shadowColor":"FFFFFF",
    "background":"FFFFFF",
    "backgroundImageName":"moody",
    "name":"moody"
  },
  {
    "font":"Helvetica-Bold",
    "color":"FFFFFF",
    "background":"1c1c18",
    "leftAligned":1,
    "backgroundImageName":"bookinspiration",
    "name":"BookInspiration"
  },
  {
    "font":"Sail-Regular",
    "color":"F4F4F4",
    "background":"FFFFFF",
    "backgroundImageName":"darkroses",
    "name":"Dark roses"
  },
  {
    "font":"AmericanTypewriter-Light",
    "color":"3B3638",
    "background":"F8F8F8",
    "name":"Veteran Typewriter"
  },
  {
    "font":"PatrickHandSC-Regular",
    "color":"FFFFFF",
    "background":"FFFFFF",
    "backgroundImageName":"beachwaves",
    "name":"beachwaves"
  },
  {
    "font":"HelveticaNeue-CondensedBlack",
    "color":"FFFFFF",
    "shadowColor":"000000",
    "background":"FFFFFF",
    "backgroundImageName":"boxing",
    "name":"boxing"
  },
  {
    "font":"Cupcakie",
    "color":"FFFFFF",
    "background":"36364c",
    "shadowColor":"000000",
    "background":"FFFFFF",
    "backgroundImageName":"nightsky",
    "name":"Night Sky"
  },
  {
    "font":"BebasNeue-Bold",
    "color":"FFFFFF",
    "background":"c92d91",
    "backgroundImageName":"abstractcube",
    "name":"abstractcube"
  },
  {
    "font":"AmericanTypewriter-Light",
    "color":"000000",
    "background":"FFFFFF",
    "name":"Typewriter"
  },
  {
    "font":"Raul-5",
    "color":"D0A145",
    "shadowColor":"FFFFFF",
    "background":"FFFFFF",
    "name":"Gold"
  },
  {
    "font":"SummerHearts-Regular",
    "color":"000000",
    "background":"FFFFFF",
    "name":"AngryBrush"
  },
  {
    "font":"HankenGrotesk-Light",
    "color":"FFFFFF",
    "shadowColor":"202020",
    "background":"303030",
    "name":"HankenDarkGrey"
  },
  {
    "font":"amatic-bold",
    "color":"D97785",
    "background":"F7F7F7",
    "name":"Lipstick"
  },
  {
    "font":"Lobster-Regular",
    "color":"FFFFFF",
    "background":"7F939D",
    "shadowColor":"7F939D",
    "backgroundImageName":"waterfall",
    "name":"waterfall",
    "leftAligned":1
  },
  {
    "font":"Pacifico-Regular",
    "color":"DC6D7A",
    "background":"000000",
    "name":"BikerGirl"
  },
  {
    "font":"ImpactLabel",
    "color":"1b1b1b",
    "shadowColor":"FFFFFF",
    "background":"f7a6b9",
    "leftAligned":1,
    "name":"SimpleLabel"
  },
  {
    "font":"HankenGrotesk-Light",
    "color":"000000",
    "background":"FFFFFF",
    "name":"HankenWhite"
  },
  {
    "font":"BebasNeue-Bold",
    "color":"FFFFFF",
    "background":"202020",
    "name":"MotivationBellaboo"
  },
  {
    "font":"AmericanTypewriter-Light",
    "color":"FFFFFF",
    "background":"000000",
    "name":"Classic"
  },
  {
    "font":"TrashHand",
    "color":"FFFFFF",
    "background":"683f45",
    "shadowColor":"262122",
    "backgroundImageName":"losangeles",
    "name":"LosAngeles"
  },
  {
    "font":"Kiona-Regular",
    "color":"FFFFFF",
    "background":"BEACA1",
    "name":"Ca-Naked"
  }
]