{
  "project_info": {
    "project_number": "291185507229",
    "firebase_url": "https://unitedvideos-5c26d.firebaseio.com",
    "project_id": "unitedvideos-5c26d",
    "storage_bucket": "unitedvideos-5c26d.appspot.com"
  },
  "client": [
    {
      "client_info": {
        "mobilesdk_app_id": "1:291185507229:android:8606ca656ff6bcc22f0d74",
        "android_client_info": {
          "package_name": "com.unitedvideos"
        }
      },
      "oauth_client": [
        {
          "client_id": "291185507229-dg7dp7r0fd2krrpposlm3pnmi8u561bv.apps.googleusercontent.com",
          "client_type": 3
        }
      ],
      "api_key": [
        {
          "current_key": "AIzaSyCBjwEMZsid3ru4IM8WXe61JJoqcipnCfY"
        }
      ],
      "services": {
        "appinvite_service": {
          "other_platform_oauth_client": [
            {
              "client_id": "291185507229-dg7dp7r0fd2krrpposlm3pnmi8u561bv.apps.googleusercontent.com",
              "client_type": 3
            }
          ]
        }
      }
    }
  ],
  "configuration_version": "1"
}