{
  "orientation": "vertical",
  "layout_type": "LinearLayout",
  "background_color": "#ffffff",
  "layouts": [
    {
      "id": 0,
      "weight_x": 100,
      "weight_y": 100
    },
    {
      "id": 1,
      "weight_x": 100,
      "weight_y": 100,
      "is_overlay": true
    }
  ],
  "texts": [
    {
      "id": 0,
      "layout_id": -1,
      "layout_x": 50,
      "layout_y": 55,
      "position": {
        "center": null,
        "right": null,
        "top": null,
        "left": null,
        "bottom": null
      },
      "rotate": 0,
      "scale": 1,
      "layout_padding": true,
      "padding_left": 50,
      "padding_right": 50,
      "margin_top": 0,
      "margin_bottom": 0,
      "text": "My life is my message",
      "color": "#ffffff",
      "font_category": "Retro",
      "font_name": "Retro 9",
      "size": 0.150,
      "gradient": null,
      "tile_mode": null,
      "gradient_type": null,
      "linear_direction": null,
      "opacity": 255,
      "letter_spacing": 0,
      "line_spacing": 10,
      "align": "center",
      "underLine": false,
      "strikethrough": false
    },
    {
      "id": 1,
      "layout_id": -1,
      "layout_x": 50,
      "layout_y": 90,
      "position": {
        "center": null,
        "right": null,
        "top": null,
        "left": null,
        "bottom": null
      },
      "rotate": 0,
      "scale": 1,
      "layout_padding": true,
      "padding_left": 0,
      "padding_right": 0,
      "margin_top": 5,
      "margin_bottom": 0,
      "text": "Do stuff. Be clenched, curious. Not waiting for inspiration’s shove or society’s kiss on your forehead. Pay attention. It’s all about paying attention. Attention is vitality. It connects you with others. It makes you eager. Stay eager",
      "color": "#000000",
      "font_category": "Retro",
      "font_name": "Retro 8",
      "size": 0.030,
      "gradient": null,
      "tile_mode": null,
      "gradient_type": null,
      "linear_direction": null,
      "opacity": 255,
      "letter_spacing": 0,
      "line_spacing": 10,
      "align": "center",
      "underLine": false,
      "strikethrough": false
    }
  ]
}