{
  "orientation": "vertical",
  "layout_type": "ConstraintLayout",
  "background_color": "#ffe0b2",
  "have_card": true,
  "layouts": [
    {
      "id": 0,
      "weight_x": 100,
      "weight_y": 100
    },
    {
      "id": 1,
      "weight_x": 100,
      "weight_y": 100,
      "rotation": 0,
      "rounded_rect": true,
      "topLeftRadius": 65,
      "topRightRadius": 5,
      "bottomLeftRadius": 5,
      "bottomRightRadius": 5
    },
    {
      "id": 2,
      "weight_x": 100,
      "weight_y": 100
    },
    {
      "id": 3,
      "weight_x": 100,
      "weight_y": 100,
      "rotation": 20,
      "rounded_rect": true,
      "topLeftRadius": 5,
      "topRightRadius": 5,
      "bottomLeftRadius": 5,
      "bottomRightRadius": 5
    }
  ],
  "texts": [
    {
      "id": 0,
      "layout_id": -1,
      "layout_x": 25,
      "layout_y": 70,
      "position": {
        "center": null,
        "right": null,
        "top": null,
        "left": null,
        "bottom": null
      },
      "rotate": 0,
      "scale": 1,
      "layout_padding": false,
      "padding_left": 0,
      "padding_right": 0,
      "margin_top": 0,
      "margin_bottom": 0,
      "text": "#followme",
      "color": "#000000",
      "font_category": "Calligraphy",
      "font_name": "Calligraphy 1",
      "size": 0.2,
      "gradient": null,
      "tile_mode": null,
      "gradient_type": null,
      "linear_direction": null,
      "opacity": 255,
      "letter_spacing": 0,
      "line_spacing": 10,
      "align": "center",
      "underLine": false,
      "strikethrough": false
    }
  ],
  "stickers": [
    {
      "id": 0,
      "url": ""
    }
  ]
}