{
  "orientation": "vertical",
  "layout_type": "ConstraintLayout",
  "background_color": "#ffffff",
  "layouts": [
    {
      "id": 0,
      "weight_x": 100,
      "weight_y": 25,
      "rounded_rect": false,
      "topLeftRadius": 0,
      "topRightRadius": 0,
      "bottomLeftRadius": 0,
      "bottomRightRadius": 0
    },
    {
      "id": 1,
      "weight_x": 100,
      "weight_y": 70,
      "rounded_rect": false,
      "topLeftRadius": 0,
      "topRightRadius": 0,
      "bottomLeftRadius": 0,
      "bottomRightRadius": 0
    }
  ],
  "texts": [
    {
      "id": 0,
      "layout_id": -1,
      "layout_x": 50,
      "layout_y": 12.5,
      "position": {
        "center": null,
        "right": null,
        "top": null,
        "left": null,
        "bottom": null
      },
      "rotate": 0,
      "scale": 1,
      "layout_padding": false,
      "padding_left": 0,
      "padding_right": 0,
      "margin_top": 0,
      "margin_bottom": 0,
      "text": "Nothing is more beautiful than the loveliness of the woods before sunrise",
      "color": "#000000",
      "font_category": "Comic",
      "font_name": "Comic 6",
      "size": 0.085,
      "gradient": null,
      "tile_mode": null,
      "gradient_type": null,
      "linear_direction": null,
      "opacity": 255,
      "letter_spacing": 0,
      "line_spacing": 12,
      "align": "center",
      "underLine": false,
      "strikethrough": false
    },
    {
      "id": 1,
      "layout_id": -1,
      "layout_x": 80,
      "layout_y": 25,
      "position": {
        "center": null,
        "right": null,
        "top": null,
        "left": null,
        "bottom": null
      },
      "rotate": 0,
      "scale": 1,
      "layout_padding": false,
      "padding_left": 0,
      "padding_right": 0,
      "margin_top": 0,
      "margin_bottom": 0,
      "text": "1/4",
      "color": "#000000",
      "font_category": "Comic",
      "font_name": "Comic 1",
      "size": 0.09,
      "gradient": null,
      "tile_mode": null,
      "gradient_type": null,
      "linear_direction": null,
      "opacity": 255,
      "letter_spacing": 0,
      "line_spacing": 10,
      "align": "center",
      "underLine": false,
      "strikethrough": false
    },
    {
      "id": 2,
      "layout_id": -1,
      "layout_x": 40,
      "layout_y": 97.5,
      "position": {
        "center": null,
        "right": null,
        "top": null,
        "left": null,
        "bottom": null
      },
      "rotate": 0,
      "scale": 1,
      "layout_padding": false,
      "padding_left": 0,
      "padding_right": 0,
      "margin_top": 0,
      "margin_bottom": 0,
      "text": "www.website.com",
      "color": "#000000",
      "font_category": "Basic",
      "font_name": "Basic 1",
      "size": 0.05,
      "gradient": null,
      "tile_mode": null,
      "gradient_type": null,
      "linear_direction": null,
      "opacity": 255,
      "letter_spacing": 0,
      "line_spacing": 10,
      "align": "center",
      "underLine": true,
      "strikethrough": false
    }
  ],
  "stickers": [
    {
      "id": 0,
      "url": ""
    }
  ]
}