{
  "orientation": "vertical",
  "layout_type": "LinearLayout",
  "background_color": "#ffffff",
  "layouts": [
    {
      "id": 0,
      "weight_x": 75,
      "weight_y": 80,
      "is_overlay": true
    },
    {
      "id": 1,
      "weight_x": 75,
      "weight_y": 80
    },
    {
      "id": 2,
      "weight_x": 100,
      "weight_y": 20
    }
  ],
  "texts": [
    {
      "id": 0,
      "layout_id": -1,
      "layout_x": 20,
      "layout_y": 10,
      "position": {
        "center": null,
        "right": null,
        "top": null,
        "left": null,
        "bottom": null
      },
      "rotate": 0,
      "scale": 1,
      "layout_padding": false,
      "padding_left": 0,
      "padding_right": 0,
      "margin_top": 0,
      "margin_bottom": 0,
      "text": "My life.",
      "color": "#000000",
      "font_category": "Basic",
      "font_name": "Basic 12",
      "size": 0.080,
      "gradient": null,
      "tile_mode": null,
      "gradient_type": null,
      "linear_direction": null,
      "opacity": 255,
      "letter_spacing": 0,
      "line_spacing": 10,
      "align": "left",
      "underLine": false,
      "strikethrough": false
    },
    {
      "id": 1,
      "layout_id": 1,
      "layout_x": 50,
      "layout_y": 45,
      "position": {
        "center": null,
        "right": null,
        "top": null,
        "left": null,
        "bottom": "0"
      },
      "rotate": 0,
      "scale": 1,
      "layout_padding": false,
      "padding_left": 4,
      "padding_right": 45,
      "margin_top": 0,
      "margin_bottom": 0,
      "text": "You only live once, but if you do it right, once is enough.",
      "color": "#000000",
      "font_category": "Basic",
      "font_name": "Basic 12",
      "size": 0.045,
      "gradient": null,
      "tile_mode": null,
      "gradient_type": null,
      "linear_direction": null,
      "opacity": 255,
      "letter_spacing": 0,
      "line_spacing": 10,
      "align": "left",
      "underLine": false,
      "strikethrough": false
    },
    {
      "id": 2,
      "layout_id": -1,
      "layout_x": 50,
      "layout_y": 90,
      "position": {
        "center": null,
        "right": null,
        "top": null,
        "left": null,
        "bottom": null
      },
      "rotate": 0,
      "scale": 1,
      "layout_padding": true,
      "padding_left": 0,
      "padding_right": 0,
      "margin_top": 0,
      "margin_bottom": 0,
      "text": "Life is a long lesson in humility",
      "color": "#000000",
      "font_category": "Basic",
      "font_name": "Basic 12",
      "size": 0.080,
      "gradient": null,
      "tile_mode": null,
      "gradient_type": null,
      "linear_direction": null,
      "opacity": 255,
      "letter_spacing": 0,
      "line_spacing": 10,
      "align": "center",
      "underLine": false,
      "strikethrough": false
    }
  ]
}