﻿<?xml version="1.0" encoding="utf-8" ?>
<ROOT>
<THE-FOOL-ONE>Este cartão é um símbolo de novos começos e ter a admiração e inspiração de uma criança. Ele representa começar agora e fazer algo diferente e emocionante. Este cartão mostra um jovem cego que anda em direção a um penhasco, e é isso que um novo começo sente. Ele não sabe onde vai aterrissar, mas está disposto a assumir o risco onde quer que ele possa chegar. Este menino não mostra nenhum medo do que estabelece além. É a emoção de uma criança, a maravilha e o esplendor da vida como visto através dos olhos dos jovens. Este cartão representa a sensação de que você pode começar novamente e tentar algo novo. </THE-FOOL-ONE>
<THE-MAGICIAN-ONE>O Mago é um símbolo da transformação positiva e capacidade de fazer uso de todo o poder espiritual, intelectual e emocional. Este cartão é um lembrete de que nós temos o poder de controlar nossas vidas, desde que nós escolhemos como exercê-la. Ele simboliza a força, conhecimento e inspiração. Energia focalizada é a palavra-chave para este cartão. O Mago possui todas essas características em abundância e as usa para melhorar a sua vida e a vida dos outros ao seu redor. O símbolo do infinito acima da cabeça do Mago mostra que não há limite de seu poder quando ele escolhe para usá-lo. </THE-MAGICIAN-ONE>
<THE-HIGH-PRIESTESS-ONE>Este cartão representa a verdade espiritual, conhecimento e sabedoria feminina. Ideias-chave incluem mistério, segredos não revelados e ouvir sua voz interior. A lua crescente a seus pés simboliza o funcionamento interior da alma e os aspectos ocultos, escuro da vida. A Sacerdotisa segura o rolo marcado Tora em sua mão, o que representa a Lei Secreta do mundo. Ela senta-se entre um pilar negro e um branco no templo e usa o símbolo da lua sobre a cabeça, o que representa a sabedoria da noite, o oculto. Ela simboliza o poder do pensamento esotérico, espiritual. Isto é considerado uma das cartas no baralho mais sagradas. </THE-HIGH-PRIESTESS-ONE>
<THE-EMPRESS-ONE>Este cartão é o arquétipo do poder feminino: sexual, misterioso e fértil. Ela pode ser chamada de mãe arquetípica. A fertilidade representada neste cartão pode significar abundância em todas as áreas da vida. Este cartão representa a aparência de algo novo na vida. Crescimento e fecundidade são significados fundamentais deste cartão. Este poderia ser um novo projeto, uma nova fase da vida, ou, literalmente, o crescimento e o nascimento de uma nova criança. A Imperatriz é o arquétipo do poder feminino e sexualidade e pode significar uma mulher real em sua vida que representa essas coisas para você. A educadora final, esta mulher se preocupa profundamente com o bem-estar dos outros. </THE-EMPRESS-ONE>
<THE-EMPEROR-ONE>Este cartão representa o poder masculino final. Seu poder é o domínio da mente sobre o coração. O Imperador simboliza estabilidade mental e força. Ele confia em sua inteligência, em vez de sua intuição. Sentado em seu trono, o Imperador é o arquétipo do poder e liderança. Ele segura um cetro na mão que representa estabilidade, poder, proteção e autoridade. Ele também pode ser um símbolo para a paternidade e pode representar uma figura masculina na vida. Esta pessoa ganhou o respeito e a confiança daqueles que a cercam. Ele sabe quando sacrificar-se para beneficiar o bem maior. </THE-EMPEROR-ONE>
<THE-HIEROPHANT-ONE>Em algumas plataformas, este cartão também é rotulado como o Papa. Ele é um sacerdote, guru espiritual, ou rabino que orienta as pessoas em seu caminho espiritual. Ele é conhecido por fazer a coisa certa e seguir os mandamentos. Ele vive pelas regras de sua religião e de sua sociedade e aconselha os outros a fazer o mesmo. Ele espera que as pessoas curvem-se aos ensinamentos da religião, assim como os dois suplicantes retratados no cartão. Ele pode ser visto como sendo inflexível e inabalável e se recusa a aceitar qualquer coisa ou qualquer um que se desvie destas normas estabelecidas pelas regras. O dever é a palavra chave para o Hierofante. </THE-HIEROPHANT-ONE>
<THE-LOVERS-ONE>Esta carta retrata Adão e Eva nus no Jardim do Éden, a Árvore da Vida atrás de Eva. É o amor antes da grande queda. Isto representa o amor na sua forma mais pura: a virgindade, inocência e novidade. Um anjo de cima olha para baixo para abençoar sua união. Fora do contexto do amor, este cartão pode representar o florescimento de uma parceria de qualquer tipo em sua vida, não necessariamente romântica. Por último, ele também pode representar a dualidade que temos dentro de nós, nossos lados femininos e masculinos. Se não for usado para representar um caso de amor específico, também pode significar que a pessoa deve ouvir o coração ao invés da cabeça, ao procurar uma solução para um problema. </THE-LOVERS-ONE>
<THE-CHARIOT-ONE>Este cartão representa a energia e é um símbolo para um retorno triunfante da guerra. Ele está a avançar com energia dirigida para um objetivo. Ele usa a sinergia entre a sabedoria da sua mente e do seu coração para alcançar seu objetivo. Planejamento, trabalho duro, autocontrole e vontade são os principais ingredientes para o sucesso do Chariot. Ele tem o poder em suas mãos, que ele escolhe para usar com sabedoria. O motorista do carro tem a sua espada desembainhada, mostrando-se pronto para lutar quando necessário. Sua carruagem é puxada por duas esfinges, que são símbolos de poder, sabedoria e verdade. </THE-CHARIOT-ONE>
<STRENGTH-ONE>Uma pessoa pode ser forte em muitas maneiras, e este cartão representa todas eles. Isso pode significar a força física, o domínio de uma habilidade, dentro força de vontade, autocontrole, ou a força da mente. Este cartão também simboliza coragem, paciência e perseverança. A mulher desta carta é mostrada fechando a mandíbula de um leão, que ela subjuga. Ela usa o mesmo símbolo do infinito sobre a cabeça, assim como o mágico. Ele simboliza o fato de que não há limite ao seu poder quando ela usa sua força interior. Este cartão é também representante da mente sobre a matéria. A mulher no cartão trabalha para aproveitar o poder de seus pensamentos e usa-os para o bem maior. </STRENGTH-ONE>
<THE-HERMIT-ONE>O Eremita representa introspecção e espiritualidade. O Eremita é retratado com o manto de um monge, inclinando a cabeça, com uma lanterna iluminando o caminho. Esta lanterna é a luz do seu espírito, ao invés de a doutrina da religião organizada. A lanterna também pode ser conhecida como a luz do mundo que ilumina caminho individual de cada pessoa. Ele retirou-se do mundo das pessoas para olhar e cuidar de sua saúde espiritual e interna. Ele examina a vida ao seu redor através da introspecção pessoal. Ele sabe que as respostas que procura encontram-se dentro de sua própria alma, não no mundo exterior. </THE-HERMIT-ONE>
<WHEEL-OF-FORTUNE-ONE>A Roda da Fortuna representa as mudanças do destino que acontecem regularmente em nossas vidas. Nada dura para sempre, e esta carta representa esse tipo de mudança. Essa carta simboliza a boa sorte do inicio da vida. Ela também representa a sorte, a boa saúde, e a evolução de alguns tipos de vida. Ela também pode significar o que esta destinado a acontecer em seu caminho. Controle o seu tempo para você conseguir aproveitar todas as oportunidades, uma vez que elas não duram para sempre, a roda não para de girar. Além disso, se os tempos têm sido difíceis, este carta lembra o velho ditado "Isto também passará." O principal significado desta carta representa o movimento perpétuo da vida. A esfinge representa esse equilíbrio. </WHEEL-OF-FORTUNE-ONE>
<JUSTICE-ONE>A figura masculina na Justiça está sentada entre dois pilares, o que demonstra o certo e o errado. Ele segura a espada para o alto, disposto a ministrar justiça rapidamente sobre aqueles que vêm a ele. É representante de um julgamento moral na vida e a necessidade de ser justos com todos. Equidade é necessário na vida. Ele também representa a ideia de que toda a vida deve ser mantida de forma igualitária: ninguém é mais importante do que o outro. Ela também pode simbolizar quaisquer assuntos legais que possam surgir. Porque a justiça é tão entrelaçada com os sistemas legais de varias culturas, que nada foge aos olhos da lei. </JUSTICE-ONE>
<THE-HANGED-MAN-ONE>Este carta representa o sacrifício final. O Enforcado está pendurado de cabeça para baixo com seu pé esquerdo, e direito formando uma cruz contra seu corpo. Isso pode ser a representação de Jesus na cruz, sacrificando sua vida para que outros possam ser salvos. Sua expressão facial mostra um estado meditativo, que também é demonstrada com o elo de luz ao redor de sua cabeça. O Enforcado sabe que o sacrifício é a coisa mais necessária do mundo e ele está confortável com esta decisão. Ela pode ser uma carta que representa o dever e a prudência. Ela fica entre a vida e a morte, mas não é abrangido por nenhum dos dois. </THE-HANGED-MAN-ONE>
<DEATH-ONE>Esta carta representa a transformação e o renascimento. Embora descreva um esqueleto que monta um cavalo, o verdadeiro significado não é tão assustador como se imagina. Isso significa a morte no sentido simbólico. A mudança está chegando. Algo na vida vai morrer e desaparecer. E, embora isso pareça ser difícil de lidar, quando uma porta se fecha, outra se abre. Este é o renascimento que também está chegando. Isto é simbolizado pela bandeira que carrega o esqueleto, a Rosa Mística, que representa a vida. O sol simboliza a imortalidade, o brilho da carta. Esta carta representa a importância de aceitar a mudança da forma como ela ocorre, pois é através das coisas passadas que as pessoas realmente sofrem. </DEATH-ONE>
<TEMPERANCE-ONE>O equilíbrio é o principal símbolo deste cartão. Outras palavras-chave incluem economia, moderação e frugalidade. O anjo retratado neste cartão simboliza isso por ter um pé colocado firmemente no chão e o outro é mergulhado no rio. O anjo derrama água de um cálice para o outro, parecendo medi-lo em partes iguais. A luz acima de sua cabeça mostra que, praticando a temperança, ele tem a graça de poderes superiores que cuidam dele. O sol brilha em sua testa para mostrar que por praticar a virtude da temperança, as bênçãos dos deuses brilham sobre ele. </TEMPERANCE-ONE>
<THE-DEVIL-ONE>Este cartão nos adverte sobre os excessos da vida e o desejo de dar em nossa natureza animal. Por outro lado, ele também nos faz lembrar de proteger contra os extremos da repressão dos desejos e necessidades naturais. Em vez disso, ele nos lembra que aprender equilíbrio em nossas vidas. Nós somos contidos em cativeiro apenas se escolhemos estar. Muitas vezes nos esquecemos de que nós temos uma escolha, muito parecido com os humanos acorrentados pelo Diabo neste cartão. Os dois seres humanos são os mesmos que aqueles retratados no Os Amantes, só que desta vez eles são simbolizados após a queda, quando a vida se torna difícil. Eles não percebem que eles poderiam tirar suas correntes e irem embora quando quiserem. </THE-DEVIL-ONE>
<THE-TOWER-ONE>Este cartão anuncia um momento de grande mudança. Esta mudança é súbita e pode ser catastrófica. O cartão possui como imagem uma torre em chamas com pessoas caindo ou que saltando para fora. Aqueles no cartão não tem muita escolha na mudança e devem aprender a adaptar-se ou arriscar as consequências. Embora este cartão represente a quebra de conforto e estabilidade, é importante lembrar que a mudança também traz novos começos, e não apenas as terminações. Se alguém é capaz de resistir por esse momento de turbulência, essa pessoa vai achar que a chegada ao outro lado vale a pena. Os termos-chave para este cartão incluem miséria, sofrimento, angústia, decepção e catástrofe imprevista. </THE-TOWER-ONE>
<THE-STAR-ONE>Este cartão é um símbolo de esperança para todos os que a recebem em uma leitura. Uma mulher derrama a água de um jarro em uma piscina, reabastecendo a terra e o mar. Sugere-se em esperança para o futuro. A mudança positiva pode levar tempo, mas isso vai acontecer para aqueles com fé. Agora é a hora de sonhar, fazer planos para o futuro e começar a fazer o trabalho para acompanhar, através de suas visões. Quais os passos que você precisa para contemplar um futuro melhor? Contemple essa pergunta e comece a completar esses passos. A figura no cartão representa a juventude e beleza e a vinda de um novo dia. </THE-STAR-ONE>
<THE-MOON-ONE>A Lua é muitas vezes vista como um escape da vida material físico ao metafísico, subconsciente. Ele representa a vida da imaginação, separada da vida real. É hora de prestar atenção a esta vida interior. Estes irão revelar grandes segredos sobre a vida. Este cartão também pode representar aquelas coisas que estão escondidas, como inimigos ocultos, perigo, engano e terror. A noite detém forças das trevas, e embora possa haver tesouros lá, a escuridão também detém as coisas que dão medo. Os animais do cartão parecem estar latindo para a escuridão. Estes cães também podem representar a natureza animal em nós que sai à noite. </THE-MOON-ONE>
<THE-SUN-ONE>Esta carta descreve uma criança nua em um cavalo branco, ambos os símbolos são de renovação e vitalidade. O Sol está brilhando sobre eles, levando a dias mais brilhantes e felizes. A luz está retornando, trazendo dias melhores, felicidade e prosperidade. O surgimento da luz depois de uma noite escura e fria trás novas energias. Esta carta demonstra a felicidade que surge depois de sobreviver a toas as provações da vida. Perseverança é a palavra chave agora. O pensamento positivo lhe serve melhor agora. Entusiasmo infantil é a mesclada com a experiência adquirida nas dificuldades. Termos-chaves incluem a felicidade, união, e contentamento. O Sol representa a consciência do espírito, que tem crescido através dos ensaios. </THE-SUN-ONE>
<JUDGEMENT-ONE>Esta carta representa a ressurreição e a remissão dos pecados. Isso significa que é hora de subir para uma nova vida, perdoar as coisas do passado e avançar para o futuro. Essa carta descreve o arrebatamento cristão, quando o anjo anuncia o tempo para todos os crentes a subir ao céu. As pessoas estão subindo de seus túmulos para nascer de novo, para um mundo novo e melhor. Eles olham para o anjo com adoração. As palavras-chaves associadas a essa carta que incluem a mudança de posição ou da mente sobre um determinado assunto, renovação, renascimento, ou resultado concluído. Transformação através de meios espirituais poderia ser um significado simples para este carta. </JUDGEMENT-ONE>
<THE-WORLD-ONE>Esta é uma carta de realização e consecução de um objetivo. Como a última carta dos Arcanos Maiores, representa a conclusão de uma jornada. Também representa a perfeição do mundo e a compreensão de que Deus é o mundo. Embora possa significar o fim de uma viagem, mesmo que seja uma jornada literal ou figurativa, também representa novos começos. Com o círculo, no final e no início sendo os mesmos. Não há fim para as provações da vida. É hora de começar de novo, e uma das palavras-chave para este carta pode ser de viagem. </THE-WORLD-ONE>
<ACE-OF-WANDS-ONE>O Ás representar uma época de novos começos e novas oportunidades que estão abertas a todos. Uma mão radiante estende uma única varinha, que tem o significado de uma tocha que está sendo passada em algo novo. A carta de paus, especificamente, representam inspiração, criatividade e energia mental, assim que esta carta vai representar novas ideias, novos planos, e o início de projetos criativos. Esta carta tem uma leitura positiva. Ela representa o sentindo esperançoso sobre o futuro e os começos de um novo projeto. Energia, vitalidade, criatividade, invenção e aventura são as palavras-chave relacionadas a esta carta. Aproveitar essa energia e começar um novo projeto ou embarcar em uma nova aventura. </ACE-OF-WANDS-ONE>
<TWO-OF-WANDS-ONE>Este cartão representa o equilíbrio e escolha. No cartão, um homem segurando um globo em uma mão e um cajado na outra, pondera suas opções e tenta escolher o caminho certo. Sua escolha pode ser a diferença entre sucesso e fecundidade em uma mão e sofrimento físico, a doença em outra. O equilíbrio é muitas vezes difícil de atingir, e ele teme que ele não seja capaz de fazer a escolha certa. O dois frequentemente representar este equilíbrio e precisa escolher, e até que a escolha seja feita, é difícil saber qual é a melhor escolha tanto para o consulente quanto para os envolvidos. </TWO-OF-WANDS-ONE>
<THREE-OF-WANDS-ONE>Este cartão descreve um homem de costas para nós. Ele está olhando para o mar, observando seus navios navegarem. Ele é um homem bem sucedido no comércio. Ele inclina-se em uma das pautas plantadas no solo, tendo um descanso de seu trabalho. Este é o primeiro cartão que demonstra resultados tangíveis do esforço e energia exibida no terno do naipe de paus. Este cartão representa muito trabalho, força, empresa, comércio e descoberta. Ele também pode ser usado para mostrar o sucesso nos negócios, como uma grande oportunidade ou parceria com outro. A colaboração é útil para avançar nos negócios, criatividade empreendimentos. </THREE-OF-WANDS-ONE>
<FOUR-OF-WANDS-ONE>Este cartão mostra quatro varinhas segurando uma guirlanda e duas mulheres no fundo. Alguns significados sugerem que eles estão decorando para uma celebração, como um festival de outono honra os frutos dos trabalhos da estação de cultivo. Outros se referem a este cartão como tendendo a herdade. De qualquer maneira, o cartão descreve a vida no campo, a paz, a prosperidade e como o trabalho duro pode levar a resultados benéficos. Este cartão também pode representar boa sorte inesperada, como a cena é muito feliz para a família. Ele também pode simbolizar a criação de uma criança ou gravidez para uma mulher. Palavras-chave incluem casamento, parceria, sucesso e vida doméstica. </FOUR-OF-WANDS-ONE>
<FIVE-OF-WANDS-ONE>Este cartão mostra cinco homens jovens que lutam com varinhas. É uma batalha simulada, como se praticando guerra ou um esporte. No entanto, este cartão representa uma concorrência e conflitos. As palavras-chave para este cartão incluem batalhas, brigas, lutas, mesquinhez e argumentos com aqueles ao seu redor. Agressão é dirigida ao consulente pessoalmente. Este cartão também pode representar a grande luta: a da própria vida. Alguns significados sugerem que o envolvimento na batalha, vitória, riquezas e opulência se seguirão. Pode significar, literalmente, batalha pela riqueza material. É cada um por si mentalidade. Não há nenhuma cooperação ou acordo no sentido de este cartão. </FIVE-OF-WANDS-ONE>
<SIX-OF-WANDS-ONE>Este cartão é muitas vezes chamado de Cartão da Vitória. O cartão mostra um homem que monta triunfante com uma varinha decorada com uma coroa de louros. Ele é cercado por homens de infantaria comemorativos, compartilhando seu sucesso. Este cartão representa celebração das vitórias, superação de desafios e conclusão sobre a adversidade devido ao esforço concentrado. Mas não é apenas uma vitória pessoal, é uma vitória da equipe. O cavaleiro é cercado por soldados a pé, também proclamando vitória e celebração. É tempo para desfrutar os frutos do seu trabalho; que merecem a celebração que eles estão tendo. As palavras-chave para este cartão são sucesso, vitória, triunfo, reconhecimento e louvor. </SIX-OF-WANDS-ONE>
<SEVEN-OF-WANDS-ONE>Uma vez que se alcançou a vitória, não se pode cavalgar sobre os louros. Você precisa lutar continuamente para permanecer no topo, esse é o significado desta carta. Ela mostra um homem lutando com uma varinha. Embora você não veja aqueles que estão lutando contra, isso pode ser demonstrado pela expressão determinada em seu rosto de quem não quer perder o que ganhou. As pessoas que estão lutando contra você estão vindo do andar de baixo, e eles não tem a vantagem nessa batalha. Esta carta significa bravura contra os obstáculos. Isso também poderia representar a luta verbal. A palavra-chave incluem estar no controle da situação e lutar contra os obstáculos. </SEVEN-OF-WANDS-ONE>
<EIGHT-OF-WANDS-ONE>Muitas vezes, esta carta tem sido descrita como o caminho do amor ou com se apaixonar-se. Esta carta descreve oito varinhas que viajam através do espaço, possivelmente sendo jogada ou arremessada. Eles parecem estar chegando ao chão. Esta carta indica algo novo e excitante, possivelmente um relacionamento romântico ou de negócios pode estar próximo. Outros novos começos também são possíveis neste momento. Isso também representa um aumento na energia e no entusiasmo. Palavras-chave para esta carta incluem viagens, viagens ao exterior, velocidade, movimento e ação. Pode significar a grande velocidade quando se inicia uma nova atividade ou empreendimento, ou até mesmo a de um mensageiro com um comunicado importante que deve ser compartilhado. </EIGHT-OF-WANDS-ONE>
<NINE-OF-WANDS-ONE>Esta carta descreve um homem, espancado e enfaixado, apoiado em sua varinha. Ele esteve envolvido em uma batalha, e está descansando antes que tenha que lutar novamente. E mesmo em seu estado, ele estar pronto quando chegar a hora. Seus olhos mostram que ele está olhando para a próxima batalha e ele será forte face da oposição. O prejuízo não impediu você de conquistar seus objetivos. Ele tem proteção atrás, uma barricada entre ele e seus inimigos. Palavras-chave incluem batalha, força e determinação, vitória, e a ideia de ainda tem que lutar. </NINE-OF-WANDS-ONE>
<TEN-OF-WANDS-ONE>Esta carta descreve um homem transportando dez varinhas. Seu fardo é pesado, mas ainda sim segue em frente. Isto significa que o ônus figurativo pode estar sendo carregado. Termos chave incluem oprimir, excesso de trabalho, desafios, e os fardos a carregar. O homem na carta irá enfrentar dificuldades no futuro próximo, mas ele não pode desistir. Ele parece estar fazendo a sua tarefa da maneira mais difícil e ele ainda não pode ver se ela esta perto de ser concluída. É possível que ele esteja assumindo o fardo dos outros, não apenas aqueles que pertencem a si mesmo. Ele vai continuar a lutar até que complete seu objetivo. </TEN-OF-WANDS-ONE>
<PAGE-OF-WANDS-ONE>O valete de paus representa muitas vezes um homem ou uma mulher jovem literal quando desenhado. Ele ou ela poderia representar alguém trazendo notícias. Esta pessoa é também um empreendedor de alto padrão, muito ambicioso e faz o que ele ou ela precisa fazer para alcançar seu objetivo. A pessoa também poderia ser um amante, um mensageiro, ou uma pessoa que traz uma notícia. Se o cartão não representa uma pessoa literal, representa a energia da juventude e o entusiasmo. Ele também representa notícias em sua direção. Palavras-chave para este cartão incluem mensagens ou notícias vindo em sua direção, um momento de alta energia ou uma criança com bastante energia. </PAGE-OF-WANDS-ONE>
<KNIGHT-OF-WANDS-ONE>O Cavaleiro de Paus monta um cavalo de corrida. Ele segura uma varinha na mão e parece estar andando para a batalha. Ele é cheio de paixão, energia e entusiasmo. Ele poderia representar uma pessoa real, que tem grande quantidade de energia e gosta de viver a vida na pista rápida. Ele é teimoso e imprevisível. Ele também tem um temperamento explosivo. Além disso, o cavaleiro pode representar um tempo de viagem. Ele pode representar um momento de aventura e emoção na vida. Palavras-chave para o Cavaleiro de Paus incluem ganho de nova propriedade, movimento, tomada de medidas, ou fazer coisas em uma velocidade rápida. </KNIGHT-OF-WANDS-ONE>
<QUEEN-OF-WANDS-ONE>A rainha é representada sentada em seu trono, segurando uma varinha em uma mão e um girassol na outra. Em seus pés senta um gato preto. Como é frequentemente o caso com cartões de corte, a rainha pode representar uma mulher de verdade em sua vida. Ela é criativa, apaixonada e corajosa. Ela também sabe como encantar aqueles ao seu redor e muitos acham que ela muito sedutora. No entanto, ela não gosta de ser refreada, como o gato preto simboliza. Ela é apaixonada e tende a ser honrada e amorosa. Ela poderia ser uma mulher de negócios. Termos-chave incluem ação, liderança e desenvoltura. </QUEEN-OF-WANDS-ONE>
<KING-OF-WANDS-ONE>O Rei se senta em seu trono, examinando seu reino. Ele representa a energia masculina. Este cartão pode representar uma pessoa literal na vida. Ele pode ser um mentor e tem muita energia e paixão por seu trabalho. Ele é honesto, consciencioso, corajoso, leal, orientado para o objetivo, determinado e carismático. Ele também é um grande realizador. Como a rainha, ele é um líder empresarial, um homem orientado para a ação, um tomador de risco e um trabalhador. Ele sofre de falta de tato e diz o que acha ser o certo. Ele tem um temperamento explosivo, mas não guarda rancor. Uma vez que algo termina, acaba por completo. Ele pode ser arrogante, mas o seu coração está no lugar certo. </KING-OF-WANDS-ONE>
<ACE-OF-SWORDS-ONE>Mais uma vez, a mão de uma nuvem detém uma única espada, apontando para o céu. Como um Ás, este cartão representa novos começos. O naipe de espadas representa coisas muito intelectuais, onde as palavras, ideias e pensamentos são mais importantes. Este cartão representa um nascimento de uma nova energia e desenvolvimento de uma mente clara e um foco mais profundo, mais nítido. É um bom momento para assumir riscos e dar saltos de fé para iniciar um novo projeto ou iniciar um novo modo de vida. Este cartão também representa ambição, determinação e justiça. Isso mostra que o poder da palavra para criar uma mudança é muito importante. </ACE-OF-SWORDS-ONE>
<TWO-OF-SWORDS-ONE>Esta carta mostra uma mulher com os olhos vendados, segurando duas espadas cruzadas sobre o peito. Ela é um lembrete da estátua da justiça, e é frequentemente retratada como uma diplomata para a paz e o compromisso. Por ela esta de olhos vendados, ela tem um tempo maior para permanecer neutra. Termos-chave para esta carta incluem indecisão, falta de clareza, estresse, preocupação e confusão. Ela representa todas as informações necessárias para tomar uma decisão. De alguma forma ela é cega para o que realmente está acontecendo ou não tem todas as informações que precisa para avançar. Esta carta pode igualmente representar uma decisão difícil, que precisa ser tomada. </TWO-OF-SWORDS-ONE>
<THREE-OF-SWORDS-ONE>Três espadas perfuram um coração enquanto a chuva cai de uma nuvem escura. O simbolismo mostra a dor do coração, crueldade, mágoa, raiva e ressentimento. Conflitos emocionais são as principais características desta carta. Ele poderia representar um argumento, uma dor no coração, ou mesmo um ataque cardíaco. Emoções que cercam esta carta incluem tristeza, conflitos, tristeza, dor emocional, e uma grande desilusão. É tempo para examinar essas emoções abertamente antes de apodrecer e causar ainda mais dor. Qualquer tipo de dor do coração pode ser representado por esta carta. Ele pode até mesmo significar o abandono de um relacionamento. </THREE-OF-SWORDS-ONE>
<FOUR-OF-SWORDS-ONE>Um cavaleiro se estabelece sobre o seu túmulo em uma posição de oração. Três espadas estão apontando para baixo e um encontra-se debaixo dele, no seu túmulo. Esta carta representa um momento de retiro e solidão na vida. É tempo de descanso, recuperação de não se fazer absolutamente nada. Todo mundo precisa de uma pausa antes de se reunir para embarcar em uma nova jornada. É tempo para a contemplação silenciosa antes de para curar a mente, corpo e espírito. Oração, meditação e uma suspensão temporária do estresse e dor diária irão fazer maravilhas para a sua saúde física e mental. </FOUR-OF-SWORDS-ONE>
<FIVE-OF-SWORDS-ONE>A luta começou. Dois homens são vistos andando distante de um terceiro homem, que parece estar em posse de todas as cinco espadas em uma praia. Ele ganhou, mas qual foi o custo de sua vitória? O vencedor acredita que ele está certo, mas ele tem pouco espaço para a compaixão e bondade em seu coração. Ele ganhou a batalha, mas perdeu a guerra. Às vezes é melhor se afastar da luta do que ganhar a determinados custos. Termos-chave incluem conflitos, vitória, adversidade, e uma vitória vazia. Esta vitória vazia significa que a pessoa ganhou, mas a que preço veio essa vitoria. </FIVE-OF-SWORDS-ONE>
<SIX-OF-SWORDS-ONE>Um barqueiro empurra duas pessoas em toda a água. O trabalho é duro, mas não muito difícil para o barqueiro. Este cartão indica viagem, possivelmente uma viagem pela água. Ele também pode ser uma viagem metafórica, longe dos problemas anteriores ou problemas com o outro. A viagem figurativa pode significar afastamento, ideias ingênuas infantis para os mais atenciosos e mais claros. As pessoas deste cartão estão se afastando do negativo e se movendo em direção as coisas melhores. Eles estão andando longe de delírios em pensamento mais claro o que irá melhorar o seu futuro. A chave deste cartão é olhar além da dor atual para um futuro melhor. </SIX-OF-SWORDS-ONE>
<SEVEN-OF-SWORDS-ONE>Um homem é visto afastando-se de um acampamento com cinco espadas. Duas espadas permanecem atrás. Este cartão sugere que há um confronto ou competição. Muitas vezes, esta competição está ocorrendo através do engano, alguém que está sendo dissimulado ou tomando algo que não lhe pertence por direito. Os termos-chave são: roubo, perda ou alguém distanciando ou sendo dissimulado. A expressão no rosto do homem indica que ele entende que este não é o caminho nobre para cuidar dos negócios, e está se sentindo muito presunçoso sobre fugir de algo. Pode significar que o consulente precisa sair desse tipo de situação em que podem tirar proveito dele. </SEVEN-OF-SWORDS-ONE>
<EIGHT-OF-SWORDS-ONE>Uma mulher está ligada com os olhos cobertos, cercado por espadas. Os laços aparecem soltos, como se ela pudesse sair deles, se quiser. Este cartão descreve escravidão, geralmente metafórico na natureza. Ela está em uma poça de água, o que representa estar preso por suas próprias emoções. A escravidão sofrida por esta mulher é mais provável de ser autoimposto e a situação pode não ser tão ruim quanto parece. Também pode significar restrição a partir de uma fonte externa. Outros significados deste cartão incluem uma má notícia, acidentes, uma crise em sua vida, em conflito com outro ou uma doença iminente. Termos-chave incluem limitações, obstáculos ou a sensação de estar preso. </EIGHT-OF-SWORDS-ONE>
<NINE-OF-SWORDS-ONE>Um homem acorda de um pesadelo. Ele segura a cabeça entre as mãos no escuro, nove espadas sobre sua cama. Este cartão representa desolação e medo. Termos-chave incluem tristeza, angústia, desespero, doença de grande estresse e preocupação. Isso pode significar que alguém está sofrendo ansiedade, depressão, pesadelos e noites sem dormir cheios de preocupação. Também pode significar doença. Este cartão também pode representar uma decepção na vida ou um atraso de algo que era esperado. Este cartão pode representar que é tempo para o consulente reexaminar as escolhas de vida, como o caminho para este ponto só levou ao medo, estresse e preocupação. </NINE-OF-SWORDS-ONE>
<TEN-OF-SWORDS-ONE>Este cartão é o símbolo de um final. Um homem coloca em seu estômago na praia, dez espadas em suas costas. As coisas estão tão ruins como eles podem chegar. Ele não serve para representar danos físicos, ao invés representa lesão mental ou emocional. Muito parecido com a morte cartão, este representa um fim. Mas, como sabemos terminações sempre levam a novos começos. O cartão parece sombrio, mas um pico no horizonte revela que o amanhecer está chegando, que simboliza um novo dia. Termos-chave incluem fins e começos, desilusão por alguém, sentimentos de ansiedade ou ser esfaqueado nas costas por alguém. </TEN-OF-SWORDS-ONE>
<PAGE-OF-SWORDS-ONE>Esta carta mostra um jovem segurando uma espada se preparando para uma luta. Ele é jovem e impetuoso e está à procura de agressividade no horizonte. Como todas as cartas, essa pode representar uma criança ou um jovem adulto. Termos-chave para esta carta incluem infantil, teimosa, agressiva, postura defensiva. Esta pessoa, provavelmente tem a língua afiada e é muito perspicaz, mas ainda não sabe a hora certa de fazer silêncio. Esta pessoa como uma criança, pode estar propensa a acessos de raiva por ser muito imatura. Esta carta também pode representar a presa em fazer as coisas as deixando incompletas. A impaciência é uma chave. </PAGE-OF-SWORDS-ONE>
<KNIGHT-OF-SWORDS-ONE>O cavaleiro está montando o seu cavalo a força total. Ele é o epítome de determinação e vontade. Ele é corajoso e não tem nenhum problema de entrar em uma batalha. Ele sabe que será vitorioso. Termos-chave para esta carta incluem apressar algumas coisas, comportamentos de risco, fazendo antes de pensar, ser demasiado impulsivo e obstinado a não ouvir os outros. O cavaleiro pode representar uma pessoa que é teimosa, impulsiva, e, possivelmente, sem tato com o próximo. Ele é inteligente, tem grandes ideias, e pode se comunicar com seus pensamentos. Ele pode ser um forte aliado quando concorda com você, mas também é conhecido por ser muito inconstante. </KNIGHT-OF-SWORDS-ONE>
<QUEEN-OF-SWORDS-ONE>A rainha é uma mulher forte, honrada e independente. Ela cobra muito de si mesma e das pessoas ao seu redor, e não tolera poucos esforços. Palavras-chave para descrever este carta incluem difícil, independente, honesto, sagaz, inteligente e lógico. Ela não sofre facilmente e tem pouca paciência com pessoas que não trabalham duro. Muitas vezes, este carta pode representar uma mulher mais velha, possivelmente alguém que seja viúva. Ela gosta de estar no controle de todas as situações e, muitas vezes, ser soberana em qualquer argumento. Ela pode ser vulnerável, mas não vai deixa que outros vejam sua vulnerabilidade. </QUEEN-OF-SWORDS-ONE>
<KING-OF-SWORDS-ONE>O rei julga seu trono, e é uma reminiscência do Juízo dos Arcanos Maiores. Ele incorpora os princípios de caráter, comunicação e realização intelectual. É um homem justo, porém inflexível depois de ter tomado sua decisão. Ele representa uma figura de autoridade que está olhando para definir os outros no caminho certo. Ele não é uma pessoa literal, ele representa a necessidade de energia e de vigoroso na vida. Termos-chave para este carta incluem um empresário astuto, honestidade, eficiência, lógica e detalhista. Ele é justo e honesto em seus negócios e sabe exatamente o que quer e como obter isso. </KING-OF-SWORDS-ONE>
<ACE-OF-PENTACLES-ONE>O Ás representa novos começos, e o naipe de ouros é o representante do bem material, necessidades físicas e sucesso, bem como a saúde física. Uma mão emerge de um cartão, segurando um único pentagrama. Ouros também são chamados discos ou moedas, apontando para seu significado material. Quando o Ás de Ouros aparece, demonstra que a energia é certa para começar um novo projeto que vai levar ao sucesso no plano físico e que o ganho financeiro seguirá. Palavras-chave incluem o aparecimento de novas fontes de dinheiro, fluxo de dinheiro regular e oportunidade financeira. Situações financeiras mudarão para melhor. </ACE-OF-PENTACLES-ONE>
<TWO-OF-PENTACLES-ONE>Um malabarista manipula dois pentagramas entre as mãos, formando o símbolo do infinito. Ele está encarregado de manter as coisas em equilíbrio. Ele está esperando por navios que estão chegando do mar. Como o malabarista está gastando a maior parte de seu tempo com o trabalho, ele está ignorando sua vida pessoal. Sua família se sente negligenciada. O sentimento deste cartão é em sentindo improdutivo. Ele está andando em círculos, mas nada parece realmente estar acontecendo. Manipular é simbólico de tentar gerir muitas coisas e manter tudo em equilíbrio está se tornando muito difícil. Isso pode significar que é hora de aliviar a carga e não tentar lidar com tantas coisas ao mesmo tempo. </TWO-OF-PENTACLES-ONE>
<THREE-OF-PENTACLES-ONE>Um escultor está trabalhando duro para criar uma obra-prima em um mosteiro. Outros estão com vista para o seu trabalho como se fossem professores ou instrutores. Ele é o trabalhador final. Ele tem uma habilidade e usa-a para ganhar renome e glória em seu mundo. Ele é um artesão que trabalha por meio de planejamento, habilidade e esforço. Os termos-chave relacionados a este cartão são: aprendizado de uma nova habilidade, estudo ou aprendizagem, tornar-se um especialista e estabelecimento das bases para uma nova tarefa. O sucesso será alcançado através do trabalho duro e dedicação. Ele também pode significar que a ajuda, tal como de um especialista, é necessário para atingir esse conhecimento. </THREE-OF-PENTACLES-ONE>
<FOUR-OF-PENTACLES-ONE>Um avarento está sentado, segurando firmemente à riqueza que ganhou. Ele é ganancioso, mas está sozinho. Ele girou todo seu foco no desenvolvimento do seu interesse de negócio e seus bens materiais. Medo de perder a sua riqueza é uma fonte de ansiedade para ele. As palavras-chave para este cartão incluem não gastar dinheiro, falta de fluxo material, ser preso e ter que seguir um orçamento. Este cartão também pode representar a necessidade de ser frugal com o fluxo de caixa. De qualquer maneira, o dinheiro é uma fonte de estresse e não é uma experiência agradável. Se alguém detém sobre demasiado firmemente, não há espaço para que as coisas fluam em, bem como fluir para fora. </FOUR-OF-PENTACLES-ONE>
<FIVE-OF-PENTACLES-ONE>Duas pessoas doentes e pobres são vistas em uma tempestade de neve. Suas roupas são esfarrapadas, a veste de um não aparece o outro possui muletas. Isto é simbólico de dificuldades financeiras, falta de necessidades básicas, pobreza material e espiritual e desesperança. Ela representa dor, dívida e perda que podem ocorrer quando alguém não tem dinheiro suficiente para prover suas necessidades básicas. Embora este seja um momento muito difícil, ele também pode servir como um lembrete de que é preciso tomar medidas para melhorar a situação pessoal de cada um. A única maneira de avançar é através de uma ação dirigida, e não prestar atenção às necessidades pessoais pode levar a essa situação. </FIVE-OF-PENTACLES-ONE>
<SIX-OF-PENTACLES-ONE>Um comerciante bem sucedido é visto dando às pessoas menos afortunadas parte do que ele tem. Ele tem uma escala, medindo o que ele está dando para os outros, para que ele seja justo com todos. Duas pessoas se ajoelham aos seus pés, grato por sua generosidade. As palavras-chave para descrever esta carta são a benevolência, a partilha, para alcançar o equilíbrio na vida. Caridade, doação, ajuda financeira, abundância, sendo capaz de fornecer aos outros as chaves para esta carta. Uma dessas chaves poderia ser a posição de dar para aqueles que necessitam receber. De qualquer maneira, uma pessoa deve ser humilde com seu atual destino atual e sempre mostrar gratidão. </SIX-OF-PENTACLES-ONE>
<SEVEN-OF-PENTACLES-ONE>Esta carta demonstra que o trabalho duro trás recompensas. Um trabalhador mostra apoio a sua equipe. Ele reuniu seis estrelas enquanto uma permaneceu no campo. Ele está descansando antes de terminar seu trabalho. Ele sabe que ele colocou muito esforço e está quase pronto para voltar a trabalhar. As chaves para este carta incluem desfrutar do trabalho, ganhando sucesso, não desistir até que o trabalho esteja pronto, o seu trabalho está sendo avaliado. Isto pode ser visto como uma carta de avaliação pessoal também, um tempo para avaliar o trabalho realizado, e se a pessoa ainda está na direção certa. Apesar de recompensas estarem chegando, esse pode não ser o caminho certo. </SEVEN-OF-PENTACLES-ONE>
<EIGHT-OF-PENTACLES-ONE>Um artesão trabalha duro para dominar completamente seu trabalho. Ele está criando literalmente uma estrela. O trabalho que ele concluiu esta sendo exibido por toda parte. Ele está orgulhoso de suas habilidades e se mantém focado em fazer o trabalho corretamente. Ele é diligente e consciencioso. Não é apenas trabalhar por dinheiro, no entanto. O artesão conta com o trabalho que ele está fazendo. A chave é se mostrar satisfeito com o trabalho que se está sendo realizado, fazendo o dinheiro e a prática de atos criativos, fazendo progresso em direção à sua meta. Pode representar transformar um hobby ou paixão em um negócio, aperfeiçoando habilidades, trabalhando com as mãos, sendo o orgulho de um trabalho bem feito. </EIGHT-OF-PENTACLES-ONE>
<NINE-OF-PENTACLES-ONE>Uma mulher está entre vinhas que crescem em torno dela. Ela tem um pássaro que descansa em sua mão e admira sua beleza. Ela tem muito a oferecer por suas necessidades materiais. Suas roupas e seus arredores são bonitos. Termos-chave incluem a independência financeira, conforto, auto-suficiência, riqueza e prosperidade. Sua vida é cheia de luxo, bem como uma boa saúde. Ela tomou decisões inteligentes na vida e agora está desfrutando os resultados dessas decisões. Ela gosta das melhores coisas da vida, este carta representa alguém que trabalhou duro e fez isso, recebendo as coisas que conquistou com o trabalho de toda a sua vida. </NINE-OF-PENTACLES-ONE>
<TEN-OF-PENTACLES-ONE>As pessoas neste cartão alcançaram abundância financeira, não só para si, mas ganharam o suficiente para cuidar da próxima geração. Esta carta retrata pessoas de várias gerações num ambiente bonito, vestindo roupas agradáveis e desfrutando os confortos da vida. Dois cães brancos estão em seus pés. A estabilidade e a prosperidade são os presentes que este cartão traz. Seja grato por ter atingido este estado. Termos-chave incluem afluência, herança para a próxima geração, dinheiro da família ou ter uma grande soma de dinheiro. Pode representar dinheiro que vem da maneira de o consulente ou de um benfeitor que está apoiando alguém. O futuro parece ser bom por muitos anos para vir. </TEN-OF-PENTACLES-ONE>
<PAGE-OF-PENTACLES-ONE>Um jovem estuda o pentagrama atentamente. Quando esta carta aparece, pode significar várias coisas diferentes, incluindo estudo, aprendizado e desejo de independência financeiramente. Este cartão pode inaugurar novidade, melhor tempo para a saúde, negócios ou outras questões financeiras. Este cartão representa a natureza como criança que precisava aprender uma nova habilidade. Vá devagar, aprenda tudo o que puder, e terá o sucesso assegurado em todos os seus empreendimentos. O jovem no cartão pode representar uma pessoa real jovem ou a ideia de ser jovem e necessidade de aprender tudo o que se pode. Termos-chave incluem praticidade, prazer físico e atração dos recursos necessários para o sucesso. </PAGE-OF-PENTACLES-ONE>
<KNIGHT-OF-PENTACLES-ONE>Um cavaleiro senta-se em um cavalo preto, segurando um pentagrama, examinando o mundo ao seu redor. Ele parece um tanto infeliz ou zangado. Os termos-chave que representam este cartão são: inflexibilidade ou ideia fixa, teimosia, cautela, praticidade ou não gostar de mudança. Pode representar uma pessoa real na vida de alguém que é prático, persistente, meticuloso e detalhista. No entanto, essas características também podem levar alguém a ser sem emoção ou sem alegria na vida. Ele também pode representar o desejo de ter o conforto financeiro ou material que o dinheiro pode comprar ou ter o melhor de tudo. </KNIGHT-OF-PENTACLES-ONE>
<QUEEN-OF-PENTACLES-ONE>A rainha senta-se em seu trono, olhando para o pentagrama no colo. Seu trono está fora, rodeado por um cenário luxuoso e belo. A rainha pode simbolizava uma pessoa real na vida. Ela tem tudo na vida: uma boa casa, estabilidade e segurança financeira. Ela poderia ser um empresário ou alguém que está no controle de suas fortunas e destino. As qualidades descritas neste cartão incluem sucesso, generosidade, confiança, liberdade, segurança e sinceridade. Outros termos-chave incluem a praticidade na vida, foco no negócio, organização, estabilidade, conexão com a terra e com a natureza, e foco em sua casa, tornando-a confortável. </QUEEN-OF-PENTACLES-ONE>
<KING-OF-PENTACLES-ONE>O Rei se senta em seu trono, mas deve ficar atento. Ele está vestindo uma armadura sob suas vestes, mostrando que está pronto para a batalha, se necessário. Este rei está preocupado com os lados práticos e materiais da vida. Ele é um líder em assuntos monetários e ambientais. Se ele representa uma pessoa real, poderia ser um líder de negócio que poderia ensinar aos outros algumas coisas sobre ser bem sucedido financeiramente. Qualidades deste rei incluem coragem, inteligência, intelecto, lealdade e uma aptidão para os negócios. Ele também é generoso, algo que todos deveriam ser se forem capazes. Ele também é meticuloso, certificando-se de verificar as coisas com cuidado e quer tudo concluído com precisão. </KING-OF-PENTACLES-ONE>
<ACE-OF-CUPS-ONE>Uma mão está segurando uma xícara, que transborda água em uma lagoa ou lago, uma pomba voa acima do copo. Esta carta pode representar várias características, tais como felicidade, novos começos, contentamento e paz. Copos muitas vezes são referidos nessa carta, e isso pode representar o início de um relacionamento, casamento, ou o parto. Termos-chave incluem começos criativos, ofertas de amor ou amizade, novas ideias ou sentimentos de criatividade. A frase "o seu cálice transborda" é simbólico destes novos começos e da bênção que esta carta representa. A mudança positiva está chegando, focada principalmente em emoções e áreas criativas. </ACE-OF-CUPS-ONE>
<TWO-OF-CUPS-ONE>Esta carta mostra um homem novo e uma nova mulher, comprometendo sua devoção um ao outro. O sentido figurado é de amor, noivado, casamento, amizade, harmonia e união com o outro. Pode representar tendo uma alma gêmea, entrando no amor, ou tendo uma conexão real com o outro. Esta carta demonstra relações iguais entre duas pessoas. A relação não necessariamente precisa ser de amor. Ele também poderia simbolizar a cooperação entre duas pessoas em qualquer empreendimento tal como uma parceria de negócios. Por fim, também pode simbolizar pessoas com diferentes talentos que se juntam para um bem maior. Uma enorme quantidade de energia é criada quando as pessoas se unem para um propósito singular. </TWO-OF-CUPS-ONE>
<THREE-OF-CUPS-ONE>Esta carta descreve três mulheres, levantando suas taças para brindar. Eles também poderiam fazer uma promessa um ao outro. As cores dessa carta são o branco que representar a pureza espiritual, o amarelo para energia, e o vermelho para a ação, as três características necessárias para ter sucesso em alguma coisa. O humor está bom e as coisas estão indo bem em sua vida e essa carta representa que é hora de comemorar com a família e amigos. Termos-chave para este carta incluem celebração, trabalho em equipe, sucesso, e comemoração com amigas do sexo feminino. Este carta pode significar que é hora de sair e socializar com os outros e fazer conexões, especialmente com mulheres. </THREE-OF-CUPS-ONE>
<FOUR-OF-CUPS-ONE>Um homem senta-se sob uma árvore contemplando três taças que estão a sua frente. Sua expressão é de uma pessoa entediada, infeliz e insatisfeito com o que está à sua frente. Uma mão está oferecendo-lhe uma taça, mas você não esta enxergando. Ele parece estar ignorando o fato de que algo melhor poderia vir até você. Termos-chave para esta carta incluem reflexão, sendo absorvido de problemas, sentindo apático, preso, e anti-social. Esta carta representa um momento de reflexão. Embora seja importante dar um passo para trás, nem sempre isso é uma coisa boa, dependendo de quais sejam as circunstâncias. </FOUR-OF-CUPS-ONE>
<FIVE-OF-CUPS-ONE>Uma pessoa em um manto escuro está enfrentando três taças que foram derramadas e estão ao seu lado. Duas taças que ainda estão em posição vertical para as costas. Este cartão mostra a perda, mas também o que ainda se tem. Isso demonstra a importância de onde você coloca seu foco. A pessoa do cartão está incidindo sobre o que ele perdeu, enquanto ainda há taças que têm os seus conteúdos, que parecem estar ignorando. É hora de seguir em frente e parar de sentir pena de si mesmo. Ele também representa a separação, sacrifício e certa quantidade de arrependimento. Termos-chave incluem perda, pesar, vivência no passado, sentimentos negativos, tristeza e passando por um período de luto. </FIVE-OF-CUPS-ONE>
<SIX-OF-CUPS-ONE>Duas crianças novas que estão em um jardim com seis taças cheias de flores. Elas são destinadas a representar o passado. As pessoas muitas vezes olham para trás em sua infância com um sentimento de nostalgia, lembrando-se dos momentos felizes que tinham quando a vida parecia muito mais simples. Embora possa ser divertido lembrar às vezes dias passados, também é importante não ficar preso no passado e continuar a viver no presente. Termos-chave incluem reviver memórias felizes, pensar ou se reunir com pessoas do passado e qualquer coisa a ver com a infância, incluindo cuidar da criança interior. </SIX-OF-CUPS-ONE>
<SEVEN-OF-CUPS-ONE>Sete de copas em uma nuvem aparece antes de uma pessoa no cartão. Cada taça contém um prêmio diferente. Este cartão representa muitas coisas, incluindo voos de imaginação, uma escolha que alguém tem que fazer, tentação ou engano. Tantas coisas são apresentadas o que pode ser difícil de escolher. Palavras-chave incluem várias opções, tomada de uma decisão, com foco em uma coisa, sentir confusão ou enfrentar o desconhecido. O valor da cor azul no cartão representa a necessidade de lógica para ser usada ao fazer sua escolha. É hora de ter clareza sobre o que se quer antes de se poder tomar uma decisão. </SEVEN-OF-CUPS-ONE>
<EIGHT-OF-CUPS-ONE>Alguém é visto de costas no oito de copas, afastando-se do que ele tinha. O cartão é escuro, com a lua sobre o sol, mostrando um eclipse. Os termos-chave para este cartão incluem distanciar, tomar um novo rumo na vida que não há como voltar atrás, ou um ultrapassando pontes. Quando se vai embora, muitas vezes deixa-se tudo completamente para trás. O caminho à frente é difícil e o movimento não é fácil. Momentos de escuridão podem estar à frente, como representado pela lua cobrindo o sol neste cartão. Por último, isso poderia significar que alguém está se sentindo insatisfeito com uma vida que foi construída sobre o superficial e anseia por algo mais profundo e significativo. </EIGHT-OF-CUPS-ONE>
<NINE-OF-CUPS-ONE>Um homem sentado diante de uma mesa com nove taças. Ele foi capaz de comer e beber até que teve o seu preenchimento, e agora está contente com o que tinha. Seu coração é o conteúdo. Palavras-chave incluem felicidade, contentamento, satisfação e possivelmente até mesmo um sentimento de presunção. O cartão representa os desejos se tornando realidade, sentindo prazer nas atividades e conseguindo o que se quer da vida ou em uma determinada situação. É um cartão de pura indulgência, recebendo tudo o que se quer. Também simboliza o sucesso em qualquer área da vida, e mostra que se deve celebrar os sucessos e a própria vida. </NINE-OF-CUPS-ONE>
<TEN-OF-CUPS-ONE>Essa é a carta mais feliz do baralho. A família é vista celebrando sob um arco-íris alinhado com dez copos. As crianças estão dançando, o casal esta com as mãos levantadas para o arco-íris, como se desse graças ao mundo por sua boa fortuna. Esta carta mostra amor, realização, felicidade e harmonia. A família está próxima e amar um ao outro profundamente, o bem-estar emocional está no seu auge. Neste momento, as coisas parecem quase perfeitas. Essa carta representa uma sensação de bem-estar espiritual e a necessidade de prestar atenção a em seu lado espiritual. Termos-chave para esta carta incluem a felicidade da família, bênção, amor, contentamento e alegria das crianças. </TEN-OF-CUPS-ONE>
<PAGE-OF-CUPS-ONE>A carta de Copas traz uma mensagem sobre um amor ou outro tipo de relacionamento. A página pode representar uma criança, o que pode significar que um bebê ou criança pode estar chegando a sua vida. Esta criança é alimentada melhor em um ambiente de apoio. A criança precisa de amor, carinho e atenção, ela é uma criança sensível, criativa e uma sonhadora, calma, gentil e amável. Termos-chave incluem nascimento, gravidez, começando um novo projeto, um trabalho de amor, criatividade, ou novas ideias. O nascimento pode ser um nascimento literal ou um figurativo, para se iniciar um novo projeto. </PAGE-OF-CUPS-ONE>
<KNIGHT-OF-CUPS-ONE>O cavaleiro monta em seu cavalo de forma graciosa, carregando uma taça em suas mãos. Suas melhores qualidades incluem delicadeza, sensibilidade, afeto, consideração e criatividade. Além disso, todos os cavaleiros podem representar uma viagem. Termos-chave incluem um ser sensível, romântico, emocional, amoroso, e cuidadoso. Ao representar uma pessoa real, essa deixa de ser amorosa, atenciosa, generosa e, possivelmente, ficaria até irreconhecível. Ele não quer ferir os sentimentos dos outros. Esta pessoa se sente tudo de forma muito profunda, e pode até ter alguma dificuldade em ser sensível. Como um cavaleiro, esta carta também pode significar que uma mensagem está chegando ou que alguém está oferecendo amor e amizade. </KNIGHT-OF-CUPS-ONE>
<QUEEN-OF-CUPS-ONE>A rainha é uma figura maternal. Ela está sentada em seu trono, vestida de branco, a cor da pureza espiritual, segurando um cálice ornamentado em suas mãos. Ela se senta à beira da água, representando as emoções deste naipe. Amor e compaixão são as chaves dessa carta, juntamente com a sensibilidade, a intuição, sentindo artístico das emoções. A rainha é uma romântica, artística, criativa, e ouve a sua intuição para encontrar as respostas que procura. Quando ela representa uma pessoa real, todos vêm até ela pedir ajudar com seus problemas. Ela é guiada por seus sentimentos, e seu coração está cheio de compaixão. Isso também pode significar que tudo esta ligado aos seus sentimentos. </QUEEN-OF-CUPS-ONE>
<KING-OF-CUPS-ONE>O rei governa os reinos dos relacionamentos, emoções, coração e os sentimentos pessoais. Ele se preocupa profundamente com aqueles em seu reino e se sente profundamente sobre a necessidade de compaixão e bondade neste mundo. Ele se senta em seu trono, segurando uma taça na mão, cercado por água, o que representa as emoções. As chaves para esta carta incluem sentimentos de amor, sonhos, emoções profundas, gentileza e criatividade. Geralmente representando alguém mais velho do que o consulente, essa pessoa goza de paz e harmonia. Ele é um sonhador, mas também é um perfeccionista. Ele às vezes pode reter seus próprios sentimentos, para não ferir os sentimentos dos outros.</KING-OF-CUPS-ONE>
</ROOT>
