<ROOT>
<ACE-OF-CUPS-ONE >このカードは、リスクを伴う新たな探求に、あなたが緊張や困難なしにいくらか大胆なステップをふみであろうことを示します。これのプロジェクトは最終的にはあなたの必要としていることに対応するのに役立つでしょう。これはあなたが金銭的な利益を得るので良い時でしょう。 </ACE-OF-CUPS-ONE >
<TWO-OF-CUPS-ONE >どんな金銭的な争いやまたは契約は同意を得て解決し、そしてそれはあなたを安心させます。あなたのビジネスの利益は増加し、またはもうすぐ昇給するでしょう。 </TWO-OF-CUPS-ONE >
<THREE-OF-CUPS-ONE >このカードは、あなたは今安定的な収入を持っており、収入と出費の適正なバランスがあることを示します。様々な小規模の源泉から良いお金の流入があるようで、あなたは満足を感じるでしょう。 </THREE-OF-CUPS-ONE >
<FOUR-OF-CUPS-ONE >このカードは、もし何か金銭的に予期しないことや金銭に関する状況があった場合、あなたは上手くこれに対処する立ち位置にいることを示します。特にお金の回収やお金に関するどんな法的問題を解決することに関して、あなたは非常にはやく知恵を出し仕事を終える能力があるでしょう。 </FOUR-OF-CUPS-ONE >
<FIVE-OF-CUPS-ONE >このカードは、あなたは今あなたの財力に注意を払わなくてはならず、あなたの財務状況は今少し不安定のようであることを示します。あなたはあらゆる支出に関して慎重にならなくてはならず、実用的でしっかりとしたアプローチのみがこの状況をやりくりするのに役立ちます。 </FIVE-OF-CUPS-ONE >
<SIX-OF-CUPS-ONE >このカードは、あなたは今自身の財力について心配しなくて良いことを示します。あなたの支出と収入はチェックされ、お金は様々な方面から動きます。あなたは自分の稼ぎに満足し、あなたに喜びのショックを起こさせる突然の大当たりがあるかもしれません。 </SIX-OF-CUPS-ONE >
<SEVEN-OF-CUPS-ONE >このカードは、あなたの支出に関して何か小さな危機があるかもしれませんが、あなたはそれを解決することを示します。物事はもうすぐ修正されるので、そんなに心配することはないでしょう。そしてまた、あなたは様々な源泉からいくらか小さな収入を作るでしょう。 </SEVEN-OF-CUPS-ONE >
<EIGHT-OF-CUPS-ONE >このカードは、あなたが抑えようとしても支出が増加し続ける状況に陥る可能性があるので、あなたは自分の支出を注意深く監視しなくてはならないことを示します。あなたは稼ぎが支出を賄うのに十分ではないと感じ、これはまたあなたを少し落胆させ、不満足にさせるでしょう。 </EIGHT-OF-CUPS-ONE >
<NINE-OF-CUPS-ONE >このカードは、あなたが収入に関して少し不満足であることに直視しなくていけないことを示します。あなたはしばらくの間、債務者の1人よりいくらかお金を得ますが、お金に関することで関係が壊れたことによりいくらか争いが起こるでしょう。しかし、あなたは状況をよく整理し、物事は解決されるでしょう。 </NINE-OF-CUPS-ONE >
<TEN-OF-CUPS-ONE >このカードは、あなたは財布の紐をゆるめ、通常よりも少し多く使って欲望を満たそうとすることを示します。あなたの稼ぎは良くなり、あなたは家族や友人と満喫することを自分に許すので、あなたは愛する人たちにギフトを買うことになり、お金を使うことを気にしないでしょう。 </TEN-OF-CUPS-ONE >
<PAGE-OF-CUPS-ONE >あなたは昇級や何か仕事の評価を期待しているでしょう、これはもうすぐ起こる可能性があります。また、もうすぐあなたにもっと好機が訪れようとしているので、あなたは色々心配しなくてよいでしょう。 </PAGE-OF-CUPS-ONE >
<KNIGHT-OF-CUPS-ONE >このカードは、あなたの金銭状況に関するアクションにおいて、あなたに幸運があることを示します。あなたは昇給、利益の増加、または予想していない源泉からの多額のお金など、嬉しい金銭的なサプライズを得るでしょう。もしあなたのお金がどこかで動かなくなっている場合、そのお金はあなたの元へ戻ってくるでしょう。 </KNIGHT-OF-CUPS-ONE >
<QUEEN-OF-CUPS-ONE >このカードは、あなたはもうすぐ金銭的に心細いと感じないようになることを示します。金銭的な危機の場合にあなたを助ける準備ができている人がたくさんいます、またはあなたが投資に関して助言を求めている場合には適切な人々から助言を得られるでしょう。あなたはコミッションを受け取ったり、または何か他の源泉からお金を受け取るのにそんなに多くの問題を抱えないでしょう。 </QUEEN-OF-CUPS-ONE >
<KING-OF-CUPS-ONE >このカードは、あなたが仕事または投機より収入がある可能性を示します。もしあなたが新たな取引や新たな契約をしている場合、あなたの動きを監視している誰かがいるので、あなたは書類作成と全ての規約に関して注意する必要があります。 </KING-OF-CUPS-ONE >
<ACE-OF-PENTACLES-ONE >このカードは、あなたがお金の様々な収入源を願っており、この時期はあなたに有利であなたが新たな収入源を見つけることを示します。あなたは長期的な金銭面における目標を考えており、あなたにある計画や投機の機会がやってくるでしょう。 </ACE-OF-PENTACLES-ONE >
<TWO-OF-PENTACLES-ONE >このカードは、あなたがビジネスと私生活において財政的な計画のプロセスにおり、あなたが関係者からの承諾をえること示します。もしあなたが新たな投資を計画している可能性がある場合、多額の支出があるでしょう。あなたは支出をしっかり調べなければならないでしょう。 </TWO-OF-PENTACLES-ONE >
<THREE-OF-PENTACLES-ONE >このカードは、予期していない源泉からあなたがお金を受け取り、あなたの家族や同僚から支援があることを示します。あなたはまた、増加した収入の収入源を見つけようと努め、その追求のため中断しているプロジェクトや活動を開始したり、または新しく始めたりすることでしょう。 </THREE-OF-PENTACLES-ONE >
<FOUR-OF-PENTACLES-ONE >このカードは、送金に関して多くの活動があることを示しています。 あなたはいくつかの金銭的利益を得るためにいくつかの法的手続きを含むかもしれない書類の多くを通過する必要があります。 あなたは財政の安定性を見つけるでしょう、そしてあなたはあなたの通常の経費の世話をするのに十分を持っているでしょう。 </FOUR-OF-PENTACLES-ONE >
<FIVE-OF-PENTACLES-ONE >このカードは、あなたが自己啓発や自己満足にお金を使っている可能性を示します。あなたは全ての支出をまかなうことができるので、あなたの財政はしかるべき状態になるでしょう、また、たくさんの問題や困難にも関わらずあなたは前進するので、幸運はあなたの味方となるでしょう。 </FIVE-OF-PENTACLES-ONE >
<SIX-OF-PENTACLES-ONE >このカードは、あなたが問題を抱えることになるかもしれないので、あなたにとって少し困難な時となることを示します。あなたの友人はあなたを特に注意を払う必要のない人と思い、あなたのお金を返さない、または支払い期限までに家賃を払わない、ということがあるでしょう。これは状況の悪化や精神障害につながる可能性があり、またいくらかの争いも示されています。そのような状況であなたは冷静さを保つことが推奨されます。 </SIX-OF-PENTACLES-ONE >
<SEVEN-OF-PENTACLES-ONE >このカードは、物事が最初の財政に関して非常に暗いように見えるかもしれないことを示し、物事はあいまいで不明瞭に見えるかもしれません。しかし、近くの誰かの助けと指導を受けて、ビジネスや個人的なベンチャーを通じて何らかの金銭的利益がすぐに起こるでしょうし、これはあなたに新しい希望を与えるでしょう。 </SEVEN-OF-PENTACLES-ONE >
<EIGHT-OF-PENTACLES-ONE >このカードは、あなたはしばらくの間、金銭面において幸運があり、心配事がないことを示します。何か金銭の収入があり、またはあなたはついに欲しかったものを購入するでしょう。幸福な人生への鍵はあなたが得たものに満足することです、そして物事はしばらくの間あなたに忠実なものとなるでしょう。 </EIGHT-OF-PENTACLES-ONE >
<NINE-OF-PENTACLES-ONE >このカードは、あなたがもうすぐたくさんの幸運を手にし、金銭面においても適切な方向に物事が進むように見えること示します。もしあなたが何か金銭的な問題を抱えていた場合、問題は解決し、また何か良いニュースがあなたの元へもうすぐ届くでしょう。 </NINE-OF-PENTACLES-ONE >
<TEN-OF-PENTACLES-ONE >このカードは、あなたの稼ぎと支出に適正なバランスがあり、あなたのお金のほとんどを費やす家計の請求書を解決しなければならいことを示します。もしあなたがずっと望んでいる何かの購入があった場合、もしくはお金に関する重要な決断があった場合、それは実行されます。 </TEN-OF-PENTACLES-ONE >
<PAGE-OF-PENTACLES-ONE >このカードは、あなたの財政は今良くバランスが取れていますが、あなたが不十分だと感じる時があるであろうこと示します。これはあなたをいっそう悩ませ、大きな反動につながることもあります。このカードは良い時期が前途にあることを示すので、あなたは少し落ち着く必要があるでしょう。 </PAGE-OF-PENTACLES-ONE >
<KNIGHT-OF-PENTACLES-ONE >このカードは、あなたの金銭状況においてあまり問題がないであろうことを示します。お金を返す気が進まない人たちもいくらかいるでしょうが、これは心配の種になりそうです。あなたは今自覚をしていないかもしれませんが、何か良い幸運があなたのもとへもうすぐ訪れるでしょう。 </KNIGHT-OF-PENTACLES-ONE >
<QUEEN-OF-PENTACLES-ONE >このカードは、もしあなたの金が誰かによって妨げられている、もしくはどこかで紛失した場合、それは清算され物事が解決する可能性が高いことを示します。あなたのお金は戻り、またあなたは何か小規模なお金の獲得や収入の増加を期待できるでしょう。 </QUEEN-OF-PENTACLES-ONE >
<KING-OF-PENTACLES-ONE >このカードは、あなたの金銭面に関することにおいてほとんど何もないことを示します。あなたにいくらか利益のある機会が訪れるでしょうが、あなたは注意をもってそれらを見極めなければならないでしょう。あなたにとって幸運なものとなるようなので、あなたが自宅か近所で取引を行うことが推奨されます。 </KING-OF-PENTACLES-ONE >
<ACE-OF-SWORDS-ONE >このカードは、お金やあなたの財政に関する事柄は、あなたが期待するようにはならないことを示します。特に予期しない出費に関する心配事がいくらかあるでしょう。あなたの収入は安定的になるでしょうが、あなたは収入と増加する出費のバランスをとるために一生懸命に努力しなくてはならないでしょう。 </ACE-OF-SWORDS-ONE >
<TWO-OF-SWORDS-ONE >このカードは、あなたの金銭状況は適正になり、あまり心配することはないことを示します。新たな投機や債券に関する懸念事があり、あなたの頭をよぎることがいくつかあるでしょうが、あなたはしっかりとした決断をするのに懐疑的になるでしょう。 </TWO-OF-SWORDS-ONE >
<THREE-OF-SWORDS-ONE >このカードは、あなたの金銭面に関して良い時期となり、定期的なお金の流れがあることを示します。あなたは最も予期しない収入源からお金を稼ぐか、もしくはあなたの過去の投機が利益を発生し始めるかもしれません。もしあなたの債務者の誰かがあなたのお金を返すのを渋っていた場合、物事はもうすぐ解決されるでしょう。 </THREE-OF-SWORDS-ONE >
<FOUR-OF-SWORDS-ONE >このカードは、あなたのお金の流入は少し停滞することを示します。また、あなたのビジネスパートナーや債務者とお金に関して争うことになる状況があるかもしれません、もしくは支払いの遅延により落胆することがあるかもしれません。しかし、あなたの金銭状況はしばらくすれば安定的になるので、この混乱はもうすぐ終了するでしょう。 </FOUR-OF-SWORDS-ONE >
<FIVE-OF-SWORDS-ONE >このカードは、あなたの収入と支出はバランスが取れ、またあなたは様々な他の収入源から稼ぐようなので、あなたは金銭的に満足すること示します。しかし、それにも関わらず、金銭面について何か意識感覚があるようです。あなたはあなたの金銭状況についてあまり心配せず、しばらくの間気楽にすることが推奨されます。 </FIVE-OF-SWORDS-ONE >
<SIX-OF-SWORDS-ONE >このカードは、お金に関して運があなたの味方にならず、あなたがお金を稼いだり、あなたの支出をやりくりしたりするのに苦労することを示します。しかし、もうすぐ時は変わり、全くの偶然により何もすることなくお金を稼ぎ、あなたはそれを楽しむことでしょう。 </SIX-OF-SWORDS-ONE >
<SEVEN-OF-SWORDS-ONE >このカードは、あなたが何か望まない決断をしなければならないので少し神経質になったり怒りを感じたりするかもしれませんが、あなたは物事をすぐに解決する可能性が高いのであなたの心配を考えないようにできること示します。また、もうすぐあなたが何か金銭的な収入を得たり、単に何かを当てたりする可能性があるでしょう。 </SEVEN-OF-SWORDS-ONE >
<EIGHT-OF-SWORDS-ONE >このカードは、あなたの収入が停滞するように感じ、査定を受けることを期待していることを示します。あなたは必要なことに対処するためお金を少し稼ぐ他の方法を探すのに努めるでしょう。あなたはそうすることに成功し、最終的にあなたの妥協の妥協策を見つけるでしょう。 </EIGHT-OF-SWORDS-ONE >
<NINE-OF-SWORDS-ONE >このカードは、金銭面におけるあなたの人生で最良の時の一時になることを示します。あなたは通常の仕事でたくさん稼ぎ、またもうすぐ昇給することでしょう。あなたは非常に利益になる何か新しいビジネスの取引に従事するか、もしくはあなたは十分なお金を稼ぐ平行した方法を何か見つけるでしょう。 </NINE-OF-SWORDS-ONE >
<TEN-OF-SWORDS-ONE >このカードは、もし今あなたが対処している金銭的な問題が何かある場合、それらはもうすぐ解決されることを示します。また、あなたを喜びで興奮させる何かお金の収入、もしくは仕事での過去の投機や査定からの特別な利益を得る際に驚くことになる可能性があります。 </TEN-OF-SWORDS-ONE >
<PAGE-OF-SWORDS-ONE >このカードは、継続的にあなたを悩ませるあなたの金銭面に関する何かがあることを示します。あなたはあなたの金銭状況について心配を感じており、支出を抑えようと努めるでしょう。しかし、これは最初の会議で解決しないので、終わりのない問題となるようです。 </PAGE-OF-SWORDS-ONE >
<KNIGHT-OF-SWORDS-ONE >このカードは、あなたの友人もしくは親しい人の1人が新しいパートナーシップの取引や新たな投機の参加を提案することを示します。代わりに多くのことをあなたに望まないので、それは大きく役立つことになるでしょう、またあなたは彼らの所作に満足を感じるでしょう。 </KNIGHT-OF-SWORDS-ONE >
<QUEEN-OF-SWORDS-ONE >このカードは、あなたはお金に関することで誰かに裏切られる可能性を示します。あなたからいくらかお金を借りた人、そして家賃の遅延や請求書もしくは物などを返す気がない人がいることでしょう。また、これによりあなたは動揺し、口論や対立することにつながる可能性があります。 </QUEEN-OF-SWORDS-ONE >
<KING-OF-SWORDS-ONE >このカードはあなたがリラックスしてあなたの財政について考えすぎることをやめる必要があることを示唆しています。 あなたの収入は安定しているでしょうが、それでもあなたが避けられないかもしれないいくつかの反発的な状況のために家族とあなたの周りに広がる圧力があるでしょう。 </KING-OF-SWORDS-ONE >
<ACE-OF-WANDS-ONE >このカードは、あなたが何か金銭的な収入を得る可能性が高いことを示します。これらの収入はあなたの能力に関する何かによる所以です。もしあなたが仕事の展示を計画していたり、あなたのジビネスにおいて独自のコンセプトを思いついたりしたら、今はそれを実行する適切な時です。 </ACE-OF-WANDS-ONE >
<TWO-OF-WANDS-ONE >このカードは、もしあなたが何らかの金融紛争を抱えていたり、いくつかの金融協定について考えていたのであれば、それらはついに合意され解決され、あなたが安心できるようになることを示しています。 あなたのビジネスであなたの利益が増加する可能性がありますまたはあなたはすぐにあなたの給料の上昇を得るかもしれません。 </TWO-OF-WANDS-ONE >
<THREE-OF-WANDS-ONE >このカードは、今あなたの友人や同僚は金銭的な大きな助けとなるので、あなたは彼らと連絡を取り続けることを示します。あなたのビジネスや仕事はあなたが期待していたよりももっと多くの利益をもたらし繁栄するでしょう。あなたが切望して楽しみにしていた追加の利益をもたらすビジネスの取引が解決するでしょう。 </THREE-OF-WANDS-ONE >
<FOUR-OF-WANDS-ONE >このカードは、あなたの金銭面は今安定的で、あなたは色んな収入源よりお金を受け取ることを示します。あなたの仕事は今円滑で、あなたが以前行っていたよりも良くやることになるので、あなたはお金の取引が清算されるのに何も問題を抱えないでしょう。 </FOUR-OF-WANDS-ONE >
<FIVE-OF-WANDS-ONE >このカードは、あなたは今お金に関していくらか幸運を持つことを示します。もしあなたが不動産や投資に関係するどんな争いを抱えていても、あなたは優位な立場となる可能性がありそうです。あなたはあなたの金銭面をよく管理し、これはあなたの家族の期待に答えるのに十分な蓄えを作るのに役立つでしょう。 </FIVE-OF-WANDS-ONE >
<SIX-OF-WANDS-ONE >このカードは、あなたのお金が誰かによって、またはどこかで保持されていることに関連する特定の問題があることを示しています。これは、あなたが非常に心配を感じることができ、あなたがそれを気づかずにケチに行動する場合があります。しかし、この困難な時間はすぐに通過し、あなたの資金がソートされます。 </SIX-OF-WANDS-ONE >
<SEVEN-OF-WANDS-ONE >このカードは、もしあなたの金銭面に関する何か困難や障害物があった場合、それらはもうすぐ清算されることを示します。あなたはあなたの貯金計画やお金の動きの利益を得るでしょう、それはあなたに満足感や嬉しさを感じさせるでしょう。これはまた、あなたが少し贅沢に耽ることにつながるでしょうが、あなたはそれに値します。 </SEVEN-OF-WANDS-ONE >
<EIGHT-OF-WANDS-ONE >このカードは、物事が非常にすぐに良いのために変更されることを示しています。あなたの財務状況は、あなたの会社の新しい収益性の高い取引をクラックするように、予想以上に繁栄しますそれはあなたがあまりにも賞賛を獲得するのに役立ちますし、近い将来に出席し、利益を上げる機会に出席する会議の多くがあります。 </EIGHT-OF-WANDS-ONE >
<NINE-OF-WANDS-ONE >このカードは、短期間にあなたはいくらか利益と損失を出すので、あなたの金銭的状況は今ほとんどバランスが取れていることを示します。しかし、あなたは満足な状態を保ち、日々の支出をやりくりするために稼ぐので、心配の種はないでしょう。そしてあなたは、もっと他の収入源を見つけるのに成功するでしょう。 </NINE-OF-WANDS-ONE >
<TEN-OF-WANDS-ONE >このカードは、あなたの顧客や上司と他の問題につながる恐れのある何か諍いが起きるようなので、あなたはお金の取引に対して少し懐疑的になることを示します。あなたはもっと他の収入源を得るためにこれらの問題ある状況の先を見ようとするでしょうが、これはあなたが思うよりも困難なものとなるでしょう。 </TEN-OF-WANDS-ONE >
<PAGE-OF-WANDS-ONE >このカードは、いくらかの分野は弱い状態を保ち続けますが、あなたの仕事のある部分に関して、あなたは利益が入ってくるのに気づくことを示します。また、銀行との取引もしくは金銭的な書類作成に問題があるかもしれません。 </PAGE-OF-WANDS-ONE >
<KNIGHT-OF-WANDS-ONE >何か予期しない収入源よりお金の流入があるかもしれませんが、これは大した額ではないでしょう。あなたの借主からのお金の回収の作業は、少し重い負担となり、あなたが期待していたものを得られないでしょう。そしてそれは何かしら口論や落胆を生じさせるかもしれません。 </KNIGHT-OF-WANDS-ONE >
<QUEEN-OF-WANDS-ONE >あなたは贅沢をする気分になり、あなたが期待していたよりもお金を派手に使うかもしれず、あなたのクレジットカードの請求書はショッキングなものとなるでしょう。これはしばらくの間あなたを悩ませることがあり、あなたはこの状況の代替手段を考えるでしょう。しかし、あなたの決断は実際には後の人生に有益なものと判明するでしょう。 </QUEEN-OF-WANDS-ONE >
<KING-OF-WANDS-ONE >このカードは、あなたが通常の仕事よりお金を稼ぎますが、他の方法で最良な取引をしようと努めることを示します。しかし、市場は非常に要求が非厳しくなっており、もしあなたが自分のビジネスを持っている場合、あなたは新たな取引先やプロジェクトを獲得するのに少し苦労しなければならないでしょう。雇用されている人は、もうすぐあなたが直面しなければならない何か厄介な競争があるでしょう。 </KING-OF-WANDS-ONE >
<THE-MAGICIAN-ONE >このカードは、ビジネスやお金の取引におけるあなたの人生の新たな始まりを示します。新しいビジネス投機や他の取引に関して、前途は繁栄を成功をしめしており、あなたのお金に関する試みは成功するようなのであなたは安心できるでしょう。 </THE-MAGICIAN-ONE >
<THE-HIGH-PRIESTESS-ONE >このカードは、あなたはしばらくの間物事を確認しなければならないことを示します。あなたは小包、郵便、または金銭に関係する何かの到来を期待しているでしょう。これはあならが期待する以上に長くかかりますが、最終的にあなたは長期間待った恩恵の報い受けるでしょう。 </THE-HIGH-PRIESTESS-ONE >
<THE-EMPRESS-ONE >このカードは、あなたの金銭面における取引をもっと整理する必要があることや、あなたのビジネスパートナーや同僚と何の情報を共有するか注意をする必要があることを示します。しかし、約束された金額は推移しており、もうすぐあなたの元へやって来るのであなたは緊張状態を解いてよいでしょう。 </THE-EMPRESS-ONE >
<THE-EMPEROR-ONE >このカードは、もしあなたのお金やもしくは金銭に関する書類が滞っている場合、それらはもうすぐ清算されることを示します。あなたは給与が上がったり、何かの金銭的収入を得たりするようなのでお祝いする理由があるでしょう。これはあなたを気ままに振る舞うようにさせますが、あなたは罪悪感を感じなくて良いでしょう。 </THE-EMPEROR-ONE >
<THE-HIEROPHANT-ONE >このカードは、あなたは収入のバランスを取り、支出を抑えて管理する必要があることを示します。あなたはあなたの債務者からお金を回収することに何か問題があるでしょう。あなたは心配されますが、物事は金銭的に円滑に運用されるでしょう。 </THE-HIEROPHANT-ONE >
<THE-LOVERS-ONE >このカードは、あなたは昇格したり追加のボーナスや恩恵を得たりするので良いお金の動きがあることを示します。これはあなたを金銭的に安定させるのに役立ち、あなたは今欠点についてあまり心配しなくてよいでしょう。また、あなたはもうすぐお祝いする理由を得るので何かお金を贅沢に使うことがあるでしょう。 </THE-LOVERS-ONE >
<THE-CHARIOT-ONE >あなたのお金は人々や他の取引などで滞り、またそれを回収するのは困難となるのでストレスを感じるでしょう。これはまた、より一層ストレスを感じる何か法的な問題につながる可能性もあります。しかし、あなたの努力が予期しないところからお金をもたらすので、物事は最終的に楽になります。 </THE-CHARIOT-ONE >
<STRENGTH-ONE >このカードは、お金の取引に関してあなたは今より実質的に考えていることを示します。　今は、もっと早くに支払われているべき債務者からのお金を回収する良い時ですが、様々な理由により回収は遅れるでしょう。問題において大いに役立つ財務の書類をあなたは全て整理するでしょう。 </STRENGTH-ONE >
<THE-HERMIT-ONE >このカードは、あなたが予期しない収入やボーナスを得ることを示します。あなたこれに喜びでショック受け、とても嬉しくなります。そしてまたこれは、いくらかの贅沢や友人と家族とのお祝いをする理由となるでしょう。あなたはまた、債務者からあなたのお金が支払われるので愛する人との休暇を計画するでしょう。 </THE-HERMIT-ONE >
<WHEEL-OF-FORTUNE-ONE >このカードは、あなたのビジネスは十分な利益を出していないので心配の種があることを示します。また、あなたが以前に気づかなかった何か抜け道があるでしょう。愛する人からの指導や支援は、金銭的な心配事からあなたを救うのに役に立つでしょう。 </WHEEL-OF-FORTUNE-ONE >
<JUSTICE-ONE >このカードは、今はあなたにとって金銭面における困難な時となることを示します。あなたのビジネスはあまり上手くいっていない、もしくは他の収入源が何らかの理由で父王になっていることに気づくでしょう。あなたが直面しなければならない困難な時がありますが、時はもうすぐ少なくとも金銭的に良くなるので気が休まることでしょう。 </JUSTICE-ONE >
<THE-HANGED-MAN-ONE >このカードは、誰かがかれらの利益のためにあなたを騙したり、もしくは誤誘導したために、非常に小規模ですが何か金銭的な破綻に直面しなければならいことを示します。しかし、あなたはもうすぐこれを実感し、あなたにふさわしいことを得るために必要な措置を講じるでしょう。 </THE-HANGED-MAN-ONE >
<DEATH-ONE >このカードは、今お金に関する何かストレスがあることを示します。あなたが最近金銭的なひどい挫折に苦しんだり、もしくはあなたに多額のお金を返す予定の人が逃げたりしたことが原因の可能性があります。この状況はあなたを警戒させ用心させます。 </DEATH-ONE >
<TEMPERANCE-ONE >このカードは、あなたのお金は今状態が交代に逆転する状況にあることを示します。ある時は、あなたはお金を持っている一方で、ある時は持っていない、などジェットコースターに乗っているような感じでしょう。これは最初少し混乱しますが、あなたのビジネスはあなたを満足させる十分な利益を出すことでしょう。 </TEMPERANCE-ONE >
<THE-DEVIL-ONE >このカードは、あなたのお金に関してたくさんの金銭的な問題に直面しなくてはならないことを示します。これは不運な決断、家族の健康の問題、もしくは法的な事柄により起こった可能性があります。これはしばらくの間続きますが、物事はすぐに改善にするでしょう。 </THE-DEVIL-ONE >
<THE-TOWER-ONE >このカードは、あなたは何か予期していない支出により、金銭的な挫折に直面しなければならないことを示します。あなたのビジネスは必要とされる利益を生み出さず、これは致命的な懸念ごととなるでしょう。また、あなたの主要な顧客もしくは最も利益を出すプロジェクトで損を出す可能性があるでしょう。 </THE-TOWER-ONE >
<THE-STAR-ONE >あなたは、お金の良い流れにつながる、新しいプロジェクトやビジネスの機会を得るでしょう。また、将来の見通しは明るく見えるので何か金銭的な収入を得る可能性があるでしょう。あなたが支出の調子に乗る時あなたはそれに気づかないので、あなたはお祝いをして贅沢をし過ぎないように推奨されます。 </THE-STAR-ONE >
<THE-MOON-ONE >このカードは、あなたの金銭面に関して、物事が進む状態にあなたは少し不満を感じることを示します。あなたに借りていたお金を返す誰かがいるかもしれませんが、利息を払うのを拒否するかもしれないでしょう。あなたは当然のことと思っていましたが、あなたはどうやって自分の思い通りにさせるか知るでしょう。 </THE-MOON-ONE >
<THE-SUN-ONE >このカードは、お金のどんな停滞している流れも解決し、新しい機会があなたに訪れるでしょう。もしあなたが銀行もしくはローンを受けることに関して何か問題に手こずっている場合、郵便により金銭的な良い知らせがもうすぐあるでしょう。を示します。 </THE-SUN-ONE >
<JUDGEMENT-ONE >このカードは、今はあなたの金銭面において良い時期であることを示します。もし何か金銭的な判決が下された場合、それはあなたにとって有利である可能性がとても高いでしょう。配当もしくは債務の返済による形でお金の収入があるようで、あなたの財務状況はもうすぐ改善するでしょう。 </JUDGEMENT-ONE >
<THE-WORLD-ONE >このカードは、あなたは最も予期しない源泉からお金を受け取ることを示します。郵便為替があなたの元へ届くか、もしくはボーナスの形であなたの一生懸命な努力の報いを受けることでしょう。少額で様々な源泉からお金の流れがあるでしょう。 </THE-WORLD-ONE >
<THE-FOOL-ONE >このカードは、もしどこかで何かお金が滞っていた場合、もうすぐそれは受け取られることを示します。この時期はあなたの家族や親しい人と共にあなたが新しいビジネスを開始し、もしくは大きな投資をする決断をすることとなるでしょう。これはあなたの人生にとって重大な決断となるので、あなたは前に事を進める前に良い点と悪い点を比較することが推奨されます。</THE-FOOL-ONE >
</ROOT>
