<?xml version="1.0" encoding="utf-8" ?>
<ROOT>
<ACE-OF-CUPS-ONE >Maaaring may ilan mga tensyon o asiwa sa inyong mga kamag-anak at iyon ang magiging sanhi ng inis. Ikaw ay naghahanap nagaabang ng panahon na magkaroon ng mga bagong koneksyon sa isang tao na magiging mabunga at ikaw ay nasiyahan sa kung ano ang iyong makukuha. </ACE-OF-CUPS-ONE >
<TWO-OF-CUPS-ONE >Ang baraha na ito ay nagpapahiwatig na kailangan mong mag-impake ng iyong bag para sa trabaho o personal na mga dahilan. Sa kabila ng ilan mga pagkakaiba ng pananaw mo kesa mga mahal mo sa buhay, ang bagay na ito ay maayos pa din sa kalaunan. Maaari kang magtiwala sa taong di masyadong malapit sayo ngunit maituturing pa rin na mahalaga. </TWO-OF-CUPS-ONE >
<THREE-OF-CUPS-ONE >Maaring may antala ang ilan mga kaganapan dahil sa mga propesyonal na gawain o mga personal na isyu at bahagyang sasama ang iyong kalooban. Ang pakiramdam na ito’y naglayo sa iyong kalooban pero napagtanto mo na ang iyong mga mahal sa buhay ay nandyan sa tabi mo upang guminhawa ang iyong pakiramdam. </THREE-OF-CUPS-ONE >
<FOUR-OF-CUPS-ONE >Ang baraha na ito ay nagpapahiwatig na ito ay magiging isang abala na panahon at kailangan mo ng ibayong pasensya. Maaaring ito ay isang panahon ng pagsubok para sa iyong mga mahal sa buhay at iyong malalaman kung sino ang talagang nagmamalasakit sa iyo. Mungkahi na hindi ka mananatili na walang malasakit ngunit subukan ibahagi ang iyong problema at payagan ang iyong mga mahal sa buhay na matulungan ka. </FOUR-OF-CUPS-ONE >
<FIVE-OF-CUPS-ONE >Ito ay maaaring isang hindi kaaya-ayang panahon dahil kailangan mong sumuko sa mga tiyak na bagay na wala sa iyong kontrol. Ito ay magiging isang mahirap na yugto sa pagitan mo at ng iyong mga minamahal at maaari din maging isang pangunahing argumento na kung saan ay maaaring humantong sa isang hindi kanais-nais na resulta. </FIVE-OF-CUPS-ONE >
<SIX-OF-CUPS-ONE >Ito ay maari na mukhang tulad ng isang panahon ng bakasyon para sayo dahil sa dami ng pagbisita sa mga kaibigan at kamag-anak. May maaari din maging tiyak na komplikasyon sa iyong personal na buhay na kung saan ay maaaring humantong sa ilan di magkatulad na resulta ngunit makitungo ka ng may malinaw na pag-iisip. </SIX-OF-CUPS-ONE >
<SEVEN-OF-CUPS-ONE >Maaring may hidwaan ng opinyon sa iyong pamilya at ito ay maaaring tumindi. Susubukan mo na makakuha ng ilan tulong upang malutas ang sitwasyon na mapayapa. Magiging maayos ang iyong propesyon at susubukan mo na balansehin ang maraming bagay pero ikaw ay magtatagumpay. </SEVEN-OF-CUPS-ONE >
<EIGHT-OF-CUPS-ONE >Maaaring may ilan mga muling pagsasama-sama ang may plano na kasama ang iyong mga mahal sa buhay ngunit dahil sa pag-aalinlangan maari na kailangan mo na ipagpaliban ito. Ang ilan mga pagbisita sa isang doktor para sa mga mahal sa buhay ay nagpapahiwatig. May ilan mga kaaya-ayang balita ay darating na. </EIGHT-OF-CUPS-ONE >
<NINE-OF-CUPS-ONE >Maaari kang magplano ng isang paglalakbay o isang maikling bakasyon na iyong pagpapaliban dahil may isang mas magandang bagay ang darating sa iyo. Ikaw ay medyo sentimental sa pagharap sa ilang mga karamdaman na gagambala sa iyong mga mahal sa buhay ngunit ang mas maliwanag na bahagi ay mailalantad sa tulong ng iyong mga kaibigan. </NINE-OF-CUPS-ONE >
<TEN-OF-CUPS-ONE >Ikaw ay nahaharap sa isang mahirap na sitwasyon at maaaring isaalang-alang na humiwalay mula sa iyong pamilya at iyong trabaho nag-iisip na ang mga bagay ay maaaring hindi naging mas masahol pa kaysa sa kung ano ito ngayon. Kumonekta sa iyong emosyonal na bahagi ngayon at makipag-ugnay sa iyong pamilya at mga kaibigan upang magplano ng muling pagsasama-sama. </TEN-OF-CUPS-ONE >
<PAGE-OF-CUPS-ONE >Ang baraha na ito ay nagpapahiwatig na susubukan mo na gawing mas simple ang mga bagay para sa iyong sarili at isang maswerteng pagbabago sa kurso ng iyong buhay ang makakatulong sa iyo sa mga ito. Ang payo na wag ipilit ang mga bagay na may kaugnayan sa pera, upa o ari-arian dahil maaaring di ito maging alinsunod sa inaasahan mo. Maaring makabangga ang isang dating kaibigan o kasintahan at ito ay maaaring humantong na kayo ay magkaayos. </PAGE-OF-CUPS-ONE >
<KNIGHT-OF-CUPS-ONE >Ikaw ngayon ay nag-iisip na lumipat ng tirahan pero di ipipilit ang mga bagay na yan sa ngayon. Dapat kang mag ingat sa mga maliit na aksidente na may indikasyon sa paligid ng bahay. Ang iyong mga mahal sa buhay ay maaaring nagpaplano ng isang bakasyon na inaabangan mo. Palagi kang nakikipag ugnayan sa iyong mga kaibigan. </KNIGHT-OF-CUPS-ONE >
<QUEEN-OF-CUPS-ONE >Maaaring maraming mga kaguluhan sa iyong lugar dahil sa mga anak o ilan mga uri ng trabaho sa bahay o mga bisita. Maaaring may ilan mga problema sa pamilya at kailangan mong kumilos ng responsable o maari kang mapunta sa isang sitwasyon na hindi mo nais. Ang kaguluhan na ito ang naglapit sa iyo sa mga kaibigan at ikaw ay makakahanap ng aliw sa kanila. </QUEEN-OF-CUPS-ONE >
<KING-OF-CUPS-ONE >May bagong sitwasyon pagdating sa iyong buhay na mas pabor sa iyo at babalik ang iyong kaligayahan. Tatanggap ka ng isang hindi inaasahang tawag mula sa isang kaibigan at sumigla ang iyong kalooban. Pag-uusapan mo at ilan mga kamag-anak ang kanilang suliranin at natutuwa ka na sila ay matulungan at susubukan mo silang aliwin hangga't maaari. </KING-OF-CUPS-ONE >
<ACE-OF-PENTACLES-ONE >Ikaw ay nasa isang kaaya-ayang panahon ngayon at ang kasaganaan ay parating na. Ikaw din ay magkakaroon ng kakayahan na bumili ng isang bagay na hindi mo kayang bilhin dati. Ang kaugnayan mo sa iyong pamilya ay magiging masaya at malusog ang lahat ay mapupunta sa tamang lugar. Maaari mong planuhin na makita ang mga dati mong kaibigan o maaaring humantong sa pagkakaroon ng kusang-loob na plano. </ACE-OF-PENTACLES-ONE >
<TWO-OF-PENTACLES-ONE >Makikita mo na ang pagsubok na balansehin ang sitwasyon sa bahay ay nagiging mahirap. Ikaw ay nasa isang magulo na bahagi at nahihirapan kang tumutok sa iyong personal na buhay. Ang mga gulong ito ay maaaring mga ilan puwersa mula sa trabaho. Ang pakiramdam mo ay magiging mas mabuti sa sandaling simulan mo ang pakikisalamuha at makipagkita sa ibang tao. </TWO-OF-PENTACLES-ONE >
<THREE-OF-PENTACLES-ONE >Ang baraha na ito ay nagpapahiwatig na ikaw ay nawiwili sa ilan mga libangan o ilan pang mga aktibidad at isang mahal sa buhay o isang taong di-inaasahang dumating ay may dalang regalo at ibang oportunidad. Maaaring may ilan opisyal na kahirapan ang pinagdadaanan kasama ang iyong pamilya. </THREE-OF-PENTACLES-ONE >
<FOUR-OF-PENTACLES-ONE >Isang inaasam na negosyo, pagbebenta o iba pang mga pagkakataon ay malapit nang dumating sa pinto ng iyong bahay. Ito ay nangangailangan ng suporta at patnubay ng iyong mga mahal sa buhay. Ikaw ay nagplano kasama ang iyong mga kaibigan at maaaring magkaroon ng ilan hindi kasiya-siya komprontasyon ngunit nagawa mong harapin ang mga ito. </FOUR-OF-PENTACLES-ONE >
<FIVE-OF-PENTACLES-ONE >Ang baraha na ito ay nagpapakita na maaaring kailangan mo na harapin ang ilan nakababahalang sitwasyon sinusubukan mo na balansehin ang sikolohikal at emosyonal na katatagan pero hihingi ng patnubay mula sa ilan mga miyembro ng pamilya. Ikaw ay emosyonal para sa iyong mga kaibigan ngayon ngunit hindi makakahanap ng oras para makipag-ugnayan sa kanila. </FIVE-OF-PENTACLES-ONE >
<SIX-OF-PENTACLES-ONE >Hindi ka nakakaramdam ng kapayapaan sa ilan sa iyong mga kaibigan o kasamahan dahil sa ilan isyu. Labis ang iyong pagod sa trabaho at wala ka ng pahinga at kailangan mo na sandaling tumigil bago pa lubos na humina ang iyong katawan. Ang isang miyembro ng iyong pamilya ay malungkot at gustong ipahayag ang pagnanais na magkaroon ng ilan oras na nag-iisa o sumama sa isang paglalakbay. </SIX-OF-PENTACLES-ONE >
<SEVEN-OF-PENTACLES-ONE >May pakiramdam ka ikaw ay nababalisa at hindi mapakali dahil ang ilan sa iyong mga pananalapi ay mukhang natigil sa isang lugar ngunit magkakaroon ng pagpasok ng pera mula sa iba pang mapagkukunan. Ang ilan mga isyu na may kaugnayan sa kalusugan ang kukumbinsi sa iyo na sandaling magpahinga. Makakahanap ka ng oras upang makipag-ugnay sa iyong mga kaibigan at maglaan ng oras sa kanila. </SEVEN-OF-PENTACLES-ONE >
<EIGHT-OF-PENTACLES-ONE >Ikaw ay bahagyang nalilito sinusubukan mong makahanap ng solusyon sa problema na may kaugnayan sa iyong tahanan. Hindi maganda ang pakikitungo sa iyo ngayon ng iyong pamilya at magkakaroon ng balakid sa mga plano. Magagawa mo na pagsabayin ang iyong personal at propesyonal na buhay at magbibigay ka ng oras kasama ang iyong mga mahal sa buhay. </EIGHT-OF-PENTACLES-ONE >
<NINE-OF-PENTACLES-ONE >Ang ilan mga trabaho na maaaring gawin mula sa bahay o sa pamamagitan lamang ng ilan tawag ang pansamantalang aasikasuhin. Ang iyong mga kaibigan at pamilya ay mananatili sa iyong panig sa bawat hakbang mo ngayon at sila ang gabay sayo habang bumubuo ng mahalagang pasya. Ikaw ay kasama sa mga talakayan tungkol sa trabaho at kung saan magiging malapit ka mga kaibigan at kasamahan mo. </NINE-OF-PENTACLES-ONE >
<TEN-OF-PENTACLES-ONE >Ang baraha na ito ay nagpapahiwatig na ikaw ay nasisiyahan sa mga sosyal na pagtitipon at nagpapalipas ng oras sa mga kaibigan at pamilya. Mararamdaman mo na mas konektado ka sa iyong pamilya at hihingi ng patnubay na kung saan sila ay masayang nagbibigay. Ito ang oras para makakita ng bagong kaibigan at ang mga taong ito ay magiging bahagi ng iyong buhay. </TEN-OF-PENTACLES-ONE >
<PAGE-OF-PENTACLES-ONE >Ikaw ay bahagyang mapapagod dahil sa iyong abalang iskedyul at susubukan mo na magplano na umalis kasama ang iyong mahal sa buhay. Maaaring may isang sosyohan ang iyong inaabangan subalit ito ay hindi matutupad sa paraan na gusto mo at hindi ka matutuwa. Ngunit kakailanganin mong magsumikap upang ito ay mangyari. </PAGE-OF-PENTACLES-ONE >
<KNIGHT-OF-PENTACLES-ONE >Ikaw ngayon ay masigla at maaaring mauwi sa pamimili o pagpunta sa labas para gumastos ng malaki. Magkakaroon ng ilan tensyon sa pagitan mo at ang isa sa iyong mga miyembro ng pamilya at dahil dito pipigilan mo ang sarili na sila ay makasama. Makikita mo ngayon ang suporta sa iyo ng mga kaibigan at kung mayroong anumang mga pagkakaiba ito ay malulutas. </KNIGHT-OF-PENTACLES-ONE >
<QUEEN-OF-PENTACLES-ONE >Ang baraha na ito ay nagpapahiwatig na ikaw ay may ilan plano sa hinaharap na kasama ang iyong karera, mga kaibigan at pamilya sa isip. Magkakaroon ng ilan talakayan ng mga ideya habang nagkukwentuhan kayo ng mga kaibigan. Magiging malapit ka sa iyong pamilya at mag-aalok ng tulong sa paglutas ng ilan mga isyu. </QUEEN-OF-PENTACLES-ONE >
<KING-OF-PENTACLES-ONE >Ikaw ngayon ay abala sa mga aktibidad na kinasasangkutan ng maraming mga papeles.Ikaw ay naglaan ng oras sa iyong mga kaibigan at ikaw rin ay makakuha ng ilan mga benepisyo. Ikaw ay nasa ganitong sitwasyon kaya natutukso kang magbakasyon o sumama sa pagliliwaliw kasama ang iyong pamilya ngunit ang bagay na ito ay kailangan na ipagpaliban muna. </KING-OF-PENTACLES-ONE >
<ACE-OF-SWORDS-ONE >Tatanggap ka ng ilan di-inaasahan ngunit kaaya-aya na sorpresa at masiyahan ka dito. Magkakaroon ng pagkabalisa at pagkabagabag sa loob ng bahay sa pagitan ng mga miyembro ng pamilya at dahil dito ikaw ay nagiging mailap sa kanila. Susubukan mo na magtiwala sa iyong mga kaibigan at susubukan mo na makahanap ng payo at aliw. </ACE-OF-SWORDS-ONE >
<TWO-OF-SWORDS-ONE >May mga indikasyon ng pagtatagpo sa iyong mga mahal sa buhay para sa iba-ibang dahilan. Ikaw ay nakaharap sa ilan problema na may kaugnayan sa pera at kung papaboran ka ng swerte, may isang tao na malaki ang maitutulong sa iyo. Panatilihin ang pasensya sa lahat ng argumento at ito'y matatapos sandaling oras. </TWO-OF-SWORDS-ONE >
<THREE-OF-SWORDS-ONE >Tulad ng laging nangyayari sa mga pamilya, maari kang makaramdam ng pagkabigo dahil sa panggigipit na pantayan ang mataas na inaasahan sayo. Bahagyang nakakaramdam ng pagkabalisa dahil sa ilan pagkakasala at susubukan mo na kumbinsihin ang iyong sarili na resolbahin ang mga bagay at bumalik sa normal. </THREE-OF-SWORDS-ONE >
<FOUR-OF-SWORDS-ONE >Kailangan mong ayusin ang ilan mga legal na papeles at ito ay hindi isang kaaya-ayang karanasan. Pakiramdam mo ay wala kang magawa sa sitwasyon at nakikita mo ang isang minamahal habang dumadaan sa isang nakakabagabag na bahagi ng kanyang buhay. Hindi ito ang pinakamagandang oras para sumama sa mga kaibigan dahil ikaw ay nakakaramdam ng pagkabigo sa pangkalahatan. </FOUR-OF-SWORDS-ONE >
<FIVE-OF-SWORDS-ONE >Pagkatapos ng mahaba-habang gamutan, ikaw sa wakas ay di na kailangan na pumunta sa doktor at bubuti na ang iyong kalagayan. Naging sentimental ang pakiramdam ng iyong pamilya at mananatili sila sa iyong tabi. Nabibigatan ka sa iyong mga responsibilidad at ito ay maaaring humantong sa kabiguan. Ikaw ay nagpapakasawa sa pamimili ng mga gamit sa bahay </FIVE-OF-SWORDS-ONE >
<SIX-OF-SWORDS-ONE >Ang baraha na ito ay nagpapakita na maaaring kailangan mong harapin ang ilan mga problema at kahirapan habang inaayos mo ang mga isyu na may kaugnayan sa tahanan. May malakas kang koneksyon sa iyong pamilya ngayon kaya susubukan mo na mas madalas silang makasama pati na iyong mga kaibigan. Sisikapin mo na gabayan ang ilan sa iyong mga mahal sa buhay. </SIX-OF-SWORDS-ONE >
<SEVEN-OF-SWORDS-ONE >Isang biglang engkwentro sa dating kaibigan ay isinasaad na at ito ay magiging pabor para sa iyo. Maaring may ilan maliliit na bagay ang nadagdag sa problema mo at di ka magiging komportable. Ikaw ay maaaring magkaroon ng argumento at salungatan ng interes sa iyong pamilya ngunit mananatili ang inyong samahan. </SEVEN-OF-SWORDS-ONE >
<EIGHT-OF-SWORDS-ONE >Maaaring may ilan mga problema tungkol sa iyong mga kaibigan at kailangan mo na magkaroon ng matatag na desisyon. May maaari din maging isang romantikong bahagi kung saan ay magkakaroon kayo ng koneksyon ng iyong kasintahan. Tamasahin mo ang ilan mga de kalidad ng oras kasama ang iyong pamilya at magiging lubos na masaya dahil dito. </EIGHT-OF-SWORDS-ONE >
<NINE-OF-SWORDS-ONE >Ang baraha na ito ay nagpapahiwatig na ikaw ngayon ay may pakiramdam na hindi mapakali dahil sa isang tao. Maaaring may ilan mga kamag-anak na haharap sa ilan problema na may kaugnayan sa isyu sa pera at susubukan mo na makatulong. Ito ay makabubuti sa iyong reputasyon sa iyong mga kamag-anak. Kailangan mo din lumayo mula sa isang tao o isang bagay na magbibigay sayo ng damdamin na madaling maapektuhan </NINE-OF-SWORDS-ONE >
<TEN-OF-SWORDS-ONE >Nagpatala ka sa ilan mga de kalidad na programa na kung saan ay makakatulong sa iyo upang mahasa ang iyong pagkatao at dagdagan ang iyong konsentrasyon. Mararamdaman mo na ikaw ay nasa ilang na lugar at walang kumpiyansa sa sarili pero sisikapin mo na makaya ang lahat ng ito. Nasaktan ka ng iyong kasintahan at ito ay nag-iwan sayo sa isang mahirap na kalagayan. </TEN-OF-SWORDS-ONE >
<PAGE-OF-SWORDS-ONE >Maaaring may ilan mga hindi kasiya-siya na balita na parating na labis na nakakaapekto sa iyong kalooban. Maaari mong planuhin na bisitahin ang isang kamag-anak sa isang malayong lugar o vice versa. Ikaw ay patuloy na nagsusumikap para maging matibay at mapalago ang iyong buhay pag-ibig at ito ay pinahahalagahan ng iyong kasintahan o kaibigan. </PAGE-OF-SWORDS-ONE >
<KNIGHT-OF-SWORDS-ONE >Ang baraha na ito ay nagpapahiwatig na ikaw ay dadalo sa mga kasiyahan at makikita sa maraming mga okasyon na masaya ang iyong pakiramdam. Maaaring may ilan paghaharap ng pamilya at handa kang makinig at makibahagi patungo sa mas maayos na pagsasama. Ito rin ay nangangailangan ng ilan mga patnubay mula sa isang minamahal. </KNIGHT-OF-SWORDS-ONE >
<QUEEN-OF-SWORDS-ONE >Ang baraha na ito ay nagpapahiwatig na ito ay isang masalimuot na yugto para sa iyo. Maaaring may masamang balita na nanggagaling mula sa lahat ng panig kabilang ang iyong mga kaibigan at pamilya. Ito ay magiging mahirap para sa iyo upang makayanan ang mga ito ngunit ang iyong mga mahal sa buhay ay susubukan ang lahat ng kanilang makakaya upang ikaw ay maging kumportable. </QUEEN-OF-SWORDS-ONE >
<KING-OF-SWORDS-ONE >Maaaring may ilan salungat sa iyong pamilya tungkol sa iyong paraan ng pamumuhay at ito ay nakakaapekto sa iyo. Maaari mo rin isaalang-alang ang paglipat sa isang hostel o isang bagong apartment. Susundan ka ng problema at nang hindi inaasahan ay maging isang bahagi ng isang iskandalo kung hindi ka mananatiling maingat. </KING-OF-SWORDS-ONE >
<ACE-OF-WANDS-ONE >Magkakaroon ka ng ilan mga problema na propesyonal at alinsunod sa iyong pamilya, ikaw ay nagpasya na umalis sa trabaho at simulan ang isang bagay sa iyong sarili. Maaaring may ilan mga pagkaantala dahil sa ilan mga papeles at kakailanganin mo na ikansela ang ilan mga pulong o reunion. </ACE-OF-WANDS-ONE >
<TWO-OF-WANDS-ONE >Ang baraha na ito ay nagpapahiwatig na malulutas mo ang iyong mga isyu sa isa sa iyong mga miyembro ng pamilya at subukan na ibalik sa normal ang mga bagay-bagay. Malaking balita ang parating at ang impormasyon na ito ay makakatulong sa iyo sa hinaharap. Magiging handa ka na tulungan ang isang kaibigan pero mababatid na ang intensyon ay hindi katulad ng iyong inaakala. </TWO-OF-WANDS-ONE >
<THREE-OF-WANDS-ONE >Ang mga nakatatanda sa inyong pamilya ay magbibigay sa iyo ng ilan mahalaga na payo ukol sa ilan mga papeles at pananalapi. Ikaw ay nagpapahinga mula sa lahat na gawain kung ano ang iyong gusto at ito ay magiging isang matapang na hakbang. Hahanap ka ng suporta mula sa iyong mga kaibigan at susubukan na palawigin ang iyong mga pangarap na kinasasangkutan ng iyong mga mahal sa buhay. </THREE-OF-WANDS-ONE >
<FOUR-OF-WANDS-ONE >Ikaw ay haharap sa ilan stress at pagkabigo dahil sa ilan mga away pamilya at komprontasyon. Ngunit sa wakas ikaw at ang iyong mga mahal sa buhay ang lulutas sa isyu at manatili ang kapayapaan. Maaring may isang tao na nagnanais ng kapahamakan para sa iyo at susubukan na ikaw ay lokohin sa isang bagay na mali kaya payona lagi kang maging magbantay. </FOUR-OF-WANDS-ONE >
<FIVE-OF-WANDS-ONE >Ikaw ay naiinis at galit dahil sa ilan mga hindi kontrolado na sitwasyon na maaaring sanhi ng ilan mga taga labas. Maaaring may isang taong may tangka na tampalasin ang iyong pamilya o mga ari-arian at kailangan mong maging maingat. Ang iyong mga kaibigan at pamilya ang makakatulong sa iyong pinagdadaanan ang proseso ng panloob na paglilinis. </FIVE-OF-WANDS-ONE >
<SIX-OF-WANDS-ONE >Ang baraha na ito ay nagpapahiwatig na kahit hindi ka masaya sa iyong personal na mga pagsisikap,susubukan mo na makipagkita sa kaibigan o pamilya at planuhin ang isang maligayang paglalakbay kasama sila. Ikaw ay maaaring humarap sa pinansyal na mga isyu na kasalukuyan pinagdadaanan ng isang kamag-anak. </SIX-OF-WANDS-ONE >
<SEVEN-OF-WANDS-ONE >Kailangan mo na pamahalaan ang iyong aktibong iskedyul at oras sa pamilya at dahil ito ay maaari na manghimasok sa iyong personal na buhay kung di ito mabalanse. Makipagkita sa dating kaibigan at ito ay magiging kaaya-aya na engkwentro </SEVEN-OF-WANDS-ONE >
<EIGHT-OF-WANDS-ONE >Ang baraha na ito ay nagpapahiwatig na ikaw ay may pakikibaka sa pagitan ng iyong trabaho at tahanan at bahagyang makahanap ng anumang oras para sa iyong pamilya. Mayroon din isang pagdiriwang sa mga baraha dahil sa mabuting balita sa pamilya. Kailangan na harapin ang iyong mga kaibigan na mabuti maaaring may ilan di pagkakaunawaan. </EIGHT-OF-WANDS-ONE >
<NINE-OF-WANDS-ONE >Susubukan mo na makatulong sa isang kamag-anak na may ilan mga legal na usapin at mga kaugnay na mga papeles. Ang ilan mga isyu sa dating kaibigan ay mareresolba at isang muli na pagsasama-sama ang ipinahihiwatig. Ikaw ay sabik na naghihintay ng balita mula sa isang minamahal at ang pagkabahala na ito ang dahilan kung bakit di ka mapakali. </NINE-OF-WANDS-ONE >
<TEN-OF-WANDS-ONE >Maraming mga pasanin mula sa trabaho sa iyong mga balikat at susubukan mo na matupad ang iyong mga pangako. Ikaw ay hindi lamang magkakaroon ng opisyal na trabaho ngunit may personal na mga isyu na dapat mo din asikasuhin. Maaaring may samaan ng loob sa pagitan mo at ng isang kaibigan o isang mahal sa buhay at hindi mo alam kung paano itama ang mga bagay. Ito ay hindi magiging mabuti para sa iyo o sa iyong mga kaibigan. </TEN-OF-WANDS-ONE >
<PAGE-OF-WANDS-ONE >Pinagdadaanan mo ang isang masalimuot na bahagi at nanaisin mo na pansamantalang ihiwalay ang iyong sarili at ito ay nagdudulot ng alalahanin sa iyong mga kaibigan at pamilya. Susubukan mo na pagbukud-bukurin ang mga bagay sa iyong buhay sa pamamagitan ng pagsusuri sa iyong mga desisyon at mangailangan ng suporta mula sa kaibigan. </PAGE-OF-WANDS-ONE >
<KNIGHT-OF-WANDS-ONE >Isang maikling biyahe ay indikasyon upang manumbalik ang dating sigla at ikonsidera ang isang live in na relasyon para maglaan ng mas maraming oras sa iyong kapareha. May mga di inaasahang pangyayari sa iyong pamilya at kaibigan dahil sa ilan hindi karaniwan na okasyon at kailangan mo na di makipagkita sa isang kaibigan na naghahanap ng iyong suporta at gabay. </KNIGHT-OF-WANDS-ONE >
<QUEEN-OF-WANDS-ONE >Ikaw ay nasa isang espirituwal na estilo at gugustuhin na isakatuparan ang ilan regulasyon at disiplina sa sarili. May mga pagkakataon na ikaw ay magkakaroon ng mga bagong koneksyon o lumang koneksyon para muling manumbalik ang lakas. </QUEEN-OF-WANDS-ONE >
<KING-OF-WANDS-ONE >Ang baraha na ito ay nagpapahiwatig na kailangan mo na makontrol ang sitwasyon na kinasasangkutan ng isang sakit. Maaaring may ilan mga pakikipagsapalaran na kailangan mo na lumipat sa ibang lugar. Sa wakas mawawala na ang pakiramdam ng pagiging ilang at ang mga bagay ay mas mapapabuti. </KING-OF-WANDS-ONE >
<THE-MAGICIAN-ONE >Ang iyong pokus sa ngayon ay nakatuon sa bagong simula at maipapayo na hindi maghabol sa isang bagay na napakaliit ng tsansa na makuha ito. Ikaw ay madaling makakuha ng isang may halaga o kaugnay na tulong mula sa isa sa iyong mga kaibigan. Ang ilan mga plano ay gagawin kasama ang isang kamag-anak o may pagkakataon na may pagbabago sa mga plano kasama ang iyong mga minamahal. </THE-MAGICIAN-ONE >
<THE-HIGH-PRIESTESS-ONE >Ang baraha na ito ay nagpapahiwatig na may isang kaaya-aya na sorpresa para sa iyo at sobra kang natutuwa na makuha ito. Pakiramdam mo ay malayo ang loob mo sa iyong pamilya ngayon dahil sa mga nararanasang suliranin at magiging mas malapit ka sa iyong mga kaibigan. </THE-HIGH-PRIESTESS-ONE >
<THE-EMPRESS-ONE >Ikaw ay may pakiramdam na naguguluhan dahil sa iba't-ibang mga talakayan sa iyong pamilya at manabik nang labis para sa kapayapaan ng isip. ikukonsidera mo rin ang sandaling paglayo. Nakokonsiyensya ka dahil sa isang bagay na ginawa mo sa iyong kaibigan at oras na para harapin ang kinatatakutan at mangumpisal. </THE-EMPRESS-ONE >
<THE-EMPEROR-ONE >Kung ikaw ay magpaplano sa pagbisita sa isang kamag-anak o mahal sa buhay, ang pagbisita ay maging matagumpay ngunit ang paglalakbay ay hindi magiging ganon kadali. Ito ang oras na napapalibutan ka ng maraming mga kaibigan at sila ang magsilbi mong lakas at magbibigay ng inspirasyon sa iyo sa abot ng kanilang makakaya dahil ikaw ngayon ay nalulumbay. </THE-EMPEROR-ONE >
<THE-HIEROPHANT-ONE >Ang baraha na ito ay nagpapahiwatig na gusto mo na ang iyong kapaligiran sa bahay ay maging mas maaliwalas at may paparating na balita. Nahihirapan ka sa pagharap sa iyong kaibigan pero kung kayo ay mag-uusap magiging kalmado ang sitwasyon at magagawang mo na maunawaan ang isa't isa at ang sitwasyon ay magiging maayos sa kalaunan. </THE-HIEROPHANT-ONE >
<THE-LOVERS-ONE >Iyong napagtanto na hindi lahat ay iyong mga kaibigan at ang ilan sa kanila ay ipagkakanulo ka kung wala kang gagawin tungkol dito. Magkasundo kayo ng iyong pamilya at maaari din magplano ng isang pagtitipon dahil sa isang maliit na selebrasyon o isang magandang balita. Ang ilan mga kamag-anak ay maaari din ibulalas ang kanilang galit kaya kailangan mong maging maingat. </THE-LOVERS-ONE >
<THE-CHARIOT-ONE >Makipagkita ka sa iyong mga dating kaibigan at ito ay isang nakakapreskong pagbabago sa iyong nakakabahala na buhay. Nais mong makatulong sa isang kamag-anak na may problema ngunit ayaw niyang makinig sa anumang bagay na iyong sinasabi at pakiramdam mo ay ikaw ang may kasalanan at walang nagawa. Kakailanganin mo ang isang malakas na tagapagtaguyod upang patunayan ang iyong habol tungkol sa iyong pamilya. </THE-CHARIOT-ONE >
<STRENGTH-ONE >Ang baraha na ito ay nagpapahiwatig na ikaw ay nagkakaroon ng isang masayang oras kasama ang iyong mga kaibigan at may nabuo na pagtitinginan sa pagitan mo at ng isang kaibigang babae. Magkakagulo kayo ng iyong pamilya dahil sa pinansyal na dahilan. Maaaring may mga pangunahing argumento na hahantong sa di pagkakaunawaan. </STRENGTH-ONE >
<THE-HERMIT-ONE >May mga pagkakataon na ikaw ay makipag-usap sa isang miyembro ng pamilya o kaibigan matapos ang isang mahabang panahon. Kung meron kayong di pagkakaintindihan ng iyong minamahal ito ay malulutas. Makakakuha ka ng ilan mga patnubay tungkol sa trabaho o pinansyal na bagay mula sa isang mahalagang tao at ito ay tunay na kapaki-pakinabang. </THE-HERMIT-ONE >
<WHEEL-OF-FORTUNE-ONE >Ang baraha na ito ay nagpapahiwatig na ang isa sa iyong mga miyembro ng pamilya ang dahilan ng iyong pagkabigo at sama ng loob at gusto mong hilingin na lumayo mula sa taong iyon. Ang ilan pabalik-balik sa doktor dahil sa isang sakit sa iyong pamilya at ito ang sanhi ng pagkabahala . </WHEEL-OF-FORTUNE-ONE >
<JUSTICE-ONE >Malalaman mo na ang isa sa iyong mga miyembro ng pamilya o isang kamag-anak ay nakaharap sa mga problema na kung saan ay nakakaapekto sa iyo at sa iyong mga desisyon. May mga bagay na hindi magiging ganon kadali tulad ng inaasahan mo magkakaroon ng ilan mga komplikasyon sa pamilya at mga kaibigan ngunit ang bahagi na ito ay lilipas din. </JUSTICE-ONE >
<THE-HANGED-MAN-ONE >Ang iyong pamilya at mga kaibigan ay susuportahan ka sa iyong bagong negosyo at isang mahal sa buhay ay gagabay din sa iyo. Maaaring may ilan mga argumento ngunit dahil sa pagbabago sa pananaw ito ay malulutas kaagad. Kailangan mo ng pagsisikap upang mapanatili ang mga matagal ng relasyon. </THE-HANGED-MAN-ONE >
<DEATH-ONE >Ang baraha na ito ay nagpapahiwatig na magiging masagana ang panahon na ito para sa iyo at sa iyong pamilya at maaari mo din makonsidera ang pag-aaral ng ilan mga trabaho sa bahay dahil sa iba't ibang dahilan. Maaaring may ilan mga pagbabago o mahirap na sandali sa pagitan mo at ng iyong mga kaibigan dahil sa ilan mga hindi pangkaraniwang mga pangyayari ngunit sa lalong madaling panahon ay maayos din tulad ng dati. </DEATH-ONE >
<TEMPERANCE-ONE >Mapapansin mo na ang iyong pamilya at mga kamag-anak ay lubos ang suporta sa iyo at magbibigay ng tamang uri ng mga payo na may paggalang sa iyong personal na buhay. Magkakaroon ng isang emosyonal na alitan sa pagitan mo at ng iyong kasintahan. Kailangan mong manatiling kalma at humarap sa sitwasyon dahil madali itong mapalubha. </TEMPERANCE-ONE >
<THE-DEVIL-ONE >Ang baraha na ito ay nagpapahiwatig ng di maipaliwanag na galit at nahihirapan ka na masabi kung ano talaga ang gusto mo na mangyari ngunit susubukan mo na maging balanse ang sitwasyon kahit na pansamantala. Masyadong magulo ang iyong pag-iisip ito ay puno ng nakakagambala na saloobin sa isang banda. </THE-DEVIL-ONE >
<THE-TOWER-ONE >Ito ay hindi magiging isang kaaya-aya na panahon maaaring kailangan mong harapin ang paghagupit ng katotohanan tungkol sa iyong pinansyal at personal.Ito ay maaari din humantong sa isang pagkasira ngunit ang iyong mga mahal sa buhay ay makakatulong sayo sa pamamagitan nito. Ikaw ay masuwerte at sawi sa parehong oras dahil sa mga pangyayari na iyong kinakaharap. </THE-TOWER-ONE >
<THE-STAR-ONE >Mapapansin mo na ang ilan sa iyong mga kamag-anak ay maaaring harapin ang mga problema na may kaugnayan sa mga papeles at ikaw ay lalapit upang makatulong. Maririnig mo ang isang piraso ng mabuting balita mula sa isang tao na nanghihikayat at magbibigay sa iyo ng pakiramdam ng pagkakaisa at magiging komportable ka at nakakahinga ng maluwag. </THE-STAR-ONE >
<THE-MOON-ONE >Maaaring may mga sitwasyon na lilitaw at mararamdaman mo na madali kang matukso, nalilito at hindi tiyak. Masyado kang emosyonal para sa iyong kaibigan o minamahal kaya ang iyong isip ay nahahati sa kung ano ang dapat gawin at hindi dapat gawin. Ang plano mo na makipagkita sa iyong kaibigan o kamag-anak ay patunay na nakakasama ng loob. </THE-MOON-ONE >
<THE-SUN-ONE >Susubukan mo na ayusin ang mga bagay dahil gusto mo magkaroon ng balanse na buhay. Kakausapin mo ang iyong mga kamag-anak ngunit di mo mararamdaman ang suporta nila. Maiisip mo na paghaluin ang negosyo at kasiyahan o subukan ang pakikipagkaibigan sa iyong mga kasama sa trabaho ngunit patunay na ito ay hindi magandang ideya. </THE-SUN-ONE >
<JUDGEMENT-ONE >Ang baraha na ito ay nagpapahiwatig na kailangan mo na gumawa ng isang napaka importante na desisyon na may kaugnayan sa iyong kaibigan at minamahal. Ilan magandang balita ay maaari din dumating mula sa isang kaibigan o kamag-anak. Ang kaugnayan sa iyong pamilya at kaibigan ay magiging mas malakas. </JUDGEMENT-ONE >
<THE-WORLD-ONE >Magkakaroon ng labis na panggigipit na naghahalo halo sa iyong ulo at ito ay maaaring umabot sa pinakamataas na lebel bago sumabog. Ito ang oras upang pumunta sa isang bakasyon o ilan malayong lugar kahit na sandali lang. Hahanapin mo ang suporta ng iyong mga kaibigan at may iba sa kanila na kusang loob na tanggapin at aliwin ka. </THE-WORLD-ONE >
<THE-FOOL-ONE >Ikaw ay nasa posisyon upang matulungan ang isa sa iyong mga kamag-anak ngunit ang kamag-anak na iyon ay maaaring mawala ang pagkakataong ito dahil sa kanilang kawalang-ingat. Ang isang tao na malapit sa iyo ang magsasabi sayo na ikaw ay kumikilos na mukhang mahina sa laban at sa gayon isang tao ang nananamantala sayo kung saan ay patunay na sa katagalan ay hindi magiging maganda.</THE-FOOL-ONE >
</ROOT>
