<?xml version="1.0" encoding="utf-8" ?>
<ROOT>
<ACE-OF-CUPS-ONE >Ang baraha na ito ay nagpapakita ng iyong kagustuhan upang makakuha ng mga bagay na may emosyonal na kahalagahan. Ito ay ang oras upang hayaan ang iyong puso na gabayan ang iyong daanan. Kailangang magtiwala sa iyong nadarama at gawin kung ano sa tingin mo ang tama. Ikaw ay malamang na may pakiramdam ng isang namumuong pagtitinginan na may habag at pag-ibig. Ang iyong buhay pag-ibig ay pinaka-malamang na manatiling malakas at nagniningning. </ACE-OF-CUPS-ONE >
<TWO-OF-CUPS-ONE >Ang baraha una sa lahat ay nagpapahiwatig ng pagsasama-sama,kapayapaan at pagmamahal. Ang card na ito ay tungkol sa paggawa ng isang bagong koneksyon o sosyohan sa pag-ibig, trabaho, pagkakaibigan o sa ibang lugar. Ito ay ang oras na magsama-sama at hindi manatili na magkahiwalay. Kung may salungat sa ilang mga relasyon o samahan, lutasin pareho at dalhin ang kapayapaan. Magpatawad at kalimutan. Gumawa ng bagong alyansa at tumungo sa mabuting ibubunga. </TWO-OF-CUPS-ONE >
<THREE-OF-CUPS-ONE >Ang baraha ay nagpapakita ng isang pinabuti na sigasig at dedikasyon patungo sa buhay. Matatagpuan mo ang iyong sarili na tinatangkilik ang lahat ng mga maliit na bagay na darating sa inyo. Makakasama mo ang mga dating kaibigan at bubuo ng isang mas malakas na samahan ng tiwala sa kanila. Ikaw ay gumawa ng mga bagong contact sa lipunan karanasan pakikipagkaibigan. Maaari mong mahanap ang iyong sarili na nagtatrabaho sa isang koponan/ grupo papunta sa isang layunin. </THREE-OF-CUPS-ONE >
<FOUR-OF-CUPS-ONE >Ang baraha ay kumakatawan na ito ang oras upang ipakita at magsiyasat sa iyong mga saloobin at buhay. Maaari mong matagpuan ang iyong sarili sa isang di kanais-nais na sitwasyon. Sa ibang mga pagkakataon, maaari kang walang sigla at kulang sa motibasyon. Kailangan mong buksan ang iyong sarili sa lahat ng mga bagong posibilidad upang matagpuan ang direksyon na hinahanap. Subukan na maging mas mapagbigay at makinig sa iba upang mahanap ang iyong daan palabas. </FOUR-OF-CUPS-ONE >
<FIVE-OF-CUPS-ONE >Ang baraha ay nagpapahayag ng kawalan ng pag-asa, pagkabigo at kawalang-sigla sa buhay sa paglipas ng mga nakaraang kaganapan. Maaari mong pakiramdam ay nawala o natalo dahil sa isang bagay na nangyari. Maaaring pinagsisihan mo ang iyong mga nakaraang mga desisyon at marahil na nagnanais na bumalik sa nakaraan upang baguhin ang iyong mga desisyon. Ikaw ay kumikilala sa iyong mga pagkakamali ngunit ikaw ay hindi nag-iisip tungkol sa kung ano ang natitira. Kailangan mong bitawan ang nakaraan, tingnan ang mabuti sa iyong kasalukuyan at gumagana patungo sa hinaharap. </FIVE-OF-CUPS-ONE >
<SIX-OF-CUPS-ONE >Ang baraha ay nagpapahiwatig ng iyong kabutihan ng puso at inosenteng pananaw patungo sa buhay. Ikaw ay masayang magkalat ng kasiyahan na walang anumang mga pansariling motibo. Maaaring pakiramdam mo ay pinagpala at masaya ka sa pagtulong sa iba. Maaari mong simulan na mapansin ang lahat ng mga maliit na mga bagay sa paligid at magiging kuntento sa mga ito. Maaari kang makakuha ng alaala tungkol sa iyong pagkabata. Banal na pag-ibig ay maaari rin maging malapit sa iyong hinaharap. </SIX-OF-CUPS-ONE >
<SEVEN-OF-CUPS-ONE >Ang baraha na ito ay tungkol sa mga ilusyon at pangarap. Maaaring hinahayaan mo ang iyong isip na pasukin ng mga imahinasyon at hindi na alam kung ano ang realidad ng buhay. Ikaw ay humaharap sa panahon kung saan marami kang pagpipilian. May mga pagkakataon na napapabayaan mo ang iyong kalusugan at inaabuso ang katawan sa pamamagitan ng sobrang pagkain at pag-inom. Katamaran at pagpapaliban ang iyong mahigpit na kaaway. </SEVEN-OF-CUPS-ONE >
<EIGHT-OF-CUPS-ONE >Ang baraha na ito ay nagpapakita ng iyong mga hakbang upang humingi ng isang mas malalim na kahulugan ng buhay. Nais mong kumalas sa mga problema ng buhay at iwanan ang walang pag-asa na sitwasyon. Maaari mong madalas na hanapin ang tunay na kaligayahan sa halip na tumutok sa pakikipag-unahan. Ikaw ay naghahanap ng panloob na kagalakan at maaaring may posibilidad na lumayo mula sa nakaraan. Maaari mong ilaan ang mas maraming oras sa mga espirituwal na mga gawain. </EIGHT-OF-CUPS-ONE >
<NINE-OF-CUPS-ONE >Ang baraha na ito ay nagpapahiwatig ng katuparan ng mga pangarap mo. Makukuha mo kung ano ang karapat-dapat at pagnanais mo. Magiging kuntento ka sa iyong buhay, dahil ang tagumpay ay nasa iyong panig. Ang pangarap na minimithi ay maaaring matupad at ang iyong matagal ng mga layunin ay maaaring sa wakas ay makamit. Nais mo rin makaranas at pahalagahan ang karangyaan. Magpahinga ang ninanais mo ngayon. Tangkilikin ang magandang panahon hangga't maaari. </NINE-OF-CUPS-ONE >
<TEN-OF-CUPS-ONE >Ang baraha na ito ay sumasalamin sa pagdating ng kagalakan at kapayapaan sa iyong buhay. Ramdam mo ang kaligayahan sa paligid at kahulugan ng pagiging komportable. Mapapansin mo na ang iyong pagkabagabag at tensyon ay nabawasan at ang buhay ay nagiging madali at maayos. Ikaw ay pokus sa pag-ibig at pakikipagkaibigan at mangunguna sa pareho. Mananatili kang nakatutok sa iyong pamilya at mga bisita sa mga sosyal na pagtitipon at mga kaganapan na kasali ang mga ito. </TEN-OF-CUPS-ONE >
<PAGE-OF-CUPS-ONE >Ang baraha na ito ay sumasalamin sa iyong emosyonal na bahagi. Lagi mong sinusunod ang iyong puso kaysa sa iyong isipan. Ikaw ay sentimental at madaling maapektuhan ng mga maliit na bagay. Tumingin ka sa loob ng iyong sarili at magtiwala sa iyong nararamdaman para sa patnubay. Ito ay isang magandang panahon para magkaroon ng isang romantikong relasyon kung saan kayo ay magiging emosyonal na malapit sa isa't isa. Mas malapit na pagkakaibigan ay dapat na binuo. Isa rin itong panahon upang ayusin ang mga nasirang relasyon. </PAGE-OF-CUPS-ONE >
<KNIGHT-OF-CUPS-ONE >Ang baraha na ito ay nagsasaad ng magandang damdamin at mga pahiwatig tungkol sa kanyang labis. Kung minsan, maaari kang maging sentimental sa pag-ibig, ngunit maaaring labis sa pagpapahayag ng iyong pag-ibig. Selos ay maaaring pumasok sa iyong pag-iibigan. Ikaw ay sensitibo ngunit minsan, may posibilidad na madaling masaktan. Ikaw ay mabait at matalino. Nangangarap ka ng mga malaking bagay para sa iyong sarili ngunit madaling panghinaan ng loob. </KNIGHT-OF-CUPS-ONE >
<QUEEN-OF-CUPS-ONE >Ang baraha na ito ay nagpapahayag ng pagiging sensitibo at nasa wastong isip sa paghawak ng damdamin. Maaari mong ipakita ang isang maunawain at maalalahanin diskarte patungo sa bawat sitwasyon na haharapin mo. May posibilidad na kumonekta sa iyong espirituwal na bahagi at pinahahalagahan ang mas malalim na kahulugan ng buhay. Ikaw ay di mainipin. Ikaw ay nakikiramay sa iba at ikaw ay mabait at maamo lalo na sa mga mahina. May posibilidad na maunawaan ang mga bagay ng hindi magtatanong. </QUEEN-OF-CUPS-ONE >
<KING-OF-CUPS-ONE >Ang baraha na ito ay sumisimbolo ng isang matalino at walang kinikilingan na saloobin. Ikaw ay maaaring magkaroon ng isang malalim na pag-unawa sa likas na katangian ng tao. Maaari kang maging isang mahusay na guro. Maaari mong panatilihin ang iyong ulo na kalmado sa krisis at makatulong sa paglutas ng isang tensionado na sandali. Alam mo kung ano ang sasabihin kapag ikaw ay nakadadama ng habag sa mga kapus palad. Maaari kang maging isang taong malawak ang isip at may diplomatiko na pananaw. Ang iyong mga kasanayan sa pamumuno ang iyong magagamit. </KING-OF-CUPS-ONE >
<ACE-OF-PENTACLES-ONE >Ang baraha na ito ay nagpapahiwatig na ipunin mo ang iyong mental na kalakasan at ibaling ito tungo sa iyong mga layunin. Makikita mo na ang pagsisikap mo ay magkakaroon ng mga resulta na iyong hinahangad. Ito sa kalaunan ay magdadala ng paglago sa iyong karera at buhay at nagtataguyod ng isang positibong kaisipan. Dapat kang kumilos ng praktikal at makatotohanan sa buhay. Ang patuloy na paniniwala at pagtitiwala sa iba ay kapaki-pakinabang para sa iyo. </ACE-OF-PENTACLES-ONE >
<TWO-OF-PENTACLES-ONE >Ang baraha na ito ay pag-uusap tungkol sa iyong kakayahan na makibagay at pagiging tugma patungo sa buhay. Maayos mo na babalansehin ang mga hawak mong bagay at sumulong na may matatag ngunit mabilis na hakbang. Ikaw ay bukas sa mga bagong ideya at mga posibilidad, parehong sa iyong personal at propesyonal na buhay. Ikaw ay mahusay na pamahalaan ang mga pagbabago na nangyari at magsaya sa parehong oras. Trabaho at paglalaro ay kaya mong pagsabayin. </TWO-OF-PENTACLES-ONE >
<THREE-OF-PENTACLES-ONE >Ang iyong potensyal sa trabaho bilang isang mahusay na manlalaro ng koponan ay nasa salungguhit sa pamamagitan ng baraha na ito. Ikaw ay may koordinasyon at may motibasyon sa iyong mga ginagawa. Ikaw ay lubos na maayos sa iyong mga diskarte. Sa pamamagitan ng iyong pagiging mahilig sa kompetensya, nakamtan mo ang ganap na pagiging perpekto sa iyong trabaho na magagawa na matugunan ang iyong mga layunin. Patunayan ang iyong kakayahan sa mga di naniniwala sayo. </THREE-OF-PENTACLES-ONE >
<FOUR-OF-PENTACLES-ONE >Ang baraha na ito ay nagpapakita ng kasukdulan kulay ng iyong pagiging mapang-angkin at paglaban sa mga pagbabago. Madalas kang magtago ng mga materyal na bagay at hindi ibahagi sa iba. Kasakiman ay maaaring mamuno sa iyong isip. Maaari mong subukan na kontrolin ang mga bagay na nakapaligid sayo at ipilit na dapat ay sundin ang iyong paraan. Maaari mo rin panatilihin ang mga bagay na di magulo at di nagbago, sa gayon ay magdadala ng isang pangkalahatang kawalang-kilos sa karamihan ng aspeto ng iyong buhay. </FOUR-OF-PENTACLES-ONE >
<FIVE-OF-PENTACLES-ONE >Ang baraha na ito ay nagpapakita ng isang mahirap na yugto, parehong emosyonal at pisikal. maaari kang magkaroon ng ilang mga uri ng pinansyal na problema o ilang isyu na maaaring magsimula sa iyong lugar ng trabaho. Maaari kang makaranas ng kakulangan ng kasanayan na iyong aktwal na kailangan upang ikaw ay umunlad. Maaari ka rin sumailalim sa isang bahagi, kung saan maaari ang pakiramdam mo ay kulang ka sa suporta at maaaring naanod sa banayad na kalungkutan. Maaring may mga isyu rin pati na sa kalusugan. </FIVE-OF-PENTACLES-ONE >
<SIX-OF-PENTACLES-ONE >Ang baraha na ito ay pag-uusap tungkol sa malabo na posibilidad ng pagkakaroon ng kayamanan, kapangyarihan at katalinuhan. Maaring meron ka o simpleng wala ka nito. Ikaw ay maaaring nasa dulo na bahagi ng pagtanggap ng mga bagay o sa huling bahagi ng pagbibigay. Ito ay sumasaklaw sa lahat ng aspeto ng buhay, ikaw ay maaaring maging alinman sa dito o doon. Sa alinmang kaso, gayunpaman, dapat mong maunawaan at pag-aralan ang iyong hinaharap at magtrabaho patungo dito. </SIX-OF-PENTACLES-ONE >
<SEVEN-OF-PENTACLES-ONE >Ang baraha na ito ay nagpapahiwatig ng pangangailangan upang masuri at pag-aralan ang kasalukuyang sitwasyon ng buhay. Baka gusto mong saglit na tumigil kahit ilang oras lamang upang subaybayan ang iyong pag-unlad hanggang ngayon at siguraduhin na ikaw ay nasa tamang landas. May isang malaking pagkakataon na ikaw rin ay makaranas ng tagumpay mula sa iyong taos-puso na mga pagsisikap at maabot ang milya-milya mong pinangarap. Maaari mong mahanap ang iyong sarili na nag-iisip tungkol sa pagbabago ng iyong trabaho o bahay. </SEVEN-OF-PENTACLES-ONE >
<EIGHT-OF-PENTACLES-ONE >Ang baraha na ito ay nagpapakita ng matinding pagpapasya at isang mata para sa mga detalye. Ikaw ay kasama sa ilang mga gawain /mga gawain at ma-aplay ang iyong sarili ng ganap at buong puso sa gawain. Ang saloobin na ito ay makakatulong sayo na dagdagan ang talino at kaalaman ukol sa iyong trabaho na. Ikaw ay maging maingat at siguraduhin na ginagawa ang lahat ng bagay ng may sistema at tama hanggang sa huling detalye. </EIGHT-OF-PENTACLES-ONE >
<NINE-OF-PENTACLES-ONE >Ang baraha na ito ay pag-uusap tungkol sa iyong disiplinado na pag-uugali na may sariling-paniniwala at nais na mapabuti. Hahanapin mo ang kalutasan sa iyong mga problema at pangasiwaan ang buhay sa isang maayos at sunod-sunod na diskarte. Magtiwala ka sa iyong kasanayan at palitan ang iyong mga potensyal sa pagganap ng iyong sarili. Ituloy mo ang pagiging perpekto at hanapin ang kasiyahan upang tamasahin ang mga mas pinong bagay sa buhay. Hangad mo ang marangyang pamumuhay. </NINE-OF-PENTACLES-ONE >
<TEN-OF-PENTACLES-ONE >Ang baraha na ito ay nagpapahiwatig ng kasaganaan ng yaman na dapat mong harapin. Tinatamasa mo ang isang malaki na tagumpay sa negosyo kung saan ang iyong mga pakikipagsapalaran ay lumalago. O maaari kang makaharap ng isang trabaho na mataas magpasweldo. Makakaranas ka ng pinansyal na seguridad sa anumang kaso. Maaari mong itala ang isang plano upang siguruhin ang iyong sarili at ang iyong pamilya habambuhay. Sa lahat ng ito, ikaw ay umaayon na subukan ang pamamaraan at manatili sa loob ng mga panuntunan sa anumang bagay na gagawin mo. </TEN-OF-PENTACLES-ONE >
<PAGE-OF-PENTACLES-ONE >Ang baraha na ito ay nagpapahiwatig sa iyo upang maging praktikal sa buhay at kumilos para sa iyong mga pangarap upang ito ay matupad. Ikaw ay gagawa depende sa kung ano ang mayroon ka at gamitin ang iyong mental at pisikal na lakas para gawin ito. Dapat mong baguhin ang ugali na laging antala ang mga gawain at panatilihin ang iyong mga paa sa lupa. Ikaw ay dapat na kumilos sa isang responsable at maaasahan na paraan at pinagkakatiwalaan ang mga taong kasama mo sa trabaho. </PAGE-OF-PENTACLES-ONE >
<KNIGHT-OF-PENTACLES-ONE >Ang baraha na ito ay tungkol sa iyong labis na pagkahilig patungo sa positibong mga bagay ng buhay. Ang pagpupunyagi mo upang ituloy ang isang layunin,mananatili kang matigas, di nakikinig sa iba at di susuko kahit na walang pag-asa ang sitwasyon. Ikaw ay konserbatibo, takot sa panganib at samakatuwid madaling mawala ang pagkakataon para sa iyo kung minsan. Ang iyong pakikipagsapalaran para maging perpekto kung minsan ay nauuwi sa obsesyon. Ang iyong pagiging praktikal ay ginagawa kang pesimista. Abala ka sa mga mahihirap na trabaho kaya hindi mo napapansin ang kagandahan ng mundo sa iyong paligid. </KNIGHT-OF-PENTACLES-ONE >
<QUEEN-OF-PENTACLES-ONE >Ang baraha na ito ay nagpapakita ng iyong kababaang loob, masigla at mapagbigay na ugali. Ikaw ay maalaga at mapagmahal sa mga tao sa paligid mo paraan na di nag-iimbot. Mayroon kang isang malambot na puso at nais mong palaganapin ang tuwa at kaligayahan sa iyong hindi makasarili na pananaw. Ikaw ay isang tapat na tao. Hindi ka nag-aaksaya ng mga bagay at pilit na pinagkakasya ito. Ang iba ay komportable sa paligid mo dahil sa iyong walang pagpapanggap at kaaya-ayang ugali. </QUEEN-OF-PENTACLES-ONE >
<KING-OF-PENTACLES-ONE >Ang baraha na ito ay nagpapakita ng iyong mga kapuna-puna na kasanayan sa iba't ibang mga kalagayan sa buhay. Ang iyong mga kasanayan sa pagnenegosyo ay nagdadala sa iyo sa parehong pananalapi at mental na kasiyahan sa buhay. Ikaw ay maaasahan sa oras ng krisis. Likas sayo na madali kang makibagay ang katangian tutulong sayo sa anumang sitwasyon. Ang iyong nanghihikayat na saloobin ay tumutulong sa mga tao sa paligid mo. ikaw ay kalmado, hindi nahuhuli sa oras at masipag. </KING-OF-PENTACLES-ONE >
<ACE-OF-SWORDS-ONE >Ang baraha na ito ay nagpapakita na mahahanap mo ang mental na kaliwanagan at malaman ang mga bagay sa iyong sariling paraan. Gamit ang iyong talino at pangangatwiran kakayahan, matututunan mo ng lubos ang ilang mga katotohanan ng buhay. Dahil sa iyong mental na lakas, ikaw ay makakalabas sa anumang mahirap na sitwasyon ng buhay sa pamamagitan ng pagtawid sa bawat balakid. Maaari mong madalas na ipaglaban ang hustisya para sa isang tao / bagay at magpatuloy sa direksyon ng katotohanan at katapatan. </ACE-OF-SWORDS-ONE >
<TWO-OF-SWORDS-ONE >Ang baraha na ito ay nagpapakita ng isang pagsalungat sa mga damdamin at pagpigil ng tunay na damdamin. Maaari mong itago ang iyong pagkabalisa mula sa iba at subukan upang mapanatili ang isang kalmado na anyong panlabas. Darating ang oras, kung saan mo mahanap ang iyong sarili na kasama sa di-maganda na sitwasyon kung saan ikaw ay nag-aalangan upang magpasya o kumilos. Maaari mong madalas na maiwasan ang malinaw na pagpapatunay at katotohanan. Ang sitwasyon ay mananatiling tulad ng dati dahil wala kang ginagawa. </TWO-OF-SWORDS-ONE >
<THREE-OF-SWORDS-ONE >Ang baraha na ito ay nagpapahiwatig na maaaring humarap sa isang emosyonal na panahon. Maaari na makasakit ka ng damdamin ng isang tao o sa kabaligtaran. Ang ilang mga masamang balita ay maaaring parating na. Maaaring magkaroon ng pagkakataon na pakiramdam mo ay tinanggihan ka. Maaaring pakiramdam mo ay wala kang kadamay sa oras ng pangangailangan mo. Kalungkutan ay maaaring madama din. Maaari mong malaman ang mga lihim tungkol sa mga taong malapit sayo na maaaring bumabagabag sa iyo. Maranasan mong pagkanulo ng taong malapit sayo. </THREE-OF-SWORDS-ONE >
<FOUR-OF-SWORDS-ONE >Ang baraha na ito ay nagpapahiwatig na sa buhay dapat ay hinay-hinay ka lang. Kailangan mo na magpahinga mula sa iyong pang araw-araw na gawain at humanap ng kapayapaan at tahimik. Ipahinga rin ang iyong katawan at isip. Gamitin ang oras na ito upang isipin ang tungkol sa kung saan ka nakatayo sa buhay, ano ang nais mong makamit, kung ano ang lahat na iyong ginawa, atbp Alinsunod dito, ihanda ang iyong sarili para sa hinaharap sa pamamagitan ng seguridad sa iyong kasalukuyang posisyon. </FOUR-OF-SWORDS-ONE >
<FIVE-OF-SWORDS-ONE >Ang baraha na ito ay sumasalamin ng isang makasarili na pag-iisip at hindi maganda na saloobin sa iba. Iniisip mo lang ang iyong mga pansariling interes bago mo kunin ang gawain. Maaari na mahirap makaya ang mga paniniwala at opinyon ng iba. Maaaring may makasamaan ka ng loob bukod pa sa iba. Maaari na matamo ang tagumpay gamit ang maling paraan. </FIVE-OF-SWORDS-ONE >
<SIX-OF-SWORDS-ONE >Ang baraha na ito ay nagpapahiwatig ng pataas at pababa na bahagi ng buhay. Maaari kang mawalan ng sigla at nalulumbay sa kung anumang ginagawa mo. Masamang kalusugan ay maaaring maranasan. Kailangan mong maglaan ng ilang oras para sa iyong personal na sarili, upang pagalingin at harapin ang emosyonal na sitwasyon ng iyong buhay. Makikita mo ang mundo na may bagong pag-asa at simulan ang pagtungo sa isang positibong balangkas ng isip. Maaari kang maglakbay mula sa isang lugar patungo sa isa pa sa paghahanap ng pakikipagsapalaran at pagbabago. </SIX-OF-SWORDS-ONE >
<SEVEN-OF-SWORDS-ONE >Ang baraha na ito ay tungkol sa iyong ugali na umiwas sa iyong mga responsibilidad at obligasyon na nakapalibot sayo. itatago mo ang katotohanan upang maiwasan ang mga di kanais-nais na pangyayari. Maaaring madalas na manatiling nag-iisa at malayo ang distansya mula sa sosyal na mundo sa iyong paligid. Sa yugto na ito ng paghihiwalay, maaari kang bumuo ng isang mapanlinlang na saloobin at may mga panahon, maaaring kumilos sa isang mapanlinlang na paraan. </SEVEN-OF-SWORDS-ONE >
<EIGHT-OF-SWORDS-ONE >Ang baraha na ito ay nagpapakita ng madilim at mahirap na daan sa hinaharap. Pakiramdam mo ay nakatanikala ka sa sitwasyon at nahihirapan na hanapin ang iyong daan patungo sa iyong buhay. Maaaring malito sa karamihan ng mga pangyayari at kung anong hakbang ang dapat na tahakin. Maaari na kulang ka sa pokus upang mauna sa paglakad kaya hahanap ng tulong sa labas. Maaaring pakiramdam mo ay di mo na kontrolado ang sitwasyon, habang wala kang magawa kundi manatili sa likod at manood. </EIGHT-OF-SWORDS-ONE >
<NINE-OF-SWORDS-ONE >Ang baraha na ito ay nagpapakita ng isang bahagi ng pagkabalisa at tensyon para sa iyo. Pakiramdam mo meron kang kasalanan na nagawa sa iyong nakaraan at hirap ka na patawarin ang sarili dahil dito.Maaari na nais mong bumalik sa nakaraan upang itama ang iyong mga aksyon. Ikaw ay inanod papunta sa isang bahagi, kung saan maaari mong itigil ang paniniwala sa iyong sarili at maaaring makaramdam ng lumbay. Sa ibang mga pagkakataon, ikaw ay magiging emosyonal. </NINE-OF-SWORDS-ONE >
<TEN-OF-SWORDS-ONE >Ang baraha na ito ay nagpapakita ng isang bahagi ng pagkabalisa at tensyon para sa iyo. Pakiramdam mo meron kang kasalanan na nagawa sa iyong nakaraan at hirap ka na patawarin ang sarili dahil dito.Maaari na nais mong bumalik sa nakaraan upang itama ang iyong mga aksyon. Ikaw ay inanod papunta sa isang bahagi, kung saan maaari mong itigil ang paniniwala sa iyong sarili at maaaring makaramdam ng lumbay. Sa ibang mga pagkakataon, ikaw ay magiging emosyonal. </TEN-OF-SWORDS-ONE >
<PAGE-OF-SWORDS-ONE >Ang baraha ay humihingi sa iyo na pagsama-samahin ang iyong lakas ng kaisipan at bigyan ng solusyon ang mga problema na maaaring maging abala sa iyo sa katagalan. Kakailanganin mo na lohikal na pag-aralan ang mga isyu na nakaharap sa iyo at gawin ang tama na mga plano upang parehong malutas. Makikita mo na kailangang maging tapat at makatotohanan at walang tinatago na anumang bagay. Kailangan mong ihiwalay ang mabuti sa masama at tanggapin ang responsibilidad na kasama nito. Panatilihin ang kasiglahan ng iyong espiritu at harapin ang paghihirap na may kalakasan. </PAGE-OF-SWORDS-ONE >
<KNIGHT-OF-SWORDS-ONE >Ang baraha na ito ay nagpapakita ng kumpiyansa ngunit may bahid ng pabigla-bigla na desisyon. Ang iyong pagiging tapat ay maaaring itinuturing bilang bastos ng iba. Maaaring ang tingin sayo ng iba ay isang tao na sasabihin kung ano ang gusto ng di nag-iisip. Maaari na magsimula ka na isang mahusay na lider ngunit sa huli ay mangibabaw ang iyong pagiging dominante. Maaari mong ipakita na mahusay ka magpatawa na may halong pang-iinis. Ang iyong malalim na kaalaman ay pinahahalagahan kung ito ay hindi hahantong sa kayabangan. </KNIGHT-OF-SWORDS-ONE >
<QUEEN-OF-SWORDS-ONE >Ang baraha ay sumasalamin sa iyong pagkamatapat at direkta kung magsalita ay likas sayo. Mas gusto mong maging bukas sa lahat ng iyong mga pakikitungo. Ang iyong pang-unawa sa anumang sitwasyon / tao ay lubos na makatarungan at tamang-tama lamang. Sa lahat ng iyong ginagawa sinisikap mo na tama ang iyong diskarte. Ang iyong galing sa pagpapatawa ay tama lamang at hindi dahil sa kung sinuman. Ang iyong malawak na karanasan ay nagbibigay sa iyo ng lakas upang magpatuloy sa buhay. </QUEEN-OF-SWORDS-ONE >
<KING-OF-SWORDS-ONE >Ang baraha na ito ay nagpapahayag ng iyong maalalahanin isip at etikal na pagkatao. Suriin at pag-aralan ang sitwasyon ng buhay sa isang mahusay na paraan gamit ang mahusay na lohikal at pangangatwiran na kakayahan. Magagawa mong ibahagi ang iyong mga pananaw at ideya dahil sa husay sa pakikipag-usap. Malawak ang iyong pang-unawa at madaling maintindihan ang lahat ng aspeto ng anumang mga isyu. Matapat at matuwid ka sa kahit anong ginagawa mo. </KING-OF-SWORDS-ONE >
<ACE-OF-WANDS-ONE >Ang baraha na ito ay nagpapahayag ng tagumpay. Taglay mo ang isang mapanlikha at hindi nakagawian na paraan ng pag-iisip, na kung saan ay nagbibigay sa iyo ng pagiging malikhain. Ang iyong sigasig at maningning na kumpiyansa ay nagsisilbing inspirasyon sa iba at inilalabas ang iyong hindi mapigil na emosyon. Sa lahat ng iyong gawain ibinibigay mo ang iyong buong atensyon. Sa buhay, sa tuwing haharapin ang anumang mga problema o hamon, kahit mahirap hinaharap mo ito ng buong tapang at ng may tiwala sa sarili. </ACE-OF-WANDS-ONE >
<TWO-OF-WANDS-ONE >Ang baraha na ito ay nagpapahayag ng isang matapang na saloobin. Kung ikaw ay naghihintay na kumuha ng isang inisyatibo o gawin ang ilang mga gawain/paglalakbay, ito ay ang panahon upang gawin ito. Ikaw ay may kapangyarihan at impluwensya upang makamit ang iyong mga layunin. Kaya, kailangan mo lamang na magkaroon ng lakas ng loob na humakbang pasulong . Ito ay ang oras upang maging matapang at harapin ang iyong takot. Kailangan na magkaroon ka isang makabagong diskarte upang makamit ang iyong mga layunin. Tahakin mo ang iyong daan. </TWO-OF-WANDS-ONE >
<THREE-OF-WANDS-ONE >Ang baraha na ito ay nagpapakita ng isang pagkauhaw at inip upang galugarin ang isang bagong bagay. Ito ay may kaugnayan sa iyong pakikipagsapalaran at paghahanap ng tuwa na sadyang likas sa iyo. Ang iyong kakayahan na makita ang hinaharap ay magpapatuloy upang makatulong sa iyo sa mga darating na oras. Kailangan mong tumayo bilang isang lider upang pangunahan ang lahat papunta sa iyong misyon at layunin. Maaari kang makakita ng maraming tagumpay sa kalakalan at komersyo. </THREE-OF-WANDS-ONE >
<FOUR-OF-WANDS-ONE >Maaari kang kumonekta sa iyong pakikipagsapalaran at paghahanap ng tuwa na likas sayo.Ang iyong kakayahan na makita ang hinaharap ay magpapatuloy upang makatulong sa iyo sa darating na oras. Kailangan mong tumayo bilang isang lider upang pangunahan ang lahat papunta sa iyong misyon at layunin. Maaari kang makakita ng maraming tagumpay sa kalakalan at komersyo sa lalong madaling panahon. </FOUR-OF-WANDS-ONE >
<FIVE-OF-WANDS-ONE >Ang baraha na ito ay nagpapahayag ng isang gulo sa hinaharap. Ang mga tao ay mukhang laban sa iyo at maaaring sa huli ito ay mauwi sa argumento at pakikipag-away. May mga iba na nais makipag-kompetensya sa iyo at sa palagay mo gusto mong patulan ang hamon ng isang away. Isang pag-atras at gulo ay kinakaharap mo. Kailangan mong ipakita ang pasensya at kahinahunan upang makalabas sa sitwasyon na ito. </FIVE-OF-WANDS-ONE >
<SIX-OF-WANDS-ONE >Ang baraha ay sumasalamin sa tagumpay, pagpapahalaga na may kaunti na pagmamataas. Makakamit mo ang iyong mga layunin at magagawa mo ito ng matagumpay. Ikaw ay pinahahalagahan dahil sa iyong mga pagsisikap at ito ay magiging motibasyon upang ibigay ang iyong pinakamahusay sa lahat ng bagay na gagawin mo. Mararanasan ang magandang buhay subalit maaaring biglang makaramdam ng sariling pagpapahalaga. Maaari mong simulan ang pag-iisip tungkol sa iyong sarili na kung saan ay maaaring humantong na ang tingin ng mga tao ikaw ay mapagmataas. </SIX-OF-WANDS-ONE >
<SEVEN-OF-WANDS-ONE >Ang baraha na ito ay sumisimbolo sa mga pagsisikap upang ipaglaban ang iyong posisyon at manindigan kung ano ang pinaniniwalaan mo. May posibilidad na maging agresibo at may palaban na diskarte sa buhay.Maraming pagkakataon, na ang paraan na ito ay mahusay na gumagana para sa iyo, ngunit kung minsan, ito ay sobra pa sa nararapat. May posibilidad na maging matigas ang ulo kapag may pinaglalaban at medyo mapilit. Ang iyong tapat na paniniwala sa iyong kakayahan ay makakatulong sa iyo sa panahon ng pagkabagabag. </SEVEN-OF-WANDS-ONE >
<EIGHT-OF-WANDS-ONE >Ang baraha ay nagpapahiwatig ng isang pagbabago sa oras. Ang panahon na iyong hinihintay ay dumating na. Ito ay ang oras upang gumawa ng pagkilos at patunayan ang iyong mga potensyal sa ilang mga paraan o sa iba. Ang ilang mga hindi natapos na gawain ay maaaring makumpleto sa wakas. Ikaw ay malamang na matuklasan ang ilang mga impormasyon o balita na iyong hinahanap. Maaaring tapusin ang isang tiyak na bagay, upang simulan ang isang bagay na mas mahusay. </EIGHT-OF-WANDS-ONE >
<NINE-OF-WANDS-ONE >Ang baraha na ito ay nagpapahayag ng iyong pag-iingat at ang determinasyon na iyong pinapakita. Mula sa iyong nakaraan na paghihirap o mga karanasan, ikaw ay labis na maingat ngayon at laging handa pinakamasamang mangyayari . Bantayan mo ang iyong sarili at ang mga malapit sayo. Tumayo ka laban sa mga unos at panatilihin ang pakikipaglaban para sa iyong mga layunin ng buong puso. Ang iyong sariling kalooban at pisikal na lakas ay patuloy na mapanatili ang iyong mga pagsisikap patungo sa kaluwalhatian. </NINE-OF-WANDS-ONE >
<TEN-OF-WANDS-ONE >Ang baraha ay nagpapahiwatig ng isang pagtaas ng kamalayan ng emosyonal o mental na pasanin. Maaaring nasobrahan ka sa trabaho. Marahil ikaw ay gumagawa ng maraming bagay sa oras at naantala sa karamihan sa kanila. Ikaw ay maaaring magkaroon din ng ilang mga utang na dapat bayaran. Nahihirapan kang humindi sa iba. Habang hindi ka nakakuha ng papuri para sa mga mabuting bagay na ginagawa mo, ikaw pa ang may sala sa bandang huli. Kailangan ang pagpupunyagi upang makamit ang bawat maliit na tagumpay. </TEN-OF-WANDS-ONE >
<PAGE-OF-WANDS-ONE >Ang baraha ay nagpapahayag ng mga bagong pagkakataon para sa iyo upang matuklasan ang tunay na kapangyarihan at lakas na nasa iyo. Ito ang oras upang muling matuklasan ang buhay at galugarin ito sa isang malikhain at malakas ang loob na diskarte. Kailangan mong magpakita ng higit pang katuwaan at magandang pananaw sa iyong mga pagsisikap. Maging ragasa sa kahit anong gawin mo. Maniwala ka sa iyong mga kasanayan at panatilihin ang iyong pagtuon upang lumabas ang pinakamahusay mula sa iyo. Maging malakas ang loob at wag matakot malagay sa panganib. Ito ang oras upang maging mapamilit. </PAGE-OF-WANDS-ONE >
<KNIGHT-OF-WANDS-ONE >Ang baraha ng kabalyero ay sumasalamin sa isang napakahusay na hanay ng mga maganda na katangian sinamahan ng ilang mga negatibong pag-uugali. Ikaw ay madalas na kaakit-akit at may tiwala sa sarili, pero kung minsan mukha kang isang mapagmataas na tao. may posibilidad na maging matapang ngunit minsan ay di nag-iingat. Sa iyong hanap ng pakikipagsapalaran, ay may posibilidad na maging ganap na hindi mapakali.Ikaw ay ragasa ng kalikasan ngunit mainitin din ang ulo. </KNIGHT-OF-WANDS-ONE >
<QUEEN-OF-WANDS-ONE >Ang baraha na ito ay isa sa mga pinaka-positibo. Ito ay nagpapakita ng isang malakas sa enerhiya, kalooban at kagalakan. Matatapos mo ang iyong mga gawain sa pamamagitan ng iyong mga pangako at dedikasyon. Magiging mabuti kang kaibigan at madali para sayo na magkaroon ng mga bagong kakilala. Makakaranas ka ng isang mapayapa at masayang panahon sa mga darating na araw. Ang iyong kalmado at masayahin na kalooban ay makakatulong sayo na matugunan ang anumang balakid na haharapin. </QUEEN-OF-WANDS-ONE >
<KING-OF-WANDS-ONE >Ang baraha na ito ay sumasalamin sa kapangyarihan ng malikhain at makabagong pag-iisip. Panatilihin ang iyong isip na bukas para sa mga bagong posibilidad at pagkakataon. Maaari kang makaranas ng isang bagong bagay sa hinaharap. Maaari kang maging mahusay sa pakikipag-usap at makisama sa iba at magsilbi na inspirasyon. Maaaring mangibabaw at maging pala-utos sa mga taong nakapaligid sayo ngunit may respeto pa rin. Tatangkilikin mo ang atensyon na nakukuha at malamang na maakit sayo ang kabilang kasarian. </KING-OF-WANDS-ONE >
<THE-FOOL-ONE >Ang isang bagong simula ay ipinahihiwatig. Pakiramdam mo na ikaw ay nagsisimula muli ng may bagong bagay at bagong ideolohiya. Maaaring ito ay tungkol sa iyong karera, buhay pag-ibig o personal na hinaharap. Magkakaroon ng maraming tuloy-tuloy at masaya na karanasan na kasama sa paglalakbay. Sa kaso ng anumang mga hadlang ikaw ay natuto ng isang bagay na mahalaga. Kailangan mong bitawan ang nakaraan at magsimula ng mga bagong bagay upang ang pagbabaka-sakali sa bagong daigdig na sisimulan mo ng galugarin. </THE-FOOL-ONE >
<THE-MAGICIAN-ONE >Ang lakas ng iyong loob ay mas makapangyarihan ngayon. Ang mga tao ay makikinig at susunod sa lahat ng iyong mga sasabihin. Magagawa mong kumbinsihin ang mga tao at ang oras na ito ay nagpapahiwatig na ikaw ay nasa pinakamahusay mong kasanayan sa pamumuno na may katagalan na rin. Makakakuha ka ng matalino na ideya at ito ay nasa sayo kung paano mo ito gagamitin. Ang ilang mga lihim ng iba ay mabubunyag naman. </THE-MAGICIAN-ONE >
<THE-HIGH-PRIESTESS-ONE >Ito ang panahon kung kailan dapat kang magtiwala sa iyong pakiramdam at sundin ang landas ng iyong mga pangarap patungo sa iyong masidhi na pagnanais. Maaaring may isang taong malapit nang magbigay sayo ng isang importante o kapaki-pakinabang na payo. Kailangan mong hanapin ang bagay na hindi pamilyar sayo at malamang din na may isang bagay na itinatago sayo. Ikaw ay naghahanap hangga't ang lihim na ito ay hindi pa nabubunyag dahil maaari itong magdala ng isang pinakamahalagang pakinabang sayo. </THE-HIGH-PRIESTESS-ONE >
<THE-EMPRESS-ONE >Ikaw ay napapaisip ng malalim tungkol sa isang bagay at at nag-aalala tungkol sa paglago o ang simula ng isang bagay sa iyong karera, negosyo o relasyon. Ikaw o ang iyong kapareha ay lubos na proteksyon ang ibinibigay at maaaring gumamit ng kahit anong klase ng mga paraan upang makamit ang ninanais. Ang lubos na pasensya at ilang mga pagsisikap ay kinakailangan upang makamit ang katatagan sa kasalukuyan sitwasyon. </THE-EMPRESS-ONE >
<THE-EMPEROR-ONE >Tagumpay ay hindi malayo at karangalan ay parating na. Maaaring may impluwensya ang isang lalaki na nagsisilbing gabay mo tulad ng iyong ama, kapatid na lalaki, kapareha o ang iyong kaibigan. Ikaw ay magkakaroon ng awtoridad ngayon at masusunod sa kung ano ang nais mong gawin. Isang malakas na suporta ang nasa iyong panig . Bagaman, maingat ka sa iyong pagiging mababaw o di maganda na ugali na likas sayo maaaring masaktan mo ang iyong mga nakababatang kasama. </THE-EMPEROR-ONE >
<THE-HIEROPHANT-ONE >Huwag maging masyadong matigas ang ulo tungkol sa iyong mga saloobin at huwag maniwala sa mga lumang paniniwala at tradisyon dahil lang sa ang mga ito ay matagal ng sinusunod. Maaring iniisip mo ang tungkol sa kasal. Maaring natigil ka ng mga legal na regulasyon. Problema ay maaaring dumating at maaari kang kumapit sa lumang paraan ng paglutas ng mga ito. kailangan mong harapin ang problema ng may malamig na ulo at sapat na pasensya. </THE-HIEROPHANT-ONE >
<THE-LOVERS-ONE >Ang pag-ibig ay napapanahon para sa iyo. Malapit ka ng makatanggap ng isang kaaya-aya sorpresa sa iyong buhay pag-ibig. Kailangan mong mamili sa pagitan ng iyong puso o isip. Ngunit mas malamang na sundin mo ang iyong puso kesa sa iyong isip at panganib na sinuong ay magiging kapaki-pakinabang. Ikaw ay natukso na hahantong upang ikaw ay hindi maging tapat na dapat sana ay iyong iniwasan. Ang iyong emosyonal na koneksyon ay magiging malakas. </THE-LOVERS-ONE >
<THE-CHARIOT-ONE >Ikaw ay nasa panahon ng pakikibaka upang makamit ang kung ano ang gusto mo. Ang ilang mga uri ng pagbabago o paglalakbay ay maaaring magkaroon ng lugar sa iyong buhay. Ikaw ay haharap sa mga hadlang sa iyong karera o personal na buhay. Maaaring ginigipit ka ng isang tao na may makasarili na motibo. Kailangan na may kontrol ka sa iyong damdamin at sa mga pangyayari, ngunit sa katapusan tagumpay ay makakamit. </THE-CHARIOT-ONE >
<JUSTICE-ONE >Ito ay oras upang magkaroon ng pagkakapantay sa iyong mga ginagawa. Maaaring may mga ilang ugali o gawain na kung saan ay nangyayari ng higit sa o mas mababa kaysa sa kinakailangan sa iyong buhay. Kailangan mo itong makontrol. Kailangan mo ng pagsisikap upang makabalik sa pagiging normal sa pamamagitan ng pagbalanse ng lahat ng aspeto ng iyong buhay. Kinakailangan na wala kang kinikilingan habang may kasunduan o may kasosyo sa hinaharap. Kung may isang bagay na sa tingin mo ay mali ang iyong ginagawa, itama ito sa lalong madaling panahon bago ito ay maging mapanganib para sayo. </JUSTICE-ONE >
<THE-HERMIT-ONE >Saglit na tumigil at subukan na ayusin at pag-aralan ang mga bagay. Maaaring pakiramdam mo ay wala kang tiyaga sa mga bagay na nangyayari sa paligid mo. Huwag gumawa ng padalos-dalos na desisyon at magiging mas mabuti kung ilang payo ay marinig mula sa isang tao na mas may edad sayo at maaasahan bago gumawa ng isang mahalagang desisyon sa malapit na hinaharap. Kumuha ng isang maikling pahinga sa iyong iskedyul at subukan na mahanap ang kapayapaan at pagiging totoo sa sarili. </THE-HERMIT-ONE >
<WHEEL-OF-FORTUNE-ONE >Sa lalong madaling panahon magkasalubong ang isa sa mga pinakamahusay na bahagi ng iyong buhay. Ang swerte ay pabor sa iyo at dapat mong makuha ang bunga ng iyong mga pagsisikap. Ang ilang mga pagbabago ay magaganap at ang iyong buhay ay patungo sa paggulang. Sa malamang ay makukuha mo ang iyong pinakahihintay. Ang iyong problema ay matatapos din at ang kaligayahan ay darating sa kasaganaan. Ang iyong mga pangarap ay malapit nang makamit. </WHEEL-OF-FORTUNE-ONE >
<STRENGTH-ONE >Malalaman na nakuha mo na ang lakas at potensyal upang makayanan ang pinakamasamang sitwasyon, parehong pisikal at mental. Ang baraha na ito ay nagpapahiwatig ng isang magandang panahon upang alisin mo ang mga ugali na hindi maganda, na matagal mo ng sinusubukan na gawin. Matutupad mo ang mga bagay sa iyong pagpupunyagi tulad ng iyong mga relasyon, karera, kalusugan, at iba pa. Gamit ang iyong lakas ng loob, kapangyarihan at katalinuhan, maaari kang magtagumpay sa mga pagsubok at masaklap na karanasan sa iyong buhay. </STRENGTH-ONE >
<THE-HANGED-MAN-ONE >Maaaring magsakripisyo ka ng isang bagay o iwan ang isang tao para sa isang mas magandang bukas. Malubhang sakit, kabiguan o tensyon ay maaaring mangyari. Harapin ang anumang naturang problema sa pamamagitan ng pagpapanatili ng kapayapaan at tiyaga. Ang isang salungat na sitwasyon ay maaaring humantong sa isang mas mahina na kapangyarihan ng kalooban at emosyonal na pagkasira. Pagpayuhan na dapat ay may pakinabang at magamit ang oras na ito upang makakuha ng kalinawan ng mga sitwasyon. </THE-HANGED-MAN-ONE >
<DEATH-ONE >Ang baraha na ito ay nagpapahayag ng isang may makabuluhan na pagbabagong-anyo at mahalaga o kagulat-gulat na mga pagbabago sa buhay. Ang pangalan ay nagsasaad, ito ay nagpapahiwatig ng kamatayan ngunit sa kalagayan lamang tulad ng malubhang sakit. Maaari kang malungkot, walang layunin o nalulumbay ngunit ito ang bahagi na makakatulong sa iyo upang malaman na ang mga kailangang pagbabago ay kailangang gawin sa buhay para umusad. Magkaroon ng lakas upang tanggapin ang mga pagbabagong ito ng sa gayon ay makabangon ka sa malungkot na bahagi ng iyong buhay. </DEATH-ONE >
<TEMPERANCE-ONE >Maaari kang malito sa pagpili sa mga alok sayo ng buhay.Ikaw ay maaaring pumili sa pagitan ng kabaligtaran at kailangan mo magsikap upang makahanap ng isang paraan upang magpantay ang parehong bagay para sayong ginhawa at kapayapaan. Kailangan mong bigyan ito ng oras at mag-eksperimento ng kaunti upang malaman ang pinakamahusay na solusyon. Kailangan mong timbangin ng mabuti ang iyong mga opsyon upang mapag-isa ang magkasalungat na aspeto ng sa gayon mapanatili ang kapayapaan. Makikita mo ang paraan upang mabuo muli ang pagkakaunawaan. </TEMPERANCE-ONE >
<THE-DEVIL-ONE >Ikaw ay natutukso patungo sa damdamin ng pagnanasa, kasakiman, ambisyon o adiksyon. Makikitang nais mo ng kapangyarihan upang kontrolin ang mga bagay at naaakit ka ng ginhawa sa buhay. Kakulangan ng pagtitimpi ay maaaring humantong sa mapanganib at kumplikado na sitwasyon. Anuman ang gagawin mo, ay magiging patungo sa sukdulan na kung saan sa tingin mo ikaw ay malakas na, ngunit magiging mapanganib sa parehong oras. Kailangan mong maging maingat bilang ang baraha na ito ay nagbibigay sa iyo ng isang babala sa mga mapanirang hakbang na iyong tatahakin. </THE-DEVIL-ONE >
<THE-TOWER-ONE >Ang oras sa nalalapit na hinaharap ay maaaring maging isa sa mga pinaka- problemado na maaaring makita mo. Maaari mong harapin ang ilang mga hindi kasiya-siya at bigla na pagbabago. Ang ilang mga paghihirap ay maaaring sanhi dahil sa hindi inaasahang dahilan at maaaring kailangan mong harapin ang isang paghihiwalay o kalungkutan. Ngunit ang mga pagbabagong ito ay maaaring nagmulat sa iyo upang makita ang bagong direksyon sa buhay, na maaaring patunay na maging kapaki-pakinabang sa katagalan. Hindi ito magiging isang masayang paglalakbay ngunit ito ay para sa kabutihan mo at magturo sayo ng maraming bagay sa hinaharap. </THE-TOWER-ONE >
<THE-STAR-ONE >Ikaw ay banal na nakakiling ngayon at nais ng kapayapaan at pagkakasundo sa iyong buhay. Ito ay magiging isang pagkakataon para sa pagpapagaling at bigyan ng bagong pag-asa sa personal pati na rin ang propesyonal na harap. Ito ay isang magandang pangitain upang magsimula ng isang bagong relasyon o dalhin ang inyong relasyon sa susunod na antas. Kaalaman tungkol sa iba't-ibang mga bagay-bagay at pinatindi ito upang maging isang magandang pagkakataon para magpakasawa sa artistikong paghahanap. </THE-STAR-ONE >
<THE-MOON-ONE >Pakiramdam mo ay tulad ng paglalakbay sa mundo ng imahinasyon at pagkamalikhain. Maaari kang makakita ng ilang mga malalim at madilim na mga nakatagong lihim at maaaring mapunta sa isang malakas na ulan sa iyong emosyonal na aspeto. Dapat mong iwasan ang mga bawal na gamot, alkohol o anumang sangkap pang-aabuso na maaaring maging mapanganib sa iyong kalusugan. Maaaring pakiramdam mo ay nakakulong sa isang baliw at lagalag na mundo at kailangan na sundin ang iyong desisyon na magdadala sa iyo sa pinakamahusay na landas, mas mabuti kung may kinalaman sa musika, sining, sayaw, teatro, at iba pa </THE-MOON-ONE >
<THE-SUN-ONE >Nakakaramdam ka ng labis na kasiglahan, kabataan at kaisipan na gumawa ng mga tamang desisyon para magtagumpay. Ang Sun card ay tungkol sa kasariwaan, sigasig at nagpapahiwatig na ang lahat ay isa-isang mapupunta sa dapat na kalagyan. Maaring may mga magandang balita na paparating. Posible ang isang bakasyon sa hinaharap. Mas maraming oras na mailalaan sa pamilya at mga kaibigan. Kasiyahan at kapayapaan ang naghihintay sa iyo sa mga darating na araw. </THE-SUN-ONE >
<JUDGEMENT-ONE >Ang card na ito ay nagpapahiwatig ng mga oportunidad na hindi mo dapat palampasin. Ang mga pagkakataong ito ang iyong hinihintay. Ito ang panahon kung saan ikaw ay magagantimpalaan dahil sa iyong mga pagsisikap na ginawa noon. Ang mga pag-asang darating sa iyo ang magbabago ng iyong buhay tungo sa magandang kalagayan. Bilang ang paghuhusga ay nararapat lamang na maging makatarungan, maaaring kailangan mong harapin ang bunga ng iyong mga kasalanan noon. Sa huli may magandang katapusan ang lahat ng ginagawa mo ngayon. </JUDGEMENT-ONE >
<THE-WORLD-ONE >Ito ang panahon kung saan magwawakas ang iyong mahabang paghihirap at makukuha mo ang gantimpala. Ang baraha na ito ay nagpapahiwatig ng kapahingahan pagkatapos ng mahabang panahon ng iyong pagsusumikap. Mararamdaman mo na sa wakas ay nakamtan mo na ang mga bagay at resulta na matagal mo nang inaasam-asam. Bibigyang halaga ng mga mahal mo sa buhay ang bunga ng iyong mga pagsisikap. Ito ang panahon na maghahatid sa iyo ng mga katuparan at nagpapahiwatig ng mga bagong simula. </THE-WORLD-ONE >
</ROOT>
