<?xml version="1.0" encoding="utf-8" ?>
<ROOT>
<ACE-OF-CUPS-ONE >Lá bài này cho biết hiện tại mọi việc liên quan đến sức khỏe của bạn dường như suôn sẻ. Bạn sẽ cảm thấy tươi trẻ và tràn đầy sức sống về thể lực và tinh thần, và hầu như không có ốm đau phiền não. Bạn giờ đây sẽ đến gần hơn với tâm linh và điều đó giúp bạn thấy tốt hơn nữa. </ACE-OF-CUPS-ONE >
<TWO-OF-CUPS-ONE >Lá bài này cho biết bạn rất bối rối về tình trạng sức khỏe của một người thân. Bạn rất lo ngại cho họ và có thể phải thường xuyên đi lại tới bệnh viện. </TWO-OF-CUPS-ONE >
<THREE-OF-CUPS-ONE >Lá bài này cho biết bạn muốn có một khoảng thời gian thư giãn và sẽ nuông chiều bản thân hơn mức cần thiết. Điều này sẽ gây nên những lo ngại nghiêm trọng về sức khỏe và bạn cần sớm lưu tâm đến chúng. Nếu bạn không có biện pháp khắc phục, có thể bạn sẽ phải đến bệnh viện hoặc trung tâm hồi phục. </THREE-OF-CUPS-ONE >
<FOUR-OF-CUPS-ONE >Bạn đang chịu quá nhiều căng thẳng và điều đó có thể khiến cơ thể bạn suy sụp. Bạn cần dành thời gian để ra ngoài dù vướng bận công việc bởi vì hiện giờ điều đó là cần thiết. Điều này có thể khiến bạn nản lòng đôi chút nhưng cuối cùng bạn sẽ hồi phục và có một tư thế mới trong cuộc sống. </FOUR-OF-CUPS-ONE >
<FIVE-OF-CUPS-ONE >Lá bài này cho biết bạn sẽ phải di chuyển nhiều hay chịu quá nhiều áp lực về công việc và bạn sẽ cảm thấy kiệt sức và vô cùng mệt mỏi. Điều này ảnh hưởng nghiêm trọng đến sức khỏe của bạn nhiều hơn bạn nghĩ. Bạn sẽ phải ưu tiên chú ý đến những vấn đề về khoang bụng. </FIVE-OF-CUPS-ONE >
<SIX-OF-CUPS-ONE >Lá bài này cho biết hiện tại bạn cảm thấy không khỏe và sự bất ổn này ảnh hưởng tới thể chất và tinh thần của bạn. Tuy nhiên bạn sẽ cố gắng hoàn tất những công việc nhất định và sau đó giải lao để hồi sức. </SIX-OF-CUPS-ONE >
<SEVEN-OF-CUPS-ONE >Lá bài này cho biết cơ thể bạn đang cho thấy những triệu chứng của bệnh và bạn cần nghỉ ngơi. Một số phiền não có thể bám lấy bạn và bạn cần giải quyết chúng. Bạn có thể gặp những vấn đề liên quan đến chân tay hay mắt, và sẽ phải nghỉ ngơi một thời gian để hồi phục. </SEVEN-OF-CUPS-ONE >
<EIGHT-OF-CUPS-ONE >Lá bài này cho biết mắt hay tóc của bạn sẽ hơi khó chịu và bạn sẽ phải uống thuốc một thời gian. Điều này có thể cản trở một chút đến công việc hàng ngày của bạn và khiến bạn nản lòng. Tuy nhiên, không có gì đáng lo ngại và quá trình hồi phục sẽ sớm bắt đầu. Những người thân sẽ chăm sóc bạn trong lúc bạn hồi phục. </EIGHT-OF-CUPS-ONE >
<NINE-OF-CUPS-ONE >Lá bài này cho biết bạn đang hoặc sẽ sớm đối mặt với sự cô lập hay trầm cảm do những thăng trầm trong cuộc sống. Bạn sẽ ở trong một giai đoạn dễ bị tổn thương và cảm thấy không có ai thấu hiểu mình. Những suy nghĩ xáo động này có thể gây nên sự lo lắng và khiến bạn phải uống thuốc. </NINE-OF-CUPS-ONE >
<TEN-OF-CUPS-ONE >Lá bài này cho biết thời gian biểu bận rộn và đột xuất sẽ khiến chế độ ăn uống của bạn mất cân bằng và điều này có thể dẫn tới những rối loạn tiêu hóa. Thời gian biểu thất thường có thể dẫn đến sự cô lập hay chứng mất ngủ tạm thời. Bạn sẽ có biện pháp khắc phục và sớm khỏe lại. </TEN-OF-CUPS-ONE >
<PAGE-OF-CUPS-ONE >Lá bài này cho biết trong những tình cảnh hiện tại, bạn sẽ cảm thấy rất nhạy cảm và dễ bị tác động. Tình trạng này có thể gây hại đến sức khỏe tinh thần và thể chất của bạn. Hãy cẩn thận bởi tai nạn hay đến với bạn. </PAGE-OF-CUPS-ONE >
<KNIGHT-OF-CUPS-ONE >Lá bài này cho biết giờ đây mọi việc liên quan đến sức khỏe của bạn sẽ được cải thiện. Nếu bạn đang chịu những phiền não nhất định và phải đi khám bệnh, thì tình trạng của bạn sẽ tiến triển tốt hơn mặc dù bạn có thể nhận được một tin xấu. Bạn sẽ phải giữ niềm tin ở bản thân và tự chăm sóc tốt lấy mình. </KNIGHT-OF-CUPS-ONE >
<QUEEN-OF-CUPS-ONE >Lá bài này cho biết hiện tại bạn đang rất mệt mỏi về tinh thần do những áp lực khác nhau từ cá nhân và công việc, và đôi lúc bạn cảm thấy bất lực. Có thể có những dấu hiệu tuyệt vọng do đó bạn sẽ đi tìm lời khuyên từ bác sĩ và những người họ hàng, tuy nhiên tình hình sẽ dần dần cải thiện. </QUEEN-OF-CUPS-ONE >
<KING-OF-CUPS-ONE >Lá bài này cho biết có thể có những tình huống khó chịu khiến bạn rất thất vọng và nghĩ rằng mình không đủ tốt hay thiếu phẩm chất. Đừng để những tình cảnh này dẫn bạn đến con đường nghiện ngập. </KING-OF-CUPS-ONE >
<ACE-OF-PENTACLES-ONE >Lá bài này cho biết bạn đang sẵn sàng để thực hiện những thay đổi lành mạnh trong cuộc sống. Nếu bạn đang gặp phiền não nào đó, đây là thời gian thích hợp để hồi phục mau chóng và bạn sẽ sớm khỏe lại. Cuối cùng bạn sẽ hồi phục hoàn toàn. </ACE-OF-PENTACLES-ONE >
<TWO-OF-PENTACLES-ONE >Bạn sẽ thấy mệt mỏi và kiệt sức do thời gian làm việc và do phải làm tròn nhiều trách nhiệm khác nhau. Tình trạng này sẽ hành hạ cơ thể của bạn, nhưng bạn sẽ phải cố gắng đạt cân bằng để không trở thành nạn nhân. </TWO-OF-PENTACLES-ONE >
<THREE-OF-PENTACLES-ONE >Lá bài này cho thấy một sự suy sụp cảm xúc hay một cuộc chạm trán bất ngờ sẽ gây nên những ảnh hưởng độc hại đối với bạn. Điều này có thể nguy hại cho sức khỏe của bạn và bạn sẽ phải cẩn thận. Thời gian nghỉ ngơi sẽ phải hoãn lại vì bạn vướng bận nhiều việc. </THREE-OF-PENTACLES-ONE >
<FOUR-OF-PENTACLES-ONE >Lá bài này cho biết bạn sẽ gặp rắc rối với một vấn đề sức khỏe hiện tại và có thể phải đi khám nhiều lần. Bạn cùng với những người thân sẽ tìm kiếm sự giúp đỡ và lời khuyên. Sự việc có thể vượt quá tầm kiểm soát và bạn sẽ phải mạnh mẽ. </FOUR-OF-PENTACLES-ONE >
<FIVE-OF-PENTACLES-ONE >Lá bài này cho biết gần đây bạn đã lơ là về sức khỏe của mình và đó là lý do vấn đề nhỏ trở nên xấu đi dù rằng không quá nghiêm trọng. Vì vậy bạn có thể phải đi khám. </FIVE-OF-PENTACLES-ONE >
<SIX-OF-PENTACLES-ONE >Lá bài này cho biết giờ đây bạn sẽ phải chú ý môi trường xung quanh hơn. Bạn thường bị tai nạn và do đó sẽ phải cảnh giác và thận trọng về mọi thứ xung quanh. Đây là thời điểm mấu chốt và nếu bất cẩn, bạn sẽ gặp kết cục không mong muốn. </SIX-OF-PENTACLES-ONE >
<SEVEN-OF-PENTACLES-ONE >Lá bài này cho biết bạn đang ở trong một giai đoạn bất ổn và nên tránh những công việc đòi hỏi quá nhiều sự chú tâm hay lao động thể chất. Bạn sẽ không muốn làm những công việc đòi hỏi thời gian và sự tập trung, và điều này sẽ khiến bạn xa rời công việc dù không muốn. </SEVEN-OF-PENTACLES-ONE >
<EIGHT-OF-PENTACLES-ONE >Lá bài này cho biết bạn cần tận dụng tất cả kem dưỡng ẩm và kem chống nắng bởi vì làn da của bạn có thể dễ bị tổn thương. Công việc của bạn sẽ đòi hỏi đi lại nhiều và có thể ảnh hưởng đến chế độ ăn uống của bạn và gây ra những vấn đề về tiêu hóa. </EIGHT-OF-PENTACLES-ONE >
<NINE-OF-PENTACLES-ONE >Lá bài này cho biết bạn hoặc một người gần gũi với bạn sẽ hồi phục sau một tai nạn hay ốm đau phiền não. Cũng có khả năng một người bạn biết rất rõ sẽ phải giải quyết một vấn đề sức khỏe lớn. Bạn sẽ giúp đỡ những người họ hàng nhưng cũng muốn ra ngoài và trải nghiệm điều gì đó giúp bạn thư giãn. </NINE-OF-PENTACLES-ONE >
<TEN-OF-PENTACLES-ONE >Lá bài này cho thấy một số vấn đề cá nhân có thể khiến bạn lo âu một chút. Một người thân trong gia đình sẽ cần sự chăm sóc y tế và bạn sẽ hướng dẫn họ theo một cách sống mới. </TEN-OF-PENTACLES-ONE >
<PAGE-OF-PENTACLES-ONE >Lá bài này cho biết bạn đang cảm thấy không thoải mái và bất an. Bạn có thể gặp những vấn đề về cơ thể. Có thể có những mặc cảm tội lỗi khiến bạn vô cùng bứt rứt và bạn muốn thoát khỏi nó. Bạn sẽ phải uống thuốc để trị đau cơ thể và sẽ muốn dùng thuốc ngủ để ngủ được. </PAGE-OF-PENTACLES-ONE >
<KNIGHT-OF-PENTACLES-ONE >Dịch vụ xã hội là điều tốt nếu bạn không bị người khác lợi dụng và bạn cần phải nhận ra điều đó. Vì điều này mà bạn sẽ cảm thấy lo lắng và nóng, nhưng bạn sẽ có thể thực hiện một bước đi táo bạo. Bạn sẽ cố gắng bận rộn thay vì rảnh rỗi để không phải nghĩ về những điều bạn không muốn. </KNIGHT-OF-PENTACLES-ONE >
<QUEEN-OF-PENTACLES-ONE >Lá bài này cho thấy cách tốt nhất để hồi phục và thanh lọc là những phương pháp tự nhiên. Nếu bạn hoặc một người thân đang trong quá trình hồi phục thì đây là thời điểm tốt để phục hồi nhanh chóng. </QUEEN-OF-PENTACLES-ONE >
<KING-OF-PENTACLES-ONE >Lá bài này cho thấy sức khỏe thể chất và tinh thần của bạn đang tiến triển tốt. Nếu bạn đang hồi phục sau chấn thương hay đau ốm, bạn sẽ cho thấy sự cải thiện rõ rệt. Thậm chí nếu có vấn đề về thủ tục y tế thì nó cũng sẽ sớm được giải quyết. </KING-OF-PENTACLES-ONE >
<ACE-OF-SWORDS-ONE >Lá bài này cho biết bạn đang cảm thấy buồn bã và trầm cảm, và bạn đang tìm kiếm sự giúp đỡ về y tế. Các thành viên trong gia đình sẽ giúp đỡ bạn và bạn có thể sẽ tìm kiếm một hướng điều trị mới cho căn bệnh của mình, và điều này sẽ chứng tỏ là có ích. </ACE-OF-SWORDS-ONE >
<TWO-OF-SWORDS-ONE >Lá bài này cho biết sức khỏe của bạn đang trong một giai đoạn bấp bênh và bạn có thể hơi bất an. Bạn có thể gặp những vấn đề nhỏ về sức khỏe, nhưng bạn sẽ phải trau dồi sức khỏe của mình nếu không bạn có thể bị viêm nhiễm hay cảm cúm nhẹ. </TWO-OF-SWORDS-ONE >
<THREE-OF-SWORDS-ONE >Lá bài này cho biết bạn sẽ cảm thấy cực kỳ rã rời và rất muốn được thư giãn và nghỉ việc một thời gian. Có thể có những sự việc làm gia tăng căng thẳng và mệt mỏi thể chất cho bạn, nhưng bạn cần duy trì sức khỏe vì lợi ích của bản thân. Sức khỏe không tốt của bạn sẽ khiến các thành viên trong gia đình lo lắng và họ có thể xin tư vấn từ bác sĩ. </THREE-OF-SWORDS-ONE >
<FOUR-OF-SWORDS-ONE >Lá bài này cho biết thời gian hồi phục đang ở phía trước, những âu lo về tinh thần và cảm xúc của bạn cuối cùng cũng được giải tỏa hay ít nhất cũng thuyên giảm đáng kể. Sức khỏe thể chất của bạn có thể bị tổn hại đôi chút và bạn sẽ cần đi xét nghiệm hay được điều trị y tế. Bác sĩ là rất có ích trong trường hợp này. </FOUR-OF-SWORDS-ONE >
<FIVE-OF-SWORDS-ONE >Lá bài này cho biết bạn đang đối mặt với một số căng thẳng và chán nản vì một căn bệnh kéo dài nào đó. Những lần đi khám bệnh càng khiến bạn nản lòng. Bạn cảm thấy bất lực nhưng sẽ cố gắng mạnh mẽ. </FIVE-OF-SWORDS-ONE >
<SIX-OF-SWORDS-ONE >Lá bài này cho biết đây có thể là một trong những quãng thời gian tồi tệ nhất đối với sức khỏe của bạn. Bạn có thể gặp một chấn thương hay căn bệnh và cảm thấy cực kỳ lo âu. Bạn có thể gặp một tai nạn, đặc biệt về chân hay đầu gối. Có khả năng bạn cần nhập viện trong một khoảng thời gian nhưng mọi việc cuối cùng sẽ cải thiện. </SIX-OF-SWORDS-ONE >
<SEVEN-OF-SWORDS-ONE >Lá bài này cho biết bạn có quá nhiều căng thẳng và nó khiến bạn vô cùng mệt mỏi về tinh thần và thể chất. Bạn sẽ phải giải quyết quá nhiều việc và điều này có thể gây nên tác động tiêu cực đặc biệt lên tâm trí và cơ thể của bạn. Bạn cần nghỉ ngơi một thời gian và lấy lại sức lực. </SEVEN-OF-SWORDS-ONE >
<EIGHT-OF-SWORDS-ONE >Lá bài này cho biết một tai nạn nhỏ có thể xảy ra nếu bạn không thận trọng. Giờ đây bạn sẽ phải cẩn thận hơn bởi lá bài dự đoán bạn có thể sẽ gặp một tai nạn với những hoạt động rủi ro trong nhà. Bạn cũng sẽ phải thận trọng khi lái xe hay qua đường. Giai đoạn này sẽ mau chóng đi qua. </EIGHT-OF-SWORDS-ONE >
<NINE-OF-SWORDS-ONE >Lá bài cho biết bạn sẽ gặp những tình huống không dễ chịu trong đời sống cá nhân và công việc, điều này sẽ dẫn đến sự trầm cảm. Chế độ ăn uống của bạn có thể thất thường và dẫn đến những rối loạn tiêu hóa, tuy nhiên một người thân của bạn sẽ giúp bạn thoát khỏi tình trạng đó. </NINE-OF-SWORDS-ONE >
<TEN-OF-SWORDS-ONE >Lá bài này cho biết giờ đây bạn đã quyết định tự quản lý sức khỏe của mình, bỏ qua quá khứ và hướng đến tương lai. Bạn sẽ đặt ra những mục tiêu nhất định về sức khỏe và sẽ thực hiện những thay đổi nhất định về cách sống để thể hiện quyết tâm. </TEN-OF-SWORDS-ONE >
<PAGE-OF-SWORDS-ONE >Lá bài này cho biết sẽ có những áp lực tinh thần đặc biệt về công việc nhưng bạn sẽ kiên nhẫn giải quyết chúng. Có khả năng bạn bị đau lưng hay phải đi khám răng. Tuy nhiên nhìn chung bạn vẫn tràn đầy năng lượng và sẽ dành thời gian cho những người thân. </PAGE-OF-SWORDS-ONE >
<KNIGHT-OF-SWORDS-ONE >Lá bài này cho biết tình trạng sức khỏe của bạn vừa có mặt tích cực vừa có mặt tiêu cực. Bạn sẽ có tinh thần tốt hơn và sẽ hồi phục sau những căng thẳng và những vấn đề khác. Gia đình giờ đây sẽ cần bạn bởi vì một tin xấu rất có thể đến với một người họ hàng hay một người bạn của gia đình. </KNIGHT-OF-SWORDS-ONE >
<QUEEN-OF-SWORDS-ONE >Lá bài này cho biết giờ đây bạn sẽ phải thực hiện đồng thời nhiều ưu tiên về cá nhân và công việc và bạn sẽ nỗ lực hết sức để hoàn thành mọi cam kết của mình. Hệ quả là bạn cảm thấy rã rời và mệt mỏi, tuy nhiên bạn sẽ có cách để hoàn thành tất cả những trách nhiệm này. </QUEEN-OF-SWORDS-ONE >
<KING-OF-SWORDS-ONE >Lá bài này cho biết sức khỏe của bạn sẽ xuống dốc. Bạn sẽ thấy chán nản và kiệt sức về tinh thần và thể chất, và có thể phải dùng thuốc cho những vấn đề nhỏ. Có khả năng một người thân của bạn sẽ nhập viện. </KING-OF-SWORDS-ONE >
<ACE-OF-WANDS-ONE >Lá bài này cho biết giờ đây bạn sẽ chú ý đến sức khỏe của mình nhiều hơn và trong trường hợp đau ốm về thể chất và tinh thần, bạn sẽ tìm đến những phương thuốc khác. Có người sẽ gợi ý cho bạn những cách thức tự nhiên để chữa những đau ốm nhất định và bạn sẽ áp dụng những cách đó. </ACE-OF-WANDS-ONE >
<TWO-OF-WANDS-ONE >Lá bài này cho biết bạn đang đặt quá nhiều gánh nặng lên cơ thể và nó đang phát tác. Bạn sẽ phải dùng đến những khoáng chất nhân tạo để giúp cải thiện thân thể và trí não. Không chú ý đến một chế độ ăn uống cân bằng có thể nguy hại trong tương lai và bạn được khuyên nên có một thói quen lành mạnh. </TWO-OF-WANDS-ONE >
<THREE-OF-WANDS-ONE >Lá bài này cho biết bạn hiện đang lo lắng về sức khỏe của một người thân. Trong lúc đó, bạn sẽ trở nên căng thẳng và cần nghỉ ngơi đầy đủ. Không nên đặt gánh nặng lên bản thân và điều này có thể nguy hại. Có thể bạn sẽ sớm phải đến phòng khám răng. </THREE-OF-WANDS-ONE >
<FOUR-OF-WANDS-ONE >Lá bài này cho biết bạn đang có những sự không thoải mái trong cuộc sống cá nhân và điều này khiến bạn căng thẳng. Có khả năng những vấn đề khác sẽ bắt đầu thể hiện trên sức khỏe của bạn và khiến bạn lo lắng. Bạn cũng có thể phải chịu những đau đớn trên cơ thể một cách đột ngột. </FOUR-OF-WANDS-ONE >
<FIVE-OF-WANDS-ONE >Lá bài này cho biết cuối cùng bạn đã hồi phục sau những ốm đau phiền não và đạt được trạng thái tinh thần và thể chất khỏe mạnh. Rất có khả năng bạn sẽ đi nghỉ với nửa kia của mình và đây sẽ là một kỳ nghỉ dễ chịu. </FIVE-OF-WANDS-ONE >
<SIX-OF-WANDS-ONE >Lá bài này cho biết bạn đã nhận ra giờ đây là lúc tạm dừng công việc và dành một chút thời gian cho bản thân. Thời gian giải lao này là hữu ích và bạn sẽ gặp gỡ giao lưu và làm những việc mình thích. </SIX-OF-WANDS-ONE >
<SEVEN-OF-WANDS-ONE >Lá bài này cho biết bạn đang tham gia quá nhiều hoạt động hơn mức cho phép và điều này khiến bạn cảm thấy cực kỳ bứt rứt và khó chịu. Nhưng bạn không nhận ra điều đó và kết quả là bạn thấy căng thẳng. Trong nỗ lực theo đuổi này, bạn không nên xao lãng về sức khỏe và hãy cẩn thận khi ăn uống đặc biệt khi ở bên ngoài. </SEVEN-OF-WANDS-ONE >
<EIGHT-OF-WANDS-ONE >Lá bài này cho biết bạn đang có tâm trạng tốt, cảm thấy khỏe mạnh từ bên trong và bạn sẽ rất quan tâm đến nửa kia của mình. Điều này dẫn tới một cuộc dã ngoại lãng mạn và những hoạt động đôi lứa, khiến bạn bận rộn trong một khoảng thời gian. </EIGHT-OF-WANDS-ONE >
<NINE-OF-WANDS-ONE >Lá bài này cho biết tình trạng thể chất của bạn đang trải qua một giai đoạn tồi tệ, bạn sẽ cảm thấy bị bỏ rơi và ốm yếu. Điều này có thể gây nên sự khó chịu nhất định khi bạn phải đi khám nhiều lần và giải quyết những thủ tục giấy tờ pháp lý. </NINE-OF-WANDS-ONE >
<TEN-OF-WANDS-ONE >Lá bài này cho biết công việc hay những vấn đề cá nhân sẽ tác động lên bạn. Việc cố gắng hoàn thành quá nhiều trách nhiệm sẽ khiến cơ thể bạn kiệt sức. Bạn hầu như không có thời gian nghỉ ngơi bởi vì bạn liên tục hoạt động. Nó có thể khiến bạn ốm. Bạn cần làm chậm mọi việc xuống mức độ vừa phải. </TEN-OF-WANDS-ONE >
<PAGE-OF-WANDS-ONE >Bạn sẽ phải dùng thuốc để chữa trị bệnh nhẹ hoặc thậm chí bệnh nặng. Lá bài này cho biết bạn đang cảm thấy dễ cáu kỉnh bởi vì những việc xảy ra xung quanh bạn, chúng có thể liên quan đến công việc hay những vấn đề cá nhân. Giờ đây bạn sẽ cần luyện tập đức tính kiên nhẫn và thiết thực trong cách tiếp cận. </PAGE-OF-WANDS-ONE >
<KNIGHT-OF-WANDS-ONE >Lá bài này cho biết do có nhiều công việc, cơ thể của bạn sẽ phải trải qua những hoạt động vất vả và bạn sẽ cảm thấy rã rời và mệt mỏi. Điều này cũng có thể liên quan nhiều đến trạng thái tinh thần của bạn. </KNIGHT-OF-WANDS-ONE >
<QUEEN-OF-WANDS-ONE >Lá bài này cho biết hiện tại bạn đang tràn đầy năng lượng và có cảm hứng để thay đổi cách sống theo hướng tích cực nhằm cải thiện sức khỏe. Bạn sẵn sàng thay đổi những điều nhất định trong cuộc sống, và nỗ lực đạt được một cách sống cân bằng hơn. </QUEEN-OF-WANDS-ONE >
<KING-OF-WANDS-ONE >Lá bài này cho biết bạn sẵn sàng thực hiện những thay đổi về các chế độ sức khỏe và thể dục và sẽ tham khảo ý kiến từ một chuyên gia dinh dưỡng. Bạn có thể gặp những vấn đề về cảm xúc như lo sợ, băn khoăn hay có thể phải chịu một kiểu đau đớn nào đó. </KING-OF-WANDS-ONE >
<THE-MAGICIAN-ONE >Lá bài này cho biết giờ đây bạn sẽ phải đối mặt với những giai đoạn căng thẳng. Một số vấn đề về công việc hay gia đình sẽ ảnh hưởng đến bạn và bạn sẽ không tìm ra giải pháp cho những vấn đề sức khỏe của mình do những phức tạp và kết quả không chắc chắn. Bạn sẽ phải đi khám nhiều bác sĩ trước khi có được kết luận đúng đắn. </THE-MAGICIAN-ONE >
<THE-HIGH-PRIESTESS-ONE >Lá bài này cho biết bạn có thể đã trải qua nhiều việc trong quá khứ và điều này có thể đã ảnh hưởng đến sự ổn định về thể chất và tinh thần của bạn. Nhưng giờ đây tình hình sẽ cải thiện và bạn sẽ sớm cảm thấy nhẹ nhõm và khá hơn. </THE-HIGH-PRIESTESS-ONE >
<THE-EMPRESS-ONE >Lá bài này cho biết bạn có thể gặp những vấn đề liên quan đến cơ thể đặc biệt là ở cổ. Bạn cần lắng nghe hơn những nhu cầu của cơ thể và tham gia liệu pháp vật lý hay tập yoga để làm tươi trẻ bản thân. </THE-EMPRESS-ONE >
<THE-EMPEROR-ONE >Lá bài này cho biết có thể có những vấn đề nghiêm trọng liên quan tới sức khỏe của bạn. Sự phòng ngừa và chăm sóc kỹ lưỡng là cần thiết để giúp bạn thoát khỏi đau đớn. Bạn sẽ lấy lại sức khỏe và có thể chống lại căn bệnh tuy nhiên bạn không nên lơ là về cơ thể thêm một lần nữa. </THE-EMPEROR-ONE >
<THE-HIEROPHANT-ONE >Lá bài này cho biết bạn cần chú ý đến sức khỏe của bản thân hơn so với hiện tại. Có khả năng bạn sẽ gặp những vấn đề về huyết áp thấp hay cao, ho, và cảm nặng. Kiểm tra định kỳ có thể giúp bạn nhiều trong việc cải thiện tình trạng. </THE-HIEROPHANT-ONE >
<THE-LOVERS-ONE >Lá bài này cho biết hiện tại bạn đang thấy khỏe mạnh hơn và cảm thấy rất phấn khởi về điều đó. Bạn có thể sẽ năng động hơn về thể chất. Bạn sẽ coi trọng những nhu cầu của cơ thể và sẽ cố gắng đạt cân bằng giữa một cơ thể khỏe mạnh và một trí óc minh mẫn. </THE-LOVERS-ONE >
<THE-CHARIOT-ONE >Lá bài này cho biết bạn rất chú tâm đến công việc cũng như các hoạt động khác và không để tâm đến những nhu cầu của cơ thể. Nếu tiếp tục như vậy bạn có thể ngã bệnh do quá sức hoặc cảm thấy cực kỳ bất an về tinh thần. Đây là thời điểm thích hợp để đi khám sức khỏe và đi tới một nơi yên tĩnh vào dịp cuối tuần. </THE-CHARIOT-ONE >
<STRENGTH-ONE >Lá bài này cho biết sức khỏe của bạn giờ đây sẽ cực kỳ tốt. Lá bài báo hiệu trạng thái tinh thần và thể chất sung mãn và thậm chí nếu có những vấn đề nhỏ liên quan tới cơ thể, bạn sẽ có thể vượt qua chúng một cách dễ dàng. Sức mạnh và sự nhiệt tình của bạn sẽ được mọi người xung quanh khích lệ và trân trọng. </STRENGTH-ONE >
<THE-HERMIT-ONE >Lá bài này cho biết bạn sẽ cảm thấy bị bỏ rơi và buồn bã; điều này có thể bào mòn tinh thần của bạn. Có thể có những ốm đau phiền não khiến bạn phải đi gặp bác sĩ nhiều lần. Nhưng điều này không kéo dài và tình hình sẽ sớm trở nên tốt đẹp hơn. </THE-HERMIT-ONE >
<WHEEL-OF-FORTUNE-ONE >Lá bài này cho biết bạn đang cảm thấy rất bất ổn và do những áp lực công việc và tinh thần, bạn sẽ cảm thấy quá tải và căng thẳng. Có thể có những suy nghĩ tiêu cực khiến bạn ám ảnh nhưng đây chỉ là một giai đoạn và nó sẽ sớm đi qua. </WHEEL-OF-FORTUNE-ONE >
<JUSTICE-ONE >Lá bài này cho biết có khả năng bạn sẽ phát hiện ra một vấn đề nghiêm trọng trong khi đi khám bình thường. Bạn sẽ bất ngờ nhưng bác sĩ sẽ có đủ chuyên môn để giúp bạn chữa khỏi vấn đề sức khỏe mới này. </JUSTICE-ONE >
<THE-HANGED-MAN-ONE >Lá bài này cho biết bạn đang cảm thấy bất an và lo lắng về việc gì đó. Đã đến lúc để cơ thể và trí óc của bạn được nghỉ ngơi trước khi những triệu chứng ốm đau phát tác, bạn cũng nên tránh xa tình trạng đó hay những người khiến bạn lo âu. </THE-HANGED-MAN-ONE >
<DEATH-ONE >Lá bài này cho biết có điều gì đó xung quanh bạn khiến bạn rất buồn. Đây là lúc để bạn trao đổi về tình trạng ốm đau nghiêm trọng. Bạn sẽ phải nhìn vào khía cạnh tươi sáng hơn và duy nhất điều này mới có thể giúp bạn vượt qua những tình cảnh khó khăn. Giờ đây bạn sẽ nhận được nhiều tình yêu thương và chăm sóc từ gia đình. </DEATH-ONE >
<TEMPERANCE-ONE >Lá bài này cho biết bạn không có thời gian để đi khám sức khỏe do thời gian biểu bận rộn và điều này có thể khiến vấn đề trở nên nghiêm trọng hơn trong tương lai gần. Bạn sẽ phải chú ý đến sức khỏe và ưu tiên đi khám đúng hẹn để được điều trị. </TEMPERANCE-ONE >
<THE-DEVIL-ONE >Lá bài này cho biết sự kiệt sức và lo lắng triền miên sẽ khiến bạn cảm thấy mệt mỏi và lả đi. Có thể ban đầu bạn không nhận ra nhưng sau cùng bạn sẽ thấy mình đang làm việc quá sức. Điều này khiến bạn né tránh những việc khác và bạn sẽ liên tục cảm thấy căng thẳng và nghĩ rằng mình cần phải uống thuốc. </THE-DEVIL-ONE >
<THE-TOWER-ONE >Lá bài này cho biết bạn sẽ phải trải qua một sự việc không may khiến bạn phải đến bệnh viện. Sự xáo trộn này tạo nên sự căng thẳng nhưng bạn sẽ vượt qua. Có thể có một thành viên trong gia đình giúp đỡ bạn trong giai đoạn mệt mỏi này. </THE-TOWER-ONE >
<THE-STAR-ONE >Lá bài này cho biết có điều gì đó khiến bạn nảy sinh một ý tưởng mới và với sự giúp đỡ từ một người bạn, bạn sẽ lên kế hoạch cho hạnh phúc toàn diện của bản thân. Quá trình này có thể hơi buồn tẻ và bạn có thể phải đi khám sức khỏe và xét nghiệm nhiều lần nhưng bạn sẽ hài lòng với quyết định này. </THE-STAR-ONE >
<THE-MOON-ONE >Lá bài này cho biết bạn sẽ gặp một số vấn đề sức khỏe chung mà hiện chưa có hoặc mới có một phần triệu chứng. Những vấn đề này có vẻ không quan trọng những sẽ tiến triển nếu bạn không để ý. Bạn cũng sẽ gặp những vấn đề về đầu gối hay lưng. </THE-MOON-ONE >
<THE-SUN-ONE >Lá bài này cho biết hiện tại bạn đang thiếu động lực và xuống tinh thần. Giờ đây bạn sẽ phân tích bản thân kỹ càng để tìm ra những điều chưa ổn. Bạn sẽ không gặp những ốm đau thể chất. Bạn sẽ tìm hiểu thêm về những vấn đề sức khỏe và hạnh phúc toàn diện cho một người thân của bạn. </THE-SUN-ONE >
<JUDGEMENT-ONE >Lá bài này cho biết bạn có thể gặp phải sự bất ổn định về thể chất bởi vì những căng thẳng hoặc chế độ ăn uống không hợp lý. Bạn sẽ lo ngại về sức khỏe của một người thân và nỗ lực hết sức để giải quyết chúng. Những lần đi đến bệnh viện hay hẹn gặp bác sĩ chiếm hầu hết thời gian của bạn. </JUDGEMENT-ONE >
<THE-WORLD-ONE >Lá bài này cho biết bạn có thể đang có phiền não hay chấn thương nhưng sẽ hồi phục. Bạn sẽ thấy bản thân cải thiện chậm chạp nhưng chắc chắn dù có khả năng những hướng dẫn sai nhất định có thể gây ra một số vấn đề. Bạn nên cải thiện kiến thức về sức khỏe và áp dụng những biện pháp hợp lý. </THE-WORLD-ONE >
<THE-FOOL-ONE >Lá bài này cho biết bạn lo ngại về sức khỏe của bản thân và giờ đây sẽ đi kiểm tra thường xuyên. Bạn cũng cần lưu ý đến hàm răng trắng sáng của mình và do đó bạn phải đến gặp nha sĩ. Bạn sẽ biết về những phương pháp hồi phục mới từ một người bạn và bạn sẵn sàng thử những cách này.</THE-FOOL-ONE >
    </ROOT>
