<ROOT>
<ACE-OF-CUPS-ONE >这张牌显示你有可能了解情感的重要性。是时候听从你的心了。你需要相信自己的直觉，并且做你感觉对的事。你可能会感受到一种同情和爱的正在酝酿的亲密连结。你的爱情生活是最有可能继续茁壮和璀璨闪耀着的。 </ACE-OF-CUPS-ONE >
<TWO-OF-CUPS-ONE >这张牌主要指出连结、和平和情感。这张牌是关于在爱情、工作和友谊或其他地方建立新的连结或伴侣关系。是时候在一起而不是分开了。如果在某些关系中存在着冲突，请解决它们并保持和睦的关系，原谅和遗忘这些冲突。去建立新的一对一的连结，并乐观地继续前进吧。 </TWO-OF-CUPS-ONE >
<THREE-OF-CUPS-ONE >这张牌显示出更多的热情和对生活的渴望。你会发现自己正在享受你遇到的所有小事情。你会和老朋友相聚，并且对他们建立更牢固的信任关系。你将在社交活动中建立新的关系。你可能会发现自己在团队或小组中奋斗着以实现共同目标。 </THREE-OF-CUPS-ONE >
<FOUR-OF-CUPS-ONE >这张牌代表了一段反思和自省你的想法和生活的时间。你可能会发现自己处于令人讨厌的状态。有时候，你可能会感到精神委靡也可能缺乏动力。你需要对所有新的可能敞开心胸来寻找你一直在找寻的方向。试着变得无私一点，倾听他人来找到出路。 </FOUR-OF-CUPS-ONE >
<FIVE-OF-CUPS-ONE >这张牌表示你在过去的生活中丧失了希望，同时感到失望和灰心。对于已经发生的某些事情。你可能感到迷茫和挫折。你可能会对过去的决定感到后悔，也许祈求着能及时回到过去来修改你的决定。你承认你的错误，但你没有思考你在错误中学到了什么。你需要放手过去，看到现在好的一面，并且为了未来努力。 </FIVE-OF-CUPS-ONE >
<SIX-OF-CUPS-ONE >这张牌指出了你对生活的善良和单纯的看法。你很乐意在没有任何自我动机的情况下传播欢乐。你可能会感到幸福，而且享受帮助别人这件事。你可能会开始注意周遭所有小事，而且会从这些小事中找寻满足感。你可能会怀念你的童年。神圣的爱情可能也会在不久后到来。 </SIX-OF-CUPS-ONE >
<SEVEN-OF-CUPS-ONE >这张牌是关于幻想和梦想。你可能会让自己的心充满想像，而不是专注于现实生活。你正面临着一段你有许多选项可以选择的时间。你可能会忽视自己的健康，并且暴饮暴食。懒惰和拖延是你的主要敌人。 </SEVEN-OF-CUPS-ONE >
<EIGHT-OF-CUPS-ONE >这张牌显示了你寻求更深层次的生活意义的步伐。你希望能摆脱生活中的问题，并抛弃绝望的处境。你可能倾向于寻找真正的快乐，而不是专注于激烈的竞争。你将寻找内心的快乐，并可能倾向于远离过去。你可能会花更多的时间在精神层面的活动上。 </EIGHT-OF-CUPS-ONE >
<NINE-OF-CUPS-ONE >这张牌指出愿望的实现。你将获得你真正应得和渴望的东西。你可能会对生活感到更满足，因为胜利女神是站在你这边的。你怀抱的梦想可能会成真，而你期待已久的目标可能终于将实现。你将会想要体验和欣赏奢华生活。放松是你现在所渴望的。尽你所能地享受这段美好时光。 </NINE-OF-CUPS-ONE >
<TEN-OF-CUPS-ONE >这张牌反映了生活中即将到来的欢乐与平静。你可以感受到周遭的快乐还有幸福感。你可能会发现压力和紧张感减少，而且生活变得轻松和谐。你将会专注于爱情和友情，并在两者中都表现出色。你将继续致力于你的家庭，并将享受有家庭成员的社交聚会和活动。 </TEN-OF-CUPS-ONE >
<PAGE-OF-CUPS-ONE >这张牌反映了你的情感面。你倾向倾听你的心而非心灵。你可能会变得多愁善感，为了小事而感动。你看向自己的内心深处，相信你的直觉为导引。这是一个踏入浪漫关系的好时机，在这关系中，你会在情感上和人接近。需要发展更亲密的友谊。是时候修补破裂的关系了。 </PAGE-OF-CUPS-ONE >
<KNIGHT-OF-CUPS-ONE >这张牌代表着美丽的情感，也暗示了过剩的情感。有时候，你可能在爱情中是深情的，但是可能会过度表达你的爱。嫉妒会蔓延在你的恋爱过程中。你是敏感的，但有的时候你也很容易受伤。你是和善且聪明的。你对自己有远大的梦想，但很容易气馁。 </KNIGHT-OF-CUPS-ONE >
<QUEEN-OF-CUPS-ONE >这张牌表示处理情绪的敏感度和成熟度。 你会展现体贴且深思熟虑的一面来面对你所遇到的各种情况。你倾向与你的精神面联系，并且欣赏生命的深层意义。你很有耐心。你同情他人，而且对弱者仁慈且温柔。你喜欢用不开口询问的方式来了解事物。 </QUEEN-OF-CUPS-ONE >
<KING-OF-CUPS-ONE >这张牌表示明智和宽容的态度。你可能对人性有深刻的理解。你可以成为一位好老师。你会在危机中保持冷静，并且协助解决紧张的时刻。你知道该说什么。你对于缺乏特权的人抱持同情。你可能是个有圆滑观点且宽容的人。你的领导技能是你的资产。 </KING-OF-CUPS-ONE >
<ACE-OF-PENTACLES-ONE >这张牌建议你将你拥有的精神力量集中在一起，专注于你的目标上。你可能会看到你的努力转变成你想要的结果。这最终会使你的事业和生活成长，并且为你建立积极的心态。你必须以实际的方式来执行，并在生活中实事求是。对他人充满信心和信任对你是有益的。 </ACE-OF-PENTACLES-ONE >
<TWO-OF-PENTACLES-ONE >这张牌讲述了你对生活的适应性和兼容性。你将合理地平衡你正在处理的事情，而且会以稳定但迅速的步伐前进。无论是在个人还是职业生活中，你将接受新的点子和可能性。你将有效地管理发生的变化并同时获得乐趣。对你而言，工作和娱乐会同时兼具。 </TWO-OF-PENTACLES-ONE >
<THREE-OF-PENTACLES-ONE >这张牌强调了你作为团队中优秀的一员的工作潜力。你将会具高度协调性和动力来完成你负责的任务。你的方法可能会非常有条理。凭藉着你的能力，你将会完美完成你的工作，并达到你的目标。你将会因此向任何怀疑你的人证明你的能力。 </THREE-OF-PENTACLES-ONE >
<FOUR-OF-PENTACLES-ONE >这张牌突显了你的占有欲和拒绝改变的态度。你可能倾向唯物主义来囤积东西，而不是和他人分享。贪婪可能控制你的心灵。你可能会试着控制你周遭的事物，并要求事情照着你的方式做。你可能也倾向让事情保持不受干扰和不变，因此让生活中的大多数事物停滞不前。 </FOUR-OF-PENTACLES-ONE >
<FIVE-OF-PENTACLES-ONE >这张牌显示了一段困难时期，对情绪上和身体上来说都是。你可能会有某些财务问题或在工作场所遇到一些问题。你可能会遇到缺乏你实际需要的技能的时候。你也可能经历一个阶段，在这当中你感觉到缺乏支持，而且可能会渐渐陷入有点孤独的状态。你可能也会有健康问题。 </FIVE-OF-PENTACLES-ONE >
<SIX-OF-PENTACLES-ONE >这张牌讲述了拥有财富、权力和智慧的灰色地带可能性。你只有拥有或是不拥有两者可能。你将会是处在接受事物的一方，要不然就是给予的一方。这是用于生活的各个方面，你只可能在这里或是那里。但是，在任何一种情况下，你都应该了解并分析你的未来，并努力向它迈进。 </SIX-OF-PENTACLES-ONE >
<SEVEN-OF-PENTACLES-ONE >这张牌表示需要评估和分析当前的生活状况。你可能需要花一点时间来追踪你的进度，并且确保你正走在正确的道路上。你很有可能通过你的真诚的努力而成功，也会达到你梦想中的里程碑。你可能会发现你正在思考转换工作或家庭跑道。 </SEVEN-OF-PENTACLES-ONE >
<EIGHT-OF-PENTACLES-ONE >这张牌显示了你的极致决心和对细节的注意。你可能会参与某些项目，并会全心全意投入到工作中。这种态度将帮助你增加你对你所做事情的专业技术和知识。你将会非常小心并确保所有事物都有条理且正确地进行到最后的细节。 </EIGHT-OF-PENTACLES-ONE >
<NINE-OF-PENTACLES-ONE >这张牌讲述了你自信的自律行为和改善的渴望。你将会渴望以一种有组织且有序的方式来解决问题并掌握你的生活。你将会相信你的技能并将自己的潜力转化成绩效。你将追求完美，并寻求享受生活中更美好的事物。你将目标于奢华的生活方式。 </NINE-OF-PENTACLES-ONE >
<TEN-OF-PENTACLES-ONE >这张牌指出你将撞上的丰富财富。你可能正在享受事业上的成功，因为你的企业正在蓬勃发展。或着你可能会找到一份薪水很高的工作。无论如何，你将会经历财务安全的过程。你可能会制定一个计划来保护你和你家人的一生。在这之中，你会采用经过测试和考验的方法，并且在任何事情中都遵守规则。 </TEN-OF-PENTACLES-ONE >
<PAGE-OF-PENTACLES-ONE >这张牌建议你在生活中要实际一点，并实际行动来达成你的梦想。你将会使用你的精神力和体力来和你目前所拥有的工作打交道。你应该抛下你拖拖拉拉的态度并脚踏实地。你应该表现负责任和可靠的行事并相信你的工作伙伴。 </PAGE-OF-PENTACLES-ONE >
<KNIGHT-OF-PENTACLES-ONE >这张牌讲述了你太过于追求生活中的正面事物。当你下定决心去追寻你的目标时，你会很顽固，不听其他人的话，并且即使在无望的情况下也拒绝放弃。你很保守，害怕风险，因此有时候让机会轻易地流失。你追求实际的态度让你抱持悲观主义。你做了许多困难的工作使你无法注意到周遭美丽的世界。 </KNIGHT-OF-PENTACLES-ONE >
<QUEEN-OF-PENTACLES-ONE >这张牌显示出你脚踏实地、激励人心和慷慨的特质。你以无私的方式关心和爱护你周遭的人。你有一颗柔软的心，并希望用你的无私态度来传播欢乐和幸福。你是个忠诚且可靠的人。你是不浪费东西的人，而且会惜物。其他人因为你的朴实和讨人喜欢的特质而觉得跟你相处很舒服。 </QUEEN-OF-PENTACLES-ONE >
<KING-OF-PENTACLES-ONE >这张牌突显了你在各行各业中的可观技能。你的创业技能将为你带来生活中财务上和精神上的满足。在危机中，你会被视为可靠的人。你的适应力在任何情况下都可以帮助你。你的鼓舞态度帮助你周遭的人。你很冷静、守时而且勤奋。 </KING-OF-PENTACLES-ONE >
<ACE-OF-SWORDS-ONE >这张牌显示你将会找到精神上的启蒙，而且会以自己的方式来处理事情。凭着你的敏捷才智和推理能力，你将学到不少生活的现实。由于你的精神力量，你将会跨过所有阻碍，缓慢地排除任何生活中的艰难情况。你可能倾向于为某人或某事争取正义，并朝着真理和诚信的方向前进。 </ACE-OF-SWORDS-ONE >
<TWO-OF-SWORDS-ONE >这张牌显示了对情绪的抵抗和压抑真实情感。你可能会隐藏来自他人的痛苦而且将会试着保持冷静的外表。可能有一天你会发现你自己陷入不愉快的处境，在这之中你会很犹豫于做出决定或行动。你可能倾向避免面对明确的事实或真相。这个情况会因为你的无所作为而持续。 </TWO-OF-SWORDS-ONE >
<THREE-OF-SWORDS-ONE >这张牌表示你可能会面临情绪低落期。你可能最终会伤害某人的感情，反之亦然。你可能很快会收到一些坏消息。你可能会感觉被抛弃。当你最需要某些人的时候，你可能感觉没有人理睬你，可能会感到孤独。你可能会听到和你亲近的人的秘密，这让你感到不安。你也可能会被一个亲近你的人背叛。 </THREE-OF-SWORDS-ONE >
<FOUR-OF-SWORDS-ONE >这张牌表示你应该放松一点，不要让自己过度操劳。你应该从日常生活中休息一下，寻求一些平和与宁静，让你的身心放松一下。用这段时间来思考你在生活中的位置，你想要达到的目标，你所做的一切等等。通过谨守现在自己的位置，从而使自己做好迎向未来的准备。 </FOUR-OF-SWORDS-ONE >
<FIVE-OF-SWORDS-ONE >这张牌反映了以自我为中心的心态和对其他人不和谐的态度。在你接受任何任务以前，你可能倾向只考虑自己的兴趣。你可能会发现自己难以应对他人的观点和意见。你可能会对其他人滋生恶意。你可能会用不正确的手段来获取成功。 </FIVE-OF-SWORDS-ONE >
<SIX-OF-SWORDS-ONE >这张牌强调了生活中的起伏。不管你做什么，你可能都会觉得无精打采和沮丧。你可能会健康状况不佳。你可能需要为自己抽出时间，来治愈并处理生活中的情绪状况。你会看到世界伴随着新的希望，并且开始建立正向的心态。你可能会借由旅行来寻找冒险和改变的机会。 </SIX-OF-SWORDS-ONE >
<SEVEN-OF-SWORDS-ONE >这张牌讲述了你试图逃避周遭的责任和义务。你隐藏真相来逃避面对后果。你可能试着一个人待着并远离他人，并和周遭的社交世界保持良好距离。在这个孤立阶段，你可能会形成一种欺骗性的态度，有时候可能会表现得很假。 </SEVEN-OF-SWORDS-ONE >
<EIGHT-OF-SWORDS-ONE >这张牌显示前方黑暗且困难的道路。你可能感觉被当前局面束缚住了，也可能觉得很难找到自己人生的道路。你可能在大多数情况下，对于下一步要采取什么步骤感到困惑。你可能无法专注于继续前行，也可能会寻求外界帮助。你可能感觉事情已经失控，而你所能做的就是后退并观望。 </EIGHT-OF-SWORDS-ONE >
<NINE-OF-SWORDS-ONE >这张牌显示你会处于一种焦虑和紧张的阶段。对于过去所做的事情，你可能会产生罪恶感，并且会发现很难原谅你自己。你可能希望及时回过头来纠正你的行为。你正朝着你可能会停止相信自己和可能感到沮丧的阶段前进。你有时也会感觉精神崩溃。 </NINE-OF-SWORDS-ONE >
<TEN-OF-SWORDS-ONE >这张牌显示你会处于一种焦虑和紧张的阶段。对于过去所做的事情，你可能会产生罪恶感，并且会发现很难原谅你自己。你可能希望及时回过头来纠正你的行为。你正朝着你可能会停止相信自己和可能感到沮丧的阶段前进。你有时也会感觉精神崩溃。 </TEN-OF-SWORDS-ONE >
<PAGE-OF-SWORDS-ONE >这张牌要求你将你的精神力量集中在一起，并解决长期困扰你的问题。你必须从逻辑上分析你所面临的问题，并适当地计划来解决相同的问题。你必须诚实和坦率，不要试图掩盖任何事物。你将需要分清楚好坏，并接受紧接而来的责任。保持亢奋并充满活力地面对困境。 </PAGE-OF-SWORDS-ONE >
<KNIGHT-OF-SWORDS-ONE >这张牌表示了自信心，但又有一丝急躁。你的坦率可能会被他人视为粗鲁无礼。你可能被描述成一位不经大脑思考说话的人。你可能是从当个好领导者开始，但最终会采取主导态度。你可能表现出以讽刺包装的强烈幽默感。如果你不过于骄傲，你的渊博学识将会受到赞赏。 </KNIGHT-OF-SWORDS-ONE >
<QUEEN-OF-SWORDS-ONE >这张牌反映了你生活中真实而直接的本性。你希望在你所有的交际中都保持开放的态度。你对于任何情况或任何人的看法都是非常合理且准确的。不论你做什么，你都试着使用认真的方法。你有出色的幽默感，不是只是说笑而已。你丰富的经验为你提供了前进的力量。 </QUEEN-OF-SWORDS-ONE >
<KING-OF-SWORDS-ONE >这张牌表示你体贴的心和有道德的人品。你倾向于以你成熟的逻辑和推理能力来有效分析生活中的情况。你将能以出色的口头表达能力传达你的观点和想法。你将对自己的看法有所了解，并将完全地理解任何问题的所有面向。无论你做什么，你都会试着保持诚实和正直。 </KING-OF-SWORDS-ONE >
<ACE-OF-WANDS-ONE >这张牌表示着成功。你拥有富有想像力和颠覆传统的思考方式，这给你带来创造力。你的热情和闪耀的自信往往会鼓舞他人并激发你的热情。无论你做什么，你都全力以赴。在生活中，无论何事遇到任何问题或挑战，你都将以你的勇气和自信来面对困难并且成功克服它们。 </ACE-OF-WANDS-ONE >
<TWO-OF-WANDS-ONE >这张牌表示一种大胆的态度。如果你一直在等待采取主动或是进行某项任务或旅程，那么现在是时候了。你有能力和影响力来达成你的目标。所以，你只需要勇于前进。是时候勇敢面对你的恐惧了。你必须使用创新的方法来达成你的目标，去开创自己的路吧。 </TWO-OF-WANDS-ONE >
<THREE-OF-WANDS-ONE >这张牌显示对探索新事物的渴望和迫切。这连结了你追求冒险和刺激事物的本质。你深谋远虑的本质将在即将到来的时刻继续为你提供帮助。你将扮演领导者的角色来团结每个人，朝着你的使命和目标迈进。你可能会在贸易和商业方面取得很大成功。 </THREE-OF-WANDS-ONE >
<FOUR-OF-WANDS-ONE >你可以连结你追求冒险和刺激事物的本质。你深谋远虑的本质将在即将到来的时刻继续为你提供帮助。你将扮演领导者的角色来团结每个人，朝着你的使命和目标迈进。你可能会在贸易和商业方面取得很大成功。 </FOUR-OF-WANDS-ONE >
<FIVE-OF-WANDS-ONE >这张牌表示可能会遇到一点麻烦。人们似乎反对你，而你可能最终会和人争论和争吵。你有其他竞争对手，而你感觉自己正在迎接一场战斗的挑战。你会遇到小挫折和麻烦们。你必须表现出耐心和沉着才能摆脱这种局面。 </FIVE-OF-WANDS-ONE >
<SIX-OF-WANDS-ONE >这张牌反映了带着些微自豪感的胜利。你可能会表现出色，达成你的目标。你可能会因你的努力而受到赞赏，这会让你保持动力来尽你所能的做每件事。你将会沐浴在阳光下享受你的一天，但可能会突然开始感觉自我的重要。你可能会开始优先考虑自己，这可能会让别人觉得你很傲慢。 </SIX-OF-WANDS-ONE >
<SEVEN-OF-WANDS-ONE >这张牌表示你为了你的立场奋斗所做的努力，以及你为你的信念所挺身而出。你倾向于在生活中采取激进而反叛的态度。在大多数情况下，这些态度很适合你，但有时候你会太过激动。你往往对自己的立场过于顽固而且有点执着。你真诚地相信你的能力会帮助你度过难关。 </SEVEN-OF-WANDS-ONE >
<EIGHT-OF-WANDS-ONE >这张牌表示了时机的变化。你一直等待的时机终于来临了。是时候采取行动并证明你在某方面的潜力了。可能终于会完成一些尚未完成的项目。你可能会发现你之前在寻找的一些信息或消息。你可能会必须结束某些事，这只是为了更好地帮助其他事情开始。 </EIGHT-OF-WANDS-ONE >
<NINE-OF-WANDS-ONE >这张牌表示你采取的预防措施和你展现的决心。从你过去的艰辛和经历来看，你是个格外谨慎的人，并且总是为最坏的情况作好准备。你保护自己和亲近的人。你捍卫所有的机会，并持续为了你的目标全新地奋斗。你的自我意志和体力将持续让你的努力往荣耀前进。 </NINE-OF-WANDS-ONE >
<TEN-OF-WANDS-ONE >这张牌指出情绪上和精神上的负荷日益增加。你可能在工作上过度操劳。你可能正同时进行好几件事，而且大多数都无法顺利解决。你可能还会有一些债务要偿还。你会发现很难拒绝他人。虽然你没有因为你做得好事而受到表扬，但你最后还是要承担所有的责备。你可能还会发现，你必须为了所有小小的成就而奋斗。 </TEN-OF-WANDS-ONE >
<PAGE-OF-WANDS-ONE >这张牌表示你有机会发现自己拥有的真正力量和能量。是时候已有创意和勇敢的方式来重新探索生活了。你需要在你的努力中展现更多的兴奋和乐观。无论你做什么都要保持热情。相信你的技能，并且保持你的专注来展现自己最佳的一面。要勇于冒险并承担风险，展现你自信的时刻到来了。 </PAGE-OF-WANDS-ONE >
<KNIGHT-OF-WANDS-ONE >这张骑士牌反映了一系列非常良好的特质，伴随着少许负面的特质。你通常是很有魅力和充满自信的，但有时候会让人觉得傲慢。你有勇敢的特质，但有时候会变得鲁莽。在你冒险的过程中，你往往会焦躁不安。你有着热情的本质，但同时又表现出脾气暴躁的一面。 </KNIGHT-OF-WANDS-ONE >
<QUEEN-OF-WANDS-ONE >这张牌是最正向的牌之一。它显示出能量、情绪和喜悦的增加。你将会以自己的承诺和奉献来完成项目。你会成为一个不错的朋友，而且会很轻易地交到新朋友。接下来你将会经历一段宁静且愉快的时光。你的冷静和沉着或帮助你解决任何你遇到的阻碍。 </QUEEN-OF-WANDS-ONE >
<KING-OF-WANDS-ONE >这张牌反映出创意和创新思维的力量。对新的可能和机会保持开放的心。你有机会在不久的将来体验新事物。你可能善于与他人沟通和联系，并且激励他们。你甚至可能倾向于支配并指挥你周遭的人，但是给予他们尊重。你享受投射在你身上的注意力，并可能会吸引异性。 </KING-OF-WANDS-ONE >
<THE-FOOL-ONE >有征兆指出一个新的开始。伴随着新事物和新思想，你会感觉有一个全新的开始。这可能与你的事业、爱情生活或个人层面有关。这段旅程将会有很多自然发生的事和乐趣。你将会放手过去并开始在这个崭新的世界中尝试新的事物。 </THE-FOOL-ONE >
<THE-MAGICIAN-ONE >你的力量更强了。人们会倾听你并认真对待你所说的话。你将能够说服人们，这次时机表示你将可以很好地发挥你的领导技能至少一段时间。你将会得到不错的想法而且会由你决定如何使用它们。其他人的秘密可能也会被揭露。 </THE-MAGICIAN-ONE >
<THE-HIGH-PRIESTESS-ONE >是时候该相信自己的直觉了，并且追随你渴求的梦想前进。可能很快会有人给你非常重要或实用的建议。你可能需要寻找某样未知的事物，而且可能有某些事物一直被你隐藏着。你必须持续寻找直到这秘密不被泄漏为止，因为你可能会从中得到重要的领悟。 </THE-HIGH-PRIESTESS-ONE >
<THE-EMPRESS-ONE >你正深思着某些事情，并且担忧着你的工作、事业或是关系的成长，或是在这之中某件刚起步的事情。你或你的伙伴可能具有高度保护性，甚至可能会诉诸不道德的手段来达成想要的目标。在当前的情况下，你需要一点耐心和努力来达成稳定性。 </THE-EMPRESS-ONE >
<THE-EMPEROR-ONE >成就和荣耀都离你不远了。你可能会受到你父亲、兄弟、伴侣或是朋友，这些陪伴你的男性所影响。你现在将拥有权力而且会掌控你想要做的事情。会有一个非常强大的支持系统在你身边。但你必须要小心你肤浅或是过度苛求的本质，这可能会伤害你的后辈。 </THE-EMPEROR-ONE >
<THE-HIEROPHANT-ONE >请不要太固执于你的想法，也不要因为这些信仰和传统已经被遵守了许久就固守陈规。你可能会思考关于婚姻的事。你可能会陷入一些法律手续中。你可能会遇到问题而坚持用老方法来解决它们。你将需要以冷静的大脑和耐性来处理问题。 </THE-HIEROPHANT-ONE >
<THE-LOVERS-ONE >爱情就在你身边。你可能会很快的在你的爱情生活中获得惊喜。你可能会在你的心和你的想法中做出选择。你可能会听从你的心而不是想法，这所冒的风险是值得的。你可能会被诱惑，这可能会让你不忠，你应该要避免如此。你的情感联系会变得强烈。 </THE-LOVERS-ONE >
<THE-CHARIOT-ONE >你正努力奋斗来达成你想要的。你的生活中可能会有某些变化或旅行。你可能会要面对你的事业或是个人生活中的一些障碍。你可能会被某个自私的人骚扰。你可能需要控制一下负面情绪或情况，但最终将会迎来胜利。 </THE-CHARIOT-ONE >
<JUSTICE-ONE >是时候平衡一下你正在做的事了。在你的生活中，可能会有一些习惯或活动发生的频率变多或变少，你需要控制它们。你需要靠着平衡生活的各方面来努力使生活回归正常。在不久的未来，在达成合约或是伙伴关系的时候，你必须保持公正。如果你知道有任何事情你做错了的话，请在危机来临之前尽快修正。 </JUSTICE-ONE >
<THE-HERMIT-ONE >抽出时间来，并试着组织和分析事物。你可能会对周遭事物感到不耐烦。不要仓促地做出决定，如果在不久之后要做出重要决定的话，在那之前最好先谘询一下某些前辈或可靠的人。从你的行程表抽出一点时间休息一下，并且试着找到平静与对自我的认识。 </THE-HERMIT-ONE >
<WHEEL-OF-FORTUNE-ONE >你很快就会遇到人生中最好的阶段之一。幸运女神会眷顾你，而你会获得努力的成果。会有一些改变发生，而你的生活会渐渐成熟。你很有可能会得到你正在等待的一切。你的问题将会被解决而且会得到满满的幸福。你的梦想就快要达成了。 </WHEEL-OF-FORTUNE-ONE >
<STRENGTH-ONE >你会发现你已经获得了处理最坏的情况的力量和潜能，无论是身体上或是精神上的。这张牌指出这是个好时机来戒掉某些你已经尝试戒掉很久了的坏习惯。你将会在你的人际关系、事业或健康这些你之前被困扰的事情上获得成就。凭着你的意志力和智慧，你会度过生活中的考验和苦难。 </STRENGTH-ONE >
<THE-HANGED-MAN-ONE >你可能需要牺牲某些事物或离开某人来更好地完成某些事物，这可能会导致生病、失败或紧张。对于此类问题，应该要保持平静和有毅力。负面情况可能会导致脆弱的意志力和情绪崩溃。建议你应该要有洞察力并且利用这段时间来了解清楚情况。 </THE-HANGED-MAN-ONE >
<DEATH-ONE >这张牌表示了人生中重大的转变以及重要或震惊的改变。顾名思义，这张牌指出了死亡，但仅限于老年人或重病的人。你可能会感到忧伤、空虚或是沮丧，但这个阶段会帮助你了解使你生活前进所需的重要改变。你要有力量接受这些改变，以便你可以克服这个下坡阶段。 </DEATH-ONE >
<TEMPERANCE-ONE >你可能会对人生中的选项感到迷惘。你可能需要在对立面中做出选择，并且必须努力寻求平衡双方的方法，以获得舒适与平静。你必须花点时间，并做点实验来找出最佳的解决办法。你需要权衡你的选择，以融合其他对立面的方式来维持和平。你会找到让事情和谐的办法。 </TEMPERANCE-ONE >
<THE-DEVIL-ONE >你会受到欲望、贪婪、野心或成瘾的诱惑。你将渴望掌控事物的权力，并被生活中的安逸事物所吸引。缺乏自我控制会导致危险和复杂的状况。无论你做什么，都将走向极端，这将使你感到强大，但同时也很危险。你需要小心谨慎，这张牌警告了你可能会采取的有害步骤。 </THE-DEVIL-ONE >
<THE-TOWER-ONE >不久的将来可能会是你遇过最棘手的时刻之一。你可能会面对一些不愉快且突然的变化。可能有预期外的原因引起一些病痛，而你可能会需要面对孤立或孤独。但是这些改变或迫使你找到人生的新方向，这可能对长远来说是有利的。这不会是愉快的，但对你来说是最好的，因为它会教你未来用得上的很多事情。 </THE-TOWER-ONE >
<THE-STAR-ONE >你现在有更多灵性倾向，而且渴望平静与和谐在你的生活中。这将是个修复的时机，并在个人和专业方面都将带来新的希望。开启一段新关系，或将你现有的关系升华至下一阶段都有好预兆显示。你对各种事物的知识将会提升，这会是个放纵自己于艺术追求的好时机。 </THE-STAR-ONE >
<THE-MOON-ONE >你可能感觉像是在充满想像力和创造力的世界里遨游。你可能会发现一些深藏不露的秘密，而且可能会陷入情绪方面的挫折。你应该避免使用药物或是酒精或是滥用药物，这些会对你的健康有害。你可能感觉陷入了疯狂且流浪的世界，并且跟随你的敏锐直觉来做出最好的决定，最好是跟音乐、艺术、舞蹈和戏剧等等有关。 </THE-MOON-ONE >
<THE-SUN-ONE >你将会感到精力充沛以及年轻，而且将会自觉地做出正确的决定并成功。这张太阳牌都是关于蓬勃生气和热情，也表示一切都将逐一落实到位。你可能会很快听到一些好消息，不久后可能也会可以有一个假期。在未来的日子里，你将有更多时间以愉快的心情与家人和朋友一起共度。在接下来的日子里，你可以享受欢乐与平静。 </THE-SUN-ONE >
<JUDGEMENT-ONE >这张牌指出一些不应该忽视的机会。这些是你一直在等待的机会。是时候因为过去的努力而获得甜美果实的时候了。你将获得新的前途，这会极佳地改变你的人生。由于需要公正的判断，你可能必须面对过去所犯的重大错误。总而言之，无论你正在做什么，都会有一个圆满的结局。 </JUDGEMENT-ONE >
<THE-WORLD-ONE >是时候结束长期的困扰了，你会从中获得回报。这张牌指出经过长时间努力后的休息机会。你会发现你终于得到了你渴望和向往的事物和结果。你所爱的人会感谢你辛勤工作的成果。这段期间你会获得强大的成就，并指向新的开始。</THE-WORLD-ONE >
</ROOT>
