<ROOT>
<ACE-OF-CUPS-ONE >ไพ่ใบนี้แสดงให้เห็นว่าคุณน่าจะเข้าไปมีส่วนร่วมในเรื่องความสำคัญทางอารมณ์ มันเป็นเวลาที่จะให้หัวใจของคุณนำทาง คุณต้องเชื่อสัญชาตญาณและทำสิ่งที่เหมาะสมกับอารมณ์ของคุณ คุณอาจรู้สึกถึงความผูกพันอันลึกซึ้งของความเมตตาและความรัก ชีวิตรักของคุณมีแนวโน้มที่จะอยู่อย่างเข้มแข็งและสว่างสดใส </ACE-OF-CUPS-ONE >
<TWO-OF-CUPS-ONE >ไพ่ใบนี้ส่วนใหญ่แสดงถึงความผูกพัน ความสงบและความรัก ไพ่ใบนี้เกี่ยวกับการสร้างความสัมพันธ์/หุ้นส่วนใหม่ในด้านความรัก งาน มิตรภาพ หรือด้านอื่น ๆ มันเป็นเวลาที่จะประกอบทุกสิ่งเข้าด้วย หากมีความขัดแย้งในความสัมพันธ์/ หุ้นส่วน แก้ไขและนำความสงเข้ามา ให้อภัยและลืม เชื่อมความสัมพันธ์กันและก้าวไปข้างหน้าด้วยการมองโลกในแง่ดี </TWO-OF-CUPS-ONE >
<THREE-OF-CUPS-ONE >ไพ่ใบนี้แสดงถึงความขยันและความกระตือรือร้นที่เพิ่มขึ้นต่อชีวิต คุณจะพบว่าตัวเองเพลิดเพลินกับสิ่งเล็ก ๆ น้อย ๆ ที่เข้ามา คุณจะได้พบปะกับเพื่อนเก่าและสร้างความสัมพันธ์ที่แข็งแกร่งกับพวกเขา คุณจะสร้างการติดต่อใหม่ในประสบการณ์ทางสังคมที่สนิทสนมกัน คุณอาจพบว่าตัวเองทำงานเป็นทีม/กลุ่มเพื่อเป้าหมายร่วมกัน </THREE-OF-CUPS-ONE >
<FOUR-OF-CUPS-ONE >ไพ่ใบนี้แสดงถึงเวลาที่สะท้อนและใคร่ครวญเกี่ยวกับความคิดและชีวิตของคุณ คุณอาจพบตัวเองอยู่ในสถานการณ์ที่ไม่พึงประสงค์ บางครั้งคุณอาจรู้สึกเฉยเมยและอาจขาดแรงบันดาลใจ คุณต้องเปิดตัวเองให้กับความเป็นไปได้ใหม่ ๆ เพื่อค้นหาหนทางที่คุณมองหา พยายามที่จะเสียสละมากขึ้นและฟังผู้อื่นเพื่อหาทางออกของคุณ </FOUR-OF-CUPS-ONE >
<FIVE-OF-CUPS-ONE >ไพ่ใบนี้หมายถึงการสูญเสียความหวัง ความผิดหวังและความเศร้าสลดในชีวิตต่อเหตุการณ์ที่ผ่านมา คุณอาจรู้สึกหลงทางหรือพ่ายแพ้เนื่องจากบางสิ่งที่เกิดขึ้น คุณอาจเสียใจกับการตัดสินใจในอดีตและอาจอยากย้อนเวลากลับไปเพื่อแก้ไขการตัดสินใจของคุณ คุณยอมรับความผิดพลาด แต่คุณไม่ได้นึกถึงสิ่งที่เหลืออยู่ คุณต้องปล่อยวางอดีต ดูสิ่งที่ดีในปัจจุบันและทำเพื่ออนาคต </FIVE-OF-CUPS-ONE >
<SIX-OF-CUPS-ONE >ไพ่ใบนี้บ่งบอกว่ามุมมองความใจดีและใสซื่อของคุณที่มีต่อชีวิต คุณมีความสุขที่ได้เผยแพร่ความสุขโดยไม่มีแรงจูงใจใด ๆ คุณอาจรู้สึกเหมือนได้รับพรและสนุกกับการช่วยเหลือผู้อื่น คุณอาจเริ่มสังเกตสิ่งต่าง ๆ รอบตัวคุณและจะแสวงหาความพึงพอใจในความสุขเล็ก ๆ คุณอาจคิดถึงเรื่องวัยเด็กของคุณ ความรักอันศักดิ์สิทธิ์อาจจะมาในอนาคตอันใกล้ของคุณ </SIX-OF-CUPS-ONE >
<SEVEN-OF-CUPS-ONE >ไพ่ใบนี้เกี่ยวกับภาพลวงตาและความฝัน คุณอาจปล่อยให้ความคิดแล่นไปกับจินตนาการและไม่ได้มุ่งเน้นไปที่ความเป็นจริงของชีวิต คุณกำลังเผชิญกับเวลาที่คุณสามารถเห็นตัวเลือกมากมายให้เลือก มีโอกาสที่คุณจะไม่ใส่ใจสุขภาพตัวเองและตามใจตัวเองเรื่องการกิน/ดื่มมากเกินไป ความเกียจคร้านและการผัดวันประกันพรุ่งเป็นศัตรูสำคัญของคุณ </SEVEN-OF-CUPS-ONE >
<EIGHT-OF-CUPS-ONE >ไพ่ใบนี้แสดงความก้าวหน้าในการค้นหาความหมายที่ลึกซึ้งยิ่งขึ้นของชีวิต คุณต้องการแยกตัวจากปัญหาชีวิตและละทิ้งสถานการณ์ที่สิ้นหวัง คุณอาจจะค้นหาความสุขที่แท้จริงแทนที่จะมุ่งไปที่การแข่งขัน คุณจะมองหาความสุขจากภายในและอาจมีแนวโน้มที่จะก้าวข้ามอดีต คุณอาจอุทิศเวลาให้กับกิจกรรมทางจิตวิญญาณมากขึ้น </EIGHT-OF-CUPS-ONE >
<NINE-OF-CUPS-ONE >ไพ่ใบนี้แสดงถึงการเติมเต็มความปรารถนา คุณจะได้รับสิ่งที่คุณสมควรได้รับและปรารถนาอย่างแท้จริง คุณอาจรู้สึกพึงพอใจมากขึ้นในชีวิต เนื่องจากความสำเร็จอยู่ข้างคุณ ความฝันที่คุณรักอาจเป็นจริงและคุณจะบรรลุเป้าหมายที่คุณรอคอยมาอย่างยาวนาน คุณจะต้องการสัมผัสและชื่นชมความหรูหรา การพักผ่อนคือสิ่งที่คุณปรารถนาในตอนนี้ สนุกกับช่วงเวลาที่ดีนี้ตราบเท่าที่คุณทำได้ </NINE-OF-CUPS-ONE >
<TEN-OF-CUPS-ONE >ไพ่ใบนี้สะท้อนให้เห็นถึงความสุขและความสงบสุขในชีวิตของคุณ คุณสามารถสัมผัสถึงความสุขที่อยู่รอบ ๆ และรู้สึกถึงความเป็นอยู่ที่ดี คุณอาจพบว่าความเครียดและความกดดันเริ่มลดลงและชีวิตกลายเป็นเรื่องง่ายและกลมกลืน คุณจะมุ่งเน้นไปที่ความรักและมิตรภาพและความเป็นเลิศในทั้งสองอย่าง คุณจะยังคงอุทิศตนเพื่อครอบครัวของคุณและจะเพลิดเพลินไปกับการชุมนุมทางสังคมและกิจกรรมที่เกี่ยวข้องกับพวกเขา </TEN-OF-CUPS-ONE >
<PAGE-OF-CUPS-ONE >ไพ่ใบนี้สะท้อนให้เห็นถึงด้านอารมณ์ของคุณ คุณมีแนวโน้มที่จะทำตามหัวใจมากกว่าความคิด คุณมักจะมีอารมณ์อ่อนไหวและรู้สึกกับสิ่งเล็ก ๆ น้อย ๆ คุณมองตัวเองและเชื่อมั่นให้สัญชาตญาณนำทาง มันเป็นเวลาที่ดีที่จะมีความสัมพันธ์ที่โรแมนติกที่คุณใกล้ชิดทางอารมณ์กับอีกคน มิตรภาพที่ใกล้ชิดจะต้องได้รับการพัฒนา นอกจากนี้ยังเป็นเวลาที่จะแก้ไขความสัมพันธ์ที่แตกสลาย </PAGE-OF-CUPS-ONE >
<KNIGHT-OF-CUPS-ONE >ไพ่ใบนี้คือตัวแทนของอารมณ์ที่สวยงามและยังมีคำใบ้เกี่ยวกับส่วนเกินของมัน บางครั้ง คุณอาจมีอารมณ์อ่อนไหวในความรัก แต่คุณอาจแสดงความรักมากเกินไป ความหึงหวงสามารถคืบคลานเข้ามาในความรักของคุณ คุณอ่อนไหว แต่ตอนนี้ คุณก็มักจะเจ็บได้ง่ายมาก คุณเป็นมิตรและฉลาด คุณฝันถึงสิ่งที่ยิ่งใหญ่สำหรับตัวคุณเอง แต่ท้อแท้ง่าย </KNIGHT-OF-CUPS-ONE >
<QUEEN-OF-CUPS-ONE >ไพ่ใบนี้หมายถึงความรู้สึกไวและมีวุฒิภาวะในการรับมือกับอารมณ์ คุณอาจแสดงให้เห็นถึงวิธีการที่เอาใจใส่และรอบคอบในทุกสถานการณ์ที่คุณเผชิญ คุณมีโอกาสที่จะเชื่อมต่อกับด้านจิตวิญญาณของคุณและชื่นชมความหมายที่ลึกซึ้งยิ่งขึ้นของชีวิต คุณเป็นคนอดทน คุณเห็นอกเห็นใจผู้อื่นและมีเมตตาและอ่อนโยนต่อผู้อ่อนแอ คุณมักจะเข้าใจสิ่งต่าง ๆ โดยไม่ต้องถาม </QUEEN-OF-CUPS-ONE >
<KING-OF-CUPS-ONE >ไพ่ใบนี้หมายถึงทัศนคติที่ชาญฉลาดและอดทน คุณอาจมีความเข้าใจอย่างลึกซึ้งเกี่ยวกับธรรมชาติของมนุษย์ คุณสามารถเป็นครูที่ดี คุณสามารถรักษาความสงบในภาวะวิกฤตและช่วยแก้ไขในช่วงเวลาที่ตึงเครียด คุณรู้ว่าควรพูดอะไรเมื่อไหร่ คุณรู้สึกเห็นอกเห็นใจผู้ด้อยโอกาส คุณอาจเป็นคนที่ความคิดเปิดกว้างพร้อมมุมมองทางการทูต ทักษะความเป็นผู้นำของคุณคือทรัพย์สินของคุณ </KING-OF-CUPS-ONE >
<ACE-OF-PENTACLES-ONE >ไพ่ใบนี้แนะนำให้คุณรวบรวมความแข็งแกร่งของจิตใจที่คุณมีและมุ่งเน้นไปที่เป้าหมายของคุณ คุณอาจได้เห็นความพยายามของคุณเปลี่ยนเป็นผลลัพธ์ที่คุณต้องการ ในที่สุดสิ่งนี้จะนำมาซึ่งการเติบโตในอาชีพและชีวิตของคุณและสร้างความคิดบวกให้คุณ คุณต้องปฏิบัติจริงและดูความจริงของชีวิต การดำเนินการด้วยศรัทธาและความไว้วางใจในผู้อื่นจะเป็นประโยชน์ต่อคุณ </ACE-OF-PENTACLES-ONE >
<TWO-OF-PENTACLES-ONE >ไพ่ใบนี้พูดถึงการปรับตัวและความเข้ากันได้ของคุณต่อชีวิต คุณจะต้องจัดการสิ่งต่าง ๆ ที่คุณกำลังทำอยู่อย่างสมดุลและจะก้าวไปข้างหน้าอย่างมั่นคงแต่รวดเร็ว คุณจะเปิดรับความคิดและความเป็นไปได้ใหม่ ๆ ทั้งในชีวิตส่วนตัวและในอาชีพของคุณ คุณจะสามารถจัดการกับการเปลี่ยนแปลงที่เกิดขึ้นได้อย่างมีประสิทธิภาพและในเวลาเดียวกันสนุกสนานไปกับมันด้วย การทำงานและเล่นจะเกิดขึ้นพร้อมกันสำหรับคุณ </TWO-OF-PENTACLES-ONE >
<THREE-OF-PENTACLES-ONE >ศักยภาพการทำงานของคุณในการเป็นผู้เล่นที่ยอดเยี่ยมของทีมจะถูกเน้นสำคัญด้วยไพ่ใบนี้ คุณจะประสานงานและสร้างแรงบันดาลใจอย่างมากในงานที่คุณทำ คุณอาจจัดระเบียบค่อนข้างมากในแนวทางของคุณ ด้วยความสามารถของคุณ คุณจะประสบความสำเร็จอย่างสมบูรณ์แบบในการทำงานของคุณและจะสามารถบรรลุเป้าหมายของคุณ คุณจะพิสูจน์ความสามารถของคุณให้ใครก็ตามที่สงสัยเห็นได้ </THREE-OF-PENTACLES-ONE >
<FOUR-OF-PENTACLES-ONE >ไพ่ใบนี้เน้นความเป็นเจ้าของและความต้านทานการเปลี่ยนแปลงของคุณ คุณอาจมีแนวโน้มที่จะกักตุนสิ่งที่เป็นรูปธรรมและไม่แบ่งปันมันกับผู้อื่น ความโลภอาจควบคุมจิตใจของคุณ คุณอาจลองควบคุมสิ่งต่าง ๆ รอบตัวคุณและเรียกร้องให้ทำสิ่งต่าง ๆ ในแบบของคุณ คุณยังอาจมีแนวโน้มที่จะทำให้สิ่งต่าง ๆ แบบไม่ถูกรบกวนและไม่เปลี่ยนแปลง ดังนั้นมันจะนำความนิ่งมาให้หลาย ๆ ด้านในชีวิตของคุณ </FOUR-OF-PENTACLES-ONE >
<FIVE-OF-PENTACLES-ONE >ไพ่ใบนี้แสดงช่วงเวลาที่ยากลำบาก ทั้งด้านอารมณ์และร่างกาย คุณอาจพบปัญหาทางการเงินบางอย่างหรือปัญหาบางอย่างอาจเกิดขึ้นในที่ทำงานของคุณ คุณอาจประสบปัญหาการขาดทักษะที่คุณจำเป็นต้องใช้เพื่อเติบโต คุณอาจต้องผ่านช่วงเวลาหนึ่ง ซึ่งคุณอาจรู้สึกขาดการสนับสนุนและรู้สึกเหงา อาจมีปัญหาสุขภาพเช่นกัน </FIVE-OF-PENTACLES-ONE >
<SIX-OF-PENTACLES-ONE >ไพ่ใบนี้พูดถึงความเป็นไปได้ที่จะมีความมั่งคั่ง อำนาจและความฉลาด คุณเพียงมีมันหรือคุณไม่มีมัน คุณจะเป็นฝ่ายรับหรือฝ่ายให้ สิ่งนี้ใช้ในทุกด้านของชีวิต คุณอาจจะอยู่ที่นี่หรือที่นั่น อย่างไรก็ตาม ไม่ว่าอย่างไร คุณควรเข้าใจและวิเคราะห์อนาคตของคุณและมุ่งหน้าไปหามัน </SIX-OF-PENTACLES-ONE >
<SEVEN-OF-PENTACLES-ONE >ไพ่ใบนี้หมายถึงความต้องการที่จะประเมินและวิเคราะห์สถานการณ์ปัจจุบันของชีวิต คุณอาจต้องการใช้เวลาหยุดสักพักเพื่อดูความคืบหน้าของคุณจนถึงตอนนี้และตรวจสอบให้แน่ใจว่าคุณอยู่ในเส้นทางที่ถูกต้อง มีโอกาสมากที่คุณจะประสบความสำเร็จจากความพยายามอย่างจริงใจของคุณและไปถึงก้าวสำคัญที่คุณใฝ่ฝัน คุณอาจพบว่าตัวเองคิดถึงเรื่องเปลี่ยนงาน/เปลี่ยนบ้าน </SEVEN-OF-PENTACLES-ONE >
<EIGHT-OF-PENTACLES-ONE >ไพ่ใบนี้แสดงความมุ่งมั่นสุดยอดและสายตาที่มองอย่างละเอียด คุณอาจมีส่วนร่วมในงานบางอย่างและทำงานอย่างเต็มที่ ทัศนคตินี้จะช่วยให้คุณเพิ่มความเชี่ยวชาญและความรู้เกี่ยวกับสิ่งที่คุณกำลังทำอยู่ คุณจะต้องระวังให้มากและให้แน่ใจว่าทุกอย่างเป็นระบบและถูกต้องจนถึงรายละเอียดสุดท้าย </EIGHT-OF-PENTACLES-ONE >
<NINE-OF-PENTACLES-ONE >ไพ่ใบนี้พูดถึงเกี่ยวกับความประพฤติของคุณด้วยความเชื่อมั่นในตนเองและความกระหายพัฒนา คุณจะมองหาวิธีการแก้ปัญหาและจัดการชีวิตได้ดีและเรียงลำดับอย่างดี คุณจะเชื่อมั่นในทักษะของคุณเองและแปลงศักยภาพของคุณไปสู่ประสิทธิภาพด้วยตัวคุณเอง คุณจะตามหาความสมบูรณ์แบบและพยายามเพลิดเพลินไปกับสิ่งต่าง ๆ ในชีวิต คุณจะมุ่งสู่การใช้ชีวิตที่หรูหรา </NINE-OF-PENTACLES-ONE >
<NINE-OF-PENTACLES-ONE >ไพ่ใบนี้บ่งบอกถึงความมั่งคั่งที่คุณจะพบ คุณอาจจะเพลิดเพลินไปกับความสำเร็จที่ดีของธุรกิจที่กิจการของคุณกำลังเฟื่องฟู หรือคุณอาจหางานเงินเดือนสูง คุณจะได้สัมผัสกับความมั่นคงทางการเงินในทุกกรณี คุณอาจเขียนแผนเพื่อความปลอดภัยของตัวคุณเองและครอบครัวตลอดชีวิต ทั้งหมดนี้ คุณจะใช้วิธีการที่ผ่านการทดลองและทดสอบแล้วและอยู่ในกฎเกณฑ์ของทุกสิ่งที่คุณทำ </NINE-OF-PENTACLES-ONE >
<PAGE-OF-PENTACLES-ONE >ไพ่ใบนี้แนะนำให้คุณปฏิบัติในชีวิตและทำตามความฝันของคุณเพื่อมันเป็นจริง คุณจะต้องทำงานกับสิ่งที่คุณมีและใช้กำลังกายและใจในการทำเช่นนั้น คุณควรเลิกนิสัยผัดวันประกันพรุ่งและวางเท้าบนพื้นดิน คุณควรมีความรับผิดชอบและเชื่อถือได้และไว้วางใจคนที่คุณทำงานด้วย </PAGE-OF-PENTACLES-ONE >
<KNIGHT-OF-PENTACLES-ONE >ไพ่ใบนี้พูดถึงความชอบสิ่งดี ๆ ในชีวิตที่มากเกินไปของคุณ เมื่อคุณตัดสินใจที่จะไล่ตามเป้าหมาย คุณยังคงดื้อรั้น ไม่ฟังใครและปฏิเสธที่จะล้มเลิกแม้ในสถานการณ์ที่สิ้นหวัง คุณเป็นคนอนุรักษ์นิยม กลัวความเสี่ยงและในบางครั้งทำให้เสียโอกาสได้ง่าย บางครั้งการแสวงหาความถูกต้องของคุณก็ขึ้นอยู่กับความหลงใหล การปฏิบัติจริงของคุณทำให้คุณมองโลกในแง่ร้าย คุณทำงานหนักมากจนไม่สังเกตเห็นโลกที่สวยงามรอบตัว </KNIGHT-OF-PENTACLES-ONE >
<QUEEN-OF-PENTACLES-ONE >ไพ่ใบนี้แสดงให้เห็นว่าคุณเป็นคนติดดิน มีคุณแรงบันดาลใจและใจกว้าง คุณใส่ใจและรักผู้คนรอบตัวในแบบที่ไม่เห็นแก่ตัว คุณมีจิตใจที่อ่อนโยนและต้องการจะแบ่งแรงใจและความสุขออกไปด้วยทัศนคติเพื่อผู้อื่น คุณเป็นคนซื่อสัตย์และยึดมั่น คุณไม่ต้องเสียสิ่งต่าง ๆ และจะใช้มันไปได้นาน คนอื่นรอบตัวคุณรู้สึกสบายใจเพราะความจริงใจและความเป็นธรรมชาติที่น่ารื่นรมย์ของคุณ </QUEEN-OF-PENTACLES-ONE >
<KING-OF-PENTACLES-ONE >ไพ่ใบนี้เน้นทักษะที่เห็นได้ของคุณในการเดินต่าง ๆ ในชีวิต ทักษะการเป็นผู้ประกอบการของคุณจะทำให้คุณพึงพอใจทั้งด้านการเงินและจิตใจในชีวิต คุณสามารถพึ่งพาคนที่เชื่อถือได้ในช่วงวิกฤต ธรรมชาติที่ปรับตัวได้ของคุณจะช่วยคุณในทุกสถานการณ์ ทัศนคติที่ให้กำลังใจของคุณช่วยให้ผู้คนรอบตัวคุณ คุณสงบตรง เวลาและทำงานหนัก </KING-OF-PENTACLES-ONE >
<ACE-OF-SWORDS-ONE >ไพ่ใบนี้แสดงให้เห็นว่าคุณจะได้เห็นแจ้งทางจิตและจะคิดออกสิ่งต่าง ๆ ในแบบของคุณเอง ด้วยสติปัญญาและความสามารถในการใช้เหตุผลที่เฉียบแหลมของคุณ คุณจะได้เรียนรู้ข้อเท็จจริงบางอย่างเกี่ยวกับชีวิต เพราะความแข็งแกร่งทางจิตใจของคุณ คุณจะค่อย ๆ เคลื่อนตัวออกจากสถานการณ์ที่ยากลำบากของชีวิตได้โดยการข้ามสิ่งกีดขวางทุกอย่าง คุณอาจมีแนวโน้มที่จะต่อสู้เพื่อความยุติธรรมเพื่อบางคน/บางสิ่งและจะดำเนินการไปในทิศทางของความจริงและความซื่อสัตย์ </ACE-OF-SWORDS-ONE >
<TWO-OF-SWORDS-ONE >ไพ่ใบนี้แสดงความขัดแย้งของอารมณ์และความรู้สึกที่แท้จริงที่อยู่ข้างใน คุณอาจซ่อนความทุกข์ของคุณจากคนอื่นและจะพยายามจะทำตัวให้ปกติภายนอก อาจมีบางครั้ง ที่คุณพบว่าตัวเองติดอยู่ในสถานการณ์ที่ไม่พึงประสงค์ซึ่งคุณลังเลที่จะตัดสินใจหรือลงมือทำ คุณอาจหลีกเลี่ยงข้อเท็จจริง สถานการณ์จะยังคงอยู่เหมือนเดิมเนื่องจากความเกียจคร้านของคุณ </TWO-OF-SWORDS-ONE >
<THREE-OF-SWORDS-ONE >ไพ่ใบนี้แสดงให้เห็นว่าคุณอาจเผชิญกับช่วงเวลาที่อารมณ์ไม่ดี คุณอาจต้องทำร้ายความรู้สึกของใครบางคนหรือในทางกลับกัน อาจมีข่าวร้ายบางอย่างกำลังมาถึง อาจมีโอกาสที่คุณรู้สึกถูกปฏิเสธ คุณอาจรู้สึกว่าไม่มีใครอยู่ข้าง ๆ คุณเมื่อคุณต้องการใครซักคนมากที่สุด ความเปล่าเปลี่ยวอาจเข้ามา คุณอาจเรียนรู้ความลับเกี่ยวกับคนใกล้ตัวคุณซึ่งอาจทำให้คุณไม่สบายใจ คุณอาจประสบกับการทรยศโดยคนใกล้ชิด </THREE-OF-SWORDS-ONE >
<FOUR-OF-SWORDS-ONE >ไพ่ใบนี้แนะนำว่าคุณควรใช้ชีวิตง่าย ๆ โดยไม่ต้องใช้ความพยายามมากเกินไป คุณควรหยุดพักจากกิจวัตรประจำวันของคุณและหาความสงบและความเงียบ ผ่อนคลายร่างกายและจิตใจ ใช้เวลาพักผ่อนนี้เพื่อคิดว่าคุณอยู่ตรงไหนในชีวิต สิ่งที่คุณปรารถนาจะทำ สิ่งที่คุณได้ทำไปและอื่น ๆ ดังนั้นเตรียมตัวสำหรับอนาคตด้วยการทำปัจจุบันให้ดี </FOUR-OF-SWORDS-ONE >
<FIVE-OF-SWORDS-ONE >ไพ่ใบนี้สะท้อนความคิดที่ยึดตนเองเป็นศูนย์กลางและทัศนคติที่ไม่เห็นด้วยกับผู้อื่น คุณอาจจะคิดถึงผลประโยชน์ของตัวเองก่อนที่จะทำงานใด คุณอาจพบว่ามันยากที่จะรับมือกับมุมมองและความคิดเห็นของผู้อื่น คุณสามารถจัดการเพื่อสร้างความคิดไม่ดีในหมู่คนอื่น ๆ คุณอาจประสบความสำเร็จโดยใช้วิธีการที่ไม่ถูกต้อง </FIVE-OF-SWORDS-ONE >
<SIX-OF-SWORDS-ONE >ไพ่ใบนี้เน้นช่วงเวลาที่ขึ้นและลงของชีวิต คุณอาจรู้สึกกระสับกระส่ายและหดหู่ในสิ่งที่คุณกำลังทำ อาจมีสุขภาพไม่ดี คุณอาจต้องใช้เวลาส่วนตัว เพื่อรักษาและจัดการกับสถานการณ์ทางอารมณ์ในชีวิตของคุณ คุณจะเห็นโลกด้วยความหวังใหม่และเริ่มก้าวไปข้างหน้าด้วยความคิดเชิงบวก คุณอาจเดินทางจากที่หนึ่งไปอีกที่หนึ่งเพื่อค้นหาการผจญภัยและการเปลี่ยนแปลง </SIX-OF-SWORDS-ONE >
<SEVEN-OF-SWORDS-ONE >ไพ่ใบนี้พูดถึงโอกาสที่คุณจะหลีกเลี่ยงความรับผิดชอบและภาระรอบตัวคุณ คุณซ่อนความจริงเพื่อหลีกเลี่ยงการเผชิญหน้ากับเสียงเพลง คุณอาจจะอยู่คนเดียวและอยู่ห่างไกลและรักษาระยะห่างที่ดีจากโลกสังคมรอบตัว ในช่วงของการแยกตัวนี้ คุณอาจพัฒนาทัศนคติที่หลอกลวงและในบางครั้ง สามารถกระทำการหลอกลวง </SEVEN-OF-SWORDS-ONE >
<EIGHT-OF-SWORDS-ONE >ไพ่ใบนี้แสดงให้เห็นด้านมืดและความยากข้างหน้า คุณอาจรู้สึกเหมือนถูกล่ามโซ่โดยสถานการณ์และอาจพบว่ามันยากที่จะหาวิธีของตัวเองในชีวิต คุณอาจรู้สึกสับสนในสถานการณ์ส่วนใหญ่เกี่ยวกับขั้นตอนต่อไป คุณอาจขาดสมาธิในการไปข้างหน้าและอาจมองหาความช่วยเหลือจากภายนอก คุณอาจรู้สึกว่าสิ่งต่าง ๆ อยู่เหนือการควบคุมของคุณ ในขณะที่สิ่งที่คุณทำได้คือถอยและคอยดู </EIGHT-OF-SWORDS-ONE >
<NINE-OF-SWORDS-ONE >ไพ่ใบนี้แสดงให้เห็นถึงช่วงของความวิตกกังวลและความตึงเครียดของคุณ คุณอาจมีความรู้สึกผิดสำหรับสิ่งที่คุณทำในอดีตและจะพบว่ามันเป็นเรื่องยากที่จะให้อภัยตัวเอง คุณอาจขอให้เวลากลับไปได้เพื่อแก้ไขสิ่งที่ผิดพลาด คุณกำลังล่องลอยไปสู่ ระยะที่คุณอาจหยุดเชื่อมั่นในตัวเองและอาจรู้สึกหดหู่ บางครั้งคุณอาจรู้สึกอารมณ์เสีย </NINE-OF-SWORDS-ONE >
<TEN-OF-SWORDS-ONE >ไพ่ใบนี้แสดงให้เห็นถึงช่วงของความวิตกกังวลและความตึงเครียดของคุณ คุณอาจมีความรู้สึกผิดสำหรับสิ่งที่คุณทำในอดีตและจะพบว่ามันเป็นเรื่องยากที่จะให้อภัยตัวเอง คุณอาจขอให้เวลากลับไปได้เพื่อแก้ไขสิ่งที่ผิดพลาด คุณกำลังล่องลอยไปสู่ ระยะที่คุณอาจหยุดเชื่อมั่นในตัวเองและอาจรู้สึกหดหู่ บางครั้งคุณอาจรู้สึกอารมณ์เสีย </TEN-OF-SWORDS-ONE >
<PAGE-OF-SWORDS-ONE >ไพ่ใบนี้จะขอให้คุณรวบรวมกำลังจิตใจของคุณและแก้ไขปัญหาที่อาจกวนใจคุณมานานแล้ว คุณจะต้องวิเคราะห์ปัญหาที่คุณเผชิญอย่างเป็นเหตุเป็นผลและวางแผนที่เหมาะสมเพื่อแก้ไขปัญหา คุณจะต้องมีความซื่อสัตย์และจริงใจและอย่าซ่อนอะไร คุณจะต้องแยกแยะสิ่งที่ดีและไม่ดีและยอมรับความรับผิดชอบที่เกิดขึ้น รักษาวิญญาณของคุณให้สูงส่งและเผชิญกับความยากลำบากด้วยความแข็งแกร่ง </PAGE-OF-SWORDS-ONE >
<KNIGHT-OF-SWORDS-ONE >ไพ่ใบนี้ชี้ให้เห็นถึงความมั่นใจแต่ด้วยปนด้วยความใจร้อนเล็กน้อย ความตรงไปตรงมาของคุณอาจผู้อื่นอาจมองว่าหยาบคาย คุณอาจคิดว่าเป็นคนที่พูดโดยไม่คิด คุณอาจเริ่มต้นในฐานะผู้นำที่ดี แต่จบลงด้วยทัศนคติที่ครอบงำ คุณอาจแสดงการมีอารมณ์ขันที่ดีผสมกับการเสียดสี ความรู้ที่ลึกซึ้งของคุณจะได้รับการชื่นชมถ้ามันไม่ถูกคิดเป็นความเย่อหยิ่ง </KNIGHT-OF-SWORDS-ONE >
<QUEEN-OF-SWORDS-ONE >ไพ่ใบนี้สะท้อนให้เห็นถึงความจริงใจและตรงไปตรงมาในชีวิตของคุณ คุณชอบที่จะเปิดเผยในการติดต่อทุกครั้ง การรับรู้ของคุณถึงกับสถานการณ์/บุคคลนั้นค่อนข้างจะถูกต้องและแม่นยำ คุณพยายามที่จะใช้วิธีการไร้สาระกับทุกสิ่งที่คุณทำ อารมณ์ขันของคุณยอดเยี่ยมและไม่รบกวนใคร ประสบการณ์ที่กว้างขวางของคุณเสริมความแข็งแกร่งในการใช้ชีวิตต่อไปข้างหน้า </QUEEN-OF-SWORDS-ONE >
<KING-OF-SWORDS-ONE >ไพ่ใบนี้แสดงถึงความคิดที่รอบคอบและมีจริยธรรมของคุณ คุณมักจะวิเคราะห์สถานการณ์ของชีวิตอย่างมีประสิทธิภาพด้วยเหตุผลที่ดี คุณจะสามารถสื่อสารมุมมองและความคิดของคุณด้วยทักษะการพูดที่ยอดเยี่ยม คุณจะรับรู้และเข้าใจในทุกประเด็นของปัญหาได้ทุกมุม คุณมักจะซื่อสัตย์และซื่อตรงในสิ่งที่คุณทำ </KING-OF-SWORDS-ONE >
<ACE-OF-WANDS-ONE >ไพ่ใบนี้แสดงถึงความสำเร็จ คุณมีจินตนาการและวิธีการคิดที่แปลกใหม่ ซึ่งเต็มไปด้วยความคิดสร้างสรรค์ ความกระตือรือร้นและความมั่นใจที่ส่องประกายของคุณมักจะสร้างแรงบันดาลใจให้ผู้อื่นและดึงความน่าหลงใหลในตัวคุณออกมา คุณให้มากกว่า 100% ในทุกสิ่งที่คุณทำ ในชีวิต เมื่อใดก็ตามที่คุณเจอปัญหาหรือความท้าทาย คุณจะเผชิญกับความยากลำบากนั้นด้วยความกล้าหาญและความเชื่อมั่นในตนเองที่จะประสบความสำเร็จ </ACE-OF-WANDS-ONE >
<TWO-OF-WANDS-ONE >ไพ่ใบนี้แสดงถึงทัศนคติที่กล้าหาญ ถ้าหากคุณกำลังรอที่จะริเริ่มหรือทำงาน/การเดินทาง นี่คือเวลาที่คุณควรทำแล้ว คุณมีพลังและอำนาจเพื่อให้บรรลุเป้าหมายของคุณ ดังนั้นคุณเพียงต้องมีความกล้าที่จะก้าวไปข้างหน้า นี่เป็นเวลาที่จะกล้าหาญและเผชิญหน้ากับความกลัว คุณจะต้องคิดวิธีการใหม่เพื่อให้บรรลุเป้าหมายของคุณ สร้างหนทางของตัวเอง </TWO-OF-WANDS-ONE >
<THREE-OF-WANDS-ONE >ไพ่ใบนี้แสดงถึงความกระหายและความกระวนกระวายที่จะสำรวจสิ่งใหม่ สิ่งนี้เชื่อมโยงถึงธรรมชาติของการค้นหาความผจญภัยและความตื่นเต้น นิสัยที่คาดการณ์ไว้นี้คุณจะช่วยคุณในอนาคต คุณจะต้องสมมติบทบาทเป็นผู้นำในการชุมนุมทุกคนเพื่อให้บรรลุภารกิจและเป้าหมายของคุณ คุณอาจประสบความสำเร็จอย่างมากในการค้าและการพาณิชย์ </THREE-OF-WANDS-ONE >
<FOUR-OF-WANDS-ONE >คุณสามารถเชื่อมต่อธรรมชาติที่ชอบค้นหาการผจญภัยและความตื่นเต้น นิสัยที่คาดการณ์ไว้นี้คุณจะช่วยคุณในอนาคต คุณจะต้องสมมติบทบาทเป็นผู้นำในการชุมนุมทุกคนเพื่อให้บรรลุภารกิจและเป้าหมายของคุณ คุณอาจประสบความสำเร็จอย่างมากในการค้าและการพาณิชย์ </FOUR-OF-WANDS-ONE >
<FIVE-OF-WANDS-ONE >ไพ่ใบนี้บ่งบอกถึงปัญหาเล็กน้อยในอนาคต ผู้คนอาจดูเหมือนต่อต้านคุณและมันอาจจบด้วยการโต้เถียงและทะเลาะกับคนอื่น มีผู้อื่นออกมาแข่งขันกับคุณและคุณรู้สึกอยากขึ้นท้าทายการต่อสู้นั้น ความพ่ายแพ้และความยุ่งยากเล็กน้อยกำลังรอคุณอยู่ คุณจะต้องแสดงความอดทนและความสงบในสถานการณ์นี้ </FIVE-OF-WANDS-ONE >
<SIX-OF-WANDS-ONE >ไพ่ใบนี้สะท้อนให้เห็นถึงชัยชนะ ความชื่นชมด้วยความภาคภูมิใจ คุณอาจบรรลุเป้าหมายของคุณ คุณอาจได้รับการชื่นชมจากความพยายามและมันจะทำให้คุณมีแรงจูงใจที่จะทำให้ดีที่สุดในทุกสิ่งที่คุณทำ คุณจะสนุกไปกับวันของคุณภายใต้แสงแดดแต่ก็อาจเริ่มรู้สึกสำคัญในตัวเอง คุณอาจเริ่มคิดถึงตัวเองก่อนซึ่งอาจทำให้คนอื่นคิดว่าคุณเป็นคนหยิ่ง </SIX-OF-WANDS-ONE >
<SEVEN-OF-WANDS-ONE >ไพ่ใบนี้แสดงให้เห็นถึงความพยายามในการต่อสู้เพื่อตำแหน่งของคุณและยืนหยัดเพื่อสิ่งที่คุณเชื่อ คุณมักจะมีวิธีที่ก้าวร้าวและท้าทายในชีวิต ส่วนใหญ่ วิธีนี้ใช้งานได้ดี แต่ในบางครั้ง คุณตื่นเต้นเกินไป คุณมักจะดื้อรั้นเมื่อคุณยืนยันและค่อนข้างดื้อรั้น ความเชื่อว่าความสามารถของตัวคุฅณเองจะช่วยให้คุณผ่านช่วงเวลาแห่งความทุกข์ไปได้ </SEVEN-OF-WANDS-ONE >
<EIGHT-OF-WANDS-ONE >ไพ่ใบนี้แนะนำการเปลี่ยนแปลงา เวลาที่คุณรอมาถึงแล้ว ถึงเวลาที่จะลงมือทำและพิสูจน์ศักยภาพของคุณหรืออื่น ๆ งานที่ยังไม่เสร็จบางงานอาจเสร็จสมบูรณ์ในที่สุด คุณมีแนวโน้มที่จะค้นพบข้อมูลหรือข่าวที่คุณกำลังมองหา คุณอาจต้องจบบางสิ่งเพื่อเริ่มสิ่งที่ดีกว่า </EIGHT-OF-WANDS-ONE >
<NINE-OF-WANDS-ONE >ไพ่ใบนี้บ่งบอกถึงข้อควรระวังที่คุณใช้และความตั้งใจที่คุณแสดง จากประสบการณ์หรือความยากลำบากที่ผ่านมาของคุณ ตอนนี้คุณระมัดระวังและเตรียมพร้อมรับมือสิ่งที่เลวร้ายที่สุด คุณปกป้องตัวเองและคนใกล้ชิดของคุณ คุณยืนหยัดและต่อสู้เพื่อเป้าหมายของคุณอย่างสุดใจ ความมุ่งมั่นและกำลังกายจะนำคุณต่อไปหาเป้าหมายที่รุ่งโรจน์ </NINE-OF-WANDS-ONE >
<TEN-OF-WANDS-ONE >ไพ่ใบนี้ถึงความรู้สึกที่เพิ่มขึ้นของอารมณ์หรือจิตใจ คุณอาจทำงานหนักเกินไปในที่ทำงาน คุณอาจทำอะไรหลายอย่างพร้อมกันและยังหลายสิ่งมันไม่เสร็จ คุณอาจมีหนี้บางส่วนที่ต้องชำระคืน คุณอาจพบว่าเป็นการยากที่จะปฏิเสธคนอื่น ในขณะที่คุณไม่ได้รับเครดิตสำหรับสิ่งที่ดีที่คุณทำ สุดท้ายเป็นคุณที่ต้องรับคำติ คุณอาจพบว่าคุณต้องต่อสู้เพื่อความสำเร็จเล็กน้อยทุกครั้ง </TEN-OF-WANDS-ONE >
<PAGE-OF-WANDS-ONE >ไพ่ใบนี้บ่งบอกว่ามีโอกาสใหม่ ๆ ให้คุณค้นพบ พลังที่แท้จริงและพลังงานที่คุณมี นี่คือเวลาที่จะค้นหาชีวิตอีกครั้งและสำรวจด้วยความคิดสร้างสรรค์และความกล้าหาญ คุณต้องแสดงให้เห็นถึงความตื่นเต้นและการมองโลกในแง่ดี มีความกระตือรือร้นในสิ่งที่คุณทำ เชื่อในทักษะของคุณและมุ่งเมื่อเพื่อทำมันให้ดีที่สุด ผจญภัยและเสี่ยงบ้าง นี่คือเวลาที่ต้องแน่วแน่ </PAGE-OF-WANDS-ONE >
<KNIGHT-OF-WANDS-ONE >ไพ่อัศวินสะท้อนให้เห็นถึงคุณสมบัติที่แข็งแกร่งพร้อมกับสิ่งเชิงลบเล็กน้อย คุณมักจะมีเสน่ห์และมั่นใจ แต่บางครั้งก็ดูเหมือนเป็นคนหยิ่ง คุณมักจะกล้าแต่บางครั้งก็ประมาท ในการแสวงหาการผจญภัย คุณมักจะไม่อยู่กับที่ คุณเป็นคนที่มีความหลงใหลแต่อารมณ์ร้อนในเวลาเดียวกัน </KNIGHT-OF-WANDS-ONE >
<QUEEN-OF-WANDS-ONE >ไพ่ใบนี้เป็นหนึ่งในไพ่เชิงบวกที่ดีที่สุด มันแสดงให้เห็นถึงการเพิ่มพลังงาน อารมณ์และความสุข คุณจะสามารถผ่านงานของคุณไปได้ด้วยความมุ่งมั่นและความทุ่มเท คุณจะมีแนวโน้มที่จะเป็นเพื่อนที่ดีและจะหาเพื่อนใหม่ได้ง่าย คุณจะได้สัมผัสกับช่วงเวลาที่สงบสุขและร่าเริงในไม่กี่วันข้างหน้า ความสงบของคุณจะช่วยให้คุณรับมือกับสิ่งกีดขวางต่าง ๆ ได้ </QUEEN-OF-WANDS-ONE >
<KING-OF-WANDS-ONE >ไพ่ใบนี้สะท้อนพลังแห่งความคิดสร้างสรรค์และนวัตกรรม เปิดใจของคุณรับความเป็นไปได้และโอกาสใหม่ ๆ คุณอาจจะได้สัมผัสกับประสบการณ์ใหม่ในอนาคตอันใกล้ คุณอาจเก่งเรื่องการสื่อสารและการผูกมิตรกับผู้อื่นและสร้างแรงบันดาลใจให้พวกเขา คุณอาจจะมีอิทธิพลเหนือและควบคุมคนที่อยู่รอบตัวคุณด้วย-แต่ด้วยความเคารพ คุณสนุกกับการได้รับความสนใจและมีแนวโน้มที่จะดึงดูดเพศตรงข้าม </KING-OF-WANDS-ONE >
<THE-FOOL-ONE >บ่งบอกถึงการเริ่มต้นใหม่ คุณจะรู้สึกว่าคุณกำลังเริ่มต้นใหม่ด้วยสิ่งใหม่และอุดมการณ์ใหม่ มันอาจจะเกี่ยวกับงานของคุณ ชีวิตรักหรือชีวิตส่วนตัว การเดินทางครั้งนี้จะเต็มไปด้วยความสนุกสนานและความเป็นธรรมชาติ หากมีอุปสรรค์ คุณจะได้เรียนรู้สิ่งที่มีค่า คุณจะต้องละทิ้งสิ่งเก่า ๆ และนำสิ่งใหม่ ๆ มาปรับใช้ในโลกใหม่ที่คุณกำลังเริ่มสำรวจนี้ </THE-FOOL-ONE >
<THE-MAGICIAN-ONE >พลังใจของคุณแข็งแกร่งขึ้นแล้ว ผู้คนจะฟังคุณและทำสิ่งที่คุณพูดอย่างจริงจัง คุณจะสามารถโน้มน้าวผู้คนได้และในครั้งนี้บ่งบอกว่าคุณจะดีจะมีทักษะความเป็นผู้นำที่ยอดเยี่ยมอย่างน้อยก็คราวนี้ คุณจะได้รับแนวคิดที่สดใสและมันก็ขึ้นอยู่กับคุณว่าจะใช้มันอย่างไร ความลับของคนอื่นอาจถูกเปิดเผย </THE-MAGICIAN-ONE >
<THE-HIGH-PRIESTESS-ONE >นี่คือเวลาที่คุณควรเชื่อสัญชาตญาณของตัวเองและทำตามเส้นทางที่คุณฝันที่คุณรู้สึกมั่นใจ อาจมีคนที่จะให้คำแนะนำที่สำคัญหรือเป็นประโยชน์แก่คุณในไม่ช้า คุณอาจต้องมองหาสิ่งที่คุณไม่รู้จักและเป็นไปได้ว่าคุณอาจพบสิ่งใหม่ที่หลบซ่อนอยู่ คุณจะต้องเฝ้าดูความลับต่อไปจนกว่าจะไม่เปิดเผยมันเพราะอาจนำมาซึ่งความเข้าใจลึกซึ้งสำหรับคุณ </THE-HIGH-PRIESTESS-ONE >
<THE-EMPRESS-ONE >คุณกำลังคิดอย่างลึกซึ้งเกี่ยวกับบางสิ่งบางอย่างและเป็นห่วงว่ามันจะโตขึ้นหรือจุดเริ่มต้นของบางสิ่งในอาชีพ ธุรกิจหรือความสัมพันธ์ของคุณ คุณหรือคู่ของคุณป้องกันตัวเองอย่างมากและอาจหันไปใช้วิธีที่ผิดจรรยาบรรณเพื่อบรรลุสิ่งที่ต้องการ ต้องใช้ความอดทนและความพยายามเล็กน้อยเพื่อให้เกิดความมั่นคงในสถานการณ์ปัจจุบัน </THE-EMPRESS-ONE >
<THE-EMPEROR-ONE >ความสำเร็จนั้นอยู่ไม่ไกลและเกียรติยศก็กำลังมาถึงเช่นกัน คุณอาจได้รับอิทธิพลจากผู้ชายคนที่ให้คำแนะนำ เช่น พ่อ พี่ชาย คู่ชีวิตหรือเพื่อนของคุณ ตอนนี้คุณจะมีสิทธิ์และจะเป็นผู้ควบคุมสิ่งที่คุณต้องการจะทำ ระบบสนับสนุนที่แข็งแกร่งมากจะอยู่เคียงข้างคุณ แม้ว่าคุณจะต้องระมัดระวังเรื่องผิวเผินหรือความต้องการที่มากเกินมันทำร้ายรุ่นน้องของคุณ </THE-EMPEROR-ONE >
<THE-HIEROPHANT-ONE >อย่าดื้อรั้นเกินไปกับความคิดของคุณและอย่ายึดติดกับความเชื่อและประเพณีเก่า ๆ เพียงเพราะมันทำมานานแล้ว คุณอาจคิดถึงการแต่งงาน คุณอาจติดอยู่กับระเบียบพิธีการทางกฎหมาย ปัญหาอาจมาถึงและคุณอาจยึดติดกับวิธีการปัญหาแบบเก่า คุณจะต้องจัดการกับปัญหาด้วยใจที่เย็นและมีความอดทน </THE-HIEROPHANT-ONE >
<THE-LOVERS-ONE >ความรักล่องลอยอยู่ทุกหนแห่งเพื่อคุณ ในไม่ช้าคุณอาจได้รับเซอไพรส์ที่น่าดีใจในเรื่องความรัก คุณอาจต้องเลือกระหว่างหัวใจและความคิด คุณมีแนวโน้มที่จะทำตามหัวใจมากกว่าความคิดและความเสี่ยงนั้นจะคุ้มค่า คุณอาจถูกล่อลวงซึ่งอาจนำไปสู่ความไม่ซื่อสัตย์ ซึ่งควรหลีกเลี่ยง ความสัมพันธ์ทางอารมณ์ของคุณจะแข็งแกร่งขึ้น </THE-LOVERS-ONE >
<THE-CHARIOT-ONE >คุณกำลังดิ้นรนเพื่อบรรลุสิ่งที่คุณปรารถนา อาจมีการเปลี่ยนแปลงหรือการเดินทางเกิดขึ้น คุณอาจต้องเผชิญกับอุปสรรคในอาชีพการงานหรือชีวิตส่วนตัวของคุณ คุณอาจถูกคนอื่นที่เห็นแก่ตัวรังควาน อาจต้องควบคุมอารมณ์และสถานการณ์ แต่ในที่สุดคุณจะได้รับชัยชนะ </THE-CHARIOT-ONE >
<JUSTICE-ONE >ถึงเวลาที่จะนำความสมดุลในสิ่งที่คุณทำ อาจมีนิสัยหรือกิจกรรมบางอย่างที่เกิดขึ้นมากกว่าหรือน้อยกว่าที่จำเป็นในชีวิตของคุณ คุณต้องควบคุมมัน คุณต้องใช้ความพยายามที่จะกลับสู่สภาวะปกติโดยการสร้างสมดุลในทุกด้านของชีวิต คุณจะต้องเป็นกลางในการตกลงหรือความร่วมมือในอนาคตอันใกล้ หากมีสิ่งใดที่คุณรู้ว่าคุณกำลังทำผิด แก้ไขมันก่อนที่จะมันจะอันตราย </JUSTICE-ONE >
<THE-HERMIT-ONE >หยุดพักและพยายามจัดระเบียบและวิเคราะห์สิ่งต่าง ๆ คุณอาจจะรู้สึกหมดความอดทนกับสิ่งที่เกิดขึ้นรอบตัวคุณ อย่ารีบตัดสินใจและมันจะดีกว่าถ้าได้รับคำแนะนำจากคนที่อาวุโสกว่าและเชื่อถือได้ก่อนที่จะทำการตัดสินใจที่สำคัญในอนาคตอันใกล้ พักจากตารางานของคุณแล้วลองค้นหาความสงบและการเข้าใจในตนเอง </THE-HERMIT-ONE >
<WHEEL-OF-FORTUNE-ONE >ในไม่ช้าคุณจะได้พบกับช่วงที่ดีที่สุดในชีวิตช่วงหนึ่งของคุณ โชคจะอยู่ข้างคุณและคุณจะได้รับผลไม้สำหรับความพยายามของคุณ จะมีการเปลี่ยนแปลงบางอย่างเกิดขึ้นและชีวิตของคุณจะก้าวไปสู่ความเป็นผู้ใหญ่ มีโอกาสที่คุณจะได้รับทุกอย่างที่คุณรอ ปัญหาของคุณจะจบลงและความสุขจะมามากมาย ความฝันของคุณกำลังจะสำเร็จ </WHEEL-OF-FORTUNE-ONE >
<STRENGTH-ONE >คุณจะพบว่าคุณได้รับความแข็งแกร่งและศักยภาพในการรับมือกับสถานการณ์ที่เลวร้าย ทั้งทางร่างกายและจิตใจ ไพ่ใบนี้บ่งบอกว่าเป็นเวลาที่ดีที่จะเลิกจากนิสัยที่ไม่ดี ซึ่งคุณพยายามจะเลิกมาเป็นเวลานานแล้ว คุณจะได้รับความสำเร็จในสิ่งที่คุณดิ้นรนทำมา เช่น ความสัมพันธ์ อาชีพ สุขภาพ อื่น ๆ ด้วยพลังใจและความฉลาดของคุณคุณสามารถผ่านการทดลองและความยากลำบากในชีวิตของคุณได้ </STRENGTH-ONE >
<THE-HANGED-MAN-ONE >คุณอาจต้องเสียสละบางสิ่งบางอย่างหรือทิ้งบางคนเพื่อให้บรรลุสิ่งที่ดีกว่า อาจมีสุขภาพไม่ดี ความล้มเหลวหรือความตึงเครียด จัดการกับปัญหาดังด้วยความสงบและความเพียร สถานการณ์ไม่พึงประสงค์อาจทำให้กำลังใจอ่อนแอและอารมณ์เสีย ขอแนะนำว่าคุณควรมีไหวพริบและใช้เวลานี้เพื่อให้สถานการณ์ชัดเจน </THE-HANGED-MAN-ONE >
<DEATH-ONE >ไพ่ใบนี้บ่งบอกถึงการเปลี่ยนแปลงในชีวิตครั้งใหญ่ที่สำคัญหรือน่าตกใจ ตามชื่อของไพ่ มันบ่งบอกว่ามันหมายถึงความตาย แต่เฉพาะในสถานการณ์ เช่น อายุถึงวัยหรือสุขภาพไม่ดีมาก คุณอาจรู้สึกเศร้า ว่างเปล่าหรือหดหู่ แต่ช่วงเวลานี้จะช่วยให้คุณตระหนักถึงการเปลี่ยนแปลงที่จำเป็นที่ต้องทำในชีวิตเพื่อก้าวต่อไป เข้มแข็งพอที่จะยอมรับการเปลี่ยนแปลงเหล่านี้เพื่อที่คุณจะได้ผ่านช่วงนี้ไปได้ </DEATH-ONE >
<TEMPERANCE-ONE >คุณอาจจะสับสนกับทางเลือก ที่เข้ามาในชีวิตคุณ คุณอาจต้องเลือกระหว่างสิ่งที่ตรงกันข้ามและคุณจะต้องพยายามหาวิธีสร้างความสมดุลให้กับทั้งสองสิ่งเพื่อความสะดวกสบายและความสงบ คุณต้องให้เวลาและทดลองซักเล็กน้อยเพื่อหาทางออกที่ดีที่สุด คุณต้องชั่งน้ำหนักตัวเลือกของคุณให้ถูกต้องเพื่อผสมให้เข้ากับอีกด้านหนึ่งเพื่อให้เกิดความสงบ คุณจะพบวิธีที่จะสร้างความสามัคคี </TEMPERANCE-ONE >
<THE-DEVIL-ONE >คุณจะหลงไปกับความรู้สึกของความปรารถนา ความโลภ ความทะเยอทะยานหรือการเสพติด คุณจะต้องการพลังในการควบคุมสิ่งต่าง ๆ และดึงดูดความสะดวกสบายในชีวิต การขาดการควบคุมตนเองสามารถนำไปสู่สถานการณ์อันตรายและซับซ้อน ไม่ว่าคุณจะทำอะไรก็ตามมันจะสุดขั้วซึ่งจะทำให้คุณรู้สึกมีพลัง แต่ในเวลาเดียวกันมันอันตราย คุณจะต้องระมัดระวังเพราะไพ่ใบนี้ให้คำเตือนถึงขั้นตอนการทำลายล้างที่คุณอาจทำ </THE-DEVIL-ONE >
<THE-TOWER-ONE >เวลาในอนาคตอันใกล้อาจเป็นหนึ่งในปัญหาที่คุณอาจเคยเห็นมาก่อน คุณอาจเผชิญกับการเปลี่ยนแปลงที่ไม่พึงประสงค์และฉับพลัน ความทุกข์บางอย่างอาจเกิดจากสาเหตุที่คาดไม่ถึงและคุณอาจต้องเผชิญความโดดเดี่ยวหรือความเหงาเล็กน้อย แต่การเปลี่ยนแปลงนี้อาจบังคับให้คุณเห็นทิศทางใหม่ในชีวิต ซึ่งอาจเป็นประโยชน์ในระยะยาว มันไม่ใช่การเดินทางที่สบาย แต่มันก็เพื่อสิ่งที่ดีที่สุดเพราะมันจะสอนคุณหลายอย่างสำหรับอนาคต </THE-TOWER-ONE >
<THE-STAR-ONE >ตอนนี้คุณมีแนวโน้มไปทางจิตวิญญาณมากขึ้นและต้องการหาความสงบสุขและความสามัคคีในชีวิตของคุณ นี่จะเป็นเวลาสำหรับการรักษาและก่อให้เกิดความหวังใหม่ในชีวิตส่วนตัวและอาชีพการงาน มันเป็นลางดีที่จะเริ่มความสัมพันธ์ใหม่หรือพัฒนาความสัมพันธ์ที่มีอยู่ไปอีกขั้น ความรู้เกี่ยวกับสิ่งต่าง ๆ จะได้รับการปรับปรุงและนี่จะเป็นช่วงเวลาที่ดีในการดื่มด่ำกับการแสวงหาความรู้ทางศิลปะ </THE-STAR-ONE >
<THE-MOON-ONE >คุณอาจรู้สึกอยากท่องเที่ยวในโลกแห่งจินตนาการและความคิดสร้างสรรค์ คุณอาจพบความลับที่ซ่อนเร้นและความลับดำมืดบางอย่างและอาจมุ่งสู่หายนะในด้านอารมณ์ คุณควรหลีกเลี่ยงยาเสพติดหรือแอลกอฮอล์หรือสารเสพติดใด ๆ ที่อาจเป็นอันตรายต่อสุขภาพของคุณ คุณอาจรู้สึกว่าติดอยู่ในโลกที่บ้าคลั่งและเร่ร่อนและจะต้องทำตามสัญชาตญาณของคุณอย่างดีที่สุดเพื่อพาคุณไปสู่เส้นทางที่ดีที่สุด โดยเฉพาะอย่างยิ่งเกี่ยวกับ ดนตรี ศิลปะ การเต้น การละคร อื่น ๆ </THE-MOON-ONE >
<THE-SUN-ONE >คุณจะรู้สึกมีพลังสูง อ่อนเยาว์และมีสติในการตัดสินใจที่ถูกต้องเพื่อรับความสำเร็จ ไพ่พระอาทิตย์นั่นคือความสดใหม่ ความกระตือรือร้นและบ่งบอกว่าทุกอย่างดูเหมือนจะสำเร็จไปได้ตามลำดับ ข่าวดีบางอย่างอาจกำลังมาถึง อาจมีวันหยุดในอนาคตอันใกล้ เวลามากขึ้นจะไปกับครอบครัวและเพื่อน ๆ ในอารมณ์ร่าเริงในอีกไม่กี่วัน ความสุขและความสงบสุขมีไว้เพื่อคุณในอีกไม่กี่วันข้างหน้า </THE-SUN-ONE >
<JUDGEMENT-ONE >ไพ่ใบนี้แสดงถึงโอกาสที่ไม่ควรละเลย นี่คือโอกาสที่คุณรอคอย เป็นถึงเวลาที่คุณจะได้รับรางวัลสำหรับความพยายามที่คุณทำไว้ในอดีต ลูกค้าใหม่กำลังมาหาคุณจะเปลี่ยนชีวิตคุณให้ดีที่สุด เนื่องจากการตัดสินต้องยุติธรรม คุณอาจต้องเผชิญกับความรุนแรงของความบาปในอดีต โดยรวมแล้วจะมีความสุขตอนจบในสิ่งที่คุณกำลังทำอยู่ </JUDGEMENT-ONE >
<THE-WORLD-ONE >นี่คือเวลาที่การต่อสู้ที่ยาวนานของคุณสิ้นสุดลงและคุณจะได้รับรางวัล ไพ่ใบนี้แสดงถึงการผ่อนคลายหลังจากความพยายามอันยาวนาน คุณจะสัมผัสกับมัน คุณจะได้รับสิ่งต่าง ๆ และผลลัพธ์ที่คุณปรารถนาและใฝ่ฝันมานาน คนที่คุณรักจะขอบคุณผลของการทำงานหนักของคุณ ช่วงเวลานี้จะเริ่มต้นความสำเร็จที่แข็งแกร่งและจะบ่งบอกถึงจุดเริ่มต้นใหม่</THE-WORLD-ONE >
</ROOT>
