<?xml version="1.0" encoding="utf-8" ?>
<ROOT>
<ACE-OF-CUPS-ONE >यह कार्ड बताता है कि आप नये उद्दयम में प्रवेश करने के लिये जोखिमों के बारे में बिना तनाव या परेशानी लिये के आप कुछ दिलेर कदम उठायेंगे और अंततः यह परियोजना आपको अपनी जरूरतें पूरा करने में सहायता करेगी। जोखिम उठाने के लिये यह बहुत अच्छा समय है क्योंकि आपको वित्तीय लाभ होगा। </ACE-OF-CUPS-ONE >
<TWO-OF-CUPS-ONE >किसी भी वित्तीय विवाद या वित्तीय समझौते में सहमति हो जायेगी और उन्हें तय कर दिया जायेगा और इससे आप चिंतामुक्त हो जायेंगे। व्यापार में आपका लाभ बढ़ सकता है या जल्दी ही आपको अपनी तनख्वाह में बढ़ोतरी मिल सकती है। </TWO-OF-CUPS-ONE >
<THREE-OF-CUPS-ONE > यह कार्ड बताता है कि आपकी आय का स्रोत स्थाई रहेगा और आपकी आय और खर्चे का उचित बंटवारा होगा। विभिन्न छोटे-छोटे स्रोतों से आपको अच्छा पैसा मिलेगा और आप संतुष्ट महसूस करेंगे। </THREE-OF-CUPS-ONE >
<FOUR-OF-CUPS-ONE >यह कार्ड दिखाता है कि यदि कोई वित्तीय अनियमिततायें हैं या कोई वित्तीय स्थिति है तो आप इसे चतुराई से निपटने की स्थिति में होंगे। आप बहुत अधिक चतुर होंगे और काम कराने में सक्षम होंगे विशेषतया पैसे इकट्ठा करने में या पैसे से संबंधित किसी भी कानूनी मुद्दे को तय करने में। </FOUR-OF-CUPS-ONE >
<FIVE-OF-CUPS-ONE >यह कार्ड दिखाता है कि अब आपको अपनी आय पर ध्यान देना होगा और अब आपकी मौद्रिक स्थिति थोड़ा अस्थिर लगेगी। आपको अपने खर्चों के लिये प्रत्येक कदम सावधानी से लेना होगा और केवल व्यवहारिक और दृढ दृष्टिकोण ही आपको इस स्थिति से निकलने में सहायता करेगा। </FIVE-OF-CUPS-ONE >
<SIX-OF-CUPS-ONE >यह कार्ड बताता है कि अब आपको अपनी आमदनी के बारे कुछ ज्यादा चिंता करने की जरूरत नहीं है। आपके खर्चे और आय नियंत्रण में रहेंगे और विभिन्न दिशाओं से पैसा आयेगा। आप अपनी आमदनी से संतुष्ट महसूस करेंगे और आपको कोई बड़ा ईनाम मिल सकता जो आपको सुखद रूप से आश्चर्यचकित कर देगा। </SIX-OF-CUPS-ONE >
<SEVEN-OF-CUPS-ONE>यह कार्ड बताता है कि खर्च करने के मामले में आपके पर कोई संकट आ सकता है लेकिन आप इसे हल कर लेंगे। कुछ ज्यादा चिंता करने लायक कोई बात नहीं होगी क्योंकि चीजों को जल्दी ही ठीक कर लिया जायेगा और यह भी संभावना है कि आप विभिन्न स्रोतों से थोड़ा लाभ प्राप्त करेंगे। </SEVEN-OF-CUPS-ONE >
<EIGHT-OF-CUPS-ONE >यह कार्ड बताता है कि आपको अपने खर्चे पर ध्यान देना होगा क्योंकि आपका सामना ऐसी स्थिति से हो सकता है जिसमें जिसमें खर्चों को घटाने की कोशिस के बावजूद आपके खर्चे बस बढ़ते ही जायेंगे। आप महसूस करेंगे कि खर्चा करने के लिये आपकी आय काफी नहीं है और यह आपको थोड़ा निराश और असंतुष्ट कर सकती है। </EIGHT-OF-CUPS-ONE >
<NINE-OF-CUPS-ONE >यह कार्ड बताता है कि धनलाभ में आपको थोड़ी असंतुष्टि का सामना करना पड़ेगा। आपको थोड़े दिनों में अपने कर्जदारों में से एक से कुछ पैसा प्राप्त होगा लेकिन रिश्तों में दरार के कारण पैसों पर कुछ बहसबाजी हो सकती है। लेकिन आप स्थिति से अच्छी तरह से निपट लेंगे और बातें सुलझ जायेंगी। </NINE-OF-CUPS-ONE >
<TEN-OF-CUPS-ONE >यह कार्ड बताता है कि आप अपने आप को खुला छोड़ देंगे और सामान्य से थोड़ा अधिक खर्चा करेंगे और थोड़ा अपने पोषण में संलिप्त होंगे। आप अपने प्रियजनों के लिये उपहार भी खरीदेगें और यह खर्चा आपको ज्यादा परेशान नहीं करेगा क्योंकि आपकी आय में सुधार होगा जिससे आप अपने परिवार और मित्रों के लिये थोड़ा खर्च कर सकेंगे। </TEN-OF-CUPS-ONE >
<PAGE-OF-CUPS-ONE >आप पदोन्नति की या किसी प्रकार के मूल्यांकन की उम्मीद करेंगे और इसकी जल्दी ही होने की संभावना है। आपके दरवाजे पर और भी अवसर जल्दी ही दस्तक देंगे, इसलिये ज्यादा चिंता करने का कोई कारण नहीं होगा। </PAGE-OF-CUPS-ONE >
<KNIGHT-OF-CUPS-ONE >यह कार्ड बताता है कि आपकी वित्तीय अवस्था के लिये अच्छा भाग्य आपके साथ है। आपको अपनी आय के संबंध में सुखद आश्चर्य प्राप्त होगा जैसे कि वेतन में वृद्धि, बढे हुये लाभ या किसी अप्रत्याशित स्रोत से बहुत अधिक धन। यदि आपका पैसा कहीं अटका हुआ था तो यह जल्दी आपको वापिस मिल जायेगा। </KNIGHT-OF-CUPS-ONE >
<QUEEN-OF-CUPS-ONE >यह कार्ड बताता है कि वित्तीय रूप से आप किसी भी समय कमजोर महसूस नहीं करेंगे। वित्तीय संकट में बहुत सारे लोग आपकी सहायता करने के लिये तैयार होंगे या फिर यदि आप निवेश के लिये कुछ मार्गदर्शन माँग रहे हैं तो आपको यह सही लोगों से प्राप्त होगा। कमीशन या किसी अन्य स्रोत से धन प्राप्त करने के लिये आपको कोई अधिक समस्यायें नहीं आयेंगी। </QUEEN-OF-CUPS-ONE >
<KING-OF-CUPS-ONE >यह कार्ड बताता है कि काम या नये उद्यम से आपकी आमदनी का कोई स्रोत होगा। यदि आप नये सौदे कर रहे या नये ठेके दस्तखत कर रहे हैं तो आपको कानूनी दस्तावेजों और सभी नियम एवँ शर्तों के बारे में सावधान रहना होगा क्योंकि कुछ ऐसे तत्व हो सकते हैं जो आपकी गतिविधियों पर नजर रख रहे हो सकते हैं। </KING-OF-CUPS-ONE >
<ACE-OF-PENTACLES-ONE >यह कार्ड बताता है कि आप पैसे के विभिन्न स्रोतों के लिये प्रार्थना करेंगे और इस बार भाग्य आपका साथ देगा और आपको आय का नया स्रोत मिलेगा। आप चिरस्थायी वित्तीय लक्ष्यों के बारे में सोच रहे होंगे और कुछ ख़ास योजनायें या उद्यम होंगे जो आपको प्राप्त हो सकते हैं। </ACE-OF-PENTACLES-ONE >
<TWO-OF-PENTACLES-ONE >यह कार्ड बताता है कि आप व्यापार, और व्यक्तिगत जीवन में भी, वित्तीय योजनायें बना रहे होंगे और आपको सम्बन्धित लोगों की स्वीकृति प्राप्त होगी। यदि कोई ऐसी संभावना है कि आप नये निवेश की योजना बना रहे हैं तो उसमें बहुत खर्चा होगा। आपको अपने खर्चे पर रोक लगानी होगी। </TWO-OF-PENTACLES-ONE >
<THREE-OF-PENTACLES-ONE >यह कार्ड बताता है कि आपके पास अप्रत्याशित स्रोतों से पैसे आयेंगे और आपके साथ अपने परिवार और सहयोगियों का समर्थन होगा। आप अतिरिक्त आय के स्रोत को खोजने का प्रयास भी करेंगे और इस खोज में एक रुकी हुई परियोजना या गतिविधि की शुरुआत कर सकते हैं या एक नई परियोजना की शुरुआत कर सकते हैं। </THREE-OF-PENTACLES-ONE >
<FOUR-OF-PENTACLES-ONE >यह कार्ड दिखाता है कि पैसे के हस्तांतरण में बहुत सी गतिविधियाँ होंगी। आपको बहुत सारी कागजी कार्यवाही करनी होगी जिसमें वित्तीय लाभ के लिये कुछ कानूनी औपचारिकतायें भी शामिल होंगी। आपकी आमदनी में स्थिरता आयेगी और अपने नियमित खर्चों के लिये आपके पास काफी पैसे होंगे। </FOUR-OF-PENTACLES-ONE >
<FIVE-OF-PENTACLES-ONE >यह कार्ड दिखाता है की आप अपने सुधार और पोषण पर खर्चा कर रहे हो सकते हैं। आपकी आमदनी ठीक-ठाक रहेगी जिस तरह आप अपने खर्चों को पूरा करने में सक्षम होंगे और जैसे-जैसे आप कई समस्याओं और रूकावटों के बावजूद तरक्की करेंगे, भाग्य भी आपका साथ देगा। </FIVE-OF-PENTACLES-ONE >
<SIX-OF-PENTACLES-ONE >यह कार्ड बताता है कि समय आपके लिये कुछ मुश्किल हो सकता है क्योंकि आपको कुछ समस्यायें हो सकती हैं। ऐसा हो सकता है कि आपके मित्र आपको महत्व न दें और आपके पैसे न लौटायें या फिर आपको किराया समय पर न मिले। इससे क्रोध आ सकता है और कुछ मानसिक अशांति हो सकती है और कुछ झगड़ों का संकेत भी है। यह सुझाव दिया जाता है कि ऐसी स्थिति में शांत रहें। </SIX-OF-PENTACLES-ONE >
<SEVEN-OF-PENTACLES-ONE >यह कार्ड दिखाता है कि पैसे के मामले में शुरु में चीजें कुछ अंधकारमय हो सकती हैं और धुंधली और अस्पष्ट लग सकती हैं। लेकिन जल्दी ही व्यापार या व्यक्तिगत कार्य के माध्यम से किसी नजदीकी की सहायता और मार्गदर्शन से आपको किसी प्रकार का वित्तीय लाभ होगा और यह आपमें एक नई उम्मीद जगायेगा। </SEVEN-OF-PENTACLES-ONE >
<EIGHT-OF-PENTACLES-ONE >यह कार्ड दिखाता है कि कुछ समय के लिये पैसे के दृष्टिकोण से आप भाग्यशाली रहेगें और पैसे के मामले में आपको कोई तनाव नहीं रहेगा। आपको पैसों का कुछ लाभ होगा या आप अंततः वह चीजें खरीदेगें जिन्हें आप चाहते थे। सुखी जीवन की कुंजी जो कुछ आपको प्राप्त होता है उसमें संतुष्ट रहने में है और आपके मामले में कुछ समय के लिये यह सच है। </EIGHT-OF-PENTACLES-ONE >
<NINE-OF-PENTACLES-ONE >यह कार्ड बताता है कि आपका भाग्य अब बहुत अच्छा रहेगा और पैसों के मामले में भी चीजें सही दीशा में जाती हुई लगेंगी। यदि आपको किसी प्रकार की वित्तीय मुश्किलें हो रही थी तो वह सुलट जायेंगी और कोई अच्छा समाचार भी जल्दी ही मिलेगा। </NINE-OF-PENTACLES-ONE >
<TEN-OF-PENTACLES-ONE >यह कार्ड दिखाता है कि आपकी आमदनी और खर्चे में उचित संतुलन रहेगा और आपको घर के विभिन्न बिलों को निपटाना पड़ेगा जिस पर आपका बहुत सा पैसा लगेगा। यदि आप कुछ खरीदने का या पैसों के बारे में किसी महत्वपूर्ण निर्णय लेने का इंतजार कर रहे थे तो आप इसे कर लेंगे। </TEN-OF-PENTACLES-ONE >
<PAGE-OF-PENTACLES-ONE >यह कार्ड दिखाता है आपकी वित्तीय स्थिति अब संतुलित रहेगी लेकिन कभीकभार आप महसूस कर सकते हैं कि आपके पास अपर्याप्त पैसे हैं। स्थिति और भी ख़राब हो सकती है जिससे तगड़ी प्रतिक्रियायें हो सकती हैं। आपको शान्त रहने की जरूरत है क्योंकि यह कार्ड सुझाता है कि जल्दी ही आगे अच्छा समय आ रहा है। </PAGE-OF-PENTACLES-ONE >
<KNIGHT-OF-PENTACLES-ONE >यह कार्ड सुझाता है कि आपकी वित्तीय अवस्था के साथ ज्यादा समस्यायें नहीं होंगी। यद्दपि कुछ ऐसे पक्ष होंगे जो पैसा लौटाना नहीं चाहेंगे और यह चिंता का विषय हो सकता है। ऐसा हो सकता है कि आप इस समय स्वयं पर आश्वस्त न हों लेकिन जल्दी ही आपके लिये अच्छे भाग्य का समय आ रहा है। </KNIGHT-OF-PENTACLES-ONE >
<QUEEN-OF-PENTACLES-ONE >यह कार्ड बताता है कि यदि आपका पैसा किसी के पास रुका हुआ था या कहीं खो गया था तो इसकी अत्यधिक संभावना है कि यह सुलट जायेगा और चीजें सुलझ जायेंगी। आपको अपना पैसा वापिस मिल जायेगा और आप कुछ छोटे-मोटे वित्तीय फायदों या आय में बढ़ोतरी की उम्मीद भी कर सकते हैं। </QUEEN-OF-PENTACLES-ONE >
<KING-OF-PENTACLES-ONE >यह कार्ड बताता है कि आमदनी के संबंध शायद ही आपको कोई समस्या आयेगी। आपको कई लाभदायक अवसर प्राप्त होंगे लेकिन आपको उनकी पहचान सावधानी से करनी होगी। यह सुझाव दिया जाता है कि आप अपने लेन-देन अपने घर में या उसके आसपास ही करें क्योंकि यह आपके लिये भाग्यशाली साबित होगा। </KING-OF-PENTACLES-ONE >
<ACE-OF-SWORDS-ONE >यह कार्ड दिखाता है कि पैसे या आपकी आमदनी से सम्बन्धित मामले वैसे नहीं होंगे जैसी कि आप उम्मीद कर रहे थे। खर्चे को ले कर कुछ डर हो सकता है, विशेषतया अप्रत्याशित खर्चों को ले कर। आपकी आय स्थिर रहेगी लेकिन आपको अपनी आमदनी और खर्चों में संतुलन लाने के लिये बहुत मेहनत करनी पड़ेगी। </ACE-OF-SWORDS-ONE >
<TWO-OF-SWORDS-ONE >यह कार्ड दिखाता है कि आपकी आमदनी ठीक रहेगी और इसके बारे कोई ज्यादा चिंता करने की आवश्यकता नहीं होगी। यद्दपि नये उद्दयम या बंधन के बारे चिंता का कोई मुद्दा हो सकता है, कुछ चीजें आपके दिमाग में दौड़ रही होंगी और आपको दृढ निश्चय लेने के बारे में संदेह होगा। </TWO-OF-SWORDS-ONE >
<THREE-OF-SWORDS-ONE >यह कार्ड बताता है कि आमदनी के बारे में अब आपका अच्छा समय आने वाला है और आपको निरंतर पैसा मिलेगा। आप अत्यधिक अप्रत्याशित स्रोतों से पैसे कमा सकते हैं या आपके पुराने उद्दयम लाभ बनाना शुरू कर देंगे। यदि आपके कुछ कर्जदार आपको पैसे नहीं लौटाना चाह रहे थे तो चीजें जल्दी ही सुलट जायेंगी। </THREE-OF-SWORDS-ONE >
<FOUR-OF-SWORDS-ONE >यह कार्ड यह बताता है कि आपके पैसे का प्रवाह थोड़ा रूक जायेगा। ऐसी स्थिति भी आ सकती है कि आपके व्यापारिक भागीदार से या कर्जदार से पैसों पर कोई बहसबाजी हो या पैसे मिलने में देरी के कारण थोड़ी निराशा हो। लेकिन यह उथलपुथल जल्दी ही खत्म समाप्त हो जायेगी क्योंकि थोड़े दिनों में आपकी आमदनी स्थिर हो जायेगी। </FOUR-OF-SWORDS-ONE >
<FIVE-OF-SWORDS-ONE >यह कार्ड बताता है कि आप आर्थिक रूप से संतुष्ट होंगे क्योंकि आपकी आय और खर्चे संतुलित रहेंगे और आप विभिन्न स्रोतों से भी पैसे कमायेंगे। लेकिन आमदनी के बारे में आप सचेत रहेंगे। यह सुझाव दिया जाता है कि आप अपनी आमदनी के बारे बहुत ज्यादा चिंता न करें और कुछ देर के लिये इसको छोड़ दें। </FIVE-OF-SWORDS-ONE >
<SIX-OF-SWORDS-ONE >यह कार्ड बताता है कि पैसा कमाने और खर्चों पर नजर रखने के लिये आपके लिये मुश्किल समय आ सकता है क्योंकि ऐसा लग सकता है कि पैसे के मामले में भाग्य आपके विरुद्ध हो गया है। लेकिन जल्दी ही समय बदलेगा और भाग्य के कारण आप कुछ ज्यादा किये बिना काफी पैसे कमायेंगे और आप इससे आनंदित होंगे। </SIX-OF-SWORDS-ONE >
<SEVEN-OF-SWORDS-ONE >यह कार्ड बताता है कि आप थोड़ा घबराये हुये या क्रोधित महसूस करेंगे क्योंकि आपको कुछ अवांछित निर्णय लेने पड़ सकते हैं लेकिन आप अपनी चिंता को पीछे छोड़ सकते हैं क्योंकि इस बात कि अत्यधिक संभावना है कि आप चीजों को जल्दी ही सुलटा लेंगे। यह भी संभावना है कि पैसों का कुछ लाभ भी आपको मिल सकता है या आप जल्दी ही कुछ जीतेंगे। </SEVEN-OF-SWORDS-ONE >
<EIGHT-OF-SWORDS-ONE >यह कार्ड दर्शाता है कि आप ऐसा महसूस करेंगे कि आपकी आय स्थिर हो गई है और आपको आशा के अनुसार समीक्षा प्राप्त हो रही है। आप थोड़ा और पैसा कमाने के लिये विकल्प खोजने की कोशिश करेंगे ताकि आप अपनी जरूरतें पूरी कर सकें। यह संकेत मिल रहा है आप ऐसा करने में सफल होंगे और अंततः आपको समझौते नहीं करने पड़ेंगे। </EIGHT-OF-SWORDS-ONE >
<NINE-OF-SWORDS-ONE >यह कार्ड इस बात का संकेत दे रहा है कि वित्तीय मामलों में यह आपके जीवन का सबसे उत्तम समय होने जा रहा है। आप अपने नियमित काम से अच्छा कमायेंगे और आपको वेतन में वृद्धि भी मिल सकती है। कुछ नये व्यापारिक सौदे हो सकते हैं जो बहुत ही लाभदायक होंगे या आपको अच्छा पैसा कमाने के लिये कोई समानांतर रास्ता मिलेगा। </NINE-OF-SWORDS-ONE >
<TEN-OF-SWORDS-ONE >यह कार्ड दर्शाता है कि यदि इस समय आप किन्ही वित्तीय समस्याओं से निपट रहे हैं तो वह जल्दी ही सुलझ जायेंगी। यह भी संभावनायें है कि किसी प्रकार का वित्तीय लाभ या किसी पुराने उद्दम से कोई विशेष फायदे या कोई समीक्षा जिससे आप ख़ुशी से उन्मत हो जायेंगे आपको हैरत में डाल सकता है। </TEN-OF-SWORDS-ONE >
<PAGE-OF-SWORDS-ONE >यह कार्ड बताता है कि आपकी आमदनी के बारे में कुछ ऐसा होगा जो निरंतर आपको परेशान करता रहेगा। आप अपनी वित्तीय अवस्था के बारे में डरा हुआ महसूस करेंगे और अपने खर्चों को कम करने की कोशिश करेंगे। लेकिन ऐसा लग सकता है कि यह समस्या कभी न खत्म होने वाली है क्योंकि यह पहली मीटिंग के दौरान हल नहीं होगी। </PAGE-OF-SWORDS-ONE >
<KNIGHT-OF-SWORDS-ONE >यह कार्ड दर्शाता है कि आपके दोस्तों या नजदीकी व्यक्तियों में से कोई आपको नई भागीदारी का प्रस्ताव देगा या किसी नये उद्दम में भाग लेने के लिये कहेगा। वह बहुत ही अधिक सहायक सिद्ध होंगे क्योंकि इसके बदले में वह कुछ नहीं माँगेगे और आप उनकी इस बात से संतुष्ट महसूस करेंगे। </KNIGHT-OF-SWORDS-ONE >
<QUEEN-OF-SWORDS-ONE >यह कार्ड बताता है आपको पैसों के मामले से किसी से घोखा मिल सकता है। कोई ऐसा व्यक्ति हो सकता है जिसने आपसे पैसे उधार लिये हों और वापिस आने का इच्छुक न हो जैसे कि किराये, बिलों या माल में देरी करे। आप इससे उत्तेजित हो सकते हैं और इससे बहसबाजी या झगड़ा हो सकता है। </QUEEN-OF-SWORDS-ONE >
<KING-OF-SWORDS-ONE >यह कार्ड सुझाता है कि आपको आराम करने की जरूरत है और आप आमदनी के बारे में ज्यादा सोचना बंद कर दें। आपकी आय स्थिर रहेगी परन्तु फिर भी परिवार और आपके आसपास किसी अप्रिय स्थिति के कारण दबाव रहेंगे जिनसे हो सकता है कि आप बच न पायें। </KING-OF-SWORDS-ONE >
<ACE-OF-WANDS-ONE >यह कार्ड दर्शाता है कि आपको कुछ वित्तीय लाभ होने की संभावना है। इस लाभ का सम्बन्ध आपके कौशल से होगा। यदि आप अपने काम की नुमाईश लगाने की योजना बना रहे हैं या अपने व्यापार में किसी विशिष्ट अवधारणा को ले कर आयें हैं तो इसके क्रियान्वयन का यह उचित समय है। </ACE-OF-WANDS-ONE >
<TWO-OF-WANDS-ONE >यह कार्ड दर्शाता है कि यदि आपके कोई वित्तीय विवाद थे या आप किन्ही वित्तीय समझौतों के बारे में विचार कर रहे थे तो उन पर अंततः सहमति हो जायेगी और वह तय हो जायेंगे और इससे आप चिंतामुक्त महसूस करेंगे। ऐसी संभावनायें है कि आपके व्यापार में आपका लाभ बढ़ जाये या फिर आपको जल्दी ही वेतन में कोई वृद्धि मिल सकती है। </TWO-OF-WANDS-ONE >
<THREE-OF-WANDS-ONE >यह कार्ड यह सुझाव दे रहा है कि आप अपने मित्रों और सहयोगियों के सम्पर्क में रहें क्योंकि इस समय वित्तीय सहायता के लिये वह बहुत मददगार सिद्ध हो सकते हैं। आपका व्यापार या काम पनपना शुरू हो जायेगा जिससे आपको आशा से अधिक लाभ होगा। कोई व्यापारिक सौदा सुलट जायेगा जो आपको अतिरिक्त फायदा पहुँचायेगा जिसका आप उत्सुकतापूर्वक इंतजार कर रहे थे। </THREE-OF-WANDS-ONE >
<FOUR-OF-WANDS-ONE >यह कार्ड बताता है कि आपकी आमदनी अब स्थिर रहेगी और आपको विभिन्न स्रोतों से पैसे प्राप्त होंगे। आपको अपने वित्तीय सौदों को पारित कराने में कोई दिक्कत नहीं होगी क्योंकि आपका काम अब आसान होगा और आप पहले से बहुत अच्छा करेंगे। </FOUR-OF-WANDS-ONE >
<FIVE-OF-WANDS-ONE >यह कार्ड दर्शाता है कि अब पैसे के मामले में आप भाग्यशाली रहेंगे। यदि आपके सम्पत्ति या निवेश से सम्बन्धित किसी प्रकार के वित्तीय विवाद हैं तो इस बात कि अत्यधिक संभावना है कि आपका हाथ ऊपर रहेगा। आप अपनी आमदनी को ढंग से संभालेंगे और इससे आपको अपने परिवार की आशाओं को पूरा करने के लिये बचत करने में मदद मिलेगी। </FIVE-OF-WANDS-ONE >
<SIX-OF-WANDS-ONE >यह कार्ड बताता है कि आपके पैसों के किसी के पास या कहीं पर रुके होने के कुछ मुद्दे विद्द्यमान रहेंगे। इससे आप बहुत बुरी तरह परेशान हो सकते हैं और ऐसा समय भी हो सकता है जब आप बिना एहसास किये कंजूसी बरतें। लेकिन यह मुश्किल समय जल्दी ही गुजर जायेगा और आपके पैसों का मामला हल हो जायेगा। </SIX-OF-WANDS-ONE >
<SEVEN-OF-WANDS-ONE >यह कार्ड यह सुझाव दे रहा है कि यदि आपके पैसों के बारे में कोई मुश्किलें या रुकावटें होंगी तो वह जल्दी ही सुलट जायेंगी। आप आपनी बचत योजनाओं के और पैसों को चतुरता से संभालने के फायदे प्राप्त करेंगे जिससे आप संतुष्ट और खुश महसूस करेंगे और यह आपको थोड़े भोग-विलास की ओर भी ले सकता है, लेकिन आप इसके हक़दार हैं! </SEVEN-OF-WANDS-ONE >
<EIGHT-OF-WANDS-ONE >यह कार्ड बताता है कि जल्दी ही चीजें बेहतर होंगी। आपकी वित्तीय अवस्था आपकी आशा से अधिक पनपेगी क्योंकि आप अपनी कम्पनी में नये लाभदायक सौदे करने में सफल होंगे जिससे आपको प्रशंसा भी मिलेगी और निकट भविष्य में बहुत सारी मीटिंगों में उपस्थित रहना पड़ेगा और लाभ कमाने के अवसर होंगे। </EIGHT-OF-WANDS-ONE >
<NINE-OF-WANDS-ONE >यह कार्ड दर्शाता है कि आपकी वित्तीय स्थिति अब लगभग संतुलित होगी क्योंकि आपको थोड़े दिनों में लाभ और नुकसान दोनों ही होंगे। लेकिन चिंता का कोई कारण नहीं होगा क्योंकि आप संतुष्ट रहने के लिये और अपने रोजाना के खर्चों के लिये थोड़ा-थोड़ा कमाते रहेंगे और आप आय नये स्रोत ढूँढने में कामयाब होंगे। </NINE-OF-WANDS-ONE >
<TEN-OF-WANDS-ONE >यह कार्ड बताता है कि आप अपने पैसों के लेन-देन के बारे में थोड़ा संशय में रहेंगे क्योंकि आपके अपने ग्राहक या बॉस के साथ कुछ झगड़े हो सकते हैं जिससे मुसीबत आ सकती है। आय के कुछ और स्रोतों को ढूँढने के लिये आप इन तकलीफदेह स्थितियों से परे देखेंगे लेकिन आपने जो सोचा था यह उससे अधिक कठिन साबित होगा। </TEN-OF-WANDS-ONE >
<PAGE-OF-WANDS-ONE >यह कार्ड दर्शाता है कि आपके काम के कुछ हिस्सों से तो लाभ प्राप्त होगा परन्तु कुछ भाग लगातार कमजोर ही रहेंगे। बैंकों के साथ लेन-देन में या वित्त सम्बन्धी कानूनी दस्तावेजों में कुछ मुद्दे भी हो सकते हैं। </PAGE-OF-WANDS-ONE >
<KNIGHT-OF-WANDS-ONE >किसी अप्रत्याशित स्रोत से पैसे मिलेंगे लेकिन यह कोई बहुत बड़ी राशि नहीं होगी। अपने कर्जदारों से पैसे एकत्रित करने का काम थोड़ा भागदौड़ वाला हो जायेगा और हो सकता है कि आपको वह न मिले जिसकी आप वास्तव में उम्मीद कर रहे थे जिसके कारण कुछ बहसबाजी और निराशा हो सकती है। </KNIGHT-OF-WANDS-ONE >
<QUEEN-OF-WANDS-ONE >आप ठाटबाट से रहने के मूड में हो सकते हैं और जितने की आप उम्मीद कर रहे थे उससे अधिक लगा सकते हैं और आपका क्रेडिट कार्ड आपको सदमा पहुँचा सकता है। इससे आप थोड़ी देर के लिये परेशान हो सकते हैं और आप इस स्थिति के विकल्पों के बारे में सोचेगें। परन्तु आपका निर्णय जीवन में आगे चल कर वास्तव में लाभकारी सिद्ध होगा। </QUEEN-OF-WANDS-ONE >
<KING-OF-WANDS-ONE >यह कार्ड बताता है आप अपने सामान्य काम से पैसा कमायेंगे लेकिन दूसरे स्रोतों से सबसे उत्तम सौदे प्राप्त करने की कोशिश करेंगे। लेकिन बाजार बहुत अधिक माँग करेगा और यदि आपका अपना व्यापार है तो नये सम्पर्कों और परियोजनाओं को प्राप्त करने के लिये थोड़ा संघर्ष मरना पड़ेगा। जो लोग नौकरी करते हैं, उनको किसी कड़ी प्रतिस्पर्धा का सामना करना पड़ सकता है। </KING-OF-WANDS-ONE >
<THE-MAGICIAN-ONE >यह कार्ड आपके जीवन में नये व्यापार, और वित्तीय सौदे भी, की नई शुरुआत इंगित कर रहा है। आप आश्वस्त रह सकते हैं कि आपके वित्तीय उद्दम सफल होंगे क्योंकि आने वाला समय समृद्धि और सफलता दिखा रहा है जहाँ तक नये व्यापार और दूसरे सौदों का सम्बन्ध है। </THE-MAGICIAN-ONE >
<THE-HIGH-PRIESTESS-ONE >यह कार्ड दिखाता है कि आपको थोड़े समय के लिये चीजों को रोक कर रखना होगा। आपको अपनी आमदनी से संबंधित कोई पार्सल या कोई मेल या किसी चीज के आने की उम्मीद होगी। यह आपकी उम्मीद से ज्यादा समय ले सकता है लेकिन अंततः आप लम्बे इंतजार का लाभ उठायेंगे। </THE-HIGH-PRIESTESS-ONE >
<THE-EMPRESS-ONE >यह कार्ड बताता है कि आपको अपने वित्तीय सौदों के लिये थोड़ा और व्यवस्थित होना होगा और इस बारे में सावधानी बरतनी होगी कि आप अपने व्यापारिक भागीदार या सहयोगी से क्या जानकारी सांझा करते हैं। लेकिन आप तनावमुक्त हो सकते हैं क्योंकि आपसे वादा की गई राशि रास्ते में है और जल्दी ही वह आपके पास आ जायेगी। </THE-EMPRESS-ONE >
<THE-EMPEROR-ONE >यह कार्ड दिखा रहा है कि यदि आपका पैसा या कोई वित्तीय दस्तावेज फंसे हुये हैं तो वह जल्दी ही सुलझ जायेंगे। अब आपके पास ख़ुशी मनाने का कारण होगा क्योंकि आपको अपने वेतन में वृद्धि या किसी प्रकार का वित्तीय लाभ मिलेगा जो आपको थोड़ा आनंद लूटने के लिये उकसायेगा लेकिन आपको स्वयं को दोषी नहीं महसूस करना चाहिये। </THE-EMPEROR-ONE >
<THE-HIEROPHANT-ONE >यह कार्ड यह सुझाव दे रहा है कि आपको आपनी आय और खर्चे में थोड़ा संतुलन लाना होगा और आपको अपने खर्चे पर नजर रखनी होगी। आपको अपने कर्जदारों से कुछ पैसे वापस लेने में थोड़ी दिक्कत होगी। यद्दपि आप चिंतित होंगे, वित्तीय रूप से चीजें आसानी से चलेंगी। </THE-HIEROPHANT-ONE >
<THE-LOVERS-ONE >यह कार्ड बताता है कि पैसों का अच्छा प्रवाह होगा क्योंकि आपको पदोन्नति, अतिरिक्त बोनस और अन्य लाभ मिल सकते हैं। यह आपको वित्तीय स्थिरता बनाये रखने में सहायता करेगा और आपको अब कमी के बारे में कोई चिंता नहीं करनी होगी। कुछ पैसे भी उडाये जायेंगे क्योंकि जल्दी ही आपको ख़ुशी मनाने का कारण मिलेगा। </THE-LOVERS-ONE >
<THE-CHARIOT-ONE>आप तनावग्रस्त हो जायेंगे क्योंकि आपके पैसे लोगों के पास और दूसरे लेन-देन में फँस जायेगा और उन्हें वापस लेना मुश्किल होगा। इससे कुछ कानूनी मामले भी हो सकते हैं जो और भी निराशायुक्त होंगे। लेकिन अंत में चीजें सुगम हो जायेंगी क्योंकि आपकी मेहनत से आपके पास दूसरे स्रोतों से पैसा आयेगा। </THE-CHARIOT-ONE >
<STRENGTH-ONE >यह कार्ड यह बताता है कि जहाँ तक वित्तीय सौदों का प्रश्न है आप अब ज्यादा व्यवहारिक रूप से सोचेंगे। कर्जदारों से पैसे वसूलने का, जिसे उन्होंने पहले देना था परन्तु कई कारणों से इसमें देरी हो गई थी, यह बहुत अच्छा समय है। आप अपने सभी वित्तीय दस्तावेजों को व्यवस्थित करेंगे जो आपको समस्या के समय बहुत अधिक सहायता करेगा। </STRENGTH-ONE >
<THE-HERMIT-ONE >यह कार्ड दिखा रहा है कि आपको अप्रत्याशित आय या बोनस मिलेगा। यह आपको स्तंभित और सुखद रूप से खुश कर देगा और इस वजह से आप थोड़ा भोग-विलास में लिप्त हो सकते हैं या अपने दोस्तों और परिवार के साथ ख़ुशी भी मना सकते हैं। जब आपको अपने कर्जदारों से पैसे वापस मिलते हैं तो आप अपने प्रियजनों के साथ कहीं छुट्टियों पर घूमने की योजना भी बना सकते हैं। </THE-HERMIT-ONE >
<WHEEL-OF-FORTUNE-ONE >यह कार्ड बता रहा है कि व्यापार में आपको पर्याप्त रूप से लाभ न होने के कारण आप चिंतातुर हो सकते हैं और कुछ ऐसे बचाव के रास्ते हैं जिन्हें आपने पहले नहीं देखा। किसी प्रिय से कुछ मार्गदर्शन और सहयता से आपको वित्तीय चिंताओं से मुक्त होने में सहायता मिलेगी। </WHEEL-OF-FORTUNE-ONE >
<JUSTICE-ONE >यह कार्ड दिखा रहा है कि यह समय आपके लिये वित्तीय रूप से मुश्किल होने जा रहा है। आप देखेंगे कि आपका व्यापार अच्छा नहीं चल रहा है या दूसरे स्रोतों से आपकी आय किसी न किसी प्रकार से कम होती जा रही है। आपको कुछ मुश्किल समय का सामना करना पड़ सकता है लेकिन आश्वस्त रहें कि आर्थिक रूप से अच्छा समय जल्दी ही आयेगा। </JUSTICE-ONE >
<THE-HANGED-MAN-ONE >यह कार्ड बताता है कि आपको कुछ आर्थिक नुकसानों का सामना करना पड़ सकता है यद्दपि बहुत छोटे से क्योंकि ऐसा हो सकता है कि किसी ने आपसे बेईमानी की हो या अपने फायदे के लिये आपको बहकाया हो। परन्तु आपको इसका जल्दी ही एहसास हो जायेगा और आप अपने हक को वापस लेने के लिये जरूरी कार्यवाही करेंगे। </THE-HANGED-MAN-ONE >
<DEATH-ONE >यह कार्ड दर्शा रहा है कि इस समय पैसे के मामले में आपको कुछ तनाव होगा। यह संभावना हो सकती है कि आपने हाल ही में बहुत भयंकर आर्थिक धक्का खाया हो या किसी ने, जिसने आपको बहुत बड़ी रकम लौटानी थी, भाग गया हो। इस स्थिति के कारण आप होशियार रहेंगे और आप किसी भी बात का मुकाबला करने के लिये तैयार रहेंगे। </DEATH-ONE >
<TEMPERANCE-ONE >यह कार्ड बताता है कि आपका पैसा आता-जाता रहेगा। यह एक रोलर कोस्टर की सवारी की तरह होगा जहाँ एक समय पर तो आपके पास पैसे होंगे जबकि दूसरे वक्त आपके पास पैसे नहीं होंगे। शुरुआत में थोड़ी अव्यवस्था होगी लेकिन आपके व्यापार से आपको पर्याप्त लाभ होगा और आप संतुष्ट रहेंगे। </TEMPERANCE-ONE >
<THE-DEVIL-ONE >यह कार्ड दिखा रहा है कि अब आपको पैसे के मामले में ढेर सारी आर्थिक परेशानियों से गुजरना पड़ेगा। यह कुछ दुर्भाग्यपूर्ण निर्णयों, कोई पारिवारिक स्वास्थय समस्या या अन्य कानूनी मामलों के कारण हो सकता है। यह कुछ देर तक चलता रहेगा लेकिन चीजें जल्दी ही सुधर जायेंगी। </THE-DEVIL-ONE >
<THE-TOWER-ONE >यह कार्ड बताता है कि अप्रत्याशित खर्चों के कारण आपको आर्थिक घाटे का सामना करना पड़ सकता है। ऐसा हो सकता है कि आपको व्यापार में अपेक्षित लाभ न हो रहा हो और यह बहुत चिंता की बात होगी। यह भी संभावना है कि आप अपने किसी प्रमुख ग्राहक या अत्यधिक लाभप्रद परियोजना को खो दें। </THE-TOWER-ONE >
<THE-STAR-ONE >आपको नई परियोजनायें और व्यापार के अवसर प्राप्त होंगे जिनसे पैसे का अच्छा प्रवाह होगा। ऐसी भी संभावना है कि आपको कोई आर्थिक लाभ हो क्योंकि आपका भविष्य समृद्धि के हिसाब से उज्ज्वल लग रहा है। यह सुझाव दिया जाता है कि खुशियाँ मनाने में आप जरूरत से ज्यादा लिप्त न हों क्योंकि ऐसा हो सकता है कि आपको यह एहसास ही न हो कि आप सीमा से बाहर चले गयें हैं। </THE-STAR-ONE >
<THE-MOON-ONE >यह कार्ड यह बताता है कि आमदनी के मामले में जिस तरीके से चीजें चल रही हैं आप थोड़े से नाखुश होंगे। कोई ऐसा व्यक्ति होगा जो आपका कर्ज लौटा सकता है लेकिन ब्याज देने से मना कर सकता है। आपको हरेक बात के लिये सहमत मान लिया जा सकता है लेकिन आपको मालूम होगा कि अपना रास्ता कैसे निकालना है। </THE-MOON-ONE >
<THE-SUN-ONE >यह कार्ड दिखा रहा है कि पैसों के स्थिर प्रवाह को सुलझा लिया जायेगा और नये अवसर आपके दरवाजे पर दस्तक देंगे। यदि बैंक में कोई मामला या ऋण का आवेदन अटका हुआ है तो यह संभावना है कि यह सुलझ जायेगा। आय के नये रास्ते भी खुल सकते हैं और जल्दी ही धन-संबंधी अच्छा समाचार मेल के द्वारा प्राप्त होगा। </THE-SUN-ONE >
<JUDGEMENT-ONE >यह कार्ड बताता है कि आपकी आमदनी के लिये यह अच्छा समय रहेगा। यदि कोई वित्तीय निर्णय पारित किया जा रहा है तो इसकी अत्यधिक संभावना है कि यह आपके पक्ष में होगा। डिविडेंड मिलने और कर्जों के भुगतान से आपको आर्थिक लाभ होगा और आपकी वित्तीय अवस्था जल्दी ही सुधर जायेगी। </JUDGEMENT-ONE >
<THE-WORLD-ONE>यह कार्ड यह सुझा रहा है कि आपको अत्यधिक अप्रत्याशित स्रोत से पैसे मिलने वाले हैं। जल्दी ही आपके दरवाजे पर मनी आर्डर दस्तक दे सकता है या आपको अपनी मेहनत का फल बोनस के रूप में मिल सकता है। विभिन्न स्रोतों से धन की छोटी-छोटी राशि आती रहेगी। </THE-WORLD-ONE >
<THE-FOOL-ONE >यह कार्ड बताता है कि यदि कहीं पर आपका पैसा अटका हुआ था तो वह जल्दी ही प्राप्त हो जायेगा। इस समयावधि में आप अपने परिवार या किसी नजदीकी के साथ नया व्यापार शुरू करेंगे या बहुत बड़ी धनराशि के निवेश का निर्णय लेंगे। यह आपके जीवन का बहुत महत्वपूर्ण निर्णय होगा, इसलिये यह सुझाव दिया जाता है कि कदम आगे बढ़ाने से पहले इसके फायदे और नुकसान तौल लें।</THE-FOOL-ONE >
    </ROOT>
