<?xml version="1.0" encoding="utf-8" ?>
<ROOT>
<ACE-OF-CUPS-ONE >यह कार्ड बताता है कि अब आप में संतुष्टि आ रही है और प्रेम, आनंद और रोमांस की भावनायें आपके दिमाग पर हावी हैं। इसकी अत्यधिक संभावना है कि आप किसी ऐसे के सम्पर्क में आयेंगे जो आपको पसंद करता है और यह एक रोमांटिक मुलाकात में बदल सकता है। यदि आप पहले ही किसी सम्बन्ध में हैं तो आप और आपका साथी शादी करने के बारे में सोच सकते हैं। </ACE-OF-CUPS-ONE >
<TWO-OF-CUPS-ONE >आप चाहते हैं कि आपका रोमांटिक जीवन व्यवस्थित हो जाये और आप और आपके साथी के बीच जो मुद्दे हैं उन्हें सुलझा लिया जाये। आप बैचेन महसूस कर रहे हैं और अपने साथी पर पूरा ध्यान नहीं दे पा रहे हैं और यह चीज आपको परेशान कर रही है जिससे आप और ज्यादा भ्रमित हो रहे हैं। आपको मजबूत बनना होगा और अपनी भावनाओं के बारे में कुछ सख्त निर्णय लेने होंगे। </TWO-OF-CUPS-ONE >
<THREE-OF-CUPS-ONE >यह कार्ड दिखाता है कि इस समय आप बहुत कमजोर महसूस कर रहे हैं और चाहते हैं कि कोई आपका ध्यान रखे। आप भी अपने साथी और अपने प्रियजनों की परवाह करेंगे और उनके प्रति संवेदना दर्शायेंगे। समय के साथ चीजें बहुत जल्दी आसान हो जायेंगी और आप देखेगें कि रोमांस आपके जीवन में बढ़ रहा है। </THREE-OF-CUPS-ONE >
<FOUR-OF-CUPS-ONE >यह कार्ड बताता ही अब आपमें एक साथी के लिये बहुत प्रबल इच्छा हो सकती है। यदि आप पहले से ही किसी सम्बन्ध में हैं, तो आप अपने-आप को अपने साथी के बहुत नजदीक महसूस करेंगे और यदि उससे कोई झगड़ा है तो उसे सुलटाना चाहेंगे। जब आप अपने साथी के साथ मुद्दों को सुलझाने की कोशिश करेंगे और एक खुश जोड़ी की तरह साथ होने की कोशिश करेंगे तो यह समय आपके लिये बहुत बैचेनी वाला हो सकता है। </FOUR-OF-CUPS-ONE >
<FIVE-OF-CUPS-ONE >आप इस समय बहुत भावुक महसूस कर रहे हैं और एक वास्तविक गंभीर सम्बन्ध चाहते हैं जिसमें एक-दूसरे को समझा जाये और उसमें सुख हो और यह आपका कोई मित्र भी हो सकता है। आपको अब यह एहसास हो रहा है कि केवल किसी रिश्ते को चलते रहने देने के लिये समझौता करना ठीक नहीं होगा क्योंकि अंततः यह घातक सिद्ध हो सकता है। </FIVE-OF-CUPS-ONE >
<SIX-OF-CUPS-ONE >यह कार्ड बताता है कि किसी ख़ास व्यक्ति की तरफ आकर्षित होने के बावजूद आपको कुछ शानदार अनुभव होंगे जो आपको विभिन्न दिशाओं में ले जायेंगे। आप अपने साथी के लिये खास चीजें करने की कोशिश कर रहे हैं लेकिन इस बारे में असुरक्षा है कि भविष्य में एक जोड़ी की तरह आपका भविष्य कैसा होगा। </SIX-OF-CUPS-ONE >
<SEVEN-OF-CUPS-ONE >आप अपनी भावनाओं के बारे में बहुत अनिश्चित महसूस कर रहे हैं और आप जिसे अपना साथी बनाना चाहते हैं उसकी तरफ जाने के लिये सही रास्ते की तलाश करेंगे। ढेर सारे काम के बोझ और कई दूसरी समस्याओं के कारण, आप अपने साथी को ज्यादा समय नहीं दे पायेंगे। अविवाहितों के लिये किसी से आकस्मिक भेंट लाभदायक रहेगी। </SEVEN-OF-CUPS-ONE >
<EIGHT-OF-CUPS-ONE >यह कार्ड बताता है कि आपको अपना सम्बन्ध अब काफी अरुचिकर महसूस हो सकता है और यह बात आपके और आपके साथी के बीच संबंध को मजबूत बनने से रोकेगी। आपके सम्बन्ध को तनावों और अनिश्चितताओं में से गुजरना पड़ सकता है और इससे परेशानी होगी और कुछ कटु शब्द भी एक-दूसरे से कहे जा सकते हैं। आप एक ऐसे सम्बन्ध को, जो बहुत दर्दनाक हो गया था, समाप्त करने के बारे में निर्णय भी ले सकते हैं। </EIGHT-OF-CUPS-ONE >
<NINE-OF-CUPS-ONE >आप अपने सम्बन्ध के बारे में अब बहुत बढ़िया चीजों के बारे में तरस रहे हैं और यह किसी ऐसे के साथ हो सकता है जिसने आपके जीवन में हाल ही में प्रवेश किया है। आप चाहते हैं कि आप दोनों के बीच की बातें रुचिकर हों लेकिन किसी दूसरे तरीके से। आप अपनी भागीदारी पर पुनर्विचार कर रहे हैं और यद्दपि आप आगे बढ़ना चाहते हैं, इसमें कुछ खतरों से आप सावधान रहेंगे। </NINE-OF-CUPS-ONE >
<TEN-OF-CUPS-ONE >यह कार्ड दिखा रहा है कि आप अब एक अधिक आनंदप्रद और संतोषप्रद सम्बन्ध की खोज में हैं और आपको अपने साथी से पूरे समर्थन की आशा है। विचारों का कुछ भावनात्मक टकराव होगा जो आपको तनावग्रस्त करेगा। आपके नये जीवन में किसी के साथ भावुक रोमांस होगा। शादी होने की भी संभावना है। </TEN-OF-CUPS-ONE >
<PAGE-OF-CUPS-ONE >आप चाहते हैं कि आपका अपने प्रियतम के साथ सामंजस्य बने और एक ठोस भविष्य का निर्माण हो। आप जिस तरह से अपने भविष्य को बनाना चाहते हैं, उसे रूप देने के लिये बैचेन हो रहे हैं लेकिन यह प्रक्रिया थोड़ा समय लेगी। आपको किसी के अपने साथ रहने की आवश्यकता महूसस होगी ताकि आपको ऐसा लगे कि वह आपको प्रेम करता है और आपका ध्यान रखता है क्योंकि आपको अपने जीवन में फिर से अकेलेपन की अनुभूति न हो। </PAGE-OF-CUPS-ONE >
<KNIGHT-OF-CUPS-ONE >यह कार्ड बताता है कि आप अपने साथी के साथ किसी नई जगह पर जायेंगे जो आपको उत्तेजित करेगी और वहाँ पर आसपास के लोग आपको प्रेम के रास्ते पर जाने के लिये प्रोत्साहित करेंगे। यदि आप अविवाहित हैं तो आप यह महसूस करेंगे कि आपको अपने सम्बन्ध को आगे बढ़ाने के लिये पहल करनी होगी और लम्बे समय से अपने साथी से प्रश्न करना होगा। </KNIGHT-OF-CUPS-ONE >
<QUEEN-OF-CUPS-ONE >अब आप सामजिक समारोहों में अधिक विशिष्ट व्यक्ति होंगे और इस बात की बहुत अधिक संभावना है कि आप किसी ऐसे से मिलेंगे जिसकी ओर आप बहुत अधिक आकर्षित होंगे। यदि आप कुछ प्रयास करें, तो यह मुलाकात रोमांटिक हो जायेगी। यदि आप पहले ही लम्बे समय से किसी सम्बन्ध में हैं, तो आप अपने साथी के साथ शादी को टाल सकते हैं। </QUEEN-OF-CUPS-ONE >
<KING-OF-CUPS-ONE >यह कार्ड बताता है कि आप किसी ऐसे की तलाश में हैं जिसके साथ आप अपना जीवन बाँट सकें और कुछ रोमांटिक समय बिता सकें। आप लगभग इस बात के पीछे भागेगें कि कोई ऐसा मिले जो आपका आदर्श साथी लगे लेकिन यह आसानी से नहीं होगा। आपको उसे प्रभावित करने के लिये कुछ ऐसी कारीगरी करनी पड़ेगी और इसे मजबूती में बदलना होगा। </KING-OF-CUPS-ONE >
<ACE-OF-PENTACLES-ONE >यह ऐसा समय है जो आपके जीवन में एक नई शुरुआत की ओर इशारा करता है। आप हमेशा के मुकाबले अधिक बैचेन महसूस कर रहे होंगे क्योंकि अपने साथी से आपको अपनी आशा के अनुसार सहनुभूति न मिल रही हो और आपको समझा न जाता हो और यह आपको अत्यंत परेशान करेगा। </ACE-OF-PENTACLES-ONE >
<TWO-OF-PENTACLES-ONE >कुछ ऐसी मुश्किलें हो सकती हैं जिनका आपको और आपके साथी को एक साथ सामना करना पड़ेगा और यह आपको थोड़ा अनुपुयुक्त लग सकता है परन्तु आपका दूसरों को समझने वाला स्वभाव किसी की सहायता से इससे निपटने में आपकी सहायता करेगा। </TWO-OF-PENTACLES-ONE >
<THREE-OF-PENTACLES-ONE >आपको और आपके साथी को अपना सम्बन्ध विकसित होता हुआ महसूस होगा और आप भविष्य की ओर कुछ कदम उठायेंगे। अविवाहितों को अपने लिये किसी उपयुक्त को पाने का यह अच्छा समय है और यह किसी अप्रत्याशित जगह पर हो सकता है। </THREE-OF-PENTACLES-ONE >
<FOUR-OF-PENTACLES-ONE >आप अपने संबंध को तभी बचा कर रख पायेंगे यदि आप दोनों कुछ धैर्य से और समझ से इसके लिये कोशिश करें। यदि यह सफल नहीं होता तो अंततः आप अपने साथी से अलग होने का निर्णय लेंगे और नई संभावनाओं के साथ नई राह पर चलने की कोशिश करेंगे। </FOUR-OF-PENTACLES-ONE >
<FIVE-OF-PENTACLES-ONE >यह कार्ड बताता है कि आपमें कुछ ऐसा बनने की या कुछ ऐसा करने की ललक है जिसकी आपको बड़े लम्बे समय से करने की आकांक्षा थी। इस बात की भी संभावना है कि आपका साथी आपको धोखा दे सकता है या आप उसे धोखा दे सकते हैं। यह उन लोगों के लिये भी अच्छा समय नहीं होगा जो पहले से ही किसी संबंध में हैं। </FIVE-OF-PENTACLES-ONE >
<SIX-OF-PENTACLES-ONE >आपको अब अपने बचपन के प्रियतम के वापस आने की या आपसे सम्पर्क करने की तीव्र इच्छा है। आपमें कुछ अकेलेपन की भावना आयेगी क्योंकि आप अपने साथी को अपने से दूर जाता हुआ देख रहे हैं। आपको यह देखना होगा कि आप वास्तव में जीवन से क्या चाहते हैं और उसके लिये आप में किस हद तक जाने की इच्छा है। </SIX-OF-PENTACLES-ONE >
<SEVEN-OF-PENTACLES-ONE >यह समय आपके और आपके साथी के लिये परेशान करने वाला होगा क्योंकि आप दोनों में मतभेद हो सकते हैं और इसके कारण संबंध खत्म हो सकता है। यदि आप विवाहित हैं या लम्बे समय से किसी संबंध में हैं, तो आप अपने संबंध पर और संबंध में डाले गये प्रयासों पर पुन: विचार करेंगे। </SEVEN-OF-PENTACLES-ONE >
<EIGHT-OF-PENTACLES-ONE >इन दिनों आपकी मनोदशा चंचल है और आप अपने अविवाहितपन का सब चीजों से अधिक आनन्द उठा रहे हैं। आप एक चिंतनशील मनोदशा में होंगे और यह भी सोच रहे होंगे कि भविष्य में क्या होगा। आप का रोमांटिक पक्ष जल्दी ही कब्ज़ा कर लेगा। </EIGHT-OF-PENTACLES-ONE >
<NINE-OF-PENTACLES-ONE >यह कार्ड यह बताता है कि आप जीवन में नई और ताजगी देने वालों चीजों को खोज रहे हैं। आप रूढ़िवादी चीजों से दूर नई जगह की ओर भागना चाहेंगे। आपको अपने साथी से थोड़ी देर के लिये अलग समय भी बिताना पड़ सकता है और आप एक निर्णय लेंगे जो सही होगा। </NINE-OF-PENTACLES-ONE >
<TEN-OF-PENTACLES-ONE >प्रेम वो चीज नहीं है जो आपके दिमाग में चल रहा है क्योकि आप पहले से ही काम और पारिवारिक मुद्दों से सम्बन्धित दूसरी चीजों में व्यस्त हैं। आप अपने दोस्तों या रिश्तेदारों से फिर से मिल कर अपनी मनोदशा को ठीक करने की कोशिश करेंगे लेकिन अपने और अपने साथी के बीच की दूरी को कम करने की कोशिश नहीं करेंगे। </TEN-OF-PENTACLES-ONE >
<PAGE-OF-PENTACLES-ONE >यह कार्ड बताता है कि एक बैचेन स्थिति होगी जो आपको यह सोचने पर मजबूर करेगी कि आपको अपने संबंध के साथ क्या करना है क्योंकि आप अपने साथी के बारे में अनिश्चित हैं और अंततः आप जिम्मेदारी से एक निर्णय लेंगे जिससे आपको यह सोच कर अच्छा लगेगा कि क्या आपके संबंध का कोई भविष्य भी हैं या नहीं। </PAGE-OF-PENTACLES-ONE >
<KNIGHT-OF-PENTACLES-ONE >आप अब अपने प्रेम संबंध में शान्ति खोज रहे हैं और अपने साथी के साथ जीना और आनंद उठाना चाहते हैं। आप अपने साथी से ऐसा कुछ कहने से हिचकिचायेंगें या ऐसी खबर नहीं बतायेंगे जिससे आप महसूस करते हैं कि आपका आराम से चल रहा संबंध, जिसके आप दोनों सहभागी हैं, ख़राब हो सकता है लेकिन आपको साहसी बनना होगा। </KNIGHT-OF-PENTACLES-ONE >
<QUEEN-OF-PENTACLES-ONE >यह कार्ड यह बताता है कि आप किसी की ओर प्रभावशाली ढंग से आकर्षित होंगे और उस व्यक्ति को भी आप में समान रूचि होगी। आप इस व्यक्ति के साथ संबंध की आशा करेंगे और उम्मीद करेंगे कि संबंध उत्तेजक और जोश भरा हो। </QUEEN-OF-PENTACLES-ONE >
<KING-OF-PENTACLES-ONE >यह कार्ड दिखाता है कि आप थोड़े परेशान या निराश होंगे क्योंकि आपके साथी के द्वारा कुछ वादों को तोड़ा गया था। यदि आप पहले से ही किसी संबंध में हैं तो आपको अनुभव होगा कि आपके संबंध में विचारों के स्वतंत्र रूप से आदान-प्रदान की कमी है और किसी भी संबंध की सफलता के लिये, यह अत्यधिक महत्वपूर्ण है कि आप बातचीत करें और एक-दूसरे को जानने के लिये एक साथ अधिक समय बितायें। </KING-OF-PENTACLES-ONE >
<ACE-OF-SWORDS-ONE >यह कार्ड बताता है कि इस समय आप अपने संबंध में व्यक्तिगत आनंद की खोज में हैं। अब यह समय है कि नये प्रेम के पनपने की संभावना है जो आपको हैरत में डाल देगा और आप में किसी चीज के प्रति बहुत प्रबल भावनायें होंगी। यदि आप पहले से किसी संबंध में हैं, तो आपका आपके साथी के साथ संबंध और मजबूत होगा। </ACE-OF-SWORDS-ONE >
<TWO-OF-SWORDS-ONE >आप अपने जीवन में आगे बढ़ना चाहते हैं और उग्रता से प्रेम की तलाश में हैं। जैसा कि यह कार्ड बताता है आप थोड़े भाग्यशाली हो सकते हैं और आपकी मुलाकात किसी ख़ास व्यक्ति से हो सकती है और यदि आप पहले से ही किसी संबंध में हैं तो आपका संबंध और मजबूत होगा और आप देखेगें कि आपके साथी या होने वाले साथी में वह गुण होंगे जिनकी आपने कल्पना की थी। </TWO-OF-SWORDS-ONE >
<THREE-OF-SWORDS-ONE >यह कार्ड दिखाता है कि आप अपने साथी के वापस आने के लिये तड़प रहे हैं। आप अपना धैर्य खो रहे हैं और यदि आप का साथी जल्दी वापस आने से मना कर देता है तो आप जल्दी ही फिर से नई शरुआत करने का निर्णय लेंगे । आपको यह महसूस हो रहा हो सकता है कि आप ने बहुत दुःख उठायें हैं और प्रेम में पड़ना एक जोखिम भरा काम होता है। </THREE-OF-SWORDS-ONE >
<FOUR-OF-SWORDS-ONE >इस समय आपमें आध्यात्मिकता के लिये बहुत उत्साह है और आपमें बहुत अधिक इच्छा होगी कि अपने-आप को बेहतर जानें। आप अपनी अंतरात्मा से जुड़ने की कोशिश करेंगे और इसलिये बाहरी संसार से आपका सम्पर्क टूट सकता है परन्तु अंततः आप शान्ति पा लेंगे। यह भी संभावना है कि कोई, जिसे आप पर आसक्ति थी, आपसे मुलाकात के लिये कह सकता है। </FOUR-OF-SWORDS-ONE >
<FIVE-OF-SWORDS-ONE >यह कार्ड बताता है कि अब आप प्रेम की खोज में रहेंगे। आपके प्रेम जीवन में कुछ निराशायें हो सकती हैं जिनका आपको सामना करना पड़ सकता है और जिससे आप असुन्तष्ट और कुछ धोखा खाया हुआ महसूस करेंगे। आपको अपने आत्मविश्वास को फिर से प्राप्त करना होगा और आगे बढ़ना होगा। </FIVE-OF-SWORDS-ONE >
<SIX-OF-SWORDS-ONE >आपको अपने सुखी जीवन में कुछ दिक्कतों का सामना करना पड़ सकता है और चीजें इतनी आसान नहीं होंगी जितनी कि आप उम्मीद कर रहे थे। आपके प्रेम जीवन में कुछ असंतोष हो सकता है और ऐसा लग सकता है सारे प्रयास इसके लायक नहीं थे। भविष्य के बारे में कुछ उलझन हो सकती है और आपको चीजों को बेहतर करने के लिये संघर्ष करना पड़ेगा। </SIX-OF-SWORDS-ONE >
<SEVEN-OF-SWORDS-ONE >यह कार्ड बताता है कि आपको एक प्रिय मित्र या कोई ऐसा जो आपका साथ दे और स्थिति को ठीक करने में आपकी सहायता करे चाहिये या आप बेहतर महसूस करने कुछ देर के लिये कहीं जाने के बारे में सोच सकते हैं। ऐसी संभावना है कि कोई पूर्व-प्रेमी या कोई जिस पर आपकी आसक्ति थी आपके पास आयेगा। आप अपने संबंध में कुछ बुरी तरह से चाहेंगे लेकिन आप किसी आपत्तिजनक स्थिति के लिये इच्छुक नहीं होंगे। </SEVEN-OF-SWORDS-ONE >
<EIGHT-OF-SWORDS-ONE >दिल के मामलों में किसी प्रकार की घुटन या बैचेनी हो सकती है। लेकिन यह वैसा नहीं होगा जैसा कि लगता है क्योंकि कोई अच्छा समाचार मिलने वाला है। ऐसी संभावना है कि आपको अपने आसपास के परिवेश में कुछ नया शुरू करने का मौका मिल सकता है या फिर किसी नये साथी के साथ शुरुआत करने का मौका मिल सकता है जो आपको फिर से मुक्ति का एहसास दिलाये। </EIGHT-OF-SWORDS-ONE >
<NINE-OF-SWORDS-ONE >यह कार्ड दिखाता है कि यह समय आपके जीवन का सबसे अच्छा समय नहीं है। आप चिंता और अभाव की दशा से गुजर रहे हो सकते हैं और चीजों को ठीक करने के लिये संघर्ष करेंगे। व्यावसायिक प्रतिबद्धताओं के कारण आप अपने साथी से कुछ समय के लिये अलग हो सकते हैं। परन्तु आपकी परिपक्वता और शांत व्यक्तित्व आपको चीजें ठीक करने में आपकी सहायता करेंगे। </NINE-OF-SWORDS-ONE >
<TEN-OF-SWORDS-ONE >अब तक आप अपने सबसे बुरे समय से गुजर चुके होंगे और अभी भी इस पर काबू पा रहे होंगे। जब भी आप कुछ दृढ निर्णय लेने की कोशिश करेंगे तो आपको कुछ असमंजस रहेगा कि आपके लिये क्या ठीक रहेगा लेकिन यह आसान प्रक्रिया नहीं होगी। </TEN-OF-SWORDS-ONE >
<PAGE-OF-SWORDS-ONE >यह कार्ड दिखाता है कि इस समय आप दिल के मामलों में और व्यक्तिगत संबंधों में जीवन को बेहतर बनाने के लिये ध्यान केन्द्रित कर रहे हैं। आप ख़राब समय से गुजरे हुये हो सकते हैं और अपने जीवन को सामान्य राह पर लाने की कोशिश कर रहे होंगे लेकिन पायेंगे कि ऐसा करना मुश्किल है। कुछ अप्रत्याशित घटनायें हो सकती हैं जिनके कारण चिंता होगी। </PAGE-OF-SWORDS-ONE >
<KNIGHT-OF-SWORDS-ONE >अब समय आ गया है कि आप बुरे हालातों से उबर जायें और नई शुरुआत की ओर देखें। आप किसी नये व्यक्ति से मिलेंगे और उसकी तरफ आकर्षित होंगे। आप चाहेंगे कि घटनाओं का सिलसिला जारी रहे और कुछ रोमांस पैदा हो। यह बहुत तगड़ी शुरुआत होगी और कुछ ही समय में आप अपने-आप को अपने साथी के साथ खुश और स्थिर पायेंगे। </KNIGHT-OF-SWORDS-ONE >
<QUEEN-OF-SWORDS-ONE >यह कार्ड बताता है कि अपने साथी के साथ कई झगड़ों और बहसबाजी के कारण कुछ असमंजस कि स्थिति हो सकती है या फिर निरंतर निराशा की दशा रह सकती है और चीजें समाप्त हो जायेंगी। इससे आपको अपने जीवन में खालीपन के कुछ बुरे समय से निपटना पड़ सकता है। </QUEEN-OF-SWORDS-ONE >
<KING-OF-SWORDS-ONE >आप महसूस करेंगे कि आपको इस बारे में एक स्पष्ट दृष्टि चाहिये कि इस समय आपका जीवन क्या है और आपको यह एहसास होगा कि आपको एक बेहतर शांतिमय जीवन जीने के लिये कुछ करना होगा। वास्तविकता जल्दी ही एक नया मोड़ लेगी क्योंकि आपको यह एहसास होगा कि आप एक काल्पनिक संसार में जी रहे थे और अब समय आ गया है कि आप अंततः वास्तविकता का सामना करें और बेहतरी के लिये इसी के साथ जीयें। </KING-OF-SWORDS-ONE >
<ACE-OF-WANDS-ONE >यह कार्ड बताता है कि अब आप एक गंभीर और चिरस्थायी संबंध की खोज में हैं और वास्तव में आपकी रूचि दूसरे प्रेम-प्रसंगों में नहीं है। आप एक नई शुरुआत की खोज में हैं और शादी की या लिव-इन संबंध की संभावनायें भी हैं। आप अपने परिवार के सदस्य या किसी रिश्तेदार से जल्दी ही अपने संबंध की समस्याओं के बारे में चर्चा करेंगे। </ACE-OF-WANDS-ONE >
<TWO-OF-WANDS-ONE >आप कुछ अच्छा होने की उम्मीद कर रहे हैं और इसे कार्यान्वित होते हुये देखने की आशा करते हैं। ऐसी संभावना है कि कोई, जिसे आपके सहारे की जरूरत हो, आपसे मार्गदर्शन की उम्मीद करेगा और आपसे संबंध बनायेगा। इस समय आप प्रेम और दोस्ती के मजबूत बंधन चाहेंगे। आपके अपने परिवार के सदस्यों के साथ जो मतभेद थे उन्हें सुलझा लेंगे। </TWO-OF-WANDS-ONE >
<THREE-OF-WANDS-ONE >आपको इस समय कुछ प्रस्ताव प्राप्त हो सकते हैं और सही प्रस्ताव के लिये मन बनाना आपके लिये मुशिकल रहेगा। साझेदारियों के लिये यह एक बहुत अच्छा समय है और आपकी असुरक्षाओं के बावजूद आप उससे जुड़ेंगे जिसे आप प्रेम करते हैं। अपने साथी के साथ एक सुखी जीवन बिताने के लिये आप सभी रूकावटों पर पार पाना चाहेंगे। </THREE-OF-WANDS-ONE >
<FOUR-OF-WANDS-ONE >किसी मित्र से पुनर्मिलन की संभावनायें है जो आपके बचाव के लिये आयेगा और खरीदारी करते हुये या कुछ आनंद की गतिविधियों में से बाहर निकालेगा ताकि आप बेहतर महसूस कर सकें। आपको कुछ प्रसन्न रहने की आवश्यकता है क्योंकि छोड़े जाने के कारण आपके रोमांटिक जीवन में कुछ असंतोष आ सकता है। </FOUR-OF-WANDS-ONE >
<FIVE-OF-WANDS-ONE >इस समय आप एक ही चीज पर ध्यान केन्द्रित करना मुश्किल पा रहे हैं और यह आपको बैचेन कर रहा है। आप बहुत सारी चीजों में व्यस्त रहेंगे और अपने साथी या मिलने-जुलने के लिये समय नहीं निकाल पायेंगे। कुछ प्रेम-प्रसंग या अनौपचारिक मुलाकातों का संकेत है। </FIVE-OF-WANDS-ONE >
<SIX-OF-WANDS-ONE >यह कार्ड बताता है कि आप अपने प्रेम जीवन में नई खोजें करने वाले हैं। कोई ऐसा जो आपकी प्रशंसा करता है आपको प्रभावित करने के लिये अपना भाग्य आजमा सकता है और आप उसके द्वारा आप पर ध्यान देने से आनंदित होंगे। आप ऐसी स्थिति का सामना कर सकते हैं जो आपको अपनी बेहतरी के लिये जीवन में कुछ बदलाव लाने के लिये मजबूर करेगा। </SIX-OF-WANDS-ONE >
<SEVEN-OF-WANDS-ONE >यह कार्ड बताता है कि आपको प्रेम मिलने वाला है और दिल के मामले आपके दिमाग पर हावी रहेंगे। आपका अपने रोमांटिक पक्ष से सम्पर्क होगा और आप अपने साथी के लिये खास चीजें करेंगे। ऐसे लगेगा कि जैसे इसमें कोई त्रुटि नहीं है लेकिन जिस तरीके से आप जीवन जीना चाहते हैं उसके लिये कुछ ऐसी चीजें होंगी जिन्हें आपको जाने देना होगा। </SEVEN-OF-WANDS-ONE >
<EIGHT-OF-WANDS-ONE >आप लोगों से बहुत अधिक मिलेजुलेगें और दिल के मामले आपके दिमाग पर हावी रहेंगे। आप अच्छी मनोदशा में होंगे और सकारात्मक चीजों के बारे में सोच रहे हैं और आप और आप का साथी एक साथ कई गतिविधियों में संलिप्त होंगे। कुछ ऐसे सकारात्मक बदलाव भी होंगे जो आपके साथी के कारण होंगे। कुछ निराशायें भी हो सकती हैं जिनसे आपको निपटना होगा। </EIGHT-OF-WANDS-ONE >
<NINE-OF-WANDS-ONE >आप देखेगें कि अंत में आपके प्रयास परिणामों में फलीभूत हो रहे हैं और आप बहुत से लोगों से मिलेजुलेगें। आपके दिमाग में कुछ संघर्ष चलते रहेंगे और कुछ मतभेद रहेंगे और कटु शब्दों का कुछ आदानप्रदान भी हो सकता है। </NINE-OF-WANDS-ONE >
<TEN-OF-WANDS-ONE >यह कार्ड बताता है कि आपका प्रेमी आपको विभिन्न घटनाओं के बारे में भ्रमित कर देगा और यह आपको उत्सुक और बैचेन कर देगा। आपको यह महसूस होगा कि आपका साथी आपसे परेशान है और इससे आप अकेला महसूस करेंगे। आप अपने संबंध को ठीक करने के लिये प्रयास करेंगे और उसमें जोश भर देंगे। </TEN-OF-WANDS-ONE >
<PAGE-OF-WANDS-ONE >आपके संबंध में कुछ अशांति आ सकती है और आप अपने साथी से कुछ बदलावों की आशा करेंगे। आप इस बात से असुरक्षित महसूस करेंगे कि आप और आपके साथी में सब कुछ ठीक-ठाक नहीं है और यदि आप कोशिश भी करें, तो भी किसी कारण से यह बंधन अपने चरमोत्कर्ष तक कभी नहीं पहुँचेगा। </PAGE-OF-WANDS-ONE >
<KNIGHT-OF-WANDS-ONE >यह कार्ड बताता है कि आप कई मुद्दों के कारण अपने संबंध में अस्थिरता महसूस कर रहे हैं और इससे पहले कि वह आपका नुकसान करें आप उन्हें सुलटा लेना चाहते हैं। आप किसी ऐसे से मिलेंगे जिसे आप सोचते हैं कि आप जानते हैं और इस व्यक्ति से नजदीकी संबंध बनाने की कोशिश करेंगे और उसके साथ और अधिक समय बिता कर एक गूढ़ संबंध का निर्माण करेंगे। </KNIGHT-OF-WANDS-ONE >
<QUEEN-OF-WANDS-ONE >यह कार्ड बताता है कि आप जल्दी ही किसी विशिष्ट व्यक्ति से मिलेंगे और अचरज करेंगे कि क्या आपको इस व्यक्ति से संबंध बनाना चाहिये या नहीं। आप किसी ऐसे व्यक्ति से भी मिलेंगे जो आपका जोरदार प्रशंसक है जो प्रेम की चिंगारी भड़कायेगा और यह बहुत ही अधिक भावुक और रोमांटिक प्रेम-प्रसंग में परिवर्तित हो सकता है जिसके लिये आप इंतजार करते रहे हैं। </QUEEN-OF-WANDS-ONE >
<KING-OF-WANDS-ONE >आपके आसपास की कुछ समस्यायें आपको उदासीन और भावनाहीन कर देंगी और आपके साथी को लगेगा कि आप विचलित हैं। आप दुनिया पर यह प्रकट नहीं करना चाहेंगे कि आप वास्तव में क्या सोच रहे हैं और इससे तनाव पैदा हो सकता है। आपको ठन्डे दिमाग से सोचना होगा कि समस्या से कैसे निपटा जाये। आपके लिये शादी का प्रस्ताव भी आ सकता है। </KING-OF-WANDS-ONE >
<THE-FOOL-ONE >यदि आप किसी संबंध में हैं, तो यह कार्ड बताता है कि आप अपने प्रेम जीवन में एक नई उत्तेजना और जोश महसूस करेंगी। यदि आप अविवाहित हैं, तो जल्दी ही आपकी किसी विशिष्ट व्यक्ति से मिलने की संभावना है। आप अपने प्रेम जीवन में स्वाभाविक, विश्वस्त और जिंदादिल क़दमों से चलेंगे। आपको अपने अतीत के रिश्तों को भूलना होगा और अपने भविष्य की ओर देखना होगा, जो खुबसूरत और आनंदमय लगता है। </THE-FOOL-ONE >
<THE-MAGICIAN-ONE >आपकी जिद और मानसिक संतुलन आपको आने वाले समय में अपने प्रेम जीवन को नियंत्रित और प्रबंधित करने के लिये बहुत मददगार रहेंगे। यह बहुत संभव है कि आप अपने आत्मविश्वास और शिष्टता से विपरीत लिंगी को अत्यधिक मामलों में अपने अनुरूप कर लेंगे। यदि आप किसी संबंध में हैं, तो निकट भविष्य में आपको अपने प्रियतम के बारे में कुछ छुपी हुई बातों का पता लग सकता है। और भी, कि आपके साथी द्वारा आपके बोले गये प्रत्येक शब्द में ज्यादा रूचि दिखाने की संभावना है। </THE-MAGICIAN-ONE >
<THE-HIGH-PRIESTESS-ONE >यह कार्ड बताता है कि लोगों और स्थितियों को समझने के लिये आपको अपनी क्षमताओं में भरोसा रखना चाहिये। आपको उन चीजों के बारे में, जिनमें आपका प्रेम जीवन शामिल है, स्वतंत्र निर्णय लेने की जरूरत है। यदि आप पहले से ही किसी संबंध में हैं, तो ऐसी संभावना है कि निकट भविष्य में आपका साथी आपको बहुमूल्य सलाह दे। और भी, कि ऐसा लगता है आप अपने साथी के बारे कुछ ऐसा जानें जो बिलकुल ही अप्रत्याशित हो, चाहे वह अच्छा हो या ख़राब। </THE-HIGH-PRIESTESS-ONE >
<THE-EMPRESS-ONE >आप अपने वर्तमान या बन रहे संबंध के बारे में चिंतित लग रहे हैं। यदि आप किसी संबंध में हैं, तो आप उसमें रहना चाहते हैं। आपके प्रेम-प्रसंग में, आपकी एक-दूसरे के बारे में मालिकाना प्रवृति आपके प्रेम जीवन में कुछ कठिनाइयाँ ला सकती है। आपको ऐसा रवैया अपनाना होगा जिसमें प्रेम जीवन में स्थिरता लाने के लिये धैर्य और भरोसा दिखे। </THE-EMPRESS-ONE >
<THE-EMPEROR-ONE >यह कार्ड बताता है कि निकट भविष्य में आपके संबंध में सफलता और उपलब्धि की शुरुआत होने वाली है। आपको किसी, जैसे कि आपके पिता, भाई, पुरुष मित्र, इत्यादि, से प्रेम के बारे में बहुमूल्य सलाह मिले। ऐसी संभावना है कि आप अपने वर्तमान संबंध को नियंत्रित करें और कुछ समय के लिये हावी रहें। आपका साथी बिना सवाल किये हरेक पहलू में आपका समर्थन करेगा। ध्यान रहे कि अपने संबंध में आप ज्यादा रौब न जमायें नहीं तो आप अपने साथी को भावनात्मक रूप से दुःख पहुँचायेंगे। </THE-EMPEROR-ONE >
<THE-HIEROPHANT-ONE >एक अधिक खुला और लचीला दिमाग आपके प्रेम जीवन में एक सकारात्मक बदलाव लायेगा। यदि आप जल्दी ही किसी समय शादी करने की योजना बना रहे हैं, तो आपको रास्ते में आने वाली रूकावटों से निपटने के लिये धैर्य रखना होगा। अपने साथी के साथ अड़ियल रुख अपनाने से आपका संबंध कहीं नहीं पहुँचेगा। अपने प्रेम जीवन में जिन समस्याओं का आप सामना करेंगे उन्हें अपनी बुद्धि की तत्परता और गुस्से पर काबू रख कर सुलझाया जा सकता है। </THE-HIEROPHANT-ONE >
<THE-LOVERS-ONE >आपके प्रेम के समुद्र में तैरने की संभावना है। निकट भविष्य में अपने संबंध में आपका समय खूबसूरत और यादगार रहेगा। अपने प्रेम जीवन में आपके एक ऐसी स्थिति का सामना करने की संभावना है, जिसमें किसी भी चीज पर निर्णय लेना आपके लिये बहुत मुशिकल होगा। अपने दिल की सुनें न कि दिमाग की और आप पायेंगे कि आप का निर्णय सही था। आप अपने साथी के साथ भावनात्मक रूप से बहुत अच्छी तरह से जुड़ेंगे। किसी और से मुलाकात का लालच करके अपने साथी को धोखा न दें। </THE-LOVERS-ONE >
<THE-CHARIOT-ONE >आपका प्रेम जीवन मुश्किल में पड़ सकता है। आपको इसमें से निकलने के कुछ गंभीर प्रयास करने पड़ सकते हैं। निकट भविष्य में आपके रोमांटिक प्रसंगों में किसी तरह के बदलाव की संभावना है। अपने साथी की बदलती हुई भावनाओं के प्रति आपको बहुत धैर्यवान होने की जरूरत है। अंततः आपके संबंध में प्रेम की कोंपल खिलेगी। </THE-CHARIOT-ONE >
<JUSTICE-ONE >आपको अपने वर्तमान सम्बन्ध में संतुलन और सामान्यता की भावना लाने की आवश्यकता है। ऐसा लगता है कि आपके प्रेम जीवन में स्थिरता लाने के लिये या तो किसी चीज की कमी है या इसकी अधिकता है। जरुरी संतुलन लाने के लिये आपको अपने रोमांटिक प्रसंगों के प्रति एक निष्पक्ष रवैया दिखाना होगा। अपने संबंध को बनाने के लिये आपकी ईमानदारी और भरोसा बहुत महत्वपूर्ण होगा। यदि आपको यह पता है कि आप गल्ती कर रहे हैं, तो इसे जल्दी से ठीक करें। </JUSTICE-ONE >
<THE-HERMIT-ONE >अपने प्रेम जीवन का विश्लेषण करने के लिये कुछ समय लें। आपके वर्तमान संबंध में चीजें जैसे चल रही हैं उससे आपके अधीर होने की संभावना है। आपको अपने दिमाग को शांत रखने की और अपने प्रेम संबंध के लिये जल्दबाजी में निर्णय लेने से बचने की जरूरत है। यदि आपको प्रेम के बारे में सलाह की जरूरत है, तो किसी बड़े और अपने से अधिक अनुभवी से बात करें। ऐसी संभावना है कि आप अपनी सभी रोमांटिक रुकावटों को हल कर लेंगें, यदि आप दोनों अपने संबंध में एक-दूसरे को उचित स्थान दें। </THE-HERMIT-ONE >
<WHEEL-OF-FORTUNE-ONE >यह कार्ड यह दिखाता है कि आप एक बहुत ही आनंदमई और विशिष्ट दशा की ओर जा रहे हैं जो आपके प्रेम जीवन की रौशन कर देगा। भाग्य आपके साथ है और आप अपने जीवन का प्रेम पायेंगे। अपने संबंध के मामलों से निपटते हुये आप परिपक्वता दिखायेंगे। आपके सपनों का साथी जल्दी ही आपके साथ होगा। अपने भविष्य के संबंध के बारे में आपको जो चिंतायें थी वह समाप्त हो जायेंगी। आपको अपने प्रेम जीवन में कुछ शानदार समय के आने की संभावना है। </WHEEL-OF-FORTUNE-ONE >
<STRENGTH-ONE >आप जीवन के प्रति एक दृढ और बेहतर रवैया दिखायेंगे, जो आपको प्रत्येक उस रूकावट से निपटने में सहायता करेगा जिससे आपका अपने संबंध में सामना होता है। यदि आप चाहते हैं कि अतीत की कुछ बातों को छोड़ दिया जाये, तो शायद आपको जल्दी ही ऐसा करना चाहिये। आपका संबंध सहजता से आगे बढ़ेगा, और आप उन चीजों को आसानी से प्राप्त कर लेंगे जिन्हें पाने के लिये आप कुछ समय से संघर्ष कर रहे हैं। अपने संकल्प और बुद्धिमत्ता से आप अपने प्रेम की सभी समस्याओं से बाहर निकल जायेंगे। </STRENGTH-ONE >
<THE-HANGED-MAN-ONE>आपको अपने संबंध में त्याग करने वाला स्वभाव अपनाना पड़ सकता है। आप दोनों के बीच तनाव हो सकता है। यह सुझाव दिया जाता है कि आप अपने प्रेम जीवन में अपनी मनोदशा को बहुत ही धैर्यवान, शांत और परिपक्व रखें। आप दोनों के बीच भावनात्मक झगड़े हो सकते हैं। यह सलाह दी जाती है कि आपको और अधिक आत्मविश्लेषी होने की आवशयकता है और आप अपने आसपास की स्थितियों को अच्छे तरीके से समझने के लिये खुले दिमाग से देखें। </THE-HANGED-MAN-ONE >
<DEATH-ONE >यह कार्ड ऐसी दशा का संकेत देता है जो आपके प्रेम जीवन में कुछ नाटकीय बदलावों में फलीभूत होगी। अपने वर्तमान संबंध में आप उदास और दुखी महसूस कर सकते हैं। यह दशा आपको मानवीय भावनाओं के आधिक्य की ओर धकेलेगी, जिससे आपको आने वाले बदलावों के बारे में एहसास होगा। आपका प्रेम प्रसंग अपेक्षाकृत मुश्किल समय से गुजर सकता है। आपको इस दशा से निकलने के लिये चरित्र की मजबूती दिखानी होगी। </DEATH-ONE >
<TEMPERANCE-ONE >यह कार्ड आपके संबंध में भ्रमित करने वाली या परस्पर विरोधी स्थिति बता रहा है, जिसमें आपको चुनाव करने में मुश्किल हो सकती है। आप और आपके साथी के कई मामलों पर विरोधी विचार हो सकते हैं जिससे उथलपथल होगी। आपको धैर्यवान रहना होगा, सहयोग करना होगा और उत्तम समाधान निकालना होगा जो आपकी जिन्दगी के प्रेम को भी संतुष्ट करे। आप अपने संबंध में सामंजस्य लाने के तरीके ढूंढ लेंगे। </TEMPERANCE-ONE >
<THE-DEVIL-ONE >आगे आने वाला समय आसान नहीं है। हवस, लालच, महत्वाकांक्षा या व्यसन जैसी भावनायें आपके प्रेम जीवन में गड़बड़ी कर सकती हैं। आप अपने संबंध में सम्पूर्णता हावी होना चाहेंगे। आपको अपने प्रेम जीवन में बड़ी आपदाओं से बचने के लिये इन प्रलोभनों का विरोध करने के लिये मजबूत बनना होगा। आप एक क्षण के लिये शक्तिशाली महसूस कर सकते हैं लेकिन गल्त रास्ते पर चलना आपके वर्तमान संबंध के लिये अच्छा नहीं होगा। सावधान रहें क्योंकि यह कार्ड आपको उन घातक क़दमों के बारे में चेतावनी दे रहा है जो आप ले सकते हैं। </THE-DEVIL-ONE >
<THE-TOWER-ONE >निकट भविष्य आपके प्रेम जीवन में एक सबसे बुरी दशा ला सकता है। आप अपने संबंध में अप्रिय और प्रतिकूल स्थितियाँ आते हुये देख सकते हैं। इनमें से कुछ अप्रत्याशित हो सकती हैं जिससे आप कुछ देर के लिये अलग-थलग और अकेला महसूस कर सकते हैं। अपने प्रेम जीवन की वर्तमान स्थिति को बेहतर बनाने के लिये यह बदलाव आपको नये रास्ते और विकल्प बतायेगा। आगे चल कर कठिन समय होगा और इसलिये आपको शांत रहने की जरूरत है और आप केवल नई चीजें सीखें जो जीवन आपको सिखाता है। </THE-TOWER-ONE >
<THE-STAR-ONE >यह कार्ड आने वाले अच्छे समय का सूचक है। यह बताता है कि एक अच्छे संबंध की संभावना है जिसकी शुरुआत जल्दी होगी। यह कार्ड यह भी बताता है कि आप अपने वर्तमान संबंध को प्रतिबद्धता के अगले स्तर तक ले जा सकते हैं। आपको अपने साथी के साथ एक बेहतर भावनात्मक और अध्यात्मिक जुड़ाव महसूस हो सकता है। आपका प्रेम जीवन एक ऐसी दशा से गुजरेगा जिसमें आप अपने पिछले प्रेम प्रसंगों से उबर जायेंगे और अपने प्रेम के भविष्य के लिये और अधिक आशावादी होंगे। </THE-STAR-ONE >
<THE-MOON-ONE >आपके दिमाग में केवल अपने संबंध के बारे में ही विचार आयेंगे। आप ऐसा महसूस करेंगे कि जैसे आप वर्तमान प्रेम की स्थिति के कारण बंधन में जकड़े हुये हैं। ऐसी संभावना है कि आपको कुछ ऐसी गुप्त बातों का पता चले जो आपसे जानबूझ कर छुपा कर रखी गईं थी, जिससे आपके संबंध को एक भावनात्मक धक्का लगे। ग़म में दुखी न हों। और अधिक खुला दिमाग दिखायें और इन भावनाओं से उबरने के लिये कुछ गंभीर प्रयास करें। अपने जीवन को पटरी पर लाने के लिये दूसरे शौकों में संलिप्त हो कर भावनात्मक भावनाओं से उबरें। </THE-MOON-ONE >
<THE-SUN-ONE >आप अपने संबंध में जल्दी ही नया और उत्तेजक खिंचाव महसूस करेंगे। यदि आप प्रेम में नहीं पड़े हैं, तो आप जल्दी ही किसी के प्रेम में पड़ सकते हैं। रोमांटिक मामले जो कहीं नहीं पहुँचते हुये लग रहे थे अब सकारात्मक प्रगति करना शुरू कर देंगे। एक रोमांटिक छुट्टी और कुछ भावुक मुलाकातों की संभावना है। आने वाला समय आनंदमय और यादगार लगता है। सुनिश्चित कर लें कि आप इस खूबसूरत दशा का भरपूर लाभ उठायें। </THE-SUN-ONE >
<JUDGEMENT-ONE >यह कार्ड आपसे अपने आसपास की प्रत्येक चीज के लिये होशोहवास कायम रखने के लिये कह रहा है। आपको यह एहसास हो सकता है कि आपको चीजें प्राप्त हो रही हैं, लेकिन जब तक आप अच्छे प्रयास नहीं करते, तो आप इन चीजों का फायदा उठाने में नाकामयाब हो सकते हैं। यदि आप अभी प्रेम में नहीं पड़े हैं, तो यह संभावना है कि आप जल्दी ही किसी संभावित साथी से मिलेंगे। ऐसे मामले में, सबसे महत्वपूर्ण प्रश्न करने के लिये ज्यादा समय बर्बाद न करें। यदि आपने अतीत में किसी को छोड़ा है, तो आपके साथ भी वैसा ही हो सकता है। परन्तु अंततः, आपका प्रेम जीवन सकारात्मक रूप से आगे बढ़ेगा। </JUDGEMENT-ONE >
<THE-WORLD-ONE >यह कार्ड आपके मुश्किल समयों की समाप्ति को चिन्हित करता है और अपने प्रियतम के साथ आनंदमय और प्रेममय समय के आने की सूचना दे रहा है। आपका संबंध अंततः वैसा आकार लेगा जैसा कि आप हमेशा से चाहते रहे हैं। आपका साथी आपको मेहनत के लिये प्रोत्साहित करेगा और आपकी प्रशंसा करेगा और इससे आपका प्रेम खिलेगा। यह दशा आपके प्रेम जीवन के लिये नया जोश ले कर आयेगी। यदि आप अविवाहित हैं, तो उस विशिष्ट व्यक्ति के मिलने की अत्यधिक संभावना है। </THE-WORLD-ONE >
</ROOT>
