<?xml version="1.0" encoding="UTF-8"?>

<ROOT><THE-FOOL>Surprising and unexpected opportunities are opening up for you, and a new chapter is beginning. It's an exciting time, full of possibilities, so don't let fear hold you back. Trust the universe and take a leap into the unknown, even if you are not sure where it will lead you. Its time to follow your bliss! </THE-FOOL>
<THE-MAGICIAN>The world is your oyster, and a myriad of opportunities are available to you. Your skills and talents are opening doors, so have confidence in your abilities. You can rely on your knowledge and inspiration to recognize the best opportunities. Stay focused, don't get distracted, and don't get too full of yourself. </THE-MAGICIAN>
<THE-HIGH-PRIESTESS>Dreams and visions reveal secrets which can lead to new creative ideas. Listen to your inner wisdom and to your intuition. But don't get so lost in the inner planes that you miss the opportunities when they appear. You may find yourself following a new spiritual path or connecting more deeply to your feminine side. </THE-HIGH-PRIESTESS>
<THE-EMPRESS>There are an abundance of creative opportunities around you and you can be very productive. Take the opportunity to nurture new projects and bring them to birth. Everything is flowing easily for now, but there is still hard work to come. Don't let caring for others drain your energy. </THE-EMPRESS>
<THE-EMPEROR>There may be new opportunities for you which bring increased respect and social status, and the chance to take a leadership role. Your experience and skills can help you achieve your ambitions. Don't let the power go to your head, or try to be too controlling. </THE-EMPEROR>
<THE-HIEROPHANT>Opportunities for teaching and sharing your knowledge may come your way. You may also get the chance to take a leadership role in your community. Dogmatic thinking and a lack of flexibility will hold you back, so don't get too attached to the rules or to the social expectations of others. </THE-HIEROPHANT>
<THE-LOVERS>There may be new opportunities for romance coming, so be open and listen to your heart. You may be forced to make a choice between two equally positive options. Both choices are likely to have long term consequences, so choose carefully and consider what will bring you the most fulfillment. </THE-LOVERS>
<THE-CHARIOT>Your willpower and ambition can open up new opportunities for you, as long as you stay focused and in control. Plan carefully and don't lose sight of your goal, and you can be successful. Take care of the needs of others but don't let them hold you back. </THE-CHARIOT>
<STRENGTH>Your inner strength, patience and fortitude bring new opportunities, and there is no limit to what you can achieve at this time. Use the opportunities that come your way for your highest good, and for the good of others. Don't let fear or vulnerability hold you back, you are stronger than you think. Its time to own your power! </STRENGTH>
<THE-HERMIT>Opportunities are revealed when you listen to your inner wisdom. Take some time to be alone, away from the opinions and expectations of others, as these will hold you back at this time. This is a time for introspection and self reflection. Following the light of your personal truth will show you the path to take. </THE-HERMIT>
<THE-WHEEL-OF-FORTUNE>All is changing around you as the Wheel turns towards a new chapter. Opportunities may be revealed in all areas of your life, career, romance or home. Accept the change, as it is inevitable, and fighting against it will only hold you back. Accept also that there are some things you cannot control. </THE-WHEEL-OF-FORTUNE>
<JUSTICE>You have the opportunity to find a new sense of balance, and for equality to be restored. The law or intellectual pursuits may also bring new opportunities. Don't go to extremes or insist on doing things your own way at the expense of others. Use your powers of logic to choose the most fulfilling opportunity. </JUSTICE>
<THE-HANGED-MAN>Opportunities are most likely to come to you when you make sacrifices, so consider what you may need to release or give up. Letting go of the old clears the way for new possibilities. Taking a different perspective will also reveal new opportunities. Your only obstacle is time, so have patience and all will be revealed. </THE-HANGED-MAN>
<DEATH>You need to let go of the old and grieve what is past before new opportunities open up for you. Change is necessary at this time, so release what no longer serves you to make space for something new. If you cling to the past, new and more fulfilling possibilities may never be revealed. </DEATH>
<TEMPERANCE>Creative and spiritual opportunities may come your way at this time, or new possibilities relating to your health and well being. Make sure that you stay in balance and don't go to extremes, as this will cause obstacles in your path. Take a moderate approach for maximum reward. </TEMPERANCE>
<THE-DEVIL>There is great power available to you at this time, as long as you use it for the highest good. The obstacles that hold you back may be self imposed, if you break the chains new opportunities will open up before you. Be careful not to fall into the trap of materialism. </THE-DEVIL>
<THE-TOWER>Don't cling to outdated structures, especially if they are falling all around you, because they were the obstacles holding you back. Space is being cleared for a whole new way of being, bringing spiritual, emotional and material opportunities. You have the chance to find a more fulfilling path, as long as you leave the past behind. </THE-TOWER>
<THE-STAR>Now is the time to dream and vision the kind of opportunities that you want to manifest. The Star is a symbol of hope, that the opportunities you seek will come in time. Don't give in the cynicism or lack of faith, as these will hold you back. </THE-STAR>
<THE-MOON>Listen to your dreams and follow your instincts when new opportunities arise. Take care to get all the information you need before you commit, and check that all is what it seems. Sometimes what seems to be an opportunity can turn out to be an obstacle, if deception is involved. Let your intuition guide you. </THE-MOON>
<THE-SUN>Creative possibilities abound for you at this time, and your hard work and perseverance will be rewarded. There are new opportunities coming which bring happiness and a sense of deep fulfillment. The worst obstacles are behind you so embrace the new and enjoy a new and positive chapter. </THE-SUN>
<JUDGEMENT>The opportunities coming your way at this time may seem intimidating, perhaps asking more of you than you had expected. These higher goals are well within your grasp. You are called to something greater, perhaps to serve the higher good in some way, so don't let fear or lack of confidence hold you back. </JUDGEMENT>
<THE-WORLD>This is a time of completion, the ending of a cycle, so take any opportunities to tie up loose ends and complete your projects. New opportunities are coming soon, a whole new chapter beginning. Don't hold yourself back by focusing on what you have already achieved as that chapter is now complete. </THE-WORLD>
<ACE-OF-SWORDS>Opportunities may be coming your way for study and learning, for developing your intellect and powers of communication. Look out for new ideas and seemingly random thoughts. Take a new approach, as thinking in the same way you always do may cause you to miss an opportunity. </ACE-OF-SWORDS>
<TWO-OF-SWORDS>Indecision may be holding you back at this time, especially if you are faced with more than one new opportunity and are unable to follow them all. Make sure you have all the information you need, from your feelings and intuition as well as from your analysis and logic. </TWO-OF-SWORDS>
<THREE-OF-SWORDS>You may be suffering from pain or hurt feelings at this time, so that new opportunities seem distant. Allow your feelings to flow and don't repress them, or they will fester and become an obstacle to your growth. Examine them openly and they can clear the way for more positive opportunities. </THREE-OF-SWORDS>
<FOUR-OF-SWORDS>This is a time of rest and retreat, an opportunity for contemplation and recuperation. Trying to rush ahead at this time is likely to cause obstacles to appear in your path. Enjoy the respite and gather your strength, ready for the next step on your journey. </FOUR-OF-SWORDS>
<FIVE-OF-SWORDS>This is a time to choose your battles, as getting caught up in arguments will hold you back and may blind you to new opportunities. You may feel like you have won, but then find that you have been left with nothing. Instead choose your priorities carefully and don't let others cloud your judgement. </FIVE-OF-SWORDS>
<SIX-OF-SWORDS>Opportunities for travel may be coming your way, and also the chance to leave your troubles behind, or at least to lay down your burdens for a while. Your are likely to be feeling calm and gaining a sense of clarity. Be careful not to rock the boat as this will slow your progress. </SIX-OF-SWORDS>
<SEVEN-OF-SWORDS>Be wary of any new opportunities that come along at this time, for they may mean compromising your principles or doing something you believe to be deceptive or unethical. If obstacles are appearing before you, get everything out in the open and make sure they are not caused by the deception of others. </SEVEN-OF-SWORDS>
<EIGHT-OF-SWORDS>You may be feeling trapped, unable to follow the opportunities which are opening up to you. Take a look at what is actually trapping you, you may find that it is only fear of the new and that things are not as bad as they seem. You can break the bonds yourself and move into a new beginning. </EIGHT-OF-SWORDS>
<NINE-OF-SWORDS>The obstacle before you at this time is your own fear and anxiety, and your worries about what might go wrong. Try to find a sense of perspective and let go of these thoughts. New opportunities will be revealed when your mind clears and you realise that your worries are unfounded. </NINE-OF-SWORDS>
<TEN-OF-SWORDS>You may feel that new opportunities are far away, and that you are at the end of your tether. A cycle is ending, but a new dawn is coming. Move on from people and situations that might stab you in the back, and you will soon see new opportunities on the horizon. </TEN-OF-SWORDS>
<PAGE-OF-SWORDS>Following your curiosity and engaging your mind can bring new opportunities at this time. You may find yourself studying or learning something new. Keeping an open mind and not assuming you already know everything will open up the most interesting new possibilities, so take a childlike approach whatever your age and experience. </PAGE-OF-SWORDS>
<KNIGHT-OF-SWORDS>Rushing into things in a headstrong, impulsive way may turn out to be an obstacle at this time, especially if you are not sure exactly what you are getting yourself into. Move forwards by all means, but in the spirit of a quest for knowledge, and opportunities will be revealed which help you to fulfil your quest. </KNIGHT-OF-SWORDS>
<QUEEN-OF-SWORDS>Staying independent and holding to your highest purpose will bring you opportunities at this time. Try not to focus on past suffering or to go over old ground, as this can hold you back. The most interesting possibilities come when you are honest and straight talking, so that all parties involved know what they are getting. </QUEEN-OF-SWORDS>
<KING-OF-SWORDS>An opportunity to lead or take control may be coming, especially in the realm of business or academia. You may have the chance to guide and influence others, but don't let yourself dominate their thinking. The best opportunities come when you harness the powers of your mind, so don't hold yourself back by thinking small. </KING-OF-SWORDS>
<ACE-OF-WANDS>This is a positive card bringing inspiration and exciting new opportunities. It's likely that you are feeling hopeful and ready for the new adventure which is coming your way. You have lots of energy and are feeling creative, so make your own opportunities and embrace them! </ACE-OF-WANDS>
<TWO-OF-WANDS>You have a choice to make, perhaps between two equally exciting possibilities. Don't spend too long thinking about it as both opportunities may pass you by, it's more important at this time simply to make a decision and move forward with it. Any obstacles may be rooted in fear, so don't let it hold you back. </TWO-OF-WANDS>
<THREE-OF-WANDS>You have achieved a certain amount of success already, and your hard work brings rewards and new opportunities. There may be possibilities for collaboration opening based on your past success. Taking the long view can help your right now, so set your sights high and put your plans into action. </THREE-OF-WANDS>
<FOUR-OF-WANDS>The opportunity for a celebration may be coming your way, either a special occasion or simply a chance to enjoy some time with friends and loved ones. There are also possibilities for building a home, bringing both material and emotional security. A time for relaxing and enjoying the fruits of your labours. </FOUR-OF-WANDS>
<FIVE-OF-WANDS>Taking the opportunities open to you at this time could put you in competition with others, or may come at the expense of other people. It's a time to choose your battles carefully and to focus on what is important for you as an individual. </FIVE-OF-WANDS>
<SIX-OF-WANDS>This is a card of victory, bringing opportunities for recognition and praise. You have overcome your challenges and achieved your goal, and now others appreciate how far you have come. Be sure to include all those who have helped you in your celebrations, and give everyone their chance to shine. </SIX-OF-WANDS>
<SEVEN-OF-WANDS>You have the courage of your convictions, and need to be strong to fight against the obstacles which may appear before you. This is an opportunity to stand up for what you believe in, and to hold on to what you have gained. You have the upper hand, so make sure you stay in control. </SEVEN-OF-WANDS>
<EIGHT-OF-WANDS>There are many new opportunities opening up for you at this time, perhaps for a new business venture, romantic relationship or travel overseas. There is a lot of energy and enthusiasm available to you, so make sure you can keep up! Things might be moving fast and any obstacles are likely to be easy to overcome. </EIGHT-OF-WANDS>
<NINE-OF-WANDS>There may be obstacles in your way at this time, which you have fought before and may need to fight again. You have the strength to stand your ground, so take this opportunity for a break and stay focused on your goal. Persistence and determination will get you through. </NINE-OF-WANDS>
<TEN-OF-WANDS>You may be feeling overwhelmed and overworked, and longing to lay down some of your burdens. Its not quite time yet, but the opportunity will come, especially if you learn the power of saying no to the burdens of others and focusing only on those tasks which are yours alone. </TEN-OF-WANDS>
<PAGE-OF-WANDS>There may be news or messages coming your way which will reveal exciting new possibilities. You are likely to be full of enthusiasm and keen to get started, so enjoy this energy while it lasts to make progress towards your goal. Don't do too much thinking or planning as these may get in your way, instead focus on action. </PAGE-OF-WANDS>
<KNIGHT-OF-WANDS>There may be opportunities for travel and adventure coming your way, so be open to new possibilities and don't let fear hold you back. Let your passion and enthusiasm carry your forward. Don't be held back by your fiery temper, instead harness your energy and ride forwards. This is a time for saying yes to everything! </KNIGHT-OF-WANDS>
<QUEEN-OF-WANDS>They say fortune favours the brave, so take the leap and create your own opportunities. You may find yourself taking the lead, especially in business or a similar enterprise. Trying to dominate others will cause them to put obstacles in your path, so rely on your charm to win them to your side. </QUEEN-OF-WANDS>
<KING-OF-WANDS>You may have the opportunity to work with a new mentor, someone who is a leader in their field, or you may be teaching and mentoring others. This is a good time for taking risks, as you can rely on the confidence born of experience to bring success. </KING-OF-WANDS>
<ACE-OF-CUPS>The opportunity for a new relationship or friendship may be coming your way, sparking new emotions and feelings. Go with the flow and let this new connection develop, without over-thinking or getting anxious about it. It can bring peace and contentment, as long as you don't let fear hold you back. </ACE-OF-CUPS>
<TWO-OF-CUPS>You have the opportunity to make a profound soul connection with somebody else, perhaps beginning a new romantic relationship, friendship or business collaboration. Emotional connections generate energy and this is likely to feel like a very creative and positive time. Alternatively, you can take the opportunity to commit more deeply to an existing relationship. </TWO-OF-CUPS>
<THREE-OF-CUPS>New opportunities may come your way through social events, so get out there and enjoy yourself. You may find yourself networking, or simply catching up with friends and celebrating the things that make you happy. Don't make this an obstacle to your progress by getting so caught up in the pleasures of life that you lose your focus. </THREE-OF-CUPS>
<FOUR-OF-CUPS>You may be held back at this time by a sense of stagnation, or simply feeling bored and stuck in a rut. Whilst some time for reflection is good and necessary, don't get so lost in it that you miss the opportunities that may come your way. Take some time for emotional healing to clear the way for something new. </FOUR-OF-CUPS>
<FIVE-OF-CUPS>It may be that you are creating obstacles for yourself by dwelling on the past and on what you have lost. Turn around and take a different perspective, and you may find that there are more opportunities available to you than you thought. You have more to offer than you realise! </FIVE-OF-CUPS>
<SIX-OF-CUPS>You may have been focusing on happy memories lately, and enjoying a gentle nostalgia for the past. Whilst this is enjoyable for a while, it can become an obstacle to change, stopping you from recognising new opportunities. Look for the gifts of the present, for they will open up the future. </SIX-OF-CUPS>
<SEVEN-OF-CUPS>There may be many opportunities available to you right now, so many that you are unable to settle on any of them. Having a number of options available can become an obstacle if you are not able to make a decision. If all of the opportunities are equally positive, its better to just make a decision and move forward. </SEVEN-OF-CUPS>
<EIGHT-OF-CUPS>You may have the opportunity to make a big change in your life, one which could involve burning some bridges and turning your back on all that you have achieved so far. Only you can decide whether the opportunity is worth taking and whether it would allow you to build something more meaningful. </EIGHT-OF-CUPS>
<NINE-OF-CUPS>The opportunity may be coming for all your wishes to come true and for you to get everything you believe you want. A chance for happiness, contentment and peace. However make sure that you have inner peace too, and don't give in to indulgence. Ensure that your pleasures are meaningful or the happiness will not last. </NINE-OF-CUPS>
<TEN-OF-CUPS>The possibilities around you bring blessings and happiness, love and emotional security. You have the chance to attain a deep sense of fulfillment. and contentment, surrounded by those you love and happy with your situation in life. Enjoy it, but don't get complacent or take it for granted. </TEN-OF-CUPS>
<PAGE-OF-CUPS>The possibility of a new beginning in the realm of feelings is coming your way, perhaps a new relationship. It could be romantic, but could also be a family relationship or a deep friendship. Listen out for messages from your intuition as they can bring creative or spiritual opportunities. </PAGE-OF-CUPS>
<KNIGHT-OF-CUPS>You may meet someone who is gentle, sensitive and romantic, or you may be manifesting these qualities yourself. There is the opportunity for love and friendship, and for a soul connection. However this energy may also be an obstacle, if you become passive or lapse into escapism. </KNIGHT-OF-CUPS>
<QUEEN-OF-CUPS>Listen to your dreams and intuition to find out what opportunities are coming your way. Your compassionate, sensitive side is being awakened, or you may meet a sensitive soul who initiates you into your own feeling self. This is not a time to take a logical approach, but to go with the flow and be open to inspiration. </QUEEN-OF-CUPS>
<KING-OF-CUPS>You may have the opportunity to guide others and to help them connect to their feelings. This calls for compassion and sensitivity, and a deep understanding of how relationships work and what makes people tick. Don't get so caught up in caring for the feelings of others that you become disconnected from your own feelings. </KING-OF-CUPS>
<ACE-OF-PENTACLES>An opportunity to make money or material gains may be coming your way. You may have opportunities to improve your financial situation, perhaps your home or even your health. Either way you are likely to gain an increased sense of security, as long as you remember what's truly valuable. </ACE-OF-PENTACLES>
<TWO-OF-PENTACLES>You may feel that you are going around in circles at this time, trying to hold too many balls in the air at once. However you have the opportunity to come into balance. Make sure that you are not focusing too much on one area of life, for example spending all your time at work at the expense of your home life. </TWO-OF-PENTACLES>
<THREE-OF-PENTACLES>There may be the possibility of working to build something lasting and meaningful at this time, and you are likely to improve your skills or learn new ones during the process. Don't feel you have to do it all by yourself, ask for help if you need to, as working with others will bring even greater opportunities. </THREE-OF-PENTACLES>
<FOUR-OF-PENTACLES>You may be held back at this time by fears or anxiety around money. Clinging to a sense of material security will not bring new opportunities. Instead you need to allow energy to move and flow, by exchanging it with others, in the form of money or otherwise. </FOUR-OF-PENTACLES>
<FIVE-OF-PENTACLES>You may be feeling beset by obstacles at this time, and that there are no new opportunities on the horizon. However obstacles are in themselves opportunities, so take it one step at a time and take control of your situation. Once your start to help yourself, others may come along who will help you, and opportunities will begin to open up. </FIVE-OF-PENTACLES>
<SIX-OF-PENTACLES>Opportunities come from an exchange of energy at this time. If you have abundance in your life, share it with others. If you are feeling a lack, don't be afraid to accept abundance from others. Either way, cultivate a sense of gratitude for what you have and the universe will provide what you need. </SIX-OF-PENTACLES>
<SEVEN-OF-PENTACLES>You have been working hard and finally have the opportunity to enjoy the fruits of your labours. Be aware of how far you have come and where you want to go next, and keep those things in mind as you evaluate the opportunities available to you. Focus on what you value most highly. </SEVEN-OF-PENTACLES>
<EIGHT-OF-PENTACLES>You may have the opportunity to take your skills to the next level, whether by learning a new technique, or perhaps turning a hobby into a business. If you to work conscientiously and stay focused, you can gain pride and a sense of fulfillment., and new possibilities will open up for you. </EIGHT-OF-PENTACLES>
<NINE-OF-PENTACLES>The opportunities coming to you at this time reward the hard work you have already put in, gaining independence and self reliance. You can enjoy the results of the good decisions you have made so far, and have the possibility to enjoy a few of life's luxuries. They are well earned, so enjoy them! </NINE-OF-PENTACLES>
<TEN-OF-PENTACLES>Life is full of opportunities right now which add to your sense of abundance and security. You have enough for what you need and also to save for a rainy day. Cultivate gratitude for what you have and don't take it for granted. Use this opportunity to build a solid foundation for yourself and those you love. </TEN-OF-PENTACLES>
<PAGE-OF-PENTACLES>This card bring opportunities in the material realm, perhaps an apprenticeship or for learning something from experience and practice. There may be new possibilities opening up from improving your health for simply for learning a new skill or craft. Taking a practical approach will bring you the resources you need. </PAGE-OF-PENTACLES>
<KNIGHT-OF-PENTACLES>Life may seem rather dull at the moment, with no exciting new opportunities on the horizon. But don't overlook the rewards of steady hard work and the simple pleasures of life. If you are seeking new opportunities, be open to change and take joy in what you have, and the universe will provide in time. </KNIGHT-OF-PENTACLES>
<QUEEN-OF-PENTACLES>There are opportunities around you at this time which can help you to be more creative, more productive and more connected to home and to the earth. As long as you take control of your own destiny, there are new possibilities coming into view, allowing you to feel more secure and to gain a sense of stability. </QUEEN-OF-PENTACLES>
<KING-OF-PENTACLES>The opportunities around you at this time relate to the practical, material side of life, bringing success as long as you engage both your courage and your intellect. You may be taking a leadership role in the fields of business or the environment, or mentoring those who are following in your footsteps.</KING-OF-PENTACLES>
</ROOT>
