{
  "theme_thumb_url": "https://uvadmin.s3.ap-south-1.amazonaws.com/theme_thumb/",
  "theme_bundle_url": "https://uvadmin.s3.ap-south-1.amazonaws.com/animation_file/",
  "category": [
    {
      "id": 1,
      "name": "General",
      "themes": [
        {
          "theme_id": 1,
          "theme_name": "BitMusic",
          "cat_name": "1",
          "theme_info": "Null",
          "is_premuim": "false",
          "game_object_name": "1",
          "theme_bundle": "BitMusic.zip",
          "bundle_size": "192593",
          "theme_thumbnail": "BitMusic.png",
          "from_asset": true
        },
        {
          "theme_id": 2,
          "theme_name": "ColoredShapes",
          "cat_name": "1",
          "theme_info": "Null",
          "is_premuim": "false",
          "game_object_name": "9",
          "theme_bundle": "ColoredShapes.zip",
          "bundle_size": "74743",
          "theme_thumbnail": "ColoredShapes.png",
          "from_asset": true
        }
      ]
    },
    {
      "id": 2,
      "name": "Love",
      "themes": [
        {
          "theme_id": 1,
          "theme_name": "LoveStory",
          "cat_name": "2",
          "theme_info": "Null",
          "is_premuim": "false",
          "game_object_name": "21",
          "theme_bundle": "LoveStory.zip",
          "bundle_size": "80189",
          "theme_thumbnail": "LoveStory.png",
          "from_asset": true
        },
        {
          "theme_id": 2,
          "theme_name": "LoveBirds",
          "cat_name": "2",
          "theme_info": "Null",
          "is_premuim": "false",
          "game_object_name": "33",
          "theme_bundle": "LoveBirds.zip",
          "bundle_size": "54410",
          "theme_thumbnail": "LoveBirds.png",
          "from_asset": true
        }
      ]
    },
    {
      "id": 3,
      "name": "Birthday",
      "themes": [
        {
          "theme_id": 1,
          "theme_name": "BirthdayBash",
          "cat_name": "3",
          "theme_info": "Null",
          "is_premuim": "false",
          "game_object_name": "41",
          "theme_bundle": "BirthdayBash.zip",
          "bundle_size": "233509",
          "theme_thumbnail": "BirthdayBash.png",
          "from_asset": true
        },
        {
          "theme_id": 2,
          "theme_name": "BirthdaySpecial",
          "cat_name": "3",
          "theme_info": "Null",
          "is_premuim": "false",
          "game_object_name": "47",
          "theme_bundle": "BirthdaySpecial.zip",
          "bundle_size": "183452",
          "theme_thumbnail": "BirthdaySpecial.png",
          "from_asset": true
        }
      ]
    },
    {
      "id": 4,
      "name": "Neon",
      "themes": [
        {
          "theme_id": 1,
          "theme_name": "DJMic",
          "cat_name": "4",
          "theme_info": "Null",
          "is_premuim": "false",
          "game_object_name": "83",
          "theme_bundle": "DJMic.zip",
          "bundle_size": "209969",
          "theme_thumbnail": "DJMic.png",
          "from_asset": true
        },
        {
          "theme_id": 2,
          "theme_name": "BoxBlast",
          "cat_name": "4",
          "theme_info": "Null",
          "is_premuim": "false",
          "game_object_name": "81",
          "theme_bundle": "BoxBlast.zip",
          "bundle_size": "23598",
          "theme_thumbnail": "BoxBlast.png",
          "from_asset": true
        }
      ]
    },
    {
      "id": 5,
      "name": "Smoke",
      "themes": [
        {
          "theme_id": 1,
          "theme_name": "SmokeMagic",
          "cat_name": "5",
          "theme_info": "Null",
          "is_premuim": "false",
          "game_object_name": "103",
          "theme_bundle": "SmokeMagic.zip",
          "bundle_size": "177436",
          "theme_thumbnail": "SmokeMagic.png",
          "from_asset": true
        }
      ]
    },
    {
      "id": 6,
      "name": "God",
      "themes": [
        {
          "theme_id": 1,
          "theme_name": "Ganesha",
          "cat_name": "6",
          "theme_info": "Null",
          "is_premuim": "false",
          "game_object_name": "61",
          "theme_bundle": "Ganesha.zip",
          "bundle_size": "131657",
          "theme_thumbnail": "Ganesha.png",
          "from_asset": true
        }
      ]
    },
    {
      "id": 7,
      "name": "Festival",
      "themes": [
        {
          "theme_id": 1,
          "theme_name": "KrishnaFlute",
          "cat_name": "7",
          "theme_info": "Null",
          "is_premuim": "false",
          "game_object_name": "124",
          "theme_bundle": "KrishnaFlute.zip",
          "bundle_size": "285833",
          "theme_thumbnail": "KrishnaFlute.png",
          "from_asset": true
        }
      ]
    }
  ]
}


