{
  "Data": [
    {
      "theme_name": "Ye Mosam Ki Baris",
      "theme_thumbnail": "https://beatsadmin.s3.ap-south-1.amazonaws.com/thumb/1598020943YeMosamKiBaris.png",
      "sound_file": "https://beatsadmin.s3.ap-south-1.amazonaws.com/sounds/1598020944YeMosamKiBaris.mp3",
      "sound_filename": "Ye Mosam Ki Baris",
      "sound_size": "241299",
      "partical_name": "BitMusic",
      "partical_thumbnail": "https://uvadmin.s3.ap-south-1.amazonaws.com/theme_thumb/1597664256BitMusic.png",
      "partical_bundle": "https://uvadmin.s3.ap-south-1.amazonaws.com/animation_file/1597664257BitMusic.zip",
      "partical_size": "192593",
      "game_object_name": "1",
      "from_asset": true
    }
  ]
}