<?xml version="1.0" encoding="utf-8" ?>
<ROOT>
<ACE-OF-CUPS-ONE >यह कार्ड दर्शाता है कि आपके भावनात्मक महत्ता के मामलों में उलझने की संभावना है। अब समय आ गया है कि आप अपने दिल के कहे अनुसार चलें। आपको अपनी अंतर्दृष्टि पर भरोसा करना होगा और वही करें जिसे आप भावनात्मक रूप से उचित समझते हैं। आप को शायद सहानुभूति और प्रेम के धनिष्ठ संबंध के पनपने का आभास होगा। आपके जीवन की मजबूत और चमकते रहने की संभावना है। </ACE-OF-CUPS-ONE >
<TWO-OF-CUPS-ONE>कार्ड मुख्यतः संबंध, शान्ति और स्नेह का संकेत देता है। यह प्रेम/भागीदारी, काम, दोस्ती में या कहीं और नया सम्बन्ध बनाने के बारे में है। यह समय इकट्ठे रहने का है न कि दूर रहने का। यदि किसी सम्बन्ध/भागीदारी में झगड़ा है तो उसको सुलझा लें और शान्ति बनायें। माफ़ करें और भूल जायें। हरेक के साथ अलग से सम्बन्ध बनायें और आशावादी बन कर आगे बढ़ें। </TWO-OF-CUPS-ONE >
<THREE-OF-CUPS-ONE >यह जीवन के प्रति एक बेहतर उत्साह और आतुरता दर्शाता है। आप अपने आप को प्रत्येक उस चीज का आनंद उठाते हुए पायेंगे जो आपकी राह में आयेगी। आप अपने पुराने मित्रों के साथ एकत्रित होंगे और उनके साथ भरोसे का एक मजबूत सम्बन्ध बनायेंगे। आप समाज में सौहार्द के अनुभव से नए सम्बन्ध बनायेंगे। आप एक सांझे उद्देश्य के किसी टीम/समूह के साथ काम करेंगे। </THREE-OF-CUPS-ONE >
<FOUR-OF-CUPS-ONE >यह कार्ड अपने विचारों और जीवन पर चिंतन और आत्मविश्लेषण करने का प्रतीक है। आप अपने आपको किसी अवांछित स्थिति में पा सकते हैं। कभी-कभी, आप अपने-आप को उदासीन महसूस कर सकते हैं और आप में प्रेरणा की कमी हो सकती है। आपको नई दिशा पाने के लिए, जिसकी आप आशा कर रहे थे, अपने-आप को नई संभावनाओं के लिए आँखें खोलने की आवश्यकता है। और अधिक निस्वार्थ रहने की कोशिश करें और अपना रास्ता तलाशने के लिए दूसरों की सुनें। </FOUR-OF-CUPS-ONE >
<FIVE-OF-CUPS-ONE >यह कार्ड जीवन में बीती हुई घटनाओं के कारण आशा खो देना, निराशा और खिन्नता का प्रतीक है। आप अपने-आप को किसी वजह से, जो पहले ही हो चुकी है, खोये हुए या हारे हुए महसूस करेंगे। आप अपने पिछले निर्णयों पर पछता रहे होंगे और कामना कर सकते हैं कि काश वह समय फिर से आ जाये ताकि आप अपने फैसले बदल सकें। आप अपनी गल्तियों को तो स्वीकार रहे हैं परन्तु आप यह नहीं सोच रहे हैं कि क्या बचा है। आपको पिछली बातों को भूलना होगा, वर्तमान में देखें कि क्या अच्छा है और भविष्य के लिए काम करें। </FIVE-OF-CUPS-ONE >
<SIX-OF-CUPS-ONE >यह कार्ड जीवन के प्रति आपके दयालु ह्रदय और निश्छल भाव को बताता है। आप बिना अपने मतलब के ख़ुशी फैला कर प्रसन्न होते हैं। आप अपने-आप सुखी महसूस करते हैं और दूसरों की सहायता करके आनंदित होते हैं। आप अपने आसपास की छोटी-छोटी चीजों को देखना शुरू कर सकते हैं और उन छोटी-छोटी खुशियों में संतुष्टि चाहेंगे। आप अपने बचपन की याद में उदास हो सकते हैं। निकट भविष्य में आप ईश्वर के प्रेम में पड़ सकते हैं। </SIX-OF-CUPS-ONE >
<SEVEN-OF-CUPS-ONE >यह कार्ड भ्रमजाल और सपनों के बारे में है। आप अपने दिमाग को कल्पना में भटकने देते हैं और जीवन की वास्विकताओं पर ध्यान केन्द्रित नहीं करते। आप ऐसे समय का सामना कर रहे जहाँ आपको चुनने के लिए कई विकल्प मिल सकते हैं। संभावनाएं हैं कि आप अपनी सेहत की अनदेखी कर रहे हैं और खाने/पीने में जरूरत से ज्यादा संलिप्त हो रहे हैं। आलस और टाल-मटोल आपके सबसे बड़े दुश्मन हैं। </SEVEN-OF-CUPS-ONE >
<EIGHT-OF-CUPS-ONE >यह कार्ड आपकी जीवन का गहन अर्थ समझने में आपकी उन्नति दर्शाता है। आपकी इच्छा जीवन की समस्याओं से अलग रहने की और निराशाजनक स्थितियों का त्याग करने की है। आपकी प्रवृति दौलत या शक्ति के संघर्ष के बजाय सच्ची ख़ुशी ढूँढने की हो सकती है। आप आंतरिक आनंद की खोज में रहेंगे और आपकी प्रवृति अतीत से दूर हटने की हो सकती है। आप धार्मिक गतिविधियों को अधिक समय दे सकते हैं। </EIGHT-OF-CUPS-ONE >
<NINE-OF-CUPS-ONE >यह कार्ड इच्छाओं की पूर्ति दर्शाता है। आप उतना कमायेंगे जितने के आप वाकई में हक़दार हैं और इच्छा करते हैं। आप जीवन में बहुत संतुष्ट महसूस कर सकते हैं, क्योंकि सफलता आपके साथ है। आपके अभिलाषित सपने सच्चे हो सकते हैं और आप बहुत समय से प्रतीक्षित लक्ष्यों को अंततः प्राप्त कर सकते हैं। आप विलास का अनुभव और सराहना करना चाहेंगे। जब तक इस अच्छे समय का आनंद उठा सकते हैं उठायें। </NINE-OF-CUPS-ONE >
<TEN-OF-CUPS-ONE >यह कार्ड आपके जीवन में ख़ुशी और शान्ति के आगमन को प्रतिबिंबित करता है। आपको अपने आसपास की ख़ुशी का आभास हो सकता है और आप स्व्यं को भला-चंगा महसूस कर सकते हैं। आपका तनाव और परेशानी कम हो सकते हैं और जीवन सुगम और सामंजस्यपूर्ण हो सकता है। आप प्रेम और मित्रता पर अपना ध्यान केन्द्रित करेंगे और दोनों में ही अपना उत्कृष्ट करेंगे। आप अपने परिवार के प्रति समर्पित रहेंगे और सामजिक समारोहों और उनसे जुड़े हुए कार्यक्रमों का आनंद उठायेंगे। </TEN-OF-CUPS-ONE >
<PAGE-OF-CUPS-ONE >यह कार्ड आपके भावनात्मक पक्ष को प्रतिबिंबित करता है। आपकी प्रवृति अपने दिमाग के बजाय दिल की बात मानने की है। आपकी प्रवृति छोटी-छोटी बातों पर भावुक और द्रवित होने की है। आप अपने अंदर देखते हैं और मार्गदर्शन के लिए अपनी अंतर्दृष्टि पर भरोसा करते हैं। रोमांटिक समय के लिए आपका यह उत्तम समय है जिसमें आप भावनात्मक रूप से व्यक्ति के नजदीक होंगे। अन्तरंग मित्रताओं का विकास करना चाहिये। यह समय अब टूटे हुए सम्बन्धों को फिर से जोड़ने का भी है। </PAGE-OF-CUPS-ONE >
<KNIGHT-OF-CUPS-ONE >यह कार्ड खूबसूरत भावनाओं के लिए है और इसकी अधिकता के बारे में भी इशारा करता है। कभी-कभी आप प्रेम में भावुक हो सकते हैं, लेकिन अपने प्रेम की अभिव्यक्ति के लिए हद से गुजर सकते हैं। आपके रोमांस में इर्ष्या आ सकती है। आप भावुक हैं, लेकिन कभी-कभी आप आसानी से आहत हो जाते हैं। आप मिलनसार और बुद्धिमान हैं। आप अपने बारे में बहुत बड़े-बड़े सपने देखते हैं लेकिन आसानी निरुत्साहित हो जाते हैं। </KNIGHT-OF-CUPS-ONE >
<QUEEN-OF-CUPS-ONE >यह कार्ड भावनाओं से निपटने के लिए भावुकता और परिपक्वता का प्रतीक है। आप प्रत्येक परिस्थिति में, जिसका सामना करेंगे, दूसरों का ध्यान रखने वाले और विचारवान दृष्टिकोण दिखायेंगे। आपकी प्रवृति अपने धार्मिक पक्ष से जुड़ने की और जीवन के गहन अर्थ की सराहना करने की है। आप धैर्यवान हैं। आप दूसरों पर तरस खाते हैं और दुर्बलों के प्रति दयालु और कोमल रहते हैं। आपकी प्रवृति चीजों को बिना पूछे समझने की है। </QUEEN-OF-CUPS-ONE >
<KING-OF-CUPS-ONE >यह कार्ड एक समझदार और सहनशील रवैये का द्योतक है। आपको मानव प्रकृति की गहन समझ हो सकती है।आप एक अच्छे अध्यापक बन सकते हैं। आप संकट के समय अपने दिमाग को शांत रख सकते है और तनावग्रस्त क्षण को सुलझाने में सहायता कर सकते हैं। आप वंचितों के लिए दया महसूस करते हैं। आप व्यावहारिक दृष्टिकोण वाले आधुनिक विचारों वाले व्यक्ति हो सकते हैं। आपका नेतृत्व कौशल आपकी सम्पत्ति है। </KING-OF-CUPS-ONE >
<ACE-OF-PENTACLES-ONE >यह कार्ड यह सुझाता है कि आपके पास जो मानसिक शक्ति है उसे एकत्रित करें और उसे अपने लक्ष्यों की ओर केन्द्रित करें। आप अपने प्रयासों को वांछित परिणामों में बदलते हुए देख सकते हैं। यह अंततः आपके व्यवसाय और जीवन में वृद्धि लायेगा और आपके लिए एक सकारात्मक मनोदशा का निर्माण करेगा। आपको व्यवहारिक रूप से चलना चाहिए और जीवन में यथार्थवादी होना चाहिये। दूसरों पर निष्ठा और भरोसे से चलने पर आपके लिए फायदेमंद होगा। </ACE-OF-PENTACLES-ONE >
<TWO-OF-PENTACLES-ONE >यह कार्ड जीवन के प्रति स्वयं को ढालना और अनुकूलता के बारे में बात करता है। आप जिन चीजों को संभाल रहे हैं उन्हें उचित तरीके से सुन्तुलित रखेगें और स्थिर परन्तु तेज क़दमों से आगे बढ़ेंगे। आप नए विचारों और संभवनाओं के लिए दोनों व्यक्तिगत और व्यवसायिक जीवन में ही तैयार रहेंगे। आप कुशलता से मजे-मजे में जो भी बदलाव होते हैं उन्हें संभालने में सफल रहेंगे। काम और दिल्लगी आपके लिए साथ-साथ चलेंगे। </TWO-OF-PENTACLES-ONE >
<THREE-OF-PENTACLES-ONE >एक टीम के साथ काम करने का आपका साम्थर्य इस कार्ड के द्वारा महत्पूर्ण अंकित किया गया है। आप जिन कामों को हाथ में लेते हैं उनमें आप बहुत उच्च स्तर पर समन्वय करेंगे और प्रेरणा देंगे आपकी प्रवृति अपनी पद्धति में काफी व्यवस्थित होने की हो सकती है। आप अपनी क्षमता से अपने काम में सम्पूर्णता प्राप्त करेंगे और अपने लक्ष्यों को प्राप्त करने में सफल होंगे। इसलिए आप किसी पर भी अपनी क्षमता को साबित करेंगे जिसको इसके बारे में कोई शक है। </THREE-OF-PENTACLES-ONE >
<FOUR-OF-PENTACLES-ONE >यह कार्ड आपकी किसी चीज पर कब्ज़ा करने या हावी होने के अलग-अलग रंगों को और बदलाव के लिए विरोध पर प्रकाश डालता है। आपकी प्रवृति भौतिकवादी चीजों को इकट्ठा करके रखने की है और दूसरों से साझा न करने की है। आप अपने आसपास की चीजों पर नियंत्रण करने की कोशिश कर सकते हैं और यह माँग कर सकते हैं कि चीजें आपके अनुसार ही की जायें। आपकी प्रवृति चीजों न छेड़ने और बदलने की है, इसलिए जीवन के अधिकतर पहलुओं में एक सामान्य निष्क्रियता लाने की है। </FOUR-OF-PENTACLES-ONE >
<FIVE-OF-PENTACLES-ONE >यह कार्ड भावनात्मक और शारीरिक रूप से मुश्किल समय की दशा दिखाता है। आप किसी प्रकार की वित्तीय समस्या में उलझ सकते हैं या आपके कार्यस्थल पर कुछ मुद्दे उठ सकते हैं। आपको उस आवश्यक कौशल की कमी का अनुभव हो सकता है जिसकी आपको वास्तव में प्रगति करने के लिए आवश्यकता है। आप ऐसी दशा से भी गुजर सकते हैं जिसमें आपको लगे कि आपको सहारे की कमी है और आप थोड़े से अकेलेपन की ओर जा सकते हैं। स्वास्थय समस्यायें भी हो सकती हैं। </FIVE-OF-PENTACLES-ONE >
<SIX-OF-PENTACLES-ONE >यह कार्ड बताता है कि सम्पत्ति, शक्ति और बुद्धिमत्ता होने की संभावनाओं की थोड़ी शंका है। आपके पास या तो यह होंगे या नहीं होंगे। या तो आप लेने वालों में से होंगे या फिर देने वालों में से। आप जहाँ भी रहें, यह आपके जीवन के हरेक पर लागू होता है। परन्तु दोनों ही मामलों में, आपको अपने भविष्य को समझना चाहिये और इसका विश्लेषण करना चाहिये और इसके लिये काम करना चाहिये। </SIX-OF-PENTACLES-ONE >
<SEVEN-OF-PENTACLES-ONE >यह कार्ड वर्तमान जीवन की परिस्थिति का आकलन और विश्लेषण करने का प्रतीक है। आपको अब तक की गई अपनी प्रगति पर निगाह रखने के लिए थोड़ा समय निकालना चाहिये और सुनिश्चित करना चाहिये कि आप सही रास्ते पर जा रहे हैं। इसकी बहुत अधिक संभावना है कि अपने ईमानदार प्रयासों से आपको सफलता मिलेगी और आप उन पड़ावों तक पहुचेगे जिनका आपने सपना देखा था। आप अपने घर/नौकरी को बदलने के बारे में सोच सकते हैं। </SEVEN-OF-PENTACLES-ONE >
<EIGHT-OF-PENTACLES-ONE >यह कार्ड आपके अत्यधिक दृढ निश्चय और बारीकी से देखने की क्षमता को दर्शाता है। आप किसी कार्य/कार्यों में संलिप्त हो सकते हैं और उस काम में सम्पूर्ण ह्रदय से लग जाते हैं। यह दृष्टिकोण आपको जिन चीजों पर आप कार्य कर रहे हैं उनके लिये अपनी दक्षता और ज्ञान को बढ़ाने में सहायता करेगा। आप बहुत सावधानी बरतेगें और यह सुनिश्चित करेंगे कि अंतिम विवरण तक आप प्रत्येक चीज को क्रमबद्ध ढंग से और सही तरीके से करें। </EIGHT-OF-PENTACLES-ONE >
<NINE-OF-PENTACLES-ONE >यह कार्ड आत्म-विश्वास के साथ आपके अनुशासनात्मक व्यवहार और बेहतरी की तीव्र इच्छा के बारे में बात करता है। आप समस्याओं को सुलझाने और जीवन के संचालन के लिए एक अति-व्यवस्थित और अलग दृष्टिकोण अपनायेंगे। आपको अपने कौशल पर भरोसा होगा और अपने साम्थर्य को स्वयं ही कार्य-निष्पादन में परिवर्तित करेंगे। आप सम्पूर्णता का अनुकरण करेंगे और जीवन की छोटी-छोटी चीजों में आनंद लेंगे। आपका लक्ष्य एक विलासमय जीवनशैली का रहेगा। </NINE-OF-PENTACLES-ONE >
<TEN-OF-PENTACLES-ONE >यह कार्ड बताता है कि आपके पास सम्पत्ति बहुतायत में होगी। आप अपने व्यापार में बहुत बढ़िया सफलता प्राप्त करेंगे जिसमें आपके उद्दयम फलफूल रहे हैं। या फिर आपको बहुत अधिक तनख्वाह वाली नौकरी मिल सकती है। किसी भी हालत में आपको वित्तीय सुरक्षा हासिल रहेगी। आप कोई योजना बना सकते हैं जिससे आप और आपके परिवार वाले आजीवन सुरक्षित रहें। इन सबमें, आप आजमाये और परखे हुए तरीके ही अपनायेंगें और जो कुछ भी आप करेंगे नियमों के अंतर्गत ही करेंगे। </TEN-OF-PENTACLES-ONE >
<PAGE-OF-PENTACLES-ONE >यह कार्ड सुझाता है कि आप जीवन में व्यवहारिक हैं और अपने सपनों को सच्चा करने के लिये कार्यवाही करते हैं। आपके पास जो कुछ भी है आपको उसी के साथ काम करना पड़ेगा और ऐसा करने के लिये अपनी मानसिक और शारीरिक शक्ति का उपयोग करना पड़ेगा। आपको अपना टालमटोल करने वाला व्यवहार छोड़ देना चाहिये और वास्तिवकता का सामना करना चाहिये। आपको एक जिम्मेदार और विश्वसनीय तरीके से चलना चाहिये और उन लोगों पर भरोसा करना चाहिये जिनके साथ आप काम करते हैं। </PAGE-OF-PENTACLES-ONE >
<KNIGHT-OF-PENTACLES-ONE >यह कार्ड आपके जीवन की सकारात्मक चीजों के प्रति जरूरत से ज्यादा झुकाव की बात करता है। जब आप एक लक्ष्य को पाने का संकल्प करते हैं, तो आप जिद्दी हो जाते हैं, किसी की नहीं सुनते और आशाहीन स्थिति में भी अपने लक्ष्य को नहीं छोड़ते। आप रूढ़िवादी हैं, जोखिम उठाने से डरते हैं और इसलिये कभी-कभी आसान अवसर भी खो देते हैं। आपकी विशुद्धता की खोज कभी-कभी जुनून की हद तक चली जाती है। आपकी व्यवहारिकता आपको निराशावादी बना देती है। आप इतनी मेहनत करते हैं कि आप अपने आसपास की खूबसूरत दुनिया को देखने में विफल रहते हैं। </KNIGHT-OF-PENTACLES-ONE >
<QUEEN-OF-PENTACLES-ONE >यह कार्ड दिखाता है कि आप सरल, प्रेरणात्मक और उदार स्वभाव के हैं। आप अपने आसपास के लोगों का निस्वार्थ रूप से ख्याल रखते हैं। आपके पास कोमल ह्रदय है और अपने परोपकारी रवैये से आप अपने आसपास आनंद और प्रसन्नता फैलाना चाहते हैं। आप एक निष्ठावान और भारोसेमंद व्यक्ति हैं। आप चीजों को बर्बाद नहीं करते और छोटी सी चीज सी को भी बहुत बड़ा बना देते हैं। दूसरों को आपके सादे और खुशमिजाज स्वभाव के कारण आपके आसपास रहने से आनंद आता है। </QUEEN-OF-PENTACLES-ONE >
<KING-OF-PENTACLES-ONE >यह कार्ड जीवन के भिन्न-भिन्न क्षेत्रों में आपके प्रशंसनीय कौशल पर प्रकाश डालता है। आपका उद्यमवृत्ति कौशल आपको जीवन में वित्तीय और मानसिक दोनों ही संतुष्टि देगा। आप पर संकट के समय एक भरोसेमंद व्यक्ति के रूप में विश्वास किया जा सकता है। आपका अनुकूलनीय स्वभाव किसी भी स्थिति में आपकी सहयता करता है। आपकी प्रोत्साहनात्मक प्रवृति आपके आसपास के लोगों की सहायता करता है। आप शांत, समय के पाबंद और मेहनती हैं। </KING-OF-PENTACLES-ONE >
<ACE-OF-SWORDS-ONE >यह कार्ड दिखाता है कि आपको मानसिक ज्ञानोदय होगा और आप चीजों को अपने तरीके से समझेगें। अपनी कुशाग्रबुद्धि और तर्क-वितर्क से आप जीवन के कुछ तथ्यों को सीखेगें। आपकी मानसिक शक्ति के कारण आप प्रत्येक रूकावट को पार करते हुए धीरे-धीरे किसी भी मुशिकल से निकल जायेंगे। आपकी प्रवृति किसी के लिये/किसी चीज के लिये न्याय के लिये लड़ने की है और आप सच्चाई और ईमानदारी की दिशा में बढ़ेंगे। </ACE-OF-SWORDS-ONE >
<TWO-OF-SWORDS-ONE >यह कार्ड भावनाओं का प्रतिरोध और सच्ची भावनाओं को दबाना दर्शाता है। आप अपने दुःख को दूसरों से छिपा सकते हैं और बाहर से शांत बने की कोशिश करेंगे। ऐसा समय आ सकता है जहाँ आप अपने-आप को अप्रिय स्थिति में फँसे हुए पा सकते हैं जिसमें आप निर्णय लेने या कुछ करने से हिचकिचाते हैं। आपकी प्रवृति स्पष्ट तथ्यों और सच्चाई से बचने की हो सकती है। आपकी निष्क्रयता के कारण स्थिति ज्यों की त्यों बनी रहेगी। </TWO-OF-SWORDS-ONE >
<THREE-OF-SWORDS-ONE >यह कार्ड सुझाता है कि आप भावनात्मक रूप से उदास हो सकते हैं। आप किसी की भावनाओं को या कोई आपकी भावनाओं को चोट पहुँचा सकता है। आपको कोई बुरा समाचार प्राप्त हो सकता है। ऐसी संभावना हो सकती है कि आप उपेक्षित महसूस करें। आप महसूस कर सकते हैं कि जब आपको किसी की सबसे अधिक जरूरत है तो आपके लिए कोई नहीं है। आपमें अकेलेपन की भावना पैठ सकती है। आपको अपने नजदीकी लोगों की गुप्त बातों के बारे में पता लग सकता है जो आपको विचलित कर सकती हैं। आपको कोई नजदीकी व्यक्ति धोखा भी दे सकता है। </THREE-OF-SWORDS-ONE >
<FOUR-OF-SWORDS-ONE >यह कार्ड सुझाता है कि आपको जरूरत से ज्यादा परिश्रम न करके जीवन को सहजता से लेना चाहिये। आपको नित्यकर्म से थोड़ा विश्राम लेना चाहिये और कुछ शांति और आराम लें। अपने शरीर और दिमाग को कुछ आराम दें। यह सोचने के लिये कि आप जीवन में कहाँ खड़े हैं, आप क्या प्राप्त करना चाहते हैं, आपने क्या कुछ किया है, इत्यादि, कुछ समय निकालें। इसलिये, अपने वर्तमान को सुरक्षित करके स्वयं को भविष्य के लिये तैयार करें। </FOUR-OF-SWORDS-ONE >
<FIVE-OF-SWORDS-ONE >यह कार्ड आपकी आत्म-केन्द्रित मनोदशा और दूसरों के साथ असामंजस्यपूर्ण रवैये को प्रतिबिंबित करता है। आपकी प्रवृति किसी भी काम को हाथ में लेने से पहले अपने लाभ के बारे में सोचने की है। आपके लिये दूसरों के विचारों और राय के साथ चलना मुश्किल हो सकता है। आप दूसरों में द्वेष पैदा कर सकते हैं। आप गल्त तरीके अपना कर सफलता प्राप्त कर सकते हैं। </FIVE-OF-SWORDS-ONE >
<SIX-OF-SWORDS-ONE >यह कार्ड आपके जीवन में उतार-चढ़ाव को रेखांकित करता है। आप जो कुछ करें उसमें निरुत्साहित एवँ दुखी महसूस कर सकते हैं। आप का स्वास्थय ख़राब रह सकता है। अपने जीवन की भावनात्मक स्थितियों के उपचार और उनसे निपटने के लिये आपको अपने आप के लिये कुछ समय निकालना पड़ेगा। आप दुनिया को नई आशा के साथ देखेगें और एक सकारात्मक मानसिक दशा की ओर अग्रसर होंगे। आप रोमांच और बदलाव की खोज में एक जगह से दूसरी जगह के लिये यात्रा कर सकते हैं। </SIX-OF-SWORDS-ONE >
<SEVEN-OF-SWORDS-ONE >यह कार्ड अपने आसपास की जिम्मेदारियों और कर्तव्यों से बचने की आपकी प्रवृति के बारे में बात करता है। आप अपने किये के परिणाम को भुगतने से बचने के लिये सच्चाई को छुपाते हैं। आपकी प्रवृति अकेले और अलग-थलग रहने की और आसपास की सामाजिक दुनिया से दूरी बनाये रखने की हो सकती है। इस अलगाव की दशा में, आप अक्सर एक कपटपूर्ण रवैया अपना सकते हैं और छलपूर्ण तरीके से काम कर सकते हैं। </SEVEN-OF-SWORDS-ONE >
<EIGHT-OF-SWORDS-ONE >यह कार्ड आगे अँधेरे और मुश्किल रास्ते बता रहा है। आप स्थितियों से बंधे हुये महसूस कर सकते हैं और जीवन में अपना रास्ता तलाशना मुश्किल पा सकते हैं। आप ज्यादातर परिस्थितियों में भ्रमित महसूस कर सकते हैं कि अगला कदम क्या लेना है। आप में आगे बढ़ने के लिये ध्यान केन्द्रित करने की कमी हो सकती है और दूसरों से आशा कर सकते हैं कि वह आपकी सहायता करें। आपको इस बात का आभास हो सकता है कि चीजें आपके नियंत्रण से बाहर जा रही हैं, जबकि आप पीछे रहने और देखने के विकल्प के अलावा कुछ नहीं कर सकते। </EIGHT-OF-SWORDS-ONE >
<NINE-OF-SWORDS-ONE >यह कार्ड आपके लिये उत्सुकता और तनाव की दशा इंगित कर रहा है। अतीत में की गई किसी बात के कारण आप में अपराधबोध आ सकता है और इसके लिये आप अपने-आप माफ़ करना मुश्किल पायेंगे। आप अपने द्वारा किये गये कार्यों को ठीक करने के लिये उसी समय में वापस जाना चाहेंगे। आप ऐसी दशा की ओर बढ़ रहे हैं, जिसमें आप अपने पर विश्वास करना बंद कर सकते हैं और दुखी महसूस कर सकते हैं। कभी-कभी, आप अपने आपको भावनात्मक रूप से टूटे हुये भी महसूस कर सकते हैं। </NINE-OF-SWORDS-ONE >
<TEN-OF-SWORDS-ONE >यह कार्ड आपके लिये उत्सुकता और तनाव की दशा इंगित कर रहा है। अतीत में की गई किसी बात के कारण आप में अपराधबोध आ सकता है और इसके लिये आप अपने-आप माफ़ करना मुश्किल पायेंगे। आप अपने द्वारा किये गये कार्यों को ठीक करने के लिये उसी समय में वापस जाना चाहेंगे। आप ऐसी दशा की ओर बढ़ रहे हैं, जिसमें आप अपने पर विश्वास करना बंद कर सकते हैं और दुखी महसूस कर सकते हैं। कभी-कभी, आप अपने आपको भावनात्मक रूप से टूटे हुये भी महसूस कर सकते हैं। </TEN-OF-SWORDS-ONE >
<PAGE-OF-SWORDS-ONE >यह कार्ड आपसे कह रहा है कि अपनी मानसिक शक्ति को एकत्रित करें और उन समस्याओं को सुलझायें जो आगे चल कर आपको परेशान कर सकती हैं। आप जिन मुद्दों का सामना करते हैं उनका तर्कसंगत ढंग से विश्लेषण करना होगा और उन्हें सुझलाने के लिये उचित योजनायें बनानी होंगी। आपको ईमानदार और सत्यवादी रहना होगा और किसी भी चीज को छुपाने की कोशश न करें। आपको अच्छे और बुरे को अलग-अलग करना होगा, और जो जिम्मेदारी इसके साथ आती है उसे स्वीकार करना होगा। अपने उत्साह को बनायें रखें और मुश्किलों का जोश से सामना करें। </PAGE-OF-SWORDS-ONE >
<KNIGHT-OF-SWORDS-ONE >यह कार्ड आत्मविश्वास को सुझाता है परन्तु एक तरह की उग्रता के साथ। आपकी स्पष्टवादिता दूसरों के द्वारा अशिष्टता समझी जा सकती है। आपको एक ऐसे शख्स के रूप में वर्णित किया जा सकता है जो बिना सोचे कुछ भी बोल सकता है। आप एक अच्छे नेता के रूप में शुरुआत कर सकते हैं पर अंत में आपका रवैया हावी होने का हो सकता है। आप व्यंग में रंगे हुये बहुत अच्छे मजाक कर सकते हैं। आपके अथाह ज्ञान की प्रशंसा की जायेगी यदि यह अहंकार की सीमा तक न पहुँचे। </KNIGHT-OF-SWORDS-ONE >
<QUEEN-OF-SWORDS-ONE >यह कार्ड जीवन में आपके सत्यवादी और सरल स्वभाव को प्रतिबिंबित करता है। आप अपने प्रत्येक बर्ताव में स्पष्टवादिता को प्राथमिकता देते हैं। प्रत्येक स्थिति/व्यक्ति को समझने का आपका बोध सही और सटीक होता है। आप जो कुछ भी करते हैं उसमें किसी भी प्रकार की बेहूदगी बर्दाश्त नहीं करते। आप बहुत बढ़िया मजाक करते हैं और किसी की कीमत पर नहीं करते। </QUEEN-OF-SWORDS-ONE >
<KING-OF-SWORDS-ONE >यह कार्ड आपके विचारवान दिमाग और नैतिक व्यक्तित्व का द्योतक है। आपकी प्रवृति जीवन की स्थितियों का अपनी अच्छी तरह से विकसित तार्किक और तर्क-वितर्क क्षमताओं के कारण कुशलता से विश्लेषण करने की है। अपने उत्कृष्ट मौखिक कौशल के कारण आप अपनी राय और सुझावों को व्यक्त कर सकेगें। आप अपनी धारणा में उदार रहेंगे और परिपक्वता से किसी भी मुद्दे को समझेगें। आप जो कुछ भी करते हैं उसमें आपकी प्रवृति ईमानदार और सच्चे रहने की है। </KING-OF-SWORDS-ONE >
<ACE-OF-WANDS-ONE >यह कार्ड सफलता का द्योतक है। आपका सोचने का तरीका काल्पनिक और अपरम्परागत है, जिससे आपमें ढेर सारी रचनात्मकता है। आपका उत्साह और प्रसिद्ध आत्मविश्वास दूसरों को प्रेरित करता है और इससे आप में और जोश आता है। आप जो कुछ भी करते हैं उसमें अपना 100% देते हैं। जीवन में, जब भी आप किसी समस्या या चुनौती का सामना करते है, तो आप सफल होने के लिए उसका साहस और आत्मविश्वास से सामना करेंगे। </ACE-OF-WANDS-ONE >
<TWO-OF-WANDS-ONE >यह कार्ड बहादुरी के रवैये का द्योतक है। यदि आप किसी पहल करने का या कोई काम/यात्रा करने का इंतजार कर रहे हैं, तो इसे करने का समय आ गया है। अपने लक्ष्यों को प्राप्त करने के लिये आपमें शक्ति और प्रभाव है। इसलिये, आपको केवल अपना कदम बढ़ाने के लिये साहस की आवश्यकता है। यह समय निर्भीक होने का अपने डर का सामना करने का है। अपने लक्ष्यों को प्राप्त करने के लिये आपको नवीन दृष्टिकोण अपनाना पड़ेगा। बस अपना रास्ता बनायें। </TWO-OF-WANDS-ONE >
<THREE-OF-WANDS-ONE >यह कार्ड कुछ नये की खोज करने के लिये तीव्र इच्छा और अधीरता दर्शाता है। इसका सम्बन्ध आपकी रोमांच और उत्तेजना खोजने के स्वभाव से है। आपका दूरदर्शी स्वभाव आने वाले समय में आपकी सहायता करेगा। आपको सभी को एकत्रित करके अपने ध्येय और लक्ष्य की ओर जाने के लिये नेता की भूमिका अपनानी पड़ेगी। आपको व्यापार एवँ वाणिज्य में बहुत सफलता मिल सकती है। </THREE-OF-WANDS-ONE >
<FOUR-OF-WANDS-ONE >आप अपने रोमांचक और उत्तेजनापूर्ण स्वभाव के साथ जुड़ सकते हैं। आपका दूरदर्शी स्वभाव आने वाले समय में आपकी सहायता करेगा। आपको सभी को एकत्रित करके अपने ध्येय और लक्ष्य की ओर जाने के लिये नेता की भूमिका अपनानी पड़ेगी। आपको व्यापार एवँ वाणिज्य में बहुत सफलता मिल सकती है। </FOUR-OF-WANDS-ONE >
<FIVE-OF-WANDS-ONE >यह कार्ड आगे चल कर थोड़ी सी परेशानी का द्योतक है। ऐसा लगेगा कि लोग आपके विरुद्ध हैं और ये बात उनके साथ बहस और झगड़े तक पहुँच सकती है। आपके साथ प्रतिस्पर्धा के लिये दूसरे लोग भी हैं और आप इस लड़ाई के विरुद्ध खड़े हो सकते हैं। आपके लिये भविष्य में कुछ रूकावटें और परेशानियाँ हैं। आपको स्थिति से बाहर निकलने के लिये धैर्य और आत्मसंयम दिखाना होगा। </FIVE-OF-WANDS-ONE >
<SIX-OF-WANDS-ONE >यह कार्ड विजय, प्रशंसा और थोड़े से गर्व को प्रतिबिंबित करता है। आप अपने लक्ष्यों को सफलतापूर्वक प्राप्त कर सकते हैं। आपको अपने प्रयासों के लिये प्रशंसा मिल सकती है और यह आपको प्रत्येक चीज में, जो आप करेंगे, आपका उत्तम देने के लिये प्रेरित करता रहेगा। आप अपनी प्रशंसा से आनंद लेते रहेगें और अचानक ही आत्म-महत्वपूर्ण महसूस करना शुरू कर सकते हैं। आप पहले अपने बारे में सोचना शुरू कर सकते हैं जिससे लोग यह सोचना शुरू कर सकते हैं कि आप अहंकारी हैं। </SIX-OF-WANDS-ONE >
<SEVEN-OF-WANDS-ONE >यह कार्ड अपने स्थान के लिये लड़ाई करने और जिस चीज में आप विश्वास करते हैं उसके लिये खड़े होने का द्योतक है। आपको जीवन में एक आक्रामक और निडर रवैया अपनाना होगा। अधिकतर समय, यह रवैया आपके लिए ठीक काम करता है, लेकिन अक्सर, आप अधिक उत्तेजित हो जाते हैं। जब आप किसी मुद्दे पर कोई निर्णय लेते हैं तो आपकी प्रवृति अड़ियल हो जाती है और आप निरंतर उसी पर जोर देते हैं। आपका अपनी क्षमताओं में वास्तविक विश्वास आपको कठिनाई के समय में से निकलने में सहायता करेगा। </SEVEN-OF-WANDS-ONE >
<EIGHT-OF-WANDS-ONE >यह कार्ड समय में बदलाव की बात सुझाता है। जिस समय के लिये आप इंतजार करते रहे थे, आ गया है। यह समय अब कार्यवाही करने का है और अपनी क्षमता को किसी न किसी रूप में साबित करना है। कुछ अधूरे काम अंततः पूरे हो सकते हैं। आपको किसी ऐसी जानकारी या समाचार के प्राप्त होने की संभावना है जिसकी आपको आशा थी। आपको किसी बेहतर कार्य की शुरुआत करने के लिये किसी और चीज को बंद करना पड़ सकता है। </EIGHT-OF-WANDS-ONE >
<NINE-OF-WANDS-ONE >यह कार्ड जो सावधानियाँ आप लेते हैं और जो संकल्प आप दिखाते हैं उसका द्योतक है। अपने अतीत की मुश्किलों और अनुभवों के कारण आप अब अतिरिक्त सतर्क है और हमेशा ही बुरे के लिये तैयार रहते हैं। आप अपने-आप की और अपने नजदीकी लोगों की रक्षा करते हैं। आप सभी कठिनाइयों के विरुद्ध खड़े होते हैं और पूरे दिल से अपने लक्ष्यों के लिये संघर्ष करते रहते हैं। आपकी जिद और शारीरिक शक्ति आपके प्रयासों को प्रतिष्ठा की ओर निरंतर प्रवाहित करती रहेगी। </NINE-OF-WANDS-ONE >
<TEN-OF-WANDS-ONE >यह कार्ड बताता है कि भावनात्मक या मानसिक बोझ का महसूस होना बढ़ता जा रहा है। आप काम में जरूरत से अधिक परिश्रम कर रहे हो सकते हैं। आप शायद कई चीजें एक ही साथ कर रहे हैं और ज्यादातर में अटके हुये हैं। आपको कोई ऋण भी चुकाना पड़ सकता है। आपके लिये दूसरों को ना कहना मुश्किल हो सकता है। जबकि आपको अच्छी चीजों को करने के लिये नाम नहीं मिलता, आप अंत में दोष अपने सिर पर ले लेते हैं। आप यह भी पायेंगे कि आपको छोटी सी सफलता के लिये भी संघर्ष करना पड़ता है। </TEN-OF-WANDS-ONE >
<PAGE-OF-WANDS-ONE >यह कार्ड इस बात का प्रतीक है कि आपको अपनी शक्ति और उर्जा का पता लगाने के लिये नये अवसर मिलेंगे। यह समय जीवन का फिर से पता लगाने का और रचनात्मक और साहसिक रवैये से इसकी खोज करने का है। आपको अपने प्रयासों में और अधिक उत्तेजना और आशावादिता दर्शानी होगी। जो कुछ भी आप करें जोश से करें। अपने कौशल पर विश्वास रखें और अपना उत्कृष्ट देने के लिये ध्यान को केन्द्रित रखें। साहसिक बनें और जोखिम उठायें। यह समय निश्चयात्मक होने का है। </PAGE-OF-WANDS-ONE >
<KNIGHT-OF-WANDS-ONE >एक नाईट कार्ड मजबूत गुणों का, कुछ नकारात्मकताओं के साथ, एक बहुत अच्छा समूह प्रतिबिंबित करता है। आपकी प्रवृति अक्सर आकर्षक और आत्मविश्वासी है, लेकिन कभी-कभी आप एक अहंकारी व्यक्ति की तरह पेश आते हैं। आपकी प्रवृति निडर है लेकिन कभी-कभी आप लापरवाह हो जाते हैं। रोमांच की खोज में आप बिलकुल बैचेन हो जाते हैं। आप स्वभाव से भावुक हैं लेकिन उसी के साथ गर्म-मिजाज के हैं। </KNIGHT-OF-WANDS-ONE >
<QUEEN-OF-WANDS-ONE >यह कार्ड सकारात्मक कार्डों में से एक है। यह उर्जा, मनोदशा और ख़ुशी में बढ़ोतरी बताता है। आप अपने कामों को अपनी प्रतिबद्धता और समपर्ण से कर पायेंगे। आपकी प्रवृति एक अच्छा मित्र होने की है और आप नये दोस्त आसानी से बना लेंगे। आने वाले दिनों में आपको शान्तिपूर्ण और आनंददायक समय का अनुभव होगा। आपका शांतिमय धैर्य आपके रास्ते में आने वाली रुकावटों से सुलटने में सहायता करेगा। </QUEEN-OF-WANDS-ONE >
<KING-OF-WANDS-ONE >यह कार्ड रचनात्मक और प्रगतिशील सोच को प्रतिबिंबित करता है। अपने दिमाग को नई संभावनाओं और अवसरों के लिये खुला रखें। निकट भविष्य में आपको किसी नई बात का अनुभव हो सकता है। आप दूसरों से संवाद करने और संबंध बनाने में और उन्हें प्रेरित करने में अच्छे हो सकते हैं। आप अपने आसपास के लोगों पर हावी हो सकते हैं और उन्हें निर्देश दे सकते हैं – लेकिन सम्मानित तरीके से। आपको जो लोगों से जो ध्यान मिलता है उससे आनंद उठाते हैं और विपरीत लिंग को आकर्षित करते हैं। </KING-OF-WANDS-ONE >
<THE-FOOL-ONE >एक नई शुरुआत का संकेत मिल रहा है। आपको महसूस होगा कि आप नई चीजों और नई विचारधारा के साथ नई शुरुआत कर रहे हैं। यह आपके व्यवसाय, प्रेम जीवन या व्यक्तिगत मोर्चे से सम्बन्धित हो सकता है। इस यात्रा में ढेर सारी सहजता और आनंद होगा। किसी भी रूकावट के मामले में, आप कुछ मूल्यवान नया सीखेगें। आपको पुरानी चीजों को छोड़ना होगा और इस नये संसार में कदम रखने के लिये, जिसे खोजने की आप शुरुआत करने जा रहे हैं, नई चीजों को हाथ में लेना होगा। </THE-FOOL-ONE >
<THE-MAGICIAN-ONE >आपकी इच्छाशक्ति इस समय मजबूत है। लोग आपको सुनेगें और जो भी आप कहेगें उसे गंभीरता से लेंगे। आप लोगों से अपनी बात मनवा पायेंगे और यह समय इस बात का द्योतक है कि अपने नेतृत्व कौशल में आप कम से कम कुछ समय तक के लिये उत्कृष्ट रहेगे। आपके दिमाग में शानदार विचार आयेंगे और उनका इस्तेमाल कैसे करना है यह आप पर निर्भर होगा। आपको दूसरे लोगों की कुछ गुप्त बातें भी पता लग सकती हैं। </THE-MAGICIAN-ONE >
<THE-HIGH-PRIESTESS-ONE >अब यह समय है कि आपको अपनी सहज प्रवृति पर भरोसा करना चाहिये और अपने उन सपनों के रास्ते पर चलना चाहिये जिनकी तरफ जाने के लिये आप प्रभावशाली ढंग से महसूस करते हैं। कोई ऐसा व्यक्ति हो सकता है जो जल्दी ही आपको बहुत महत्वपूर्ण या उपयोगी सलाह देगा। आपको किसी ऐसी चीज को ढूंढना पड़ सकता है जो आपके लिये अनजान हो और इसकी संभावना है कि कोई चीज आपसे छुपाई जा रही हो। आपको उसे तब तक ढूंढना पड़ेगा जब तक आपको उस रहस्य का पता नहीं लगता और इससे आपको किसी बहुत महत्वपूर्ण बात का एहसास हो सकता है। </THE-HIGH-PRIESTESS-ONE >
<THE-EMPRESS-ONE >आप किसी चीज के बारे में गहराई से सोच रहे हैं और अपने व्यवसाय, व्यापार या सम्बन्ध में किसी चीज की वृद्धि या शुरुआत के बारे में चिंतित हैं। आप या आपका साथी बहुत अधिक सुरक्षात्मक हो रहा है और किसी वांछित चीज को प्राप्त करने के लिये अनैतिक तरीके भी अपना सकता है। वर्तमान स्थिति में स्थिरता प्राप्त करने के लिये थोड़ा धैर्य और कुछ प्रयासों के करने की आवश्यकता होगी। </THE-EMPRESS-ONE >
<THE-EMPEROR-ONE >उपलब्धि बहुत दूर नहीं है और सम्मान भी मिलने वाला है। आप किसी पुरुष मार्गदर्शक, जैसे कि आपके पिता, भाई, जीवनसाथी या मित्र, से प्रभावित हो सकते हैं। आपके पास अधिकार होगा और जो आप करना चाहते हैं उसके लिए नियंत्रण होगा। आपके लिये बहुत ही मजबूत समर्थन प्रणाली होगी। मगर, आपको अपने सतही या अधिक माँग करने वाले स्वभाव के बारे में, जो आपके कनिष्ठ लोगों को दुःख पहुँचा सकता है, सावधान रहना होगा। </THE-EMPEROR-ONE >
<THE-HIEROPHANT-ONE >अपने विचारों के बारे अधिक अड़ियल न बनें और पुरानी आस्थाओं और परम्पराओं से इसलिये न चिपके रहें कि उनका पालन वर्षों तक किया गया है। आप शादी के बारे में सोच रहे हो सकते हैं। आप शायद कानूनी औपचारिकताओं में फंस सकते हैं। समस्यायें आयेंगी परऔर आप उन्हें सुलझाने के पुराने तरीकों से चिपके रह सकते हैं। आपको समस्याओं से शांत दिमाग से निपटना होगा और काफी धैर्य रखना होगा। </THE-HIEROPHANT-ONE >
<THE-LOVERS-ONE >कोई आपसे प्रेम में पड़ने वाला है। जल्दी ही आपको अपने प्रेम-जीवन में एक सुखद आश्चर्य मिलने वाला है। आपको अपने हृदय और दिमाग में से एक को चुनना पड़ सकता है। आप अपने दिमाग के मुकाबले दिल की बात मानेंगे और जो जोखिम आप उठायेंगे वह सार्थक होगा। आप जरूरत से ज्यादा ललचा जायेंगे जो आपको बेवफाई की ओर ले जा सकती है, जिससे बचना चाहिये। आपके भावनात्मक सम्बन्ध मजबूत होंगे। </THE-LOVERS-ONE >
<THE-CHARIOT-ONE >आपको अपनी वांछित वस्तु को प्राप्त करने के लिये थोड़ा संघर्ष करना होगा। आपके जीवन में किसी प्रकार का बदलाव आ सकता है या आप कोई यात्रा कर सकते । आपको अपने व्यवसाय या व्यक्तिगत जीवन में रुकावटों का सामना करना पड़ सकता है। आप किसी व्यक्ति द्वारा उसके स्वार्थी उद्देश्यों के कारण परेशान किये जा सकते हैं। भावनाओं और परिस्थितियों का विरोध करने में कुछ नियंत्रण की आवश्यकता पड़ सकती है परन्तु अंत में विजय मिलेगी। </THE-CHARIOT-ONE >
<JUSTICE-ONE >यह समय जो कुछ आप कर रहे हैं उसमें संतुलन लाने का है। कोई आदत या गतिविधि है जो आपके जीवन में जरूरत से ज्यादा या कम हो रही है। आपको इस पर नियंत्रण करने की जरूरत है। आपको अपने जीवन के हरेक पहलू में संतुलन ला कर सामान्यता लाने के लिये प्रयास करने की जरूरत है। निकट भविष्य में समझौते या साझेदारी करते हुये निष्पक्ष रहने की जरूरत है। यदि आप जानते हैं कि आप कुछ गल्त कर रहे हैं, तो इससे पहले कि यह एक खतरनाक मोड़ ले ले, इसे ठीक कर लें। </JUSTICE-ONE >
<THE-HERMIT-ONE >कुछ समय निकालें और चीजों को व्यवस्थित करने और उनका विश्लेषण करने की कोशिश करें। आप अपने आसपास हो रही चीजों के कारण बेताब महसूस कर सकते हैं। कोई भी निर्णय जल्दबाजी में न लें और यह बेहतर होगा कि निकट भविष्य में कोई महत्वपूर्ण निर्णय लेने से पहले किसी वरिष्ठ और भरोसेबंद व्यकित की सलाह ले लें। अपने कार्यक्रम से थोड़ा समय निकालें और शान्ति पाने और आत्मबोध की कोशिश करें। </THE-HERMIT-ONE >
<WHEEL-OF-FORTUNE-ONE >जल्दी ही आप अपने जीवन की उत्कृष्ट दशा का समाना करने जा रहे हैं। भाग्य आपका साथ देगा और आपको अपने प्रयासों का फल मिलेगा। कुछ बदलाव आयेंगे और आपका जीवन सम्पूर्णता की ओर बढ़ेगा। यह संभावना है कि आपको वो सब चीजें मिल जायेंगी जिनका आपको इंतजार था। आपकी समस्यायें समाप्त हो जायेंगी और प्रचुर मात्रा में ख़ुशी प्राप्त होगी। आप अपने सपनों को पूरा करने जा रहे हैं। </WHEEL-OF-FORTUNE-ONE >
<STRENGTH-ONE >आप पायेंगे कि बदतर स्थितियों से सुलटने के लिये आपने शारीरिक और मानसिक रूप से शक्ति और साम्थर्य प्राप्त कर ली है। कार्ड इस बात का संकेत दे रहा है कि कुछ ख़राब आदतों को छोड़ने के लिये, जिन्हें आप काफी समय से छोड़ने की कोशिश कर रहे थे, यह अच्छा समय है। आप उन चीजों में परिपूर्णता पा लेंगे जिनके लिये आप लम्बे समय से संघर्ष कर रहे थे, जैसे कि अपने सम्बन्धों, व्यवसाय, स्वास्थय, इत्यादि में। अपनी इच्छाशक्ति और बुद्धिमत्ता से आप अपने जीवन में परीक्षणों और पीड़ाओं को पार कर सकते हैं। </STRENGTH-ONE >
<THE-HANGED-MAN-ONE >आपको कुछ बेहतर प्राप्त करने के लिये किसी चीज का त्याग करना पड़ सकता है या किसी को छोड़ना पड़ सकता है। ख़राब स्वास्थय, विफलता या तनाव आ सकते हैं। किसी भी ऐसी समस्या से शान्ति के साथ धीरज से निपटें। एक प्रतिकूल स्थिति के कारण इच्छाशक्ति कमजोर पड़ सकती है या आप भावनात्मक रूप से टूट सकते हैं। यह सलाह दी जाती है कि आपको अपनी दृष्टि को पैना रखना चाहिये और इस समय को स्थिति की स्पष्टता को समझने के लिये इस्तेमाल करना चाहिये। </THE-HANGED-MAN-ONE >
<DEATH-ONE >यह कार्ड बहुत बड़े परिवर्तनों और जीवन में महत्वपूर्ण या चौंकानेवाले बदलावों का संकेत दे रहा है। जैसा कि नाम से पता चलता है, यह मृत्यु की ओर इशारा कर रहा है लेकिन वृद्धावस्था या बहुत बीमारी की परिस्थितियों में ही। आप उदास, खाली-खाली या दुखी महसूस कर सकते हैं लेकिन यह दशा आपको यह एहसास कराने में सहायता करेगी कि आगे बढ़ने के लिये आवश्यक बदलाव करने पड़ेंगे। इन बदलावों को स्वीकार करने के लिये हौसला रखें ताकि आप इस बुरी दशा से निकल पायें। </DEATH-ONE >
<TEMPERANCE-ONE >जीवन आपको जो चुनाव प्रस्तुत कर रहा है उसके कारण आप भ्रमित हो सकते हैं। आपको विपरीत चीजों में से चुनना पड़ सकता है और आपको अपने आराम और शान्ति के लिये दोनों चीजों में संतुलन पाने के लिये प्रयास करना होगा। आपको इसे समय देना होगा और उत्तम समाधान ढूँढने के लिये थोड़ा सा परीक्षण करना होगा। आपको विपरीत चीजों के मिश्रण के लिये सही विकल्पों को चुनना होगा ताकि शान्ति बनी रहे। </TEMPERANCE-ONE >
<THE-DEVIL-ONE >आप कामुकता, लालच, महत्वाकांक्षा या बुरी आदत की भावनाओं की ओर बहक जायेंगे। आपमें चीजों को नियंत्रित करने के लिये शक्ति पाने की इच्छा होगी और आप जीवन में आराम की ओर आकर्षित होंगे। आत्म-नियंत्रण की कमी खतरनाक और जटिल स्थितियों की ओर ले जा सकती है। जो भी आप करेंगे, वह चरम सीमा तक होगा जो आपको शक्तिशाली होने का एहसास देगा, लेकिन उसी समय यह खतरनाक भी होगा। आपको सावधान रहने की जरूरत है क्योंकि यह कार्ड आपको यह चेतावनी दे रहा है कि आप घातक कदम उठा सकते हैं। </THE-DEVIL-ONE >
<THE-TOWER-ONE >निकट भविष्य में आपका सबसे अधिक समस्यात्मक समय आ सकता है जो शायद आपने कभी न देखा हो। आपको अप्रिय और आकस्मिक बदलावों का सामना करना पड़ सकता है। अप्रत्याशित कारणों से आपको कोई कष्ट हो सकता है और आपको थोड़े अलगाव या अकेलेपन का सामना करना पड़ सकता है। लेकिन यह बदलाव आपको जीवन में नई दिशाओं को देखने के लिये मजबूत करेंगे, जो आगे चल कर फायदेमंद साबित हो सकते हैं। यह एक सुखद सवारी नहीं होने जा रही है लेकिन यह अच्छे के लिये होगा क्योंकि यह भविष्य के लिये आपको बहुत सारी बातें सिखायेगी। </THE-TOWER-ONE >
<THE-STAR-ONE >आपका झुकाव अब आध्यात्मिकता की ओर अधिक है और आप जीवन में शान्ति एवँ सामंजस्य चाहते हैं। यह समय उपचार के लिए होगा और व्यक्तिगत और व्यावसायिक मोर्चे पर नई उम्मीदें जगायेगा। नये सम्बन्ध को बनाने के लिये या वर्तमान सम्बन्ध को अगले स्तर पर ले जाने अब अच्छा शगुन है। विभिन्न चीजों के लिये ज्ञान बढ़ेगा और कलात्मक व्यवसाय में संलिप्त होने के लिये यह अच्छा समय होगा। </THE-STAR-ONE >
<THE-MOON-ONE >आपको ऐसा लगेगा कि आप कल्पनात्मक और रचनात्मक संसार में यात्रा कर रहे हैं। आपको कुछ गहरे और अँधेरे में छुपे हुये रहस्यों के बारे में पता लग सकता है और आप भावनात्मक पहलूओं में पतन की ओर जा सकते हैं। आपको ड्रग्स और शराब से या किसी ऐसे पदार्थ से जो आपकी सेहत के लिये हानिकारक हो से बचना चाहिये। आप अपने आप को किसी पागल और खानाबदोश संसार में फंसे हुए महसूस कर सकते हैं और उत्तम रास्ते से निकलने के लिये आपको अपनी अंतर्दृष्टि का अनुपालन करना चाहिये, प्राथमिक रूप से जिस चीज का संगीत, कला, नृत्य, थिएटर, इत्यादि से कोई सम्बन्ध हो। </THE-MOON-ONE >
<THE-SUN-ONE >आप अत्यधिक उर्जावान, युवा महसूस करेंगे और सफलता प्राप्त करने के लिये अपने होशो-हवास में सही निर्णय लेंगे। सन कार्ड में सभी कुछ ताजगी, उत्साह के बारे में है और यह उस बात का द्योतक है कि सभी कुछ एक-एक करके ठीक होता चला जायेगा। कोई अच्छी खबर भी प्राप्त हो सकती है। निकट भविष्य में छुट्टियों पर घूमने जाना भी संभव है। आने वाले दिनों में अपने परिवार और मित्रों के साथ प्रसन्नचित्त मनोदशा में और अधिक समय व्यतीत करेंगे। आगे आने वाले दिनों में आपके लिये ख़ुशी और शान्ति इंगित है। </THE-SUN-ONE >
<JUDGEMENT-ONE >यह कार्ड अवसरों के बारे में बताता है जिन्हें अनदेखा नहीं करना चाहिये। यह वो अवसर हैं जिनके लिये आप इंतजार करते रहे हैं। समय आ गया है जब आप अतीत में किये गये प्रयासों के कारण पुरस्कृत किये जायेंगे। आपकी तरफ आने वाली नई संभावनायें आपके जीवन में उत्तम बदलाव लायेंगी। क्योंकि न्याय को निष्पक्ष होना चाहिये, आपको अतीत में किये गये अपने पापों का फल भुगतना पड़ सकता है। कुल मिला कर, आप जो कुछ भी इस समय कर रहे हैं उसका अंत सुखद ही रहेगा। </JUDGEMENT-ONE >
<THE-WORLD-ONE >यह वो समय है जब आपका लम्बा संघर्ष समाप्त होगा और आपको इसका फल मिलेगा। यह कार्ड प्रयासों का बहुत लम्बा रास्ता तय करने के बाद विश्राम का संकेत करता है। आपको उसका अनुभव होगा, आप अंततः उन चीजों और नतीजों को प्राप्त कर रहे हैं जिनके लिये आपमें बहुत समय से इच्छा थी और आप उसकी आकांक्षा करते थे। आपके प्रियजन आपकी मेहनत के फल की प्रशंसा करेंगे। यह समय मजबूत उपलब्धियों की शुरुआत का है और नई शुरुआत दर्शायेगा। </THE-WORLD-ONE >
    </ROOT>
