<?xml version="1.0" encoding="utf-8" ?>
<ROOT>
<ACE-OF-CUPS-ONE >Tämä kortti osoittaa, että kaikki vaikuttaa toimivan hyvin terveyttäsi koskien. Tulet tuntemaan itsesi raikkaaksi ja energiseksi fyysisesti sekä henkisesti ja sairauksia ei ole juuri ollenkaan. Tulet myös siirtymään spirituaalisuutta kohti nyt, joka saa olosi vielä paremmaksi. </ACE-OF-CUPS-ONE >
<TWO-OF-CUPS-ONE >Tämä kortti näyttää, että asiat ovat hieman kallellaan terveyspuolella, kun yrität pysyä tärkeän ihmisen terveyden tahdissa ja tämä tulee johtamaan todelliseen huoleen ja toistuviin sairaalakäynteihin. </TWO-OF-CUPS-ONE >
<THREE-OF-CUPS-ONE >Tämä kortti osoittaa, että haluat elää gaalamaisesti ja tulet hemmottelemaan itseäsi enemmän kuin tarpeen. Tämä tulee johtamaan vakaviin terveyshuoliin, jotka tulee selvittää pian. Jos et selvitä asiaa, sinun on ehkä lähdettävä sairaalaan tai vieroitukseen. </THREE-OF-CUPS-ONE >
<FOUR-OF-CUPS-ONE >Stressaat liikaa ja tämä voi johtaa vartalosi hajoamiseen. Sinun on otettava tauko huolimatta ammatillisista vastuista, sillä se on nyt tarpeellista. Tämä saattaa turhauttaa sinua vähän mutta aikanaan paranet ja tämä tulee myös antamaan uuden asenteen elämään. </FOUR-OF-CUPS-ONE >
<FIVE-OF-CUPS-ONE >Tämä kortti näyttää, että liiallinen matkustaminen tai työpaine tulee vaikuttamaan sinuun ja tulet tuntemaan olosi uupuneeksi ja hyvin väsyneeksi. Tämä voi myös vaikuttaa terveyteesi odotettua vakavammin, aiheuttaen sinulle ongelmia. Sinun on ensisijaisesti kiinnitettävä huomiota vatsaan liittyviin ongelmiin. </FIVE-OF-CUPS-ONE >
<SIX-OF-CUPS-ONE >Tämä kortti osoittaa, että et tunne oloasi kovin hyväksi ja tämä levottomuus vaikuttaa vartaloosi sekä fyysisesti että henkisesti. Mutta pidät itsesi kasassa saadaksesi tietyt tehtävät valmiiksi ja tulet sitten pitämään tauon, joka auttaa vartaloasi palautumaan. </SIX-OF-CUPS-ONE >
<SEVEN-OF-CUPS-ONE >Tämä kortti näyttää, että vartalosi osoittaa oireita rentoutumista vaativasta sairaudesta. Jotkut sairaudet saattavat vaivata sinua ja sinun on huolehdittava niistä. Ongelmat saattavat liittyä raajoihisi tai silmiisi ja joudut päästämään muusta irti hetkeksi palautuaksesi. </SEVEN-OF-CUPS-ONE >
<EIGHT-OF-CUPS-ONE >Tämä kortti osoittaa, että asiat tulevat olemaan hieman vaivalloisia silmiesi tai hiustesi kohdalla ja tätä seuraa lääkintäkausi. Tämä tulee vaikeuttamaan päivittäisiä askareitasi vähän, joka saattaa turhauttaa sinua mutta suurta huolenaihetta ei tule olemaan ja paraneminen alkaa kohta. Läheisesi pitävät huolta sinusta, kun palaudut. </EIGHT-OF-CUPS-ONE >
<NINE-OF-CUPS-ONE >Tämä kortti näyttää, että kohtaat tai tulet kohta kohtaamaan eristyksen tai masennuksen elämän ylä- ja alamäkien takia. Tulet olemaan haavoittuvassa tilanteessa ja tuntemaan, että kukaan ei ymmärrä sinua kunnolla. Tämä häiritsevä ajatustapa voi johtaa hermostuneisuuteen ja pillerien käyttöön. </NINE-OF-CUPS-ONE >
<TEN-OF-CUPS-ONE >Tämä kortti osoittaa, että kiireinen ja odottamaton aikataulusi tulee johtamaan epätasapainoiseen ruokavalioon ja tämä voi johtaa vatsaongelmiin. Tämä arvaamaton aikataulu voi johtaa eristykseen tai unettomuuteen, joka vain jatkuu hetken aikaa. Tulet tekemään asialle jotain ja paranemaan nopeasti. </TEN-OF-CUPS-ONE >
<PAGE-OF-CUPS-ONE >Tämä kortti näyttää, että nyt kohtaamissasi olosuhteissa tunnet olosi hyvin herkäksi ja saatat olla helpon vaikutuksen alaisena. Tämä mielentila voi todistautua huonoksi terveydellesi fyysisesti ja henkisesti. Ole varovainen, sillä olet vahinkoaltis. </PAGE-OF-CUPS-ONE >
<KNIGHT-OF-CUPS-ONE >Tämä kortti osoittaa, että kaikki terveyteesi liittyvä tulee olemaan paremmin. Jos kärsit jostain vaivasta ja käyt lääkärillä, tulet huomaamaan, että olosi paranee huolimatta mahdollisista huonoista uutisista. Sinun on vain uskottava itseesi ja pidettävä huoli vartalostasi. </KNIGHT-OF-CUPS-ONE >
<QUEEN-OF-CUPS-ONE >Tämä kortti näyttää, että tyhjennyt henkisesti eri henkilökohtaisten ja ammatillisten paineiden takia ja tunnet ehkä olosi avuttomaksi ajoittain. Epätoivon oireita saattaa ilmetä, joiden takia otat yhteyttä lääkäriin ja joihinkin sukulaisiin mutta asiat paranevat tasaisesti. </QUEEN-OF-CUPS-ONE >
<KING-OF-CUPS-ONE >Tämä kortti osoittaa, että saattaa olla järkyttäviä tilanteita, jotka saavat sinut hyvin pettyneiksi ja pistävät sinut ajattelemaan, ettet ole tarpeeksi hyvä maailmalle tai vailla tarvittavia ominaisuuksia. Älä anna näiden olosuhteiden johtaa riippuvuuteen. </KING-OF-CUPS-ONE >
<ACE-OF-PENTACLES-ONE >Tämä kortti osoittaa, että olet valmis tekemään terveellisiä muutoksia elämääsi. Jos kärsit jostain sairaudesta, on hyvä aika nopealle paranemiselle ja tulet kohta näkemään itsesi paremmassa kunnossa. Tulet lopulta paranemaan lopullisesti. </ACE-OF-PENTACLES-ONE >
<TWO-OF-PENTACLES-ONE >Tulet tuntemaan olosi väsyneeksi ja uupuneeksi työaikojen ja eri velvollisuuksien täyttämisten takia. Nämä olosuhteet voivat olla kovia vartalollesi mutta sinun on yritettävä saada tasapainoa niin, että et anna itsesi olla tilanteen uhri. </TWO-OF-PENTACLES-ONE >
<THREE-OF-PENTACLES-ONE >Tämä kortti osoittaa, että henkinen romahdus tai arvaamaton tapaaminen tulee johtamaan myrkyllisiin vaikutteisiin. Tämä voi vaikuttaa terveyteesi, joten sinun on oltava varovainen. Levon on odotettava, sillä monet asiat odottavat sinua. </THREE-OF-PENTACLES-ONE >
<FOUR-OF-PENTACLES-ONE >Tämä kortti näyttää, että tulet kohtaamaan ongelmia jo olemassa olevan sairauden kanssa ja joudut ehkä terveysasemalle. Yhdessä lähimmäistesi kanssa tulet hakemaan apua ja neuvoja. Asiat saattavat olla hallitsemattomia ja sinun on nyt oltava vahva. </FOUR-OF-PENTACLES-ONE >
<FIVE-OF-PENTACLES-ONE >Tämä kortti osoittaa, että olet laiminlyönyt vartaloasi paljon viime aikoina ja siksi pieni vaiva saattaa muuttua vakavaksi, vaikkei suureksi. Tämän takia sinun on ehkä käytävä tarkistuksissa. </FIVE-OF-PENTACLES-ONE >
<SIX-OF-PENTACLES-ONE >Tämä kortti osoittaa, että sinun on oltava erityisen varovainen ympäristöä koskien. Olet onnettomuusaltis ja sinun on oltava valpas ja varovainen kaiken ympärilläsi olevan suhteen. Tämä on kriittistä aikaa ja jos et ole varovainen se saattaa johtaa epämieluisaan loppuun. </SIX-OF-PENTACLES-ONE >
<SEVEN-OF-PENTACLES-ONE >Tämä kortti osoittaa, että kohtaat hyvin häiritsevän ajankohdan nyt ja tulet välttelemään kaikkea, joka vaatii liikaa sekaantumista tai fyysistä työtä. Et tule olemaan halukas tekemään mitään, joka vaatii aikaasi ja keskittymistäsi ja tämä tulee pitämään sinut poissa töistä haluamattasi. </SEVEN-OF-PENTACLES-ONE >
<EIGHT-OF-PENTACLES-ONE >Tämä kortti näyttää, että on aika kaivaa esiin kaikki kosteusvoiteet ja aurinkorasvat, sillä ihosi saattaa olla sairausaltis. Sinun on matkustettava paljon töiden takia ja tämä voi vaikuttaa ruokatottumuksiisi ja johtaa vatsaongelmiin. </EIGHT-OF-PENTACLES-ONE >
<NINE-OF-PENTACLES-ONE >Tämä kortti osoittaa, että sinä tai joku läheisesi tulee palautumaan sairaudesta tai tapahtuneesta onnettomuudesta. On myös mahdollisuus, että joku, jonka tunnet todella hyvin, tulee käsittelemään suurta terveysongelmaa. Tulet auttamaan sukulaisiasi mutta haluaisit lähteä ja kokea jotain, joka auttaa sinua rentoutumaan. </NINE-OF-PENTACLES-ONE >
<TEN-OF-PENTACLES-ONE >Tämä kortti näyttää, että sinulla saattaa olla henkilökohtaisia ongelmia, jotka tulevat häiritsemään sinua aika paljon. Joku perheesi läheinen tulee tarvitsemaan lääkärin apua ja sinun on ohjattava heitä uuteen elämäntyyliin. </TEN-OF-PENTACLES-ONE >
<PAGE-OF-PENTACLES-ONE >Tämä kortti osoittaa, että tunnet itsesi rauhattomaksi ja hyvin levottomaksi. Sinulla saattaa olla vartaloosi liittyviä ongelmia. On ehkä olemassa syyllisyys, joka saattaa häiritä sinua suuresti tai sitten haluat päästä siitä eroon. Lääkitys on ehkä tarpeen vartalon kipuihin ja saatat ehkä myös haluta unilääkkeitä unettomuuden takia. </PAGE-OF-PENTACLES-ONE >
<KNIGHT-OF-PENTACLES-ONE >Toisten auttaminen on hyvästä, jos kukaan ei yritä käyttää sinua hyväkseen ja sinun on ymmärrettävä tämä. Tulet tuntemaan olosi ahdistuneeksi ja levottomaksi tämän takia mutta pystyt ottamaan rohkean askeleen. Tulet pitämään itsesi aktiivisena paikallaan istumisen sijaan, sillä se saattaa estää sinua ajattelemasta asioita, joita et halua. </KNIGHT-OF-PENTACLES-ONE >
<QUEEN-OF-PENTACLES-ONE >Tämä kortti osoittaa, että on parasta ottaa luonnon apu vastaan ja omaksua parantumisen ja puhdistuksen luonnolliset tavat. Jos sinä tai läheisesi on toipumassa vaivasta, tämä on hyvä aika nopealle parantumiselle. </QUEEN-OF-PENTACLES-ONE >
<KING-OF-PENTACLES-ONE >Tämä kortti näyttää, että terveytesi on paranemassa sekä fyysisesti että henkisesti. Jos olit palautumassa loukkaantumisesta tai sairaudesta, tulet osoittamaan parantumisen merkkejä. Vaikka tietyt ongelmat liittyvät lääketieteellisiin paperitöihin, ne selvitetään pian. </KING-OF-PENTACLES-ONE >
<ACE-OF-SWORDS-ONE >Tämä kortti osoittaa, että tunnet olosi huonoksi ja masentuneeksi ja etsit lääkäriapua. Perheenjäsenet tulevat auttamaan sinua ja on myös mahdollista, että yrität tavoitella uutta suuntaa löytääksesi ratkaisun sairauteesi ja tämä tulee olemaan hyödyllistä. </ACE-OF-SWORDS-ONE >
<TWO-OF-SWORDS-ONE >Tämä kortti näyttää, että terveytesi on heittelevässä tilassa ja voit vaikuttaa hieman levottomalta. Pieniä terveysongelmia saattaa ilmetä mutta sinun on pidettävä huolta terveydestäsi, kun et tunne oloasi hyväksi tai jos sinulla on lämpöä, olet vilustunut tai sinulla on tulehdusriski. </TWO-OF-SWORDS-ONE >
<THREE-OF-SWORDS-ONE >Tämä kortti osoittaa, että tulet tuntemaan itsesi hyvin uupuneeksi ja himoitset rentoutumista ja vapaata töistä. Tietyt tapahtumat saattavat lisätä kireyttäsi ja fyysistä uupuneisuuttasi mutta sinun on kestettävä se omaksi parhaaksesi. Huono terveydentilasi tulee huolestuttamaan perheenjäsenesi ja he saattavat ottaa yhteyden lääkäriin. </THREE-OF-SWORDS-ONE >
<FOUR-OF-SWORDS-ONE >Tämä kortti näyttää, että parantumisen ajat ovat edessäpäin ja henkiset sekä tunteelliset huolesi tulevat viimeinkin lähtemään tai ainakin rauhoittumaan paljon. Fyysinen terveytesi saattaa olla hieman vaurioitunut ja tämä tulee vaatimaan sinulta kokeita tai lääketieteellisiä toimenpiteitä. Lääkäri tulee olemaan hyödyksi tässä tapauksessa. </FOUR-OF-SWORDS-ONE >
<FIVE-OF-SWORDS-ONE >Tämä kortti osoittaa, että kohtaat stressiä ja turhautumista sairauden takia, joka ei suostu lähtemään. Sairaalassa on käytävä mutta tämä vain lisää turhautumistasi ja tulet tuntemaan olosi avuttomaksi mutta yrität pysyä vahvana. </FIVE-OF-SWORDS-ONE >
<SIX-OF-SWORDS-ONE >Tämä kortti näyttää, että tämä saattaa olla pahimpia aikoja terveyteesi liittyen. Vakava loukkaantuminen tai sairaus saattaa esiintyä ja se häiritsee elämääsi todella paljon. Saatat myös joutua onnettomuuteen, jossa loukkaat itsesi, etenkin jalkasi tai polvesi. Sairaalahoito on myös mahdollisuus hetken ajan mutta asiat muuttuvat parempaan suuntaan viimeinkin. </SIX-OF-SWORDS-ONE >
<SEVEN-OF-SWORDS-ONE >Tämä kortti osoittaa, että liiallinen stressi on valtaamassa sinut ja tämä saa aikaan paljon henkistä ja fyysistä stressiä. Tulet olemaan liian kiireinen käsittelemään eri asioita ja tämä voi olla haitallista sinulle, etenkin mielellesi ja vartalollesi. Sinun on otettava taukoa itsesi vuoksi ja antaa itsesi sekä vartalosi palautua. </SEVEN-OF-SWORDS-ONE >
<EIGHT-OF-SWORDS-ONE >Tämä kortti näyttää, että jokin pienimuotoinen onnettomuus saattaa tapahtua, ellet ole varovainen. Sinun on oltava todella varovainen nyt, sillä kortti kertoo, että voit kohdata vaikeuksia kodissa tapahtuvien riskien takia. Sinun on myös oltava varovainen ajaessasi tai tietä ylittäessä. Tämä vaihe menee pian ohi. </EIGHT-OF-SWORDS-ONE >
<NINE-OF-SWORDS-ONE >Tämä kortti osoittaa, että sinun on kohdattava epämukavia tilanteita henkilökohtaisessa ja ammatillisessa elämässäsi, joka tulee johtamaan masennukseen. Ruokavaliosi saattaa olla epäsäännöllinen, joka voi johtaa vatsavaivoihin mutta yksi läheisistäsi tulee auttamaan sinut tästä tilanteesta. </NINE-OF-SWORDS-ONE >
<TEN-OF-SWORDS-ONE >Tämä kortti näyttää, että olet nyt päättänyt pitää huolta terveydestäsi ja tulet päästämään irti menneisyydestä sekä omaksumaan tulevaisuuden. Tulet asettamaan tiettyjä tavoitteita terveyteesi liittyen ja tulet tekemään tiettyjä elämäntapamuutoksia tämän päätöksen avuksi. </TEN-OF-SWORDS-ONE >
<PAGE-OF-SWORDS-ONE >Tämä kortti osoittaa, että henkisiä paineita on tulossa, erityisesti töihin liittyen mutta tulet käsittelemään niitä kärsivällisesti. On riski selkäkivuille tai hammaslääkärikäynnille. Energiatasosi tulee kuitenkin olemaan korkea ja tulet viettämään aikaa läheistesi kanssa. </PAGE-OF-SWORDS-ONE >
<KNIGHT-OF-SWORDS-ONE >Tämä kortti näyttää, että tulossa on sekalaisia tilanteita terveyteesi liittyen. Tulet olemaan paremmassa tilanteessa henkisesti ja tulet palautumaan stressistä ja muista sellaisista ongelmista. Perheesi tulee tarvitsemaan sinua nyt, sillä huonoja uutisia on luultavasti tulossa liittyen sukulaiseen tai perheystävään. </KNIGHT-OF-SWORDS-ONE >
<QUEEN-OF-SWORDS-ONE >Tämä kortti osoittaa, että sinun on nyt palloteltava henkilökohtaisia ja ammatillisia prioriteetteja ja tulet yrittämään parhaasi onnistuaksesi kaikissa velvollisuuksissasi. Tuloksena saatat tuntea olosi uupuneeksi ja väsyneeksi mutta tulet jotenkin onnistumaan kaikkien velvollisuuksien jongleeraamisessa. </QUEEN-OF-SWORDS-ONE >
<KING-OF-SWORDS-ONE >Tämä kortti näyttää, että terveyspuolesi alkaa huonontua. Tulet olemaan henkisesti turhautunut ja uupunut sekä fyysisesti joudut ehkä ottamaan lääkkeitä pieniin vaivoihin. On myös mahdollista, että yksi läheisistäsi saattaa joutua sairaalahoitoon. </KING-OF-SWORDS-ONE >
<ACE-OF-WANDS-ONE >Tämä kortti osoittaa, että tulet kiinnittämään enemmän huomiota terveyteesi nyt ja fyysisen tai henkisen vaivan sattuessa, tulet hakemaan erilaista lääkitystä. Joku tulee ehdottamaan luonnollisia parannustapoja tiettyihin vaivoihin ja tulet omaksumaan tämä tavat. </ACE-OF-WANDS-ONE >
<TWO-OF-WANDS-ONE >Tämä kortti näyttää, että ylikuormitat vartaloasi ja se myös näkyy. Sinun on turvauduttava keinotekoisiin hivenaineisiin auttaaksesi vartaloasi ja mieltäsi. Tasapainoisen ruokavalion laiminlyönti voi olla vaarallista tulevaisuudessa ja terveellistä rutiinia suositellaan vahvasti. </TWO-OF-WANDS-ONE >
<THREE-OF-WANDS-ONE >Tämä kortti osoittaa, että olet nyt enemmän huolissasi läheisen terveydestä. Samaan aikaan tulet stressaantumaan ja saatat tarvita lepoa. Älä ylikuormita itseäsi, sillä se saattaa olla vaarallista. Sinun on ehkä myös käytävä hammaslääkärillä pian. </THREE-OF-WANDS-ONE >
<FOUR-OF-WANDS-ONE >Tämä kortti näyttää, että kohtaat epämukavuuksia henkilökohtaisessa elämässäsi ja tämä tekee sinut stressaantuneeksi. Saattaa olla muita ongelmia, jotka vaikuttavat terveyteesi tehden olostasi hermostuneen ja saatat myös kärsiä odottamattomista vartalokivuista. </FOUR-OF-WANDS-ONE >
<FIVE-OF-WANDS-ONE >Tämä kortti näyttää, että olet viimeinkin palautunut kaikista vaivoista ja nautit viimeinkin hyvästä ja terveestä mielentilasta sekä kehosta. Tulet luultavasti lähtemään matkalle kumppanisi kanssa ja se tulee olemaan miellyttävä matka. </FIVE-OF-WANDS-ONE >
<SIX-OF-WANDS-ONE >Tämä kortti näyttää, että olet viimeinkin ymmärtämässä, että on aika ottaa tauko töistä ja varata aikaa itsellesi. Tämä tauko tulee auttamaan sinua, sillä tulet osallistumaan sosiaalisiin tapahtumiin ja yrität tehdä asioita, joista pidät. </SIX-OF-WANDS-ONE >
<SEVEN-OF-WANDS-ONE >Tämä kortti osoittaa, että olet sekaantumassa liian moneen kerralla käsiteltävään asiaan ja tämä saa sinut rauhattomaksi ja sekavaksi. Mutta tulet tuskin huomaamaan sitä, sillä stressi ottaa vallan. Älä laiminlyö terveyttäsi tämän takia ja tarkkaile syömisiäsi, etenkin ulkona. </SEVEN-OF-WANDS-ONE >
<EIGHT-OF-WANDS-ONE >Tämä kortti näyttää, että olet hyvällä tuulella tuntiesi itsesi terveeksi ja hyväkuntoiseksi sisältäpäin ja tulet tuntemaan ylimääräistä vetovoimaa kumppaniasi kohtaan. Tämä tulee myös johtamaan romanttisiin hetkiin ja aistillisiin toimintoihin, jotka pitävät sinut kiireisenä jonkin aikaa. </EIGHT-OF-WANDS-ONE >
<NINE-OF-WANDS-ONE >Tämä kortti osoittaa, että fyysinen kuntosi on kokemassa huonon vaiheen ja tulet tuntemaan olosi laiminlyödyksi ja kipeäksi. Tämä voi johtaa ärsyyntymiseen, sillä saatat joutua terveyskeskukseen ja käsittelemään paperitöitä, joka voi olla pitkästyttävää. </NINE-OF-WANDS-ONE >
<TEN-OF-WANDS-ONE >Tämä kortti näyttää, että työsi tai henkilökohtaiset ongelmat tulevat vaatimaan veronsa ja yrittäessäsi täyttää liian monta velvollisuutta tulet tuntemaan olosi fyysisesti uupuneeksi. Lepoaikaa tulee tuskin olemaan, sillä tulet olemaan varpaillasi koko ajan ja tämä voi johtaa johonkin sairauteen. Sinun on hidastettava asioita järkevään tahtiin. </TEN-OF-WANDS-ONE >
<PAGE-OF-WANDS-ONE >Sinun on otettava lääkkeitä pieneen tai jopa suureen sairauteen. Tämä kortti osoittaa, että tunnet itsesi ärsyyntyneeksi ympärilläsi tapahtuvien asioiden vuoksi ja tämä voi liittyä työhön tai henkilökohtaisiin ongelmiin. Sinun on harjoitettava kärsivällisyyttäsi nyt ja oltava käytännöllinen lähestymistavassasi. </PAGE-OF-WANDS-ONE >
<KNIGHT-OF-WANDS-ONE >Tämä kortti näyttää, että vartalosi on käytävä monen ankaran aktiviteetin läpi sinun ollessa monen asian keskellä ja tulet tuntemaan itsesi uupuneeksi ja väsyneeksi. Tämä voi myös liittyä paljon psyykkisiin vaivoihin. </KNIGHT-OF-WANDS-ONE >
<QUEEN-OF-WANDS-ONE >Tämä kortti näyttää, että energiatasosi on korkea ja olet inspiroitunut tekemään konstruktiivisia muutoksia elämäntyyliisi terveytesi puolesta. Olet halukas muuttamaan tiettyjä asioita elämässäsi yrittäen lähestyä tasapainoisempia elämäntapoja. </QUEEN-OF-WANDS-ONE >
<KING-OF-WANDS-ONE >Tämä kortti osoittaa, että olet valmis tekemään parannuksia terveys- ja kunto-ohjelmiisi ja tulet myös puhumaan ravitsemusasiantuntijalle. Henkisiä ongelmia, kuten ahdistusta, saattaa ilmetä tai saatat kärsiä jonkinlaisesta kivusta. </KING-OF-WANDS-ONE >
<THE-MAGICIAN-ONE >Tämä kortti osoittaa, että tulet kohtaamaan stressintäytteisiä aikoja. Työt ja kotiongelmat vaativat veronsa, etkä tule löytämään ratkaisua terveysongelmiisi monien ongelmien ja epävarmojen tulosten takia. Sinun on käytävä usealla lääkärillä ennen oikean lopputuloksen saamista. </THE-MAGICIAN-ONE >
<THE-HIGH-PRIESTESS-ONE >Tämä kortti näyttää, että olet ehkä kokenut paljon menneisyydessäsi ja se on saattanut vaikuttaa henkiseen ja fyysiseen tasapainoosi. Mutta nyt ajat muuttuvat parempaan suuntaan ja tulet viimein tuntemaan helpotusta ja tuntemaan olosi paremmaksi. </THE-HIGH-PRIESTESS-ONE >
<THE-EMPRESS-ONE >Tämä kortti osoittaa, että sinun on ehkä käytävä läpi vartaloon liittyviä ongelmia, erityisesti niskan ja kaulan alueella. Sinun on löydettävä yhteys vartalosi spirituaaliseen puoleen ymmärtääksesi kehosi tarpeita paremmin ja sitten mentävä fysioterapeutille tai aloitettava jooga palautuaksesi. </THE-EMPRESS-ONE >
<THE-EMPEROR-ONE >Tämä kortti osoittaa, että terveyteesi voi liittyä vakavampiakin ongelmia. Täsmällinen varovaisuus ja huoli ovat tarpeellisia kipujen lievittämiseksi. Tulet vahvistumaan ja onnistut taistelemaan sairautta vastaan mutta on suositeltua, että et laiminlyö vartaloasi taas. </THE-EMPEROR-ONE >
<THE-HIEROPHANT-ONE >Tämä kortti osoittaa, että sinun on kiinnitettävä huomiota terveyteesi enemmän kuin siihen, mitä teet nyt. Alhaisen ja korkean verenpaineen ongelmat, vakava yskä ja vilustuminen ovat riski. Säännölliset terveystarkastukset voivat parantaa tilaasi huomattavasti. </THE-HIEROPHANT-ONE >
<THE-LOVERS-ONE >Tämä kortti näyttää, että vartalosi on terveemmässä kunnossa nyt ja tunnet itsesi iloiseksi sen takia. Olet todennäköisesti dynaamisempi fyysisesti ja tulet vaikuttamaan aktiivisemmalta. Tulet ottamaan kehosi tarpeet vakavasti ja yrität rakentaa tasapainon hyvävointisen kehon ja mielen välille. </THE-LOVERS-ONE >
<THE-CHARIOT-ONE >Tämä kortti osoittaa, että olet syvästi sekaantunut työhösi ja muihin aktiviteetteihin, etkä pysty huolehtimaan kehosi tarpeista. Jos jatkat sitä, saatat sairastua kehosi ylikuormittumisen takia tai saatat tuntea itsesi todella levottomaksi henkisesti. Nyt on hyvä aika käydä lääkärillä tarkistusta varten ja lähteä rauhalliseen paikkaan viikonlopuksi. </THE-CHARIOT-ONE >
<STRENGTH-ONE >Tämä kortti osoittaa, että tulet olemaan terveytesi huipulla nyt. Vahvuuskortti merkitsee hilpeää mieltä fyysisesti ja henkisesti ja vaikka kehoosi liittyviä ongelmia on, tulet voittamaan ne helposti. Ympärilläsi olevat ihmiset rohkaisevat ja arvostavat tahdonvoimaasi sekä intoasi. </STRENGTH-ONE >
<THE-HERMIT-ONE >Tämä kortti osoittaa, että tulet tuntemaan olosi alhaiseksi ja laiminlyödyksi henkisesti ja tämä voi uuvuttaa sinut psyykkisesti. Vaivojen riski löytyy, joka saa sinut juoksemaan monilla eri lääkärikäynneillä. Mutta tämä ei tule kestämään kovin kauaa ja kohta asiat paranevat. </THE-HERMIT-ONE >
<WHEEL-OF-FORTUNE-ONE >Tämä kortti näyttää, että tunnet olosi hyvin epävakaaksi nyt ja töiden ja henkisten paineiden takia tulet tuntemaan olosi ylityöstetyksi ja stressaantuneeksi. Muutama negatiivinen ajatus saattaa vaivata sinua mutta tämä on vain vaihe ja se menee kohta ohi. </WHEEL-OF-FORTUNE-ONE >
<JUSTICE-ONE >Tämä kortti näyttää, että saatat käydä lääkärillä normaalia tarkastusta varten ja löytää vakavan ongelman. Tämä saattaa tulla yllätyksenä mutta lääkäri tulee olemaan tarpeeksi ammattimainen auttaakseen sinua pääsemään eroon tästä uudesta terveysongelmasta. </JUSTICE-ONE >
<THE-HANGED-MAN-ONE >Tämä kortti osoittaa, että tunnet itsesi levottomaksi ja ahdistuneeksi jostain. On aika antaa kehollesi ja mielellesi rauha ennen kuin se alkaa näyttää oireita sairaudesta ja se tulee myös auttamaan sinua pysymään poissa sellaisista tilanteista tai ihmisistä, jotka toivovat epäonneasi. </THE-HANGED-MAN-ONE >
<DEATH-ONE >Tämä kortti näyttää, että joku ympärilläsi tekee sinut hyvin onnettomaksi. Nyt tulet keskustelemaan jostain vakavasta sairaudesta. Sinun on pakotettava itsesi katsomaan asian valoisaa puolta ja vain tämä tulee auttamaan sinua pääsemään ympärilläsi tapahtuvien huonojen asioiden yli. Saat paljon rakkautta ja huolenpitoa perheeltäsi. </DEATH-ONE >
<TEMPERANCE-ONE >Tämä kortti osoittaa, että sinulla ei ole aikaa käydä lääkärissä kiireisen aikataulusi takia ja tämä voi johtaa ongelman suurenemiseen lähitulevaisuudessa. Sinun on kiinnitettävä huomiota terveyteesi ja asetettava se etusijalle käymällä lääkärissä ajoissa ja parantamalla itsesi. </TEMPERANCE-ONE >
<THE-DEVIL-ONE >Tämä kortti näyttää, että uupuneisuus ja pysyvä huoli saa sinut tuntemaan itsesi veteläksi ja väsyneeksi. Et ehkä ymmärrä sitä aluksi mutta lopulta huomaat, että työskentelet vähän liian paljon ja tämä saa sinut välttelemään muita asioita ja tulet tuntemaan olosi jatkuvasti stressaantuneeksi, joka voi johtaa pillerien syöntiin. </THE-DEVIL-ONE >
<THE-TOWER-ONE >Tämä kortti osoittaa, että tulet käymään läpi valitettavan tapauksen, joka voi johtaa sairaalakäynteihin. Tämän kaaoksen takia ajat tulevat olemaan stressaavia, mutta tulet selviytymään. Näinä aikoina saattaa myös olla perheenjäsen, joka auttaa sinua. </THE-TOWER-ONE >
<THE-STAR-ONE >Tämä kortti näyttää, että jokin tulee inspiroimaan uuden ajatuksen synnyn mielessäsi ja ystävän avulla tulet keksimään suunnitelman terveydellesi. Prosessi saattaa olla pitkävetinen ja saatat joutua käymään terveystarkastuksissa mutta tulet olemaan iloinen tästä valinnasta. </THE-STAR-ONE >
<THE-MOON-ONE >Tämä kortti osoittaa, että tulet kohtaamaan yleisiä terveysongelmia, jotka eivät vielä oireile tai oireilevat vähän. Nämä ongelmat saattavat vaikuttaa pieniltä mutta tulevat tarvitsemaan huomiosi, sillä ne saattavat pahentua laiminlyönnistä. Tulet myös kohtaamaan polvikipua ja selkäkipuja. </THE-MOON-ONE >
<THE-SUN-ONE >Tämä kortti näyttää, että tunnet itsesi epämotivoiduksi ja uupuneeksi. Nyt tulet analysoimaan itsesi kunnolla yrittäen selvittää, mikä on oikein ja mikä väärin. Mitään fyysisiä vaivoja ei ole. Tulet lukemaan enemmän jonkun läheisen terveysongelmista. </THE-SUN-ONE >
<JUDGEMENT-ONE >Tämä kortti osoittaa, että sinun on ehkä kohdattava fyysistä epävakautta stressin tai sopimattoman ruokavalion takia. Sinulla tulee olemaan huolia läheisen terveydestä ja tulet tekemään parhaasi auttaaksesi heitä. Monta sairaalakäyntiä tai lääkäriaikaa tulee viemään suuren osan ajastasi. </JUDGEMENT-ONE >
<THE-WORLD-ONE >Tämä kortti näyttää, että saatat kärsiä vaivasta tai vauriosta ja tulet toipumaan siitä. Tulet näkemään hitaan mutta varman paranemisen vaikka on riski, että tietynlainen harhaanjohtaminen saattaa johtaa ongelmiin. On suositeltavaa, että saat enemmän tietoa terveysongelmistasi ja teet mitä tarvitaan. </THE-WORLD-ONE >
<THE-FOOL-ONE >Tämä kortti osoittaa, että olet huolestunut terveydestäsi ja tulet käymään terveystarkastuksessa. Helmenvalkoisesi saattavat myös kaivata huomiota nyt, joten joudut käymään hammaslääkärillä. Saat tietää uusista parannustavoista ystävältä ja tulet olemaan valmis kokeilemaan näitä tapoja.</THE-FOOL-ONE >
</ROOT>
